group_id,n_terms,envelope_sigma,shots,terms_preview
0,276,10.888513810874883,213972.90158751025,XXXZZZZZZZZZZX;XXYZZZZZZZZZZY;XYXZZZZZZZZZZY;XYYZZZZZZZZZZX;XZZZZZZZZZZZXZ;IXXXZZZZZZZXYY;IXXYZZZZZZZYYY;IXYXZZZZZZZXYX
1,170,2.6020852139652106e-17,3.6502959709795287e-13,XZXXZZZZZZZZZX;XZXYZZZZZZZZZY;XZYXZZZZZZZZZY;XZYYZZZZZZZZZX;YZXXZZZZZZZZZY;YZXYZZZZZZZZZX;YZYXZZZZZZZZZX;YZYYZZZZZZZZZY
2,120,2.949029909160572e-17,6.511047264337628e-13,XZZXXZZZZZZZZX;XZZXYZZZZZZZZY;XZZYXZZZZZZZZY;XZZYYZZZZZZZZX;YZZXXZZZZZZZZY;YZZXYZZZZZZZZX;YZZYXZZZZZZZZX;YZZYYZZZZZZZZY
3,109,1.5612511283791264e-17,2.3629314784620783e-13,XZZZXXZZZZZZZX;XZZZXYZZZZZZZY;XZZZYXZZZZZZZY;XZZZYYZZZZZZZX;YZZZXXZZZZZZZY;YZZZXYZZZZZZZX;YZZZYXZZZZZZZX;YZZZYYZZZZZZZY
4,96,1.214306433183765e-17,2.091894856241914e-13,XZZZZXXZZZZZZX;XZZZZXYZZZZZZY;XZZZZYXZZZZZZY;XZZZZYYZZZZZZX;YZZZZXXZZZZZZY;YZZZZXYZZZZZZX;YZZZZYXZZZZZZX;YZZZZYYZZZZZZY
5,97,1.214306433183765e-17,1.7118859909578216e-13,XZZZZZXXZZZZZX;XZZZZZXYZZZZZY;XZZZZZYXZZZZZY;XZZZZZYYZZZZZX;YZZZZZXXZZZZZY;YZZZZZXYZZZZZX;YZZZZZYXZZZZZX;YZZZZZYYZZZZZY
6,92,3.903127820947816e-18,1.3135125022398261e-32,XZZZZZZXXZZZZX;XZZZZZZXYZZZZY;XZZZZZZYXZZZZY;XZZZZZZYYZZZZX;YZZZZZZXXZZZZY;YZZZZZZXYZZZZX;YZZZZZZYXZZZZX;YZZZZZZYYZZZZY
7,91,3.903127820947816e-18,1.3637881758715135e-14,XZZZZZZZXXZZZX;XZZZZZZZXYZZZY;XZZZZZZZYXZZZY;XZZZZZZZYYZZZX;YZZZZZZZXXZZZY;YZZZZZZZXYZZZX;YZZZZZZZYXZZZX;YZZZZZZZYYZZZY
8,93,20.832582246181303,256035.68406280057,XZZZZZZZZXXZZX;XZZZZZZZZXYZZY;XZZZZZZZZYXZZY;XZZZZZZZZYYZZX;YZZZZZZZZXXZZY;YZZZZZZZZXYZZX;YZZZZZZZZYXZZX;YZZZZZZZZYYZZY
9,93,3.2959746043559335e-17,5.101255312377622e-13,XZZZZZZZZZXXZX;XZZZZZZZZZXYZY;XZZZZZZZZZYXZY;XZZZZZZZZZYYZX;YZZZZZZZZZXXZY;YZZZZZZZZZXYZX;YZZZZZZZZZYXZX;YZZZZZZZZZYYZY
10,91,3.122502256758253e-17,5.204159982828118e-13,XZZZZZZZZZZXXX;XZZZZZZZZZZXYY;XZZZZZZZZZZYXY;XZZZZZZZZZZYYX;YZZZZZZZZZZXXY;YZZZZZZZZZZXYX;YZZZZZZZZZZYXX;YZZZZZZZZZZYYY
11,273,11.340090187060627,222867.38062738845,YXXZZZZZZZZZZY;YXYZZZZZZZZZZX;YYXZZZZZZZZZZX;YYYZZZZZZZZZZY;YZZZZZZZZZZZYZ;IXXXZZZZZZZXXX;IXXYZZZZZZZYXX;IXYXZZZZZZZXXY
12,171,21.401832601465223,269184.17107454786,ZXZZZZZZZZZZZX;ZYZZZZZZZZZZZY;IXXXYYZZZZZZZX;IXXXZZYYZZZZZX;IXXXZZZZYYZZZX;IXXXZZZZZZXXZX;IXXXZZZZZZYYZX;IXYYXXZZZZZZZX
13,89,1.1841040968543868,17625.376163167217,IXXXXYZZZZZZZY;IXXXYXZZZZZZZY;IXXXZZXYZZZZZY;IXXXZZYXZZZZZY;IXXXZZZZXYZZZY;IXXXZZZZYXZZZY;IXXXZZZZZZXYZY;IXXXZZZZZZYXZY
14,134,23.125000611953872,342893.9928146475,IXXXZXXZZZZZZX;IXXXZXYZZZZZZY;IXXXZYXZZZZZZY;IXXYZXXZZZZZZY;IXXYZXYZZZZZZX;IXXYZYXZZZZZZX;IXXYZYYZZZZZZY;IXYXZXXZZZZZZY
15,68,0.0986664014057177,1448.8619405710988,IXXXZZZXXZZZZX;IXXXZZZXYZZZZY;IXXYZZZXXZZZZY;IXXYZZZXYZZZZX;IXXYZZZYXZZZZX;IXXYZZZYYZZZZY;IXYXZZZXXZZZZY;IXYXZZZXYZZZZX
16,64,0.06290056105831043,422.10524827236856,IXXXZZZZZXXZZX;IXXXZZZZZXYZZY;IXXXZZZZZYXZZY;IXXYZZZZZXXZZY;IXXYZZZZZXYZZX;IXXYZZZZZYXZZX;IXXYZZZZZYYZZY;IXYXZZZZZXXZZY
17,121,6.114093983962134,116234.68893495998,IXXXZZZZZZZYXY;IXXXZZZZZZZYYX;IXXYZZZZZZZXXY;IXXYZZZZZZZXYX;IXYXZZZZZZZYXX;IXYXZZZZZZZYYY;IXYYZZZZZZZXXX;IXYYZZZZZZZXYY
18,128,11.634624724276831,201261.57056074252,IXXYXXZZZZZZZY;IXXYXYZZZZZZZX;IXXYYXZZZZZZZX;IXXYYYZZZZZZZY;IXXYZZZZZZZZYZ;IXYXXXZZZZZZZY;IXYXXYZZZZZZZX;IXYXYYZZZZZZZY
19,81,11.634624605483332,561252.6118018273,IXXYZZXXZZZZZY;IXXYZZXYZZZZZX;IXXYZZYXZZZZZX;IXXYZZYYZZZZZY;IXYXZZXXZZZZZY;IXYXZZXYZZZZZX;IXYXZZYYZZZZZY;IXZZXYXXZZZZZY
20,60,0.044769680942302534,1125.1133514402868,IXXYZZZZXXZZZY;IXXYZZZZXYZZZX;IXXYZZZZYXZZZX;IXXYZZZZYYZZZY;IXYXZZZZXXZZZY;IXYXZZZZXYZZZX;IXYXZZZZYYZZZY;IXZZXYZZXXZZZY
21,52,0.07338833210822854,1907.7381843327112,IXXYZZZZZZXXZY;IXXYZZZZZZXYZX;IXXYZZZZZZYXZX;IXXYZZZZZZYYZY;IXYXZZZZZZXXZY;IXYXZZZZZZXYZX;IXYXZZZZZZYXZX;IXYXZZZZZZYYZY
22,66,0.07227001459467776,1477.5176223498686,IXXZXZZZZZZZZX;IXXZYZZZZZZZZY;IXYZXZZZZZZZZY;IXYZYZZZZZZZZX;IXZZZZZZZXXZXZ;IXZZZZZZZXYZYZ;IXZZZZZZZYYZXZ;IZXXXZZZZZZZZX
23,117,0.9141355305234705,10125.16486068576,IXZXXXXZZZZZZX;IXZXXXYZZZZZZY;IXZXXYXZZZZZZY;IXZXXYYZZZZZZX;IXZXXZZZZZZZXZ;IXZYYXXZZZZZZX;IXZYYXYZZZZZZY;IXZYYYXZZZZZZY
24,63,6.210896229739632,115385.835975287,IXZXXZXXZZZZZX;IXZXXZXYZZZZZY;IXZXXZYXZZZZZY;IXZXXZYYZZZZZX;IXZXYZXXZZZZZY;IXZXYZXYZZZZZX;IXZXYZYXZZZZZX;IXZXYZYYZZZZZY
25,82,0.8108488880038796,930.1665442799675,IXZXXZZXXZZZZX;IXZXXZZXYZZZZY;IXZXXZZYXZZZZY;IXZXXZZYYZZZZX;IXZXYZZXXZZZZY;IXZXYZZXYZZZZX;IXZXYZZYXZZZZX;IXZXYZZYYZZZZY
26,56,0.11898511382352163,2565.1711149645676,IXZXXZZZXXZZZX;IXZXXZZZXYZZZY;IXZXXZZZYXZZZY;IXZXXZZZYYZZZX;IXZXYZZZXXZZZY;IXZXYZZZXYZZZX;IXZXYZZZYXZZZX;IXZXYZZZYYZZZY
27,92,0.4832753410256021,3060.305074623664,IXZXXZZZZXXZZX;IXZXXZZZZXYZZY;IXZXXZZZZYXZZY;IXZXXZZZZYYZZX;IXZXYZZZZXXZZY;IXZXYZZZZXYZZX;IXZXYZZZZYXZZX;IXZXYZZZZYYZZY
28,67,0.3212841353853312,2996.0714550898883,IXZXXZZZZZXXZX;IXZXXZZZZZXYZY;IXZXXZZZZZYXZY;IXZXXZZZZZYYZX;IXZXYZZZZZXXZY;IXZXYZZZZZXYZX;IXZXYZZZZZYXZX;IXZXYZZZZZYYZY
29,81,0.4802308646182341,9366.832904272756,IXZXXZZZZZZXXX;IXZXXZZZZZZXYY;IXZXXZZZZZZYXY;IXZXXZZZZZZYYX;IXZXYZZZZZZXXY;IXZXYZZZZZZXYX;IXZXYZZZZZZYXX;IXZXYZZZZZZYYY
30,106,1.0830364224577642,17124.15441119956,IXZXYXXZZZZZZY;IXZXYXYZZZZZZX;IXZXYYXZZZZZZX;IXZXYYYZZZZZZY;IXZXYZZZZZZZYZ;IXZYXXXZZZZZZY;IXZYXXYZZZZZZX;IXZYXYYZZZZZZY
31,101,0.6484468248454631,7259.0315612989425,IXZXZXZZZZZZZX;IXZXZYZZZZZZZY;IXZYZXZZZZZZZY;IXZYZYZZZZZZZX;IYXXXYZZZZZZZX;IYXXZXXZZZZZZY;IYXXZYXZZZZZZX;IYXYXXZZZZZZZX
32,54,0.009028046614579725,150.6478204934094,IXZZXXZXXZZZZX;IXZZXXZXYZZZZY;IXZZXYZXXZZZZY;IXZZXYZXYZZZZX;IXZZXYZYXZZZZX;IXZZXYZYYZZZZY;IXZZYXZXXZZZZY;IXZZYXZXYZZZZX
33,85,0.26192948831148094,6028.251697214396,IXZZXXZZZZYXZY;IXZZXXZZZZZXYY;IXZZXXZZZZZYYX;IXZZXYZZZZZXYX;IXZZXYZZZZZYYY;IXZZYXZZZZZXYX;IXZZYXZZZZZYYY;IXZZYYZZZZYXZY
34,85,0.08041668626181814,1750.1735656062997,IXZZXXZZZZZXXX;IXZZXXZZZZZYXY;IXZZXYZZZZZXXY;IXZZXYZZZZZYXX;IXZZYXZZZZZXXY;IXZZYXZZZZZYXX;IXZZYYZZZZZXXX;IXZZYYZZZZZYXY
35,83,0.4832748047945918,3060.305074623664,IXZZXYZZZXXZZY;IXZZXYZZZXYZZX;IXZZXYZZZYYZZY;IXZZYYZZZXXZZX;IXZZYYZZZXYZZY;IXZZYYZZZYYZZX;IYZYXZZZZXXZZX;IYZYXZZZZXYZZY
36,78,3.029236766571152,58787.527537306574,IXZZXZXZZZZZZX;IXZZXZYZZZZZZY;IXZZYZXZZZZZZY;IXZZYZYZZZZZZX;IYZXXXYZZZZZZX;IYZXXZXXZZZZZY;IYZXXZYXZZZZZX;IYZXYXXZZZZZZX
37,81,0.7075776256193682,7935.973466311689,IXZZYYZZYXZZZY;IXZZZXXZZZXXZX;IXZZZXXZZZYYZX;IXZZZXYZXXZZZY;IXZZZXYZYYZZZY;IXZZZYXZZZXXZY;IXZZZYXZZZYYZY;IXZZZYYZYYZZZX
38,41,0.17845312145480016,3008.3771302704295,IXZZZXXZXXZZZX;IXZZZXXZXYZZZY;IXZZZXXZYXZZZY;IXZZZXXZYYZZZX;IXZZZXYZXYZZZX;IXZZZXYZYXZZZX;IXZZZYXZXXZZZY;IXZZZYXZXYZZZX
39,42,0.2751042001735587,4973.097104055253,IXZZZXXZZZXYZY;IXZZZXXZZZYXZY;IXZZZXYZZZXXZY;IXZZZXYZZZXYZX;IXZZZXYZZZYXZX;IXZZZXYZZZYYZY;IXZZZYXZZZXYZX;IXZZZYXZZZYXZX
40,121,11.164652867856484,538572.2659969741,IXZZZXXZZZZYXY;IXZZZXXZZZZYYX;IXZZZXYZZZZYXX;IXZZZXYZZZZYYY;IXZZZYXZZZZYXX;IXZZZYXZZZZYYY;IXZZZYYZZZZYXY;IXZZZYYZZZZYYX
41,79,1.0603173531818861,3739.071462722875,IXZZZXZXZZZZZX;IXZZZXZYZZZZZY;IXZZZYZXZZZZZY;IXZZZYZYZZZZZX;IYZZXXXYZZZZZX;IYZZXYXXZZZZZX;IYZZYXYYZZZZZX;IYZZYYYXZZZZZX
42,50,0.010074231242691006,224.55248474761453,IXZZZZXXZXXZZX;IXZZZZXXZXYZZY;IXZZZZXXZYXZZY;IXZZZZXYZXXZZY;IXZZZZXYZXYZZX;IXZZZZXYZYXZZX;IXZZZZXYZYYZZY;IXZZZZYXZXXZZY
43,80,0.8777250381512823,7561.428838533767,IXZZZZXXZZZXXX;IXZZZZXXZZZXYY;IXZZZZXXZZZYXY;IXZZZZXXZZZYYX;IXZZZZXYZZZXXY;IXZZZZXYZZZXYX;IXZZZZXYZZZYXX;IXZZZZXYZZZYYY
44,72,1.7282110125351378,3718.8033989790683,IXZZZZXYXXZZZY;IXZZZZXYYYZZZY;IXZZZZYXXXZZZY;IXZZZZYXYYZZZY;IXZZZZZZXXZXYY;IXZZZZZZXXZYXY;IXZZZZZZXYZXYX;IXZZZZZZXYZYXX
45,78,6.170266494228028,74784.0048477101,IXZZZZXZXZZZZX;IXZZZZXZYZZZZY;IXZZZZYZXZZZZY;IXZZZZYZYZZZZX;IYZZZYXYXZZZZY;IYZZZYXYYZZZZX;IYZZZYYYXZZZZX;IYZZZYYYYZZZZY
46,48,1.734723475976807e-18,3.8323102419382954e-14,IXZZZZZXXXXZZX;IXZZZZZXXXYZZY;IXZZZZZXXYXZZY;IXZZZZZXXYYZZX;IXZZZZZXYXXZZY;IXZZZZZXYXYZZX;IXZZZZZXYYXZZX;IXZZZZZXYYYZZY
47,60,0.19192119836629076,2438.0285892428715,IXZZZZZXXZXXZX;IXZZZZZXXZXYZY;IXZZZZZXXZYXZY;IXZZZZZXXZYYZX;IXZZZZZXYZXXZY;IXZZZZZXYZXYZX;IXZZZZZXYZYXZX;IXZZZZZXYZYYZY
48,60,0.19497580451174074,2896.892321529051,IXZZZZZXXZZXXX;IXZZZZZXXZZXYY;IXZZZZZXXZZYXY;IXZZZZZXXZZYYX;IXZZZZZXYZZXXY;IXZZZZZXYZZXYX;IXZZZZZXYZZYXX;IXZZZZZXYZZYYY
49,75,1.2008108713739185,6742.883032602907,IXZZZZZXZXZZZX;IXZZZZZXZYZZZY;IXZZZZZYZXZZZY;IXZZZZZYZYZZZX;IYZZZZXXXYZZZX;IYZZZZYYYXZZZX;IYZZZZZXZXZZZY;IYZZZZZXZYZZZX
50,59,1.7282110125351375,3665.1474008842497,IXZZZZZZXXZXXX;IXZZZZZZXXZYYX;IXZZZZZZXYZXXY;IXZZZZZZXYZYYY;IXZZZZZZYXZXXY;IXZZZZZZYXZYYY;IXZZZZZZYYZXXX;IXZZZZZZYYZYYX
51,59,5.803692770857953,235536.07094659927,IXZZZZZZXYXXZY;IXZZZZZZXYYYZY;IXZZZZZZYXXXZY;IXZZZZZZYXYYZY;IYXXYXZZZZZZZX;IYXXZXYZZZZZZX;IYXXZZYXZZZZZX;IYXZYZZZZZZZZX
52,55,0.23380544118367586,3000.9915362969155,IXZZZZZZXZXZZX;IXZZZZZZXZYZZY;IXZZZZZZYZXZZY;IXZZZZZZYZYZZX;IYZZZZZZXXYXZX;IYZZZZZZXZXZZY;IYZZZZZZXZYZZX;IYZZZZZZYYXYZX
53,66,0.062483522921111395,194.9034795983412,IXZZZZZZZXXXXX;IXZZZZZZZXXXYY;IXZZZZZZZXXYXY;IXZZZZZZZXXYYX;IXZZZZZZZXYXXY;IXZZZZZZZXYXYX;IXZZZZZZZXYYXX;IXZZZZZZZXYYYY
54,69,0.2766543168411886,4082.12030826968,IXZZZZZZZXZXZX;IXZZZZZZZXZYZY;IXZZZZZZZYZXZY;IXZZZZZZZYZYZX;IYZZZZZZXXXYZX;IYZZZZZZYYYXZX;IYZZZZZZZXZXZY;IYZZZZZZZXZYZX
55,74,0.28958451585178896,4651.273735692492,IXZZZZZZZZXZXX;IXZZZZZZZZXZYY;IXZZZZZZZZYZXY;IXZZZZZZZZYZYX;IYZZZZZZZZXZXY;IYZZZZZZZZXZYX;IYZZZZZZZZYZXX;IYZZZZZZZZYZYY
56,69,6.113446412407863,75005.99634675655,IYXXZYYZZZZZZY;IYXXZZXYZZZZZX;IYXXZZZXXZZZZY;IYXYZYYZZZZZZX;IYYXZYYZZZZZZX;IYYXZZZXXZZZZX;IYYYZYYZZZZZZY;IYYYZZXYZZZZZX
57,66,11.442533009198241,551976.7533624239,IYXXZZZXYZZZZX;IYXXZZZYXZZZZX;IYXXZZZYYZZZZY;IYXYZZZYXZZZZY;IYXYZZZYYZZZZX;IYYXZZZXYZZZZY;IYYXZZZYXZZZZY;IYYXZZZYYZZZZX
58,63,0.06290056105831043,422.10524827236856,IYXXZZZZZXXZZY;IYXXZZZZZXYZZX;IYXXZZZZZYXZZX;IYXXZZZZZYYZZY;IYXYZZZZZXXZZX;IYXYZZZZZYXZZY;IYXYZZZZZYYZZX;IYYXZZZZZXXZZX
59,48,0.09255265439826318,2077.4877086770202,IYXXZZZZZZXYZX;IYXXZZZZZZYXZX;IYXYZZZZZZXXZX;IYXYZZZZZZYYZX;IYYXZZZZZZXXZX;IYYXZZZZZZYYZX;IYYYZZZZZZXYZX;IYYYZZZZZZYXZX
60,34,0.5097689193741006,11913.323902437425,IYXYYYZZZZZZZX;IYXYZZXXZZZZZX;IYXYZZYYZZZZZX;IYYXXXZZZZZZZX;IYYXYYZZZZZZZX;IYYXZZXXZZZZZX;IYYXZZYYZZZZZX;IYZZXYYXZZZZZY
61,50,3.0566722644195288,37292.97635027722,IYXZXZZZZZZZZY;IYYXZXXZZZZZZX;IYYYXYZZZZZZZX;IYYYZZYXZZZZZX;IYYZXZZZZZZZZX;IYZZZZXYZZZZXZ;IYZZZZZXXZZZYZ;IZXZZZZZXYZZZY
62,74,0.3785370664588663,1314.5034351219224,IYYXZXYZZZZZZY;IYYXZYXZZZZZZY;IYYYZXYZZZZZZX;IYZXYYXZZZZZZY;IYZXYYYZZZZZZX;IYZYYXYZZZZZZX;IYZYYYYZZZZZZY;IYZZZZZXYZZZXZ
63,120,0.7373004841463047,3888.9901694007044,IYYYYXZZZZZZZX;IYZXXYYZZZZZZY;IYZXXZZZZZZZYZ;IYZYYZXYZZZZZX;IYZYYZZZZZZZYZ;IYZZZYYZZXXZZY;IYZZZYYZZYYZZY;IYZZZZZZZXXZYZ
64,66,3.0882442869430666,60797.23692602998,IYYZYZZZZZZZZY;IYZXYZZZZZZZXZ;IYZYXYYZZZZZZX;IYZYXZYYZZZZZX;IYZZYYZZZZZXXY;IYZZZYXZZXYZZY;IYZZZYXZZYXZZY;IYZZZZZZZXYZXZ
65,82,0.7357991740511176,3350.5254281269595,IYZYXXYZZZZZZY;IYZYXZXXZZZZZX;IYZYXZYXZZZZZY;IYZYXZZZZZZZXZ;IYZZZXXZZXYZZX;IYZZZXXZZYXZZX;IYZZZXYZZXYZZY;IYZZZXYZZYXZZY
66,65,2.9685549392741963,56407.46868635179,IYZYXZXYZZZZZY;IYZYYZXXZZZZZY;IYZYYZYXZZZZZX;IYZYYZYYZZZZZY;IYZZZZZZZZXXYZ;IYZZZZZZZZYYYZ;XXIYZZZZZZZZYZ;XYYZZZZZZZXYYI
67,70,3.0884378559042123,39553.50192598965,IYZZXXZZZZZXXY;IYZZXYZZZZZXXX;IYZZYXZZZZZXXX;IYZZZZYXZZZZXZ;IZYZXYZZZZZZZX;XXIXZZZZZZZZXZ;XXYZZZXXZZZZYI;XXYZZZYYZZZZYI
68,117,0.8113066365909434,7371.079170662842,IYZZZXXYYZZZZY;IYZZZXXZZXXZZY;IYZZZXXZZYYZZY;IYZZZXYYYZZZZX;IYZZZXYZZXXZZX;IYZZZXYZZYYZZX;IYZZZYXZZXXZZX;IYZZZYXZZYYZZX
69,90,0.3471752352160737,5917.63439643006,IYZZZXYYXZZZZY;IYZZZYXXYZZZZY;IYZZZYYXYZZZZX;IYZZZYYZZXYZZX;IYZZZYYZZYXZZX;IZXZZYXZZZZZZY;IZXZZYYZZZZZZX;XXIXZXXZZZZZZX
70,78,0.369055333992982,2054.51945936798,IYZZZZXYZZXXZX;IYZZZZXYZZXYZY;IYZZZZXYZZYXZY;IYZZZZXYZZYYZX;IYZZZZYXZZXYZY;IYZZZZYXZZYXZY;IZXZZZZZZZXXZX;IZXZZZZZZZYXZY
71,139,1.1846459117692156,1515.4830109952677,IZXYXZZZZZZZZY;IZXYYZZZZZZZZX;IZXZXYZZZZZZZY;IZXZYYZZZZZZZX;IZYYXZZZZZZZZX;IZYYYZZZZZZZZY;XXZYZZZZZZZZYI;XYIYZZZZZZZZXZ
72,42,6.033114172004979,90291.62618528555,IZXZZZXYZZZZZY;IZXZZZYYZZZZZX;IZYZZZXXZZZZZY;IZYZZZXYZZZZZX;IZYZZZYXZZZZZX;IZYZZZYYZZZZZY;XXZXZZZZZZZZXI;XZXIYZXXZZZZZY
73,148,0.4465307034575701,1143.7246597058022,IZXZZZZXXZZZZX;IZXZZZZYXZZZZY;IZXZZZZYYZZZZX;IZYZZZZXXZZZZY;IZYZZZZXYZZZZX;IZYZZZZYXZZZZX;IZYZZZZYYZZZZY;XZXIYZZXXZZZZY
74,132,1.2837005585737606,2365.2576049984286,IZXZZZZZYXZZZY;IZXZZZZZZXYZZY;IZXZZZZZZYYZZX;IZYZZZZZYXZZZX;IZYZZZZZYYZZZY;IZYZZZZZZXYZZX;IZYZZZZZZYYZZY;XZXIYZZZYXZZZX
75,56,0.5068189347662693,7715.650011207017,IZXZZZZZZXXZZX;IZXZZZZZZZZXXX;IZXZZZZZZZZYYX;IZYZZZZZXXZZZY;IZYZZZZZZXXZZY;IZYZZZZZZZZXXY;IZYZZZZZZZZYYY;XXXYIXZZZZZZZY
76,171,16.93859868413561,414954.26525572804,IZXZZZZZZZZXYY;IZXZZZZZZZZYXY;IZYZZZZZZZZXYX;IZYZZZZZZZZYXX;XXXIZZZZZZZZZX;XXXZXIXZZZZZZX;XXXZYIYZZZZZZX;XXXZZXIXZZZZZX
77,84,0.22339634110291762,3088.5355328309197,IZYZZZZZZZXXZY;IZYZZZZZZZYXZX;IZYZZZZZZZYYZY;XXIYZZZZZZXXZY;XXIYZZZZZZXYZX;XXIYZZZZZZYXZX;XXIYZZZZZZYYZY;XXYYXZZZZZZZXI
78,76,1.7524628882038065,4480.877457839907,IZZXZZZZZZZZZX;IZZYZZZZZZZZZY;XXIXXYZZZZZZZY;XXIXYXZZZZZZZY;XXIXZZXYZZZZZY;XXIXZZYXZZZZZY;XXIXZZZZXYZZZY;XXIXZZZZYXZZZY
79,151,1.7286054260637027,6239.438943420851,XXIXXXZZZZZZZX;XXIXYYZZZZZZZX;XXIXZZXXZZZZZX;XXIXZZYYZZZZZX;XXIXZZZZXXZZZX;XXIXZZZZYYZZZX;XXIXZZZZZZZXXX;XXIXZZZZZZZYYX
80,70,11.517272479453236,555582.2512580224,XXIXZZZXXZZZZX;XXIXZZZXYZZZZY;XXIXZZZYXZZZZY;XXIXZZZYYZZZZX;XXIYZZZYXZZZZX;XXIYZZZYYZZZZY;XXXZXXZZZZZZXI;XXXZXYZZZZZZYI
81,96,0.18463734197336693,4540.009425551507,XXIXZZZZZXXZZX;XXIXZZZZZXYZZY;XXIXZZZZZYXZZY;XXIXZZZZZYYZZX;XXIYZZZZZXYZZX;XXIYZZZZZYXZZX;XXIYZZZZZYYZZY;XXXZZYYZZZZZXI
82,98,0.5920520484271932,1087.8908473062997,XXIZXZZZZZZZZX;XXIZYZZZZZZZZY;XXXZZZYXZZZZYI;XXXZZZZYYZZZXI;XXYZZXXZZZZZYI;XXYZZZYXZZZZXI;XXYZZZZYYZZZYI;XYZIXZZZZZZZZY
83,110,0.6489859795310383,4766.019836736607,XXXXIXZZZZZZZX;XXXXYZZZZZZZYI;XXXZZZZZZZXIXX;XXYYIYZZZZZZZY;XXYZZXYZZZZZXI;XXYZZZXIXZZZZY;XYXYIYZZZZZZZY;XYXZZXYZZZZZXI
84,73,0.45324621203371296,7726.2548700275065,XXXYIYZZZZZZZX;XXXYXZZZZZZZYI;XXXYYZZZZZZZXI;XXYXIXZZZZZZZY;XXYXXZZZZZZZYI;XXYXYZZZZZZZXI;XYXXIXZZZZZZZY;XYXXIYZZZZZZZX
85,102,2.984260726245247,48149.17990847421,XXXZZYIXZZZZZY;XXXZZZXIYZZZZY;XXXZZZZZYIXZZY;XXXZZZZZZXIYZY;XXXZZZZZZYIXZY;XXXZZZZZZZXIYY;XXYZZXIYZZZZZX;XXYZZYIXZZZZZX
86,99,0.2760070582845903,1944.6208355316464,XXXZZZXIXZZZZX;XXXZZZZYIYZZZX;XXXZZZZYXZZZYI;XXYZZYXZZZZZXI;XXYZZZYIYZZZZY;XXYZZZZXYZZZXI;XYXZZYIYZZZZZY;XYXZZZZXYZZZXI
87,57,3.121278272977722,40102.39605803381,XXXZZZZYIXZZZY;XXXZZZZZXIYZZY;XXXZZZZZXXZZXI;XXYZXXZZZZZZYI;XXYZZZZXXZZZYI;XXYZZZZZZXXZYI;XYXZYYZZZZZZYI;XYXZZZZZZXXZYI
88,101,0.5828306145775873,7897.236319488322,XXXZZZZZZXIXZX;XXXZZZZZZXXZXI;XXXZZZZZZXYZYI;XXYZZZZXIXZZZY;XXYZZZZZZYXZXI;XXYZZZZZZYYZYI;XYXZZZZXIXZZZY;XYXZZZZZZYXZXI
89,46,0.09440376941630112,1380.0503925551527,XXXZZZZZZYXZYI;XXXZZZZZZYYZXI;XXYZZZYIXZZZZX;XXYZZZZXIYZZZX;XYIYZZZZXXZZZX;XYYZZZZZZZYYXI;XZXXZZZYIXZZZY;XZYXZZZZZZXIYX
90,78,6.242622499128405,91481.83921574021,XXXZZZZZZZZIZX;XXYZZZZYIYZZZY;XXYZZZZYXZZZXI;XXYZZZZZXYZZXI;XXYZZZZZYYZZYI;XYXZZZZZXYZZXI;XYYIZZZZZZZZZX;XYYZYIYZZZZZZX
91,71,6.09971879507155,82894.8601628425,XXXZZZZZZZZXIZ;XXYZZZZZXXZZYI;XXYZZZZZYXZZXI;XXYZZZZZZYIYZY;XYIYZZZZZYYZZX;XZXIXXXZZZZZZX;XZXIXYYZZZZZZX;XZXIXZZZZXXZZX
92,71,0.14411616670397434,2843.272922237749,XXYZZZZYIXZZZX;XXYZZZZZXIYZZX;XXZIXZZZZZZZZX;XYIXXYZZZZZZZX;XYIXZZXYZZZZZX;XYIXZZZZZZZXYX;XYIXZZZZZZZYXX;XYYZZZYIXZZZZY
93,71,5.803692770857953,235534.92140895533,XXYZZZZZZXIXZY;XXYZZZZZZXYZXI;XYIXZZZZXYZZZX;XYIYZZZZYYZZZX;XYXZZZZXIYZZZX;XYYZXYZZZZZZYI;XYYZYXZZZZZZYI;XYYZZZYXZZZZYI
94,70,0.5097689193741008,6866.653135444159,XXYZZZZZZZZIZY;XXZIYZZZZZZZZY;XYIXYYZZZZZZZY;XYIXZYYZZZZZZY;XYIXZZYYZZZZZY;XYIXZZZZXXZZZY;XYIXZZZZYYZZZY;XYXZZZZZZZXXYI
95,71,0.369055333992982,4485.120601106667,XYIXXXZZZZZZZY;XYIXZXXZZZZZZY;XYIXZZXXZZZZZY;XYIXZZZXXZZZZY;XYIXZZZZZXXZZY;XYIXZZZZZYYZZY;XYIXZZZZZZZXXY;XYIXZZZZZZZYYY
96,50,0.8044469790445634,9308.69616317773,XYIXZXYZZZZZZX;XYIXZZZXYZZZZX;XYIXZZZZZXYZZX;XYIYYXZZZZZZZY;XYIYZXYZZZZZZY;XYIYZZYXZZZZZY;XYIYZZZXYZZZZY;XYIYZZZZYXZZZY
97,49,1.6424546989205102,19001.060149464123,XYIXZZZZZZXXZY;XYIXZZZZZZYYZY;XYIYYYZZZZZZZX;XYIYZYYZZZZZZX;XYIYZZYYZZZZZX;XYIYZZZYYZZZZX;XYIYZZZZZZXXZX;XYIYZZZZZZYYZX
98,67,11.512004933412246,467201.96591216023,XYIYXYZZZZZZZY;XYIYZYXZZZZZZY;XYIYZZXYZZZZZY;XYIYZZZYXZZZZY;XYIYZZZZXYZZZY;XYIYZZZZZYXZZY;XYIYZZZZZZXYZY;XYIYZZZZZZZYXY
99,130,3.005786525234829,57042.68295722596,XYIZYZZZZZZZZX;XYXIZZZZZZZZZY;XYXZYIYZZZZZZY;XYXZZXIXZZZZZY;XYXZZZZZXIXZZY;XYXZZZZZZYIYZY;XYXZZZZZZZXIXY;XZXIYZZZZZZYYY
100,104,6.02243843060428,74706.12107457625,XYXZXIXZZZZZZY;XYXZXIYZZZZZZX;XYYZXIYZZZZZZY;XZXIXZXYZZZZZY;XZXIXZYYZZZZZX;XZXXZZXIYZZZZY;XZXXZZYIYZZZZX;XZXYZZXIXZZZZY
101,38,3.1212779177285075,59649.04562984319,XYXZZZXXZZZZYI;XYYXIYZZZZZZZY;XYYZZXXZZZZZXI;XZXIXZZZZZZXXX;XZXIYZZZZZZYXX;XZXXZZZZZZXIXX;XZXYZZZYIYZZZY;XZYYZZZZZZYIYX
102,127,0.34698997531647197,4607.252208581305,XYXZZZZZXIYZZX;XYXZZZZZZXYZXI;XYYZZZXYZZZZYI;XZXIXZZZXYZZZY;XZXIXZZZYYZZZX;XZYXZZXIXZZZZY;XZZYXZZZZYYZYI;XZZZZXYZXIYZZX
103,50,0.2691273877886139,4848.702946636251,XYYZXXZZZZZZXI;XYYZZZZZZYYZXI;XZXIXZXXZZZZZX;XZXIXZZXXZZZZX;XZXIXZZYXZZZZY;XZZYIYZZZZZZXZ;XZZZZZYIYZZZXZ;YXXZXXZZZZZZYI
104,94,0.3273914620001782,5087.8052754699775,XYYZZXIXZZZZZX;XYYZZZYIYZZZZX;XYYZZZZXIXZZZX;XYYZZZZZYIYZZX;XZXIXZZZZZYXZY;XZXIXZZZZZZXYY;XZXIYZZZZZYYZY;XZXYZZZZZZYIYY
105,56,3.002956572113661,36080.07792901326,XYYZZZZZXIXZZX;XYYZZZZZXYZZYI;XZXIXYXZZZZZZY;XZXIXZZZYXZZZY;XZXIXZZZZZXYZY;XZXIYZZZXYZZZX;XZXIYZZZZZYXZX;XZXYYIYZZZZZZY
106,129,11.634624605483333,181956.89677621427,XYYZZZZZZYIYZX;XZXIXZZXYZZZZY;XZXIXZZZXXZZZX;XZXIYZZZZYXZZX;XZXXZXIYZZZZZY;XZXYZYIYZZZZZY;XZYIYZZZZYXZZY;XZYXZXIYZZZZZX
107,91,0.6937583473791438,6054.726071987365,XZXIXZZZZXYZZY;XZXIXZZZZYXZZY;XZXIXZZZZZZYXY;XZXIYYXZZZZZZX;XZXIYZZZZZZXYX;XZXYXIYZZZZZZX;XZYIXZZZZXYZZX;XZYIXZZZZZZYXX
108,101,0.4843058608340767,4474.938246374981,XZXIXZZZZZXXZX;XZXIXZZZZZYYZX;XZXIYXXZZZZZZY;XZXIYYYZZZZZZY;XZXIYZZZXXZZZY;XZXIYZZZZZXXZY;XZYIXYYZZZZZZY;XZYIXZZZZZYYZY
109,112,0.6663982366318761,3399.5056013369945,XZXIXZZZZZZYYX;XZXIYZZZZXXZZY;XZXIYZZZZZZXXY;XZXXZZZZZXIYZY;XZXXZZZZZZYIXY;XZXYYIXZZZZZZX;XZXYZZZZZYIXZX;XZXYZZZZZZXIYX
110,72,6.086137511189154,138551.05609724668,XZXIYZZZZZXYZX;XZXIZXZZZZZZZX;XZXXXIXZZZZZZX;XZXXZZYIXZZZZY;XZYIYZZZXYZZZY;XZYIYZZZZZXYZY;XZYIYZZZZZYXZY;XZYIZXZZZZZZZY
111,76,3.0166019090155496,45172.30285744119,XZXIZYZZZZZZZY;XZXXYIXZZZZZZY;XZXYXIXZZZZZZY;XZXZIYZZZZZZZY;XZYIZYZZZZZZZX;XZYYXIXZZZZZZX;XZYZIYZZZZZZZX;XZZXXZZYXZZZYI
112,164,3.0097741575062273,48494.38395160837,XZXXZXIXZZZZZX;XZXXZYIYZZZZZX;XZXXZZXIXZZZZX;XZXXZZZZXIXZZX;XZXXZZZZZXIXZX;XZXXZZZZZYIYZX;XZXYZZZZXIXZZY;XZXYZZZZZXIXZY
113,88,0.9753348894545083,3461.715327456164,XZXXZZZXIXZZZX;XZXXZZZXIYZZZY;XZXXZZZYIYZZZX;XZXYZZZXIXZZZY;XZXYZZZXIYZZZX;XZXYZZZYIXZZZX;XZYIXZZZZZZZYZ;XZZZYXZZZZZYIZ
114,72,2.73628635904247,44067.684439851706,XZXXZZZZXIYZZY;XZXXZZZZYIYZZX;XZXYZZYIYZZZZY;XZXYZZZZXIYZZX;XZXYZZZZYIYZZY;XZYXZZZZXIYZZX;XZYYZZZZXIYZZY;XZZZXXZZZZZXIZ
115,74,0.0846323744553418,1451.4988038356505,XZXXZZZZZYIXZY;XZXXZZZZZZXIYY;XZXYZXIYZZZZZX;XZXYZYIXZZZZZX;XZXYZZXIYZZZZX;XZXYZZZZYIXZZX;XZXYZZZZZXIYZX;XZYXZZZZYIXZZX
116,83,0.11723752706897733,1986.2631975928387,XZXXZZZZZZYIYX;XZXYZZZZZZYIXX;XZXZIXZZZZZZZX;XZYXZZZZZZYIYY;XZYYZZZZZZYIXY;XZYZIXZZZZZZZY;XZZXXZZZXXZZXI;XZZYXZZZXXZZYI
117,68,3.049859425859166,58541.11399090068,XZXYZZZZZZZYIZ;XZYIXZXXZZZZZY;XZYIXZZZZZZXXY;XZYXZZZXIYZZZX;XZZXYZZZZXIXZY;XZZYIXXXZZZZZY;XZZYIXZZXXZZZY;XZZYIXZZZZZXXY
118,229,5.53286308635793,88106.9134701433,XZYXZZZXIXZZZY;XZYYZZZYIXZZZY;XZYYZZZYIYZZZX;XZZXYZZYIYZZZY;XZZYYZZXIXZZZX;XZZYYZZXIYZZZY;XZZZXIXZXXZZZX;XZZZXIXZXYZZZY
119,60,0.08874922003890494,1139.871960951854,XZYYZZZZYXZZYI;XZZXIXXXZZZZZX;XZZXIXXYZZZZZY;XZZXIXYXZZZZZY;XZZXIXYYZZZZZX;XZZXIYXXZZZZZY;XZZXIYXYZZZZZX;XZZXIYYXZZZZZX
120,56,0.08125938368998153,2749.1811945356603,XZZXIXZXXZZZZX;XZZXIXZXYZZZZY;XZZXIXZYXZZZZY;XZZXIXZYYZZZZX;XZZXIYZYXZZZZX;XZZXIYZYYZZZZY;XZZXXZZZZXYZYI;XZZXXZZZZZYXYI
121,78,5.691543371603485,85100.37049396097,XZZXIXZZXXZZZX;XZZXIXZZXYZZZY;XZZXIXZZYXZZZY;XZZXIYZZXXZZZY;XZZXIYZZXYZZZX;XZZXIYZZYXZZZX;XZZYIXZZXYZZZX;XZZYIXZZYYZZZY
122,67,0.05584908527572942,899.8229839844372,XZZXIXZZZXXZZX;XZZXIXZZZXYZZY;XZZXIXZZZYXZZY;XZZXIXZZZYYZZX;XZZXIYZZZXYZZX;XZZXIYZZZYXZZX;XZZYIXZZZXXZZY;XZZYIXZZZXYZZX
123,70,0.17246508715915615,4178.062968211175,XZZXIXZZZZXXZX;XZZXIXZZZZXYZY;XZZXIXZZZZYXZY;XZZXIXZZZZYYZX;XZZXIYZZZZXXZY;XZZXIYZZZZXYZX;XZZXIYZZZZYXZX;XZZXIYZZZZYYZY
124,108,0.2646478271266486,4587.762396237679,XZZXIXZZZZZXXX;XZZXIXZZZZZXYY;XZZXIXZZZZZYXY;XZZXIXZZZZZYYX;XZZXIYZZZZZXXY;XZZXIYZZZZZXYX;XZZXIYZZZZZYXX;XZZXIYZZZZZYYY
125,92,3.0846515884208863,57352.76239358553,XZZXIZXZZZZZZX;XZZXIZYZZZZZZY;XZZXXZXIYZZZZY;XZZXYZXIXZZZZY;XZZXYZYIXZZZZX;XZZYIZYZZZZZZX;XZZYXZXIYZZZZX;XZZYYZXIXZZZZX
126,68,0.5509271164068896,4365.177363944095,XZZXXYIXZZZZZY;XZZXXYIYZZZZZX;XZZXXZZYIYZZZX;XZZXXZZZZZZXIZ;XZZYIXXYZZZZZX;XZZYXZZZZZZYZI;XZZZZYIXZZXXZY;XZZZZYIYZZXXZX
127,61,0.1386644825635271,2095.938864065501,XZZXXZXIXZZZZX;XZZXXZZZXIXZZX;XZZXXZZZYIXZZY;XZZXYZXIYZZZZX;XZZXYZZZXIXZZY;XZZXYZZZYIXZZX;XZZYXZXIXZZZZY;XZZYXZZZXIXZZY
128,84,3.0361215737215863,40253.566001820865,XZZXXZZYIXZZZY;XZZXXZZZXIYZZY;XZZXXZZZZXIYZY;XZZXXZZZZZYIXY;XZZXYXIYZZZZZX;XZZXYZZZXIYZZX;XZZXYZZZZXIYZX;XZZXYZZZZZYIXX
129,174,0.6651045492203012,1383.5522690358202,XZZXXZZZYIYZZX;XZZXXZZZZXIXZX;XZZXXZZZZZYIYX;XZZXYYIYZZZZZY;XZZXYZZZYIYZZY;XZZXYZZZZYIYZY;XZZXYZZZZZYIYY;XZZYXXIXZZZZZY
130,77,3.0101451771049215,39823.843567893644,XZZXXZZZZYIXZY;XZZXXZZZZZXIYY;XZZXYYIXZZZZZX;XZZXYZZZZYIXZX;XZZXYZZZZZXIYX;XZZYXZZXIYZZZX;XZZYXZZZZYIXZX;XZZYXZZZZZXIYX
131,45,0.06413017711515076,604.9747574513372,XZZXXZZZZZXIXX;XZZXYZZZZZXIXY;XZZYXZZXIXZZZY;XZZYXZZZZZXIXY;XZZYYZZZZZXIXX;XZZZZXYZXXZZYI;XZZZZYXZXXZZYI;XZZZZYYXYZZZYI
132,79,2.7117214331111232,48661.15046977133,XZZXZIXZZZZZZX;XZZXZIYZZZZZZY;XZZYIXYYZZZZZY;XZZYIYXXZZZZZX;XZZYIYYXZZZZZY;XZZYXZZZZXXZYI;XZZZXIXZYYZZZX;XZZZXIXZZZYYZX
133,66,6.033164990405146,79068.83218972888,XZZYIXZXXZZZZY;XZZYIXZXYZZZZX;XZZYIYZXXZZZZX;XZZYIYZXYZZZZY;XZZYIYZYXZZZZY;XZZYIYZYYZZZZX;XZZYXZZZZZYYYI;XZZZZZZZZYXYIZ
134,77,0.08003940833730956,2299.5099691487276,XZZYIXZZZZXXZY;XZZYIXZZZZXYZX;XZZYIXZZZZYXZX;XZZYIXZZZZYYZY;XZZYIYZZZZXXZX;XZZYIYZZZZXYZY;XZZYIYZZZZYXZY;XZZYIYZZZZYYZX
135,82,0.24910977481095037,2068.8153517093842,XZZYIYXYZZZZZY;XZZYIYYYZZZZZX;XZZZXIXXXZZZZX;XZZZXIXYXZZZZY;XZZZXIYXXZZZZY;XZZZXIYYXZZZZX;XZZZXYZZXXZZYI;XZZZXYZZZXXZYI
136,90,5.810855835443397,148021.72842031054,XZZYXZZZZZZYIZ;XZZYZIXZZZZZZY;XZZYZIYZZZZZZX;XZZZXIXXYZZZZY;XZZZXIXZYXZZZY;XZZZXIXZZXYZZY;XZZZXIXZZZZXYY;XZZZXIYXYZZZZX
137,98,6.2425918720147875,79766.79784385703,XZZZXIXYYZZZZX;XZZZXIXZZXXZZX;XZZZXIXZZYYZZX;XZZZXIXZZZZXXX;XZZZXIXZZZZYYX;XZZZXIYYYZZZZY;XZZZXIYZZXXZZY;XZZZXIYZZYYZZY
138,156,6.256218269325951,117055.87652387972,XZZZXIXZZYXZZY;XZZZXIXZZZXYZY;XZZZXIXZZZZYXY;XZZZXIYZXYZZZX;XZZZXIYZZYXZZX;XZZZXIYZZZXYZX;XZZZXIYZZZZYXX;XZZZXXXIXZZZZX
139,56,0.1139723663964678,1289.0999635698552,XZZZXIXZZZXXZX;XZZZXIXZZZYXZY;XZZZXIYZZZXXZY;XZZZXIYZZZYXZX;XZZZXXZYXZZZYI;XZZZXXZZXYZZYI;XZZZXXZZYYZZXI;XZZZXYZYXZZZXI
140,142,3.1371402330396885,46912.17892423003,XZZZXIYZXXZZZY;XZZZXIZYZZZZZY;XZZZXXZYIYZZZX;XZZZXXZZYIYZZX;XZZZXXZZZZYIYX;XZZZXYYIYZZZZY;XZZZXYZXIXZZZY;XZZZYIYZXXZZZX
141,50,0.2686487051253143,1050.5900882451501,XZZZXIZXZZZZZX;XZZZXXYIYZZZZX;XZZZXXZZXIYZZY;XZZZXXZZXXZZXI;XZZZXYZXXZZZYI;XZZZXYZZYIYZZY;XZZZZZYYZYIXZY;XZZZZZZXIXXXZX
142,69,0.108766100959821,2496.0049642156655,XZZZXXXIYZZZZY;XZZZXXZYIXZZZY;XZZZXXZZYIXZZY;XZZZXYXIYZZZZX;XZZZXYZXIYZZZX;XZZZXYZYIXZZZX;XZZZXYZZYIXZZX;XZZZXYZZZZXIYX
143,66,0.8505924906312886,1456.2472954336183,XZZZXXZXIXZZZX;XZZZXXZZXIXZZX;XZZZXXZZZXIXZX;XZZZXYZZXIXZZY;XZZZYXXIXZZZZY;XZZZYXZXIXZZZY;XZZZYXZZXIXZZY;XZZZYXZZZZXIXY
144,46,0.28921625827174013,4216.400591714081,XZZZXXZZYXZZYI;XZZZXXZZZYIXZY;XZZZXXZZZZYIXY;XZZZXYZZXIYZZX;XZZZXYZZZXIYZX;XZZZYIXZZZZYXX;XZZZZZYIXZYXZX;YXYZZZXXZZZZXI
145,89,0.329873885993291,2759.5036682973728,XZZZXYZZZYIYZY;XZZZXYZZZZYIYY;XZZZXZIYZZZZZY;XZZZYIYYXZZZZY;XZZZYIYZXYZZZY;XZZZYIYZZZZYXY;XZZZYYZZZZYIYX;XZZZYZIYZZZZZX
146,96,0.24217000725496513,3022.8612122796535,XZZZXYZZZZYIXX;XZZZXZIXZZZZZX;XZZZYIXZZXYZZX;XZZZYIYZYYZZZX;XZZZYIYZZZXXZX;XZZZYXZZXXZZYI;XZZZYYZZXXZZXI;XZZZZXIXZZZXXX
147,74,0.08348144777307959,1352.1590326622518,XZZZYIXZZZYXZX;XZZZYIXZZZYYZY;XZZZYIYZZZXYZY;XZZZYIYZZZYXZY;XZZZYIYZZZYYZX;XZZZYXZXYZZZXI;XZZZYYZYYZZZXI;XZZZZYZXZZZZYI
148,74,0.21937156616770273,1444.683054628169,XZZZYIYXXZZZZX;XZZZYIYXYZZZZY;XZZZYIYZYXZZZY;XZZZYXZZZXXZYI;XZZZYXZZZZZYZI;XZZZYYZZZZYXYI;XZZZZXYZZZZYZI;XZZZZZZXXXIXZX
149,58,0.2446335991666913,3145.9459588549357,XZZZYIYZZXYZZY;XZZZYIYZZYXZZY;XZZZYIYZZZZXYY;XZZZYIZXZZZZZY;XZZZYYZZZZZXZI;XZZZZYIYZZZYXY;XZZZZZYYZXXZXI;YXIZYZZZZZZZZX
150,58,0.6888548621883627,1194.9135901328975,XZZZYXZZXIYZZX;XZZZYXZZZXIYZX;XZZZYXZZZYIXZX;XZZZYXZZZZYIXX;XZZZYYZZXIYZZY;XZZZYYZZZXIYZY;XZZZYYZZZYIXZY;XZZZYYZZZZYIXY
151,117,0.3398348040023986,883.2594356856782,XZZZYXZZZYIYZY;XZZZYYZYIYZZZX;XZZZYYZZXYZZYI;XZZZZXIXXYZZZY;XZZZZYIXXXZZZY;XZZZZZXIYZZXYX;XZZZZZYXXIXZZY;YZYIXZZZZZZXXX
152,63,0.6555167642911399,974.6104785069358,XZZZYYZZYIYZZX;XZZZZXIXYYZZZX;XZZZZXIXZYYZZX;XZZZZXIYYXZZZX;XZZZZXIYZXYZZX;XZZZZXYZXIXZZY;XZZZZYIXZYYZZY;XZZZZYIYYXZZZY
153,73,0.048146485966358746,754.9359957728731,XZZZYZIXZZZZZY;XZZZZXIXYXZZZY;XZZZZXIXZXYZZY;XZZZZXIXZZYXZY;XZZZZXIXZZZXYY;XZZZZXIYZZZXYX;XZZZZXXZZXYZYI;XZZZZZXZYZZZYI
154,69,2.928416919222505,40217.78284838149,XZZZZXIXZXXZZX;XZZZZXIXZYXZZY;XZZZZXIYXXZZZY;XZZZZXIYXYZZZX;XZZZZXIYZYXZZX;XZZZZYIXZXXZZY;XZZZZYIXZYXZZX;XZZZZYIYXXZZZX
155,54,0.050658352284386005,1654.9881630391876,XZZZZXIXZZXXZX;XZZZZXIXZZXYZY;XZZZZXIXZZYYZX;XZZZZXYXYZZZXI;XZZZZZXIXZXXZX;XZZZZZXIXZXYZY;XZZZZZXIXZYXZY;XZZZZZXIXZYYZX
156,82,0.2636412424940649,4506.091707777291,XZZZZXIXZZZYXY;XZZZZXIXZZZYYX;XZZZZXIYZZZXXY;XZZZZXIYZZZYXX;XZZZZXIYZZZYYY;XZZZZYIXZZZXXY;XZZZZYIXZZZYXX;XZZZZYIXZZZYYY
157,66,0.2111629404988144,1957.610392648117,XZZZZXIYZYYZZY;XZZZZXIZYZZZZY;XZZZZXXYIXZZZY;XZZZZXYZYIXZZX;XZZZZYIXZXYZZX;XZZZZYIYZYYZZX;XZZZZYIZYZZZZX;XZZZZYXXIYZZZX
158,53,2.959907547358572,55966.83914190943,XZZZZXXYIYZZZX;XZZZZXXZZXIYZY;XZZZZXYYIXZZZX;XZZZZXYYIYZZZY;XZZZZXYZZYIYZY;XZZZZYXZZXIYZX;XZZZZYXZZYIYZY;XZZZZYYYIXZZZY
159,56,2.327948401990193,30772.485928658618,XZZZZXXZZXIXZX;XZZZZXXZZYIXZY;XZZZZXYXIXZZZY;XZZZZXYXIYZZZX;XZZZZXYZZXIXZY;XZZZZYXXIXZZZY;XZZZZYXZZYIXZX;XZZZZYYXIXZZZX
160,52,2.981543552713428,48279.12299939558,XZZZZXXZZZXIXX;XZZZZXXZZZXIYY;XZZZZXYZZZXIXY;XZZZZXYZZZXIYX;XZZZZYXZZZXIXY;XZZZZYXZZZXIYX;XZZZZYYZZZXIXX;XZZZZYYZZZXIYY
161,46,0.2822674873388446,3429.0417009841417,XZZZZXYZZZZYIZ;XZZZZXZIYZZZZY;XZZZZYIXZZYYZY;XZZZZYIZXZZZZY;XZZZZYYXXZZZXI;XZZZZZXXZXIXZX;XZZZZZZXYZYIXX;YXIXZZZZZZZYXX
162,64,0.09059986841602746,1133.8310211968542,XZZZZYIXZZXYZX;XZZZZYIXZZYXZX;XZZZZYYZXXZZXI;XZZZZZXIZXZZZX;XZZZZZXXZZYXYI;XZZZZZXYZZYYYI;XZZZZZYZIXZZZY;XZZZZZZXXZYYXI
163,96,0.46794966144584155,785.0748615212859,XZZZZYIYYYZZZX;XZZZZYXZZYYZYI;XZZZZYYZZYXZYI;XZZZZZXIYYXZZX;XZZZZZYIXZYYZY;XZZZZZYIYYYZZX;XZZZZZYYZZYYXI;XZZZZZZYXYIYZY
164,61,0.14220236638659114,2496.5532463706386,XZZZZYYZYIYZZX;XZZZZYYZZXYZYI;XZZZZZXIXXYZZY;XZZZZZYIXXXZZY;XZZZZZYIYXXZZX;XZZZZZZXXXIYZY;XZZZZZZXYXIYZX;XZZZZZZYXXIXZY
165,51,0.09289465535212155,1119.944137544001,XZZZZYYZZZZXIZ;XZZZZYZIYZZZZX;XZZZZZXIXZZXYY;XZZZZZXXZXIYZY;XZZZZZXYZYIYZY;XZZZZZZYXYIXZX;XZZZZZZZXIXYXY;YYXZZZXIYZZZZY
166,65,0.4615613646761699,7585.228258498359,XZZZZZXIXXXZZX;XZZZZZXIXYYZZX;XZZZZZXIXZZXXX;XZZZZZXIXZZYYX;XZZZZZXIYXXZZY;XZZZZZXIYYYZZY;XZZZZZXIYZZXXY;XZZZZZXIYZZYYY
167,37,0.0922638334982455,590.8528607072429,XZZZZZXIXZZYXY;XZZZZZXIYZZYXX;XZZZZZXXXIXZZX;XZZZZZXXYIXZZY;XZZZZZXYXIYZZX;XZZZZZXYYIYZZY;XZZZZZYIYZZXYY;XZZZZZYIYZZYXY
168,70,0.27149088131851873,1264.331434378137,XZZZZZXIZYZZZY;XZZZZZXXXIYZZY;XZZZZZXXXYZZYI;XZZZZZXYYYZZYI;XZZZZZXZIYZZZY;XZZZZZZXYYIXZX;XZZZZZZYXYXZXI;XZZZZZZYYXIYZY
169,94,0.26223036316732806,3606.742482170566,XZZZZZXXYIYZZX;XZZZZZXXYXZZYI;XZZZZZXXZYIYZX;XZZZZZXYZXIXZY;XZZZZZXYZZYIYY;XZZZZZYXZZYIYY;XZZZZZZZXXZXIZ;XZZZZZZZYIYYYX
170,92,0.11395630050089951,2723.79771363722,XZZZZZXXZYIXZY;XZZZZZXXZYXZYI;XZZZZZXYZXIYZX;XZZZZZXZIXZZZX;XZZZZZYYYIXZZY;XZZZZZZXIYYYZY;XZZZZZZYIXYXZX;XZZZZZZZXIXYYX
171,47,1.046776902515628,1397.8525992489838,XZZZZZXXZZYIYX;XZZZZZXYXXZZYI;XZZZZZYXXXZZYI;XZZZZZYXYYZZYI;XZZZZZYYZZXIYY;XZZZZZYYZZYIYX;XZZZZZZZXXYIXY;XZZZZZZZYYYIXY
172,43,0.03854506035676907,899.6086180476415,XZZZZZXYYIXZZX;XZZZZZXYZYIXZX;XZZZZZYIYYXZZY;XZZZZZYXZXIYZX;XZZZZZYXZZXIYX;XZZZZZZYYYXZYI;YZZZYIXZZXYZZY;YZZZYIXZZZZXYY
173,84,0.6525159355645511,1194.8247458146673,XZZZZZYIYXYZZY;XZZZZZYIZXZZZY;XZZZZZYXZZZYZI;XZZZZZZXXYIXZY;XZZZZZZXYZYYYI;XZZZZZZYIXXYZX;XZZZZZZYIYXYZY;XZZZZZZYXXIYZX
174,96,0.32052242822762067,2213.478460575986,XZZZZZYXXIYZZX;XZZZZZYXZYIXZX;XZZZZZYYZXIYZY;XZZZZZYYZZYIXY;XZZZZZZXIXZYYX;XZZZZZZXIYZXYX;XZZZZZZXYZXIYX;XZZZZZZYIXZYYY
175,100,2.779294703069631,50179.821250406094,XZZZZZYXZYIYZY;XZZZZZYYXYZZYI;XZZZZZYYZXIXZX;XZZZZZZXIXZXYY;XZZZZZZYIYZYYX;XZZZZZZYYZXXXI;XZZZZZZYYZYIYX;XZZZZZZZYIYXXX
176,42,0.09421607299379695,2942.7942359642957,XZZZZZYYZXYZYI;XZZZZZYYZYXZYI;XZZZZZZXIYXYZX;XZZZZZZYIXXXZY;XZZZZZZYIYYXZY;XZZZZZZYIYYYZX;XZZZZZZZYIZXZY;XZZZZZZZYIZYZX
177,76,0.2543712497319162,2089.8071392038305,XZZZZZZXIXZXXX;XZZZZZZXIXZYXY;XZZZZZZXIYZXXY;XZZZZZZXIYZYXX;XZZZZZZXIYZYYY;XZZZZZZYIXZXYX;XZZZZZZYIXZYXX;XZZZZZZYIYZXXX
178,93,5.9516377382788175,83450.68435083039,XZZZZZZXIYYXZX;XZZZZZZXYYIYZY;XZZZZZZXZIYZZY;XZZZZZZYIXYYZY;XZZZZZZYZIYZZX;YXIXZZZYYZZZZY;YXXZYYZZZZZZYI;YXXZZYYZZZZZYI
179,66,0.2385260280641482,4386.2293386804295,XZZZZZZXIZXZZX;XZZZZZZXIZYZZY;XZZZZZZXZIXZZX;XZZZZZZYIZXZZY;XZZZZZZYIZYZZX;XZZZZZZYZIXZZY;XZZZZZZZXYZYZI;YZZXYZZZZZZXZI
180,139,0.32358363178207034,1633.8005509822915,XZZZZZZXXYIYZX;XZZZZZZYXZXIXY;XZZZZZZYXZYIYY;XZZZZZZZXIXXYY;XZZZZZZZYIXXYX;YXIXZZZYXZZZZX;YZZXIXZYXZZZZX;YZZZZZZXXYIYZY
181,40,5.780645503303338,141608.7667380827,XZZZZZZXXZYIXY;XZZZZZZYXZYIXX;XZZZZZZYYYIXZY;XZZZZZZYYZYIXY;YXIYZZZYYZZZZX;YXYZXXZZZZZZXI;YXYZZXXZZZZZXI;YZYZXZZZZZZZXI
182,80,3.0498759312378305,54693.95883333755,XZZZZZZYXZXXYI;XZZZZZZYYXYZYI;XZZZZZZZXIYYXX;XZZZZZZZXYYIXX;XZZZZZZZYIXYXX;XZZZZZZZZXIZYY;YXXZZZZZZYIYZY;YYYZZZZZZYIYZY
183,81,0.07106162001136285,179.11046801702062,XZZZZZZZXIXXXX;XZZZZZZZXIYXYX;XZZZZZZZXIYYYY;XZZZZZZZXIZXZX;XZZZZZZZXIZYZY;XZZZZZZZYIXXXY;XZZZZZZZYIYXYY;YZZZZZZZXIXXXY
184,41,0.16458434962461407,2931.3847595195675,XZZZZZZZXXXIYY;XZZZZZZZXYXIXY;XZZZZZZZXYYIYY;XZZZZZZZXZIYZY;XZZZZZZZYXXIYX;XZZZZZZZYXYIXX;YZYXZZXIXZZZZX;YZYYZZYIXZZZZX
185,144,0.2354648241934359,3183.471094200603,XZZZZZZZYIXYYY;XZZZZZZZYIYYXY;YXIYZZZZXXZZZX;YXXZZZZYIXZZZX;YXYZZZZZZIZZZX;YYYZZZZXIYZZZX;YZYIXZXXZZZZZX;YZYIYZYXZZZZZX
186,72,6.171011497287936,93482.94669081218,XZZZZZZZZXIZXX;XZZZZZZZZXZIXX;XZZZZZZZZYIZXY;XZZZZZZZZYZIXY;YXXZZZZXIXZZZY;YXYZZZZYIYZZZX;YYIYZZZZZZZZYZ;YZXXZZZXIXZZZY
187,104,2.9963938740622735,38047.85992179796,XZZZZZZZZYZXYI;YXIYZZZZZZXXZX;YXXYIYZZZZZZZY;YXXZIZZZZZZZZY;YXXZZYIYZZZZZY;YXXZZZIZZZZZZY;YXXZZZZYIYZZZY;YXXZZZZZIZZZZY
188,40,0.16451379691200227,2925.1778078185675,YXIYZZZZZZYYZX;YXXZZIZZZZZZZY;YXXZZZZZYIYZZY;YXXZZZZZZIZZZY;YXYIZZZZZZZZZX;YXYZZZZZZZYIYX;YYIXZZZZZZYXZY;YYXZZIZZZZZZZX
189,41,6.121669692621219,80922.37596278399,YXXXIXZZZZZZZY;YXXYIXZZZZZZZX;YXYXIXZZZZZZZX;YXYYIXZZZZZZZY;YXYYIYZZZZZZZX;YYXXIXZZZZZZZX;YYXXIYZZZZZZZY;YYXYIXZZZZZZZY
190,83,0.2891302987472872,4794.364886370563,YXXZZXIYZZZZZX;YXXZZZYYZZZZYI;YXYZZIZZZZZZZX;YXYZZYIXZZZZZY;YXYZZYXZZZZZYI;YYXZZYIXZZZZZY;YYXZZYXZZZZZYI;YYYZZZYYZZZZYI
191,62,0.578434960520516,2408.296909184027,YXXZZZZZXIXZZY;YXXZZZZZXIYZZX;YXXZZZZZXXZZYI;YXYZZZYYZZZZXI;YYXZZZYYZZZZXI;YYYZZZZZXIYZZX;YYYZZZZZZZYIXX;YZZZZXXZXIYZZX
192,63,0.0700448271191491,1737.8491263376116,YXXZZZZZYIXZZX;YXXZZZZZZXIYZX;YXXZZZZZZYIXZX;YXYZZZZZYIXZZY;YXYZZZZZZXIYZY;YXYZZZZZZYIXZY;YYIXZZZZZZZZXZ;YYYZZZZZZZXIYX
193,82,0.11693837331137173,3081.9791535279696,YXXZZZZZZXIXZY;YXXZZZZZZZIZZY;YXYZIZZZZZZZZX;YXYZZYIYZZZZZX;YXYZZZIZZZZZZX;YXYZZZZZIZZZZX;YXYZZZZZZXIXZX;YYXZZZZZZXIXZX
194,93,6.086120158231401,92239.51138493289,YXYZXIXZZZZZZX;YXYZZZZZYIYZZX;YXYZZZZZZZZXIZ;YYIYZXYZZZZZZX;YYIZXZZZZZZZZX;YYYZZZZZZXXZYI;YYYZZZZZZYXZXI;YYYZZZZZZZZYZI
195,58,3.1226410205137363,45766.013933703114,YXYZZZZZXXZZXI;YYXZZZZXIXZZZX;YYXZZZZXXZZZXI;YYXZZZZXYZZZYI;YYYZZIZZZZZZZY;YZXXZYIYZZZZZY;YZZZYXZZXXZZXI;YZZZZXIYZYYZZX
196,35,3.1213143513967494,44935.81920671339,YXYZZZZZZZXYYI;YXYZZZZZZZYIXY;YYIXZZZZZZYYZX;YYXZZZYXZZZZYI;YZXXZZZZZZXIXY;YZXYXIXZZZZZZX;YZXYZXIXZZZZZX;YZYYZZZZZYIYZY
197,48,0.09226386464353993,1426.41729167273,YYIXZYXZZZZZZY;YYIXZZZZZZXYZY;YYIYZYXZZZZZZX;YYXZZZZZZYXZYI;YZXYZZZYIXZZZY;YZYIXZZZZZZZXZ;YZZXIYZZYXZZZY;YZZXYZZZZYIXZY
198,90,3.029291267515297,52297.4336460461,YYIXZZZZZZXXZX;YYIYZYYZZZZZZY;YYXZZZZZZZZIZX;YYYZZZZZZYIXZX;YZXIYZZZZZXYZY;YZZXIXZZZZZZYZ;YZZZXIZYZZZZZX;YZZZYIXZZZYXZY
199,33,0.06207291068614972,932.995597583484,YYIZYZZZZZZZZY;YYYZZZZZYIXZZX;YYYZZZZZZXIYZX;YZXIXYYZZZZZZY;YZXYZZZZXXZZXI;YZZXIXYXZZZZZX;YZZXIYXXZZZZZX;YZZXXZZZYYZZYI
200,36,0.27549163168403584,4171.620581579966,YYXZZZZXIYZZZY;YYXZZZZYIXZZZY;YYXZZZZZXIYZZY;YYXZZZZZYIXZZY;YYXZZZZZZZZXIZ;YZXIZXZZZZZZZY;YZXXXIXZZZZZZY;YZXXYIYZZZZZZY
201,54,0.3538259971920627,1157.218808194322,YYXZZZZZZXIYZY;YYXZZZZZZYIXZY;YZXIXZXXZZZZZY;YZXXZXIXZZZZZY;YZXYZZZZZXIXZX;YZZXIXZXXZZZZY;YZZXYZZZYIXZZY;YZZZZYIYZZZZYZ
202,97,3.016596998652325,45225.10089545299,YYYZZZZXIXZZZY;YZXIXXYZZZZZZX;YZXIXZYXZZZZZX;YZXXZZZZXYZZXI;YZXXZZZZYYZZYI;YZXYZZZZYYZZXI;YZZXXZZZYXZZXI;YZZYXZZZXXZZXI
203,68,0.03255257187437808,823.6211867630509,YZXIXZXYZZZZZX;YZXIZYZZZZZZZX;YZXXZZZZYIYZZY;YZXXZZZZYXZZXI;YZXXZZZZZYIYZY;YZXXZZZZZZYIYY;YZYXZZYIYZZZZX;YZYXZZZZZXIXZX
204,35,0.1845297360887958,2613.3398458494735,YZXIXZZZZXXZZY;YZXIYZZZZZXXZX;YZXXZZZZXIYZZX;YZXYZZZZYIYZZX;YZYIXYYZZZZZZX;YZYIXZZZZXXZZX;YZYXZZZZXIYZZY;YZYYZZZZYIYZZY
205,37,0.1845819836744342,3666.922092107699,YZXIYZZZZZZYYX;YZXYZZYIXZZZZY;YZXYZZZZXIYZZY;YZXYZZZZZZYIXY;YZYIYYYZZZZZZY;YZYIYZZZZZZYYY;YZYIZYZZZZZZZY;YZYYZZZXIYZZZX
206,94,0.4724610791303317,1035.46702754137,YZXYZYIYZZZZZX;YZXYZZYIYZZZZX;YZXYZZZYIYZZZX;YZXYZZZZZZYIYX;YZXZIYZZZZZZZX;YZYIXZZZZZXXZX;YZYYZZXIXZZZZY;YZYYZZZYIYZZZY
207,75,0.313857264841593,1295.6319705560402,YZYIXZXYZZZZZY;YZYIXZZZXYZZZY;YZYIXZZZZZXYZY;YZYIXZZZZZYXZY;YZYXXIXZZZZZZX;YZYYZZZZXYZZXI;YZYYZZZZYXZZXI;YZZXIYYXZZZZZY
208,53,3.1280875574529,79177.4254307575,YZYIXZZZXXZZZX;YZYIXZZZZZYYZX;YZYIZXZZZZZZZX;YZYXZZYIXZZZZY;YZYXZZZXIYZZZY;YZYXZZZZYYZZXI;YZYYZZZZXXZZYI;YZZZYYZXXZZZYI
209,117,6.072839958218716,89505.26287129443,YZYXZYIYZZZZZX;YZYXZZZZXIXZZX;YZYXZZZZYIYZZX;YZYXZZZZZYIYZX;YZYYZXIXZZZZZY;YZYYZZZZXIXZZY;YZZXIXXYZZZZZX;YZZXZIYZZZZZZX
210,118,2.9517761541693175,39059.30917849384,YZYXZZZXIXZZZX;YZYXZZZZXXZZXI;YZYXZZZZZZYIYX;YZYYZZZZYYZZYI;YZZXIYZYYZZZZX;YZZXXZZZXIYZZX;YZZZZYIYYXZZZX;YZZZZZZXYZYIXY
211,41,3.0098994084193196,48481.38325646546,YZYXZZZZZZXIXX;YZYXZZZZZZZXIZ;YZZXIXZXYZZZZX;YZZXIYYYZZZZZX;YZZXIYZZXXZZZX;YZZXIZYZZZZZZX;YZZXYZZZZZXIYY;YZZXYZZZZZYIXY
212,108,3.0361575043441134,40396.954133268686,YZYYZZZXIXZZZY;YZZXIXZZXXZZZY;YZZXIYZZYYZZZX;YZZXIYZZZZXXZX;YZZXYZZYIXZZZY;YZZYIYZZZZXXZY;YZZZZXYZZYXZYI;ZYZXIYZZZZZZZX
213,73,0.3674442716446189,3443.277278027473,YZZXIXXXZZZZZY;YZZXIXZZZXXZZY;YZZXIYZZZXXZZX;YZZXIYZZZYYZZX;YZZXXXIYZZZZZX;YZZXYZZZZYYZXI;YZZZXXYIXZZZZX;YZZZZZYIXZZZXZ
214,86,2.989265742729563,65872.66233398349,YZZXIYZYXZZZZY;YZZXIYZZZXYZZY;YZZXIYZZZYXZZY;YZZXIZXZZZZZZY;YZZXXZZZZZZYZI;YZZYXZZZZZZXIZ;YZZZZZZZXYXIYY;ZXZXIYZZZZZZZY
215,58,0.2754593043014992,4371.474937389572,YZZXIYZZZZXYZY;YZZXXYIXZZZZZX;YZZXXZZYYZZZYI;YZZXXZZZZZYIXX;YZZXYZZZYYZZXI;YZZXYZZZZXIYZY;YZZYYZZZXIYZZX;YZZZYYZZYIYZZY
216,80,0.22339634110291767,3328.787706681934,YZZXXZZZXIXZZY;YZZXXZZZXYZZXI;YZZXXZZZZXXZYI;YZZYIXZZZXYZZY;YZZYYZZZZYXZXI;YZZZYXZXIXZZZX;YZZZZZYYXIXZZY;YZZZZZYYXYZZXI
217,74,0.09230547325669906,1415.4465478849525,YZZXXZZZYIXZZX;YZZXXZZZZXIYZX;YZZXXZZZZYIXZX;YZZXXZZZZZXIYX;YZZYIYXYZZZZZX;YZZYIZXZZZZZZX;YZZYXZZZYIXZZY;YZZYXZZZZXIYZY
218,75,0.08264908018840172,1099.977101463213,YZZXXZZZZYYZYI;YZZXYZZYYZZZXI;YZZXYZZZXIXZZX;YZZXYZZZZZYYXI;YZZYXZZZXIXZZX;YZZYYZZXIXZZZY;YZZZZZXIYZXYZY;YZZZZZYIYYXZZX
219,78,0.3606723797039556,1828.9226310426566,YZZXXZZZZZXIXY;YZZXYZZZXIYZZY;YZZXYZZZXXZZXI;YZZYIXZZYXZZZY;YZZYIXZZZYYZZX;YZZZZXIYYXZZZY;YZZZZYXXYZZZYI;YZZZZZYIXYXZZY
220,52,3.009749006005329,66914.6721632273,YZZXYZZZZZXIXX;YZZXYZZZZZZXIZ;YZZYIXZXXZZZZX;YZZYIXZZZXXZZX;YZZYXZZZXIYZZY;YZZZXIXZZZXYZX;YZZZYXZZZZXIYY;YZZZYYZYIXZZZX
221,57,0.34006575787376103,4774.079301878734,YZZXZIXZZZZZZY;YZZXZYZZZZZZXI;YZZYIYZXXZZZZY;YZZYIYZYYZZZZY;YZZYIYZZZXXZZY;YZZYIZYZZZZZZY;YZZYXZZZZZXIXX;YZZZXIXZZZXXZY
222,75,0.22894158211080606,2490.827441810258,YZZYIXZXYZZZZY;YZZYIXZZZYXZZY;YZZYIXZZZZXYZY;YZZYIYZXYZZZZX;YZZYIYZYXZZZZX;YZZYIYZZZYXZZX;YZZYXZZYXZZZYI;YZZYXZZZZYXZYI
223,60,0.1846028099620454,3148.535177364679,YZZYIXZZXYZZZY;YZZYIXZZYYZZZX;YZZYXZZZZZYXYI;YZZYYZZZZZYXXI;YZZZXYZZZXYZYI;YZZZYYZZZXYZXI;YZZZZZXIXZXXZY;YZZZZZXIYZXXZX
224,105,0.31660641238058135,765.8913019895069,YZZYIXZZZZXXZX;YZZYXXIYZZZZZY;YZZYXZZZZZYIXY;YZZYYZZZXYZZXI;YZZYYZZZZZXIYX;YZZZYIXZYYZZZX;YZZZYYZXIYZZZX;YZZZZXIYZXYZZY
225,66,3.121281279222257,46710.43890551778,YZZYXYIXZZZZZY;YZZYYXIYZZZZZX;YZZYYZZZYIXZZX;YZZYYZZZZXIYZX;YZZZXIXZXXZZZY;YZZZXXZZZZXXYI;YZZZZYXZZZXIXX;YZZZZZXXZYIXZX
226,120,6.07132770523177,87433.5169514676,YZZYXZZZYYZZXI;YZZYXZZZZXYZYI;YZZYYZZZXIXZZY;YZZYYZZZZZXIXY;YZZZXXZXIYZZZX;YZZZXYZYIYZZZX;YZZZYXZYIXZZZY;YZZZYYZXIXZZZY
227,59,0.2686486890427392,853.3160298380137,YZZYYZZXIYZZZX;YZZYYZZZYYZZYI;YZZYYZZZZXYZXI;YZZZXIXXYZZZZX;YZZZXIYZZYXZZY;YZZZXYZYIXZZZY;YZZZZXXYIYZZZY;YZZZZXYZZZXIXX
228,75,3.0864047560887644,45325.62937304112,YZZYYZZZZZYIXX;YZZYZIXZZZZZZX;YZZZXIXZZZZYXX;YZZZXIYZZZXYZY;YZZZXXZZYIYZZY;YZZZXXZZYXZZXI;YZZZXYZZXIYZZY;YZZZZZXIZYZZZX
229,76,0.12890304913858913,368.34063707975605,YZZZXIXXXZZZZY;YZZZXIXZYXZZZX;YZZZXXZZZXYZXI;YZZZYXZYXZZZYI;YZZZYXZZYYZZXI;YZZZYYZYXZZZXI;YZZZYYZZYYZZYI;YZZZZZXZIYZZZX
230,66,0.2526832666768578,2535.1176848840228,YZZZXIXZXYZZZX;YZZZXIXZYYZZZY;YZZZXXYIYZZZZY;YZZZXXZZXIYZZX;YZZZYXYIYZZZZX;YZZZYXZZXIYZZY;YZZZYXZZYIYZZX;YZZZZXXZZYYZYI
231,48,0.2822650078921801,1298.9999876390323,YZZZXIXZZXYZZX;YZZZXIXZZZZXYX;YZZZXIYZZZZXYY;YZZZYIXXYZZZZY;YZZZYIXYXZZZZY;YZZZYIYZZZYXZX;YZZZZXXZZXIYZX;YZZZZXXZZZXIYX
232,45,2.998675630212616,42059.67281298462,YZZZXIXZZZYYZY;YZZZXIYZZZXXZX;YZZZXXZZXIXZZY;YZZZXYZZYIXZZY;YZZZXYZZYIYZZX;YZZZXYZZYYZZXI;YZZZZZZYIZXZZX;ZIXZZZZZZXXZZX
233,85,2.736918786871737,46778.29489801412,YZZZXIZXZZZZZY;YZZZXXZZYIXZZX;YZZZXXZZYYZZYI;YZZZXXZZZXIYZX;YZZZYXZYYZZZXI;YZZZZYIYZYYZZY;YZZZZYZXZZZZXI;YZZZZZZYIYXYZX
234,71,0.0922676697727907,3303.986048905631,YZZZXXZXIXZZZY;YZZZXXZZZYIXZX;YZZZXYZYYZZZXI;YZZZYYZZZYIXZX;YZZZZZXXZYYZYI;YZZZZZXYZZYIYX;YZZZZZYXZZZXIZ;YZZZZZZYXYXZYI
235,53,0.0521845854924314,1819.4529870897534,YZZZXXZZZZXIXY;YZZZXXZZZZXIYX;YZZZXXZZZZZYIZ;YZZZYYZZZZXIXY;YZZZZZXXZZXIXY;YZZZZZXXZZXIYX;YZZZZZXXZZYIXX;YZZZZZXXZZYIYY
236,57,0.26429155702850343,5092.063532353409,YZZZXYZZXIXZZX;YZZZXYZZZXIXZX;YZZZXYZZZZXIXX;YZZZXYZZZZZXIZ;YZZZYIXXXZZZZX;YZZZYIZXZZZZZX;YZZZZZYIYZXXZY;YZZZZZYZIXZZZX
237,50,0.2664276664338813,3757.7802750194132,YZZZXYZZZXIYZY;YZZZXYZZZYIXZY;YZZZXYZZZZXIYY;YZZZXZIXZZZZZY;YZZZYIYXXZZZZY;YZZZYYZZZXIYZX;YZZZYZIXZZZZZX;ZYZZYIYZZZZZZY
238,52,0.023987727211004856,598.4301254590183,YZZZYIXZZZXXZX;YZZZYIXZZZYYZX;YZZZYIYZXXZZZY;YZZZYIYZZZXXZY;YZZZYIYZZZYYZY;YZZZYXZZZZXXXI;YZZZYYZZXXZZYI;YZZZZXZYZZZZXI
239,44,3.121277644966797,46733.69346209431,YZZZYXXIYZZZZY;YZZZYXZXIYZZZY;YZZZYXZZYIXZZY;YZZZYXZZZYIXZY;YZZZYXZZZZZXIZ;YZZZZZYXYIXZZY;YZZZZZYXZZXIYY;ZIXZZZYXZZZZZY
240,112,0.18480857806483392,1445.737599084103,YZZZYXZYIYZZZX;YZZZYXZZXIXZZX;YZZZYXZZZYIYZX;YZZZYXZZZZXIXX;YZZZYYZYIYZZZY;YZZZYYZZXIXZZY;YZZZZXYYIYZZZX;YZZZZYYZZYIYZY
241,74,0.2474019996382595,2015.1437500961306,YZZZYXZZZXYZYI;YZZZYYYIYZZZZY;YZZZYYZXYZZZXI;YZZZZXIXZZXYZX;YZZZZXXZZXIXZY;YZZZZXYZYXZZYI;YZZZZYXXIXZZZX;YZZZZZZZZYZIYY
242,74,0.36905672411395535,1732.9889006030148,YZZZYXZZZZYIYX;YZZZYYZZYIXZZX;YZZZZXIXYXZZZX;YZZZZXIYYYZZZX;YZZZZYIXYXZZZY;YZZZZYIYYYZZZY;YZZZZYYZZZXIYX;XYIXZZZZZZZZYI
243,82,0.2353712592001575,1817.5256587411152,YZZZYYZZXIYZZX;YZZZYYZZXYZZXI;YZZZZXIXXYZZZX;YZZZZXIYZYXZZY;YZZZZXYZZYIXZY;YZZZZXYZZZYIXY;YZZZZZZXYYIXZY;YZZZZZZYIYYXZX
244,61,0.30143712585984755,3935.621892046517,YZZZYYZZYXZZXI;YZZZZXIXZXXZZY;YZZZZXIXZXYZZX;YZZZZXIXZZXXZY;YZZZZXIXZZYXZX;YZZZZXIYZXXZZX;YZZZZXIYZZXXZX;YZZZZXIYZZYXZY
245,80,0.1749378398584778,7991.810424831189,YZZZZXIXXXZZZY;YZZZZXIXYYZZZY;YZZZZXIXZZYYZY;YZZZZXIYXXZZZX;YZZZZXIYZZYYZX;YZZZZYIXYYZZZX;YZZZZYIXZZXXZX;YZZZZYIYXXZZZY
246,88,2.997784489678157,46238.574509564576,YZZZZXIXZYXZZX;YZZZZXIXZYYZZY;YZZZZXIYZZXYZY;YZZZZXXZYIXZZX;YZZZZXXZYIYZZY;YZZZZXYZZZYIYX;YZZZZYIXZYXZZY;YZZZZYIXZYYZZX
247,43,0.184527666996491,1694.4480013824455,YZZZZXIZXZZZZY;YZZZZXIZYZZZZX;YZZZZXZIXZZZZY;YZZZZXZIYZZZZX;YZZZZYIZXZZZZX;YZZZZYIZYZZZZY;YZZZZZXXZYXZXI;YZZZZZXXZZXYXI
248,80,0.6477775697530357,3351.036040575796,YZZZZXXXIXZZZY;YZZZZXXXIYZZZX;YZZZZXXXYZZZXI;YZZZZXYYIXZZZY;YZZZZYXYIXZZZY;YZZZZYXYIYZZZX;YZZZZYYXIXZZZY;YZZZZYYXIYZZZX
249,59,0.23177263663342001,8404.43921314168,YZZZZXXYIXZZZX;YZZZZXXZYXZZXI;YZZZZYXXIYZZZY;YZZZZYXXXZZZXI;YZZZZYYZYXZZXI;YZZZZYYZZYYZYI;YZZZZZZYYXYZXI;YZZZZZZYZIYZZY
250,60,0.1421379490530866,3508.2780358921245,YZZZZXXZZYIXZX;YZZZZXYZZXIXZX;YZZZZYIXZZYXZY;YZZZZYXZZYIXZY;YZZZZYXZZYIYZX;YZZZZYYZZXIYZX;YZZZZZXXYXZZXI;IXZZZZZXXZZZXI
251,74,3.020473545882858,57217.17475542998,YZZZZXXZZZYIYY;YZZZZYIXXYZZZY;YZZZZYIXZXXZZX;YZZZZYXZYXZZYI;YZZZZZXXYIXZZX;YZZZZZYXZZYIYX;YZZZZZZXXXYZXI;YZZZZZZXYZYXYI
252,60,3.121489386059462,59356.70900343709,YZZZZXZXZZZZYI;YZZZZYIXZXYZZY;YZZZZYXZXIXZZX;YZZZZYXZXIYZZY;YZZZZYXZXXZZXI;YZZZZZXIYXYZZY;YZZZZZZYZIXZZX;IIYZZZZZZZXXZY
253,121,0.5661896748403186,2138.833534593935,YZZZZYIYZXXZZY;YZZZZYXZZXIYZY;YZZZZYYZZYIXZX;YZZZZYYZZZZYZI;YZZZZZXXYIYZZY;YZZZZZXYYIXZZY;YZZZZZZZYZIXZX;ZYZZZZXIXZZZZY
254,73,0.2754638028499726,3489.525188449549,YZZZZYXZZXIXZX;YZZZZYXZZZYIYX;YZZZZYXZZZZXIZ;YZZZZZXXXIYZZX;YZZZZZXYYIYZZX;YZZZZZYYXXZZYI;YZZZZZZXYZXIXX;IYZZZZZXXZZZYI
255,70,0.2589192721712978,4628.171649399338,YZZZZYXZZYXZYI;YZZZZYYZZZYIXX;YZZZZYYZZZZYIZ;YZZZZZXIXZYXZX;YZZZZZXYXXZZXI;YZZZZZZYYZXXYI;ZXZZZZYIYZZZZX;IXZZZZZYYZZZXI
256,109,0.22423970321839107,1846.821868706293,YZZZZYXZZZXIYY;YZZZZZXIXXYZZX;YZZZZZXIXZZXYX;YZZZZZXYYYZZXI;YZZZZZXYZXYZYI;YZZZZZYXZZXXXI;YZZZZZZXYZXYYI;ZIXZZZYYZZZZZX
257,52,0.09328831486164658,1469.5108116511803,YZZZZZXIXYXZZX;YZZZZZXIXZXYZX;YZZZZZXIXZYYZY;YZZZZZXXXYZZXI;YZZZZZYIYZYYZY;XZZZXYZZZZZYII;IIIYXYZZZYXZZY;IIIYXYZZZYYZZX
258,76,0.13265128384884767,7843.140044398902,YZZZZZXIXZZYXX;YZZZZZXXZYIYZY;YZZZZZXYZXIXZX;YZZZZZXYZXIYZY;YZZZZZXYZXXZXI;YZZZZZYIYZZXYX;YZZZZZZXXYIXZX;YZZZZZZYXXIYZY
259,87,2.9980445794615562,40058.721294927884,YZZZZZXIZXZZZY;YZZZZZXXZXIYZX;YZZZZZXYXIYZZY;YZZZZZXYZYIXZY;YZZZZZXYZZXXXI;YZZZZZYIYZZYXX;YZZZZZZXXXIYZX;YZZZZZZXXXXZYI
260,40,0.045045443832311384,2177.0001220786226,YZZZZZXYZZXIXX;YZZZZZXYZZXIYY;YZZZZZXYZZYIXY;YZZZZZXYZZZXIZ;YZZZZZYXZZXIXX;YZZZZZZZXYZXZI;YZZZZZZZYXYIYX;ZXZZZZZZZZYIXY
261,42,0.184527666996491,2349.4970048655437,YZZZZZXZIXZZZY;YZZZZZYIXZXYZY;YZZZZZYIXZYXZY;YZZZZZYIZYZZZY;YZZZZZZXIYXXZX;YZZZZZZXIYYYZX;YZZZZZZYIXXYZY;YZZZZZZYXZYXYI
262,49,0.5324654329978877,11351.386806614888,YZZZZZYIXZXXZX;YZZZZZYIXZYYZX;YZZZZZYIZXZZZX;YZZZZZYYZZXXYI;YZZZZZZYYZYXXI;ZXZZZZZIZZZZZX;ZXZZZZZXXZZZXI;ZXZZZZZYXZZZYI
263,22,0.2620869694413576,3204.247550203247,YZZZZZYIXZZXYY;YZZZZZYIXZZYXY;YZZZZZYYYIYZZY;YZZZZZZZXYXXXI;YZZZZZZZYXYYXI;ZIXZZZZZYYZZZX;ZIYZZZZZXXZZZY;ZXZZZZZZZZXXXI
264,83,3.121777456936711,46743.86600936019,YZZZZZYXYIYZZX;YZZZZZYXZXIXZX;YZZZZZYYZXIXZY;YZZZZZYYZYIYZY;YZZZZZZXYXIXZX;YZZZZZZXYZYIYX;ZIYZZZZXYZZZZX;IXZZZXYZZZZZYI
265,50,2.788399275141232,38268.698649807884,YZZZZZYXZXXZXI;YZZZZZYYZXYZXI;YZZZZZYZXZZZXI;YZZZZZZXIXYYZY;YZZZZZZXYXYZYI;YZZZZZZXYYXZYI;YZZZZZZYYXXZYI;ZYZZZZYIYZZZZY
266,111,2.989561721270491,43017.824858573906,YZZZZZYYYIXZZX;YZZZZZYYYXZZXI;YZZZZZZXXZYIYY;YZZZZZZZZXIZYX;ZIXZZZZZZZZYYX;IIYZZZYYZZZZZY;IXZZZZYIXZZZZY;IYZZZZXXZZZZYI
267,56,3.049862493529458,41613.59458453922,YZZZZZZXIXXYZX;YZZZZZZXXXIXZY;YZZZZZZXYYYZXI;YZZZZZZZZYIZXX;ZIYZZZZZXYZZZX;ZXZZZZXYZZZZYI;IIYZZZZZZXXZZY;XZZZZZXIIYZZZY
268,44,0.0922638334982455,1593.140638294899,YZZZZZZXYXIYZY;YZZZZZZXYXXZXI;YZZZZZZYIXYYZX;YZZZZZZYYYIXZX;YZZZZZZYYYXZXI;ZIXZZZZZZZYXZY;ZIXZZZZZZZYYZX;IYZZZXXZZZZZYI
269,103,3.121300769863883,46726.067687219605,YZZZZZZYYXIYZX;YZZZZZZYYZYIXX;YZZZZZZYYZZYIZ;ZIXZZXXZZZZZZX;ZIXZZZZYYZZZZX;ZIYZZZZZZXXZZY;ZIYZZZZZZZZXXY;IXZZZXXZZZZZXI
270,60,0.2620221680515345,4046.0582230009945,YZZZZZZZXXXYXI;YZZZZZZZXYYYXI;YZZZZZZZYXXXXI;YZZZZZZZYYXYXI;ZXXXZZZZZZZZXI;ZXZZZZXXZZZZXI;ZYZZZZZZIZZZZY;ZYZZZZZZZIZZZY
271,53,3.1144730850913187,68860.2546931762,YZZZZZZZXZIXZY;YZZZZZZZZXIZXY;YZZZZZZZZXXYIZ;ZIYZZXXZZZZZZY;ZXZZZXIYZZZZZY;ZXZZZZYIXZZZZY;ZYZZZZZZZXYZXI;IYZYXZZZZZZZXI
272,96,0.3460591388527598,7671.565186652867,YZZZZZZZZXYXIZ;YZZZZZZZZXZYXI;YZZZZZZZZYXXZI;ZXZZZZZZYIXZZY;ZXZZZZZZZZYYXI;ZYZZZZZZZZXXYI;IIYZZZZZZZYYZY;IIYZZZZZZZZXYX
273,36,0.09586938610140887,2068.1997309469016,YZZZZZZZZYIZYY;ZIXZZZZXYZZZZY;ZIXZZZZZXXZZZX;ZXZYYZZZZZZZXI;ZXZZZZZZYYZZXI;ZYZZZZZIZZZZZY;ZYZZZZZYIXZZZX;IXZZZZZZZZYYXI
274,55,3.0498614868498057,48574.18019674731,ZIXZZZXXZZZZZX;ZIXZZZZZZZXXZX;ZIXZZZZZZZZXXX;ZIYZZZZZYYZZZY;ZXZZZZZXIYZZZY;ZYZYXZZZZZZZXI;IXZZZZZXIYZZZY;IXZZZZZZYIXZZY
275,58,0.1041553423771178,2678.7555197758384,ZIXZZZZZYXZZZY;ZIYZZZZZZXYZZX;ZXZXYZZZZZZZYI;ZXZZZZYXZZZZYI;ZXZZZZZXYZZZYI;ZYZZZZYXZZZZXI;ZYZZZZZXYZZZXI;IIXZYXZZZZZZZY
276,115,0.6383092523853595,2788.9594972769482,ZIYZZZZYXZZZZX;ZXIZZZZZZZZZZX;ZXZZZXIXZZZZZX;ZXZZZZXIXZZZZX;ZYZIZZZZZZZZZY;ZYZXXZZZZZZZYI;ZYZZIZZZZZZZZY;IYZZIZZZZZZZZY
277,205,2.439635303818301,42258.08313795203,ZXZIZZZZZZZZZX;ZXZZXIXZZZZZZX;ZXZZZIZZZZZZZX;ZXZZZZZXIXZZZX;ZXZZZZZYIYZZZX;ZXZZZZZZIZZZZX;ZXZZZZZZZZIZZX;ZXZZZZZZZZZIZX
278,111,0.6246254329829302,6015.564935030353,ZXZXIXZZZZZZZX;ZXZZZYIXZZZZZY;ZYZZZZXYZZZZXI;ZYZZZZZXXZZZYI;IXZXIYZZZZZZZY;IXZZZZZZZZZXIZ;IIIYXXZZZZYYZY;IIIYZXXZZZXYZX
279,92,0.31305991533832894,3518.8988725575255,ZXZZXIYZZZZZZY;ZXZZZZIZZZZZZX;ZYZZYIXZZZZZZX;ZYZZZZIZZZZZZY;IXZZXIYZZZZZZY;IXZZYIXZZZZZZY;IXZZZZIZZZZZZX;IYZZXIYZZZZZZX
280,91,2.787843653135058,33617.20309014291,ZXZZZYIYZZZZZX;ZXZZZZZZYIYZZX;ZXZZZZZZZIZZZX;ZYZZZZZYYZZZYI;ZYZZZZZZZZYYYI;IIYXXZZZZZZZZY;IXZYIYZZZZZZZX;IXZZZZZZYIYZZX
281,81,2.788242514432661,33610.817376519,ZXZZZZZYIXZZZY;ZXZZZZZYYZZZXI;ZXZZZZZZXIYZZY;ZXZZZZZZZYYZXI;ZYZYIXZZZZZZZX;ZYZZZZYIXZZZZX;ZYZZZZZXIYZZZX;IXZZZZZZXIYZZY
282,57,11.414184935932678,149256.29586509653,ZXZZZZZZXXZZXI;ZXZZZZZZZYIXZY;ZXZZZZZZZYIYZX;ZXZZZZZZZYXZYI;ZYZZZZZZZXIYZX;ZYZZZZZZZXXZYI;IXZZZZZZZYIXZY;IXZZZZZZZYIYZX
283,111,5.7786414488374565,87759.40164795057,ZYZZZZXIYZZZZX;ZYZZZZZZYIXZZX;ZYZZZZZZZYIXZX;IIXZZZZZZZZXYY;IXYIXZZZZZZZZY;IXZZZZZZZXIYZY;IXZZZZZZZZXIYY;IYZZZXIYZZZZZX
284,60,5.837637578610249,70211.53690819028,ZYZZZZZYXZZZXI;ZYZZZZZZYIYZZY;IXZZYIYZZZZZZX;IXZZZZZZXIXZZX;IYZZZXIXZZZZZY;IYZZZZZZYIYZZY;IIIXXYZZZYYZZY;IIIXYXZZZYXZZX
285,85,2.7878381037705906,33654.1254094773,ZYZZZZZZXIYZZX;IIXZZZZZZZZYXY;IXZZZZYYZZZZXI;IXZZZZZZZXXZXI;IYZZZZZYIXZZZX;IYZZZZZZXIYZZX;IYZZZZZZZZZYIZ;IIIXZZZZYYYXZY
286,137,2.788295771304321,36758.70331660385,ZYZZZZZZZYIYZY;IIYZZZZZXXZZZY;IXZZZZZIZZZZZX;IXZZZZZYXZZZYI;IXZZZZZZZZXIXX;IYIZZZZZZZZZZY;IYZZZZYIYZZZZY;IYZZZZZZZYIYZY
287,64,0.35693228551884504,3171.586758525983,ZZXZZZZZZZZZXI;IIXZZZZZZZZZXZ;IIYZZZZZZZZZYZ;IIXIZZZZZZZZXZ;IIXZXXXXZZZZXI;IIXZXXYYZZZZXI;IIXZXXZZXXZZXI;IIXZXXZZYYZZXI
288,75,3.0360984358573977,42699.38332409412,IIXZZZZZXYZZZY;IXZZZZXIYZZZZY;IXZZZZZZXYZZYI;IYZZZYXZZZZZXI;IYZZZZZZZZXIYX;XZZZZYXZZZZYII;XZZZZZZYXZZYII;YZZZZZZXIIYZZX
289,49,0.2635138695718367,3870.6109922936353,IIYZXXZZZZZZZY;IIYZZZXXZZZZZY;IXZZZZZZZZYIYX;IXZZZZZZZZZXZI;XZXIIYZZZZZZZY;YZZZZZZZZZZIYI;IIIXXXZZZXXZZX;IIIXXYZYYZZZZY
290,119,3.1213060702526367,74664.91719247188,IXZYIXZZZZZZZY;IXZZZZZZZZYIXY;IZIYZZZZZZZZZY;XYIIXZZZZZZZZY;XZZZYIIYZZZZZX;YZZYIXZZZZZZXI;YZZZZZZZZXIYXI;IIIXXXZXXZZZZX
291,250,5.777964456374968,234492.176572623,IYZYIYZZZZZZZY;IYZZYIYZZZZZZY;IYZZZYIYZZZZZY;IYZZZZZZXIXZZY;IYZZZZZZZIZZZY;XXIIYZZZZZZZZY;XZZZXIIXZZZZZX;XZZZXIXZZZZZXI
292,68,0.11212700747523215,3828.150240404599,IYZZZZXIXZZZZY;IYZZZZZIZZZZZY;IYZZZZZZZZYIYY;XZXIIXZZZZZZZX;XZYIIYZZZZZZZX;XZZXIIXZZZZZZX;YZZZZZZZXYZXII;IIIXZZXXZYXZZY
293,101,3.043145769184633,46173.23080149031,IYZZZZYYZZZZYI;XZZXIIYZZZZZZY;XZZXIXZZZZZZXI;XZZZZZZZZXIIYY;YZZZYIIXZZZZZX;YZZZYYZZZZZYII;YZZZZXIIYZZZZX;IIIXZYYZZZZXYY
294,104,0.3205604880801963,3948.204817539588,IZIXZZZZZZZZZX;XXIIXZZZZZZZZX;XZZZYIIXZZZZZY;YZZXIXZZZZZZYI;YZZXIYZZZZZZXI;IIIXYXZZZZZZYZ;IIXYXZZZZZZYIZ;IIXZXXZZZZYXYI
295,68,3.036099076317091,42626.42152792999,XZZZXIIYZZZZZY;XZZZZZZXYZZYII;YZYIIXZZZZZZZX;YZZZZZXIIYZZZX;YZZZZZYIIXZZZX;YZZZZZZYIIXZZX;IIIXXYZZZZZXXY;IIIYZYYZZYXZZX
296,85,0.26197613657868235,5540.593873248436,XZZZZIZZZZZZXI;XZZZZYIXZZZZYI;XZZZZZZZZZXIZI;YZZZXIIYZZZZZX;YZZZYIIYZZZZZY;YZZZZZXYZZZXII;IIIZXZZZXYZZZY;IIIZXZZZYXZZZY
297,70,3.0498595942836975,59483.06234575682,XZZZZZXIIXZZZX;XZZZZZYIIYZZZX;XZZZZZZZZIZZXI;YZXIIXZZZZZZZY;YZZZZXIIXZZZZY;YZZZZZZXIIXZZY;IIXXXZIZZZZZZX;IIXXXZZZZIZZZX
298,59,0.18562306310005058,2106.5812121807935,XZZZZZZZXXZXII;XZZZZZZZYYZXII;YZZZZZZZYXZXII;IIIXXXZZZZZYXY;IIIXXXZZZZZZXZ;IIIXXYZZZZZYYY;IIIXXYZZZZZZYZ;IIIXYYZZZZZYXY
299,66,3.0499369807495893,37826.71890166697,XZZZZZZZZXIYYI;YZZZZYIIXZZZZX;YZZZZYIIYZZZZY;IIIXXYZYXZZZZX;IIIXYXZXYZZZZX;IIIXYYZXYZZZZY;IIIXZXYZXXZZZY;IIIXZXYZYXZZZX
300,66,3.043061896367128,46192.46665458214,XZZZZZZZZYIIYX;XZZZZZZZZZXIIZ;YZZZZZZYIYZZYI;IIIXZYXZZZXXZY;IIIXZZYYZZXYZY;IIIYXXZZZZXXZY;IIIZXZZZZYYZZX;IIXXYZZZZYXZXI
301,77,2.785797034368554,44341.52169207267,YZZZZZYIIYZZZY;YZZZZZZZZYIIYY;IIIXXYXYZZZZZX;IIIXXYZZZZZYXX;IIIXYXXYZZZZZX;IIIXZZYXXYZZZX;IIIYXXZYXZZZZX;IIIYYYZYXZZZZX
302,63,3.0431379491367503,46113.07021669785,YZZZZZZXIXZZYI;YZZZZZZZZXIIXY;IIIXXXZZXYZZZY;IIIXXYYXZZZZZX;IIIXXYZZZZZXYX;IIIXYXZZZZZXYX;IIIXYYZZXYZZZY;IIIXZZXYZZZZYZ
303,75,0.10426641296752608,1572.0007867118159,ZIIXZZZZZZZZZX;IIIXXYZXYZZZZX;IIIXXYZZYXZZZX;IIIXXYZZZXYZZX;IIIXYXZZZXYZZX;IIIXZZXXZZYYZX;IIIXZZXXZZZZXZ;IIIXZZYXZZZXYX
304,59,5.81090916496121,142350.66747309332,IIIXXXZZZZZXYY;IIIXXYZZZYXZZX;IIIXYXZZXYZZZX;IIIXYYXYZZZZZY;IIIXYYYXZZZZZY;IIIXYYZZZYXZZY;IIIXYYZZZZZXYY;IIIXZZYXZZZZYZ
305,62,3.0429193461638184,48880.65398966032,IIIXXYZXXZZZZY;IIIXXYZZXXZZZY;IIIXXYZZZXXZZY;IIIXYXZZZZZXXY;IIIXYYZZZXXZZX;IIIXYYZZZZXXZX;IIIXZYXZZZZZYZ;IIIYXYZZZZZXXX
306,44,2.767097422051543,48557.624309415456,IIIXYXZZYYZZZY;IIIXYXZZZZYYZY;IIIXYYZYYZZZZX;IIIXZXYZYYZZZY;IIIXZXYZZYYZZY;IIIXZXYZZZZYYY;IIIXZYYZYYZZZX;IIIXZYYZZYYZZX
307,70,3.0378801406244103,40201.421341810834,IIIXYYZYXZZZZY;IIIXYYZZZXYZZY;IIIXZXXZZZZXXX;IIIXZXXZZZZYYX;IIIXZXYZZZZXYX;IIIXZYXZZZZXXY;IIIXZYXZZZZYYY;IIIXZYYZZZZYXY
308,64,0.2457519531787891,541.6632759966972,IIIXYZYZZZZZZX;IIIXZXXYXZZZZY;IIIXZXXZZZYXZY;IIIXZXYZZXYZZX;IIIXZZXXYXZZZY;IIIXZZXYXXZZZY;IIIXZZZXXZZYYX;IIIXZZZYYZZYYX
309,53,0.2573050583435983,4904.742620341715,IIIXZXXXXZZZZX;IIIXZXXYYZZZZX;IIIXZXXZZZXXZX;IIIXZXYXXZZZZY;IIIXZXYZZXXZZY;IIIXZXYZZZZXXY;IIIXZYXXXZZZZY;IIIXZYXZZXXZZY
310,28,0.06575055839054032,1396.4476646092166,IIIXZXXZYXZZZY;IIIXZXXZYYZZZX;IIIXZYXZXXZZZY;IIIXZYXZXYZZZX;IIIXZYXZYYZZZY;IIIXZYYZXYZZZY;IIIXZZZZZZXYYZ;IIIXZZZZZZYXYZ
311,64,0.2287683994340204,335.9884505225074,IIIXZXYZZZZZYZ;IIIXZXZXZZZZZX;IIIXZYXZZYYZZY;IIIXZYXZZZYYZY;IIIXZZYYZYXZZY;IIIXZZZXYYXZZX;IIIXZZZXYZXYZX;IIIZYZYXZZZZZX
312,86,0.17775691943254865,563.245277061579,IIIXZYXZZZXYZX;IIIXZYXZZZYXZX;IIIXZYYXYZZZZY;IIIXZZXYZZYYZY;IIIXZZYXYYZZZY;IIIXZZYYZZYYZX;IIIXZZZYXZZZYZ;IIIXZZZZYYZZXZ
313,64,3.002937554118777,48550.55868613755,IIIXZYXZZZZXYX;IIIXZYYZZXYZZY;IIIXZYYZZYXZZY;IIIXZYYZZZZZXZ;IIIXZZXYZZZXYX;IIIXZZYYZZZYXY;IIIXZZYYZZZZXZ;IIIXZZYZXZZZZY
314,40,0.25730123571954033,4853.627469046705,IIIXZYZXZZZZZY;IIIXZZXXXYZZZY;IIIXZZXXZZXYZY;IIIXZZXXZZZYXY;IIIXZZZXXZXYZY;IIIXZZZXXZZYXY;IIIXZZZXZYZZZY;IIIXZZZYZYZZZX
315,65,0.3085812586041241,1712.2185926080444,IIIXZZXXZXYZZY;IIIXZZXXZZZXYY;IIIXZZXZYZZZZY;IIIXZZYXZXYZZX;IIIXZZYXZZZYXX;IIIXZZYZYZZZZX;IIIYXYYXZZZZZY;IIIYZZXXZXYZZX
316,57,3.0499756593743537,41422.44276654305,IIIXZZXYZXXZZY;IIIXZZXYZYYZZY;IIIXZZXYZZZXXY;IIIXZZXYZZZYYY;IIIXZZYXZXXZZY;IIIXZZYXZYYZZY;IIIXZZYXZZZXXY;IIIXZZYXZZZYYY
317,37,0.3205264513487934,5120.000782942445,IIIXZZYXXXZZZY;IIIXZZYXZZYYZY;IIIXZZZXYYYZZY;IIIXZZZZXXZYXY;IIIXZZZZXXZZXZ;IIIXZZZZYYZYXY;IIIYZZYYZZZZYZ;IIIZYYYZZZZZZY
318,57,0.25807643484828,5881.263905164173,IIIXZZYYXYZZZY;IIIXZZYYYXZZZY;IIIXZZYYZZYXZY;IIIXZZZXXYYZZX;IIIXZZZYXYYZZY;IIIYZXZXZZZZZY;IIIYZZYXZZYXZY;IIIYZZYYYXZZZX
319,84,0.18477700431165786,2076.315414423727,IIIXZZZXXXXZZX;IIIXZZZXXZYXZY;IIIXZZZXYXXZZY;IIIXZZZXYZYXZX;IIIXZZZXYZZYYY;IIIXZZZYXXXZZY;IIIXZZZYXZYXZX;IIIXZZZYYZYXZY
320,72,0.31458223637050364,2028.97923720677,IIIXZZZXXZZXXX;IIIXZZZXYZZXYX;IIIXZZZXYZZZYZ;IIIXZZZYYZZXXX;IIIXZZZZZXZYZY;IIIZXZZZZZXXZX;IIXYIXZZZYXZZX;IIXYIYZZZZXYZY
321,41,0.04094879244490867,1464.5594237382256,IIIXZZZXYZYYZY;IIIXZZZYXZYYZY;IIIXZZZZZXXXYY;IIIXZZZZZXYYYY;IIIXZZZZZYXXXY;IIIXZZZZZYYXXX;IIIXZZZZZYYYXY;IIIYXYZZZZXXZX
322,64,0.08172435375766474,1319.3886365381284,IIIXZZZYXZZXXY;IIIXZZZYZXZZZY;IIIXZZZZXYZYXX;IIIXZZZZYYXXZX;IIIYXXZZZZYXZX;IIIYXYZZZXXZZX;IIIYXYZZZZZYYX;IIIYZXXZZZYXZX
323,29,0.03601520661647016,128.6250629562563,IIIXZZZZXXXXZX;IIIXZZZZXXXYZY;IIIXZZZZXXYYZX;IIIXZZZZXYXXZY;IIIXZZZZYXXXZY;IIIYZZZZXXXXZY;IIIYZZZZXXXYZX;IIIYZZZZXXYXZX
324,59,3.036105041593262,46852.84018112124,IIIXZZZZXYZXXY;IIIXZZZZXYZYYY;IIIXZZZZXZYZZY;IIIXZZZZZXXXXX;IIIYXXZYYZZZZY;IIIYXXZZXYZZZX;IIIYYYZZZXXZZY;IIIYZZZYYZZXXY
325,45,0.25415055345004905,3394.671013144872,IIIXZZZZYXZYYY;IIIXZZZZZYYYYX;IIIYXXZZYXZZZX;IIIYXXZZZXYZZX;IIIYXXZZZYYZZY;IIIYYYZZYXZZZX;IIIYZZYXZZZZXZ;IIIYZZZXYZZZXZ
326,55,0.03881016389956228,652.4434540359733,IIIXZZZZZYXYYY;IIIXZZZZZYYZXZ;IIIYXXZZZYXZZX;IIIYXXZZZZXYZX;IIIYZZYYZYXZZX;IIIYZZZZZYXZXZ;IIIYZZZZZYYYYY;IIIYZZZZZZXYXZ
327,41,0.051917170891049566,405.0557585417431,IIIYXXZXYZZZZX;IIIYXXZZZZZXYX;IIIYXXZZZZZZYZ;IIIYYYZZZZZXYX;IIIYYYZZZZZZYZ;IIIYZZXXZZYXZX;IIIYZZXXZZZZYZ;IIIYZZYYZZYYZY
328,62,0.04023692894952079,704.0885855749138,IIIYXYZYYZZZZX;IIIYXYZZZZZZXZ;IIIYYXZZXYZZZY;IIIYYXZZZZZZXZ;IIIYZZXYYYZZZX;IIIYZZYYZXYZZX;IIIYZZZZZZYXXZ;IIXIZZZZXYZZZY
329,57,0.22739514498871463,4989.869716487674,IIIYXYZZYXZZZY;IIIYYXXYZZZZZY;IIIYYXZZZZZXYY;IIIYZXXZXXZZZY;IIIYZXYZZZZXXX;IIIYZYXZYYZZZX;IIIYZYYZZZZXXY;IIXZYXZZZZYIXX
330,51,0.028814270953582438,571.1101701710405,IIIYYXZZZZZXXX;IIIYZXXYXZZZZX;IIIYZXXZXYZZZX;IIIYZXYZZZXYZY;IIIYZYXZXYZZZY;IIIYZZZYXZZZXZ;IIIYZZZZXYZZXZ;IIXIZXXZZZZZZX
331,53,0.06660148390543788,3215.218260749705,IIIYZXXYYZZZZY;IIIYZXXZZZXXZY;IIIYZXYZZXXZZX;IIIYZXYZZZXXZX;IIIYZYXYYZZZZX;IIIYZYYXXZZZZY;IIIYZYYZZXXZZY;IIIYZYYZZZXXZY
332,61,0.04294027781033474,737.1073381582991,IIIYZXYYXZZZZY;IIIYZXYZZXYZZY;IIIYZXYZZZYXZY;IIIYZXYZZZZZXZ;IIIYZZYXZZXXZX;IIIZXZZYXZZZZY;IIIZXZZZZXYZZY;IIXXIXZYXZZZZY
333,49,0.059563292539474504,932.7066231106583,IIIYZXYZXXZZZX;IIIYZYXZYXZZZY;IIIYZYYXYZZZZX;IIIYZYYZYXZZZX;IIIYZZYXZZYYZX;IIIYZZZZZZYYYZ;IIIZYZXXZZZZZY;IIXZXIXZZZXYZY
334,48,0.2833508820617202,1210.5863801982305,IIIYZYXZZYYZZX;IIIYZYYZZXYZZX;IIIYZZXYYXZZZY;IIIZYZZXYZZZZX;IIIZYZZYXZZZZX;IIXIYXZZZZZZZY;IIXXIYZYXZZZZX;IIXYXZZIZZZZZY
335,69,3.009800097455709,52814.181265784624,IIIYZYYZZZZZYZ;IIIYZZYXYYZZZX;IIIYZZZXXXYZZX;IIIYZZZYXXYZZY;IIIYZZZZXXZZYZ;IIIZYZYYZZZZZY;IIXXIYYXZZZZZX;IIXXIYZZZZZZYZ
336,51,0.2478825783535069,1275.0350348617526,IIIYZZXYZZYXZY;IIIYZZZXYYXZZY;IIIYZZZXYZZYXY;IIIYZZZZYXZYYX;IIIZXZYYZZZZZX;IIXIZZZYXZZZZY;IIXXXYIYZZZZZX;IIXZXIXZYYZZZX
337,58,0.21362078114751604,780.1053087558773,IIIYZZYYZZZYXX;IIIYZZZYYZZXYX;IIIYZZZZZXXYXX;IIIZXZZYYZZZZX;IIIZXZZZZXXZZX;IIIZYZZZZZZXXY;IIIZYZZZZZZYYY;IIXXIYZZZZZXYX
338,49,0.03944307797221559,694.3124488015299,IIIYZZZZXXZYXX;IIIYZZZZXYZXYY;IIIYZZZZZYXYYX;IIIZXZZZYYZZZX;IIIZYZZZZXYZZX;IIIZYZZZZYYZZY;IIXZXIYZYXZZZX;IIXZXIYZYYZZZY
339,43,0.149070462064556,2230.0259951047233,IIIYZZZZYXZZXZ;IIIZXZXXZZZZZX;IIIZXZXYZZZZZY;IIIZXZYXZZZZZY;IIIZYZXYZZZZZX;IIXXZXZZZZZZXI;IIXYIXZZZZZZYZ;IIXZZZZZXXZXZI
340,45,0.25420384305265514,3379.0042690024857,IIIZXZZXXZZZZX;IIIZXZZXYZZZZY;IIXXIXZXXZZZZX;IIXXIXZXYZZZZY;IIXXIXZYYZZZZX;IIXXXXYZZZZZYI;IIXXXZZZZXYZYI;IIXXXZZZZYXZYI
341,43,0.33041103079028933,3690.347108674515,IIIZXZZZZYXZZY;IIIZXZZZZZZYXY;IIIZYZZZZZZYXX;IIXXXIZZZZZZZX;IIXXXZXIXZZZZX;IIXXXZZYIYZZZX;IIXXYIZZZZZZZY;IIXXYZYIYZZZZY
342,65,0.33192764212247433,5408.480208022795,IIIZXZZZZZZXXX;IIIZXZZZZZZYYX;IIIZYZZZZXXZZY;IIXIXYZZZZZZZY;IIXXIXZZYYZZZX;IIXYIXZZXYZZZX;IIXZXZIYZZZZZY;IIXZYYIZZZZZZX
343,36,0.05953764660122214,531.4107661502678,IIIZZXZZZZZZZX;IIXIZYYZZZZZZX;IIXXIXXYZZZZZY;IIXXIYXYZZZZZX;IIXXXZYXZZZZYI;IIXXXZZYYZZZXI;IIXXXZZZXYZZYI;IIXZYXZXIXZZZY
344,40,0.22019590732474595,5103.914245140165,IIXIZZZXXZZZZX;IIXIZZZZYXZZZY;IIXXIXZZZYXZZY;IIXXIYZZXXZZZY;IIXXXZXXZZZZXI;IIXXXZZZZZXXXI;IIXXYZXXZZZZYI;IIXZYIXZZZZZYZ
345,72,0.31368381107571736,194.4754544850582,IIXIZZZZZXXZZX;IIXXIXZZYXZZZY;IIXXIXZZZZXYZY;IIXXIYZZZYYZZY;IIXXIZYZZZZZZY;IIXXXZZZXIXZZX;IIXXXZZZZXIXZX;IIXXXZZZZXXZXI
346,73,0.32063877432618054,1802.662530827182,IIXIZZZZZZZYXY;IIXXIXZZXXZZZX;IIXXIXZZZXXZZX;IIXXIYZZZYXZZX;IIXXIZXZZZZZZX;IIXXYZXYZZZZXI;IIXXYZZZZZZYZI;IIXYXZZZZZXIYX
347,97,3.036248270378816,40588.83561304489,IIXXIXZZXYZZZY;IIXXIXZZZZZXYY;IIXXIYZZYXZZZX;IIXXIYZZZZYXZX;IIXXXYIXZZZZZY;IIXXXZZZZXIYZY;IIXXYXIYZZZZZX;IIXXYZZZYIXZZX
348,51,2.790436446978688,35401.55508777997,IIXXIXZZZYYZZX;IIXXIXZZZZYYZX;IIXXIXZZZZZYYX;IIXXIYXXZZZZZY;IIXXIYZZZZZYYY;IIXXYZZZZYYZYI;IIXZIYXZZZZZZY;IIXZXXZXIYZZZY
349,51,0.0361358967040466,1562.197615262494,IIXXIXZZZZZXXX;IIXXIYZYYZZZZY;IIXXIYZZZXXZZY;IIXXIYZZZZXXZY;IIXXIYZZZZZXXY;IIXYIXZXXZZZZY;IIXYIXZZZXXZZY;IIXYIXZZZZXXZY
350,55,0.0701846914807047,1039.065002875541,IIXXIYZZZXYZZX;IIXXXYYZZZZZXI;IIXXXZXIYZZZZY;IIXXXZXYZZZZYI;IIXXYZZZXIXZZY;IIXYIXZXYZZZZX;IIXZXIYYXZZZZX;IIXZXIYZZXYZZX
351,100,0.17710385342730017,2879.597147349733,IIXXIYZZZZXYZX;IIXXXZZYXZZZYI;IIXXXZZZYIXZZY;IIXXXZZZYIYZZX;IIXXYZZZXIYZZX;IIXZXYZZYXZZXI;IIXZZXIXZZXYZY;IIXZZXIXZZYYZX
352,54,0.052324844302899395,839.8597497772749,IIXXXZZZIZZZZX;IIXXXZZZXIYZZY;IIXXXZZZXXZZXI;IIXXYZZZZZXIXY;IIXYIYZZZYYZZX;IIXYXZYYZZZZYI;IIXZIZZZYYZZZX;IIXZIZZZZXYZZY
353,59,0.20152048843344508,901.63210288602,IIXXXZZZZYIXZY;IIXXXZZZZYYZXI;IIXXYYIXZZZZZX;IIXXYZXIYZZZZX;IIXXYZZZZXIYZX;IIXXYZZZZZXIYX;IIXXYZZZZZYIXX;IIXXYZZZZZZYIZ
354,63,0.0644854927417169,1190.516091491984,IIXXXZZZZZXIXX;IIXXXZZZZZXIYY;IIXXXZZZZZYIXY;IIXXXZZZZZYIYX;IIXXXZZZZZZXIZ;IIXYYZZZZZXIXX;IIXYYZZZZZXIYY;IIXYYZZZZZYIXY
355,60,0.22783488745069988,1134.6074404409467,IIXXXZZZZZYXYI;IIXXXZZZZZYYXI;IIXXXZZZZZZIZX;IIXXXZZZZZZZIX;IIXXYYIYZZZZZY;IIXXYZIZZZZZZY;IIXYXYIYZZZZZY;IIXYXZIZZZZZZY
356,86,11.621037020804227,351283.94867204234,IIXXYXYZZZZZXI;IIXXYZZZZXYZXI;IIXXYZZZZZYIYY;IIXYXXYZZZZZXI;IIXYXZZXYZZZXI;IIXYXZZZZXYZXI;IIXYXZZZZZYIYY;IIXYXZZZZZZYZI
357,53,0.10402913928430076,195.62278044203788,IIXXYZZIZZZZZY;IIXXYZZYIXZZZX;IIXXYZZZZYIYZY;IIXYXZZZZYIYZY;IIXYYXXZZZZZXI;IIXYYYXZZZZZYI;IIXYYYYZZZZZXI;IIYXXZZIZZZZZY
358,58,0.26623271649894387,4047.7242487175276,IIXXYZZZZXIXZY;IIXXYZZZZZZZIY;IIXXZIYZZZZZZY;IIXYIXZZXXZZZY;IIXYIXZZZZYYZY;IIXYIYZZZYXZZY;IIXYIZXZZZZZZY;IIXYYZZIZZZZZX
359,37,0.1031387261675552,4186.623354864738,IIXXYZZZZZZIZY;IIXYIXZZYYZZZY;IIXYIXZZZYYZZY;IIXYIYZZZXYZZY;IIXYXZZZZZYXXI;IIXYYZXYZZZZYI;IIXYYZYXZZZZYI;IIXZIZZZZZYXZY
360,34,0.04590144475670106,1016.0611885354414,IIXXZIXZZZZZZX;IIXYIXZZZXYZZX;IIXYIXZZZZYXZX;IIXYIZYZZZZZZX;IIXYXZZXIXZZZY;IIXYYZZYXZZZYI;IIXYYZZZZXYZYI;IIXZZYXZXXZZYI
361,39,2.769087780778364,36346.373318357146,IIXYIXZZZZXYZX;IIXYIXZZZZZYXX;IIXYIYXYZZZZZY;IIXYIYZYXZZZZY;IIXYIYZZZZZYXY;IIXYXZXYZZZZXI;IIXYXZZZXYZZXI;IIXYXZZZZYXZXI
362,29,0.04529993420801373,861.0995568855344,IIXYIXZZZZZYYY;IIXYIYXXZZZZZX;IIXYIYYYZZZZZX;IIXYIYZZYYZZZX;IIXYIYZZZZYYZX;IIXYIYZZZZZYYX;IIXYXZZZZYYZYI;IIYXIXXXZZZZZY
363,40,0.09038760681857971,1403.564043734107,IIXYIYZZZZZXYY;IIXYXZZXIYZZZX;IIXYXZZZYIXZZX;IIXYXZZZZYIXZX;IIXZIZZZZZZXYY;IIXZXYXIYZZZZX;IIXZXYZZYIXZZX;IIXZXYZZZYIXZX
364,61,0.07169232619844092,558.5272613594954,IIXYXXXZZZZZYI;IIXYYYIXZZZZZY;IIXYYYIYZZZZZX;IIXYYZZXIYZZZY;IIXZYXZZZXYZXI;IIXZZXIXZXXZZX;IIXZZYIXZZZXXY;IIXZZZYIYZZZXZ
365,78,0.14122307931098366,518.5359229239144,IIXYXZXIXZZZZY;IIXYXZZZXIXZZY;IIXYXZZZZZZIZY;IIXYYXIXZZZZZX;IIXYYZXIXZZZZX;IIXYYZZXIXZZZX;IIXZXXZZZZXIYY;IIXZYIXZZXYZZX
366,82,0.32607480742698336,1420.6086477849406,IIXYXZZZZZIZZY;IIXYYZXXZZZZXI;IIXZIZZZXXZZZX;IIXZIZZZZZZXXX;IIXZXIYZZZZYYY;IIXZXYZZZXIXZY;IIXZZXYZYIXZZX;IIXZZXYZZZZYIZ
367,63,0.07062513535151214,1030.1744422316335,IIXYYZYIXZZZZY;IIXYYZYIYZZZZX;IIXYYZZZXIYZZY;IIXZXIXZXYZZZY;IIXZXYZZZZYYYI;IIXZZXIXZZZZXZ;IIXZZZYIXXXZZY;IIXZZZYXZYYZYI
368,52,0.03572961244124753,878.2933147676943,IIXYYZZXYZZZYI;IIXYYZZZIZZZZX;IIXYYZZZYXZZYI;IIXZIXYZZZZZZY;IIXZIZZZZZXYZY;IIXZXIYZZZXXZY;IIXZXIYZZZYYZY;IIXZXYZZZZIZZY
369,49,0.059537646601222134,1258.2991774953703,IIXYYZZZXYZZYI;IIXYYZZZZXIYZY;IIXZIYYZZZZZZX;IIXZIZZZZYYZZX;IIXZIZZZZZZYYX;IIXZXYZYYZZZYI;IIXZYYZZZXIYZY;IIXZZZXIYZXXZY
370,52,0.3323013539468694,1013.6907973602899,IIXYYZZZZZIZZX;IIXZIZZZYXZZZY;IIXZXIXZZZXXZX;IIXZXIXZZZYYZX;IIXZXIYZXXZZZY;IIXZXXZYIXZZZY;IIXZXYZXIXZZZY;IIXZZXIYZZZZYZ
371,74,0.07711232261648675,1239.662736923346,IIXZIZZZZZYYZX;IIXZXIXZZZZYXY;IIXZXIYZZYXZZX;IIXZXIYZZZZXYX;IIXZXXYIXZZZZY;IIXZXYYIYZZZZY;IIXZYXXIXZZZZY;IIXZYYXIYZZZZY
372,52,0.047445362715992645,513.9454127403227,IIXZXIXYYZZZZX;IIXZXIYXYZZZZX;IIXZXXIZZZZZZX;IIXZXXZIZZZZZX;IIXZXYZZYIYZZY;IIXZXYZZZIZZZY;IIXZXYZZZZYIYY;IIXZYXIZZZZZZY
373,76,5.732902439984114,82398.72339356573,IIXZXIYZZXXZZY;IIXZXIYZZYYZZY;IIXZXIYZZZZXXY;IIXZXIZYZZZZZY;IIXZXXZYYZZZXI;IIXZXXZZZXXZXI;IIXZXYXIXZZZZY;IIXZYXZZZZZYIZ
374,65,0.2330141091001755,1604.2596025167682,IIXZXIYZZZZZYZ;IIXZXIZXZZZZZX;IIXZXXXIXZZZZX;IIXZXYZXYZZZXI;IIXZYYZZZZIZZX;IIXZZXIXYXZZZY;IIXZZYIYYYZZZX;IIXZZYXZZZYIYY
375,67,0.22854407516119238,813.1059008018256,IIXZXXYIYZZZZX;IIXZXXZXIXZZZX;IIXZXXZXYZZZYI;IIXZXYZYXZZZXI;IIXZYXZZYIYZZY;IIXZYXZZZZXYXI;IIXZYXZZZZYIYY;IIXZZYIZYZZZZX
376,70,0.04972324861252746,1361.0931645451244,IIXZXXZZYIYZZX;IIXZXXZZZIZZZX;IIXZXXZZZZYIYX;IIXZXXZZZZZIZX;IIXZXYIZZZZZZY;IIXZXYZIZZZZZY;IIXZYIYYYZZZZX;IIXZZIYXZZZZZY
377,43,0.05253219456785379,1265.6154761277564,IIXZXXZZZXIYZY;IIXZXXZZZYIYZX;IIXZXYZYIXZZZX;IIXZXYZZZXIYZX;IIXZXYZZZYIYZY;IIXZYXZZZXIYZX;IIXZYXZZZYIYZY;IIXZYYZYIYZZZX
378,51,0.02760945917888545,562.8837432127582,IIXZXYYIXZZZZX;IIXZXYZZZZYIXX;IIXZYIXZZZYYZY;IIXZYIYZXXZZZX;IIXZYIYZZZXXZX;IIXZYXZXXZZZYI;IIXZZXIYZYYZZY;IIXZZXYIZZZZZY
379,43,0.07256352665880553,538.8264684739631,IIXZXYZZXXZZYI;IIXZYIXZZYYZZY;IIXZYIXZZZZXXY;IIXZYXXIYZZZZX;IIXZYYXIXZZZZX;IIXZYZIYZZZZZX;IIXZZZZZZXIYYZ;IIXZZZZZZXZIXX
380,51,3.0360983812143583,46839.408179689846,IIXZYIXZZZZYXX;IIXZYIYYXZZZZY;IIXZYIYZZYXZZY;IIXZYIYZZZXYZY;IIXZYXZZZYXZXI;IIXZYXZZZZZYZI;IIYXYZYIYZZZZX;IIYZXIXYXZZZZX
381,74,0.09598131089408757,495.16524269367824,IIXZYIYXXZZZZX;IIXZYIYZZXXZZX;IIXZYXZXIYZZZX;IIXZYXZZYIXZZX;IIXZYXZZZXXZYI;IIXZYYZYYZZZXI;IIXZYYZZXIYZZY;IIXZYYZZZYYZXI
382,44,0.25395744702057943,920.2081654156979,IIXZYIYZYYZZZX;IIXZYIYZZZYYZX;IIXZYIZYZZZZZX;IIXZYXZZXXZZYI;IIXZYXZZZZYYYI;IIXZZIYYZZZZZX;IIXZZIZZZZYYZX;IIXZZIZZZZZYYX
383,62,0.33042907016037315,3693.984633572581,IIXZYIYZZZYXZY;IIXZYIYZZZZXYY;IIXZYIZXZZZZZY;IIXZYXZZXIYZZX;IIXZYYZZZZYXYI;IIXZZIZZYXZZZY;IIXZZIZZZZYXZY;IIXZZXYZXIYZZX
384,37,0.04657855422168332,809.9052865266133,IIXZYXZZXIXZZY;IIXZYYZZXIXZZX;IIXZYYZZYIXZZY;IIXZZXIXXXZZZX;IIXZZXYZYIYZZY;IIXZZYYZYIYZZX;IIXZZZXXZXXZXI;IIXZZZZXZYZZYI
385,88,2.742168625485876,49946.17514068547,IIXZYXZZZYIXZX;IIXZYYZZZXXZXI;IIXZZIZZZYYZZX;IIXZZIZZZZXYZY;IIXZZXIYZZXYZX;IIXZZYYZZIZZZX;IIXZZYYZZXIYZY;IIXZZZXYZIZZZY
386,34,0.1421418538899196,1469.0586375091025,IIXZYXZZZZIZZY;IIXZZIXXZZZZZX;IIXZZIZZZZZXXX;IIXZZXIYXXZZZY;IIXZZXIYZZZXXY;IIXZZXIYZZZYYY;IIXZZZZYYZYYXI;IIYXIXZZZXYZZX
387,33,0.039108764715112,692.5455100437734,IIXZYYZZZYIXZY;IIXZYYZZZYXZYI;IIXZZIZZZYXZZY;IIXZZXIYZXYZZX;IIXZZXIYZZZXYX;IIXZZXIZXZZZZX;IIXZZZXIYZYXZX;IIYXIYZZXXZZZX
388,61,0.09234488278457895,2694.877121492104,IIXZZIZZXYZZZY;IIXZZXIXZXYZZY;IIXZZXIXZYYZZX;IIXZZXIYZYXZZX;IIXZZXXZZXIYZY;IIXZZXYZZYIXZX;IIXZZZZZYXZZIY;IIYXIYZZZZZZXZ
389,53,0.02169296479212087,673.3968523179295,IIXZZIZZZXYZZY;IIXZZXIXXYZZZY;IIXZZXIYZZYXZX;IIXZZXXZZZYXYI;IIXZZXYZZZYIXX;IIXZZYIXZXXZZY;IIXZZZXXZZXIXX;IIXZZZYXZZXXYI
390,46,0.20289474956381523,535.0855627317712,IIXZZXIXZYXZZY;IIXZZXIXZZZXYY;IIXZZXIXZZZYXY;IIXZZXIYZZZYXX;IIXZZXYYIYZZZY;IIXZZYIXZZZXYX;IIXZZYIXZZZYXX;IIXZZYIYZYXZZY
391,81,0.1229556856926042,1926.997153653246,IIXZZXIXZZYXZY;IIXZZXIYZZXXZY;IIXZZXIZYZZZZY;IIXZZXXZZIZZZX;IIXZZXYZZXIYZX;IIXZZXZIXZZZZX;IIXZZYIXZZYXZX;IIXZZYZIXZZZZY
392,34,0.11242485959598722,773.656281474765,IIXZZXXIZZZZZX;IIXZZXXYIXZZZY;IIXZZXYYIXZZZX;IIXZZXYZZYIYZY;IIXZZYXIZZZZZY;IIXZZYXZZYIYZY;IIXZZYYIZZZZZX;IIXZZYYZZYIYZX
393,33,0.04505505748405647,291.9893127804191,IIXZZXXYIYZZZX;IIXZZXXZXYZZYI;IIXZZXXZZXXZXI;IIXZZXYXIXZZZY;IIXZZXYZZYXZXI;IIXZZYXXIXZZZY;IIXZZYYZXYZZYI;IIXZZYYZZXXZXI
394,61,0.2755188715570493,1201.1810065807892,IIXZZXXZXXZZXI;IIXZZXXZZZYYXI;IIXZZYIXZZZYYY;IIXZZYXXIYZZZX;IIXZZYXZZZZYIZ;IIXZZYYZZYXZYI;IIXZZZZYIXXYZX;IIXZZZZZZIXYZY
395,40,0.2364691739346775,280.02474611865944,IIXZZXXZZXIXZX;IIXZZXXZZXYZYI;IIXZZXXZZZIZZX;IIXZZXYYXZZZXI;IIXZZYIXZZXXZY;IIXZZZIXYZZZZY;IIXZZZXIYXXZZY;IIXZZZXXZZZZIX
396,49,0.03302481489870712,634.2423063392284,IIXZZXXZZYYZXI;IIXZZXYYYZZZYI;IIXZZYIXZXYZZX;IIXZZYXZIZZZZY;IIXZZYYZZZIZZX;IIXZZZXYZZIZZY;IIXZZZYXZYXZXI;IIXZZZYYIZZZZX
397,57,0.23325175258210779,1473.5524129663913,IIXZZXYZZXYZXI;IIXZZXYZZZIZZY;IIXZZYIYZXXZZX;IIXZZYYXIXZZZX;IIXZZZXIXZYXZY;IIXZZZXIYZYYZY;IIXZZZXXZZYIXY;IIXZZZZXYZXXYI
398,118,0.2526395831955613,3917.752582962545,IIXZZXYZZZXIYX;IIXZZYIXXYZZZX;IIXZZYIYXXZZZX;IIXZZYXZZZIZZY;IIXZZYXZZZYXXI;IIXZZZIZZZZYYX;IIXZZZXIXZXXZX;IIXZZZYIYZXYZY
399,43,0.04792139939158463,190.0646741155614,IIXZZXZIYZZZZY;IIXZZYIYZXYZZY;IIXZZYXZZYIXZX;IIXZZYXZZZYIXX;IIXZZZIYXZZZZY;IIXZZZIZZZZXYY;IIXZZZXYZYIXZX;IIYIZZZZZYXZZX
400,46,0.08444518030768997,1005.5435036297702,IIXZZYXZZXIYZX;IIXZZYXZZZXIYX;IIXZZYYYXZZZYI;IIXZZZIZZYXZZY;IIXZZZXYZZXIYX;IIXZZZYYZYXZYI;IIXZZZYZIXZZZY;IIXZZZZZXYZZIY
401,51,0.02034382958177598,463.2976117912769,IIXZZYXZZZXIXY;IIXZZYXZZZYYYI;IIXZZYYZIZZZZX;IIXZZYYZXXZZXI;IIXZZZIXXZZZZX;IIXZZZXXZXIYZY;IIXZZZYIZYZZZX;IIXZZZZXYZXIXY
402,79,0.23367570527987216,1600.570050652039,IIXZZYYZZXIXZX;IIXZZYYZZXYZYI;IIXZZYYZZZXXXI;IIXZZZXIXZZYYX;IIXZZZXYZYIYZY;IIXZZZYIYYYZZX;IIXZZZYYZXXZXI;IIXZZZZXIXZYXY
403,66,0.04176270185793396,389.6108588753801,IIXZZYYZZYIXZY;IIXZZZIZZXXZZX;IIXZZZXIXZZYXY;IIXZZZXIYZZYYY;IIXZZZXXZZIZZX;IIXZZZYXXXZZYI;IIXZZZYYZXIXZX;IIXZZZZXYZYIYY
404,47,0.0716489198903381,741.7632442885763,IIXZZYZYZZZZXI;IIXZZZXIXXXZZX;IIXZZZXIXYYZZX;IIXZZZXIXZZXXX;IIXZZZXIYZZXXY;IIXZZZYIYZZXXX;IIYYZXZZZZZZXI;IIYZYIXXXZZZZX
405,51,0.2892228058999421,1717.2857973239293,IIXZZZIZXYZZZY;IIXZZZIZZZZYXY;IIXZZZXXZYIYZX;IIXZZZXYZZZYZI;IIXZZZYXZZZYZI;IIXZZZZZXIZXZX;IIXZZZZZXXZIZX;IIXZZZZZYIYXYY
406,43,0.07018889609765754,504.18871087520216,IIXZZZXIXZXYZY;IIXZZZXIZYZZZY;IIXZZZXXXIYZZY;IIXZZZXXXYZZYI;IIXZZZXYZZYXXI;IIXZZZYXYIXZZX;IIXZZZZIZZXYZY;IIXZZZZXXXIYZY
407,65,0.10080735405793945,1148.8217780779012,IIXZZZXIYZZXYX;IIXZZZXIZXZZZX;IIXZZZXXXIXZZX;IIXZZZXYXIYZZX;IIXZZZYIYZZYXY;IIXZZZYIZXZZZY;IIXZZZYXXIXZZY;IIXZZZYYXIYZZY
408,36,0.03995607056664916,765.9621605850315,IIXZZZXXYIXZZY;IIXZZZXXZYIXZY;IIXZZZXYYIXZZX;IIXZZZYXXIYZZX;IIXZZZYXZXIYZX;IIXZZZYYZXIYZY;IIXZZZYYZYIXZY;IIYXIYYXZZZZZY
409,66,0.3401396214347543,860.3827801049976,IIXZZZXXZXIXZX;IIXZZZXYIZZZZY;IIXZZZXYZZYIYY;IIXZZZYIXYXZZX;IIXZZZYYZXYZYI;IIXZZZZXIYZYXX;IIXZZZZYIXZXXY;IIXZZZZZXIYXYX
410,87,0.23832403997398613,411.6978873974132,IIXZZZXYYIYZZY;IIXZZZXYZXYZXI;IIXZZZYIYZXXZX;IIXZZZYXYYZZYI;IIXZZZZXXYIXZY;IIXZZZZYIXZYYY;IIXZZZZYXXIYZX;IIXZZZZZXXXIXX
411,54,0.24547217767369842,926.0155443459206,IIXZZZXYZZYYYI;IIXZZZYIYZYXZY;IIXZZZYXZZIZZY;IIXZZZYXZZYXXI;IIXZZZYXZZZIZY;IIXZZZZIXXZZZX;IIXZZZZXIXXXZX;IIXZZZZXIXZZXZ
412,54,0.27117674351974347,562.1118792934507,IIXZZZYIXZYYZY;IIXZZZYXZYIYZY;IIXZZZYXZZYIYY;IIXZZZYYXYZZYI;IIXZZZYYZZXIXX;IIXZZZZXYXIXZY;IIXZZZZYYYIYZX;IIXZZZZZYXZYZI
413,54,3.009809636000291,52810.02363925414,IIXZZZYIYXYZZY;IIXZZZYXZZYIXX;IIXZZZZIYXZZZY;IIXZZZZIZZZXYY;IIXZZZZXXIZZZX;IIXZZZZZYXZYIZ;IIXZZZZZZZZIXZ;IIYZZYXZZXIXZX
414,63,0.3943987995733166,4844.966859859521,IIXZZZYXZXXZYI;IIXZZZYYZYYZXI;IIXZZZZIZXXZZX;IIXZZZZIZYYZZX;IIXZZZZXYXXZYI;IIXZZZZZYIZXZY;IIXZZZZZZXXZIX;IIXZZZZZZXYIZY
415,44,0.09226419577144596,942.3823847370356,IIXZZZYYZZYIXY;IIXZZZYYZZZXIZ;IIXZZZYYZZZXZI;IIXZZZZZXIYYXX;IIXZZZZZYYXIYY;IIXZZZZZYYYIXY;IIXZZZZZYYZXIZ;IIZXZZZZZZXIXX
416,70,0.0400277401689775,776.1523380162618,IIXZZZZIYYZZZX;IIXZZZZIZZZYYX;IIXZZZZXIYYXZX;IIXZZZZXYYIYZY;IIXZZZZYIXYYZY;IIXZZZZYYXIXZX;IIXZZZZZIXXZZX;IIXZZZZZYIYYXY
417,49,0.1845327908050082,2956.60712627368,IIXZZZZXIXZXYY;IIXZZZZXIXZYYX;IIXZZZZXIYYYZY;IIXZZZZXIYZYYY;IIXZZZZYIXYXZX;IIXZZZZYIYZXYY;IIYYYXXZZZZZYI;IIYZZZZZZIZZYZ
418,91,0.3279320796610527,5492.553779471789,IIXZZZZXIYXXZY;IIXZZZZXXYIYZX;IIXZZZZXXZYYXI;IIXZZZZYXXIXZY;IIXZZZZZIYYZZX;IIXZZZZZXIXXYY;IIXZZZZZXXZXIZ;IIYZXZXZZZZZYI
419,35,0.0710689745265433,1033.963340955658,IIXZZZZXIZXZZX;IIXZZZZXYIZZZY;IIXZZZZXYXIYZX;IIXZZZZYIZXZZY;IIXZZZZYYIZZZX;IIXZZZZYYXIYZY;IIXZZZZYYYIXZY;IIYXXXYZZZZZXI
420,45,0.029992900189696664,546.8425298153176,IIXZZZZXYZXIYX;IIXZZZZXYZYIXX;IIXZZZZXYZZYIZ;IIXZZZZXYZZZIY;IIXZZZZYXZIZZY;IIXZZZZYXZXIYX;IIXZZZZYXZYIXX;IIXZZZZYXZZYIZ
421,58,0.04093791320726239,735.6220383417804,IIXZZZZYIXXXZY;IIXZZZZYIYZYXY;IIXZZZZYXXXZYI;IIXZZZZYXZXIXY;IIXZZZZZIZZYYX;IIYXXZXIYZZZZX;IIYXXZZXYZZZXI;IIYYIYZZZZZXYX
422,73,0.1411485565474908,2610.0081855039502,IIXZZZZYYYXZYI;IIXZZZZZIYXZZY;IIXZZZZZYXYIXX;IIXZZZZZZYXZIY;IIYZZZXXYXZZXI;IIYZZZZXYZYIYX;IIYZZZZXZIXZZY;IIZYZZZYXZZZXI
423,65,0.31615578404334077,275.3264750570036,IIXZZZZZIZZXXX;IIXZZZZZXXXIYY;IIXZZZZZXYYIXX;IIXZZZZZYXIZZY;IIXZZZZZZZYYIX;IIYXXZZZYIXZZX;IIYYIYZZZZZYXX;IIYZXXZZYIXZZX
424,35,0.2983266848875585,4709.968904308593,IIXZZZZZXIZYZY;IIXZZZZZXXYIXY;IIXZZZZZYIXXXY;IIXZZZZZZYIZYX;IIXZZZZZZZXXIX;IIYXXZZZIZZZZY;IIYYXZZZZXIXZX;IIYYYZZZIZZZZY
425,42,0.06004919158301822,1020.3035369289106,IIXZZZZZYIXYXX;IIXZZZZZZXIZXX;IIXZZZZZZXIZYY;IIYXYZZZZZXIYY;IIYYIXZZZZZYXY;IIYYIXZZZZZYYX;IIYZYIXZZZZYXY;IIYZYIXZZZZYYX
426,36,0.2526016076821569,3452.172487414974,IIXZZZZZYYYXYI;IIXZZZZZZIZYXY;IIYXIXYXZZZZZX;IIYXYIZZZZZZZX;IIYXYZIZZZZZZX;IIYZIXYZZZZZZX;IIYZYIZXZZZZZX;IIYZYZIXZZZZZX
427,48,0.25256079856656743,3321.689496627657,IIXZZZZZZXXIZX;IIXZZZZZZYZIXY;IIYIZZZZZZYYZY;IIYXYZXXZZZZXI;IIYXYZYYZZZZXI;IIYXYZZZZYYZXI;IIYYXZYYZZZZXI;IIYYXZZZZYYZXI
428,97,5.445308769637312,68767.72799524716,IIYXIXZZZZZZYZ;IIYXXIZZZZZZZY;IIYXXZZZZZZZIY;IIYYXZYIYZZZZX;IIYYXZZIZZZZZX;IIYYXZZZYIYZZX;IIYYXZZZZIZZZX;IIYYYZYIYZZZZY
429,40,3.0362381681601587,38917.464262076915,IIYXIYZZZXYZZY;IIYXIYZZZZZXYY;IIYXXZZXXZZZYI;IIYXXZZYYZZZYI;IIYXXZZZZZYIXX;IIYXYZZZZXIYZY;IIYYXZZZZYIXZY;IIYZZZYXYIXZZY
430,99,0.09226033026849162,1453.4286384544378,IIYXXZIZZZZZZY;IIYXXZZYIYZZZY;IIYXXZZZXIXZZY;IIYXXZZZZZZIZY;IIYXYZZZXIXZZX;IIYXYZZZZZZIZX;IIYYIXZZZZZZXZ;IIYYYIZZZZZZZY
431,65,0.14223593198229714,1020.4606185035592,IIYXXZYIYZZZZY;IIYXXZZZXIYZZX;IIYXXZZZZZIZZY;IIYXYZZYXZZZYI;IIYXYZZZZZZXZI;IIYYXZXYZZZZYI;IIYYXZZYXZZZYI;IIYYXZZZZZZXZI
432,58,0.058651791751246754,1006.6784478583622,IIYXXZZZZIZZZY;IIYXXZZZZXYZXI;IIYXXZZZZZYIYY;IIYXYZZZIZZZZX;IIYYXZZXYZZZYI;IIYYXZZZIZZZZX;IIYYYZZZZXYZXI;IIYYYZZZZZYIYY
433,23,0.02396565368603485,448.39197563691306,IIYXXZZZZXIXZY;IIYXXZZZZYIXZX;IIYXYZZYYZZZXI;IIYYXZYXZZZZYI;IIYYXZZYYZZZXI;IIYYYZZZZXIYZX;IIYZZZXXZXIYZX;IIYZZZXXZYIXZX
434,88,0.23534942806292675,4011.548780101139,IIYXYZYIXZZZZY;IIYXYZZZYXZZYI;IIYXYZZZZZYIXY;IIYYXZYIXZZZZY;IIYYXZZZYXZZYI;IIYYXZZZZZYIXY;IIYYYZZZZZXIYX;IIYZZXXZYIYZZY
435,52,0.058586081399092674,743.3039254906467,IIYXYZZZZIZZZX;IIYXYZZZZXXZXI;IIYXYZZZZXYZYI;IIYXYZZZZZIZZX;IIYYXZZZZXYZYI;IIYYXZZZZYXZYI;IIYYXZZZZZIZZX;IIYYYYIYZZZZZY
436,45,0.07711232261648675,914.8192759019317,IIYXYZZZZZYIYX;IIYYIXZZZYXZZY;IIYYIXZZZYYZZX;IIYYIYZZZXYZZX;IIYYXZZZYIXZZY;IIYZXIXZZZXXZY;IIYZZXXZYXZZXI;IIYZZZYYZZZYIZ
437,44,0.3478050444941707,1054.290858318132,IIYYIXZXYZZZZY;IIYYIXZZYXZZZY;IIYYIXZZZXYZZY;IIYYIZYZZZZZZY;IIYYXZZZZZYIYX;IIYYYZZZZZYIXX;IIYYYZZZZZYXXI;IIYZXIXZZZZZYZ
438,71,0.1461626838432443,361.9931485435606,IIYYXZXIYZZZZY;IIYYXZZZXYZZYI;IIYYYZZZYYZZYI;IIYZXIXXYZZZZX;IIYZXXZZXIYZZX;IIYZXYZZXIXZZX;IIYZZXIYZXYZZY;IIYZZXXZZZXIXY
439,114,2.703069745652955,49082.3250738303,IIYYXZZZZYIYZX;IIYYXZZZZZXIXX;IIYYZIXZZZZZZX;IIYZIXXZZZZZZY;IIYZYXZZZXYZYI;IIYZYYZIZZZZZY;IIYZYYZZIZZZZY;IIYZYYZZZYIYZY
440,52,0.47069116780348436,3545.3930922791187,IIYYXZZZZZXIYY;IIYYXZZZZZXYYI;IIYZIZXYZZZZZX;IIYZXIYZZZXXZX;IIYZXYZZZZYIXY;IIYZYIYZZZYXZX;IIYZZXIXZZZXYX;IIYZZXIXZZZZYZ
441,44,0.34006497964980437,1280.890954065539,IIYYYZZXXZZZYI;IIYYYZZZZXXZYI;IIYYYZZZZYYZYI;IIYYYZZZZZZYZI;IIYZIZZZZZZYYY;IIYZXIYZZXXZZX;IIYZZZYIYZZZYZ;IIYZZZYYZXYZXI
442,75,0.3303867677042984,2503.653290805998,IIYYYZZZZYXZXI;IIYZXXYIYZZZZY;IIYZXXZZZZXIXY;IIYZXYZZXIYZZY;IIYZXYZZZXYZYI;IIYZZIZZYXZZZX;IIYZZXXZXIXZZY;IIYZZXXZZXXZYI
443,37,0.03944307797221559,509.47802260170255,IIYZXIXZZXXZZY;IIYZXXZXXZZZYI;IIYZXXZZYXZZXI;IIYZXXZZZYYZYI;IIYZXYZZZYYZXI;IIYZZIZZXYZZZX;IIYZZXXXXZZZYI;IIYZZYXZYXZZYI
444,81,0.23349836746402833,226.46362505384823,IIYZXIYZZZZZXZ;IIYZXXZZZXXZYI;IIYZXYZZZZXIYY;IIYZXYZZZZZXIZ;IIYZYXYIXZZZZY;IIYZYXZYIXZZZY;IIYZYYZZZXIYZX;IIYZYYZZZXYZXI
445,47,0.04529993420801373,556.239570636001,IIYZXXZXIXZZZY;IIYZXXZXIYZZZX;IIYZXXZZZYIXZX;IIYZXYZYXZZZYI;IIYZXYZYYZZZXI;IIYZXYZZZZZXZI;IIYZYXZYXZZZYI;IIYZYYZXIXZZZY
446,44,2.9944449799986126,39614.42575089511,IIYZXXZZIZZZZY;IIYZXXZZZZIZZY;IIYZXYZZIZZZZX;IIYZXYZZYIXZZY;IIYZXYZZZZIZZX;IIYZYXZZZZIZZX;IIYZYYZZZZIZZY;IIYZZZIZZZZZYZ
447,81,0.35387924417654076,1026.591649018848,IIYZXXZZXIXZZY;IIYZXYZZYYZZXI;IIYZYIXYXZZZZY;IIYZYXZZZIZZZX;IIYZYYIZZZZZZY;IIYZZXYZZYIXZY;IIYZZXYZZZZXIZ;IIYZZZZXIXZYYY
448,36,2.866451219992057,41204.638219826404,IIYZXXZZZXYZXI;IIYZXYYIXZZZZY;IIYZXYZYIXZZZY;IIYZYIYZZZXXZY;IIYZYXXIYZZZZY;IIYZYYZZZXXZYI;IIZXZZZZZXIYZY;IIZYZXYZZZZZXI
449,52,0.03245768782436159,492.8955531357353,IIYZXYZZZXXZXI;IIYZYIXZZZYYZX;IIYZYIYZYYZZZY;IIYZYIYZZZYYZY;IIYZYXZZZZXXXI;IIYZZIYYZZZZZY;IIYZZXYZZZXIXX;IIYZZYXZZZXIYY
450,63,0.1139620434361679,283.55558225136485,IIYZXYZZZZXIXX;IIYZXZIYZZZZZX;IIYZYIXZXXZZZX;IIYZYIYZZYXZZX;IIYZYXZXIXZZZX;IIYZYYYIYZZZZY;IIYZYYZYIYZZZY;IIYZYZIYZZZZZY
451,42,0.07336346420624988,1472.9503423056283,IIYZXYZZZZXYYI;IIYZYIXZZZXXZX;IIYZYIYZZXYZZX;IIYZYXZZYXZZYI;IIYZZXIXZYXZZX;IIYZZXXZZYIXZX;IIYZZYIXZZYYZX;IIYZZZXXZZZYZI
452,37,0.018603268274495308,388.41311819252945,IIYZXZIXZZZZZY;IIYZYIYZXXZZZY;IIYZYXZZZXIXZX;IIYZYXZZZZYIYX;IIYZZIZZXXZZZY;IIYZZIZZZZZXXY;IIYZZXYZZZXXXI;IXYIIYXYZZZZZY
453,60,0.06213154006909034,704.0619176685661,IIYZYIYZZZZXYX;IIYZYXZXIYZZZY;IIYZYXZZXYZZYI;IIYZYYZZZZXIYX;IIYZZXIXZXYZZX;IIYZZXXZZXYZXI;IIYZZXYZZZYIXY;IIYZZZZYIZXZZX
454,45,0.026415824395051146,248.4986467590967,IIYZYXYIYZZZZX;IIYZYXZYIYZZZX;IIYZYXZZZZZIZX;IIYZYYZZZYXZXI;IIYZYYZZZYYZYI;IIYZZXYYIYZZZX;IIYZZYYZZYXZXI;IIYZZYYZZYYZYI
455,67,0.09246403495883203,891.1759091472343,IIYZYXZZZXIYZY;IIYZYXZZZZXYYI;IIYZYYYIXZZZZX;IIYZYYZYIXZZZX;IIYZYYZYXZZZXI;IIYZZXYZZZXYYI;IIYZZZYIXZYYZX;IIYZZZYXXYZZYI
456,46,0.03666386381565841,597.9857770488848,IIYZYXZZZYXZYI;IIYZYYZZXYZZXI;IIYZZXIXYXZZZX;IIYZZXIXZZZYXX;IIYZZXIYYXZZZY;IIYZZXYZZXXZXI;IIYZZYIXZXYZZY;IIYZZYIXZZZXYY
457,70,0.04857541684370333,869.8836056043647,IIYZYYZZZZYIXX;IIYZYYZZZZZYIZ;IIYZYYZZZZZYZI;IIYZZIZZZZZYXX;IIYZZYYZZZZYZI;IIYZZZYIYZZXXY;IIYZZZYYZZXIXY;IIYZZZZIZZZXXY
458,137,0.31417748393544576,5048.777964646918,IIYZZIZZYYZZZY;IIYZZIZZZXYZZX;IIYZZXIXZZXYZX;IIYZZXIYZYYZZX;IIYZZXXZIZZZZY;IIYZZXXZXIYZZX;IIYZZXYZZZIZZX;IIYZZXYZZZYXYI
459,36,0.09102852047393739,2777.0136264193584,IIYZZXIXXXZZZY;IIYZZXIXXYZZZX;IIYZZXIXYYZZZY;IIYZZXIYYYZZZX;IIYZZXXZZZYXXI;IIYZZXXZZZYYYI;IXXYZZZZZZYIIZ;IXYIYZZZZZYXYI
460,72,0.6410464936409872,10761.070039263133,IIYZZXIXZZYYZY;IIYZZXIYZYXZZY;IIYZZXIYZZZXYY;IIYZZXIZXZZZZY;IIYZZYIYZYXZZX;IIYZZYXZXIYZZY;IIYZZYYZZZXIXY;IIYZZZZXYZZXZI
461,40,0.1845358175995887,2248.932810293169,IIYZZXIYZZZXXX;IIYZZXIYZZZZXZ;IIYZZXXXIYZZZX;IIYZZXYIZZZZZX;IIYZZZXXXIYZZX;IIYZZZXXYIXZZX;IIYZZZYIXXXZZX;IIYZZZYIYXYZZX
462,65,0.092265464349176,858.6645640936692,IIYZZXXIZZZZZY;IIYZZXXYXZZZXI;IIYZZXYZZYXZYI;IIYZZYIXZXXZZX;IIYZZYIXZZZXXX;IIYZZYYZIZZZZY;IIYZZZXIYZZZXZ;IIYZZZXYIZZZZX
463,62,0.09233564226871131,1315.853503711936,IIYZZXXYIYZZZY;IIYZZXXZZXIYZX;IIYZZXXZZYIYZY;IIYZZXXZZZZYIZ;IIYZZYIXXYZZZY;IIYZZYZYZZZZYI;IIYZZZZXIXYYZY;IXYIXXXZZZZZYI
464,72,0.2335540236629743,2076.285633850255,IIYZZXXZYIXZZX;IIYZZXXZZYXZXI;IIYZZXXZZZIZZY;IIYZZXXZZZXIYX;IIYZZYXZXYZZYI;IIYZZZYIXYXZZY;IXYIXYYZZZZZYI;IXYXZZZZXYZXII
465,34,0.22981371270261422,625.0193947696295,IIYZZXXZZZZYZI;IIYZZXYYIXZZZY;IIYZZYIXZZXXZX;IIYZZYXIZZZZZX;IIYZZYXXIYZZZY;IIYZZYYZZZYYYI;IIYZZZYXZZIZZX;IIYZZZZIZZYXZX
466,102,3.113018986247752,59179.62999176765,IIYZZXYZIZZZZX;IIYZZXYZZZZZIX;IIYZZYXXIXZZZX;IIYZZYXYIYZZZX;IIYZZYXZIZZZZX;IIYZZYXZZZZXIZ;IIYZZZZXIXYXZX;IIYZZZZZIZYXZX
467,32,0.012824581830080686,269.53078959817526,IIYZZXYZZZZXZI;IIYZZYIXZZZYXY;IIYZZYIXZZZZXZ;IIYZZYYIZZZZZY;IIYZZZIXXZZZZY;IIYZZZXIYZXXZX;IIYZZZYXZZYIYX;IXYIIXZZYYZZZY
468,32,0.02347200028776637,569.8073986514939,IIYZZYIXZYXZZY;IIYZZYIYXXZZZY;IIYZZYIYXYZZZX;IIYZZYXZZZXXXI;IIYZZYYZZZXXYI;IIYZZYYZZZXYXI;IIYZZZXYZZYYXI;IIYZZZZIZXYZZX
469,38,0.09243874608940453,786.0357031776823,IIYZZYIYYXZZZX;IIYZZYIYYYZZZY;IIYZZYIYZYYZZY;IIYZZYXYYZZZXI;IIYZZZXYZZZXZI;IIYZZZZYIXXYZY;IIYZZZZYIYXYZX;IIYZZZZYXXIYZY
470,39,0.2559140376820529,831.0337051981508,IIYZZYIYZZYYZY;IIYZZYXYXZZZYI;IIYZZYYZZYIXZX;IIYZZZIZZZYXZX;IIYZZZXIXYXZZX;IIYZZZYIYYYZZY;IIYZZZZYYXIYZX;IIZIYZXXZZZZZY
471,44,0.03243388765049041,628.1525331681388,IIYZZYIYZZZYXX;IIYZZYXZXXZZXI;IIYZZYYXIYZZZX;IIYZZZIZZZXXZY;IIYZZZXIZYZZZX;IIYZZZXYYYZZXI;IIYZZZZXXZZYZI;IIYZZZZZIZXYZX
472,44,0.1424768914294473,545.3129998669782,IIYZZYXZXIXZZX;IIYZZYYZYXZZXI;IIYZZYYZZIZZZY;IIYZZZIXYZZZZX;IIYZZZXYZZXIXX;IIYZZZXYZZZIZX;IIYZZZZZXIYXYY;IIYZZZZZXYZXZI
473,54,0.16998821467607267,657.9373605494625,IIYZZYYZZXXZYI;IIYZZYYZZZYXXI;IIYZZZIYYZZZZY;IIYZZZIZZZZYYY;IIYZZZXIXZXYZX;IIYZZZZXYXIXZX;IIYZZZZXZYZZXI;IIYZZZZZZXZIXY
474,51,0.3329213647554381,553.1318001244686,IIYZZYZIYZZZZY;IIYZZYZXZZZZXI;IIYZZZXIXZZYXX;IIYZZZXIYXYZZY;IIYZZZXXZXYZXI;IIYZZZXXZYXZXI;IIYZZZZYIXYXZY;IIYZZZZYIYXXZY
475,32,0.024018941365046082,918.3681510287925,IIYZZZIZXYZZZX;IIYZZZIZZZXYZX;IIYZZZXXXYZZXI;IIYZZZXXZZZZIY;IIYZZZYYXYZZXI;IIYZZZYYZZXYXI;IIYZZZZIZZXYZX;IIYZZZZZIZYYZY
476,103,0.224093824870487,2534.879239551892,IIYZZZXIXYYZZY;IIYZZZXIXZYYZY;IIYZZZXIXZZZYZ;IIYZZZYIYYXZZX;IIYZZZYIYZXYZX;IIYZZZYIYZYYZY;IIYZZZZIZZYYZY;IIYZZZZZZIYXZX
477,42,0.0922638334982455,1571.474958727843,IIYZZZXIXZXXZY;IIYZZZXIXZZXXY;IIYZZZXIYZXYZY;IIYZZZXXZZXIXY;IIYZZZYIXZXXZX;IIYZZZYIXZZXXX;IIYZZZYXZZZIZX;IIYZZZZXXZYYYI
478,69,0.06594417053039327,902.1843720278947,IIYZZZXIXZZXYX;IIYZZZXXZZIZZY;IIYZZZXXZZXIYX;IIYZZZYIYZYXZX;IIYZZZYXZZXIYY;IIYZZZZZXXZYIZ;IIYZZZZZXYXYYI;IIYZZZZZYXZXIZ
479,71,3.036227665918249,46828.482293713445,IIYZZZXXZZYIXX;IIYZZZXYXXZZXI;IIYZZZXYZZXIYY;IIYZZZYIYXXZZY;IIYZZZYXZZZZIX;IIYZZZYYZZIZZY;IIYZZZZIZZXXZY;IIYZZZZXXXIYZX
480,50,0.24759500055703648,693.9672324181091,IIYZZZXYYIXZZY;IIYZZZXYYIYZZX;IIYZZZXYYXZZYI;IIYZZZZXXZXIXY;IIYZZZZYIXZZXZ;IIYZZZZZXIXYXX;IIYZZZZZXIYYXY;IIZYZZZXYZZZXI
481,21,0.04087650465885734,262.493360337549,IIYZZZXYZXIXZX;IIYZZZXYZXIYZY;IIYZZZYXZXIXZX;IIYZZZYXZXIYZY;IIYZZZYXZXXZXI;IIYZZZYXZXYZYI;IIYZZZYYZYIXZX;IIYZZZZZYZIXZX
482,43,3.036147958041248,40550.060306825624,IIYZZZXYZZXXXI;IIYZZZYIXXYZZY;IIYZZZYZIXZZZX;IIYZZZYZIYZZZY;IIYZZZZZXXYIYY;IIYZZZZZXYYIYX;IIYZZZZZXYZIZX;IXYIIYZZXXZZZX
483,37,0.04338493400530802,741.3296219695203,IIYZZZXZIXZZZY;IIYZZZXZIYZZZX;IIYZZZYIZYZZZY;IIYZZZZXIXZXXY;IIYZZZZYIYZXYX;IIYZZZZYIYZYXX;IIZIYZZZYYZZZY;IXXIIYZZYXZZZX
484,46,3.10061718080402,44567.06181884898,IIYZZZYXZIZZZX;IIYZZZYXZYXZYI;IIYZZZYXZYYZXI;IIYZZZZXXYIYZY;IIYZZZZXYXXZXI;IIYZZZZXYZIZZX;IIYZZZZYXXIXZX;IIYZZZZYXZXXXI
485,46,0.044852699280538755,529.502377528869,IIYZZZYXZYIYZX;IIYZZZYYZXIXZY;IIYZZZZXIXZXYX;IIYZZZZXIYZXYY;IIYZZZZZYYYIXX;IIZIXZZZZXXZZX;IIZIXZZZZYXZZY;IXXYZZZZZZYZII
486,49,0.11396244184845987,596.7957473246719,IIYZZZYYYIXZZX;IIYZZZZXIYZYXY;IIYZZZZXYXIYZY;IIYZZZZXYYIXZY;IIYZZZZYIXZXXX;IIYZZZZYYYIXZX;IIZIXZYXZZZZZY;IIZIXZYYZZZZZX
487,48,0.13566810819741845,1818.488598050701,IIYZZZZXIXZYXX;IIYZZZZXIZYZZX;IIYZZZZYIXXXZX;IIYZZZZYIYZXXY;IIYZZZZYIZYZZY;IXXXZZZZXIYZYI;IXXXZZZZXYZYII;IXXYZZZZYYZYII
488,42,0.07107853332614836,686.615886288897,IIYZZZZXXIZZZY;IIYZZZZXZXZZYI;IIYZZZZZZIYYZY;IIYZZZZZZYXIZX;IIZIXZZZZZZYXY;IIZIYZZZXYZZZX;IXYIIYZZZZXXZX;IXYYZZXIYZZZYI
489,34,0.27545524195032345,495.0879324703908,IIYZZZZXYYYZXI;IIYZZZZXZIYZZX;IIYZZZZYYXXZYI;IIYZZZZZXIYYYX;IIYZZZZZZYXXIZ;IIZXZZXIYZZZZY;IIZYZZYIYZZZZY;IXXIIXZZZXYZZY
490,47,0.33263305959045836,476.89437674047036,IIYZZZZXYZXIYY;IIYZZZZXYZYIXY;IIYZZZZXYZZXIZ;IIYZZZZYXZYIXY;IIZIXXYZZZZZZY;IIZIXZZXYZZZZY;IIZIXZZYXZZZZY;IIZXZZZZZZXYYI
491,42,0.09239076100165093,1608.4578372900396,IIYZZZZYIYYYZY;IIYZZZZZIYXZZX;IIYZZZZZZXIYXZ;IIYZZZZZZYZIXX;IIZXZXIXZZZZZX;IIZYZZZXIXZZZY;IIZYZZZZYIYZZY;IXIZZZZZXYZZYI
492,32,0.0408293463312784,1155.9029368534111,IIYZZZZZXXXIYX;IIYZZZZZXYXIYY;IIYZZZZZYYXIYX;IIZXXXZZZZZZXI;IIZXZXXZZZZZXI;IIZYZYXZZZZZXI;IXXIXZXXZZZZXI;IXYIYZYXZZZZYI
493,21,0.023366215885710244,319.1722038077531,IIYZZZZZXZIYZX;IIYZZZZZXZYZXI;IIYZZZZZYIZYZY;IIZIXZZZZZXXZX;IIZIXZZZZZXYZY;IIZXZZZZYXZZYI;IXYIXZXXZZZZYI;IXYIXZYYZZZZYI
494,42,0.02545619165009996,475.4738090070528,IIYZZZZZZIZYXX;IIYZZZZZZYXZIX;IIYZZZZZZZIYXX;IIZIXYYZZZZZZX;IIZIXZZXXZZZZX;IIZIYZXYZZZZZX;IIZXZYIYZZZZZX;IIZXZZXIXZZZZX
495,45,0.3205233358050858,1915.890919718522,IIYZZZZZZYYYIZ;IIYZZZZZZYYZIY;IIZIYYYZZZZZZY;IIZIYZYYZZZZZY;IIZIYZZZZXXZZY;IIZYZZZZZYIXZX;IXXIYZZZZYIXZX;IXXYZZZZYIIYZY
496,52,6.019567642144567,104399.74322789963,IIZIXZZZZZYXZY;IIZIXZZZZZZYYX;IIZIYZZZZZZYYY;IIZXZZYXZZZZYI;IIZXZZZZXYZZYI;IXXIXZZZZZYIXY;IXXXZXYZZZZYII;IXYYZZZZZYIXYI
497,108,6.072248851156527,81101.54189498807,IIZIYZZXXZZZZY;IIZIYZZYXZZZZX;IIZXZXIYZZZZZY;IIZYYXZZZZZZXI;IIZYZYIYZZZZZY;IIZYZYYZZZZZYI;IXIZZZZXIYZZZY;IXIZZZZYIYZZZX
498,132,0.5927194310099981,1440.3603325668826,IIZIYZZZXXZZZY;IIZIYZZZZZZXXY;IIZXZZIZZZZZZX;IIZXZZZIZZZZZX;IIZXZZZZYIYZZX;IIZXZZZZZXIXZX;IIZYZZZZZYIYZY;IXZXIYZZZYIYZY
499,34,0.24748106948413004,3714.494507483408,IIZIYZZZZXYZZX;IIZIYZZZZZZYXX;IIZXZZYIXZZZZY;IIZXZZZYIXZZZY;IIZYXIYZZZZZZX;IIZYZZXYZZZZXI;IXXIYYIYZZZZZY;IXZZIZZZXIXZZX
500,46,0.025732395512528036,420.309595082318,IIZXZZYIYZZZZX;IIZXZZZYIYZZZX;IIZXZZZZZYIYZX;IIZYYYZZZZZZYI;IIZYZZZXXZZZYI;IXIZXIYZZZZZZY;IXXYZZZZXYZXII;IXZXIXZZZZYIXY
501,40,0.05155123976527729,532.795702857372,IIZXZZZZIZZZZX;IIZXZZZZXIYZZY;IIZXZZZZYIXZZY;IIZYZZYXZZZZXI;IIZYZZYYZZZZYI;IXIZZZYYZZZZXI;IXXXZYIYZZZZXI;IXYXZXIXZZZZYI
502,51,0.07603475985435415,1012.0128135934268,IIZXZZZZXIXZZX;IIZXZZZZZZZIZX;IIZYXIXZZZZZZY;IIZYZXIXZZZZZY;IIZYZZXIXZZZZY;IIZYZZZZXIXZZY;IIZYZZZZZZZIZY;IXXYZZZXIIYZZX
503,52,0.3538301498997712,1830.517512883095,IIZXZZZZZXYZYI;IIZYZZYIXZZZZX;IIZYZZZZYXZZXI;IXIZXIXZZZZZZX;IXXXXIXZZZZZXI;IXXYZZZZZXXYII;IXZXYZZYXZZXII;IXZYYZZZZIZZXI
504,62,0.05402968875032026,773.6217771289904,IIZXZZZZZYIXZY;IIZYZZZZXIYZZX;IIZYZZZZXYZZXI;IIZYZZZZZXIYZX;IXIZZZZYIXZZZY;IXXIIXZZZZZYYX;IXXYXIIXZZZZZY;IXXYXXZZZZZYII
505,49,0.06961400562357559,1053.6714581978038,IIZYZZZIZZZZZY;IIZYZZZZZXIXZY;IXIXIYZZZZZZZY;IXIZZIZZZZZZZX;IXXIIZYZZZZZZY;IXXXZZZXIYZZYI;IXXXZZZXYZZYII;IXZYIYZZZZYYXI
506,41,0.06485483727688271,1057.584042245308,IIZYZZZZXXZZYI;IIZYZZZZZXXZYI;IIZYZZZZZYXZXI;IXIZYIYZZZZZZX;IXIZZXIXZZZZZX;IXIZZYIYZZZZZX;IXIZZZZZYIYZZX;IXXIYZZZXIXZZY
507,24,0.08430226140141178,376.6617365395491,IIZYZZZZZXYZXI;IIZYZZZZZYYZYI;IXIZZXIYZZZZZY;IXIZZYIXZZZZZY;IXIZZZXIYZZZZY;IXIZZZYIXZZZZY;IXXIYZZZZXYZXI;IXYIXZZZZYYZYI
508,38,0.024594533801078358,714.6269253383019,IXIXIXZZZZZZZX;IXIXXZZZZZZZXI;IXIZZZZZZZZZIX;IXXIIYZXXZZZZY;IXXIIYZYYZZZZY;IXXIIYZZZXXZZY;IXXXZZZXXZZXII;IXYXZXXZZZZYII
509,31,0.07220717582583443,1427.7752366592056,IXIZZZIZZZZZZX;IXIZZZZZIZZZZX;IXIZZZZZZIZZZX;IXIZZZZZZZIZZX;IXXIIXZZZZZXYY;IXXIIXZZZZZYXY;IXXIIYZZZZZXXY;IXXIYZZZZZZIZY
510,37,0.21262238318918714,2576.916456372405,IXIZZZXIXZZZZX;IXIZZZZZXIXZZX;IXIZZZZZYIXZZY;IXXIXXXZZZZZXI;IXXIYXXZZZZZYI;IXXIYYXZZZZZXI;IXXYZZZZZXYXII;IXXYZZZZZYYYII
511,44,0.3137177326221569,2239.6034364823367,IXIZZZZZXIYZZY;IXIZZZZZXXZZXI;IXIZZZZZZYIXZY;IXXIIXZXXZZZZX;IXXIIYZZXXZZZY;IXXIXZXIXZZZZX;IXXIXZZIZZZZZX;IXXXZZZZZXIYYI
512,45,0.32607432479533277,765.9471133056219,IXIZZZZZYXZZYI;IXIZZZZZZYIYZX;IXXIIXXYZZZZZY;IXXIIXZZXYZZZY;IXXIIYZZZZZXYX;IXXIXZXIYZZZZY;IXXIXZZXIYZZZY;IXXXZXIXZZZZXI
513,66,0.6937855018079196,3336.6142235224374,IXIZZZZZZXIXZX;IXIZZZZZZXIYZY;IXXIIYZZZZZYXX;IXXIXYYZZZZZXI;IXXIXZYYZZZZXI;IXXIYZXYZZZZXI;IXXXZZZZXIIXZX;IXZYIYZZYYZZXI
514,25,0.023982088753971027,574.1989060189933,IXXIIXZXYZZZZY;IXXIIYZXYZZZZX;IXXIIYZZZXYZZX;IXXIXZZZZYXZYI;IXXIYZYXZZZZXI;IXXXZZZZYIXZYI;IXXXZZZZZYIXYI;IXYIYZZZXYZZYI
515,36,0.35382473976090567,3994.4545137978057,IXXIIXZZYYZZZX;IXXIIYZZXYZZZX;IXXIIZXZZZZZZX;IXXIXZXYZZZZYI;IXXIXZZZZZXYYI;IXXXZZYIIYZZZX;IXXYZZZYIXZZXI;IXYIXZZZZYIXZX
516,48,0.09466658084457041,3846.308672321289,IXXIXZIZZZZZZX;IXXIXZYIXZZZZY;IXXIYZYIXZZZZX;IXXIYZZZIZZZZY;IXXXZXIYZZZZYI;IXXXZZZXIXZZXI;IXZIZZZZZZZXIZ;IXZYIXZZZZZYIZ
517,58,0.04075075304034539,1030.126122259004,IXXIXZYIYZZZZX;IXXIXZZZZXIXZX;IXXIXZZZZYIYZX;IXXIXZZZZZYIYX;IXXIYZYIYZZZZY;IXXIYZZIZZZZZY;IXXIYZZZZYIYZY;IXYIIXZZZZZZYZ
518,41,0.056056570472063035,898.16486921442,IXXIXZZZXIXZZX;IXXIXZZZYIXZZY;IXXIYXYZZZZZXI;IXXXZYXZZZZYII;IXXXZZZZYIIXZY;IXXYZXYZZZZXII;IXXYZYXZZZZXII;IXZXXZZZZXIXXI
519,52,0.051791001396160496,629.5495653320045,IXXIXZZZZXIYZY;IXXIXZZZZYIXZY;IXXIXZZZZZXIYY;IXXIYZZZYIXZZX;IXXIYZZZZXIYZX;IXYIXZXIYZZZZX;IXYIXZZZYIXZZX;IXYIXZZZZXIYZX
520,40,0.5648129846597666,612.3102989649336,IXXIYZZXIXZZZY;IXXIYZZXIYZZZX;IXXXYXZZZZZYII;IXXYYXZZZZZXII;IXXZIXZZZZZZXI;IXYIIXZZZYXZZX;IXYIXZXYZZZZXI;IYXIIXZZZXXZZY
521,91,0.10864498679323861,970.5258402931734,IXXIYZZZXIYZZX;IXXIYZZZZZIZZY;IXXXZXXZZZZXII;IXXYZZZXIIXZZY;IXYXZZZZXIIXZY;IXYYZZZZZYYXII;IXZXXZZZZZXZII;IXZXYXIIYZZZZX
522,29,0.04141183543189096,892.1619283055644,IXXIYZZZYXZZXI;IXXIZXZZZZZZXI;IXXXZZZXIIXZZX;IXXXZZZZZXIIXX;IXXYZZZZXIIXZY;IXYIYZYIYZZZZX;IXYIYZZZZZZIZX;IXZXYZZZZZIZYI
523,25,0.10785206057788053,3097.3254639386228,IXXXZZYIYZZZXI;IXXXZZZZZXIXXI;IXXYYIIXZZZZZX;IXXYZYIIXZZZZX;IXYXZZZXIIYZZX;IXYYZZYIYZZZXI;IXYYZZZZZXIXXI;IXZZXIXZZIZZZX
524,52,0.09255394973068233,1786.6581954640005,IXXXZZZZXIXZXI;IXXYZZXIIXZZZY;IXXYZZYIIXZZZX;IXXYZZZZZIZZYI;IXYIYZZZZYYZXI;IXZXIIXZZZZYYX;IXZXIIYZZZZYYY;IXZXYZZXYZZXII
525,87,3.016571939229729,45173.60855540576,IXXXZZZZYIIYZX;IXXYZZZZZYIIYY;IXYIIXZXXZZZZY;IXYIIXZZZZYYZY;IXYIYZZXXZZZXI;IXYXZZZZZIZZYI;IXYYZZZZZXIIXX;IXZZZYIIXXXZZY
526,54,0.06279354437577955,496.9759094891222,IXXZIIXZZZZZZX;IXXZIIYZZZZZZY;IXYIIXYYZZZZZY;IXYIIYYXZZZZZY;IXYIYZXIXZZZZX;IXYIYZYIXZZZZY;IXYXZZZZXIYZXI;IXYXZZZZZXIYXI
527,49,0.24910420231627484,1387.2656618974836,IXYIIXXXZZZZZY;IXYIIXZZZYYZZY;IXYIIXZZZZZXXY;IXYIIXZZZZZYYY;IXYIIZXZZZZZZY;IXYIYZZZIZZZZX;IXZIZYIYZZZZZX;IXZXIYYIYZZZZY
528,36,0.07107974862446258,1070.6391901148386,IXYIIXZXYZZZZX;IXYIIXZZZZXYZX;IXYIIXZZZZYXZX;IXYIXXIXZZZZZY;IXYIXXYZZZZZXI;IXYIXZXIXZZZZY;IXYIXZZZZZZZIY;IXYXZZZZZXXYII
529,32,0.09227514009902142,1398.7445304225612,IXYIIXZZZZXXZY;IXYIIXZZZZZYXX;IXYIXZZZYIYZZY;IXYIYXXZZZZZXI;IXYIYZXXZZZZXI;IXYIYZZZZXXZXI;IXYYZXXZZZZXII;IXYYZZZZXXZXII
530,42,0.07135329647946391,1930.0015065695816,IXYIIXZZZZZXYX;IXYIIYZZZYXZZY;IXYIIYZZZZZXYY;IXYIXZZXXZZZYI;IXYIYZXYZZZZYI;IXYXZZXIXZZZYI;IXYYZZYXZZZYII;IXZYIXZIZZZZZY
531,43,0.016540489195415536,380.8270003311901,IXYIIYZYYZZZZX;IXYIXZZXIXZZZY;IXYIXZZZZZYIYY;IXYIXZZZZZZIZY;IXYXXIXZZZZZYI;IXYXZZZXIXZZYI;IXYXZZZZYIYZYI;IXZIZYIXZZZZZY
532,43,0.0714257737268025,656.8288864685661,IXYIXZZZXIYZZX;IXYIXZZZZZYIXX;IXYIYYYZZZZZXI;IXYXZXIIXZZZZY;IXYYZYIYZZZZXI;IXYYZZIZZZZZXI;IXYYZZYYZZZXII;IXZXYZZZYIIXZX
533,52,0.10686513046841611,2099.912417826591,IXYIXZZZZYIYZY;IXYIYZZIZZZZZX;IXYIYZZZXIXZZX;IXYIYZZZYIYZZX;IXYIYZZZZXIXZX;IXYIYZZZZYIYZX;IXZXZIXZZZZZXI;IXZYIIYZZZZZXZ
534,53,0.10954327534359683,1791.4971940371104,IXYIYZZXIXZZZX;IXYIYZZXIYZZZY;IXYXZXYZZZZXII;IXYXZZXIYZZZXI;IXYYZZYIXZZZYI;IXYYZZZYXZZYII;IXZIZZZXIYZZZY;IXZXYXYZZZZXII
535,62,0.09227145321896955,1131.1348305924005,IXYIYZZZXIYZZY;IXYIYZZZZZIZZX;IXYIYZZZZZXXXI;IXYIYZZZZZXYYI;IXZIZZZZZZXYYI;IXZXYYIIYZZZZY;IXZYYXIIYZZZZY;IXZZZIZZXIYZZY
536,30,0.2573113888091979,4532.766642995198,IXYIYZZZYXZZYI;IXYXZZZYIIYZZY;IXYYXIYZZZZZYI;IXYYZZZZYIXZYI;IXZIZZZYIXZZZY;IXZIZZZZZIZZZX;IXZYIIYZYYZZZX;IXZYIXYYZZZZYI
537,42,0.05779149290035393,1028.1179166851362,IXYXZZZZIZZZYI;IXYXZZZZXIIYZX;IXYXZZZZYIIXZX;IXYXZZZZYIIYZY;IXYYZXIXZZZZXI;IXZIZZXXZZZZXI;IXZXYZZZXIIXZY;IXZYYXIXZZZZXI
538,42,0.048918893846300035,1558.9316602500298,IXYXZZZZZXIIXY;IXYXZZZZZXIIYX;IXYYZZZZYXZYII;IXYYZZZZZYIIXY;IXZXXZZZZXXXII;IXZZYIIXZZZYYY;IXZZYIXZZZZYIZ;IYXXZZZZXYZXII
539,44,0.35382753597317457,1814.0924864851484,IXYYZXIYZZZZYI;IXYYZZZYIXZZYI;IXZIYIXZZZZZZY;IXZIZXIYZZZZZY;IXZIZZZZYIXZZY;IXZXIXZZZXIXZX;IXZXIYZXIYZZZX;IXZYIIYZZZZXXX
540,95,0.09227092807715374,3218.077314172652,IXYYZYIIXZZZZY;IXYYZZXIXZZZXI;IXYYZZZZZXIIYY;IXZIZZZIZZZZZX;IXZIZZZZXIXZZX;IXZIZZZZZYIYZX;IXZXYXXZZZZYII;IXZYXZZZYYZYII
541,55,0.2491092339599337,3917.7774901885205,IXYZIIXZZZZZZY;IXYZIIYZZZZZZX;IXZXIIXYXZZZZY;IXZXIIXZXYZZZY;IXZXIIXZZZYXZY;IXZXIIXZZZZXYY;IXZXIIYYXZZZZX;IXZXIXZZXYZZYI
542,32,0.0285827612144491,734.3426103132292,IXZIZZIZZZZZZX;IXZIZZXYZZZZYI;IXZIZZYYZZZZXI;IXZIZZZZZZZZIX;IXZXIXZZXIYZZY;IXZXIXZZYIXZZY;IXZXIXZZZXIYZY;IXZXIXZZZYIXZY
543,39,0.25592145923706744,980.9541181801469,IXZIZZXIXZZZZX;IXZIZZYIXZZZZY;IXZXIIXXXZZZZX;IXZXIXZYYZZZXI;IXZXIYZYYZZZYI;IXZXXZZYYZZXII;IXZXYZZZZYYYII;IXZYIIXZXXZZZY
544,47,0.055569232401104104,1706.7874646223966,IXZIZZZZYIYZZX;IXZXIIXZYYZZZX;IXZXIIYZXXZZZY;IXZXIIYZZZZXXY;IXZXIYZZYIXZZX;IXZXXYIYZZZZXI;IXZZIZZZZYIYZX;IXZZYIXZZZIZZY
545,78,3.0902397529281846,50278.606169363295,IXZIZZZZZYIXZY;IXZIZZZZZZYXYI;IXZXIIXZYXZZZY;IXZXIYYIXZZZZX;IXZXIYZZXIYZZX;IXZXIYZZZXIYZX;IXZXIYZZZZYIXX;IXZXIZIXZZZZZX
546,31,0.01964234183794194,387.54337739698036,IXZXIIYZZXXZZY;IXZXIIYZZZXXZY;IXZXIXXIYZZZZY;IXZXIXYIYZZZZX;IXZXIYZYXZZZXI;IXZXYZZXIXZZYI;IXZYIIXXXZZZZY;IXZYIIYXXZZZZX
547,74,0.03540008845450869,793.0181213093609,IXZXIXZXIXZZZX;IXZXIXZZXIXZZX;IXZXIXZZZZZXIZ;IXZXIYXXZZZZYI;IXZXIYZZYYZZYI;IXZXIYZZZZZYZI;IXZYIYZXIXZZZX;IXZZXIXZZZXIXX
548,72,0.1813306465289599,2527.807070249609,IXZXIXZZZYIYZX;IXZXIXZZZZIZZX;IXZXIYZYIYZZZY;IXZXIYZZZZIZZY;IXZXXZZXYZZYII;IXZXXZZZXXZXII;IXZXYZYIXZZZXI;IXZYIXZZIZZZZY
549,24,0.03906717415942643,933.97424715886,IXZXIXZZZZXIYY;IXZXIXZZZZYIYX;IXZXXXIYZZZZYI;IXZXXXYZZZZYII;IXZXXZZZZYIXYI;IXZXYZYXZZZXII;IXZZIZZZYIXZZY;IXZZIZZZYIYZZX
550,63,0.09242363397098917,647.4690369221553,IXZXIYZXIXZZZY;IXZXIYZZXIXZZY;IXZXIYZZZXIXZY;IXZXXZZZYIIYZX;IXZXXZZZYIYZXI;IXZYIIYZZZZXYY;IXZYIYZZZZZXZI;IXZYXZZZXXZYII
551,76,0.142161404543616,828.9499013916795,IXZXIYZZZYIXZX;IXZXXZZXXZZXII;IXZXXZZZXIIYZY;IXZXZIIYZZZZZY;IXZYIIYZYXZZZY;IXZZXIIYZZXXZY;IXZZXIIYZZZZYZ;IXZZXIYXIXZZZY
552,37,0.055627360337629383,544.4130676322421,IXZXXZYXZZZYII;IXZXXZZZXIIXZX;IXZXXZZZYIIXZY;IXZXXZZZZXYYII;IXZXYZZZZYIYYI;IXZYXYIYZZZZYI;IXZYXZZZZZYIZI;IXZZXYZZZZZIYI
553,48,0.11172337666470762,1060.2534640993258,IXZXXZZZYIXZYI;IXZXXZZZYXZYII;IXZXXZZZYYZXII;IXZYIYZXXZZZXI;IXZYZIIXZZZZZY;IXZZIZZIZZZZZX;IXZZXXZZYIXZYI;IXZZXXZZYXZYII
554,48,0.36063556440998484,1439.8699604139401,IXZXYZZXIYZZXI;IXZXYZZZZXIIXY;IXZYIIXZXYZZZX;IXZYIXZXIXZZZY;IXZYIXZZZZYIYY;IXZYXZZXIIXZZY;IXZYXZZZZYIIYY;IXZZXIIYZZZXYX
555,70,0.06492523300318931,935.7724106851327,IXZXYZZZZZYZII;IXZYIIXZZZXXZY;IXZYIIYZZZXXZX;IXZYIXZZZZXXYI;IXZYXZZXYZZXII;IXZZXIXZXIYZZY;IXZZXIYZXIYZZX;IXZZYIXZZZYIXX
556,43,0.3137131076765595,902.9592291976704,IXZXZIIXZZZZZX;IXZYIIXZZXYZZX;IXZYIIXZZZYXZX;IXZYIIXZZZZXYX;IXZYIYYIYZZZZX;IXZYXZXIXZZZYI;IXZYYZZZZYXYII;IXZZXIIZXZZZZX
557,20,0.048553062655030406,947.4477891171172,IXZYIIXZYYZZZY;IXZYIIXZZYYZZY;IXZYIIXZZZYYZY;IXZYIIYZZZYYZX;IXZYIIYZZZZYYX;IXZYXZZIZZZZYI;IXZZIZYIYZZZZX;IYIZXIXZZZZZZY
558,38,0.03573245558576575,763.6196083238939,IXZYIIYZZXYZZY;IXZYIIYZZZYXZY;IXZYIIZXZZZZZY;IXZYIXZXYZZZXI;IXZYIXZZZZYXXI;IXZYXZZZZZYZII;IXZZYXXIXZZZYI;IXZZYZIIXZZZZY
559,86,0.353698949801898,4363.006872125173,IXZYIXXYZZZZXI;IXZYIXZXIYZZZX;IXZYIYZZZIZZZX;IXZYYZZZYIXZYI;IXZYYZZZZXIIXX;IXZZXIIYXXZZZY;IXZZXIYZZXXZYI;IXZZXZIIYZZZZY
560,43,0.07137320650146523,1604.9391219488482,IXZYIXZZXIYZZX;IXZYIXZZYIXZZX;IXZYIXZZZZIZZY;IXZYXXIYZZZZXI;IXZYXZYYZZZYII;IXZZXXZXIYZZYI;IXZZXXZZZXIXXI;IXZZZYYZZZZIXI
561,41,0.019721538986107796,509.30210444593087,IXZYIXZZZZXIXY;IXZYIYZYYZZZXI;IXZYIYZZZZXIYY;IXZYIZIXZZZZZY;IXZYXZZXXZZYII;IXZYYZZZYXZYII;IXZZZXIIXZZXXX;IXZZZZXIYZZIZY
562,73,0.3468797187843035,1570.0697697853514,IXZYIYZZZZYIXY;IXZYIZXZZZZZYI;IXZYXZZZXIIYZX;IXZYXZZZYIIXZX;IXZYXZZZZZYIIZ;IXZYZIIYZZZZZX;IXZZXYZXIIYZZX;IXZZYYZYXZZYII
563,41,0.07106897452654329,966.3733371416287,IXZYIZIYZZZZZX;IXZYXXIIYZZZZX;IXZYYZZZZYIIXY;IXZZIZZZIZZZZX;IXZZXIZIXZZZZX;IXZZXYZZZXIIXY;IXZZXYZZZXXYII;IXZZZZIZZIZZZX
564,44,0.14224119392913182,2109.4341812656007,IXZYYYXZZZZYII;IXZYYZYIYZZZXI;IXZYYZZXYZZYII;IXZZIZZYIXZZZY;IXZZIZZYIYZZZX;IXZZXIYZZXIYZX;IXZZXIYZZZYYYI;IXZZYIYZZZXXXI
565,57,0.03693337891980722,609.4644778404739,IXZYYZZZYIIYZX;IXZZIZZXYZZZYI;IXZZIZZZZZYIXY;IXZZXIIXZZYXZY;IXZZXIXZZYIYZX;IXZZXIYZZXYZXI;IXZZXIYZZZIZZY;IXZZYYXXZZZXII
566,43,0.04252365331846453,1109.9222967159963,IXZYYZZZZZIZXI;IXZZIZZXIXZZZX;IXZZIZZZZXIXZX;IXZZIZZZZYIXZY;IXZZXIIYXYZZZX;IXZZXIXZZZYYXI;IXZZXYYXZZZXII;IXZZYIYYYZZZXI
567,50,0.09228367596683262,520.2452216185151,IXZZXIIXZZXXZX;IXZZXIIXZZYYZX;IXZZXIIXZZZZXZ;IXZZXIXZXYZZYI;IXZZXIZYZZZZYI;IXZZXYZZZYIIYY;IXZZXYZZZYYYII;IXZZYIXZZZZIZY
568,49,0.061560075703137485,1463.569895446551,IXZZXIIXZZZXXX;IXZZXIIXZZZXYY;IXZZXIIYZZZYXX;IXZZXIYZZZYIYY;IXZZXXZZZXIIXX;IXZZXXZZZXIIYY;IXZZXYZXXZZYII;IXZZXYZYXZZXII
569,44,0.02530236501058782,694.5441534275362,IXZZXIIYZZYXZX;IXZZXIXYYZZZXI;IXZZXIXZXIXZZX;IXZZXIYZYIYZZY;IXZZXXZZZXIYYI;IXZZYIIXZZXYZX;IXZZYIIYXYZZZY;IXZZYIYXYZZZYI
570,59,0.24763441740548203,3387.425919248168,IXZZXIIZYZZZZY;IXZZXIXXIYZZZY;IXZZXIXZYYZZXI;IXZZXIYZYXZZXI;IXZZXIYZZYIXZX;IXZZXXZXIIYZZY;IXZZZXIIXZZYXY;IXZZZYIIXZXXZY
571,43,0.08000572448724404,1263.0810818454252,IXZZXIXZYIXZZY;IXZZXIXZZYIXZY;IXZZXIXZZYXZYI;IXZZXIYXIYZZZX;IXZZXIYZZZXIYX;IXZZXYZZZXIIYX;IXZZYIIXZZYXZX;IXZZYIXXYZZZXI
572,35,0.18328779450335167,2823.9919289298387,IXZZXIXZZZXXXI;IXZZXIXZZZXYYI;IXZZXIYZZZYXXI;IXZZXZIIXZZZZX;IXZZYIZIXZZZZY;IXZZYIZIYZZZZX;IXZZZXXZZZXIZI;IXZZZXXZZZXZII
573,46,0.27001362844075544,1047.50189835617,IXZZXIXZZZYIYX;IXZZXIYXXZZZYI;IXZZXIYZZZXIXY;IXZZXXYIYZZZXI;IXZZXXZZXYZYII;IXZZXYZYIIYZZY;IXZZXYZZYIYZYI;IXZZZXYZZXIYXI
574,37,0.0710689745265433,866.1863933859273,IXZZXIYZZYXZXI;IXZZXXYXZZZYII;IXZZXXZYIIYZZX;IXZZXXZZZXYYII;IXZZXYZZYIIYZY;IXZZYZIYZZZZXI;IXZZZXIXZZIZZX;IXZZZYIIXZYYZY
575,37,0.05877283883616838,1006.0988250226395,IXZZXIYZZZZIZY;IXZZXXZXIIXZZX;IXZZXXZXIXZZXI;IXZZXXZZXIXZXI;IXZZXYXXZZZYII;IXZZYIYZZYXZYI;IXZZYXZYIIYZZY;IXZZZYXZZXIXYI
576,41,0.261694225628907,619.6870666932707,IXZZXXZZYIIYZX;IXZZXXZZZXXXII;IXZZXXZZZZZIXI;IXZZXYZXIXZZYI;IXZZYIIXZZZXXY;IXZZYIYZZZXYYI;IXZZZIXIYZZZZY;IXZZZXXZYIIYZX
577,63,0.09308220540078509,913.1973075140606,IXZZXXZZZYIIXY;IXZZXXZZZYIIYX;IXZZXXZZZYXYII;IXZZYIXZZZYIYY;IXZZYXZXYZZXII;IXZZYYZZXXZXII;IXZZZXIYZZYIXX;IXZZZXIYZZYIYY
578,34,3.1280874109086536,59441.135110865085,IXZZXXZZZZXIIZ;IXZZXXZZZZXIZI;IXZZXYZZXXZYII;IXZZXYZZYYZYII;IXZZYIIYZZZYXY;IXZZYIIYZZZYYX;IXZZZIZZZZXIXX;IXZZZIZZZZXIYY
579,42,0.27546205426459236,936.3821082415446,IXZZXYXIIYZZZX;IXZZXYYIIXZZZX;IXZZXYZZZZYIIZ;IXZZYIIYZZXXZX;IXZZYIIZYZZZZX;IXZZYXXIIXZZZY;IXZZZXXXIXZZXI;IXZZZXYXIYZZXI
580,45,0.24910418079659824,709.3867456393887,IXZZXYYIXZZZXI;IXZZXYZZZZYIZI;IXZZYIIYZZZXYY;IXZZYIXZZYYZYI;IXZZYIYZYXZZYI;IXZZYIZXZZZZYI;IXZZYXZXIYZZXI;IXZZZIYIXZZZZY
581,50,0.07731095276251751,1082.4878754375316,IXZZXYZZZXIXYI;IXZZXYZZZYIIXX;IXZZYIIYYYZZZX;IXZZYIXZZXIYZX;IXZZYIXZZZYYYI;IXZZYIYZZYIXZY;IXZZYXZZXXZYII;IYXIYZZYIYZZZX
582,45,0.24213546975084607,2488.92868706162,IXZZYIIXYYZZZY;IXZZYIIYYXZZZY;IXZZYIIYZXYZZY;IXZZYIIYZYYZZX;IXZZYIYZZZZXZI;IXZZYYXIYZZZYI;IXZZZXIIYZZZYZ;IXZZZYIIYZZZXZ
583,49,0.043635166416986185,1035.0067374540247,IXZZYIIYZXXZZX;IXZZYIIYZYXZZY;IXZZYIIYZZZZXZ;IXZZYIXZZZXXYI;IXZZYIYXIYZZZY;IXZZYXZZYIYZYI;IXZZYYYIXZZZYI;IXZZYYYXZZZYII
584,37,0.07109141831232257,1002.7990369152395,IXZZYIIYZZYXZY;IXZZYIIYZZYYZX;IXZZYIXZYYZZYI;IXZZYIXZZXYZXI;IXZZYIYYXZZZYI;IXZZYXZZXIIXZY;IXZZYXZZXIIYZX;IXZZYXZZXIYZXI
585,29,0.0922638334982455,2372.9765093076408,IXZZYIIZXZZZZY;IXZZYIXZIZZZZY;IXZZYIYZZYIYZX;IXZZYIYZZYYZXI;IXZZYIYZZZXIXX;IXZZYIYZZZYIYX;IXZZZXZYZZZYII;IXZZZYYXYZZYII
586,43,0.09226563317088912,866.5153332269107,IXZZYIXXIYZZZX;IXZZYIXZYIXZZX;IXZZYIXZZYIXZX;IXZZYIXZZZXIYX;IXZZYYZZYIXZYI;IXZZZXIIXZYYZX;IXZZZXIYZXIYZX;IXZZZZYYZXIYYI
587,66,0.038104743100883666,986.8224074229453,IXZZYIXZXIXZZY;IXZZYIXZYIYZZY;IXZZYIXZZIZZZY;IXZZYIXZZZZZIY;IXZZYIYZXIXZZX;IXZZYIYZYIYZZX;IXZZZYIXZZZYIZ;IYYIXZZZZZZXIZ
588,65,0.09275906161989284,1713.9259583848911,IXZZYIXZZZXIXY;IXZZYIYZXIYZZY;IXZZYXZXXZZYII;IXZZYYZXXZZXII;IXZZYYZZYXZYII;IXZZZIYIYZZZZX;IXZZZZIZYYZZXI;IXZZZZYIXZZZIY
589,60,0.09318642499055738,1743.259179077763,IXZZYIYZXYZZYI;IXZZYIYZZXIYZY;IXZZYXXIIYZZZX;IXZZYXZYIIXZZX;IXZZYYZXIXZZXI;IXZZZXYYIXZZXI;IXZZZYXZZYIYYI;IXZZZZYIIXZZYZ
590,40,0.040964590899602506,731.470793060311,IXZZYXZXIXZZYI;IXZZYXZZZYIIYY;IXZZYXZZZYYYII;IXZZYYYIIYZZZX;IXZZYYZZZXIIYY;IXZZYYZZZXXXII;IXZZZXIYXXZZYI;IXZZZZXYZIZZYI
591,32,0.09990925857924443,477.6969040089716,IXZZYXZZYIIYZY;IXZZYXZZYYZYII;IXZZYYXIIXZZZX;IXZZZXIIXYYZZX;IXZZZXIIYXXZZY;IXZZZXIZIYZZZY;IXZZZYIYXXZZXI;IXZZZYYZYIIXZY
592,66,0.2757314885244918,1386.1809140017724,IXZZYYXIIYZZZY;IXZZYYYIIXZZZY;IXZZYYZZZIZZXI;IXZZZIZZXIXZZX;IXZZZIZZZZYXYI;IXZZZXIXIZZZZX;IXZZZXIYZZXXYI;IXZZZXXZZYIYXI
593,74,0.24910502312477012,769.2615267374766,IXZZYYZZXYZYII;IXZZYYZZZXIIXX;IXZZYZIIYZZZZX;IXZZZIZZZXIXZX;IXZZZXIIXYXZZY;IXZZZXIIYXYZZX;IXZZZXIYYXZZXI;IXZZZXIYZYIYZY
594,41,0.09228613534154227,639.2630353016857,IXZZYYZZZXIYYI;IXZZYYZZZYYXII;IXZZZIXIXZZZZX;IXZZZIZZYIXZZY;IXZZZIZZZZYIYX;IXZZZXIYYIXZZX;IXZZZZYIXXYZXI;IYXIXZZZXXZZYI
595,60,0.05273315389081216,1252.7547281106956,IXZZZIZXIYZZZY;IXZZZIZZYYZZXI;IXZZZXIIXZZYYX;IXZZZXIYXIXZZY;IXZZZXIYZZXIXY;IXZZZYIIYYYZZX;IXZZZYIIYZZXXX;IXZZZYXXIYZZXI
596,62,0.24413097354672642,5434.357331078124,IXZZZIZZXXZZXI;IXZZZIZZYXZZYI;IXZZZIZZZYIXZY;IXZZZXIYXYZZXI;IXZZZXIYZXIXZY;IXZZZXXZXIXZXI;IXZZZYXZZXYXII;IXZZZZXIIZXZZX
597,48,0.08614887109506611,1169.410777014763,IXZZZIZZZXIYZY;IXZZZXIIYYXZZX;IXZZZXIXXXZZXI;IXZZZXIXZZXXXI;IXZZZXIZXZZZXI;IXZZZYXZZZYIZI;IXZZZZZIYIXZZY;IXZZZZZYIIZXZY
598,56,0.07913160975317413,1414.1852321873725,IXZZZXIIXXXZZX;IXZZZXIIYZXXZY;IXZZZXIIYZZXXY;IXZZZXIIZYZZZY;IXZZZXXXIIXZZX;IXZZZXYYIIXZZX;IXZZZYIIZYZZZX;IXZZZYYYIIXZZY
599,49,0.05664162051641272,1041.3734374188623,IXZZZXIIZXZZZX;IXZZZXIXXIXZZX;IXZZZXIXYIYZZX;IXZZZXIXZIZZZX;IXZZZXIYZZZIZY;IXZZZXIYZZZZIY;IXZZZYIIYXYZZY;IXZZZYIYZZZZIX
600,58,0.12183886635718272,1712.4460340362937,IXZZZXIXXIYZZY;IXZZZXIYYIYZZY;IXZZZXXYYZZXII;IXZZZXYXXZZYII;IXZZZYIXYIXZZX;IXZZZYIYXIXZZX;IXZZZYIYXIYZZY;IXZZZZIZZZXIXX
601,35,0.26208121646130167,3281.8346941161344,IXZZZXIXZZXIYY;IXZZZXIXZZZZIX;IXZZZXIYZZXIYX;IXZZZXXZYXZYII;IXZZZXYZXYZXII;IYXYZZZZZZXIZI;IYYIIXZZZZZZXZ;IYZXYYYZZZZXII
602,53,0.05144545020662706,319.1866918587511,IXZZZXIXZZYXYI;IXZZZXIYZZYXXI;IXZZZXIYZZYYYI;IXZZZXZIIXZZZX;IXZZZYIIYXXZZX;IXZZZYIZIXZZZY;IXZZZYYZZZXIZI;IXZZZYYZZZXZII
603,49,0.24435531465676663,882.0794154100595,IXZZZXIYZYIXZX;IXZZZXXYIIXZZY;IXZZZXXYIYZZXI;IXZZZXYZZYYYII;IXZZZYIIXZZYYY;IXZZZYIXXIYZZX;IXZZZZXIIYZZYZ;IXZZZZXIIZYZZY
604,30,0.020777125178602182,632.6667962075799,IXZZZXXXIYZZYI;IXZZZXXYIXZZYI;IXZZZYIYZYIXZY;IXZZZYIYZYIYZX;IXZZZYXZXIIYZX;IXZZZYYXIXZZXI;IYXIIYZZZZZYXY;IYXYZZZZYIIXZY
605,43,0.2596358334297027,4225.107224624299,IXZZZXXYXZZYII;IXZZZXXZZXIXXI;IXZZZXXZZYIXYI;IXZZZXYXIIXZZY;IXZZZYYZXIIXZX;IXZZZYYZZXIXXI;IXZZZYYZZYIXYI;IXZZZZZIZZZZIX
606,42,0.0922638334982455,1290.417562885052,IXZZZXXZXIIYZY;IXZZZXXZYIIXZY;IXZZZXXZZYIIXY;IXZZZYIIYZXYZY;IXZZZYIXZZIZZY;IXZZZYIYZZXIYY;IXZZZYXZZYIIXX;IYXIIXZZZXYZZX
607,55,0.18480435718411836,5451.466212327939,IXZZZXXZZXIIXX;IXZZZXXZZXYYII;IXZZZXYZZYXXII;IXZZZYIIXZXYZX;IXZZZYIIXZYXZX;IXZZZYIYZZYXYI;IXZZZYXZZYIIYY;IXZZZZXIIYXXZY
608,52,0.043820901887474666,427.5999154872571,IXZZZXXZZYIIYX;IXZZZXXZZYXYII;IXZZZXYYIIYZZY;IXZZZYIXZZZYZI;IXZZZZXIXXIXZX;IXZZZZXIXXXZXI;IXZZZZYIYXYZYI;IXZZZZYXXYZXII
609,35,0.04807602101580001,857.4336583855002,IXZZZYIIXXYZZX;IXZZZYIIXYXZZX;IXZZZYIIXYYZZY;IXZZZYIYZZZXZI;IXZZZYXZZZZIYI;IXZZZZXIIXXYZY;IXZZZZXIIXYYZX;IXZZZZZZXIIXXZ
610,48,2.7123002409261057,34739.913560857385,IXZZZYIIYZYYZX;IXZZZYIIYZZYYX;IXZZZYIYYXZZYI;IXZZZYYZXIXZXI;IXZZZZXIYZYYYI;IXZZZZXIYZZYZI;IXZZZZYIXZXYXI;IXZZZZZIXIYZZY
611,50,0.11304178769620886,1546.1579660281911,IXZZZYIXIZZZZY;IXZZZYIXZZYIYY;IXZZZYIYYIXZZY;IXZZZYXZZYYYII;IXZZZYYZZXIIXX;IXZZZZIZZYIXZY;IXZZZZZIZZZIZX;IYIZZZZZZXIYZX
612,43,0.07107113803189734,586.9350566351116,IXZZZYIXZZXXYI;IXZZZYIXZZYXXI;IXZZZYIYZZXIXX;IXZZZYYZXIIYZY;IXZZZZIZZXIXZX;IXZZZZXYYYZYII;IXZZZZZXIIXXXX;IYYXZXIIYZZZZY
613,65,2.8883550071004116,38520.95774279176,IXZZZYIYZXIXZX;IXZZZYXZIZZZYI;IXZZZYYZIZZZXI;IXZZZZIZZXIYZY;IXZZZZIZZYIYZX;IXZZZZXIXZXXXI;IXZZZZYYXIYZYI;IYIZZZZZZYIYZY
614,67,0.09423134890773713,1721.4620588007704,IXZZZYIYZZYIXY;IXZZZYXZZXIIYX;IXZZZYXZZYIXXI;IXZZZYYZZYIIYX;IXZZZZXIIXZXXX;IXZZZZXIYXIXZY;IXZZZZYIIYZXXX;IXZZZZYYYXZYII
615,57,0.314520687025271,1884.083767269396,IXZZZYXZZXXYII;IXZZZYXZZZYIIZ;IXZZZYYZXYZYII;IXZZZZXIXZYYXI;IXZZZZXIYIZZZY;IXZZZZXIYYIXZX;IXZZZZXYZZYIZI;IXZZZZYIYZXYYI
616,39,0.09226502616451555,1415.2442223290209,IXZZZYYYIIYZZX;IXZZZYYZYIIYZX;IXZZZYYZZYYXII;IXZZZZXIIYZYYY;IXZZZZYIIXZYXX;IXZZZZYYYIYZXI;IXZZZZZYYZXIIZ;IYXXZZZXIYZZXI
617,40,0.09350100910954887,1778.476029806175,IXZZZYYZZXIYYI;IXZZZYYZZYIIXY;IXZZZYZIXZZZYI;IXZZZZXIIXYXZY;IXZZZZXIYXIYZX;IXZZZZXYZYIIYY;IXZZZZZXIIYYXX;IYIZZZZZXIYZZX
618,35,0.048049701206834446,1493.9737374027438,IXZZZYYZZYXYII;IXZZZZIZZZXIYY;IXZZZZIZZZZZIX;IXZZZZXIZIYZZY;IXZZZZXYZZYZII;IXZZZZZYYXIXXI;IXZZZZZZZIZXIZ;IYXXZZZZZYXXII
619,41,0.11405726098174088,1487.9084605176138,IXZZZYYZZZXIIZ;IXZZZZIZXXZZXI;IXZZZZXIXZIZZX;IXZZZZXIXZYXYI;IXZZZZXZIXZZXI;IXZZZZYIYZXXXI;IXZZZZYYZXIIXX;IXZZZZYYZXYYII
620,44,0.192505214529059,1682.974992215995,IXZZZZIZXIXZZX;IXZZZZIZYIXZZY;IXZZZZXIXXIYZY;IXZZZZXXXIIXZX;IXZZZZXXYIIXZY;IXZZZZXXZYIXYI;IXZZZZYIYXIXZX;IXZZZZYXXIIYZX
621,41,2.781971111621513,50706.543729557125,IXZZZZIZZZZIZX;IXZZZZXIIXXXZX;IXZZZZXIIYYXZX;IXZZZZXIYXXZYI;IXZZZZXYIZZZYI;IXZZZZYIXYXZXI;IXZZZZZXIZIYZY;IYIZZZXIYZZZZX
622,43,0.09258889282835182,2014.9296821240303,IXZZZZXIIXZYXY;IXZZZZXIIYZYXX;IXZZZZXIYZXXYI;IXZZZZXYZXIIYX;IXZZZZYIIXZYYY;IXZZZZYIIYZYYX;IXZZZZYIXZYXXI;IXZZZZZIZXIXZX
623,60,0.11169817055145881,967.2845341497147,IXZZZZXIXIZZZX;IXZZZZXIXZXIXX;IXZZZZXIZIXZZX;IXZZZZXIZYZZYI;IXZZZZYIYYYZXI;IXZZZZYIYZYIYX;IXZZZZZIXIXZZX;IXZZZZZIZZXIXX
624,37,0.04829581474153276,1081.4499103742296,IXZZZZXIXZXYYI;IXZZZZXIXZYIXY;IXZZZZXXXYZYII;IXZZZZXYXXZYII;IXZZZZYYZYIXYI;IXZZZZZIZZIZZX;IXZZZZZYYYIXYI;IXZZZZZZYZIIYX
625,63,2.743345430786095,34834.58742071854,IXZZZZXIYYXZXI;IXZZZZXIYZYIXX;IXZZZZXXYYZXII;IXZZZZYIXYIXZX;IXZZZZYIXYYZYI;IXZZZZYIXZXIYX;IXZZZZYIXZZYZI;IXZZZZYYXIIYZY
626,70,0.06442437430849814,1133.5248683525504,IXZZZZXIZXZZXI;IXZZZZXYZZIZYI;IXZZZZXYZZYIIZ;IXZZZZXZIIYZZY;IXZZZZZXYYIXXI;IXZZZZZXZXZXII;IXZZZZZYIIYXYY;IXZZZZZZYIXYIZ
627,57,0.3273398502203934,2025.981557552128,IXZZZZXXXIIYZY;IXZZZZXXZXIIYY;IXZZZZXYXIIYZX;IXZZZZYZIXZZYI;IXZZZZYZIYZZXI;IXZZZZZYIYYIYX;IYIZZZZZZXYZXI;IYXIYZZZYYZZXI
628,83,2.7857403548079724,40020.86145312875,IXZZZZXXZZXIZI;IXZZZZXZIYZZYI;IXZZZZYIIYXYZY;IXZZZZYIYYXZYI;IXZZZZZYIXZYIZ;IXZZZZZYIYXYYI;IXZZZZZZYIIXYZ;IYXIXZZZZZXYXI
629,29,0.03465767947036991,847.6528280270384,IXZZZZXYZYYYII;IXZZZZXZYZZYII;IXZZZZYIIYZYXY;IXZZZZYYYIIYZX;IXZZZZZXIXXIYY;IXZZZZZZIYXZYI;IXZZZZZZZXIXIX;IYIZZZZZZXXZYI
630,32,0.06046280313953413,1407.7811352211186,IXZZZZXZIIXZZX;IXZZZZYIXXIYZX;IXZZZZYIXXXZYI;IXZZZZZXXXIYYI;IXZZZZZYIYXXXI;IXZZZZZYIZIXZY;IXZZZZZYXYIXXI;IYXXZZZZYYZYII
631,30,0.027476084679515712,668.708973362764,IXZZZZYIIYYYZX;IXZZZZYIIYZXYY;IXZZZZYIYXXZXI;IXZZZZZIZZYIXY;IXZZZZZYIIYYYX;IXZZZZZZXZIIYY;IXZZZZZZYIZIXY;IYXIXZZXXZZZYI
632,39,0.32733407809519677,967.1676585260228,IXZZZZYIYZXIXX;IXZZZZYIYZZXZI;IXZZZZYYZYXYII;IXZZZZZXYXXYII;IXZZZZZYIZIYZX;IYXXZZZXIIXZZY;IYXXZZZXXZZYII;IYYXZZZYIIYZZX
633,81,0.3145298849608328,1761.7281563207184,IXZZZZYIZYZZXI;IXZZZZYXYIXZXI;IXZZZZYXZZIZYI;IXZZZZYXZZYIIZ;IXZZZZYXZZYZII;IXZZZZZIYYZZXI;IYXIXZZZYXZZXI;IYYIYZZZYXZZXI
634,38,0.0416784927883707,744.2983696687643,IXZZZZYZIIYZZX;IXZZZZZXXXIXXI;IXZZZZZXYYXXII;IYIZYIXZZZZZZX;IYIZZYIXZZZZZX;IYXIIYZZZYXZZY;IYXIYZZZZYXZYI;IYYIYZZZXXZZYI
635,36,0.03909570877583389,1045.9424391672899,IXZZZZZIYIYZZX;IXZZZZZXYYIIYY;IXZZZZZYIIXXXY;IXZZZZZYXXIIYX;IXZZZZZZYIIZXY;IYXIYZZYXZZZYI;IYXXZZZYXZZXII;IYYYZZZZYIIXZX
636,42,0.018790330425964123,376.82468235136446,IXZZZZZXIIYYYY;IXZZZZZXIYYIXX;IXZZZZZXYYYYII;IXZZZZZYIIXYXX;IXZZZZZYIIXYYY;IYXIIYZZZZZXYY;IYXXZXYZZZZXII;IYXYZXXZZZZXII
637,47,0.23713215893861728,877.2110862879649,IXZZZZZXIXZZIX;IXZZZZZYIIYYXY;IXZZZZZYIXIZZY;IXZZZZZYXXIXYI;IYXIIYZYXZZZZY;IYXIIYZZZZXYZY;IYXIXZZZZYXZXI;IYXIYYIYZZZZZX
638,39,0.10033304026579441,1431.3356541911585,IXZZZZZXZIIXZX;IXZZZZZYIIXXYX;IXZZZZZYXXIIXY;IYXIIXZYXZZZZX;IYXIIXZZZZYXZX;IYXIYZZZZXYZYI;IYXXZZZZZIZZYI;IYZZZZZXIYZXIZ
639,38,0.07049410213250468,1227.650158972944,IXZZZZZYIIZYZX;IXZZZZZYYXIIYY;IYIZZZYIYZZZZY;IYIZZZZZZXIXZY;IYIZZZZZZZZZIY;IYXIXZZZYIXZZX;IYXIYZZZYIYZZX;IYYIXZZZYIYZZX
640,56,0.29156456012335735,1877.294639239057,IXZZZZZZIZXIXX;IXZZZZZZZIYIXY;IYIYXZZZZZZZXI;IYIZZZZZZZYIYY;IYXIIYZYYZZZZX;IYXIIYZZZZXXZX;IYYIIXZXXZZZZX;IYYIYZYIXZZZZX
641,38,0.04772799961605101,1445.9943025982514,IXZZZZZZIZZZIX;IXZZZZZZZIZZIX;IYIZZXIXZZZZZY;IYXIXZZIZZZZZY;IYXIYZZZXXZZXI;IYXIYZZZZZYIYX;IYYIXZZZZZYIYX;IYYIXZZZZZZXZI
642,38,0.3468751677165645,2284.5661048324937,IXZZZZZZXZIYYI;IXZZZZZZYZIIXY;IYXIXXYZZZZZXI;IYXIXZZZZZXIYX;IYXIYZZZZXIYZY;IYXXYIXZZZZZXI;IYXYZZZYIXZZYI;IYZIXIYZZZZZZX
643,37,0.2559218802789501,1956.1942026739175,IYIZZZZYIXZZZX;IYIZZZZZYIXZZX;IYXIIXZZZZXXZY;IYXIXZZZZXIXZY;IYXXZZXIYZZZXI;IYXXZZZYIXZZXI;IYZZZXIIYYXZZY;IYZZZXYYIIXZZY
644,24,0.07601939708304711,2055.311588065279,IYIZZZZZZYIXZX;IYXIIYZZXXZZZX;IYXIXYYZZZZZYI;IYXIYYXZZZZZYI;IYXIYYYZZZZZXI;IYXXZZZZYIIYZY;IYYIIXZZXYZZZY;IYZXIXZZYIXZZX
645,17,0.019407642726826102,475.48053091368604,IYXIIYZZYXZZZY;IYXIIYZZYYZZZX;IYXIYZXXZZZZXI;IYXIYZZZZZXXXI;IYXXZYIYZZZZYI;IYXXZZZZXIXZYI;IYXYZZYIIXZZZY;IYYIYXXZZZZZYI
646,24,2.8664559070256135,41198.73707679872,IYXIXYIXZZZZZX;IYXIXZXIYZZZZX;IYXIXZYIXZZZZX;IYXIXZZZZZZYIZ;IYXIYZZZZXXZXI;IYXIYZZZZYYZXI;IYXYZZYIXZZZYI;IYYIXZZZZXYZYI
647,88,0.09226502616451557,1393.0520983622357,IYXIXZYIYZZZZY;IYXIXZZZZZYIYY;IYXIYXIXZZZZZX;IYXIYZYIYZZZZX;IYXIYZZZZIZZZX;IYXXXIIYZZZZZX;IYXXYIIYZZZZZY;IYXYZZZZZZIZXI
648,34,0.01709995565396122,416.6533213943777,IYXIXZZYIXZZZX;IYXIYZZIZZZZZX;IYXIZIYZZZZZZX;IYXXZXXZZZZYII;IYXXZZYIXZZZXI;IYXYZZZZXIIYZY;IYYIIYZZZZZXYX;IYZXIYZZZZYIYX
649,52,0.04532183900548788,765.9461540190364,IYXIXZZZZXYZXI;IYXIYZZZIZZZZX;IYXIYZZZZZZXIZ;IYXXZXIXZZZZYI;IYXXZZZZIZZZYI;IYYIYZZZZXXZYI;IYYIYZZZZZXXYI;IYYXYIIYZZZZZX
650,56,0.03392899578750802,731.2317136961474,IYXIYZZZXIXZZX;IYXIYZZZXIYZZY;IYXXYIYZZZZZYI;IYXYZXIXZZZZXI;IYXYZYIYZZZZXI;IYXYZZZZZZZIXI;IYZXIIXZZZZZYZ;IYZZXIYZZZXIYY
651,40,0.031904712388568124,538.5255826772039,IYXIYZZZZXIXZX;IYXIYZZZZZIZZX;IYXXZYIIYZZZZY;IYXXZYIXZZZZXI;IYYIXIZZZZZZZX;IYYXZXIIXZZZZX;IYYYXIIXZZZZZY;IYZIZZYIXZZZZX
652,67,0.5648129846597669,5152.132428526503,IYXIYZZZZZXYYI;IYXIZXZZZZZZYI;IYXXZXIIYZZZZX;IYXXZZZYIIXZZX;IYXYZZZZZYYXII;IYYIXZZZZZZIZX;IYYIYZZZZYIXZX;IYZYYZZZZYIXXI
653,56,3.0097850794808996,54651.19049131142,IYXXZZXIXZZZYI;IYXXZZZZYXZXII;IYXYZZYIYZZZXI;IYXYZZZYIYZZXI;IYYYZZXIXZZZYI;IYYYZZZZYXZXII;IYZIZZZZXYZZXI;IYZZXIYZZYYZXI
654,42,0.34687348938134566,1106.115425829765,IYXXZZZZXIIXZY;IYXXZZZZXIIYZX;IYYIIYZZZZZYXX;IYYIXZZZZXIXZX;IYYIXZZZZXIYZY;IYYXZXIYZZZZYI;IYYYZZXIYZZZXI;IYZZYXZZXIYZYI
655,28,0.12335895708463225,1428.9023690135175,IYXXZZZZZXXYII;IYXXZZZZZZIZYI;IYYIIYZZZXYZZX;IYYIIYZZZYXZZX;IYYIYZZZZYXZXI;IYYXZZXXZZZXII;IYZYXIZZZZZZXI;IYZZZZZYIYXIYX
656,24,0.06099959318756522,1202.1796956573344,IYXYZZZXIIXZZX;IYXZIIYZZZZZZX;IYYIIXZZYYZZZX;IYYIIYZZYXZZZX;IYYIXZXYZZZZYI;IYYYZZZYIIYZZY;IYYYZZZZXIIXZY;IYZXIZXZZZZZYI
657,35,0.02600459276944368,673.2983658602735,IYXYZZZYXZZYII;IYYIIYXXZZZZZY;IYYIXYIXZZZZZY;IYYIXZXXZZZZXI;IYYIYZZZYYZZYI;IYYXZZZZYIXZYI;IYYYZZZXIIYZZX;IYZZXIIXZYXZZX
658,47,0.3205284584938486,2486.085450687912,IYXYZZZZZYIIXY;IYYIIYZYYZZZZY;IYYIIYZZZXXZZY;IYYIIZYZZZZZZY;IYYIXZZZZYYZXI;IYYIXZZZZZXYYI;IYYXZZZZZYYXII;IYYYZYYZZZZYII
659,42,0.043046286442950915,1749.6816801253415,IYYIXXYZZZZZYI;IYYIXZXIYZZZZY;IYYIXZZZZZYIXY;IYYIYYIXZZZZZX;IYYXZZZZYIYZXI;IYYXZZZZZXIXXI;IYZIYIXZZZZZZX;IYZYIIYYYZZZZY
660,61,0.09226502616451557,413.25813521316263,IYYIXZZYIYZZZX;IYYIXZZZXIXZZX;IYYIYXYZZZZZXI;IYYIYYYZZZZZYI;IYYXZZZZYIIXZY;IYYYZZZZYIIYZY;IYZXIIYZZZXXZX;IYZZYIYYIYZZZY
661,32,0.13923148208887723,4102.014461399168,IYYIXZZZXIYZZY;IYYIXZZZYIXZZY;IYYIXZZZZYIXZY;IYYIYXIYZZZZZX;IYYXZYIXZZZZYI;IYYXZZZZZXIYYI;IYYXZZZZZYIXYI;IYYYZYIXZZZZXI
662,52,0.1024111666940627,3475.852246108791,IYYIXZZZZZXIYY;IYYIYZXIYZZZZX;IYYIYZXXZZZZYI;IYYIYZZYIXZZZX;IYYXZYXZZZZYII;IYZYYZZXIYZZXI;IYZZXXZZYIIYZY;IYZZXXZZZXIYXI
663,39,0.03292514247598652,1166.2905791309925,IYYIXZZZZZYXYI;IYYIYXIXZZZZZY;IYYIYYIYZZZZZY;IYYIYZYIYZZZZY;IYYXZXIXZZZZXI;IYYYZZZZZZYZII;IYZYIIYZZZZXXY;IYZYYZZZYIIXZX
664,70,0.3607028630940751,1871.2355334849074,IYYIYZZYIYZZZY;IYYIYZZZXYZZXI;IYYXYIXZZZZZYI;IYZXIXYIYZZZZY;IYZXIXYXZZZZXI;IYZXIXZZZZZZIY;IYZXXZZZZXYXII;IYZYIXZZZIZZZX
665,55,0.06392026699539204,1270.6683399157423,IYYIYZZZZXIXZY;IYYIYZZZZZYXXI;IYYXZZXIYZZZYI;IYYXZZZYIXZZYI;IYYXZZZZXXZXII;IYZIZZZZZXIXZY;IYZXYZXXZZZXII;IYZXYZZYIXZZYI
666,25,0.0537639553648032,1006.1222921365242,IYYIYZZZZZZIZY;IYYXZZZZZXIIXX;IYYYZZZYIXZZXI;IYZIZZXIXZZZZY;IYZXIIXZZZXYZX;IYZXIIXZZZYXZX;IYZXIYZZZZXYYI;IYZZXIZXZZZZYI
667,22,0.0922638334982455,911.3220300734622,IYYXZZZZYIIYZX;IYYXZZZZZXXXII;IYYYZYIIYZZZZY;IYZIZZXXZZZZYI;IYZXYXXZZZZXII;IYZXYZZZZXXXII;IYZZYIIXZZXYZY;IYZZYIYZZYIYZY
668,36,0.184527666996491,5437.409739791581,IYYXZZZZZZXIIZ;IYYYZZZIZZZZYI;IYYYZZZYXZZXII;IYYYZZZZZYIYYI;IYZXIIYZZZZYYX;IYZYYZXYZZZXII;IYZZIZZYIXZZZX;IYZZXIIYZZZXYY
669,34,0.3137215543348596,2089.3759595291162,IYYYYIIXZZZZZX;IYYYZZZZZZYIIZ;IYZIZZZZXXZZYI;IYZIZZZZYYZZYI;IYZXIIXZZZYYZY;IYZXIXZZZZYIYY;IYZYXZZXIIYZZY;IYZZYIYZZZXIXY
670,23,0.09226980465067697,517.9737936316025,IYYYZZZZYIYZYI;IYZIZXIXZZZZZY;IYZXIIYZXXZZZX;IYZXIXZXXZZZYI;IYZXIXZZZZXXYI;IYZXZIIXZZZZZY;IYZYXZZZYXZYII;IYZZXYZZYXZYII
671,35,0.07106965151239994,1249.546218138075,IYZXIIXZZZZXXY;IYZXIIYZYYZZZX;IYZXIIYZZYYZZX;IYZXIIYZZZZXXX;IYZXYZZIZZZZXI;IYZYYZZZYXZXII;IYZZZZZXXYXXII;IYZZZZZYYIZZYI
672,46,3.121300478505374,43774.02357401534,IYZXIIYZZZXYZY;IYZXIXYYZZZZYI;IYZXIXZZXXZZYI;IYZXIXZZZZXIXY;IYZXIXZZZZZYZI;IYZXXXYZZZZXII;IYZXYYIXZZZZYI;IYZZXIYYXZZZYI
673,29,0.35368410902752095,4362.8685290068925,IYZXIXZYIYZZZY;IYZXIXZZYIYZZY;IYZXIYZZZZYYXI;IYZXIYZZZZZZIX;IYZXXZZZZZYZII;IYZYYZZZZZYIIZ;IYZZXIYZZZZXIZ;IYZZXYZYXZZYII
674,31,0.09226632816221757,1473.2349477893324,IYZXIXZZZIZZZY;IYZXIYXXZZZZXI;IYZXIYZIZZZZZX;IYZXIYZYIXZZZY;IYZXIYZYXZZZYI;IYZXYZIZZZZZXI;IYZZXXZYYZZYII;IYZZXYZZZXXXII
675,41,0.056722335554412376,1117.5127746225028,IYZXIYZZXIYZZY;IYZXIYZZYIXZZY;IYZXIYZZZZZXIZ;IYZXIZIXZZZZZY;IYZXXZZZZIZZYI;IYZYYZYIIYZZZY;IYZZIZZZZIZZZY;IYZZXYZZXIYZYI
676,68,2.981323814068089,50751.385202918376,IYZXIZIYZZZZZX;IYZXXZXIXZZZYI;IYZXXZZYXZZXII;IYZXYYIIYZZZZX;IYZXYZYIYZZZXI;IYZXYZZYYZZXII;IYZZXIIYYXZZZY;IYZZYYZZXIIXZY
677,30,0.0710699205507215,1303.6462204474235,IYZXXZXYZZZXII;IYZXXZZZYIIYZY;IYZXYZZYIIYZZX;IYZXYZZZXIYZYI;IYZXYZZZZXIIXX;IYZYXZZYIIYZZX;IYZYXZZZXIIXZX;IYZYYYXZZZZXII
678,25,0.04529993420801373,1334.6190274918279,IYZXXZZYIIXZZX;IYZXYZZZIZZZXI;IYZXYZZZYXZYII;IYZYXZZZYYZXII;IYZYXZZZZXIXXI;IYZYYZZIZZZZYI;IYZYYZZYIIXZZX;IYZYYZZZZZIZYI
679,21,0.36063454440304216,4021.106627656598,IYZXXZZZXIIXZY;IYZXXZZZZZYIIZ;IYZYIXZXIYZZZY;IYZYIXZZZZXIYY;IYZYIYZZZYIXZX;IYZYXZZXIYZZYI;IYZYYXIIYZZZZX;IYZZYZXZZZZXII
680,72,0.09231426856164536,1430.6136971899518,IYZXYZZZZYIIXY;IYZYIIXZZYYZZX;IYZYIXZXIXZZZX;IYZYXZXIIXZZZX;IYZYXZXIYZZZYI;IYZYYZZYXZZXII;IYZYYZZZZZYZII;IYZZXIXZXIYZZX
681,19,3.0097473200606326,51317.29409843207,IYZXZIIYZZZZZX;IYZYIXYYZZZZXI;IYZYIYZZXIYZZX;IYZYXZZZYIXZYI;IYZYXZZZZXIYYI;IYZYYYIXZZZZXI;IYZYYZXXZZZYII;IYZZXIIYZZYYZX
682,31,3.1281175980368667,59443.15495755908,IYZYIIYZXXZZZY;IYZYIXZZXXZZXI;IYZYIXZZZYIXZY;IYZYIYZXIYZZZX;IYZYXZZXIIXZZX;IYZYYZXIYZZZXI;IYZZXIXYIXZZZX;IYZZZZYXXIIXZX
683,40,0.09247504599927758,2497.7363844156735,IYZYIXZZIZZZZX;IYZYIXZZYXZZYI;IYZYXXXZZZZXII;IYZYXZYXZZZYII;IYZYYXYZZZZXII;IYZYYZYXZZZXII;IYZZIZZZYIYZZY;IYZZZZIZYIYZZY
684,27,0.0285996546669666,543.091467420147,IYZYIXZZZXIYZY;IYZYIXZZZZXYYI;IYZYIYZZYXZZXI;IYZYYZZYIXZZXI;IYZYZIIXZZZZZX;IYZZXIXZYIYZZY;IYZZXIXZYYZZYI;IYZZXYZXIIYZZY
685,63,3.0362046893298027,38545.14088898523,IYZYIXZZZZZXIZ;IYZYIYZZZZXXYI;IYZYXZZIZZZZXI;IYZYYZZZZXIXYI;IYZZXIIXZYYZZY;IYZZXYYYZZZXII;IYZZXYZXIIXZZX;IYZZYIIYZZZYYY
686,18,0.07107397394476049,1051.600356885527,IYZYIZIXZZZZZX;IYZYXZYYZZZXII;IYZYXZZZZXXXII;IYZYXZZZZYYXII;IYZYYZZZXIIXZY;IYZZXYZZZYYXII;IYZZYYXIYZZZXI;IYZZZYYZYIIYZY
687,21,3.114467984873857,68797.76100017628,IYZYXZZYIYZZXI;IYZYYZZXYZZXII;IYZZIZZZZZYIXX;IYZZXIIXZZXXZY;IYZZXIXZYXZZXI;IYZZXXZZXYZXII;IYZZYIYZIZZZZY;IYZZYYZZYIIYZY
688,63,0.2308099116376363,1591.6771782831606,IYZYYZZZZXIIXY;IYZZIZZXYZZZXI;IYZZXIIXYYZZZY;IYZZXIIYXXZZZX;IYZZXIXZZXIXZY;IYZZXIYZXXZZXI;IYZZYIXZYXZZYI;IYZZYIYZXYZZXI
689,36,0.022649967104006866,527.8884555145536,IYZZIZZXXZZZYI;IYZZXIIXXXZZZY;IYZZXIIXXYZZZX;IYZZXIIXZXXZZY;IYZZXIXZZZXYXI;IYZZXYZZZZXZII;IYZZYXXXZZZXII;IYZZYXYXZZZYII
690,53,0.24911173363428718,5436.523027634461,IYZZXIIXZXYZZX;IYZZXIIYZZXXZX;IYZZXIIYZZYXZY;IYZZXIXZZZXIYX;IYZZXIXZZZYIYY;IYZZXIYZYIXZZY;IYZZXIYZYIYZZX;IYZZXIYZYXZZYI
691,65,0.09230153784715558,1167.8596123679408,IYZZXIIYZZZYXY;IYZZXIXYXZZZXI;IYZZXIXZXYZZXI;IYZZXIXZZZZYZI;IYZZXIYZZZYXYI;IYZZXXZZZZZIYI;IYZZXYZZZYIXYI;IYZZZIZZZZYIYY
692,48,0.023429596381617415,213.30212585640825,IYZZXIIZYZZZZX;IYZZXIXYYZZZYI;IYZZXIXZZXXZYI;IYZZXIYZZYIXZY;IYZZXXZXIIYZZX;IYZZYIYXXZZZYI;IYZZYXZZXYZYII;IYZZZXXZYIIXZX
693,44,0.0710803423702084,883.3601995694678,IYZZXIXZZIZZZY;IYZZXIXZZXIYZX;IYZZXIXZZXYZXI;IYZZXIYYIXZZZY;IYZZXXZZXIIYZX;IYZZXXZZXIYZXI;IYZZXYZZYIIYZX;IZIIXZZZZYYZZX
694,23,0.11169817055145884,1605.6348050283214,IYZZXIXZZYIYZY;IYZZXIXZZZZYIZ;IYZZXIYZYYZZXI;IYZZXIYZZXIXZX;IYZZXIYZZXYZYI;IYZZXXZZYIXZXI;IYZZXYZZXIIXZX;IYZZXYZZXXZXII
695,39,0.046739720020859125,1026.2160748294293,IYZZXIXZZZYXXI;IYZZXIYZIZZZZX;IYZZXIYZXIYZZY;IYZZXIYZZZXIXX;IYZZXXYYZZZYII;IYZZXXZZZZYZII;IYZZZXIXZZZYIZ;IYZZZZZYZIIXZX
696,37,0.36067674117824644,527.2988853972798,IYZZXIYZXIXZZX;IYZZXIYZZIZZZX;IYZZXIYZZYXZYI;IYZZXIYZZZZZIX;IYZZXXZYIIYZZY;IYZZXZIIXZZZZY;IYZZYXXYZZZYII;IZIYZZIZZZZZZY
697,34,0.23910770989165767,3428.3541932730122,IYZZXIZIXZZZZY;IYZZXXIZZZZZYI;IYZZXXXIIXZZZY;IYZZXXYIIYZZZY;IYZZXYZYIIYZZX;IYZZYIIXZZZYXY;IYZZYIXZZYYZXI;IYZZYXZZYIIYZX
698,54,3.03620014099916,38539.21330719657,IYZZXXXIIYZZZX;IYZZXXXIYZZZXI;IYZZXYZYIIXZZY;IYZZXYZZXIXZXI;IYZZYIIXZZZYYX;IYZZYIYZZZYYYI;IYZZYXZZYIXZYI;IYZZYYXYZZZXII
699,49,0.07107018998831273,1410.7445800238274,IYZZXXZXYZZXII;IYZZXXZZXIIXZY;IYZZXYZZZXIIXX;IYZZXZIIYZZZZX;IYZZYIIYZZYXZX;IYZZYIYYYZZZYI;IYZZYYZXIIXZZY;IYZZZXIIZYZZZX
700,36,0.0924910755375957,522.5777643817767,IYZZXXZYIIXZZX;IYZZXXZYIXZZXI;IYZZXXZYIYZZYI;IYZZXXZZZZYIZI;IYZZYIIXZZYYZX;IYZZYXZXIIYZZY;IYZZYXZZYIIXZY;IYZZZZXXZYIIYY
701,40,0.04999526337961768,845.7830452560137,IYZZXXZZZXIIXY;IYZZXXZZZXYXII;IYZZXYZZZXIYYI;IYZZXYZZZYIIXY;IYZZYIIXZZZXYY;IYZZYIIYZZYYZY;IYZZYIXZZIZZZX;IYZZYIXZZZXIXX
702,53,0.09256007913054572,636.448052570783,IYZZXXZZZXIXYI;IYZZXYXXZZZXII;IYZZXYZZZYIYXI;IYZZYIXZZXIYZY;IYZZYIXZZZXYYI;IYZZYIYZZZYXXI;IYZZYXYYZZZXII;IYZZYXZZZXIYYI
703,18,0.05584908527572942,2181.0317727930824,IYZZXXZZZYIIYY;IYZZXYZZYYZXII;IYZZYIYYXZZZXI;IYZZYIYZYIYZZY;IYZZYXYIIYZZZX;IYZZYXZXIYZZYI;IYZZYYZZXXZYII;IYZZZYYZZZYZII
704,48,3.121279709531229,63314.51668091324,IYZZXYZZZZZIXI;IYZZXZYZZZZXII;IYZZYIIYZZXYZX;IYZZYIYZYXZZXI;IYZZYIYZZZYIYY;IYZZYIZXZZZZXI;IYZZZYIYZZXIYX;IYZZZYYZXYZXII
705,39,3.0839765953290046,68099.55936108943,IYZZYIIXYYZZZX;IYZZYIIXZZXXZX;IYZZYIIXZZZZXZ;IYZZYIYZYYZZYI;IYZZYXXIYZZZYI;IYZZYYZYIIXZZX;IYZZZXYXIIXZZX;IYZZZYIZYZZZYI
706,27,0.0249780212538709,556.6180036436028,IYZZYIIXZXXZZX;IYZZYIIXZYXZZY;IYZZYIYXYZZZXI;IYZZYXYIIXZZZY;IYZZYXYIXZZZYI;IYZZZIZZZZYXXI;IYZZZYIXZZXXXI;IYZZZZXIIXZYXX
707,41,0.0922648680443979,1338.7866341630431,IYZZYIIXZZYXZY;IYZZYIIYZZXXZY;IYZZYIXZIZZZZX;IYZZYIXZXYZZYI;IYZZYIYIZZZZZY;IYZZYIYZZZIZZY;IYZZYXZZZYIYXI;IYZZYYZYIIYZZY
708,41,0.11424155807383393,565.1872507119033,IYZZYIXYIXZZZY;IYZZYIXYIYZZZX;IYZZYXZZXIXZXI;IYZZYYXIIXZZZY;IYZZZXXZZXIIYX;IYZZZXYZZXIIYY;IYZZZZYXZYIIYX;IYZZZZZXIIXZYZ
709,69,0.3618895177308855,2807.375057020983,IYZZYIXZXIYZZY;IYZZYIXZYIYZZX;IYZZYIYZYIXZZX;IYZZYIYZZXXZYI;IYZZYXZXIXZZXI;IYZZYYZYIXZZXI;IYZZZZXIYZXIYY;IYZZZZYIXZYIYX
710,39,0.08643873911070858,600.0375636354077,IYZZYIXZZZIZZX;IYZZYIXZZZXIYY;IYZZYIXZZZYIXY;IYZZYYZYXZZXII;IYZZZIZZZZXXYI;IYZZZXXZYXZXII;IYZZZXYZXIYZYI;IYZZZZXIXZYXXI
711,29,0.02031048052653428,402.59187427089853,IYZZYIXZZZYIYX;IYZZYIXZZZYXYI;IYZZYXZZXIIYZY;IYZZYXZZZYYXII;IYZZYYZZZXIXYI;IYZZYYZZZZYIZI;IYZZZXXYXZZXII;IZXZZXXZZZZXII
712,24,3.1280874109086536,59440.32655942352,IYZZYIZIYZZZZY;IYZZYXZYIYZZXI;IYZZYXZZZXIIXX;IYZZYXZZZXXXII;IYZZYXZZZXYYII;IYZZZXIXXYZZXI;IYZZZZXZIYZZXI;IZIIXXYZZZZZZY
713,49,0.1858488671646058,684.4294045617812,IYZZYXXIIXZZZX;IYZZYXZZZYIXYI;IYZZYYZZYIXZXI;IYZZYYZZZXIYXI;IYZZZXIIXZYXZX;IYZZZXIIYZXXZX;IYZZZXYZYIXZYI;IYZZZYIIYXXZZY
714,34,0.09226395053650657,1268.1338436603867,IYZZYYZZXIIYZX;IYZZYYZZYIIXZX;IYZZYYZZZZYIIZ;IYZZZXXXIIXZZY;IYZZZXYZXXZXII;IYZZZYIIYZZYYY;IYZZZZIZZZXIYX;IYZZZZXIXYIYZY
715,54,0.09240651440135249,741.4393704625412,IYZZYYZZZXIIXY;IYZZYYZZZXXYII;IYZZZIZYIXZZZX;IYZZZIZZZZXIYX;IYZZZXIIXZZXXY;IYZZZXIIYYYZZX;IYZZZYYZXIIXZY;IYZZZYYZXIXZYI
716,38,0.03818098328210982,845.4214508608756,IYZZZIZXIYZZZX;IYZZZIZZXYZZXI;IYZZZXIIXZYYZY;IYZZZXIXZZXXYI;IYZZZXIYZZXIXX;IYZZZXXZZYXXII;IYZZZYIYZZYIXX;IYZZZZZXXYIXXI
717,50,0.04890865384706078,1043.6381357618297,IYZZZIZZXIXZZY;IYZZZIZZYIXZZX;IYZZZIZZZZYYYI;IYZZZXIIYZYYZX;IYZZZXXYIXZZXI;IYZZZXYZZXYYII;IYZZZYIIXYYZZX;IYZZZYIIYYYZZY
718,50,0.244131856568797,647.46465717932,IYZZZIZZZXIYZX;IYZZZIZZZZYIXX;IYZZZXIIYXXZZX;IYZZZXIIYZZXXX;IYZZZXYZYIIXZY;IYZZZYIXXIYZZY;IYZZZYIXZXIYZY;IYZZZYIXZZYIXY
719,46,0.09226419577144596,1021.8677897869508,IYZZZIZZZZZZIY;IYZZZXIIXYXZZX;IYZZZXIIXZXYZX;IYZZZXIIXZZZYZ;IYZZZXIIYZZYXY;IYZZZXXZZXIIXY;IYZZZXXZZXYXII;IYZZZZXXZYIYYI
720,37,0.04987832892508673,955.9612624224596,IYZZZXIIYZXYZY;IYZZZXIIYZZZXZ;IYZZZXIXYYZZYI;IYZZZXXZXIIXZY;IYZZZXXZXIIYZX;IYZZZYIIXZXXZX;IYZZZYXZYIYZXI;IYZZZZIZZXIXZY
721,44,3.0293992025323186,54748.41704521849,IYZZZXIXZYIXZX;IYZZZXIXZZYXXI;IYZZZXIYZZXYYI;IYZZZXXYIIXZZX;IYZZZYIIYZZXYX;IYZZZYXZZXYYII;IYZZZZYYZYIIYY;IYZZZZZYYXIIXY
722,47,0.09228367596683262,766.4703954259404,IYZZZXIXZZZZIY;IYZZZXIZXZZZYI;IYZZZXXZXXZYII;IYZZZXXZZZYZII;IYZZZXYZZXXXII;IYZZZYIIXYXZZY;IYZZZZIZZZZZIY;IYZZZZZXIXXYXI
723,42,0.055849085275729404,1040.6303188241052,IYZZZXIYYIXZZY;IYZZZXXZYIIYZY;IYZZZXXZZXIYXI;IYZZZXXZZYIYYI;IYZZZXYZXIIXZX;IYZZZXYZZYIXYI;IYZZZZZYXXIIXX;IYZZZZZYYYIIYY
724,44,0.230189436468788,916.0865700075353,IYZZZXIZIYZZZX;IYZZZXXZZZYIZI;IYZZZXYZXIIYZY;IYZZZXYZZYYXII;IYZZZYIIYYXZZX;IYZZZYXXIIYZZY;IYZZZYYZZXIXYI;IYZZZZIZZXXZYI
725,45,3.0098559985305684,54654.97710267482,IYZZZXXZZXIXYI;IYZZZXXZZYIIXX;IYZZZXYZZXIIXX;IYZZZYIIYZYXZX;IYZZZYIXZZXYYI;IYZZZYZIXZZZXI;IYZZZZYIIYXXZY;IZIYZIZZZZZZZY
726,21,0.07304531825092239,1715.9617088458847,IYZZZXXZZZYIIZ;IYZZZXYZZYIYXI;IYZZZXYZZZXIZI;IYZZZYIIYZXYZX;IYZZZYXYIXZZYI;IYZZZZIZXIXZZY;IYZZZZIZYIXZZX;IYZZZZXXXIIXZY
727,47,0.08362755731412931,929.0605654399914,IYZZZXYZYIIYZX;IYZZZXZIIYZZZX;IYZZZYIIYZZZYZ;IYZZZYIXZZXIXX;IYZZZYIYXIYZZX;IYZZZZXIIYYYZX;IYZZZZYXXXZXII;IYZZZZZIZZXIYX
728,37,0.07833723720380548,1300.3300570842252,IYZZZXZIYZZZXI;IYZZZYIXIZZZZX;IYZZZYIXZZYIYX;IYZZZYXZZYIIXY;IYZZZYYZZXYXII;IYZZZYYZZYIYYI;IYZZZZXIIXXYZX;IYZZZZXIIYZXXX
729,18,0.031044872191647258,681.6247030948443,IYZZZYIXZZIZZX;IYZZZYIXZZZXIZ;IYZZZYXXIXZZXI;IYZZZYXXYZZYII;IYZZZYXZZXIXXI;IYZZZYXZZYIXYI;IYZZZZYIXZIZZX;IYZZZZZXIXYIYY
730,43,0.23640906294292918,925.7008273127367,IYZZZYIYYIXZZX;IYZZZYIYYIYZZY;IYZZZZIZXIYZZX;IYZZZZXIIYYXZY;IYZZZZXXYXZXII;IYZZZZXZIXZZYI;IYZZZZYIIXXXZX;IYZZZZYXYYZXII
731,32,0.07110422872628437,1384.3657561954674,IYZZZYIYZZYYYI;IYZZZYXXIIXZZX;IYZZZYXZXIIXZX;IYZZZYXZZZXIIZ;IYZZZYZIIXZZZX;IYZZZZXIZIXZZY;IZXZZZZZYIIYZX;XXIXZZYIXZZZYI
732,20,0.0922638334982455,1267.4329926261173,IYZZZYXZXIIYZY;IYZZZYXZXIXZXI;IYZZZYXZXIYZYI;IYZZZYYZYIIXZX;IYZZZZXIYXIYZY;IYZZZZYIXXIXZX;IYZZZZZXIIYZXZ;IZIIXYYZZZZZZX
733,30,0.019056878913317695,422.1499006357549,IYZZZYXZZXIIYY;IYZZZYXZZXXXII;IYZZZYYZZYIIXX;IYZZZZXIXZIZZY;IYZZZZXIXZZIZY;IYZZZZXXZIZZYI;IYZZZZXYZZIZXI;IYZZZZYIYZYYYI
734,38,0.184527666996491,1508.4979304740154,IYZZZYXZZYXYII;IYZZZYXZZZXZII;IYZZZYYZZXIIYX;IYZZZZIZXYZZXI;IYZZZZXIXYYZYI;IYZZZZXIXZYYYI;IYZZZZYIYYXZXI;IYZZZZZYIZIYZY
735,35,0.10657322453390941,1442.6160585777047,IYZZZYXZZZXIZI;IYZZZYYXYZZXII;IYZZZYYYXZZXII;IYZZZZYIZIXZZX;IYZZZZYZIIXZZX;IYZZZZZXYXIYYI;IYZZZZZYXXIYYI;IYZZZZZZIZYIYY
736,21,0.038313908603851934,677.6311701764863,IYZZZZIZZZYIYY;IYZZZZXIIYZXYY;IYZZZZXIXXIYZX;IYZZZZXIZIYZZX;IYZZZZXYZXIYYI;IYZZZZYIXZYIXY;IYZZZZYXZXYYII;IYZZZZZZIZXIXY
737,28,0.04737123598586947,896.6802310114708,IYZZZZXIXIZZZY;IYZZZZXIXXYZXI;IYZZZZXIXYXZXI;IYZZZZYIYXYZXI;IYZZZZZXIXXXYI;IYZZZZZXZIIYZX;IYZZZZZYIXXIXX;XIZZZZYIXZZZYI
738,31,0.024521394158430826,576.7477836524434,IYZZZZXIYYIYZX;IYZZZZXIYZXIXX;IYZZZZXIYZYIYX;IYZZZZXXYIYZYI;IYZZZZYIXYIYZX;IYZZZZYIXZXIXX;IYZZZZYXXIXZXI;IYZZZZZXIXZZIY
739,38,0.09226666957087952,1076.6997304361919,IYZZZZXIYZYIXY;IYZZZZXIYZYYXI;IYZZZZXIYZZXIZ;IYZZZZXXZZYIZI;IYZZZZYIIYZYYY;IYZZZZYIXZXIYY;IYZZZZYIXZXYYI;IYZZZZZZXXYIZI
740,20,0.04647876383729896,821.3013224993553,IYZZZZXIYZYXYI;IYZZZZXXZXIXYI;IYZZZZXYYIIYZX;IYZZZZXYZYYXII;IYZZZZYIXZXXXI;IYZZZZYXXIIYZY;IYZZZZZXIIYXXX;IYZZZZZZXZIIYX
741,21,0.25476764102193555,4019.245125892892,IYZZZZXYXIIYZY;IYZZZZXZIIXZZY;IYZZZZZXIYZZIX;IYZZZZZZXIYXIZ;IZIIYXYZZZZZZX;IZIXZZIZZZZZZX;IZIYZZZYYZZZYI;IZYZZZZZZYIIYY
742,23,0.2616146742003339,3901.5422754583037,IYZZZZXYYIXZYI;IYZZZZXYZZXIZI;IYZZZZYIZIYZZY;IYZZZZYIZXZZXI;IYZZZZYYXIYZXI;IZIXZYXZZZZZYI;IZIYZZXIYZZZZX;IZXZYIXZZZZZYI
743,35,0.0710699205507215,3303.1859519022496,IYZZZZYIXIZZZX;IYZZZZYYZZIZYI;IYZZZZZIXYZZXI;IYZZZZZYIYYXXI;IZIIXZYXZZZZZY;IZIIXZZZZXYZZY;IZIXZZZZXIXZZX;IZYZZZYXZZZXII
744,39,0.0922678756661128,990.4686149150731,IYZZZZYIXZZXZI;IYZZZZYXYIYZXI;IYZZZZZIZXIYZX;IYZZZZZXZXZYII;IZIIXZZZZZZYYX;IZIIYZYYZZZZZY;IZIIYZZZYYZZZY;IZXZZZZYIXZZYI
745,32,0.2573092789842756,3971.190283049407,IYZZZZYZIXZZXI;IYZZZZZXXZYIIZ;IYZZZZZZXIXYZI;IZIIXZZZZZZXYY;IZIXZZYIYZZZZX;IZXZZXIYZZZZYI;IZXZZZXYZZZYII;XIZZZZZZZXIIYY
746,37,0.04779902309681995,1424.4140477182013,IYZZZZZYIYZYZI;IYZZZZZZIZYIXX;IYZZZZZZXIZIXY;IYZZZZZZXIZIYX;IZIYZZZZZZXIXY;IZIYZZZZZZXIYX;IZXZZZZZZYXYII;IZYZZZZZXXZYII
747,39,0.08614422243837241,1319.6137734730055,IYZZZZZZXIIYXZ;IYZZZZZZXYXIIZ;IYZZZZZZYIZXXI;IYZZZZZZYYYIZI;IZIIXZZYXZZZZY;IZIIXZZZZYXZZY;IZIIYZZYXZZZZX;IZIIYZZZZXYZZX
748,37,0.26623271649894387,4152.362242319619,IYZZZZZZXZIIXY;IYZZZZZZYIIZXX;IZIIXZZZZXXZZX;IZIIYZZXXZZZZY;IZIIYZZZZZZYYY;IZIXZZYXZZZZYI;IZIXZZZYIYZZZX;IZYZZZXIIYZZZX
749,23,0.25891914105957775,4201.561434888716,IYZZZZZZYYYIIZ;IZIIXXXZZZZZZX;IZIIXYXZZZZZZY;IZIIYYYZZZZZZY;IZIXZXIXZZZZZX;IZXZZZZXXZZXII;IZXZZZZZYXZYII;XXXZZZZZZXIIIZ
750,27,0.3273321941694771,1604.5106681332365,IZIIXZXXZZZZZX;IZIIXZYYZZZZZX;IZIIXZZZZZXXZX;IZIIXZZZZZYYZX;IZIXZZZZYYZZXI;IZIYXXZZZZZZYI;IZIYZZYYZZZZYI;IZIYZZZZXXZZYI
751,28,0.0453205853262357,735.7657068212322,IZIIYZYXZZZZZX;IZIIYZZXYZZZZX;IZIIYZZYYZZZZY;IZIXZYYZZZZZXI;IZIYZYYZZZZZYI;IZXXIXZZZZZZXI;IZYZYYZZZZZYII;IZYZZZZZZXXYII
752,94,2.7442746626651973,49564.795281012855,IZIIYZZZZZXYZX;IZIIYZZZZZZXXY;IZIXZZZZYIYZZX;IZIYZZZZXIYZZX;IZXZXXZZZZZXII;IZXZZIZZZZZZXI;IZYZZXIYZZZZXI;IZYZZZZXIIYZZX
753,115,2.5243630523063953,42974.79367597716,IZIXZXIYZZZZZY;IZIXZYIYZZZZZX;IZIYZYIXZZZZZX;IZXZXIYZZZZZYI;IZXZZZXIXZZZXI;IZYZZZXIXZZZYI;IZYZZZYIXZZZXI;XIZZZXIIYZZZZY
754,39,0.26623271649894387,3626.972353102524,IZIXZZXIXZZZZX;IZIXZZXIYZZZZY;IZIXZZYIXZZZZY;IZXZZYIXZZZZYI;IZXZZZZZZXIYYI;IZYXIYZZZZZZXI;IZYZZYIXZZZZXI;IZYZZZZZZXIYXI
755,38,0.3323008468709861,653.7573332233162,IZIXZZZIZZZZZX;IZIXZZZYIXZZZY;IZIXZZZZZYIYZX;IZIYZZZIZZZZZY;IZIYZZZYIXZZZX;IZIYZZZZZYIYZY;IZXZZZYIYZZZXI;IZXZZZZZZXIXXI
756,138,0.2899165703046975,2042.9986534584725,IZIXZZZXIXZZZX;IZIXZZZZIZZZZX;IZIXZZZZZXIXZX;IZIYIZZZZZZZZY;IZIYZZZZIZZZZY;IZIYZZZZZXIXZY;IZXZZZZXIXZZXI;XIZXIIYZZZZZZY
757,47,3.1145264312940246,68773.68719685853,IZIXZZZZYIXZZY;IZIXZZZZZYIXZY;IZIYXIYZZZZZZX;IZIYZZZXIYZZZX;IZIYZZZZYIXZZX;IZXYIIXZZZZZZY;IZYZZZZXIYZZXI;XIZZZZZXIYZZYI
758,48,3.0098595614768695,48467.44575915633,IZIXZZZZZZYIXY;IZIYZZZZZXIYZX;IZIYZZZZZZYIXX;IZXZZZZYXZZYII;IZXZZZZZYYZXII;IZYZYIXZZZZZXI;IZYZZZXIYZZZXI;XIZZYIYZZZZZXI
759,62,0.37427164918683714,3584.503529388743,IZIXZZZZZZZIZX;IZIYXIXZZZZZZY;IZIYZZZYIYZZZY;IZXZZZZZXIIXZX;IZYZZZYIIYZZZY;XIZZZZZXIXZZXI;XIZZZZZZYIYZXI;XXIIIXZZZZZYXY
760,40,3.009747404141094,47911.389834094516,IZXZXIIXZZZZZX;IZXZYIIXZZZZZY;IZYYIXZZZZZZXI;XIZZZXXZZZZXII;XIZZZZZZYYZXII;XXIIXYIXZZZZZY;XXIIXYIYZZZZZX;XXIIYYIXZZZZZX
761,39,0.05523683750053472,1148.9584884836665,IZXZZXIIXZZZZX;IZXZZXIIYZZZZY;IZXZZYIIXZZZZY;IZYZZYIIXZZZZX;XIZXXZZZZZZXII;XXIIXZZZZZZXIZ;XXIXZZZZIZZZXI;XXZIXZZZZZZXII
762,37,0.05767717472461142,807.292466961825,IZXZZZYYZZZXII;IZXZZZZXIIXZZX;IZXZZZZXIIYZZY;IZYZXXZZZZZYII;IZYZZZXXZZZYII;XXIXZZZXYZZYII;XYIYZZZXYZZYII;XZZIZZZZZIZZXI
763,39,0.0520776711885589,1583.9774625956097,IZXZZZZYIIYZZX;IZYZYIIXZZZZZX;IZYZYIIYZZZZZY;IZYZZZZYIIYZZY;XIZZZYXZZZZYII;XIZZZZZZYXZYII;XXIIXZZZZXYZYI;XXIYZZZZZZYIIZ
764,59,0.375199973908661,1505.481248128877,IZXZZZZZXIIYZY;IZXZZZZZYIIXZY;IZYZZZYIIXZZZX;XIXIIXZZZZZZZX;XIYIIXZZZZZZZY;XXIYZZZZXXZYII;XXXZZYIIIYZZZX;XXYZZYIIIYZZZY
765,52,0.029770258617856937,531.0195380589854,IZXZZZZZXXZXII;IZXZZZZZZIZZXI;IZYZZZZXYZZXII;XIZZXIIXZZZZZX;XIZZYIIXZZZZZY;XIZZZZZYIYZZXI;XIZZZZZYXZZYII;XXXZZZZXIIYZYI
766,48,3.114495835898387,68773.13309884464,IZYZZZXIIXZZZY;IZYZZZXYZZZXII;XIZZZXIIXZZZZX;XIZZZZZZZXIIXX;XXIIIXZZZZZXYY;XXIIXYYZZZZZXI;XXYZZXIIIYZZZX;XXYZZZZZYIIIXX
767,62,0.0801098728005168,1259.7661482989558,IZYZZZZYXZZXII;XIZZXIIYZZZZZY;XIZZZZYIIXZZZY;XXIIIXXXZZZZZX;XXIIIXZZZZZXXX;XXIIXZXXZZZZXI;XXIXZZZZZXIYYI;XXIYZYIIXZZZZX
768,34,0.2541561272306513,3928.2488746687204,IZYZZZZZXIIXZY;XIZZZZXIIXZZZX;XIZZZZZXIIXZZX;XIZZZZZZYIIYZX;XXIIXZZZXYZZYI;XXIIYXIXZZZZZY;XXIXXYZZZZZYII;XXIXZYXZZZZYII
769,30,0.2541561324788643,3840.299267508846,IZYZZZZZZYIIXX;IZZIIXZZZZZZZX;XIZZZZZXIIYZZY;XIZZZZZXYZZYII;XIZZZZZZYIIXZY;XXIIXXIXZZZZZX;XXIIXZIZZZZZZX;XXIIXZZZZZYIYX
770,26,0.25731520037654587,5408.747656437358,XIZZZYIIXZZZZY;XIZZZZZYIIXZZY;XIZZZZZZZYIIXY;XXIIIXZZZYXZZY;XXIIIYZZXYZZZX;XXIIXZZZZXIXZX;XXIIXZZZZZXXXI;XXIIYZZZZZXYXI
771,37,0.33202047967981785,6053.787273346465,XIZZZZZZZYIIYX;XXIIIXXYZZZZZY;XXIIIXZYXZZZZY;XXIIIXZZXYZZZY;XXIIIYZZZYXZZX;XXIIXZXYZZZZYI;XXIIXZZYXZZZYI;XXIIXZZZZZXYYI
772,55,0.3468734893813456,4982.985408561817,XXIIIXYYZZZZZX;XXIIIXZYYZZZZX;XXIIIXZZZXXZZX;XXIIIXZZZZZYYX;XXIIIYZYYZZZZY;XXIIIYZZZXXZZY;XXIIIYZZZYYZZY;XXIIIYZZZZZXXY
773,43,0.15687012051047042,7569.9995634196275,XXIIIXZZXXZZZX;XXIIIYXXZZZZZY;XXIIIYZZXXZZZY;XXIIIYZZZZYYZY;XXIIXZZZXXZZXI;XXIIXZZZZZYYXI;XXIIYZYYZZZZYI;XXIIYZZZXXZZYI
774,27,0.24911783264003098,1417.9927245278127,XXIIIYZYXZZZZX;XXIIIYZZZXYZZX;XXIIIYZZZZZYXX;XXIIIZXZZZZZZX;XXIIXZXIYZZZZY;XXIIYZZYXZZZXI;XXIIYZZZZXYZXI;XXIXZZZZZYIXYI
775,23,0.05588753278794754,1084.773056259849,XXIIIYZZYXZZZX;XXIIXIZZZZZZZX;XXIIXYXZZZZZYI;XXIIYZZIZZZZZY;XXIIYZZZZZYIYY;XXIXZZZYIIXZZY;XXXZZZZZXIYYII;XXXZZZZZZXIZII
776,25,3.016575905341704,45170.570784495336,XXIIXXYZZZZZYI;XXIIXZXIXZZZZX;XXIIXZZZYXZZYI;XXIIXZZZZZXIXX;XXIIYZYIYZZZZY;XXIIYZYXZZZZXI;XXIIYZZYIYZZZY;XXIIYZZZXYZZXI
777,32,0.0922711741721056,739.2358745573347,XXIIXZYXZZZZYI;XXIIXZZIZZZZZX;XXIIXZZYIXZZZY;XXIIYXYZZZZZXI;XXIXZZXIXZZZXI;XXIYXYZZZZZXII;XXXZZZZXIIIXZX;XXYZZZXIIYZZXI
778,37,0.03666209155319202,1498.7262484959117,XXIIXZZYIYZZZX;XXIIXZZZIZZZZX;XXIIXZZZZZZIZX;XXIIXZZZZZZZIX;XXIIYZIZZZZZZY;XXIIYZZZIZZZZY;XXIIYZZZZZZZIY;XXIXXIIYZZZZZY
779,37,0.08425667518063754,2073.0253112799587,XXIIXZZZXIXZZX;XXIIXZZZXIYZZY;XXIIXZZZYIXZZY;XXIIYYYZZZZZYI;XXIXZYIXZZZZYI;XXIXZZYXZZZYII;XXIYZIZZZZZZYI;XYIIXZYYZZZZYI
780,75,0.24912681211147447,1665.5082038699377,XXIIXZZZZIZZZX;XXIIXZZZZXIYZY;XXIIXZZZZXXZXI;XXIIYZZXXZZZYI;XXIXZXIYZZZZYI;XXIYZYIYZZZZYI;XXIYZYYZZZZYII;XXYZZZZYIIIYZY
781,47,0.24331788482754832,4885.9776146093345,XXIIXZZZZYIXZY;XXIIXZZZZYXZYI;XXIIYZXIYZZZZX;XXIIYZYIXZZZZX;XXIIYZZZZZYIXX;XXIXZYIYZZZZXI;XXIYZYIXZZZZXI;XXYZZZXIYZZXII
782,27,3.12127797920627,60551.56333097584,XXIIXZZZZZYIXY;XXIIYZZYIXZZZX;XXIIYZZZXIYZZX;XXIXZZZXXZZXII;XXIYZZZYIXZZXI;XXXYIYZZZZZXII;XXXZZYIYZZZXII;XXXZZZXIXZZXII
783,29,0.026443594459665633,725.5813406098971,XXIIYZZZYIXZZX;XXIIYZZZYXZZXI;XXIXYIIXZZZZZY;XXIXZXIIYZZZZY;XXIXZZXIIYZZZY;XXIXZZZXIIYZZY;XXIYZZZZYIXZXI;XXIYZZZZZYIXXI
784,35,0.0712098866048506,431.7157216778127,XXIIYZZZZXXZYI;XXIIYZZZZYYZYI;XXIIZYZZZZZZYI;XXIXZZZYXZZYII;XXIXZZZYYZZXII;XXIXZZZZXIIXZX;XXIYXIXZZZZZYI;XXXZXIIYZZZZYI
785,45,5.810620648071694,160597.88569194733,XXIIYZZZZYIYZY;XXIIYZZZZZXIXY;XXIXZZZXIIXZZX;XXIYZZXIYZZZXI;XXIYZZZYYZZYII;XXXZZYIXZZZYII;XXYZZZZYIYZYII;XZYYZZZZZXIIIZ
786,24,0.0710689745265433,1105.0734417914932,XXIIZIXZZZZZZX;XXIIZXZZZZZZXI;XXIXZZXIYZZZYI;XXIXZZZXIYZZYI;XXIXZZZYIXZZYI;XXIYZZZZYIIYZY;XXYZZZZZYIXXII;XYIIYZZZZZYIXY
787,30,0.09227454246780906,696.3270933655322,XXIXZZXIIXZZZX;XXIXZZYIIXZZZY;XXIXZZZXIXZZXI;XXIXZZZZYXZYII;XXIXZZZZZYYXII;XXIYZXIXZZZZYI;XXXZZZXIIIXZZX;XXXZZZYIIIXZZY
788,51,0.3428343935936355,1112.2241801845676,XXIXZZZYIIYZZX;XXIXZZZZZXYYII;XXIYZZXIIXZZZY;XXIYZZXIXZZZYI;XXXZZZZYIIIYZX;XXXZZZZZXIXXII;XXYXIIYZZZZZXI;XYIXZZXYZZZXII
789,45,0.184527666996491,1473.8820561364391,XXIXZZZZXYZYII;XXIXZZZZYIIXZY;XXIXZZZZZYXYII;XXIXZZZZZZXZII;XXXXIIIXZZZZZX;XXXXIIYZZZZZYI;XXYZZZZZYIIIYY;XZIZZYXZZZZYII
790,39,0.2891378191348354,4308.082631915217,XXIXZZZZZXIXXI;XXIXZZZZZYIIYX;XXIYZZZZIZZZYI;XXXYIIYZZZZZXI;XXXZYIYZZZZXII;XXXZZYYZZZXIII;XXYZZXXZZZYIII;XXYZZYXZZZXIII
791,50,0.2574970488244135,4999.019545057721,XXIXZZZZZYIIXY;XXIXZZZZZYIYXI;XXIYXXZZZZZYII;XXIYZZZZYIIXZX;XXYZYIIIXZZZZX;XYIIYZZZZIZZZX;XYIIYZZZZZZXIZ;XYIXXIIYZZZZZX
792,43,0.2573163945992699,3799.8029606060204,XXIYZZZXIIYZZX;XXIYZZZYIIXZZX;XXIZIIXZZZZZZX;XXXYIIXZZZZZYI;XXXZZZZZYIIXYI;XXXZZZZZZXIIZI;XXYZYIIIYZZZZY;XXYZZZZYYZYIII
793,42,3.009760925499814,48659.14109805502,XXIYZZZYIYZZYI;XXIYZZZZZXIYXI;XXXYIIIYZZZZZX;XXXYIXZZZZZYII;XXYZZZXIIIXZZY;XYXZZZZYIIIYZY;XYXZZZZYIIXZXI;XZZYXZZYIIXZXI
794,57,0.23806562601307094,4621.538421367379,XXIYZZZZXIIXZY;XXIYZZZZZYIIYY;XXXZXIIIXZZZZX;XXYXIIIXZZZZZY;XYIIIXZXXZZZZY;XYIIXZXIXZZZZY;XYIXZZZZYIIYZY;XYIYZZZZZXIIXX
795,42,0.09248089354711535,1072.7870546523156,XXIZXZZZZZZXII;XXXZXIIIYZZZZY;XXXZZZZYIIIXZY;XXYXXZZZZZYIII;XXYYXZZZZZXIII;XYIIXYIYZZZZZY;XYIIXZZZZIZZZY;XZXIIIYZZZZXXY
796,28,0.02136923969519937,426.7158520990331,XXXXYZZZZZYIII;XXYYIIYZZZZZYI;XXYYIXZZZZZXII;XYIIXZZZZZYYYI;XYIIZXZZZZZZYI;XYXYIIIYZZZZZY;XYXYIYZZZZZYII;XYYXIIIYZZZZZY
797,57,0.36594069028760084,4777.553371391014,XXXZZXIXZZZXII;XXXZZZZXIIIYZY;XXXZZZZZIZZXII;XXYZZYIIIXZZZX;XXYZZYYZZZYIII;XYXXIXZZZZZYII;XYXZZYYZZZYIII;XZIZXIIYZZZZZY
798,22,0.07106897452654329,618.1722850504473,XXXZZZZIZZZXII;XXYZZYIIXZZZXI;XXYZZZXIXZZYII;XYIIIXXXZZZZZY;XYIIXZZXXZZZYI;XYIIYZXXZZZZXI;XYYYIYZZZZZXII;XYYZZZZZXIXXII
799,36,0.0922880130156413,1522.508442913721,XXXZZZZZXIIIYY;XXYXIIIYZZZZZX;XXYZZYIYZZZYII;XXYZZZZXIIXZYI;XYIIIYXYZZZZZY;XYIIXZZIZZZZZY;XZIZZZZZZXIIYY;XZXXZZZZXIIIYY
800,24,0.026630396894180598,618.258000377492,XXYZZZYIIXZZXI;XXYZZZZYIXZXII;XXYZZZZZXIIYXI;XYIIIYZZXXZZZX;XYIIXZZZXXZZYI;XYXZZZZZXXYIII;XYYZZYYZZZXIII;XZIZYIIYZZZZZX
801,56,0.0935723028159369,4514.595386755606,XXYZZZZIZZZYII;XXYZZZZXIIIYZX;XYIIIXZZZZYXZX;XYIIIYZXYZZZZY;XYIIXZZXYZZZXI;XYIIYZZXYZZZYI;XYIXZZZZYIIXZX;XYIXZZZZZZYZII
802,38,0.32053024693378857,5150.734732540633,XXYZZZZYIIIXZX;XXYZZZZZXIIIYX;XXYZZZZZXIXYII;XYIIIYZZZZYYZX;XYIIXZZZYIXZZX;XYIIYZZZZZIZZX;XYIXZZZZZYIXXI;XYIYZZZZZXIXXI
803,40,0.04744576677542667,1494.570679602777,XXYZZZZZXIIIXY;XXYZZZZZXIYXII;XYIIIXZXYZZZZX;XYIIIYZZZZZXYY;XYIIXZZZZYIYZY;XYIIYZZZIZZZZX;XYZIIYZZZZZZXI;XZXIIIYZZZZZYZ
804,34,0.09226941051227691,1510.3734896795825,XXYZZZZZYIYYII;XYIIIXZZYYZZZY;XYIIXZZZIZZZZY;XYIIXZZZXIYZZX;XYIYZXYZZZZYII;XYIYZZZZZYIXYI;XYYZXIIXZZZZXI;XZYIZXZZZZZYII
805,43,0.050072948681475916,1637.682189198569,XXYZZZZZZYIIIZ;XXZIIIYZZZZZZY;XYIIIXZZZZXXZY;XYIIIXZZZZYYZY;XYIIIYXXZZZZZX;XYIIXZZZZZIZZY;XYIIYZIZZZZZZX;XYIXZZXIIYZZZX
806,35,2.9836442566590686,46046.26362759618,XYIIIXZZXYZZZX;XYIIIXZZZZZXYX;XYIIIXZZZZZYXX;XYIIIYYXZZZZZY;XYIIIYZZXYZZZY;XYIIIYZZZYXZZY;XYIIXZZZZZXXYI;XYYZZZZZYIIXYI
807,24,0.07113676415245145,3431.6036392267647,XYIIIYZZZZXYZY;XYIIIYZZZZYXZY;XYIIIZXZZZZZZY;XYIIXZZXIYZZZX;XYIIXZZZXYZZXI;XYIIXZZZYYZZYI;XYIIYZZIZZZZZX;XYIIYZZYXZZZYI
808,29,0.2531522605682457,3987.066732838488,XYIIIZYZZZZZZX;XYIIXXIYZZZZZX;XYIIXXYZZZZZXI;XYIIYZZZXYZZYI;XYIIYZZZYXZZYI;XYIXXIXZZZZZYI;XYIXZZZZIZZZYI;XYYZZZZZZZIXII
809,45,0.3748658616046659,4017.4007059638348,XYIIXXXZZZZZYI;XYIIXYYZZZZZYI;XYIIXZZZZXXZYI;XYIIXZZZZZXIXY;XYIIYZZXXZZZXI;XYIIYZZZXXZZXI;XYIIYZZZZXXZXI;XYIIYZZZZZXIYY
810,27,0.038556161308243374,650.1886614722031,XYIIXZZZXIXZZY;XYIIXZZZZYXZXI;XYIIXZZZZZYIXX;XYIXXXZZZZZYII;XYIXXYZZZZZXII;XYIYZZZXIXZZXI;XYYZZZXIIXZZXI;XZYXZZZZZYIIIZ
811,27,0.025745853553242305,414.8709271446937,XYIIXZZZZXIYZX;XYIIXZZZZXYZXI;XYIIYXYZZZZZYI;XYIIYYXZZZZZYI;XYIIYZZZZYXZYI;XYIXZZZZXIIXZY;XYIXZZZZXIIYZX;XYIXZZZZXIYZXI
812,38,0.09029462615439526,3942.2271527454027,XYIIXZZZZZXIYX;XYIIXZZZZZYIYY;XYIIXZZZZZZYIZ;XYIXZYIYZZZZYI;XYIXZZZXYZZXII;XYIYZYIXZZZZYI;XYIYZZZYYZZXII;XYXZZZXIYZZXII
813,25,0.3468734893813457,3746.385134781872,XYIIXZZZZZYXXI;XYIIYIZZZZZZZX;XYIIYYIXZZZZZY;XYIXZZZZXYZXII;XYIYZZYIXZZZYI;XYIYZZZZYYZXII;XYXZYIYZZZZYII;XYYZZXIIIXZZZX
814,41,0.0922638334982455,505.37812787398155,XYIIYZXIXZZZZX;XYIIYZZZYYZZXI;XYIIYZZZZXIXZX;XYIIYZZZZZYIYX;XYIXYIIYZZZZZY;XYIXZZZIZZZZYI;XYXXIYZZZZZXII;XYXZZZZZXIYXII
815,23,0.3401583221308627,2522.017417207817,XYIIYZYYZZZZXI;XYIXYIYZZZZZYI;XYIXYYZZZZZYII;XYIYXIIYZZZZZY;XYIYZYIYZZZZXI;XYYZZZZYXZYIII;XYYZZZZYYZXIII;XYYZZZZZZXZIII
816,56,5.810502551715104,160563.49153452617,XYIIYZZZYIYZZX;XYIXZZXIIXZZZY;XYIXZZZZZXIIXY;XYIYZXIXZZZZXI;XYIYZZYIYZZZXI;XYXZZYIYZZZYII;XYYZZYIYZZZXII;XZZIYIIYZZZZZX
817,26,0.07107853332614837,1237.2337167647272,XYIIYZZZZYIXZY;XYIXZZZZYIXZXI;XYIXZZZZZXIIYX;XYIYYIXZZZZZYI;XYIYZXIYZZZZYI;XYIYZZZZXIYZYI;XYIYZZZZYIXZYI;XYIYZZZZZYIIXY
818,51,3.0429083704228117,48695.47298004659,XYIXZZZZZXIYXI;XYIYXIYZZZZZYI;XYIYZZXIIXZZZX;XYXZYYZZZZYIII;XYYZXIIYZZZZYI;XZIZZZXIIYZZZY;XZXYYIIXZZZZXI;XZXYZXIIYZZZXI
819,46,0.1845301511775568,2957.4433951511483,XYIXZZZZZXYXII;XYIYYIIXZZZZZY;XYIYYIIYZZZZZX;XYXZXIXZZZZYII;XYXZXXZZZZYIII;XYXZZXXZZZYIII;XZXYZZZZZZIYII;XZYIXZZYIIYZZY
820,32,0.0922638334982455,1491.0320235985719,XYIYZXIIYZZZZY;XYIYZYIIYZZZZX;XYIYZZZZIZZZXI;XYXYYZZZZZYIII;XYXZXIYZZZZXII;XYXZZZXXZZYIII;XZIZZXIIXZZZZX;XZIZZYIIYZZZZX
821,64,0.3206229085219498,2064.2841521718315,XYIYZZXIIYZZZY;XYIYZZXIXZZZXI;XYIYZZXXZZZXII;XYIZIIYZZZZZZX;XYXZYIIYZZZZYI;XYXZZZZXIXZYII;XYYZXYZZZZYIII;XYYZZXIIXZZZXI
822,84,0.09351073309051423,1941.7470638998816,XYIYZZZXIIYZZY;XYIYZZZYIIYZZX;XYIYZZZZZXYYII;XYIYZZZZZZXIZI;XYXZZZZZZIZYII;XYYZZZZZZXIZII;XZYYYIYZZZZXII;XZYYZIZZZZZXII
823,35,0.02662201291609655,787.29980146833,XYIYZZZYXZZYII;XYXZXIIIYZZZZX;XYXZZZXIIIYZZX;XYYZZYIIIXZZZY;XYYZZZXIIIYZZY;XZXXZZZXIIIXZX;XZXYZZZXIIIYZX;XZYXZZZYIIIYZY
824,18,0.26147131642375354,3621.488514996958,XYIYZZZZXIIYZY;XYIYZZZZXIXZXI;XYIYZZZZZXIIYY;XYIYZZZZZYIYXI;XYXZZXYZZZXIII;XYXZZZXIXZZYII;XYYYIIIYZZZZZX;XYZIIIYZZZZZZX
825,63,2.9723668102822773,42452.6761527513,XYIYZZZZZIZZXI;XYXXIIYZZZZZXI;XYYZYYZZZZXIII;XYYZZXIIYZZZYI;XZIXIIYZZZZZZY;XZXIIXZZZZYYXI;XZXXZZZZYIIYXI;XZXYZZZXIIIXZY
826,23,3.0361050622763055,46852.60345731972,XYIYZZZZZZXIIZ;XYXZZZZXIIXZYI;XYXZZZZXIYZXII;XYXZZZZZYIIYYI;XYYZZZYIIIYZZX;XZXYZZZXIIXZYI;XZXYZZZZYYYIII;XZZYIYZZZXIIXX
827,47,0.035555609965123025,1170.4314415088209,XYIZIXZZZZZZYI;XYXXIIXZZZZZYI;XYYZZZXIIIXZZX;XYYZZZZXIIIXZX;XYYZZZZZZXIIIZ;XZXIIYZYYZZZYI;XZXIIYZZZYYZYI;XZXXXIXZZZZXII
828,21,0.07106897452654329,1289.9476887392739,XYXZZXIIIXZZZY;XYXZZZZZZYIZII;XYYXYZZZZZYIII;XYYZZZZYIIXZYI;XZXIIIXZXXZZZX;XZXIIIYZYXZZZX;XZXIIYZZZZXYXI;XZZYXZZZZYZIII
829,39,0.09598820781481875,2059.1717320059884,XYXZZZZZXIIYXI;XYYZZZYIXZZYII;XYYZZZZZYIIIXY;XZIZZZZXIIXZZX;XZXIIIYXYZZZZX;XZXIIYZZZXYZXI;XZXIYZZZZXYXII;XZYIYZZZIZZZXI
830,25,0.3037908923624151,1271.1491090881761,XYYZZZZZXIIIXX;XYYZZZZZXIIIYY;XZIZZXXZZZZXII;XZXIIIXZZZZXXX;XZXIXZXYZZZYII;XZXIXZZYXZZYII;XZXXZZXYZZYIII;XZZYXZZZXIYXII
831,28,0.02169753916940823,411.1440969996184,XZIZZZYYZZZXII;XZXIIIYZZXYZZX;XZXIIXZZYIXZZY;XZXIIXZZYIYZZX;XZXIIYZZXIXZZY;XZXIYZYXZZZXII;XZXIYZYYZZZYII;XZXXZYIIXZZZYI
832,25,0.05402986813847307,634.9102655258356,XZIZZZZYIIXZZY;XZXIIIYZZZZXYX;XZXIIXZZZZZIZX;XZXIIYZXXZZZYI;XZXIXYYZZZZXII;XZXXXIIYZZZZYI;XZXYZZZZXYXIII;XZYZIYZZZZZXII
833,35,0.03853638401230315,1564.7045473402568,XZXIIIXZZZZYXY;XZXIIXXXZZZZXI;XZXIIYZXIYZZZX;XZXIIZIXZZZZZX;XZXIXZZZZYIIXY;XZXIYXIIYZZZZX;XZXXZZYIXZZYII;XZXXZZZZYIIIXY
834,20,0.015434920053491117,364.49953477428716,XZXIIXXIYZZZZY;XZXIIXZZIZZZZX;XZXIIYXIYZZZZX;XZXIXZYXZZZYII;XZXIXZZIZZZZXI;XZXIYZZZZIZZYI;XZXXZZZZZIZXII;XZXXZZZZZZIXII
835,22,0.0922638334982455,1415.3211831281578,XZXIIXZZZYXZYI;XZXIIYYXZZZZXI;XZXIIYZYIYZZZY;XZXIIYZZXYZZXI;XZXIYZXYZZZXII;XZXIYZZXIIYZZX;XZXXYIYZZZZXII;XZZIZXIYZZZZYI
836,50,0.0431143876309181,735.3987892497294,XZXIIYZZYXZZXI;XZXIIYZZYYZZYI;XZXIXZZXIIXZZX;XZXIXZZXIXZZXI;XZXIXZZXIYZZYI;XZXIYZZYIIXZZX;XZXXZZXIIXZZXI;XZXYZZYIIIXZZX
837,32,0.0718384112050629,1308.749599547825,XZXIIYZZZXIYZX;XZXIIYZZZZXIYX;XZXIXYIXZZZZYI;XZXIYZZIZZZZYI;XZXXZZYIIIXZZY;XZXXZZZYIIXZYI;XZXXZZZZYIXYII;XZZXIXZXIIXZZX
838,28,0.03525881125116062,1393.0504757030726,XZXIIYZZZZXIXY;XZXIIZIYZZZZZY;XZXIXXIYZZZZYI;XZXIYZXIIYZZZX;XZXIYZZZZXXYII;XZXXXIYZZZZYII;XZXYZZYIXZZXII;XZYYZXYZZZYIII
839,46,0.07255264669655886,629.1108171997732,XZXIXXXZZZZXII;XZXIXZZZZYIYXI;XZXIYXXZZZZYII;XZXXZXXZZZXIII;XZXXZZZZYYXIII;XZXYZXXZZZYIII;XZZXIYZZYIXZXI;XZZXXZZZXIYYII
840,30,0.25733214082371325,3971.612250210759,XZXIXZXIIXZZZX;XZXIYZZYXZZXII;XZXXZYIIYZZZXI;XZXXZZZZIZZXII;XZXXZZZZXIYYII;XZXYZZYYZZYIII;XZYXZZXXZZYIII;XZZYYZYIIXZZYI
841,58,0.06131118655753749,531.4509957221578,XZXIXZZZXIXZXI;XZXIYYIIXZZZZX;XZXXYIIYZZZZXI;XZXXZZZIZZZXII;XZXXZZZXIYZYII;XZXYZXIIIXZZZY;XZXZIIIYZZZZZY;XZZXXYIXZZZYII
842,35,3.002937554118776,42866.91658348182,XZXIYZZZXIYZXI;XZXXYIXZZZZYII;XZXXZZZZZXIZII;XZXYZZZXXZYIII;XZXYZZZXYZXIII;XZYIYZYYZZZXII;XZYXZZZZXXYIII;XZZIXIIXZZZZZX
843,33,3.043034858188895,48695.60767939619,XZXIZIIYZZZZZY;XZXIZYZZZZZYII;XZXXZZYIIIYZZX;XZXXZZYIYZZXII;XZXXZZZZXIIIXX;XZXYZZZYIIXZXI;XZZIXIIYZZZZZY;XZZIZZZZYIIXZY
844,46,0.2541472035825517,3800.188412907756,XZXXXIIIXZZZZX;XZXXZXIIXZZZXI;XZXYYIYZZZZYII;XZXYZZZZZYIZII;XZYIZYZZZZZXII;XZYXZZZZXIIXYI;XZZIZZZZZYYXII;XZZXYZZZYIIIXX
845,43,5.810502751869281,160561.0597694525,XZXXZZZXIIIYZY;XZXXZZZZXIIYYI;XZXYXIXZZZZYII;XZXYZZZZYIIXXI;XZYIIIYZZZZYXY;XZYXYIYZZZZYII;XZYYZZZYIYZXII;XZZIZZZXIIYZZY
846,42,0.026313852559903806,459.06272508318546,XZXXZZZYIIYZXI;XZXXZZZZZXIIZI;XZXYYYZZZZYIII;XZYIIXZZZYXZXI;XZYIIYZYIYZZZX;XZYIIYZZZZXIXX;XZYIXZZZZYIIYY;XZYYZZXIIXZZXI
847,35,0.13109894122011218,304.5433212934121,XZXYZXIIIYZZZX;XZXZIYZZZZZYII;XZYIIIXZZZYXZX;XZYIIIYZZZXXZX;XZYIIXZZZYIXZX;XZYIIYZZZZZXZI;XZYIXXIXZZZZYI;XZYIYXIXZZZZXI
848,34,0.3178654105897087,692.559179575792,XZXYZYIIYZZZYI;XZXYZYIXZZZXII;XZYIIXXIXZZZZY;XZYIIXZXIXZZZY;XZYIIXZZZZIZZY;XZYIIXZZZZZYIZ;XZYXXIIXZZZZYI;XZZIZZZZZXIIYY
849,28,0.11395630050089951,2018.2829193751854,XZXYZZZZYIIIYY;XZYIIIXZZZYYZY;XZYIIIYXXZZZZX;XZYIIIYZZZZYYX;XZYIIYZZZXIYZY;XZYXZZXIXZZYII;XZYYYIIXZZZZYI;XZZXYZXIYZZXII
850,40,0.05198949114043734,1124.7254072023463,XZYIIIYZXYZZZY;XZYIIIYZZXXZZX;XZYIIIYZZZYXZY;XZYIIXZZZYYZYI;XZYIIXZZZZXYXI;XZZIZZZZZXYYII;XZZXXZXIIXZZXI;XZZYYZXIIXZZXI
851,40,0.1277324825621287,1206.2648131176634,XZYIIIYZZXYZZY;XZYIIIYZZYYZZX;XZYIIXZZZZYXXI;XZYIIYZZZZYYXI;XZYIXZXIIXZZZY;XZYIXZXIIYZZZX;XZYIYIZZZZZZXI;XZYIYXXZZZZXII
852,39,0.22772237125207018,1603.8775623212487,XZYIIIYZZZXYZY;XZYIIIZXZZZZZY;XZYIIXZXIYZZZX;XZYIIXZZXYZZXI;XZYIIYZZXXZZXI;XZYIYZXXZZZXII;XZYIYZYXZZZYII;XZYZXZZZZZYIII
853,32,0.3283721565674317,999.5027669068098,XZYIIIYZZZZXYY;XZYIIXZZXXZZYI;XZYIIXZZZZXXYI;XZYIIXZZZZYIXX;XZYIXIZZZZZZYI;XZYIXXYZZZZXII;XZYIYZZZZXYYII;XZYYZZIZZZZXII
854,37,0.2335493746947366,837.5821561548128,XZYIIIZYZZZZZX;XZYIIXXIYZZZZX;XZYIIXZZIZZZZY;XZYIIYZZZZXXXI;XZYIXZZZZYYYII;XZYYZZXIIIXZZX;XZYYZZZYIIXZYI;XZZXIXZXIXZZXI
855,23,0.04338493400530802,1263.4271582007932,XZYIIXXXZZZZYI;XZYIIXZZZZXIXY;XZYIIYZZIZZZZX;XZYIXYIYZZZZYI;XZYIYZZZZIZZXI;XZYIYZZZZYXYII;XZZXIIXZYXZZYI;XZZXIXZZXIXZXI
856,43,0.027407356559389168,703.7947873823447,XZYIIXZZZIZZZY;XZYIIXZZZXYZXI;XZYIIXZZZZYIYY;XZYIIYIZZZZZZX;XZYIIYZIZZZZZX;XZYIXZIZZZZZYI;XZYIYXIIXZZZZX;XZZXXIZZZZZXII
857,41,0.06900983895148177,963.3310374912445,XZYIIXZZZZXIYX;XZYIIYXIYZZZZY;XZYIIYZYIXZZZY;XZYIIYZZZZXIYY;XZYIXZZZZZYZII;XZYXZZZXIIYZXI;XZYYZYIIIYZZZX;XZZXIIYZZYXZXI
858,72,0.06334271078719568,1858.9255293344936,XZYIIXZZZZZIZY;XZYIIYXIXZZZZX;XZYIIYZZZZIZZX;XZYIIYZZZZZXIZ;XZYIXZXIXZZZYI;XZYIYZZIZZZZXI;XZYIYZZZZZIZXI;XZYXZXIIIYZZZX
859,75,0.036820934237220555,974.1683044773082,XZYIIZIYZZZZZX;XZYIIZYZZZZZXI;XZYIXZXIYZZZXI;XZYIYZIZZZZZXI;XZYIYZYIIXZZZY;XZYXXIXZZZZYII;XZYXZIZZZZZYII;XZZIZZZZZYIIYX
860,47,3.0292886152725016,52301.60188436068,XZYIXYYZZZZYII;XZYIXZXYZZZXII;XZYIYZZXXZZXII;XZYXZXIYZZZXII;XZYYZZZZXIIIXX;XZYYZZZZXIIIYY;XZYYZZZZXXXIII;XZYYZZZZXYYIII
861,39,0.07115505164367725,844.667216640885,XZYIXZZXIIXZZY;XZYIXZZYIIXZZX;XZYIYXYZZZZYII;XZYXXIYZZZZXII;XZYXZXYZZZXIII;XZYYZZZZZXIIZI;XZZIZZZZZYXYII;XZZZZXIIXZYYXI
862,52,0.055849085275729404,890.4353809620853,XZYIXZZZZXIIYX;XZYIYYIIXZZZZY;XZYIYZZYIIXZZY;XZYIYZZYXZZYII;XZYXZZXIYZZXII;XZZXIIYZYIXZZX;XZZXIIYZZZZYIZ;XZZXYXIIYZZZXI
863,37,0.34687348938134566,1129.8044753377108,XZYIXZZZZXIYXI;XZYIYZZXYZZYII;XZYXXIIIYZZZZX;XZYYXIIIYZZZZY;XZZIZZZIZZZZXI;XZZXIIXZZXIXZX;XZZYIIIXZZZYYY;XZZYIXZZXIIYZX
864,34,0.0634344250746072,1858.044562163312,XZYIYZXIIYZZZY;XZYXYYZZZZYIII;XZYXZZXIIIXZZY;XZYXZZZYIIXZXI;XZYXZZZZZYZIII;XZYYZZZXIIIXZX;XZYYZZZZYIIXYI;XZZIZZXIIYZZZY
865,34,0.06961386639423864,453.6881767994657,XZYIYZZXIXZZXI;XZYIYZZZXXZXII;XZYXZZZYIIYZYI;XZZIZZYIYZZZXI;XZZXIIIYZZXYZX;XZZXIIIYZZZXXY;XZZXXZZYIXZYII;XZZXYZXIIIYZZX
866,37,0.0922638334982455,2641.0097607212683,XZYIZIIYZZZZZX;XZYIZIXZZZZZYI;XZYXZZZXIIIYZX;XZYXZZZZXIIYXI;XZYXZZZZZYIZII;XZYYZZZYIXZYII;XZZIYIXZZZZZYI;XZZXYZZZYIXXII
867,44,0.2589239336436234,4239.572560805235,XZYXZZZZXIIIXY;XZYXZZZZYIIYYI;XZYYZZXYZZYIII;XZZIZZZXIIXZZX;XZZIZZZYIIYZZX;XZZIZZZZYIIYZX;XZZXIYZZZIZZYI;XZZXXZZZZXIIZI
868,46,2.8687490517641554,40409.12578098753,XZYYZZXIYZZYII;XZZIZZZZZXIIXX;XZZIZZZZZXXXII;XZZXIIIXZXXZZX;XZZXIIIYZYYZZY;XZZXIIXZZYYZXI;XZZXIXYIIXZZZY;XZZXIYZZZYIIYY
869,38,0.09226511872525771,1070.3249912567053,XZYYZZZZXIIXXI;XZZIZZZZIZZZXI;XZZXIIIXZXYZZY;XZZXIIIXZYYZZX;XZZXIIIYZXYZZX;XZZXIIIYZYXZZX;XZZXIYXIYZZZXI;XZZXXYIIYZZZXI
870,26,0.02585202059464949,646.742262636822,XZYYZZZZXIYYII;XZZIYIYZZZZZXI;XZZXIIIXZZYYZX;XZZXIIIYZZXXZY;XZZXIIXYIYZZZX;XZZXIXZXYZZYII;XZZXIYZZXIIXZY;XZZXYZYIIIXZZX
871,47,0.257301904243683,4958.02247677339,XZZIZZZZZYIIXY;XZZXIIIXZZZYXY;XZZXIIIYZZZZYZ;XZZXIIXZZZYYXI;XZZXIXZYXZZYII;XZZXIYXXZZZYII;XZZXXZZZZZIXII;XZZXYZZYIYZYII
872,24,0.09226502616451557,1703.410572918684,XZZIZZZZZZIZXI;XZZXIIIXXXZZZX;XZZXIIIXXYZZZY;XZZXIIIYXXZZZY;XZZXIIXYIXZZZY;XZZXIIYZZZYXXI;XZZXYZZZZZIYII;XZZZIZYIYZZZXI
873,28,0.255913946738455,492.00349569398793,XZZXIIIXZZYXZY;XZZXIIXZIZZZZX;XZZXIIXZYIXZZY;XZZXIIYZZXYZXI;XZZXIIYZZZYIYY;XZZXIYZXIIXZZY;XZZXYZYIXZZXII;XZZZXXZZZXIIIZ
874,36,0.025256736987279947,575.58860528421,XZZXIIIZXZZZZX;XZZXIIXYXZZZYI;XZZXIIXZZXYZYI;XZZXIIXZZZZXZI;XZZXIXZZZXYYII;XZZXIXZZZYXYII;XZZXYIZZZZZYII;XZZYIIIYZZZYXY
875,78,6.26378074242443,87810.19380724095,XZZXIIXYYZZZXI;XZZXIIXZXIXZZX;XZZXIIXZXIYZZY;XZZXIIYXXZZZYI;XZZXIIYYXZZZXI;XZZXIIYZYIYZZY;XZZXIXZXIYZZYI;XZZXIYZYIXZZXI
876,24,0.09228389573216778,521.226629921679,XZZXIIXZZYIXZY;XZZXIIXZZZXXXI;XZZXIIXZZZZIZX;XZZXIIYYYZZZYI;XZZXIIYZYYZZYI;XZZXIYZYIYZZYI;XZZXYZZXIIYZXI;XZZYIYXYZZZYII
877,42,3.121375570272747,26474.548063333772,XZZXIIXZZZIZZX;XZZXIIXZZZXYYI;XZZXIIYXYZZZXI;XZZXIXZZYXZYII;XZZXIYZYIIXZZX;XZZXYZXIIYZZXI;XZZXYZZZZIZYII;XZZYIIYZZZYXYI
878,27,0.011117688291662028,337.85862708570363,XZZXIIXZZZXIXX;XZZXIIXZZZYIYX;XZZXIIYZZIZZZY;XZZXIIYZZZZIZY;XZZXIXZZXIYZYI;XZZXYZZYIIYZYI;XZZZXIIXZZXIYY;XZZZXIXZXYZYII
879,35,0.027853110899606556,723.6441220363502,XZZXIIYYIXZZZX;XZZXIIYZXXZZYI;XZZXIIYZZYIYZY;XZZXIYZZYIIYZY;XZZXYZYYZZYIII;XZZYIIIYZZZXXX;XZZZIZZYYZZXII;XZZZZZYIIIYXXX
880,28,0.013664359552196489,361.3317306548316,XZZXIIYZZZXIYX;XZZXIXYXZZZYII;XZZXIXYYZZZXII;XZZXIXZYYZZXII;XZZXIYZYYZZYII;XZZXXZXIIIXZZX;XZZXXZXIIIYZZY;YXIIYZZZYXZZYI
881,32,0.032744064355104935,1579.7949214797397,XZZXIIYZZZYYYI;XZZXIXYIIYZZZX;XZZXIXZZXIIXZX;XZZXIXZZZYIIYX;XZZXIXZZZZXIIZ;XZZXIYZYIIYZZY;XZZXXZXYZZYIII;XZZZXXZIZZZXII
882,39,0.08618679634748845,2455.1058466723816,XZZXIIZIYZZZZY;XZZXIXZYIXZZYI;XZZXIXZZZYIYXI;XZZXIYZXIIYZZX;XZZXIYZZYIIXZX;XZZXXZYIIIXZZY;XZZXXZZZYIXYII;XZZXYXIIIYZZZX
883,31,0.024781736544488682,506.5779994550132,XZZXIXZXIIYZZY;XZZXIXZZZXIIYY;XZZXIYZYXZZXII;XZZXIYZZXIIYZX;XZZXIYZZZXIYXI;XZZXIYZZZZYZII;XZZYIIXZZYIYZY;XZZYIYZZZYIIXY
884,35,5.755930364565371,233596.5394249734,XZZXIXZZXXZXII;XZZXIYZZXXZYII;XZZXXZXXZZXIII;XZZXXZYXZZYIII;XZZXYZXXZZYIII;XZZXYZYXZZXIII;XZZYIZIXZZZZYI;XZZZIZZZZYIIXY
885,39,0.023464387195489936,626.9823014057922,XZZXIYXIIXZZZY;XZZXIYZZZXIIXY;XZZXIYZZZYIIXX;XZZXXZZYIIYZXI;XZZXXZZZXIIXXI;XZZXXZZZYIIYXI;XZZXYZZZXIXYII;XZZYXXXZZZYIII
886,42,0.03392899578750802,482.34950087969355,XZZXIYZZZYYYII;XZZXIYZZZZZIYI;XZZXXYIIIYZZZX;XZZXXZZZYIIIYX;XZZXYYIIIYZZZY;XZZXYZZZYIIIYY;XZZYIXZZYIYZYI;XZZYZIXZZZZYII
887,30,0.0329202396476091,683.0761284959872,XZZXXXIXZZZXII;XZZXXXYZZZYIII;XZZXXZIZZZZXII;XZZXYYIIIXZZZX;XZZXYYIIXZZZXI;XZZXYZZZXIIIYX;XZZYXZZZXIIIYX;XZZYXZZZYIIIXX
888,24,0.02689157476587565,517.5087351924433,XZZXXZZXIIIXZX;XZZXXZZYIIIXZY;XZZXXZZYIIIYZX;XZZXXZZZZXIIIZ;XZZXXZZZZXIZII;XZZXYXXZZZYIII;XZZXYYYZZZYIII;XZZYYZZXIIIYZY
889,56,0.23010429858327153,3959.998149961333,XZZXXZZZXIIYYI;XZZXXZZZYIIXYI;XZZXYZZZYIIXXI;XZZYIIXZIZZZZY;XZZYIIXZZZZIZY;XZZYIXZZXIIXZY;XZZYIXZZYIIYZY;XZZYYZXIIYZZYI
890,39,0.09239378278322609,3751.1296778294995,XZZXYYIXZZZXII;XZZXYZZIZZZYII;XZZXYZZXIYZXII;XZZYIIIXYYZZZY;XZZYIXZXIXZZYI;XZZYIYZZZZZIXI;XZZYYZXIIIXZZX;XZZYYZYIIIYZZX
891,42,0.12724437794888777,588.7757876059646,XZZXYZZXIIIXZY;XZZXYZZYIIIXZX;XZZXYZZYIIIYZY;XZZYIIIXZZYXZX;XZZYIIIXZZYYZY;XZZYIIIYZZYXZY;XZZYIXZZZZYIIZ;XZZYYXIIYZZZYI
892,37,0.03339902509305572,676.6286683580763,XZZXYZZXIXZYII;XZZXYZZZYIYYII;XZZYIIIXZYYZZY;XZZYIIIYYYZZZX;XZZYIIIYZXYZZY;XZZYIIIZXZZZZY;XZZYYYIIYZZZXI;XZZYYYXZZZYIII
893,38,0.09226606069729502,1881.0082306610027,XZZXYZZYXZXIII;XZZXYZZYYZYIII;XZZXYZZZYYYIII;XZZYIIXZZZIZZY;XZZYIXZZIZZZYI;XZZYIXZZZZIZYI;XZZYXZZZIZZYII;XZZYXZZZZZIYII
894,21,0.018092999691297337,603.1642809690992,XZZXYZZZYXXIII;XZZYIIIXXXZZZY;XZZYIIIXZZXXZY;XZZYIIIYXXZZZX;XZZYIIIYZZXXZX;XZZYIIXZYYZZYI;XZZYIIYZXXZZXI;XZZYIIYZYYZZXI
895,56,0.22773396041626248,3341.9738989524926,XZZYIIIXZXXZZY;XZZYIIIYZYYZZX;XZZYIIIYZZZYYX;XZZYIIXZXIXZZY;XZZYIIYZYIXZZY;XZZYIYZXIXZZXI;XZZYIYZZZYYXII;XZZZXIIYZZYYYI
896,31,0.09274140937983254,1770.036423324951,XZZYIIIXZZXYZX;XZZYIIIYYXZZZY;XZZYIIXZXIYZZX;XZZYIIXZXYZZXI;XZZYIIXZZXIYZX;XZZYIIYZZYIXZY;XZZYIYZZYXZYII;XZZYXXIIIXZZZY
897,50,0.11598733780872546,838.2694728722771,XZZYIIIXZZZXYX;XZZYIIIYZZZXYY;XZZYIIYZXYZZYI;XZZYIIYZZZZXZI;XZZYIXZXIIXZZY;XZZYIXZYIIXZZX;XZZYIYZXIIYZZY;XZZYYZZZYIIYXI
898,29,0.05123276743239652,158.06492358407638,XZZYIIXXYZZZXI;XZZYIIYXXZZZXI;XZZYIIYXYZZZYI;XZZYIIYYXZZZYI;XZZYIXZZZXYXII;XZZYIXZZZYXXII;XZZYIXZZZYYYII;XZZYIYZZZXYYII
899,18,0.05584908527572942,974.8876247928957,XZZYIIXZYIXZZX;XZZYIIXZZYIXZX;XZZYIIYZZXIYZY;XZZYIXZZXYZXII;XZZYIXZZZXIIXY;XZZYXZXIYZZXII;XZZYYZZYIIYZXI;XZZZYIIZIYZZZX
900,50,0.043412881635637356,761.1137316322447,XZZYIIXZZIZZZY;XZZYIIXZZZXIXY;XZZYIIYZXIXZZX;XZZYIYZXIIXZZX;XZZYIYZZXIXZXI;XZZYIZIIYZZZZX;XZZZXIIIXZZZXZ;XZZZXIIYXXZZYI
901,41,0.07509570051007686,1114.624969934097,XZZYIIXZZZYIXX;XZZYIIYYIXZZZY;XZZYIIYZZYYZXI;XZZYIXZZZYIIYY;XZZYIYYIIYZZZX;XZZYXZZXIIXZYI;XZZZXYZYIIXZXI;XZZZXZYZZZYIII
902,47,3.08768010028188,43273.722510513406,XZZYIIYZYIYZZX;XZZYIIZIXZZZZY;XZZYIXZXIYZZXI;XZZYIXZZZIZZYI;XZZYIXZZZYIXXI;XZZYIXZZZZYIZI;XZZZXIYZZIZZYI;XZZZXIYZZXXYII
903,35,0.03573245558576575,443.5256233711406,XZZYIIZYZZZZXI;XZZYIXZYIIYZZY;XZZYIYZYIIXZZY;XZZYYZYIIYZZXI;XZZZIZZZZXIIYY;XZZZXIIXYYZZXI;XZZZXIYYXZZXII;XZZZYIIYZXIYZY
904,17,0.0710689745265433,920.3233867195901,XZZYIXXIIYZZZX;XZZYIXXXZZZYII;XZZYIXZZYIIXZX;XZZYIXZZZXIXYI;XZZYIYYIIXZZZY;XZZYYZYIIIXZZY;XZZYYZZXIIXZXI;XZZZYXZZZYZIII
905,37,0.041337258278030364,797.5416522192039,XZZYIXZZZXIIYX;XZZYIXZZZYIIXX;XZZYIYXXZZZXII;XZZYIYYXZZZYII;XZZYIYZYIXZZYI;XZZYXZZXXZYIII;XZZYZIIIXZZZZY;XZZZXIIXZZIZZX
906,34,0.048513599335621015,893.882388177527,XZZYIYXIIXZZZX;XZZYIYXIIYZZZY;XZZYIZYZZZZXII;XZZYXZZZYIIXXI;XZZYYZZYYZXIII;XZZYYZZZXIIXXI;XZZZXIYYYZZYII;XZZZXIYZXIYZXI
907,31,0.28449049068667487,4093.255151043421,XZZYIYZXIYZZYI;XZZYIYZXYZZYII;XZZYXXIYZZZXII;XZZYYZXIYZZYII;XZZZIZYYZZZXII;XZZZXIXXIXZZXI;XZZZXIXXIYZZYI;XZZZYIYXXZZXII
908,44,0.06517463978225904,2105.1835227192732,XZZYIYZZYIIYZX;XZZYIYZZZYIIYX;XZZYXXIIIYZZZX;XZZYXZZZXYXIII;XZZYYZZZXIYYII;XZZZIZXIXZZZXI;XZZZXIIIYZYXZX;XZZZXYZZZZIYII
909,56,0.07166398469660798,619.9697273514751,XZZYIYZZZXIIYY;XZZYXXIIYZZZXI;XZZYYYIIXZZZYI;XZZYYZZZYIXYII;XZZYYZZZYIYXII;XZZZXIIYZZYXXI;XZZZZZXIXXIIYY;XZZZZZXIXYIIYX
910,36,0.07963003081169939,2006.9625030870247,XZZYXXIIXZZZYI;XZZYXZXIXZZYII;XZZYYYIIIYZZZX;XZZZIZXYZZZYII;XZZZIZZXIXZZXI;XZZZXXZZYYXIII;XZZZYIYZXYZYII;XZZZYXIZZZZYII
911,38,0.030861396560226864,813.585630240207,XZZYXYIYZZZYII;XZZYXZZXIIIYZX;XZZYYZZZYIIIXY;XZZYYZZZYXYIII;XZZYYZZZYYXIII;XZZZXIIYZZZZIY;XZZZXXIZZZZXII;XZZZXZIXZZZXII
912,28,0.024446520986871077,615.5429185322474,XZZYXZZXIYZXII;XZZYYZZZYIIIYX;XZZZIXIIYZZZZY;XZZZXIIIYXXZZY;XZZZXIIYZYYZYI;XZZZXIYZZYIYYI;XZZZXZIIIYZZZY;XZZZYYZZXIIIXX
913,25,0.032620287194922486,757.992187413825,XZZYYXIYZZZYII;XZZZIZZXYZZYII;XZZZXIIIXXYZZY;XZZZXIIIXYXZZY;XZZZXIIIXYYZZX;XZZZXIIXZZZXZI;XZZZXIZYZZZYII;XZZZZYIYZIZZXI
914,54,0.22223429322624816,1462.5805072472967,XZZZIZZXIIXZZX;XZZZIZZXXZZXII;XZZZXIIIXZZXYY;XZZZXIIIYZZYYY;XZZZXIIXZXYZYI;XZZZXYYIIYZZYI;XZZZYIIIYZZYXY;XZZZYIIXZXYZXI
915,49,0.04094219600282854,948.7421231232042,XZZZIZZYIIYZZX;XZZZIZZZZYYXII;XZZZXIIIZYZZZY;XZZZXIIXZYIYZX;XZZZXIIXZYYZXI;XZZZXIIYXIXZZY;XZZZXIIYZXIXZY;XZZZXIXZZYIYXI
916,29,0.2778731378755426,3944.957348376251,XZZZIZZZZYIXYI;XZZZXIIIYXYZZX;XZZZXIIXYIYZZX;XZZZXIXZZYIIXY;XZZZXIXZZYXYII;XZZZXIYZXYZXII;XZZZYIIIXXXZZY;XZZZZYIIXXXZYI
917,26,0.0922638334982455,3302.133115185283,XZZZXIIIYZXXZY;XZZZXIIYXIYZZX;XZZZXIIYYIXZZX;XZZZXIIYYIYZZY;XZZZXIIYZZZYIZ;XZZZXXZZZXIIZI;XZZZXYZZZYIIZI;YIZYXZZZZZZXII
918,44,0.2857165292236464,5285.722319109686,XZZZXIIIZXZZZX;XZZZXIIXZXIYZY;XZZZXIIYZZZIZY;XZZZXIZIIXZZZX;XZZZXXZYIIIXZY;XZZZXXZZZXIZII;XZZZXYZXIYZXII;YXIXZZZZZZYIZI
919,36,0.10863274193151186,1999.5264958042849,XZZZXIIXXYZZYI;XZZZXIIYYYZZYI;XZZZXIXYYZZXII;XZZZXIYXXZZYII;XZZZXYZYYZYIII;XZZZYIIXYIYZZY;XZZZYIIXYYZZYI;XZZZYIIYXIYZZY
920,45,0.044754635941782056,1022.126348184466,XZZZXIIYZIZZZY;XZZZXIIYZXIYZX;XZZZXIIZIXZZZX;XZZZXIZIXZZZXI;XZZZXXZYIIIYZX;XZZZYXYYZZYIII;XZZZYXZXIIYZXI;XZZZZYIIXIZZZY
921,37,0.23263668842597893,880.901140923507,XZZZXIIYZYIYZY;XZZZXIIYZZIZZY;XZZZXIXYXZZYII;XZZZXIYZZXIIYX;XZZZXYZZXIIIYX;XZZZXZIIYZZZYI;XZZZYIIXZZZZIY;XZZZYXZZYIIIYY
922,34,0.07106897452654329,3302.133115185282,XZZZXIIYZZYIXX;XZZZXIXZZXIIXX;XZZZXIZIIYZZZY;XZZZXXZXIIXZXI;XZZZXXZYIIYZXI;XZZZXYZZZYIZII;XZZZZXYZXIIIYX;XZZZZYIIXZZYIZ
923,25,0.025871490185697277,667.9596442578719,XZZZXIXYIIYZZX;XZZZXIYXYZZXII;XZZZXIYZZZYZII;XZZZXXXYZZYIII;XZZZXYZYIIYZYI;XZZZYIIYZZXXXI;XZZZYIYZZXIIXX;XZZZYIZIXZZZYI
924,46,0.0710689745265433,1300.2477465244506,XZZZXIXZZXXXII;XZZZXIYZZXYXII;XZZZXXYXZZYIII;XZZZXYXIIIYZZX;XZZZXYZZZYIIIZ;XZZZYIYZZYXYII;XZZZYXZXIIIYZX;XZZZZIZZZXIXXI
925,35,0.042947508959160635,784.406421899556,XZZZXIXZZYIXYI;XZZZXIYYIIXZZX;XZZZXYXIIIXZZY;XZZZXYZZYIIIYY;XZZZYIIXZIZZZY;XZZZYIIXZZZIZY;XZZZZXIIXZYIXY;XZZZZZIZYYZXII
926,42,0.05054333181674801,883.3932260979536,XZZZXIYZZZYIIZ;XZZZXXZZXIYYII;XZZZXYZZYIYYII;XZZZYIIIZYZZZX;XZZZYIIXIZZZZY;XZZZYIIYZXIXZX;XZZZYIIYZZYXYI;XZZZYZIIIYZZZX
927,25,0.013564459374876138,435.2205984412362,XZZZXXZYIIXZYI;XZZZXYZXIIIXZY;XZZZXYZXIIXZYI;XZZZXYZXIIYZXI;XZZZYXZXIIIXZY;XZZZYXZXIIXZYI;XZZZYXZXIYZXII;XZZZYYZYIIXZYI
928,33,0.06294670776509151,984.8980914414752,XZZZXYZYIIIYZY;XZZZYIIIYYXZZY;XZZZYIIIYZYYZX;XZZZYIIYZYIXZY;XZZZYIXZZYIIYY;XZZZYYXIIYZZYI;XZZZYYZZXYYIII;XZZZZXIXZYYXII
929,37,0.032397801854180105,789.8918819978412,XZZZXZIIIXZZZX;XZZZXZIIXZZZXI;XZZZYIIIXZYXZX;XZZZYIIYIZZZZX;XZZZYIYZZYIYXI;XZZZYXYIIIYZZY;XZZZYXZXYZXIII;XZZZZXIIYZZIZY
930,28,0.09476833677664487,1565.8955058803826,XZZZYIIIXZYYZY;XZZZYIIIYZXXZX;XZZZYIIIYZYXZY;XZZZYIXXIIXZZY;XZZZYIXXIIYZZX;XZZZYIYYIXZZYI;XZZZYIYYIYZZXI;XZZZYYXIIXZZXI
931,34,0.12441281014101248,3528.231928518053,XZZZYIIXZXIYZX;XZZZYIIXZYIXZX;XZZZYIIXZYIYZY;XZZZYIYZXIXZXI;XZZZYIYZYIXZYI;XZZZYYXYZZYIII;XZZZZXIXZZXIZI;XZZZZXIYZZYIIZ
932,21,0.08246633384595134,1381.9957148318804,XZZZYIIXZYYZYI;XZZZYIIXZZIZZY;XZZZYIIXZZXYXI;XZZZYIIXZZYYYI;XZZZYIZIIYZZZX;XZZZZXIXXIIXZX;YXIIIXZZXYZZZX;YXIIIYZZYYZZZX
933,30,0.02292535001446323,550.6106451485405,XZZZYIIXZZYIXX;XZZZYIIXZZYXXI;XZZZYIZIIXZZZY;XZZZYIZYZZZXII;XZZZYXZYIIIXZX;XZZZYXZZYIIIXX;YIZZZZZXYZZXII;YXXZZXIYZZZXII
934,30,0.0710689745265433,635.1027492934994,XZZZYIIYYIXZZY;XZZZYIIYYIYZZX;XZZZYIIYYXZZYI;XZZZYIXZZIZZYI;XZZZYIYYYZZXII;XZZZYXZZXIIYXI;XZZZZXIIIXXYZY;XZZZZXIIIXYYZX
935,33,0.10372468819679137,3016.1626475911326,XZZZYIIYZXYZYI;XZZZYIIYZYYZXI;XZZZYIIYZZIZZX;XZZZYIYZZXIYYI;XZZZYXYIIIXZZX;XZZZZXXIZZZXII;XZZZZYIZYZZXII;YXIXZZZZZXIIXY
936,31,0.024779755651217015,639.5004514697494,XZZZYIIYZZXYYI;XZZZYIIYZZYYXI;XZZZYIIYZZZXIZ;XZZZYYZZZXIIIZ;XZZZZXIIXZXYYI;XZZZZXIIXZZXIZ;XZZZZXIYXXZYII;XZZZZXZIXZZXII
937,24,0.022580895309909168,506.90324395877263,XZZZYIIYZZZXZI;XZZZYIYXIXZZXI;XZZZYIYXIYZZYI;XZZZYYYIIIXZZY;XZZZYYZZYIXYII;XZZZZIZYIYZZXI;XZZZZXIIYXYZXI;XZZZZXIYYIIXZX
938,37,0.04272638738126864,744.2349124976575,XZZZYIIZIXZZZY;XZZZYIXZZXIIYX;XZZZYXZZYIXXII;XZZZYYZZIZZXII;XZZZZIXIIYZZZY;XZZZZXIYXIIYZX;XZZZZXXYIIXZYI;XZZZZZIZZYYXII
939,41,0.018062599228184328,429.2655498949608,XZZZYIXZZZYZII;XZZZYIYZZXIIYY;XZZZYYXIIIYZZY;XZZZYYZYYZXIII;XZZZYYZZXIIIYY;XZZZZIYIIYZZZX;XZZZZIZZYYZXII;XZZZZXIIYZIZZY
940,30,0.016661174499147984,413.60189786887946,XZZZYIYZZXYYII;XZZZYIYZZYIXYI;XZZZYXZXXZYIII;XZZZYYZXIIXZXI;XZZZYZIYZZZXII;XZZZZXIIZYZZYI;XZZZZYIIYYYZXI;YXIXXIIXZZZZZY
941,29,0.261694225628907,5441.051233703523,XZZZYXXIIIXZZY;XZZZYXZZXIIIXY;XZZZYYZYIIIYZX;XZZZYYZZXIIYYI;XZZZYYZZYIYXII;XZZZZXIIXZXIYY;XZZZZYIIYZZXZI;XZZZZZXIXXIIXX
942,16,0.02631385255990381,611.5386938791138,XZZZYXXXZZYIII;XZZZYYZXIIIYZY;XZZZYYZZYIIIXY;XZZZZIZZXIIXZX;XZZZZIZZZYIIYX;XZZZZXIXXYZYII;XZZZZZYIIIXYYY;YYYXYZZZZZXIII
943,38,0.03652119616331933,987.6614127545074,XZZZYYZZYIIIYX;XZZZYYZZYXYIII;XZZZZIZZXIIYZY;XZZZZXIIIYZXXY;XZZZZXIYYIXZXI;XZZZZXYZXIIIXY;XZZZZYXZZYIIZI;XZZZZYYZYYXIII
944,32,0.04170565978154934,712.9052006665106,XZZZYZIIIXZZZY;XZZZYZYZZZXIII;XZZZZXIIIXYXZY;XZZZZXIIIXZXYY;XZZZZXIIIYZXYX;XZZZZXIIXZZXZI;XZZZZYIIIXYYZY;XZZZZYIIIXZYYY
945,46,0.04523175933600454,1017.7757025109526,XZZZZIYIIXZZZY;XZZZZIZYIIXZZY;XZZZZIZZZXIIYY;XZZZZXIIXZZIZX;XZZZZXYXIIIYZX;XZZZZXYZYIIIXX;XZZZZYIIYZXYYI;YYIYZYIIYZZZZY
946,30,0.05021005090515074,1004.8180896148257,XZZZZIZXIIXZZX;XZZZZIZYIIYZZX;XZZZZIZZZZIZXI;XZZZZXIIIXZYXY;XZZZZXXYIIYZXI;XZZZZXYZZYIZII;XZZZZZZYZXYIII;YIZZZZZZXXZYII
947,19,3.0292886152725016,52291.91073036751,XZZZZIZZYXZYII;XZZZZIZZZYIIXY;XZZZZXIIIYXYZX;XZZZZXIIYZXIYX;XZZZZXIYZXIIYX;XZZZZXYXIYZXII;YXIIYZZZZZYIXY;YXIYZZZYXZZYII
948,29,0.3040033815181434,4883.77044557101,XZZZZXIIIXZXXX;XZZZZXIIIXZYYX;XZZZZXIIIYZYXX;XZZZZXIIIZXZZX;XZZZZXIIZIYZZY;XZZZZYIIIXZXXY;XZZZZYIIIZXZZY;XZZZZYIIZIYZZX
949,21,0.041978350640776756,831.1099032844085,XZZZZXIIIYYYZY;XZZZZXIIYYIXZX;XZZZZXIXYXZYII;XZZZZXIXYYZXII;XZZZZXIYZXIYXI;XZZZZXIYZYIXXI;XZZZZYIIIYYXZY;XZZZZZXIZIXZXI
950,36,0.04338493400530802,465.499056469223,XZZZZXIIXXYZYI;XZZZZXIIYYXZXI;XZZZZXIXXXZXII;XZZZZXIYZXIIXY;XZZZZXXXIIYZYI;XZZZZXXZYIIIXY;XZZZZXYZXIIYXI;XZZZZYYYIIXZYI
951,29,0.047445362715992645,766.7055572770414,XZZZZXIIXZYIYX;XZZZZXIIYZYIYY;XZZZZXIXXIIYZY;XZZZZXIXYIIYZX;XZZZZXIYZIZZYI;XZZZZXIYZYYYII;XZZZZYIXZXXYII;XZZZZZZXIIYYIZ
952,22,0.032838623688491775,654.1381772705953,XZZZZXIIYZZYIZ;XZZZZXIXYIXZYI;XZZZZXIYYIYZYI;XZZZZXIYZXYXII;XZZZZXIZIYZZYI;XZZZZXYZZYIIIZ;XZZZZYIXZYYYII;XZZZZYYXYZYIII
953,29,0.24910427364555612,542.6298558609689,XZZZZXIXZXIIXX;XZZZZXIXZXIXXI;XZZZZXIYYIIYZY;XZZZZXIYZYXXII;XZZZZXXZZXIIZI;XZZZZXYZZYZIII;XZZZZZXIYZZIYI;YXIXZZZXYZZXII
954,28,0.03496186262051209,858.6538277789201,XZZZZXIXZXYYII;XZZZZXIYYXZXII;XZZZZXIYZYIIXX;XZZZZXXYIIIXZY;XZZZZYIIIXZYXX;XZZZZYIIYZZIZX;XZZZZYIYZXIIYY;XZZZZYXXIIYZXI
955,28,0.02195666184688817,454.8316699960513,XZZZZXIXZYIIXY;XZZZZXIYZXXYII;XZZZZXXXIIIXZX;XZZZZXYYIIYZYI;XZZZZXYYIXZXII;XZZZZXYZZYIIZI;XZZZZYIIIYZXXX;XZZZZYZIIIXZZY
956,41,3.009747321653028,51233.70418819827,XZZZZXIYZYIYYI;XZZZZXXXIIIYZY;XZZZZXXZZIZXII;XZZZZXYZIZZYII;XZZZZYIXZZYZII;XZZZZYXZYIIIXX;XZZZZZZYIIYIZX;YZXIXZZYYZZYII
957,30,0.0437795259352985,2129.7340501839913,XZZZZXXYIYZXII;XZZZZXXZXYYIII;XZZZZXYZYIIIYY;XZZZZXYZYIYYII;XZZZZYXXIIIXZY;XZZZZZIZZXXXII;XZZZZZYIZYZXII;YXIXZYIYZZZZYI
958,25,0.02893772657763324,693.646556884661,XZZZZXXZYXYIII;XZZZZXXZZXZIII;XZZZZYIIIXXYZX;XZZZZYIIXZXIYX;XZZZZYIZIIXZZY;XZZZZYXIZZZYII;XZZZZYYZZIZXII;YXIIIXXYZZZZZX
959,22,0.0922638334982455,1508.5612697516701,XZZZZXYXIIXZYI;XZZZZYIIXZIZZY;XZZZZYIIXZZZIY;XZZZZYIIYZIZZX;XZZZZYIYXIIXZX;XZZZZYIYYIIXZY;XZZZZYXXIXZYII;YIZZZZZZXIIYZX
960,27,0.03868504758634939,1741.0793183690005,XZZZZYIIIXZXYX;XZZZZYIIXYIXZX;XZZZZYIIXYIYZY;XZZZZYXXIIXZYI;XZZZZYXYIIYZYI;YXIIIXZZZZZZYZ;YXXZZZZZZYIZII;YXYZZZYYZZXIII
961,35,0.05754226043201955,1066.4741075605396,XZZZZYIIIYXYZY;XZZZZYIIXZYIXX;XZZZZYIXYIXZXI;XZZZZYIXZXIYXI;XZZZZYXXIYZXII;XZZZZYXXXZYIII;XZZZZYYZYIXYII;XZZZZZIYIIYZZX
962,57,0.25730123571954033,4954.691217123663,XZZZZYIIXZYIYY;XZZZZYIXZIZZYI;XZZZZYIXZXYXII;XZZZZYXZXIYXII;XZZZZYYXIIIXZX;XZZZZYYXIIXZXI;XZZZZYYZYIIIYX;YZZXIIIYZZYXZY
963,31,0.04671095326319521,1878.534234805301,XZZZZYIIYYIXZY;XZZZZYIIYZXXXI;XZZZZYIYZYIIXY;XZZZZYXZYIXXII;XZZZZZIZZYIIYX;XZZZZZZXIIZXXI;XZZZZZZYIZYXII;YIZXIIYZZZZZZX
964,30,0.045302363300352706,1719.1165585330568,XZZZZYIIYZZXIZ;XZZZZYIIZIXZZY;XZZZZYIXZZYIIZ;XZZZZYIYZXYYII;XZZZZYYYIIIYZX;YXIIXZZZZZXXYI;YXIIYZZZZXYZYI;YXIXZZZZZXIXYI
965,29,0.03852560421565661,682.3074929493131,XZZZZYIXZYIIXX;XZZZZYIXZYXXII;XZZZZYIXZZYIZI;XZZZZYYXIYZYII;XZZZZZXIYYXXII;XZZZZZZXIZIXXI;YIYIIYZZZZZZZY;YXIXZXIIXZZZZY
966,33,0.07115378596204332,1575.7115756857027,XZZZZYIYXXZXII;XZZZZYIYYXZYII;XZZZZYIYZYIIYX;XZZZZYYZXIXXII;XZZZZZIZXXZXII;XZZZZZXYXIYXII;XZZZZZXYYIYYII;YXIIYZZZZZZZIX
967,23,0.022218051991340696,391.05382061549693,XZZZZYIYZYYXII;XZZZZYXXIIIYZX;XZZZZYYXIIIYZY;XZZZZYYYIIIXZY;XZZZZYYZYIIIXY;XZZZZZYIIXYIYY;YXIIXZZZYYZZYI;YXIIYZZZZYYZXI
968,27,0.09031973511734642,1661.9440752058933,XZZZZYXZXXYIII;XZZZZYXZYYYIII;XZZZZYYZYXYIII;XZZZZZXIXYIIXY;XZZZZZYIYYIIYX;XZZZZZZXIIZIXX;XZZZZZZYIZIIYX;XZZZZZZYZIIIXY
969,26,0.03211179308606664,1019.0883338710036,XZZZZYZIIYZZXI;XZZZZZXIXYIXYI;XZZZZZXXYIIIXY;XZZZZZXXYIXYII;XZZZZZYIYYIXYI;XZZZZZZXIYIZYI;YXIIIXZZZZZXYX;YYIXZZYIYZZZXI
970,26,0.04609031073224672,784.2016471622134,XZZZZZXXZXIZII;XZZZZZXYXIIIXY;XZZZZZXYXXYIII;XZZZZZYIIXZYZI;XZZZZZZXXXIZII;XZZZZZZYXYIIZI;YXIIXZZZZXIYZX;YXYZXXZZZZXIII
971,38,0.02792628447035685,971.3369270961613,XZZZZZXYYIXXII;XZZZZZYIIXXYXI;XZZZZZYXXIIYXI;XZZZZZYXZYIZII;XZZZZZZYIIZIXY;XZZZZZZYYXIZII;YXIIYZZZYIXZZY;YXIYZZZZYIXZYI
972,35,0.02266650926922053,502.1171317248061,XZZZZZYIIIXXXY;XZZZZZYIIIYYXY;XZZZZZYIYXXXII;XZZZZZZXIXIZXI;XZZZZZZXIZIIYY;XZZZZZZXYYIIZI;XZZZZZZYIIZIYX;XZZZZZZYXYIZII
973,36,0.25587438739147195,3265.3292343917647,XZZZZZYIIIZYZX;XZZZZZYIIYXIXX;XZZZZZYIIYYIYX;XZZZZZYIIYZXIZ;XZZZZZYIZXZYII;YXIIYZYIYZZZZX;YXIXZZYIIXZZZX;YYIXZZZXYZZYII
974,34,0.0880150525693405,1668.0882774622962,XZZZZZYIIZXZYI;XZZZZZYIYXIIXX;XZZZZZYXZYZIII;XZZZZZYYZXIIZI;XZZZZZZXIIXIZX;XZZZZZZXZIXXII;XZZZZZZYYXIIIZ;YXIXZZZYIIYZZY
975,38,0.2620882127216179,3436.356895839087,XZZZZZYIYXIXXI;XZZZZZYIYYIYXI;XZZZZZZIYXZYII;YIZZZZZZYXZXII;YIZZZZZZZXIYXI;YXIIXIZZZZZZZY;YXIIXZYIYZZZZY;YXIIXZZIZZZZZY
976,31,2.6633128711679945,42396.56681514105,XZZZZZYXYIIYYI;XZZZZZYYXIIXXI;XZZZZZYYXIIYYI;YXIIIYZYXZZZZY;YXIIIYZZZXYZZY;YXIIIYZZZYXZZY;YXIZIIYZZZZZZX;YYIIIYZZZXYZZX
977,22,0.033355726140622655,1057.565836858944,XZZZZZYXZYIIIZ;XZZZZZYZIIIXZY;XZZZZZZIZYIIXY;XZZZZZZXIZIYYI;XZZZZZZYIIZYXI;YXIXZZZZZXIYXI;YXIYZZZYIIXZZY;YZYIXZZZXIXZXI
978,29,0.03993682550173968,1927.6763795479146,XZZZZZZXIIIZXX;XZZZZZZXIIYIZY;XZZZZZZXIIZYYI;YXIIIXZZZZXYZX;YXIIXXYZZZZZXI;YXIIXZYXZZZZXI;YXIIXZZZXYZZXI;YXIXZZZXIIYZZX
979,42,0.1024111666940627,3434.4238648846417,XZZZZZZXIXXZII;XZZZZZZXXXIIZI;XZZZZZZXZIIIYY;YXIIIXZZYYZZZY;YXIXZZZZZYXXII;YXXZZYIIXZZZXI;YXXZZZZXIIYZXI;YZYIIYZZXIXZZY
980,26,0.03026904139860427,1461.2078050438433,XZZZZZZXIZIIXX;XZZZZZZYIIIZXY;XZZZZZZYIXYZII;YXIIIXZZZZYYZY;YXIXZZYIXZZZXI;YXIXZZZXIYZZXI;YXIYZZZZZYIXYI;YYIXZZZZZZXZII
981,25,0.11491380060225237,2140.0436269581264,YIZZZZZZYIIXZX;YXIIIYZZZZZXYY;YXIIXZXXZZZZYI;YXIIYZZZIZZZZX;YXIXZYIIXZZZZX;YXXZYIIYZZZZYI;YXXZZZZYIIYZYI;YZXIIYZIZZZZZX
982,34,5.8105125014117025,165197.74684670602,YXIIIYZZYXZZZY;YXIIXZZZIZZZZY;YXIIXZZZXIYZZX;YXIIYZXXZZZZXI;YXIXZZZZZZZIYI;YXIYZZZZZXIYYI;YXXZXIIYZZZZXI;YXYYIXZZZZZYII
983,29,3.0097680211449105,47921.50403996539,YXIIIYZZZZYYZX;YXIIXZZYXZZZXI;YXIIXZZZYIXZZX;YXIIYZZYYZZZXI;YXIIYZZZXIXZZX;YXIYZYXZZZZYII;YXXZZYIYZZZYII;YXXZZYXZZZXIII
984,49,0.08051467687288238,1830.995879364848,YXIIXZZZZIZZZY;YXIIXZZZZZYIYY;YXIIXZZZZZZYIZ;YXIYXXZZZZZXII;YXXZYIIIYZZZZY;YXYZZXXZZZXIII;YYIIIZYZZZZZZY;YYIIXZZZZZXYYI
985,35,3.0430496787392065,43745.38797947681,YXIIXZZZZZXYXI;YXIIYZYIXZZZZY;YXIXZZZZXIXZYI;YXIYZZZZZZXZII;YXXXIXZZZZZYII;YXXZZYIIYZZZYI;YYIIYZZZZZZYZI;YZYIYZZZZYXXII
986,33,0.0638302904252578,1388.2763087769076,YXIIXZZZZZYIXX;YXIIYZZZZYXZYI;YXIIYZZZZZXIXX;YXIXZZZZXIIXZY;YXXZZZYIXZZXII;YXYZZZIZZZZXII;YYIXZZZZZXIYYI;YZYXZZXIIYZZYI
987,30,0.0922638334982455,1517.7009158525516,YXIIYZZZYIYZZX;YXIIYZZZZZZXIZ;YXIYZZZZXIXZXI;YXXZZZYIIYZZYI;YXYZZYIXZZZYII;YYIIYYXZZZZZXI;YZXIIIXZZYXZZX;YZYIYZZZXXZYII
988,38,0.055849085275729404,1190.8068745800167,YXIXXXZZZZZYII;YXIYZZZXIIXZZX;YXIYZZZYIIYZZX;YXIYZZZZYIIYZX;YXIYZZZZZYIIYX;YXXZZZZXIIXZYI;YXXZZZZZXIIIXY;YXXZZZZZZYIIZI
989,39,0.05494829834689942,1004.5438239504673,YXIYZZZZIZZZXI;YXIYZZZZZZXIZI;YXXZZZXXZZYIII;YXXZZZZYIIIXZX;YXXZZZZYIIIYZY;YXYZZZZXIIIXZX;YXYZZZZXIIIYZY;YYIYZZZZZZYIIZ
990,39,2.767700440473124,50360.03774580766,YXXZXIIXZZZZYI;YXXZYIIXZZZZXI;YXXZZZZYIXZXII;YXXZZZZYXZXIII;YXXZZZZYYZYIII;YXYZZZZZYYXIII;YYXZZZZZZXIIIZ;YYYZZXIXZZZYII
991,40,3.042908402543919,49275.38357981891,YXXZYIIIXZZZZX;YXXZYXZZZZXIII;YXXZZZXIIIYZZX;YXYZZYYZZZXIII;YYIIIZXZZZZZZX;YYIIYZZZYIYZZY;YYIXYIYZZZZZXI;YZXIIIYZZZXXZX
992,26,0.09229820206936683,1796.5516291233816,YXXZZZZXIIIYZX;YXXZZZZXXZYIII;YXYZYIXZZZZYII;YYIIXZZXYZZZYI;YYIIYZYIXZZZZX;YYIYZZZZYIIXZX;YYXZYIIXZZZZYI;YZXIIXZZZZYIXX
993,16,0.032098768093655757,1043.337645878455,YXXZZZZZXIIIYX;YXXZZZZZXIXYII;YXYXIXZZZZZXII;YXYZZZZZYIYXII;YYIXZZZZXIIYZY;YYIXZZZZZZZIXI;YYXZZYYZZZXIII;YYYZYIIIYZZZZY
994,25,0.0922638334982455,3302.133115185282,YXXZZZZZXIIYXI;YXXZZZZZYIXXII;YXYZZZXIIIYZZY;YYIIXZZZZXIYZY;YYIYZZZZZXYXII;YYXZXIYZZZZYII;YYYZZZZXIYZXII;YZXIYZYYZZZXII
995,19,0.04224716722544322,1527.3046641834183,YXYZZYIYZZZXII;YXYZZZZXIIXZXI;YYIIIXZZZZYXZY;YYIIXZZZZZZXZI;YYIYXIIYZZZZZX;YYXZZZZZYIIYXI;YYYZZXYZZZXIII;YZYIXZXYZZZYII
996,24,0.25426539125924913,3736.2053826308415,YYIIIXXYZZZZZY;YYIIIXZZXYZZZY;YYIIIXZZYXZZZY;YYIIIXZZZZZXYY;YYIIIXZZZZZYXY;YYIIIYZZYXZZZX;YYIIXZZZZZYXYI;YYIIYZZZZZXXYI
997,29,0.07106897452654329,3428.2987681877403,YYIIIXZXYZZZZY;YYIIXXXZZZZZXI;YYIIXXYZZZZZYI;YYIIYXYZZZZZXI;YYIXZZZXIIYZZY;YYIYZZZXIIXZZY;YYIYZZZYIIXZZX;YYIYZZZZZXXYII
998,39,5.8113011129919565,160616.5734245381,YYIIXYYZZZZZXI;YYIIXZZXXZZZXI;YYIIXZZYYZZZXI;YYIIXZZZZZXIYY;YYIIYZZXXZZZYI;YYIIYZZZZZXIXY;YYIIYZZZZZYIXX;YYIXZXXZZZZXII
999,28,0.0818829489040067,540.2702168553698,YYIIXZYIXZZZZY;YYIIYZZXYZZZXI;YYIIYZZZXIYZZX;YYIXZXYZZZZYII;YYIXZZZZYIIXZY;YYIYZZZZYIIYZY;YYIYZZZZZYIYYI;YYXXIXZZZZZXII
1000,26,3.0097476397631167,47915.12536043152,YYIIXZZZZIZZZX;YYIIXZZZZXYZYI;YYIIYZZZXIXZZY;YYIIYZZZZZYXXI;YYIYZZXYZZZXII;YYIYZZYXZZZXII;YYXZZZZIZZZXII;YZZZXIXXIIYZZX
1001,25,0.03830338195216125,764.8505964635141,YYIIYZZXIXZZZY;YYIIYZZZZYIXZX;YYIIYZZZZYXZXI;YYIXZZZZYYZXII;YYIYZZZYXZZXII;YYXZZXIIYZZZYI;YYXZZXXZZZXIII;YYYZZYXZZZXIII
1002,30,0.07832210088869417,1742.8020820001632,YYIIYZZZYIXZZX;YYIIYZZZZZYIYY;YYIXYXZZZZZYII;YYIXZZXYZZZYII;YYIXZZZZXYZYII;YYYZZZZYIIYZYI;YYYZZZZZYIIIXX;YZXIZXZZZZZYII
1003,58,0.34756224031598826,1209.2866958187578,YYIIYZZZZIZZZY;YYIXZXIXZZZZXI;YYIXZZIZZZZZXI;YYIXZZZZZIZZXI;YYIXZZZZZZXIZI;YYIYZZZZZZIZYI;YYXZXIIIYZZZZY;YYXZZZZZIZZXII
1004,15,0.09227092807715374,1465.3749303102138,YYIIZIXZZZZZZX;YYIXZZZXIYZZYI;YYIXZZZZYIXZYI;YYIYZZZZZYIXXI;YYXZZZXIIIYZZY;YYXZZZYIIIYZZX;YYYXIXZZZZZYII;YZXIYZZZZZXIZI
1005,19,0.0710689745265433,529.2592503209277,YYIXZZYIIXZZZY;YYIXZZZZZXIIYY;YYIYXXZZZZZYII;YYXYIIIXZZZZZY;YYXZZZZYIIXZYI;YYYZYIIIXZZZZX;YYYZZZXIIIYZZX;YZZIZZXIXZZZYI
1006,19,3.0111611623398638,48656.49387127173,YYIYZZXIXZZZYI;YYIYZZZXIXZZYI;YYXZZYIIYZZZXI;YYXZZZYIIYZZXI;YYYZZZZXIXZYII;YYYZZZZYIIIXZX;YZIZZZZXIXZZYI;YZXYZYXZZZYIII
1007,35,0.02650339553327912,521.9592267145299,YYIYZZZZZXIIYX;YYIZIIXZZZZZZX;YYXXIIXZZZZZXI;YYXZZZZZZXIIZI;YYYZZZZYIIIYZY;YYYZZZZZYIXXII;YZIZXIIYZZZZZX;YZIZZXIIYZZZZX
1008,27,3.0431648297655927,43723.20216798076,YYIYZZZZZYYYII;YYXYIIYZZZZZXI;YYXZZZXIIIXZZX;YYXZZZZXIIXZXI;YYXZZZZZYIIIYX;YZIZXXZZZZZYII;YZIZZZZZZYYYII;YZXYZZZXIIXZXI
1009,27,0.034078571552446084,722.7696786794318,YYXZXIIIXZZZZX;YYXZZZZXIIIXZX;YYXZZZZZXIIIXX;YYYXIIYZZZZZXI;YYYYIIXZZZZZXI;YZXIIYZZZIZZZX;YZXIIYZZZZIZZX;YZYIIXZZZYYZXI
1010,39,0.0922638334982455,1395.798338804637,YYXZZYIYZZZXII;YYXZZZZZXIXXII;YYYZXIXZZZZYII;YYYZZZYIIIYZZY;YYYZZZZZYIYYII;YZIXIIYZZZZZZX;YZIZZZZZZXIIYX;YZXIXZZZZXIYXI
1011,42,0.3606370317695797,852.8794882446275,YYXZZZYIIIXZZY;YYXZZZZYXZYIII;YYXZZZZZYIIIXY;YYYXIIIYZZZZZX;YYYZZXIIIYZZZX;YZXIIIXZZZYYZY;YZXXZZYIXZZXII;YZXXZZZYIIIYZY
1012,35,0.05584908527572942,826.4750093281548,YYXZZZZXIXZXII;YYYZZZYIYZZYII;YZIYIIYZZZZZZY;YZIZZXIIXZZZZY;YZXIIXZXIYZZZX;YZXIXYIYZZZZYI;YZXIXZZXIIYZZX;YZYYZYXZZZXIII
1013,34,0.184527666996491,5436.629665541636,YYXZZZZZXIIIYY;YYYZZZZZXIIYXI;YYYZZZZZYIIIYY;YZXIIIXZYYZZZY;YZYIYYIIYZZZZY;YZYXZZXIXZZXII;YZYYZZZZXIIIXY;YZYYZZZZYIIYYI
1014,25,0.2420468795875093,4399.064137855697,YYXZZZZZYIXYII;YYYZZZZXIIYZXI;YZIZZZZZZYIYYI;YZXIIXZZIZZZZY;YZXIIYZZIZZZZX;YZXIIYZZZXIXZX;YZXIXZZZZYXXII;YZZZZIZZZZYIZI
1015,17,0.02169246700265401,465.0080752138572,YYZIIIXZZZZZZX;YZXIIIXZXYZZZX;YZXIIIXZZZXYZX;YZXIIXZIZZZZZY;YZXIIXZZZZYIYY;YZXIXYIXZZZZXI;YZXIXZZZZZYIZI;YZXIYZZZZZXZII
1016,21,0.07057654150937162,664.5485056071689,YZIZZZZXIIXZZY;YZXIIIXZZXYZZX;YZXIIIXZZZZXYX;YZXIIXZXIXZZZY;YZXIIYZZZZZXZI;YZXIXXIXZZZZYI;YZXXZZZXIIIXZY;YZXYZZZZYIIYXI
1017,24,3.03609845898897,38542.16426643983,YZXIIIXZXXZZZY;YZXIIIZXZZZZZY;YZXIIXZZYYZZYI;YZXIIXZZZZXXYI;YZXIIYZYIXZZZY;YZXIXZZZZXIXYI;YZXIYZZXIIXZZX;YZZYIIIYZZZXXY
1018,40,0.02957085240729663,425.5590338729998,YZXIIIXZZYYZZY;YZXIIXYIYZZZZY;YZXIIXZZZZIZZY;YZXIIYZZZZZIZX;YZXIIYZZZZZZIX;YZXYZZYIIIXZZY;YZYIIIXZZYYZZX;YZYIIIYZZZZXXY
1019,19,0.02603883559427945,484.51377347571224,YZXIIIYZZZZZXZ;YZXIIXYYZZZZYI;YZXIIXZZZXXZYI;YZXIIXZZZYYZYI;YZXIIXZZZZZZIY;YZXIXZZYXZZXII;YZXYZXIXZZZXII;YZXYZZZZIZZXII
1020,47,0.07104527401489372,454.8072871848067,YZXIIXZZZYIXZX;YZXIIXZZZZXIYX;YZXIIXZZZZZYZI;YZXIIYZZZXIYZY;YZXIYXXZZZZXII;YZXIYZZZZXXXII;YZYIIYZZZYXZXI;YZYIIYZZZZYIXX
1021,48,0.25513728909772676,3427.210031174245,YZXIIXZZZZZIZY;YZXIIYZZZZXIXX;YZXIXXIIYZZZZX;YZXIXZZZZYIIXX;YZXIYYXZZZZYII;YZXXZYIYZZZYII;YZXYZYIXZZZYII;YZYIXZZZZXYYII
1022,43,0.046184465607162606,851.9560509227657,YZXIIYZZZZXIYY;YZXIIYZZZZYIXY;YZXIXYIIXZZZZX;YZXIXZZXXZZYII;YZXIXZZZYXZXII;YZXYZYIIIYZZZX;YZXYZZZZZIZXII;YZZXXZZYIIXZXI
1023,27,0.32607633253197055,1195.2886933766886,YZXIIYZZZZYXYI;YZXIIZXZZZZZYI;YZXIXZZYIXZZXI;YZXIYZZXIIYZZY;YZXYZZXIIIYZZY;YZXYZZZXIIIYZY;YZYYXIIXZZZZYI;YZZXXXYZZZXIII
1024,26,0.36073075421507095,4152.420179002034,YZXIIZIYZZZZZX;YZXIIZYZZZZZXI;YZXIXXIYZZZZXI;YZXIYZYXZZZYII;YZXIYZZYIIXZZY;YZXXZZYIYZZYII;YZXYZZYIXZZYII;YZZXIYZYYZZXII
1025,23,3.03610142037777,38869.717108772944,YZXIXZYXZZZXII;YZXIXZZZZZYZII;YZXIYIZZZZZZXI;YZXIYZZZIZZZXI;YZXXZZXIIIYZZX;YZXYYIXZZZZYII;YZYIXXIIXZZZZX;YZZYZIIYZZZZYI
1026,31,0.0922638334982455,479.6582923734548,YZXIXZZXIIXZZY;YZXIXZZZZXXYII;YZXXZXYZZZXIII;YZXYXIIXZZZZXI;YZXYZZZYIIIYZX;YZYXZZZYIIXZYI;YZZIZZYIIYZZZY;YZZIZZYYZZZYII
1027,23,0.07106897452654329,548.052896573619,YZXIXZZZXXZYII;YZXIYZZZZXIYYI;YZXIYZZZZYIXYI;YZXXZZYIIIYZZY;YZXXZZZZYIIIYY;YZXYYIIIYZZZZX;YZXYZZYIIIYZZX;YZZZXIZIYZZZXI
1028,40,0.0369391885412931,915.1309595057186,YZXIYZZZZZXIIZ;YZXIZIIYZZZZZX;YZXXZXIXZZZYII;YZXXZZIZZZZYII;YZXXZZZZYIIXXI;YZXXZZZZZYIZII;YZYIYZZZZXXYII;YZZIZZZXIIXZZY
1029,33,0.021118903189187327,536.3243715678219,YZXXXIXZZZZYII;YZXXYIXZZZZXII;YZXXYIYZZZZYII;YZXYZZZYIIXZYI;YZXYZZZYIIYZXI;YZXYZZZZZXIIZI;YZYXZZZYIIYZXI;YZYYZZZZZYIZII
1030,51,0.0922638334982455,897.602556106348,YZXXYIIIXZZZZX;YZXXYIIXZZZZXI;YZXXYXZZZZXIII;YZXYZYYZZZXIII;YZYIZIYZZZZZYI;YZYXXIYZZZZYII;YZZIZZYIYZZZYI;YZZIZZZZZXIIXY
1031,26,0.09546624424103932,1561.8714720492728,YZXXZZYIIYZZYI;YZXXZZZXIYZXII;YZXXZZZZYIIYYI;YZXYZZZYIXZYII;YZXYZZZZXIIXXI;YZYXZZXIIXZZXI;YZYXZZZZXIIXXI;YZYXZZZZXXXIII
1032,23,0.019278080654121687,232.60202474834375,YZXXZZZXIXZYII;YZXXZZZYIIIXZX;YZXYZZZXIIIXZX;YZYIIIXZZZYXZY;YZYIXYXZZZZYII;YZYIYXXZZZZYII;YZYXZZZXIXZXII;YZYXZZZYIIIYZX
1033,23,0.36063450570276223,840.8596078017803,YZXXZZZYIIXZXI;YZXXZZZZXIIYXI;YZXYZZYIIXZZYI;YZXYZZYYZZXIII;YZYIIIXYYZZZZX;YZYIYZYXZZZXII;YZYXZZYIYZZXII;YZYYZZZXIIYZXI
1034,21,3.0430735466529653,43707.94822018325,YZXXZZZZYIIIXX;YZXYZYIYZZZXII;YZXYZZZYIYZXII;YZYIIYZZZZYYYI;YZYXZYIXZZZYII;YZYYZZZZXIIIYX;YZZXIXZXIXZZYI;YZZXYZZZYIXYII
1035,32,0.09226419577144596,1744.0829868471003,YZXYZZZZZXIIIZ;YZXYZZZZZXIZII;YZYIIIXZZZZYXY;YZYYYIIXZZZZXI;YZYYZXIIYZZZXI;YZZXIIXZZXIYZX;YZZXIIYZZXIXZX;YZZXIIYZZXIYZY
1036,27,0.0922638334982455,1280.4825501754963,YZXZIIIXZZZZZY;YZXZYZZZZZXIII;YZYIIYZZZZIZZY;YZYIYYIXZZZZXI;YZYIYZZYXZZXII;YZYIZIIXZZZZZX;YZYXYIIIYZZZZX;YZYXZYIIYZZZXI
1037,65,3.1212777064473443,54691.67487793691,YZYIIIXXXZZZZX;YZYIIXZXIXZZZX;YZYIIXZYIXZZZY;YZYIXZZZZZIZXI;YZYIYXYZZZZXII;YZYXZZYIXZZYII;YZYXZZZXIIIXZX;ZIXZXIYZZZZZYI
1038,28,0.24470712143269083,3945.8574303197825,YZYIIIYZZXYZZX;YZYIIXZZYIYZZX;YZYIIYZYYZZZYI;YZYIXXIYZZZZYI;YZYIZIIYZZZZZY;YZYXYIIYZZZZXI;YZZXIIIYXXZZZX;YZZXXZYXZZXIII
1039,22,3.042908147156215,49271.51584690113,YZYIIXZZIZZZZX;YZYIXZYXZZZYII;YZYIXZZZZYXYII;YZYIYXIIYZZZZX;YZYIYXIYZZZZXI;YZZXXZZXYZXIII;YZZXXZZZXIIYXI;YZZXYZZYXZYIII
1040,42,0.027756952804440238,598.1537196518805,YZYIIYZXXZZZYI;YZYIIYZZYXZZXI;YZYIYYXZZZZXII;YZYIYZZZZXYXII;YZYXZYXZZZYIII;YZZIZXYZZZZXII;YZZIZZZYXZZXII;YZZXIIXZZYYZYI
1041,36,0.2573005306796675,4947.685946944609,YZYIIYZZYYZZYI;YZYIXZYIYZZZXI;YZYIYZXYZZZXII;YZYIYZZXIIYZZX;YZYXZXIIIYZZZY;YZYXZZZZYIIIXY;YZYYZZXYZZXIII;ZIXZZZZZYIXZYI
1042,49,0.3606373987294141,903.4608797533526,YZYIIZIYZZZZZY;YZYIIZXZZZZZXI;YZYIXZZYXZZYII;YZYXZZYIIYZZXI;YZYXZZZZZIZXII;YZYYZZZYXZXIII;YZZXXXIIIYZZZX;YZZYIYZZIZZZYI
1043,32,0.018428645716509838,865.5919919591839,YZYIXYIXZZZZYI;YZYIYZYIXZZZXI;YZYIYZYYZZZYII;YZYXZXIYZZZYII;YZYXZXYZZZYIII;YZYYZZZYIIYZYI;YZZXXZXIXZZYII;YZZXXZZXXZYIII
1044,33,0.0757197460973506,1358.3892033844568,YZYIXZZZZXIIYY;YZYIYZZZYXZXII;YZYXZYYZZZXIII;YZYXZZYYZZXIII;YZYXZZZYYZXIII;YZYYZYYZZZYIII;YZYYZZZZYIXXII;YZZIZZZZZYIXXI
1045,39,0.055915148139985126,1177.1837385380068,YZYIXZZZZYYXII;YZYXYIYZZZZXII;YZYYZZZXXZYIII;YZYYZZZYIIXZXI;YZZIZZZZZYIIXX;YZZXIIYZZZXIXX;YZZXIXZZXYZXII;YZZXIYZZXIIYZY
1046,14,0.026298005222650175,670.8154933782656,YZYXZZIZZZZXII;YZYXZZXXZZXIII;YZYYZZZZXIIXYI;YZYYZZZZYIIIXX;YZZIZZZYIIYZZY;YZZIZZZZZYIIYY;YZZXXYYZZZYIII;YZZYYZZXIIXZYI
1047,43,0.35395301612693136,1599.400554804072,YZYXZZYIIIXZZY;YZYXZZZXIIIYZY;YZYXZZZZZXIIIZ;YZYYZXYZZZXIII;YZZIZZZXYZZXII;YZZXIIIXZZZYYY;YZZXIIXZZZYIYY;YZZXIIYZZZXIYY
1048,27,0.03664798612871811,478.2585535980067,YZYXZZZYXZYIII;YZYXZZZZYIIXYI;YZYYZZZXYZXIII;YZYYZZZZXIIYXI;YZZIZZXIIXZZZY;YZZXIIXZZXXZYI;YZZXXXIXZZZYII;YZZYIYZZZXYXII
1049,34,0.09227225593051201,705.4740059149727,YZYXZZZZXIYYII;YZYXZZZZYIXYII;YZZIZZZYIYZZYI;YZZIZZZZZXIIYX;YZZXIIXZYIYZZY;YZZXXZZZYXXIII;YZZYIIXZXIYZZY;YZZYYZZXYZXIII
1050,19,0.04119684896557714,848.1226915839012,YZYZIIIXZZZZZX;YZZIZZXXZZZYII;YZZXIIIXZZZYXX;YZZXIIIYYXZZZY;YZZXIIIYZZXYZY;YZZXIIXZXYZZXI;YZZXIIXZYXZZXI;YZZXIIXZZZXYXI
1051,60,0.3606869013397918,773.2408219896445,YZZIZZZZYIIYZY;YZZIZZZZYYZYII;YZZXIIIYZYYZZX;YZZXIIIZYZZZZX;YZZXIIXZXIYZZX;YZZXIXZZZZYIZI;YZZXIYZYIIYZZX;YZZYXZXIIIXZZX
1052,36,2.769091974999821,41453.007999951995,YZZIZZZZYXZXII;YZZXIIIXYXZZZX;YZZXIIIXZXYZZX;YZZXIIXZZXYZXI;YZZXIIXZZZYXXI;YZZXIIYIZZZZZX;YZZXIYYIYZZZXI;YZZYZIIXZZZZXI
1053,32,0.05112525219083054,704.0360497192759,YZZXIIIXZXXZZY;YZZXIIIXZYYZZY;YZZXIIXZZIZZZY;YZZXIIYZIZZZZX;YZZXIIYZZZZIZX;YZZXIIYZZZZZIX;YZZYIIIXZXXZZX;YZZYIIIYZXYZZX
1054,31,0.031894770720804023,652.9129879624043,YZZXIIIXZZZXYX;YZZXIIIYZZYYZX;YZZXIIXZYYZZYI;YZZXIIYZZXYZYI;YZZXIXZZXXZYII;YZZXYYIIIXZZZY;YZZXYZXIIIYZZY;YZZZXYZZXIIIXX
1055,25,0.2548451221163799,3962.338848714335,YZZXIIXZZZYYYI;YZZXIIYZXXZZXI;YZZXIIYZYYZZXI;YZZXIXYXZZZXII;YZZXIYZXIIYZZY;YZZYIIIYZZZXYX;YZZZXIIXZZYIYY;YZZZXIYZZZXZII
1056,46,0.0772226940661822,399.45732700135636,YZZXIIYZZXXZXI;YZZXIIYZZZIZZX;YZZXIXXIIYZZZX;YZZXIXZXIIYZZX;YZZXIYZYIXZZYI;YZZXIYZZXXZXII;YZZXIYZZYXZYII;YZZXXXIIIXZZZY
1057,47,0.6840401275859939,9858.89720249094,YZZXIIZXZZZZYI;YZZXIXZIZZZZYI;YZZXIYZZIZZZXI;YZZXIYZZZIZZXI;YZZXIYZZZZIZXI;YZZXIYZZZZZIXI;YZZXIZIYZZZZXI;YZZXZIIXZZZZYI
1058,31,0.0959942466709443,942.9668771048965,YZZXIXZZYIXZXI;YZZXIXZZZXIIYX;YZZXIYZZZXIIXX;YZZXIYZZZYIIXY;YZZXXZIZZZZYII;YZZXXZZIZZZYII;YZZXYYIIYZZZXI;YZZZYIIIYXXZZY
1059,18,0.0922638334982455,1813.9290236693473,YZZXIXZZZXIIXY;YZZXIYZXIIXZZX;YZZXIYZZZYIIYX;YZZXXYIIYZZZYI;YZZXXZZZIZZYII;YZZXYZIZZZZXII;YZZXYZXXZZXIII;YZZZXIIIYYXZZY
1060,30,0.09249573864005399,676.363984702316,YZZXIYZZZXIXXI;YZZXIYZZZXIYYI;YZZXIYZZZYIXYI;YZZXIYZZZZXIZI;YZZXIYZZZZXZII;YZZXXZYIIIXZZX;YZZXXZZYYZYIII;ZIYZZXIIYZZZZX
1061,30,0.04275236522529092,913.6044477505757,YZZXIYZZZZXIIZ;YZZXIZIIXZZZZY;YZZXXZXIIIYZZX;YZZXYYIIXZZZYI;YZZXYZYIIXZZYI;YZZYIIIYYXZZZX;YZZZIXIYZZZZXI;YZZZIZZXIIXZZY
1062,41,0.03041244031115106,473.8997085078672,YZZXIZIXZZZZYI;YZZXIZYZZZZXII;YZZXXZYIIXZZXI;YZZXXZZZXIIIYX;YZZXYXIXZZZXII;YZZYIYZZXXZYII;YZZYXXIYZZZYII;YZZZXXZZYIIXXI
1063,46,0.03464979157904909,568.9703580221036,YZZXXYIIIXZZZX;YZZXXYIIIYZZZY;YZZXXZZZZIZYII;YZZXYZYYZZXIII;YZZXYZZIZZZXII;YZZXYZZYIIYZXI;YZZYIXZZZZXZII;YZZYXZZXIIXZXI
1064,37,0.027483267891544736,511.55482558465116,YZZXXZYIXZZXII;YZZXXZZXIYZXII;YZZXXZZYIIIYZY;YZZXYYYZZZXIII;YZZXYZXIIIXZZX;YZZXZIYZZZZXII;YZZZXIIXYYZZYI;YZZZXIXZZXIIXY
1065,45,0.05519808048669472,1053.7675195988998,YZZXXZZYIIIXZX;YZZXXZZYXZXIII;YZZXYYIYZZZXII;YZZXYZZXIIIXZX;YZZYIIIZYZZZZY;YZZYIXZZZXYYII;YZZYIYZIZZZZYI;YZZZIZZZZXIIXY
1066,33,0.09270378803145976,495.9733874914199,YZZXXZZYIYZYII;YZZXXZZZXIIXYI;YZZXYZYIIIXZZY;YZZXYZZXIIIYZY;YZZYIXZZYIIXZY;YZZYXYIIIXZZZY;YZZZIZZZZXIXYI;YZZZYIIYZYIYZY
1067,42,0.22536551143204775,5059.823192709373,YZZXXZZZXIIIXY;YZZXYYIIIYZZZX;YZZXYZYIIYZZXI;YZZXYZZZZIZXII;YZZXYZZZZXZIII;YZZYIIIYYYZZZY;YZZYIIYZYYZZYI;YZZZIYIIXZZZZX
1068,49,0.3369978210603408,885.9018090160904,YZZXXZZZYYYIII;YZZXYZZYIIIXZY;YZZXYZZYYZXIII;YZZXYZZZXIIIYY;YZZYIIIXZZYXZY;YZZYYZYIIYZZYI;YZZYYZYIXZZXII;YZZYYZZXIYZXII
1069,33,0.03033218792532967,548.8446262198082,YZZXYZZZIZZXII;YZZXYZZZXIIIXX;YZZXYZZZXIYYII;YZZYIIIXXYZZZY;YZZYIIIYZZXYZX;YZZYIIXZZZXYYI;YZZYIIYZXYZZXI;YZZYXZZZXIIIYY
1070,21,0.031532104919068424,595.459771031091,YZZXYZZZZXIIIZ;YZZXYZZZZXIZII;YZZYIIIXZZXXZX;YZZYIIIXZZXYZY;YZZYIIIXZZYYZX;YZZYIIXZXYZZYI;YZZYIIXZYYZZXI;YZZZYXZZZXZIII
1071,29,0.014431702165525775,386.0672442139125,YZZYIIIXYYZZZX;YZZYIIIXZXYZZY;YZZYIIIYZYYZZY;YZZYIIXZZZXIYY;YZZYIIXZZZYYXI;YZZYXZXIIIYZZY;YZZYYZZXIXZYII;YZZZXIIIXZZXXY
1072,40,0.05468328199256526,870.2397984948607,YZZYIIIXZZZXXX;YZZYIIIXZZZXYY;YZZYIIIXZZZYXY;YZZYIIIXZZZYYX;YZZYIIIYZZZYYY;YZZYXXXZZZXIII;YZZYXYXZZZYIII;YZZYXZZZZXZIII
1073,23,5.755930364565371,233596.59067434157,YZZYIIIYZZZZYZ;YZZYIIIZXZZZZX;YZZYIIXZZZYIXY;YZZYIIYZZZXYXI;YZZYIXZZZYIIXY;YZZYIXZZZYIYXI;YZZYIYZZZXIYXI;YZZYYZZZXIIIXY
1074,36,0.045385699530747024,607.7573582951238,YZZYIIXZXIXZZX;YZZYIIXZZYXZYI;YZZYIIXZZZXIXX;YZZYIIYIZZZZZY;YZZYIXZZYYZXII;YZZYIXZZZXIXXI;YZZYXZZZZXIZII;YZZZZXZIXZZYII
1075,30,3.008261624781402,46397.32056489924,YZZYIIXZZXYZYI;YZZYIIXZZZYXYI;YZZYIIXZZZZXZI;YZZYIIZYZZZZYI;YZZYIXYIXZZZYI;YZZYXXIIIXZZZX;YZZYYZZZXIXYII;YZZZIZYIIXZZZX
1076,21,3.1212806201026,59139.01197238373,YZZYIIXZZZZXIZ;YZZYIIYXYZZZXI;YZZYIIYZYXZZXI;YZZYIXZZIZZZXI;YZZYIYYIIYZZZY;YZZYIYZZZXIXYI;YZZYYZYIIIYZZY;ZIIXZZZXXZZZXI
1077,29,0.02603883559427945,634.9848216662851,YZZYIIYZYIXZZX;YZZYIIYZZXXZYI;YZZYIXYIIXZZZY;YZZYIXZXIIYZZY;YZZYIXZZXIIYZY;YZZYIYXIIYZZZX;YZZYYZZXIIYZXI;YZZZXIZIIXZZZY
1078,28,0.3468734893813459,3113.2545103734,YZZYIIYZZYYZYI;YZZYIXZXXZZXII;YZZYIXZZZZZIXI;YZZYIYZYIIXZZX;YZZYXZXIIYZZYI;YZZYYYIYZZZYII;YZZZXYZZXIIYYI;YZZZXYZZZIZXII
1079,40,0.048511965506801015,2048.1446154576356,YZZYIIZIYZZZZY;YZZYIXZYIIYZZX;YZZYIXZZYIIYZX;YZZYIYZZZXXYII;YZZYIYZZZYIXXI;YZZYIYZZZZYIZI;YZZYYZZZZIZYII;YZZYYZZZZYIIZI
1080,24,3.0430500464058343,43709.199632084135,YZZYIXZZXIIXZX;YZZYIXZZXIXZXI;YZZYIXZZZYXYII;YZZYIYXYZZZXII;YZZYXZZIZZZXII;YZZYYXYZZZXIII;YZZZYZIIIYZZZY;ZIIXZZYIXZZZZY
1081,24,0.09228367596683262,1671.9038946103713,YZZYIXZZYIXZYI;YZZYIXZZZYIXYI;YZZYIYZXYZZXII;YZZYXZXXZZXIII;YZZYXZYIIIYZZX;YZZYYXIIYZZZXI;YZZZXIIYZXYZYI;ZIIXZZZZYXZZYI
1082,34,0.08191064180720468,1666.750818236291,YZZYIXZZZIZZXI;YZZYIYZYIIYZZY;YZZYIYZYIXZZXI;YZZYXYIIIYZZZX;YZZYYXIXZZZYII;YZZZIZXIIXZZZY;YZZZZYIXZYIYXI;YZZZZZXIIXZYIZ
1083,37,0.05588066088256298,788.5324513005608,YZZYIXZZZXIIYY;YZZYIXZZZZXIIZ;YZZYIYZZZYXXII;YZZYXZYIIYZZXI;YZZYYXIYZZZXII;YZZZXIIIYXXZZX;YZZZZXIIYXIXZX;YZZZZXIIYZXXXI
1084,31,0.35382473976090567,858.6120226588374,YZZYIZXZZZZXII;YZZYXYIYZZZXII;YZZYXZYIYZZXII;YZZYYZXIIIYZZX;YZZYYZZYIIIXZX;YZZYYZZZZYIIIZ;YZZZXIXXIYZZXI;IIXZZZZZZYIIXY
1085,16,0.030762880186082166,509.9932459514781,YZZYXXIIIYZZZY;YZZYXZZYIIIXZY;YZZYYZXYZZXIII;YZZYYZZXIIIYZX;YZZYYZZZXIYXII;YZZZXIIXZXXZYI;YZZZXIXZZXIXYI;YZZZXXZZYIIIYY
1086,25,0.03251154028423058,651.1612153442376,YZZYXYIIXZZZYI;YZZYXZZYXZYIII;YZZYXZZZYIIIYX;YZZYXZZZYIYXII;YZZYYZZZXIIIYX;YZZZIXXZZZZYII;YZZZZXXZIZZYII;YZZZZYIXZZZIXI
1087,26,0.02472238708624678,410.1181739731924,YZZYXZYYZZXIII;YZZYXZZXIXZXII;YZZYYZZYIIXZXI;YZZYYZZZYYYIII;YZZZIZZZZYIYYI;YZZZXXZXIIIXZY;YZZZXYZXIIIXZX;YZZZYXZZYIIIYX
1088,26,0.1421379490530866,2277.1039165612538,YZZYXZZYIIYZXI;YZZYXZZYIXZYII;YZZYXZZZXIIXXI;YZZZIZXIXZZZYI;YZZZIZXYZZZXII;YZZZXIIXZZXIYX;YZZZYIIYZXIYZX;YZZZZZYIXYIYXI
1089,34,0.0710689745265433,1313.412456216421,YZZYXZZYYZXIII;YZZYXZZZYYXIII;YZZZIZYYZZZYII;YZZZXIIXXIYZZX;YZZZXIIXZXIYZX;YZZZZXIYZYYXII;YZZZZYXYIYZXII;YZZZZYXYYZXIII
1090,25,0.03055366730033332,607.4275030466671,YZZYXZZZYIIXYI;YZZYYZZYIIIYZY;YZZZIZXIYZZZXI;YZZZXIIIXZYYZY;YZZZXIIYZXIXZX;YZZZXIXYXZZXII;YZZZXIYZZZXIZI;YZZZXXZXIXZYII
1091,38,2.833806909969252,39852.49374863316,YZZYYZZZYXXIII;YZZYYZZZZZIYII;YZZZXIIXXYZZXI;YZZZXIIXZZYXXI;YZZZXIIXZZZZIY;YZZZXIZYZZZXII;YZZZYIIYZZXIYX;YZZZZXIZIIYZZX
1092,30,0.0891470175864558,1306.9636663725685,YZZYZIIIXZZZZX;YZZZXIIIYZXYZY;YZZZXIIXZYXZXI;YZZZXIIXZZIZZY;YZZZXIIXZZXYXI;YZZZYIIYZYYZYI;YZZZYIXZZXXXII;YZZZZZYYYIIIYY
1093,19,0.0710689745265433,812.0871254546122,YZZZIZXXZZZYII;YZZZIZZYIIYZZY;YZZZXIIIZYZZZX;YZZZXIIXZZXXYI;YZZZXIIYXIXZZX;YZZZXIYZZYIXYI;YZZZXXZZXIIIYX;YZZZYIIYZZYIXX
1094,31,0.03917710989457605,751.1437558019602,YZZZIZZZZXYXII;YZZZXIIXIZZZZY;YZZZXIIYIZZZZX;YZZZXIIYYIXZZY;YZZZXIIYZZYIYX;YZZZXIYZZXIYYI;YZZZZYXZYIIYXI;YZZZZZYIXXIXXI
1095,38,0.038353325542840155,620.5388072365171,YZZZXIIIXXXZZY;YZZZXIIIYZXXZX;YZZZXIIXZIZZZY;YZZZXIIYZXIYZY;YZZZXXXIIIYZZX;YZZZYIIXZIZZZX;YZZZYIXZZXIIXX;YZZZZZIZZXIXYI
1096,33,0.07057548843433409,917.8660492867209,YZZZXIIXZZXIXY;YZZZXIIXZZZYZI;YZZZXIIYXIYZZY;YZZZXIXXYZZXII;YZZZXIXZZYXXII;YZZZXIYZZZXIIZ;YZZZXYZZYXYIII;YZZZYIYXIXZZYI
1097,40,0.09229538285683106,1780.6161465856821,YZZZXIIYYYZZXI;YZZZXIIYZZXIYY;YZZZXIIYZZZZIX;YZZZXIXYYZZYII;YZZZXYXIIIYZZY;YZZZYIIIXZXXZX;YZZZYIIIXZZYXY;YZZZYIYYIXZZXI
1098,26,0.025200250615006768,396.77076152591485,YZZZXIIYZYIXZY;YZZZXIIYZYXZYI;YZZZXIXZZZYIZI;YZZZXXZZXIYXII;YZZZXYYIIYZZXI;YZZZYIIXXXZZXI;YZZZYXXIIXZZXI;IIIIIYYYZZZYXX
1099,33,0.11252510201747486,3447.5569506565366,YZZZXIIYZZXXXI;YZZZXIIYZZXYYI;YZZZXIXYIIXZZX;YZZZXIYYIIXZZY;YZZZXXZXYZXIII;YZZZYIIXZZXXXI;YZZZYIYYIIYZZY;YZZZYYZYXZXIII
1100,27,0.016609157722233203,315.6537205891923,YZZZXIIYZZZXIZ;YZZZXIXZXXZYII;YZZZXIXZZIZZYI;YZZZXIXZZXXYII;YZZZXXZZZIZYII;YZZZXYZIZZZXII;YZZZYIYZXYZXII;YZZZYXIZZZZXII
1101,40,0.05602332894332824,985.8537543636126,YZZZXIXZZYIIYY;YZZZXIXZZYYYII;YZZZXXYIIIYZZY;YZZZXYZYIIIYZX;YZZZXYZZXIXXII;YZZZYIXZZXIYYI;YZZZZIZXIXZZYI;YZZZZXIIXXIXZY
1102,39,0.07057292576053416,769.3869311881261,YZZZXIYZZIZZXI;YZZZXIZIIYZZZX;YZZZXXZZXIIIXY;YZZZXXZZZYIIZI;YZZZYIIIYZZXYX;YZZZYIXZIZZZXI;YZZZYIXZXXZXII;YZZZZYIIYXIXZY
1103,35,0.028997133937258543,681.201367356534,YZZZXIZXZZZYII;YZZZXXYIYZZYII;YZZZXXYXZZXIII;YZZZXXZYIIIXZX;YZZZXYZXIIIYZY;YZZZXYZXIIXZXI;YZZZXYZZYIIYXI;IIIIXYIXZZZYXX
1104,24,0.11056871012410005,1967.6744252973126,YZZZXXXIIIXZZY;YZZZXXXYZZXIII;YZZZXYYIXZZYII;YZZZXYYYZZXIII;YZZZYXYIXZZYII;YZZZYYXYZZXIII;YZZZZIZXIIYZZX;YZZZZIZZYIIXZX
1105,41,0.21319380127112694,1385.2191150917135,YZZZXXZXIIYZXI;YZZZXXZXIYZXII;YZZZXXZZXIIYXI;YZZZXXZZXYXIII;YZZZXYZYIIIXZY;YZZZYIIYXIXZZY;YZZZZIZZXYZXII;YZZZZXIIYXYZYI
1106,25,0.11169817055145884,487.9220329188826,YZZZXXZZYIXXII;YZZZXXZZZYIZII;YZZZXYZXIIYZYI;YZZZXYZYYZXIII;YZZZYIIXZYXZYI;YZZZZIZZZYIXXI;YZZZZXIXXIIYZX;YZZZZYIIIXXXZX
1107,25,3.0097473200606326,51234.255893534886,YZZZXYZYIXZYII;YZZZXYZYIYZXII;YZZZYIIXYIXZZY;YZZZYIIXZXIYZY;YZZZYIIXZYIXZY;YZZZYYXIIIYZZX;YZZZZXIIIYZXYY;YZZZZZIZYXZXII
1108,25,0.3468734893813458,2292.793051049919,YZZZXYZZXIIIYY;YZZZXYZZXIYYII;YZZZYIXYYZZXII;YZZZYIXZZZZIXI;YZZZYIYZZYIXXI;YZZZZIZZXIIXZY;YZZZZYIXYIIXZY;IIXZZZZXIIXZZX
1109,25,0.04191315381850416,834.563036566326,YZZZXYZZXXXIII;YZZZXYZZZXZIII;YZZZYIIIYZYXZX;YZZZYXZYIIYZXI;YZZZYZIIXZZZXI;YZZZZXIIIZYZZX;YZZZZXIXZZZIYI;YZZZZZZXIXYIZI
1110,41,0.019114682139728563,325.4507307450827,YZZZXYZZZXIIIZ;YZZZXYZZZXIIZI;YZZZYIIXZZYIXY;YZZZYIXZZYIIXY;YZZZYZIYZZZYII;YZZZZXIIIYZXXX;YZZZZXXYXZXIII;YZZZZYIXZYIIXY
1111,42,0.023086516941252005,284.8993773097236,YZZZXZIIIXZZZY;YZZZXZIIYZZZXI;YZZZXZIXZZZYII;YZZZYYZXIYZXII;YZZZYYZZYIXXII;YZZZZIZZXXZYII;YZZZZXIIXZYIXX;YZZZZXIYYIIYZX
1112,26,0.023277419551203448,525.7454627157852,YZZZYIIXZYIYZX;YZZZYIIXZZIZZX;YZZZYIIXZZYYXI;YZZZYIXZZYIYXI;YZZZYXXIYZZYII;YZZZZIZZZXYXII;YZZZZXIYZZXZII;YZZZZXYZYXYIII
1113,21,0.02059827541539391,457.82752057350643,YZZZYIIXZZZIZX;YZZZYIXXIXZZXI;YZZZYXZXIIXZXI;YZZZZIZZZYIYYI;YZZZZXIIXZXIYX;YZZZZXIYZZXIIZ;YZZZZYIYZZYIIZ;YZZZZYXZXIYYII
1114,30,0.03929317342117005,636.4256948042159,YZZZYIYZZXIIYX;YZZZYIYZZXXYII;YZZZYYYXZZXIII;YZZZZXIIIXZYXX;YZZZZXIIYXIYZY;YZZZZXIXZXYXII;YZZZZZXIIIZXZY;YZZZZZYIXZZIXI
1115,28,0.02781363011465692,472.932301511313,YZZZYXZYIIIXZY;YZZZYXZYIIXZYI;YZZZZIZZZXIYXI;YZZZZXIIIXYXZX;YZZZZXIIXZXIXY;YZZZZXIZIYZZXI;YZZZZXXZXIIIXY;YZZZZXYYIYZXII
1116,36,0.07106897452654329,1078.8933106297486,YZZZYXZYIXZYII;YZZZYYZXIXZYII;YZZZYYZYIIIXZX;YZZZZIZZYIIYZY;YZZZZXIXXXZYII;YZZZZXIYXIIXZX;YZZZZYIXXIIXZX;YZZZZZXIIIYYXY
1117,36,3.0166789835162438,57477.150888411124,YZZZYYZZXIXYII;YZZZYYZZZYIZII;YZZZZXIIIXZXXY;YZZZZXIIIXZXYX;YZZZZXIIYZYIYX;YZZZZXIXYXZXII;YZZZZXYZZIZXII;YZZZZYXZXXXIII
1118,28,0.06117733118788991,2483.580673533036,YZZZZIYYZZZYII;YZZZZXIIIZXZZY;YZZZZXIIXYXZXI;YZZZZXIIXZXYXI;YZZZZXIXZXIIXY;YZZZZXXZYIIXXI;ZIXZZYIIXZZZZY;ZIYZZZZXIYZZXI
1119,29,0.04647876383729896,771.907386497235,YZZZZIZYXZZXII;YZZZZXIIIYZYXY;YZZZZXIIYYIXZY;YZZZZXIIYYYZXI;YZZZZXIYZZIZXI;YZZZZZXYZIZXII;YZZZZZZZIYIIYY;IIIIIYYXZZZZXZ
1120,18,0.0922638334982455,1086.0703410469935,YZZZZXIIXYIXZX;YZZZZXIIXYYZYI;YZZZZXIIZIYZZX;YZZZZXIYZXXXII;YZZZZXIZIIXZZY;YZZZZXXZYIIIXX;YZZZZXYXIIXZXI;ZIIYZXIXZZZZZY
1121,26,0.03208418699726031,1174.77091304005,YZZZZXIIXZXXYI;YZZZZXIIYIZZZX;YZZZZXIIYZXIXX;YZZZZXXYIIXZXI;YZZZZXXYIIYZYI;YZZZZYXXIIIXZX;YZZZZYYYIIIXZX;YZZZZYZIYZZYII
1122,24,0.0922638334982455,1076.192616572938,YZZZZXIIZIXZZY;YZZZZXIIZYZZXI;YZZZZXIXYIXZXI;YZZZZXIXZXIIYX;YZZZZXXXIXZYII;YZZZZXZIIXZZYI;YZZZZXZYZZXIII;YZZZZZZIXXZYII
1123,31,0.034078571552446084,593.5262049744342,YZZZZXIXYIIXZX;YZZZZXIYYXZYII;YZZZZXIYZYIIXY;YZZZZXIYZYIYXI;YZZZZYIIIYZYYY;YZZZZYIIXZXIYY;ZYZZZYIIIXZZZX;IIIIIXYXZZZZYZ
1124,33,0.030769954387165614,640.9998463272098,YZZZZXIXZIZZYI;YZZZZXIXZYXXII;YZZZZXXXIIYZXI;YZZZZXYYIIXZYI;YZZZZXYYIXZYII;YZZZZYIXZZXIIZ;YZZZZYIYZXXYII;YZZZZYYXIXZYII
1125,31,0.0922669556779044,1032.421569495689,YZZZZXIYZXYYII;YZZZZXIYZZZIXI;YZZZZXZIIIXZZY;YZZZZYIIIYZXXY;YZZZZYIXZXIIYY;YZZZZYXZZXIIZI;YZZZZZXYYIIYXI;YZZZZZZXYXZIII
1126,29,0.03286503313589242,560.3517702776678,YZZZZXIYZYIIYX;YZZZZXIZIXZZYI;YZZZZXXZXIYXII;YZZZZXXZZZIYII;YZZZZXYZXIYYII;YZZZZXYZZZIXII;YZZZZYIIIZYZZY;YZZZZYIXXIXZXI
1127,34,0.0233801047407887,370.9437429247545,YZZZZXIZYZZXII;YZZZZXXXIIIYZX;YZZZZXXYIXZXII;YZZZZXYZZXIIZI;YZZZZYIIXZYYXI;YZZZZZXIXZYZII;YZZZZZZYIIIXXZ;YZZZZZZYIYYIIZ
1128,22,0.023476622839052146,187.1598054818161,YZZZZXXZYIIYYI;YZZZZXXZYXXIII;YZZZZXYZXIIIYY;YZZZZYIIXXXZXI;YZZZZYIIXYYZXI;YZZZZZXIIIZYZX;YZZZZZZXYIZXII;IIIIXZZXIYYXZX
1129,18,0.3674442716446189,384.801902752215,YZZZZXYYYZXIII;YZZZZXZIYZZXII;YZZZZYIIYYIXZX;YZZZZYIIYYXZXI;YZZZZYIYZXYXII;YZZZZYIZXZZXII;ZIIXZZZXYZZZYI;IIXZZZZZZYXYII
1130,28,0.041600421355302855,786.4030073491779,YZZZZYIIIXYXZY;YZZZZYIIIXZXYY;YZZZZYIIIXZYYX;YZZZZYIIIYZXYX;YZZZZYIXXIYZYI;YZZZZYIYIZZZYI;YZZZZYYXYZXIII;YZZZZZYIXZXIIZ
1131,40,0.0922638334982455,1469.6524263663416,YZZZZYIIXYIXZY;YZZZZYIIXZYIXY;YZZZZYIIYXYZXI;YZZZZYIIZIYZZY;YZZZZYIYYIIYZY;YZZZZYIYZXIYXI;YZZZZYXYIXZYII;YZZZZYYXIIIYZX
1132,25,0.02647664110919556,381.0108114168101,YZZZZYIIYZXIYX;YZZZZYIXZYXYII;YZZZZYIYXIIYZX;YZZZZYXXIIIYZY;YZZZZYYZZIZYII;YZZZZZZXXYIIZI;ZIYXIXZZZZZZYI;IIIIXZIZZZYXZY
1133,39,0.07711232261648675,1356.2184120358293,YZZZZYIXXIIYZY;YZZZZYIXXYZYII;YZZZZYIYXIIXZY;YZZZZYIYYYZYII;YZZZZZIZZXIIXY;YZZZZZYIIYYIYY;ZYZZZYXZZZXIII;ZYZZZYYZZZYIII
1134,31,0.054964073241255636,999.9333538882576,YZZZZYIXZXIIXX;YZZZZYIXZXIXXI;YZZZZYIYZXIXYI;YZZZZYYZXIYXII;YZZZZZIZXYZXII;YZZZZZYIXXXXII;YZZZZZZXIIIZXY;YZZZZZZYIIIYYZ
1135,28,0.1463966825508606,5941.318373722111,YZZZZYIXZXYYII;YZZZZYIXZYYXII;YZZZZYIYZYIYYI;YZZZZYIYZYYYII;YZZZZZYIIZXZXI;ZIIIXYXZZZZZZY;ZIXZZZZZZIZZXI;ZXZZYXZZZZYIII
1136,18,0.038305452332226576,741.8571908635502,YZZZZYIYZXIIXY;YZZZZYIYZYIIYY;YZZZZYIYZZYIZI;YZZZZZIZZXIYXI;YZZZZZIZZYIIYY;YZZZZZYYIZZYII;ZIIIYZXYZZZZZX;IIIIXZIYYZZZZX
1137,39,0.0723781128826759,1756.8112036672023,YZZZZYIYZZIZYI;YZZZZYIZIIYZZY;YZZZZYXZXIIXXI;YZZZZYYYIIIYZY;YZZZZYYYIIYZYI;YZZZZZXYXIIXXI;YZZZZZYZIIIYZY;ZIXZZYXZZZZYII
1138,32,0.026623934757677027,575.1788371249967,YZZZZYXXIYZYII;YZZZZYYYIIXZXI;YZZZZZXIIXYXXI;YZZZZZXIZYZXII;YZZZZZYIIIZYZY;YZZZZZZYXIZXII;IIIIIXZYYXYZZY;IIIIIXZZZZYXYZ
1139,23,0.03851513542297692,1111.6332310262937,YZZZZYXZXIIIXX;YZZZZYYZYIIIXX;YZZZZYYZYYYIII;YZZZZZIZZYIXXI;YZZZZZXIYYIYXI;YZZZZZZIZXIIYX;YZZZZZZXIIZIYX;ZXXIIXZZZZZZXI
1140,31,2.969319245867469,39660.36391003702,YZZZZYYZZYIIIZ;YZZZZYYZZYIZII;YZZZZZXYZXIIIZ;YZZZZZYIIIXYYX;YZZZZZYIIIYYXX;YZZZZZYIIZYZYI;XZZZZZYIIIYZXI;IIIIIXZZZXXXXX
1141,19,0.0922638334982455,859.1952651046313,YZZZZYYZZZIYII;YZZZZZIZZYYYII;YZZZZZXIIYXXXI;YZZZZZXXYIIYYI;YZZZZZXZIIIYZX;YZZZZZZXIIYXIZ;ZIYZZZZXXZZYII;ZXZZZZZYYZXIII
1142,20,0.3137127254842758,1137.8150129071678,YZZZZZIZZXYXII;YZZZZZIZZYXXII;YZZZZZXIIXXYXI;YZZZZZXXIZZYII;YZZZZZXZIIIXZY;YZZZZZYYXYXIII;ZIIIXZXYZZZZZY;IIIIIZXZZXXZZX
1143,24,0.03939667705683236,596.1469305738931,YZZZZZXIIIXXXY;YZZZZZXIIIXYXX;YZZZZZXIIZYZXI;YZZZZZXXYXXIII;YZZZZZYYZYIZII;YZZZZZZXIYIZXI;ZIIIYZZZZZXXZY;ZYZZZZZZXXYIII
1144,28,0.2548264249747404,4569.559080023923,YZZZZZXIIXXIXY;YZZZZZXIXYIIYY;YZZZZZXIXYIYYI;YZZZZZZXIIZIXY;YZZZZZZXIIZYXI;ZIIIYZZZZYXZZX;ZIIXZZZZZXIYZY;IYZZZIZZZZZYII
1145,26,0.04590144475670106,1034.1262589943042,YZZZZZXXXIIYXI;YZZZZZXXYIIIYY;YZZZZZXXYIXXII;YZZZZZYIIXZXIZ;YZZZZZZIZYYYII;ZIIXZZZYIYZZZX;ZIXZXIIXZZZZZX;IIIIIXZXXYXZZY
1146,38,0.04110772951044636,981.8035961716486,YZZZZZXXZYIIIZ;YZZZZZXZIXZYII;YZZZZZZIZXIXYI;YZZZZZZIZYIIXX;ZIIXZXIYZZZZZY;ZIXZZZXIYZZZYI;ZIYZYIIYZZZZZY;ZXZZXIIXZZZZXI
1147,21,0.027395909150047033,538.0670679469797,YZZZZZYIIYXIYX;YZZZZZYIIYZZIY;YZZZZZYZIXZXII;YZZZZZZIXYZXII;YZZZZZZXIIZXYI;ZIXZZYIYZZZZXI;ZIYZZXIYZZZZXI;ZXZZYIIYZZZZXI
1148,19,0.040228144524721746,923.1011863148749,YZZZZZYIXYIXYI;YZZZZZYYXIIXYI;YZZZZZZIZYIIYY;YZZZZZZIZYXXII;YZZZZZZXIZIYXI;ZIIIXZZXXZZZZX;ZIYZZZZYIYZZYI;IIIIYZZXXZYXXI
1149,31,3.0360983812143583,38871.97244695223,YZZZZZYIYYIIYY;YZZZZZZIYXZXII;YZZZZZZXIIYZIX;YZZZZZZXIXYZII;YZZZZZZXIYXIIZ;YZZZZZZZIXIXYI;IYZZZZXIIIYZZX;IIIIIXZZYZXZZY
1150,22,0.09227225593051201,2090.014591568605,YZZZZZYXXIYYII;YZZZZZZXIZYXII;YZZZZZZXXIZYII;YZZZZZZYIZYYII;ZIIYZZZIZZZZZY;ZIXZZZYIIYZZZX;IXZZYXZZZZYIII;IYZZZYYZZZYIII
1151,46,3.0524528981858303,49426.61604784304,YZZZZZZXIYXZII;YZZZZZZXZIYXII;YZZZZZZYIIXXIZ;YZZZZZZYIIXXZI;YZZZZZZYIXXIIZ;ZIXZZZZYXZZYII;XZZZZZZYIIYXII;XZZZZZZYIXYIII
1152,25,0.07033131423005004,1280.2482907860717,YZZZZZZXIZIIXY;YZZZZZZXIZIIYX;ZIIXZZZZZZXIXX;ZIIXZZZZZZXIYY;ZIIYZZZZZZYIXX;ZIIYZZZZZZYIYY;ZIXZZZYYZZZXII;ZIXZZZZZYYZXII
1153,29,0.03837305711767483,774.1033734656461,YZZZZZZYIYZIYI;YZZZZZZYIZIXXI;ZIIIXZZYXZZZZY;ZIIIXZZZZZYXZY;ZIIYZZZXIYZZZX;ZIXZZZZYIIXZZY;ZIYZZZXIIYZZZX;IIIIIXZZXYZXYX
1154,18,0.2541472035825517,3447.2913330881174,YZZZZZZZIYIYYI;ZIIIXZZZZYXZZY;ZIIIXZZZZYYZZX;ZIIXZYXZZZZZYI;ZIIYZXXZZZZZYI;ZIXZZZXIXZZZXI;ZYZYIXZZZZZXII;IIIYZXYZZZZZXI
1155,49,0.27839224995917916,3758.493432274059,ZIIIYZZXYZZZZX;ZIIIYZZYYZZZZY;ZIIXZZZYIXZZZY;ZIIYZZZYIYZZZY;ZIXZYIIXZZZZZY;ZIXZYIIYZZZZZX;ZIXZYXZZZZZYII;ZIYZZZXIXZZZYI
1156,56,0.14242304589922483,3220.1842166827755,ZIIIYZZZYYZZZY;ZIIXYIYZZZZZZX;ZIIXZIZZZZZZZX;ZIIXZZYIYZZZZX;ZIYZZZZXIXZZYI;ZIYZZZZZZYIXXI;ZIYZZZZZZYXXII;ZXZZZZZXIIYZYI
1157,32,0.24881787980095044,885.7234785575168,ZIIXZZXIXZZZZX;ZIIXZZZZXIXZZX;ZIIXZZZZYIXZZY;ZIIYZZXIYZZZZX;ZIIYZZZZXIXZZY;ZIIYZZZZYIXZZX;ZIXZXYZZZZZYII;ZIXZZZYXZZZYII
1158,67,0.05982054457173412,336.9377109886022,ZIIXZZZZZIZZZX;ZIIXZZZZZXXZXI;ZIIYXIXZZZZZZY;ZIIYZZZZZZXIXY;ZIXZZXYZZZZYII;ZIXZZZXIIXZZZX;ZIYZYYZZZZZYII;ZXZZZXIYZZZYII
1159,42,2.8664844422935634,41209.6276308799,ZIIXZZZZZYIXZY;ZIIYZZZXIXZZZY;ZIIYZZZZZYIXZX;ZIXZZYIXZZZZYI;ZIXZZZZZZXIYYI;ZIYZYIXZZZZZXI;ZIYZZYIXZZZZXI;ZYZYIIIYZZZZZY
1160,59,0.04992931805198986,832.1709574127783,ZIIXZZZZZZXYYI;ZIIYZZYIYZZZZY;ZIYZZYIIYZZZZY;ZXYIIIYZZZZZZX;ZXZZXIIIXZZZZX;ZYXIIIXZZZZZZY;ZYZZYIIIYZZZZY;IIIYZZYIYZZZZY
1161,25,2.7664295148741496,44718.37785720594,ZIIYZZZYYZZZYI;ZIIYZZZZXIYZZX;ZIXYIIXZZZZZZY;ZIXZZZXIIYZZZY;ZIYZZZZZYXZXII;ZXZZYIIXZZZZYI;ZYZYIIXZZZZZXI;IIYZZZZZZZYZII
1162,50,0.33069529577911416,3701.739958269469,ZIIYZZZZZZXIYX;ZIXZZZZZZXXXII;ZIYZZZXXZZZYII;ZXZXIIXZZZZZXI;ZXZYIIXZZZZZYI;ZXZZZZYIIIYZZX;ZYZZZXIIIXZZZY;IIIYYXZZZZZZXI
1163,39,0.0942563492052328,1367.975262333112,ZIXYIIYZZZZZZX;ZIXZZYIIYZZZZX;ZXZYIIYZZZZZXI;ZXZZZXIIXZZZXI;ZXZZZYIIYZZZXI;ZXZZZZZYIIYZXI;ZYYIIIXZZZZZZX;ZYZZXIXZZZZYII
1164,48,0.09247315212368877,796.2441919393913,ZIXZZZZZZXYYII;ZIYZZYXZZZZXII;ZXXIIIXZZZZZZX;ZXZZYIIIYZZZZX;ZYZZZXIIXZZZYI;IIIXXIYZZZZZZY;IYZZZZZZZYIIZI;IIIIIXYZYZZZZX
1165,21,0.2553387955815371,3430.9224250872576,ZIYZZZZYIIXZZX;ZIYZZZZZZXIIYX;ZXYIIIXZZZZZZY;ZXZZXIIIYZZZZY;ZXZZYIIIXZZZZY;ZXZZZZXIIIYZZY;ZYZZZXIYZZZXII;IIIXZZZYIYZZZX
1166,32,0.07205101535544463,643.9053378762351,ZIYZZZZZXYZXII;ZXZYIIIXZZZZZY;ZXZYIXZZZZZYII;ZXZYXZZZZZYIII;ZYZZYYZZZZYIII;IIIYZZZZXYZZXI;IIIIIXZZYXZYXX;IIIIXZXYYIXZZX
1167,39,2.7858248105870476,40020.18498488306,ZXZYIYZZZZZXII;ZXZZYYZZZZXIII;ZXZZZXIIIYZZZY;ZYXIIIYZZZZZZX;ZYZZXIIIYZZZZX;ZYZZZZZZYIIIXX;IIIYZYXZZZZZXI;IIIYZZZZZZYXXI
1168,36,0.23854586770945796,2984.2191635269296,ZXZZXXZZZZXIII;ZXZZZYIIXZZZYI;ZXZZZYIXZZZYII;ZXZZZYXZZZYIII;ZYZZZXIIYZZZXI;IIIXZZZZYXZZYI;IIIIIYXXZZZYYY;IIIIIYXYZZZXYY
1169,29,0.09227334740977837,888.3200020709568,ZXZZYIXZZZZYII;ZXZZZZIZZZZXII;ZXZZZZXIYZZYII;ZYXXZZZZZZYIII;ZYZZXXZZZZYIII;IIXZZXIYZZZZYI;IIIIIYZZYYZZYZ;IIIIXXXZZZXYYI
1170,43,0.07614606551477023,834.138889854231,ZXZZZYYZZZXIII;ZXZZZZXIIXZZXI;ZXZZZZXIXZZXII;ZXZZZZXYZZYIII;ZYZZZZYIXZZXII;IYZZZZYIXZZXII;IIIIIYZXYXXZZX;IIIIIYZZYYZXXY
1171,41,0.2548062051029476,3428.836636528273,ZXZZZZYIIIXZZY;ZXZZZZYYZZXIII;ZXZZZZZXYZYIII;ZYZZYIIIXZZZZX;ZYZZZYIIXZZZXI;IIIIIXZYXZZYXX;IIIIIYZZXZXZZY;IIIIXZZYXZZYZI
1172,58,2.7815539175197497,36116.42897179065,ZXZZZZZXIXZXII;ZXZZZZZYIIIYZX;ZXZZZZZZXIIYYI;ZXZZZZZZYIIYXI;ZYZZZYIIYZZZYI;IXZZZZZYIIIYZX;IYZZZYIIYZZZYI;IIIIIYXYZYXZZY
1173,35,0.2821554887371073,6286.651278085197,ZXZZZZZYIIIXZY;ZXZZZZZYXZYIII;ZYZZZZXIIIYZZX;ZYZZZZZXYZXIII;ZYZZZZZZXIIIYX;IIIXZYXZZZZZYI;IIIIIXYXZXXZZY;IIIIXIZZZZZYXY
1174,35,2.5247408890427314,31868.507524409273,ZXZZZZZZXIYYII;ZXZZZZZZXYYIII;ZXZZZZZZYIXYII;ZYZZZZZYIXZXII;IIIXZZZZZZZZIX;IIYZZZYXZZZXII;IXZZZZZZYIXYII;IIIIIYXYZZZZXZ
1175,30,0.184527666996491,3788.577992568261,IIIXZZZZZZZXIZ;IIIYZZYXZZZZXI;IXZZXIIYZZZZYI;XZZYIIIIXZZZZY;YYIIIYZZZZZZYI;IIIIIYZXXZZZYZ;IIIIXYXZZYXZXI;IIIIXZXXZZXXXI
1176,31,6.072196762428717,89204.06612506731,IXZZZZXIIIXZZX;IYZZZZXIIIXZZY;IYZZZZZZYIIIYY;XZZXIXZZZZXIII;YZXIIYZZZZZXII;IIIIXYXZZZXXYI;IIIIXZXYZXXZYI;IIIIYYXZZXYZYI
1177,25,3.0566691634776317,68294.28394101174,IYZZXIYZZZZXII;IYZZZZZZXIYXII;XZZZZYIIIIXZZY;XZZZZZZXIIIIYY;YZZZYIIIIXZZZX;IIIIIXZYXZZYYY;IIIIXZZIZYXZZY;IIIIXZZYZIYZZX
1178,40,0.09233543240268693,2530.0191783746727,XYIIYZZZZZZXII;XZZZXIIIXZZZXI;YZYIIIIYZZZZZY;IIIIIXXYZXXZZY;IIIIIXXYZYYZZY;IIIIIXYYZXYZZY;IIIIIXYYZYXZZY;IIIIIYXXZYXZZX
1179,33,3.009747915152905,67197.0024910734,YZXIYZZZZZXIII;YZZZXIIIIYZZZX;YZZZZXIIIIYZZX;IIIIIXXXZZZXYY;IIIIIXXYZZZYYY;IIIIIXYYZZYXZY;IIIIIXZYXZZXXY;IIIIXYXZXIXZZY
1180,27,0.0705713664955915,1287.0600969269344,YZZYIYZZZZYIII;IIIIIXXXZXYZZY;IIIIIXXYZZZXYX;IIIIIXYXZZZYXX;IIIIIXZYYZXYZY;IIIIIYYYZYXZZX;IIIIIYZXXZYXZX;IIIIXYXZZZZYIZ
1181,49,2.7643918618764767,39465.87801724008,YZZZYXZZZXIIII;YZZZZYIIXZZXII;IIIIIXZXXXYZZY;IIIIIXZYXXXZZY;IIIIIXZZZXZYZY;IIIIIYZZXXZYXX;IIIIIYZZYXZXYY;IIIIXYIXZZYYZY
1182,23,0.027063085254087356,477.75481960119276,YZZZZZYIIIIYZY;IIIIIXXXZZXYZY;IIIIIXYXZYYZZY;IIIIIXZXYXYZZX;IIIIIXZYXZYXZX;IIIIIXZYYXXZZX;IIIIIXZZZXZXZX;IIIIXZZXYZYXXI
1183,31,3.043026310293834,49276.02614777766,YZZZZZZYIIYYII;IIIIIXYXZZYXZX;IIIIIXYYZXXZZX;IIIIIXZXYXXZZY;IIIIIXZZXXZXXX;IIIIIXZZYXZZYZ;IIIIIZXZYXZZZY;IIIIXXXZZZZZIX
1184,29,0.03811375782663539,356.6457404745945,IIIIIXXZXZZZZX;IIIIIXZXXYYZZX;IIIIIXZXYYYZZY;IIIIIYYXXXZZZX;IIIIIYYYXYZZZX;IIIIXXXZZZYXYI;IIIIXXXZZZYYXI;IIIIXZYIYZZXYY
1185,30,0.0923014049810227,1173.6200141057175,IIIIIXZYXYYZZY;IIIIIXZYXZYYZY;IIIIIXZYXZZZYZ;IIIIIXZZXYZYYY;IIIIIYZXXZXYZX;IIIIIYZYYZYYZY;IIIIIYZYYZZZYZ;IIIIIZYZZYYZZY
1186,37,0.026986053566271054,420.58637600435117,IIIIIXZYYZZZXZ;IIIIIXZYZXZZZY;IIIIIXZZZZXXXZ;IIIIIYYYZZZXYX;IIIIIYZYYZZXYX;IIIIIYZZZXXXYX;IIIIIYZZZZXZYX;IIIIIZXXXZZZZX
1187,15,0.047385832614419525,611.6797449660297,IIIIIXZZXXXYZY;IIIIIXZZXYZXXY;IIIIIXZZZYZXZY;IIIIIYZZZXZYZX;IIIIIYZZZYXXXX;IIIIIYZZZYXYXY;IIIIIYZZZYZXZX;IIIIXZZZXIXZXZ
1188,42,0.02072987985912154,370.9548964854571,IIIIIXZZXZXZZX;IIIIIXZZZXXYYX;IIIIIXZZZYYYXY;IIIIIYXXZZZXXY;IIIIIYYXYYZZZX;IIIIIYZXZXZZZY;IIIIIYZZZZYYYZ;IIIIXZZXYYIYZY
1189,16,0.014762798423245975,377.3246825542246,IIIIIXZZYXZXYX;IIIIIYYXZZZXYY;IIIIIYZXYZZXYY;IIIIIYZXYZZYYX;IIIIIYZZYXYYZX;IIIIIYZZYXZYYX;IIIIYZYXZXYZYI;IIIIYZZZZZYIZZ
1190,33,0.029444130701093384,163.091318781541,IIIIIXZZZYXYYY;IIIIIXZZZZXZYY;IIIIIYZXYZZZXZ;IIIIIYZZXYZYYX;IIIIIYZZZZXZXY;IIIIIZXXYZZZZY;IIIIXIZZZZYYZX;IIIIXXYYYZZZYI
1191,39,0.02427960534319536,415.2971288975796,IIIIIYXXZZZZYZ;IIIIIYZXXZXXZY;IIIIIYZXYZXXZX;IIIIIYZYYZZYXX;IIIIIYZZXYZXYY;IIIIXIZZYYZZZX;IIIIYYXZZXXZXI;IIIIYZXIXZYXZX
1192,41,0.04425655653155009,293.37042242178853,IIIIIYXYZXXZZX;IIIIIYZYYZXYZX;IIIIIYZZXYYYZX;IIIIIZYZXXZZZY;IIIIXIZZZXXZZX;IIIIXXIYXXZZZY;IIIIXXYZIZZZZY;IIIIXYXZZZZZIY
1193,33,0.03776484645612708,120.62755688219846,IIIIIYZXXZZXYX;IIIIIYZXXZZYXX;IIIIIYZYXZZXYY;IIIIIYZZZZXYXZ;IIIIIZXYYZZZZX;IIIIXXIXYXZZZY;IIIIXYIYZYYZZX;IIIIXZXYZZZIZY
1194,27,0.011654044213260304,203.22614628106746,IIIIIYZYXZYYZX;IIIIIZXZZZYXZY;IIIIIZXZZZYYZX;IIIIXXIYZZZYXX;IIIIXZXYZXYZXI;IIIIXZZXIXZYXY;IIIIYXIYZZXXZX;IIIIYYZYZZZZYI
1195,26,0.03206508855757538,95.39215416731494,IIIIIYZZYYZYXX;IIIIIYZZZXYXXX;IIIIIZYXYZZZZX;IIIIXXIXZZZZXZ;IIIIXYIXZZZZYZ;IIIIXYXZZZYIXX;IIIIXZZXIYXYZX;IIIIXZZXXYIYZX
1196,32,0.02041620884091591,252.66302656059543,IIIIIZYXXZZZZY;IIIIIZYYYZZZZY;IIIIIZYZZXXZZY;IIIIXIZZZZZXXX;IIIIXXXZZZXIYY;IIIIXXXZZZZXIZ;IIIIXYYZZZXIXX;IIIIXZIZZZZXYY
1197,14,0.011093652504863117,142.65342661415988,IIIIIZYZXYZZZX;IIIIIZYZYXZZZX;IIIIIZYZYYZZZY;IIIIXXYZZZXXYI;IIIIXXYZZZXYXI;IIIIXZYXZZXXYI;IIIIXZYXZZYXXI;IIIIXZZZYYIZZX
1198,33,0.07107397394476048,974.1630573408853,IIIIIZYZZZYXZX;IIIIXIZZZXYZZY;IIIIXXIYZXYZZX;IIIIXXIYZZXXZY;IIIIXXYZYXZZXI;IIIIXYYXYZZZYI;IIIIXZXXZZZXIZ;IIIIXZZXIZXZZX
1199,38,0.02674664192599594,218.28192845534812,IIIIIZYZZZZYXX;IIIIXIZZZYXZZY;IIIIXXIXZZYXZY;IIIIXXXZIZZZZX;IIIIXXXZXYZZYI;IIIIXYIXZXYZZX;IIIIXYYZZXIXZX;IIIIXZZZZIXXZX
1200,24,0.01987179215676589,247.08621550773162,IIIIXXIXZXYZZY;IIIIXXIXZZXXZX;IIIIXXXYIYZZZX;IIIIXXXZZXIYZY;IIIIXZYXZYIXZX;IIIIXZZYIXXXZY;IIIIXZZYXZYYYI;IIIIXZZZXYZYZI
1201,29,0.10806474898116131,878.9598805595057,IIIIXXIYZYXZZX;IIIIXXIZXZZZZX;IIIIXXXZXIYZZY;IIIIXXXZZXYZYI;IIIIXXXZZZXXXI;IIIIXXYZYIXZZX;IIIIXZXXYIYZZX;IIIIXZYIZXZZZY
1202,25,0.023039828509479346,259.95001127994686,IIIIXXIYZZZYYY;IIIIXXXZXIXZZX;IIIIXXYZYYZZYI;IIIIXXYZZZZYZI;IIIIXYYZXIYZZY;IIIIXZXIZYZZZY;IIIIXZYXZXYZXI;IIIIXZZXZYZZYI
1203,36,0.014999993458497354,275.2216524251953,IIIIXXXZXXZZXI;IIIIXXXZZZZXZI;IIIIXXYXIYZZZX;IIIIXYXIZZZZZY;IIIIXYYZYXZZYI;IIIIXYZIXZZZZY;IIIIXZYYYIXZZY;IIIIXZZXXYXZYI
1204,26,0.043747760460752266,301.86852012737035,IIIIXXXZZXIXZX;IIIIXXXZZZIZZX;IIIIXYIXZXXZZY;IIIIXYIYXXZZZX;IIIIXYXZZZIZZY;IIIIXYYZIZZZZX;IIIIXZYZXZZZYI;IIIIXZZXXXYZYI
1205,33,0.029700000989698952,244.81298999324943,IIIIXXYZXYZZXI;IIIIXXYZZXIYZX;IIIIXYXZZXXZYI;IIIIXYYZZYIXZY;IIIIXYYZZZYIXY;IIIIXZXIXZYXZY;IIIIYXIZYZZZZX;IIIIZYZZZZXXYI
1206,35,0.03126307225127767,202.4180138827319,IIIIXXYZZXYZXI;IIIIXYIYXYZZZY;IIIIXYIYZXXZZX;IIIIXYXZZZZYZI;IIIIXZIZZYXZZY;IIIIXZXXZZYIXY;IIIIXZZXXZYIYX;IIIIYXXZYXZZXI
1207,30,0.051857796692331905,567.3676268602127,IIIIXXZYZZZZYI;IIIIXYXZZYIYZY;IIIIXYYZXIXZZX;IIIIXYYZYIYZZX;IIIIXZXIYXXZZY;IIIIXZZXIYZXYX;IIIIXZZZZXIZXX;IIIXXIXZZZZXZI
1208,40,0.035220515206192404,527.7783465949144,IIIIXYIXZZYXZX;IIIIXYXZZZYXXI;IIIIXYYXIYZZZY;IIIIXYYZXYZZYI;IIIIXZIZZYYZZX;IIIIXZYYZZXIXX;IIIIXZZYIYYYZX;IIIIXZZZZYIZXY
1209,35,0.027460184839501384,179.6595448533145,IIIIXYXZZZXIYX;IIIIXYYZZXIYZY;IIIIXZXIXZZXYY;IIIIXZXYZYIXZX;IIIIXZXYZZXXYI;IIIIXZXYZZYIXX;IIIIXZYIYZYXZY;IIIIXZZXIXYYZX
1210,20,0.029085272037321697,59.396326723868064,IIIIXYYZZYYZXI;IIIIXYYZZZIZZX;IIIIXYYZZZZZIX;IIIIXZYXZZXIXY;IIIIXZYXZZYIYY;IIIIXZYYZZXYYI;IIIIXZZIXXZZZX;IIIIXZZZYZXZYI
1211,27,0.017777639415014795,234.2681574247307,IIIIXYYZZZYIYX;IIIIXZIZZZYYZX;IIIIXZXYXXZZYI;IIIIXZXYYYZZYI;IIIIXZXYZIZZZY;IIIIXZYYZZZIZX;IIIIXZZZYYXIXX;IIIIXZZZZIYXZY
1212,31,0.051896920225784786,1098.4362859970104,IIIIXZIZYYZZZX;IIIIXZXIXZXXZX;IIIIXZXIYZZXXY;IIIIXZYYZZYXYI;IIIIXZZIYXZZZY;IIIIXZZYYZYIYX;IIIIYYIXZZZXYY;IIIXZXXZZXYYII
1213,24,0.036349239428662514,659.5066408975435,IIIIXZXIZXZZZX;IIIIXZXYZZYIYY;IIIIXZYXYIYZZY;IIIIXZZYXXIXZY;IIIIXZZZIZYYZX;IIIIXZZZZYZXYI;IIIIYYIYZYXZZX;IIIIZYZXXZZZYI
1214,30,0.051735903791366646,2857.6873075507665,IIIIXZXXYIXZZY;IIIIXZYIXZYYZY;IIIIXZYYZXIYZY;IIIIXZZXIYXXZY;IIIIXZZXXZXXXI;IIIIXZZXYZYIXX;IIIIXZZZXIYYYY;IIIIXZZZYIZXZY
1215,23,0.013732094556715134,225.6909587490121,IIIIXZYIXZYXZX;IIIIXZYIXZZZYZ;IIIIXZYIZYZZZX;IIIIXZYYZYYZXI;IIIIXZZXYXIYZX;IIIIXZZXYZYYYI;IIIIXZZYYYIXZY;IIIYYYYXZZZXII
1216,26,0.2548264249747404,3812.021675627311,IIIIXZYIYZXXZX;IIIIXZYXZYXZXI;IIIIXZYYIZZZZX;IIIIXZZIYYZZZX;IIIIYIZZZZXXZY;IIIIYZXXZIZZZY;IIIIYZXYZZXIXX;IIIIZIYYYZZZZY
1217,21,0.012712467628525948,200.91969732746426,IIIIXZYXZZYIXX;IIIIXZZIZZXYZY;IIIIXZZXYYIXZX;IIIIXZZYIXZYXX;IIIIXZZZYXYIYY;IIIIXZZZYXZYIZ;IIIIYIZZZYXZZX;IIIIYYYZYIYZZY
1218,29,0.08557403086386474,1082.3391308066837,IIIIXZYXZZZIZY;IIIIXZYYZZZXIZ;IIIIXZZIZZZXYY;IIIIXZZYIXZYYY;IIIIXZZYXZYIXX;IIIIXZZZXXXYYI;IIIIXZZZYXYYYI;IIIIXZZZZIZYYX
1219,26,0.03128968802668253,183.05247745628637,IIIIXZZIZZYXZY;IIIIXZZXXYIXZY;IIIIXZZXXZYIXY;IIIIXZZYXXIYZX;IIIIYZIZZXYZZX;IIIIYZXXIZZZZY;IIIIYZYIYZXYZX;IIIIYZZXIYZXYY
1220,25,0.01651046466096978,298.91302128372047,IIIIXZZXXZXIXX;IIIIXZZXZIXZZX;IIIIXZZYIYZZXZ;IIIIXZZYXIZZZY;IIIIXZZZYIXYXX;IIIIXZZZYIZYZX;IIIIXZZZZYXYZI;IIIIYZZZZZIXYX
1221,21,0.021093405551086006,168.9891279008369,IIIIXZZXYZIZZY;IIIIXZZXYZZYIZ;IIIIXZZYIXZXXY;IIIIXZZYIYZXYY;IIIIXZZYXZZZIY;IIIIYXXZXIYZZX;IIIIYXYZXIXZZX;IIIIYYYZXIYZZX
1222,22,0.023985824937146596,181.75444663752762,IIIIXZZYIYZYXY;IIIIXZZYXXXZYI;IIIIXZZZXIZXZX;IIIIXZZZXIZYZY;IIIIYZIZZZXXZY;IIIIYZIZZZXYZX;IIIIYZYIYZZXYX;IIIXYYZZYIXZYI
1223,22,0.34687348938134577,447.2652336551408,IIIIXZZYXYIXZX;IIIIXZZYXZZIZY;IIIIXZZZIYYZZX;IIIIXZZZXXXIYY;IIIIXZZZYIXXXY;IIIIYXIYYXZZZY;IIIIYXIYZZZXYY;IIIIYXXZZXXZYI
1224,37,0.09034705518066499,1634.597023876974,IIIIXZZYYZZXIZ;IIIIXZZYYZZZIX;IIIIYIZZZZYYZY;IIIIYXIXYXZZZX;IIIIYXIXZXYZZX;IIIIYXYIZZZZZX;IIIIYZXYXIXZZX;IIIIYZYIYZYXZX
1225,26,0.03605618892190559,169.67951377087715,IIIIXZZYZIXZZY;IIIIXZZZIZZYXY;IIIIXZZZYXXIYX;IIIIXZZZZXXIZX;IIIIXZZZZXXXZI;IIIIYZYIYYYZZY;IIIIYZYYYIYZZY;IIIXZXIIYYYZZY
1226,24,0.013141996061131717,144.27849855109815,IIIIXZZZXYZYIZ;IIIIXZZZZXIZYY;IIIIXZZZZZIXYY;IIIIYIZZZXXZZY;IIIIYXYYXZZZYI;IIIIYYIXZXYZZY;IIIIYYXZZZZXZI;IIIIYZZYIYXYZX
1227,27,0.02393335877065138,123.22372638760804,IIIIXZZZYYYIYX;IIIIXZZZZYXIZY;IIIIYIZZZYYZZY;IIIIYXXXIYZZZX;IIIIYXYYIXZZZY;IIIIYYXYIXZZZY;IIIIYZZXZIXZZY;IIIIYZZYXZXIXX
1228,28,0.04335210591371034,285.1160268808455,IIIIXZZZZXYYIZ;IIIIXZZZZYXYIZ;IIIIXZZZZYYXZI;IIIIYXXZZYXZXI;IIIIYYIXZXXZZX;IIIIYYIXZYYZZX;IIIIYYIYZYYZZY;IIIIYZZZZXXYIZ
1229,28,0.022649967104006866,121.95322370357643,IIIIXZZZZZIYYX;IIIIYIZZZZZYXX;IIIIYXXZZZYIYY;IIIIYXYZZXIXZX;IIIIYYYZZYIYZY;IIIIYYYZZZZYIZ;IIIIYZZZZXIXYZ;IIIXZYYXIYZZYI
1230,25,0.03281855198001138,332.3702877541519,IIIIYXIXZZZXXY;IIIIYXIXZZZXYX;IIIIYXIXZZZYYY;IIIIYXIYZZZYXY;IIIIYXIYZZZYYX;IIIIYYIXZZZXXX;IIIIYYIXZZZYYX;IIIIYYIYZZZYYY
1231,34,0.04476907868261653,114.7011092662158,IIIIYXIXZZZZYZ;IIIIYXXYIXZZZX;IIIIYXYZZZXXXI;IIIIYYIYZXYZZX;IIIIYYIYZZYXZX;IIIIYZIZYXZZZX;IIIIYZXIXZZZYZ;IIIIYZZXYXIXZX
1232,22,0.018865123175701246,322.7579871652071,IIIIYXXYXZZZXI;IIIIYXXZZZZZIY;IIIIYXYZZZIZZX;IIIIYYIXZYXZZY;IIIIYYIXZZXYZY;IIIIYZXXZYIYZY;IIIIYZZXYZYYXI;IIIXYIXZXYZZXI
1233,22,0.022689353506237988,369.65547538892275,IIIIYXXZXIXZZY;IIIIYXZIYZZZZX;IIIIYYXXXZZZXI;IIIIYYXYXZZZYI;IIIIYYXZYIXZZY;IIIIYZXXZYXZXI;IIIIYZZXIXZZYZ;IIIXYZXZZZZYII
1234,19,0.019902735328383325,360.15943163675655,IIIIYXYYYZZZXI;IIIIYYXIZZZZZX;IIIIYYXXYZZZYI;IIIIYYXYYZZZXI;IIIIYYYZZIZZZY;IIIIYYYZZZZIZY;IIIXZXYZZXXYII;IIIYZXYZZXXXII
1235,34,0.02386408097673835,311.4706924662623,IIIIYXYZZXIYZY;IIIIYYIZYZZZZY;IIIIYYXZXIYZZY;IIIIYYYZYXZZXI;IIIIYYYZZZZYZI;IIIIYZYXZXXZXI;IIIIYZZXYZXIYY;IIIXZXYZYIIXZX
1236,24,0.031836568604157865,437.37527778913375,IIIIYYXXIYZZZY;IIIIYYXZZYIXZY;IIIIYYXZZZXIYY;IIIIYYXZZZYIXY;IIIIYYXZZZZXIZ;IIIIYZZIYYZZZY;IIIIYZZYXZXIYY;IIIIYZZYXZZXIZ
1237,20,0.027615550372428237,420.40535512222436,IIIIYYXZYXZZYI;IIIIYYYZZXIYZX;IIIIYYYZZXYZXI;IIIIYZXYZZYIXY;IIIIYZZXIYZYXY;IIIXYIYZZZYIYX;IIIXZXXZYIIYZX;IIIXZZYIYZYXYI
1238,21,0.017866227792882876,827.0923039892016,IIIIYYXZZXIYZY;IIIIYYYZZYXZXI;IIIIYZIXYZZZZX;IIIIYZXXYIYZZY;IIIIYZXYXIYZZY;IIIIYZZZZXIYXZ;IIIIZXZZZZXIXX;IIIXZIZZZZXIYY
1239,27,0.011186057147237076,205.16390118373096,IIIIYYXZZYXZYI;IIIIYZXIXZYYZY;IIIIYZXXYIXZZX;IIIIYZZXYXXZXI;IIIIYZZYIZYZZY;IIIIYZZYYZXIXY;IIIIZYZZYYZZYI;IIIXYIIXXYZZZX
1240,22,0.04437839654501654,466.83852402236363,IIIIYYYZZZXIXY;IIIIYZXIYXYZZY;IIIIYZXXXYZZXI;IIIIYZXXYXZZXI;IIIIYZXXZZYXXI;IIIIYZZZIZZYXX;IIIIYZZZXXYIXX;IIIIYZZZZIZYXX
1241,24,0.02893772657763324,510.1160465928226,IIIIYZXIYZXXZX;IIIIYZXXZXXZYI;IIIIYZXYIZZZZX;IIIIYZYIXZZYXY;IIIIYZYYZZXIXY;IIIIYZZXIYXYZY;IIIIYZZZXXYIYY;IIIXYIYYYZZZXI
1242,25,0.023757276010627135,292.2142299462586,IIIIYZXIYZZYYX;IIIIYZXXXIYZZX;IIIIYZXXZYYZYI;IIIIYZXYZXIYZY;IIIIYZZZXIYZXZ;IIIIYZZZZYIXXZ;IIIIZIYZZXXZZY;IIIYXYZZZXIIXX
1243,17,0.017352658790794562,210.86088553497478,IIIIYZXXZXIYZX;IIIIYZXXZZXYXI;IIIIYZXXZZZIZY;IIIIYZYXZYXZYI;IIIIYZYXZYYZXI;IIIIYZYYZZZIZY;IIIIYZZZXXXYXI;IIIIYZZZYIXZXZ
1244,25,0.05668700984030842,55.76714996420742,IIIIYZXXZZZYZI;IIIIYZXYZZZXZI;IIIIYZXZYZZZXI;IIIIYZYYZYIXZX;IIIIYZZZXYXIXX;IIIIYZZZYYXIYX;IIIIZIYZZXYZZX;IIIXYYXIYZZZYI
1245,27,0.03744455268826688,165.17112422216084,IIIIYZXYZXXZXI;IIIIYZXYZZXIYY;IIIIYZZXIYZZXZ;IIIIYZZXXXYZXI;IIIIYZZYIYZZYZ;IIIIYZZZXXZYZI;IIIIYZZZXYZXIZ;IIIIZIYZYXZZZX
1246,18,0.024515447869787294,174.09590489392951,IIIIYZXYZZYIYX;IIIIYZYXZZXIXX;IIIIYZYXZZXXXI;IIIIYZYXZZZIZX;IIIIYZYYIZZZZY;IIIIYZZZXYXXXI;IIIIYZZZYXXXXI;IIIXZYYZZZXIZI
1247,21,0.3137451377905311,451.4864503822818,IIIIYZXYZZYYXI;IIIIYZYIXXXZZX;IIIIYZZYIYYXZX;IIIIYZZYZIXZZX;IIIIYZZYZXZZXI;IIIIYZZZZYIYYZ;IIIXIZZZZYIYZX;IIIYXXZZXYZXII
1248,18,0.021516014880382996,225.31186159481766,IIIIYZYYZZIZZY;IIIIYZYYZZYXXI;IIIIYZZXIYYXZY;IIIIYZZXYYIYZX;IIIIYZZZYYZYIZ;IIIIZYZZZZYIXX;IIIXZYYZZXIXXI;IIIXZZYIIYYYZX
1249,28,0.028301626788555755,129.2686941863524,IIIIYZZXIXYXZX;IIIIYZZXIZYZZX;IIIIYZZXYZYXYI;IIIIYZZYIZXZZX;IIIIYZZZYIZYZY;IIIXXIXZYXZZYI;IIIXXIYZZZIZZY;IIIXYZIIXZZZZY
1250,27,0.036817806556673716,185.103576636316,IIIIYZZXXIZZZY;IIIIYZZXYIZZZX;IIIIYZZXYYIXZY;IIIIYZZYYXIYZX;IIIIYZZYYYIXZX;IIIIYZZYYZZIZY;IIIIYZZZZYZYYI;IIIXXXZZZYYXII
1251,21,0.02382309830584052,182.9343015917742,IIIIYZZXXZXIYX;IIIIYZZXYZXXXI;IIIIYZZXYZZZIX;IIIIYZZYYZYIXX;IIIIZXXXZZZZXI;IIIIZYZZZYYZYI;IIIXXZIXZZZZXI;IIIXZZXXZXXXII
1252,21,0.30870767239689284,611.6797449660297,IIIIYZZXYZXYYI;IIIIYZZZIZXYZX;IIIIYZZZIZYXZX;IIIIYZZZZIZZYZ;IIIIZXZXYZZZYI;IIIXXIIYZZXYZX;IIIXXIXYXZZZYI;IIIXXIYZXYZZXI
1253,22,0.038556161308243374,548.1361816329235,IIIIYZZYIYZXXY;IIIIYZZYXZZXZI;IIIIYZZZZXXIZY;IIIIZXZZZYXZYI;IIIIZYZZXYZZXI;IIIXIZYIXZZZZY;IIIXZZYIIXYXZX;IIIYIZZZYIYZZY
1254,32,0.02754441756711525,652.2798430433938,IIIIYZZZXIXXYX;IIIIYZZZZIZXYX;IIIIZXIZZZZZZX;IIIIZYZZZZZYZI;IIIXXIIXZZXXZX;IIIXXXIZZZZZXI;IIIXYIXZZZXIXY;IIIXYXZXXZZYII
1255,16,0.009860769493053898,108.92262409940165,IIIIYZZZZXYIZX;IIIIYZZZZZIYXX;IIIIZXXIXZZZZX;IIIXIZZZXIYZZY;IIIXXIZIXZZZZX;IIIXXXZXIIYZZY;IIIXXYYIIXZZZX;IIIXYIIYZZYYZX
1256,36,0.29652942226652224,1819.1610029003298,IIIIYZZZZYIZYY;IIIIZXZZZZYIXY;IIIIZZIYZZZZZY;IIIXXIIXZZZXYY;IIIXXIIYZZZYXX;IIIXXIYZZYIYZY;IIIXZYIIXZXXZY;IIIXZYXZXIIXZY
1257,25,0.041796802967275254,1121.8171674230375,IIIIZXZYIXZZZY;IIIIZYZXIYZZZX;IIIIZYZYIYZZZY;IIIXXIIXZZZXXX;IIIXXIIYZZZYYY;IIIXYIIYZZZXYY;IIIYXIIYZZZYXY;IIIYXXZZZXIYXI
1258,38,0.3260743247953329,1028.5715110761707,IIIIZXZZZZXXXI;IIIIZYZZZIZZZY;IIIXIXIYZZZZZY;IIIXIZZIZZZZZX;IIIXXIYZYXZZXI;IIIXYIYZYYZZXI;IIIXYIYZZXYZYI;IIIXYXZZZYXXII
1259,29,0.022958088729447972,249.46142957530927,IIIIZYZZYIYZZY;IIIIZYZZZYIYZY;IIIIZYZZZZXYXI;IIIXIZYIYZZZZX;IIIXXIYZZZZZIY;IIIXYZIXZZZZYI;IIIXZYIIYZXYZY;IIIXZYIIZXZZZY
1260,20,0.018274040391301493,298.4032015410337,IIIXIXXZZZZZXI;IIIXXIIXYYZZZX;IIIXXIIYXXZZZY;IIIXXIIYYYZZZY;IIIXXIIYZZYYZY;IIIXXIYZYYZZYI;IIIXZYIXZZZZIY;IIIXZYYIZZZZXI
1261,31,0.015161523044919068,569.2240073295551,IIIXIZZYXZZZYI;IIIXIZZZYIYZZX;IIIXXIIZXZZZZX;IIIXXIYZXIXZZY;IIIXXIYZZIZZZY;IIIXXIYZZZZIZY;IIIXXXZZZZZIXI;IIIYYIXZYIYZZX
1262,23,0.011643984236882262,169.3543863862695,IIIXIZZZXIXZZX;IIIXXIIXZZXYZY;IIIXXIXZZZYIYX;IIIXXIYZZZXIXY;IIIXXXZXIIXZZX;IIIXYXZZZYIIYY;IIIXZXIXZZZXIZ;IIIXZZXXZZXIIZ
1263,24,0.0276551300969041,218.34213838341492,IIIXXIIXZZZZXZ;IIIXXIIZYZZZZY;IIIXXIXZZZYXYI;IIIXXXZZZYIIYX;IIIXYIXZXIYZZX;IIIXYIYZXIXZZX;IIIXYYZZXIIXZX;IIIYYIIXZZZZXZ
1264,23,0.2548264249747404,3815.1257254052243,IIIXXIXZZXIXZX;IIIXXIYZIZZZZY;IIIXXIYZZZZYIZ;IIIXXXZZIZZZXI;IIIXYIXZZZYIYY;IIIXYYZZYXZYII;IIIXZYIIXZZXYX;IIIXZZXXZIZZXI
1265,25,0.028970370011729092,181.66018978339835,IIIXXIXZZZZIZX;IIIXXXZZXIYZYI;IIIXXYYYZZZYII;IIIXXYZXIYZZXI;IIIXZXIIXZXYZY;IIIXZXIIYZYYZY;IIIXZYXZZYIIYY;IIIXZZXYZYIYYI
1266,30,0.034794791242895674,552.092849769565,IIIXXIYZXIYZZX;IIIXXXZZYIIXZY;IIIXXYXIYZZZXI;IIIXYIIYXYZZZY;IIIXYIYZZXIYZY;IIIXZYYZZXIYYI;IIIXZZYIIYZYYX;IIIXZZYYXYZYII
1267,19,0.013862491762273235,169.06190691422754,IIIXXIZXZZZZXI;IIIXXYZZYIIXZX;IIIXXYZZYIYZYI;IIIXYIIXYYZZZY;IIIXYIXZZZYIXX;IIIXZZXYYIYZYI;IIIXZZYIIXZZYZ;IIIXZZYIIYZXXX
1268,23,0.02603883559427945,463.5477874007229,IIIXXXXYZZZYII;IIIXYIIXZZYXZX;IIIXYIXXXZZZYI;IIIXYIYZXIYZZY;IIIXYIZIXZZZZY;IIIXZYXZXIIYZX;IIIYIZXXZZZZYI;IIIYIZZIZZZZZY
1269,19,0.04348593300791296,232.70848585230843,IIIXXYZYYZZYII;IIIXYIIXZZZXXY;IIIXYIXZZYIXZX;IIIXYXZZZYYYII;IIIXZYIIYZZZXZ;IIIXZYYZZZXZII;IIIXZZXZIXZZXI;IIIXZZYYXIYZYI
1270,23,0.01692310460389747,136.84713989054944,IIIXYIXZZYXZXI;IIIXYIYIZZZZZX;IIIXYIYZZZXIXX;IIIXYIYZZZZXIZ;IIIXYYYIYZZZXI;IIIXYYZZXIYZYI;IIIXZYIYZZXIYY;IIIXZZXIYYYZYI
1271,24,0.022570771385956666,172.05954952476094,IIIXYIYZZYXZYI;IIIXYIYZZZZXZI;IIIXYIZXZZZZYI;IIIXYXXIXZZZYI;IIIXZXIIYZZZYZ;IIIXZYIIXZZZYZ;IIIXZZIYIYZZZX;IIIXZZXIIZXZZX
1272,22,0.01660914108612162,165.47061100372633,IIIXYIYZZZXIYY;IIIXYIYZZZYIXY;IIIXYXXIIXZZZY;IIIXZYIXZZXXYI;IIIXZYIYZZYIYX;IIIXZYXZYIYZYI;IIIXZZXIXXIXZX;IIIXZZXIYZYYYI
1273,27,0.030186490347399852,541.6390527229917,IIIXYXXXZZZYII;IIIXYXZZZZZIYI;IIIXYYZZIZZZXI;IIIXZYIIYXYZZY;IIIXZYIXZZZYZI;IIIXZZXIXZXIXX;IIIXZZXXZXIXXI;IIIXZZYXXIIYZX
1274,24,0.03392899578750802,580.7539544054398,IIIXYXZZZIZZYI;IIIXZXIIXZZYXY;IIIXZYIIXZZYYY;IIIXZYXZZYIIXX;IIIXZYYZZXIIXX;IIIXZZXIIXXYZY;IIIXZZYIIYXYZY;IIIXZZZYYZXIZI
1275,20,0.05179089387242161,152.28118724140623,IIIXYXZZZYIIXX;IIIXYXZZZZYIIZ;IIIXZXIIXZXXZX;IIIXZXXYIIYZZX;IIIXZZXXYIXZYI;IIIXZZYIIYZYXY;IIIXZZZXIYXIXY;IIIXZZZYIIYYYX
1276,19,0.0222512204112614,179.38956716408686,IIIXYYYIXZZZYI;IIIXZXIXXIYZZY;IIIXZXIYZZIZZY;IIIXZXXZZXIYYI;IIIXZXXZZYIXYI;IIIXZXYZZYIXXI;IIIXZZIZXIXZZX;IIIXZZZYXZYZII
1277,24,0.027723624348080733,218.17372778957954,IIIXZXIXYYZZXI;IIIXZXXXIIXZZX;IIIXZYIXZZZYIZ;IIIXZYIZIXZZZY;IIIXZYXZIZZZYI;IIIXZYYYIIXZZY;IIIXZZXIXYIYZX;IIIXZZXIYZYIYY
1278,18,0.016782794352051555,86.97447871168633,IIIXZXIZYZZZYI;IIIXZXXZXIYZYI;IIIXZYIIYZYXZY;IIIXZYIZXZZZYI;IIIXZYYZXIXZXI;IIIXZZIYIXZZZY;IIIYZIZZZZYIXX;IIIYZXIIYXXZZX
1279,17,0.18455628380909736,3032.89305891007,IIIXZXXYIIXZZY;IIIXZXXZZYIIXY;IIIXZYXZZIZZYI;IIIXZYXZZXIYXI;IIIXZYYZZYIIXY;IIIXZZZXIYZYIZ;IIIXZZZZYYXIIZ;IIIYIZZZXXZZYI
1280,23,0.02301599936738841,321.2436588364879,IIIXZYIIYZXXZX;IIIXZYIIYZZXXX;IIIXZYIIYZZYXY;IIIXZYYZXIYZYI;IIIXZZXIIXZZXZ;IIIXZZYIZYZZXI;IIIXZZZZZYIYIX;IIIZIIXZZZXXZX
1281,22,0.027431870310017897,831.7254563210481,IIIXZYIXIZZZZY;IIIXZYIXZZXIXY;IIIXZYXZZZIZYI;IIIXZYYZZYIYXI;IIIXZZYYZXIIYY;IIIXZZZXYYYYII;IIIYYIIXZZZXYY;IIIYYIXZZZYYXI
1282,19,0.02169246700265401,46.18507268256665,IIIXZYIYXIXZZX;IIIXZYIYYIXZZY;IIIXZYXZZXIXYI;IIIXZZIZXIYZZY;IIIXZZIZYIXZZY;IIIXZZZZXIYZIY;IIIXZZZZYIYZIX;IIIYZXIXXIXZZY
1283,26,0.02071994845899699,74.06544641517654,IIIXZYIYZZYIXY;IIIXZYZIYZZZXI;IIIXZZXIIYXXZY;IIIXZZXIYYXZXI;IIIXZZXYYYZYII;IIIXZZZXXZZIXI;IIIXZZZYYXIYYI;IIIXZZZZXIYYIZ
1284,18,0.02169246700265401,262.4630241168994,IIIXZYXXIIXZZY;IIIXZZIZZZXIXX;IIIXZZIZZZYIXY;IIIXZZXYXXZYII;IIIXZZXYXYZXII;IIIXZZZXXXIYYI;IIIXZZZZIZXIYY;IIIYZXXYIIYZZY
1285,22,0.3401137763156506,1035.0441408929064,IIIXZYYZZXIIYY;IIIXZZIXIXZZZX;IIIXZZXIXZXIYY;IIIXZZXIYXYZXI;IIIXZZXIYZZZIY;IIIXZZYIIXZXYX;IIIXZZZYIIXXYX;IIIZIXZZZZXIXX
1286,25,0.04278671655220101,399.0448206066942,IIIXZYYZZYXYII;IIIXZZIZZXIYZY;IIIXZZXIXZYXYI;IIIXZZXIYZYXXI;IIIXZZYIXZYIXX;IIIXZZZIZZZIZX;IIIXZZZXXIZZXI;IIIYZXIZYZZZXI
1287,35,0.038217147930300274,589.8110919053345,IIIXZZXIXIZZZX;IIIXZZXIYIZZZY;IIIXZZXIYYIXZX;IIIXZZZXYXIIXY;IIIXZZZYIIYZXZ;IIIXZZZZXZIIXX;IIIYXYZZZZIZXI;IIIZIYXXZZZZYI
1288,26,3.043379260183249,48703.49673078895,IIIXZZXIXZYYXI;IIIXZZXIYXIXZY;IIIXZZXIYZXXYI;IIIXZZXXZXYYII;IIIXZZXZYZZYII;IIIXZZYIXZYXXI;IIIXZZZYIXZZIY;IIIXZZZZIZXIXX
1289,29,0.01921538680281029,295.7796936256034,IIIXZZXIYZZYIZ;IIIXZZXIYZZYZI;IIIXZZYIXZZYZI;IIIXZZZXIXXIXX;IIIXZZZXIXYIXY;IIIXZZZXIYYIYY;IIIYZXIYZZZXIZ;IIIYZXZXZZZYII
1290,21,0.028417214965711514,47.7277139351369,IIIXZZXIZIYZZY;IIIXZZXXIZZZXI;IIIXZZXYIZZZYI;IIIXZZYXYIXZXI;IIIXZZZYXXIYXI;IIIYIZZZZYIXZX;IIIYYIIYZZZYXX;IIIYZIZZZXIYZX
1291,17,0.03617950389914444,561.7371719126404,IIIXZZXXXIXZXI;IIIXZZXXZXIIYY;IIIXZZYIXZXYXI;IIIXZZYIYZYYXI;IIIXZZZZIYIXZY;IIIXZZZZXXXIIZ;IIIYXIYZZZZXZI;IIIYYXYYZZZXII
1292,21,3.0430264612891396,48697.640548191455,IIIXZZXYYIIYZY;IIIXZZXZIIYZZY;IIIXZZZXXYIYXI;IIIXZZZXYXXYII;IIIYXYZZZYIIYX;IIIYYIIYXXZZZY;IIIYYIYXYZZZXI;IIIYYIYZZZXYXI
1293,21,0.011995962523492332,144.81072932527834,IIIXZZXYZXXYII;IIIXZZYIXYXZXI;IIIXZZZXXXYYII;IIIXZZZYIXZIZY;IIIXZZZYXZYIZI;IIIXZZZZXIIZYY;IIIYZXXZYIYZYI;IIIYZXYZXIXZXI
1294,23,0.01572073241620583,189.69432317739683,IIIXZZZXIZIYZY;IIIXZZZXXZIZXI;IIIXZZZYIYYXYI;IIIXZZZYYZXIIZ;IIIXZZZZZXIXIX;IIIYXIXZZZXIYX;IIIYXXZZZIZZYI;IIIYYXZXIIYZZY
1295,25,0.0311833745651811,392.93535054703887,IIIXZZZYIYYYXI;IIIXZZZYYIZZXI;IIIXZZZYYYIXYI;IIIYXIIYZZYYZX;IIIYXIXZZXYZXI;IIIYXIXZZZXXYI;IIIYXYZZZXIIYY;IIIYZZXIYZZXZI
1296,31,0.033326444895110705,328.0569486078828,IIIXZZZYIZIXZY;IIIXZZZYZIIXZY;IIIXZZZZIZYIXY;IIIYIYXZZZZZXI;IIIYXIIXZZZXXY;IIIYYIYZZZYIXX;IIIYZZZXIIXYYY;IIXYIIIXZZXXZY
1297,25,0.027395909150047033,126.0431838987684,IIIXZZZYXZYIIZ;IIIXZZZYYZXZII;IIIXZZZZXIZXXI;IIIYXIYZZZYIYX;IIIYXYZZXIYZYI;IIIYZXIXZXIYZX;IIIYZYIXZZXIYY;IIIYZZXIYXYZYI
1298,23,0.022649967104006866,190.85074230891385,IIIXZZZYYXIIXX;IIIXZZZZIZZZIX;IIIXZZZZXIIYYZ;IIIYIZZZZZYIXX;IIIYXXYYZZZYII;IIIYYIXZZZXIXX;IIIYZZIZZZYIXX;IIIYZZZZYYZIYI
1299,26,0.03169051814887036,473.95027823715213,IIIXZZZZXXXZII;IIIXZZZZYIXYIZ;IIIYXIIYZZXXZX;IIIYXIXZZYIXZX;IIIYXIYZZZYIXY;IIIYXYZYYZZXII;IIIYZZYZIYZZYI;IIIZIIYZXYZZZX
1300,21,0.01344109770820549,105.01575164261018,IIIXZZZZYIZYXI;IIIYIZZZZZYYYI;IIIYXIXYIXZZZX;IIIYXIXYXZZZXI;IIIYYIYZZZXIYX;IIIYZXIIXZYXZX;IIIYZXXZZXYXII;IIIYZZXIXYIYZY
1301,26,0.03952210886364064,400.23135985419407,IIIXZZZZYYIZXI;IIIYIZZZYYZZYI;IIIYXIYZZYYZXI;IIIYXIYZZZIZZX;IIIYXXZZYYZYII;IIIYZXIIXZZXYX;IIIYZZYIIYZXYX;IIIZYZZZZYIIYY
1302,26,0.04555331379884466,538.6739275992368,IIIYIZZXXZZZYI;IIIYIZZXYZZZXI;IIIYXIIXZZXYZX;IIIYXIXZZXIYZX;IIIYXIYYIYZZZX;IIIYXIYZZZZXIZ;IIIYYIXYIXZZZY;IIIYZYIIZXZZZX
1303,17,0.030491299729386273,680.012594569121,IIIYXIXYYZZZYI;IIIYXIXZZYYZYI;IIIYXIXZZZYYYI;IIIYXIXZZZZYZI;IIIYXYYIXZZZYI;IIIYYXYIIYZZZX;IIIYZYIYZZYYYI;IIIYZZIXIYZZZX
1304,18,0.02603883559427945,250.76475315530973,IIIYXIXZYIXZZX;IIIYXIYZZZXIYY;IIIYXXXIIXZZZY;IIIYYIXZYIXZZY;IIIYYIXZZXIYZY;IIIYYIXZZZXIYY;IIIYYXXIIXZZZX;IIIYZZZXIIYZXZ
1305,25,0.02976882330061107,537.2983009076146,IIIYXIYYXZZZYI;IIIYXXZZYIYZYI;IIIYXYYIYZZZXI;IIIYXYZZZXIXXI;IIIYZYYZXIIXZY;IIIYZZXXZZYIZI;IIIYZZZXYXIYYI;IIIZYZZXIIXZZY
1306,27,0.028601588642433735,247.73750430978106,IIIYXIYZZXXZXI;IIIYXXZZZZYIZI;IIIYXYZYXZZYII;IIIYXYZZZZXZII;IIIYYYZZZZYIIZ;IIIYZXIIYZZZXZ;IIIYZYYZYIIYZY;IIXXIYIZZZZZYI
1307,21,0.02314536808237446,409.96368350225964,IIIYXXXYZZZXII;IIIYYIIYYXZZZX;IIIYYIYZXIXZZY;IIIYYIYZXYZZXI;IIIYYIYZZXIXZY;IIIYYIYZZXXZYI;IIIYYIYZZZYXXI;IIIYYYZXIIYZZX
1308,23,0.04529993420801373,184.33773031373985,IIIYYIXYIYZZZX;IIIYYIXYYZZZXI;IIIYYIXZXYZZYI;IIIYYIXZZXXZXI;IIIYYIYZYIYZZY;IIIYZXXZZYYYII;IIXXXZZZYIYXII;IIXYIYZZYIIXZY
1309,20,0.016154885439867487,219.13202247759497,IIIYYIXZYXZZYI;IIIYYIXZZZYIXY;IIIYYIYZYXZZXI;IIIYYIYZZZYIYY;IIIYZIZXIXZZZY;IIIYZXXZZXIYXI;IIIYZXZIIYZZZX;IIXXIIYZZYXZXI
1310,24,0.022047187175708617,379.6280131319821,IIIYYIXZZZYIYX;IIIYYIXZZZZXIZ;IIIYYYZIZZZZYI;IIIYYYZZIZZZYI;IIIYZXIIZYZZZX;IIIYZXYZZYIYXI;IIIYZZYXXIIYZY;IIIYZZYYYIIYZY
1311,18,0.012181864115328057,486.8282681206861,IIIYYIYZZZIZZY;IIIYYXYIYZZZXI;IIIYZXIIYZXXZX;IIIYZXIYZZYYXI;IIIYZXXZZXIIXY;IIIYZYXZYIYZXI;IIIYZZXXZXIIYX;IIXXXZZZZXZIII
1312,23,0.02603883559427945,397.6257080942126,IIIYYXZXIIXZZX;IIIYZXIIYZZXXX;IIIYZXIYZZXYYI;IIIYZXYYIIXZZY;IIIYZYIZIXZZZX;IIIYZZZZYIYYIZ;IIXZXIIXZYIXZY;IIXZYIIIXXXZZY
1313,19,0.09226502616451557,1375.598873828162,IIIYYXZZZYYXII;IIIYYYXIIYZZZX;IIIYZXIIXZZXXY;IIIYZZIXIXZZZY;IIIYZZXIIYYYZX;IIIYZZZXIYYYXI;IIIYZZZYXYIIYX;IIIYZZZZXZIXYI
1314,21,0.013409274786008465,183.92234179497615,IIIYYYZZYIXZXI;IIIYZXIIYZXYZY;IIIYZXIYZZYIYX;IIIYZXXZXIIXZY;IIIYZZYIIYZYYY;IIIYZZYIXYIYZX;IIIYZZYIXZXIXX;IIIYZZZZYIIZXX
1315,21,0.055849085275729404,747.9123230821845,IIIYZXIXZZYIXX;IIIYZXIYZZIZZX;IIIYZXXZZYIIYY;IIIYZYIYZZXIYX;IIIYZZIZZZYIYY;IIIYZZXIYIZZZX;IIIYZZXXZYIIXX;IIIZIYZZYXZZXI
1316,19,0.013733915734994379,266.03110239921426,IIIYZXIYIZZZZX;IIIYZXXZXIIYZX;IIIYZXXZZYIYYI;IIIYZXYZZYIIXY;IIIYZZYIXZXIYY;IIIYZZZXZXZYII;IIIZXZZZXIYZYI;IIXYIYZZZXIIXX
1317,27,0.027723624348080737,549.2462954609136,IIIYZXXXIIXZZY;IIIYZXXZZYXXII;IIIYZXYZXXZXII;IIIYZZXIYXIYZY;IIIYZZXZYZZXII;IIIYZZZXXIZZYI;IIXXIIYZYIXZZX;IIXYIXZZYIYZYI
1318,30,0.04135920256157043,843.0329255123671,IIIYZXYXIIXZZX;IIIYZXYZZXIIXX;IIIYZYIIXZZZXZ;IIIYZZXXXIYZXI;IIIYZZXYXIXZXI;IIIYZZZXIXXIXY;IIIYZZZXYZXIZI;IIIZXXIIYZZZZY
1319,26,0.03952700793294113,670.6096399733034,IIIYZXYZYIIXZY;IIIYZYIYZZXIXY;IIIYZYYXIXZZYI;IIIYZZXIYZIZZX;IIIYZZXXYIIYZY;IIIYZZXYXIYZYI;IIIZIIXXXZZZZX;IIXYIYZZYYZXII
1320,44,0.04449380380042032,175.9099799547493,IIIYZYIXYIXZZY;IIIYZZIZZZXIXY;IIIYZZXIXZIZZY;IIIYZZXIYZXIYY;IIIYZZYIYZZZIY;IIIYZZZXIXZIZY;IIIYZZZZYYYIIZ;IIIZIYZZZZZIZY
1321,29,0.08676986801061604,296.1137646459009,IIIYZZXIIYZZXZ;IIIYZZXIXIZZZY;IIIYZZXIXZZYIZ;IIIYZZYIXYIXZY;IIIYZZYYZYIXXI;IIIYZZZXIIXXXY;IIIYZZZYXZIZXI;IIXYYZZYIIXZYI
1322,20,0.013073392898072796,357.3808230798899,IIIYZZXIXZZYZI;IIIYZZXIYZZXIZ;IIIYZZYIIYXXZY;IIIYZZYIXZZXZI;IIIYZZZXXZZIYI;IIIZYXIIXZZZZY;IIXXIXZZZYIIXY;IIXZZXIIXXYZYI
1323,18,0.015317560698071844,245.12256812603164,IIIYZZXIYXIXZX;IIIYZZXXZYXXII;IIIYZZYIXZYIYX;IIIYZZYIXZZXIZ;IIIYZZYXXIYZYI;IIIYZZYYZZYIIZ;IIIYZZZXXYYYII;IIXYIIXZZZYYYI
1324,30,0.06636740395490806,1363.7681881043272,IIIYZZXXZXIYXI;IIIYZZYIYYXZXI;IIIYZZYXYYZXII;IIIYZZZXXXIYXI;IIIZIXZZZIZZZX;IIXXIIXZZYYZXI;IIXXIIXZZZYIYX;IIXYIYZZZYXYII
1325,19,0.019583833356371354,142.67295225329264,IIIYZZXYYIIYZX;IIIYZZXYZYIIYX;IIIYZZXZIIYZZX;IIIYZZYIYZXYXI;IIIYZZZZYIIYYZ;IIIZIIXZZXXZZX;IIIZIXZZXIXZZX;IIXXIIIXZZXXZX
1326,27,2.7792929359184266,47980.01738161805,IIIYZZXZIYZZXI;IIIYZZYIIYXYZX;IIIYZZYXYIIYZX;IIIYZZYXZYYXII;IIIYZZZXIXYIXX;IIIZIIYZZZZXXY;IIXXYXIYZZZXII;IIXZZZZXIZYYII
1327,23,0.014086936272708708,462.6667714381166,IIIYZZYIZYZZYI;IIIYZZZXIIXYXX;IIIYZZZXIXYYYI;IIIYZZZYIYZIZY;IIIZXZZZYIIYZX;IIIZYZZXIYZZXI;IIXYIIIYZYYZZX;IIXZYXZYIIIXZX
1328,23,0.029401490111153256,408.87093050133785,IIIYZZYXXIIXZX;IIIYZZYYXIIYZX;IIIYZZZZYXXZII;IIIZIYZZIZZZZY;IIIZXZYXZZZYII;IIIZYZZZIZZZYI;IIXXYZYIIIYZZY;IIXXYZZXIIIXZY
1329,21,0.01134262523967499,117.36222242797429,IIIYZZZXIIYYYX;IIIYZZZXIYZZIX;IIIYZZZXYZXZII;IIXXIIIXXXZZZX;IIXXIIIXZZYYZX;IIXXIIIYZZXXZY;IIXXIIXZXXZZXI;IIXXIIXZZZYYXI
1330,19,0.01923042843691708,225.7772170151911,IIIYZZZYXXYYII;IIIYZZZYYYIYYI;IIIYZZZZXZIYXI;IIIYZZZZYYIZYI;IIIZIYZZZZZYZI;IIXIZZZXXZZXII;IIXXIIYZXYZZXI;IIXXIIYZZXXZYI
1331,31,0.06994328462922174,710.7538843632993,IIIYZZZZXIXIZY;IIIZIXZZZZYIYX;IIIZIYZZZZXXYI;IIIZXXYZZZZYII;IIXXIIIXZZYXZY;IIXXIIYZXIYZZX;IIXXIXXIYZZZYI;IIXXIYZZZXIYXI
1332,29,0.1117400220510506,1840.7019345711196,IIIYZZZZYIIXXZ;IIIZIIXZXYZZZY;IIIZIIYZZXXZZY;IIIZIXZYXZZZYI;IIXXIIIYZZZXXY;IIXXIXZZZIZZXI;IIXYIXZZZYIIYY;IIXYYZZYIYZXII
1333,23,0.027467831469988758,148.21306014494027,IIIYZZZZYZIIXX;IIIZIXZZZZZIZX;IIIZXZZYIYZZXI;IIXXIIXIZZZZZX;IIXXIXXIIYZZZY;IIXXIXXIXZZZXI;IIXXXZYIIIYZZX;IIXZXIXZZIZZXI
1334,17,0.01843323169063988,638.7332211345625,IIIZIIYZZZZYYY;IIIZIYZYIXZZZX;IIIZXZYIXZZZYI;IIXIZZZYIIYZZX;IIXXIIYZXXZZYI;IIXXIXZZZYIXYI;IIXYIIXXIXZZZY;IIXZXXXIIIYZZY
1335,27,0.06474646236489144,1926.0251042978853,IIIZXXXZZZZXII;IIIZXYXZZZZYII;IIIZXZZZZZZIXI;IIIZYZZXIXZZYI;IIIZYZZYIYZZYI;IIXIZZZYIXZZYI;IIXXZIIIXZZZZX;IIXZZZZXYYIIIZ
1336,24,0.3538337033131782,621.4497794501151,IIIZXZZXYZZYII;IIIZXZZZXXZXII;IIIZYYIIXZZZZX;IIXIZXIIXZZZZX;IIXXIXZXIXZZXI;IIXXIYZZIZZZYI;IIXZIZZXXZZXII;IIXZYYZXIIIYZY
1337,18,0.017885281882848922,294.143674251743,IIIZXZZYIIXZZY;IIIZXZZYIIYZZX;IIIZXZZZZZIZXI;IIIZYYIYZZZZYI;IIIZYZXYZZZXII;IIXXIIIYZZYXZX;IIXYIIIYZXYZZY;IIXYZIXZZZZYII
1338,21,0.02031623974085219,406.53250201956706,IIIZXZZZXIIXZX;IIIZXZZZZYIIYX;IIXIZXXZZZZXII;IIXXIIIYXXZZZY;IIXXIIYXYZZZXI;IIXXIXZZZXIIXX;IIXXXYIIXZZZYI;IIXXXZZYXZYIII
1339,26,0.018986710498689947,341.2592492387514,IIIZXZZZYIXZYI;IIIZXZZZZXXXII;IIIZYZZZXXZYII;IIXIZZIZZZZZXI;IIXXIIIXZYXZZY;IIXXXZZZZXIZII;IIXZYIYZZXXXII;IIXZYYXIIIXZZX
1340,32,0.0922638334982455,1511.1459410548023,IIXIYIYZZZZZXI;IIXIZZZZZIZZXI;IIXXIIIXZZZXXX;IIXXIIIYZZZYXX;IIXXIIIZXZZZZX;IIXXIIXZXIYZZY;IIXXIYZYXZZXII;IIXYYZZXIIIYZY
1341,21,0.01239273070013781,39.23292672272766,IIXIZZZYXZZYII;IIXXIIIXYXZZZY;IIXXIIIYZZZXYX;IIXXIIXZXYZZYI;IIXXIIXZZZZZIX;IIXXIYXYZZZXII;IIXXXZZYIXZYII;IIXYIIYZXXZZXI
1342,21,0.04844865442186341,144.92765138712537,IIXIZZZZZYYXII;IIXXIIIXXYZZZY;IIXXIIXZZZXYYI;IIXXIIXZZZYXYI;IIXXIZIIXZZZZX;IIXXIZIIYZZZZY;IIXYIIZIYZZZZX;IIXZZYYZZXZIII
1343,30,0.0922638334982455,1200.9025106088848,IIXXIIIYZZYYZY;IIXXIIXZYIXZZY;IIXXIIXZYXZZYI;IIXXIIYZXIXZZY;IIXXIXZZZXIXXI;IIXXIYZZZZYIIZ;IIXXXYIXZZZYII;IIXXYZZYIYZYII
1344,26,0.030594429652497767,906.0403883506792,IIXXIIXZZXXZXI;IIXXIIXZZXYZYI;IIXXIIXZZZIZZX;IIXXIIXZZZXIYY;IIXXIIXZZZYIXY;IIXXIXXXZZZXII;IIXXIXXYZZZYII;IIXXIXZXXZZXII
1345,18,0.01445575672813688,222.87207010711055,IIXXIIXZZZXIXX;IIXXIIXZZZXXXI;IIXXIIYZZZXXYI;IIXXIXZZYYZXII;IIXXXZZYIYZXII;IIXXYZZXIYZXII;IIXYIYZZZYYXII;IIYYIIXZZZXIXX
1346,19,0.022263956783342243,394.2205346124218,IIXXIIYXIYZZZX;IIXXIIYXXZZZYI;IIXXIIZIXZZZZX;IIXXIXZXIYZZYI;IIXXIYZYIXZZXI;IIXXIYZYYZZYII;IIXXIYZZXIYZXI;IIXXXZZZXIYYII
1347,23,0.019842597022648657,222.3794298563694,IIXXIIYZZYYZYI;IIXXIIYZZZYYYI;IIXXIXZZXYZYII;IIXXIXZZZXXXII;IIXXIYXIXZZZYI;IIXXZIIXZZZZXI;IIXYIIYYIYZZZX;IIXZYIYYIYZZXI
1348,19,0.013313614035828166,105.83369618678704,IIXXIXXIIXZZZX;IIXXIXZZYIIYZX;IIXXIXZZZYYXII;IIXXIXZZZZXIIZ;IIXXIYZZZZYIZI;IIXXXZZZZXIIZI;IIXYIXZZZXXYII;IIYXZXZZZZYIII
1349,36,0.03393317684114989,670.1772293333908,IIXXIXZZZZIZXI;IIXXIYZZXXZYII;IIXXIYZZZYIYYI;IIXXXZXIYZZYII;IIXXYZZXIIYZXI;IIXYIIXZZZXXYI;IIXYIYXIXZZZXI;IIXYYXYZZZYIII
1350,22,0.016408202550912843,359.77311543779723,IIXXIXZZZZXIZI;IIXXIYZZYIYZYI;IIXXXZIZZZZXII;IIXXXZXYZZYIII;IIXXYZZYIIIXZX;IIXYIIIYZZZXXX;IIXYIIXZZZYIXX;IIXYXZZZYIIXXI
1351,18,0.013733915734994379,262.10395256326734,IIXXIYXIYZZZXI;IIXXXZZZYIXYII;IIXXYYIIIXZZZX;IIXXYZZYIXZXII;IIXYIIYZZYIXZY;IIXYIXXXZZZYII;IIXYYZZXIIXZXI;IIXYYZZZXYYIII
1352,23,0.029070705794091406,562.573709527044,IIXXIYZZZXIIXY;IIXXIYZZZXYXII;IIXXYYIYZZZYII;IIXXYYYZZZYIII;IIXXYZIZZZZYII;IIXXYZYYZZYIII;IIXYYXIIIXZZZX;IIXZYYZZYIXYII
1353,35,0.03963216061119733,844.840319019584,IIXXIYZZZZYZII;IIXXYXIXZZZYII;IIXXYZZZZZIYII;IIXYIIIXZXXZZY;IIXYIIXZZYIXZX;IIXYIXZZZYIXXI;IIXYXZXXZZYIII;IIXYYZZZIZZXII
1354,19,0.03385602586257032,534.5594086724063,IIXXXZZZYIIYXI;IIXXYYIIYZZZYI;IIXXYZXIIXZZYI;IIXXYZYIIYZZYI;IIXYIIIXZZZXXY;IIXYXZZYIIYZYI;IIXZIZZZZZZIXI;IIXZYYZXIIYZYI
1355,24,0.019278080654121687,453.5666924495812,IIXXYZXIIIYZZX;IIXXYZXIXZZYII;IIXXYZXXZZYIII;IIXYIIIXZZZYXX;IIXYIIYXIYZZZY;IIXYYIZZZZZXII;IIXYYXIIIYZZZY;IIXZZXYZZYIIZI
1356,27,0.044582851461341624,397.33256991921576,IIXXYZZYYZYIII;IIXXYZZZIZZYII;IIXXYZZZXIIIYX;IIXYIIIYXYZZZY;IIXYIIYXYZZZYI;IIXYXZZYIIIXZX;IIXZXIIXZZYIXY;IIXZZZZIYIYZXI
1357,22,0.035454548194382624,468.2876203480386,IIXXYZZZXIIYXI;IIXXYZZZYIIIYY;IIXYIIIXZZYYZY;IIXYIIXZZXYZXI;IIXYIIYZIZZZZX;IIXYXZZZIZZYII;IIXZXIIXZXIXZX;IIXZYIYIZZZZXI
1358,20,0.02070591771594548,520.9305689737407,IIXXZIIYZZZZYI;IIXXZIXZZZZXII;IIXYIIXIZZZZZY;IIXYIIXXIYZZZX;IIXYIIXXYZZZXI;IIXYYYIIIYZZZX;IIXZIZYIXZZZYI;IIXZZIYIXZZZYI
1359,21,0.01991371629147856,246.66211784232598,IIXYIIIXZYYZZY;IIXYIIIXZZXYZX;IIXYIIIXZZZZYZ;IIXYIIXZXYZZXI;IIXYIIYZYYZZXI;IIXYIYZZZYIIXY;IIXYIYZZZZXIIZ;IIXZZIZIZZZZXI
1360,26,0.044071993397541954,614.5815985619963,IIXYIIIXZZYXZX;IIXYIIXZIZZZZY;IIXYIIXZXXZZYI;IIXYIIXZYYZZYI;IIXYIIXZZIZZZY;IIXYIIXZZZXIXY;IIXYIIYIZZZZZX;IIXYXZZIZZZYII
1361,17,0.010932729268658077,353.8128275397732,IIXYIIIYXXZZZX;IIXYIIXZXIYZZX;IIXYIIXZZZXYXI;IIXYIIYYXZZZYI;IIXYIIYZZZYIXY;IIXYIYZZYIXZYI;IIXZXIIXZZYIYX;IIXZXIIYZZXXYI
1362,22,0.025306675748579144,375.1983134311911,IIXYIIIYZZZYXY;IIXYIIXZZZZYIZ;IIXYIIYYYZZZXI;IIXYIIYZZYYZXI;IIXYIXZZXIYZXI;IIXYXZYIIIXZZX;IIXYXZZXIIXZYI;IIXYXZZZYIXXII
1363,32,0.03061483218644367,453.8616937689584,IIXYIIYXIXZZZX;IIXYIIYZZXIXZX;IIXYIIYZZZXIXX;IIXYIYZYIIXZZY;IIXYIYZYYZZXII;IIXYXZZZXIIYXI;IIXYYZYIIIXZZY;IIXZZZXIIYZIZY
1364,16,0.034416485542257354,522.1153131136294,IIXYIIYZXYZZYI;IIXYIIYZZZYXYI;IIXYIIYZZZZZIX;IIXYIXXIXZZZYI;IIXYIYZZZYIIYX;IIXZIZZYIXZZYI;IIXZXIIIXXXZZX;IIXZXYZYIIYZYI
1365,19,0.021090010809428756,411.7756557850632,IIXYIIYZZZXIYY;IIXYIXZZXYZXII;IIXYIYZZXXZXII;IIXYXZXIIIXZZY;IIXYXZXIIIYZZX;IIXZYIIIXZYYZY;IIXZZXXZZXZIII;IIXZZXYZZYIZII
1366,17,0.025976449686337784,597.0990769092565,IIXYIXZZZYIIXX;IIXYIXZZZYYYII;IIXYIYXIIYZZZY;IIXYXZYYZZYIII;IIXYXZZYIIXZXI;IIXYZIIYZZZZXI;IIXZYIIIZXZZZY;IIXZZZIZZYIYXI
1367,19,0.03525414393699288,269.82529509602483,IIXYIYXYZZZYII;IIXYIZYZZZZXII;IIXYXXIYZZZXII;IIXYXZZXIIIXZY;IIXYYZYIIXZZYI;IIXZXXZXIIXZXI;IIXZZXIIXZYIXY;IIYXIIIXXYZZZX
1368,23,0.02772706710872397,520.5061444273122,IIXYIYZZZZIZXI;IIXYXXXZZZYIII;IIXYXZIZZZZYII;IIXYYYIIXZZZYI;IIXZIZZXIIYZZY;IIXZIZZZZYYXII;IIXZXYZYIIIXZX;IIXZXYZZZYIZII
1369,18,0.027395909150047033,455.0319944604099,IIXYIZIIXZZZZY;IIXYXXIIXZZZYI;IIXYXZZZXIIXYI;IIXYXZZZZYIIZI;IIXYYZIZZZZXII;IIXYYZZYIIIYZX;IIXZXXZXIIYZYI;IIYXIIXZZXIYZX
1370,19,0.016400329151052277,153.9010915653671,IIXYXZZXIYZXII;IIXYXZZZZYIZII;IIXYYZZYXZYIII;IIXZXIIIXZYYZX;IIXZXIIYZXIYZX;IIXZYIIZIYZZZX;IIXZZZXIIZXZXI;IIXZZZXYYIYYII
1371,19,0.02844513883746617,499.8008200699382,IIXYXZZZXIXYII;IIXYYXIXZZZXII;IIXYYZZZYIYXII;IIXZIYIYZZZZXI;IIXZIZZZYIYZXI;IIXZXXZXIIIXZX;IIXZZXIXZZZIXI;IIXZZYIXZZIZYI
1372,21,0.058926243158220516,2843.1752333819013,IIXYXZZZYIIIXX;IIXYXZZZZYIIIZ;IIXYYYIXZZZYII;IIXZIZZZZXXXII;IIXZXIYXIIYZZX;IIXZXYZZZYIIZI;IIXZYIIZXZZZYI;IIXZYYZZXIYYII
1373,24,0.03823123552171064,733.4552204446314,IIXYYZXIIYZZYI;IIXYYZZXIIYZYI;IIXYYZZZZXZIII;IIXZIZZYXZZYII;IIXZXIIYZZIZZY;IIXZXYZZXIIYXI;IIXZYXZXIYZXII;IIXZZYIIYZYXYI
1374,12,0.018059373031145493,161.97940633611074,IIXYZIIXZZZZYI;IIXZXIIYZZZIZY;IIXZXXXIIIXZZX;IIXZXXYIIIYZZX;IIXZXYZXIXZYII;IIXZYXZZYIIXXI;IIXZYYYIIIXZZY;IIXZYYZZZZIXII
1375,33,0.061177331187889906,2483.4201060978935,IIXZIXYZZZZYII;IIXZXIIXZYIYZX;IIXZXIXYIIYZZX;IIXZXXZXIXZXII;IIXZXZIYZZZYII;IIXZYXZZYIIIXX;IIXZZIYYZZZXII;IIXZZXIIYYYZYI
1376,21,0.06679261870960025,1707.3016711029634,IIXZIZZZXXZXII;IIXZIZZZYYZXII;IIXZXIXXIIXZZX;IIXZXIYYIIYZZY;IIXZXYZXIIXZYI;IIXZYIXYIIXZZX;IIXZZYYZXYYIII;IIXZZZXIXXXXII
1377,20,0.020410743075096768,332.00928841971967,IIXZXIXZZXYYII;IIXZXIYZZXYXII;IIXZXIYZZYYYII;IIXZZXIIXZIZZX;IIXZZXIIXZXIYY;IIXZZXIXZZXIIZ;IIXZZXYXIXZYII;IIXZZXYXIYZXII
1378,38,0.07106897452654329,994.9003000890326,IIXZXIYZZYIIYY;IIXZXXZZZXIZII;IIXZXYYXZZXIII;IIXZYIIXZZZYIZ;IIXZYIZYZZZXII;IIXZZXIIIXYYZX;IIXZZXIIIXZXYY;IIXZZXIXZYYXII
1379,17,0.05787182089241274,937.6958614629222,IIXZXXYIIIXZZY;IIXZXXZZZXIIIZ;IIXZYIIIXYXZZX;IIXZYIIIXYYZZY;IIXZYIIXZZYIXX;IIXZYIXZZXIYXI;IIXZZZZZXYIYII;IIYIZXIXZZZZYI
1380,23,0.0311833745651811,408.77911569935617,IIXZYIIIXZYXZX;IIXZYIIIYXXZZX;IIXZYIIXZYIYZY;IIXZYIIXZZZZIY;IIXZYIIYZXIXZX;IIXZYIYZZYIIXY;IIXZZIZZZYIIYX;IIXZZZYIIIYXXX
1381,23,0.028053956072574188,196.64746586749786,IIXZYIIIYZZXXX;IIXZYIIIZYZZZX;IIXZYIIXZXIYZX;IIXZYIIXZZYYYI;IIXZYIXZZYIXXI;IIXZYIYXIXZZXI;IIXZZXZIIIXZZX;IIXZZXZIIYZZYI
1382,20,0.023342786069983152,406.7802744061768,IIXZYIIXXXZZYI;IIXZYIIXZXXZYI;IIXZYIIXZYXZXI;IIXZYXYIIIYZZY;IIXZYYZXIIIXZX;IIXZZYYIZZZXII;IIYXIXYYZZZYII;IIYXIXZXIIYZZX
1383,19,0.02015509380206618,292.9433852846399,IIXZYIIYYIXZZY;IIXZYIIYZZYXYI;IIXZYIIYZZYYXI;IIXZYXZZXIIXYI;IIXZYYXYZZYIII;IIXZZXIIXZXYYI;IIXZZXYZXXYIII;IIYXXZZYYZYIII
1384,17,0.0922638334982455,2585.2810771966697,IIXZYIXIZZZZYI;IIXZYIXXIIXZZY;IIXZYIYZZXIXXI;IIXZYXZZZIZYII;IIXZYYZZYIYXII;IIXZZXIYZXYXII;IIXZZYIYYXZYII;IIXZZYXZZYIZII
1385,26,0.017039285776223042,302.7190723412633,IIXZYIXZZZYIIZ;IIXZYIYYYZZXII;IIXZYIYZZZZIXI;IIXZYXZZZYIIIZ;IIXZZXIIYYXZXI;IIXZZXIXYIIXZY;IIXZZXIYYIIYZY;IIXZZXYZZYZIII
1386,25,0.05526316690639578,1667.7838630242186,IIXZYXZIZZZYII;IIXZYXZXXZYIII;IIXZYYXIIXZZXI;IIXZYYXIIYZZYI;IIXZZIZZZXIIXX;IIXZZXIYZXIIXY;IIXZZXIYZYIIYY;IIXZZYIIYIZZZX
1387,28,0.02049872036789408,735.3419988332289,IIXZYXZZXIIIXY;IIXZYXZZYIIIYY;IIXZYYZZXIIIYY;IIXZYYZZXIIYYI;IIXZYYZZYIIIXY;IIXZYYZZYIIYXI;IIXZZIZZZYXYII;IIXZZXIIYZXIXY
1388,26,0.038104743100883666,231.33075971773255,IIXZYXZZYYYIII;IIXZYYZZYXYIII;IIXZYYZZZXZIII;IIXZZIXIYZZZYI;IIXZZIZXYZZYII;IIXZZXIIXXXZXI;IIXZZZYIIIXYXX;IIXZZZZXYIZYII
1389,19,0.03332141147887238,583.6312723652943,IIXZYYZXIIXZXI;IIXZYZIYZZZXII;IIXZZIZZXXZXII;IIXZZXIXZXIIXX;IIXZZXIXZXYYII;IIXZZXYYIIIXZX;IIXZZXYZYIYYII;IIXZZZIZZXXXII
1390,25,0.02187159226391229,443.0109957271761,IIXZYZIIIYZZZX;IIXZZIZZZXIXXI;IIXZZXIIIYZXYX;IIXZZXIIXYXZYI;IIXZZXIXZYIIXY;IIXZZXIZIIYZZY;IIXZZYIYXXZXII;IIYXXZXIIYZZXI
1391,22,0.030660418581774592,421.72326530177133,IIXZZIZYXZZYII;IIXZZXIIXYIXZY;IIXZZXIIYZYIXX;IIXZZXIYXIIYZX;IIXZZXXYIXZYII;IIXZZXYZXIIIYX;IIXZZYIIXZZYIZ;IIXZZYXYIIIXZX
1392,22,0.02389954239646291,288.13104134684767,IIXZZIZZYXZYII;IIXZZIZZZYIIXY;IIXZZXIXZXXXII;IIXZZXIZIIXZZX;IIXZZYYZYIXYII;IIYIZZZZZXIYXI;IIYXIIYZYXZZYI;IIYXIXZZXIIXZY
1393,19,0.0194042376763402,249.5987927916195,IIXZZXIIYZXXYI;IIXZZXIIYZYYYI;IIXZZXIXZIZZXI;IIXZZXIYZXIIYX;IIXZZXYZXIXYII;IIYXIYZZZZIZXI;IIYXXXIIYZZZXI;IIYYIIXZYYZZXI
1394,22,0.10360534155395092,255.8809769410018,IIXZZXIXXXZXII;IIXZZXIXYXZYII;IIXZZXIXYYZXII;IIXZZXIXZZXZII;IIXZZYIIXXIYZX;IIXZZYIIYYIYZX;IIXZZYIZIIXZZY;IIYIXIYZZZZZXI
1395,24,0.021372241276329494,157.39403219228103,IIXZZXIXZYIIYX;IIXZZXIYYIYZYI;IIXZZXIYZYIIXX;IIXZZYIIYZZXZI;IIXZZYIZYZZXII;IIXZZYXIZZZYII;IIXZZZXIYYYYII;IIXZZZZXIIZIXX
1396,17,0.018507375525252168,112.308401133471,IIXZZXIYYXZXII;IIXZZXIYZYIXXI;IIXZZXYZXYXIII;IIXZZYIIIYZXYY;IIXZZYIIYZYYXI;IIXZZZIXXZZXII;IIXZZZYIIXIZZY;IIXZZZYIIZXZYI
1397,21,0.02794523581179451,153.87823483286073,IIXZZXIYZYYYII;IIXZZXXXIIIXZX;IIXZZXXZXIYYII;IIXZZYIIIYZYXY;IIXZZYIXYYZYII;IIXZZZXXYIXYII;IIXZZZZXZIIIYY;IIYZXIIIXXXZZY
1398,20,0.03910272643684368,581.728030723882,IIXZZXXZXIIIYY;IIXZZYIIIXZXYX;IIXZZYIIYXYZYI;IIXZZYIXZXIIXY;IIXZZZXIIIZYZY;IIXZZZYYZXIZII;IIXZZZZIZYIIXY;IIYXIYZYIIXZZY
1399,17,0.016036274443821823,353.67929922508233,IIXZZXXZYIXYII;IIXZZXYXIIYZXI;IIXZZYIIIXZYYY;IIXZZYIXZYYYII;IIXZZYYZXIXXII;IIXZZZYXZZIYII;IIXZZZYYZIZXII;IIYXIIXZZYIXZX
1400,17,0.03508144187160947,566.569524531163,IIXZZXXZYXYIII;IIXZZYIIIYYYZX;IIXZZYIIYZYIYX;IIXZZYIYZYIIXY;IIXZZZIZZXIIYY;IIXZZZYIIIYXYY;IIXZZZZIZXXXII;IIYYIIXZZYIXZY
1401,24,0.014584394777956717,183.48787674824018,IIXZZYIIXXXZYI;IIXZZYIXXIIYZX;IIXZZYXXIIXZYI;IIXZZYYZYYXIII;IIXZZZYIYXIXXI;IIXZZZZIYIIXZY;IIYXXZZYIIIYZY;IIYXXZZZXIIYXI
1402,20,0.02464957257595903,193.72503321115542,IIXZZYIIXZYIXX;IIXZZYIXZYIIXX;IIXZZYIXZYIIYY;IIXZZYXZYIXXII;IIXZZYYYIXZYII;IIXZZZXIIIYXYX;IIXZZZYIIIYYXY;IIXZZZYIIIYYYX
1403,30,0.31186197948020455,423.0634360584798,IIXZZYIIXZYYYI;IIXZZYIXYIIYZY;IIXZZYIXZYIYYI;IIXZZYIXZZYZII;IIXZZZIZYXZYII;IIYXIIZIYZZZZX;IIYXXZZXIIYZXI;IIYXZYZZZZXIII
1404,15,0.010956431156336429,204.62345307381028,IIXZZYIXZXIIYX;IIXZZYIXZXXYII;IIXZZYIYZXIXXI;IIXZZYIYZYXYII;IIXZZZYIXIZZYI;IIXZZZZXIYYZII;IIYIZZXIXZZZYI;IIYXXXIIXZZZYI
1405,32,0.027950624017714285,335.44454350443795,IIXZZYIYZZXIIZ;IIXZZYXZIZZYII;IIXZZYXZYYYIII;IIXZZYYXIIYZYI;IIXZZZYIIIYZXZ;IIYXIIXZXYZZXI;IIYXXZXIIXZZYI;IIYXYZZZYIXYII
1406,24,0.01927434230418251,197.38153155676662,IIXZZYXZZYIIZI;IIXZZZIYIIXZZY;IIXZZZIYXZZYII;IIXZZZYIIXYIYY;IIYIZZZZXIIYZX;IIYXXZZZXIYXII;IIYXXZZZYIYYII;IIYYYZZZXIYXII
1407,18,0.018831370220145412,758.1735335198633,IIXZZYYZZIZXII;IIXZZZXYXIXYII;IIXZZZXZIIXZXI;IIXZZZYIIXZYZI;IIXZZZYIIYXXXI;IIYXIIXXYZZZXI;IIYXIXZZYIIYZY;IIYZXIIXXIXZZY
1408,14,0.01662283314528769,159.06704937741912,IIXZZZIZZXIIXX;IIXZZZIZZYIIXY;IIXZZZXZYZYIII;IIXZZZYIZIYZXI;IIXZZZZYIZIYXI;IIYXIYYIXZZZYI;IIYXXZZXYZXIII;IIYZXYZIZZZXII
1409,19,0.0256456702237261,498.78258952223814,IIXZZZIZZYXYII;IIXZZZYIIYXIXX;IIXZZZYIIYYXYI;IIXZZZYXXIXYII;IIXZZZZXYYIIZI;IIXZZZZYXYIIZI;IIYXIIXZZZIZZY;IIYYIYZZZZYZII
1410,19,0.04359414247734226,845.9441367587856,IIXZZZYIIIXXYX;IIXZZZYIIXYXXI;IIXZZZYZIIIYZX;IIXZZZZXIIYZIY;IIYXIIIZXZZZZY;IIYXIIYZZXYZYI;IIYYIIYIZZZZZY;IIYZXXZZXIIIXY
1411,22,0.24837709316499929,5557.770417996946,IIXZZZYIYXIIXX;IIXZZZYIZYZXII;IIXZZZZIZXIIXX;IIXZZZZZYIIXIY;IIYXIIYZZZXXXI;IIYXIIYZZZZZIX;IIYYIYZZZYIIYY;IIYZYZYZZZYIII
1412,22,0.027842052260120584,569.1004482258749,IIXZZZYYYIIXYI;IIXZZZZXIYYIIZ;IIXZZZZXIZXXII;IIXZZZZYIIIZYX;IIYXIYZYXZZYII;IIYZXXZXXZYIII;IIYZYYZZYIIXXI;IIYZZXIIXZZYIZ
1413,17,0.019165267676411007,277.03469566056606,IIXZZZYYZXIIIZ;IIXZZZYYZXZIII;IIXZZZZXYYIZII;IIYXIIIXZXXZZY;IIYXIIIYZYYZZX;IIYXXZZZIZZYII;IIYXYZYIIIXZZY;IIYZZZYIYIZZYI
1414,14,0.01638355777304555,438.76796095247636,IIXZZZZXIIXXZI;IIXZZZZYIZIIYX;IIYIZYIIYZZZZY;IIYXIIIYZXXZZX;IIYXIIYZZZYIYX;IIYXYZZYIXZYII;IIYYIIYZZYXZXI;IIYZXXZZYIXXII
1415,23,0.02631385255990381,453.57618427364685,IIXZZZZXXXZIII;IIYXIIIXZZZXXY;IIYXIIIXZZZYXX;IIYXIIIXZZZYYY;IIYXXZZZXYXIII;IIYXYZZZYXYIII;IIZYZZZXXZYIII;IXYIIIIYZZZYXY
1416,19,0.04197200099018981,1247.6732283058786,IIXZZZZZIXIYYI;IIYIZZZYIIYZZY;IIYIZZZYXZZXII;IIYXIXZZZXIXYI;IIYXIYZXIIXZZX;IIYXXYIIYZZZYI;IIYXXZYIIYZZYI;IIYXYZZZYIIYXI
1417,23,0.015874962536959112,242.31175762481072,IIYIZZZZZXIXYI;IIYXIIIYZZZXYY;IIYXIIXIZZZZZY;IIYXIYZIZZZZXI;IIYXYZZIZZZXII;IIYYIIXYIXZZZY;IIYYIXZXIIXZZX;IIYYXZXYZZYIII
1418,28,0.04358634193441741,818.5636186913407,IIYIZZZZZYXXII;IIYXIIXZZXIXZY;IIYXIIXZZZZZIY;IIYXIYZYIIYZZX;IIYXYZZYYZXIII;IIYYIIXZIZZZZX;IIYZXIIIYZXYZY;IIYZYIIIXZXYZY
1419,22,0.022649967104006866,818.4084672370635,IIYXIIXZYIXZZX;IIYXIIXZZZYYYI;IIYXIIYZXXZZXI;IIYXIIYZZZZXZI;IIYXIXZYIIYZZY;IIYXYZZYIIIXZY;IIYZXIIXZZYXXI;IIYZYIYXIIXZZY
1420,33,0.06384266678651579,1875.5264946635878,IIYXIIXZZYYZYI;IIYXIIYZYYZZXI;IIYXIIYZZXIYZY;IIYXIXXIIYZZZX;IIYXXZZYIIYZYI;IIYYIXZZZXIIXX;IIYYYZXYZZXIII;IIYZZXIIXXYZXI
1421,21,0.014884411650305534,426.5316348811128,IIYXIIYZZIZZZX;IIYXIIYZZZZXIZ;IIYXIXZXXZZYII;IIYXIZIYZZZZXI;IIYXIZXZZZZYII;IIYXYZZYIIXZYI;IIYYIIZYZZZZYI;IIYZZZXYYIIXYI
1422,27,0.030974684704878012,638.038061909962,IIYXIIYZZZYIXY;IIYXIXZZZZYIIZ;IIYXIYZYYZZXII;IIYXXZYIIXZZXI;IIYXYZZZIZZXII;IIYYIYZZYIXZXI;IIYYXZZXIIIYZY;IIYYYZZYIIXZXI
1423,15,0.010380884594238799,191.11180829027526,IIYXIYZZZXIIYY;IIYXIYZZZXXXII;IIYXXXIIIYZZZX;IIYXYYIIXZZZYI;IIYYYXIXZZZYII;IIYZXYZYYZXIII;IIYZZIXIXZZZYI;IIYZZZYIZYZYII
1424,16,0.009726333888008918,330.80217082866807,IIYXIYZZZYIIXY;IIYXXZZYIIXZXI;IIYXXZZYIYZYII;IIYXXZZZXIXYII;IIYXYYIYZZZXII;IIYYXZZXIIYZYI;IIZIXXXZZZZXII;IIZYZZXIIXZZYI
1425,24,0.022649967104006866,379.55743762309424,IIYXXZZZZYIIZI;IIYXYYXZZZYIII;IIYXYZYIYZZXII;IIYXYZZZZZIXII;IIYYIXZZXIYZYI;IIYYIXZZZXIYYI;IIYZXYZZYIIXYI;IIYZZIZZXIYZXI
1426,25,0.0149523241871285,277.87695548799513,IIYXYZZZXIIXXI;IIYXZIIYZZZZXI;IIYYIIIYXYZZZX;IIYYIIYZZZZZIY;IIYYIIZXZZZZXI;IIYYYZYXZZXIII;IIYZZXIIYZXXXI;IIZXYIIIYZZZZX
1427,17,0.24331780518648405,3873.4595147273767,IIYXYZZZXIYYII;IIYYIIIXZXYZZY;IIYYIIIXZZYXZY;IIYYIIIYZXYZZX;IIYYIXZZZYXYII;IIYYIYZZZXYXII;IIYYYZZZXIXYII;IIYZZYYZZYZIII
1428,17,0.010045157521453055,302.5951305176527,IIYYIIIXZZZYXY;IIYYIIIYZZZXXY;IIYYIIXZZIZZZX;IIYYIIYZZZXIXY;IIYYIIYZZZZIZY;IIYYIXZZZYIIYX;IIYZYXYIIIXZZY;IIZXZYIIYZZZXI
1429,24,0.06462892823243965,983.0552266171121,IIYYIIXYXZZZYI;IIYYIIXYYZZZXI;IIYYIIYXIXZZZY;IIYYIIYXYZZZXI;IIYYIXYXZZZYII;IIYYIXZZZZXZII;IIYYXZYXZZYIII;IIYYYZZZXIIIYX
1430,23,0.03375548697131421,592.1669211982738,IIYYIIXZZZXYYI;IIYYIIYZYIXZZX;IIYYIIYZZYIXZX;IIYYIYXIIYZZZX;IIYYXZZYXZYIII;IIYZXIIXXIYZZX;IIYZYIIIXZYYZX;IIYZZXXZXXYIII
1431,17,0.022649967104006866,289.7372124447581,IIYYIIYZXIYZZX;IIYYIIYZZZIZZY;IIYYIIYZZZYIXX;IIYYIYYYZZZYII;IIYYIYZZZYIXXI;IIYZZZIXXZZYII;IIYZZZYIIXZXIZ;IXYIIYZYXZZYII
1432,25,0.047366470508354325,743.2846961352259,IIYYIXIZZZZZXI;IIYYIYZYIIYZZY;IIYYIYZZZXIIXY;IIYYXZXIIXZZXI;IIYYYZZZIZZYII;IIYZIZXIIXZZZY;IIYZXXZZZYIIIZ;IIYZXYZYIIYZXI
1433,24,0.0927546052829468,360.7654723292445,IIYYIYZZXYZXII;IIYYIYZZYXZXII;IIYYXXIXZZZXII;IIYYXZZYIIIXZY;IIYYYZXIIIYZZX;IIYZXYYIIIXZZY;IIYZYIIXZZZXIZ;IIYZYYZYIIIXZX
1434,27,0.033928289340395656,614.6380524667945,IIYYIYZZZYXXII;IIYYYZZYIIYZYI;IIYYYZZZXIIIXY;IIYZIXIYZZZZXI;IIYZIZZZZXIYXI;IIYZXIIIXZYXZX;IIYZXXYIIIXZZX;IXXXZZZXIIXXII
1435,17,0.009029686515572746,356.38982793529743,IIYYIZIIYZZZZY;IIYYXZXIIIXZZX;IIYYXZZXIIXZXI;IIYYYZYIXZZXII;IIYZIZZYIIYZZY;IIYZIZZYYZZYII;IXXIXYIIXZZZYI;IXXIYZZZXIXYII
1436,23,0.031076110153946578,553.2559460516305,IIYYXXXZZZXIII;IIYYXZYIIXZZYI;IIYYYZXIIIXZZY;IIYZIYIIXZZZZX;IIYZIZZYXZZXII;IIYZXIIYZXYZYI;IIYZYIIYZZYXXI;IIZIZIIXZZZZZX
1437,18,0.025105025452575373,432.6567621350804,IIYYXZZXYZYIII;IIYYXZZZIZZXII;IIYZIZYIIYZZZY;IIYZXIIYZXIYZY;IIYZXIIYZZXYYI;IIYZXYZYXZYIII;IIYZYXZXIIXZXI;IIYZZXIYZXIYYI
1438,16,0.017866227792882876,304.7973213074469,IIYYYZZZXIIXYI;IIYZIXIIXZZZZY;IIYZXIIIXYYZZY;IIYZXIIXZXIYZX;IIYZXIIYZZYXYI;IIYZXIXZZXIYXI;IIYZZXXYIIYZYI;IIZIXZZZZZXZII
1439,21,0.022650212964236225,407.3554160598752,IIYZIZZXYZZXII;IIYZXIIIXXYZZX;IIYZXIIIYZZXYY;IIYZXIIYZZYYXI;IIYZXIYYIIYZZX;IIYZXIYZZXIIXX;IIYZXYZXIIIYZY;IIZYXIXZZZZYII
1440,18,0.03774199806237612,515.3073051544541,IIYZIZZYIIXZZX;IIYZXIIIXZZXXY;IIYZXIIIXZZYYY;IIYZXIIZIYZZZX;IIYZXIXZZYIXXI;IIYZXIYXIIXZZX;IIYZXYZZXIIYYI;IIYZZXIIIZXZZY
1441,23,0.0384938034565843,805.1379248607734,IIYZIZZZZXIIXY;IIYZXIIXZYIXZX;IIYZXIIXZYXZXI;IIYZXIIXZZXIYX;IIYZXIYZZXIYYI;IIYZYIXZZZZIXI;IIYZYXXIIIXZZX;IIYZZYIIIXXYZY
1442,14,0.019099053297583175,348.4795595313831,IIYZXIIIYZZZXZ;IIYZXIIIZYZZZX;IIYZXIIXZYYZYI;IIYZXIXZZYYYII;IIYZXXZZZYZIII;IIYZXYZZYIIIYX;IIYZYIIXZZXIXX;IIYZZYIXZXIXXI
1443,15,0.021717478771066022,203.60728680126607,IIYZXIIXZXYZXI;IIYZXIIXZZIZZY;IIYZXIXXIIXZZY;IIYZXIXXXZZYII;IIYZXXXIIIXZZY;IIYZXYZZXIIIXX;IIYZYXYIIIYZZX;IIYZZZXZIIIYZX
1444,22,0.25891914105957775,4224.212768907857,IIYZXIIXZZYIXX;IIYZXIIXZZZYZI;IIYZXIIYXIYZZY;IIYZXXXYZZXIII;IIYZXXYIIIYZZY;IIYZXYZZZIZXII;IIYZYZIIYZZZYI;IXYIIYZYIXZZYI
1445,21,0.02262248508100076,286.03771726685994,IIYZXIIXZZZIZY;IIYZXIXYIIYZZY;IIYZXIXYYZZYII;IIYZXXZZZYIIZI;IIYZXZIIXZZZYI;IIYZYIIIYZZZYZ;IIYZYXIZZZZXII;IIYZZYYZXIYXII
1446,18,0.021134190412686348,363.6954403818433,IIYZXIXZXXZYII;IIYZXIXZZYXXII;IIYZXXXIIIYZZX;IIYZXYYIYZZXII;IIYZYIIXZZZIZX;IIYZZIZZXYZXII;IIYZZIZZZXXYII;IIYZZXIIYZXYYI
1447,22,0.04819540626584393,670.9119424476881,IIYZXIXZZXIIXY;IIYZXIXZZXYXII;IIYZXIYZZYIIXY;IIYZXXZYIIIXZX;IIYZXYYIIYZZXI;IIYZYIXZZYXYII;IIYZZYXYIXZYII;IIZIIYZZZZXXYI
1448,23,0.04850884806670229,753.1286926138481,IIYZXXZXIXZYII;IIYZXXZXIYZXII;IIYZXYYIIIYZZX;IIYZYIIYZXIYZX;IIYZYZXZZZXIII;IIYZZXIIIXYYZY;IIYZZXIIIYYXZY;IIYZZXIIXIZZZY
1449,16,0.02799383364114825,647.8765836525101,IIYZXXZZZYIZII;IIYZXYZZXIIIYY;IIYZYIIIYZXYZX;IIYZYIYZXYZXII;IIYZZIZZZZZIYI;IIYZZXXZZYIZII;IIZYZZZZXIXYII;IXIZZZZXIIIYZY
1450,18,0.01143253787437844,303.9679844392568,IIYZXYZXIIIXZX;IIYZXYZYIIIXZY;IIYZXYZYIIIYZX;IIYZYXZYIIIYZX;IIYZZIXIYZZZXI;IIYZZIZZXIXZYI;IIYZZZXIXZYZII;IXYIXYYZZZYIII
1451,18,0.05402968875032026,200.4833535866468,IIYZXYZZXIYYII;IIYZXYZZYIYXII;IIYZXZYZZZXIII;IIYZYIIXZYYZXI;IIYZYIXYIIYZZX;IIYZYYZZXIIXYI;IIYZZXIZIIXZZY;IIZYXYZZZZXIII
1452,19,0.03371081930350952,542.8829995315607,IIYZXZIIIYZZZX;IIYZYIXYIYZZXI;IIYZYIXZZYIIYX;IIYZYYXIYZZXII;IIYZZXIYZXIIXX;IIYZZXXXIIXZYI;IIYZZXYZXIIIYY;IIYZZYIIXZZXZI
1453,15,0.042021205956116185,677.3425144567809,IIYZYIIIYZYYZY;IIYZYIIYZZIZZY;IIYZYIXYXZZYII;IIYZYXXIIXZZXI;IIYZYXZYIXZYII;IIYZZYIIXZXYYI;IIYZZYIYIZZZYI;IIYZZZXYZXIZII
1454,21,0.0634344250746072,1772.8690050831276,IIYZYIIIYZZXXY;IIYZYXZZXIIIYY;IIYZYYZZZIZYII;IIYZZIZYXZZXII;IIYZZYIIIXZZXZ;IIYZZZXZIIIXZY;IXXIIYZZXXZYII;IXYIIXZZXIIYZX
1455,24,0.036065696877756015,501.1572615324978,IIYZYIIXXXZZXI;IIYZZIZZXIIYZX;IIYZZIZZZXIIYX;IIYZZIZZZYIIXX;IIYZZXIYXIIYZY;IIYZZXIYZXIIYY;IIYZZXIYZYIIXY;IIYZZYIIIXZYXY
1456,20,0.03450426308186009,791.1760397552968,IIYZYIYYIIYZZY;IIYZYYYIYZZYII;IIYZZIZXIIYZZX;IIYZZXIIIYZXYY;IIYZZXZIXZZYII;IIYZZZZYIIXIZX;IIZIIIYZXYZZZX;IIZYZZZXIIIXZY
1457,36,0.022405377221956665,486.30173895991317,IIYZYXZYIYZXII;IIYZZIZZZYYYII;IIYZZXIIIZYZZX;IIYZZXIXXIXZYI;IIYZZXIXYIXZXI;IIYZZYIIYZYIXX;IIYZZYZIIIXZZX;IXXIYXIIIYZZZX
1458,22,0.02603883559427945,560.0757739081625,IIYZYZIXZZZXII;IIYZZXIIIXZYYY;IIYZZXIIXXIXZY;IIYZZXIIYYYZXI;IIYZZXIYXIYZYI;IIYZZYIYZXIIYX;IIZIIXZZYXZZYI;IIZIIYZZZZZYIZ
1459,22,0.017293501261273107,321.85561217149365,IIYZZIZZZXIIXY;IIYZZXIIYXIYZY;IIYZZXIXYIIXZX;IIYZZXIYZZIZXI;IIYZZYIIXZYIXY;IIYZZYIYXXZYII;IIYZZYXZXIYYII;IXYIIIIYZZXXZX
1460,14,0.02439359979847509,236.60211863428495,IIYZZXIIYYIXZY;IIYZZXIXZXIIYX;IIYZZXIYZYXYII;IIYZZXXXIIIXZY;IIYZZXYYIIYZXI;IIYZZZIZZYIIXX;IIYZZZZZIYIIYY;IXXIYXIIXZZZYI
1461,16,0.033928289340395656,596.7252225519961,IIYZZXIXZIZZYI;IIYZZXIXZXXYII;IIYZZXIYYIIYZX;IIYZZXXZZYIIZI;IIYZZYIIXYIXZY;IIYZZYIYZZIZYI;IXXIIIXXIYZZZY;IXXYZXIIIXZZYI
1462,14,0.030780744298681106,725.1121248097917,IIYZZXIYXIIXZX;IIYZZXIYZXIXXI;IIYZZXIYZZXZII;IIYZZXIZXZZYII;IIYZZZXYZXIIZI;IIZIYYYZZZZYII;IIZYYIYZZZZYII;IXXIIIXZZZYXYI
1463,22,0.024458417509136975,475.867473580215,IIYZZXIYZXXXII;IIYZZXIYZYIYXI;IIYZZYIIIZYZZY;IIYZZYIIXIZZZX;IIYZZYIIYZYXXI;IIYZZYYYIIXZXI;IIZIYYXZZZZXII;IXXIIXZXIIYZZY
1464,20,0.028428156509067715,565.1290052749926,IIYZZXXXIYZXII;IIYZZXXZXYXIII;IIYZZYIIYXYZXI;IIYZZYIXZIZZXI;IIYZZYIYZXIYXI;IIYZZZXIIYYIXY;IIYZZZXIXXXYII;IIYZZZZIXIIXZY
1465,22,0.019058584563707123,370.8984157239572,IIYZZXXZYIXXII;IIYZZYIIIXZXXX;IIYZZYIIXZXIYY;IIYZZZIXIIYZZX;IIYZZZIZZXIIYX;IIYZZZZXIIXYZI;IXXIIIXZZYIXZY;IXXIIXYXZZZYII
1466,22,0.02831974830275395,773.9987244009626,IIYZZXYZYYXIII;IIYZZYIIYYYZYI;IIYZZYIIYZXIYX;IIYZZYIZXZZXII;IIYZZYXYXZYIII;IIYZZZZYIZIIYY;IIZIIYZZYIYZZY;IXXIIYZYIXZZXI
1467,25,0.011289501489503393,320.43641355443185,IIYZZYIIXZIZZX;IIYZZYIIXZXXXI;IIYZZYIIZIYZZY;IIYZZYIXZZZIXI;IIYZZYIYZYIXXI;IIZYZYIXZZZXII;IXXXZZZIZZXIII;IXYYZZXIXZXIII
1468,18,0.025256736987279944,488.78894204346454,IIYZZYIIYZXXYI;IIYZZYIXXIIXZX;IIYZZYIXZXYYII;IIYZZYIYYXZXII;IIYZZZIZZYIXXI;IIYZZZXIYIZZXI;IIYZZZYYZYIZII;IXYIIYZXIXZZXI
1469,24,0.029885534617012776,925.8453863874688,IIYZZYIIZIXZZX;IIYZZYIXXIXZXI;IIYZZYYXIXZYII;IIYZZYYXIYZXII;IIZYZZYYZZYIII;IXXIIIYZYIXZZX;IXXIIIYZZZIZZY;IXYIIXZZZXXYII
1470,22,0.027575124358137734,678.725447048992,IIYZZYIXXIYZYI;IIYZZYIXXYZYII;IIYZZYIXZXIIXX;IIYZZZIYXZZXII;IIYZZZXIXXYXII;IIYZZZXIXZZIYI;IIYZZZYIIIZXZX;IIYZZZZXIZYXII
1471,20,2.764391686409319,33179.30254743598,IIYZZYIXZYXYII;IIYZZYIYXYZXII;IIYZZYYYIIIXZX;IIYZZZXIIXXYXI;IIYZZZXYZIZXII;IIZIYZZYXZZXII;IIZXZXIXZZZXII;IXXIIIYZZYIYZY
1472,23,0.02920926061308327,495.14029115238435,IIYZZYYIZZZYII;IIYZZYYXIIYZXI;IIYZZYYYIIYZYI;IIYZZZXYXIIXXI;IIZIIYYXZZZZXI;IIZIIYYYZZZZYI;IIZXZZXIIIXZZX;IXIZXIIXZZZZXI
1473,23,0.01894572977201807,473.0289221820236,IIYZZZIXYZZXII;IIYZZZXIIIXYYY;IIYZZZXIIYXXXI;IIYZZZYYIZZYII;IIZIIXZXIYZZZY;IIZIXZZXIIYZZY;IXXIIYXYZZZXII;IXXIIYZXXZZYII
1474,17,0.028771130216009775,429.7173234141619,IIYZZZXIIIYXYY;IIYZZZXIIYZXZI;IIYZZZXIXIZZYI;IIYZZZZXIIIXYZ;IIYZZZZXYXIIIZ;IIYZZZZYYYIZII;IIYZZZZYZIIXXI;IXXIIXZXIXZZXI
1475,19,0.033025293976111675,435.7863182153621,IIYZZZXIIXXXYI;IIYZZZXXYIIIYY;IIYZZZXXYXXIII;IIYZZZZXIIZYXI;IIZIIXZZXXZZXI;IIZIIYZXXZZZYI;IIZYZZYIIIYZZY;IXIZYIYZZZZXII
1476,17,0.022436685374343283,443.1593420006112,IIYZZZXXIZZYII;IIYZZZXXZIZYII;IIYZZZXYIZZXII;IIYZZZZYIIZYYI;IIZXZZZZYXYIII;IIZYZZZZYXXIII;IXXXZZZXIIYYII;IXYIIIXZZZIZZY
1477,16,0.03383668557615714,535.2218705713899,IIYZZZXXZYZIII;IIYZZZXZIIYZXI;IIYZZZXZIXZYII;IIZIYZZZZYIIYY;IIZXZZZYIIIYZX;IIZYZZZXIIXZYI;IXYIYZZZXIIYYI;IXYXXIIIXZZZYI
1478,19,0.06713951502704193,3239.299264707954,IIYZZZXYYIXYII;IIYZZZXYYYXIII;IIYZZZZIZYIIYY;IIZIIXZZZXXZXI;IIZIIYZXIXZZZY;IIZIIYZZIZZZZY;IIZIXZXXZZZXII;IXZXIYZYIIIYZY
1479,24,0.02265147528917484,354.6771914970857,IIYZZZYIIIXXYY;IIYZZZYIIXYIXY;IIYZZZYIIYZZIY;IIYZZZZXYXIIZI;IIZIZIIYZZZZZY;IIZYZZZZYIIYYI;IXXIIIYZIZZZZY;IXXIXZZZZIZXII
1480,22,0.016451706323928988,327.12332936292626,IIYZZZYXXIIIYY;IIYZZZZXZIYXII;IIYZZZZYIIIZYY;IIYZZZZYIYIZYI;IIYZZZZYIYYZII;IIZIIXZZYIXZZY;IIZIYZZZYIXZXI;IIZYZZZZXIYXII
1481,20,0.030647076272400327,461.84445083712444,IIYZZZZYIIYYIZ;IIYZZZZYIXXZII;IIYZZZZZYIIYIY;IIZXZYIIIXZZZY;IIZYZZZXIIYZXI;IXIZZZZXXZXIII;IXIZZZZZYIXYII;IXZXXXIYZZYIII
1482,23,0.25898113886227714,4153.952159591815,IIYZZZZYYIZYII;IIYZZZZZIYIXXI;IIZIIIYZZYYZZY;IIZIYXXZZZZYII;IIZXZZZZXIIIXX;IIZYZYIIYZZZYI;IXIZYIXZZZZYII;IXXIYZZZXIYXII
1483,21,3.1144678790249403,68772.47051397388,IIZIIIXZZZZYYX;IIZIIXZZZZYIXY;IIZIYZYIXZZZXI;IIZIYZZZZXIIYX;IIZXYXZZZZYIII;IXIZZZXXZZXIII;IXIZZZZZXXXIII;IXXIYYIYZZZYII
1484,26,0.04748927520468481,557.5483847473922,IIZIIYYIYZZZZY;IIZIIYZZXYZZXI;IIZXXIIIXZZZZX;IIZXZYIIXZZZYI;IIZXZZZXXZXIII;IIZYZZXXZZYIII;IXIZZXIIIYZZZY;IXIZZZZZXIIIYY
1485,18,0.040228144524721746,678.2444170325324,IIZIIYZYIXZZZX;IIZIIYZYXZZZXI;IIZIXXIIXZZZZX;IIZXZZXIYZZYII;IIZXZZZXIYZYII;IXXIIYZXYZZXII;IXXIXYIXZZZYII;IXZYIIXZZZYZII
1486,20,0.01928029404382983,350.48766632563115,IIZIYZZYIIYZZY;IIZXZZZYYZXIII;IIZYZYIIIXZZZX;IIZYZYIIXZZZXI;IIZYZYIYZZZYII;IXIZZXYZZZYIII;IXXYYIXZZZXIII;IXYIIXZZZXYXII
1487,19,0.03263976317796366,707.9568886056877,IIZIYZZZZIZZYI;IIZXYIIIXZZZZY;IIZXZZZZXIIIYY;IIZYZZYXZZXIII;IXIZZZXYZZYIII;IXIZZZZXIIIXZX;IXXIIIXZYYZZXI;IXXIIYYIIYZZZY
1488,23,0.030896339824098826,788.1394705852899,IIZXZZZZYIYXII;IIZYXIIYZZZZXI;IXIYIYZZZZZXII;IXXIIIIYYXZZZX;IXXIIIIYYYZZZY;IXXIXZZYIIYZXI;IXXIYZYXZZXIII;IXXIZXZZZZXIII
1489,19,0.026304312991996405,556.9953597356291,IXIYIIIYZZZZZX;IXIYIIYZZZZZXI;IXIZZZZZYIIIYX;IXXIIIIXZZZYXY;IXXIIIXYIXZZZY;IXXIIXZYIIXZZY;IXXIIYZYIIYZZY;IXXIYZZYIIIYZY
1490,21,3.121317471540361,45736.71933959548,IXIZYYZZZZXIII;IXIZZZZYYZXIII;IXXIIIIYZZYXZX;IXXIIIXYYZZZXI;IXXIIIYZYYZZYI;IXXIIIYZZIZZZY;IXXIXIZZZZZXII;IXXYXIIIXZZZYI
1491,25,0.05259601044530035,815.2967456246987,IXIZZZYIIXZZYI;IXIZZZZZXIIIXX;IXIZZZZZYIIIXY;IXXIIIXZZYYZXI;IXXIIXXYZZZYII;IXXIIXZZXIIXZX;IXXIIXZZYIIXZY;IXXIIYZZYIIYZY
1492,27,0.33504419283600356,664.2824827422578,IXIZZZZXIYZYII;IXIZZZZZXYYIII;IXXIIIIXYXZZZY;IXXIIIIYZZZYXX;IXXIIIXZZZXIXX;IXXIIIYZYXZZXI;IXXIXXXZZZXIII;IXXIYYXZZZXIII
1493,27,0.03375548697131421,698.2354520923847,IXIZZZZZYIIXYI;IXXIIIIYXXZZZY;IXXIIIXYXZZZYI;IXXIIIYZZXIYZX;IXXIIIYZZZXIYX;IXXIIYZXIIXZZY;IXXIXZYIXZZYII;IXXIYXIIIXZZZY
1494,16,0.038583961895729275,389.4312322235385,IXXIIIIXYYZZZX;IXXIIIIXZZXXZX;IXXIIIIYZZXXZY;IXXIIIXZZZYYXI;IXXIIIYXIXZZZY;IXXIIXYIYZZZXI;IXXIYZZZXIIYXI;IXZYIIIYZZZZIX
1495,15,0.02582538082475621,530.495633781518,IXXIIIIYZZXYZX;IXXIIIXZXYZZYI;IXXIIIXZZXXZXI;IXXIIIYZZZYIYY;IXXIIXZYIIYZZX;IXXIIXZZZYYXII;IXXIIYZZIZZZYI;IXXIYZZZXIIXYI
1496,25,0.0153590502490431,296.4393393956523,IXXIIIIZYZZZZY;IXXIIIXZZZXYYI;IXXIIIYZZYIXZX;IXXIIIYZZYYZYI;IXXIIYZZYIIXZX;IXXIIYZZYIYZYI;IXXIXXIIXZZZXI;IXXIXZXIIXZZXI
1497,31,0.07741096782671164,1597.0258803604943,IXXIIIXZXIXZZX;IXXIIIYIZZZZZY;IXXIIIZIYZZZZY;IXXIIXZZYYZXII;IXXIIXZZZZXZII;IXXXZXIIIIXZZX;IXYIIYYYZZZXII;IXYIIYZYYZZXII
1498,20,0.05586432722472312,200.18304489282,IXXIIIYZXIYZZX;IXXIIIYZZZXXYI;IXXIIXYYZZZXII;IXXIXXIIIYZZZY;IXXIXZZXIIIYZY;IXXIYZZYIIXZXI;IXYIIXZYIIYZZY;IXZXZIXZZZXIII
1499,16,0.03459789655290071,1394.5472755273556,IXXIIIYZZZZYZI;IXXIIIZXZZZZXI;IXXIIYXXZZZYII;IXXIXYIIIXZZZY;IXXIXZZZZXIIIZ;IXXIYZZZZYIIIZ;IXXIZIIIYZZZZY;IXXYZZZXIIYXII
1500,18,2.779292911727592,47980.225712579486,IXXIIIZIXZZZZX;IXXIIXYIXZZZYI;IXXIIXZZXIYZYI;IXXIIZIYZZZZYI;IXXIXZZYIIIXZY;IXXIXZZYIYZXII;IXXIXZZYYZXIII;IXXXZZZZXIZIII
1501,13,0.026559576617923023,453.47164175889424,IXXIIXZZXIXZXI;IXXIIXZZZYIIYX;IXXIIXZZZYXYII;IXXIXZYYZZXIII;IXXIXZZZYYXIII;IXXXZZXIIIIYZY;IXXYZYIIIIXZZX;IXYIYYYZZZXIII
1502,29,0.029173084058680025,502.8309464332892,IXXIIYZYIIXZZX;IXXIXYYZZZXIII;IXXIXZXIYZZYII;IXXIYXXZZZYIII;IXXIYZYIIXZZXI;IXXIYZYIXZZXII;IXXZIXZZZZXIII;IXYIIIXZXIYZZX
1503,19,0.03725243010180607,737.8409589864658,IXXIIYZZXIIXZY;IXXIIZYZZZZYII;IXXIXZYIIIYZZX;IXXIXZZZYIIIYX;IXXIYXIXZZZYII;IXXYZZYIIIYZYI;IXYIIYZZZXIIXX;IXZXIIIIXZZYYX
1504,19,0.019980826284742504,876.8693136627262,IXXIXXIIYZZZYI;IXXIXZZYIIXZYI;IXXIXZZZXIXXII;IXXIYZXYZZXIII;IXXIYZYIIIYZZY;IXXIYZZXIIIXZY;IXXIYZZZYIYYII;IXYIXZZXIIIXZY
1505,19,0.02717610992527377,451.55797568612354,IXXIXZYIIIXZZY;IXXIXZZZYIXYII;IXXIYXIIYZZZXI;IXXIYZZZIZZYII;IXXYZXIIIYZZXI;IXXYZZXIIYZXII;IXZYIIIIYXXZZX;IYXIYZZZZXZIII
1506,17,0.035539038445883006,852.0976486713706,IXXIXZZXIYZYII;IXXIXZZYIXZYII;IXXIXZZZXIIXXI;IXXIYZYIIIXZZX;IXXIYZZZYIIIXX;IXXYZZZYIXXIII;IXZIZZZZYIXYII;IXZYXZZZYIZIII
1507,28,0.034097818568781066,517.8009300133655,IXXIXZZZIZZXII;IXXIXZZZXIIIXX;IXXIYZZXIXZYII;IXXIYZZZZZIYII;IXXXZXIIXZZXII;IXXYXIIXZZZYII;IXYIIXZZYIIXZX;IXYIIXZZZZZIYI
1508,22,0.09072067520414974,1560.2726300161812,IXXIYZZXIIXZYI;IXXIYZZYIIYZYI;IXXIYZZZXIIIXY;IXXIYZZZYIIYYI;IXXYZYIIXZZXII;IXYIIXZZZIZZYI;IXYIYYIIIYZZZX;IXZZXXXIIIIXZX
1509,18,0.026773724450801124,875.8557352310547,IXXIYZZZYYYIII;IXXIZIIIXZZZZX;IXXXZXIIYZZYII;IXXYZZZYIYYIII;IXYIIYYIIYZZZX;IXYIXZZZZZIYII;IXZYIIIYZZYIYX;IYYIIIXZZZXYYI
1510,31,0.08676986801061604,2170.7467169076726,IXXIYZZZZYIZII;IXXIZIYZZZZYII;IXXXZXIIIYZZYI;IXXXZZYIIIXZYI;IXXYZZXIIXZYII;IXYIIYYXZZZYII;IXYXZZZYIIIXXI;IXZIXIIXZZZZXI
1511,19,0.03546534705470293,547.6565504789153,IXXIZIIYZZZZYI;IXXXZYIIIIXZZY;IXXYXIIYZZZXII;IXYIIIIYZXXZZX;IXYIIIIYZZZZXZ;IXYIIXZXIIXZZY;IXYXXIIXZZZYII;IXZZXIIIYYXZXI
1512,26,0.03052368875216098,745.4736272013907,IXXXZZZXIIIIYY;IXXYZXIXZZYIII;IXXYZZYIYZYIII;IXYIIIIYZZYYZX;IXYIXXIIYZZZXI;IXYYZZZXIIIYYI;IXZZYIXYIIIYZY;IXZZZYIIIIXXYX
1513,21,0.04535981152418582,768.72754075395,IXXYXIIIYZZZXI;IXXYYIIIXZZZXI;IXYIIIIXZZZXYX;IXYIIIXZIZZZZY;IXYIIXZZZXIIYX;IXYIIYZZZYIIYX;IXYIXZZZXIIIXY;IXYIYZYIXZZYII
1514,17,0.024978090644053316,574.528368317695,IXXYZZZYIIYYII;IXXZIIYZZZZYII;IXYIIIIYZZYXZY;IXYIIIYYIYZZZX;IXYIIIZXZZZZYI;IXYIIXZXXZZYII;IXYIXZZXIXZYII;IXZYIIIZIYZZZX
1515,16,0.03426974609279539,734.2065254259969,IXXZIIIIXZZZZX;IXYIIIIXZZYXZX;IXYIIIXZYYZZYI;IXYIIIYZYXZZYI;IXYIIXZZYIYZYI;IXYIIYZZXIIXZX;IXYIXZZZYIIYYI;IXYIYZZXIIIXZX
1516,17,0.038676909182868306,820.8667321320166,IXYIIIIYZYXZZY;IXYIIIXZZXIYZX;IXYIIXXIIXZZZY;IXYIIXXIXZZZYI;IXYIIXXIYZZZXI;IXYIIXXXZZZYII;IXYIXXIIIXZZZY;IXZYIZXZZZYIII
1517,18,0.07106897452654329,809.9052865266133,IXYIIIXXIXZZZY;IXYIIIXXIYZZZX;IXYIIIYZZZYXYI;IXYIIXZZXIYZXI;IXYIIXZZZYIIYY;IXYIIXZZZZYIZI;IXYIXZXIXZZYII;IXZYIXZIZZZYII
1518,18,0.02757512435813773,643.0861515373035,IXYIIIXZYIXZZX;IXYIIIXZZZYYYI;IXYIIIYZIZZZZX;IXYIIXZZZYIYYI;IXYIIXZZZYYYII;IXYIYYIIIXZZZY;IXYYYIXZZZYIII;IXZZIZZZYIIXYI
1519,23,0.06226496709148814,1204.6774479557293,IXYIIIXZZZXIXY;IXYIIIYXXZZZXI;IXYIIIYZZXXZXI;IXYIIIYZZZXIYY;IXYIIYZXXZZXII;IXYIYZXIIXZZXI;IXYIYZZYIXZYII;IXZXIIIIXYXZZY
1520,16,0.031508649577123446,599.4347517085284,IXYIIIYZZZIZZX;IXYIIXYYZZZYII;IXYIIXZIZZZZYI;IXYIIYXIIXZZZX;IXYIXZZZYIIIYY;IXYIYZZZXIIIYY;IXYIYZZZYIIYXI;IXYXZZZXIIIXYI
1521,21,0.03618608967422532,707.154864084966,IXYIIIZYZZZZXI;IXYIIXZZYIIYZY;IXYIIXZZYYZYII;IXYIXZZXIIYZXI;IXYIXZZYIIYZYI;IXYXZZIZZZYIII;IXZYIIIYYXZZYI;IXZZZZXIIXXZII
1522,16,0.02170014700781287,236.84075067164872,IXYIIXZZZZIZYI;IXYIIYZZYXZYII;IXYIIYZZZZZIXI;IXYIYXIIXZZZXI;IXYXZZXIIIXZYI;IXYYZXIIIXZZXI;IXZXIIIIXZYYZX;IXZYIYXYZZYIII
1523,18,0.07832099796924438,1070.921119087677,IXYIIYZZZYIXYI;IXYIIYZZZZXIZI;IXYIIYZZZZXZII;IXYIXZZXXZYIII;IXYIZIIIXZZZZY;IXYXZZZIZZYIII;IXZYIXZZYIIYYI;IXZZXXZXIIIXXI
1524,29,0.0922638334982455,790.431326859529,IXYIIYZZZYXYII;IXYIXZXIYZZXII;IXYIXZZXIYZXII;IXYIYZZYIIYZXI;IXYXZZZZYIIIIZ;IXZIZXIXZZZXII;IXZYIIIYXXZZXI;IXZYIIYZZIZZXI
1525,20,0.024779755651217015,431.5026754020136,IXYIIZIIXZZZZY;IXYIIZIIYZZZZX;IXYIIZIYZZZZXI;IXYIXZXIIXZZYI;IXYIYZXIIYZZYI;IXYIYZZZZXIZII;IXYIZIYZZZZXII;IXZZXIIIZXZZXI
1526,20,0.01619071248245027,346.15435025128306,IXYIXZZZXIYXII;IXYIXZZZYIXXII;IXYIYZZYIIIXZY;IXYXZZXIIIIXZY;IXYXZZXIYZXIII;IXYYZYIIIXZZYI;IXZXIIIIXZXXZX;IXZXIYZZZZIYII
1527,19,0.022956227491426492,337.3477437706243,IXYIYXXZZZXIII;IXYIYZXXZZXIII;IXYIYZZZXXXIII;IXYYYIIIXZZZYI;IXYYZYIIXZZYII;IXZXIIYYIIYZZY;IXZXYZZXIIIIYX;IXZZYIIIIYXXZX
1528,15,0.0072520234427010735,129.43803124390402,IXYIYYIIYZZZXI;IXYIYZXIYZZYII;IXYIYZYIYZZXII;IXYIZIIIYZZZZX;IXYXZXIXZZYIII;IXYXZXIYZZXIII;IXYYZXIXZZXIII;IXYYZZZXIXXIII
1529,23,0.08747310288497015,721.8390701002362,IXYIYZZIZZZXII;IXYIYZZZIZZXII;IXYIYZZZZIZXII;IXYXZZYIIIIXZX;IXYYZZXIIIXZXI;IXYYZZXIIIYZYI;IXZXYZYIIIIXZX;IXZYYZXIIIIXZX
1530,21,0.34748763155585455,555.6206795447769,IXYIYZZYIIIYZX;IXYYYIIIYZZZXI;IXYYZZZYIIIIYX;IXZXIIIXZZZXIZ;IXZXZIIIYZZZYI;IXZYIIIIZYZZZX;IXZYXXIXZZYIII;IXZYXZZYIIYYII
1531,17,0.14213794905308658,408.22436718043133,IXYIYZZZXIIXXI;IXYYZYIIIIYZZX;IXYYZYIXZZYIII;IXZIYIIYZZZZXI;IXZIYIXZZZZYII;IXZIZZYIIYZZXI;IXZXYYIXZZXIII;IXZYYYIIIIYZZX
1532,19,0.010900525241827436,282.84266445795885,IXYIYZZZYXYIII;IXYYZZZXIIYYII;IXZIXIIIYZZZZY;IXZXIIIIYZYYZY;IXZXIIXZZXXXII;IXZYIIIIYZYXZY;IXZYIIIXZZYXXI;IXZZXIIIXZIZZX
1533,16,0.009969392364739597,355.33883486967596,IXYYZZYIIIXZYI;IXYYZZZYIIXYII;IXZIXIIIXZZZZX;IXZXIIIIZXZZZX;IXZYIIXZZYIXXI;IXZZXIIIYZYIYY;IYIXIIIYZZZZZX;IYXIIIIXZZZYYY
1534,17,0.022977677453717614,371.90868648627605,IXZIYXZZZZYIII;IXZIZYIIXZZZYI;IXZIZZZZYXYIII;IXZXIIXZZXIIYY;IXZXIYZYIIIXZX;IXZYIIIYZZXXXI;IXZYIIXZXIIYZX;IXZZIZYIXZZYII
1535,23,0.04529993420801373,1600.835822313676,IXZIZZXIIXZZXI;IXZIZZXIIYZZYI;IXZIZZYIIXZZYI;IXZXIIIXYIYZZX;IXZXIIIYYIXZZX;IXZYIXZZZZIYII;IXZYYYIYZZXIII;IXZZYXZZYIIIZI
1536,25,0.045236551734679206,676.8894170719875,IXZIZZZYYZXIII;IXZIZZZZXIIYYI;IXZXIIIYZZYXXI;IXZXIIYZZXXYII;IXZYIIXZYIIXZX;IXZYIIXZZXIIYX;IXZYIXYIIIXZZX;IXZYXXIIXZZYII
1537,18,0.06465034376000733,1064.0638113123543,IXZIZZZZYIIIYX;IXZXIIIXZZYIYX;IXZXIIXZXXZXII;IXZXIXZZXIIYYI;IXZXXZZYIIXYII;IXZYIYZYIYZXII;IXZYYZYIIIXZYI;IXZZXIIXYYZXII
1538,19,0.011665809544337987,121.39263493964106,IXZXIIYZYYZYII;IXZXIXZZZXIZII;IXZXXZYIIIXZYI;IXZXXZZYIIIIXY;IXZYIIIYXYZZYI;IXZYIXXIIIXZZY;IXZZZYIIXYIIXX;IYXIIIIYXXZZZX
1539,24,0.06358064755205849,1794.1734030361283,IXZXIIYZZZYIIZ;IXZXIXZZXIYYII;IXZXXZZZIZXIII;IXZXYZZYIIIYYI;IXZYIIIIXZZYXX;IXZYIYZZXIIIXX;IXZZXIIYYIIXZX;IXZZXIYYIIYZYI
1540,19,0.013025188649275855,305.28229557034814,IXZXIYXIXZZYII;IXZXXYIXZZYIII;IXZXXZZYIIIIYX;IXZYIIIXZZXXYI;IXZYIIXZYIXZXI;IXZYIIYZXIXZXI;IXZYIZIIIYZZZX;IXZZYYXIXZXIII
1541,18,0.0922638334982455,479.6010917635781,IXZXIYZZXIIYXI;IXZXXZXIIIIXZX;IXZYIIIYIZZZZX;IXZYIIIYZZZXIZ;IXZYIIYZZZXIZI;IXZYIYZYIXZYII;IXZYXZYIIIIYZY;IXZZYIIIIYZYYX
1542,34,0.021699627398728095,470.90775602638683,IXZYIIIIXXXZZY;IXZYIIIIXZYXZX;IXZYIIIIYZZYYX;IXZYIIIXZIZZZY;IXZYIIIYZZXYYI;IXZYIIZIYZZZXI;IXZYIIZYZZZXII;IXZYZIIIYZZZXI
1543,16,0.03041810208548568,757.1586552952148,IXZYIIIIXZZXYX;IXZYIIIIYZYYZX;IXZYIIIIYZZZXZ;IXZYIIXXIXZZYI;IXZYIIYXIYZZYI;IXZYIXZZYIXXII;IXZYYZYIIXZYII;IYYIIYZIZZZZYI
1544,21,0.03494940154226169,727.5072740776815,IXZYIIIIYZXYZY;IXZYIIIIYZZXXX;IXZYIIIYYYZZXI;IXZYIIIYZZXIYY;IXZYIXYIIIYZZY;IXZYYZZYIIXYII;IXZZZYYYIIIYXI;IXZZZZXIIYIZYI
1545,21,0.01698624205913402,401.2878018204945,IXZYIIIIZXZZZY;IXZYIIIYZZYXYI;IXZYIIXZZXIYXI;IXZYIIYXIIXZZX;IXZYIYZXIIIXZX;IXZYYZZZIZXIII;IXZZXIIZIXZZXI;IXZZXXZXIIIIYY
1546,19,0.019098745930664865,386.044630402336,IXZYIIIYZZYIXY;IXZYIIIZIXZZZY;IXZYIIXZXIYZXI;IXZYIIXZXYZXII;IXZYIIYZYIXZYI;IXZYIXZXIIIXZY;IXZYIYYIIYZZXI;IXZZZXIIXXIIYY
1547,15,0.02433558795973943,609.0902308950233,IXZYIIXXXZZYII;IXZYIIXZIZZZYI;IXZYIXZXIXZYII;IXZYXZXIIIIYZX;IXZYXZXIIIYZXI;IXZZYIIIYZXXXI;IXZZZIZZYIIIYX;IXZZZYIIXXIYXI
1548,16,0.04785452667766903,756.2524936766005,IXZYIIXZYIYZYI;IXZYIIXZZXIIXY;IXZYIXZZZYIZII;IXZYIZIXZZZYII;IXZZXIIIYZZYZI;IXZZZYIIXXIIYX;IXZZZZIZXIIXXI;IYIXXZZZZZYIII
1549,24,0.01698624205913402,489.7897994369932,IXZYIIYXIIYZZY;IXZYIIYZXIIYZY;IXZYIIYZYIIXZY;IXZYIIZIIXZZZY;IXZYIYZZYIXYII;IXZZXIIYXXZYII;IXZZXIXZXIYYII;IXZZXIXZYIYXII
1550,17,0.011205397183526467,250.91489606341145,IXZYIIYZZXIYYI;IXZYIIZIXZZZYI;IXZYIYYIXZZYII;IXZYIYZZXIIXXI;IXZYXYIYZZYIII;IXZZXIXZXIXXII;IXZZXIYIZZZYII;IYYIIXZZZXXXII
1551,12,0.04851359933562102,748.3190571760553,IXZYIXZZYIIIXX;IXZYIYYIIIXZZY;IXZYIYZZXIIIYY;IXZYYZZXIIYYII;IXZZXIIIYZYYYI;IXZZXIIIYZZZIY;IXZZYIIIXZYXXI;IXZZZYIIIXYXXI
1552,19,0.027900513804910675,635.616433303007,IXZYIYYIIIYZZX;IXZYIYYXZZYIII;IXZYZIIIIXZZZY;IXZZXIIIYZYIXX;IXZZXIIXXIYZYI;IXZZXIIYZZIZYI;IXZZXXZZXIZIII;IXZZYIXYIIXZXI
1553,17,0.027418396612913863,622.2896528905682,IXZYIYZZZIZXII;IXZYXZXIYZXIII;IXZYYZZYIIIIXY;IXZZIZZZZIZXII;IXZZXYXIYZXIII;IXZZYYZXIIIIXX;IXZZZZXIIIXXIZ;IYXIIXYIXZZZXI
1554,21,0.028235161062428783,661.4910067792233,IXZYIZYZZZXIII;IXZYXZYIIIIXZX;IXZZIZYIIIYZZX;IXZZIZZYIIYZXI;IXZZIZZZZZIXII;IXZZXIYZZIZYII;IXZZYIYZYIIIXY;IYIZZZZZXIIIXY
1555,18,0.008958482319503224,288.6026610839094,IXZYYXIIYZZYII;IXZZIZYIIIXZZY;IXZZIZZYXZYIII;IXZZXIIYZXYXII;IXZZXIIZXZZXII;IXZZXIYXIIIYZX;IXZZYIIZXZZYII;IXZZYXZXIIIXYI
1556,14,0.027244083663587527,483.05430402364254,IXZZIYIXZZZYII;IXZZIZYXZZYIII;IXZZXIIIIXXYZY;IXZZXIIIXZZZIX;IXZZXIIIZYZZYI;IXZZXIXZXYYIII;IXZZXIXZZZIXII;IXZZXYZXIIYXII
1557,19,0.027992424274562323,662.6156291439903,IXZZIZZXIIIXZX;IXZZIZZZXIIXXI;IXZZXIIIYXYZXI;IXZZXIXZXIIIYY;IXZZXIYZYIXXII;IXZZXXZZXIIIZI;IXZZXYZYIIXXII;IXZZZYIYXIIYYI
1558,22,0.026313852559903806,471.0471159136212,IXZZXIIIIYXXZY;IXZZXIIIIYZYXX;IXZZXIIIYZIZZY;IXZZXIIYYYZYII;IXZZXIZIIXZZXI;IXZZXZIIIXZZXI;IXZZYIIIXZXIYX;IXZZYIIXXXZYII
1559,24,0.06663812561499606,1124.24790445561,IXZZXIIIXIZZZX;IXZZXIIIXYIXZY;IXZZXIIIXZZIZX;IXZZXIIXZZXIZI;IXZZXIYXIIYZXI;IXZZXXXIIIYZYI;IXZZXXYIIIYZXI;IXZZYIIIIXXXZY
1560,19,0.024757268035336406,699.3369539792277,IXZZXIIIXZYXYI;IXZZXIIIYYIYZY;IXZZXIIYXYZXII;IXZZXIXYIIYZXI;IXZZXXIZZZXIII;IXZZYIYZYIIYXI;IXZZYYZZXIZIII;IXZZZIZZYIIYXI
1561,17,0.028916276615342115,473.05201401191573,IXZZXIIIYZYXXI;IXZZXIIYXIIXZY;IXZZXIIYXIXZYI;IXZZXIIYZXIIXY;IXZZXIYZYXXIII;IXZZYIZIIIXZZY;IXZZZYYYIIIXYI;IYIXIYZZZZZXII
1562,24,0.3209415762160744,1250.5706037620007,IXZZXIIIZIYZZY;IXZZXIIXZXXXII;IXZZXIIYIZZZYI;IXZZXIIZIYZZYI;IXZZXYYIIIIXZX;IXZZZYIIIIXZYZ;IYXIIXYIIXZZZX;IYXIIXZZZYXXII
1563,17,0.24331780518648402,3921.657366552856,IXZZXIIYZYYYII;IXZZXIIYZZYZII;IXZZXIXXIIIXZX;IXZZXIYZYIIIYY;IXZZXZIIIYZZYI;IXZZYIIXYYZYII;IXZZZYIXIZZYII;IYIZZZZIZZZYII
1564,23,0.03375548697131421,550.790051231643,IXZZXIXXXZXIII;IXZZXIXZIZZXII;IXZZXIXZXXXIII;IXZZXIYYIIIXZX;IXZZXXZYIIIIYX;IXZZXYZYIIIXXI;IXZZYIIXZXYXII;IYYIXYIXZZZYII
1565,23,0.06189829228093108,855.9720880447107,IXZZXIXYIIIXZY;IXZZXIXZYIXYII;IXZZXIYZXIYXII;IXZZXXZYIIIIXY;IXZZYIZIIXZZYI;IXZZZXYIZZYIII;IXZZZYXZYIZIII;IYIZZZZZXIIYXI
1566,13,0.08358831600233518,1464.1812289095549,IXZZXIYZYYYIII;IXZZXIYZZZIYII;IXZZXIZIIIXZZX;IXZZXYZYIIIYYI;IXZZXYZYIIYYII;IXZZYIIZIIXZZY;IXZZYZIIIIXZZY;IXZZZZXZIIIIYY
1567,16,0.024322478235728084,369.62332487162445,IXZZXIYZZYIIZI;IXZZXIYZZYIZII;IXZZXXYIXZYIII;IXZZYIIIYZYYXI;IXZZYIYXXZXIII;IYXIIIXZXIXZZY;IYXIIIXZYIYZZY;IYYIIIYXIXZZZY
1568,23,0.025290378603963895,538.2511629918475,IXZZXXYIIIIXZY;IXZZXXYIIIXZYI;IXZZYIIIIXZXXY;IXZZYZIYZZXIII;IXZZZYIIYYIIYX;IXZZZYIXXIIYXI;IXZZZZXIIIZIYY;IYYIIIYZXYZZXI
1569,18,0.017513438067067257,362.00872874260875,IXZZXYYIIIYZYI;IXZZYIIIIYZXXX;IXZZYIIIXXXZYI;IXZZYIIIYYYZXI;IXZZYIXXIIIYZX;IYXIIIIXXXZZZY;IYXIIIIYZXXZZX;IYXIIIXZZZYIXX
1570,18,0.033649554041412774,622.5655605124513,IXZZXZIIXZZXII;IXZZYIIIIXZXYX;IXZZYIIIXYXZXI;IXZZYIIIYZZXIZ;IXZZYYZYIIIXYI;IXZZZYIIIZIXZY;IYXIIYZZYIXZYI;IYXIXZZZYIIYYI
1571,18,0.022577353691340604,340.24154495389666,IXZZYIIIXZYIXX;IXZZYIIIYZXIYY;IXZZYIIXZYIIYY;IXZZYIIYYIIYZX;IXZZYIXXIYZXII;IXZZZXIXZZIXII;IXZZZXYXIIIIXY;IYZZXIIIIYYYZX
1572,14,0.011861340678998161,324.2376476397869,IXZZYIIIXZYYYI;IXZZYIIXYIXZXI;IXZZYIIYZZXIIZ;IXZZYIYYIIXZYI;IXZZYIYZXIIYYI;IXZZYYYIIXZYII;IYIYIIIYZZZZZY;IYXXZZZXIYXIII
1573,20,0.019583833356371354,272.93027410715126,IXZZYIIIYXXZXI;IXZZYIIXZZYIZI;IXZZYIXYIIYZYI;IXZZYXXIIIIYZX;IXZZZYIIXXIIXY;IXZZZYXXIIXYII;IYXIIIXZZXXZYI;IYYXZZZYIIIIXY
1574,27,0.02650114651980357,694.3292108112357,IXZZYIIXZZYIIZ;IXZZYIIYXIYZYI;IXZZYIIYXXZXII;IXZZYIXZXIYXII;IXZZYIYZXXXIII;IXZZZIZZXIIIYY;IXZZZIZZXYYIII;IXZZZZYIIIZYXI
1575,22,0.01243686325387824,321.93197795299,IXZZYIIYXIIYZY;IXZZYIYZYXYIII;IXZZYIYZZXZIII;IXZZYXYIIIIXZX;IXZZZYIIXYXXII;IYIZZZZZYYYIII;IYXIIIIXZZZYXX;IYXIIIXZZZZYZI
1576,18,0.03299266556537563,791.2424058440795,IXZZYIIZIIYZZX;IXZZYIIZYZZXII;IXZZYIYZZXIIZI;IXZZYYYIXZYIII;IXZZZYIYYIIXYI;IYXIIIXZYYZZYI;IYXIYZYIXZZYII;IYXXZYIIIYZZYI
1577,17,0.03703365024021363,805.4360395298395,IXZZYIYXIYZYII;IXZZYXZYIIXXII;IXZZYXZZIZYIII;IXZZYYZZIZXIII;IXZZZYIIIIYYXY;IXZZZYIIIYXIYY;IXZZZZXIXXIZII;IYXIIXZZZXXYII
1578,19,0.4875339845331682,8453.34676207277,IXZZYIYZXIIIXX;IXZZZIXYZZYIII;IXZZZXIYXIXYII;IXZZZXXYIIIIXY;IXZZZYYXIIIIXX;IXZZZYYXIIIIYY;IXZZZZXIIIIZYY;IXZZZZYIIIZIYX
1579,22,0.0646323909339023,1179.7699402744547,IXZZZIXIIYZZYI;IXZZZIXIYZZYII;IXZZZIZZYIIXYI;IXZZZXIZIIIYZY;IXZZZYIIZIIXZY;IXZZZZXIXZIXII;IYXIXYIIYZZZYI;IYXXZZZXIIYXII
1580,16,0.028078552942306472,903.8007098402309,IXZZZIYIXZZYII;IXZZZIZZYIIIXY;IXZZZXIXXYYIII;IXZZZYIIYYYXII;IXZZZYIYZIZXII;IYXIIIIYZYYZZX;IYXIXZIZZZZYII;IYZXIIIIXZZYXX
1581,19,0.03519857302416979,675.353233892672,IXZZZIZZYIXYII;IXZZZXIYXIIIYX;IXZZZXXZXIIIZI;IXZZZYIIIIXYXX;IXZZZYIIIIYXYY;IXZZZZXIYYZIII;IXZZZZYIXYIIIZ;IXZZZZYIZIIIXY
1582,15,0.029975361088711377,586.1857927629353,IXZZZXIIIIYYYY;IXZZZXIIIYIZZY;IXZZZYIIXZYZII;IXZZZYIXZYIIIZ;IXZZZZXIYIZYII;IYXIXZYIXZZXII;IYYIIIXIZZZZZX;IYYIIYZZYIXZXI
1583,14,0.031242636987308132,631.6921166190048,IXZZZXYZYIIIZI;IXZZZYIIXZYIIZ;IXZZZYIYYIXYII;IXZZZYYYIIYXII;IXZZZZIZXYYIII;IXZZZZIZZZIXII;IXZZZZXXXIZIII;IXZZZZYXYIIIIZ
1584,20,0.04172923239608961,948.6388907283995,IXZZZYIIIYZXIZ;IXZZZYIIYZXIIZ;IXZZZYXIZZYIII;IXZZZYYYIIXYII;IXZZZYZIXZYIII;IXZZZZXXXIIZII;IXZZZZYZIYXIII;IYXXZXIIIXZZYI
1585,19,0.14213999665488353,629.1387447671581,IXZZZYIIZYZXII;IXZZZYXZYIIZII;IXZZZYZIIXZYII;IYIYYZZZZZYIII;IYIZZZZZYIXXII;IYXIIIIXZZZZYZ;IYXIIIXZZZZYIZ;IYYIIIIYXYZZZX
1586,20,0.025750588682334135,513.4120525560826,IXZZZYIXYIIIXX;IXZZZYIYYIIIYX;IXZZZYXZYIIIIZ;IYXIIIXYXZZZXI;IYXIIXXIIYZZZX;IYXIIXZZXIIYZX;IYXIIYZZZYXYII;IYXIXZZZZYZIII
1587,17,0.0422442104721449,775.7020386436127,IXZZZYIXZIZYII;IXZZZYYZIZXIII;IXZZZZXIIYYIZI;IXZZZZZIXIIIXX;IXZZZZZIXIXXII;IYXIXZZXIIXZYI;IYXIXZZXYZXIII;IYXYZYIIXZZYII
1588,17,0.02662201291609655,616.1379510290262,IXZZZYIXZYIZII;IXZZZZXIIXXIZI;IXZZZZXIIXZIXI;IYIZYIIIYZZZZY;IYXIIIXZIZZZZY;IYXIIIXZYIXZZX;IYXIIYZZZYYXII;IYZYYXIIIIXZZY
1589,19,3.002937554118776,42876.33834332054,IXZZZZIZXIIIXX;IXZZZZXIIZIIXX;IXZZZZXXZIXIII;IXZZZZXYZIYIII;IYXIIIIXZZXXZY;IYXIIIIYZZYXZY;IYXIIYZZYIIXZY;IYXIYZYIYZZXII
1590,13,0.08783196035666105,1416.8002873706725,IXZZZZXZIIYYII;IXZZZZYIIZXYII;IXZZZZYIXYZIII;IYXIIXZZZYYYII;IYXIIYXXZZZXII;IYXIXZZZXIIIYX;IYXIYZZIZZZXII;IYXYZZYIIIXZYI
1591,14,0.01702810181885273,350.7842844063947,IXZZZZXZIXXIII;IXZZZZYIIIYIZX;IYXIIIIYZYXZZY;IYXIIIIYZZXYZY;IYXIIIYYXZZZYI;IYXIIIYZZZXYYI;IYXIIZXZZZZYII;IYYIIYZZZXIIXY
1592,20,0.042997640045175305,793.6138155403193,IXZZZZYXYIZIII;IYIZZYIYZZZYII;IYIZZZZZYIYYII;IYXIIIIXZYXZZX;IYXIIIXZZYXZXI;IYXIYYIYZZZXII;IYXIYZZZYIYXII;IYYIXZZZZIZXII
1593,19,0.038281931989870135,813.63981993773,IXZZZZZIYIIYXI;IYIZZZZYIXZXII;IYXIIIIXYXZZZX;IYXIIIXZZZIZZY;IYXIIIYZXIYZZY;IYXIIIYZZZYIXY;IYXIIXZZYXZXII;IYXIZIIYZZZZXI
1594,15,0.038281931989870135,619.7048132135961,IXZZZZZXIIIXIX;IYIZZZZZYXXIII;IYXIIIIXZYYZZY;IYXIIIIYZZZYYX;IYXIIYZYIIXZZY;IYXIIYZZZXXXII;IYXIXYIYZZZYII;IYZZZXIIYYIXYI
1595,14,0.03265749268027607,646.197524925202,IYXIIIIXZZZXXY;IYXIIIIXZZZXYX;IYXIIIIYZZZXXX;IYXIIIIYZZZYXY;IYXIXYXZZZXIII;IYXIYXXZZZXIII;IYXIYYXZZZYIII;IYZZYYZIZZYIII
1596,13,0.015766052459534212,387.78732473491635,IYXIIIXYIXZZZX;IYXIIIXZZXIYZX;IYXIIIXZZZXIYX;IYXIIIYZZZYXYI;IYXIXZXIIIXZZY;IYXIZIIIXZZZZY;IYYIXZZXIIIXZX;IYZZYXZXIIIIXX
1597,18,0.033341863187273356,546.3972511858877,IYXIIIXZXYZZXI;IYXIIIYIZZZZZX;IYXIIIZIYZZZZX;IYXIIYZZZXIIYY;IYXIYZZZZXIIZI;IYXXZZYIYZYIII;IYXYZZXIIIIXZX;IYZZXIIXXIIXZY
1598,19,0.014508321992909079,486.52488265481514,IYXIIIXZZZZIZY;IYXIIIYZIZZZZX;IYXIIIYZZZZZIX;IYXIIYZZZZXZII;IYXIYZZZZXIZII;IYXXZZZXIXYIII;IYYZIIYZZZZYII;IYZZYIYYIXZXII
1599,14,0.030478125469526447,468.023713910854,IYXIIIYZZXXZXI;IYXIIXZYXZZXII;IYXIIXZZIZZZYI;IYXIIYZZXIYZYI;IYXIXZZYIXZXII;IYXIYZZXIIXZXI;IYXXZZYIIIIXZX;IYYIIIXYYZZZXI
1600,11,0.011861340678998161,298.2679500438927,IYXIIXXIIXZZZY;IYXIIXXXZZZYII;IYXIIYZYXZZYII;IYXIIYZZIZZZXI;IYXIIYZZYIIYZX;IYXIXZZYIYZYII;IYXIYZYYZZXIII;IYXYZZZYIIXYII
1601,13,0.02570548026809885,488.05843931212013,IYXIIXZZZXYXII;IYXIIYZYIXZZYI;IYXIXZZXXZYIII;IYXXYIIIXZZZXI;IYYIIIIXYYZZZX;IYYIXZZZXXXIII;IYZXIYZZIZZXII;XXIIIXZZYXZYII
1602,16,0.02841572175956763,633.8141621888465,IYXIIXZZZYIIXX;IYXIIYZZXIXZXI;IYXIIZIIYZZZZX;IYXIYZIZZZZXII;IYXIYZXIIIYZZY;IYYIIIXZZZIZZX;IYYIYXIIXZZZYI;IYZXYZZYIIIIYX
1603,14,0.03916014366478765,762.9168067739245,IYXIIYZZZXIIXX;IYXIXYIIXZZZXI;IYXIYYIIYZZZXI;IYXXZZIZZZYIII;IYXXZZXIIIIXZY;IYYIIIYZZXYZXI;IYZXIIYZZZXIZI;IYZZZIYIIIYZZY
1604,15,0.018685169046213545,329.4691867013134,IYXIXIZZZZZYII;IYXIXXIIIYZZZX;IYXIXXIYZZZXII;IYXIYZXXZZXIII;IYXIYZZYXZYIII;IYYIIYZYIXZZXI;IYYIZIIIYZZZZY;IYZYIYXIIIXZZY
1605,16,0.02472356219003422,356.84790258510014,IYXIXZZZXXYIII;IYXIXZZZZIZYII;IYXIYIZZZZZXII;IYXXZZYIXZXIII;IYXYXIIXZZZXII;IYYIXZXIXZZXII;IYYIZIIIXZZZZX;IYZZXIYZZXZIII
1606,13,0.009178863922933725,266.56432964564203,IYXIYXIXZZZXII;IYXIYZZYIIIXZY;IYXXYIXZZZXIII;IYXYZZXIIIXZXI;IYXYZZYIIIYZXI;IYZYIIIXYYZZXI;IYZZXIXXXZYIII;XXZIIIIIXZZZZX
1607,14,0.021692528492369263,276.072240217448,IYXIYZZZYIIIXY;IYXIYZZZYYXIII;IYXIYZZZZXIIIZ;IYXXZZXIIXZYII;IYXXZZYIIXZXII;IYXYZYIXZZYIII;IYZXIIXZYIIXZX;IYZZXIXYIXZXII
1608,25,2.9683639134334125,53899.69091544475,IYXIZIIIYZZZZX;IYXIZYZZZZXIII;IYXZIIIIYZZZZX;IYYIIIIXZYYZZX;IYYIIIIYZXYZZX;IYYIIYXIYZZZXI;IYYIIYZZIZZZYI;IYZIZZZZXIYXII
1609,16,0.015796788600732643,339.04006978600194,IYXXZXIIXZZYII;IYXYZYIYZZXIII;IYYIIIIYYXZZZX;IYYIIIYXXZZZYI;IYYIIIYZZZXXYI;IYYIXIZZZZZXII;IYYIYZZXXZYIII;IYZXIXZIZZZYII
1610,18,0.027320166139600185,875.7979940657482,IYXYYIIIXZZZYI;IYYIIIIXYXZZZY;IYYIIIXZYIXZZY;IYYIIIXZZZYXYI;IYYIXYIYZZZXII;IYYYZZYIIIXZXI;IYZXIXYIIXZZXI;IYZZYIIIXZZZIX
1611,22,0.049296572643237085,1182.1620486539894,IYXYZZYIIIIYZX;IYYIIIIXZZZZXZ;IYYIIIZXZZZZXI;IYYIIXZXXZZXII;IYYIIYIZZZZZYI;IYYIXZZZYIYXII;IYYIYZIZZZZYII;IYYXYIIYZZZXII
1612,12,0.015116697551039362,403.7414451521691,IYYIIIIXZZZXXX;IYYIIIIYXXZZZY;IYYIIIIYZZXXZY;IYYIIIXYIYZZZX;IYYIIIXYXZZZYI;IYYIIIYZZXIYZX;IYYIYZZXYZXIII;IYZXIIYIZZZZXI
1613,18,0.03604000826731016,558.7768575554508,IYYIIIIYZZZYYY;IYYIIIIZYZZZZY;IYYIIXZYYZZXII;IYYIIYZZZZIZYI;IYYIYZZZYIIXXI;IYYXZZYIIIXZYI;IYZIZXIIYZZZXI;IYZIZXIXZZZYII
1614,13,0.028916276615342115,588.2013080020874,IYYIIIXZZXIYZY;IYYIIIXZZZYIXY;IYYIIIYYXZZZXI;IYYIIYZZZXYXII;IYYIIYZZZYYYII;IYYIXZZZYIIIYX;IYYIYZZXIIXZYI;IYZZXIZIIIYZZX
1615,13,0.032122516098415564,715.1580856488267,IYYIIIXZZYYZXI;IYYIIXXIYZZZYI;IYYIIXZZXIIYZY;IYYIIXZZXYZYII;IYYIXZYIIIYZZX;IYYIXZZYIIYZXI;IYZIZZZZXIIIYX;IYZZXYZZIZXIII
1616,24,0.028415721759567625,1108.2420158278164,IYYIIIYZXIYZZX;IYYIIXYYZZZXII;IYYIIYZZZZYIZI;IYYIXZZYIIIXZY;IYYIXZZZXIYYII;IYYYZZZZYIIIZI;XIYIIIIXZZZZZY;XXIIIIIYZZZYXX
1617,12,0.022649967104006866,610.3979187381167,IYYIIXZZYIXZYI;IYYIIXZZZYIIXY;IYYIIXZZZYXYII;IYYIXXIXZZZXII;IYZXIXZZXIYXII;IYZXIYYIIIXZZY;IYZZXZIIIYZZXI;IZXZXIXZZZXIII
1618,13,0.026747695140890086,378.86040552613383,IYYIIXZZZXYYII;IYYIIYZYXZZXII;IYYIIYZZZYXXII;IYYIYYIYZZZYII;IYYXZZZZXIIIIZ;IYYXZZZZXIIIZI;IYZYYZZZYIZIII;IYZZXIIIIYZXXX
1619,15,0.02169246700265401,772.622746351214,IYYIIYZYYZZYII;IYYIXYIIXZZZYI;IYYIYZYIIIYZZY;IYYXZZZZXIIZII;IYZXIIIIZXZZZY;IYZXIXIZZZZYII;IYZXIXZZZZIYII;IZXZZYIIIXZZYI
1620,18,0.02570548026809885,454.7730548787989,IYYIXZYIIIXZZY;IYYIXZZZYIIIXY;IYYIXZZZYIXYII;IYYIYXIIIYZZZX;IYYIYYIIIXZZZX;IYZXIIIIXZZZYZ;IYZXZIYZZZXIII;IYZZXIIXXIXZYI
1621,27,0.02909742562634296,1191.17018813221,IYYIXZZYIXZYII;IYYIXZZZXIIXXI;IYYIXZZZYIIXYI;IYYIXZZZZXIZII;IYYYZZZYIXXIII;IYZIZYIYZZZYII;IYZXZIXZZZYIII;IYZZIYXZZZXIII
1622,14,0.022649967104006866,370.6031391942615,IYYIYYIIYZZZYI;IYYIYZZYIIYZYI;IYYIYZZZYIIYYI;IYYYZZXIIIIXZY;IYYYZZZYIIYYII;IYZXIIXZZZYIZI;IYZYYZZXIIXYII;IYZZXYZXIIIXXI
1623,33,0.062095513920966135,3540.3320394454877,IYYIYZZXIIIXZY;IYYIYZZZXIXYII;IYYIYZZZYIYYII;IYYXZYIIIYZZXI;IYZIXIYZZZZXII;IYZXIXZZXIXYII;IYZXIZIXZZZYII;IYZZXXZXIIIIXY
1624,16,0.061177331187889906,2482.8575605087376,IYYIYZZYXZXIII;IYYXZXIIYZZYII;IYYYZYIXZZXIII;IYZIZYIXZZZXII;IYZIZZZZYIXXII;IYZYIIXXIIYZZY;IYZZZIZZYIIIYY;IYZZZXIIIIYXXX
1625,23,0.018945283562648917,325.45412990932124,IYYIYZZZXIIYXI;IYYXZYIXZZYIII;IYZIZZXIIYZZXI;IYZXIIXZZYXXII;IYZXYYIIXZZYII;IYZXYZYIXZYIII;IYZYYXIIYZZXII;IYZZXIYZYIXYII
1626,15,0.0099147881778512,314.0600676887986,IYYXZZXIXZXIII;IYYXZZZZXIZIII;IYYYZZZYIIIIYY;IYZIZXIIIYZZZX;IYZXIIIIZYZZZX;IYZXIIIXZZXYXI;IYZXIIIYZZXYYI;IYZXIIYZZYXYII
1627,16,0.03066792474810911,631.3189521924367,IYYXZZYIIIIYZX;IYYYZZXIXZYIII;IYZIZZZZYYYIII;IYZXIIIXZZXIYX;IYZZXIIIXYIXZX;IYZZXXZZYIIIIZ;IYZZYIIIXZZXZI;XXIIXZZZYIYXII
1628,13,0.020988218635416514,423.0084473665842,IYZIZXIIXZZZYI;IYZIZZXIIXZZYI;IYZIZZZZYXXIII;IYZXIIIXXYZZXI;IYZXIIIXZXIYZX;IYZYIIXZZZZIXI;IYZYXZZZXIIIIZ;IYZZXIYZIZZXII
1629,23,0.03497766264366118,679.755350967233,IYZIZZXIIIYZZX;IYZIZZXIYZZXII;IYZXIIIXZIZZZY;IYZXIIIXZZZZIY;IYZXIIYZXIIXZX;IYZXXZXIIIIYZX;IYZXXZXIYZXIII;IYZYIIIXYIYZZX
1630,14,0.027842052260120584,544.5347842972245,IYZIZZYIIIXZZX;IYZIZZZZXXYIII;IYZXIIIIXZXXZY;IYZXIYZZYIIIXY;IYZXYXIIIIYZZY;IYZYYXIYZZXIII;IYZZIZZZYIXXII;IZIIYZZZYIXZXI
1631,16,0.03545454819438264,554.4431198137411,IYZIZZZZYIYYII;IYZXIIIIXZXYZX;IYZXIIYZZYIIXY;IYZXIYYXZZYIII;IYZXYZZZIZXIII;IYZYIIIIXZYXZY;IYZZXIXZZYIZII;XXIYZZYIIIXZXI
1632,14,0.0416757760872164,912.3261330286153,IYZXIIIXZZYXXI;IYZXIIIXZZYYYI;IYZXIIXYIIXZZX;IYZXIXZZXYXIII;IYZXIXZZYXXIII;IYZXYZZZZIXIII;IYZYIIXYIIYZZX;IYZYYZZZZIYIII
1633,20,0.010006935042244374,240.22726291687997,IYZXIIIZXZZZYI;IYZXIIXZZYYYII;IYZXIIYZXIIYZY;IYZXIYYIIIYZZX;IYZXIZIIIYZZZX;IYZYIIXZYYZXII;IYZYIYXIIXZZYI;XXIYXIIIXZZZYI
1634,16,0.019056878913317695,488.8108458187898,IYZXIIXZYIXZXI;IYZXIIYYIIYZZX;IYZXIIYZXIYZYI;IYZXIIYZZZIZXI;IYZXIZIIIXZZZY;IYZYIXYYZZXIII;IYZZZYIXXYYIII;XXIIYYXZZZXIII
1635,19,0.04847861703625012,1441.6392043727944,IYZXIIYXIIXZZX;IYZXIXYIIIXZZX;IYZXIXYIIIYZZY;IYZYIIXXIIXZZX;IYZYIIYXIIXZZY;IYZZXIIIYZZXIZ;IYZZXIZIXZZYII;IYZZXIZIYZZXII
1636,22,0.02090896181752458,397.54734176751555,IYZXIIYZIZZZXI;IYZXIIZIXZZZYI;IYZXXZXIXZYIII;IYZYYYIIXZZXII;IYZZIZYIIXZZXI;IYZZXIIIYZYIXY;IYZZXIIYYYZXII;IYZZXIXZXXYIII
1637,20,0.06343473761983089,1600.5853118678672,IYZXIIZXZZZYII;IYZXIYXXZZXIII;IYZXXYIIXZZXII;IYZYIIYZXYZXII;IYZZXIYZXIXXII;IYZZYIYZZYIIIZ;IYZZZIXYZZXIII;XXIIXZZZXIYYII
1638,23,0.02612816122104236,1189.7643258801552,IYZXIYZZXIYYII;IYZXYZYIIIXZYI;IYZXYZZXIIXXII;IYZXYZZZXIZIII;IYZYIZYZZZYIII;IYZZXIYYIIIXZY;IYZZYYXIXZYIII;IYZZZXZIIIXZYI
1639,14,0.032621762014602665,639.7715177281218,IYZXXZZYIXXIII;IYZYIIYZZIZZYI;IYZYIXZYIIIXZY;IYZYXZYIXZYIII;IYZYZIIIXZZZXI;IYZZXYYIIXZYII;XXIIIIZXZZZZXI;XYIYZZXIIIYZYI
1640,15,0.015002388188305231,335.2281243564477,IYZXYZZYIIXYII;IYZYIIIYZZYIXX;IYZYXZYIIIXZYI;IYZYYXIIIYZZXI;IYZZIZXIIIYZZX;IYZZIZZXYZXIII;XXIIIXZZZZIZXI;XXIIYZZZYIIYYI
1641,17,0.06432840275852542,1850.2813776966843,IYZYIIIIZYZZZY;IYZYIYZXIXZYII;IYZYXZZXIIIXXI;IYZZXIIYZZXIIZ;IYZZXIXXYZXIII;IYZZXIYZZXIZII;IYZZYIIIXZXXXI;IYZZYIYZYXXIII
1642,15,0.027203829591615512,612.8731715505949,IYZYIXYIIYZZXI;IYZYIYYIIYZZYI;IYZYXZXIIIIXZX;IYZYYZXIIXZYII;IYZZIZYIXZZXII;IYZZIZYYZZYIII;IYZZXIIIYZZZIX;XXIIIIZIYZZZZY
1643,20,0.017718458829007726,455.466215963396,IYZYIYZZXYXIII;IYZYXZZYIYXIII;IYZYYZXIXZYIII;IYZZIZZYIIYZYI;IYZZXIXXIYZXII;IYZZYIYZXIIYXI;IYZZYYZXIIXYII;IYZZZZYIIIZIYY
1644,24,0.03375548697131421,1006.5913144918491,IYZYXYIIYZZXII;IYZZIXXZZZYIII;IYZZXIIIIXXYZX;IYZZXIIIXZXYXI;IYZZXIIIYIZZZX;IYZZXIIIZIYZZX;IYZZXIIIZYZZXI;IYZZYIIXYXZYII
1645,22,0.06343459347165177,1683.0206250452236,IYZYXZZZZIXIII;IYZZIYYZZZYIII;IYZZIZYIIIXZZX;IYZZIZZZXIXYII;IYZZXIIIYZXXXI;IYZZXXXIIIYZXI;IYZZYIIIXXYZYI;IYZZYYZZYIIIZI
1646,17,0.02170979380732188,353.36618725210553,IYZZIZXIIYZZXI;IYZZIZZXIIYZXI;IYZZXIIIXXYZXI;IYZZXIIIYYIYZX;IYZZXIIIYYXZYI;IYZZXIIXZYIIXX;IZIYZZYIIXZZXI;IZXZZXIIIXZZXI
1647,16,0.06333896314969926,1053.9237504650732,IYZZIZZZYIIYYI;IYZZXIIIIZXZZY;IYZZXIIZIIYZZX;IYZZXIXXIIYZXI;IYZZXZIYZZXIII;IYZZZIZZYXXIII;IYZZZXIIIYZZIX;IZIIYZZZIZZZYI
1648,15,0.02099215376606777,399.5125786052574,IYZZXIIIYZIZZX;IYZZXIIXYYZYII;IYZZXIIYXIXZXI;IYZZXIXZXIIIYX;IYZZXYXIIIIYZY;IYZZYIIIXZXIYY;IYZZZXIIIYIZZX;XYIYZYIIIXZZYI
1649,20,0.028916962247888586,1108.7958279236304,IYZZXIIIZXZZYI;IYZZXIIXZXIIYX;IYZZXIYZZXIIIZ;IYZZXIZIIIXZZY;IYZZXXZXIIYXII;IYZZYIXZZIZXII;XXIIIIXZZZXIXX;XXIYXIIYZZZXII
1650,16,0.0416757760872164,835.5564705850675,IYZZXIIYIZZZXI;IYZZXIIYZZIZXI;IYZZXIYZZZIXII;IYZZXYZXIIIIYY;IYZZYIIIXZYIXY;IYZZZYYXIIIXYI;IYZZZZXIZIIIYX;IZIIIXZZYIXZZY
1651,15,0.019278080654121687,809.9052865266133,IYZZXIYXIIYZYI;IYZZXIYYYZXIII;IYZZXIYZXIIIXX;IYZZXXYIIIIYZY;IYZZYIIIIYXYZX;IYZZYXXIIIXZXI;IZXYIIYZZZZXII;XYIXZXIIXZZYII
1652,17,0.0922638334982455,1967.1608477794268,IYZZXIYZXIIIYY;IYZZXYYIIIIYZX;IYZZXYYIIIXZYI;IYZZYIIIXZYYXI;IYZZZXIYXIIIYY;IYZZZZYIIZIXXI;IZIXZZYIIYZZXI;XXIIIIXZZZZXIZ
1653,18,0.017039285776223042,294.22684547435216,IYZZXIYZYYXIII;IYZZXYXIIIYZYI;IYZZXYZZXIIIZI;IYZZYIIYZIZZYI;IYZZYXXIYZYIII;IZIIYZZXIIXZZY;IZIXZZZZXXXIII;XXIIYYIIIXZZZX
1654,16,0.2545460295582218,4694.54035496011,IYZZXXZZIZYIII;IYZZXXZZYIIIZI;IYZZXYZZXIZIII;IYZZYIXZXIIIXX;IYZZYIYZXIIIYX;XIZZZYIIIIYZZX;XXIIIIXZXYZZYI;XXIIIIYZZXXZYI
1655,32,0.08229544627162905,1431.6792874623948,IYZZXZIIIIYZZX;IYZZYIIIXYYZXI;IYZZYIIIYZYIXX;IYZZYIZIIIXZZX;IYZZZXIIIXXIYX;IYZZZXIXYYYIII;IZYYIIIIXZZZZX;XIZXIIIIXZZZZX
1656,21,0.25476764102193555,3996.3646384297344,IYZZYIIIIXXXZX;IYZZYIIIYZYYYI;IYZZYIIIYZZZIY;IYZZYIIXZXIIYY;IYZZYIIXZXXXII;IYZZYIIYIZZZYI;IYZZYXXIIIIXZX;IZIIYZZYYZZYII
1657,15,0.01916374530944926,424.1708706108996,IYZZYIIXXIYZYI;IYZZYIIXZZXZII;IYZZYIIYYIXZXI;IYZZYIXZZXIZII;IYZZYIYZZYIZII;IYZZYYZXIIIIYX;IYZZZIZZYIIYYI;IYZZZXIIIIXXXY
1658,17,0.035186592563051455,912.1308293866515,IYZZYIIXYIIXZY;IYZZYIXZXIIYYI;IYZZYIXZZZIXII;IYZZZXIXXYXIII;IYZZZXIYXIYYII;IYZZZZYIZIIIXX;IZIIIYIZZZZZZY;XXIIIYZZYXZXII
1659,15,0.03495250023906997,1081.834539365912,IYZZYIXYIYZXII;IYZZYIYXIIXZYI;IYZZZIXIYZZXII;IYZZZIZZYIXXII;IYZZZXIYZXIIIZ;IYZZZXXXIIIIYX;IYZZZZXZIXYIII;IZIIYXIXZZZZYI
1660,19,0.02603883559427945,615.8250134805565,IYZZYIXZYIXYII;IYZZYIYZYYYIII;IYZZYYXIIYZXII;IYZZYYZYIIIYYI;IYZZZZXIIIIXYZ;IZIIIYZZZZYIYY;IZXZZXIIIIXZZX;XYIIYZZZYXYIII
1661,18,0.028916276615342115,640.1921743755612,IYZZYIZIIIYZZY;IYZZYXXIIIIYZY;IYZZZIYIIIXZZX;IYZZZXIIIYXYYI;IYZZZYXXIYYIII;IZIIIYZIZZZZZY;IZYZYIXZZZXIII;XXIIXZZYIIXZYI
1662,17,0.05153672232199055,2091.650136001888,IYZZYXXIIYZYII;IYZZYXZXIIIXXI;IYZZZIYIXZZXII;IYZZZXIYXIIXXI;IYZZZYIYXIIIYX;IYZZZZYZIYYIII;IZIIYZZZZXIYXI;IZYZZZYIIIIXZX
1663,19,0.02180771042068521,495.8274636088231,IYZZYYYIIIXZXI;IYZZZIZXYZXIII;IYZZZYYYIIIIYY;IYZZZYYZYIIIZI;IYZZZZXYXIZIII;IYZZZZYYYIIIIZ;IZIXZZXYZZYIII;XIZYIIIYZZZZXI
1664,18,0.031348445848331116,856.637207444911,IYZZZXIIIIYXYY;IYZZZXIIIIYYYX;IYZZZZXIYXIZII;IYZZZZXIZYXIII;IYZZZZXXYIZIII;XXIIIXZZYIIYZX;XXIIIYZZYIIXZX;XYIIIIIYZZZZXZ
1665,17,0.04243899561575784,923.3122117414862,IYZZZXIIIXZYZI;IYZZZXIIYYIIYX;IYZZZXXZYIZIII;IYZZZYIIIYYIYY;IYZZZZIZXIIIYX;IYZZZZXIIZYXII;IZIIIXZZZZXIXX;XIZZZXIIIXZZXI
1666,16,0.05906892675452983,1160.574331517093,IYZZZXIZIIIYZX;IYZZZXYYIIIIYX;IYZZZXZIIIIYZX;IYZZZYIIXXIIXX;IYZZZZIZYIXXII;XXIIIXZZZYIYXI;XXXZXIIIIIXZZX;XXYZYIIIIIXZZX
1667,19,0.2545460295582218,3728.423688866449,IYZZZXXZYIIZII;IYZZZYIIYXIYXI;IYZZZYIYXIYXII;IYZZZZZIXIIYXI;IZIXZXIIYZZZYI;XIZZZZYIIIYZXI;XXIIIIYZIZZZZY;XXIIIYZZZZYZII
1668,19,0.24331780518648402,3873.8398043076577,IYZZZYIIYXYXII;IYZZZYIXZZIXII;IYZZZZXIIIYZIX;IZIIIIYZZZZXYX;IZIYZZYIIIYZZY;IZIYZZZZYXXIII;XXIIIXZZZZXZII;XYIIIIIXZXYZZX
1669,18,0.04338493400530802,562.3709037913549,IYZZZZIXXZYIII;IYZZZZZIXYXIII;IZIIIYXXZZZZYI;IZIIIYYXZZZZXI;IZIXZZZZYIYXII;XIYIIIIYZZZZZX;XXIXZYIXZZYIII;XYIIIIIXZYYZZY
1670,21,0.04057313159974444,859.7011249208878,IYZZZZXIZIIXYI;IYZZZZXIZIYXII;IYZZZZXYXIIZII;IZIIYZXIIXZZZY;IZIXXIIIYZZZZY;IZIXZYIIYZZZXI;XXIIIIIXXXZZZX;XXYYIIYZZZYIII
1671,15,0.04247432192269984,788.7358412478935,IYZZZZYIIZXXII;IZIIXZYXZZZYII;IZIIXZZYIIXZZY;IZIXZYIIIYZZZX;IZIYZZXIIXZZYI;IZIYZZZZYIIYYI;IZXZZYIIIYZZXI;IZYZZXIIIIXZZY
1672,13,0.030478125469526447,547.3825189470613,IYZZZZZXIIXIYI;IZIIXZZIZZZZXI;IZIIYZZZYIIYZY;IZIXZZZZXIYYII;IZIYZXXZZZYIII;IZYZZZZXIIIIYX;XYIIYZZXYZYIII;XZIYIIIIYZZZZX
1673,14,0.25476764102193555,3996.205861743777,IZIIIIXZYYZZZX;IZIIIIYYXZZZZX;IZIIIYZZZZZYZI;IZIXXIIIXZZZZX;IZIYZZZZXIYXII;IZXZZYIIIIXZZY;XIZZZZZXIIIXXI;XYIIIXZZIZZZYI
1674,12,0.027467831469988758,337.5979753411934,IZIIIXXIXZZZZX;IZIIIYZZZIZZZY;IZIIXZZZZIZZXI;IZIIXZZZZYIIXY;IZIIYZYXZZZXII;IZIXZZYXZZYIII;IZIYZZYXZZXIII;XIZZZZXIIIIXZX
1675,15,0.038556161308243374,807.6113091088316,IZIIXZZZIZZZXI;IZIIYZZZXIYZXI;IZIXZZYIIIXZZY;IZIXZZZZXIIIYY;IZYZZZZYIIIIXX;XIYIIXZZZZZYII;XIYIIYZZZZZXII;XXYZYIIIIIYZZY
1676,14,0.02188510226569031,272.31482753770837,IZIIYZZZZYIIYY;IZIXZZZYXZYIII;IZIYZXYZZZXIII;IZXYIXZZZZYIII;IZYZZXIYZZXIII;XIZZZZYIIIIYZX;XXIIIYZZZZYIZI;XXIIIZIXZZZZXI
1677,22,0.0710689745265433,852.301274428963,IZIXZZZZYIXYII;IZIYXIIIYZZZZX;IZXZYIIYZZZXII;IZXZZZZYIIYXII;IZYZYIIXZZZXII;IZYZZYIXZZXIII;XIZXIIIIYZZZZY;XZZIXIIIXZZZXI
1678,15,0.027726687045695447,558.9257889200929,IZIXZZZZYXYIII;IZIYYIIXZZZZXI;IZXZZXIIIIYZZY;XIZYIXZZZZYIII;XIZZZYIIYZZXII;XXIIIIXYIXZZZY;XYIIIIYZZYYZXI;XYIIIYZYXZZYII
1679,18,0.25476764102193555,3946.8058670629034,IZXZYIXZZZYIII;IZXZZXIYZZYIII;IZYYIIIIYZZZZY;IZYZZZXIIIIXZY;XIZZXIIIXZZZXI;XIZZZZZYIIIYXI;XXIIXZYIIIXZZY;XYIIIIYZXIXZZX
1680,20,0.25455561516090786,3577.2713135437066,IZXZZZZXIIXXII;IZYZZZZXIIXYII;XIZYIIIXZZZZYI;XIZZZZXIIIYZYI;XXIIIIIYXXZZZY;XXIIIIIYXYZZZX;XXIIIIIYYXZZZX;XXIIYXXZZZYIII
1681,18,0.20899210332145668,744.4758532837639,IZXZZZZYIIIIXY;IZXZZZZYIYXIII;IZYZZXIIYZZXII;XIZYIIXZZZZYII;XXIIIIIXZZYYZX;XXIIIYZZYIYZYI;XXIIXZZIZZZXII;XXIIYYIXZZZXII
1682,13,0.05568081880225253,1342.0524682677235,IZYZZYIIIIXZZX;XIZZYIIIYZZZXI;XIZZYIIXZZZYII;XIZZYIIYZZZXII;XXIIIIXZZIZZZX;XXIIIIYZZZIZZY;XXIIIXZZIZZZXI;XXIXXIIIIXZZZX
1683,16,0.4853947354942003,8290.36351189006,IZYZZZZZYIIIZI;XIZXIYZZZZYIII;XIZZZXIIIIYZZY;XIZZZYIIIIXZZY;XXIIIIIXYYZZZX;XXIIIIIXZZZXXX;XXIIIIIXZZZYYX;XXIIXZZZXIIXXI
1684,17,5.803709535424182,235536.74237991052,XIZZZZYIIIIXZY;XIZZZZYIIIXZYI;XXIIIIIYZXYZZX;XXIIIIYYXZZZXI;XXIIIIYZZXYZXI;XXIIYZZXIIIYZX;XYIIIYZZZYIIYX;XYIIXZZZXIIIYX
1685,17,0.026447164739927167,817.6142094060145,XIZZZZYIIXZYII;XXIIIIIXXYZZZY;XXIIIIIXZZXYZY;XXIIIIYZYIXZZX;XXIIIXZYYZZXII;XXIIXZXYZZYIII;XXIIZIIYZZZZYI;XXIXZZXIIIXZXI
1686,17,0.5177798099890945,9377.625770556928,XIZZZZZXIIIIXX;XIZZZZZXIIIIYY;XIZZZZZXIYYIII;XXIIIYYXZZZXII;XXIIXZXIYZZYII;XXIIXZZZXIIIXX;XXIIXZZZXXXIII;XXIIYZZZYXXIII
1687,20,0.25476781056311976,4087.8308308007786,XIZZZZZXIIIYYI;XXIIIIIXZYXZZY;XXIIIIXZZZXXXI;XXIIIIXZZZXYYI;XXIIIIYYIXZZZX;XXIIIYZYIIXZZX;XXIXXIXZZZXIII;XZYIYZZYIIIXYI
1688,20,0.029659124854264973,883.3487929867789,XXIIIIIXZZZYXY;XXIIIIIYZZZYYY;XXIIIIIZYZZZZY;XXIIIIZIXZZZZX;XXIIXZXIIIXZZX;XXIIXZZZZXZIII;XXIIZYZZZZYIII;XXIYZZXIIIIYZX
1689,25,0.07106897452654329,736.7423589345676,XXIIIIXIZZZZZX;XXIIIIXZXIXZZX;XXIIIIXZZZZIZX;XXIIIXZIZZZZXI;XXIIIXZZZZXIZI;XXIIYZZZZYIZII;XXIXZYIIIYZZXI;XXIYZZZZIZYIII
1690,29,0.09234488278457895,2588.154198635963,XXIIIIXYIYZZZX;XXIIIIYXIXZZZY;XXIIIIYZZYXZXI;XXIIIXZXIIYZZY;XXIIXZZXIIIYZY;XXIIYZYIIYZZYI;XXIIYZZZXIIXYI;XXIXZIZZZZXIII
1691,13,0.2531490306420253,3808.708962401984,XXIIIIXZXIYZZY;XXIIIIXZXXZZXI;XXIIIIYZZZYIXX;XXIIIXYIIXZZZY;XXIIXXIXZZZXII;XXIXXIIXZZZXII;XXIXXIIYZZZYII;XXIXYIIYZZZXII
1692,19,0.061369412326537476,1261.9120704463178,XXIIIIXZZZYYXI;XXIIIIYZXIYZZX;XXIIIIYZZZXYXI;XXIIIYZZZXIIXY;XXIIIYZZZXIYXI;XXIIXZZYIXZYII;XXIIYZXYZZXIII;XXYXIIXZZZYIII
1693,28,0.02252124532522611,713.8974039469116,XXIIIIYZZZYYYI;XXIIIIZYZZZZYI;XXIIIXZZXYZYII;XXIIIYZYIIYZZY;XXIIIYZZZYIIYY;XXIIYZZYXZXIII;XXIIYZZZIZZYII;XXIIYZZZYIXXII
1694,21,0.027818185927947235,604.1891224764141,XXIIIIYZZZZYIZ;XXIIIXZZYYZXII;XXIIIZXZZZZXII;XXIIXZZXIIYZYI;XXIIYZZXIIYZXI;XXIXZYIIYZZXII;XXXZZZZXIIZIII;XXYZZYIIIXZXII
1695,13,0.02907070579409141,562.4593080106727,XXIIIXZXYZZYII;XXIIIXZZZYXYII;XXIIIYZZXXZYII;XXIIIZYZZZZYII;XXIIXZZZYIIIXY;XXIIXZZZZXIIZI;XXIYZZZZYIIIZI;XXXZXIIXZZXIII
1696,15,0.23854586770945796,3426.6037353964844,XXIIIXZZZXIIXX;XXIIIYZZZXIIYX;XXIIXYIIXZZZYI;XXIIYXIIYZZZXI;XXIIYYIIYZZZYI;XXIIYZXIYZZXII;XXIIYZZZXIXYII;XXIXZYIIIXZZYI
1697,16,0.027477835705471815,494.0797203084158,XXIIIYZZXIIYZX;XXIIXYIIIXZZZY;XXIIYZXIIYZZXI;XXIIYZZZXIIIYX;XXIXZZZYIIXYII;XXYZZZXIIYXIII;XZZXIIIIYXIXZY;YYIIXYIIXZZZYI
1698,14,0.025976449686337787,772.8101089190945,XXIIIYZZZYYYII;XXIIXZXIIYZZYI;XXIIYZYIIIXZZX;XXIIYZZZZYZIII;XXIXYIIIXZZZYI;XXYZXIIIIIXZZY;XYIIIIXZZZXIXY;XZYIIIIYZZYXYI
1699,20,0.03256074226192115,681.150658709331,XXIIXZZZXIXXII;XXIIXZZZZIZXII;XXIIYXYZZZXIII;XXIIYZYIIIYZZY;XXIXZYIIXZZYII;XXIXZZYIIIIXZY;XXIYYIIXZZZXII;XZXIIXIZZZZXII
1700,17,0.02691075702605557,592.0103502958029,XXIIXZZZYIIXYI;XXIIYYYZZZYIII;XXIIZIYZZZZYII;XXIXZZZYIIIIYX;XXIYZYIYZZYIII;XXXYIIIIYZZZXI;XYXZZYIIIIIXZX;XZYIIZIXZZZYII
1701,16,0.03618608967422532,697.8612771008032,XXIIYZZXIYZXII;XXIIYZZYIIIYZY;XXIIZIXZZZZXII;XXIXYIXZZZYIII;XXIYZYIIYZZYII;XXXZXIIIXZZXII;XYIIIXZZZYXXII;XZZXIIIIIXYYZX
1702,24,0.061217202626107046,2487.281331734047,XXIIYZZYIIIXZX;XXIIYZZYIXZXII;XXIXYIIIYZZZXI;XXIXYIYZZZXIII;XXIYZYIIIYZZYI;XXXZZXIIIIIXZX;XXYZXIIXZZYIII;XZZXYXIIIIYZXI
1703,16,0.03618608967422532,812.9280020091884,XXIIYZZZXIIIXY;XXIXYIIIIYZZZX;XXIYXIIIYZZZXI;XXXZXIIIYZZYII;XXYZZZXIIIIIXY;XXYZZZXIIXYIII;XYIIIIZIYZZZZX;XZZYIIZIYZZXII
1704,16,0.025863400335279854,453.46325504746363,XXIIZIIIYZZZZY;XXIXXIIIYZZZYI;XXIXZXIIIYZZYI;XXIXZZXIIIYZYI;XXIXZZZXIIIIXX;XXIYZYIIXZZXII;XYIYZZZYIIIIXY;XZXXZYIIIIIXZY
1705,22,0.07116655656711052,3302.3086773726727,XXIXZZIZZZXIII;XXIXZZXIIIIYZY;XXIYZYIIIIXZZX;XXIYZZZZZIYIII;XXXZZXIIIIIYZY;XXYZZZYIIIYYII;XYIIIIXZXIXZZY;XYIIIXZZZXYXII
1706,16,0.02575058868233413,906.4682517899378,XXIXZZZYIIIIXY;XXIXZZZZXIIIZI;XXIYXIXZZZYIII;XXIYZZYIIIIXZX;XXXYIIIIXZZZYI;XYIIIIXZZYYZYI;XYIIIXIZZZZZYI;XYIXZZZXIIXYII
1707,21,0.018601164423833954,437.7997864312854,XXIXZZZZXIIZII;XXIZIIIIYZZZZY;XXXZYIIIIIYZZX;XXYZZZYIIYYIII;XYIIIIIXXYZZZX;XYXYIIYZZZYIII;XZYIIIIYZXIYZY;XZYXXIIXZZYIII
1708,22,0.2711461061512182,5750.370244417325,XXIZIIIIXZZZZX;XXIZIIIXZZZZXI;XXIZIIIYZZZZYI;XXIZIYZZZZYIII;XXXZZYIIYZXIII;XYIXZIZZZZYIII;XYIYIZZZZZXIII;XZZXIXXIIXZXII
1709,15,0.02582538082475621,802.1530759686578,XXXZZYIIIIIYZX;XXXZZZZXIIIIIZ;XXYZZXIIYZXIII;XYIIIIXZZZXIYX;XYIIIXZZXIIXZY;XYIIIYYIIYZZZX;XZIYIIXZZZZYII;YIZXIIIIYZZZZX
1710,17,0.025750588682334135,696.9019574768371,XXXZZZXIIIIIYY;XXYZZYIIIYZYII;XYIIIIIXZXXZZY;XYIIIIIXZZXXZY;XYIIIIIYZXYZZY;XYIIIIIYZZYXZY;XYIIIZYZZZZXII;XYYZZZYIIIIIYX
1711,22,0.07470333018746697,1875.5240322266798,XXYZZZXIIIXYII;XXYZZZYIIIXXII;XYIIIIIYZYXZZY;XYIIIIYZZZZXZI;XYIIIIZXZZZZYI;XYIIIXZZZZYIIZ;XYIIIYIZZZZZXI;XYXZXIIIIIXZZY
1712,11,0.031351152836821425,796.5789942240967,XYIIIIIXZZYXZX;XYIIIIIXZZYYZY;XYIIIIIYZZYYZX;XYIIIIIYZZZXYY;XYIIIIYZXYZZYI;XYIIIIYZYXZZYI;XZYIIIXZZZYIZI;XZZZXIIIIIYZYZ
1713,30,0.07633311110145742,1493.8273684032254,XYIIIIIYXXZZZX;XYIIIIIYXYZZZY;XYIIIIXXIXZZZY;XYIIIIXXIYZZZX;XYIIIIXXYZZZXI;XYIIIIYZZZYXYI;XYIIIXXXZZZYII;XYIIIXZZZZYZII
1714,16,0.033623932174143695,1558.948538130671,XYIIIIIYZYYZZX;XYIIIIIYZZZXXX;XYIIIIYIZZZZZX;XYIIIIYYYZZZXI;XYIIIXZZYYZYII;XYIIIXZZZYYYII;XYIIIYZXIIXZZX;XYIIXXXZZZYIII
1715,12,0.02812387415126284,1150.7712856987907,XYIIIIIYZZZYXY;XYIIIIIZXZZZZY;XYIIIIXZZYXZXI;XYIIIIYZXXZZXI;XYIIIIYZZZYIYX;XYIIIXZIZZZZYI;XYIIIXZXXZZYII;XYIIIXZZZXIXYI
1716,17,0.09227454246780906,892.7970591341478,XYIIIIXZYIXZZX;XYIIIIXZZXXZYI;XYIIIIXZZZIZZY;XYIIIYZXIYZZYI;XYIIIYZXYZZYII;XYIIYYXZZZYIII;XYIYZZZZXIIZII;XYIZIIYZZZZXII
1717,22,0.025290589571141123,633.367425373752,XYIIIIYXIXZZZX;XYIIIIYYIYZZZX;XYIIIIYZZZZXIZ;XYIIIXZXIXZZYI;XYIIIXZZYIYZYI;XYIIIXZZZZYIZI;XYIIXZZXIXZYII;XYIIXZZZYIYYII
1718,26,0.20107892010535752,5670.2673613444385,XYIIIIYZYIXZZY;XYIIIIYZYYZZXI;XYIIIXZXIIXZZY;XYIIIXZXIIYZZX;XYIIIYZYIXZZYI;XYIIXXIXZZZYII;XYIIYXIXZZZXII;XYIIYZYIYZZXII
1719,23,0.11169817634029577,1129.0183528809982,XYIIIIYZZXIXZX;XYIIIIYZZYIXZY;XYIIIXZZZYIIYY;XYIIIYYIIXZZZY;XYIIIYYYZZZXII;XYIIXZZYIIYZYI;XYIIYYIIYZZZXI;XYIYYIIIXZZZYI
1720,22,0.03841614003261085,1643.639225843715,XYIIIIYZZZYIXY;XYIIIIZIXZZZZY;XYIIIXXIIXZZZY;XYIIIYZZZXYYII;XYIIXXIIIYZZZX;XYIIYZZIZZZXII;XYIIYZZYIIXZYI;XYIXZXIIIIYZZX
1721,26,0.025321278271882644,471.2990671603765,XYIIIXXIIYZZZX;XYIIIXZZXYZXII;XYIIIXZZZXXYII;XYIIIYZZZYXYII;XYIIXZZZXIYXII;XYIIYZZZIZZXII;XYIXXIIIXZZZYI;XYIYZXIIIXZZXI
1722,16,0.014370282280743787,317.87746453127886,XYIIIXZZZZIZYI;XYIIIYZXXZZXII;XYIIIYZZYIIXZY;XYIIIYZZYIXZYI;XYIIXZZXIYZXII;XYIIYXIIXZZZXI;XZXIIIIYZZYXXI;XZZZYIIIXZIZYI
1723,12,0.021371469631102855,418.8671116881918,XYIIIYZZXIYZYI;XYIIXZXIIIXZZY;XYIIXZYYZZYIII;XYIIXZZXIIIXZY;XYIIYZZYIIIYZX;XYIIYZZZXIIIXX;XZYYYIIIIIYZZX;XZZZYIIIIYZXZI
1724,24,0.07110422872628439,475.5451106493459,XYIIIYZZYXZYII;XYIIIZIIXZZZZY;XYIIXZZXIIXZYI;XYIIXZZYIIXZXI;XYIXZYIIIIYZZY;XYIYZZYIIIIYZX;XYIYZZYIIXZYII;YXIIIIIYZZZXXX
1725,17,0.026224912846015042,609.9312530991018,XYIIIYZZZXIIYY;XYIIXZZXXZYIII;XYIIXZZZIZZYII;XYIIXZZZXXYIII;XYIIYZXXZZXIII;XYIYXIIXZZZXII;XZZXIIIYXIYZXI;XZZXXYIIIIYZXI
1726,17,0.0922638334982455,1206.8080435139523,XYIIXZZYIIIXZX;XYIIXZZYIIIYZY;XYIIYXIIYZZZYI;XYIIYZYIIXZZYI;XYIIYZZZXXXIII;XYIXZZXIXZYIII;XYIYZZXIIIXZXI;XZZYZIIIIYZZXI
1727,18,0.0710689745265433,977.1625602841177,XYIIXZZZXIIIXY;XYIIXZZZYIIIXX;XYIIYZYIIYZZXI;XYIIYZYXZZYIII;XYIIYZYYZZXIII;XYIXZXIXZZYIII;XYIYZYIYZZXIII;XZZZYIIZIYZXII
1728,16,0.020761769188477597,624.528252294837,XYIIXZZZXIIXYI;XYIIXZZZYIIYYI;XYIIYXIIIYZZZY;XYIIYZYIIIXZZY;XYIXZZZXIIIIYX;XYIYZZZYIIIIYX;XYYZYIIIYZZXII;YXIIIIXZZIZZZY
1729,18,0.024026821631867847,431.6602480879604,XYIIXZZZYIXXII;XYIIYZZXIIIXZX;XYIIYZZYIIIXZY;XYIYZXIIIYZZYI;XYYZXIIIYZZYII;XZXYXIIIYZZXII;XZXYYIIIYZZYII;XZZXXZXIIIIXXI
1730,20,0.050513473974559894,1246.3996162963037,XYIIYZZXIYZYII;XYIIYZZYIXZYII;XYIXZYIIIIXZZX;XYIXZZXIIIIYZX;XYIYZXIIIIYZZY;XYIYZYIIIIXZZY;XYXZZZXIIIIYXI;XZZZZXIIIZXXII
1731,20,0.021298335158749526,505.3760445037988,XYIIYZZZXIIYYI;XYIIYZZZZXIZII;XYIIYZZZZZIXII;XYYZXIIIXZZXII;XZIZZXIIXZZXII;XZXIIIIIYXXZZY;XZYIIYZZZXIZII;XZYIIYZZZZIXII
1732,14,0.022216738812590654,567.7213806786743,XYIIZXZZZZYIII;XYIXZZYIIIIXZX;XYIXZZZYIIIXXI;XYIXZZZZYIIZII;XYXZZZXIIIIIXY;XYXZZZZYIIIIZI;XZXXYIIIIXZZYI;XZYIIXZXIXZYII
1733,17,0.010344761490432612,341.90252242350897,XYIYXIIIIYZZZY;XYXXIIIIIYZZZX;XYXZXIIIIYZZXI;XYYYIIIIXZZZYI;XZXIYYIIIIXZZX;XZXYZZXIIIIYXI;XZXYZZYIIIIXXI;XZZXIIIIIYZZYZ
1734,17,0.026773724450801124,631.3100271962372,XYIYZXIIYZZYII;XYIYZXIYZZYIII;XYIYZZZXIIYYII;XYXZXIIIIXZZYI;XYXZZZYIIIIYYI;XYYZZZXIIIIIYY;XZIZZXIYZZYIII;XZXYYIIIIYZZYI
1735,16,0.25263145133330744,3310.919140637111,XYIYZZXIIIIXZX;XYIYZZXIXZXIII;XYXZZXIIIYZXII;XYYXIIYZZZYIII;XYYZYIIXZZYIII;XZXIIIIIXZZXXX;XZYIIIYYIXZZYI;XZZXIIIXXIIYZY
1736,21,0.04120872311119707,961.1091136389473,XYIYZZZIZZXIII;XYIYZZZXIIXXII;XYIYZZZYIXYIII;XYXZZXIIIIIXZY;XYXZZZXIIIIXYI;XZIZZZZXIIXXII;XZIZZZZYIXYIII;XZYZIIIIIYZZZX
1737,18,0.01935167705558099,882.7784753052443,XYXZXIIYZZXIII;XYXZZZXIIIYXII;XYYZZYIIIXZYII;XZIYIIYZZZZXII;XZXXXIIIXZZXII;XZYIIIIIXYXZZX;XZYIIIIIZXZZZY;XZYIIIYZZZZIXI
1738,17,3.042908147156215,48696.6367329427,XYYZXIIIIIXZZX;XYYZZYIIIIIYZX;XZIZZZYIIXZYII;XZXIIIIYIZZZZY;XZXIIXXIIIXZZX;XZXIXZZXIIIIYY;XZYIIXXIIIXZZY;XZZXIIIYZYXXII
1739,20,0.3273693825831929,932.0064750901515,XYYZZZXIIIIXXI;XYYZZZXIIXXIII;XZIZZYIXZZYIII;XZXIIIIIXZZYYX;XZXIXYIIIIXZZY;XZXIYYIYZZYIII;XZYIIIIXZYXZXI;XZZXIIIIYYXZXI
1740,14,0.026773724450801124,932.9147747061462,XYYZZZYIIIIIXY;XYYZZZYIIIYXII;XZXIIIIXXIXZZX;XZXIIYXIIYZZXI;XZXIYZYIIIYZYI;XZXXYIIIXZZYII;XZXXYIIXZZYIII;XZYIIIZXZZZYII
1741,13,0.027842052260120584,589.272470517419,XYYZZZZXIIIIZI;XZIZZZZXIIIYYI;XZXIIXZYIIIXZY;XZXIXZXIYZYIII;XZXIYZYIXZXIII;XZZXIIIIXZYIXY;XZZXIIXYIIXZYI;XZZYIIYZYIIIXY
1742,17,0.014444518801921238,199.18087471660223,XZXIIIIXZXIYZY;XZXIIIIXZZZIZX;XZXIIIIYZIZZZY;XZXIIIIYZZZIZY;XZXIZIYZZZYIII;XZYIIIYZXYZYII;XZZIZZXIIYZYII;YXIIIXYIXZZZXI
1743,20,0.03041807193177706,661.578288020058,XZXIIIXZZYIXYI;XZXIIXZXIIXZXI;XZXIIXZYIIYZXI;XZXIYZYIIXZXII;XZYIIIIXZZYYYI;XZYIIIIYZZXYYI;XZYIIIXYIIXZZX;XZYIIIYZZIZZXI
1744,20,3.0165571461397174,39517.365143956835,XZXIIIYZZZYZII;XZXIIXZZYYXIII;XZXIYYIIIYZZYI;XZXIYZZYIIIIXX;XZXXZZXIIIIXXI;XZXYZZYIIIXXII;XZYIIIZIXZZZYI;XZZXIIIIYZXXYI
1745,21,0.2547710866293416,4109.710923262499,XZXIIXZZXIIXXI;XZXIIXZZXIIYYI;XZXIYZZZZIYIII;XZXXZZYIIXYIII;XZYIIIIIYYYZZX;XZYIIIIYXIXZZX;XZYIIXZXXZYIII;XZZZZXIYIZYIII
1746,20,0.012133398255295011,325.0020165419766,XZXIIYZXIIIXZY;XZXIYZZYIIXXII;XZXXZXIIIIIXZX;XZYIIIIXZZZYZI;XZYIIIYXIIXZZX;XZYIIXZXIIIYZX;XZYIIYZYIIYZXI;XZYIXZZYIIYYII
1747,14,0.02169246700265401,390.82072098415387,XZXIYYIIYZZYII;XZXXZXIIIXZXII;XZXYZZYIIIIIXX;XZXYZZYIIIIIYY;XZXYZZZYIIIIZI;XZYYZZZXIIIZII;XZZXIIYZXXYIII;XZZXIYZZIZYIII
1748,20,0.015395274246714434,372.956595195243,XZXXZZYIIIIIXY;XZXYXIIIIYZZXI;XZYIIIIIYXYZZY;XZYIIIIIYZZXYY;XZYIIIIYZXYZYI;XZYIIIIYZZXIYY;XZYIYZYIIXZYII;XZYIZIXZZZYIII
1749,14,0.0344666529402496,751.2993008471336,XZXXZZZXIIZIII;XZYIIIIIYXXZZX;XZYIIIIIYYXZZY;XZYIIIIYZXIXZX;XZYIIIIYZYIXZY;XZYIXZZXIIIXYI;XZYXZZXIIIIYXI;XZZIZXIIYZZYII
1750,14,0.041130326106615434,748.9993703844531,XZYIIIIIYZYYZX;XZYIIIIXXIXZZY;XZYIIIIXYIXZZX;XZYIIIYXIYZZYI;XZYIIIYZZYIXYI;XZYIXZZZIZYIII;XZYYZYIIIXZYII;XZZIZZXIIIXZXI
1751,29,0.0384755066913564,650.3074260975069,XZYIIIIIYZZXXX;XZYIIIIXXXZZYI;XZYIIIIXZIZZZY;XZYIIIIYZZZIZX;XZYIXIZZZZYIII;XZYIXZIZZZYIII;XZYIXZZXIIXYII;XZYIXZZZYIZIII
1752,18,0.02370117297826383,445.879611249827,XZYIIIIXYYZZYI;XZYIIIIXZXIYZX;XZYIIIIYYXZZYI;XZYIIIZIYZZZXI;XZYIIXIZZZZYII;XZYIIYZZXIIIYY;XZZZYYXIIIIIXX;YIZZZZZXIXYIII
1753,15,0.022649967104006866,310.3589262406527,XZYIIIIXZXXZYI;XZYIIIIXZZZZIY;XZYIIIIYZZYIXY;XZYIIIIZXZZZYI;XZYIIIYZZYYXII;XZYIIXXIYZZXII;XZYIIXZZZYIZII;XZYIXZXIYZXIII
1754,15,0.010146716762407387,199.32491277252598,XZYIIIIXZYIXZX;XZYIIIIXZYIYZY;XZYIIIIYXYZZYI;XZYIIXZXYZXIII;XZYIIYZXIIYZYI;XZYIXZXIXZYIII;XZYIYXIIIYZZYI;XZZZZYIIXYIIZI
1755,20,0.022438198351746826,438.8348764301453,XZYIIIIXZZZYIZ;XZYIIIIYZYXZYI;XZYIIIIZIXZZZY;XZYIIYIZZZZXII;XZYIYYIIIYZZXI;XZYIYZYIIYZXII;XZZYIIIYZZZIXI;XZZZZXIIYIZYII
1756,14,0.020654021169526075,422.87358683685375,XZYIIIIYZZYIYX;XZYIIIIYZZZXIZ;XZYIIXXIIXZZYI;XZYIIXZZZIZYII;XZZIZYIIIIXZZY;XZZIZYIYZZXIII;XZZXIIIXZXIIXX;XZZYIYXIIIIXZX
1757,18,0.03153453752092275,895.3332672120364,XZYIIIIYZZZZIX;XZYIIIYYIIXZZY;XZYIIIYYYZZXII;XZYIIIYZZXXXII;XZYIIXZZYIIIXX;XZYIIXZZZYIIZI;YIZZYIXZZZXIII;YXIYXIXZZZXIII
1758,16,0.030780037851568742,554.7369069687587,XZYIIIYXXZZXII;XZYIIXXYZZXIII;XZYIIYXYZZYIII;XZYIIYYXZZYIII;XZYXXIIIIXZZYI;XZZYIIIIXZIZZY;XZZYIIIZIYZZXI;XZZYIXZZIZYIII
1759,12,0.03125601972939612,479.5607792342419,XZYIIIYZZYIIXY;XZYIIIYZZYXYII;XZYIIXZZXIIIYX;XZYIIYZYIYZXII;XZYIIZIIIYZZZX;XZZIZXIIIXZZXI;XZZXIYXIIIYZXI;XZZZXIIIIYZYZI
1760,19,0.02902081181442128,537.1734658897544,XZYIIXXXZZYIII;XZYIIXYYZZYIII;XZYIIXZZXXYIII;XZYIIXZZYYYIII;XZYIYYIIIIXZZY;XZYXZYIIIIXZXI;XZZXXYIIIIIYZX;XZZZYIXXIIXYII
1761,17,0.02587267183772253,411.6394823949726,XZYIIXZXIIIXZY;XZYIIXZZZYIIIZ;XZYIIYZYXZYIII;XZYIIYZZZXZIII;XZYXZYIIIIIXZX;XZZXIXXIYZYIII;XZZXIXZZIZXIII;XZZXIYZXIIIIYX
1762,19,0.019056878913317695,499.22771451752027,XZYIIYXIIXZZXI;XZYIIYZXIIXZXI;XZYIIYZZYXYIII;XZYIXZZYIIIIXX;XZYIYZZYIIIIXY;XZZIZXIIIYZZYI;XZZXIIIXYIYZXI;XZZYIIZXZZYIII
1763,20,0.24910418079659832,308.8368405234589,XZYIIYZXIIIXZX;XZYIIYZYIIIXZY;XZYIIYZZXIYYII;XZYIIYZZYIXYII;XZYYZYIIXZYIII;XZZXIIXXIIIXZX;XZZXIIXYIIIXZY;XZZXIIXZZXIZII
1764,18,0.025119099155052133,590.7896724957693,XZYIIYZYIXZYII;XZYIIYZZZIZXII;XZYXXIIIIIXZZY;XZYXZZXIIIIIXY;XZZIZZZXIXXIII;XZZIZZZYIYXIII;XZZXIYZZYIIIIZ;XZZYIIIXZXIIYX
1765,18,0.019056878913317695,381.38414067205554,XZYIIYZZZXIIIZ;XZYIXZZIZZYIII;XZYIXZZXIIYXII;XZYIYZZYIXYIII;XZYXZXIIIIIXZY;XZZYIIYZZXZIII;XZZZZXIIIIXXZI;XZZZZXIIZIXXII
1766,13,0.017526792607182175,438.04541196880126,XZYIIZIIXZZZYI;XZYIIZIYZZZXII;XZYXZZZYIIZIII;XZYYYIIXZZYIII;XZZIZYIXZZYIII;XZZYIXZYIIYYII;XZZZYXZYIIZIII;XZZZZXYYIIIIIZ
1767,14,0.020303033297307746,478.91522833780357,XZYIYXIYZZYIII;XZYYZZYIIIIXYI;XZZIZZZIZZXIII;XZZIZZZYIXYIII;XZZXIIYXIIYZXI;XZZXIYYIIIIXZX;XZZXZIIIXZZXII;XZZZXIXXIYYIII
1768,16,0.009924594152925046,323.54167330518055,XZYIYZZXIYYIII;XZYYZZZXIIZIII;XZZIZZZXIYYIII;XZZXYZZYIIIIIZ;XZZYYXIIIIYZYI;XZZZYIIIIIXXXY;XZZZYIIIIIXYXX;YXIIIIXZYXZZXI
1769,16,0.025877901387442857,547.666330670178,XZYXXIIIXZZYII;XZYYYIIIIIXZZY;XZYYZZXIIIXXII;XZZXIIIIIXZYYX;XZZXIIIIXZZZIX;XZZXIIIIYZZYZI;XZZXIIIIZXZZXI;XZZXIIIIZYZZYI
1770,19,0.03856988622095786,601.7797672652406,XZYYZZZXIIIIIZ;XZZIZZZYIIXYII;XZZXIIIIXZZXIZ;XZZXIIIIYZYXXI;XZZXIIXXIIIYZY;XZZXIIZIXZZXII;XZZXIXZZZIXIII;XZZXIYZYIIIXXI
1771,23,0.038556161308243374,535.8721373923823,XZZIZZXIIIIXZX;XZZIZZYIIIIXZY;XZZIZZYIIIIYZX;XZZXIIIIXXXZXI;XZZXIIIIXYXZYI;XZZXIIIYZZYIZI;XZZXIYXIIIIXZY;XZZXIYXIIIIYZX
1772,21,0.0341540183420849,1008.8215050202042,XZZIZZZXIIXXII;XZZXIIIIIYYYZY;XZZXIIIIIYZYYY;XZZXIIIIIZYZZY;XZZXIIIIYZYYYI;XZZXIIYZYIXXII;XZZXIIYZYXXIII;XZZXYZYIIIXXII
1773,15,0.023094539947133126,513.2486860277149,XZZIZZZYIIIIXY;XZZXIIIIIYXYZX;XZZXIIIIIYZXXY;XZZXIIIYYIXZXI;XZZXIIIYZXIYXI;XZZXIIZIYZZYII;XZZXIZIIYZZYII;XZZZYIIYXIIIXX
1774,20,0.011743221663014277,303.7906713750811,XZZXIIIIIXZXXX;XZZXIIIIIXZXYY;XZZXIIIIXZXIXX;XZZXIIXZXYYIII;XZZXIXZXIIIIXX;XZZXXZXIIYYIII;XZZXXZYIIIXYII;XZZYIIIXZZYIZI
1775,23,0.012354125039170627,283.9603912210335,XZZXIIIIXYIXZY;XZZXIIIIXYIYZX;XZZXIIIIYYIYZY;XZZXIIIXZZXIZI;XZZXIIIYXIIYZX;XZZXIIIYYIIXZX;XZZXIXZYIYXIII;XZZYIIIIIYZZXZ
1776,18,0.04132971448125474,951.1472645381286,XZZXIIIIXZYYXI;XZZXIIIIXZZIZX;XZZXIIIIYZZYIZ;XZZXIIIIZIXZZX;XZZXIYYIIIYZYI;XZZXIZIIIYZZYI;XZZYIYZYIIXYII;YXIIIIYZZXYZYI
1777,17,0.03494940154226169,761.89518839504,XZZXIIIIYZXYXI;XZZXIIIXXIYZYI;XZZXIIIXZYIIXY;XZZXIIIXZYYXII;XZZXIIYXXZYIII;XZZXIIZIIIXZZX;XZZXYZXIIIXYII;XZZZXIXXIIIYYI
1778,18,0.01605497931850649,325.55243337483444,XZZXIIIXYIIYZX;XZZXIIIXYXZYII;XZZXIIIXZYIIYX;XZZXIIIYZZIZYI;XZZXIIXZZXZIII;XZZXIXZZXIZIII;XZZXIYZXIIIIXY;YXIIXZZYIXZXII
1779,18,0.025750588682334135,753.2864918654329,XZZXIIIXYYZXII;XZZXIIXXIIXZXI;XZZXIIYZYIIYYI;XZZXIYZXIIXYII;XZZXIYZZYIIZII;XZZXZIIYZZYIII;XZZYIXZXIIYXII;XZZZZYIIZXYIII
1780,17,0.258928455497676,4355.6316475310805,XZZXIIIYZZZIYI;XZZXIIIZXZZXII;XZZXIYYIIIXZXI;XZZXYYIIIIXZXI;XZZYIIYYIIXZYI;XZZYIIYZZZIXII;XZZYIZIIXZZYII;YIZZZZZXIIYXII
1781,13,0.24999570354490952,4528.6224106438185,XZZXIIXYIIIYZX;XZZXIIXYIIYZXI;XZZXIIYZYYYIII;XZZXXZYIIIYXII;XZZYIIIIIYXXZX;XZZYIIIIZIYZZX;XZZYIIXZZIZYII;YIZZZZZXIIIIXY
1782,16,0.023474240209202548,461.32191861036233,XZZXIIXYIYZXII;XZZXIIYZYIIIXX;XZZXIIYZYIIIYY;XZZXIXZXIIYYII;XZZZXXYIIIIIYX;XZZZYIIYZXIIZI;XZZZYIXXIIIIXY;YIZZYIIYZZZYII
1783,16,0.2426973677471002,4131.541918808346,XZZXIIXZYIIXYI;XZZXIIYZXIIYXI;XZZXIZIIIIYZZY;XZZXXZXIIIXXII;XZZYIIIIXYIYZY;XZZYIIXYIIIYZY;XZZZYIIIXYIIYY;XZZZYIXYIIIIYY
1784,22,0.01456919553306402,301.4230560837073,XZZXIZIIXZZXII;XZZYIIIIIXXYZX;XZZYIIIIXYIXZX;XZZYIIIIXZXIYX;XZZYIIXZZYIZII;XZZYIYZXIYYIII;XZZYXXIIIIXZYI;YXIIXZZZXIIIXY
1785,18,0.01567557641841071,443.6467909252555,XZZXXYIIIIXZYI;XZZXYXIIIIXZYI;XZZYIIIIYZZZIX;XZZYIIIYXIXZXI;XZZYIIIYZXXXII;XZZYXXIIIYZXII;XZZYYYIIIIIXZY;XZZYYYIIIYZXII
1786,20,0.009595907212064736,241.1401720870648,XZZXXZZXIIIZII;XZZYIIIIXXIYZX;XZZYIIIIXZZYIZ;XZZYIIIXYIIYZY;XZZYIIIXYYZYII;XZZYXXIIIIYZXI;XZZYXYIIIIXZXI;XZZYXYIIIIYZYI
1787,13,0.025290378603963895,490.5930298830672,XZZYIIIIYIZZZX;XZZYIIIIYXIYZY;XZZYIIIXYIYZYI;XZZYIIIYYIXZYI;XZZYIIYXXZXIII;XZZYIIYYXZYIII;XZZYIIYZYIIXYI;XZZYIXYIIIIYZY
1788,14,0.009586422423444896,350.0666813751519,XZZYIIIIYYIYZX;XZZYIIIXZXIIXY;XZZYIIIYYIIYZX;XZZYIIXZXXYIII;XZZYIIYZZXIIZI;XZZYIXXIIIYZXI;XZZZXIXYIIIYXI;XZZZXIYYIIXXII
1789,12,0.2545460295582218,3417.4137232891094,XZZYIIIIYZXIYY;XZZYIIIIYZYIXY;XZZYIIIYYYZXII;XZZYIIXYIIIXZX;XZZYIYYIIXZYII;XZZYYYIIIIXZYI;XZZZXIIYZYIIIZ;YIZZZZXIIIYZXI
1790,18,0.026447164739927167,582.8904930616579,XZZYIIIIYZXXXI;XZZYIIXZXIIIYX;XZZYIIXZXIIXYI;XZZYIIXZXIYXII;XZZYIIYZYXYIII;XZZZXIYZIZYIII;XZZZZXIIIIZXXI;XZZZZYZIIIIIYX
1791,16,0.014426403095962229,334.3798958843334,XZZYIIXIZZZYII;XZZYIIYZIZZXII;XZZYIIZIXZZYII;XZZYIYXIXZXIII;XZZZYIIXYIIIYY;XZZZZYIXYIIIZI;XZZZZYYXIIIIZI;YXIIIXZZZYIIXX
1792,16,0.028900818284737416,498.0059420646871,XZZYIIXXIIIXZY;XZZYIXZXIIXYII;XZZYIYZXIIIXXI;XZZYYZZXIIIZII;XZZZYIIIXYYYII;XZZZYIIIYYIXYI;YXIIIIXYIYZZZY;YXIIXZZZYIIIXX
1793,17,0.0419720009901898,1182.9596265653047,XZZYIIXZXYXIII;XZZYIIYZXIYYII;XZZYIXZXIIIYXI;XZZYIXZYIIIYYI;XZZYIXZZYIIIZI;XZZYXZYIIIYYII;XZZZYIXXIIIXYI;XZZZYIXYIIIXXI
1794,14,0.009514162158443725,262.22523048157615,XZZYIIXZYIIYYI;XZZYIXZYIIIXXI;XZZYIYYIIIIYZX;XZZYXZXIIXYIII;XZZYXZYIIIXXII;XZZZYIIIXXIIYX;YXXZXIIYZZXIII;YXYZXIIIIIYZZY
1795,14,0.011140446058779332,330.9206579790634,XZZYIXYIIIXZXI;XZZYIYZYIIIXYI;XZZYIYZYIIYXII;XZZYXZYIIIIIYY;XZZZXIXXIIYYII;XZZZYIIZXZYIII;YXIIIIYZZIZZZX;YXYZZYIIXZYIII
1796,13,0.016435089382308483,336.2062201083515,XZZYIYYIYZXIII;XZZYXZXIIIIIYX;XZZYYYIIIXZYII;XZZZIZYIIYZXII;XZZZXIIIYZYIIZ;XZZZXIIXXIIIXX;XZZZYIIIIIYYXY;XZZZYIIXZZIYII
1797,17,0.02694818273160214,629.4492271439688,XZZYIYZXIIIIYY;XZZYIZIIIIXZZY;XZZYIZIIIYZZXI;XZZYXZYIIIIIXX;XZZYYXIIIIXZXI;XZZZYYYIIIIXYI;XZZZZYIIIIXYIZ;YIZZZZZYIXXIII
1798,17,0.012042408726549048,351.5142871148791,XZZYYYIIIIIYZX;XZZYYZXIIIXXII;XZZZXIIIIXXIYY;XZZZXIIYYXXIII;XZZZXZIIIIIXZX;XZZZYIIIXZYIIZ;XZZZZYXYIIZIII;YXIIXZXXZZYIII
1799,14,0.01817353705474554,280.4236625597465,XZZYYZZXIIIIZI;XZZZIYIIYZZXII;XZZZXIIIIXIZZX;XZZZXIIIYYXXII;XZZZXIXXIIIXXI;XZZZYIIYXIXXII;YIZZZXIIYZZXII;YXIIIIIXYYZZZY
1800,15,0.050551729698327594,835.8848258708442,XZZZIZZYIIXYII;XZZZXIIXZZIXII;XZZZXIXXIIIIXX;XZZZYIIIIXXIXY;XZZZYIIYIZZXII;XZZZZXIZIIIIXX;XZZZZXIZIIIIYY;YXIXZXIXZZYIII
1801,16,0.07600883978295457,293.1382488276187,XZZZXIXXIXXIII;XZZZXIXYIXYIII;XZZZYIIIIXZYZI;XZZZYIIIYYIIXY;XZZZYIXXIIYXII;XZZZYIXYIIXXII;XZZZYIYXIIXXII;XZZZYIZIIYZXII
1802,13,0.18452818218762335,2956.3215937104173,XZZZXIXYIIXYII;XZZZYIIIIYYIXY;XZZZYIIIIYYYXI;XZZZYIIXXIIIXY;XZZZZIXIYZYIII;XZZZZXIIIIYIZY;XZZZZXIIIIYYZI;XZZZZZXIIIIXIX
1803,15,0.011010490461243723,311.05060387219953,XZZZXIZIXZXIII;XZZZYIIIIYXYYI;XZZZYIIXXIYXII;XZZZYIIXYIIYYI;XZZZYIYXIIIXXI;XZZZYYXIIIIIYY;YXIIIIIYZZZZXZ;YXIIIZIYZZZZXI
1804,15,0.03316954033467059,596.2115906039757,XZZZYIIIIZXZYI;XZZZYIIIYXIIXX;XZZZYIIXYIYYII;XZZZYXZYIIIZII;XZZZZYIIIIIZXY;YXIIIIIXZZZYYY;YXIIIIIYZXXZZX;YXIIIZYZZZZXII
1805,11,0.009982124141686378,233.0114394410144,XZZZYIIIXXYXII;XZZZYIIXZYIIIZ;XZZZYIIYZXIZII;XZZZYIIYZZIXII;XZZZYIXYIIIIXX;YXIIXYIXZZZXII;YZXIIZIIIXZZZY;YZXIIZIIYZZZXI
1806,11,0.2549140947250731,3944.853081307655,XZZZYIIIYXIIYY;XZZZYIIZIXZYII;XZZZYIXZYIZIII;XZZZYXYIIIXXII;XZZZYZIIIIIYZX;XZZZYZIIXZYIII;YIZZZZZXIIIXYI;YXIIIIIXXXZZZY
1807,14,0.0922638334982455,396.88435244456406,XZZZYIXZIZYIII;XZZZYIYXIXXIII;XZZZZXIYYIIZII;XZZZZXZIIXXIII;YXIIIIYYIXZZZY;YXIIYZZZIZZXII;YXIXZYIIIYZZYI;YZXIYZZZZIXIII
1808,15,0.017472659761851337,362.8650692787392,XZZZYIYYIXYIII;XZZZYXYIIIIIXX;XZZZZIZXIXXIII;XZZZZXIIIIXXIZ;XZZZZYIIZIXYII;XZZZZYIXYIIZII;YYIIIIIXZZYXZY;YZYIIIIXYIXZZY
1809,14,0.023725934292990844,845.2448209482093,XZZZYXXIIIIIXY;XZZZYXYIIIIYYI;XZZZZIZYIIIIYX;XZZZZYIYZIXIII;YXIIIYZYXZZYII;YXIIIYZZIZZZXI;YXIIXYIIIXZZZX;YXIIYZZZZXZIII
1810,15,0.041876852321440484,799.7787515216289,XZZZYYXIIIIXXI;XZZZYYZXIIIIZI;XZZZZIXIIIIXZX;XZZZZIZXIIIIXX;XZZZZXIIYYZIII;XZZZZXIIZYYIII;XZZZZXIZIIIYYI;YXIXZZYIYZYIII
1811,23,0.06318978187747375,1180.9702169693405,XZZZYYZXIIIIIZ;XZZZZXIIIIYYIZ;XZZZZXIIIYYIIZ;XZZZZXIIZIIYYI;XZZZZXZIIIIYYI;YXIIIXZZZYYYII;YXIXZZZYIIIYYI;YXIXZZZYIYYIII
1812,17,0.2420469751436402,4407.52489651461,XZZZZIYIIIIXZY;XZZZZIZYIIIIXY;YIZZZZXIIIIYZX;YXIIIIXZZZYXXI;YXIIXZZXIIIYZX;YXIIYZZZYYXIII;YYIIIIYZYIXZZX;YYIIIIYZZZXIYX
1813,14,0.05523104114254637,1755.302710688658,XZZZZIZXIIIYYI;XZZZZYIZIIIXYI;YIXIIYZZZZZXII;YXIIIIXXXZZZYI;YXIIIIXZIZZZZY;YXIIIIXZYIXZZX;YXIIIIYZZZIZZX;YXIIIYZZXIIYZY
1814,19,0.0922638334982455,2085.9646747278903,XZZZZXIIIYYZII;XZZZZXIZIYYIII;XZZZZYIIIXYZII;XZZZZZIXIIYYII;YXIIIIXZZZXIYX;YXIIZIIIXZZZZY;YXIYZZYIYZXIII;YXXYIIXZZZXIII
1815,12,0.057074693931249004,824.3954368038852,XZZZZXIIIZIIXX;XZZZZXIIXXIIZI;XZZZZXXXIIZIII;YXIIIIXZZXXZYI;YXIIIXXXZZZYII;YXIIXZZZYIIIYY;YXIIYZZZYIIYXI;YXXXIIXZZZYIII
1816,14,0.032621762014602665,811.7762801585313,XZZZZYIIIIIYXZ;XZZZZYIZIIXYII;YXIIIIIYZZZYYX;YXIIIIYZZXIYZY;YXIIIXZZZYIXXI;YXIIIYZZZYIIYX;YXIXYIIIYZZZYI;YXXZXIIXZZYIII
1817,15,0.030732869610589412,710.4350593551108,XZZZZYIIIZIIXY;XZZZZYXYIIIZII;YXIIIIIXZZXYZX;YXIIIIIYYXZZZY;YXIIIIYZZZZIZX;YXIIXXIIYZZZXI;YYIIIYZZZYIIXX;YZZXXYIIIXZXII
1818,17,0.04043807716882712,1069.0069614753556,XZZZZYXYIIIIZI;YXIIIIIXZZZYXX;YXIIIIXXYZZZXI;YXIIIIXZZZYIYY;YXIIIYIZZZZZXI;YXIIXXYZZZXIII;YXYZZZYIIIIYXI;YZXIIIIXZZXYXI
1819,24,0.2531573224193541,4294.4067739602015,YXIIIIIXXYZZZX;YXIIIIIXZXXZZY;YXIIIIIYXXZZZX;YXIIIIXZZZIZZY;YXIIIZIIYZZZZX;YXIIXIZZZZZYII;YXIIXZZZYIIXXI;YXIIYIZZZZZXII
1820,26,3.1281862113227414,58104.02183631249,YXIIIIIYYYZZZX;YXIIIIIZXZZZZY;YXIIIIIZYZZZZX;YXIIIIYZZZXYYI;YXIIIIYZZZYXYI;YXIIIYZZZYXYII;YXYZZZYIIIYXII;YYIXZZZXIIXXII
1821,18,0.07108123149487658,1831.4910238136442,YXIIIIIYZZZXYY;YXIIIIXXIXZZZY;YXIIIIZYZZZZXI;YXIIIXZYIIXZZX;YXIIXXIIXZZZYI;YXIIXZZZIZZYII;YXIIYZZZXIYYII;YXXZZZXIIIIYXI
1822,13,0.2653253117525821,4817.976290226302,YXIIIIXYXZZZXI;YXIIIIZXZZZZYI;YXIIIXZXYZZXII;YXIIIXZZZXYXII;YXIIIXZZZYXXII;YXXZZZZYIIIIZI;YYIIXYIXZZZYII;YYYZZZXIIIIYXI
1823,13,0.03615999527106501,1026.0746505035813,YXIIIXZZXYZXII;YXIIIYZZZYIIXY;YXIIIYZZZZXIZI;YXIIXZZXIIYZXI;YXIYZZYIIIYZXI;YXXZZYIIYZYIII;YYIIIIXXYZZZYI;YYIIIXZZZYIIYX
1824,15,0.02662201291609655,619.6366850197624,YXIIIXZZZXIYXI;YXIIIYZZZIZZXI;YXIIIYZZZYIXYI;YXIIXZZYXZXIII;YXIYZYIIYZZXII;YXYZXIIXZZXIII;YXYZYIIXZZYIII;YYIYZZZYIIIXXI
1825,11,0.041972037674610975,1176.2368965597925,YXIIIXZZZZYIIZ;YXIIXXIYZZZXII;YXIIYZYIIXZZYI;YXIXZZZZYIIIIZ;YXIYZYIXZZYIII;YXYZZZXIIIIXXI;YXYZZZZXIIIZII;YZXXZXIIIIXZYI
1826,13,0.026128161221042362,779.8791930517808,YXIIIYZZZXIIYY;YXIIXZZZYIXXII;YXIIYYYZZZXIII;YXIIYZYIIIYZZX;YXIYZZZYIIIXYI;YYIIIIIXZZXYZY;YYIIYZZZYIIXXI;YZZZXIIIYZZIXI
1827,15,0.03015265013918771,779.2585155660083,YXIIXXXZZZYIII;YXIIYZZXIIIYZY;YXIIYZZYIIIYZX;YXIXZZZYIIIIXX;YXXXIIYZZZXIII;YXXZZYIIXZXIII;YXYZZZYIIXYIII;YYIIIIXZZZXYYI
1828,14,0.036185383227112955,806.3070607393902,YXIIXZZYIIIYZY;YXIIYZYYZZXIII;YXIXZXIIIXZZYI;YXXZXIIIIIYZZX;YXXZZZYIIIYYII;YYIIIIXZZYIYZX;YYIXYIYZZZXIII;YZZXIIIIYZXYYI
1829,13,0.009797167999375448,87.13541144125247,YXIIYZZZXIIXXI;YXIIZIIIYZZZZX;YXIXZYIXZZXIII;YXIYZXIXZZXIII;YXXZYIIIYZZYII;YYIIIIIXXYZZZY;YZYIXZZYIIIXYI;YZZZXIIIIYXXXI
1830,21,0.25252859377553244,3745.1153722838776,YXIYZZYIIIIXZY;YXIYZZYIIIXZYI;YXIYZZZYIIXYII;YXXZZZXIIIYXII;YYIIIIZXZZZZXI;YYIIIYZZZZZIYI;YYXZYIIIIIXZZY;YZYIXZYIIIXZYI
1831,12,0.011867007606581511,234.26141091789142,YXIYZZZXIIIYYI;YXIZIIIYZZZZXI;YXXZZZXIIXYIII;YXXZZZYIIYYIII;YXYZZZZXIIIIZI;YYIIYZZXXZYIII;YZZZXYZXIIZIII;YZZZYIIYZIZYII
1832,22,0.030953611834805654,686.2122580197283,YXYZZYIIIXZYII;YXYZZYIIIYZXII;YYIIIIXZZIZZZX;YYIIIYZZZZYZII;YYIXZYIYZZXIII;YYYZZZZYIIIIZI;YZXIIIIYZXIYZY;YZXZIIXZZZYIII
1833,15,0.034078571552446084,332.2142714210412,YXYZZZZXIIIIIZ;YYIIIIIXZXYZZY;YYIIIIIXZYXZZY;YYIIIIYXXZZZYI;YYIIIIYXYZZZXI;YYIIIXXYZZZYII;YYIIYZZYIIIYZY;YZXIIXZXIIIXZY
1834,13,0.01862414457473051,811.9143154659666,YYIIIIIYZZXXZY;YYIIIIIYZZXYZX;YYIIIIIYZZZYXX;YYIIIIXZYYZZXI;YYIIIIYZXYZZXI;YYIIIIYZYXZZXI;YYIYZIZZZZYIII;IIIIIYXIXYXZXI
1835,19,0.07163107005399423,297.5533192774085,YYIIIIIYZZZXYX;YYIIIIXYIXZZZY;YYIIIIXYXZZZYI;YYIIIIXZYIXZZY;YYIIIIYZZXIYZX;YYIIXZYXZZYIII;YYYZZXIIYZXIII;YZXIIIIIXZYYZY
1836,16,0.02529038432437445,506.8441542291815,YYIIIIXZYXZZYI;YYIIIIXZZYIXZY;YYIIIIXZZYYZXI;YYIIIIYZYYZZYI;YYIIIYXIIYZZZX;YYIIIYYIIXZZZX;YYIIIYZYIIXZZX;YYIIYZZXIIIXZY
1837,18,0.055849085275729404,819.0555573372316,YYIIIIXZZXIXZX;YYIIIIXZZXIYZY;YYIIIIYZZYYZYI;YYIIIZIXZZZZXI;YYIIXZZZXXXIII;YYIIYZZZZYZIII;YYIXZZYIIIIYZX;YZXIIXZZZYIIIZ
1838,20,0.06394939102456904,2617.071344342348,YYIIIIXZZZXIYY;YYIIIIYZYIYZZY;YYIIIIZIYZZZZY;YYIIIXYIYZZZXI;YYIIIYZZZYIYYI;YYIIXZZZZIZXII;YYIYZZZIZZYIII;YZXIIIXYXZZXII
1839,28,5.762108732906472,159228.72118841275,YYIIIIXZZZYXYI;YYIIIIYZZZYIXX;YYIIIIZYZZZZYI;YYIIIXZZYYZXII;YYIIIYZYIIYZZY;YYIIIYZYIXZZXI;YYXZXIIIIIYZZY;YYXZXIIIIXZZXI
1840,24,0.0198295763557024,597.0757359958636,YYIIIIZIXZZZZX;YYIIIXZZZXIXXI;YYIIIYIZZZZZYI;YYIIXZZZXIIXXI;YYIIXZZZZXIZII;YYIXZZZIZZXIII;YYIYXIIIIXZZZY;YYIYZZZZYIIIIZ
1841,12,0.25891914105957775,4178.388105836496,YYIIIXZZZXIIXX;YYIIIYXXZZZYII;YYIIIYZZXXZYII;YYIIXZXIYZZYII;YYIIYZYIIIYZZY;YYIIYZYIXZZXII;YYIXZZZXIIIIXX;YZZXIIIIXZXXYI
1842,18,0.019056878913317695,579.7581203092599,YYIIIYYIIYZZZY;YYIIIYZZZYIIYY;YYIIXZXIXZZXII;YYIIXZZYXZYIII;YYIIXZZZZZIXII;YYIIYZZZYIXXII;YYIYZYIIIXZZXI;YYYYIIIYZZZYII
1843,11,0.011861340678998161,484.67321739473357,YYIIIYZYYZZYII;YYIIIYZZIZZZYI;YYIIXYIIIXZZZY;YYIIXYIIIYZZZX;YYIIXYXZZZYIII;YYIIYXIIYZZZXI;YYXYIIXZZZYIII;YYXYIIYZZZXIII
1844,14,0.009029686515572746,308.7186138228312,YYIIIYZZZYIXXI;YYIIIYZZZZYIZI;YYIIXZXIIIYZZY;YYIIXZZZYIYXII;YYIYYIXZZZXIII;YZIZZXIYZZXIII;YZXIIXZXIIYZXI;YZYIYXIIIIYZZX
1845,13,0.02169246700265401,283.3659148208112,YYIIIZIYZZZZYI;YYIIIZXZZZZXII;YYIIXZZYIIIXZY;YYIIXZZZXIYYII;YYIIXZZZYIXYII;YYIZIIIYZZZZYI;YZXIXZZXIIIYXI;YZXYZXIIIIIXZX
1846,16,0.04169446966080059,748.8627233408948,YYIIXZYIIIXZZY;YYIIXZYIIYZZXI;YYIIXZZZZXIIIZ;YYIIYXYZZZXIII;YYIIYZZXYZXIII;YYIXZZZYIIIXYI;YYIYZZYIIIXZXI;YZZZXIIIIXZZIY
1847,14,0.02731666541780963,643.0272506583121,YYIIXZZYIIXZYI;YYIIXZZYIYZXII;YYIIYZYIIXZZXI;YYIIYZZZXIIIYX;YYIYZZZYIIIYYI;YYIYZZZYIYYIII;YYXZZZYIIIIIYX;YZIZXIIXZZZYII
1848,17,0.02164537704270937,212.36366779166423,YYIIXZZZXIIIXX;YYIIXZZZYIIIXY;YYIIXZZZYIIIYX;YYIXZXIXZZXIII;YYIXZXIYZZYIII;YYIYZYIYZZYIII;YYXZXIIXZZXIII;YZXIXZZXIYXIII
1849,20,0.055849085275729404,2095.339716498473,YYIIXZZZYYXIII;YYIIYZXIIIXZZY;YYIXZZXIIIIYZY;YYIXZZXIIIXZXI;YYXZYIIIXZZYII;YZZXIIXZYIIIYY;YZZYXXIIIIIYZY;YZZYYZYIIIYYII
1850,15,0.025105025452575373,875.7688510065782,YYIIYXIIIYZZZX;YYIIYZZXIIIYZX;YYIIZIIIXZZZZX;YYIXZZYIIIYZXI;YYIZIIIXZZZZXI;YYYZZZYIIIYYII;YZXIIXZZXIIIYX;YZYIIIIXZZIZZX
1851,20,0.03819519922580873,844.1871886933791,YYIXZZXIIIIXZX;YYIXZZZZXIIZII;YYIYZYIIIYZZYI;YZIXIIXZZZZYII;YZXIIIIIZYZZZX;YZXXZZZYIIIIZI;YZZXIIYZYIIYXI;YZZYIXYIXZYIII
1852,15,0.025256736987279944,577.2523146406378,YYIXZZZXIIIYYI;YYIYYIYZZZYIII;YYIYZYIIIIXZZX;YZXIIIXZXIXZYI;YZXIIXXYZZXIII;YZXZIIIIIXZZZY;YZXZIIIXZZZYII;YZZXIIIYIZZZXI
1853,13,3.002937554118776,42876.376600882766,YYIYZZZXIIIIYX;YYXZZZXIIIXXII;YYXZZZYIIIXYII;YYYZZZYIIIXXII;YZIXIYZZZZXIII;YZIZZXIIIYZZXI;YZXIIIXXYZZXII;YZZXIYZZXIZIII
1854,14,0.017039285776223042,418.1295054291326,YYIZIYZZZZYIII;YYXXIIYZZZYIII;YYYZZYIIIIIYZY;YZIYIIIYZZZZYI;YZXIIIIXZYXZXI;YZXIIIXYIIXZZX;YZXIYZZYIIXYII;YZZXIIIXZXIIXY
1855,20,0.027884151522056425,550.4037923868744,YYXXIIXZZZXIII;YZIYIIYZZZZYII;YZIZZYIIYZZYII;YZIZZZZYIIIXXI;YZXIIIIIXZXYZX;YZXIIIIXZZXIYX;YZXIIIIYZZXIXX;YZXIIYYIIIXZZY
1856,13,0.029992373462925565,513.0076586713872,YZIYIXZZZZXIII;YZIZZYIIIIXZZX;YZIZZYIIXZZXII;YZXIIIIXXYZZXI;YZXIIIXZZZYIIZ;YZXIXXIIIXZZYI;YZXIXXIIIYZZXI;YZXYXIIIIIXZZX
1857,19,2.764391686409318,39467.11745614033,YZIZXIIIXZZZYI;YZIZZZZXIIIIXY;YZIZZZZYIIIYYI;YZXIIIIYXIYZZY;YZXIIIXZZXIIYX;YZXIIIXZZXXYII;YZXIIXYIIIXZZX;YZXIYZZZIZXIII
1858,19,0.038654886941522235,871.7876176121715,YZIZZXIIIIXZZY;YZIZZZYIIIXZXI;YZXIIIIXXIYZZX;YZXIIIIXZYYZYI;YZXIIIIYYXZZYI;YZXIXYIXZZXIII;YZXIYZZYIIYXII;YZXXZXIIIIIXZY
1859,18,0.017039285776223042,445.7764598033587,YZIZZZXIIYZXII;YZXIIIIIXZZYYY;YZXIIIIIZXZZZY;YZXIIIIXZZYXXI;YZXIIIIYZZXXXI;YZXIIIXXIIYZZX;YZXIIYZXIIYZYI;YZXIYYIYZZXIII
1860,16,0.028955727740994235,568.690118354922,YZXIIIIXYYZZYI;YZXIIIIYZYYZXI;YZXIIIXZZXIIXY;YZXIIXZXYZXIII;YZXIXXIYZZXIII;YZXIYZZXIIYYII;YZYIYZZXIIIXYI;YZYYZZXIIYXIII
1861,18,0.3238430818123812,751.239004403526,YZXIIIIXZZIZZY;YZXIIIIXZZZIZY;YZXIIIIYZIZZZX;YZXIIIIZIXZZZY;YZXIIIYZIZZZXI;YZXIIZIIIYZZZX;YZXIZIIIYZZZXI;YZXZIIIIIYZZZX
1862,14,0.02579533030055332,474.010763198848,YZXIIIIXZZZYIZ;YZXIIIIYZZXYYI;YZXIIIZIYZZZXI;YZXIIXZXIYZXII;YZXIZIIXZZZYII;YZYIIIIYZZYXXI;YZZXIIXZZYIZII;YZZZZZYIIIYIYI
1863,14,0.01905691962072327,131.50325597245035,YZXIIIIYYIYZZX;YZXIIIIYZZXIYY;YZXIIIXZXXZYII;YZXIIYYIYZZXII;YZXIXZZXIIIIYX;YZXXZXIIIYZXII;YZXYZZZXIIIIIZ;YZZYIIIYXXZYII
1864,15,0.02169246700265401,301.552836982091,YZXIIIIZXZZZYI;YZXIIIIZYZZZXI;YZXIIXYIIIYZZY;YZXIYYIIIIYZZX;YZXYZZZXIIIIZI;YZYYZZZYIIZIII;YZZXIXZYIYYIII;YZZYIYZXIYXIII
1865,22,0.03811375782663539,729.6290394728635,YZXIIIXZZZYIZI;YZXIIIYYIIYZZX;YZXIIXYYZZYIII;YZXIIYZYIIIYZX;YZXIIYZZIZZXII;YZXIIZIYZZZXII;YZYIIYXIIIXZZY;YZYXZZXIIIXXII
1866,15,0.034949401542261685,539.5236034324889,YZXIIXZYIIYZYI;YZXIIXZZXYXIII;YZXIIXZZYXXIII;YZXIIYZXIIIYZY;YZXXZXIIIIIYZX;YZXYZYIIIIYZXI;YZXYZZXIIIIXXI;YZZYIIZIIIYZZY
1867,15,0.019278080654121687,212.57776425579928,YZXIIXZZIZZYII;YZXIIYYIIYZZXI;YZXIIYZYIIYZXI;YZXIXYIIXZZXII;YZXIYZYIIIYZXI;YZXYYIIIXZZYII;YZZXIIIIYZYYXI;YZZYIIYZYIIIYY
1868,13,0.009526185775220916,193.09915069407185,YZXIIYZZXIYYII;YZXIIYZZYIXYII;YZXIXYIIIXZZXI;YZXIYZZXIIIIXX;YZYIIIIIXYYZZX;YZZXIIIIXZXIYX;YZZXIIIIYYXZYI;YZZZXZIIXZYIII
1869,15,0.027603291942822707,523.604582364697,YZXIXXIIXZZYII;YZXIXXIXZZYIII;YZXIXZZYIIYYII;YZXXZYIIIIIYZY;YZXYZZYIIIIIYX;YZZXIIIIXZIZZY;YZZYIIIIYZYXXI;YZZZXZIIIIYZXI
1870,18,0.07515793760604797,1237.9036697086951,YZXIXYIIIIXZZX;YZXIYXIXZZXIII;YZXYZZZXIIIZII;YZZIXIXZZZYIII;YZZXIIIIIZYZZX;YZZXIIIIZIYZZX;YZZXIIXYIIXZXI;YZZXXZZYIIIIZI
1871,11,0.01301623295225142,162.39023173627626,YZXIXZZYIIIYYI;YZXIYZZZXIZIII;YZXXXIIIIIYZZX;YZXYYIIIIXZZYI;YZYIYZZZYIIIZI;YZYXYIIIIIXZZY;YZZXYXIIIIIYZY;YZZZXIIIIXZIZY
1872,16,0.02070591771594548,482.54470397544884,YZXXYIIIIIYZZY;YZXXYIIIXZZXII;YZXYZXIIIIXZXI;YZYIIIXZYIYZXI;YZYXZXIIIYZYII;YZZIZXIIIYZZXI;YZZXIIXZYIYYII;YZZYIIIIYZIZZY
1873,17,0.023738006529094212,429.3158027922258,YZXXZYIIIIYZYI;YZYIIIIIXZZXXX;YZYIXZZXIIIYYI;YZYIYZXIIIYZXI;YZYIYZZYIXXIII;YZYXZZXIIIIXXI;YZZYIIIIXZXIXX;YZZYIIIXZZZIXI
1874,14,0.032714433915423814,648.106307429403,YZYIIIIYXIXZZY;YZYIIIIYZXXZYI;YZYXZXIIXZXIII;YZYXZYIIIIYZXI;YZYXZZXIIXXIII;YZZIYIIIIYZZZY;YZZXIIIIIYXYZY;YZZXIIIIXYXZXI
1875,18,0.013279874467349595,242.967915803831,YZYIIIXYIXZZYI;YZYIIXZZYYXIII;YZYIIXZZZXIIIZ;YZYIIYXIIXZZYI;YZYIYYIIIIYZZY;YZYXYIIIYZZXII;YZYYYIIIYZZYII;YZZXIIIIIXXYZX
1876,14,0.019278080654121687,285.9707544933368,YZYIIYZZYIIYYI;YZYIYYIIIIXZZX;YZYXZZYIIYXIII;YZYYYIIIIXZZXI;YZYYYIIIXZZXII;YZZXIIXXIIXZYI;YZZYXZXIIIIIXX;ZIIXZZZZYXYIII
1877,15,0.04687694256779903,513.1721799551178,YZYIYXIIIIXZZY;YZYYZXIIIIIXZY;YZYYZZYIIIIXXI;YZZXIIIIXXXZYI;YZZXIIIXXIXZYI;YZZXYYIIIIIYZX;YZZYYZXIIIIXYI;YZZZXIIIIXYIYY
1878,11,0.041504556300095204,686.5694100864368,YZYXZZYIIXYIII;YZYYZXIIIIYZXI;YZYYZZXIIIIIYX;YZZIYIIXZZZXII;YZZIZZXIIIIYZX;YZZXIIIIYYIXZY;YZZXIIIIYZYXYI;YZZXIIIIZIXZZY
1879,17,0.27126151435704887,4089.6465363824464,YZYYZZXIIIIIXY;YZYZIIYZZZYIII;YZZXIIIIIYXXZX;YZZXIIIIXXIYZX;YZZXIIIIXXYZXI;YZZXIIIIYZXXXI;YZZXIIIIYZZIZX;YZZZXIYYIIIIYX
1880,17,0.3198926483509436,901.9696058126863,YZZIYIIIXZZZXI;YZZIZZZYIIIIYY;YZZXIIIIYXYZYI;YZZXIIIYZXIYYI;YZZXIXXIIXZYII;YZZXIXYIIIIXZX;YZZXIYZXIIXXII;YZZYIIIIIZXZZX
1881,15,0.022649967104006866,189.58514097940764,YZZIZZXIIXZYII;YZZIZZYIIIIXZX;YZZXIIIIXYIXZX;YZZXIIIIYXIYZY;YZZXIIIIYXXZXI;YZZXIIIIYZXIYY;YZZXIIIIYZZXZI;YZZYIIIIXXXZXI
1882,30,0.06623284713265463,1033.8509452617122,YZZIZZZXIYXIII;YZZXIIIIIXYYZY;YZZXIIIIYYIYZX;YZZXIIIIYZZZIX;YZZXIIIYZZXIZI;YZZXIXYIIXZXII;YZZXIYZXIIYYII;YZZXZIIIIIXZZY
1883,18,0.026227169136993436,590.8323130204008,YZZIZZZYIIIYYI;YZZXIIIIYYYZXI;YZZXIIIXZXIXYI;YZZXIIIXZZYZII;YZZXIIXZXIIIYX;YZZXIIYYIYZXII;YZZXIYYIYZXIII;ZIIXZZXIYZZYII
1884,12,0.04132923477093674,640.6359777865827,YZZXIIIIXZXIXY;YZZXIIIXXIIYZX;YZZXIIXYYZYIII;YZZXIIXZXIIYXI;YZZXIIYZYIIXYI;YZZXIYXIIIYZYI;YZZYIIIIZIYZZY;YZZZZXIIIIXIZY
1885,15,0.03500228827963358,693.5514570648133,YZZXIIIXXIIXZY;YZZXIIIXXYZXII;YZZXIIIXYYZYII;YZZXIIIYXIIYZY;YZZXIIZIIIYZZX;YZZXXZXIIIIIYX;YZZXXZYIIIIIXX;YZZZZYIIIYYIIZ
1886,16,0.2420468795875093,3897.501021369561,YZZXIIIXYIYZYI;YZZXIIIYXIXZXI;YZZXIIIYXIYZYI;YZZXIIXZZIZYII;YZZXIIYZZIZXII;YZZXIYYIIYZXII;YZZZXIIIIYZZIX;IIIIIXIZZXXZXI
1887,14,0.04588957006438882,687.0993227651563,YZZXIIIYYIIYZX;YZZXIIIZIIYZZX;YZZXIIIZXZZYII;YZZXIIYZZXIIZI;YZZXIZIIIIXZZY;YZZYIXXIIIIXZX;ZIIYXXZZZZYIII;IIIIIIYZZIXYZX
1888,13,0.033037838185398405,533.9432762939049,YZZXIIIZIXZZYI;YZZXIIIZIYZZXI;YZZXIIXZZZIYII;YZZXIIYZZZIXII;YZZYIIIIIZYZZY;YZZYIIIXZZXIIZ;YZZYXZZXIIIZII;ZIIYYIIIYZZZZY
1889,13,0.03383668557615714,687.609649938368,YZZXIIXZXIIXYI;YZZXIIXZYIIIXX;YZZXIIYXIIIYZY;YZZXIXZXIIIYXI;YZZXYYIIIIYZXI;YZZYIIYZYIIXXI;YZZZXIIIZYZXII;YZZZZXIIIIYIZX
1890,18,0.01774186031274395,191.97876766543794,YZZXIIXZYYYIII;YZZXIIYZYXYIII;YZZXIIZXZZYIII;YZZXIXZXIIYXII;YZZXIZIIYZZXII;YZZYIIIXYIIYZX;YZZZIZXIIYZXII;ZIYZZZYIIXZXII
1891,15,0.031668087608134804,450.64016977434676,YZZXIIYZZXIZII;YZZXIIZIIYZZXI;YZZXIIZIYZZXII;YZZXIXZXIXYIII;YZZYIIXZXIXXII;YZZYIIYZYXXIII;YZZYIXXIIIYZYI;YZZYXZYIIIXYII
1892,18,0.038556161308243374,567.4282349754369,YZZXIXYIIYZYII;YZZXIYZYIIYXII;YZZXXXIIIIIYZX;YZZXYYIIIXZYII;YZZYIIIXZZXZII;YZZZIZZXIYXIII;YZZZIZZYIYYIII;ZIIYXIXZZZZYII
1893,18,0.03618672883871681,693.4118690006349,YZZXIXZZYIIIZI;YZZXIYZYIIXYII;YZZXIZIIXZZYII;YZZXYZYIIYXIII;YZZYIIIIIYZYXX;YZZYIIIIIYZYYY;YZZYIXZIZZXIII;YZZZYXXIIYYIII
1894,18,0.041523538376955195,212.97225609868013,YZZXIYYIXZYIII;YZZXXZXIIIIXYI;YZZXYZXIIIIXXI;YZZYIIIYYYZYII;YZZYIXIZZZXIII;YZZZXIXYIIIXXI;YZZZZYIYYIIZII;IIIIIYZZIZZYZI
1895,16,0.02603883559427945,519.6038649309751,YZZXYZXIIIXXII;YZZXZIIXZZYIII;YZZYIIIIXZYXYI;YZZYXZXIIIIIYY;YZZZIZZYIIYYII;YZZZXIIIIIYYYX;YZZZXIIIYYIIXY;ZIIYZZZXIIIXZY
1896,12,0.03247817930261378,846.2266658582852,YZZYIIIIIXZXXX;YZZYIIIIIXZYYX;YZZYIIIIIYZXYX;YZZYIXZZIZXIII;YZZZIXIIIIYZZX;YZZZXIYZXIIIZI;YZZZYIXZXIIIZI;YZZZZXIYXIIZII
1897,19,2.756954006884099,39582.99474496206,YZZYIIIIIYXXZY;YZZYIIIIIYYYZY;YZZYIIIXZXIIYY;YZZYIIIYZYIIXX;YZZYIIYZYIYYII;YZZZYYXIIIIIXY;YZZZZXIIIIIZYX;XZZZZXIIIIIIXX
1898,20,0.03818098328210982,885.1379115125188,YZZYIIIIYXIXZY;YZZYIIIIYXYZXI;YZZYIIIIYZZYZI;YZZYIIIIZYZZYI;YZZYIIZIIIXZZX;YZZYIYXIIIIYZX;ZIIXZYXZZZYIII;ZXYIIIIIYZZZZX
1899,11,0.032507836276502916,501.96377046368184,YZZYIIIIYZXYXI;YZZYIIIXXIXZXI;YZZYIIIXXIYZYI;YZZYIIIXYIXZYI;YZZYIIYXIXZYII;YZZYYXIIIXZYII;YZZZXIIYZXZIII;YZZZYIIXZXIZII
1900,21,0.07106897452654329,1140.3016586515778,YZZYIIIIYZZYIZ;YZZYIIIXYYZXII;YZZYIIIXZIZZXI;YZZYIIIZIYZZYI;YZZYIZIIIXZZXI;YZZYIZIIXZZXII;YZZYZIIIYZZYII;YZZZZXIXYIIZII
1901,28,0.019056878913317695,451.22774406031186,YZZYIIIXZXIIXX;YZZYIIIXZZXIZI;YZZYIIIYXIIXZY;YZZYIIIYXIYZXI;YZZYIXYIIIYZXI;YZZYYXIIIIYZXI;IIIIIIYYIXZYXY;IIIYIXIIIYZZZX
1902,12,0.022493577692967004,408.3130269778348,YZZYIIIYXYZXII;YZZYIIIYZXIXYI;YZZYIIIYZYIYYI;YZZYIIXYIIYZXI;YZZYIIYYIIXZXI;YZZYIYZZYIIIIZ;YZZZZYIIIIIZYY;ZIXYIIIIXZZZZY
1903,12,0.09227454246780906,1260.9494789840303,YZZYIIIZYZZYII;YZZYIIXZXIIXXI;YZZYIIXZZXIIZI;YZZYIXXIIIIYZY;YZZZXIXXIIYXII;YZZZZXXYIIIIIZ;ZIIIYYIXZZZZXI;IYZZYIIIYZZYII
1904,17,0.03622702704352761,611.6797449660297,YZZYIIXZIZZXII;YZZYIIXZXIIIYY;YZZYIIXZYIIIXY;YZZYIYXIIXZYII;YZZYIYZYIIYYII;YZZZXIXYIIYYII;YZZZYIIYYIIXXI;IIIIIIYZZZXXIY
1905,14,0.2541472035825517,3452.9323822657734,YZZYIIXZYYXIII;YZZYIXZYIIIXYI;YZZYIXZZXIIIZI;YZZYYZYIIYYIII;YZZZXIIIZXZYII;YZZZXIZIIIXZYI;YZZZZXIIZIXYII;ZYZZZZYIIIIXXI
1906,15,0.026508389599403877,406.02226417321214,YZZYIIXZZXZIII;YZZYIYYIIYZYII;YZZYXZXIIIIYYI;YZZYXZZXIIIIZI;YZZZXIIIXXIIXY;YZZZXIYXIIYYII;YZZZZYZIIIIIYY;IIIIIIXXYZYXXI
1907,14,0.02603883559427945,400.9581191712238,YZZYIIYYIIYZYI;YZZYIYXIIIXZYI;YZZYYYIIIIIYZY;YZZZXIIXXIXYII;YZZZYIIYXIIIXY;ZIIXZZZXIIIXZX;ZIIYZZXIYZZXII;IIIIIIYXYZIZZX
1908,13,0.021915414114726486,551.8679597028828,YZZYIYZXIIIIXY;YZZYIYZXIIYXII;YZZYYZXIIIXYII;YZZZXIIIIIYZXZ;YZZZXYYIIIIIYX;YZZZZYIIIIZIYY;IIIIIIXIZZZXYY;IIIIIXZZYZXYII
1909,15,0.037366889038833236,607.1027893022099,YZZYXYIIIIYZXI;YZZYYXIIIIXZYI;YZZYYXIIIYZXII;YZZZIYIIIXZZXI;YZZZIYIXZZXIII;YZZZXIIIXYIIYY;YZZZXIIZYZXIII;YZZZZXIIIZYXII
1910,18,0.055849085275729404,882.4856182712882,YZZYXZYIIIIXYI;YZZZIZXIXZYIII;YZZZXIIIIYXYYI;YZZZXIXYIIIIYY;YZZZXXXIIIXYII;IXXIIIIXZZZZXI;IIIIIIIYXZYZZX;IIIIIIYZXYIZZX
1911,11,0.03626698247991855,677.9449652337761,YZZZIYIIYZZYII;YZZZXIIIIXXIYX;YZZZXIIXZYIIIZ;YZZZXIIXZYIIZI;YZZZZXIIIZXYII;YZZZZYYYIIZIII;ZZIIYZZZZZYIII;IIIIIIIYXXZYXX
1912,14,0.03314306466818748,540.321436292946,YZZZXIIIIZYZXI;YZZZXIIIXYYYII;YZZZXIIYXIIIXX;YZZZXIIZIIIYZX;YZZZXIYXIIIYYI;YZZZZXIIYXIZII;ZIIIIYZXIXZZZY;IIIIIIXZYXYIYY
1913,14,0.07106897452654329,1151.6477373282887,YZZZXIIIXYXXII;YZZZXIIIXZYIIZ;YZZZXIIYZIZXII;YZZZXIYYIIIXYI;YZZZXYXIIIIXXI;ZIIIYYYZZZZYII;IYZYIIXZZZXIII;IIIIIIYXXZZIZY
1914,20,0.03241695693690898,1563.7876198636773,YZZZXIIXXIYXII;YZZZXIIYYXYIII;YZZZXIIYZZIXII;YZZZXXXIIIIIYX;YZZZXXXIIIYXII;YZZZXYYIIIYXII;ZIIIYZZZZXIIYX;ZIXZXIIIIYZZZY
1915,15,0.0710689745265433,2092.169055091212,YZZZXIIYYYXIII;YZZZXIYYIIIYXI;YZZZXZIIIIIXZY;YZZZYIIYZYIZII;YZZZZXIIXYIIZI;YZZZZYIIIIZYYI;ZYZZZXIIIYZXII;IIXYIIIIYZZZZX
1916,17,0.022649967104006866,371.63343618799115,YZZZXXZYIIIIIZ;YZZZXYXIIIYYII;YZZZXYZXIIIZII;YZZZYIYYIIIYYI;ZIIIXZZXIIYZZY;ZIXZXIIIYZZZYI;ZIYZZXIXZZYIII;IIIIIIZYZZXYXI
1917,14,0.06339196407701023,1011.8920618737251,YZZZXZIIIIIYZX;YZZZYIIIXZXZII;YZZZYIIYZYIIIZ;YZZZZIYIIIIYZY;YZZZZXIIIZIXYI;YZZZZXIYXIZIII;YZZZZYIIYYZIII;YZZZZYIZIIIXXI
1918,12,0.02523224117837269,563.55080438025,YZZZYIIYXIIYXI;YZZZYIXYIIIYXI;YZZZYXXIIIIIXX;YZZZZXIZIIIIXY;YZZZZYIIIIXZIX;IIIIIIXXIXZXXX;IIIIIXIZXXZZXI;IIIIIXYXZXIXYI
1919,17,0.02200513977262366,415.22672260600604,YZZZYIYXIIIYXI;YZZZZIXIIXZYII;YZZZZIZXIIXYII;YZZZZYIZIYYIII;ZIIIIXZZZZXIYY;ZIIIIYZZZXYZXI;ZIIIXYIIXZZZZY;ZIIIXZZYXZZYII
1920,16,0.0922638334982455,678.515352288672,YZZZYIZIXZXIII;YZZZZXIIIIZXYI;YZZZZXIIIIZYXI;YZZZZYYYIIIIZI;ZIYYIXZZZZXIII;IIXZZXIYZZYIII;IIYYIIIIYZZZZY;IIIIIIZYZZYXXI
1921,13,0.02800584973950538,553.5283746586389,YZZZZIZYIIIYYI;YZZZZXIIIIXYIZ;YZZZZYIIXXZIII;ZIIXZZZZYIIXYI;ZIXZZXIIIIXZZX;ZIYZZXIIIIXZZY;IIIIIIXYXYYZYI;IIIIIXIZYXZZYI
1922,14,0.05586608913058667,813.2552800016359,YZZZZXIZIIIIYX;YZZZZYIIIZIIXX;YZZZZYIIYYIIIZ;ZIIXZXIIYZZZYI;ZIXXIIIIXZZZZX;IIIIIIXZXYXIXY;IIIIIXXIIYYYZY;IIIIIYZZXZIYXI
1923,12,0.02603883559427945,464.220180979521,YZZZZXXYIIIZII;YZZZZXYXIIZIII;YZZZZZXIIXIYII;ZIIXZZZXIYZYII;ZIIYZZYIIIYZZY;IIIIIIXZYZIXZY;IIIIIIYZYIYZYZ;IIIIIXXIZIYZZY
1924,13,0.2589204091326351,4183.057322631379,YZZZZYIIIZIYYI;YZZZZZIXIIIXYI;ZIIIIIXZYYZZZX;ZIIIYZYIIYZZZY;ZIIXZZYIIYZZXI;ZXZZZZXIIIXXII;IIIIIXYXZIZZYI;IIIIIZIIXYYZZX
1925,20,0.08637244598045997,2637.41728764071,YZZZZYIZIIXXII;YZZZZYZIIIXXII;ZIIIIXZZZIZZZX;ZIIIYYIIXZZZZX;ZIIXZZYYZZXIII;ZXZZXIIIXZZXII;IIIIIIXXYZYIYY;IIIIIXIZZZIZZX
1926,18,0.24340115671075305,3937.558040404452,ZIIIIYZIZZZZZY;ZIIIIYZZYIYZZY;ZIIIYZZZXYZXII;ZIIXZZYIIXZZYI;ZIIXZZZZZIZXII;ZIIYZZZIZZZYII;ZIYZZYIIIIXZZX;ZYZZYIIIIIXZZX
1927,16,0.3052066776033442,392.8810711684433,ZIIIIYZZZYYZYI;ZIIIXXIYZZZZYI;ZIIIXZZZZYIIXY;ZIIIZIIYZZZZZY;ZIIXZZZZXIIXXI;ZIIXZZZZYIIYXI;ZIIZIIXZZZZZXI;IIIXZZZZXIIXXI
1928,13,0.03248585152673498,779.856695222421,ZIIIXZYIIXZZZY;ZIIIYZZXIYZZXI;ZIIIYZZZZYIIYY;ZIIXZZZZYIYXII;ZIYZZZZYIIIIXX;ZXZZZXIIYZYIII;IIIIIIYYXZZIZX;IIIIIXXZIYZZYI
1929,14,0.043993359730297284,305.09686263239666,ZIIYYIXZZZZXII;ZIXYIIIIYZZZZX;ZIXYIXZZZZYIII;ZIYZXIIXZZZYII;ZIYZYIIXZZZXII;ZYZZYIIIXZZXII;IIIIIXXYZZIZYI;IIIIIYXYZZXIZI
1930,13,2.779292911727592,47979.94088296889,ZIIYZZXIIXZZYI;ZIIYZZXIXZZYII;ZIIYZZZZYXXIII;ZIXZZXIYZZYIII;ZIYZYIIIIYZZZY;ZXZZZZYIIIIIYX;ZYZXIIIIXZZZYI;IXZZZZYIIIIIYX
1931,16,0.06961386639423864,594.2948251128012,ZIIYZZZZXIIIYX;ZIXZYIIXZZZYII;ZIYZZYIIIIYZZY;ZIYZZYIIIYZZYI;ZXZXIIIIXZZZXI;ZXZZYIIIXZZYII;ZYZZZYIIIIYZYI;IIYZZYIIIYZZYI
1932,16,0.028349428087119585,451.7614461437501,ZIYXIIIIXZZZZY;ZIYXIYZZZZXIII;ZXYIIIIIXZZZZY;ZYZZYIIIYZZYII;ZYZZZXIIYZXIII;IIIIIIIYYYZZYZ;IIIIIIXXXXIYZY;IIIIIXXXZXIYYI
1933,11,3.0097473200606335,54649.71602055413,ZIYZZXIIIYZZXI;ZXZZXIIIIIXZZX;ZXZZXIIIYZZYII;ZYZZYIIIIIYZZY;IYZZZYIIIIIYZY;IIIIIIXZYYYIYX;IIIIIIYYIXXYZY;IIIIIIZIXZXYZY
1934,11,2.499948080617516,45392.786162755794,ZXZZZXIIIIIXZX;ZXZZZYIIIIIXZY;IXZZZXIIIIIYZY;IIIIIIXXYXXZYI;IIIIIIXYXXXZYI;IIIIIIYXXYXZXI;IIIIXZXZIIXZXI;IIIIYZZXXYIIZI
1935,17,0.2500225540639749,4350.628344989187,ZXZZZZYIIIIIXY;IIIIIIIXXXYYZX;IIIIIIIXZXYZYZ;IIIIIIIXZYYYXY;IIIIIIIYYYZXYX;IIIIIIXYXZYIYY;IIIIIIXZZXZIXX;IIIIXIXIXZZZXI
1936,21,0.03231756376178157,1561.5230559898828,ZYYIIIIIYZZZZY;YZYIIIYZZZYIII;IIIIIIIXXXZZXZ;IIIIIIXIZZXXZX;IIIIIIXZYIYYYX;IIIIIIXZZIZXXX;IIIIIIXZZYYIZX;IIIIIIYZXIZXZY
1937,12,0.024061342408649124,188.95195606081032,YZZXIXZZYIIIII;IIIIIIIXZYXXXY;IIIIIIIXZYXYYY;IIIIIIIYZXXXYX;IIIIIIIZYZZXXY;IIIIIIXZZYXIZY;IIIIIIYZXIXXYX;IIIIIIYZZXIXYZ
1938,22,0.029768823300611067,478.0942417622027,IIIIIIIXYYZYXY;IIIIIIIXZYYZXZ;IIIIIIIYYYZYYY;IIIIIIIZZYZZZY;IIIIIIXZXZIXZX;IIIIIIYYYZYIXX;IIIIIIYZZZYXIX;IIIIIIZIXYXZZY
1939,14,0.023260902957389445,225.71995241300803,IIIIIIXIYXZZZY;IIIIIIXIZXYZZY;IIIIIIXYYZYXYI;IIIIIIXYZXZZYI;IIIIIIXZYYZIZX;IIIIIIXZZIZYYX;IIIIIIYYXZXXXI;IIIIZIYIZZZZYI
1940,14,0.025479697438043524,365.0326913697604,IIIIIIXXIXZYYX;IIIIIIXXIYZXYX;IIIIIIXYIYZYXY;IIIIIIXYIYZYYX;IIIIIIYZZZYIZZ;IIIIIXZIZZXIYY;IIIIIXZZZIXIXX;IIIIIYZZIZXIYX
1941,14,0.026314177980196012,461.04806805561606,IIIIIIXYXZZYZI;IIIIIIXYYZZXIZ;IIIIIIXZIZYYZX;IIIIIIXZZYZIXY;IIIIIIZYZYIXZX;IIIIIXIYXZZZYI;IIIIIXZZIZXIYY;IIIIIYYIXZZXIZ
1942,11,0.026093114474467393,181.71945287779351,IIIIIIXZIZZYYX;IIIIIIXZXIYYYY;IIIIIIXZYIXXXY;IIIIIIXZYIXYYY;IIIIIIYZIZZYXX;IIIIIIYZZZIYYY;IIIIIYZZYXXIZI;IIIXZZIXXZXIII
1943,14,0.012524377721530831,170.00387946152736,IIIIIIXZXIXYXY;IIIIIIXZXYXXYI;IIIIIIXZYIYZXZ;IIIIIIYXXXIXZY;IIIIIIYYIYXYZX;IIIIIIZXYXZZYI;IIIIIXZXIIZXZX;IIIIIXZYXXYXII
1944,17,0.022458148084054913,149.30637312647673,IIIIIIXZYIYXXX;IIIIIIXZYXYXXI;IIIIIIXZYXYYYI;IIIIIIXZZXZXXI;IIIIIIZIZYZZZY;IIIIIXZYXXIXYI;IIIIIYZXXXIXYI;IIIXXXZXIIIXXI
1945,17,0.038556161308243374,406.94821930489456,IIIIIIXZYIZXZY;IIIIIIXZZYIZYX;IIIIIIYXIXYYZY;IIIIIIYXYZXXXI;IIIIIIZIXZZYXY;IIIIIIZIYZXXZY;IIIIXIYIIXZZZY;IIIIXYXYIIIYZY
1946,14,0.02116532272582693,51.23233215967761,IIIIIIXZYXIZZY;IIIIIIXZZXXIZX;IIIIIIYIXYZZZX;IIIIIIYYXZYXYI;IIIIIIYZXXZIZY;IIIIIIYZZYIXXZ;IIIIIIYZZYIYYZ;IIIIIIZZIYZZZY
1947,16,0.022224523315897863,359.4960029467816,IIIIIIXZZXXXIZ;IIIIIIXZZZIZXZ;IIIIIIYYXZYIXY;IIIIIIYZIZXYZX;IIIIIIYZXYZXIZ;IIIIIXIZZXIYZY;IIIIIYZZYYZIYI;IIIIIYZZZXIXIY
1948,13,0.019926359490477753,185.24870463509077,IIIIIIXZZZXYIY;IIIIIIYXIYZZXZ;IIIIIIYYIXZZXZ;IIIIIIZYXXZZYI;IIIIIXZXIXXXXI;IIIIXXIIYZYYYI;IIIIXXYIZZZYII;IIIIXZYYZXZIII
1949,15,0.01960528331866248,84.77937083950289,IIIIIIYXYZXYYI;IIIIIIYXYZZIZX;IIIIIIYZZXYXZI;IIIIIIZIXYYZZX;IIIIIIZYZZYIYY;IIIIIXXIXZYXYI;IIIIIXXYZYIIYY;IIIIIXZZYIXYIZ
1950,14,0.019056878913317695,327.56749374131266,IIIIIIYYIXYYZX;IIIIIIYYYXIXZY;IIIIIIYYYZZYZI;IIIIIIYZYYZYIZ;IIIIIIYZZYYYZI;IIIIIXYYZXIXXI;IIIIIXZYXIZZYI;IIIIIYZYIIYZYZ
1951,12,0.009797167999375448,34.85204686171867,IIIIIIYYXXIXZX;IIIIIIYYXZXIXX;IIIIIIYZZYZIXX;IIIIIXIYIXZZZY;IIIIIXXIYZZYZI;IIIIIYXIYZZXIZ;IIIIXIZZXIIYZY;IIIIYZZXYXIZII
1952,15,0.02001387008448875,162.03622385813605,IIIIIIYYYZXIYX;IIIIIIYYZIYZZY;IIIIIIYZYYIZZY;IIIIIIZYZZZYIZ;IIIIIXXYXIXZYI;IIIIIXZZXIZYYI;IIIIIXZZYIYXZI;IIIIXIYYZZZXII
1953,14,0.02064690001398515,91.17064827112762,IIIIIIYZXZIYZX;IIIIIIYZZXYXIZ;IIIIIIZXYYZZXI;IIIIIXXIXYIXZY;IIIIIXXXXIYZYI;IIIIIXYXYIXZXI;IIIIIYZXIIYYXY;IIIIIYZXYYIXYI
1954,11,0.02216390066775384,45.330085617114044,IIIIIIYZZYYYIZ;IIIIIIZYZXIYZX;IIIIIXXYXIIYZX;IIIIIXXYZXIIYX;IIIIIXZZIYYZXI;IIIIIXZZXIXXIZ;IIIIIZXXIIYZZY;IIIIZIYYIIXZZX
1955,14,0.030610273640705104,35.67574400706785,IIIIIIZXXIYZZY;IIIIIXIZZZYIYX;IIIIIXXIIYZXXY;IIIIIXXXZYIIYX;IIIIIYXIXZXYXI;IIIIIYZZYIYIZY;IIIIXYIIXZZYZI;IIIIXYIYZZZIXI
1956,16,0.022163900667753842,574.6528869272782,IIIIIIZXZXIXZX;IIIIIXIXYZZZYI;IIIIIXXIXZZXIZ;IIIIIXXXZZIZXI;IIIIIXYXIZZZYI;IIIIIYXIXXXZYI;IIIXIXIIYZZZYI;IIIXZXIIIIZYZY
1957,13,0.013670820498141315,194.20304227666682,IIIIIXIZZZXXXI;IIIIIXXXYIXZYI;IIIIIXYIXZYIXX;IIIIIXYXZYIXXI;IIIIIXZZYXIZYI;IIIIIYXIZIYZZX;IIIIXXXXIIIXZX;IIIIXYIIIYZYXY
1958,13,0.01513858694265836,157.7726583657149,IIIIIXXIIYXYZX;IIIIIXXIYZZZIY;IIIIIXXIZXZZXI;IIIIIXYIIXZYXX;IIIIIXYYZZIZXI;IIIIIXZIZZXXXI;IIIIXXIIIYZZYZ;IIIIXXIIYZXYXI
1959,12,0.009797167999375448,124.68674545451572,IIIIIXXXZYYXII;IIIIIXXYXIIXZY;IIIIIXYIXYIXZX;IIIIIXYXZXIIXY;IIIIIXZXIIXXXX;IIIIIXZYIIXZYZ;IIIIIZYZZXIIYX;IIIIXXXYIIIYZX
1960,16,0.027431870310017897,110.96859464444209,IIIIIXYIXZZYZI;IIIIIXYIYZYXYI;IIIIIXYXZZYIZI;IIIIIXZYIXYIYY;IIIIIZIYXYZZXI;IIIIXXYZIZZYII;IIIIXZIZZYIIXY;IIIIYIZZXIYZXI
1961,12,0.011444502583076263,221.31259854641561,IIIIIXYIYYXZYI;IIIIIXZIZZXYYI;IIIIIXZXIIZYZY;IIIIIXZXXIZZXI;IIIIIYIZXYZZXI;IIIIIYXIIYZYYX;IIIIYYXZXXXIII;IIIIYZXXZYIIZI
1962,15,0.02188577866955829,329.429383164673,IIIIIXYIYZZXIZ;IIIIIXZXZIIYZY;IIIIIXZYIYZXZI;IIIIIYIZZYIXZX;IIIIIYXIXZZYIZ;IIIIIYYIZYZZYI;IIIIIZYZZXIYXI;IIIIYIZYYZZYII
1963,14,0.02908563930624145,183.29894712131357,IIIIIXYXZZYZII;IIIIIXZIYXZZYI;IIIIIXZZIXIYZY;IIIIIYIZZXIYZX;IIIIIYXIYZZIZX;IIIIIYYIYZYIYY;IIIIIZIYZZXYXI;IIIIXXIZIIXZZX
1964,9,0.021746918712025953,221.6143586065786,IIIIIXZXXYIXYI;IIIIIXZYXYIXXI;IIIIIXZZZZIIZX;IIIIIYXIXZZIZY;IIIIIYZZYIXIZX;IIIIXIZZXYZYII;IIIIXZZZIYYXII;IIIIZYXIIIYZZX
1965,16,0.020740919373218134,307.3035885012592,IIIIIXZZIZYIYX;IIIIIYIZIZZZZY;IIIIIYXZIXZZYI;IIIIIYYZIYZZYI;IIIIIYZZXIYXZI;IIIIXXIIXZYXYI;IIIIXYZXZZYIII;IIIIXZYIIXXIXY
1966,12,0.016264388407017983,319.91995602223216,IIIIIXZZXXZIXI;IIIIIYXIIXZXXY;IIIIIYXXXIYZXI;IIIIIYYXYIXZYI;IIIIIYYYYIYZYI;IIIIIYZIYYZZYI;IIIIZIIXYIYZZX;IIIIZZIIYZZZYI
1967,12,0.01072659061028091,9.352647445847246,IIIIIYXIYZXXXI;IIIIIYXIYZYXYI;IIIIIYYIXZIZZX;IIIIIYZXIYIZZX;IIIIIZIXZZXXXI;IIIIXYZIXZZYII;IIIIXZYXIZZYII;IIIIYXIXXIIYZX
1968,13,0.021948368303096277,109.68712085456006,IIIIIYXXZYXXII;IIIIIYXYZXIIXX;IIIIIYYIXZYIYX;IIIIIYYYXXZYII;IIIIXZXIIIYXXY;IIIIXZYXZZIYII;IIIIYXYZXIIIXX;IIIIYZIXIIXZZY
1969,13,0.02157031671864632,152.86826670892376,IIIIIYYIIYZYXX;IIIIIYZIXXZZYI;IIIIIYZXXZYIIZ;IIIIIZYZYIYZYI;IIIIXIZXIIXZZX;IIIIXIZZZYXYII;IIIIXYIXXIYZXI;IIIXZXXZXIZIII
1970,13,0.011459042375956541,66.9722059933145,IIIIIYYXYYZXII;IIIIIYYYZXIYXI;IIIIIYZZIZYIYY;IIIIIYZZYIZXXI;IIIIXXIXYIIYZX;IIIIXZXIXIZZXI;IIIIYZXIXXIIYX;IIXXIIIIXZZXZI
1971,16,0.014740936478958567,292.1557010632425,IIIIIYZIZZXIYX;IIIIIYZXYZIZXI;IIIIIYZZIZIZZY;IIIIIYZZZIXXYI;IIIIIZYXXZZYII;IIIIXYIYXIXZXI;IIIIXYXZZYIZII;IIIIXYZIIXZZYI
1972,17,0.023006251269811265,275.5062194730162,IIIIIYZXXZYIZI;IIIIIYZZYIZIXX;IIIIXIZYIXZZYI;IIIIXXIIIXZYXY;IIIIXXIYXIIYZX;IIIIXYYZZXIZII;IIIIXZXIXXIYYI;IIIIYYXYIIIXZY
1973,13,0.022556964256037527,272.55296595891235,IIIIIYZYXXIIYY;IIIIIZIIYZZZYZ;IIIIIZYZZZYIIZ;IIIIXIZYIYZZXI;IIIIXXIIYZXIXY;IIIIXYIXZZYIZI;IIIIXYYZZXIIZI;IIIXXIXXIXZXII
1974,16,0.022649967104006866,135.78422878117115,IIIIIZIYXIYZZX;IIIIXIZZZYIXYI;IIIIXXXZZXIIIZ;IIIIXXYXXZYIII;IIIIXYIYZYIIXY;IIIIXYYYIIIYZX;IIIIXZXXZIZXII;IIIIYXIIYZYIXY
1975,12,0.05524220772125109,1537.2886248898012,IIIIXIZZYIIYZX;IIIIXXIYZXIIXY;IIIIXYIIIXXXZY;IIIIXYIIXZYIXX;IIIIXYIIYZXIYY;IIIIXZXXYYXIII;IIIIYXIIIXZYXX;IIIXYIIIYXIXZX
1976,13,0.018216248016376713,94.21766473127967,IIIIXXIXXXZXII;IIIIXXIXZXIYYI;IIIIXXXZYIXYII;IIIIXYIYZZXZII;IIIIXYXXIIIYZX;IIIIXZYXYIIXXI;IIIIZIIXZZIZZX;IIIXZXXIZZXIII
1977,16,0.015367846144668417,192.51428744638574,IIIIXXIXYIXZYI;IIIIXXIXZXIIXX;IIIIXXYZXIYXII;IIIIXYIIXZYYYI;IIIIXYYYIXZYII;IIIIXYYYYZXIII;IIIIXZZXIIYYZI;IIIIYIYXZZZXII
1978,11,0.009528439456658848,46.158080782599924,IIIIXXIXZYYXII;IIIIXXXZYIIXYI;IIIIXYIIXXIYZX;IIIIXYYZXIYYII;IIIIXZIZZYIIYX;IIIIXZZYIXYZII;IIIIYXIXXIIXZY;IIIXZYIYZZIXII
1979,13,0.01418074655023643,142.67295225329264,IIIIXXIYZYIIXX;IIIIXXXYXZYIII;IIIIXYIXXIIYZX;IIIIXYIXZZZIYI;IIIIXZXXYXYIII;IIIIYXIXZYIIXX;IIIIYXXXIIYZXI;IIIZYZZXIIIXYI
1980,11,0.010006935042244374,4.857947633825988,IIIIXXYXIYZXII;IIIIXXYYIYZYII;IIIIXYIXYIIYZY;IIIIXYZIIIYZZX;IIIIXZYYYIXYII;IIIIXZZZXIYIYI;IIIIYXYZXXXIII;IIIXZZYIIXIZYI
1981,15,0.027152858599478285,95.0482794987764,IIIIXXYZYIIIYY;IIIIXYIYXIIYZY;IIIIXYXZYYYIII;IIIIXYYZXIIYYI;IIIIXZZYIIZYXI;IIIIYYIYZZIZYI;IIIIZYZZXXYIII;IIIYXIIXZXXYII
1982,14,0.04642008311568248,168.1394129986273,IIIIXYIIXZYXXI;IIIIXYIXZXYXII;IIIIXZIZZXIIYY;IIIIXZYIIXYYYI;IIIIXZZIYYZXII;IIIIXZZXIIZXXI;IIIIXZZYYXIZII;IIIIYIZZZZIZYI
1983,13,0.013072658720077906,110.28901275284151,IIIIXYIYXXZXII;IIIIXYYZXIXXII;IIIIXZXIIXXXXI;IIIIXZZXXXZIII;IIIIXZZYIXYIIZ;IIIIXZZZYIIYIX;IIIIYIZXIIXZZY;IIIIZIIYXXZZYI
1984,13,0.023210229975537046,149.41597134022368,IIIIXYYZYIIYXI;IIIIXZIYIIYZZX;IIIIXZYIIIXXXY;IIIIXZYYYIIIXY;IIIIXZZIYIIXZY;IIIIXZZYIIXIZY;IIIIYYXIZZZXII;IIIIYYYZXYXIII
1985,17,0.018826986426889777,322.57653410597476,IIIIXZXIXYXYII;IIIIXZYIIYYIYX;IIIIXZYYYIYXII;IIIIXZZYIIZIYX;IIIIYYIIIXZYXY;IIIXIZZZYXYIII;IIIXXXZYIIYXII;IIIYYIIIXYXZYI
1986,12,0.0107891304847424,136.32823013774254,IIIIXZYIIYXIXX;IIIIXZYZIXZYII;IIIIXZZXXZIXII;IIIIXZZYIZXYII;IIIIYXIIXXXZYI;IIIIYXXXIIIYZX;IIIXYIXZYIXXII;IIIYXIIXZYIIXX
1987,17,0.020646900013985153,371.40738354446097,IIIIXZYIIYZZIX;IIIIXZZIYIXZYI;IIIIXZZYIIZXYI;IIIIXZZZIZZIXI;IIIIYYIYYXZXII;IIIIYZIZXYZXII;IIIXXXYIIIXZYI;IIIXZZYIYIZXII
1988,16,0.01753868429132419,57.38856802352634,IIIIXZYIXYIYYI;IIIIXZZYIIXYZI;IIIIXZZYXYIIZI;IIIIYXIXZYXXII;IIIIYXXZYIIXXI;IIIIYXYZYIIXYI;IIIIYZIXYZZXII;IIIIYZZYIXXZII
1989,15,0.025014351732252006,321.2745408389518,IIIIXZZYXZIYII;IIIIYIZYIIXZZX;IIIIYXIIYZIZZX;IIIIYXXXIYZXII;IIIIYZIYIIYZZY;IIIIYZXZIIYZXI;IIIIYZYIIXZZIX;IIIIZIIIYZXYZX
1990,12,0.027324798372410666,611.6797449660297,IIIIYIZZYYZYII;IIIIYIZZZIZZYI;IIIIYXIIYZXIYY;IIIIYXIYZZIZXI;IIIIYXYYIIIYZX;IIIIYXYYIIYZXI;IIIYXYYIIIIYZX;IIIYXYYIIIYZXI
1991,19,0.0169081968895365,314.0371663443524,IIIIYXIIYXYZYI;IIIIYXIYZXIIXX;IIIIYXXZYIXXII;IIIIYXXZZYIZII;IIIIYXYXIIYZYI;IIIIYXYZZXIIZI;IIIXYIIXZZYZII;IIIYXIIIXZYYYI
1992,12,0.01805609322915945,289.63368626406464,IIIIYXIYXXZXII;IIIIYXIYZXXXII;IIIIYXZIXZZYII;IIIIYYIIXZZXIZ;IIIIYYIXXYZYII;IIIIYYYXIIYZXI;IIIYXYXIIIIXZX;IIIYYIIIYXIYZX
1993,14,0.030780744298681106,688.3693606110091,IIIIYXIZXZZYII;IIIIYXXZZYIIZI;IIIIYYIIIYZYYY;IIIIYZXIIYXXXI;IIIIYZYXYIXYII;IIIIYZZXIIZIXY;IIIYXIXXIYZXII;IIIYXIXZYYYIII
1994,11,0.013838035173328614,135.96454587905424,IIIIYYIIIXXYZY;IIIIYYIXZXIXXI;IIIIYYIXZZXZII;IIIIYYYZXIYXII;IIIIYZYIXZXIZI;IIIXXIYZXIIYXI;IIIYXIIIIYZXXX;IIIYXIIYYYZXII
1995,12,0.013141996061131717,167.50734614699167,IIIIYYIIXZYIXY;IIIIYYIYZZYIIZ;IIIIYYXZXIIXXI;IIIIYZIZZYIIXX;IIIIYZXIIIYXYY;IIIIYZXIIYYYXI;IIIIYZXYYIIYXI;IIIXYYYIIXZYII
1996,11,0.013167206828488168,210.63641338174043,IIIIYYIIZXZZXI;IIIIYYIXZZXIIZ;IIIIYYXZYIIYXI;IIIIYYXZYXYIII;IIIIYZZXYZIXII;IIIXYIIIYYXZYI;IIIXZYZIYZXIII;IIIYIZZYIIXZXI
1997,12,0.016249298620873712,242.64663510937316,IIIIYYXZXIIYYI;IIIIYYZIYZZYII;IIIIYZXIIIXXYX;IIIIYZYXYXYIII;IIIIZYXIIXZZYI;IIIXYIIIXZYYYI;IIIXZYYXIIIIXX;IIIXZZYIIZIXYI
1998,12,0.019056878913317695,280.57691019351984,IIIIYYXZXIXXII;IIIIYYYZZYIIZI;IIIIYZIXIIYZZX;IIIIYZXZYZXIII;IIIIYZZYIIIYYZ;IIIXZXIIXYIIXY;IIIXZZXIIZYYII;IIIYXIIYYIXZYI
1999,12,0.019056878913317695,384.48533056017607,IIIIYYYYIIIYZY;IIIIYZXIIIXXXY;IIIIYZXIYXIXXI;IIIIYZYZIIXZXI;IIIIYZZXZIYXII;IIIIYZZZXIYIXI;IIIIZYZXIIIXZY;IIIXZIYIIIXZZY
2000,13,0.02001387008448875,731.2944519546419,IIIIYZXIIIYXXX;IIIIYZXIXYIIYY;IIIIYZXIYXIIXX;IIIIYZXXYIIXXI;IIIIYZZZXXIYII;IIIIZIIZIXZZZX;IIIXYIIYZXIYYI;IIIXZZXXZIXIII
2001,11,0.012305760199575272,128.15339137467444,IIIIYZXIIIZYZX;IIIIYZXYXIIXXI;IIIIYZZIYXZXII;IIIIZIIIYZZXXY;IIIXIZZZYIIIYX;IIIXXIXYYZXIII;IIIYIZYYZZYIII;IIIYXIIYXIXZXI
2002,11,0.011861340678998161,158.85162050223275,IIIIYZXYZXIIIZ;IIIIYZZIZYIXXI;IIIIYZZYIIIZYY;IIIIYZZYZIIIXX;IIIXXIIYXXZYII;IIIXXIZIYZZYII;IIIXYYZZIZXIII;IIXZYIIXXIXYII
2003,11,0.016177976927807782,179.96771306935233,IIIIYZYIIYXIXY;IIIIYZYXXIXXII;IIIIYZZXXZIYII;IIIIYZZXZIIXYI;IIIIYZZYIIIXXZ;IIIIYZZZIYIIXX;IIIXZYYYIIIYXI;IIIZIIYZYIIXZX
2004,14,0.022649967104006866,118.45736572367197,IIIIYZZXIIXIZY;IIIIYZZYIIXXIZ;IIIIYZZZIYIIYY;IIIXXIIIIYYYZY;IIIXXIIIYXXZYI;IIIXZYYYIIXYII;IIIYXIXZYIIYYI;IIIYYIIIYYYZYI
2005,13,0.01841958245316254,426.1988976942169,IIIIYZZXIXIZYI;IIIIZIXZZYIYXI;IIIIZIYYIIYZZY;IIIXXIIXXIXZXI;IIIXXIIYZYYYII;IIIXXIYZZIZYII;IIIXZZXZIIIIXX;IIXXXXIIIIIYZY
2006,13,0.022384620412138366,253.27357969206275,IIIIYZZYIIZIYY;IIIIZIIYZZZYZI;IIIXIXIXZZZXII;IIIXIXXZZZXIII;IIIXXIIIYZZYZI;IIIXXIXZXIYYII;IIIXYIIIXYIXZX;IIIYYZIIYZZYII
2007,12,0.02169246700265401,206.77564553011192,IIIIZIXXIIXZZX;IIIXIYIIYZZZXI;IIIXXIIIXZYIXY;IIIXXIIYXIYZXI;IIIXXXYIYZXIII;IIIXZYYXIYYIII;IIIXZZIZYIIIYX;IIIYIZZYIIYZYI
2008,12,0.02688461149837146,472.0939902020315,IIIIZYZZZZIYII;IIIXIZZXIIIYZY;IIIXIZZZYIIIXY;IIIXXYZZYIIIZI;IIIXYIIIYXXZXI;IIIXYIXYIIXZXI;IIIYXIYXIIYZYI;IIXXIIXZZXZIII
2009,16,0.010246553486479303,176.43410487432334,IIIXIZXIIIXZZX;IIIXXIIIXXIYZY;IIIXXIIIYZXXYI;IIIXXXZXIIYYII;IIIXYIIIXXIXZY;IIIXZZXYYIIIZI;IIIXZZYYXIIIIZ;IIXXIIIYXIYZXI
2010,11,0.01162573227703887,139.53108078906743,IIIXIZZXXZXIII;IIIXXIIIYZYXXI;IIIXXIIYYIXZXI;IIIXXXXIIIIYZY;IIIXXXZZXIIZII;IIIXYZIXZZYIII;IIIYXIIIXZZYIZ;IIIZYXIIIXZZYI
2011,13,0.01986045682731183,287.6848791698101,IIIXXIIIYZIZZY;IIIXXIIXXIYZYI;IIIXXIIXZZIZXI;IIIXXIIYYYZYII;IIIXYIIXYIIYZY;IIIXYYZZZIXIII;IIIYXIIXIZZZYI;IIXZYIIXZYIIZI
2012,12,0.010942207255541287,157.81970186809846,IIIXXIIXYYZXII;IIIXXIYXIIXZYI;IIIXXIYXYZXIII;IIIXXIYZZYZIII;IIIXXXYIIIIXZY;IIIXYIIIXZXXYI;IIIXYIIYYXZYII;IIIXZXYZYIIIIZ
2013,13,0.051526436338094866,2486.044994576318,IIIXXIIYZIZZYI;IIIXXIXXIYZYII;IIIXXIXYIIIXZY;IIIXXIXZYIXYII;IIIXXIYZXIYXII;IIIXZXIIYYIXXI;IIIYXXXIIXZYII;IIXXIIXZXIYYII
2014,12,0.010759139065534124,124.8053035888858,IIIXXIYZYIIXXI;IIIXXXZXIXXIII;IIIXYIIXXXZYII;IIIXYIIXZYIIYY;IIIXYIIYZXIIYY;IIIXYIZIIIYZZX;IIIXZZXIIZIYYI;IIXIYIYZZZXIII
2015,14,0.015700937408873822,450.3807239663218,IIIXXXZYIIXYII;IIIXYIIIXYXZXI;IIIXYIYIZZZXII;IIIXZYIYXIIIYY;IIIXZZXIIXIZXI;IIIXZZYIIYZIXI;IIIXZZZIYIYXII;IIIYYIIYIZZZYI
2016,14,0.016650172400443388,177.17827611915666,IIIXXYZZIZYIII;IIIXYIIIXYYZYI;IIIXYIIYZXXXII;IIIXZXIIYZYIZI;IIIXZYIYXIYYII;IIIXZZYIYXIIZI;IIIYXIIIYZXIXX;IIIYYIXZZXIIZI
2017,12,0.01623908965130689,235.63640491123826,IIIXYIIIIXZZYZ;IIIXYIIIYZYIXY;IIIXYIXIZZZYII;IIIXYIXZXIXYII;IIIXZYIIXZZIYI;IIIXZYIXXIIIYX;IIIXZZYIXYIIIZ;IIIYXIIZIYZZXI
2018,12,0.02691435083974543,471.0928216416182,IIIXYIIXZXIIYX;IIIXYIYZXIIYYI;IIIXZXIIYYIIYY;IIIXZYIYYIIYXI;IIIXZZXIIIIYYZ;IIIXZZXIZIIIXX;IIIXZZYIIIYXIZ;IIIYXZIIIYZZXI
2019,13,0.018296406372711925,117.33693716998798,IIIXYIIYZYIYXI;IIIXYIIZIXZZYI;IIIXYYZZXIIIIZ;IIIXZZXIIIIZXX;IIIXZZXIZXXIII;IIIYXIIXZXIXYI;IIIYYIXYIIIYZX;IIIYZZYIXXZIII
2020,14,0.014550377604668839,182.5364741941725,IIIXYIZXZZYIII;IIIXYXZXIIIIXY;IIIXYYZXIIIIYY;IIIXZYIIYZIZXI;IIIXZYIXXIIYXI;IIIXZZYZIXYIII;IIIXZZZYIIIYIX;IIIYYIIZXZZXII
2021,14,0.012621771770544288,462.6667714381166,IIIXYYZZXIIIZI;IIIXZIXIIIYZZY;IIIXZYIIIIYYXY;IIIXZZYIIIZIYX;IIIXZZYYXIZIII;IIIYXIIYZZXIIZ;IIIZXZZYIIYXII;IIXXIIYZZZIYII
2022,11,0.020401416336475936,469.6467334611205,IIIXZYIIIXYIYY;IIIXZYIXYIIYYI;IIIXZZXIXXIIIZ;IIIXZZXXXIIIIZ;IIIXZZYIZIXYII;IIIYXIXZZYZIII;IIIZIIIXXIYZZY;IIXYIIYZZZIXII
2023,12,0.017039285776223042,95.94088388120203,IIIXZYIIIYXXXI;IIIXZYXYIIXXII;IIIXZYXYIIYYII;IIIXZZYXYIIZII;IIIYIXIIIXZZZY;IIIYIZXIIXZZYI;IIIYIZZZXIIIXY;IIIYXYZZXIIIIZ
2024,14,0.023094536692236003,423.8643247612263,IIIXZYIIYXIXXI;IIIXZYXZYIZIII;IIIXZYZIIIXZYI;IIIXZZYIZIYXII;IIIYIZZYXZXIII;IIIYXIYZZXIIZI;IIIYXYZZXIIZII;IIIZIIIXZZYYXI
2025,11,0.02327774844735849,376.1710986373262,IIIXZYYXIXXIII;IIIXZYZIIXZYII;IIIXZZIZYIIXYI;IIIXZZYIXYIZII;IIIYYIIXZXIIYY;IIIYZZXIIYXZII;IIIZIIXYIIYZZX;IIIZIYZXIIIXZY
2026,16,0.06644803523337062,214.39755302655942,IIIXZZIZXIYYII;IIIXZZIZYIYXII;IIIXZZYIIXYIZI;IIIXZZZIYIXYII;IIIYIZZZYIYYII;IIIYXIZXZZYIII;IIXYIYYIIIXZYI;IIXZZXIIIZIIYY
2027,20,0.059921715441379274,1029.295941521501,IIIXZZXIIIZIYY;IIIXZZXIZIIIYY;IIIXZZYIIIZIXY;IIIXZZYIZIIIXY;IIIYIZXIIYZZXI;IIIYZIXIIYZZXI;IIIYZZXIIIZIXY;IIIYZZXIIYZIXI
2028,16,0.013212130586639635,236.0572535492738,IIIXZZYIIIXIZY;IIIXZZYZIYXIII;IIIYXIIIXYIYZY;IIIYXIIYZXIIXX;IIIYXIYYYZXIII;IIIYYIIIYZYYYI;IIIYZZXIIIIZYX;IIIYZZZXIIYIXI
2029,11,0.010857514679692783,273.2536388979391,IIIXZZYIZXYIII;IIIYIXXZZZYIII;IIIYIZYIIXZZXI;IIIYXIIIZIYZZX;IIIYXIIXZXIIXY;IIIZIIIIXYXZZY;IIXYIIIYYIIYZX;IIXYIIYXXZXIII
2030,11,0.009526185775220916,55.544765666843894,IIIYIZYIIIXZZX;IIIYIZYXZZXIII;IIIYXIIIIYYYZX;IIIYXIIXYIYZYI;IIIYXIYZZXIZII;IIIYYZIIXZZXII;IIIZIYZYIIIXZX;IIIZYYIIIXZZXI
2031,13,0.0634344250746072,2005.168790061383,IIIYIZZYIIIYZY;IIIYXIIIIXYYZY;IIIYXIIIIYZYYX;IIIYXIIIYYXZYI;IIIYXYXIIIIYZY;IIXXIIIIYZXYXI;IIXXXZXIIYYIII;IIXYIIXZZYZIII
2032,13,0.03495250023906997,966.6028510377378,IIIYIZZZYXXIII;IIIYXIIYXIIYZY;IIIYXIIYZZZIXI;IIIYXIXYXZXIII;IIIYYIIXXIIYZY;IIIYZXIIIIYXXX;IIXZYIIXYIIXXI;IIXZZXIIXXZIII
2033,13,0.03145511822692341,561.4397355320857,IIIYXIIIXXXZYI;IIIYXIIIYZXXXI;IIIYXIXXXZYIII;IIIYXIYYXZYIII;IIIYZXIIIIXXYX;IIIYZXIIXXIXYI;IIIYZYIIZXZXII;IIXZYIIIIXXYXI
2034,13,0.24837709316499929,5557.1244017893005,IIIYXIIIXZZIZY;IIIYXXYIYZYIII;IIIYXXZYIYYIII;IIIYYIIIXZYIYX;IIIYYIIXXXZXII;IIIYYYXIXZYIII;IIIYZZYIYZIYII;IIXZYIXIZZYIII
2035,12,0.011995356044820524,32.79853456623426,IIIYXIIXZYIIYY;IIIYXIIXZYXXII;IIIYYIIZIYZZYI;IIIYZXIIIYZXIZ;IIIYZXIIXXIYXI;IIIYZZYIIIIYYZ;IIXXIIIYZYXXII;IIXXZIIIIYZZYI
2036,12,0.011745918988967579,150.5141899565069,IIIYXIIYXXZXII;IIIYXIYZZXIIIZ;IIIYXYYIIIXZYI;IIIYYIIIIXZYXY;IIIYYXYIIIIYZX;IIIYZZXIIIYXZI;IIIYZZYXZIXIII;IIXXIIZIYZZYII
2037,12,0.02985703349647152,829.9487915779005,IIIYXXZZZIYIII;IIIYXYZYIIIIXY;IIIYYIIIYZYIXX;IIIYZXIIZYZXII;IIIYZZXIIIXIZY;IIIYZZXIXYIIZI;IIIZIIIIXZYXZY;IIXYIIYZYIYXII
2038,11,0.033623932174143695,446.4619546357083,IIIYXZIIYZZXII;IIIYYIIIIYXYZX;IIIYYIIIIYYYZY;IIIYZXIIIIXYXX;IIIYZZYYYIIZII;IIIZYZZZYIIIIZ;IIXYIIYZYIIXYI;IIXZZIYIIXZYII
2039,14,0.019706306139503926,216.6310330408698,IIIYYIIIXZXIXX;IIIYYIXXIIIYZY;IIIYYIXZYIIIXY;IIIYYXZYIIXYII;IIXIYIIYZZZXII;IIXXIIXYIIYZXI;IIXYIYZYIXYIII;IIYXIIIXYXZXII
2040,14,0.0128487212256302,666.1764892574643,IIIYYIIXZYIIXY;IIIYYIXZYIXYII;IIIYYIYXIIYZXI;IIIYZIYIIXZZXI;IIIZIIZIYZZZYI;IIIZXYIYZZXIII;IIXYIXYIIIIXZX;IIYXXZXIIIIYXI
2041,10,0.010371640059140395,88.81137821671079,IIIYYIXZZXIIIZ;IIIYZIYYZZYIII;IIIYZXIIIYXYYI;IIIYZZZXIIIXIY;IIIZIIIIYZYYZY;IIIZIIYXIIYZZX;IIXYIIIYZYXYII;IIXZYXYIIIIXXI
2042,14,0.05306020819364552,625.989882408403,IIIYYYIZZZYIII;IIIYYYZZZIYIII;IIIYZIZZYIIIXX;IIIZIZIIYZZZYI;IIIZYXIIYZZXII;IIXXIXZXIIXXII;IIXXIYZYIIYYII;IIXZZYIIIZIXYI
2043,13,0.019278080654121687,209.3226718366829,IIIYYZIIIIYZZY;IIIYZXIIIXZYZI;IIIYZXIIYZXIIZ;IIIZIIIYZYIYZY;IIXIZZZXIIIIYY;IIXXIYXIIYZXII;IIXXIYZYIIXXII;IIXZZXIIYYIIIZ
2044,12,0.0099147881778512,276.6470090601508,IIIYZXIIIIXXXY;IIIYZXXXIIIIXY;IIIYZYXXIIIIYY;IIIYZZXYXIIZII;IIIYZZYIZYYIII;IIIZIXZZYIIXYI;IIYYIIIIXIZZZX;IXXZIIIYZZYIII
2045,12,0.015837963025885637,257.9154910229806,IIIYZXIIIZIYZX;IIIYZXIYYIXYII;IIIYZXZIIIIYZX;IIIYZYIYXIIIYX;IIIYZZIZYIIIXX;IIIYZZXIYXZIII;IIIYZZYIXXIIZI;IIYZXIIIIIZXZY
2046,10,0.031122697330141117,463.2105627958271,IIIYZXXZYIIIIZ;IIIYZYIXYIXYII;IIIZIYZZYIIIXX;IIIZYZZYIIIIXX;IIXIYIXZZZYIII;IIXXIIIXYXZYII;IIXXIYZYIXXIII;IIYZZYIIIZYYII
2047,13,0.019902735328383325,344.5719047962688,IIIYZZIXIIIYZX;IIIYZZXIXIZYII;IIIYZZYIIIZXXI;IIIZIIIIXZXYZY;IIIZXZXIIYZYII;IIXXIIIXZXXXII;IIXZZXIZIIIIXX;IIYXIIYZYXYIII
2048,13,0.026128161221042362,345.7221855544766,IIIYZZYIIZIYYI;IIIZIYZZXYXIII;IIIZXZYIIIIXZY;IIXIYIIIIXZZZY;IIXIZZZYIXYIII;IIXXIIIIXXIXZX;IIYIZZXIIIIYZX;IIYYXZZXIIZIII
2049,16,0.03392899578750802,704.7860385736465,IIIYZZYIZIXXII;IIIYZZZXIIIYIX;IIIZXZZXIIIYYI;IIXXIIIIIYZXYX;IIXXIYZXIIXYII;IIXYIIIYIZZZXI;IIXZZXXXIIIZII;IIYZXZIIIIIXZY
2050,14,0.019174920349103907,385.0285748927715,IIIZIIIYYIXZZX;IIIZXXIXZZXIII;IIIZYYIXZZXIII;IIIZYYIYZZYIII;IIXIZZXIIIIYZY;IIXIZZZYIIYXII;IIYIZZYIIYZYII;IIYIZZZYIIYYII
2051,11,0.015104283560384683,419.17690874695273,IIIZXYIIIIXZZY;IIIZXZYIIIXZYI;IIIZYXIIXZZYII;IIXIZZZYIIIIYX;IIXXIIIYZZYZII;IIXYIIIXYIXZXI;IIXYIIYZYXYIII;IIXYZIIYZZXIII
2052,12,0.011289501489503393,204.22942703915925,IIIZXZZXIIIIXX;IIXIZYIIXZZYII;IIXXIIIIYXXZYI;IIXXIIXZZXIIZI;IIXXIXZXIIYYII;IIXXXZYIIIIYXI;IIXYIIYXIIXZXI;IIYZXIIIXYYYII
2053,14,0.025614475655856336,534.2766203898763,IIXIZYIIIIYZZX;IIXXIIIIXYXZYI;IIXXIIIIXZIZZX;IIXXIIIIYZXIYX;IIXXIIIXZYIIXY;IIXXXZZXIIIZII;IIXZYIIXZYIIIZ;IIXZZXIIIZYYII
2054,15,0.012988429630601626,251.34498879672978,IIXIZZZXIIIYYI;IIXXIIIIZIYZZY;IIXXIIIYYIYZYI;IIXXIIIZIYZZYI;IIXXIIYXIIXZYI;IIXXXZZXIIIIZI;IIXZYIIXYIXXII;IIYXIIIIIXZZYZ
2055,15,0.015899042075985022,253.53983891033278,IIXXIIIIXZYIXY;IIXXIIIXZZZIXI;IIXXIIIYZXIYXI;IIXXIIXYIYZXII;IIXYIIIYZXIIYY;IIXYYZXIIIXXII;IIXZZYIIIZXYII;IIXZZYIZIXYIII
2056,12,0.02591245797269542,380.938537544085,IIXXIIIXZZIZXI;IIXXIIIYYXZXII;IIXXIIYYIIYZYI;IIXXXXIIIIXZXI;IIXYIIIIXZZZIY;IIXYIYZXIIYYII;IIXZXIYXIIIIYX;IIYZYZIIIYZYII
2057,12,0.022649967104006866,448.22011923827495,IIXXIIIYZYYYII;IIXXIIXXIIIXZX;IIXXIIYIZZZYII;IIXXIYZZYIIIZI;IIXYIIIIXXIXZY;IIXYIIIYYYZXII;IIYXIIZIIXZZYI;IIYYIIIYZYYYII
2058,13,0.017039285776223042,350.8102734127875,IIXXIIIZXZZXII;IIXXIIXZXYYIII;IIXXIIYZZYIIZI;IIXXIXZYIIYXII;IIXXIZIIIIYZZY;IIXXXZXIIIIIXX;IIXXYZXIIIIIYX;IIXZYIXYIIIIYY
2059,16,0.02049306998514842,966.9101350844385,IIXXIIXZZZIXII;IIXXIIYXIIIXZY;IIXXIIYYIIIXZX;IIXXIIYZYIIXXI;IIXXIIYZZIZYII;IIXXIXYIIIXZYI;IIXXYZYIIIIYYI;IIXYIIXYIIIXZX
2060,13,0.022649967104006866,877.4629358045635,IIXXIIYZYIYYII;IIXXIYZXIIIIXY;IIXXIYZXIIIIYX;IIXXIYZYIIIIXX;IIXXYZYIIYYIII;IIXYIIXIZZZYII;IIXYIIYZZXIIZI;IIYXIIYZZXIIIZ
2061,15,0.25315161645034856,3801.0968966463365,IIXXIIZYZZYIII;IIXXZIIYZZYIII;IIXYIIIIXYXZXI;IIXYIIIIYXXZXI;IIXYIIIXZZYIZI;IIXYIIIYZZXIIZ;IIXZYIYXIIXXII;IIYXIXZXIIYXII
2062,12,0.009132724326933059,140.34361221532157,IIXXIXZYIIXYII;IIXXXZYIIIYXII;IIXYIIIIXZXXYI;IIXYIIIXZXIYXI;IIXYIIXZXIIXYI;IIXYIIXZXXYIII;IIXZIZZYIIXYII;IIYYIIYZZYIIZI
2063,15,0.022687750651347708,52.57807198904417,IIXXXZYIIIIXYI;IIXXYZXIIIIYXI;IIXYIIIIIXZYYY;IIXYIIIIXZYXXI;IIXYIIIYZXIXXI;IIXYIIXXIYZXII;IIXYIXZYIIIXXI;IIXYXZYIIIIYYI
2064,11,0.03150732742907581,468.0692894936266,IIXXZIIIIIXZZX;IIXYIIIIIXZZYZ;IIXYIIIIXYIXZX;IIXYIIXYIIXZXI;IIXYIZIXZZYIII;IIXZYIIXXIIXYI;IIXZYIIZIIIXZY;IIYXIXIZZZYIII
2065,15,0.05892624315822052,2842.600389461197,IIXYIIIIIYZXYY;IIXYIIIIXXYZXI;IIXYIIIIZIYZZX;IIXYIIXXIIXZYI;IIXYIXZXIXYIII;IIXYYXIIIIIYZY;IIXZYIIIIXXIXY;IIXZYIIIXYIYYI
2066,13,0.0099147881778512,133.2817135869085,IIXYIIIIYYIXZY;IIXYIIIIYYYZXI;IIXYIIIIZXZZYI;IIXYIIIYYIXZYI;IIXYIIYYIIIXZY;IIXYXXIIIIYZXI;IIXYYYIIIIIXZY;IIXZIZZYIXYIII
2067,12,0.01066033932354854,462.6667714381166,IIXYIIIIYZXIXX;IIXYIIIXZZYZII;IIXYIIIZIIXZZY;IIXYIIIZXZZYII;IIXYXXIIYZXIII;IIXYYZXIIIIIXX;IIXZIXIXZZXIII;IIZIYYIXZZXIII
2068,12,0.011048728118647443,322.1492287858756,IIXYIIIXXIIXZY;IIXYIIIXZXIXYI;IIXYIIIYYIYZXI;IIXYIXXIIIIYZX;IIXYYZYIIXYIII;IIXZZYIIIIXZIY;IIYXIIIIXYXZXI;IIYYIIIIIXXXZX
2069,18,0.022649967104006866,401.50301101529493,IIXYIIIXZXYXII;IIXYIIXZXIIIXY;IIXYIIXZZYIIIZ;IIXYIIYZYIXYII;IIXYIXZXIYXIII;IIXYXZYIIIIIXX;IIYXIIXZXIIIYX;IIYXIIXZZYIIIZ
2070,13,0.019128992567599184,579.5336932929972,IIXYIIIXZZYIIZ;IIXYIIIYXIYZYI;IIXYIIZIXZZYII;IIXYYXIIIXZXII;IIXZZZYIIIIYIX;IIYXIXZYIYYIII;IIYYIIXIZZZXII;IIYYIIYZZYZIII
2071,12,0.011867196293292725,298.1626564470181,IIXYIIYXIYZYII;IIXYIIYZXYYIII;IIXYIXZZYIIIZI;IIXYXZZYIIIIIZ;IIXZYIYYIIIIYX;IIYXIIIIXYYZYI;IIYXIXZYIIIIYY;IXZYIYXIIIIIYY
2072,11,0.02893427777870311,451.0464698283988,IIXYIIZIYZZXII;IIXYIXZXIIIIXY;IIXYIYZXIIIIYY;IIXZXZIIYZYIII;IIYIZZZXIIYXII;IIYXIIIIXYIXZX;IIYXIIIYZZXIZI;IIYXIIXYYZYIII
2073,11,0.035007639446828206,640.7399044859064,IIXYIYXIIIIXZX;IIXZXZIIIIIXZX;IIXZYIIIXYIXXI;IIXZYIIYZXIIIZ;IIXZZXIIIIZIYY;IIXZZYYXIIIIZI;IXIZZZYIIIIIYX;IXXIIIIIIYYYZY
2074,11,0.019056878913317695,345.24530029496776,IIXYXZXIIIIYXI;IIXZIYIXZZYIII;IIXZXIIIXXIIYY;IIXZYIXXIIIIXY;IIXZYIXXIIIYXI;IIXZZYZIIIIIXY;IIYYIIXZZXIIZI;IIYZXIIIIIXZYZ
2075,11,0.016434808501382486,141.18337374814737,IIXYXZYIIIYYII;IIXZXIIXYIYXII;IIXZYIIIIIXXXY;IIXZYIIIIYZXZI;IIXZYIZIYZXIII;IIXZZXIIYYIZII;IIYZIZYIIXZXII;IIYZXIIIXZYIIZ
2076,12,0.010973050515666905,225.08101972594284,IIXZYIIIIXYYYI;IIXZYIIIIYYIXY;IIXZYIIIXIZZYI;IIXZYIIIYXIYYI;IIXZZYIZIIIXYI;IIYIZYIXZZXIII;IIYXIIYXIIIXZX;IIZYYIIXZZXIII
2077,14,0.02637809712396004,435.00239851863154,IIXZYIIYXIXXII;IIXZYIIZIIXZYI;IIYIZYIYZZYIII;IIYIZZZYIIXXII;IIYXIIIIIYXXZX;IIYXIIZIIIYZZX;IIYYIYXIIIIXZY;IIYZZIZYIIIIXX
2078,13,0.022649967104006866,176.03941096862698,IIXZYIZIXZYIII;IIXZYYZXIIIIIZ;IIXZZXIIIIXXZI;IIXZZXIIIYIZYI;IIXZZXIIXXIIZI;IIYYIIIIYZZYIZ;IIYZXIIIYZXIZI;IIYZYIIIIIZYZY
2079,11,0.23854586770945796,2863.3019250366756,IIXZYXYIIIIYYI;IIXZZIXIIIIXZX;IIXZZXIIXZIXII;IIXZZYIXYIZIII;IIXZZZIXIYYIII;IIYIXIIIYZZZXI;IIYYIXZYIIIXYI;IIYZYIIXIZZXII
2080,12,0.016650172400443388,387.0849369034703,IIXZZXIIIZIXXI;IIXZZYIIIIIXYZ;IIXZZYIIIYXIIZ;IIXZZYIIXYIIIZ;IIYXIIIIYZZXIZ;IIYXIIZIYZZXII;IIYXIXXIIIIYZX;IIYXIYZYIIIXYI
2081,13,0.01986770453529827,162.02520069004595,IIXZZXIZIYYIII;IIXZZXZIIXXIII;IIYIZZXIIXZYII;IIYXIIIIIYYYZX;IIYXIIIIXZZZIY;IIYYIIXZYIYXII;IIYYIIYZZYIIIZ;IIYYIXZZXIIIIZ
2082,12,0.02757512435813773,473.13473612737084,IIXZZYIXYIIIIZ;IIYIZZXIIYZXII;IIYIZZZXIYXIII;IIYXIIIIXZYIXX;IIYXIIIIZIXZZY;IIYXIIIXXIIXZY;IIYXXZXIIYXIII;IIYZZXIIYXIIZI
2083,12,0.023273270290940017,475.20573566602144,IIXZZYIZIIXYII;IIYIZXIXZZYIII;IIYXIIIIIXZXXY;IIYXIIIIIYZXYY;IIYXIIIIZIYZZX;IIYXZIIIIXZZYI;IIYZXIIZIIIYZX;IIYZXXZYIIIIIZ
2084,11,0.03497085150455281,533.5551310691928,IIYIZZZYIXXIII;IIYXIIIIIYYXZY;IIYXIIIXXIYZXI;IIYXIIXZXIIYXI;IIYXXYIIIYZYII;IIYYIXXIIIXZXI;IXXIIIIYZYIXXI;IXYIIIIZIIYZZX
2085,14,0.013842784601187813,450.5046821512621,IIYXIIIIIZXZZY;IIYXIIIIYZXIXX;IIYXIIIZXZZYII;IIYXIIYIZZZXII;IIYXIYYIYZXIII;IIYXYXIIIIYZYI;IIYYIIYZYXXIII;IIYYIXZXIXXIII
2086,12,0.02603883559427945,441.40067640922393,IIYXIIIIYYIYZX;IIYXIIIIYZYYXI;IIYXIIIYXIIYZY;IIYXIIIYZYIYXI;IIYXIIXYIYZYII;IIYXIIZIXZZYII;IIYXXZYIIIYYII;IXXIIIIIIXYXZY
2087,12,0.02070591771594548,431.3732841773649,IIYXIIIXZXIYXI;IIYXIIIYXIYZYI;IIYXIIXYIIXZXI;IIYXIYZXIIYYII;IIYXXXIIYZXIII;IIYXYZYIIIIYXI;IIYZZZYIXIXIII;IYXIIIYZZZIXII
2088,14,0.020778173574567866,472.82772090325733,IIYXIIIXZYYYII;IIYXIIIXZZIZYI;IIYXIIXZZZIYII;IIYXXZXIIIIIYX;IIYXYZXIIIIIYY;IIYYIIIIYYXZXI;IIYYIIIIYZZYZI;IIYYIIIYXIYZXI
2089,11,0.009924594152925046,84.69599648619412,IIYXIIIYXXZXII;IIYXIXZZYIZIII;IIYXXZZYIIIIIZ;IIYXYYIIIIXZYI;IIYXYYIIIIYZXI;IIYYIIIIYZXIXY;IIYYXYIIIXZYII;IXZYIIYZXIIZII
2090,12,0.0099147881778512,437.08820277628183,IIYXIIIYZYYXII;IIYXIIXZIZZYII;IIYXIIYZXIIXXI;IIYXXYIIIXZXII;IIYYIIIIYIZZZY;IIYYIIIIYXIYZX;IIZIIXZXIYZYII;IXYIIIIIXZZYZI
2091,12,0.01235040579790439,243.35630174766357,IIYXIIYYIXZYII;IIYXXYIIXZXIII;IIYYIIIXIZZZXI;IIYYIIXYIIYZXI;IIYZZYIZIIXXII;IIZIXZZXIIIXXI;IXXXZYIIIIIXYI;IXYIIYXIIIIXZX
2092,11,0.012352185585337957,207.46627000205385,IIYXIYZYIIIYXI;IIYYIIIIIXZXXX;IIYYIIIIXXXZXI;IIYYIIIIYYIYZY;IIYYIYXIXZYIII;IIYZXIYZXIIIZI;IXXIYZYIIIXXII;IXXIZIIIXZZXII
2093,12,0.01209634348190885,142.9661852882207,IIYXZIIIYZZXII;IIYYIIIIIYZXYX;IIYYIIIIYZIZZY;IIYYIIIXZZZIXI;IIYYIIXXYZYIII;IIYYIIXZXXXIII;IIZIYXIIYZZXII;IXYIIYZYIIIIYX
2094,15,0.07623725996300802,1418.603857143444,IIYYIIIIIZXZZX;IIYYIIIIYZYIXX;IIYYIIIXZZXZII;IIYYIIZIIIXZZX;IIYYIXZZXIIIZI;IIYZXZIIIIIYZX;IIYZYIIXYIIIYX;IXYIYZZXIIIZII
2095,12,0.012677253145323992,227.01649438499842,IIYYIIIIXZYIXY;IIYYIIIXXYZYII;IIYYIIXYYZXIII;IIYYXYIIIIXZYI;IIYYYZXIIIIIYX;IIZXXIIIIXZZXI;IXZXIIIYXYXIII;IYXIIIIYXIXZXI
2096,14,0.01735002365968127,571.3701055789301,IIYYIIIXZXYYII;IIYYIIIXZZXIIZ;IIYYIIIYYXZXII;IIYYIIXZIZZXII;IIYYIIXZYXYIII;IIYZZXIXYIIIIZ;IXYYZZXIIIIIZI;IXZIZXIIXZXIII
2097,11,0.010360950958265232,462.6667714381166,IIYYIIIYZZYZII;IIYYIIXXIIIYZY;IIYYIXZYIIXYII;IIYYIYXIYZXIII;IIYYYXIIIIYZXI;IIYZYIIXYIYXII;IXXXZXIIIXXIII;IYXIIIIXZXYXII
2098,12,0.019056878913317695,780.6857548241896,IIYYIIIZIYZZYI;IIYYIIYZXIIYXI;IIYYIIZIIXZZXI;IIYYIXZZXIIZII;IIYYXYIIIIIXZY;IIYZXIIXYIIXXI;IIYZXIYYIIXYII;IIYZZYIIIIXZIX
2099,13,0.009595907212064736,246.7749162537302,IIYYIIYXIIYZXI;IIYYIIYYIIXZXI;IIYYXXIIIIIYZY;IIYYYXIIIIIXZY;IIYYYXIIIYZXII;IIYZXIIZIIIXZY;IXXIIYZXIXYIII;IXYYZZXIIIZIII
2100,13,0.012159279934296762,131.35007630525794,IIYYIIYZYYYIII;IIYYIXZYIIYXII;IIYYIYZZZIYIII;IIYYZIIIYZZYII;IIYZXIIIIIXXXY;IIYZXIIIIYZXIZ;IIYZXIIZIIXZYI;IIYZZXYXIIIZII
2101,13,0.06764612571521317,1030.7285418861927,IIYYIYXIIYZXII;IIYZXIIIIXYYYI;IIYZXIIIIYXIYY;IIYZXIIIIYYIXY;IIYZXIIXZYIZII;IIYZXIIYZXIIIZ;IXZYIIIIIYYIXY;XZIZXIIIIXZXII
2102,15,0.011838375580796152,262.4846802902888,IIYYXZYIIYXIII;IIYYYZXIIIIIXY;IIYZIZZYIIIXXI;IIYZXYZXIIZIII;IIYZYXZXIIIIIZ;IXXIIIIZIYZZYI;IXXIZIIIYZZYII;IXXXYIIIYZXIII
2103,13,0.013399826830543651,242.71730308635375,IIYZXIIIIZYZXI;IIYZXIIIZIYZXI;IIYZXIYXIIIIXX;IIYZXIYYIIIXYI;IIYZXYXIIIIYYI;IIYZZYZIIIIIYY;IXXIIXIZZZXIII;IXZXZIIIIIYZYI
2104,10,0.055220757758959974,1544.3917962335793,IIYZXIIIXYIIXX;IIYZXIIIZXZYII;IIYZXIIXXIXYII;IIYZXIIYXIIXXI;IIYZXXXIIIYXII;IIYZYZIIIIIXZX;IXYZIIIXZZYIII;IXZYYYIIIIIXYI
2105,14,0.015682936245512827,239.67786318519097,IIYZXIIIXYIYYI;IIYZXIIZYZXIII;IIYZZXIIIIYIZX;IIYZZXIZIIYXII;IIYZZYIIXXZIII;IIZIYXIIIIXZZY;IXIZZZXIIXXIII;IXYIIIYZYXYIII
2106,11,0.009900072146653104,194.005969462324,IIYZXIIXXIIXYI;IIYZXIIXYIIYYI;IIYZXXZYIIIIZI;IIYZXYZXIIIIIZ;IIYZZXIIIYZIXI;IXIZZXIIIIYZYI;IXXIIIIZYZZYII;IXXIIYXIIIXZYI
2107,12,0.026128161221042362,520.5476262155191,IIYZXIIXZYIIIZ;IIYZXIXYIXXIII;IIYZXYXIIIXXII;IIYZZYIIIZIYYI;IIYZZYIIYYIZII;IIZIIIIXZZZXIZ;IXXIIZIIIIYZZY;IXXIYZXIIIIYXI
2108,12,0.020107445352756097,335.4722868014478,IIYZYIIIYIZZYI;IIYZYZIIIIXZXI;IIYZZXIIIIXZIY;IIYZZXIIYIZXII;IIYZZXIYXIIZII;IIYZZZYIYIYIII;IIZIIIXZZYXYII;IXXIIIIXZXIXXI
2109,11,0.01574674712103025,287.657095486938,IIYZZIXIIIIXZY;IIYZZXIIZIIIYX;IIYZZYIIXIZXII;IIZYZYIIIIXZXI;IXIZYIIIXZZYII;IXXIIIIIXZYXYI;IXXIIIIYZYIIYY;IXYYYIIIIIIXZY
2110,15,0.040544010098728545,646.4338688987922,IIYZZIZXIYXIII;IIYZZXIIIIIYXZ;IIYZZXYXIIZIII;IIZIIXXIIXZZXI;IIZIIXXIXZZXII;IIZXYIIIIIYZZX;IXXIIIIIXZXXXI;IXZYIIIIZIIYZX
2111,14,0.018826986426889777,322.1402334922893,IIYZZXIIYXIIIZ;IIYZZXIXYIZIII;IIYZZZIYIIIIXX;IXIZZZXIIYYIII;IXXIIIIIIXXXZX;IXXIIIIIYZXXYI;IXXIIYXIXZYIII;IXYIIIIIXZXYXI
2112,14,0.013227196141970102,268.21508847828517,IIYZZXIZIIIYXI;IIYZZYIIYYIIZI;IIZIIXYYZZXIII;IIZIIYZZXIXYII;IXXIIIXYIIXZYI;IXXIIYZXIIIIYX;IXYIIIXZXIIYXI;IYXIIIIZYZZXII
2113,13,0.07625809545631927,1637.82536825438,IIYZZYIZIIYYII;IIZIIXXIIYZZYI;IIZIIXYIIXZZYI;IIZIIXZZXIIYYI;IIZXXIIYZZYIII;IIZXYIIXZZYIII;IIZXZYIIIIXZYI;IXXIYZZYIIIIZI
2114,14,0.025546312116555843,554.8059737831538,IIZIIXZXIXZXII;IIZIYZZZYIIIZI;IIZXYIIIIIXZZY;IXXIIIIIIXZZXZ;IXXIIIIIYYXZXI;IXXIIIIIYZYYYI;IXXIXZXIIIIYYI;IXXZIIIIIXZZXI
2115,13,0.04529993420801373,772.3501220462217,IIZIIXZYXZYIII;IIZIIZIIXZZZXI;IIZIZIXZZZXIII;IXIZXIIIIIYZZY;IXXIIIXZIZZXII;IXYIIIXZYIIYYI;IXYIIYYIIIXZYI;IYXIIYZZXIZIII
2116,12,0.010223795013626958,280.2699222856053,IIZIIYZZYXXIII;IIZXYIIIYZZXII;IXIZXIIYZZYIII;IXIZZYIIIIXZYI;IXXIIIIIIYXYZX;IXXIIIIIXXIYZY;IXXIIIXZZIZXII;IXYIIYZYIIIYXI
2117,16,0.09720483339893454,1478.03867875666,IIZYZZXIIXYIII;IIZYZZZYIIZIII;IXXIIIIIIXXYZY;IXXIIIIIXXXZXI;IXXIIIIIZIXZZX;IXXIIIYYIIIYZY;IXXIXYIIXZYIII;IXYIIIIXZZIZYI
2118,10,3.1144678790249403,68771.92478949012,IXIZYIIIIIXZZY;IXIZZXIIYZYIII;IXIZZZYIIXYIII;IXXIIIIIXZXYYI;IXXIIIIYZXIIYX;IXXIIIYZYIYYII;IXXXZYIIIIIIYX;IXZYIIYXIIXXII
2119,10,3.002937554118777,36038.02886668332,IXIZZZXIIIIIXX;IXIZZZXIIIIXXI;IXXIIIIIIXZXXX;IXXIIIIIIYZYYY;IXXIIIXXIXZXII;IXXIIXZZIZXIII;IXXIIYZZIZYIII;IXYIIIIXXYZXII
2120,19,0.043239061035033693,878.0782336977175,IXXIIIIIXZYIYX;IXXIIIIIXZZXZI;IXXIIIIXXYZYII;IXXIIIIYZYIYYI;IXXIIIXYIIIXZY;IXXIIYZYIIYYII;IXXIZIIIIIXZZX;IXYIIIYYIIXZYI
2121,12,0.055220757758959974,1607.1375431422523,IXXIIIIIXZYYXI;IXXIIIIIYZYIYY;IXXIIIIYZIZZYI;IXXIIIXXIIYZYI;IXXIIIXZYIYXII;IXXIIXXIIIIXZX;IXZYIIIIIYIZZX;IYZYZIIIIIIXZX
2122,12,0.012677253145323992,269.77876693875135,IXXIIIIIYYIYZY;IXXIIIIYYIIYZY;IXXIIIIYYIXZXI;IXXIIZIXZZXIII;IXXIXXIIIIYZYI;IXXIXZYIIIIXYI;IXYIIIIXIZZZYI;IYYIIIIIYYIYZY
2123,11,0.019884469512803368,385.58991180440637,IXXIIIIIYZZIZY;IXXIIIIYZZIZYI;IXXIIIIYZZZIYI;IXXIIIXZXIIIYY;IXZXXYIIIIIIXY;IXZYIIIIYXIIXX;IXZZYIIYXIZIII;IYXIIIIXZXIIXY
2124,15,0.0099147881778512,259.3604683818677,IXXIIIIXXIXZXI;IXXIIIIYXIXZYI;IXXIIIIYZXIIXY;IXXIIIXYIIYZXI;IXYIIIIXZZZIYI;IXYIIXZXIIIIYX;IYXIIIIXXIXZYI;IYXIIIIXZZZIYI
2125,11,0.04371787781549452,2108.934921433818,IXXIIIIXZZXIIZ;IXXIIIYZXIIYXI;IXXIIXZIZZXIII;IXXIXXIIIYZYII;IXXXZZXIIIIIZI;IXYIIYXIXZXIII;IXYIYZXIIIYYII;IXZZXIIIIIZXXI
2126,14,0.019175752128944137,402.28282559685846,IXXIIIXIZZZXII;IXXIIIYZZYIIIZ;IXXIIXZYIIYXII;IXXIYYIIIIYZYI;IXXIYZXIIIIIXY;IXYIIIIXZIZZYI;IXYXXIIIIIIYZX;IYXIIIIIIYZXXX
2127,11,0.030822268478794997,541.5782467095497,IXXIIXZXIIIXXI;IXXIIYXIYZXIII;IXXIIZIIYZZYII;IXXIYZZYIIIIIZ;IXXXYIIIIIXZYI;IXXZIIIIIYZZYI;IXZXIIIIIIZXZX;IXZYIIZIIIIXZY
2128,12,0.03618608967422532,879.7442519017895,IXXIIYZXIIIIXY;IXXIIYZXIIXYII;IXXIXZYIIYXIII;IXXXYIIIIIYZXI;IXYIIIIIIXXXZY;IXZYIIIIXXIXYI;IXZZXIIIIIYIZY;IXZZYIIZIIIIXY
2129,13,0.028946730257251203,746.1295349213151,IXXIXXIIIIIYZY;IXXIXZZXIIIZII;IXXXXIIIIIYZYI;IXXYXIIIIIYZXI;IXYIIIIIIXXYZX;IXYIIIYZZZIXII;IXYIXZZYIIIIZI;IYXIIIXZXIYXII
2130,10,0.02603883559427945,488.9442616959597,IXXIXZXIIIYYII;IXXXYIIIIIIXZY;IXXXZXIIIIIIYY;IXYIIXZYIIIXXI;IXYXZZYIIIZIII;IXZXZIIIIIXZXI;IYYIIXXIXZXIII;IYZXIIXZIZYIII
2131,11,0.020343829581775975,415.59805300123344,IXXIYZYIIIIXXI;IXXXZXIIIIXXII;IXXXZYIIIIYXII;IXXYXIIIIIIXZY;IXYIYYIIIIXZYI;IXZXYZYIIIIZII;IXZYIIIIYYIXYI;IXZYIIYYIIIXYI
2132,12,0.03112824674759254,644.4502563644712,IXXIZIIYZZYIII;IXXZIIIIIIYZZY;IXYIIIIIYZIZZX;IXYIIIIIYZYIXY;IXYYYIIIIXZYII;IXZYIIIIXZYZII;IXZYIYYIIIXYII;IYXIIIIYXIYZYI
2133,14,0.007392713101824158,212.3344947492365,IXYIIIIIIXZXXY;IXYIIIIIIXZXYX;IXYIIIIIIXZYXX;IXYIIIIIIXZYYY;IXYIIIYYYZXIII;IXYIIIYZXYYIII;IXYIXZXIIYXIII;IXZYYZXIIIIIIZ
2134,10,0.03401469506030874,1190.313801383957,IXYIIIIIXXIXZY;IXYIIIIIXXXZYI;IXYIIIIIZIXZZY;IXYIIIIXXIIXZY;IXYIIIYXIXZXII;IXYIIXXIIIIYZX;IXYXXIIIIIYZXI;IXZXIIIIIIYXXY
2135,12,0.016239089651306885,260.1618151293333,IXYIIIIIXYXZXI;IXYIIIIIXZXIYX;IXYIIIIYXIIYZY;IXYIIXZZYIIIZI;IXYIIYZYIXYIII;IXYIXZXIIXYIII;IYXIIIIYIZZZXI;IYXIIIIYXIIYZY
2136,11,0.01623908965130689,401.56151369562394,IXYIIIIIXZYYYI;IXYIIIIIYZXIYY;IXYIIIIIYZXYYI;IXYIIIXZZIZYII;IXYIIXXIXZYIII;IXZXIIIYYXXIII;IXZYIIIYXYYIII;IYZIZXIIYZXIII
2137,14,0.029016643985818158,584.0245391482102,IXYIIIIIYZXXXI;IXYIIIIIYZYXYI;IXYIIIIIYZZXZI;IXZYIIIIIIXYXX;IXZZXIIIXXIZII;IXZZXIIXXIIIIZ;IYXIIIIIXZYYYI;XYIIIIIIXZXIXY
2138,10,0.03420159665486193,550.7663215670954,IXYIIIIIZIYZZX;IXYIIIIXZXIYXI;IXYIIIIYXIIXZX;IXYIIIIYZYIXYI;IXYIIIXYIIXZXI;IXYIIYZZXIIIIZ;IXZZZXIIIIZZII;IYXIIIZIIYZZXI
2139,10,0.025349390935245627,425.556707939299,IXYIIIIYXXZXII;IXYIIIIYYXZYII;IXYIIIYYIIYZXI;IXYIIZIIIIXZZY;IXYIIZIIYZZXII;IXYIXZXIIIIIYX;IXZXIIYZIZYIII;IYYIIIIIYZYXXI
2140,13,0.25486286376010164,3739.804193017352,IXYIIIIYZZIZXI;IXYIIIIZIIXZZY;IXYIIIXZXIIXYI;IXYIIIZIIXZZYI;IXYIIIZIXZZYII;IXZXIIXYIIIYXI;IYIXIIXZZZYIII;XXIIIXZXIYYIII
2141,12,0.025976449686337787,489.4097764025907,IXYIIIXZXXYIII;IXYIIIYZXXXIII;IXYIIXXIIIYZXI;IXYIIXYIIIXZXI;IXYIYXIIIIIXZX;IXZYIIIIXYIXXI;IXZYIIIYXIIXXI;IXZYIYXIIYYIII
2142,15,0.036195253295210686,782.5012642595053,IXYIIIXZZYZIII;IXYIIIYZXIIIYY;IXYIIIYZYIIYXI;IXYIIXYIIIYZYI;IXYIYZXIIIIXXI;IXZZIZXIIIYYII;IYXIIYZZXIIIIZ;IYZZYIIIIIZIXX
2143,11,0.00747616209356425,180.2298410520218,IXYIIXZYIIIYYI;IXYIIXZYIIYYII;IXYIXZYIIIIYYI;IXYIYXIIIIXZXI;IXZYIIXIZZYIII;IYXIIIIIIXXXZY;IYXIIIYXIIXZXI;XZZXIIIIYYIIIZ
2144,10,0.022657981241038492,379.5627702324958,IXYIIXZZZIYIII;IXYIIYYIIIIXZY;IXYIIYYIYZXIII;IXZYIIIIIXXXYI;IXZZXIIIIIZIYY;IYIZZXIIIYZXII;IYXIIIXZXIIXYI;IYYIIIXXIIXZXI
2145,12,0.01207400963001326,472.835550676844,IXYIIYZZZIXIII;IXYIZIIXZZYIII;IXYYZYIIIIIIYX;IXZIZZXIIYYIII;IXZYYXIIIIIIYY;IXZZYIIIYXIIZI;IYXIIIXZYXXIII;XXIIIIXZXIIYYI
2146,15,0.05892624315822052,2842.5564940461604,IXYIYXIIYZYIII;IXYXZYIIIIYYII;IXYYZXIIIIXXII;IXZYIIIIXZYIZI;IXZZXIIIIIIZXX;IXZZXIIIIXZIXI;IXZZXIIXXIZIII;IYZZXIIIZIIIYX
2147,10,0.25747940601776503,4959.223082749817,IXYXZXIIIYXIII;IXZIXIIIXZZXII;IXZYIIIIIIXYYY;IXZYIIIYXIIIYY;IXZYIXYIIIIIYY;IXZYIYXIIXXIII;IXZZXIXXIIZIII;IYZYIIIIXIZZXI
2148,10,0.01809725284891697,340.2572103146872,IXZIXIIXZZXIII;IXZIZZXIIXXIII;IXZXIXYIIIIXYI;IXZYIIIIIIXXXY;IXZYXYIIIIXXII;IXZZIZXIIIIIXX;IXZZXIIIYYIZII;IYXIIIXZIZZYII
2149,10,0.030780037851568742,531.1604971072298,IXZIYIIIIIXZZY;IXZXIIIIXIZZXI;IXZXIIIIXYIXYI;IXZYIYXIIIIXXI;IXZZXIIIIIYZIY;IXZZXIIIIZIIYY;IXZZYIIIIXZIYI;IXZZYIIIIYXZII
2150,11,0.035224663123984465,625.4137555236256,IXZXIIIXXIIIYY;IXZXYXIIIXYIII;IXZXYYIIIXXIII;IXZXYYIIIYYIII;IXZYIIYZXIZIII;IXZZXIIIZIIIYY;IXZZXIIIZIIYYI;IYXIXZYIIIIIYY
2151,11,0.040544010098728545,812.0315261349076,IXZYIIIIIYZZIX;IXZYIIIIZIIXZY;IXZYIIIYYIXYII;IXZYIIXZIZYIII;IXZYIIXZYIIZII;IYXIXZXIIIIIYX;IYYIIYZYIIIIXX;IYYIYZZYIIIIZI
2152,16,0.020905748922333784,491.62772031349317,IXZYIIIYYIIIYX;IXZYIIXXIIIYXI;IXZYIIXZYIIIZI;IXZYXXIIIIXYII;IXZYYXIIIIYYII;IXZYYYIIIIXYII;IXZZIZXIIIIIYY;IYYIIIIYXIIYZX
2153,13,0.017461745487640942,434.54122595954163,IXZYIIIYYIIYXI;IXZYIIZIYZXIII;IXZYIYZXIIIZII;IXZZIZXIIIXXII;IXZZYIIYXIIIIZ;IYXIIIIIYZXIXX;IYXIIYZXIIIIYY;IYYIIIIIYZXIXY
2154,9,0.025277099447729656,447.21187809594545,IXZYIIIZYZXIII;IXZYIXXIIIIIXY;IXZYXXIIIXYIII;IXZZXIIIYYIIZI;IYXIIIIZXZZYII;IYXIIZIIIIXZZY;IYXIYZYIIIIIYX;IYYIXZYIIIXYII
2155,11,0.010546421825021876,276.786136989624,IXZYIIXZYIZIII;IXZYIXZYIIIZII;IXZYYYIIIIIYXI;IXZZXIIIIIYYIZ;IXZZYIIIIZYXII;IYIZZYIIIXZXII;IYXIIIIYYIXZYI;IYXIYZXIIIIIYY
2156,13,0.039316561234991644,732.4521251706891,IXZZIXIIYZYIII;IXZZIZXIIYYIII;IXZZYIIZIIIXYI;IXZZYIXYIIIZII;IYXIIXZYIIIXXI;IYXIIXZYIIIYYI;IYXIIYZZIZXIII;IYZXIIIXYIIYYI
2157,9,0.036906457742955756,622.2020375277816,IXZZXIIIIYZIYI;IXZZXIIIIZXXII;IXZZXIIXIZXIII;IXZZXIZIIIIIYY;IYXIIIIIYZXIYY;IYXYYIIIYZXIII;IYYIIIIIXZXIYY;IYZXIYYIIIIIYX
2158,11,0.0862163040261127,1519.328715899616,IXZZXIIIIZIYYI;IXZZXIIIZIIXXI;IXZZXIIXZIXIII;IXZZXZIIIIIXXI;IYXIIIIIIZXZZY;IYYIIIYYIXZXII;IZIYYIIIIXZZXI;XXIIZIIIIXZZXI
2159,10,0.06880714524171562,936.9662937940498,IXZZXIZIIIYYII;IXZZYIIIIZXYII;IXZZYIXYIIIIIZ;IYIXIIIIYZZZXI;IYXIIIIIYZZXZI;IYXIIIXYIYZYII;IYXIIXZZYIIIIZ;IYYIYZYIIIIIXX
2160,11,0.030780037851568742,544.3580519198265,IXZZYIIIIZIIXY;IXZZYIYXIIIZII;IYIZZYIIYZYIII;IYXIIIIIYZIZZX;IYXIIIIIYZYIXY;IYXIIIZIXZZYII;IYXIYZXIIIIXXI;IYZXIYXIIIXXII
2161,11,0.019423685316512458,469.58795718484305,IXZZYZIIIIIYXI;IYXIIIIIIYZYXY;IYXIIIIIYXIXZX;IYXIIIIXZXXYII;IYXIIIIYZYIYXI;IYXIYZYIIIIIXY;IYZXYXIIIIIXXI;IYZZYIIXXIIIZI
2162,10,0.026858566737748276,517.6704877371913,IYIZZZXIIIYXII;IYXIIIIXYIXZXI;IYXIIIIXZYIIYY;IYXIIIXXXZYIII;IYXYZYIIIIIXYI;IYZXIIIZYZXIII;IYZZXIIIIXIZYI;XZZYIIIZIXYIII
2163,10,0.04338493400530802,712.9633437031964,IYXIIIIIXYIYZY;IYXIIIIYYXZYII;IYXIIIXZXIIIYX;IYXIIYYIYZXIII;IYXIIYZZXIIIZI;IYXXZYIIIYYIII;IYZXIIIXXXYIII;XXIIIIIIYXIXZY
2164,9,0.02169246700265401,355.65095157715797,IYXIIIIXXIIYZX;IYXIIIIXZXIYXI;IYXIIIIXZZYZII;IYXIIIXYIXZXII;IYXXYIIIIIYZYI;IYZXIIYXIIIYYI;IZIIIIIIYZXYZX;XXIIXXIIIIIYZY
2165,13,0.06432558267671681,1829.5697408939716,IYXIIIIXXYZXII;IYXIIIXZXIIYXI;IYXIIYXIIIIXZX;IYXIZIIIYZZXII;IYXXZXIIIIXYII;IYYIIIIYXXZYII;IYYIIYXIIIIYZX;IYYIIZIIXZZXII
2166,12,0.0276551300969041,679.8984158560795,IYXIIIIXYIYZYI;IYXIIIZIYZZXII;IYXIIXZYIIYYII;IYXIIYYIIYZXII;IYXIYZZXIIIIIZ;IYZXIIXIZZYIII;IZIIIIIXZYIYZX;XXIIIIIYZZZIYI
2167,14,0.238545867709458,3024.7679858504325,IYXIIIXZYYYIII;IYXIIXYIIYZYII;IYXIIXZZZIYIII;IYXIIYZIZZXIII;IYYIIIIIYXYZXI;IYYIIIIYZXIYXI;IYYIIIIYZZYZII;IYZZZIYIIIIXXI
2168,11,0.06358064755205849,1609.3180966750656,IYXIIIYYIYZXII;IYXIXXIIIIXZYI;IYXIXYIIYZYIII;IYXXXIIIIYZXII;IYYIIIIIZYZZYI;IYYIIIXZZZIXII;XXIIIIXZZXZIII;XZYIIIIIIYZIZX
2169,14,0.03507563613363912,1091.5797057191667,IYXIIYZXIIXXII;IYXIXZYIIIYYII;IYXIYZYIIYXIII;IYXIZIIIIIYZZX;IYXXZYIIIIXXII;IYYIIIIXZZIZXI;IYZXIIIIYZIZXI;XXIIIXZXIXXIII
2170,10,0.02264020563903482,562.9123770620655,IYXIIYZZZIXIII;IYXIYYIIIIIYZX;IYXXYIIIYZYIII;IYYIIIIXZXXXII;IYYIIXYIYZXIII;IYZXIIIIYYIYXI;IYZZYIIIIIYIZY;XYIIYZXIIIIIXX
2171,12,0.02895689256468073,756.7444276464961,IYXIXZXIIIYXII;IYXIYZYIIIYXII;IYYIIIIIIYZXXY;IYYIIIIIXXYZYI;IYYIIIIIXZXXXI;IYYIIIZIIIXZZX;IYYIYZXIIXYIII;XXXXIIIIIIIYZY
2172,13,0.02185433269001491,547.000851768513,IYXXZZYIIIIZII;IYXYYIIIIIYZXI;IYYIIIIIIYZYYY;IYYIIIXZXIIIYY;IYZXIIIIYYXYII;IZIXYIIIIIXZZY;XXIIIIIIIYXXZY;XXIIIIIIXZYYXI
2173,14,0.03249314293973425,1318.6903163332527,IYYIIIIIIXZZXZ;IYYIIIIIXYIXZY;IYYIIIIIXZYXYI;IYYIIIIIYXXZYI;IYYIIIXYIIXZYI;IYZIXIIIIXZZYI;IZYXIIIIIXZZYI;IZYZZXIIIXYIII
2174,15,0.041962010325897844,1201.6205095666564,IYYIIIIIIYZYXX;IYYIIIIXIZZZXI;IYYIIIIXXIIXZX;IYYIIIYYYZYIII;IYYIIIZYZZYIII;IYYZIIIIIYZZYI;IYZXIIIIIIXXYX;IYZXIIIIIXYXXI
2175,11,0.006165950339302818,141.3818062545762,IYYIIIIIXXIYZY;IYYIIIIXXIYZYI;IYYIIIIXZXIYYI;IYYIIIZIIXZZXI;IYYIIYXIIXZYII;IYZXIXXIIIIIXY;XXIIIIXZYIIXYI;XXIIIYZZYIIIZI
2176,11,0.0169081968895365,453.1649335505382,IYYIIIIXYIIXZY;IYYIIIIXYIYZXI;IYYIIIIXZZXZII;IYYIIIIZXZZXII;IYYIXZXIIYYIII;XXXZXIIIIIIIXX;XXXZXIIIIYYIII;XYIIIXXIIIXZYI
2177,12,3.121277644966797,26469.175009775543,IYYIIIIXZYIYXI;IYYIIIXYIXZYII;IYYIIYZXIIIIXY;IYYIIYZXIIIYXI;IYYIYZXIIIIYXI;IYYXZYIIIIIIXY;IYZXIIXZYIIIZI;XXXZYIIIIIIYXI
2178,11,0.03097468470487801,627.6117333185824,IYYIIIXZXIXXII;IYYIIIYZXIYXII;IYYIIXZXIIIXXI;IYYIIYZXIIIXYI;IYYIXZXIIXXIII;IYZIZZXIIIXYII;IYZXIIIIIIZXZY;IYZXXYIIIIIYYI
2179,10,0.038180983282109816,843.4589815423867,IYYIIXZXIIXXII;IYYIIYZZYIIIIZ;IYYIXZXIIIYYII;IYYIYYIIIIXZXI;IYYXYIIIIXZYII;IYZZYIIZIIIIYY;XXXZYIIIIIIXYI;XYIIIYZYIIIIXY
2180,10,0.06707661930712362,1179.097878328699,IYYIIYXIIYZXII;IYYIXYIIIIIXZY;IYYYZZYIIIIIZI;IYZXYYIIIIYXII;IYZZXIIIIZIXYI;IYZZYIIIZIIYYI;XXIIIIIIIXZXYY;XYIIIIXYIIXZXI
2181,11,0.033623932174143695,572.6657162324481,IYYIXXIIIIXZXI;IYZXIIIIIIXZYZ;IYZXIIIIXXIYXI;IYZXIYXIIIIIXX;IYZXZIIIYZXIII;IYZZXIXYIIIIZI;XYIIIIXIZZZYII;XZYIIYZXIIIIIZ
2182,11,0.03626698247991855,1138.111676662473,IYYXYIIIIIIYZX;IYZIZZYIIXXIII;IYZXIIIIXZYIIZ;IYZXIYXIIIIYYI;IYZZXIIIZIYXII;IYZZXIZIIIIIYX;IYZZYIYYIIZIII;XZYIIIIYXIIYYI
2183,10,0.01547678437118642,390.17514240696556,IYYYYIIIIIYZYI;IYZXIIIIIIYXXX;IYZXIIIIIXXIXY;IYZXIIIIIXYIYY;IYZYYZYIIIZIII;IYZZXIIYXIZIII;XXIIIIIIXZYXYI;XYIIIIIIXXIYZX
2184,12,0.040544010098728545,832.0696023289916,IYZXIIIIIXZYIZ;IYZXIIIIXYIIYY;IYZXIIIIXYYYII;IYZXIIIIZIIXZY;IYZXXYIIIIXXII;IYZXZIIIIIXZYI;IYZZXIIIIYZIXI;IYZZYIIIZIYYII
2185,13,0.029684957492163346,528.2184884212033,IYZXIIIIXYXXII;IYZXIIIIYZXIZI;IYZXIIZIYZXIII;IYZXZIIIIIIXZY;IYZZYZIIIXXIII;IZXZXIIIXZXIII;XXIIYYIIYZYIII;XZYIIIIIYYYXII
2186,15,0.016661174499147984,469.3620192237063,IYZXIIIIYYIIYX;IYZXIIYYIIIIYX;IYZXIIYYIIIXYI;IYZYIIIIXZXIZI;IYZZXIIIIYXIZI;XXIIIIIIXXIXZX;XXIIIIIXZYYXII;XXIIIIYZXIYXII
2187,14,0.055220757758959974,2083.365316528506,IYZXIIXYIIIIXX;IYZXIIYZXIZIII;IYZXIIYZZIXIII;IYZZYIIIIYYIZI;IYZZZIXIIIIIYX;XXIIIIYYYZYIII;XYIIIIIXZIZZYI;XYIIIIZIIIYZZX
2188,11,0.02303969123046484,542.7327412135772,IYZXIZIIIXZYII;IYZYIIIIIIXYYX;IYZZXIIIIIIZYX;IYZZYZIIIIYYII;IZIIYYIYZZYIII;XXIIIIYIZZZYII;XXIIIXZZXIIIIZ;XXIIIXZZXIIIZI
2189,11,0.040544010098728545,675.0910068542964,IYZXXXIIIIIIXY;IYZYZIIIYZYIII;IYZZXIIIIYXIIZ;IYZZXIIIXYIIZI;IYZZXXYIIIIIIZ;XXIIIIIIIXYXZY;XXIIYZZYIIIIZI;XZYIIIIIIZYZXI
2190,10,0.03958617393554076,624.0718205678955,IYZYYZYIIIIZII;IYZZXIIIZIIIXY;IYZZXIIZIYXIII;IYZZYIIIIZIYYI;XXIIIIIXYXZYII;XXIIIIIYXXZYII;XXYZXIIIIIIIXY;XXYZXIIIIYXIII
2191,11,0.036343265590970474,666.8842895193775,IYZZXIIIZIIXYI;IYZZXIZIIYXIII;IYZZXZIIIIIYXI;IYZZYIIIIIZXXI;IYZZYIIIIYYZII;XXIIIXYIIXZYII;XXIIIXYIXZYIII;XYIIIYYIIYZXII
2192,10,0.03383668557615714,615.9775146093965,IYZZXIIZIIXYII;IYZZYIIIIXZIXI;IYZZZXIIIYIXII;IZIIIYZZXIIXYI;IZYZXIIIIIYZXI;XIZZZYIIIXYIII;XXIIIIYZYIYYII;XXIIZIIIIYZZYI
2193,12,0.061310226510235134,844.699043631934,IYZZYIIIXXIIIZ;IYZZYIIIZIIIXX;IZIIIIXYIIYZZX;IZIIIIYYIIXZZX;IZIIIYZYIIIXZX;IZIXXIIIIYZZYI;XXIIIIIXZYIIXY;XXYZXIIIIIIIYX
2194,13,0.03824354050659562,610.1093547669946,IYZZYIXXIIIIZI;IZIIIXYIIIYZZX;IZIXYIIXZZYIII;IZIYZZXIIIIXYI;IZIYZZXIIIIYXI;IZYZZXIIIIIYXI;XXIIIYIZZZYIII;XZYIIIIXXXYIII
2195,10,0.02169246700265401,307.5382806669363,IZIIIXZZYYXIII;IZIIIYXIIIXZZY;XXIIIIIIXZYIYX;XXIIIIIIXZZXIZ;XXIIIIYYIYZYII;XXIIIIZIIYZZYI;XXIIYYIIIIIYZY;XYIIIIIYZXXXII
2196,12,0.25386750746011405,3634.7633599560404,IZIIXZZYIIYXII;IZIIYYIIIIXZZX;IZYYIIIIIIXZZX;XIZXIIIIIIXZZX;XXIXZYIIIYXIII;XXIYYIIIIIXZXI;XZZXIIIXIZXIII;YXIIIIIIXZXIYX
2197,14,0.24746977680396431,3718.2743696800503,IZIIZIIIXZZZXI;IZXZZXIIIXXIII;XIZZZXIIIIYYII;XXIIIIIIYYXZXI;XXIIIIZIIXZZXI;XXIIXXIIIIIXZX;XXIIYXIIIIIXZY;XZYIIIIIYYXYII
2198,13,0.029743913862267678,771.6549933729987,IZIYZZXIIIIIYX;XIZZXIIIIYZYII;XIZZZXIIIYYIII;XXIIIIIIIXZXXX;XXIIIIIIXZXIXX;XXIIIIIIXZXIYY;XXIIIIIIXZZXZI;XYIIXZXIIIIIYX
2199,11,0.2420468795875093,4001.414028375569,IZYZZYIIIIIIYY;XIZZYIIIIIXZYI;XXIIIIIIIXZYYX;XXIIIIIIIYZXYX;XXIIIIYZXIIIYX;XXIIXZYIIIIIXY;XXIYZXIIIIIIYX;XYIIIIIXZZYIZI
2200,10,0.24331780518648405,5106.107682296046,XIZYIIIIIYZZXI;XIZZYIIIIIYZXI;XIZZZYIIIIIYXI;XXIIIIIIYZYIXX;XXIIIIIIYZZYIZ;XXIIIIIXYIIXZY;XXIIYXIIIIXZYI;XYIIIIIYZYIIXY
2201,14,0.015498776305050138,405.7666464425951,XXIIIIIIIYXYZX;XXIIIIIIIYZYXX;XXIIIIIIXXYZYI;XXIIIIIIYZYIYY;XXIIIIIXZXYYII;XXIIIIYZXXYIII;XXIIIXZXIIIIYY;XXIXXIIIYZYIII
2202,20,0.12763091326860146,3633.11945728826,XXIIIIIIIZYZZY;XXIIIIIIXYYZXI;XXIIIIIIXZZZIX;XXIIIIIYYIXZXI;XXIIIIXZXIIIXX;XXIIIXZXIIXXII;XXIIIYZYIIIIXX;XXIIXZXIIIIIXX
2203,10,0.025306675748579144,437.2197052994489,XXIIIIIIXZIZZX;XXIIIIIIXZZIZX;XXIIIIYZYIIIXX;XXIIIYZZYIIIIZ;XXIIYZZYIIZIII;XXIYZZYIIIZIII;XZXIIYXIIIYXII;XZYIIYXIIIXXII
2204,12,0.05668418701339798,1677.3647795564175,XXIIIIIIYXYZXI;XXIIIIIIYYYZYI;XXIIIIIIZYZZYI;XXIIIIIZIIXZZX;XXIIIIXIZZZXII;XXIIIIXXIIIXZX;XXIIIIYXIIIYZX;XXIIIIZYZZYIII
2205,14,0.02529129312762749,477.3850228150936,XXIIIIIIYZXIXY;XXIIIIIXXIIYZY;XXIIIIIYZYIXXI;XXIIIIXYIIIYZX;XXIIIXXIIIYZYI;XXIIIYZYIIXXII;XXIIYXIIXZYIII;XXXYIIIIIXZYII
2206,15,0.09466445409561404,3886.0684551716013,XXIIIIIXXIXZXI;XXIIIIXXIIIYZY;XXIIIIXZXIXXII;XXIIIXXIXZXIII;XXYZYIIIIIIIXX;XYIIIIIYYIXZYI;YXIIIIYYIIIYZX;YYIIIIXXIIIYZY
2207,12,0.01965666133750852,574.9447015456622,XXIIIIXYIXZYII;XXIIIIXZXIYYII;XXIIIIYXXZYIII;XXIIXYIIIIIYZX;XXIIXZXIIIXXII;XXIXYIIIIYZXII;XXXZZXIIIIIIZI;XYIIIIXZYIIYYI
2208,9,0.040438077168827115,840.741252581039,XXIIIIXZIZZXII;XXIIIIXZXYYIII;XXIIIIXZZZIXII;XXIIIXZXIIIIXX;XXIIXZZXIIIIZI;XXIYXIIIIIIXZY;XZYIIIIYZXIZII;XZZXIIIIZIIYYI
2209,12,0.030780744298681106,613.8380279405462,XXIIIIYXIIYZXI;XXIIIXIZZZXIII;XXIIIXZXIIYYII;XXIIIYZYIYYIII;XXIIIYZZIZYIII;XXIXZXIIIIXXII;XXYYIIIIIXZXII;XZZZIXIIIXXIII
2210,11,0.02600390593951793,664.427262448524,XXIIIIYYIIIYZY;XXIIIYXIIIIYZX;XXIIXYIIIXZYII;XXIIXZYIIIIXYI;XXIXZYIIIIIXYI;XXIYXIIIIIYZXI;XZXIIXYIIIYXII;XZZIYIIIIYZXII
2211,15,0.025256736987279947,519.0223264664742,XXIIIIYYIXZXII;XXIIIYYIIIXZXI;XXIIXYIIIIIXZY;XXIYZZYIIIIIZI;XYIIIIIIIYZXYY;XYIIIIXYIIIXZX;XYIIIIZIXZZYII;XYYZYIIIIIIYXI
2212,11,0.03818098328210982,775.809619065606,XXIIIYZXIIIYXI;XXIIXXIIIIXZXI;XXIIXZYIIIIYXI;XXIZIIIXZZXIII;XYIIIIIIYZXIYY;XZIXIIIIIXZZXI;XZIYIIIIIYZZXI;YXIIIYYIYZXIII
2213,12,0.01547678437118642,235.45216842514566,XXIIIZIIYZZYII;XXIIXZYIIIYXII;XXIIYZXIIXYIII;XXIYXIIIIIXZYI;XYIIIIIIYZYYXI;XYIIIXYIIIXZXI;XYIIZIIIXZZYII;XYIYYIIIIXZYII
2214,14,0.09928884263067747,2823.2045100888986,XXIIXYIIIYZXII;XXIIYYIIIXZXII;XXIZIIIIIIXZZX;XXXYIIIIIIXZYI;XXZIIIIIIIXZZX;XYIIIYZXIIXXII;XYIIIZIXZZYIII;YXIIIXZYIIIIXX
2215,12,0.011289501489503393,311.21669488406326,XXIIYXIIIIIYZX;XXIIYZYIIIIIXX;XXIXYIIIXZYIII;XXIYZXIIIIIYXI;XXIYZYIIIIIIYY;XYIIIIIIYZYIYX;XYIIIIYZYIIIYX;XYIXZXIIIIIIXY
2216,10,0.05539689235974777,1466.2641823673916,XXIIYZYIIIYYII;XXXZXIIIIIIXXI;XXYXIIIIIIIYZX;XYIIIIIIXYIXZX;XYIIIIIYXIIXZX;XYIIYZYIIIYXII;XZYIIXYIIIIIXX;XZZYIIIIIIIZXY
2217,11,0.02970591950823831,697.3833638649196,XXIXZZXIIIIZII;XYIIIIIIIXZXYX;XYIIIIIIIYZXXX;XYIIIIIIIYZYYX;XYIIIIZIIIXZZY;XYIXZZYIIIZIII;XZZYIIIXYIIIIZ;YXIIIIZYZZXIII
2218,9,0.015996235843886004,492.7637149692995,XXIYZYIIIIIXXI;XYIIIIIIXYXZXI;XYIIIIIIXZXYXI;XYIIIIIXXIIXZY;XYIIIXZZZIYIII;XZYIIIIIIXXXYI;XZYIIIIIXXIXYI;IIIIYXIYXIIIIZ
2219,13,0.2965456240233779,6603.700564522965,XYIIIIIIIYXYZY;XYIIIIIIXYIYZY;XYIIIIIIXZIZZY;XYIIIIIIYZZZIX;XYIIIIYZYXYIII;XYIIIIYZZIZXII;XYIIXZYIIIIIXX;XYYZXIIIIIIIXX
2220,11,0.03139794749079476,542.2303674027424,XYIIIIIIXXXZYI;XYIIIIIIXZXXYI;XYIIIIIIXZYXXI;XYIIIIIIYZXXXI;XYIIIXYIIIIYZY;XYIIIYXIIIIYZY;XZZZYIIIIIIYIX;YXIIIXXIIIIYZX
2221,13,0.026042295398229432,542.0624151385967,XYIIIIIIXZYIXX;XYIIIIIIYXIYZY;XYIIIIIIYZYIXY;XYIIIIIXZXYXII;XYIIIIIXZZIZYI;XYIIIIXXIIXZYI;XYIIIIYZZXIZII;XYYYIIIIIIXZYI
2222,17,0.06489478206503954,1881.3713233285748,XYIIIIIIXZYYYI;XYIIIIIIZIXZZY;XYIIIIIXIZZZYI;XYIIIIIYZXIXXI;XYIIIIIYZYIIYX;XYIIIIYXIIIXZX;XYIIIXZYIIIYYI;YXIIIIIIXZYYYI
2223,15,0.02585246647722369,744.1708087102592,XYIIIIIIYZXIXX;XYIIIIIIYZZXIZ;XYIIIIIXYIYZYI;XYIIIIYXIIXZXI;XYIIIYZXIIIXXI;XYIIXYIIIIIYZY;XYIYXIIIIIYZYI;XYXYIIIIIIYZYI
2224,20,0.014741351913131603,711.8353094367523,XYIIIIIXXIIYZX;XYIIIIIXZXIIYX;XYIIIIIYXIIYZY;XYIIIIXZXIYXII;XYIIIIXZZYZIII;XYIIIIYZIZZXII;XYIZIIIIYZZXII;YXIIIIIXZXIIYX
2225,11,0.02895572774099423,578.7210850316918,XYIIIIIYYIIYZX;XYIIIIIYZXIYYI;XYIIIIIYZYYXII;XYIIIIYYIIIXZY;XYIYXIIIIIXZXI;XZYIIIIYXIIXXI;XZZXIYYIIIIZII;YXIIIIIXZXIIXY
2226,12,0.02613160919835419,449.4876304258274,XYIIIIIYYYZXII;XYIIIIIZIYZZXI;XYIIIIXZXIIIXY;XYIIIXZXIYXIII;XYIXXIIIIXZYII;XYIXZYIIIIYYII;XYXZZYIIIIZIII;YXIIIYZYIIIIYX
2227,11,0.0552422077212511,1632.6209682930046,XYIIIIIZIIYZZX;XYIIIIXYIIYZYI;XYIIIIYZXYYIII;XYIIIIYZYIXYII;XYIIIYXIIIXZXI;XYIXZXIIIIIYXI;XZYIIIIIIYXXXI;XZYIIIYXIIIYYI
2228,11,0.08524011368501416,2421.6904415688655,XYIIIIXZIZZYII;XYIIIIXZXIIYXI;XYIIIIXZZYIZII;XYIIXZXIIYXIII;XYIIZIIIIIYZZX;XZYIXYIIIIIXXI;YXIIIIIZIIXZZY;YZXIIIIZIIXZYI
2229,13,0.00764726867762635,228.7850274250952,XYIIIIZIYZZXII;XYIIIXXIYZXIII;XYIIIXZYIIYYII;XYIYZXIIIYYIII;XYXZXIIIIIIIXY;XZXIYYIIIIXXII;XZYIIIYYIXYIII;XZYYYIIIIIYXII
2230,12,0.24269834069090485,4265.292206892778,XYIIIXYIIIIXZX;XYIIIYZXIXXIII;XYIIIYZZXIZIII;XYIIXXIIIIYZXI;XYIIXZYIIIIXXI;XYIIYYIIIIIYZX;XZZZIXIIIIIXXI;YXIIIIIYZYIIXY
2231,11,0.026415834211935794,660.2090618681926,XYIIIYZYIIIYXI;XYIIYZXIIXXIII;XYIIYZYIIYXIII;XYIIZIIYZZXIII;XYIYZYIIIIIYXI;XYYZXIIIIIYYII;XZYIIIIIIIYXXX;YIZZXIIIIIIYZX
2232,12,0.01366211116231662,302.89418866910546,XYIIXZZYIIIIIZ;XYIXZYIIIIIXXI;XYIXZZYIIIIZII;XYYZXIIIIYYIII;XYYZZXIIIIZIII;XZYIIIIXXIXYII;XZYYYIIIIIXYII;XZZYIIIXIZYIII
2233,9,0.06724786434828739,1026.6684871358084,XYIYXIIIIXZXII;XYXZYIIIIIIXXI;XZIXIIIIIIXZZX;XZIXIIIIIIYZZY;XZIXIIIIIYZZYI;YXIIIIYZXIIXXI;YYIIIXYIIXZYII;YZZYIIIIZIIXXI
2234,12,0.033623932174143695,581.1669002251139,XYIYYIIIIIIXZY;XYXZYIIIIIYYII;XYYZZXIIIIIIZI;XZIYIIIIIIXZZY;XZYIIIIIIIXZYZ;XZYZIIIIIIXZYI;YXIIIIIZYZZXII;YXIIIIYYIYZXII
2235,10,0.07636230880568458,1473.4052465633508,XYXZYIIIIIXXII;XZXIIIIYZYZIII;XZYIIIIIIIYYYX;XZYIIIIIIXZYIZ;XZYIIIIIIXZYZI;XZYIIIIIYYIIXY;XZYIIXYIIIXXII;XZZYIIIIXYZIII
2236,16,0.03193176733184503,494.4658372787797,XYYZZXIIIIIZII;XZXIIIIIIXZZIX;XZYIIIIIIIYXYY;XZYIIIIIIYXYYI;XZYIIIIIIYYXYI;XZYIIIIIIYYYXI;YYXZZXIIIIZIII;YZXIIIIIIIXYYY
2237,13,0.2533901675951358,3212.0410202116846,XZXIYXIIIYXIII;XZXYYIIIIIXXII;XZYIIIIIIXXYXI;XZYIIIIXZYZIII;XZYIYYIIIIIYXI;XZZIZXIIIIXXII;YXIIIIIIIZYZZX;YXIIIIXXIIIXZY
2238,7,0.03150732742907581,529.5579118948534,XZYIIIIIIXYYYI;XZYIIIIIXZZIYI;XZYIIIIIYYIXYI;XZYIIIYIZZXIII;XZYIIIYYIIIIYX;XZYIIIZIIIYZXI;YZXIIIXXIYXIII
2239,10,0.040544010098728545,705.9261230851938,XZYIIIIIIZXZYI;XZYIIIIIYXIIXX;XZYIIIIYXYYIII;XZYIIXZYIIIZII;XZYIYYIIIIYXII;XZYXYIIIIIIIYY;YXIIIYZYIIYXII;YYIIIZIXZZXIII
2240,11,0.03275528147598393,646.3962492102372,XZYIIIIIYXIXXI;XZYIIIIIYYIYXI;XZYIIIIIZYZXII;XZYIIIIZIIXZYI;XZYIIYZXIIZIII;YXIIIIIIXXIXZY;YXIIIIIIXYIYZY;YXIIIYIZZZXIII
2241,10,0.025914072042533806,541.6042240526848,XZYIIIIXXIIXYI;XZYIIIIXXYXIII;XZYIIIXXIIIXYI;XZYXXIIIIIIXYI;XZYYYIIIIIIYXI;XZZXIIIIIIYYIZ;YXIIIIXXXZYIII;YXIIXYIIIXZXII
2242,12,0.014344258552175292,169.35116221488565,XZYIIIIXZYIIIZ;XZYIIIIXZYIIZI;XZYIIIIYXIXXII;XZYIIYZXIIIZII;XZYIXZYIIIIIZI;YXIIIIYZZXIIZI;YXIIIXZXIIYXII;YXIIIZIIYZZXII
2243,10,0.055220757758959974,1604.5403830190457,XZYIIIIYXIIIXX;XZYIIIIZIIIYZX;XZYIIZIIIXZYII;XZYIYZXIIIZIII;XZZYIIIIIIXYIZ;YXIIIIIYZXIYYI;YXIIIIZIIIXZZY;YXIIIYYIIIIXZY
2244,10,0.031186320376901493,615.4617538962251,XZYIIIIZIYZXII;XZYIIIXYIIIYYI;XZYXYIIIIIIXXI;XZYZIIIIIIYZXI;YIXIIIIIIXZZZY;YXIIIIIIIYZXXX;YXIIIIIIYZXXXI;YXIIIIXZYIIIXX
2245,13,0.023763698911001174,524.7959316887401,XZYXYIIIIIIIXX;XZYZIIIIIIIYZX;XZZIXIIIIIIYZY;XZZXIIIIYYIIZI;XZZXIIXXIIIIZI;XZZXXXIIIIZIII;XZZYIIZIIXYIII;XZZYZIIIIIIIXY
2246,12,0.09392017677699567,2086.650412384801,XZYYXIIIIIIYYI;XZZIZXIIIIYYII;XZZIZXIIIYYIII;XZZIZYIIIIXYII;XZZIZYIIIYXIII;XZZXIIIZIIIIYY;XZZXIIZIIIIIYY;XZZYIIZIIIIIXY
2247,12,0.2548264249747404,3679.8651381980594,XZZIZXIIIXXIII;XZZIZYIIIXYIII;XZZXIIIIXXIIIZ;XZZXZIIIIIIYYI;XZZYIIIIYXIIZI;YXIIIIIIIYZYYX;YYIIIIIIIYZYYY;YYIIIIIXYIIXZY
2248,11,0.0643282678390656,2288.2280235172084,XZZXIIIIIIXZIX;XZZXIIIIIIZIYY;XZZXIIZIIIIIXX;XZZYIIIIYXIIIZ;YIZZXIIIIXZYII;YXIIIIIIYXXZXI;YYIIIIIIZIYZZY;IIIIIXIXIIXZXI
2249,12,0.32441306678642035,7191.097780734157,XZZXIIIIIZIIYY;XZZXIIIIXZIXII;XZZXIIXXIIZIII;XZZXIZIIIIIIYY;YXIIIIIIYZIZZX;YXIIIIIXZIZZYI;YXIIIIIXZZIZYI;YYIIIIIXYIIYZX
2250,8,0.04967484690986455,1225.2272411025244,XZZXIIIIXXZIII;XZZYIIIIIXYIIZ;XZZYIIIIZYXIII;XZZYZIIIIXYIII;YXIIIIIIXZXYXI;YXIIIIIYZZZIXI;YYIIIIIYZZZIYI;YZXIIYZXIIIZII
2251,9,0.03873013051048139,1003.7925024213567,XZZXIIZIIIYYII;XZZYIIIIYXZIII;XZZYIIXYIIIIIZ;YXIIIIIIXXXZYI;YXIIIIIIZYZZXI;YXIIIIYYIIIXZY;IIIIXIYIIIIXZY;IXXIIIIIZIXXII
2252,14,0.05925290682477014,2860.245343326929,XZZYIIIXZIYIII;XZZYIIIYXIIIZI;XZZYIIXYIIZIII;XZZYXYIIIIIIZI;XZZYYXIIIIIIZI;YXIIIIIXZZYIIZ;YYIIIIXZYXYIII;IXYIIIIXZZYIII
2253,10,0.02451915205911089,412.1337965904272,XZZYIXYIIIIZII;XZZZIXIIIIIYYI;YXIIIIIIIYZZXZ;YXIIIIIIXXYZXI;YXIIIIXZXIXYII;YXIIXZYIIIXXII;YXIXYIIIIXZXII;IIIIIYXIIIYZIX
2254,10,0.015698973745397377,334.0406584151854,YIZZYIIIIIIYZY;YXIIIIIIIXZXXY;YXIIIIIIIYXXZX;YXIIIIIYXIIXZX;YXIIIIXYIIIYZY;YXIIIYXIIIIXZX;YXIIIYXIIIIYZY;YXIYXIIIIIIXZX
2255,9,0.23854586770945796,3440.7945504286536,YIZZZYIIIIIIXX;YXIIIIIIXZYIXX;YXIIIIIIYYIXZY;YXIIIIIIYYYZXI;YXIIIXXIIIXZYI;YXIYYIIIIIIXZY;YXYYIIIIIIYZXI;YYIIIIYZYIIXXI
2256,11,0.0159673691413084,352.14831324292095,YXIIIIIIXYYZYI;YXIIIIIIYXIXZX;YXIIIIIYZYYXII;YXIIIIXYIYZYII;YXIIIIYZYIYXII;YXIIXYIIIYZYII;YXIIYXIIIIXZXI;YYIIIYXIIXZYII
2257,10,0.009029686515572746,209.33967278837864,YXIIIIIIYYIYZX;YXIIIIIIYZZXZI;YXIIIIIYZYIYXI;YXIIIXZZYIZIII;YYIIIIIIXXIYZY;YYIIIIIXZXXXII;YZXIXXIIIIYXII;YZXXXIIIIIYXII
2258,10,0.025849248294134142,585.4052449544291,YXIIIIIIYZYXYI;YXIIIIIIYZZIZX;YXIIIIXXIIXZYI;YXIIYYIIIIIYZX;YXIIYYIIIIYZXI;YXXXIIIIIIYZXI;YXYYIIIIIIXZYI;YYIIIIIIXZIZZX
2259,9,0.02998581097503423,878.4490526870393,YXIIIIIXZXIXYI;YXIIIIIXZYIIXX;YXIIIIXZXIIYXI;YXIIIIYYIXZYII;YXIIYZZXIIZIII;YXIIZIIIIIXZZY;YXIZIIIYZZXIII;IIXXXXIIIIZIII
2260,9,0.023722681357996322,389.84506051186423,YXIIIIIYZZXIIZ;YXIIIIYZYIIYXI;YXIIIXXIIYZXII;YXIIIYZXIIYYII;YXIIZIIIIXZZYI;YXIXZZYIIIIIIZ;IIIIIIIXZIZXZI;IIIIYZXIXIYIII
2261,11,0.0510556041576947,1317.6514341973188,YXIIIIXZYXXIII;YXIIIXZXIIIIYX;YXIIIYZXIIIIYY;YXXZXIIIIIIXYI;YYIIIIIIXZZXZI;YYIIIIIXZZXIZI;YYIIIIIYXXZYII;YYIIIIXZZXIIZI
2262,11,0.040697724516598775,1963.6798802466142,YXIIIIYZZZIXII;YXIIIXXIYZXIII;YXIIIYZZXIZIII;YXIIXZYIIIIXXI;YXIYZXIIIIXXII;YXYZXIIIIIIXXI;YYIIIXZYIIXYII;YZXIYYIIIIXYII
2263,8,0.007208315882932122,43.709174626985636,YXIIIXZZYIIIIZ;YXIIIYZZXIIIZI;YXIIXZXIIXYIII;YXIIXZYIIXXIII;YYIIIIIIYIZZZY;YYIIIIIIYYIXZX;IIIIIIIXXIIYYZ;IIIIXXIIIIZYYI
2264,9,0.025885296906233583,570.8402308423127,YXIIXZXIIIIIYX;YXIIYZYIIIIIXY;YXIYZYIIIIIIXY;YXXYIIIIIXZXII;YYIIIXYIIIIYZX;YYIXYIIIIIIXZY;YYIXYIIIIIXZYI;YZZYIIIIIIYYIZ
2265,9,0.02529037860396389,731.2944519546419,YXIIXZYIIIIYYI;YXIIYXIIIIIXZX;YXIXYIIIIIYZYI;YYIIIIIIYZYIXX;YYIIIIIIYZZYZI;YYYZXIIIIIYXII;YZZZIXIIIIIIYX;IIIXXZIIIXXIII
2266,8,0.026128161221042362,419.7099021391639,YXIYZXIIIIIIXX;YXXZYIIIIIXXII;YXYZXIIIIIYYII;YXYZYIIIIIXYII;YYIIIIIYZZIZYI;YZXIIIIIIYZXZI;YZZXIIYXIIIZII;ZIYZZYIIIIIYYI
2267,10,0.019056878913317695,355.96055664006286,YXIZIIIIXZZYII;YYIIIIIIXZXIXX;YYIIIIIXZXIXXI;YYIIIIXXXZXIII;YYIIIIXZYIIIXY;YYIIIIYZZIZYII;YYIXZXIIIIXXII;YZXIIIIIIIZXZY
2268,10,0.025105025452575373,348.05241090060025,YYIIIIIIIXZZXZ;YYIIIIIIXYIXZY;YYIIIIIIYYIYZY;YYIIIIIYXYZXII;YYIIIIIYYYZYII;YYIIIIXZYIIXYI;YYIIIXZXIYYIII;YYIIYZXIIIIIYX
2269,8,0.010258307313822502,224.49356965205885,YYIIIIIIYYXZXI;YYIIIIIIYZXIYX;YYIIIIIXYYZXII;YYIIIIIYYIIYZY;YYIIIIXZXIIXXI;YYIIIIYXIYZXII;YZXIYYIIIIIYXI;YZXYYIIIIIIYXI
2270,11,0.017276042331362366,833.4674136281757,YYIIIIIIYZXYXI;YYIIIIIXZYIXYI;YYIIIIIYZIZZYI;YYIIIIXZIZZXII;YYIIIIXZZZIXII;YYIIIIYXIXZYII;YYIIIXYIXZYIII;YYXZZXIIIIIIIZ
2271,10,0.043586328657654036,1371.2545867262472,YYIIIIIYZXIXYI;YYIIIIXYIIYZXI;YYIIIIXZYIIIYX;YYIIIYZXIIXYII;YYIIYYIIIIIYZY;YZIZZYIIIIIXXI;YZXYXIIIIIIXXI;ZXXIIIIIIYZZYI
2272,8,0.0099147881778512,195.40546441053405,YYIIIIIZXZZXII;YYIIIIXZZXZIII;YYIIIIYZZYIIIZ;YYIIXZYIIIXYII;YZXIIIIXZIZYII;YZZXIIIIXIZYII;IIIIIZIYXIIYXI;IYXZIIIIIYXIII
2273,10,0.055849085275729404,1722.5908879901144,YYIIIIXZYIXYII;YYIIIIYZIZZYII;YYIIXZZXIIIIZI;YYIIYXIIIYZXII;YYZIIIIIIIYZZY;YZXIIIIIXXIIYX;YZZYIIIIIIIZYY;IYYIIIIXZZXIII
2274,10,0.04800278964459642,1956.6629680773253,YYIIIIYZYXXIII;YYIIIYZYIYYIII;YYIIIZIYZZYIII;YYIYYIIIIIIXZX;YYYZXIIIIIIYXI;YZZXIIIIIXYIZI;IIIIIIIIXZXYIY;IIIIIXZIYYXIII
2275,11,0.02169246700265401,435.7863182153621,YYIIIIZIYZZYII;YYIIIYIZZZYIII;YYIIYZZYIIIIIZ;YYIIYZZYIIIIZI;YYIXZYIIIIYXII;YZZXYXIIIIIZII;ZIIIYXIIYZZXII;IIIIIXIZYYXIII
2276,11,0.07795220045759141,3177.0687337599256,YYIIIXZXIIYYII;YYIIXYIIIXZYII;YYIXXIIIIIXZXI;YYIYYIIIIXZXII;YZIZZYIIIIXXII;YZZYIIIIIXIZXI;IXYIIIIZIXYIII;XXIIIIIIZIIIXX
2277,10,0.011861340678998161,254.6571379899943,YYIIXZYIIYXIII;YYIIYXIIIXZYII;YYIIYZXIIIIXYI;YYIXZYIIIIIYXI;YYYYIIIIIIXZXI;YYYZXIIIIIXYII;YZZIXIIIYZXIII;IIIIXXIIZXXIII
2278,9,0.03618608967422532,692.9712346605759,YYIIYXIIIIYZXI;YYIXZYIIIIIIXY;YYYXIIIIIIYZXI;YZZYIIIIIZYYII;YZZYIIIIYZIYII;IIIIIIIXXIZXXI;IIIIIXXYYIIIIZ;IIIIYXIIIXYZII
2279,10,0.05058075720792779,1387.0826623854869,YYIXZXIIIIIYYI;YYIXZYIIIIIXYI;YYIXZZXIIIIZII;YYIYXIIIIIYZXI;YYIYYIIIIIXZXI;YZXXYIIIIXXIII;IIIIXZYIXIYIII;IIIYXIIXIZYIII
2280,10,0.04040245698090059,1253.141496559818,YYIYZYIIIIIXXI;YZIXIIIYZZXIII;YZIZXIIIIIYZXI;YZXIIIIIZXZYII;YZXIIIIZIIYZXI;YZXIIIZIIXZYII;YZXIXYIIIIIYYI;YZZYIZIIIXXIII
2281,9,0.01698624205913402,384.8639967075193,YYXYIIIIIIYZXI;YZIZZYIIIYYIII;YZXIIIIIIXXIXY;YZXIIIIYXIIXXI;YZXIIIIYYIIIYX;YZXIIIXXIIIYXI;YZXXYIIIIYYIII;YZZXXYIIIIIIZI
2282,14,0.02084782160653058,375.2419180784625,YZXIIIIIIXXXYI;YZXIIIIIIXXYXI;YZXIIIIXYYYIII;YZXIIIIXZYZIII;YZXIIIXIZZYIII;YZXIIIXXIIIXYI;YZXYYIIIIIIXYI;YZZYIIYYIIIIZI
2283,9,0.04101043818483129,740.360627689616,YZXIIIIIIZXZYI;YZXIIIIIXXIIXY;YZXIIIIIXYIIXX;YZXIIIXYIIIXXI;YZXIIIYXIIIXXI;YZXIYXIIIIIXXI;YZYXYIIIIIIXYI;IIZYZYIIIIIIZI
2284,10,0.026661712890687042,562.7303524546793,YZXIIIIIYXIXXI;YZXIIIIIYYIYXI;YZXIIXZYIIZIII;YZXIIYZXIIZIII;YZZIYIIIYZYIII;YZZXIIIZIIIIYX;IIIIIIXIZYYXII;IIIIIYYYYIIIIZ
2285,10,0.017039285776223042,248.73030937922408,YZXIIIIYIZZXII;YZXIIIIYYIIXYI;YZXIIIIYYXYIII;YZXIIIIYYYXIII;YZXIIYYIIXYIII;YZXIYYIIIIIIYX;YZXYYIIIIYXIII;IIIIIXZYIIIXIY
2286,10,0.02451915205911089,418.21412645760523,YZXIIIIYYIIYXI;YZXIIIIYZXIIZI;YZXIIIIZIYZXII;YZXIIXYIIXXIII;YZYIIIIXZIZXII;YZZZIYIIIIIYYI;IIIIZYXIIIXYII;IIXXIIIIIXXIIZ
2287,10,0.009029686515572746,221.03886278254254,YZXIIIZIIYZXII;YZXIIXXIIIYXII;YZXIIYZXIIIIZI;YZXIXXIIIIIIXY;YZYIIZIIIYZYII;IIIXYIIIIXYIZI;IIIXYIIXYIIIIZ;IIIYXIIIIYXZII
2288,8,0.020470442143080587,233.2042833711534,YZXIIXZYIIIZII;YZXIZIIIXZYIII;YZZIYIIIIXZXII;YZZXIXYIIIZIII;YZZYIXXIIIZIII;ZIIIXZZXIIYYII;IIIIIIIYYIZIXX;IIIIXIZXIIXXII
2289,10,0.020761769188477597,285.58745328314143,YZXIIYYIIIXYII;YZXXZYIIIIIIZI;YZXYZXIIIIZIII;YZZXIZIIIYXIII;YZZYIIIIIYYIZI;YZZYXXIIIIIIZI;IIIIIIIIZXZZIX;IIIIIIXYXYIZII
2290,9,0.02381767019026825,810.068890962606,YZXIYXIIIIIYYI;YZYYXIIIIIIIYX;YZZIZYIIIIXXII;YZZYZIIIIXXIII;YZZZXIIIIXIYII;ZIYXIIIYZZXIII;IIIIXYYXIIZIII;IIIIXYZIIXYIII
2291,10,0.08224331583603392,1565.7121585599436,YZYIIIIYZYZIII;YZZIYIIIXZXIII;YZZXIIIIZIYXII;YZZXIIYXIIIIIZ;YZZYIIZIIIXXII;IIIXXIIXXIZIII;IIIXYIIXYIZIII;IIXXIIXXIIZIII
2292,9,0.01618513733914251,243.77880774811476,YZYIZIIIIXZXII;YZYZIIIIIXZXII;YZZYYYIIIIIIZI;IIIIIIIIXYYXZI;IIIIIIXYIIXYZI;IIIIIIYYXXZIII;IIIIIIYYZIYYII;IIIIIYIYXZXIII
2293,11,0.014050915330842316,195.62137875658988,YZZXIIIIIXYIIZ;YZZXIIIIYXIIZI;YZZXIIIIYXIZII;YZZXIIXYIIIZII;YZZXZIIIIXYIII;YZZYIIIXZIXIII;IIIIIXYIZIIXYI;IIIIIYYIZIIYYI
2294,9,0.0344260835675258,545.8545659592595,YZZXIIIIXYIIIZ;YZZXZIIIIYXIII;YZZYIIIIIXXIIZ;ZIIIIYZZZIZYII;ZIIIXZZXIIIIXX;ZIIIYZZXIIIIYX;ZIIIYZZYIIIIYY;IIIIIXIZXIXXII
2295,12,0.022555889407000575,310.67758509531836,YZZYIIIIIIIXXZ;YZZYIIXXIIIIIZ;YZZYIIYYIIZIII;ZIXYIIIIIXZZYI;IIIIIIIXXIXXIZ;IIIIIIXXXZIXII;IIIIIIYYIIZXXI;IIIIXZIXIIXXII
2296,10,0.032494309525384346,1327.4223304306406,YZZYIXXIIIIZII;YZZYIZIIIIXXII;YZZYZIIIIIIIXX;ZIIIIXZZZXIIZI;ZIIIXXIIYZZYII;ZIXZZYIIIIIIYX;IIIIIIYIXXZYII;IIIIXXIIIYIZYI
2297,10,0.025178303154557363,418.48948065276625,ZIIIIIYXIIXZZY;ZIIIYXIIIXZZYI;ZIIXZYIIYZXIII;ZIIYYIIYZZYIII;ZIXYIIIIIIYZZX;ZXZZZXIIIIIIZI;IIIIYZZIZIYIII;IIXYIIIIIIYIZX
2298,10,0.2531490306420253,3801.8976287502264,ZIIIXZYIIIXZYI;ZIXZZXIIIIYYII;ZIYXIIIIIYZZXI;ZIYZXIIIIYZXII;ZXYIIIIIIIYZZX;IIIIIIIIXIZXYY;IIIIYXIIIIYXIZ;IIIYYIIIYYIIZI
2299,9,0.03539757194855263,979.2961755485353,ZIIIYXIXZZYIII;ZIIYYIIIIXZZXI;ZIIYZZYIIXXIII;ZXYIIIIXZZYIII;IYZZYIIIIXXIII;IIIIYXIIZIIIXY;IIYYIIIIIIIYYZ;IYXIIIZIIIYXII
2300,8,0.238545867709458,2862.6781656272915,ZIXZZYIIIXYIII;ZYZZYIIIIIIIXX;IIIIIIIIZIYYXX;IIIIIIXIYIIXZY;IIIIIIXIZXIIYY;IIIIIIZZIIIYZY;IIIIIYZXIIYIXI;IIIXXIIIZIYYII
2301,8,3.01655708600249,39490.012178921614,ZYZXIIIIXZYIII;IYZZXIIIIIXYII;IIIIIIIIXZYXIY;IIIIIIXYIYXIZI;IIIIIIZIYYIIYY;IIIIIXYIIIYXZI;IIIIYYIIXXZIII;IYYIIIIIIXIZXI
2302,9,0.011861340678998161,426.1988976942169,IIIIIIIIXYIZXY;IIIIIIIIXZIZXZ;IIIIIIIYXIYIZX;IIIIIIXYYXZIII;IIIIIXXXXIZIII;IIIIXYIIYIZXII;IIIIXZIZXIZIII;IIYXIIIIIIZIYX
2303,9,0.02587243513997829,253.47583353213307,IIIIIIIIYZYYIY;IIIIIIIXXZIIXX;IIIIIIIYYIYIZY;IIIIIIXZIYXYII;IIIIIIYZIYIXXI;IIIIIIYZXIIXIY;IIIYXIIZIIIIXY;IXXIIIIIIIZXXI
2304,8,0.013126653499819937,138.09580519358627,IIIIIIIXYIIYXZ;IIIIIIIYIIZZZY;IIIIIIIYIZXIXY;IIIIIXYIXYIIZI;IIIIYXIIXYIIZI;IIIYIXIIIIIYZX;IIXIYIIIIIIYZX;IIYXIIIIIZIIYX
2305,7,0.023006618248765483,435.7863182153621,IIIIIIXIZYIXYI;IIIIIIXZYIIYIX;IIIIIIYYIIIXXZ;IIIIIIYYIIYZIY;IIIIIIYYXIZXII;IIIZIIIIIXZIZX;IIXXIIIYZIYIII
2306,9,0.019272192054457068,233.9537668463896,IIIIIIXXIIYIZY;IIIIIIXYXYIIIZ;IIIIIIYIZXIIXY;IIIIIXIYIIYZXI;IIIIIXXIIIYYZI;IIIIIYXYXIZIII;IIIYXIIIIIZYXI;IIXYIIIYXIIIIZ
2307,8,0.024232684408006584,73.45530276119206,IIIIIIYIXIYZXI;IIIIIIYXIZIXYI;IIIIIXIYIIXZYI;IIIIIXIZXIIIXX;IIIIIYZIYIIIXX;IIYIYIIIIYZYII;IXYIIIIXYIZIII;YXIIIIIXYIZIII
2308,8,0.022772357647598905,46.58553695296294,IIIIIIYZIYIYYI;IIIIIIZIYYIIXX;IIIIIXXIXIZXII;IIIIIXYIIIIZXY;IIIIIYXIIIIZYX;IIIIXXIIZIIYYI;IIIIXZIYIIYXII;IIIYYIZIIIXXII
2309,10,0.030821523188171187,131.135620070805,IIIIIIZXYIIYXI;IIIIIXIZXIYYII;IIIIIXZIXIIIYY;IIIIIYYIIIIZXX;IIIIIYYIIIZYYI;IIIIIYZIYIYYII;IIIYYIIZIIIYYI;IIYXIIIYXIZIII
2310,7,0.014416631765864244,273.2536388979391,IIIIIXXIIIZIYY;IIIIIXYIIIZIXY;IIIIIXZYXIYIII;IIIIXXIYYIZIII;IIIIYXIIIXYIIZ;IIIXXIIYYIZIII;IIYYIZIIIIXXII
2311,10,0.019056878913317695,154.33814272240588,IIIIIXXIIXZIXI;IIIIIXXZIIIXXI;IIIIIYXIIIXZIY;IIIIXXIIXXZIII;IIIIXYIIXYIZII;IIIIYYIXZIXIII;IIIXXIIIIIZIXX;IIXYIIZIIIIIYX
2312,10,0.02054392052212077,478.341919069604,IIIIIXZIXIIIXX;IIIIIYYZIIYYII;IIIIXIZXIYYIII;IIIIXYIIIIIYXZ;IIIIXYIIZIIYXI;IIIIXYZIIIIXYI;IYIZXIIIIIIYXI;IYYIIIIXIZXIII
2313,9,0.0198295763557024,137.8584024784698,IIIIIXZZZIIXII;IIIIIYXYXIIIZI;IIIIIYYIYIZYII;IIIIXXXXIIZIII;IIIIXXZIIIXXII;IIIYXIIXYIIIIZ;IIIZIYYIIIIIXX;IIXYIIIXYIIIIZ
2314,7,0.007286400998656775,16.915279313449552,IIIIIYXIYZIXII;IIIIIYYIZIIIYY;IIIIIYZXIIIYIX;IIIIXIYIIYZXII;IIIXIYIIIXZYII;IIIXYIXYIIIIZI;IIIYXIIIXYIIZI
2315,7,0.009528439456658848,84.54287360889474,IIIIIZIXXIIXXI;IIIIXIYIXZYIII;IIIIXXIIIXXIZI;IIIIXXIIIZYYII;IIIIXYIXYIZIII;IIIIYXIYXIZIII;IIIIYYIYYIIIZI
2316,10,0.12235466237577983,4974.33427455387,IIIIXIYIYZXIII;IIIIXXIIYZIYII;IIIIXYIIIXYIIZ;IIIIYXIZIIYXII;IIIIZIIYXIIIXY;IIIXYIIYZIXIII;IIXXIYYIIIIZII;XYIIIIIIIZIIXY
2317,9,0.009532023995076725,373.62946956009296,IIIIXYIIIIXIZY;IIIIXYIZIIXYII;IIIIXZXIIIIXIX;IIIYXIIIYXIIZI;IIXIYIIIIIXZYI;IIXIZYIIIIIXYI;IIXYIIIIIZIIYX;YXIZIIIIIYXIII
2318,8,0.009797167999375448,93.9532525568951,IIIIXZZIXIIIZI;IIIIYIZYIIIIYY;IIIIYXIIXZIYII;IIIIYYIIZIIIXX;IIIIYZZIYIZIII;IIIYYIIIIIZIXX;IIYXIXYIIIIIIZ;IXZYIIIIIYIXII
2319,8,0.022909613471074237,454.68486378179983,IIIIYXIIXYIIIZ;IIIIYZXIYIXIII;IIIXIZYIIXYIII;IIIXYIIIXYZIII;IIIYZXIIIIIXIY;IIXXIZIIIIIIYY;IXXIIZIIIIIIXX;IXYIIIIIYXIIZI
2320,7,0.019381371368419005,319.51831872926533,IIIIYYIIIYYIIZ;IIIIYZIXIYXIII;IIIXXIIIXZIXII;IIIXZYIIIIIYIX;IIIYXIIIIZIYXI;IIXXIIIIIIXIZX;IXXIIIIIYYIIZI
2321,9,0.010924637909320663,273.2536388979391,IIIIYYXXIIZIII;IIIXIZZXIIIIZI;IIIXXIIIZYYIII;IIIXXYYIIIIZII;IIXXZIIIIIXXII;IXXIIIIIXXIIZI;IXXIIIYYIIIIZI;IYYIIIIIXXIZII
2322,8,0.010421669774131247,426.1988976942169,IIIXIZXIIIIYYI;IIIXXIIIXXZIII;IIIXYIIIIIXYIZ;IIIYYIIIIZXXII;IIXXIIIIYYIIIZ;IIYXIIIIIIIZXY;IIYYIIIIIYIZYI;IIYYIIIIXZIXII
2323,8,0.030780744298681106,767.356500368741,IIIXYIIIIIYIZX;IIIXYIZIIIIIXY;IIIYXIZIIXYIII;IIIYYIIIYYIIIZ;IIXYIIYXIIZIII;IIYYIIIIIIYYIZ;IXXIIIIIXXIZII;IYXIIIIIZIIIXY
2324,8,0.010795027818109721,435.7863182153621,IIIXYIIIIIZIXY;IIIYXIIIXYZIII;IIIYXYXIIIIZII;IIIZIIIXXIYYII;IIXIZXIIIYYIII;IIXYIIIXZIYIII;IXYIIIIYXIZIII;IYXXYIIIIIZIII
2325,8,0.009528439456658848,176.64581985562984,IIIXYXYIIIIIIZ;IIIYIYIIIXZXII;IIIYXIIIYXIIIZ;IIXYIZIIIXYIII;IIYYIYYIIIIIIZ;IIZIIXYIIIIYXI;XXIIIIIYYIIIIZ;XXIIIIYYIIIIIZ
2326,10,0.025558148729710625,1511.1511471770627,IIIXZYIIIIIXIY;IIIYXIIYXIIIZI;IIIYYIIIYYZIII;IIXXIIIZIIXXII;IIXYIIIIIZXYII;IIXYIIIIXZIYII;IIYYIIIIIXXIIZ;IIZXYIIIIIXYII
2327,8,0.015192404414031382,916.4510164252107,IIIYXIZIIIIXYI;IIIYYIIIXXIIZI;IIXIYIIIIIIXZY;IIXXIIIIIIZIXX;IIXXIIIIIYYIZI;IIXZIXIIIIIYYI;IIYXIIIIZIXYII;XXIIIIIIXXZIII
2328,7,0.012360879616912415,253.53983891033278,IIIYYIIIZXXIII;IIIYYIIXZIXIII;IIIYYIZIIIIYYI;IIXYIIYXIIIZII;IIYXIIIIIIYIZX;IIYYIIIIZIIXXI;IXXIIIIXXIZIII
2329,10,0.017866227792882876,231.67620874742806,IIIZIIIXZZIXII;IIIZIIYXIIIIXY;IIXXIIIXXIIIIZ;IIXXIIIYYIIZII;IIXXIIZIIYYIII;IIYYIIIXXIIIZI;IIYYIIIYYIIZII;XXIIIIIXXIIZII
2330,9,0.016782680718870006,220.52290807572507,IIXXIIIIIZIIXX;IIXXIIZIIIXXII;IIXYIIIIZXYIII;IIXYIXYIIIIIIZ;IIYXIIIIIIYXIZ;IIYXIIYXIIIIIZ;IIYYIXXIIIZIII;XXIIIIIIYYIIIZ
2331,11,0.01273872322719451,286.1792755244148,IIXXIIXXIIIIIZ;IIXYIIIYXIIZII;IIXYIIIYXIZIII;IIXYIIIZIIYXII;IIXYIZIIIIIIXY;IIYYIIIIIIXXIZ;IYYIIIIYYIIIZI;XYIIYXIIIIIIIZ
2332,9,0.03618608967422532,695.0343524850349,IIXYIIIIIXYZII;IIXYIIIIYXIIIZ;IIXYYXIIIIIZII;IIXZYIIIIIIYIX;IIZXXIIIIIXXII;IXYIIIIIZIYXII;IYXIYXIIIIIIZI;XYIIIIIIYXIIZI
2333,9,0.06349442075012258,1612.3688238496363,IIXYZIIIIIIYXI;IIYXIIIIIXYIIZ;IIYXZIIIIYXIII;IIYYIIIIXIZXII;IIZIIIIIXIZZXI;IXXIZIIIIXXIII;IYYIIIIIZIIYYI;XYIIIIIIZXYIII
2334,9,0.013869294360591346,822.6146075985383,IIXZYIIIIIXIYI;IIYXIIIIXYIIIZ;IIYXIIYXIIIZII;IIYXIXYIIIIZII;IIYYIIIIIZXXII;IIYZXIIIIIIYIX;IXYIIIIIXYZIII;IXYIIIIIYXZIII
2335,8,0.028415721759567632,562.4455049229592,IIYXIIIIIIXIZY;IIYYIIIIYYZIII;IIYYYYIIIIZIII;IIZXYIIIIIIXYI;IXXIIIIIIYYIZI;IXYIIIIIXZIYII;IYXIIIIIIIXYIZ;IYYIIYYIIIIZII
2336,11,0.06433784727657162,1704.466696104883,IIYXIYXIIIZIII;IIYZIXIIIIIIXY;IXYIIIIIIIZIXY;IXYIIIIIIIZYXI;IXYIIIIIIZIYXI;IXYIIIIIXIZYII;IXYIIXYIIIZIII;IXYIZIIIIIIYXI
2337,6,0.03249314293973425,1319.6675392078694,IIYXZIIIIIYXII;IIYYIIIXXIZIII;IIZXXIIIIIIXXI;IYXIIIIIIIYZIX;XXIIIZIIIIIXXI;YYIIIZIIIIIIXX
2338,7,0.038924091179802535,781.7136317022185,IIZIXXIIIIXXII;IIZIXYIIIIIYXI;IXXIYYIIIIZIII;IXYIIIIIIIYIZX;IXYIIIIZIIYXII;IYIYIIIIIIYZYI;XXIIYYIIIIIIZI
2339,7,0.03161351036264276,630.5171791292801,IXIZXIIIIIIIYY;IXXIIIIIZIIIXX;IXXIIIIIZXXIII;IXXIIIIZIIXXII;IXYIIIIIIIZXYI;IYXIIIIIIIYXZI;XYIIIIIIIXYIIZ
2340,6,0.03437580839527341,675.9430557240169,IXXIIIIXXIIIIZ;IXXIYYIIIIIIZI;IYXIIIIIIIZIXY;IYYIIIXXIIIIZI;IYYIXXIIIIIIZI;IYYIYYIIIIIIIZ
2341,7,0.047752859444857375,740.821495139166,IXYIIIIIIIXIZY;IXYIIIIIZYXIII;IXYIIIYXIIIZII;IXYIIZIIIYXIII;IYIZXIIIIIYXII;IYIZYIIIIIYYII;YYIIIIZIIYYIII
2342,6,0.019448187249320348,385.58385049699586,IXYIIIIIIYIZXI;IXYIIIIIXYIIIZ;IXYIIIXYIIIIIZ;IXZYIIIIIIIXIY;IYXIIIIIYZIXII;IYXIIYXIIIZIII
2343,6,0.034949401542261685,502.1661821035347,IXYIIIIXYIIIZI;IXYIIXYIIIIIIZ;IYXIIIIIYIZXII;IYXIIIIZIIIXYI;IYXIIXYIIIZIII;IYXIYXIIIIZIII
2344,8,0.04038954470857832,1210.0193363743483,IXYIIIIXZIYIII;IXZYIIIIXIYIII;IYIYIIIIIIXZXI;IYXIIIIIIIYIZX;IYXIIIYXIIIZII;IYXIIXYIIIIZII;XYIIIIIIIIXZIY;YYIIIIIIIYZIYI
2345,6,0.05589554780255319,1804.1874238488822,IYIZYIIIIIXXII;IYIZZYIIIIIZII;IYXIIIIIXYIIZI;XXIIIIIZIIIYYI;XYIIIIIIIIYZIX;XYIXYIIIIIIZII
2346,8,0.09531964469927931,3227.0472495022677,IYXIIIIIIZIXYI;IYXIIIIYXIZIII;IYXIIIZIIIIXYI;XXIIIIIIIIXIZX;XXIIIIIIIIXZIX;XYIIIIIIIZIXYI;XYIIIIIXIZYIII;XYIIIZIIIIIYXI
2347,8,0.06658267656343411,3211.8909857296403,IYXIIIIIZXYIII;IYYIIIIIIYIZYI;IYYIIIXXIIZIII;IYYIIIYYIIZIII;IYZIYIIIIIXXII;XYIIIZIIIIIIYX;YXIIIIIIZIXYII;YYIIIIIIZIIXXI
2348,8,0.052210854136550265,2546.5137957005118,IYYIIIIIIYZIYI;IYYIIIIXXIZIII;IYYIIXXIIIZIII;IYYIXXIIIIIZII;IZYYIIIIIIXXII;XXIZIIIIIIXXII;XYIIIIIIIIIZYX;XYIIIIIIXYZIII
2349,9,0.05153672232199055,2091.852335960754,IYYIIIIZIIXXII;IYZIYIIIIIIYYI;IZXXIIIIIIIXXI;XYIIIIIZIIIIYX;YXIIIIIYXIIIZI;YXIIIXYIIIIZII;YXIIIYXIIIIZII;YXIXYIIIIIIZII
2350,9,0.14242686038819663,5809.708660274259,IYYIZIIIIYYIII;IYZIXIIIIIIIXY;IZYZYIIIIIIIZI;XXIIIIIIIIZIYY;XXIIIIIIIZIIYY;XYIIIIIIIIIZXY;XYIIIIIZIIIIXY;XYIIIIZIIIIIXY
2351,9,0.04730696801448807,2282.364194393165,IZIIIIXZXIZIII;IZIYYIIIIIIYYI;XXIIIIIIIIXXIZ;XXIIIIIIIIYYZI;XYIIIIIIIIXYZI;XYIZIIIIIIXYII;XZIYIIIIIIIIYX;YXIIZIIIIIXYII
2352,10,0.04475447539292981,2161.208886666338,IZXXIIIIIIXXII;XIYIIIIIIYZXII;XXIIIIIYYIZIII;XXIIIXXIIIZIII;XXIIXXIIIIZIII;XXIXXIIIIIZIII;XYIIIIIIIIXYIZ;YIZXIIIIIXYIII
2353,9,0.09418261617318834,2307.7408896444863,XXIIIIIIZXXIII;XXIIIIIZIYYIII;XXIIIZIIIIIYYI;XXIZIIIIIYYIII;XYIIIIIIIYXIZI;YXIIIIIIIZIXYI;YYIIIIIZIXXIII;YYIIIZIIIXXIII
2354,8,0.16990061409224821,8195.89959160382,XXIIIIXXIIIZII;XXIIYYIIIIZIII;XYIIIIIIZIYXII;XYIIIIIZIXYIII;XYIZIIIIIIYXII;YXIZIIIIIIYXII;YYIIIIIIIIZIXX;IIIIIIIZIIIXIX
2355,6,0.24837709316499929,5557.035994507151,XYIIIIIIIYXIIZ;XYIIIIIYXIIIZI;YIZXIIIIIIIIYX;YXIIIIIIZIIXYI;YXIIIIIXYIIZII;YYIIIIIXXIZIII
2356,7,0.2573005306796675,4959.616815585652,XYIIIIIIXZIYII;XYIIIIIIYIZXII;XYIIIXYIIIZIII;YIZYIIIIIIXXII;YIZYIIIIIXXIII;YXIIIIIIYXIIIZ;YXIIYXIIIIIIZI
2357,7,0.05364784781216755,2587.974634867166,XYIIIIIXYIZIII;XYIIIIIXZIYIII;YXIIIIIIYIZXII;YXIIIIIIYXZIII;YXIIIIIXZIYIII;YYIIIIIIIXXIZI;YYIZIIIIIIXXII
2358,3,0.017039285776223042,355.54427720121083,XYIIIIIYZIXIII;YIZYIIIIIYYIII;IIIYIYIIIIIZII
2359,8,0.10615210161209818,3219.001847093239,XYIIXYIIIIZIII;YIZZYIIIIIIIIZ;YXIIIIIIIYZIXI;YXIIIIIZIIIYXI;YXIIIYXIIIZIII;YXIZIIIIIIIYXI;YYIIIIIIZIXXII;YYIIIXXIIIIIZI
2360,5,0.020905748922333784,739.737861325131,XZYIIIIIIXIYII;YXIIIIIIIIZIYX;YXIIIIIZIIIIYX;YYIIIYYIIIIIIZ;YYIYYIIIIIIIIZ
2361,3,0.02603883559427945,413.96681622383574,YXIIIIIYZIXIII;YYIIIIYYIIZIII;ZIIYXIIIIIYXII
2362,2,0.004309577542303398,200.50449800719218,YYIIIIIIYYZIII;YYIIIIYYIIIIZI
2363,2,0.014740936478958567,142.61314523912407,YYIIIXXIIIZIII;IIIIIIIIXIZIXI
2364,1,0.051526436338094866,2485.6305732958817,YYIZIIIIIIYYII
2365,1,0.0038681267695946657,58.37846706034326,YZXIIIIIIIIYIX
