method,trajectory,iteration,selected,selected_label,exact_best_arm,exact_best,shortfall,shots,rounds,stopped_rho,max_abs_gradient,seconds,cumulative_shots
"Fixed 100000, designed",0,0,63,"D 1,9 -> 11,13",125,False,1.0,101237.0,1,False,0.38849321699798006,9.56,101237.0
"Fixed 100000, designed",0,1,49,"D 1,4 -> 10,11",125,False,1.0,101237.0,1,False,0.38849321699798006,9.43,202474.0
"Fixed 100000, designed",0,2,27,"D 0,3 -> 11,12",125,False,1.0,101237.0,1,False,0.38849321699798006,9.91,303711.0
"Fixed 100000, designed",0,3,60,"D 1,8 -> 10,13",125,False,1.0,101237.0,1,False,0.38849321699798006,9.81,404948.0
"Fixed 100000, designed",0,4,39,"D 0,8 -> 10,12",125,False,1.0,101237.0,1,False,0.38849321699798006,9.85,506185.0
"Fixed 100000, designed",0,5,31,"D 0,5 -> 10,13",125,False,1.0,101237.0,1,False,0.38849321699798006,9.97,607422.0
"Fixed 100000, designed",0,6,31,"D 0,5 -> 10,13",125,False,1.0,101237.0,1,False,0.38849321699798006,9.97,708659.0
"Fixed 100000, designed",0,7,35,"D 0,7 -> 10,11",125,False,1.0,101237.0,1,False,0.38849321699798006,9.53,809896.0
"Fixed 100000, designed",0,8,56,"D 1,6 -> 11,12",125,False,0.9874117467648198,101237.0,1,False,0.38849321699798006,9.92,911133.0
"Fixed 100000, designed",0,9,44,"D 1,2 -> 10,11",125,False,0.9144797909149415,101237.0,1,False,0.38849177481555025,9.8,1012370.0
"Fixed 100000, designed",0,10,46,"D 1,2 -> 11,12",125,False,1.0,101237.0,1,False,0.38849177372577576,9.63,1113607.0
"Fixed 100000, designed",0,11,28,"D 0,3 -> 12,13",125,False,0.899772574329005,101237.0,1,False,0.38849177372577576,9.7,1214844.0
"Fixed 100000, designed",0,12,63,"D 1,9 -> 11,13",125,False,1.0,101237.0,1,False,0.3884610741781979,9.67,1316081.0
"Fixed 100000, designed",0,13,22,"D 0,1 -> 11,12",125,False,1.0,101237.0,1,False,0.3884610741781979,9.56,1417318.0
"Fixed 100000, designed",0,14,57,"D 1,6 -> 12,13",125,False,1.0,101237.0,1,False,0.3884610741781979,9.16,1518555.0
"Fixed 100000, designed",0,15,36,"D 0,7 -> 10,13",125,False,0.9875952816005772,101237.0,1,False,0.3884610741781979,9.21,1619792.0
"Fixed 100000, designed",0,16,46,"D 1,2 -> 11,12",125,False,1.0,101237.0,1,False,0.3884596605689351,9.26,1721029.0
"Fixed 100000, designed",0,17,59,"D 1,8 -> 10,11",125,False,0.9896537485048086,101237.0,1,False,0.38845966056551695,9.26,1822266.0
"Fixed 100000, designed",0,18,21,"D 0,1 -> 10,13",125,False,1.0,101237.0,1,False,0.3884596690557086,9.29,1923503.0
"Fixed 100000, designed",0,19,43,"D 0,9 -> 12,13",125,False,0.9779261908289687,101237.0,1,False,0.3884596690557086,9.3,2024740.0
"Fixed 100000, designed",0,20,46,"D 1,2 -> 11,12",125,False,1.0,101237.0,1,False,0.3884594667820213,9.21,2125977.0
"Fixed 100000, designed",0,21,66,"D 2,3 -> 11,12",125,False,1.0,101237.0,1,False,0.3884594667820213,9.19,2227214.0
"Fixed 100000, designed",0,22,66,"D 2,3 -> 11,12",125,False,1.0,101237.0,1,False,0.3884594667820213,9.27,2328451.0
"Fixed 100000, designed",0,23,61,"D 1,8 -> 11,12",125,False,1.0,101237.0,1,False,0.3884594667820213,9.42,2429688.0
"Fixed 100000, designed",0,24,55,"D 1,6 -> 10,13",125,False,0.9960037557984159,101237.0,1,False,0.3884594667820213,9.48,2530925.0
"Fixed 100000, designed",0,25,59,"D 1,8 -> 10,11",125,False,0.9999999970834204,101237.0,1,False,0.3884597309148042,9.53,2632162.0
"Fixed 100000, designed",0,26,50,"D 1,4 -> 10,13",125,False,1.0,101237.0,1,False,0.3884597309148042,9.45,2733399.0
"Fixed 100000, designed",0,27,38,"D 0,7 -> 12,13",125,False,1.0,101237.0,1,False,0.3884597309148042,9.04,2834636.0
"Fixed 100000, designed",1,0,46,"D 1,2 -> 11,12",125,False,1.0,101237.0,1,False,0.38849321699798006,9.34,101237.0
"Fixed 100000, designed",1,1,11,S 5 -> 13,125,False,1.0,101237.0,1,False,0.38849321699798006,9.18,202474.0
"Fixed 100000, designed",1,2,48,"D 1,3 -> 11,13",125,False,1.0,101237.0,1,False,0.38849321699798006,9.91,303711.0
"Fixed 100000, designed",1,3,37,"D 0,7 -> 11,12",125,False,0.9961866202613292,101237.0,1,False,0.38849321699798006,9.57,404948.0
"Fixed 100000, designed",1,4,59,"D 1,8 -> 10,11",125,False,0.9892046907761488,101237.0,1,False,0.38849347169930637,9.6,506185.0
"Fixed 100000, designed",1,5,2,S 1 -> 11,125,False,0.9998343427680497,101237.0,1,False,0.3884934716991377,9.23,607422.0
"Fixed 100000, designed",1,6,52,"D 1,4 -> 12,13",125,False,1.0,101237.0,1,False,0.3884934716904266,9.15,708659.0
"Fixed 100000, designed",1,7,30,"D 0,5 -> 10,11",125,False,1.0,101237.0,1,False,0.38849347169045584,9.13,809896.0
"Fixed 100000, designed",1,8,50,"D 1,4 -> 10,13",125,False,1.0,101237.0,1,False,0.38849347169045584,9.25,911133.0
"Fixed 100000, designed",1,9,24,"D 0,2 -> 10,12",125,False,1.0,101237.0,1,False,0.38849347169045584,9.15,1012370.0
"Fixed 100000, designed",1,10,27,"D 0,3 -> 11,12",125,False,1.0,101237.0,1,False,0.38849347169045584,9.1,1113607.0
"Fixed 100000, designed",1,11,31,"D 0,5 -> 10,13",125,False,1.0,101237.0,1,False,0.38849347169045584,9.21,1214844.0
"Fixed 100000, designed",1,12,42,"D 0,9 -> 11,12",125,False,1.0,101237.0,1,False,0.38849347169045584,9.1,1316081.0
"Fixed 100000, designed",1,13,44,"D 1,2 -> 10,11",125,False,0.9145277683071107,101237.0,1,False,0.38849347169045584,9.01,1417318.0
"Fixed 100000, designed",1,14,39,"D 0,8 -> 10,12",125,False,1.0,101237.0,1,False,0.38849347170371673,9.02,1518555.0
"Fixed 100000, designed",1,15,34,"D 0,6 -> 10,12",125,False,0.9836147567669451,101237.0,1,False,0.38849347170371673,9.05,1619792.0
"Fixed 100000, designed",1,16,21,"D 0,1 -> 10,13",125,False,1.0,101237.0,1,False,0.388492677795073,9.04,1721029.0
"Fixed 100000, designed",1,17,49,"D 1,4 -> 10,11",125,False,1.0,101237.0,1,False,0.388492677795073,9.03,1822266.0
"Fixed 100000, designed",1,18,26,"D 0,3 -> 10,13",125,False,1.0,101237.0,1,False,0.388492677795073,9.05,1923503.0
"Fixed 100000, designed",1,19,30,"D 0,5 -> 10,11",125,False,1.0,101237.0,1,False,0.388492677795073,9.05,2024740.0
"Fixed 100000, designed",1,20,3,S 1 -> 13,125,False,1.0,101237.0,1,False,0.388492677795073,9.07,2125977.0
"Fixed 100000, designed",1,21,42,"D 0,9 -> 11,12",125,False,1.0,101237.0,1,False,0.388492677795073,9.09,2227214.0
"Fixed 100000, designed",1,22,52,"D 1,4 -> 12,13",125,False,1.0,101237.0,1,False,0.388492677795073,9.17,2328451.0
"Fixed 100000, designed",1,23,44,"D 1,2 -> 10,11",125,False,0.9999999999007322,101237.0,1,False,0.388492677795073,9.11,2429688.0
"Fixed 100000, designed",1,24,38,"D 0,7 -> 12,13",125,False,1.0,101237.0,1,False,0.38849267778325114,8.86,2530925.0
"Fixed 100000, designed",1,25,42,"D 0,9 -> 11,12",125,False,1.0,101237.0,1,False,0.38849267778325114,8.87,2632162.0
"Fixed 100000, designed",1,26,54,"D 1,6 -> 10,11",125,False,1.0,101237.0,1,False,0.38849267778325114,8.89,2733399.0
"Fixed 100000, designed",1,27,29,"D 0,4 -> 10,12",125,False,1.0,101237.0,1,False,0.38849267778325114,8.91,2834636.0
"Fixed 100000, designed",2,0,62,"D 1,8 -> 12,13",125,False,0.9775723422828257,101237.0,1,False,0.38849321699798006,10.0,101237.0
"Fixed 100000, designed",2,1,30,"D 0,5 -> 10,11",125,False,1.0,101237.0,1,False,0.3884929925007311,9.71,202474.0
"Fixed 100000, designed",2,2,46,"D 1,2 -> 11,12",125,False,1.0,101237.0,1,False,0.3884929925007311,9.37,303711.0
"Fixed 100000, designed",2,3,42,"D 0,9 -> 11,12",125,False,1.0,101237.0,1,False,0.3884929925007311,10.06,404948.0
"Fixed 100000, designed",2,4,41,"D 0,9 -> 10,13",125,False,1.0,101237.0,1,False,0.3884929925007311,9.09,506185.0
"Fixed 100000, designed",2,5,42,"D 0,9 -> 11,12",125,False,1.0,101237.0,1,False,0.3884929925007311,9.11,607422.0
"Fixed 100000, designed",2,6,50,"D 1,4 -> 10,13",125,False,1.0,101237.0,1,False,0.3884929925007311,9.02,708659.0
"Fixed 100000, designed",2,7,22,"D 0,1 -> 11,12",125,False,1.0,101237.0,1,False,0.3884929925007311,8.97,809896.0
"Fixed 100000, designed",2,8,53,"D 1,5 -> 11,13",125,False,1.0,101237.0,1,False,0.3884929925007311,9.0,911133.0
"Fixed 100000, designed",2,9,62,"D 1,8 -> 12,13",125,False,0.9999999999999832,101237.0,1,False,0.3884929925007311,9.09,1012370.0
"Fixed 100000, designed",2,10,61,"D 1,8 -> 11,12",125,False,1.0,101237.0,1,False,0.3884929925007311,9.04,1113607.0
"Fixed 100000, designed",2,11,57,"D 1,6 -> 12,13",125,False,1.0,101237.0,1,False,0.3884929925007311,9.04,1214844.0
"Fixed 100000, designed",2,12,47,"D 1,2 -> 12,13",125,False,0.899869383533064,101237.0,1,False,0.3884929925007311,9.0,1316081.0
"Fixed 100000, designed",2,13,61,"D 1,8 -> 11,12",125,False,1.0,101237.0,1,False,0.3884623266412938,9.06,1417318.0
"Fixed 100000, designed",2,14,43,"D 0,9 -> 12,13",125,False,0.9776361879446069,101237.0,1,False,0.3884623266412938,9.04,1518555.0
"Fixed 100000, designed",2,15,33,"D 0,5 -> 12,13",125,False,1.0,101237.0,1,False,0.3884621066227086,9.18,1619792.0
"Fixed 100000, designed",2,16,63,"D 1,9 -> 11,13",125,False,1.0,101237.0,1,False,0.38846210661671743,9.05,1721029.0
"Fixed 100000, designed",2,17,56,"D 1,6 -> 11,12",125,False,0.9874980459685667,101237.0,1,False,0.38846210661671743,9.06,1822266.0
"Fixed 100000, designed",2,18,48,"D 1,3 -> 11,13",125,False,1.0,101237.0,1,False,0.3884606814000259,9.02,1923503.0
"Fixed 100000, designed",2,19,52,"D 1,4 -> 12,13",125,False,1.0,101237.0,1,False,0.3884606814000259,9.01,2024740.0
"Fixed 100000, designed",2,20,51,"D 1,4 -> 11,12",125,False,1.0,101237.0,1,False,0.3884606814000259,9.15,2125977.0
"Fixed 100000, designed",2,21,34,"D 0,6 -> 10,12",125,False,0.983517798710501,101237.0,1,False,0.3884606814000259,9.13,2227214.0
"Fixed 100000, designed",2,22,25,"D 0,3 -> 10,11",125,False,0.9144427964440572,101237.0,1,False,0.38845988822894345,9.13,2328451.0
"Fixed 100000, designed",2,23,51,"D 1,4 -> 11,12",125,False,1.0,101237.0,1,False,0.3884598766342037,9.13,2429688.0
"Fixed 100000, designed",2,24,55,"D 1,6 -> 10,13",125,False,0.9959997320864977,101237.0,1,False,0.38845987713842667,9.08,2530925.0
"Fixed 100000, designed",2,25,22,"D 0,1 -> 11,12",125,False,1.0,101237.0,1,False,0.3884601401917245,8.99,2632162.0
"Fixed 100000, designed",2,26,35,"D 0,7 -> 10,11",125,False,1.0,101237.0,1,False,0.3884601401895098,8.97,2733399.0
"Fixed 100000, designed",2,27,21,"D 0,1 -> 10,13",125,False,1.0,101237.0,1,False,0.3884601401986074,8.98,2834636.0
"Fixed 100000, designed",3,0,21,"D 0,1 -> 10,13",125,False,1.0,101237.0,1,False,0.38849321699798006,9.58,101237.0
"Fixed 100000, designed",3,1,2,S 1 -> 11,125,False,0.9999999547742731,101237.0,1,False,0.38849321699798006,9.29,202474.0
"Fixed 100000, designed",3,2,33,"D 0,5 -> 12,13",125,False,1.0,101237.0,1,False,0.38849321699798006,9.51,303711.0
"Fixed 100000, designed",3,3,29,"D 0,4 -> 10,12",125,False,1.0,101237.0,1,False,0.38849321699798006,9.27,404948.0
"Fixed 100000, designed",3,4,44,"D 1,2 -> 10,11",125,False,0.9144740504518412,101237.0,1,False,0.38849321699798006,9.07,506185.0
"Fixed 100000, designed",3,5,53,"D 1,5 -> 11,13",125,False,1.0,101237.0,1,False,0.38849321699798,9.06,607422.0
"Fixed 100000, designed",3,6,59,"D 1,8 -> 10,11",125,False,0.9896102502412257,101237.0,1,False,0.38849321699798,9.01,708659.0
"Fixed 100000, designed",3,7,52,"D 1,4 -> 12,13",125,False,1.0,101237.0,1,False,0.38849321699798,9.14,809896.0
"Fixed 100000, designed",3,8,58,"D 1,7 -> 11,13",125,False,0.9835670987626831,101237.0,1,False,0.38849321699798,9.19,911133.0
"Fixed 100000, designed",3,9,51,"D 1,4 -> 11,12",125,False,1.0,101237.0,1,False,0.3884924225749933,9.15,1012370.0
"Fixed 100000, designed",3,10,41,"D 0,9 -> 10,13",125,False,1.0,101237.0,1,False,0.3884924225613766,9.18,1113607.0
"Fixed 100000, designed",3,11,23,"D 0,1 -> 12,13",125,False,0.9221828520126354,101237.0,1,False,0.3884924225613766,9.07,1214844.0
"Fixed 100000, designed",3,12,63,"D 1,9 -> 11,13",125,False,1.0,101237.0,1,False,0.38848455862999476,9.07,1316081.0
"Fixed 100000, designed",3,13,31,"D 0,5 -> 10,13",125,False,1.0,101237.0,1,False,0.38848455862999476,9.08,1417318.0
"Fixed 100000, designed",3,14,59,"D 1,8 -> 10,11",125,False,0.9999995632680725,101237.0,1,False,0.38848455862999476,9.13,1518555.0
"Fixed 100000, designed",3,15,20,"D 0,1 -> 10,11",125,False,0.9206173669117182,101237.0,1,False,0.38848455862999476,9.26,1619792.0
"Fixed 100000, designed",3,16,31,"D 0,5 -> 10,13",125,False,1.0,101237.0,1,False,0.38848459889318876,9.12,1721029.0
"Fixed 100000, designed",3,17,42,"D 0,9 -> 11,12",125,False,1.0,101237.0,1,False,0.38848459889318876,9.06,1822266.0
"Fixed 100000, designed",3,18,51,"D 1,4 -> 11,12",125,False,1.0,101237.0,1,False,0.38848459889318876,9.2,1923503.0
"Fixed 100000, designed",3,19,38,"D 0,7 -> 12,13",125,False,1.0,101237.0,1,False,0.38848459889318876,9.19,2024740.0
"Fixed 100000, designed",3,20,59,"D 1,8 -> 10,11",125,False,0.9999999999997845,101237.0,1,False,0.38848459889318876,9.19,2125977.0
"Fixed 100000, designed",3,21,30,"D 0,5 -> 10,11",125,False,1.0,101237.0,1,False,0.38848459889318876,9.19,2227214.0
"Fixed 100000, designed",3,22,44,"D 1,2 -> 10,11",125,False,0.9999999999993623,101237.0,1,False,0.38848459889318876,9.16,2328451.0
"Fixed 100000, designed",3,23,31,"D 0,5 -> 10,13",125,False,1.0,101237.0,1,False,0.38848459889318876,9.08,2429688.0
"Fixed 100000, designed",3,24,2,S 1 -> 11,125,False,0.9999999296213572,101237.0,1,False,0.38848459889318876,9.01,2530925.0
"Fixed 100000, designed",3,25,20,"D 0,1 -> 10,11",125,False,0.9999999997148026,101237.0,1,False,0.3884845988931143,9.01,2632162.0
"Fixed 100000, designed",3,26,55,"D 1,6 -> 10,13",125,False,0.9961334015411736,101237.0,1,False,0.3884845988931143,9.04,2733399.0
"Fixed 100000, designed",3,27,61,"D 1,8 -> 11,12",125,False,1.0,101237.0,1,False,0.38848485772052554,8.88,2834636.0
"Fixed 100000, designed",4,0,49,"D 1,4 -> 10,11",125,False,1.0,101237.0,1,False,0.38849321699798006,9.62,101237.0
"Fixed 100000, designed",4,1,54,"D 1,6 -> 10,11",125,False,1.0,101237.0,1,False,0.38849321699798006,9.34,202474.0
"Fixed 100000, designed",4,2,41,"D 0,9 -> 10,13",125,False,1.0,101237.0,1,False,0.38849321699798006,9.45,303711.0
"Fixed 100000, designed",4,3,61,"D 1,8 -> 11,12",125,False,1.0,101237.0,1,False,0.38849321699798006,9.38,404948.0
"Fixed 100000, designed",4,4,29,"D 0,4 -> 10,12",125,False,1.0,101237.0,1,False,0.38849321699798006,10.06,506185.0
"Fixed 100000, designed",4,5,0,S 0 -> 10,125,False,0.999999954774273,101237.0,1,False,0.38849321699798006,9.68,607422.0
"Fixed 100000, designed",4,6,48,"D 1,3 -> 11,13",125,False,1.0,101237.0,1,False,0.38849321699798006,9.34,708659.0
"Fixed 100000, designed",4,7,46,"D 1,2 -> 11,12",125,False,1.0,101237.0,1,False,0.38849321699798006,9.34,809896.0
"Fixed 100000, designed",4,8,49,"D 1,4 -> 10,11",125,False,1.0,101237.0,1,False,0.38849321699798006,9.3,911133.0
"Fixed 100000, designed",4,9,54,"D 1,6 -> 10,11",125,False,1.0,101237.0,1,False,0.38849321699798006,9.3,1012370.0
"Fixed 100000, designed",4,10,33,"D 0,5 -> 12,13",125,False,1.0,101237.0,1,False,0.38849321699798006,9.29,1113607.0
"Fixed 100000, designed",4,11,49,"D 1,4 -> 10,11",125,False,1.0,101237.0,1,False,0.38849321699798006,9.26,1214844.0
"Fixed 100000, designed",4,12,60,"D 1,8 -> 10,13",125,False,1.0,101237.0,1,False,0.38849321699798006,9.22,1316081.0
"Fixed 100000, designed",4,13,41,"D 0,9 -> 10,13",125,False,1.0,101237.0,1,False,0.38849321699798006,9.2,1417318.0
"Fixed 100000, designed",4,14,24,"D 0,2 -> 10,12",125,False,1.0,101237.0,1,False,0.38849321699798006,9.2,1518555.0
"Fixed 100000, designed",4,15,27,"D 0,3 -> 11,12",125,False,1.0,101237.0,1,False,0.38849321699798006,9.24,1619792.0
"Fixed 100000, designed",4,16,24,"D 0,2 -> 10,12",125,False,1.0,101237.0,1,False,0.38849321699798006,9.12,1721029.0
"Fixed 100000, designed",4,17,60,"D 1,8 -> 10,13",125,False,1.0,101237.0,1,False,0.38849321699798006,9.09,1822266.0
"Fixed 100000, designed",4,18,2,S 1 -> 11,125,False,0.9999999548433344,101237.0,1,False,0.38849321699798006,9.38,1923503.0
"Fixed 100000, designed",4,19,46,"D 1,2 -> 11,12",125,False,1.0,101237.0,1,False,0.38849321699798006,9.33,2024740.0
"Fixed 100000, designed",4,20,26,"D 0,3 -> 10,13",125,False,1.0,101237.0,1,False,0.38849321699798006,9.19,2125977.0
"Fixed 100000, designed",4,21,31,"D 0,5 -> 10,13",125,False,1.0,101237.0,1,False,0.38849321699798006,9.18,2227214.0
"Fixed 100000, designed",4,22,2,S 1 -> 11,125,False,0.9999999999999722,101237.0,1,False,0.38849321699798006,9.18,2328451.0
"Fixed 100000, designed",4,23,49,"D 1,4 -> 10,11",125,False,1.0,101237.0,1,False,0.38849321699798006,9.12,2429688.0
"Fixed 100000, designed",4,24,30,"D 0,5 -> 10,11",125,False,1.0,101237.0,1,False,0.38849321699798006,9.05,2530925.0
"Fixed 100000, designed",4,25,40,"D 0,9 -> 10,11",125,False,0.9892046829458038,101237.0,1,False,0.38849321699798006,9.01,2632162.0
"Fixed 100000, designed",4,26,26,"D 0,3 -> 10,13",125,False,1.0,101237.0,1,False,0.38849321699797995,9.05,2733399.0
"Fixed 100000, designed",4,27,72,"D 2,5 -> 12,13",125,False,1.0,101237.0,1,False,0.38849321699797995,8.98,2834636.0
"Fixed 100000, designed",5,0,53,"D 1,5 -> 11,13",125,False,1.0,101237.0,1,False,0.38849321699798006,9.97,101237.0
"Fixed 100000, designed",5,1,50,"D 1,4 -> 10,13",125,False,1.0,101237.0,1,False,0.38849321699798006,9.85,202474.0
"Fixed 100000, designed",5,2,59,"D 1,8 -> 10,11",125,False,0.9892046836836055,101237.0,1,False,0.38849321699798006,9.27,303711.0
"Fixed 100000, designed",5,3,50,"D 1,4 -> 10,13",125,False,1.0,101237.0,1,False,0.3884932169979801,9.4,404948.0
"Fixed 100000, designed",5,4,47,"D 1,2 -> 12,13",125,False,0.899772946288474,101237.0,1,False,0.3884932169979801,9.38,506185.0
"Fixed 100000, designed",5,5,66,"D 2,3 -> 11,12",125,False,1.0,101237.0,1,False,0.38846251736681725,9.3,607422.0
"Fixed 100000, designed",5,6,34,"D 0,6 -> 10,12",125,False,0.983597085152993,101237.0,1,False,0.38846251736681725,9.21,708659.0
"Fixed 100000, designed",5,7,36,"D 0,7 -> 10,13",125,False,0.9875702747186792,101237.0,1,False,0.38846172735993845,9.68,809896.0
"Fixed 100000, designed",5,8,59,"D 1,8 -> 10,11",125,False,0.999999999998182,101237.0,1,False,0.3884603092696281,10.48,911133.0
"Fixed 100000, designed",5,9,37,"D 0,7 -> 11,12",125,False,0.9961925322086459,101237.0,1,False,0.3884603092684337,9.78,1012370.0
"Fixed 100000, designed",5,10,49,"D 1,4 -> 10,11",125,False,1.0,101237.0,1,False,0.3884605621013309,9.21,1113607.0
"Fixed 100000, designed",5,11,49,"D 1,4 -> 10,11",125,False,1.0,101237.0,1,False,0.3884605621013309,9.25,1214844.0
"Fixed 100000, designed",5,12,80,"D 2,9 -> 10,13",125,False,1.0,101237.0,1,False,0.3884605621013309,9.14,1316081.0
"Fixed 100000, designed",5,13,31,"D 0,5 -> 10,13",125,False,1.0,101237.0,1,False,0.3884605621013309,9.07,1417318.0
"Fixed 100000, designed",5,14,33,"D 0,5 -> 12,13",125,False,1.0,101237.0,1,False,0.3884605621013309,9.05,1518555.0
"Fixed 100000, designed",5,15,57,"D 1,6 -> 12,13",125,False,1.0,101237.0,1,False,0.3884605621013309,9.1,1619792.0
"Fixed 100000, designed",5,16,25,"D 0,3 -> 10,11",125,False,0.9144474587723561,101237.0,1,False,0.3884605621013309,9.05,1721029.0
"Fixed 100000, designed",5,17,38,"D 0,7 -> 12,13",125,False,1.0,101237.0,1,False,0.3884605610543398,9.1,1822266.0
"Fixed 100000, designed",5,18,21,"D 0,1 -> 10,13",125,False,1.0,101237.0,1,False,0.3884605610543398,9.09,1923503.0
"Fixed 100000, designed",5,19,45,"D 1,2 -> 10,13",125,False,1.0,101237.0,1,False,0.3884605610543398,9.15,2024740.0
"Fixed 100000, designed",5,20,44,"D 1,2 -> 10,11",125,False,0.9152973084387905,101237.0,1,False,0.3884605610543398,9.14,2125977.0
"Fixed 100000, designed",5,21,33,"D 0,5 -> 12,13",125,False,1.0,101237.0,1,False,0.3884608131359677,9.11,2227214.0
"Fixed 100000, designed",5,22,27,"D 0,3 -> 11,12",125,False,1.0,101237.0,1,False,0.3884608121579319,9.14,2328451.0
"Fixed 100000, designed",5,23,52,"D 1,4 -> 12,13",125,False,1.0,101237.0,1,False,0.3884608121579319,9.07,2429688.0
"Fixed 100000, designed",5,24,1,S 0 -> 12,125,False,1.0,101237.0,1,False,0.3884608121579319,8.94,2530925.0
"Fixed 100000, designed",5,25,47,"D 1,2 -> 12,13",125,False,0.9999999450097163,101237.0,1,False,0.3884608121579319,8.93,2632162.0
"Fixed 100000, designed",5,26,37,"D 0,7 -> 11,12",125,False,0.9999999961059434,101237.0,1,False,0.38846081213490063,8.94,2733399.0
"Fixed 100000, designed",5,27,2,S 1 -> 11,125,False,0.9998976375209254,101237.0,1,False,0.3884608121546081,8.96,2834636.0
"Fixed 100000, designed",6,0,63,"D 1,9 -> 11,13",125,False,1.0,101237.0,1,False,0.38849321699798006,10.27,101237.0
"Fixed 100000, designed",6,1,46,"D 1,2 -> 11,12",125,False,1.0,101237.0,1,False,0.38849321699798006,9.94,202474.0
"Fixed 100000, designed",6,2,30,"D 0,5 -> 10,11",125,False,1.0,101237.0,1,False,0.38849321699798006,9.26,303711.0
"Fixed 100000, designed",6,3,54,"D 1,6 -> 10,11",125,False,1.0,101237.0,1,False,0.38849321699798006,9.26,404948.0
"Fixed 100000, designed",6,4,51,"D 1,4 -> 11,12",125,False,1.0,101237.0,1,False,0.38849321699798006,10.03,506185.0
"Fixed 100000, designed",6,5,55,"D 1,6 -> 10,13",125,False,0.9961866202613292,101237.0,1,False,0.38849321699798006,9.91,607422.0
"Fixed 100000, designed",6,6,2,S 1 -> 11,125,False,0.9999866700819591,101237.0,1,False,0.38849347169930637,9.86,708659.0
"Fixed 100000, designed",6,7,84,"D 3,4 -> 10,13",125,False,1.0,101237.0,1,False,0.3884934717004378,10.1,809896.0
"Fixed 100000, designed",6,8,37,"D 0,7 -> 11,12",125,False,0.9961866139910275,101237.0,1,False,0.38849347170075016,10.13,911133.0
"Fixed 100000, designed",6,9,80,"D 2,9 -> 10,13",125,False,1.0,101237.0,1,False,0.38849372640595076,9.74,1012370.0
"Fixed 100000, designed",6,10,55,"D 1,6 -> 10,13",125,False,0.9999999999500354,101237.0,1,False,0.38849372640595076,9.41,1113607.0
"Fixed 100000, designed",6,11,48,"D 1,3 -> 11,13",125,False,1.0,101237.0,1,False,0.38849372640595076,9.37,1214844.0
"Fixed 100000, designed",6,12,50,"D 1,4 -> 10,13",125,False,1.0,101237.0,1,False,0.38849372640595076,9.39,1316081.0
"Fixed 100000, designed",6,13,35,"D 0,7 -> 10,11",125,False,1.0,101237.0,1,False,0.38849372640595076,9.4,1417318.0
"Fixed 100000, designed",6,14,61,"D 1,8 -> 11,12",125,False,1.0,101237.0,1,False,0.38849372640595076,9.59,1518555.0
"Fixed 100000, designed",6,15,57,"D 1,6 -> 12,13",125,False,1.0,101237.0,1,False,0.38849372640595076,9.58,1619792.0
"Fixed 100000, designed",6,16,34,"D 0,6 -> 10,12",125,False,0.9836176570669359,101237.0,1,False,0.38849372640595076,9.59,1721029.0
"Fixed 100000, designed",6,17,61,"D 1,8 -> 11,12",125,False,1.0,101237.0,1,False,0.38849293181161715,9.64,1822266.0
"Fixed 100000, designed",6,18,55,"D 1,6 -> 10,13",125,False,0.9999999999236816,101237.0,1,False,0.38849293181161715,9.65,1923503.0
"Fixed 100000, designed",6,19,72,"D 2,5 -> 12,13",125,False,1.0,101237.0,1,False,0.38849293181161715,9.67,2024740.0
"Fixed 100000, designed",6,20,36,"D 0,7 -> 10,13",125,False,0.9875497599359978,101237.0,1,False,0.38849293181161715,9.23,2125977.0
"Fixed 100000, designed",6,21,57,"D 1,6 -> 12,13",125,False,1.0,101237.0,1,False,0.388491515969175,9.49,2227214.0
"Fixed 100000, designed",6,22,35,"D 0,7 -> 10,11",125,False,1.0,101237.0,1,False,0.388491515969175,9.14,2328451.0
"Fixed 100000, designed",6,23,40,"D 0,9 -> 10,11",125,False,0.9894038300576458,101237.0,1,False,0.388491515969175,9.13,2429688.0
"Fixed 100000, designed",6,24,47,"D 1,2 -> 12,13",125,False,0.8997666832914681,101237.0,1,False,0.38849152801135584,9.09,2530925.0
"Fixed 100000, designed",6,25,30,"D 0,5 -> 10,11",125,False,1.0,101237.0,1,False,0.38846083603409737,9.09,2632162.0
"Fixed 100000, designed",6,26,21,"D 0,1 -> 10,13",125,False,1.0,101237.0,1,False,0.3884608362031743,8.95,2733399.0
"Fixed 100000, designed",6,27,28,"D 0,3 -> 12,13",125,False,0.9001302662480898,101237.0,1,False,0.388460836194293,8.89,2834636.0
"Fixed 100000, designed",7,0,30,"D 0,5 -> 10,11",125,False,1.0,101237.0,1,False,0.38849321699798006,9.98,101237.0
"Fixed 100000, designed",7,1,35,"D 0,7 -> 10,11",125,False,1.0,101237.0,1,False,0.38849321699798006,9.82,202474.0
"Fixed 100000, designed",7,2,58,"D 1,7 -> 11,13",125,False,0.983598367026149,101237.0,1,False,0.38849321699798006,9.27,303711.0
"Fixed 100000, designed",7,3,29,"D 0,4 -> 10,12",125,False,1.0,101237.0,1,False,0.38849242696018776,9.84,404948.0
"Fixed 100000, designed",7,4,28,"D 0,3 -> 12,13",125,False,0.8997727439167829,101237.0,1,False,0.38849242696018776,9.96,506185.0
"Fixed 100000, designed",7,5,49,"D 1,4 -> 10,11",125,False,1.0,101237.0,1,False,0.3884617273320634,9.55,607422.0
"Fixed 100000, designed",7,6,34,"D 0,6 -> 10,12",125,False,0.9836360484516138,101237.0,1,False,0.3884617273320634,9.4,708659.0
"Fixed 100000, designed",7,7,31,"D 0,5 -> 10,13",125,False,1.0,101237.0,1,False,0.388460941277761,9.84,809896.0
"Fixed 100000, designed",7,8,29,"D 0,4 -> 10,12",125,False,1.0,101237.0,1,False,0.388460941277761,9.16,911133.0
"Fixed 100000, designed",7,9,54,"D 1,6 -> 10,11",125,False,1.0,101237.0,1,False,0.388460941277761,9.31,1012370.0
"Fixed 100000, designed",7,10,53,"D 1,5 -> 11,13",125,False,1.0,101237.0,1,False,0.388460941277761,9.82,1113607.0
"Fixed 100000, designed",7,11,61,"D 1,8 -> 11,12",125,False,1.0,101237.0,1,False,0.388460941277761,9.96,1214844.0
"Fixed 100000, designed",7,12,54,"D 1,6 -> 10,11",125,False,1.0,101237.0,1,False,0.388460941277761,10.18,1316081.0
"Fixed 100000, designed",7,13,45,"D 1,2 -> 10,13",125,False,1.0,101237.0,1,False,0.388460941277761,9.48,1417318.0
"Fixed 100000, designed",7,14,31,"D 0,5 -> 10,13",125,False,1.0,101237.0,1,False,0.388460941277761,9.46,1518555.0
"Fixed 100000, designed",7,15,44,"D 1,2 -> 10,11",125,False,0.9144431402364942,101237.0,1,False,0.388460941277761,9.02,1619792.0
"Fixed 100000, designed",7,16,59,"D 1,8 -> 10,11",125,False,0.9897420923697114,101237.0,1,False,0.3884609302035098,9.09,1721029.0
"Fixed 100000, designed",7,17,49,"D 1,4 -> 10,11",125,False,1.0,101237.0,1,False,0.3884609370970717,9.43,1822266.0
"Fixed 100000, designed",7,18,25,"D 0,3 -> 10,11",125,False,0.915225843676879,101237.0,1,False,0.3884609370970717,9.01,1923503.0
"Fixed 100000, designed",7,19,1,S 0 -> 12,125,False,1.0,101237.0,1,False,0.3884611773491508,9.07,2024740.0
"Fixed 100000, designed",7,20,42,"D 0,9 -> 11,12",125,False,1.0,101237.0,1,False,0.3884611774537978,9.05,2125977.0
"Fixed 100000, designed",7,21,125,"D 6,7 -> 12,13",125,True,0.0,101237.0,1,False,0.38846117745376585,9.08,2227214.0
"Fixed 100000, designed",7,22,58,"D 1,7 -> 11,13",136,False,0.9999873848576503,101197.0,1,False,0.36657647764109896,9.04,2328411.0
"Fixed 100000, designed",7,23,32,"D 0,5 -> 11,12",136,False,1.0,101198.0,1,False,0.34767642057071396,8.9,2429609.0
"Fixed 100000, designed",7,24,27,"D 0,3 -> 11,12",136,False,1.0,101198.0,1,False,0.34767642057071396,8.92,2530807.0
"Fixed 100000, designed",7,25,2,S 1 -> 11,136,False,0.9968897534979375,101198.0,1,False,0.34767642057071396,8.9,2632005.0
"Fixed 100000, designed",7,26,36,"D 0,7 -> 10,13",136,False,0.9972184926346362,101198.0,1,False,0.34767641219438655,9.03,2733203.0
"Fixed 100000, designed",7,27,41,"D 0,9 -> 10,13",136,False,1.0,101198.0,1,False,0.34767641239002645,8.97,2834401.0
"Fixed 100000, designed",8,0,51,"D 1,4 -> 11,12",125,False,1.0,101237.0,1,False,0.38849321699798006,10.0,101237.0
"Fixed 100000, designed",8,1,46,"D 1,2 -> 11,12",125,False,1.0,101237.0,1,False,0.38849321699798006,9.73,202474.0
"Fixed 100000, designed",8,2,49,"D 1,4 -> 10,11",125,False,1.0,101237.0,1,False,0.38849321699798006,9.45,303711.0
"Fixed 100000, designed",8,3,42,"D 0,9 -> 11,12",125,False,1.0,101237.0,1,False,0.38849321699798006,9.41,404948.0
"Fixed 100000, designed",8,4,50,"D 1,4 -> 10,13",125,False,1.0,101237.0,1,False,0.38849321699798006,9.26,506185.0
"Fixed 100000, designed",8,5,53,"D 1,5 -> 11,13",125,False,1.0,101237.0,1,False,0.38849321699798006,9.19,607422.0
"Fixed 100000, designed",8,6,57,"D 1,6 -> 12,13",125,False,1.0,101237.0,1,False,0.38849321699798006,9.18,708659.0
"Fixed 100000, designed",8,7,125,"D 6,7 -> 12,13",125,True,0.0,101237.0,1,False,0.38849321699798006,9.13,809896.0
"Fixed 100000, designed",8,8,53,"D 1,5 -> 11,13",136,False,1.0,101197.0,1,False,0.3666375436386704,9.28,911093.0
"Fixed 100000, designed",8,9,27,"D 0,3 -> 11,12",136,False,1.0,101197.0,1,False,0.3666375436386704,9.16,1012290.0
"Fixed 100000, designed",8,10,32,"D 0,5 -> 11,12",136,False,1.0,101197.0,1,False,0.3666375436386704,9.14,1113487.0
"Fixed 100000, designed",8,11,49,"D 1,4 -> 10,11",136,False,1.0,101197.0,1,False,0.3666375436386704,9.1,1214684.0
"Fixed 100000, designed",8,12,49,"D 1,4 -> 10,11",136,False,1.0,101197.0,1,False,0.3666375436386704,9.15,1315881.0
"Fixed 100000, designed",8,13,37,"D 0,7 -> 11,12",136,False,0.9906560090383366,101197.0,1,False,0.3666375436386704,9.11,1417078.0
"Fixed 100000, designed",8,14,63,"D 1,9 -> 11,13",136,False,1.0,101197.0,1,False,0.3666375406159247,9.09,1518275.0
"Fixed 100000, designed",8,15,62,"D 1,8 -> 12,13",136,False,0.9795215529831471,101197.0,1,False,0.3666375406159247,9.3,1619472.0
"Fixed 100000, designed",8,16,24,"D 0,2 -> 10,12",136,False,1.0,101197.0,1,False,0.366637526216755,9.1,1720669.0
"Fixed 100000, designed",8,17,32,"D 0,5 -> 11,12",136,False,1.0,101197.0,1,False,0.366637526216763,9.15,1821866.0
"Fixed 100000, designed",8,18,26,"D 0,3 -> 10,13",136,False,1.0,101197.0,1,False,0.3666375262167687,9.36,1923063.0
"Fixed 100000, designed",8,19,30,"D 0,5 -> 10,11",136,False,1.0,101197.0,1,False,0.3666375262167816,9.26,2024260.0
"Fixed 100000, designed",8,20,29,"D 0,4 -> 10,12",136,False,1.0,101197.0,1,False,0.36663752621678597,9.13,2125457.0
"Fixed 100000, designed",8,21,34,"D 0,6 -> 10,12",136,False,0.9885768157961331,101197.0,1,False,0.366637526216793,9.31,2226654.0
"Fixed 100000, designed",8,22,59,"D 1,8 -> 10,11",136,False,0.988635370865286,101197.0,1,False,0.3666375217737452,9.38,2327851.0
"Fixed 100000, designed",8,23,36,"D 0,7 -> 10,13",136,False,0.9979440780212594,101197.0,1,False,0.3666335509337654,9.21,2429048.0
"Fixed 100000, designed",8,24,62,"D 1,8 -> 12,13",136,False,0.9999912106785324,101197.0,1,False,0.366633550774907,9.1,2530245.0
"Fixed 100000, designed",8,25,72,"D 2,5 -> 12,13",136,False,1.0,101201.0,1,False,0.34520825723626003,9.09,2631446.0
"Fixed 100000, designed",8,26,27,"D 0,3 -> 11,12",136,False,1.0,101201.0,1,False,0.34520825723626003,9.08,2732647.0
"Fixed 100000, designed",8,27,27,"D 0,3 -> 11,12",136,False,1.0,101201.0,1,False,0.34520825723626003,9.02,2833848.0
"Fixed 100000, designed",9,0,32,"D 0,5 -> 11,12",125,False,1.0,101237.0,1,False,0.38849321699798006,10.21,101237.0
"Fixed 100000, designed",9,1,22,"D 0,1 -> 11,12",125,False,1.0,101237.0,1,False,0.38849321699798006,9.87,202474.0
"Fixed 100000, designed",9,2,62,"D 1,8 -> 12,13",125,False,0.9775723422828257,101237.0,1,False,0.38849321699798006,9.28,303711.0
"Fixed 100000, designed",9,3,43,"D 0,9 -> 12,13",125,False,0.9775885936013721,101237.0,1,False,0.3884929925007311,9.23,404948.0
"Fixed 100000, designed",9,4,32,"D 0,5 -> 11,12",125,False,1.0,101237.0,1,False,0.38849276835568186,9.47,506185.0
"Fixed 100000, designed",9,5,25,"D 0,3 -> 10,11",125,False,0.9144739556141125,101237.0,1,False,0.38849276835568186,9.03,607422.0
"Fixed 100000, designed",9,6,34,"D 0,6 -> 10,12",125,False,0.9833913034163545,101237.0,1,False,0.3884927683559862,9.19,708659.0
"Fixed 100000, designed",9,7,25,"D 0,3 -> 10,11",125,False,0.9999999998912866,101237.0,1,False,0.3884919621701305,9.11,809896.0
"Fixed 100000, designed",9,8,52,"D 1,4 -> 12,13",125,False,1.0,101237.0,1,False,0.38849196216204107,9.26,911133.0
"Fixed 100000, designed",9,9,0,S 0 -> 10,125,False,0.999955667240069,101237.0,1,False,0.38849196216204107,9.25,1012370.0
"Fixed 100000, designed",9,10,34,"D 0,6 -> 10,12",125,False,0.9999997233908445,101237.0,1,False,0.38849196208364484,9.16,1113607.0
"Fixed 100000, designed",9,11,62,"D 1,8 -> 12,13",125,False,0.9999999999110186,101237.0,1,False,0.38849196208364484,9.12,1214844.0
"Fixed 100000, designed",9,12,125,"D 6,7 -> 12,13",125,True,0.0,101237.0,1,False,0.38849196208364484,9.08,1316081.0
"Fixed 100000, designed",9,13,43,"D 0,9 -> 12,13",136,False,0.999999996505982,101197.0,1,False,0.36660871661356065,9.09,1417278.0
"Fixed 100000, designed",9,14,80,"D 2,9 -> 10,13",136,False,1.0,101203.0,1,False,0.3666087416000389,9.01,1518481.0
"Fixed 100000, designed",9,15,41,"D 0,9 -> 10,13",136,False,1.0,101203.0,1,False,0.3666087416000389,9.06,1619684.0
"Fixed 100000, designed",9,16,47,"D 1,2 -> 12,13",136,False,0.9335496383507327,101203.0,1,False,0.3666087416000389,9.07,1720887.0
"Fixed 100000, designed",9,17,80,"D 2,9 -> 10,13",136,False,1.0,101203.0,1,False,0.3666087489379351,9.07,1822090.0
"Fixed 100000, designed",9,18,28,"D 0,3 -> 12,13",136,False,0.9340095427204153,101203.0,1,False,0.3666087489379351,9.1,1923293.0
"Fixed 100000, designed",9,19,62,"D 1,8 -> 12,13",136,False,0.999999890637923,101203.0,1,False,0.36660890769100524,9.1,2024496.0
"Fixed 100000, designed",9,20,42,"D 0,9 -> 11,12",136,False,1.0,101203.0,1,False,0.36660890771183635,9.12,2125699.0
"Fixed 100000, designed",9,21,25,"D 0,3 -> 10,11",136,False,0.9998753177198342,101203.0,1,False,0.36660890771183635,9.14,2226902.0
"Fixed 100000, designed",9,22,24,"D 0,2 -> 10,12",136,False,1.0,101203.0,1,False,0.3666087972191846,9.16,2328105.0
"Fixed 100000, designed",9,23,59,"D 1,8 -> 10,11",136,False,0.9886769357132292,101203.0,1,False,0.3666087972237262,9.08,2429308.0
"Fixed 100000, designed",9,24,80,"D 2,9 -> 10,13",136,False,1.0,101203.0,1,False,0.3666048430730309,8.98,2530511.0
"Fixed 100000, designed",9,25,24,"D 0,2 -> 10,12",136,False,1.0,101203.0,1,False,0.36660484254031506,8.95,2631714.0
"Fixed 100000, designed",9,26,49,"D 1,4 -> 10,11",136,False,1.0,101203.0,1,False,0.36660484254031506,8.94,2732917.0
"Fixed 100000, designed",9,27,34,"D 0,6 -> 10,12",136,False,0.9999859029300707,101203.0,1,False,0.36660484254031506,8.88,2834120.0
"Fixed 100000, designed",10,0,30,"D 0,5 -> 10,11",125,False,1.0,101237.0,1,False,0.38849321699798006,9.98,101237.0
"Fixed 100000, designed",10,1,26,"D 0,3 -> 10,13",125,False,1.0,101237.0,1,False,0.38849321699798006,9.52,202474.0
"Fixed 100000, designed",10,2,57,"D 1,6 -> 12,13",125,False,1.0,101237.0,1,False,0.38849321699798006,9.72,303711.0
"Fixed 100000, designed",10,3,62,"D 1,8 -> 12,13",125,False,0.9775723422828257,101237.0,1,False,0.38849321699798006,9.73,404948.0
"Fixed 100000, designed",10,4,23,"D 0,1 -> 12,13",125,False,0.9221149826833854,101237.0,1,False,0.3884929925007311,9.56,506185.0
"Fixed 100000, designed",10,5,33,"D 0,5 -> 12,13",125,False,1.0,101237.0,1,False,0.388485120373585,9.92,607422.0
"Fixed 100000, designed",10,6,51,"D 1,4 -> 11,12",125,False,1.0,101237.0,1,False,0.388485120373585,9.85,708659.0
"Fixed 100000, designed",10,7,23,"D 0,1 -> 12,13",125,False,0.9999999999999999,101237.0,1,False,0.388485120373585,10.05,809896.0
"Fixed 100000, designed",10,8,24,"D 0,2 -> 10,12",125,False,1.0,101237.0,1,False,0.388485120373585,9.46,911133.0
"Fixed 100000, designed",10,9,55,"D 1,6 -> 10,13",125,False,0.996191795049506,101237.0,1,False,0.388485120373585,9.18,1012370.0
"Fixed 100000, designed",10,10,44,"D 1,2 -> 10,11",125,False,0.9144649418074282,101237.0,1,False,0.3884853745873355,9.14,1113607.0
"Fixed 100000, designed",10,11,1,S 0 -> 12,125,False,1.0,101237.0,1,False,0.3884853856900584,9.18,1214844.0
"Fixed 100000, designed",10,12,56,"D 1,6 -> 11,12",125,False,0.9873371469612102,101237.0,1,False,0.3884853856900584,9.16,1316081.0
"Fixed 100000, designed",10,13,30,"D 0,5 -> 10,11",125,False,1.0,101237.0,1,False,0.3884839331506331,9.15,1417318.0
"Fixed 100000, designed",10,14,58,"D 1,7 -> 11,13",125,False,0.9835319373132555,101237.0,1,False,0.3884839331506331,9.29,1518555.0
"Fixed 100000, designed",10,15,50,"D 1,4 -> 10,13",125,False,1.0,101237.0,1,False,0.3884831475961102,9.29,1619792.0
"Fixed 100000, designed",10,16,23,"D 0,1 -> 12,13",125,False,0.9999992836555007,101237.0,1,False,0.3884831476864375,9.35,1721029.0
"Fixed 100000, designed",10,17,27,"D 0,3 -> 11,12",125,False,1.0,101237.0,1,False,0.3884831476864375,9.36,1822266.0
"Fixed 100000, designed",10,18,48,"D 1,3 -> 11,13",125,False,1.0,101237.0,1,False,0.3884831476864375,9.36,1923503.0
"Fixed 100000, designed",10,19,53,"D 1,5 -> 11,13",125,False,1.0,101237.0,1,False,0.3884831476864375,9.28,2024740.0
"Fixed 100000, designed",10,20,66,"D 2,3 -> 11,12",125,False,1.0,101237.0,1,False,0.3884831476864375,9.12,2125977.0
"Fixed 100000, designed",10,21,55,"D 1,6 -> 10,13",125,False,0.9999996350239029,101237.0,1,False,0.3884831476864375,9.05,2227214.0
"Fixed 100000, designed",10,22,54,"D 1,6 -> 10,11",125,False,1.0,101237.0,1,False,0.3884831476864375,9.01,2328451.0
"Fixed 100000, designed",10,23,46,"D 1,2 -> 11,12",125,False,1.0,101237.0,1,False,0.3884831476864375,9.24,2429688.0
"Fixed 100000, designed",10,24,44,"D 1,2 -> 10,11",125,False,0.9999996250143606,101237.0,1,False,0.3884831476864375,9.26,2530925.0
"Fixed 100000, designed",10,25,36,"D 0,7 -> 10,13",125,False,0.9874277858025834,101237.0,1,False,0.3884831476864375,9.43,2632162.0
"Fixed 100000, designed",10,26,58,"D 1,7 -> 11,13",125,False,0.9999995711692673,101237.0,1,False,0.3884817084325536,9.45,2733399.0
"Fixed 100000, designed",10,27,62,"D 1,8 -> 12,13",125,False,0.9999999891059027,101237.0,1,False,0.3884817084325536,8.97,2834636.0
"Fixed 100000, designed",11,0,50,"D 1,4 -> 10,13",125,False,1.0,101237.0,1,False,0.38849321699798006,10.02,101237.0
"Fixed 100000, designed",11,1,33,"D 0,5 -> 12,13",125,False,1.0,101237.0,1,False,0.38849321699798006,9.57,202474.0
"Fixed 100000, designed",11,2,60,"D 1,8 -> 10,13",125,False,1.0,101237.0,1,False,0.38849321699798006,9.88,303711.0
"Fixed 100000, designed",11,3,61,"D 1,8 -> 11,12",125,False,1.0,101237.0,1,False,0.38849321699798006,9.87,404948.0
"Fixed 100000, designed",11,4,36,"D 0,7 -> 10,13",125,False,0.9874117467648198,101237.0,1,False,0.38849321699798006,9.87,506185.0
"Fixed 100000, designed",11,5,54,"D 1,6 -> 10,11",125,False,1.0,101237.0,1,False,0.38849177481555025,9.93,607422.0
"Fixed 100000, designed",11,6,26,"D 0,3 -> 10,13",125,False,1.0,101237.0,1,False,0.38849177481555025,9.91,708659.0
"Fixed 100000, designed",11,7,52,"D 1,4 -> 12,13",125,False,1.0,101237.0,1,False,0.38849177481555025,9.81,809896.0
"Fixed 100000, designed",11,8,55,"D 1,6 -> 10,13",125,False,0.9961795419483979,101237.0,1,False,0.38849177481555025,9.92,911133.0
"Fixed 100000, designed",11,9,38,"D 0,7 -> 12,13",125,False,1.0,101237.0,1,False,0.38849202973920155,9.82,1012370.0
"Fixed 100000, designed",11,10,44,"D 1,2 -> 10,11",125,False,0.9144663699139919,101237.0,1,False,0.38849202973960767,9.72,1113607.0
"Fixed 100000, designed",11,11,52,"D 1,4 -> 12,13",125,False,1.0,101237.0,1,False,0.38849204071853405,9.51,1214844.0
"Fixed 100000, designed",11,12,55,"D 1,6 -> 10,13",125,False,0.9999999971403283,101237.0,1,False,0.38849204071853405,9.39,1316081.0
"Fixed 100000, designed",11,13,34,"D 0,6 -> 10,12",125,False,0.983723734517547,101237.0,1,False,0.38849204071853405,9.3,1417318.0
"Fixed 100000, designed",11,14,24,"D 0,2 -> 10,12",125,False,1.0,101237.0,1,False,0.3884912741112538,9.26,1518555.0
"Fixed 100000, designed",11,15,1,S 0 -> 12,125,False,1.0,101237.0,1,False,0.3884912741112448,9.24,1619792.0
"Fixed 100000, designed",11,16,31,"D 0,5 -> 10,13",125,False,1.0,101237.0,1,False,0.3884912741112448,9.36,1721029.0
"Fixed 100000, designed",11,17,41,"D 0,9 -> 10,13",125,False,1.0,101237.0,1,False,0.3884912741112448,9.35,1822266.0
"Fixed 100000, designed",11,18,24,"D 0,2 -> 10,12",125,False,1.0,101237.0,1,False,0.3884912741112448,9.33,1923503.0
"Fixed 100000, designed",11,19,55,"D 1,6 -> 10,13",125,False,0.9999999999839256,101237.0,1,False,0.3884912741112448,9.38,2024740.0
"Fixed 100000, designed",11,20,21,"D 0,1 -> 10,13",125,False,1.0,101237.0,1,False,0.3884912741112448,9.26,2125977.0
"Fixed 100000, designed",11,21,0,S 0 -> 10,125,False,0.9996191134918768,101237.0,1,False,0.3884912741112448,9.19,2227214.0
"Fixed 100000, designed",11,22,40,"D 0,9 -> 10,11",125,False,0.9894234688650337,101237.0,1,False,0.38849127243186266,9.26,2328451.0
"Fixed 100000, designed",11,23,3,S 1 -> 13,125,False,1.0,101237.0,1,False,0.38849128739824906,9.12,2429688.0
"Fixed 100000, designed",11,24,24,"D 0,2 -> 10,12",125,False,1.0,101237.0,1,False,0.38849128739824906,9.12,2530925.0
"Fixed 100000, designed",11,25,0,S 0 -> 10,125,False,0.9999999893364603,101237.0,1,False,0.38849128739824906,9.07,2632162.0
"Fixed 100000, designed",11,26,45,"D 1,2 -> 10,13",125,False,1.0,101237.0,1,False,0.38849128739824906,8.96,2733399.0
"Fixed 100000, designed",11,27,35,"D 0,7 -> 10,11",125,False,1.0,101237.0,1,False,0.38849128739824906,8.97,2834636.0
"Fixed 100000, uniform",0,0,20,"D 0,1 -> 10,11",125,False,0.9222254603184719,101308.0,1,False,0.38849321699798006,9.71,101308.0
"Fixed 100000, uniform",0,1,21,"D 0,1 -> 10,13",125,False,1.0,101308.0,1,False,0.3884932169979801,9.32,202616.0
"Fixed 100000, uniform",0,2,23,"D 0,1 -> 12,13",125,False,0.9223647537886867,101308.0,1,False,0.3884932169979801,8.88,303924.0
"Fixed 100000, uniform",0,3,0,S 0 -> 10,125,False,0.999847964363175,101308.0,1,False,0.38848539201235355,9.04,405232.0
"Fixed 100000, uniform",0,4,0,S 0 -> 10,125,False,0.9999999999367435,101308.0,1,False,0.38848539200852,8.95,506540.0
"Fixed 100000, uniform",0,5,47,"D 1,2 -> 12,13",125,False,0.899003231355948,101308.0,1,False,0.38848539200852,8.98,607848.0
"Fixed 100000, uniform",0,6,63,"D 1,9 -> 11,13",125,False,1.0,101308.0,1,False,0.3884542387949523,8.88,709156.0
"Fixed 100000, uniform",0,7,21,"D 0,1 -> 10,13",125,False,1.0,101308.0,1,False,0.38845423879113133,8.89,810464.0
"Fixed 100000, uniform",0,8,1,S 0 -> 12,125,False,1.0,101308.0,1,False,0.38845423879113133,8.96,911772.0
"Fixed 100000, uniform",0,9,23,"D 0,1 -> 12,13",125,False,0.9999999995758191,101308.0,1,False,0.38845423879113133,8.96,1013080.0
"Fixed 100000, uniform",0,10,47,"D 1,2 -> 12,13",125,False,0.9999999951987792,101308.0,1,False,0.38845423879113133,8.9,1114388.0
"Fixed 100000, uniform",0,11,63,"D 1,9 -> 11,13",125,False,1.0,101308.0,1,False,0.38845423879113133,8.92,1215696.0
"Fixed 100000, uniform",0,12,63,"D 1,9 -> 11,13",125,False,1.0,101308.0,1,False,0.38845423879113133,8.88,1317004.0
"Fixed 100000, uniform",0,13,61,"D 1,8 -> 11,12",125,False,1.0,101308.0,1,False,0.38845423879113133,8.91,1418312.0
"Fixed 100000, uniform",0,14,0,S 0 -> 10,125,False,0.9999999962538965,101308.0,1,False,0.38845423879113133,8.88,1519620.0
"Fixed 100000, uniform",0,15,63,"D 1,9 -> 11,13",125,False,1.0,101308.0,1,False,0.38845423879113133,8.94,1620928.0
"Fixed 100000, uniform",0,16,63,"D 1,9 -> 11,13",125,False,1.0,101308.0,1,False,0.38845423879113133,8.9,1722236.0
"Fixed 100000, uniform",0,17,0,S 0 -> 10,125,False,0.9999999962538965,101308.0,1,False,0.38845423879113133,8.9,1823544.0
"Fixed 100000, uniform",0,18,63,"D 1,9 -> 11,13",125,False,1.0,101308.0,1,False,0.38845423879113133,8.86,1924852.0
"Fixed 100000, uniform",0,19,63,"D 1,9 -> 11,13",125,False,1.0,101308.0,1,False,0.38845423879113133,8.89,2026160.0
"Fixed 100000, uniform",0,20,2,S 1 -> 11,125,False,0.999814837901714,101308.0,1,False,0.38845423879113133,8.86,2127468.0
"Fixed 100000, uniform",0,21,0,S 0 -> 10,125,False,0.9999997188142166,101308.0,1,False,0.38845423885293756,8.92,2228776.0
"Fixed 100000, uniform",0,22,63,"D 1,9 -> 11,13",125,False,1.0,101308.0,1,False,0.3884542388369489,9.04,2330084.0
"Fixed 100000, uniform",0,23,22,"D 0,1 -> 11,12",125,False,1.0,101308.0,1,False,0.3884542388369489,8.98,2431392.0
"Fixed 100000, uniform",0,24,39,"D 0,8 -> 10,12",125,False,1.0,101308.0,1,False,0.3884542388369489,8.97,2532700.0
"Fixed 100000, uniform",0,25,20,"D 0,1 -> 10,11",125,False,0.9999997275332986,101308.0,1,False,0.3884542388369489,9.04,2634008.0
"Fixed 100000, uniform",0,26,0,S 0 -> 10,125,False,0.9999998708455974,101308.0,1,False,0.3884542388369489,8.92,2735316.0
"Fixed 100000, uniform",0,27,21,"D 0,1 -> 10,13",125,False,1.0,101308.0,1,False,0.3884542388369489,8.89,2836624.0
"Fixed 100000, uniform",1,0,0,S 0 -> 10,125,False,0.999999954774273,101308.0,1,False,0.38849321699798006,9.71,101308.0
"Fixed 100000, uniform",1,1,63,"D 1,9 -> 11,13",125,False,1.0,101308.0,1,False,0.38849321699798006,9.38,202616.0
"Fixed 100000, uniform",1,2,22,"D 0,1 -> 11,12",125,False,1.0,101308.0,1,False,0.38849321699798006,8.91,303924.0
"Fixed 100000, uniform",1,3,63,"D 1,9 -> 11,13",125,False,1.0,101308.0,1,False,0.38849321699798006,8.88,405232.0
"Fixed 100000, uniform",1,4,21,"D 0,1 -> 10,13",125,False,1.0,101308.0,1,False,0.38849321699798006,8.79,506540.0
"Fixed 100000, uniform",1,5,20,"D 0,1 -> 10,11",125,False,0.9222254601336232,101308.0,1,False,0.38849321699798006,8.91,607848.0
"Fixed 100000, uniform",1,6,0,S 0 -> 10,125,False,0.999999949593361,101308.0,1,False,0.3884932169979802,8.83,709156.0
"Fixed 100000, uniform",1,7,41,"D 0,9 -> 10,13",125,False,1.0,101308.0,1,False,0.38849321699798006,8.91,810464.0
"Fixed 100000, uniform",1,8,21,"D 0,1 -> 10,13",125,False,1.0,101308.0,1,False,0.3884932169979801,8.84,911772.0
"Fixed 100000, uniform",1,9,21,"D 0,1 -> 10,13",125,False,1.0,101308.0,1,False,0.3884932169979802,8.92,1013080.0
"Fixed 100000, uniform",1,10,51,"D 1,4 -> 11,12",125,False,1.0,101308.0,1,False,0.3884932169979802,8.87,1114388.0
"Fixed 100000, uniform",1,11,0,S 0 -> 10,125,False,0.9999999286820275,101308.0,1,False,0.3884932169979802,9.03,1215696.0
"Fixed 100000, uniform",1,12,41,"D 0,9 -> 10,13",125,False,1.0,101308.0,1,False,0.3884932169979802,8.89,1317004.0
"Fixed 100000, uniform",1,13,63,"D 1,9 -> 11,13",125,False,1.0,101308.0,1,False,0.3884932169979802,8.89,1418312.0
"Fixed 100000, uniform",1,14,41,"D 0,9 -> 10,13",125,False,1.0,101308.0,1,False,0.3884932169979802,8.92,1519620.0
"Fixed 100000, uniform",1,15,3,S 1 -> 13,125,False,1.0,101308.0,1,False,0.3884932169979802,8.91,1620928.0
"Fixed 100000, uniform",1,16,63,"D 1,9 -> 11,13",125,False,1.0,101308.0,1,False,0.3884932169979802,8.83,1722236.0
"Fixed 100000, uniform",1,17,60,"D 1,8 -> 10,13",125,False,1.0,101308.0,1,False,0.3884932169979802,9.97,1823544.0
"Fixed 100000, uniform",1,18,46,"D 1,2 -> 11,12",125,False,1.0,101308.0,1,False,0.3884932169979802,9.48,1924852.0
"Fixed 100000, uniform",1,19,1,S 0 -> 12,125,False,1.0,101308.0,1,False,0.3884932169979802,9.27,2026160.0
"Fixed 100000, uniform",1,20,0,S 0 -> 10,125,False,0.9999999286820275,101308.0,1,False,0.3884932169979802,9.08,2127468.0
"Fixed 100000, uniform",1,21,3,S 1 -> 13,125,False,1.0,101308.0,1,False,0.3884932169979802,9.14,2228776.0
"Fixed 100000, uniform",1,22,3,S 1 -> 13,125,False,1.0,101308.0,1,False,0.3884932169979802,9.27,2330084.0
"Fixed 100000, uniform",1,23,21,"D 0,1 -> 10,13",125,False,1.0,101308.0,1,False,0.3884932169979802,9.08,2431392.0
"Fixed 100000, uniform",1,24,3,S 1 -> 13,125,False,1.0,101308.0,1,False,0.3884932169979802,9.22,2532700.0
"Fixed 100000, uniform",1,25,23,"D 0,1 -> 12,13",125,False,0.9223647249656932,101308.0,1,False,0.3884932169979802,9.56,2634008.0
"Fixed 100000, uniform",1,26,0,S 0 -> 10,125,False,0.999999987531275,101308.0,1,False,0.3884853920005474,9.71,2735316.0
"Fixed 100000, uniform",1,27,23,"D 0,1 -> 12,13",125,False,0.9999999210518626,101308.0,1,False,0.3884853920005474,9.03,2836624.0
"Fixed 100000, uniform",2,0,0,S 0 -> 10,125,False,0.999999954774273,101308.0,1,False,0.38849321699798006,9.66,101308.0
"Fixed 100000, uniform",2,1,61,"D 1,8 -> 11,12",125,False,1.0,101308.0,1,False,0.38849321699798006,9.37,202616.0
"Fixed 100000, uniform",2,2,0,S 0 -> 10,125,False,0.9999999677025441,101308.0,1,False,0.38849321699798006,9.34,303924.0
"Fixed 100000, uniform",2,3,0,S 0 -> 10,125,False,0.9999999742823614,101308.0,1,False,0.38849321699798006,9.04,405232.0
"Fixed 100000, uniform",2,4,2,S 1 -> 11,125,False,0.9999999548433344,101308.0,1,False,0.38849321699798006,8.87,506540.0
"Fixed 100000, uniform",2,5,20,"D 0,1 -> 10,11",125,False,0.9222254600976605,101308.0,1,False,0.38849321699798006,8.93,607848.0
"Fixed 100000, uniform",2,6,3,S 1 -> 13,125,False,1.0,101308.0,1,False,0.3884932169979801,8.91,709156.0
"Fixed 100000, uniform",2,7,2,S 1 -> 11,125,False,0.9999999999999999,101308.0,1,False,0.3884932169979801,8.94,810464.0
"Fixed 100000, uniform",2,8,22,"D 0,1 -> 11,12",125,False,1.0,101308.0,1,False,0.3884932169979801,8.91,911772.0
"Fixed 100000, uniform",2,9,3,S 1 -> 13,125,False,1.0,101308.0,1,False,0.3884932169979801,8.89,1013080.0
"Fixed 100000, uniform",2,10,41,"D 0,9 -> 10,13",125,False,1.0,101308.0,1,False,0.3884932169979801,8.86,1114388.0
"Fixed 100000, uniform",2,11,0,S 0 -> 10,125,False,1.0,101308.0,1,False,0.3884932169979801,8.94,1215696.0
"Fixed 100000, uniform",2,12,0,S 0 -> 10,125,False,1.0,101308.0,1,False,0.3884932169979801,8.94,1317004.0
"Fixed 100000, uniform",2,13,0,S 0 -> 10,125,False,1.0,101308.0,1,False,0.3884932169979801,8.96,1418312.0
"Fixed 100000, uniform",2,14,51,"D 1,4 -> 11,12",125,False,1.0,101308.0,1,False,0.3884932169979801,8.99,1519620.0
"Fixed 100000, uniform",2,15,41,"D 0,9 -> 10,13",125,False,1.0,101308.0,1,False,0.3884932169979801,8.94,1620928.0
"Fixed 100000, uniform",2,16,60,"D 1,8 -> 10,13",125,False,1.0,101308.0,1,False,0.3884932169979801,8.85,1722236.0
"Fixed 100000, uniform",2,17,3,S 1 -> 13,125,False,1.0,101308.0,1,False,0.3884932169979801,8.82,1823544.0
"Fixed 100000, uniform",2,18,0,S 0 -> 10,125,False,1.0,101308.0,1,False,0.3884932169979801,8.86,1924852.0
"Fixed 100000, uniform",2,19,47,"D 1,2 -> 12,13",125,False,0.8997729069947832,101308.0,1,False,0.3884932169979801,8.85,2026160.0
"Fixed 100000, uniform",2,20,41,"D 0,9 -> 10,13",125,False,1.0,101308.0,1,False,0.3884625174226849,8.88,2127468.0
"Fixed 100000, uniform",2,21,0,S 0 -> 10,125,False,0.9999999999999626,101308.0,1,False,0.3884625174226849,8.86,2228776.0
"Fixed 100000, uniform",2,22,41,"D 0,9 -> 10,13",125,False,1.0,101308.0,1,False,0.3884625174226849,8.9,2330084.0
"Fixed 100000, uniform",2,23,20,"D 0,1 -> 10,11",125,False,0.9999999999999687,101308.0,1,False,0.3884625174226849,8.93,2431392.0
"Fixed 100000, uniform",2,24,0,S 0 -> 10,125,False,0.9999999999999626,101308.0,1,False,0.3884625174226849,8.88,2532700.0
"Fixed 100000, uniform",2,25,63,"D 1,9 -> 11,13",125,False,1.0,101308.0,1,False,0.3884625174226849,8.91,2634008.0
"Fixed 100000, uniform",2,26,2,S 1 -> 11,125,False,0.9999999998870676,101308.0,1,False,0.3884625174226849,8.92,2735316.0
"Fixed 100000, uniform",2,27,20,"D 0,1 -> 10,11",125,False,0.9999999999999687,101308.0,1,False,0.3884625174226849,8.89,2836624.0
"Fixed 100000, uniform",3,0,3,S 1 -> 13,125,False,1.0,101308.0,1,False,0.38849321699798006,9.59,101308.0
"Fixed 100000, uniform",3,1,3,S 1 -> 13,125,False,1.0,101308.0,1,False,0.38849321699798006,9.35,202616.0
"Fixed 100000, uniform",3,2,0,S 0 -> 10,125,False,0.999999954774273,101308.0,1,False,0.38849321699798006,9.32,303924.0
"Fixed 100000, uniform",3,3,41,"D 0,9 -> 10,13",125,False,1.0,101308.0,1,False,0.38849321699798006,9.26,405232.0
"Fixed 100000, uniform",3,4,20,"D 0,1 -> 10,11",125,False,0.9222254602656308,101308.0,1,False,0.38849321699798006,8.94,506540.0
"Fixed 100000, uniform",3,5,63,"D 1,9 -> 11,13",125,False,1.0,101308.0,1,False,0.3884932169979802,9.03,607848.0
"Fixed 100000, uniform",3,6,63,"D 1,9 -> 11,13",125,False,1.0,101308.0,1,False,0.3884932169979802,9.5,709156.0
"Fixed 100000, uniform",3,7,29,"D 0,4 -> 10,12",125,False,1.0,101308.0,1,False,0.3884932169979802,8.96,810464.0
"Fixed 100000, uniform",3,8,20,"D 0,1 -> 10,11",125,False,0.9999999978877205,101308.0,1,False,0.3884932169979802,9.05,911772.0
"Fixed 100000, uniform",3,9,2,S 1 -> 11,125,False,0.9998551772953067,101308.0,1,False,0.3884932169979802,8.93,1013080.0
"Fixed 100000, uniform",3,10,3,S 1 -> 13,125,False,1.0,101308.0,1,False,0.3884932169979802,8.84,1114388.0
"Fixed 100000, uniform",3,11,63,"D 1,9 -> 11,13",125,False,1.0,101308.0,1,False,0.38849321699798023,8.97,1215696.0
"Fixed 100000, uniform",3,12,21,"D 0,1 -> 10,13",125,False,1.0,101308.0,1,False,0.38849321699798023,8.9,1317004.0
"Fixed 100000, uniform",3,13,22,"D 0,1 -> 11,12",125,False,1.0,101308.0,1,False,0.38849321699798023,8.92,1418312.0
"Fixed 100000, uniform",3,14,23,"D 0,1 -> 12,13",125,False,0.9223646959690701,101308.0,1,False,0.38849321699798023,8.91,1519620.0
"Fixed 100000, uniform",3,15,41,"D 0,9 -> 10,13",125,False,1.0,101308.0,1,False,0.38848539200475884,9.21,1620928.0
"Fixed 100000, uniform",3,16,47,"D 1,2 -> 12,13",125,False,0.8990031782788256,101308.0,1,False,0.38848539200475884,8.88,1722236.0
"Fixed 100000, uniform",3,17,3,S 1 -> 13,125,False,1.0,101308.0,1,False,0.3884542388613267,8.94,1823544.0
"Fixed 100000, uniform",3,18,41,"D 0,9 -> 10,13",125,False,1.0,101308.0,1,False,0.3884542388305296,8.92,1924852.0
"Fixed 100000, uniform",3,19,21,"D 0,1 -> 10,13",125,False,1.0,101308.0,1,False,0.3884542388305296,8.95,2026160.0
"Fixed 100000, uniform",3,20,3,S 1 -> 13,125,False,1.0,101308.0,1,False,0.3884542388305296,8.92,2127468.0
"Fixed 100000, uniform",3,21,31,"D 0,5 -> 10,13",125,False,1.0,101308.0,1,False,0.3884542388305296,8.9,2228776.0
"Fixed 100000, uniform",3,22,21,"D 0,1 -> 10,13",125,False,1.0,101308.0,1,False,0.3884542388305296,8.93,2330084.0
"Fixed 100000, uniform",3,23,41,"D 0,9 -> 10,13",125,False,1.0,101308.0,1,False,0.3884542388305296,8.93,2431392.0
"Fixed 100000, uniform",3,24,41,"D 0,9 -> 10,13",125,False,1.0,101308.0,1,False,0.3884542388305296,8.88,2532700.0
"Fixed 100000, uniform",3,25,3,S 1 -> 13,125,False,1.0,101308.0,1,False,0.3884542388305296,8.88,2634008.0
"Fixed 100000, uniform",3,26,41,"D 0,9 -> 10,13",125,False,1.0,101308.0,1,False,0.3884542388305296,8.91,2735316.0
"Fixed 100000, uniform",3,27,63,"D 1,9 -> 11,13",125,False,1.0,101308.0,1,False,0.3884542388305296,8.84,2836624.0
"Fixed 100000, uniform",4,0,24,"D 0,2 -> 10,12",125,False,1.0,101308.0,1,False,0.38849321699798006,9.18,101308.0
"Fixed 100000, uniform",4,1,41,"D 0,9 -> 10,13",125,False,1.0,101308.0,1,False,0.38849321699798006,8.93,202616.0
"Fixed 100000, uniform",4,2,20,"D 0,1 -> 10,11",125,False,0.9222254603184719,101308.0,1,False,0.38849321699798006,9.03,303924.0
"Fixed 100000, uniform",4,3,0,S 0 -> 10,125,False,0.9998550173069413,101308.0,1,False,0.3884932169979801,8.93,405232.0
"Fixed 100000, uniform",4,4,63,"D 1,9 -> 11,13",125,False,1.0,101308.0,1,False,0.3884932169979802,8.84,506540.0
"Fixed 100000, uniform",4,5,3,S 1 -> 13,125,False,1.0,101308.0,1,False,0.3884932169979801,9.3,607848.0
"Fixed 100000, uniform",4,6,20,"D 0,1 -> 10,11",125,False,0.9999999566628052,101308.0,1,False,0.3884932169979802,9.52,709156.0
"Fixed 100000, uniform",4,7,3,S 1 -> 13,125,False,1.0,101308.0,1,False,0.3884932169979802,9.14,810464.0
"Fixed 100000, uniform",4,8,2,S 1 -> 11,125,False,0.999855227741928,101308.0,1,False,0.3884932169979802,9.21,911772.0
"Fixed 100000, uniform",4,9,0,S 0 -> 10,125,False,0.9999999109760459,101308.0,1,False,0.3884932169979802,9.26,1013080.0
"Fixed 100000, uniform",4,10,0,S 0 -> 10,125,False,0.9999999561743427,101308.0,1,False,0.38849321699798023,9.21,1114388.0
"Fixed 100000, uniform",4,11,63,"D 1,9 -> 11,13",125,False,1.0,101308.0,1,False,0.38849321699798023,9.23,1215696.0
"Fixed 100000, uniform",4,12,20,"D 0,1 -> 10,11",125,False,0.9999999985723375,101308.0,1,False,0.38849321699798023,9.18,1317004.0
"Fixed 100000, uniform",4,13,0,S 0 -> 10,125,False,0.9999999561743427,101308.0,1,False,0.38849321699798023,9.23,1418312.0
"Fixed 100000, uniform",4,14,41,"D 0,9 -> 10,13",125,False,1.0,101308.0,1,False,0.38849321699798023,9.27,1519620.0
"Fixed 100000, uniform",4,15,20,"D 0,1 -> 10,11",125,False,0.9999999997465493,101308.0,1,False,0.38849321699798023,9.25,1620928.0
"Fixed 100000, uniform",4,16,21,"D 0,1 -> 10,13",125,False,1.0,101308.0,1,False,0.3884932169979802,9.24,1722236.0
"Fixed 100000, uniform",4,17,63,"D 1,9 -> 11,13",125,False,1.0,101308.0,1,False,0.38849321699798023,9.25,1823544.0
"Fixed 100000, uniform",4,18,44,"D 1,2 -> 10,11",125,False,0.9136993203829105,101308.0,1,False,0.38849321699798023,9.27,1924852.0
"Fixed 100000, uniform",4,19,21,"D 0,1 -> 10,13",125,False,1.0,101308.0,1,False,0.3884932169979802,9.3,2026160.0
"Fixed 100000, uniform",4,20,21,"D 0,1 -> 10,13",125,False,1.0,101308.0,1,False,0.3884932169979802,8.99,2127468.0
"Fixed 100000, uniform",4,21,23,"D 0,1 -> 12,13",125,False,0.9223689803256145,101308.0,1,False,0.3884932169979802,8.97,2228776.0
"Fixed 100000, uniform",4,22,3,S 1 -> 13,125,False,1.0,101308.0,1,False,0.3884853929836991,8.92,2330084.0
"Fixed 100000, uniform",4,23,20,"D 0,1 -> 10,11",125,False,0.9999999979981661,101308.0,1,False,0.3884853929836991,8.92,2431392.0
"Fixed 100000, uniform",4,24,0,S 0 -> 10,125,False,0.9999999979294177,101308.0,1,False,0.3884853929836991,9.05,2532700.0
"Fixed 100000, uniform",4,25,23,"D 0,1 -> 12,13",125,False,0.9999995459660871,101308.0,1,False,0.38848539296170853,8.91,2634008.0
"Fixed 100000, uniform",4,26,41,"D 0,9 -> 10,13",125,False,1.0,101308.0,1,False,0.38848539294137713,9.05,2735316.0
"Fixed 100000, uniform",4,27,3,S 1 -> 13,125,False,1.0,101308.0,1,False,0.38848539294137713,8.98,2836624.0
"Fixed 100000, uniform",5,0,20,"D 0,1 -> 10,11",125,False,0.9222254603184719,101308.0,1,False,0.38849321699798006,9.62,101308.0
"Fixed 100000, uniform",5,1,22,"D 0,1 -> 11,12",125,False,1.0,101308.0,1,False,0.3884932169979801,9.38,202616.0
"Fixed 100000, uniform",5,2,27,"D 0,3 -> 11,12",125,False,1.0,101308.0,1,False,0.3884932169979801,9.0,303924.0
"Fixed 100000, uniform",5,3,21,"D 0,1 -> 10,13",125,False,1.0,101308.0,1,False,0.3884932169979801,9.36,405232.0
"Fixed 100000, uniform",5,4,2,S 1 -> 11,125,False,0.9998550173069413,101308.0,1,False,0.3884932169979801,9.59,506540.0
"Fixed 100000, uniform",5,5,63,"D 1,9 -> 11,13",125,False,1.0,101308.0,1,False,0.3884932169979802,9.86,607848.0
"Fixed 100000, uniform",5,6,21,"D 0,1 -> 10,13",125,False,1.0,101308.0,1,False,0.3884932169979801,9.16,709156.0
"Fixed 100000, uniform",5,7,20,"D 0,1 -> 10,11",125,False,0.9999999566628054,101308.0,1,False,0.3884932169979802,9.28,810464.0
"Fixed 100000, uniform",5,8,2,S 1 -> 11,125,False,0.9999999997292646,101308.0,1,False,0.3884932169979802,9.74,911772.0
"Fixed 100000, uniform",5,9,21,"D 0,1 -> 10,13",125,False,1.0,101308.0,1,False,0.3884932169979802,9.19,1013080.0
"Fixed 100000, uniform",5,10,22,"D 0,1 -> 11,12",125,False,1.0,101308.0,1,False,0.3884932169979802,9.07,1114388.0
"Fixed 100000, uniform",5,11,21,"D 0,1 -> 10,13",125,False,1.0,101308.0,1,False,0.3884932169979802,9.0,1215696.0
"Fixed 100000, uniform",5,12,3,S 1 -> 13,125,False,1.0,101308.0,1,False,0.3884932169979802,9.06,1317004.0
"Fixed 100000, uniform",5,13,21,"D 0,1 -> 10,13",125,False,1.0,101308.0,1,False,0.3884932169979802,9.01,1418312.0
"Fixed 100000, uniform",5,14,22,"D 0,1 -> 11,12",125,False,1.0,101308.0,1,False,0.3884932169979802,8.98,1519620.0
"Fixed 100000, uniform",5,15,1,S 0 -> 12,125,False,1.0,101308.0,1,False,0.3884932169979802,8.98,1620928.0
"Fixed 100000, uniform",5,16,1,S 0 -> 12,125,False,1.0,101308.0,1,False,0.3884932169979802,8.95,1722236.0
"Fixed 100000, uniform",5,17,0,S 0 -> 10,125,False,0.9998552277419279,101308.0,1,False,0.3884932169979802,9.22,1823544.0
"Fixed 100000, uniform",5,18,21,"D 0,1 -> 10,13",125,False,1.0,101308.0,1,False,0.38849321699798006,9.23,1924852.0
"Fixed 100000, uniform",5,19,0,S 0 -> 10,125,False,0.9999999998403941,101308.0,1,False,0.38849321699798023,9.1,2026160.0
"Fixed 100000, uniform",5,20,0,S 0 -> 10,125,False,0.9999999998403941,101308.0,1,False,0.38849321699798023,9.19,2127468.0
"Fixed 100000, uniform",5,21,20,"D 0,1 -> 10,11",125,False,0.9999999986678549,101308.0,1,False,0.38849321699798023,9.03,2228776.0
"Fixed 100000, uniform",5,22,63,"D 1,9 -> 11,13",125,False,1.0,101308.0,1,False,0.38849321699798023,9.1,2330084.0
"Fixed 100000, uniform",5,23,3,S 1 -> 13,125,False,1.0,101308.0,1,False,0.38849321699798023,8.98,2431392.0
"Fixed 100000, uniform",5,24,23,"D 0,1 -> 12,13",125,False,0.922364696157743,101308.0,1,False,0.38849321699798023,9.08,2532700.0
"Fixed 100000, uniform",5,25,20,"D 0,1 -> 10,11",125,False,0.9999999999999953,101308.0,1,False,0.3884853920047589,9.2,2634008.0
"Fixed 100000, uniform",5,26,63,"D 1,9 -> 11,13",125,False,1.0,101308.0,1,False,0.3884853920047589,9.23,2735316.0
"Fixed 100000, uniform",5,27,41,"D 0,9 -> 10,13",125,False,1.0,101308.0,1,False,0.3884853920047589,9.1,2836624.0
"Fixed 100000, uniform",6,0,0,S 0 -> 10,125,False,0.999999954774273,101308.0,1,False,0.38849321699798006,9.65,101308.0
"Fixed 100000, uniform",6,1,0,S 0 -> 10,125,False,0.9999999636232967,101308.0,1,False,0.38849321699798006,9.36,202616.0
"Fixed 100000, uniform",6,2,3,S 1 -> 13,125,False,1.0,101308.0,1,False,0.38849321699798006,9.12,303924.0
"Fixed 100000, uniform",6,3,0,S 0 -> 10,125,False,1.0,101308.0,1,False,0.38849321699798006,8.82,405232.0
"Fixed 100000, uniform",6,4,21,"D 0,1 -> 10,13",125,False,1.0,101308.0,1,False,0.38849321699798006,8.86,506540.0
"Fixed 100000, uniform",6,5,20,"D 0,1 -> 10,11",125,False,0.9222254601336232,101308.0,1,False,0.38849321699798006,8.95,607848.0
"Fixed 100000, uniform",6,6,0,S 0 -> 10,125,False,0.9999999495958395,101308.0,1,False,0.3884932169979801,9.03,709156.0
"Fixed 100000, uniform",6,7,3,S 1 -> 13,125,False,1.0,101308.0,1,False,0.3884932169979801,9.58,810464.0
"Fixed 100000, uniform",6,8,20,"D 0,1 -> 10,11",125,False,0.9999999978551786,101308.0,1,False,0.3884932169979801,9.22,911772.0
"Fixed 100000, uniform",6,9,20,"D 0,1 -> 10,11",125,False,0.9999999995488955,101308.0,1,False,0.3884932169979802,9.47,1013080.0
"Fixed 100000, uniform",6,10,1,S 0 -> 12,125,False,1.0,101308.0,1,False,0.3884932169979802,8.94,1114388.0
"Fixed 100000, uniform",6,11,63,"D 1,9 -> 11,13",125,False,1.0,101308.0,1,False,0.3884932169979802,8.98,1215696.0
"Fixed 100000, uniform",6,12,1,S 0 -> 12,125,False,1.0,101308.0,1,False,0.3884932169979802,8.9,1317004.0
"Fixed 100000, uniform",6,13,63,"D 1,9 -> 11,13",125,False,1.0,101308.0,1,False,0.3884932169979802,8.89,1418312.0
"Fixed 100000, uniform",6,14,0,S 0 -> 10,125,False,0.999999963209564,101308.0,1,False,0.3884932169979802,8.89,1519620.0
"Fixed 100000, uniform",6,15,0,S 0 -> 10,125,False,0.999999963209564,101308.0,1,False,0.3884932169979802,8.91,1620928.0
"Fixed 100000, uniform",6,16,63,"D 1,9 -> 11,13",125,False,1.0,101308.0,1,False,0.3884932169979803,8.93,1722236.0
"Fixed 100000, uniform",6,17,0,S 0 -> 10,125,False,0.9999999704184337,101308.0,1,False,0.3884932169979803,8.94,1823544.0
"Fixed 100000, uniform",6,18,23,"D 0,1 -> 12,13",125,False,0.9223647249451713,101308.0,1,False,0.3884932169979803,8.97,1924852.0
"Fixed 100000, uniform",6,19,63,"D 1,9 -> 11,13",125,False,1.0,101308.0,1,False,0.3884853920044685,8.97,2026160.0
"Fixed 100000, uniform",6,20,2,S 1 -> 11,125,False,0.9998481372878562,101308.0,1,False,0.388485392020542,8.92,2127468.0
"Fixed 100000, uniform",6,21,46,"D 1,2 -> 11,12",125,False,1.0,101308.0,1,False,0.3884853919971747,8.93,2228776.0
"Fixed 100000, uniform",6,22,21,"D 0,1 -> 10,13",125,False,1.0,101308.0,1,False,0.38848539199787274,8.91,2330084.0
"Fixed 100000, uniform",6,23,62,"D 1,8 -> 12,13",125,False,0.977464110648425,101308.0,1,False,0.38848539199787274,8.94,2431392.0
"Fixed 100000, uniform",6,24,2,S 1 -> 11,125,False,0.99999995245777,101308.0,1,False,0.38848515941444745,9.12,2532700.0
"Fixed 100000, uniform",6,25,0,S 0 -> 10,125,False,0.9999999944006512,101308.0,1,False,0.38848515941444745,8.96,2634008.0
"Fixed 100000, uniform",6,26,0,S 0 -> 10,125,False,0.9999999944006512,101308.0,1,False,0.38848515941444745,9.02,2735316.0
"Fixed 100000, uniform",6,27,2,S 1 -> 11,125,False,0.99999995245777,101308.0,1,False,0.38848515941444745,8.87,2836624.0
"Fixed 100000, uniform",7,0,0,S 0 -> 10,125,False,0.999999954774273,101308.0,1,False,0.38849321699798006,9.03,101308.0
"Fixed 100000, uniform",7,1,21,"D 0,1 -> 10,13",125,False,1.0,101308.0,1,False,0.38849321699798006,8.8,202616.0
"Fixed 100000, uniform",7,2,23,"D 0,1 -> 12,13",125,False,0.922182376871912,101308.0,1,False,0.38849321699798006,8.96,303924.0
"Fixed 100000, uniform",7,3,23,"D 0,1 -> 12,13",125,False,1.0,101308.0,1,False,0.38848535291687886,8.89,405232.0
"Fixed 100000, uniform",7,4,23,"D 0,1 -> 12,13",125,False,1.0,101308.0,1,False,0.38848535291687886,8.85,506540.0
"Fixed 100000, uniform",7,5,41,"D 0,9 -> 10,13",125,False,1.0,101308.0,1,False,0.38848535291687886,8.83,607848.0
"Fixed 100000, uniform",7,6,0,S 0 -> 10,125,False,1.0,101308.0,1,False,0.38848535291687886,8.96,709156.0
"Fixed 100000, uniform",7,7,20,"D 0,1 -> 10,11",125,False,0.9224065061403034,101308.0,1,False,0.38848535291687886,8.87,810464.0
"Fixed 100000, uniform",7,8,22,"D 0,1 -> 11,12",125,False,1.0,101308.0,1,False,0.38848539200855337,8.84,911772.0
"Fixed 100000, uniform",7,9,63,"D 1,9 -> 11,13",125,False,1.0,101308.0,1,False,0.38848539200855337,9.08,1013080.0
"Fixed 100000, uniform",7,10,41,"D 0,9 -> 10,13",125,False,1.0,101308.0,1,False,0.38848539200855337,8.73,1114388.0
"Fixed 100000, uniform",7,11,21,"D 0,1 -> 10,13",125,False,1.0,101308.0,1,False,0.38848539200855337,8.89,1215696.0
"Fixed 100000, uniform",7,12,63,"D 1,9 -> 11,13",125,False,1.0,101308.0,1,False,0.38848539200855337,8.9,1317004.0
"Fixed 100000, uniform",7,13,41,"D 0,9 -> 10,13",125,False,1.0,101308.0,1,False,0.38848539200855337,8.92,1418312.0
"Fixed 100000, uniform",7,14,21,"D 0,1 -> 10,13",125,False,1.0,101308.0,1,False,0.38848539200855337,8.88,1519620.0
"Fixed 100000, uniform",7,15,2,S 1 -> 11,125,False,0.9998481320120378,101308.0,1,False,0.38848539200855337,8.89,1620928.0
"Fixed 100000, uniform",7,16,23,"D 0,1 -> 12,13",125,False,0.9999999358379101,101308.0,1,False,0.38848539199825116,8.89,1722236.0
"Fixed 100000, uniform",7,17,63,"D 1,9 -> 11,13",125,False,1.0,101308.0,1,False,0.38848539200396504,8.93,1823544.0
"Fixed 100000, uniform",7,18,20,"D 0,1 -> 10,11",125,False,0.9999999974589415,101308.0,1,False,0.38848539200396504,8.9,1924852.0
"Fixed 100000, uniform",7,19,21,"D 0,1 -> 10,13",125,False,1.0,101308.0,1,False,0.38848539200396504,8.96,2026160.0
"Fixed 100000, uniform",7,20,0,S 0 -> 10,125,False,0.9999999882140134,101308.0,1,False,0.38848539200396504,8.92,2127468.0
"Fixed 100000, uniform",7,21,60,"D 1,8 -> 10,13",125,False,1.0,101308.0,1,False,0.38848539200414517,9.04,2228776.0
"Fixed 100000, uniform",7,22,47,"D 1,2 -> 12,13",125,False,0.899003178218943,101308.0,1,False,0.38848539200414517,9.1,2330084.0
"Fixed 100000, uniform",7,23,48,"D 1,3 -> 11,13",125,False,1.0,101308.0,1,False,0.3884542388310255,9.02,2431392.0
"Fixed 100000, uniform",7,24,0,S 0 -> 10,125,False,0.999999999999991,101308.0,1,False,0.3884542388310255,8.93,2532700.0
"Fixed 100000, uniform",7,25,0,S 0 -> 10,125,False,0.999999999999991,101308.0,1,False,0.3884542388310255,8.97,2634008.0
"Fixed 100000, uniform",7,26,3,S 1 -> 13,125,False,1.0,101308.0,1,False,0.3884542388310255,9.02,2735316.0
"Fixed 100000, uniform",7,27,0,S 0 -> 10,125,False,0.999999999999991,101308.0,1,False,0.3884542388310255,8.83,2836624.0
"Fixed 100000, uniform",8,0,23,"D 0,1 -> 12,13",125,False,0.9221823768746084,101308.0,1,False,0.38849321699798006,9.1,101308.0
"Fixed 100000, uniform",8,1,47,"D 1,2 -> 12,13",125,False,0.899001409706729,101308.0,1,False,0.38848535291708086,8.87,202616.0
"Fixed 100000, uniform",8,2,52,"D 1,4 -> 12,13",125,False,1.0,101308.0,1,False,0.3884541985732715,9.2,303924.0
"Fixed 100000, uniform",8,3,48,"D 1,3 -> 11,13",125,False,1.0,101308.0,1,False,0.3884541985732715,9.0,405232.0
"Fixed 100000, uniform",8,4,63,"D 1,9 -> 11,13",125,False,1.0,101308.0,1,False,0.3884541985732715,8.92,506540.0
"Fixed 100000, uniform",8,5,39,"D 0,8 -> 10,12",125,False,1.0,101308.0,1,False,0.3884541985732715,9.01,607848.0
"Fixed 100000, uniform",8,6,47,"D 1,2 -> 12,13",125,False,0.9999999993639259,101308.0,1,False,0.3884541985732715,8.92,709156.0
"Fixed 100000, uniform",8,7,20,"D 0,1 -> 10,11",125,False,0.9224052323329259,101308.0,1,False,0.3884541985732715,8.87,810464.0
"Fixed 100000, uniform",8,8,3,S 1 -> 13,125,False,1.0,101308.0,1,False,0.3884542387929288,8.88,911772.0
"Fixed 100000, uniform",8,9,3,S 1 -> 13,125,False,1.0,101308.0,1,False,0.3884542387929288,8.83,1013080.0
"Fixed 100000, uniform",8,10,21,"D 0,1 -> 10,13",125,False,1.0,101308.0,1,False,0.3884542387929288,8.81,1114388.0
"Fixed 100000, uniform",8,11,41,"D 0,9 -> 10,13",125,False,1.0,101308.0,1,False,0.3884542387929288,8.85,1215696.0
"Fixed 100000, uniform",8,12,63,"D 1,9 -> 11,13",125,False,1.0,101308.0,1,False,0.3884542387929288,8.89,1317004.0
"Fixed 100000, uniform",8,13,41,"D 0,9 -> 10,13",125,False,1.0,101308.0,1,False,0.3884542387929288,8.88,1418312.0
"Fixed 100000, uniform",8,14,21,"D 0,1 -> 10,13",125,False,1.0,101308.0,1,False,0.3884542387929288,8.86,1519620.0
"Fixed 100000, uniform",8,15,63,"D 1,9 -> 11,13",125,False,1.0,101308.0,1,False,0.3884542387929288,8.92,1620928.0
"Fixed 100000, uniform",8,16,21,"D 0,1 -> 10,13",125,False,1.0,101308.0,1,False,0.3884542387929288,8.86,1722236.0
"Fixed 100000, uniform",8,17,0,S 0 -> 10,125,False,0.9998483519392121,101308.0,1,False,0.3884542387929288,8.96,1823544.0
"Fixed 100000, uniform",8,18,23,"D 0,1 -> 12,13",125,False,0.9999999979239842,101308.0,1,False,0.3884542387894673,9.0,1924852.0
"Fixed 100000, uniform",8,19,63,"D 1,9 -> 11,13",125,False,1.0,101308.0,1,False,0.3884542387894673,8.98,2026160.0
"Fixed 100000, uniform",8,20,20,"D 0,1 -> 10,11",125,False,0.9999999875992818,101308.0,1,False,0.3884542387894673,9.01,2127468.0
"Fixed 100000, uniform",8,21,3,S 1 -> 13,125,False,1.0,101308.0,1,False,0.3884542387894673,8.86,2228776.0
"Fixed 100000, uniform",8,22,23,"D 0,1 -> 12,13",125,False,0.9999999979239842,101308.0,1,False,0.3884542387894673,8.95,2330084.0
"Fixed 100000, uniform",8,23,45,"D 1,2 -> 10,13",125,False,1.0,101308.0,1,False,0.3884542387894673,8.94,2431392.0
"Fixed 100000, uniform",8,24,20,"D 0,1 -> 10,11",125,False,0.9999999875992818,101308.0,1,False,0.3884542387894673,8.95,2532700.0
"Fixed 100000, uniform",8,25,0,S 0 -> 10,125,False,0.9999999999633966,101308.0,1,False,0.38845423878979013,8.92,2634008.0
"Fixed 100000, uniform",8,26,23,"D 0,1 -> 12,13",125,False,0.9999999982712723,101308.0,1,False,0.38845423878979013,8.92,2735316.0
"Fixed 100000, uniform",8,27,20,"D 0,1 -> 10,11",125,False,0.9999999901422227,101308.0,1,False,0.38845423878979013,8.83,2836624.0
"Fixed 100000, uniform",9,0,23,"D 0,1 -> 12,13",125,False,0.9221823768746084,101308.0,1,False,0.38849321699798006,9.28,101308.0
"Fixed 100000, uniform",9,1,63,"D 1,9 -> 11,13",125,False,1.0,101308.0,1,False,0.38848535291708086,8.89,202616.0
"Fixed 100000, uniform",9,2,2,S 1 -> 11,125,False,0.9999925502804933,101308.0,1,False,0.38848535291708086,8.83,303924.0
"Fixed 100000, uniform",9,3,21,"D 0,1 -> 10,13",125,False,1.0,101308.0,1,False,0.38848535291703706,9.06,405232.0
"Fixed 100000, uniform",9,4,63,"D 1,9 -> 11,13",125,False,1.0,101308.0,1,False,0.38848535291703706,8.87,506540.0
"Fixed 100000, uniform",9,5,3,S 1 -> 13,125,False,1.0,101308.0,1,False,0.38848535291703706,9.12,607848.0
"Fixed 100000, uniform",9,6,47,"D 1,2 -> 12,13",125,False,0.8990014071169382,101308.0,1,False,0.38848535291703706,8.91,709156.0
"Fixed 100000, uniform",9,7,63,"D 1,9 -> 11,13",125,False,1.0,101308.0,1,False,0.3884541985825077,8.94,810464.0
"Fixed 100000, uniform",9,8,20,"D 0,1 -> 10,11",125,False,0.922405065619405,101308.0,1,False,0.3884541985825077,8.93,911772.0
"Fixed 100000, uniform",9,9,57,"D 1,6 -> 12,13",125,False,1.0,101308.0,1,False,0.3884542388343985,9.0,1013080.0
"Fixed 100000, uniform",9,10,3,S 1 -> 13,125,False,1.0,101308.0,1,False,0.3884542388343985,8.94,1114388.0
"Fixed 100000, uniform",9,11,41,"D 0,9 -> 10,13",125,False,1.0,101308.0,1,False,0.3884542388343985,9.05,1215696.0
"Fixed 100000, uniform",9,12,3,S 1 -> 13,125,False,1.0,101308.0,1,False,0.3884542388343985,9.04,1317004.0
"Fixed 100000, uniform",9,13,0,S 0 -> 10,125,False,0.9998485563682012,101308.0,1,False,0.3884542388343985,9.14,1418312.0
"Fixed 100000, uniform",9,14,63,"D 1,9 -> 11,13",125,False,1.0,101308.0,1,False,0.3884542388307227,9.12,1519620.0
"Fixed 100000, uniform",9,15,46,"D 1,2 -> 11,12",125,False,1.0,101308.0,1,False,0.3884542388307227,9.1,1620928.0
"Fixed 100000, uniform",9,16,1,S 0 -> 12,125,False,1.0,101308.0,1,False,0.3884542388307227,8.99,1722236.0
"Fixed 100000, uniform",9,17,0,S 0 -> 10,125,False,0.9999999998916462,101308.0,1,False,0.3884542388307227,9.0,1823544.0
"Fixed 100000, uniform",9,18,63,"D 1,9 -> 11,13",125,False,1.0,101308.0,1,False,0.3884542388307227,8.96,1924852.0
"Fixed 100000, uniform",9,19,3,S 1 -> 13,125,False,1.0,101308.0,1,False,0.3884542388307227,9.01,2026160.0
"Fixed 100000, uniform",9,20,0,S 0 -> 10,125,False,0.9999999998916462,101308.0,1,False,0.3884542388307227,8.96,2127468.0
"Fixed 100000, uniform",9,21,41,"D 0,9 -> 10,13",125,False,1.0,101308.0,1,False,0.3884542388307227,8.91,2228776.0
"Fixed 100000, uniform",9,22,23,"D 0,1 -> 12,13",125,False,0.999999998254284,101308.0,1,False,0.3884542388307227,8.9,2330084.0
"Fixed 100000, uniform",9,23,21,"D 0,1 -> 10,13",125,False,1.0,101308.0,1,False,0.3884542388307227,8.92,2431392.0
"Fixed 100000, uniform",9,24,22,"D 0,1 -> 11,12",125,False,1.0,101308.0,1,False,0.3884542388307227,9.01,2532700.0
"Fixed 100000, uniform",9,25,63,"D 1,9 -> 11,13",125,False,1.0,101308.0,1,False,0.3884542388307227,8.93,2634008.0
"Fixed 100000, uniform",9,26,22,"D 0,1 -> 11,12",125,False,1.0,101308.0,1,False,0.3884542388307227,8.99,2735316.0
"Fixed 100000, uniform",9,27,41,"D 0,9 -> 10,13",125,False,1.0,101308.0,1,False,0.3884542388307227,8.94,2836624.0
"Fixed 100000, uniform",10,0,53,"D 1,5 -> 11,13",125,False,1.0,101308.0,1,False,0.38849321699798006,9.14,101308.0
"Fixed 100000, uniform",10,1,2,S 1 -> 11,125,False,0.9999999547742731,101308.0,1,False,0.38849321699798006,8.77,202616.0
"Fixed 100000, uniform",10,2,45,"D 1,2 -> 10,13",125,False,1.0,101308.0,1,False,0.38849321699798006,8.91,303924.0
"Fixed 100000, uniform",10,3,3,S 1 -> 13,125,False,1.0,101308.0,1,False,0.38849321699798006,8.95,405232.0
"Fixed 100000, uniform",10,4,1,S 0 -> 12,125,False,1.0,101308.0,1,False,0.38849321699798006,9.07,506540.0
"Fixed 100000, uniform",10,5,41,"D 0,9 -> 10,13",125,False,1.0,101308.0,1,False,0.38849321699798006,8.87,607848.0
"Fixed 100000, uniform",10,6,0,S 0 -> 10,125,False,0.9999999548433343,101308.0,1,False,0.38849321699798006,8.68,709156.0
"Fixed 100000, uniform",10,7,45,"D 1,2 -> 10,13",125,False,1.0,101308.0,1,False,0.38849321699798006,8.79,810464.0
"Fixed 100000, uniform",10,8,63,"D 1,9 -> 11,13",125,False,1.0,101308.0,1,False,0.38849321699798006,8.82,911772.0
"Fixed 100000, uniform",10,9,0,S 0 -> 10,125,False,0.9999999999999722,101308.0,1,False,0.38849321699798006,8.85,1013080.0
"Fixed 100000, uniform",10,10,22,"D 0,1 -> 11,12",125,False,1.0,101308.0,1,False,0.38849321699798006,8.87,1114388.0
"Fixed 100000, uniform",10,11,20,"D 0,1 -> 10,11",125,False,0.9222254599491367,101308.0,1,False,0.38849321699798006,8.89,1215696.0
"Fixed 100000, uniform",10,12,63,"D 1,9 -> 11,13",125,False,1.0,101308.0,1,False,0.3884932169979801,8.87,1317004.0
"Fixed 100000, uniform",10,13,46,"D 1,2 -> 11,12",125,False,1.0,101308.0,1,False,0.3884932169979801,8.86,1418312.0
"Fixed 100000, uniform",10,14,63,"D 1,9 -> 11,13",125,False,1.0,101308.0,1,False,0.3884932169979801,8.87,1519620.0
"Fixed 100000, uniform",10,15,20,"D 0,1 -> 10,11",125,False,1.0,101308.0,1,False,0.3884932169979801,8.9,1620928.0
"Fixed 100000, uniform",10,16,41,"D 0,9 -> 10,13",125,False,1.0,101308.0,1,False,0.3884932169979801,8.89,1722236.0
"Fixed 100000, uniform",10,17,3,S 1 -> 13,125,False,1.0,101308.0,1,False,0.3884932169979801,8.89,1823544.0
"Fixed 100000, uniform",10,18,2,S 1 -> 11,125,False,0.9999999999999999,101308.0,1,False,0.3884932169979801,8.89,1924852.0
"Fixed 100000, uniform",10,19,63,"D 1,9 -> 11,13",125,False,1.0,101308.0,1,False,0.3884932169979801,9.68,2026160.0
"Fixed 100000, uniform",10,20,21,"D 0,1 -> 10,13",125,False,1.0,101308.0,1,False,0.3884932169979801,8.89,2127468.0
"Fixed 100000, uniform",10,21,20,"D 0,1 -> 10,11",125,False,1.0,101308.0,1,False,0.3884932169979801,9.0,2228776.0
"Fixed 100000, uniform",10,22,41,"D 0,9 -> 10,13",125,False,1.0,101308.0,1,False,0.3884932169979801,8.95,2330084.0
"Fixed 100000, uniform",10,23,23,"D 0,1 -> 12,13",125,False,0.9223646961543244,101308.0,1,False,0.3884932169979801,8.99,2431392.0
"Fixed 100000, uniform",10,24,3,S 1 -> 13,125,False,1.0,101308.0,1,False,0.38848539200032867,9.04,2532700.0
"Fixed 100000, uniform",10,25,0,S 0 -> 10,125,False,0.9999999978837888,101308.0,1,False,0.38848539200094084,9.08,2634008.0
"Fixed 100000, uniform",10,26,63,"D 1,9 -> 11,13",125,False,1.0,101308.0,1,False,0.38848539200094084,9.08,2735316.0
"Fixed 100000, uniform",10,27,21,"D 0,1 -> 10,13",125,False,1.0,101308.0,1,False,0.38848539200094084,9.06,2836624.0
"Fixed 100000, uniform",11,0,3,S 1 -> 13,125,False,1.0,101308.0,1,False,0.38849321699798006,9.23,101308.0
"Fixed 100000, uniform",11,1,20,"D 0,1 -> 10,11",125,False,0.9222254603184719,101308.0,1,False,0.38849321699798006,9.03,202616.0
"Fixed 100000, uniform",11,2,20,"D 0,1 -> 10,11",125,False,0.9999999999981553,101308.0,1,False,0.3884932169979801,9.87,303924.0
"Fixed 100000, uniform",11,3,23,"D 0,1 -> 12,13",125,False,0.9223647537886867,101308.0,1,False,0.3884932169979801,9.68,405232.0
"Fixed 100000, uniform",11,4,21,"D 0,1 -> 10,13",125,False,1.0,101308.0,1,False,0.3884853920121493,9.24,506540.0
"Fixed 100000, uniform",11,5,20,"D 0,1 -> 10,11",125,False,0.9999999999938258,101308.0,1,False,0.3884853920121493,9.25,607848.0
"Fixed 100000, uniform",11,6,21,"D 0,1 -> 10,13",125,False,1.0,101308.0,1,False,0.3884853920121493,9.35,709156.0
"Fixed 100000, uniform",11,7,63,"D 1,9 -> 11,13",125,False,1.0,101308.0,1,False,0.3884853920121493,9.15,810464.0
"Fixed 100000, uniform",11,8,41,"D 0,9 -> 10,13",125,False,1.0,101308.0,1,False,0.3884853920121493,9.41,911772.0
"Fixed 100000, uniform",11,9,45,"D 1,2 -> 10,13",125,False,1.0,101308.0,1,False,0.3884853920121493,9.19,1013080.0
"Fixed 100000, uniform",11,10,20,"D 0,1 -> 10,11",125,False,0.9999999999938258,101308.0,1,False,0.3884853920121493,9.11,1114388.0
"Fixed 100000, uniform",11,11,21,"D 0,1 -> 10,13",125,False,1.0,101308.0,1,False,0.3884853920121493,9.32,1215696.0
"Fixed 100000, uniform",11,12,3,S 1 -> 13,125,False,1.0,101308.0,1,False,0.3884853920121493,9.03,1317004.0
"Fixed 100000, uniform",11,13,20,"D 0,1 -> 10,11",125,False,0.9999999999938258,101308.0,1,False,0.3884853920121493,8.99,1418312.0
"Fixed 100000, uniform",11,14,21,"D 0,1 -> 10,13",125,False,1.0,101308.0,1,False,0.3884853920121493,9.02,1519620.0
"Fixed 100000, uniform",11,15,2,S 1 -> 11,125,False,0.9998479643629806,101308.0,1,False,0.3884853920121493,9.02,1620928.0
"Fixed 100000, uniform",11,16,20,"D 0,1 -> 10,11",125,False,0.9999999994430349,101308.0,1,False,0.3884853920108998,9.15,1722236.0
"Fixed 100000, uniform",11,17,0,S 0 -> 10,125,False,0.9998481848563292,101308.0,1,False,0.3884853920108998,9.05,1823544.0
"Fixed 100000, uniform",11,18,23,"D 0,1 -> 12,13",125,False,0.999999998112533,101308.0,1,False,0.38848539200495097,9.22,1924852.0
"Fixed 100000, uniform",11,19,47,"D 1,2 -> 12,13",125,False,0.8990031782268207,101308.0,1,False,0.38848539200495097,9.19,2026160.0
"Fixed 100000, uniform",11,20,41,"D 0,9 -> 10,13",125,False,1.0,101308.0,1,False,0.3884542388305383,9.05,2127468.0
"Fixed 100000, uniform",11,21,0,S 0 -> 10,125,False,0.9999999994536871,101308.0,1,False,0.3884542388305383,9.07,2228776.0
"Fixed 100000, uniform",11,22,63,"D 1,9 -> 11,13",125,False,1.0,101308.0,1,False,0.3884542388305383,9.25,2330084.0
"Fixed 100000, uniform",11,23,1,S 0 -> 12,125,False,1.0,101308.0,1,False,0.3884542388305383,9.04,2431392.0
"Fixed 100000, uniform",11,24,3,S 1 -> 13,125,False,1.0,101308.0,1,False,0.3884542388305383,9.3,2532700.0
"Fixed 100000, uniform",11,25,20,"D 0,1 -> 10,11",125,False,0.9999999997427835,101308.0,1,False,0.3884542388305383,9.06,2634008.0
"Fixed 100000, uniform",11,26,2,S 1 -> 11,125,False,0.9999999999760568,101308.0,1,False,0.3884542388305383,9.1,2735316.0
"Fixed 100000, uniform",11,27,3,S 1 -> 13,125,False,1.0,101308.0,1,False,0.3884542388305383,9.1,2836624.0
"Fixed 316228, designed",0,0,55,"D 1,6 -> 10,13",125,False,0.9961866202613292,317409.0,1,False,0.38849321699798006,9.65,317409.0
"Fixed 316228, designed",0,1,125,"D 6,7 -> 12,13",125,True,0.0,317409.0,1,False,0.38849347169930637,9.54,634818.0
"Fixed 316228, designed",0,2,3,S 1 -> 13,136,False,1.0,317435.0,1,False,0.36663754061592513,9.57,952253.0
"Fixed 316228, designed",0,3,38,"D 0,7 -> 12,13",136,False,1.0,317435.0,1,False,0.36663754061592513,9.54,1269688.0
"Fixed 316228, designed",0,4,55,"D 1,6 -> 10,13",136,False,0.999999999462468,317435.0,1,False,0.36663754061592513,9.62,1587123.0
"Fixed 316228, designed",0,5,32,"D 0,5 -> 11,12",136,False,1.0,317435.0,1,False,0.36663754061592513,9.48,1904558.0
"Fixed 316228, designed",0,6,21,"D 0,1 -> 10,13",136,False,1.0,317435.0,1,False,0.36663754061592513,9.48,2221993.0
"Fixed 316228, designed",0,7,32,"D 0,5 -> 11,12",136,False,1.0,317435.0,1,False,0.36663754061592513,9.4,2539428.0
"Fixed 316228, designed",0,8,54,"D 1,6 -> 10,11",136,False,1.0,317435.0,1,False,0.36663754061592513,9.5,2856863.0
"Fixed 316228, designed",0,9,49,"D 1,4 -> 10,11",136,False,1.0,317435.0,1,False,0.36663754061592513,9.47,3174298.0
"Fixed 316228, designed",0,10,41,"D 0,9 -> 10,13",136,False,1.0,317435.0,1,False,0.36663754061592513,9.1,3491733.0
"Fixed 316228, designed",0,11,31,"D 0,5 -> 10,13",136,False,1.0,317435.0,1,False,0.36663754061592513,9.1,3809168.0
"Fixed 316228, designed",0,12,43,"D 0,9 -> 12,13",136,False,0.9795215529749258,317435.0,1,False,0.36663754061592513,9.2,4126603.0
"Fixed 316228, designed",0,13,26,"D 0,3 -> 10,13",136,False,1.0,317435.0,1,False,0.36663752621685597,9.16,4444038.0
"Fixed 316228, designed",0,14,37,"D 0,7 -> 11,12",136,False,0.9906627100335347,317435.0,1,False,0.36663752621685597,9.1,4761473.0
"Fixed 316228, designed",0,15,46,"D 1,2 -> 11,12",136,False,1.0,317435.0,1,False,0.36663752312098735,9.1,5078908.0
"Fixed 316228, designed",0,16,84,"D 3,4 -> 10,13",136,False,1.0,317435.0,1,False,0.36663752312098735,9.11,5396343.0
"Fixed 316228, designed",0,17,38,"D 0,7 -> 12,13",136,False,1.0,317435.0,1,False,0.36663752312098735,9.08,5713778.0
"Fixed 316228, designed",0,18,23,"D 0,1 -> 12,13",136,False,0.9449021327640542,317435.0,1,False,0.36663752312098735,9.1,6031213.0
"Fixed 316228, designed",0,19,66,"D 2,3 -> 11,12",136,False,1.0,317435.0,1,False,0.36663752280437667,9.03,6348648.0
"Fixed 316228, designed",0,20,39,"D 0,8 -> 10,12",136,False,1.0,317435.0,1,False,0.36663752280437667,8.94,6666083.0
"Fixed 316228, designed",0,21,26,"D 0,3 -> 10,13",136,False,1.0,317435.0,1,False,0.36663752280437667,9.04,6983518.0
"Fixed 316228, designed",0,22,25,"D 0,3 -> 10,11",136,False,0.9093563611342268,317435.0,1,False,0.36663752280437667,9.1,7300953.0
"Fixed 316228, designed",0,23,3,S 1 -> 13,136,False,1.0,317435.0,1,False,0.3666087247306181,9.11,7618388.0
"Fixed 316228, designed",0,24,57,"D 1,6 -> 12,13",136,False,1.0,317435.0,1,False,0.3666087249310104,9.08,7935823.0
"Fixed 316228, designed",0,25,45,"D 1,2 -> 10,13",136,False,1.0,317435.0,1,False,0.3666087249238762,9.03,8253258.0
"Fixed 316228, designed",0,26,58,"D 1,7 -> 11,13",136,False,0.9885839760061779,317435.0,1,False,0.3666087249238762,9.09,8570693.0
"Fixed 316228, designed",0,27,24,"D 0,2 -> 10,12",136,False,1.0,317435.0,1,False,0.3666087204686793,9.08,8888128.0
"Fixed 316228, designed",1,0,125,"D 6,7 -> 12,13",125,True,0.0,317409.0,1,False,0.38849321699798006,9.83,317409.0
"Fixed 316228, designed",1,1,27,"D 0,3 -> 11,12",136,False,1.0,317435.0,1,False,0.3666375436386704,10.1,634844.0
"Fixed 316228, designed",1,2,36,"D 0,7 -> 10,13",136,False,0.9978808363532368,317435.0,1,False,0.3666375436386704,9.97,952279.0
"Fixed 316228, designed",1,3,46,"D 1,2 -> 11,12",136,False,1.0,317435.0,1,False,0.36663754348487754,10.0,1269714.0
"Fixed 316228, designed",1,4,129,"D 6,9 -> 11,12",136,False,0.3231739907629304,317435.0,1,False,0.36663754348487754,9.99,1587149.0
"Fixed 316228, designed",1,5,41,"D 0,9 -> 10,13",136,False,1.0,317407.0,1,False,0.32942549652770303,9.66,1904556.0
"Fixed 316228, designed",1,6,42,"D 0,9 -> 11,12",136,False,1.0,317407.0,1,False,0.32942549652770303,9.57,2221963.0
"Fixed 316228, designed",1,7,35,"D 0,7 -> 10,11",136,False,1.0,317407.0,1,False,0.32942549652770303,9.48,2539370.0
"Fixed 316228, designed",1,8,46,"D 1,2 -> 11,12",136,False,1.0,317407.0,1,False,0.32942549652770303,9.39,2856777.0
"Fixed 316228, designed",1,9,63,"D 1,9 -> 11,13",136,False,1.0,317407.0,1,False,0.32942549652770303,9.32,3174184.0
"Fixed 316228, designed",1,10,32,"D 0,5 -> 11,12",136,False,1.0,317407.0,1,False,0.32942549652770303,9.45,3491591.0
"Fixed 316228, designed",1,11,61,"D 1,8 -> 11,12",136,False,1.0,317407.0,1,False,0.32942549652770303,9.37,3808998.0
"Fixed 316228, designed",1,12,29,"D 0,4 -> 10,12",136,False,1.0,317407.0,1,False,0.32942549652770303,9.37,4126405.0
"Fixed 316228, designed",1,13,57,"D 1,6 -> 12,13",136,False,1.0,317407.0,1,False,0.32942549652770303,9.29,4443812.0
"Fixed 316228, designed",1,14,63,"D 1,9 -> 11,13",136,False,1.0,317407.0,1,False,0.32942549652770303,9.27,4761219.0
"Fixed 316228, designed",1,15,20,"D 0,1 -> 10,11",136,False,0.9141348783327077,317407.0,1,False,0.32942549652770303,9.14,5078626.0
"Fixed 316228, designed",1,16,0,S 0 -> 10,136,False,0.9993593382814364,317407.0,1,False,0.32941663539842164,9.13,5396033.0
"Fixed 316228, designed",1,17,1,S 0 -> 12,136,False,1.0,317407.0,1,False,0.3294166327960033,9.16,5713440.0
"Fixed 316228, designed",1,18,33,"D 0,5 -> 12,13",136,False,1.0,317407.0,1,False,0.32941663200478555,9.4,6030847.0
"Fixed 316228, designed",1,19,45,"D 1,2 -> 10,13",136,False,1.0,317407.0,1,False,0.3294166319874318,9.2,6348254.0
"Fixed 316228, designed",1,20,29,"D 0,4 -> 10,12",136,False,1.0,317407.0,1,False,0.3294166319874318,9.03,6665661.0
"Fixed 316228, designed",1,21,59,"D 1,8 -> 10,11",136,False,0.9879796396890249,317407.0,1,False,0.3294166319874318,9.58,6983068.0
"Fixed 316228, designed",1,22,3,S 1 -> 13,136,False,1.0,317407.0,1,False,0.3294128796396742,9.4,7300475.0
"Fixed 316228, designed",1,23,36,"D 0,7 -> 10,13",136,False,0.999999057052942,317407.0,1,False,0.32941288038611255,9.39,7617882.0
"Fixed 316228, designed",1,24,57,"D 1,6 -> 12,13",136,False,1.0,317407.0,1,False,0.32941288038611255,9.3,7935289.0
"Fixed 316228, designed",1,25,53,"D 1,5 -> 11,13",136,False,1.0,317407.0,1,False,0.32941288038611255,9.49,8252696.0
"Fixed 316228, designed",1,26,21,"D 0,1 -> 10,13",136,False,1.0,317407.0,1,False,0.32941288038611255,9.37,8570103.0
"Fixed 316228, designed",1,27,47,"D 1,2 -> 12,13",136,False,0.9225703642905271,317407.0,1,False,0.32941288038611255,9.51,8887510.0
"Fixed 316228, designed",2,0,28,"D 0,3 -> 12,13",125,False,0.8997729451877969,317409.0,1,False,0.38849321699798006,9.46,317409.0
"Fixed 316228, designed",2,1,40,"D 0,9 -> 10,11",125,False,0.9892038398547757,317409.0,1,False,0.3884625173669083,9.42,634818.0
"Fixed 316228, designed",2,2,71,"D 2,5 -> 11,12",125,False,1.0,317409.0,1,False,0.3884625173765922,9.17,952227.0
"Fixed 316228, designed",2,3,44,"D 1,2 -> 10,11",125,False,0.9144728997258107,317409.0,1,False,0.3884625173765922,9.01,1269636.0
"Fixed 316228, designed",2,4,31,"D 0,5 -> 10,13",125,False,1.0,317409.0,1,False,0.3884625173970637,9.05,1587045.0
"Fixed 316228, designed",2,5,20,"D 0,1 -> 10,11",125,False,0.9204270954739385,317409.0,1,False,0.38846251737937815,9.05,1904454.0
"Fixed 316228, designed",2,6,57,"D 1,6 -> 12,13",125,False,1.0,317409.0,1,False,0.38846251711394014,9.1,2221863.0
"Fixed 316228, designed",2,7,41,"D 0,9 -> 10,13",125,False,1.0,317409.0,1,False,0.38846251711394014,9.04,2539272.0
"Fixed 316228, designed",2,8,20,"D 0,1 -> 10,11",125,False,0.9999999980433573,317409.0,1,False,0.38846251711394014,9.05,2856681.0
"Fixed 316228, designed",2,9,23,"D 0,1 -> 12,13",125,False,0.9203125205537603,317409.0,1,False,0.38846251711394014,9.04,3174090.0
"Fixed 316228, designed",2,10,24,"D 0,2 -> 10,12",125,False,1.0,317409.0,1,False,0.3884542397419071,9.1,3491499.0
"Fixed 316228, designed",2,11,38,"D 0,7 -> 12,13",125,False,1.0,317409.0,1,False,0.38845423974313315,9.07,3808908.0
"Fixed 316228, designed",2,12,54,"D 1,6 -> 10,11",125,False,1.0,317409.0,1,False,0.3884542397425977,9.04,4126317.0
"Fixed 316228, designed",2,13,80,"D 2,9 -> 10,13",125,False,1.0,317409.0,1,False,0.3884542397425977,9.02,4443726.0
"Fixed 316228, designed",2,14,44,"D 1,2 -> 10,11",125,False,0.9999997137954559,317409.0,1,False,0.3884542397425977,9.19,4761135.0
"Fixed 316228, designed",2,15,20,"D 0,1 -> 10,11",125,False,0.9999999947462372,317409.0,1,False,0.38845423974260074,9.05,5078544.0
"Fixed 316228, designed",2,16,54,"D 1,6 -> 10,11",125,False,1.0,317409.0,1,False,0.38845423974258675,9.05,5395953.0
"Fixed 316228, designed",2,17,58,"D 1,7 -> 11,13",125,False,0.9834832804314223,317409.0,1,False,0.38845423974258675,9.1,5713362.0
"Fixed 316228, designed",2,18,129,"D 6,9 -> 11,12",125,False,0.15040231739635235,317409.0,1,False,0.3884534392569508,9.08,6030771.0
"Fixed 316228, designed",2,19,28,"D 0,3 -> 12,13",132,False,0.9999818048467967,317438.0,1,False,0.32948488871132253,9.05,6348209.0
"Fixed 316228, designed",2,20,39,"D 0,8 -> 10,12",132,False,1.0,317437.0,1,False,0.3290508014927166,8.99,6665646.0
"Fixed 316228, designed",2,21,38,"D 0,7 -> 12,13",132,False,1.0,317437.0,1,False,0.32905080148731347,8.96,6983083.0
"Fixed 316228, designed",2,22,41,"D 0,9 -> 10,13",132,False,1.0,317437.0,1,False,0.32905080148731347,9.18,7300520.0
"Fixed 316228, designed",2,23,53,"D 1,5 -> 11,13",132,False,1.0,317437.0,1,False,0.32905080148731347,9.13,7617957.0
"Fixed 316228, designed",2,24,30,"D 0,5 -> 10,11",132,False,1.0,317437.0,1,False,0.32905080148731347,9.07,7935394.0
"Fixed 316228, designed",2,25,24,"D 0,2 -> 10,12",132,False,1.0,317437.0,1,False,0.32905080148731347,9.08,8252831.0
"Fixed 316228, designed",2,26,3,S 1 -> 13,132,False,1.0,317437.0,1,False,0.32905080148731347,9.04,8570268.0
"Fixed 316228, designed",2,27,22,"D 0,1 -> 11,12",132,False,1.0,317437.0,1,False,0.32905080148731347,9.08,8887705.0
"Fixed 316228, designed",3,0,60,"D 1,8 -> 10,13",125,False,1.0,317409.0,1,False,0.38849321699798006,9.61,317409.0
"Fixed 316228, designed",3,1,47,"D 1,2 -> 12,13",125,False,0.8997729451877969,317409.0,1,False,0.38849321699798006,10.42,634818.0
"Fixed 316228, designed",3,2,41,"D 0,9 -> 10,13",125,False,1.0,317409.0,1,False,0.3884625173669083,10.12,952227.0
"Fixed 316228, designed",3,3,54,"D 1,6 -> 10,11",125,False,1.0,317409.0,1,False,0.3884625173669083,9.89,1269636.0
"Fixed 316228, designed",3,4,46,"D 1,2 -> 11,12",125,False,1.0,317409.0,1,False,0.3884625173669083,10.0,1587045.0
"Fixed 316228, designed",3,5,34,"D 0,6 -> 10,12",125,False,0.9835970849728627,317409.0,1,False,0.3884625173669083,10.13,1904454.0
"Fixed 316228, designed",3,6,125,"D 6,7 -> 12,13",125,True,0.0,317409.0,1,False,0.3884617273409427,10.12,2221863.0
"Fixed 316228, designed",3,7,2,S 1 -> 11,136,False,0.9967531378222952,317434.0,1,False,0.36663753913272007,10.01,2539297.0
"Fixed 316228, designed",3,8,37,"D 0,7 -> 11,12",136,False,0.9907076567081057,317434.0,1,False,0.3666375358367084,9.92,2856731.0
"Fixed 316228, designed",3,9,54,"D 1,6 -> 10,11",136,False,1.0,317434.0,1,False,0.3666375328885483,9.23,3174165.0
"Fixed 316228, designed",3,10,34,"D 0,6 -> 10,12",136,False,0.9999998545597433,317434.0,1,False,0.36663753288749124,9.4,3491599.0
"Fixed 316228, designed",3,11,33,"D 0,5 -> 12,13",136,False,1.0,317434.0,1,False,0.366637532887462,9.44,3809033.0
"Fixed 316228, designed",3,12,62,"D 1,8 -> 12,13",136,False,0.9797910989935993,317434.0,1,False,0.366637532887462,9.24,4126467.0
"Fixed 316228, designed",3,13,35,"D 0,7 -> 10,11",136,False,1.0,317434.0,1,False,0.3666375259877528,9.39,4443901.0
"Fixed 316228, designed",3,14,25,"D 0,3 -> 10,11",136,False,0.9093459568830657,317434.0,1,False,0.3666375259871864,9.45,4761335.0
"Fixed 316228, designed",3,15,54,"D 1,6 -> 10,11",136,False,1.0,317434.0,1,False,0.36660872472893946,9.29,5078769.0
"Fixed 316228, designed",3,16,68,"D 2,4 -> 10,12",136,False,1.0,317434.0,1,False,0.36660872472893946,9.19,5396203.0
"Fixed 316228, designed",3,17,57,"D 1,6 -> 12,13",136,False,1.0,317434.0,1,False,0.36660872472893946,9.18,5713637.0
"Fixed 316228, designed",3,18,28,"D 0,3 -> 12,13",136,False,0.9328748241757328,317434.0,1,False,0.36660872472893946,9.2,6031071.0
"Fixed 316228, designed",3,19,32,"D 0,5 -> 11,12",136,False,1.0,317433.0,1,False,0.36660888091181143,9.19,6348504.0
"Fixed 316228, designed",3,20,63,"D 1,9 -> 11,13",136,False,1.0,317433.0,1,False,0.36660888091181143,9.01,6665937.0
"Fixed 316228, designed",3,21,44,"D 1,2 -> 10,11",136,False,0.909919056494318,317433.0,1,False,0.36660888091181143,9.43,6983370.0
"Fixed 316228, designed",3,22,62,"D 1,8 -> 12,13",136,False,0.9999993019713288,317433.0,1,False,0.3665804129330987,9.34,7300803.0
"Fixed 316228, designed",3,23,35,"D 0,7 -> 10,11",136,False,1.0,317433.0,1,False,0.3665804099471475,9.43,7618236.0
"Fixed 316228, designed",3,24,92,"D 3,7 -> 11,13",136,False,0.9467583451260422,317433.0,1,False,0.3665804099790239,9.44,7935669.0
"Fixed 316228, designed",3,25,60,"D 1,8 -> 10,13",136,False,1.0,317435.0,1,False,0.36654911467617163,9.48,8253104.0
"Fixed 316228, designed",3,26,26,"D 0,3 -> 10,13",136,False,1.0,317435.0,1,False,0.36654911467617163,9.42,8570539.0
"Fixed 316228, designed",3,27,62,"D 1,8 -> 12,13",136,False,0.999999997898741,317435.0,1,False,0.36654911467617163,9.21,8887974.0
"Fixed 316228, designed",4,0,57,"D 1,6 -> 12,13",125,False,1.0,317409.0,1,False,0.38849321699798006,9.14,317409.0
"Fixed 316228, designed",4,1,29,"D 0,4 -> 10,12",125,False,1.0,317409.0,1,False,0.38849321699798006,9.07,634818.0
"Fixed 316228, designed",4,2,28,"D 0,3 -> 12,13",125,False,0.8997729451877969,317409.0,1,False,0.38849321699798006,9.02,952227.0
"Fixed 316228, designed",4,3,2,S 1 -> 11,125,False,0.9999997317987402,317409.0,1,False,0.3884625173669083,8.99,1269636.0
"Fixed 316228, designed",4,4,28,"D 0,3 -> 12,13",125,False,0.9999999999898024,317409.0,1,False,0.38846251736691917,8.97,1587045.0
"Fixed 316228, designed",4,5,80,"D 2,9 -> 10,13",125,False,1.0,317409.0,1,False,0.38846251736691806,8.99,1904454.0
"Fixed 316228, designed",4,6,48,"D 1,3 -> 11,13",125,False,1.0,317409.0,1,False,0.38846251736691373,9.04,2221863.0
"Fixed 316228, designed",4,7,22,"D 0,1 -> 11,12",125,False,1.0,317409.0,1,False,0.38846251736691373,8.96,2539272.0
"Fixed 316228, designed",4,8,3,S 1 -> 13,125,False,1.0,317409.0,1,False,0.38846251736691373,9.0,2856681.0
"Fixed 316228, designed",4,9,57,"D 1,6 -> 12,13",125,False,1.0,317409.0,1,False,0.38846251736691373,9.01,3174090.0
"Fixed 316228, designed",4,10,25,"D 0,3 -> 10,11",125,False,0.9149540264645847,317409.0,1,False,0.38846251736691373,9.16,3491499.0
"Fixed 316228, designed",4,11,136,"D 8,9 -> 10,11",125,False,0.0562569122954395,317409.0,1,False,0.38846276947206904,9.13,3808908.0
"Fixed 316228, designed",4,12,42,"D 0,9 -> 11,12",125,False,1.0,317413.0,1,False,0.3884626110646578,9.04,4126321.0
"Fixed 316228, designed",4,13,66,"D 2,3 -> 11,12",125,False,1.0,317413.0,1,False,0.3884626110646578,9.02,4443734.0
"Fixed 316228, designed",4,14,34,"D 0,6 -> 10,12",125,False,0.9858288902437663,317413.0,1,False,0.3884626110646578,9.08,4761147.0
"Fixed 316228, designed",4,15,66,"D 2,3 -> 11,12",125,False,1.0,317413.0,1,False,0.3884619303042982,9.06,5078560.0
"Fixed 316228, designed",4,16,44,"D 1,2 -> 10,11",125,False,0.9583100114632193,317413.0,1,False,0.3884619303042982,9.07,5395973.0
"Fixed 316228, designed",4,17,43,"D 0,9 -> 12,13",125,False,0.9809732552028794,317412.0,1,False,0.3884619300399462,9.04,5713385.0
"Fixed 316228, designed",4,18,44,"D 1,2 -> 10,11",125,False,0.9999998028247834,317412.0,1,False,0.38846176368767554,9.12,6030797.0
"Fixed 316228, designed",4,19,53,"D 1,5 -> 11,13",125,False,1.0,317412.0,1,False,0.3884617636875033,9.07,6348209.0
"Fixed 316228, designed",4,20,56,"D 1,6 -> 11,12",125,False,0.9891754636600495,317412.0,1,False,0.38846176368736546,9.61,6665621.0
"Fixed 316228, designed",4,21,53,"D 1,5 -> 11,13",125,False,1.0,317412.0,1,False,0.38846052559599276,9.48,6983033.0
"Fixed 316228, designed",4,22,33,"D 0,5 -> 12,13",125,False,1.0,317412.0,1,False,0.3884605255346924,9.26,7300445.0
"Fixed 316228, designed",4,23,53,"D 1,5 -> 11,13",125,False,1.0,317412.0,1,False,0.38846052557248745,9.19,7617857.0
"Fixed 316228, designed",4,24,58,"D 1,7 -> 11,13",125,False,0.9859002781185047,317412.0,1,False,0.38846052553652605,9.31,7935269.0
"Fixed 316228, designed",4,25,28,"D 0,3 -> 12,13",125,False,0.9999820559564772,317412.0,1,False,0.3884598619078228,9.31,8252681.0
"Fixed 316228, designed",4,26,21,"D 0,1 -> 10,13",125,False,1.0,317407.0,1,False,0.38845981242388616,9.22,8570088.0
"Fixed 316228, designed",4,27,27,"D 0,3 -> 11,12",125,False,1.0,317407.0,1,False,0.3884598124270609,9.32,8887495.0
"Fixed 316228, designed",5,0,57,"D 1,6 -> 12,13",125,False,1.0,317409.0,1,False,0.38849321699798006,9.91,317409.0
"Fixed 316228, designed",5,1,42,"D 0,9 -> 11,12",125,False,1.0,317409.0,1,False,0.38849321699798006,10.18,634818.0
"Fixed 316228, designed",5,2,0,S 0 -> 10,125,False,0.999999954774273,317409.0,1,False,0.38849321699798006,9.96,952227.0
"Fixed 316228, designed",5,3,53,"D 1,5 -> 11,13",125,False,1.0,317409.0,1,False,0.38849321699798006,9.98,1269636.0
"Fixed 316228, designed",5,4,53,"D 1,5 -> 11,13",125,False,1.0,317409.0,1,False,0.38849321699798006,9.99,1587045.0
"Fixed 316228, designed",5,5,23,"D 0,1 -> 12,13",125,False,0.9221823768651758,317409.0,1,False,0.38849321699798006,10.3,1904454.0
"Fixed 316228, designed",5,6,2,S 1 -> 11,125,False,0.9999925616429827,317409.0,1,False,0.38848535291687886,9.98,2221863.0
"Fixed 316228, designed",5,7,20,"D 0,1 -> 10,11",125,False,0.9224064757364631,317409.0,1,False,0.3884853529168348,9.47,2539272.0
"Fixed 316228, designed",5,8,51,"D 1,4 -> 11,12",125,False,1.0,317409.0,1,False,0.3884853920047615,9.31,2856681.0
"Fixed 316228, designed",5,9,132,"D 7,8 -> 10,13",125,False,0.15046768488598616,317409.0,1,False,0.3884853920047613,9.53,3174090.0
"Fixed 316228, designed",5,10,45,"D 1,2 -> 10,13",129,False,1.0,317398.0,1,False,0.33003089604533453,9.44,3491488.0
"Fixed 316228, designed",5,11,49,"D 1,4 -> 10,11",129,False,1.0,317398.0,1,False,0.33003089604533453,9.38,3808886.0
"Fixed 316228, designed",5,12,66,"D 2,3 -> 11,12",129,False,1.0,317398.0,1,False,0.33003089604533453,9.42,4126284.0
"Fixed 316228, designed",5,13,56,"D 1,6 -> 11,12",129,False,0.9852555497529276,317398.0,1,False,0.33003089604533453,9.34,4443682.0
"Fixed 316228, designed",5,14,44,"D 1,2 -> 10,11",129,False,0.9090951938024259,317398.0,1,False,0.3300284917915718,9.36,4761080.0
"Fixed 316228, designed",5,15,51,"D 1,4 -> 11,12",129,False,1.0,317398.0,1,False,0.33002830949903833,9.34,5078478.0
"Fixed 316228, designed",5,16,52,"D 1,4 -> 12,13",129,False,1.0,317398.0,1,False,0.33002830949903833,9.33,5395876.0
"Fixed 316228, designed",5,17,51,"D 1,4 -> 11,12",129,False,1.0,317398.0,1,False,0.33002830949903833,9.35,5713274.0
"Fixed 316228, designed",5,18,61,"D 1,8 -> 11,12",129,False,1.0,317398.0,1,False,0.33002830949903833,9.31,6030672.0
"Fixed 316228, designed",5,19,61,"D 1,8 -> 11,12",129,False,1.0,317398.0,1,False,0.33002830949903833,9.31,6348070.0
"Fixed 316228, designed",5,20,29,"D 0,4 -> 10,12",129,False,1.0,317398.0,1,False,0.33002830949903833,9.08,6665468.0
"Fixed 316228, designed",5,21,51,"D 1,4 -> 11,12",129,False,1.0,317398.0,1,False,0.33002830949903833,9.75,6982866.0
"Fixed 316228, designed",5,22,51,"D 1,4 -> 11,12",129,False,1.0,317398.0,1,False,0.33002830949903833,9.48,7300264.0
"Fixed 316228, designed",5,23,44,"D 1,2 -> 10,11",129,False,0.9999999999993723,317398.0,1,False,0.33002830949903833,9.44,7617662.0
"Fixed 316228, designed",5,24,43,"D 0,9 -> 12,13",129,False,0.9762620489566276,317398.0,1,False,0.33002830949903833,9.33,7935060.0
"Fixed 316228, designed",5,25,60,"D 1,8 -> 10,13",129,False,1.0,317398.0,1,False,0.33002695491248835,9.58,8252458.0
"Fixed 316228, designed",5,26,34,"D 0,6 -> 10,12",129,False,0.982640057785789,317398.0,1,False,0.33002695490877315,9.46,8569856.0
"Fixed 316228, designed",5,27,38,"D 0,7 -> 12,13",129,False,1.0,317398.0,1,False,0.3300263451462641,9.28,8887254.0
"Fixed 316228, designed",6,0,70,"D 2,5 -> 10,13",125,False,1.0,317409.0,1,False,0.38849321699798006,9.92,317409.0
"Fixed 316228, designed",6,1,80,"D 2,9 -> 10,13",125,False,1.0,317409.0,1,False,0.38849321699798006,9.54,634818.0
"Fixed 316228, designed",6,2,42,"D 0,9 -> 11,12",125,False,1.0,317409.0,1,False,0.38849321699798006,9.8,952227.0
"Fixed 316228, designed",6,3,42,"D 0,9 -> 11,12",125,False,1.0,317409.0,1,False,0.38849321699798006,9.94,1269636.0
"Fixed 316228, designed",6,4,51,"D 1,4 -> 11,12",125,False,1.0,317409.0,1,False,0.38849321699798006,10.0,1587045.0
"Fixed 316228, designed",6,5,37,"D 0,7 -> 11,12",125,False,0.9961866202613292,317409.0,1,False,0.38849321699798006,9.57,1904454.0
"Fixed 316228, designed",6,6,47,"D 1,2 -> 12,13",125,False,0.8997730110371622,317409.0,1,False,0.38849347169930637,9.46,2221863.0
"Fixed 316228, designed",6,7,29,"D 0,4 -> 10,12",125,False,1.0,317409.0,1,False,0.3884627720546602,9.43,2539272.0
"Fixed 316228, designed",6,8,61,"D 1,8 -> 11,12",125,False,1.0,317409.0,1,False,0.3884627720673021,9.47,2856681.0
"Fixed 316228, designed",6,9,42,"D 0,9 -> 11,12",125,False,1.0,317409.0,1,False,0.3884627720674691,9.43,3174090.0
"Fixed 316228, designed",6,10,46,"D 1,2 -> 11,12",125,False,1.0,317409.0,1,False,0.38846277206764684,9.22,3491499.0
"Fixed 316228, designed",6,11,125,"D 6,7 -> 12,13",125,True,0.0,317409.0,1,False,0.38846277206774665,9.3,3808908.0
"Fixed 316228, designed",6,12,62,"D 1,8 -> 12,13",136,False,0.9797975825064367,317434.0,1,False,0.3666375406161386,9.43,4126342.0
"Fixed 316228, designed",6,13,2,S 1 -> 11,136,False,0.9967167401453116,317434.0,1,False,0.36663753377285574,9.31,4443776.0
"Fixed 316228, designed",6,14,62,"D 1,8 -> 12,13",136,False,0.9999999737312044,317434.0,1,False,0.3666375304310396,9.29,4761210.0
"Fixed 316228, designed",6,15,47,"D 1,2 -> 12,13",136,False,0.9999999836321944,317434.0,1,False,0.36663753043121866,9.29,5078644.0
"Fixed 316228, designed",6,16,45,"D 1,2 -> 10,13",136,False,1.0,317434.0,1,False,0.36663753043121866,9.17,5396078.0
"Fixed 316228, designed",6,17,37,"D 0,7 -> 11,12",136,False,0.9999999896449718,317434.0,1,False,0.36663753043121866,9.16,5713512.0
"Fixed 316228, designed",6,18,30,"D 0,5 -> 10,11",136,False,1.0,317434.0,1,False,0.36663753043121866,9.2,6030946.0
"Fixed 316228, designed",6,19,42,"D 0,9 -> 11,12",136,False,1.0,317434.0,1,False,0.36663753043121866,9.19,6348380.0
"Fixed 316228, designed",6,20,26,"D 0,3 -> 10,13",136,False,1.0,317434.0,1,False,0.36663753043121866,9.05,6665814.0
"Fixed 316228, designed",6,21,55,"D 1,6 -> 10,13",136,False,0.990578884202695,317434.0,1,False,0.36663753043121866,9.57,6983248.0
"Fixed 316228, designed",6,22,56,"D 1,6 -> 11,12",136,False,0.9978237076609393,317434.0,1,False,0.3666375273295187,9.42,7300682.0
"Fixed 316228, designed",6,23,31,"D 0,5 -> 10,13",136,False,1.0,317434.0,1,False,0.36663752711734215,9.38,7618116.0
"Fixed 316228, designed",6,24,45,"D 1,2 -> 10,13",136,False,1.0,317434.0,1,False,0.36663752711734215,9.2,7935550.0
"Fixed 316228, designed",6,25,40,"D 0,9 -> 10,11",136,False,0.9886132492519819,317434.0,1,False,0.36663752711734215,9.46,8252984.0
"Fixed 316228, designed",6,26,53,"D 1,5 -> 11,13",136,False,1.0,317434.0,1,False,0.3666335484590379,9.4,8570418.0
"Fixed 316228, designed",6,27,41,"D 0,9 -> 10,13",136,False,1.0,317434.0,1,False,0.3666335484229752,9.31,8887852.0
"Fixed 316228, designed",7,0,58,"D 1,7 -> 11,13",125,False,0.983598367026149,317409.0,1,False,0.38849321699798006,9.41,317409.0
"Fixed 316228, designed",7,1,49,"D 1,4 -> 10,11",125,False,1.0,317409.0,1,False,0.38849242696018776,9.52,634818.0
"Fixed 316228, designed",7,2,43,"D 0,9 -> 12,13",125,False,0.9775722972447128,317409.0,1,False,0.38849242696018776,9.17,952227.0
"Fixed 316228, designed",7,3,62,"D 1,8 -> 12,13",125,False,0.9775235679604983,317409.0,1,False,0.38849220246288035,9.09,1269636.0
"Fixed 316228, designed",7,4,22,"D 0,1 -> 11,12",125,False,1.0,317409.0,1,False,0.3884919732669929,9.14,1587045.0
"Fixed 316228, designed",7,5,32,"D 0,5 -> 11,12",125,False,1.0,317409.0,1,False,0.3884919732655601,9.03,1904454.0
"Fixed 316228, designed",7,6,48,"D 1,3 -> 11,13",125,False,1.0,317409.0,1,False,0.3884919732655601,9.66,2221863.0
"Fixed 316228, designed",7,7,28,"D 0,3 -> 12,13",125,False,0.899880763072058,317409.0,1,False,0.3884919732655601,9.36,2539272.0
"Fixed 316228, designed",7,8,20,"D 0,1 -> 10,11",125,False,0.922221167776086,317409.0,1,False,0.38846131159659775,9.43,2856681.0
"Fixed 316228, designed",7,9,34,"D 0,6 -> 10,12",125,False,0.9835530882519804,317409.0,1,False,0.3884613120651446,9.56,3174090.0
"Fixed 316228, designed",7,10,58,"D 1,7 -> 11,13",125,False,0.999999999917305,317409.0,1,False,0.38846052175244655,9.22,3491499.0
"Fixed 316228, designed",7,11,72,"D 2,5 -> 12,13",125,False,1.0,317409.0,1,False,0.38846052175244655,9.45,3808908.0
"Fixed 316228, designed",7,12,36,"D 0,7 -> 10,13",125,False,0.98768065122746,317409.0,1,False,0.38846052175244655,9.52,4126317.0
"Fixed 316228, designed",7,13,26,"D 0,3 -> 10,13",125,False,1.0,317409.0,1,False,0.38845912382156156,9.53,4443726.0
"Fixed 316228, designed",7,14,49,"D 1,4 -> 10,11",125,False,1.0,317409.0,1,False,0.38845912379084807,9.29,4761135.0
"Fixed 316228, designed",7,15,129,"D 6,9 -> 11,12",125,False,0.15041648079711767,317409.0,1,False,0.38845912379084807,9.27,5078544.0
"Fixed 316228, designed",7,16,34,"D 0,6 -> 10,12",132,False,0.9999956808029296,317432.0,1,False,0.3300263393574296,9.21,5395976.0
"Fixed 316228, designed",7,17,39,"D 0,8 -> 10,12",132,False,1.0,317437.0,1,False,0.31507765464070797,9.25,5713413.0
"Fixed 316228, designed",7,18,52,"D 1,4 -> 12,13",132,False,1.0,317437.0,1,False,0.31507765464070797,9.25,6030850.0
"Fixed 316228, designed",7,19,1,S 0 -> 12,132,False,1.0,317437.0,1,False,0.31507765464070797,9.16,6348287.0
"Fixed 316228, designed",7,20,44,"D 1,2 -> 10,11",132,False,0.9037863362795162,317437.0,1,False,0.31507765464070797,8.91,6665724.0
"Fixed 316228, designed",7,21,34,"D 0,6 -> 10,12",132,False,0.9999999778397972,317437.0,1,False,0.3150765560178599,9.12,6983161.0
"Fixed 316228, designed",7,22,25,"D 0,3 -> 10,11",132,False,0.9046359229021304,317437.0,1,False,0.3150765560215839,9.17,7300598.0
"Fixed 316228, designed",7,23,90,"D 3,6 -> 11,12",132,False,0.8796358106972325,317437.0,1,False,0.3150755354197431,9.16,7618035.0
"Fixed 316228, designed",7,24,52,"D 1,4 -> 12,13",132,False,1.0,317435.0,1,False,0.31488483766451875,9.19,7935470.0
"Fixed 316228, designed",7,25,41,"D 0,9 -> 10,13",132,False,1.0,317435.0,1,False,0.31488483766451875,9.2,8252905.0
"Fixed 316228, designed",7,26,80,"D 2,9 -> 10,13",132,False,1.0,317435.0,1,False,0.31488483766451875,9.22,8570340.0
"Fixed 316228, designed",7,27,50,"D 1,4 -> 10,13",132,False,1.0,317435.0,1,False,0.31488483766451875,8.94,8887775.0
"Fixed 316228, designed",8,0,54,"D 1,6 -> 10,11",125,False,1.0,317409.0,1,False,0.38849321699798006,9.53,317409.0
"Fixed 316228, designed",8,1,28,"D 0,3 -> 12,13",125,False,0.8997729451877969,317409.0,1,False,0.38849321699798006,9.17,634818.0
"Fixed 316228, designed",8,2,52,"D 1,4 -> 12,13",125,False,1.0,317409.0,1,False,0.3884625173669083,9.15,952227.0
"Fixed 316228, designed",8,3,0,S 0 -> 10,125,False,0.9999670673442336,317409.0,1,False,0.3884625173669083,9.09,1269636.0
"Fixed 316228, designed",8,4,0,S 0 -> 10,125,False,0.999999999578272,317409.0,1,False,0.3884625173750671,9.09,1587045.0
"Fixed 316228, designed",8,5,43,"D 0,9 -> 12,13",125,False,0.9779809933555567,317409.0,1,False,0.3884625173750671,9.04,1904454.0
"Fixed 316228, designed",8,6,39,"D 0,8 -> 10,12",125,False,1.0,317409.0,1,False,0.3884623266376432,9.21,2221863.0
"Fixed 316228, designed",8,7,47,"D 1,2 -> 12,13",125,False,0.9001169505308619,317409.0,1,False,0.3884623266376432,9.22,2539272.0
"Fixed 316228, designed",8,8,55,"D 1,6 -> 10,13",125,False,0.9960410303490639,317409.0,1,False,0.38843184127564545,9.37,2856681.0
"Fixed 316228, designed",8,9,3,S 1 -> 13,125,False,1.0,317409.0,1,False,0.3884321038897541,9.24,3174090.0
"Fixed 316228, designed",8,10,71,"D 2,5 -> 11,12",125,False,1.0,317409.0,1,False,0.388432103772541,9.27,3491499.0
"Fixed 316228, designed",8,11,45,"D 1,2 -> 10,13",125,False,1.0,317409.0,1,False,0.38843210377045184,9.21,3808908.0
"Fixed 316228, designed",8,12,57,"D 1,6 -> 12,13",125,False,1.0,317409.0,1,False,0.38843210377045184,9.22,4126317.0
"Fixed 316228, designed",8,13,54,"D 1,6 -> 10,11",125,False,1.0,317409.0,1,False,0.38843210377045184,9.19,4443726.0
"Fixed 316228, designed",8,14,59,"D 1,8 -> 10,11",125,False,0.9892204741041655,317409.0,1,False,0.38843210377045184,9.76,4761135.0
"Fixed 316228, designed",8,15,31,"D 0,5 -> 10,13",125,False,1.0,317409.0,1,False,0.3884320999951294,9.69,5078544.0
"Fixed 316228, designed",8,16,52,"D 1,4 -> 12,13",125,False,1.0,317409.0,1,False,0.3884320999951294,9.66,5395953.0
"Fixed 316228, designed",8,17,59,"D 1,8 -> 10,11",125,False,0.999999983773091,317409.0,1,False,0.3884320999951294,9.78,5713362.0
"Fixed 316228, designed",8,18,38,"D 0,7 -> 12,13",125,False,1.0,317409.0,1,False,0.3884320999951294,9.69,6030771.0
"Fixed 316228, designed",8,19,21,"D 0,1 -> 10,13",125,False,1.0,317409.0,1,False,0.3884320999951294,9.37,6348180.0
"Fixed 316228, designed",8,20,72,"D 2,5 -> 12,13",125,False,1.0,317409.0,1,False,0.3884320999951294,9.03,6665589.0
"Fixed 316228, designed",8,21,33,"D 0,5 -> 12,13",125,False,1.0,317409.0,1,False,0.3884320999951294,9.1,6982998.0
"Fixed 316228, designed",8,22,72,"D 2,5 -> 12,13",125,False,1.0,317409.0,1,False,0.3884320999951294,9.11,7300407.0
"Fixed 316228, designed",8,23,52,"D 1,4 -> 12,13",125,False,1.0,317409.0,1,False,0.3884320999951294,9.07,7617816.0
"Fixed 316228, designed",8,24,26,"D 0,3 -> 10,13",125,False,1.0,317409.0,1,False,0.3884320999951294,9.05,7935225.0
"Fixed 316228, designed",8,25,27,"D 0,3 -> 11,12",125,False,1.0,317409.0,1,False,0.3884320999951294,8.96,8252634.0
"Fixed 316228, designed",8,26,133,"D 7,8 -> 11,12",125,False,0.592604836696323,317409.0,1,False,0.3884320999951294,9.1,8570043.0
"Fixed 316228, designed",8,27,63,"D 1,9 -> 11,13",125,False,1.0,317408.0,1,False,0.40245829834560326,8.98,8887451.0
"Fixed 316228, designed",9,0,60,"D 1,8 -> 10,13",125,False,1.0,317409.0,1,False,0.38849321699798006,9.49,317409.0
"Fixed 316228, designed",9,1,51,"D 1,4 -> 11,12",125,False,1.0,317409.0,1,False,0.38849321699798006,9.47,634818.0
"Fixed 316228, designed",9,2,36,"D 0,7 -> 10,13",125,False,0.9874117467648198,317409.0,1,False,0.38849321699798006,9.37,952227.0
"Fixed 316228, designed",9,3,125,"D 6,7 -> 12,13",125,True,0.0,317409.0,1,False,0.38849177481555025,9.44,1269636.0
"Fixed 316228, designed",9,4,51,"D 1,4 -> 11,12",136,False,1.0,317435.0,1,False,0.3666375434848776,9.44,1587071.0
"Fixed 316228, designed",9,5,58,"D 1,7 -> 11,13",136,False,0.9885384377646612,317435.0,1,False,0.3666375434848776,9.41,1904506.0
"Fixed 316228, designed",9,6,29,"D 0,4 -> 10,12",136,False,1.0,317435.0,1,False,0.36663753898170914,9.13,2221941.0
"Fixed 316228, designed",9,7,23,"D 0,1 -> 12,13",136,False,0.9449666093509868,317435.0,1,False,0.36663753898170914,9.2,2539376.0
"Fixed 316228, designed",9,8,43,"D 0,9 -> 12,13",136,False,0.9794362495536952,317435.0,1,False,0.3666375389829622,9.25,2856811.0
"Fixed 316228, designed",9,9,1,S 0 -> 12,136,False,1.0,317435.0,1,False,0.36663752424562535,9.23,3174246.0
"Fixed 316228, designed",9,10,27,"D 0,3 -> 11,12",136,False,1.0,317435.0,1,False,0.3666375242446092,9.19,3491681.0
"Fixed 316228, designed",9,11,58,"D 1,7 -> 11,13",136,False,0.9999999902415784,317435.0,1,False,0.3666375242446183,9.19,3809116.0
"Fixed 316228, designed",9,12,45,"D 1,2 -> 10,13",136,False,1.0,317435.0,1,False,0.3666375242446269,9.16,4126551.0
"Fixed 316228, designed",9,13,58,"D 1,7 -> 11,13",136,False,0.9999999947715268,317435.0,1,False,0.3666375242446269,9.09,4443986.0
"Fixed 316228, designed",9,14,48,"D 1,3 -> 11,13",136,False,1.0,317435.0,1,False,0.3666375242446235,9.75,4761421.0
"Fixed 316228, designed",9,15,31,"D 0,5 -> 10,13",136,False,1.0,317435.0,1,False,0.3666375242446235,9.74,5078856.0
"Fixed 316228, designed",9,16,26,"D 0,3 -> 10,13",136,False,1.0,317435.0,1,False,0.3666375242446235,9.7,5396291.0
"Fixed 316228, designed",9,17,1,S 0 -> 12,136,False,1.0,317435.0,1,False,0.3666375242446235,9.82,5713726.0
"Fixed 316228, designed",9,18,57,"D 1,6 -> 12,13",136,False,1.0,317435.0,1,False,0.3666375242446235,9.64,6031161.0
"Fixed 316228, designed",9,19,36,"D 0,7 -> 10,13",136,False,0.9999999969019623,317435.0,1,False,0.3666375242446235,9.22,6348596.0
"Fixed 316228, designed",9,20,45,"D 1,2 -> 10,13",136,False,1.0,317435.0,1,False,0.3666375242446235,8.93,6666031.0
"Fixed 316228, designed",9,21,52,"D 1,4 -> 12,13",136,False,1.0,317435.0,1,False,0.3666375242446235,9.05,6983466.0
"Fixed 316228, designed",9,22,1,S 0 -> 12,136,False,1.0,317435.0,1,False,0.3666375242446235,9.12,7300901.0
"Fixed 316228, designed",9,23,62,"D 1,8 -> 12,13",136,False,0.9794150120861775,317435.0,1,False,0.3666375242446235,9.0,7618336.0
"Fixed 316228, designed",9,24,63,"D 1,9 -> 11,13",136,False,1.0,317435.0,1,False,0.366637509445865,9.04,7935771.0
"Fixed 316228, designed",9,25,27,"D 0,3 -> 11,12",136,False,1.0,317435.0,1,False,0.366637509445865,8.97,8253206.0
"Fixed 316228, designed",9,26,53,"D 1,5 -> 11,13",136,False,1.0,317435.0,1,False,0.366637509445865,9.05,8570641.0
"Fixed 316228, designed",9,27,51,"D 1,4 -> 11,12",136,False,1.0,317435.0,1,False,0.366637509445865,9.06,8888076.0
"Fixed 316228, designed",10,0,43,"D 0,9 -> 12,13",125,False,0.9775723422828257,317409.0,1,False,0.38849321699798006,9.41,317409.0
"Fixed 316228, designed",10,1,28,"D 0,3 -> 12,13",125,False,0.899869383533064,317409.0,1,False,0.3884929925007311,9.09,634818.0
"Fixed 316228, designed",10,2,48,"D 1,3 -> 11,13",125,False,1.0,317409.0,1,False,0.3884623266398269,9.32,952227.0
"Fixed 316228, designed",10,3,125,"D 6,7 -> 12,13",125,True,0.0,317409.0,1,False,0.3884623266398269,9.46,1269636.0
"Fixed 316228, designed",10,4,44,"D 1,2 -> 10,11",136,False,0.9093757512630053,317434.0,1,False,0.3666375367953781,9.16,1587070.0
"Fixed 316228, designed",10,5,45,"D 1,2 -> 10,13",136,False,1.0,317433.0,1,False,0.36660874533182813,9.04,1904503.0
"Fixed 316228, designed",10,6,33,"D 0,5 -> 12,13",136,False,1.0,317433.0,1,False,0.36660874533182813,9.37,2221936.0
"Fixed 316228, designed",10,7,44,"D 1,2 -> 10,11",136,False,0.9999999931148689,317433.0,1,False,0.36660874533182813,9.41,2539369.0
"Fixed 316228, designed",10,8,43,"D 0,9 -> 12,13",136,False,0.999999969632897,317433.0,1,False,0.36660874533182813,9.23,2856802.0
"Fixed 316228, designed",10,9,41,"D 0,9 -> 10,13",136,False,1.0,317433.0,1,False,0.3666087453332826,9.16,3174235.0
"Fixed 316228, designed",10,10,3,S 1 -> 13,136,False,1.0,317433.0,1,False,0.3666087453332826,9.17,3491668.0
"Fixed 316228, designed",10,11,24,"D 0,2 -> 10,12",136,False,1.0,317433.0,1,False,0.3666087453332826,9.31,3809101.0
"Fixed 316228, designed",10,12,50,"D 1,4 -> 10,13",136,False,1.0,317433.0,1,False,0.3666087453332826,9.42,4126534.0
"Fixed 316228, designed",10,13,57,"D 1,6 -> 12,13",136,False,1.0,317433.0,1,False,0.3666087453332826,9.41,4443967.0
"Fixed 316228, designed",10,14,20,"D 0,1 -> 10,11",136,False,0.9157146879818574,317433.0,1,False,0.3666087453332826,9.11,4761400.0
"Fixed 316228, designed",10,15,28,"D 0,3 -> 12,13",136,False,0.99999939277061,317433.0,1,False,0.36659812136179415,9.09,5078833.0
"Fixed 316228, designed",10,16,52,"D 1,4 -> 12,13",136,False,1.0,317433.0,1,False,0.36659812136179415,9.09,5396266.0
"Fixed 316228, designed",10,17,30,"D 0,5 -> 10,11",136,False,1.0,317433.0,1,False,0.36659812136179415,9.03,5713699.0
"Fixed 316228, designed",10,18,15,S 7 -> 13,136,False,0.9750381406119041,317433.0,1,False,0.36659812136179415,9.09,6031132.0
"Fixed 316228, designed",10,19,72,"D 2,5 -> 12,13",136,False,1.0,317436.0,1,False,0.36659810833854967,9.02,6348568.0
"Fixed 316228, designed",10,20,55,"D 1,6 -> 10,13",136,False,0.9904860813504723,317436.0,1,False,0.36659810833854967,8.95,6666004.0
"Fixed 316228, designed",10,21,27,"D 0,3 -> 11,12",136,False,1.0,317436.0,1,False,0.3665980998767604,9.14,6983440.0
"Fixed 316228, designed",10,22,30,"D 0,5 -> 10,11",136,False,1.0,317436.0,1,False,0.3665980998767604,9.13,7300876.0
"Fixed 316228, designed",10,23,84,"D 3,4 -> 10,13",136,False,1.0,317436.0,1,False,0.3665980998767604,9.11,7618312.0
"Fixed 316228, designed",10,24,34,"D 0,6 -> 10,12",136,False,0.9885170002362894,317436.0,1,False,0.3665980998767604,9.09,7935748.0
"Fixed 316228, designed",10,25,40,"D 0,9 -> 10,11",136,False,0.9886573815546532,317436.0,1,False,0.366598094971978,9.06,8253184.0
"Fixed 316228, designed",10,26,58,"D 1,7 -> 11,13",136,False,0.9882883980868438,317436.0,1,False,0.36659412707096384,9.17,8570620.0
"Fixed 316228, designed",10,27,30,"D 0,5 -> 10,11",136,False,1.0,317435.0,1,False,0.36659411900065875,9.1,8888055.0
"Fixed 316228, designed",11,0,50,"D 1,4 -> 10,13",125,False,1.0,317409.0,1,False,0.38849321699798006,9.5,317409.0
"Fixed 316228, designed",11,1,60,"D 1,8 -> 10,13",125,False,1.0,317409.0,1,False,0.38849321699798006,9.5,634818.0
"Fixed 316228, designed",11,2,47,"D 1,2 -> 12,13",125,False,0.8997729451877969,317409.0,1,False,0.38849321699798006,9.36,952227.0
"Fixed 316228, designed",11,3,31,"D 0,5 -> 10,13",125,False,1.0,317409.0,1,False,0.3884625173669083,9.47,1269636.0
"Fixed 316228, designed",11,4,29,"D 0,4 -> 10,12",125,False,1.0,317409.0,1,False,0.3884625173669083,9.48,1587045.0
"Fixed 316228, designed",11,5,32,"D 0,5 -> 11,12",125,False,1.0,317409.0,1,False,0.3884625173669083,9.38,1904454.0
"Fixed 316228, designed",11,6,129,"D 6,9 -> 11,12",125,False,0.15041818850676503,317409.0,1,False,0.3884625173669083,9.32,2221863.0
"Fixed 316228, designed",11,7,39,"D 0,8 -> 10,12",132,False,1.0,317432.0,1,False,0.3300307205024166,9.4,2539295.0
"Fixed 316228, designed",11,8,24,"D 0,2 -> 10,12",132,False,1.0,317432.0,1,False,0.3300307205024166,9.48,2856727.0
"Fixed 316228, designed",11,9,3,S 1 -> 13,132,False,1.0,317432.0,1,False,0.3300307205024166,9.87,3174159.0
"Fixed 316228, designed",11,10,2,S 1 -> 11,132,False,0.9997427045157452,317432.0,1,False,0.3300307205024166,9.5,3491591.0
"Fixed 316228, designed",11,11,44,"D 1,2 -> 10,11",132,False,0.9104247912864241,317432.0,1,False,0.33003072050235105,9.64,3809023.0
"Fixed 316228, designed",11,12,59,"D 1,8 -> 10,11",132,False,0.9890484747051853,317432.0,1,False,0.330030540365721,9.52,4126455.0
"Fixed 316228, designed",11,13,78,"D 2,8 -> 10,12",132,False,1.0,317432.0,1,False,0.3300294799381766,9.45,4443887.0
"Fixed 316228, designed",11,14,41,"D 0,9 -> 10,13",132,False,1.0,317432.0,1,False,0.33002947993058773,9.14,4761319.0
"Fixed 316228, designed",11,15,62,"D 1,8 -> 12,13",132,False,0.9768605040402968,317432.0,1,False,0.33002947993058773,9.08,5078751.0
"Fixed 316228, designed",11,16,21,"D 0,1 -> 10,13",132,False,1.0,317432.0,1,False,0.33002817159803394,9.11,5396183.0
"Fixed 316228, designed",11,17,54,"D 1,6 -> 10,11",132,False,1.0,317432.0,1,False,0.33002817160299924,9.12,5713615.0
"Fixed 316228, designed",11,18,29,"D 0,4 -> 10,12",132,False,1.0,317432.0,1,False,0.33002817160299924,9.1,6031047.0
"Fixed 316228, designed",11,19,2,S 1 -> 11,132,False,0.9999995966942387,317432.0,1,False,0.33002817160299924,9.02,6348479.0
"Fixed 316228, designed",11,20,1,S 0 -> 12,132,False,1.0,317432.0,1,False,0.33002817163260656,9.03,6665911.0
"Fixed 316228, designed",11,21,2,S 1 -> 11,132,False,0.99999973043421,317432.0,1,False,0.33002817163260656,9.2,6983343.0
"Fixed 316228, designed",11,22,27,"D 0,3 -> 11,12",132,False,1.0,317432.0,1,False,0.33002817163260656,9.17,7300775.0
"Fixed 316228, designed",11,23,49,"D 1,4 -> 10,11",132,False,1.0,317432.0,1,False,0.33002817163260656,9.12,7618207.0
"Fixed 316228, designed",11,24,47,"D 1,2 -> 12,13",132,False,0.9999999922788577,317432.0,1,False,0.33002817163260656,9.18,7935639.0
"Fixed 316228, designed",11,25,40,"D 0,9 -> 10,11",132,False,0.9995926282589419,317432.0,1,False,0.33002817163260656,9.05,8253071.0
"Fixed 316228, designed",11,26,3,S 1 -> 13,132,False,1.0,317432.0,1,False,0.3300281716540066,9.16,8570503.0
"Fixed 316228, designed",11,27,2,S 1 -> 11,132,False,0.9999999172076481,317432.0,1,False,0.3300281716540066,8.94,8887935.0
"Fixed 316228, uniform",0,0,21,"D 0,1 -> 10,13",125,False,1.0,318060.0,1,False,0.38849321699798006,9.67,318060.0
"Fixed 316228, uniform",0,1,41,"D 0,9 -> 10,13",125,False,1.0,318060.0,1,False,0.38849321699798006,9.12,636120.0
"Fixed 316228, uniform",0,2,41,"D 0,9 -> 10,13",125,False,1.0,318060.0,1,False,0.38849321699798006,9.0,954180.0
"Fixed 316228, uniform",0,3,21,"D 0,1 -> 10,13",125,False,1.0,318060.0,1,False,0.38849321699798006,9.01,1272240.0
"Fixed 316228, uniform",0,4,1,S 0 -> 12,125,False,1.0,318060.0,1,False,0.38849321699798006,8.97,1590300.0
"Fixed 316228, uniform",0,5,3,S 1 -> 13,125,False,1.0,318060.0,1,False,0.38849321699798006,8.98,1908360.0
"Fixed 316228, uniform",0,6,23,"D 0,1 -> 12,13",125,False,0.9221823768746084,318060.0,1,False,0.38849321699798006,8.9,2226420.0
"Fixed 316228, uniform",0,7,41,"D 0,9 -> 10,13",125,False,1.0,318060.0,1,False,0.38848535291708086,8.93,2544480.0
"Fixed 316228, uniform",0,8,2,S 1 -> 11,125,False,0.9999925502804933,318060.0,1,False,0.38848535291708086,9.37,2862540.0
"Fixed 316228, uniform",0,9,41,"D 0,9 -> 10,13",125,False,1.0,318060.0,1,False,0.38848535291703706,9.32,3180600.0
"Fixed 316228, uniform",0,10,3,S 1 -> 13,125,False,1.0,318060.0,1,False,0.38848535291703706,9.31,3498660.0
"Fixed 316228, uniform",0,11,21,"D 0,1 -> 10,13",125,False,1.0,318060.0,1,False,0.38848535291703706,8.84,3816720.0
"Fixed 316228, uniform",0,12,20,"D 0,1 -> 10,11",125,False,0.9224065061382085,318060.0,1,False,0.38848535291703706,9.33,4134780.0
"Fixed 316228, uniform",0,13,63,"D 1,9 -> 11,13",125,False,1.0,318060.0,1,False,0.38848539200855337,10.18,4452840.0
"Fixed 316228, uniform",0,14,3,S 1 -> 13,125,False,1.0,318060.0,1,False,0.38848539200855337,9.62,4770900.0
"Fixed 316228, uniform",0,15,3,S 1 -> 13,125,False,1.0,318060.0,1,False,0.38848539200855337,9.71,5088960.0
"Fixed 316228, uniform",0,16,23,"D 0,1 -> 12,13",125,False,0.9999999999999999,318060.0,1,False,0.38848539200855337,9.58,5407020.0
"Fixed 316228, uniform",0,17,63,"D 1,9 -> 11,13",125,False,1.0,318060.0,1,False,0.38848539200855337,9.35,5725080.0
"Fixed 316228, uniform",0,18,23,"D 0,1 -> 12,13",125,False,0.9999999999999999,318060.0,1,False,0.38848539200855337,9.11,6043140.0
"Fixed 316228, uniform",0,19,0,S 0 -> 10,125,False,0.9998481320120377,318060.0,1,False,0.38848539200855337,9.09,6361200.0
"Fixed 316228, uniform",0,20,41,"D 0,9 -> 10,13",125,False,1.0,318060.0,1,False,0.38848539200588195,9.07,6679260.0
"Fixed 316228, uniform",0,21,41,"D 0,9 -> 10,13",125,False,1.0,318060.0,1,False,0.3884853920019605,8.98,6997320.0
"Fixed 316228, uniform",0,22,45,"D 1,2 -> 10,13",125,False,1.0,318060.0,1,False,0.3884853920027403,9.36,7315380.0
"Fixed 316228, uniform",0,23,3,S 1 -> 13,125,False,1.0,318060.0,1,False,0.38848539200521315,9.06,7633440.0
"Fixed 316228, uniform",0,24,22,"D 0,1 -> 11,12",125,False,1.0,318060.0,1,False,0.38848539200521315,9.27,7951500.0
"Fixed 316228, uniform",0,25,41,"D 0,9 -> 10,13",125,False,1.0,318060.0,1,False,0.38848539200521315,9.01,8269560.0
"Fixed 316228, uniform",0,26,0,S 0 -> 10,125,False,0.999999999393976,318060.0,1,False,0.38848539200521315,9.04,8587620.0
"Fixed 316228, uniform",0,27,3,S 1 -> 13,125,False,1.0,318060.0,1,False,0.38848539200521315,9.09,8905680.0
"Fixed 316228, uniform",1,0,41,"D 0,9 -> 10,13",125,False,1.0,318060.0,1,False,0.38849321699798006,9.78,318060.0
"Fixed 316228, uniform",1,1,41,"D 0,9 -> 10,13",125,False,1.0,318060.0,1,False,0.38849321699798006,9.71,636120.0
"Fixed 316228, uniform",1,2,2,S 1 -> 11,125,False,0.9999999547742731,318060.0,1,False,0.38849321699798006,9.8,954180.0
"Fixed 316228, uniform",1,3,3,S 1 -> 13,125,False,1.0,318060.0,1,False,0.38849321699798006,9.11,1272240.0
"Fixed 316228, uniform",1,4,1,S 0 -> 12,125,False,1.0,318060.0,1,False,0.38849321699798006,9.08,1590300.0
"Fixed 316228, uniform",1,5,3,S 1 -> 13,125,False,1.0,318060.0,1,False,0.38849321699798006,9.76,1908360.0
"Fixed 316228, uniform",1,6,3,S 1 -> 13,125,False,1.0,318060.0,1,False,0.38849321699798006,9.7,2226420.0
"Fixed 316228, uniform",1,7,20,"D 0,1 -> 10,11",125,False,0.9222254601336232,318060.0,1,False,0.38849321699798006,9.82,2544480.0
"Fixed 316228, uniform",1,8,23,"D 0,1 -> 12,13",125,False,0.9223647249546757,318060.0,1,False,0.3884932169979802,9.74,2862540.0
"Fixed 316228, uniform",1,9,41,"D 0,9 -> 10,13",125,False,1.0,318060.0,1,False,0.38848539200855337,9.57,3180600.0
"Fixed 316228, uniform",1,10,41,"D 0,9 -> 10,13",125,False,1.0,318060.0,1,False,0.38848539200855337,9.58,3498660.0
"Fixed 316228, uniform",1,11,21,"D 0,1 -> 10,13",125,False,1.0,318060.0,1,False,0.38848539200855337,9.92,3816720.0
"Fixed 316228, uniform",1,12,45,"D 1,2 -> 10,13",125,False,1.0,318060.0,1,False,0.38848539200855337,10.01,4134780.0
"Fixed 316228, uniform",1,13,0,S 0 -> 10,125,False,0.9998481320120377,318060.0,1,False,0.38848539200855337,10.07,4452840.0
"Fixed 316228, uniform",1,14,20,"D 0,1 -> 10,11",125,False,0.9999999835576106,318060.0,1,False,0.38848539200453175,9.66,4770900.0
"Fixed 316228, uniform",1,15,63,"D 1,9 -> 11,13",125,False,1.0,318060.0,1,False,0.38848539200470733,9.21,5088960.0
"Fixed 316228, uniform",1,16,41,"D 0,9 -> 10,13",125,False,1.0,318060.0,1,False,0.38848539200474047,9.39,5407020.0
"Fixed 316228, uniform",1,17,3,S 1 -> 13,125,False,1.0,318060.0,1,False,0.38848539200474047,9.24,5725080.0
"Fixed 316228, uniform",1,18,23,"D 0,1 -> 12,13",125,False,0.9999999998420367,318060.0,1,False,0.38848539200474047,9.34,6043140.0
"Fixed 316228, uniform",1,19,20,"D 0,1 -> 10,11",125,False,0.9999999972386772,318060.0,1,False,0.38848539200474047,9.2,6361200.0
"Fixed 316228, uniform",1,20,63,"D 1,9 -> 11,13",125,False,1.0,318060.0,1,False,0.38848539200474047,9.34,6679260.0
"Fixed 316228, uniform",1,21,0,S 0 -> 10,125,False,0.9999999999425794,318060.0,1,False,0.38848539200474047,9.09,6997320.0
"Fixed 316228, uniform",1,22,22,"D 0,1 -> 11,12",125,False,1.0,318060.0,1,False,0.38848539200474047,9.25,7315380.0
"Fixed 316228, uniform",1,23,3,S 1 -> 13,125,False,1.0,318060.0,1,False,0.38848539200474047,9.16,7633440.0
"Fixed 316228, uniform",1,24,0,S 0 -> 10,125,False,0.9999999999425794,318060.0,1,False,0.38848539200474047,9.2,7951500.0
"Fixed 316228, uniform",1,25,20,"D 0,1 -> 10,11",125,False,0.9999999972386772,318060.0,1,False,0.38848539200474047,9.27,8269560.0
"Fixed 316228, uniform",1,26,46,"D 1,2 -> 11,12",125,False,1.0,318060.0,1,False,0.38848539200474047,9.07,8587620.0
"Fixed 316228, uniform",1,27,20,"D 0,1 -> 10,11",125,False,0.9999999972386772,318060.0,1,False,0.38848539200474047,9.01,8905680.0
"Fixed 316228, uniform",2,0,41,"D 0,9 -> 10,13",125,False,1.0,318060.0,1,False,0.38849321699798006,9.32,318060.0
"Fixed 316228, uniform",2,1,20,"D 0,1 -> 10,11",125,False,0.9222254603184719,318060.0,1,False,0.38849321699798006,9.55,636120.0
"Fixed 316228, uniform",2,2,0,S 0 -> 10,125,False,0.9998550173069413,318060.0,1,False,0.3884932169979801,9.6,954180.0
"Fixed 316228, uniform",2,3,57,"D 1,6 -> 12,13",125,False,1.0,318060.0,1,False,0.3884932169979802,9.03,1272240.0
"Fixed 316228, uniform",2,4,35,"D 0,7 -> 10,11",125,False,1.0,318060.0,1,False,0.3884932169979801,8.97,1590300.0
"Fixed 316228, uniform",2,5,20,"D 0,1 -> 10,11",125,False,0.9999999566628052,318060.0,1,False,0.3884932169979802,8.97,1908360.0
"Fixed 316228, uniform",2,6,2,S 1 -> 11,125,False,0.999855227741928,318060.0,1,False,0.3884932169979802,8.89,2226420.0
"Fixed 316228, uniform",2,7,25,"D 0,3 -> 10,11",125,False,0.9136993205117093,318060.0,1,False,0.3884932169979802,8.95,2544480.0
"Fixed 316228, uniform",2,8,63,"D 1,9 -> 11,13",125,False,1.0,318060.0,1,False,0.3884932169979801,9.8,2862540.0
"Fixed 316228, uniform",2,9,21,"D 0,1 -> 10,13",125,False,1.0,318060.0,1,False,0.3884932169979801,9.28,3180600.0
"Fixed 316228, uniform",2,10,3,S 1 -> 13,125,False,1.0,318060.0,1,False,0.3884932169979801,9.29,3498660.0
"Fixed 316228, uniform",2,11,0,S 0 -> 10,125,False,0.9999999913608962,318060.0,1,False,0.3884932169979801,9.63,3816720.0
"Fixed 316228, uniform",2,12,41,"D 0,9 -> 10,13",125,False,1.0,318060.0,1,False,0.3884932169979801,9.97,4134780.0
"Fixed 316228, uniform",2,13,63,"D 1,9 -> 11,13",125,False,1.0,318060.0,1,False,0.3884932169979801,10.05,4452840.0
"Fixed 316228, uniform",2,14,0,S 0 -> 10,125,False,0.9999999913608962,318060.0,1,False,0.3884932169979801,9.72,4770900.0
"Fixed 316228, uniform",2,15,47,"D 1,2 -> 12,13",125,False,0.8997730462933669,318060.0,1,False,0.3884932169979801,9.45,5088960.0
"Fixed 316228, uniform",2,16,63,"D 1,9 -> 11,13",125,False,1.0,318060.0,1,False,0.38846251815158156,9.83,5407020.0
"Fixed 316228, uniform",2,17,41,"D 0,9 -> 10,13",125,False,1.0,318060.0,1,False,0.38846251815158156,9.54,5725080.0
"Fixed 316228, uniform",2,18,46,"D 1,2 -> 11,12",125,False,1.0,318060.0,1,False,0.38846251815158156,9.71,6043140.0
"Fixed 316228, uniform",2,19,22,"D 0,1 -> 11,12",125,False,1.0,318060.0,1,False,0.38846251815158156,9.63,6361200.0
"Fixed 316228, uniform",2,20,21,"D 0,1 -> 10,13",125,False,1.0,318060.0,1,False,0.38846251815158156,9.58,6679260.0
"Fixed 316228, uniform",2,21,21,"D 0,1 -> 10,13",125,False,1.0,318060.0,1,False,0.38846251815158156,9.05,6997320.0
"Fixed 316228, uniform",2,22,41,"D 0,9 -> 10,13",125,False,1.0,318060.0,1,False,0.38846251815158156,9.06,7315380.0
"Fixed 316228, uniform",2,23,63,"D 1,9 -> 11,13",125,False,1.0,318060.0,1,False,0.38846251815158156,9.14,7633440.0
"Fixed 316228, uniform",2,24,3,S 1 -> 13,125,False,1.0,318060.0,1,False,0.38846251815158156,9.1,7951500.0
"Fixed 316228, uniform",2,25,46,"D 1,2 -> 11,12",125,False,1.0,318060.0,1,False,0.38846251815158156,9.07,8269560.0
"Fixed 316228, uniform",2,26,45,"D 1,2 -> 10,13",125,False,1.0,318060.0,1,False,0.38846251815158156,9.01,8587620.0
"Fixed 316228, uniform",2,27,41,"D 0,9 -> 10,13",125,False,1.0,318060.0,1,False,0.38846251815158156,8.98,8905680.0
"Fixed 316228, uniform",3,0,2,S 1 -> 11,125,False,0.9999999547742731,318060.0,1,False,0.38849321699798006,9.54,318060.0
"Fixed 316228, uniform",3,1,20,"D 0,1 -> 10,11",125,False,0.9222254602823037,318060.0,1,False,0.38849321699798006,9.06,636120.0
"Fixed 316228, uniform",3,2,3,S 1 -> 13,125,False,1.0,318060.0,1,False,0.3884932169979802,8.89,954180.0
"Fixed 316228, uniform",3,3,63,"D 1,9 -> 11,13",125,False,1.0,318060.0,1,False,0.3884932169979802,9.78,1272240.0
"Fixed 316228, uniform",3,4,3,S 1 -> 13,125,False,1.0,318060.0,1,False,0.3884932169979802,9.1,1590300.0
"Fixed 316228, uniform",3,5,0,S 0 -> 10,125,False,0.9998551772953066,318060.0,1,False,0.3884932169979802,8.97,1908360.0
"Fixed 316228, uniform",3,6,41,"D 0,9 -> 10,13",125,False,1.0,318060.0,1,False,0.3884932169979801,9.45,2226420.0
"Fixed 316228, uniform",3,7,2,S 1 -> 11,125,False,0.9999999147764835,318060.0,1,False,0.3884932169979801,9.03,2544480.0
"Fixed 316228, uniform",3,8,3,S 1 -> 13,125,False,1.0,318060.0,1,False,0.3884932169979802,9.08,2862540.0
"Fixed 316228, uniform",3,9,23,"D 0,1 -> 12,13",125,False,0.9223646961561672,318060.0,1,False,0.3884932169979802,9.02,3180600.0
"Fixed 316228, uniform",3,10,41,"D 0,9 -> 10,13",125,False,1.0,318060.0,1,False,0.3884853920047603,9.03,3498660.0
"Fixed 316228, uniform",3,11,3,S 1 -> 13,125,False,1.0,318060.0,1,False,0.3884853920047603,9.21,3816720.0
"Fixed 316228, uniform",3,12,22,"D 0,1 -> 11,12",125,False,1.0,318060.0,1,False,0.3884853920047603,9.3,4134780.0
"Fixed 316228, uniform",3,13,0,S 0 -> 10,125,False,0.9999999999681801,318060.0,1,False,0.3884853920047603,9.64,4452840.0
"Fixed 316228, uniform",3,14,41,"D 0,9 -> 10,13",125,False,1.0,318060.0,1,False,0.3884853920047603,9.64,4770900.0
"Fixed 316228, uniform",3,15,41,"D 0,9 -> 10,13",125,False,1.0,318060.0,1,False,0.3884853920047603,9.5,5088960.0
"Fixed 316228, uniform",3,16,2,S 1 -> 11,125,False,0.9999999998061807,318060.0,1,False,0.3884853920047603,9.54,5407020.0
"Fixed 316228, uniform",3,17,41,"D 0,9 -> 10,13",125,False,1.0,318060.0,1,False,0.3884853920047603,9.58,5725080.0
"Fixed 316228, uniform",3,18,20,"D 0,1 -> 10,11",125,False,0.999999999985631,318060.0,1,False,0.3884853920047603,8.96,6043140.0
"Fixed 316228, uniform",3,19,3,S 1 -> 13,125,False,1.0,318060.0,1,False,0.3884853920047603,9.21,6361200.0
"Fixed 316228, uniform",3,20,57,"D 1,6 -> 12,13",125,False,1.0,318060.0,1,False,0.3884853920047603,9.1,6679260.0
"Fixed 316228, uniform",3,21,20,"D 0,1 -> 10,11",125,False,0.999999999985631,318060.0,1,False,0.3884853920047603,9.59,6997320.0
"Fixed 316228, uniform",3,22,23,"D 0,1 -> 12,13",125,False,0.9999999999857079,318060.0,1,False,0.3884853920047603,9.17,7315380.0
"Fixed 316228, uniform",3,23,0,S 0 -> 10,125,False,0.9999999999681801,318060.0,1,False,0.3884853920047603,9.01,7633440.0
"Fixed 316228, uniform",3,24,3,S 1 -> 13,125,False,1.0,318060.0,1,False,0.3884853920047603,9.01,7951500.0
"Fixed 316228, uniform",3,25,20,"D 0,1 -> 10,11",125,False,0.999999999985631,318060.0,1,False,0.3884853920047603,9.33,8269560.0
"Fixed 316228, uniform",3,26,23,"D 0,1 -> 12,13",125,False,0.9999999999857079,318060.0,1,False,0.3884853920047603,8.93,8587620.0
"Fixed 316228, uniform",3,27,63,"D 1,9 -> 11,13",125,False,1.0,318060.0,1,False,0.3884853920047603,8.97,8905680.0
"Fixed 316228, uniform",4,0,0,S 0 -> 10,125,False,0.999999954774273,318060.0,1,False,0.38849321699798006,9.65,318060.0
"Fixed 316228, uniform",4,1,3,S 1 -> 13,125,False,1.0,318060.0,1,False,0.38849321699798006,9.44,636120.0
"Fixed 316228, uniform",4,2,2,S 1 -> 11,125,False,0.9999999547940149,318060.0,1,False,0.38849321699798006,9.49,954180.0
"Fixed 316228, uniform",4,3,44,"D 1,2 -> 10,11",125,False,0.9144740504784726,318060.0,1,False,0.38849321699798006,9.08,1272240.0
"Fixed 316228, uniform",4,4,47,"D 1,2 -> 12,13",125,False,0.9001881874591005,318060.0,1,False,0.3884932169979801,9.73,1590300.0
"Fixed 316228, uniform",4,5,33,"D 0,5 -> 12,13",125,False,1.0,318060.0,1,False,0.38846276942124125,10.12,1908360.0
"Fixed 316228, uniform",4,6,2,S 1 -> 11,125,False,0.9999999589434879,318060.0,1,False,0.38846276942124125,9.73,2226420.0
"Fixed 316228, uniform",4,7,63,"D 1,9 -> 11,13",125,False,1.0,318060.0,1,False,0.3884627694212558,9.86,2544480.0
"Fixed 316228, uniform",4,8,0,S 0 -> 10,125,False,0.9999999999558403,318060.0,1,False,0.38846276942125285,9.2,2862540.0
"Fixed 316228, uniform",4,9,63,"D 1,9 -> 11,13",125,False,1.0,318060.0,1,False,0.38846276942125074,9.11,3180600.0
"Fixed 316228, uniform",4,10,41,"D 0,9 -> 10,13",125,False,1.0,318060.0,1,False,0.38846276942125074,9.13,3498660.0
"Fixed 316228, uniform",4,11,63,"D 1,9 -> 11,13",125,False,1.0,318060.0,1,False,0.38846276942125074,9.47,3816720.0
"Fixed 316228, uniform",4,12,0,S 0 -> 10,125,False,0.9999999999763379,318060.0,1,False,0.38846276942125074,9.33,4134780.0
"Fixed 316228, uniform",4,13,3,S 1 -> 13,125,False,1.0,318060.0,1,False,0.38846276942125074,9.24,4452840.0
"Fixed 316228, uniform",4,14,2,S 1 -> 11,125,False,0.9999999893562802,318060.0,1,False,0.38846276942125074,9.07,4770900.0
"Fixed 316228, uniform",4,15,41,"D 0,9 -> 10,13",125,False,1.0,318060.0,1,False,0.38846276942125074,8.93,5088960.0
"Fixed 316228, uniform",4,16,63,"D 1,9 -> 11,13",125,False,1.0,318060.0,1,False,0.38846276942125074,9.07,5407020.0
"Fixed 316228, uniform",4,17,3,S 1 -> 13,125,False,1.0,318060.0,1,False,0.38846276942125074,8.97,5725080.0
"Fixed 316228, uniform",4,18,3,S 1 -> 13,125,False,1.0,318060.0,1,False,0.38846276942125074,9.25,6043140.0
"Fixed 316228, uniform",4,19,23,"D 0,1 -> 12,13",125,False,0.9201344538434069,318060.0,1,False,0.38846276942125074,9.25,6361200.0
"Fixed 316228, uniform",4,20,0,S 0 -> 10,125,False,0.9999999999509934,318060.0,1,False,0.3884544525209392,9.2,6679260.0
"Fixed 316228, uniform",4,21,21,"D 0,1 -> 10,13",125,False,1.0,318060.0,1,False,0.38845445252634064,9.12,6997320.0
"Fixed 316228, uniform",4,22,20,"D 0,1 -> 10,11",125,False,0.920651627807635,318060.0,1,False,0.38845445251775335,9.5,7315380.0
"Fixed 316228, uniform",4,23,63,"D 1,9 -> 11,13",125,False,1.0,318060.0,1,False,0.38845449603878635,9.35,7633440.0
"Fixed 316228, uniform",4,24,21,"D 0,1 -> 10,13",125,False,1.0,318060.0,1,False,0.3884544960389874,9.31,7951500.0
"Fixed 316228, uniform",4,25,56,"D 1,6 -> 11,12",125,False,0.9876532018950578,318060.0,1,False,0.3884544960389874,9.24,8269560.0
"Fixed 316228, uniform",4,26,47,"D 1,2 -> 12,13",125,False,0.9999999794159781,318060.0,1,False,0.3884530835963787,9.08,8587620.0
"Fixed 316228, uniform",4,27,21,"D 0,1 -> 10,13",125,False,1.0,318060.0,1,False,0.3884530835963787,9.04,8905680.0
"Fixed 316228, uniform",5,0,63,"D 1,9 -> 11,13",125,False,1.0,318060.0,1,False,0.38849321699798006,9.72,318060.0
"Fixed 316228, uniform",5,1,0,S 0 -> 10,125,False,0.999999954774273,318060.0,1,False,0.38849321699798006,9.17,636120.0
"Fixed 316228, uniform",5,2,0,S 0 -> 10,125,False,0.9999999636232967,318060.0,1,False,0.38849321699798006,9.19,954180.0
"Fixed 316228, uniform",5,3,3,S 1 -> 13,125,False,1.0,318060.0,1,False,0.38849321699798006,9.55,1272240.0
"Fixed 316228, uniform",5,4,3,S 1 -> 13,125,False,1.0,318060.0,1,False,0.38849321699798006,8.99,1590300.0
"Fixed 316228, uniform",5,5,0,S 0 -> 10,125,False,1.0,318060.0,1,False,0.38849321699798006,9.01,1908360.0
"Fixed 316228, uniform",5,6,0,S 0 -> 10,125,False,1.0,318060.0,1,False,0.38849321699798006,9.22,2226420.0
"Fixed 316228, uniform",5,7,1,S 0 -> 12,125,False,1.0,318060.0,1,False,0.38849321699798006,9.29,2544480.0
"Fixed 316228, uniform",5,8,22,"D 0,1 -> 11,12",125,False,1.0,318060.0,1,False,0.38849321699798006,9.32,2862540.0
"Fixed 316228, uniform",5,9,3,S 1 -> 13,125,False,1.0,318060.0,1,False,0.38849321699798006,9.34,3180600.0
"Fixed 316228, uniform",5,10,41,"D 0,9 -> 10,13",125,False,1.0,318060.0,1,False,0.38849321699798006,9.31,3498660.0
"Fixed 316228, uniform",5,11,2,S 1 -> 11,125,False,0.9999999548433344,318060.0,1,False,0.38849321699798006,8.88,3816720.0
"Fixed 316228, uniform",5,12,21,"D 0,1 -> 10,13",125,False,1.0,318060.0,1,False,0.38849321699798006,8.94,4134780.0
"Fixed 316228, uniform",5,13,45,"D 1,2 -> 10,13",125,False,1.0,318060.0,1,False,0.38849321699798006,8.87,4452840.0
"Fixed 316228, uniform",5,14,31,"D 0,5 -> 10,13",125,False,1.0,318060.0,1,False,0.38849321699798006,8.9,4770900.0
"Fixed 316228, uniform",5,15,3,S 1 -> 13,125,False,1.0,318060.0,1,False,0.38849321699798006,8.92,5088960.0
"Fixed 316228, uniform",5,16,63,"D 1,9 -> 11,13",125,False,1.0,318060.0,1,False,0.38849321699798006,9.24,5407020.0
"Fixed 316228, uniform",5,17,63,"D 1,9 -> 11,13",125,False,1.0,318060.0,1,False,0.38849321699798006,9.35,5725080.0
"Fixed 316228, uniform",5,18,0,S 0 -> 10,125,False,0.9999999999916029,318060.0,1,False,0.38849321699798006,9.01,6043140.0
"Fixed 316228, uniform",5,19,20,"D 0,1 -> 10,11",125,False,0.9222254599493038,318060.0,1,False,0.38849321699798006,9.0,6361200.0
"Fixed 316228, uniform",5,20,21,"D 0,1 -> 10,13",125,False,1.0,318060.0,1,False,0.38849321699798006,8.94,6679260.0
"Fixed 316228, uniform",5,21,23,"D 0,1 -> 12,13",125,False,0.922364696160554,318060.0,1,False,0.3884932169979801,9.04,6997320.0
"Fixed 316228, uniform",5,22,63,"D 1,9 -> 11,13",125,False,1.0,318060.0,1,False,0.3884853941850192,8.76,7315380.0
"Fixed 316228, uniform",5,23,41,"D 0,9 -> 10,13",125,False,1.0,318060.0,1,False,0.38848539200472143,8.96,7633440.0
"Fixed 316228, uniform",5,24,20,"D 0,1 -> 10,11",125,False,0.9999999989113596,318060.0,1,False,0.38848539200474413,9.0,7951500.0
"Fixed 316228, uniform",5,25,20,"D 0,1 -> 10,11",125,False,0.9999999999150997,318060.0,1,False,0.3884853920047504,8.96,8269560.0
"Fixed 316228, uniform",5,26,21,"D 0,1 -> 10,13",125,False,1.0,318060.0,1,False,0.3884853920047504,8.94,8587620.0
"Fixed 316228, uniform",5,27,41,"D 0,9 -> 10,13",125,False,1.0,318060.0,1,False,0.3884853920047504,8.9,8905680.0
"Fixed 316228, uniform",6,0,63,"D 1,9 -> 11,13",125,False,1.0,318060.0,1,False,0.38849321699798006,9.68,318060.0
"Fixed 316228, uniform",6,1,56,"D 1,6 -> 11,12",125,False,0.9874117467648198,318060.0,1,False,0.38849321699798006,9.53,636120.0
"Fixed 316228, uniform",6,2,41,"D 0,9 -> 10,13",125,False,1.0,318060.0,1,False,0.38849177481555025,9.23,954180.0
"Fixed 316228, uniform",6,3,41,"D 0,9 -> 10,13",125,False,1.0,318060.0,1,False,0.38849177481555025,9.45,1272240.0
"Fixed 316228, uniform",6,4,23,"D 0,1 -> 12,13",125,False,0.922184246160832,318060.0,1,False,0.38849177481555025,8.94,1590300.0
"Fixed 316228, uniform",6,5,31,"D 0,5 -> 10,13",125,False,1.0,318060.0,1,False,0.3884839116612487,9.0,1908360.0
"Fixed 316228, uniform",6,6,23,"D 0,1 -> 12,13",125,False,0.9999999999999999,318060.0,1,False,0.3884839116612487,8.9,2226420.0
"Fixed 316228, uniform",6,7,20,"D 0,1 -> 10,11",125,False,0.9224099403734725,318060.0,1,False,0.3884839116612487,8.92,2544480.0
"Fixed 316228, uniform",6,8,22,"D 0,1 -> 11,12",125,False,1.0,318060.0,1,False,0.38848395216693893,8.91,2862540.0
"Fixed 316228, uniform",6,9,0,S 0 -> 10,125,False,0.9998480192593502,318060.0,1,False,0.38848395216693893,8.93,3180600.0
"Fixed 316228, uniform",6,10,63,"D 1,9 -> 11,13",125,False,1.0,318060.0,1,False,0.3884839521598255,8.95,3498660.0
"Fixed 316228, uniform",6,11,0,S 0 -> 10,125,False,0.9999999999898019,318060.0,1,False,0.3884839521632283,8.88,3816720.0
"Fixed 316228, uniform",6,12,63,"D 1,9 -> 11,13",125,False,1.0,318060.0,1,False,0.3884839521632283,8.98,4134780.0
"Fixed 316228, uniform",6,13,63,"D 1,9 -> 11,13",125,False,1.0,318060.0,1,False,0.3884839521632283,8.97,4452840.0
"Fixed 316228, uniform",6,14,3,S 1 -> 13,125,False,1.0,318060.0,1,False,0.3884839521632283,9.04,4770900.0
"Fixed 316228, uniform",6,15,22,"D 0,1 -> 11,12",125,False,1.0,318060.0,1,False,0.3884839521632283,9.04,5088960.0
"Fixed 316228, uniform",6,16,3,S 1 -> 13,125,False,1.0,318060.0,1,False,0.3884839521632283,8.99,5407020.0
"Fixed 316228, uniform",6,17,2,S 1 -> 11,125,False,0.9996298013342966,318060.0,1,False,0.3884839521632283,8.95,5725080.0
"Fixed 316228, uniform",6,18,3,S 1 -> 13,125,False,1.0,318060.0,1,False,0.38848395119927437,9.19,6043140.0
"Fixed 316228, uniform",6,19,63,"D 1,9 -> 11,13",125,False,1.0,318060.0,1,False,0.38848395119927437,9.26,6361200.0
"Fixed 316228, uniform",6,20,20,"D 0,1 -> 10,11",125,False,0.9999999281291492,318060.0,1,False,0.38848395119927437,9.26,6679260.0
"Fixed 316228, uniform",6,21,63,"D 1,9 -> 11,13",125,False,1.0,318060.0,1,False,0.38848395119927437,9.23,6997320.0
"Fixed 316228, uniform",6,22,3,S 1 -> 13,125,False,1.0,318060.0,1,False,0.38848395119927437,8.88,7315380.0
"Fixed 316228, uniform",6,23,0,S 0 -> 10,125,False,0.9999999359271496,318060.0,1,False,0.38848395119927437,8.94,7633440.0
"Fixed 316228, uniform",6,24,0,S 0 -> 10,125,False,0.9999999359271496,318060.0,1,False,0.38848395119927437,9.02,7951500.0
"Fixed 316228, uniform",6,25,0,S 0 -> 10,125,False,0.9999999917854578,318060.0,1,False,0.3884839511749466,8.98,8269560.0
"Fixed 316228, uniform",6,26,0,S 0 -> 10,125,False,0.9999999993652317,318060.0,1,False,0.3884839511732403,9.03,8587620.0
"Fixed 316228, uniform",6,27,47,"D 1,2 -> 12,13",125,False,0.8990270477380734,318060.0,1,False,0.3884839511732403,9.01,8905680.0
"Fixed 316228, uniform",7,0,3,S 1 -> 13,125,False,1.0,318060.0,1,False,0.38849321699798006,9.58,318060.0
"Fixed 316228, uniform",7,1,3,S 1 -> 13,125,False,1.0,318060.0,1,False,0.38849321699798006,9.61,636120.0
"Fixed 316228, uniform",7,2,63,"D 1,9 -> 11,13",125,False,1.0,318060.0,1,False,0.38849321699798006,9.57,954180.0
"Fixed 316228, uniform",7,3,41,"D 0,9 -> 10,13",125,False,1.0,318060.0,1,False,0.38849321699798006,9.09,1272240.0
"Fixed 316228, uniform",7,4,21,"D 0,1 -> 10,13",125,False,1.0,318060.0,1,False,0.38849321699798006,9.49,1590300.0
"Fixed 316228, uniform",7,5,41,"D 0,9 -> 10,13",125,False,1.0,318060.0,1,False,0.38849321699798006,8.99,1908360.0
"Fixed 316228, uniform",7,6,63,"D 1,9 -> 11,13",125,False,1.0,318060.0,1,False,0.38849321699798006,8.99,2226420.0
"Fixed 316228, uniform",7,7,20,"D 0,1 -> 10,11",125,False,0.9222254603184719,318060.0,1,False,0.38849321699798006,8.96,2544480.0
"Fixed 316228, uniform",7,8,21,"D 0,1 -> 10,13",125,False,1.0,318060.0,1,False,0.3884932169979801,8.98,2862540.0
"Fixed 316228, uniform",7,9,63,"D 1,9 -> 11,13",125,False,1.0,318060.0,1,False,0.3884932169979801,9.02,3180600.0
"Fixed 316228, uniform",7,10,1,S 0 -> 12,125,False,1.0,318060.0,1,False,0.3884932169979801,8.99,3498660.0
"Fixed 316228, uniform",7,11,3,S 1 -> 13,125,False,1.0,318060.0,1,False,0.3884932169979801,9.2,3816720.0
"Fixed 316228, uniform",7,12,41,"D 0,9 -> 10,13",125,False,1.0,318060.0,1,False,0.3884932169979801,9.09,4134780.0
"Fixed 316228, uniform",7,13,3,S 1 -> 13,125,False,1.0,318060.0,1,False,0.3884932169979801,9.24,4452840.0
"Fixed 316228, uniform",7,14,0,S 0 -> 10,125,False,0.9998550173069413,318060.0,1,False,0.3884932169979801,9.22,4770900.0
"Fixed 316228, uniform",7,15,3,S 1 -> 13,125,False,1.0,318060.0,1,False,0.3884932169979802,9.24,5088960.0
"Fixed 316228, uniform",7,16,0,S 0 -> 10,125,False,0.9999999997139969,318060.0,1,False,0.3884932169979801,9.65,5407020.0
"Fixed 316228, uniform",7,17,0,S 0 -> 10,125,False,0.9999999997869178,318060.0,1,False,0.38849321699798023,9.29,5725080.0
"Fixed 316228, uniform",7,18,20,"D 0,1 -> 10,11",125,False,0.9999999738279939,318060.0,1,False,0.38849321699798023,9.2,6043140.0
"Fixed 316228, uniform",7,19,63,"D 1,9 -> 11,13",125,False,1.0,318060.0,1,False,0.38849321699798023,9.15,6361200.0
"Fixed 316228, uniform",7,20,0,S 0 -> 10,125,False,0.9999999998168689,318060.0,1,False,0.38849321699798023,9.16,6679260.0
"Fixed 316228, uniform",7,21,63,"D 1,9 -> 11,13",125,False,1.0,318060.0,1,False,0.38849321699798023,9.03,6997320.0
"Fixed 316228, uniform",7,22,3,S 1 -> 13,125,False,1.0,318060.0,1,False,0.38849321699798023,9.11,7315380.0
"Fixed 316228, uniform",7,23,0,S 0 -> 10,125,False,0.9999999998168689,318060.0,1,False,0.38849321699798023,9.02,7633440.0
"Fixed 316228, uniform",7,24,20,"D 0,1 -> 10,11",125,False,0.9999999738279939,318060.0,1,False,0.38849321699798023,9.1,7951500.0
"Fixed 316228, uniform",7,25,22,"D 0,1 -> 11,12",125,False,1.0,318060.0,1,False,0.3884932169979803,9.2,8269560.0
"Fixed 316228, uniform",7,26,3,S 1 -> 13,125,False,1.0,318060.0,1,False,0.3884932169979803,9.06,8587620.0
"Fixed 316228, uniform",7,27,41,"D 0,9 -> 10,13",125,False,1.0,318060.0,1,False,0.3884932169979803,9.03,8905680.0
"Fixed 316228, uniform",8,0,0,S 0 -> 10,125,False,0.999999954774273,318060.0,1,False,0.38849321699798006,9.5,318060.0
"Fixed 316228, uniform",8,1,21,"D 0,1 -> 10,13",125,False,1.0,318060.0,1,False,0.38849321699798006,10.09,636120.0
"Fixed 316228, uniform",8,2,0,S 0 -> 10,125,False,0.9999999677025441,318060.0,1,False,0.38849321699798006,9.72,954180.0
"Fixed 316228, uniform",8,3,23,"D 0,1 -> 12,13",125,False,0.9221823768705396,318060.0,1,False,0.38849321699798006,9.14,1272240.0
"Fixed 316228, uniform",8,4,47,"D 1,2 -> 12,13",125,False,0.8990014140550655,318060.0,1,False,0.38848535296141284,9.59,1590300.0
"Fixed 316228, uniform",8,5,41,"D 0,9 -> 10,13",125,False,1.0,318060.0,1,False,0.38845419857387753,9.11,1908360.0
"Fixed 316228, uniform",8,6,0,S 0 -> 10,125,False,0.9999999995720695,318060.0,1,False,0.38845419857387753,9.15,2226420.0
"Fixed 316228, uniform",8,7,2,S 1 -> 11,125,False,0.9999592164935505,318060.0,1,False,0.38845419857387753,9.29,2544480.0
"Fixed 316228, uniform",8,8,0,S 0 -> 10,125,False,0.9999999897379926,318060.0,1,False,0.38845419858579844,9.31,2862540.0
"Fixed 316228, uniform",8,9,63,"D 1,9 -> 11,13",125,False,1.0,318060.0,1,False,0.38845419858579844,9.2,3180600.0
"Fixed 316228, uniform",8,10,0,S 0 -> 10,125,False,0.9999999897379926,318060.0,1,False,0.38845419858579844,9.13,3498660.0
"Fixed 316228, uniform",8,11,3,S 1 -> 13,125,False,1.0,318060.0,1,False,0.38845419858579844,9.31,3816720.0
"Fixed 316228, uniform",8,12,47,"D 1,2 -> 12,13",125,False,0.9999999900409136,318060.0,1,False,0.38845419858579844,9.31,4134780.0
"Fixed 316228, uniform",8,13,63,"D 1,9 -> 11,13",125,False,1.0,318060.0,1,False,0.38845419858579844,9.34,4452840.0
"Fixed 316228, uniform",8,14,1,S 0 -> 12,125,False,1.0,318060.0,1,False,0.38845419858579844,8.92,4770900.0
"Fixed 316228, uniform",8,15,3,S 1 -> 13,125,False,1.0,318060.0,1,False,0.38845419858579844,8.95,5088960.0
"Fixed 316228, uniform",8,16,21,"D 0,1 -> 10,13",125,False,1.0,318060.0,1,False,0.38845419858579844,8.93,5407020.0
"Fixed 316228, uniform",8,17,63,"D 1,9 -> 11,13",125,False,1.0,318060.0,1,False,0.38845419858579844,8.84,5725080.0
"Fixed 316228, uniform",8,18,0,S 0 -> 10,125,False,0.9999999897379926,318060.0,1,False,0.38845419858579844,8.94,6043140.0
"Fixed 316228, uniform",8,19,22,"D 0,1 -> 11,12",125,False,1.0,318060.0,1,False,0.38845419858579844,8.97,6361200.0
"Fixed 316228, uniform",8,20,1,S 0 -> 12,125,False,1.0,318060.0,1,False,0.38845419858579844,9.0,6679260.0
"Fixed 316228, uniform",8,21,0,S 0 -> 10,125,False,0.9999999897379926,318060.0,1,False,0.38845419858579844,8.98,6997320.0
"Fixed 316228, uniform",8,22,21,"D 0,1 -> 10,13",125,False,1.0,318060.0,1,False,0.38845419858579844,9.01,7315380.0
"Fixed 316228, uniform",8,23,23,"D 0,1 -> 12,13",125,False,0.9999999965890788,318060.0,1,False,0.38845419858579844,9.03,7633440.0
"Fixed 316228, uniform",8,24,1,S 0 -> 12,125,False,1.0,318060.0,1,False,0.38845419858579844,8.96,7951500.0
"Fixed 316228, uniform",8,25,1,S 0 -> 12,125,False,1.0,318060.0,1,False,0.38845419858579844,9.03,8269560.0
"Fixed 316228, uniform",8,26,21,"D 0,1 -> 10,13",125,False,1.0,318060.0,1,False,0.38845419858579844,8.93,8587620.0
"Fixed 316228, uniform",8,27,1,S 0 -> 12,125,False,1.0,318060.0,1,False,0.38845419858579844,8.87,8905680.0
"Fixed 316228, uniform",9,0,22,"D 0,1 -> 11,12",125,False,1.0,318060.0,1,False,0.38849321699798006,9.09,318060.0
"Fixed 316228, uniform",9,1,46,"D 1,2 -> 11,12",125,False,1.0,318060.0,1,False,0.38849321699798006,9.09,636120.0
"Fixed 316228, uniform",9,2,41,"D 0,9 -> 10,13",125,False,1.0,318060.0,1,False,0.38849321699798006,9.11,954180.0
"Fixed 316228, uniform",9,3,63,"D 1,9 -> 11,13",125,False,1.0,318060.0,1,False,0.38849321699798006,8.94,1272240.0
"Fixed 316228, uniform",9,4,0,S 0 -> 10,125,False,0.999999954774273,318060.0,1,False,0.38849321699798006,9.41,1590300.0
"Fixed 316228, uniform",9,5,63,"D 1,9 -> 11,13",125,False,1.0,318060.0,1,False,0.38849321699798006,8.96,1908360.0
"Fixed 316228, uniform",9,6,46,"D 1,2 -> 11,12",125,False,1.0,318060.0,1,False,0.38849321699798006,8.92,2226420.0
"Fixed 316228, uniform",9,7,63,"D 1,9 -> 11,13",125,False,1.0,318060.0,1,False,0.38849321699798006,8.99,2544480.0
"Fixed 316228, uniform",9,8,63,"D 1,9 -> 11,13",125,False,1.0,318060.0,1,False,0.38849321699798006,9.23,2862540.0
"Fixed 316228, uniform",9,9,41,"D 0,9 -> 10,13",125,False,1.0,318060.0,1,False,0.38849321699798006,9.13,3180600.0
"Fixed 316228, uniform",9,10,45,"D 1,2 -> 10,13",125,False,1.0,318060.0,1,False,0.38849321699798006,9.05,3498660.0
"Fixed 316228, uniform",9,11,47,"D 1,2 -> 12,13",125,False,0.8997729451877969,318060.0,1,False,0.38849321699798006,8.88,3816720.0
"Fixed 316228, uniform",9,12,20,"D 0,1 -> 10,11",125,False,0.9222193820745421,318060.0,1,False,0.38846251736691617,9.06,4134780.0
"Fixed 316228, uniform",9,13,0,S 0 -> 10,125,False,0.9999999381371326,318060.0,1,False,0.38846251736751863,8.93,4452840.0
"Fixed 316228, uniform",9,14,21,"D 0,1 -> 10,13",125,False,1.0,318060.0,1,False,0.38846251736751863,8.88,4770900.0
"Fixed 316228, uniform",9,15,41,"D 0,9 -> 10,13",125,False,1.0,318060.0,1,False,0.38846251736751863,8.98,5088960.0
"Fixed 316228, uniform",9,16,20,"D 0,1 -> 10,11",125,False,0.9999999937844832,318060.0,1,False,0.38846251736751863,9.03,5407020.0
"Fixed 316228, uniform",9,17,63,"D 1,9 -> 11,13",125,False,1.0,318060.0,1,False,0.38846251736751863,8.98,5725080.0
"Fixed 316228, uniform",9,18,0,S 0 -> 10,125,False,0.9999999381371326,318060.0,1,False,0.38846251736751863,9.09,6043140.0
"Fixed 316228, uniform",9,19,40,"D 0,9 -> 10,11",125,False,0.9891091283355495,318060.0,1,False,0.388462517377172,9.09,6361200.0
"Fixed 316228, uniform",9,20,0,S 0 -> 10,125,False,0.9999999725291077,318060.0,1,False,0.38846251750830674,9.06,6679260.0
"Fixed 316228, uniform",9,21,21,"D 0,1 -> 10,13",125,False,1.0,318060.0,1,False,0.3884625173754144,8.85,6997320.0
"Fixed 316228, uniform",9,22,47,"D 1,2 -> 12,13",125,False,0.9999999952118447,318060.0,1,False,0.3884625173768261,8.87,7315380.0
"Fixed 316228, uniform",9,23,20,"D 0,1 -> 10,11",125,False,0.9999981603497848,318060.0,1,False,0.38846251709024,8.91,7633440.0
"Fixed 316228, uniform",9,24,41,"D 0,9 -> 10,13",125,False,1.0,318060.0,1,False,0.38846251709024,8.93,7951500.0
"Fixed 316228, uniform",9,25,2,S 1 -> 11,125,False,0.9998162795614142,318060.0,1,False,0.38846251709024,9.01,8269560.0
"Fixed 316228, uniform",9,26,63,"D 1,9 -> 11,13",125,False,1.0,318060.0,1,False,0.3884625176550726,9.03,8587620.0
"Fixed 316228, uniform",9,27,20,"D 0,1 -> 10,11",125,False,0.9999999321262595,318060.0,1,False,0.3884625176550726,9.0,8905680.0
"Fixed 316228, uniform",10,0,41,"D 0,9 -> 10,13",125,False,1.0,318060.0,1,False,0.38849321699798006,9.69,318060.0
"Fixed 316228, uniform",10,1,22,"D 0,1 -> 11,12",125,False,1.0,318060.0,1,False,0.38849321699798006,9.17,636120.0
"Fixed 316228, uniform",10,2,2,S 1 -> 11,125,False,0.9999999547742731,318060.0,1,False,0.38849321699798006,9.13,954180.0
"Fixed 316228, uniform",10,3,0,S 0 -> 10,125,False,0.9999999547877857,318060.0,1,False,0.38849321699798006,9.09,1272240.0
"Fixed 316228, uniform",10,4,21,"D 0,1 -> 10,13",125,False,1.0,318060.0,1,False,0.38849321699798006,8.95,1590300.0
"Fixed 316228, uniform",10,5,3,S 1 -> 13,125,False,1.0,318060.0,1,False,0.38849321699798006,8.88,1908360.0
"Fixed 316228, uniform",10,6,0,S 0 -> 10,125,False,0.9999999999881262,318060.0,1,False,0.38849321699798006,9.01,2226420.0
"Fixed 316228, uniform",10,7,57,"D 1,6 -> 12,13",125,False,1.0,318060.0,1,False,0.38849321699798006,9.07,2544480.0
"Fixed 316228, uniform",10,8,0,S 0 -> 10,125,False,0.9999999999881262,318060.0,1,False,0.38849321699798006,8.98,2862540.0
"Fixed 316228, uniform",10,9,45,"D 1,2 -> 10,13",125,False,1.0,318060.0,1,False,0.38849321699798006,9.0,3180600.0
"Fixed 316228, uniform",10,10,0,S 0 -> 10,125,False,0.9999999999881262,318060.0,1,False,0.38849321699798006,8.97,3498660.0
"Fixed 316228, uniform",10,11,20,"D 0,1 -> 10,11",125,False,0.9222254599493264,318060.0,1,False,0.38849321699798006,9.8,3816720.0
"Fixed 316228, uniform",10,12,37,"D 0,7 -> 11,12",125,False,0.9961810914322136,318060.0,1,False,0.38849321699798,9.46,4134780.0
"Fixed 316228, uniform",10,13,40,"D 0,9 -> 10,11",125,False,0.9891270184002234,318060.0,1,False,0.38849347208199303,9.2,4452840.0
"Fixed 316228, uniform",10,14,20,"D 0,1 -> 10,11",125,False,0.9999999931238552,318060.0,1,False,0.38849346822844333,9.12,4770900.0
"Fixed 316228, uniform",10,15,41,"D 0,9 -> 10,13",125,False,1.0,318060.0,1,False,0.38849346822832226,9.09,5088960.0
"Fixed 316228, uniform",10,16,63,"D 1,9 -> 11,13",125,False,1.0,318060.0,1,False,0.38849346822832226,9.03,5407020.0
"Fixed 316228, uniform",10,17,23,"D 0,1 -> 12,13",125,False,0.9223642737253793,318060.0,1,False,0.38849346822832226,9.13,5725080.0
"Fixed 316228, uniform",10,18,0,S 0 -> 10,125,False,0.9999989298994588,318060.0,1,False,0.38848564576259526,9.12,6043140.0
"Fixed 316228, uniform",10,19,3,S 1 -> 13,125,False,1.0,318060.0,1,False,0.3884856435307874,9.14,6361200.0
"Fixed 316228, uniform",10,20,22,"D 0,1 -> 11,12",125,False,1.0,318060.0,1,False,0.3884856435307874,9.03,6679260.0
"Fixed 316228, uniform",10,21,63,"D 1,9 -> 11,13",125,False,1.0,318060.0,1,False,0.3884856435307874,9.06,6997320.0
"Fixed 316228, uniform",10,22,44,"D 1,2 -> 10,11",125,False,0.9137049515290174,318060.0,1,False,0.3884856435307874,9.33,7315380.0
"Fixed 316228, uniform",10,23,63,"D 1,9 -> 11,13",125,False,1.0,318060.0,1,False,0.38848564444238803,9.07,7633440.0
"Fixed 316228, uniform",10,24,3,S 1 -> 13,125,False,1.0,318060.0,1,False,0.38848564444238803,9.22,7951500.0
"Fixed 316228, uniform",10,25,63,"D 1,9 -> 11,13",125,False,1.0,318060.0,1,False,0.38848564444238803,9.07,8269560.0
"Fixed 316228, uniform",10,26,63,"D 1,9 -> 11,13",125,False,1.0,318060.0,1,False,0.38848564444238803,9.04,8587620.0
"Fixed 316228, uniform",10,27,47,"D 1,2 -> 12,13",125,False,0.8994223268743251,318060.0,1,False,0.38848564444238803,9.19,8905680.0
"Fixed 316228, uniform",11,0,2,S 1 -> 11,125,False,0.9999999547742731,318060.0,1,False,0.38849321699798006,9.48,318060.0
"Fixed 316228, uniform",11,1,41,"D 0,9 -> 10,13",125,False,1.0,318060.0,1,False,0.38849321699798006,9.94,636120.0
"Fixed 316228, uniform",11,2,2,S 1 -> 11,125,False,0.9999999677025441,318060.0,1,False,0.38849321699798006,9.63,954180.0
"Fixed 316228, uniform",11,3,0,S 0 -> 10,125,False,0.9999999548040626,318060.0,1,False,0.38849321699798006,9.5,1272240.0
"Fixed 316228, uniform",11,4,41,"D 0,9 -> 10,13",125,False,1.0,318060.0,1,False,0.38849321699798006,9.04,1590300.0
"Fixed 316228, uniform",11,5,63,"D 1,9 -> 11,13",125,False,1.0,318060.0,1,False,0.38849321699798006,8.98,1908360.0
"Fixed 316228, uniform",11,6,0,S 0 -> 10,125,False,0.9999999986394987,318060.0,1,False,0.38849321699798006,8.95,2226420.0
"Fixed 316228, uniform",11,7,63,"D 1,9 -> 11,13",125,False,1.0,318060.0,1,False,0.38849321699798006,9.03,2544480.0
"Fixed 316228, uniform",11,8,3,S 1 -> 13,125,False,1.0,318060.0,1,False,0.38849321699798006,8.96,2862540.0
"Fixed 316228, uniform",11,9,63,"D 1,9 -> 11,13",125,False,1.0,318060.0,1,False,0.38849321699798006,9.01,3180600.0
"Fixed 316228, uniform",11,10,3,S 1 -> 13,125,False,1.0,318060.0,1,False,0.38849321699798006,8.97,3498660.0
"Fixed 316228, uniform",11,11,20,"D 0,1 -> 10,11",125,False,0.9222254599500117,318060.0,1,False,0.38849321699798006,8.9,3816720.0
"Fixed 316228, uniform",11,12,63,"D 1,9 -> 11,13",125,False,1.0,318060.0,1,False,0.3884932169979802,8.98,4134780.0
"Fixed 316228, uniform",11,13,2,S 1 -> 11,125,False,0.9999999999681005,318060.0,1,False,0.3884932169979802,8.93,4452840.0
"Fixed 316228, uniform",11,14,20,"D 0,1 -> 10,11",125,False,0.9999999984044016,318060.0,1,False,0.3884932169979802,9.44,4770900.0
"Fixed 316228, uniform",11,15,41,"D 0,9 -> 10,13",125,False,1.0,318060.0,1,False,0.3884932169979802,9.24,5088960.0
"Fixed 316228, uniform",11,16,28,"D 0,3 -> 12,13",125,False,0.8997729069947853,318060.0,1,False,0.3884932169979802,8.99,5407020.0
"Fixed 316228, uniform",11,17,2,S 1 -> 11,125,False,0.9999996326423655,318060.0,1,False,0.38846251777164165,9.29,5725080.0
"Fixed 316228, uniform",11,18,3,S 1 -> 13,125,False,1.0,318060.0,1,False,0.38846251773923735,9.35,6043140.0
"Fixed 316228, uniform",11,19,41,"D 0,9 -> 10,13",125,False,1.0,318060.0,1,False,0.38846251773923735,9.36,6361200.0
"Fixed 316228, uniform",11,20,0,S 0 -> 10,125,False,0.9999999901118467,318060.0,1,False,0.38846251773923735,9.04,6679260.0
"Fixed 316228, uniform",11,21,63,"D 1,9 -> 11,13",125,False,1.0,318060.0,1,False,0.38846251773923735,9.25,6997320.0
"Fixed 316228, uniform",11,22,22,"D 0,1 -> 11,12",125,False,1.0,318060.0,1,False,0.38846251773923735,9.04,7315380.0
"Fixed 316228, uniform",11,23,41,"D 0,9 -> 10,13",125,False,1.0,318060.0,1,False,0.38846251773923735,8.92,7633440.0
"Fixed 316228, uniform",11,24,0,S 0 -> 10,125,False,0.9999999901118467,318060.0,1,False,0.38846251773923735,8.98,7951500.0
"Fixed 316228, uniform",11,25,1,S 0 -> 12,125,False,1.0,318060.0,1,False,0.38846251773923735,8.91,8269560.0
"Fixed 316228, uniform",11,26,47,"D 1,2 -> 12,13",125,False,0.9001058088871579,318060.0,1,False,0.38846251773923735,8.94,8587620.0
"Fixed 316228, uniform",11,27,22,"D 0,1 -> 11,12",125,False,1.0,318060.0,1,False,0.38843202822792083,8.97,8905680.0
"Fixed 1000000, designed",0,0,125,"D 6,7 -> 12,13",125,True,0.0,1001191.0,1,False,0.38849321699798006,9.36,1001191.0
"Fixed 1000000, designed",0,1,0,S 0 -> 10,136,False,0.996796342775653,1001187.0,1,False,0.3666375436386704,9.21,2002378.0
"Fixed 1000000, designed",0,2,132,"D 7,8 -> 10,13",136,False,0.32317438107320984,1001187.0,1,False,0.36663754039087076,8.94,3003565.0
"Fixed 1000000, designed",0,3,129,"D 6,9 -> 11,12",136,False,0.11122052506034541,1001175.0,1,False,0.32942574869082514,8.99,4004740.0
"Fixed 1000000, designed",0,4,2,S 1 -> 11,136,False,0.9994730810195497,1001184.0,1,False,0.26450815655279314,9.02,5005924.0
"Fixed 1000000, designed",0,5,98,"D 4,5 -> 10,11",136,False,0.8432947774218567,1001184.0,1,False,0.26450815687795926,9.17,6007108.0
"Fixed 1000000, designed",0,6,15,S 7 -> 13,136,False,0.9829439108181742,1001162.0,1,False,0.26221311256789237,9.12,7008270.0
"Fixed 1000000, designed",0,7,34,"D 0,6 -> 10,12",136,False,0.9885064822630764,1001162.0,1,False,0.26221084436112196,9.25,8009432.0
"Fixed 1000000, designed",0,8,25,"D 0,3 -> 10,11",136,False,0.9068939025688845,1001162.0,1,False,0.2622109413651015,9.37,9010594.0
"Fixed 1000000, designed",0,9,80,"D 2,9 -> 10,13",136,False,1.0,1001164.0,1,False,0.26219584238985805,9.3,10011758.0
"Fixed 1000000, designed",0,10,24,"D 0,2 -> 10,12",136,False,1.0,1001164.0,1,False,0.2621958423809465,9.19,11012922.0
"Fixed 1000000, designed",0,11,55,"D 1,6 -> 10,13",136,False,0.9894350575914584,1001164.0,1,False,0.2621958423809465,9.06,12014086.0
"Fixed 1000000, designed",0,12,53,"D 1,5 -> 11,13",136,False,1.0,1001164.0,1,False,0.2621957970088684,9.11,13015250.0
"Fixed 1000000, designed",0,13,1,S 0 -> 12,136,False,1.0,1001164.0,1,False,0.26219580312146196,9.01,14016414.0
"Fixed 1000000, designed",0,14,48,"D 1,3 -> 11,13",136,False,1.0,1001164.0,1,False,0.2621958727262319,9.41,15017578.0
"Fixed 1000000, designed",0,15,60,"D 1,8 -> 10,13",136,False,1.0,1001164.0,1,False,0.2621958731670313,9.53,16018742.0
"Fixed 1000000, designed",0,16,46,"D 1,2 -> 11,12",136,False,1.0,1001164.0,1,False,0.2621958732550387,9.48,17019906.0
"Fixed 1000000, designed",0,17,3,S 1 -> 13,136,False,1.0,1001164.0,1,False,0.2621958732550387,9.28,18021070.0
"Fixed 1000000, designed",0,18,80,"D 2,9 -> 10,13",136,False,1.0,1001164.0,1,False,0.2621958732550387,9.38,19022234.0
"Fixed 1000000, designed",0,19,3,S 1 -> 13,136,False,1.0,1001164.0,1,False,0.2621958732550387,9.46,20023398.0
"Fixed 1000000, designed",0,20,80,"D 2,9 -> 10,13",136,False,1.0,1001164.0,1,False,0.2621958732550387,9.35,21024562.0
"Fixed 1000000, designed",0,21,27,"D 0,3 -> 11,12",136,False,1.0,1001164.0,1,False,0.2621958732550387,9.32,22025726.0
"Fixed 1000000, designed",0,22,47,"D 1,2 -> 12,13",136,False,0.9082325844426072,1001164.0,1,False,0.2621958732550387,9.72,23026890.0
"Fixed 1000000, designed",0,23,54,"D 1,6 -> 10,11",136,False,1.0,1001164.0,1,False,0.262194917671116,9.46,24028054.0
"Fixed 1000000, designed",0,24,46,"D 1,2 -> 11,12",136,False,1.0,1001164.0,1,False,0.262194917671116,9.39,25029218.0
"Fixed 1000000, designed",0,25,62,"D 1,8 -> 12,13",136,False,0.9813829860603405,1001164.0,1,False,0.262194917671116,9.32,26030382.0
"Fixed 1000000, designed",0,26,31,"D 0,5 -> 10,13",136,False,1.0,1001164.0,1,False,0.262195149213984,9.37,27031546.0
"Fixed 1000000, designed",0,27,36,"D 0,7 -> 10,13",136,False,0.9881571260422186,1001164.0,1,False,0.2621951621142653,9.14,28032710.0
"Fixed 1000000, designed",1,0,129,"D 6,9 -> 11,12",125,False,0.15048459189613994,1001191.0,1,False,0.38849321699798006,9.72,1001191.0
"Fixed 1000000, designed",1,1,33,"D 0,5 -> 12,13",132,False,1.0,1001151.0,1,False,0.3300309737836205,9.15,2002342.0
"Fixed 1000000, designed",1,2,52,"D 1,4 -> 12,13",132,False,1.0,1001151.0,1,False,0.3300309737836205,9.49,3003493.0
"Fixed 1000000, designed",1,3,0,S 0 -> 10,132,False,0.9966389902526164,1001151.0,1,False,0.3300309737836205,9.42,4004644.0
"Fixed 1000000, designed",1,4,125,"D 6,7 -> 12,13",132,False,0.08977942430769759,1001151.0,1,False,0.3300309668082757,9.34,5005795.0
"Fixed 1000000, designed",1,5,38,"D 0,7 -> 12,13",136,False,1.0,1001188.0,1,False,0.32942574243051254,9.47,6006983.0
"Fixed 1000000, designed",1,6,49,"D 1,4 -> 10,11",136,False,1.0,1001188.0,1,False,0.32942574243051254,9.29,7008171.0
"Fixed 1000000, designed",1,7,136,"D 8,9 -> 10,11",136,True,0.0,1001188.0,1,False,0.32942574243051254,9.32,8009359.0
"Fixed 1000000, designed",1,8,20,"D 0,1 -> 10,11",132,False,0.9241328824043502,1001176.0,1,False,0.21605079975597796,9.43,9010535.0
"Fixed 1000000, designed",1,9,32,"D 0,5 -> 11,12",132,False,1.0,1001176.0,1,False,0.21605226750353124,9.26,10011711.0
"Fixed 1000000, designed",1,10,48,"D 1,3 -> 11,13",132,False,1.0,1001176.0,1,False,0.21605226769859787,9.37,11012887.0
"Fixed 1000000, designed",1,11,30,"D 0,5 -> 10,11",132,False,1.0,1001176.0,1,False,0.21605226769859787,9.25,12014063.0
"Fixed 1000000, designed",1,12,47,"D 1,2 -> 12,13",132,False,0.8863089450713051,1001176.0,1,False,0.21605226769859787,8.95,13015239.0
"Fixed 1000000, designed",1,13,30,"D 0,5 -> 10,11",132,False,1.0,1001180.0,1,False,0.21605574667852734,9.32,14016419.0
"Fixed 1000000, designed",1,14,98,"D 4,5 -> 10,11",132,False,0.8840568321506816,1001180.0,1,False,0.21605574632319513,9.3,15017599.0
"Fixed 1000000, designed",1,15,45,"D 1,2 -> 10,13",132,False,1.0,1001183.0,1,False,0.2162506748049733,9.21,16018782.0
"Fixed 1000000, designed",1,16,68,"D 2,4 -> 10,12",132,False,1.0,1001183.0,1,False,0.2162506748049733,9.21,17019965.0
"Fixed 1000000, designed",1,17,79,"D 2,9 -> 10,11",132,False,0.6370993831902174,1001183.0,1,False,0.2162506748049733,9.32,18021148.0
"Fixed 1000000, designed",1,18,29,"D 0,4 -> 10,12",132,False,1.0,1001181.0,1,False,0.21562962636834726,9.31,19022329.0
"Fixed 1000000, designed",1,19,56,"D 1,6 -> 11,12",132,False,0.9900767961275627,1001181.0,1,False,0.21562962636834726,9.25,20023510.0
"Fixed 1000000, designed",1,20,62,"D 1,8 -> 12,13",132,False,0.9692194297728637,1001181.0,1,False,0.2156297114471326,9.35,21024691.0
"Fixed 1000000, designed",1,21,72,"D 2,5 -> 12,13",132,False,1.0,1001181.0,1,False,0.21562872221631624,9.31,22025872.0
"Fixed 1000000, designed",1,22,26,"D 0,3 -> 10,13",132,False,1.0,1001181.0,1,False,0.21562872218639706,9.34,23027053.0
"Fixed 1000000, designed",1,23,48,"D 1,3 -> 11,13",132,False,1.0,1001181.0,1,False,0.21562872218639706,9.41,24028234.0
"Fixed 1000000, designed",1,24,44,"D 1,2 -> 10,11",132,False,0.9262311157294227,1001181.0,1,False,0.21562872218639706,9.3,25029415.0
"Fixed 1000000, designed",1,25,26,"D 0,3 -> 10,13",132,False,1.0,1001181.0,1,False,0.21563208552787394,9.6,26030596.0
"Fixed 1000000, designed",1,26,72,"D 2,5 -> 12,13",132,False,1.0,1001181.0,1,False,0.21563208552787394,9.68,27031777.0
"Fixed 1000000, designed",1,27,34,"D 0,6 -> 10,12",132,False,0.9864569381024068,1001181.0,1,False,0.21563208552787394,9.58,28032958.0
"Fixed 1000000, designed",2,0,125,"D 6,7 -> 12,13",125,True,0.0,1001191.0,1,False,0.38849321699798006,9.43,1001191.0
"Fixed 1000000, designed",2,1,52,"D 1,4 -> 12,13",136,False,1.0,1001187.0,1,False,0.3666375436386704,9.0,2002378.0
"Fixed 1000000, designed",2,2,42,"D 0,9 -> 11,12",136,False,1.0,1001187.0,1,False,0.3666375436386704,9.08,3003565.0
"Fixed 1000000, designed",2,3,20,"D 0,1 -> 10,11",136,False,0.9175892331659538,1001187.0,1,False,0.3666375436386704,9.15,4004752.0
"Fixed 1000000, designed",2,4,30,"D 0,5 -> 10,11",136,False,1.0,1001187.0,1,False,0.3666274210577361,9.14,5005939.0
"Fixed 1000000, designed",2,5,35,"D 0,7 -> 10,11",136,False,1.0,1001187.0,1,False,0.3666274210592753,9.16,6007126.0
"Fixed 1000000, designed",2,6,3,S 1 -> 13,136,False,1.0,1001187.0,1,False,0.366627421057756,9.16,7008313.0
"Fixed 1000000, designed",2,7,25,"D 0,3 -> 10,11",136,False,0.90855271890143,1001187.0,1,False,0.366627421057756,9.11,8009500.0
"Fixed 1000000, designed",2,8,24,"D 0,2 -> 10,12",136,False,1.0,1001187.0,1,False,0.36659812819990967,9.14,9010687.0
"Fixed 1000000, designed",2,9,35,"D 0,7 -> 10,11",136,False,1.0,1001187.0,1,False,0.3665981282017441,9.15,10011874.0
"Fixed 1000000, designed",2,10,61,"D 1,8 -> 11,12",136,False,1.0,1001187.0,1,False,0.36659812819791876,9.18,11013061.0
"Fixed 1000000, designed",2,11,129,"D 6,9 -> 11,12",136,False,0.3231020507882899,1001187.0,1,False,0.36659812819791876,9.12,12014248.0
"Fixed 1000000, designed",2,12,64,"D 2,3 -> 10,11",136,False,0.5294032539778367,1001187.0,1,False,0.3293910251507153,9.06,13015435.0
"Fixed 1000000, designed",2,13,36,"D 0,7 -> 10,13",136,False,0.99414618836664,1001181.0,1,False,0.32076249473102864,9.02,14016616.0
"Fixed 1000000, designed",2,14,37,"D 0,7 -> 11,12",136,False,0.9898250882718513,1001181.0,1,False,0.3207622811768845,9.2,15017797.0
"Fixed 1000000, designed",2,15,35,"D 0,7 -> 10,11",136,False,1.0,1001181.0,1,False,0.32076227651945655,9.27,16018978.0
"Fixed 1000000, designed",2,16,25,"D 0,3 -> 10,11",136,False,0.9999919760995497,1001181.0,1,False,0.32076227704474064,9.29,17020159.0
"Fixed 1000000, designed",2,17,42,"D 0,9 -> 11,12",136,False,1.0,1001181.0,1,False,0.32076232238943597,9.28,18021340.0
"Fixed 1000000, designed",2,18,42,"D 0,9 -> 11,12",136,False,1.0,1001181.0,1,False,0.32076232238943597,9.58,19022521.0
"Fixed 1000000, designed",2,19,23,"D 0,1 -> 12,13",136,False,0.9360980331970631,1001181.0,1,False,0.32076232238943597,9.54,20023702.0
"Fixed 1000000, designed",2,20,136,"D 8,9 -> 10,11",136,True,0.0,1001182.0,1,False,0.32076183483851683,9.57,21024884.0
"Fixed 1000000, designed",2,21,59,"D 1,8 -> 10,11",132,False,0.9624027992973538,1001162.0,1,False,0.21697107378370983,9.73,22026046.0
"Fixed 1000000, designed",2,22,36,"D 0,7 -> 10,13",132,False,0.9999018992599485,1001162.0,1,False,0.21697108610211302,9.73,23027208.0
"Fixed 1000000, designed",2,23,38,"D 0,7 -> 12,13",132,False,1.0,1001200.0,1,False,0.21819221594301386,9.24,24028408.0
"Fixed 1000000, designed",2,24,23,"D 0,1 -> 12,13",132,False,0.9996645720272519,1001200.0,1,False,0.21819221594301386,9.24,25029608.0
"Fixed 1000000, designed",2,25,66,"D 2,3 -> 11,12",132,False,1.0,1001200.0,1,False,0.21819226786107881,9.23,26030808.0
"Fixed 1000000, designed",2,26,40,"D 0,9 -> 10,11",132,False,0.7898471868042533,1001200.0,1,False,0.21819226786107881,9.26,27032008.0
"Fixed 1000000, designed",2,27,37,"D 0,7 -> 11,12",132,False,0.8906453568872075,1001195.0,1,False,0.21808279158208466,9.4,28033203.0
"Fixed 1000000, designed",3,0,33,"D 0,5 -> 12,13",125,False,1.0,1001191.0,1,False,0.38849321699798006,10.12,1001191.0
"Fixed 1000000, designed",3,1,129,"D 6,9 -> 11,12",125,False,0.15048459189613994,1001191.0,1,False,0.38849321699798006,9.28,2002382.0
"Fixed 1000000, designed",3,2,34,"D 0,6 -> 10,12",132,False,0.9866223489097398,1001151.0,1,False,0.3300309737836205,9.04,3003533.0
"Fixed 1000000, designed",3,3,58,"D 1,7 -> 11,13",132,False,0.9827237536381059,1001151.0,1,False,0.3300309693028481,9.12,4004684.0
"Fixed 1000000, designed",3,4,62,"D 1,8 -> 12,13",132,False,0.976308093317801,1001151.0,1,False,0.3300303646840365,9.14,5005835.0
"Fixed 1000000, designed",3,5,40,"D 0,9 -> 10,11",132,False,0.9996515594153635,1001151.0,1,False,0.33002900951154873,9.13,6006986.0
"Fixed 1000000, designed",3,6,132,"D 7,8 -> 10,13",132,True,0.0,1001151.0,1,False,0.330029009515294,9.09,7008137.0
"Fixed 1000000, designed",3,7,60,"D 1,8 -> 10,13",125,False,1.0,1001161.0,1,False,0.2320558405906193,9.14,8009298.0
"Fixed 1000000, designed",3,8,45,"D 1,2 -> 10,13",125,False,1.0,1001161.0,1,False,0.2320558405906193,9.16,9010459.0
"Fixed 1000000, designed",3,9,42,"D 0,9 -> 11,12",125,False,1.0,1001161.0,1,False,0.2320558405906193,9.24,10011620.0
"Fixed 1000000, designed",3,10,28,"D 0,3 -> 12,13",125,False,0.86570773704819,1001161.0,1,False,0.2320558405906193,9.26,11012781.0
"Fixed 1000000, designed",3,11,125,"D 6,7 -> 12,13",125,True,0.0,1001162.0,1,False,0.23203656882122176,9.15,12013943.0
"Fixed 1000000, designed",3,12,31,"D 0,5 -> 10,13",136,False,1.0,1001195.0,1,False,0.2844857686783029,9.03,13015138.0
"Fixed 1000000, designed",3,13,39,"D 0,8 -> 10,12",136,False,1.0,1001195.0,1,False,0.2844857686505371,9.12,14016333.0
"Fixed 1000000, designed",3,14,40,"D 0,9 -> 10,11",136,False,0.9999998283116477,1001195.0,1,False,0.2844857686505371,9.29,15017528.0
"Fixed 1000000, designed",3,15,30,"D 0,5 -> 10,11",136,False,1.0,1001195.0,1,False,0.2844857686505371,9.26,16018723.0
"Fixed 1000000, designed",3,16,28,"D 0,3 -> 12,13",136,False,0.9998125802827577,1001195.0,1,False,0.2844857686505371,9.27,17019918.0
"Fixed 1000000, designed",3,17,33,"D 0,5 -> 12,13",136,False,1.0,1001195.0,1,False,0.2844854434830544,9.22,18021113.0
"Fixed 1000000, designed",3,18,72,"D 2,5 -> 12,13",136,False,1.0,1001195.0,1,False,0.2844854441284892,9.19,19022308.0
"Fixed 1000000, designed",3,19,1,S 0 -> 12,136,False,1.0,1001195.0,1,False,0.28448544415180077,9.21,20023503.0
"Fixed 1000000, designed",3,20,66,"D 2,3 -> 11,12",136,False,1.0,1001195.0,1,False,0.2844854441389213,9.24,21024698.0
"Fixed 1000000, designed",3,21,114,"D 5,6 -> 11,12",136,False,1.0,1001195.0,1,False,0.2844854441389213,9.24,22025893.0
"Fixed 1000000, designed",3,22,36,"D 0,7 -> 10,13",136,False,0.9904513939648798,1001195.0,1,False,0.2844854441389213,9.24,23027088.0
"Fixed 1000000, designed",3,23,50,"D 1,4 -> 10,13",136,False,1.0,1001195.0,1,False,0.28448525025568294,9.09,24028283.0
"Fixed 1000000, designed",3,24,56,"D 1,6 -> 11,12",136,False,0.9909328558200946,1001195.0,1,False,0.284485250182402,9.11,25029478.0
"Fixed 1000000, designed",3,25,48,"D 1,3 -> 11,13",136,False,1.0,1001195.0,1,False,0.2844852547042249,9.13,26030673.0
"Fixed 1000000, designed",3,26,21,"D 0,1 -> 10,13",136,False,1.0,1001195.0,1,False,0.2844852200025052,9.11,27031868.0
"Fixed 1000000, designed",3,27,114,"D 5,6 -> 11,12",136,False,1.0,1001195.0,1,False,0.2844852200025052,8.99,28033063.0
"Fixed 1000000, designed",4,0,136,"D 8,9 -> 10,11",125,False,0.05625754170998365,1001191.0,1,False,0.38849321699798006,10.17,1001191.0
"Fixed 1000000, designed",4,1,125,"D 6,7 -> 12,13",125,True,0.0,1001175.0,1,False,0.3884932169979802,9.32,2002366.0
"Fixed 1000000, designed",4,2,36,"D 0,7 -> 10,13",128,False,0.9969025224745913,1001214.0,1,False,0.206468926922328,9.43,3003580.0
"Fixed 1000000, designed",4,3,3,S 1 -> 13,133,False,1.0,1001214.0,1,False,0.2064689450277742,9.31,4004794.0
"Fixed 1000000, designed",4,4,28,"D 0,3 -> 12,13",133,False,0.8804608207960016,1001214.0,1,False,0.206468941784821,9.46,5006008.0
"Fixed 1000000, designed",4,5,63,"D 1,9 -> 11,13",133,False,1.0,1001213.0,1,False,0.20647046923842133,9.47,6007221.0
"Fixed 1000000, designed",4,6,47,"D 1,2 -> 12,13",133,False,0.8808555298404528,1001213.0,1,False,0.20647046923842133,9.32,7008434.0
"Fixed 1000000, designed",4,7,36,"D 0,7 -> 10,13",133,False,0.9999999999930326,1001211.0,1,False,0.20647198742924405,9.28,8009645.0
"Fixed 1000000, designed",4,8,42,"D 0,9 -> 11,12",133,False,1.0,1001211.0,1,False,0.20647198742924405,9.49,9010856.0
"Fixed 1000000, designed",4,9,2,S 1 -> 11,133,False,0.9951151125649803,1001211.0,1,False,0.20647198742924405,9.33,10012067.0
"Fixed 1000000, designed",4,10,53,"D 1,5 -> 11,13",133,False,1.0,1001211.0,1,False,0.20647215613677708,9.73,11013278.0
"Fixed 1000000, designed",4,11,3,S 1 -> 13,133,False,1.0,1001211.0,1,False,0.2064721512793515,9.21,12014489.0
"Fixed 1000000, designed",4,12,43,"D 0,9 -> 12,13",133,False,0.969258332163728,1001211.0,1,False,0.20647215120284515,8.9,13015700.0
"Fixed 1000000, designed",4,13,37,"D 0,7 -> 11,12",133,False,0.985524831392955,1001211.0,1,False,0.20647234933242262,9.23,14016911.0
"Fixed 1000000, designed",4,14,59,"D 1,8 -> 10,11",133,False,0.9536508247379035,1001211.0,1,False,0.20647392590167296,9.32,15018122.0
"Fixed 1000000, designed",4,15,27,"D 0,3 -> 11,12",133,False,1.0,1001211.0,1,False,0.2064743145332702,9.26,16019333.0
"Fixed 1000000, designed",4,16,45,"D 1,2 -> 10,13",133,False,1.0,1001211.0,1,False,0.20647431717160122,9.21,17020544.0
"Fixed 1000000, designed",4,17,35,"D 0,7 -> 10,11",133,False,1.0,1001211.0,1,False,0.20647433974022056,9.31,18021755.0
"Fixed 1000000, designed",4,18,13,S 6 -> 12,133,False,0.9061636167730241,1001211.0,1,False,0.20647435790201787,9.27,19022966.0
"Fixed 1000000, designed",4,19,50,"D 1,4 -> 10,13",133,False,1.0,1001218.0,1,False,0.20837645390636894,9.19,20024184.0
"Fixed 1000000, designed",4,20,30,"D 0,5 -> 10,11",133,False,1.0,1001218.0,1,False,0.20837645390636894,9.3,21025402.0
"Fixed 1000000, designed",4,21,62,"D 1,8 -> 12,13",133,False,0.9696937219455103,1001218.0,1,False,0.20837645390636894,9.33,22026620.0
"Fixed 1000000, designed",4,22,47,"D 1,2 -> 12,13",133,False,0.9999614316411464,1001218.0,1,False,0.20837563449749807,9.37,23027838.0
"Fixed 1000000, designed",4,23,133,"D 7,8 -> 11,12",128,False,0.0449772779622275,1001219.0,1,False,0.21147095637339025,9.25,24029057.0
"Fixed 1000000, designed",4,24,25,"D 0,3 -> 10,11",128,False,0.9304662072718509,1001177.0,1,False,0.19201849506825042,9.39,25030234.0
"Fixed 1000000, designed",4,25,52,"D 1,4 -> 12,13",128,False,1.0,1001177.0,1,False,0.1920184652115129,9.42,26031411.0
"Fixed 1000000, designed",4,26,114,"D 5,6 -> 11,12",128,False,1.0,1001177.0,1,False,0.19201846480674156,9.39,27032588.0
"Fixed 1000000, designed",4,27,36,"D 0,7 -> 10,13",128,False,0.9923403845378028,1001177.0,1,False,0.19201846480674156,9.3,28033765.0
"Fixed 1000000, designed",5,0,125,"D 6,7 -> 12,13",125,True,0.0,1001191.0,1,False,0.38849321699798006,9.48,1001191.0
"Fixed 1000000, designed",5,1,98,"D 4,5 -> 10,11",136,False,0.8618006645614961,1001187.0,1,False,0.3666375436386704,9.05,2002378.0
"Fixed 1000000, designed",5,2,58,"D 1,7 -> 11,13",136,False,0.988436785061543,1001186.0,1,False,0.362182262245136,9.22,3003564.0
"Fixed 1000000, designed",5,3,41,"D 0,9 -> 10,13",136,False,1.0,1001186.0,1,False,0.3621822612219081,9.18,4004750.0
"Fixed 1000000, designed",5,4,38,"D 0,7 -> 12,13",136,False,1.0,1001186.0,1,False,0.3621822612219081,9.22,5005936.0
"Fixed 1000000, designed",5,5,33,"D 0,5 -> 12,13",136,False,1.0,1001186.0,1,False,0.3621822612219081,9.12,6007122.0
"Fixed 1000000, designed",5,6,129,"D 6,9 -> 11,12",136,False,0.31722455950113504,1001186.0,1,False,0.3621822612219081,9.15,7008308.0
"Fixed 1000000, designed",5,7,49,"D 1,4 -> 10,11",136,False,1.0,1001189.0,1,False,0.32595621121789253,9.05,8009497.0
"Fixed 1000000, designed",5,8,132,"D 7,8 -> 10,13",136,False,0.10519202144864293,1001189.0,1,False,0.32595621121789253,9.11,9010686.0
"Fixed 1000000, designed",5,9,46,"D 1,2 -> 11,12",136,False,1.0,1001164.0,1,False,0.26219114928714493,9.17,10011850.0
"Fixed 1000000, designed",5,10,136,"D 8,9 -> 10,11",136,True,0.0,1001164.0,1,False,0.26219114928714493,9.12,11013014.0
"Fixed 1000000, designed",5,11,63,"D 1,9 -> 11,13",133,False,1.0,1001200.0,1,False,0.1258565967556075,9.08,12014214.0
"Fixed 1000000, designed",5,12,26,"D 0,3 -> 10,13",133,False,1.0,1001200.0,1,False,0.1258565967556075,9.06,13015414.0
"Fixed 1000000, designed",5,13,37,"D 0,7 -> 11,12",133,False,0.9781656829082175,1001200.0,1,False,0.1258565967556075,9.04,14016614.0
"Fixed 1000000, designed",5,14,26,"D 0,3 -> 10,13",133,False,1.0,1001200.0,1,False,0.12585810418886834,9.4,15017814.0
"Fixed 1000000, designed",5,15,28,"D 0,3 -> 12,13",133,False,0.808533166304062,1001200.0,1,False,0.1258581072159483,9.54,16019014.0
"Fixed 1000000, designed",5,16,33,"D 0,5 -> 12,13",133,False,1.0,1001197.0,1,False,0.12585848699981922,9.64,17020211.0
"Fixed 1000000, designed",5,17,8,S 4 -> 10,133,False,1.0,1001197.0,1,False,0.1258584863267263,9.59,18021408.0
"Fixed 1000000, designed",5,18,26,"D 0,3 -> 10,13",133,False,1.0,1001197.0,1,False,0.1258584863161962,9.16,19022605.0
"Fixed 1000000, designed",5,19,61,"D 1,8 -> 11,12",133,False,1.0,1001197.0,1,False,0.1258584863161962,9.23,20023802.0
"Fixed 1000000, designed",5,20,37,"D 0,7 -> 11,12",133,False,0.9999997807602314,1001197.0,1,False,0.1258584863161962,9.33,21024999.0
"Fixed 1000000, designed",5,21,38,"D 0,7 -> 12,13",133,False,1.0,1001197.0,1,False,0.1258584863161962,9.29,22026196.0
"Fixed 1000000, designed",5,22,58,"D 1,7 -> 11,13",133,False,0.9999934242897005,1001197.0,1,False,0.1258584863161962,9.27,23027393.0
"Fixed 1000000, designed",5,23,56,"D 1,6 -> 11,12",133,False,0.9776449203402625,1001197.0,1,False,0.12585848627726362,9.49,24028590.0
"Fixed 1000000, designed",5,24,27,"D 0,3 -> 11,12",133,False,1.0,1001190.0,1,False,0.12407279513498906,9.52,25029780.0
"Fixed 1000000, designed",5,25,48,"D 1,3 -> 11,13",133,False,1.0,1001190.0,1,False,0.12407279511661921,9.52,26030970.0
"Fixed 1000000, designed",5,26,24,"D 0,2 -> 10,12",133,False,1.0,1001190.0,1,False,0.12407279511661921,9.56,27032160.0
"Fixed 1000000, designed",5,27,53,"D 1,5 -> 11,13",133,False,1.0,1001190.0,1,False,0.12407279511661921,9.52,28033350.0
"Fixed 1000000, designed",6,0,125,"D 6,7 -> 12,13",125,True,0.0,1001191.0,1,False,0.38849321699798006,9.41,1001191.0
"Fixed 1000000, designed",6,1,51,"D 1,4 -> 11,12",136,False,1.0,1001187.0,1,False,0.3666375436386704,9.09,2002378.0
"Fixed 1000000, designed",6,2,2,S 1 -> 11,136,False,0.996796342775653,1001187.0,1,False,0.3666375436386704,9.33,3003565.0
"Fixed 1000000, designed",6,3,37,"D 0,7 -> 11,12",136,False,0.9906585408493709,1001187.0,1,False,0.36663754039087076,9.3,4004752.0
"Fixed 1000000, designed",6,4,13,S 6 -> 12,136,False,0.9749588817959102,1001187.0,1,False,0.36663753737881777,9.22,5005939.0
"Fixed 1000000, designed",6,5,21,"D 0,1 -> 10,13",136,False,1.0,1001189.0,1,False,0.36663753710135266,9.36,6007128.0
"Fixed 1000000, designed",6,6,44,"D 1,2 -> 10,11",136,False,0.9093868653946506,1001189.0,1,False,0.3666375371012435,9.33,7008317.0
"Fixed 1000000, designed",6,7,37,"D 0,7 -> 11,12",136,False,0.999999998982,1001189.0,1,False,0.3666087403841148,9.32,8009506.0
"Fixed 1000000, designed",6,8,136,"D 8,9 -> 10,11",136,True,0.0,1001189.0,1,False,0.3666087403841148,9.51,9010695.0
"Fixed 1000000, designed",6,9,27,"D 0,3 -> 11,12",133,False,1.0,1001217.0,1,False,0.20837922155475114,9.25,10011912.0
"Fixed 1000000, designed",6,10,72,"D 2,5 -> 12,13",133,False,1.0,1001217.0,1,False,0.20837922155475114,9.32,11013129.0
"Fixed 1000000, designed",6,11,63,"D 1,9 -> 11,13",133,False,1.0,1001217.0,1,False,0.20837922155475114,9.48,12014346.0
"Fixed 1000000, designed",6,12,54,"D 1,6 -> 10,11",133,False,1.0,1001217.0,1,False,0.20837922155475114,9.03,13015563.0
"Fixed 1000000, designed",6,13,21,"D 0,1 -> 10,13",133,False,1.0,1001217.0,1,False,0.20837922155475114,9.38,14016780.0
"Fixed 1000000, designed",6,14,35,"D 0,7 -> 10,11",133,False,1.0,1001217.0,1,False,0.20837922155475114,9.29,15017997.0
"Fixed 1000000, designed",6,15,69,"D 2,5 -> 10,11",133,False,1.0,1001217.0,1,False,0.20837922155475114,9.26,16019214.0
"Fixed 1000000, designed",6,16,2,S 1 -> 11,133,False,0.9999206096373334,1001217.0,1,False,0.20837922155475114,9.27,17020431.0
"Fixed 1000000, designed",6,17,21,"D 0,1 -> 10,13",133,False,1.0,1001216.0,1,False,0.2082567594300117,9.37,18021647.0
"Fixed 1000000, designed",6,18,38,"D 0,7 -> 12,13",133,False,1.0,1001216.0,1,False,0.2082567594300117,9.3,19022863.0
"Fixed 1000000, designed",6,19,56,"D 1,6 -> 11,12",133,False,0.9970150652819364,1001216.0,1,False,0.2082567594300117,9.26,20024079.0
"Fixed 1000000, designed",6,20,54,"D 1,6 -> 10,11",133,False,1.0,1001216.0,1,False,0.20825675211202177,9.33,21025295.0
"Fixed 1000000, designed",6,21,60,"D 1,8 -> 10,13",133,False,1.0,1001216.0,1,False,0.20825675237991909,9.4,22026511.0
"Fixed 1000000, designed",6,22,43,"D 0,9 -> 12,13",133,False,0.9697685924542387,1001216.0,1,False,0.20825675237991909,9.35,23027727.0
"Fixed 1000000, designed",6,23,80,"D 2,9 -> 10,13",133,False,1.0,1001216.0,1,False,0.20825683473036163,9.39,24028943.0
"Fixed 1000000, designed",6,24,51,"D 1,4 -> 11,12",133,False,1.0,1001216.0,1,False,0.20825683473036163,9.29,25030159.0
"Fixed 1000000, designed",6,25,43,"D 0,9 -> 12,13",133,False,0.9999999893317006,1001216.0,1,False,0.20825683473036163,9.28,26031375.0
"Fixed 1000000, designed",6,26,50,"D 1,4 -> 10,13",133,False,1.0,1001216.0,1,False,0.20825683473036163,9.27,27032591.0
"Fixed 1000000, designed",6,27,1,S 0 -> 12,133,False,1.0,1001216.0,1,False,0.20825683473036163,9.31,28033807.0
"Fixed 1000000, designed",7,0,25,"D 0,3 -> 10,11",125,False,0.9144740503126052,1001191.0,1,False,0.38849321699798006,10.11,1001191.0
"Fixed 1000000, designed",7,1,125,"D 6,7 -> 12,13",125,True,0.0,1001192.0,1,False,0.3884932169979801,9.21,2002383.0
"Fixed 1000000, designed",7,2,136,"D 8,9 -> 10,11",136,True,0.0,1001187.0,1,False,0.3666087521714052,9.49,3003570.0
"Fixed 1000000, designed",7,3,40,"D 0,9 -> 10,11",128,False,0.9532127729584988,1001215.0,1,False,0.20647043135963056,9.64,4004785.0
"Fixed 1000000, designed",7,4,24,"D 0,2 -> 10,12",128,False,1.0,1001214.0,1,False,0.20647091273525742,9.82,5005999.0
"Fixed 1000000, designed",7,5,24,"D 0,2 -> 10,12",128,False,1.0,1001214.0,1,False,0.20647091273525742,9.43,6007213.0
"Fixed 1000000, designed",7,6,59,"D 1,8 -> 10,11",128,False,0.9535774032407329,1001214.0,1,False,0.20647091273525742,9.29,7008427.0
"Fixed 1000000, designed",7,7,38,"D 0,7 -> 12,13",128,False,1.0,1001214.0,1,False,0.20646988878484615,9.02,8009641.0
"Fixed 1000000, designed",7,8,133,"D 7,8 -> 11,12",128,False,3.8720978312589693e-08,1001214.0,1,False,0.20646988878484615,9.1,9010855.0
"Fixed 1000000, designed",7,9,66,"D 2,3 -> 11,12",128,False,1.0,1001186.0,1,False,0.25656134910069817,9.18,10012041.0
"Fixed 1000000, designed",7,10,42,"D 0,9 -> 11,12",128,False,1.0,1001186.0,1,False,0.25656134910069817,9.34,11013227.0
"Fixed 1000000, designed",7,11,32,"D 0,5 -> 11,12",128,False,1.0,1001186.0,1,False,0.25656134910069817,9.49,12014413.0
"Fixed 1000000, designed",7,12,58,"D 1,7 -> 11,13",128,False,0.9786668712013366,1001186.0,1,False,0.25656134910069817,9.04,13015599.0
"Fixed 1000000, designed",7,13,58,"D 1,7 -> 11,13",128,False,0.9999999999963114,1001186.0,1,False,0.2565614637283655,9.36,14016785.0
"Fixed 1000000, designed",7,14,56,"D 1,6 -> 11,12",128,False,0.9988662877657459,1001186.0,1,False,0.2565614637283655,9.49,15017971.0
"Fixed 1000000, designed",7,15,128,"D 6,9 -> 10,13",128,True,0.0,1001186.0,1,False,0.25656146631223997,9.51,16019157.0
"Fixed 1000000, designed",7,16,34,"D 0,6 -> 10,12",93,False,0.9422314584490574,1001179.0,1,False,0.0816289349320628,9.46,17020336.0
"Fixed 1000000, designed",7,17,29,"D 0,4 -> 10,12",93,False,1.0,1001179.0,1,False,0.081628837172621,9.45,18021515.0
"Fixed 1000000, designed",7,18,51,"D 1,4 -> 11,12",93,False,1.0,1001179.0,1,False,0.08162883682048588,9.4,19022694.0
"Fixed 1000000, designed",7,19,49,"D 1,4 -> 10,11",93,False,1.0,1001179.0,1,False,0.08162883530330126,9.27,20023873.0
"Fixed 1000000, designed",7,20,49,"D 1,4 -> 10,11",93,False,1.0,1001179.0,1,False,0.08162883530330126,9.33,21025052.0
"Fixed 1000000, designed",7,21,62,"D 1,8 -> 12,13",93,False,0.9489790030412708,1001179.0,1,False,0.08162883530330126,9.36,22026231.0
"Fixed 1000000, designed",7,22,60,"D 1,8 -> 10,13",93,False,1.0,1001179.0,1,False,0.08162878655555142,9.52,23027410.0
"Fixed 1000000, designed",7,23,66,"D 2,3 -> 11,12",93,False,1.0,1001179.0,1,False,0.08162878517929173,9.22,24028589.0
"Fixed 1000000, designed",7,24,62,"D 1,8 -> 12,13",93,False,0.9999999938135011,1001179.0,1,False,0.08162878380319641,9.19,25029768.0
"Fixed 1000000, designed",7,25,28,"D 0,3 -> 12,13",93,False,0.7686386192747392,1001179.0,1,False,0.08162878380319641,9.22,26030947.0
"Fixed 1000000, designed",7,26,28,"D 0,3 -> 12,13",93,False,0.9999999998062868,1001180.0,1,False,0.08162902810948938,9.21,27032127.0
"Fixed 1000000, designed",7,27,66,"D 2,3 -> 11,12",93,False,1.0,1001180.0,1,False,0.08162902810948938,9.11,28033307.0
"Fixed 1000000, designed",8,0,37,"D 0,7 -> 11,12",125,False,0.9961866202613292,1001191.0,1,False,0.38849321699798006,9.31,1001191.0
"Fixed 1000000, designed",8,1,125,"D 6,7 -> 12,13",125,True,0.0,1001191.0,1,False,0.38849347169930637,8.98,2002382.0
"Fixed 1000000, designed",8,2,28,"D 0,3 -> 12,13",136,False,0.9322911475130814,1001187.0,1,False,0.3666375406159247,9.07,3003569.0
"Fixed 1000000, designed",8,3,26,"D 0,3 -> 10,13",136,False,1.0,1001187.0,1,False,0.3666375405523953,9.15,4004756.0
"Fixed 1000000, designed",8,4,40,"D 0,9 -> 10,11",136,False,0.9886156883065834,1001187.0,1,False,0.3666375405523953,9.17,5005943.0
"Fixed 1000000, designed",8,5,98,"D 4,5 -> 10,11",136,False,0.8618019075678828,1001187.0,1,False,0.36663356025211785,9.07,6007130.0
"Fixed 1000000, designed",8,6,136,"D 8,9 -> 10,11",136,True,0.0,1001187.0,1,False,0.3621789382000581,9.07,7008317.0
"Fixed 1000000, designed",8,7,20,"D 0,1 -> 10,11",128,False,0.9283923356933234,1001208.0,1,False,0.206481627048951,9.05,8009525.0
"Fixed 1000000, designed",8,8,128,"D 6,9 -> 10,13",128,True,0.0,1001208.0,1,False,0.20648222401221572,9.09,9010733.0
"Fixed 1000000, designed",8,9,56,"D 1,6 -> 11,12",133,False,0.9977256817328995,1001182.0,1,False,0.25633717580196436,9.13,10011915.0
"Fixed 1000000, designed",8,10,33,"D 0,5 -> 12,13",133,False,1.0,1001182.0,1,False,0.2563371655067712,9.07,11013097.0
"Fixed 1000000, designed",8,11,43,"D 0,9 -> 12,13",133,False,0.9823602345681738,1001182.0,1,False,0.2563371680033866,8.98,12014279.0
"Fixed 1000000, designed",8,12,114,"D 5,6 -> 11,12",133,False,1.0,1001182.0,1,False,0.2563371014450331,9.0,13015461.0
"Fixed 1000000, designed",8,13,38,"D 0,7 -> 12,13",133,False,1.0,1001182.0,1,False,0.2563371014450331,9.32,14016643.0
"Fixed 1000000, designed",8,14,133,"D 7,8 -> 11,12",133,True,0.0,1001182.0,1,False,0.2563371014450331,9.36,15017825.0
"Fixed 1000000, designed",8,15,52,"D 1,4 -> 12,13",93,False,1.0,1001181.0,1,False,0.0822249311709163,9.45,16019006.0
"Fixed 1000000, designed",8,16,25,"D 0,3 -> 10,11",93,False,0.8694332099030071,1001181.0,1,False,0.08222493066838106,9.36,17020187.0
"Fixed 1000000, designed",8,17,35,"D 0,7 -> 10,11",93,False,1.0,1001182.0,1,False,0.08223118137590163,9.35,18021369.0
"Fixed 1000000, designed",8,18,1,S 0 -> 12,93,False,1.0,1001182.0,1,False,0.082231181382368,9.13,19022551.0
"Fixed 1000000, designed",8,19,72,"D 2,5 -> 12,13",93,False,1.0,1001182.0,1,False,0.08223118143381694,9.11,20023733.0
"Fixed 1000000, designed",8,20,29,"D 0,4 -> 10,12",93,False,1.0,1001182.0,1,False,0.08223118143381694,9.22,21024915.0
"Fixed 1000000, designed",8,21,43,"D 0,9 -> 12,13",93,False,0.9999742193222902,1001182.0,1,False,0.08223118143381694,9.3,22026097.0
"Fixed 1000000, designed",8,22,53,"D 1,5 -> 11,13",93,False,1.0,1001182.0,1,False,0.0822311846512507,9.36,23027279.0
"Fixed 1000000, designed",8,23,36,"D 0,7 -> 10,13",93,False,0.9975548712547715,1001182.0,1,False,0.0822311846512507,9.52,24028461.0
"Fixed 1000000, designed",8,24,50,"D 1,4 -> 10,13",93,False,1.0,1001182.0,1,False,0.08223118415701926,9.48,25029643.0
"Fixed 1000000, designed",8,25,53,"D 1,5 -> 11,13",93,False,1.0,1001182.0,1,False,0.0822311839107452,9.5,26030825.0
"Fixed 1000000, designed",8,26,43,"D 0,9 -> 12,13",93,False,0.999999278861667,1001182.0,1,False,0.0822311839107452,9.51,27032007.0
"Fixed 1000000, designed",8,27,21,"D 0,1 -> 10,13",93,False,1.0,1001182.0,1,False,0.08223118390728988,9.39,28033189.0
"Fixed 1000000, designed",9,0,38,"D 0,7 -> 12,13",125,False,1.0,1001191.0,1,False,0.38849321699798006,9.36,1001191.0
"Fixed 1000000, designed",9,1,136,"D 8,9 -> 10,11",125,False,0.05625754170998365,1001191.0,1,False,0.38849321699798006,8.96,2002382.0
"Fixed 1000000, designed",9,2,55,"D 1,6 -> 10,13",125,False,0.9967110156230135,1001175.0,1,False,0.3884932169979802,9.08,3003557.0
"Fixed 1000000, designed",9,3,60,"D 1,8 -> 10,13",125,False,1.0,1001175.0,1,False,0.38849343586977586,9.22,4004732.0
"Fixed 1000000, designed",9,4,41,"D 0,9 -> 10,13",125,False,1.0,1001175.0,1,False,0.38849343586977586,9.23,5005907.0
"Fixed 1000000, designed",9,5,21,"D 0,1 -> 10,13",125,False,1.0,1001175.0,1,False,0.38849343586977586,9.14,6007082.0
"Fixed 1000000, designed",9,6,49,"D 1,4 -> 10,11",125,False,1.0,1001175.0,1,False,0.38849343586977586,9.23,7008257.0
"Fixed 1000000, designed",9,7,125,"D 6,7 -> 12,13",125,True,0.0,1001175.0,1,False,0.38849343586977586,9.05,8009432.0
"Fixed 1000000, designed",9,8,48,"D 1,3 -> 11,13",128,False,1.0,1001214.0,1,False,0.20647049748974006,9.17,9010646.0
"Fixed 1000000, designed",9,9,46,"D 1,2 -> 11,12",128,False,1.0,1001214.0,1,False,0.20647049748974006,9.19,10011860.0
"Fixed 1000000, designed",9,10,28,"D 0,3 -> 12,13",128,False,0.8804559101013721,1001214.0,1,False,0.20647049748974006,9.21,11013074.0
"Fixed 1000000, designed",9,11,40,"D 0,9 -> 10,11",128,False,0.9535814698049131,1001213.0,1,False,0.20647202581082733,9.2,12014287.0
"Fixed 1000000, designed",9,12,98,"D 4,5 -> 10,11",128,False,0.8831589107304132,1001213.0,1,False,0.20647249866642342,9.09,13015500.0
"Fixed 1000000, designed",9,13,36,"D 0,7 -> 10,13",128,False,0.9969434151709003,1001208.0,1,False,0.20648309507337306,9.06,14016708.0
"Fixed 1000000, designed",9,14,50,"D 1,4 -> 10,13",128,False,1.0,1001208.0,1,False,0.20648308296823611,9.11,15017916.0
"Fixed 1000000, designed",9,15,23,"D 0,1 -> 12,13",128,False,0.9003173858632563,1001208.0,1,False,0.20648308327861575,9.09,16019124.0
"Fixed 1000000, designed",9,16,13,S 6 -> 12,128,False,0.9051391094366332,1001208.0,1,False,0.20648353444639672,9.1,17020332.0
"Fixed 1000000, designed",9,17,29,"D 0,4 -> 10,12",133,False,1.0,1001219.0,1,False,0.20839990834276056,9.41,18021551.0
"Fixed 1000000, designed",9,18,26,"D 0,3 -> 10,13",133,False,1.0,1001219.0,1,False,0.20839990810830383,9.46,19022770.0
"Fixed 1000000, designed",9,19,52,"D 1,4 -> 12,13",133,False,1.0,1001219.0,1,False,0.20839990806495762,9.58,20023989.0
"Fixed 1000000, designed",9,20,47,"D 1,2 -> 12,13",133,False,0.8858903111149983,1001219.0,1,False,0.20839990804995612,9.45,21025208.0
"Fixed 1000000, designed",9,21,23,"D 0,1 -> 12,13",133,False,0.9999999722185621,1001218.0,1,False,0.20839885929637644,9.47,22026426.0
"Fixed 1000000, designed",9,22,28,"D 0,3 -> 12,13",133,False,0.9999833614633322,1001218.0,1,False,0.20839885930922009,9.33,23027644.0
"Fixed 1000000, designed",9,23,66,"D 2,3 -> 11,12",128,False,1.0,1001214.0,1,False,0.20690354349357767,9.27,24028858.0
"Fixed 1000000, designed",9,24,23,"D 0,1 -> 12,13",128,False,0.9999999540194205,1001214.0,1,False,0.20690354349357767,9.26,25030072.0
"Fixed 1000000, designed",9,25,49,"D 1,4 -> 10,11",128,False,1.0,1001214.0,1,False,0.20690354349357767,9.25,26031286.0
"Fixed 1000000, designed",9,26,1,S 0 -> 12,128,False,1.0,1001214.0,1,False,0.20690354349357767,9.22,27032500.0
"Fixed 1000000, designed",9,27,59,"D 1,8 -> 10,11",128,False,0.9525249524998827,1001214.0,1,False,0.20690354349357767,9.26,28033714.0
"Fixed 1000000, designed",10,0,21,"D 0,1 -> 10,13",125,False,1.0,1001191.0,1,False,0.38849321699798006,9.27,1001191.0
"Fixed 1000000, designed",10,1,135,"D 7,9 -> 11,13",125,False,0.5578182330796307,1001191.0,1,False,0.38849321699798006,9.12,2002382.0
"Fixed 1000000, designed",10,2,66,"D 2,3 -> 11,12",125,False,1.0,1001201.0,1,False,0.30881475561731314,9.15,3003583.0
"Fixed 1000000, designed",10,3,49,"D 1,4 -> 10,11",125,False,1.0,1001201.0,1,False,0.30881475561731314,9.12,4004784.0
"Fixed 1000000, designed",10,4,45,"D 1,2 -> 10,13",125,False,1.0,1001201.0,1,False,0.30881475561731314,9.12,5005985.0
"Fixed 1000000, designed",10,5,125,"D 6,7 -> 12,13",125,True,0.0,1001201.0,1,False,0.30881475561731314,9.47,6007186.0
"Fixed 1000000, designed",10,6,30,"D 0,5 -> 10,11",136,False,1.0,1001200.0,1,False,0.3478735257713594,9.14,7008386.0
"Fixed 1000000, designed",10,7,136,"D 8,9 -> 10,11",136,True,0.0,1001200.0,1,False,0.3478735257713594,9.24,8009586.0
"Fixed 1000000, designed",10,8,41,"D 0,9 -> 10,13",133,False,1.0,1001202.0,1,False,0.19913088321395248,9.43,9010788.0
"Fixed 1000000, designed",10,9,92,"D 3,7 -> 11,13",133,False,0.924090781124672,1001202.0,1,False,0.19913088313157934,9.38,10011990.0
"Fixed 1000000, designed",10,10,40,"D 0,9 -> 10,11",133,False,0.950767575616682,1001207.0,1,False,0.1990391971747671,9.14,11013197.0
"Fixed 1000000, designed",10,11,44,"D 1,2 -> 10,11",133,False,0.9218944636766309,1001206.0,1,False,0.19903782438340256,9.05,12014403.0
"Fixed 1000000, designed",10,12,34,"D 0,6 -> 10,12",133,False,0.9820971463781257,1001207.0,1,False,0.1990401467908171,9.0,13015610.0
"Fixed 1000000, designed",10,13,54,"D 1,6 -> 10,11",133,False,1.0,1001207.0,1,False,0.1990400930446184,8.97,14016817.0
"Fixed 1000000, designed",10,14,30,"D 0,5 -> 10,11",133,False,1.0,1001207.0,1,False,0.1990400930446184,9.2,15018024.0
"Fixed 1000000, designed",10,15,84,"D 3,4 -> 10,13",133,False,1.0,1001207.0,1,False,0.1990400930446184,9.19,16019231.0
"Fixed 1000000, designed",10,16,49,"D 1,4 -> 10,11",133,False,1.0,1001207.0,1,False,0.1990400930446184,9.2,17020438.0
"Fixed 1000000, designed",10,17,39,"D 0,8 -> 10,12",133,False,1.0,1001207.0,1,False,0.1990400930446184,9.13,18021645.0
"Fixed 1000000, designed",10,18,2,S 1 -> 11,133,False,0.992259983499716,1001207.0,1,False,0.1990400930446184,9.14,19022852.0
"Fixed 1000000, designed",10,19,53,"D 1,5 -> 11,13",133,False,1.0,1001207.0,1,False,0.19904027231155674,9.98,20024059.0
"Fixed 1000000, designed",10,20,41,"D 0,9 -> 10,13",133,False,1.0,1001207.0,1,False,0.19904027231155674,9.48,21025266.0
"Fixed 1000000, designed",10,21,98,"D 4,5 -> 10,11",133,False,0.883329464540971,1001207.0,1,False,0.19904027231155674,9.62,22026473.0
"Fixed 1000000, designed",10,22,44,"D 1,2 -> 10,11",133,False,0.9999927890272085,1001197.0,1,False,0.19914097349056026,9.71,23027670.0
"Fixed 1000000, designed",10,23,3,S 1 -> 13,128,False,1.0,1001188.0,1,False,0.19978186831120712,9.48,24028858.0
"Fixed 1000000, designed",10,24,42,"D 0,9 -> 11,12",128,False,1.0,1001188.0,1,False,0.19978186831120712,9.54,25030046.0
"Fixed 1000000, designed",10,25,47,"D 1,2 -> 12,13",128,False,0.8784321443159364,1001188.0,1,False,0.19978186831120712,9.52,26031234.0
"Fixed 1000000, designed",10,26,133,"D 7,8 -> 11,12",128,False,0.004169892961710775,1001184.0,1,False,0.19978460988209346,9.58,27032418.0
"Fixed 1000000, designed",10,27,15,S 7 -> 13,128,False,0.9321129637115431,1001181.0,1,False,0.2564570323120767,9.16,28033599.0
"Fixed 1000000, designed",11,0,132,"D 7,8 -> 10,13",125,False,0.15048459189613994,1001191.0,1,False,0.38849321699798006,10.09,1001191.0
"Fixed 1000000, designed",11,1,64,"D 2,3 -> 10,11",129,False,0.5508793891791416,1001196.0,1,False,0.33003097378362056,9.3,2002387.0
"Fixed 1000000, designed",11,2,59,"D 1,8 -> 10,11",129,False,0.9987283666538642,1001182.0,1,False,0.3294879695216004,9.26,3003569.0
"Fixed 1000000, designed",11,3,125,"D 6,7 -> 12,13",129,False,0.08564382993629105,1001182.0,1,False,0.32948796947928427,9.17,4004751.0
"Fixed 1000000, designed",11,4,39,"D 0,8 -> 10,12",136,False,1.0,1001187.0,1,False,0.320789784899541,9.21,5005938.0
"Fixed 1000000, designed",11,5,63,"D 1,9 -> 11,13",136,False,1.0,1001187.0,1,False,0.32078978520098206,9.29,6007125.0
"Fixed 1000000, designed",11,6,80,"D 2,9 -> 10,13",136,False,1.0,1001187.0,1,False,0.32078978520098206,9.28,7008312.0
"Fixed 1000000, designed",11,7,136,"D 8,9 -> 10,11",136,True,0.0,1001187.0,1,False,0.32078978520098206,9.2,8009499.0
"Fixed 1000000, designed",11,8,56,"D 1,6 -> 11,12",129,False,0.995284054496824,1001182.0,1,False,0.21696400007340333,9.4,9010681.0
"Fixed 1000000, designed",11,9,20,"D 0,1 -> 10,11",129,False,0.9363483342913135,1001182.0,1,False,0.21696362170649253,9.26,10011863.0
"Fixed 1000000, designed",11,10,33,"D 0,5 -> 12,13",129,False,1.0,1001182.0,1,False,0.21696460751597493,9.33,11013045.0
"Fixed 1000000, designed",11,11,100,"D 4,5 -> 11,12",129,False,1.0,1001182.0,1,False,0.21696460751597493,9.47,12014227.0
"Fixed 1000000, designed",11,12,87,"D 3,5 -> 11,13",129,False,1.0,1001182.0,1,False,0.21696460751597493,8.99,13015409.0
"Fixed 1000000, designed",11,13,58,"D 1,7 -> 11,13",129,False,0.9862469847999482,1001182.0,1,False,0.21696460751597493,9.25,14016591.0
"Fixed 1000000, designed",11,14,40,"D 0,9 -> 10,11",129,False,0.9624671809819789,1001182.0,1,False,0.21696465947652735,9.24,15017773.0
"Fixed 1000000, designed",11,15,30,"D 0,5 -> 10,11",129,False,1.0,1001183.0,1,False,0.21696471255000635,9.4,16018956.0
"Fixed 1000000, designed",11,16,26,"D 0,3 -> 10,13",129,False,1.0,1001183.0,1,False,0.21696471255000635,9.42,17020139.0
"Fixed 1000000, designed",11,17,40,"D 0,9 -> 10,11",129,False,0.9999999963895078,1001183.0,1,False,0.21696471255000635,9.45,18021322.0
"Fixed 1000000, designed",11,18,1,S 0 -> 12,129,False,1.0,1001183.0,1,False,0.21696471271673903,9.21,19022505.0
"Fixed 1000000, designed",11,19,37,"D 0,7 -> 11,12",129,False,0.9867758852000246,1001183.0,1,False,0.21696471296207268,9.41,20023688.0
"Fixed 1000000, designed",11,20,37,"D 0,7 -> 11,12",129,False,0.9999999729731445,1001183.0,1,False,0.21696476815050147,9.4,21024871.0
"Fixed 1000000, designed",11,21,60,"D 1,8 -> 10,13",129,False,1.0,1001183.0,1,False,0.21696472430836783,9.46,22026054.0
"Fixed 1000000, designed",11,22,80,"D 2,9 -> 10,13",129,False,1.0,1001183.0,1,False,0.2169647239701078,9.38,23027237.0
"Fixed 1000000, designed",11,23,98,"D 4,5 -> 10,11",129,False,0.9127537963809389,1001183.0,1,False,0.2169647239701078,9.22,24028420.0
"Fixed 1000000, designed",11,24,66,"D 2,3 -> 11,12",129,False,1.0,1001188.0,1,False,0.21707453027647275,9.4,25029608.0
"Fixed 1000000, designed",11,25,28,"D 0,3 -> 12,13",129,False,0.8867710282872083,1001188.0,1,False,0.21707453027647275,9.42,26030796.0
"Fixed 1000000, designed",11,26,13,S 6 -> 12,129,False,0.9252244846118471,1001186.0,1,False,0.21707805551577813,9.44,27031982.0
"Fixed 1000000, designed",11,27,129,"D 6,9 -> 11,12",129,True,0.0,1001190.0,1,False,0.21723253188804637,9.19,28033172.0
"Fixed 1000000, uniform",0,0,48,"D 1,3 -> 11,13",125,False,1.0,1001300.0,1,False,0.38849321699798006,9.65,1001300.0
"Fixed 1000000, uniform",0,1,63,"D 1,9 -> 11,13",125,False,1.0,1001300.0,1,False,0.38849321699798006,9.35,2002600.0
"Fixed 1000000, uniform",0,2,23,"D 0,1 -> 12,13",125,False,0.9221823768746084,1001300.0,1,False,0.38849321699798006,9.37,3003900.0
"Fixed 1000000, uniform",0,3,3,S 1 -> 13,125,False,1.0,1001300.0,1,False,0.38848535291708086,9.19,4005200.0
"Fixed 1000000, uniform",0,4,22,"D 0,1 -> 11,12",125,False,1.0,1001300.0,1,False,0.38848535291708086,9.06,5006500.0
"Fixed 1000000, uniform",0,5,47,"D 1,2 -> 12,13",125,False,0.899001409706729,1001300.0,1,False,0.38848535291708086,9.24,6007800.0
"Fixed 1000000, uniform",0,6,22,"D 0,1 -> 11,12",125,False,1.0,1001300.0,1,False,0.3884541985732715,9.24,7009100.0
"Fixed 1000000, uniform",0,7,41,"D 0,9 -> 10,13",125,False,1.0,1001300.0,1,False,0.3884541985732715,9.3,8010400.0
"Fixed 1000000, uniform",0,8,41,"D 0,9 -> 10,13",125,False,1.0,1001300.0,1,False,0.3884541985732715,9.25,9011700.0
"Fixed 1000000, uniform",0,9,20,"D 0,1 -> 10,11",125,False,0.9224052323329259,1001300.0,1,False,0.3884541985732715,9.41,10013000.0
"Fixed 1000000, uniform",0,10,60,"D 1,8 -> 10,13",125,False,1.0,1001300.0,1,False,0.3884542387929288,9.02,11014300.0
"Fixed 1000000, uniform",0,11,0,S 0 -> 10,125,False,0.9998483519392121,1001300.0,1,False,0.3884542387929288,9.3,12015600.0
"Fixed 1000000, uniform",0,12,2,S 1 -> 11,125,False,0.9998148378859316,1001300.0,1,False,0.3884542387892475,9.07,13016900.0
"Fixed 1000000, uniform",0,13,0,S 0 -> 10,125,False,0.9999997300093124,1001300.0,1,False,0.3884542388549844,9.07,14018200.0
"Fixed 1000000, uniform",0,14,63,"D 1,9 -> 11,13",125,False,1.0,1001300.0,1,False,0.3884542388413441,9.03,15019500.0
"Fixed 1000000, uniform",0,15,0,S 0 -> 10,125,False,0.9999999786496097,1001300.0,1,False,0.3884542388413441,8.92,16020800.0
"Fixed 1000000, uniform",0,16,63,"D 1,9 -> 11,13",125,False,1.0,1001300.0,1,False,0.3884542388402415,8.88,17022100.0
"Fixed 1000000, uniform",0,17,20,"D 0,1 -> 10,11",125,False,0.9999999965066043,1001300.0,1,False,0.3884542388402415,8.87,18023400.0
"Fixed 1000000, uniform",0,18,0,S 0 -> 10,125,False,0.9999999852454353,1001300.0,1,False,0.3884542388402415,8.92,19024700.0
"Fixed 1000000, uniform",0,19,20,"D 0,1 -> 10,11",125,False,0.9999999965066043,1001300.0,1,False,0.3884542388402415,8.91,20026000.0
"Fixed 1000000, uniform",0,20,63,"D 1,9 -> 11,13",125,False,1.0,1001300.0,1,False,0.3884542388402415,8.88,21027300.0
"Fixed 1000000, uniform",0,21,63,"D 1,9 -> 11,13",125,False,1.0,1001300.0,1,False,0.3884542388402415,8.77,22028600.0
"Fixed 1000000, uniform",0,22,3,S 1 -> 13,125,False,1.0,1001300.0,1,False,0.3884542388402415,8.96,23029900.0
"Fixed 1000000, uniform",0,23,0,S 0 -> 10,125,False,0.9999999852454353,1001300.0,1,False,0.3884542388402415,9.28,24031200.0
"Fixed 1000000, uniform",0,24,63,"D 1,9 -> 11,13",125,False,1.0,1001300.0,1,False,0.3884542388402415,8.84,25032500.0
"Fixed 1000000, uniform",0,25,0,S 0 -> 10,125,False,0.9999999852454353,1001300.0,1,False,0.3884542388402415,8.81,26033800.0
"Fixed 1000000, uniform",0,26,56,"D 1,6 -> 11,12",125,False,0.9876100466760763,1001300.0,1,False,0.3884542388402415,8.8,27035100.0
"Fixed 1000000, uniform",0,27,0,S 0 -> 10,125,False,0.9999999905595963,1001300.0,1,False,0.388452826974777,8.86,28036400.0
"Fixed 1000000, uniform",1,0,3,S 1 -> 13,125,False,1.0,1001300.0,1,False,0.38849321699798006,9.45,1001300.0
"Fixed 1000000, uniform",1,1,20,"D 0,1 -> 10,11",125,False,0.9222254603184719,1001300.0,1,False,0.38849321699798006,9.57,2002600.0
"Fixed 1000000, uniform",1,2,40,"D 0,9 -> 10,11",125,False,0.9891122478315156,1001300.0,1,False,0.3884932169979801,9.3,3003900.0
"Fixed 1000000, uniform",1,3,20,"D 0,1 -> 10,11",125,False,0.9999999999999998,1001300.0,1,False,0.3884932169979801,9.67,4005200.0
"Fixed 1000000, uniform",1,4,3,S 1 -> 13,125,False,1.0,1001300.0,1,False,0.3884932169979801,9.12,5006500.0
"Fixed 1000000, uniform",1,5,47,"D 1,2 -> 12,13",125,False,0.899772959683367,1001300.0,1,False,0.3884932169979801,9.61,6007800.0
"Fixed 1000000, uniform",1,6,63,"D 1,9 -> 11,13",125,False,1.0,1001300.0,1,False,0.38846251690815886,9.67,7009100.0
"Fixed 1000000, uniform",1,7,21,"D 0,1 -> 10,13",125,False,1.0,1001300.0,1,False,0.3884625172465291,9.67,8010400.0
"Fixed 1000000, uniform",1,8,3,S 1 -> 13,125,False,1.0,1001300.0,1,False,0.3884625172813975,9.4,9011700.0
"Fixed 1000000, uniform",1,9,47,"D 1,2 -> 12,13",125,False,0.999999796778935,1001300.0,1,False,0.3884625173147598,9.26,10013000.0
"Fixed 1000000, uniform",1,10,63,"D 1,9 -> 11,13",125,False,1.0,1001300.0,1,False,0.38846251736999815,9.23,11014300.0
"Fixed 1000000, uniform",1,11,21,"D 0,1 -> 10,13",125,False,1.0,1001300.0,1,False,0.38846251736999815,9.14,12015600.0
"Fixed 1000000, uniform",1,12,0,S 0 -> 10,125,False,0.9996856998423866,1001300.0,1,False,0.38846251736999815,9.09,13016900.0
"Fixed 1000000, uniform",1,13,23,"D 0,1 -> 12,13",125,False,0.9203082558085915,1001300.0,1,False,0.38846251737386595,9.07,14018200.0
"Fixed 1000000, uniform",1,14,3,S 1 -> 13,125,False,1.0,1001300.0,1,False,0.38845423881791913,9.16,15019500.0
"Fixed 1000000, uniform",1,15,20,"D 0,1 -> 10,11",125,False,0.9999999938343305,1001300.0,1,False,0.38845423881791913,9.18,16020800.0
"Fixed 1000000, uniform",1,16,20,"D 0,1 -> 10,11",125,False,0.9999999938343305,1001300.0,1,False,0.38845423881791913,9.25,17022100.0
"Fixed 1000000, uniform",1,17,0,S 0 -> 10,125,False,0.9999999800874094,1001300.0,1,False,0.38845423881791913,9.26,18023400.0
"Fixed 1000000, uniform",1,18,22,"D 0,1 -> 11,12",125,False,1.0,1001300.0,1,False,0.38845423881507124,9.32,19024700.0
"Fixed 1000000, uniform",1,19,0,S 0 -> 10,125,False,0.999999983073747,1001300.0,1,False,0.38845423881507124,9.27,20026000.0
"Fixed 1000000, uniform",1,20,3,S 1 -> 13,125,False,1.0,1001300.0,1,False,0.38845423881507124,9.07,21027300.0
"Fixed 1000000, uniform",1,21,63,"D 1,9 -> 11,13",125,False,1.0,1001300.0,1,False,0.38845423881507124,8.93,22028600.0
"Fixed 1000000, uniform",1,22,20,"D 0,1 -> 10,11",125,False,0.9999999960519848,1001300.0,1,False,0.38845423881507124,8.91,23029900.0
"Fixed 1000000, uniform",1,23,41,"D 0,9 -> 10,13",125,False,1.0,1001300.0,1,False,0.38845423881507124,8.77,24031200.0
"Fixed 1000000, uniform",1,24,63,"D 1,9 -> 11,13",125,False,1.0,1001300.0,1,False,0.38845423881507124,8.79,25032500.0
"Fixed 1000000, uniform",1,25,2,S 1 -> 11,125,False,0.9998087996913002,1001300.0,1,False,0.38845423881507124,8.83,26033800.0
"Fixed 1000000, uniform",1,26,63,"D 1,9 -> 11,13",125,False,1.0,1001300.0,1,False,0.3884542388485206,8.83,27035100.0
"Fixed 1000000, uniform",1,27,62,"D 1,8 -> 12,13",125,False,0.9778731364439669,1001300.0,1,False,0.3884542388447437,8.78,28036400.0
"Fixed 1000000, uniform",2,0,20,"D 0,1 -> 10,11",125,False,0.9222254603184719,1001300.0,1,False,0.38849321699798006,9.42,1001300.0
"Fixed 1000000, uniform",2,1,20,"D 0,1 -> 10,11",125,False,0.9999999999981553,1001300.0,1,False,0.3884932169979801,9.19,2002600.0
"Fixed 1000000, uniform",2,2,0,S 0 -> 10,125,False,0.9998550173069413,1001300.0,1,False,0.3884932169979801,9.3,3003900.0
"Fixed 1000000, uniform",2,3,41,"D 0,9 -> 10,13",125,False,1.0,1001300.0,1,False,0.3884932169979802,9.26,4005200.0
"Fixed 1000000, uniform",2,4,39,"D 0,8 -> 10,12",125,False,1.0,1001300.0,1,False,0.3884932169979802,9.02,5006500.0
"Fixed 1000000, uniform",2,5,21,"D 0,1 -> 10,13",125,False,1.0,1001300.0,1,False,0.3884932169979802,9.63,6007800.0
"Fixed 1000000, uniform",2,6,41,"D 0,9 -> 10,13",125,False,1.0,1001300.0,1,False,0.3884932169979802,9.66,7009100.0
"Fixed 1000000, uniform",2,7,63,"D 1,9 -> 11,13",125,False,1.0,1001300.0,1,False,0.3884932169979802,9.58,8010400.0
"Fixed 1000000, uniform",2,8,54,"D 1,6 -> 10,11",125,False,1.0,1001300.0,1,False,0.3884932169979802,9.41,9011700.0
"Fixed 1000000, uniform",2,9,63,"D 1,9 -> 11,13",125,False,1.0,1001300.0,1,False,0.3884932169979802,9.39,10013000.0
"Fixed 1000000, uniform",2,10,23,"D 0,1 -> 12,13",125,False,0.9223647244550451,1001300.0,1,False,0.3884932169979802,9.39,11014300.0
"Fixed 1000000, uniform",2,11,41,"D 0,9 -> 10,13",125,False,1.0,1001300.0,1,False,0.3884853923988604,9.33,12015600.0
"Fixed 1000000, uniform",2,12,47,"D 1,2 -> 12,13",125,False,0.8990032695244621,1001300.0,1,False,0.3884853923988604,9.41,13016900.0
"Fixed 1000000, uniform",2,13,41,"D 0,9 -> 10,13",125,False,1.0,1001300.0,1,False,0.3884542387895889,9.13,14018200.0
"Fixed 1000000, uniform",2,14,23,"D 0,1 -> 12,13",125,False,0.9999999999999946,1001300.0,1,False,0.3884542387895889,8.84,15019500.0
"Fixed 1000000, uniform",2,15,63,"D 1,9 -> 11,13",125,False,1.0,1001300.0,1,False,0.3884542387895889,8.88,16020800.0
"Fixed 1000000, uniform",2,16,41,"D 0,9 -> 10,13",125,False,1.0,1001300.0,1,False,0.3884542387895889,8.94,17022100.0
"Fixed 1000000, uniform",2,17,0,S 0 -> 10,125,False,0.9999999999999909,1001300.0,1,False,0.3884542387895889,9.0,18023400.0
"Fixed 1000000, uniform",2,18,0,S 0 -> 10,125,False,0.9999999999999909,1001300.0,1,False,0.3884542387895889,9.02,19024700.0
"Fixed 1000000, uniform",2,19,20,"D 0,1 -> 10,11",125,False,0.9999999997243673,1001300.0,1,False,0.3884542387895889,8.98,20026000.0
"Fixed 1000000, uniform",2,20,0,S 0 -> 10,125,False,0.9999999999999909,1001300.0,1,False,0.3884542387895889,8.89,21027300.0
"Fixed 1000000, uniform",2,21,41,"D 0,9 -> 10,13",125,False,1.0,1001300.0,1,False,0.3884542387895889,8.79,22028600.0
"Fixed 1000000, uniform",2,22,63,"D 1,9 -> 11,13",125,False,1.0,1001300.0,1,False,0.3884542387895889,8.78,23029900.0
"Fixed 1000000, uniform",2,23,2,S 1 -> 11,125,False,0.9998148379088245,1001300.0,1,False,0.3884542387895889,8.8,24031200.0
"Fixed 1000000, uniform",2,24,1,S 0 -> 12,125,False,1.0,1001300.0,1,False,0.38845423884356434,8.76,25032500.0
"Fixed 1000000, uniform",2,25,0,S 0 -> 10,125,False,0.9999999975206864,1001300.0,1,False,0.38845423884356434,8.76,26033800.0
"Fixed 1000000, uniform",2,26,20,"D 0,1 -> 10,11",125,False,0.9999999974415152,1001300.0,1,False,0.38845423884356434,8.77,27035100.0
"Fixed 1000000, uniform",2,27,21,"D 0,1 -> 10,13",125,False,1.0,1001300.0,1,False,0.38845423884356434,8.75,28036400.0
"Fixed 1000000, uniform",3,0,63,"D 1,9 -> 11,13",125,False,1.0,1001300.0,1,False,0.38849321699798006,9.66,1001300.0
"Fixed 1000000, uniform",3,1,47,"D 1,2 -> 12,13",125,False,0.8997729451877969,1001300.0,1,False,0.38849321699798006,9.49,2002600.0
"Fixed 1000000, uniform",3,2,47,"D 1,2 -> 12,13",125,False,0.9999999999729441,1001300.0,1,False,0.3884625173669083,9.45,3003900.0
"Fixed 1000000, uniform",3,3,21,"D 0,1 -> 10,13",125,False,1.0,1001300.0,1,False,0.3884625173669083,9.64,4005200.0
"Fixed 1000000, uniform",3,4,41,"D 0,9 -> 10,13",125,False,1.0,1001300.0,1,False,0.3884625173669083,9.43,5006500.0
"Fixed 1000000, uniform",3,5,20,"D 0,1 -> 10,11",125,False,0.9222193809784238,1001300.0,1,False,0.3884625173669083,8.91,6007800.0
"Fixed 1000000, uniform",3,6,2,S 1 -> 11,125,False,0.9998221186206766,1001300.0,1,False,0.38846251737841003,8.97,7009100.0
"Fixed 1000000, uniform",3,7,3,S 1 -> 13,125,False,1.0,1001300.0,1,False,0.3884625174353346,9.39,8010400.0
"Fixed 1000000, uniform",3,8,2,S 1 -> 11,125,False,0.9999999997899198,1001300.0,1,False,0.3884625174353346,9.05,9011700.0
"Fixed 1000000, uniform",3,9,0,S 0 -> 10,125,False,0.9998555786286171,1001300.0,1,False,0.3884625174353346,9.04,10013000.0
"Fixed 1000000, uniform",3,10,41,"D 0,9 -> 10,13",125,False,1.0,1001300.0,1,False,0.38846251742421967,8.93,11014300.0
"Fixed 1000000, uniform",3,11,56,"D 1,6 -> 11,12",125,False,0.9876027215047863,1001300.0,1,False,0.3884625174226231,9.4,12015600.0
"Fixed 1000000, uniform",3,12,21,"D 0,1 -> 10,13",125,False,1.0,1001300.0,1,False,0.38846110433106557,9.44,13016900.0
"Fixed 1000000, uniform",3,13,3,S 1 -> 13,125,False,1.0,1001300.0,1,False,0.388461104322151,8.96,14018200.0
"Fixed 1000000, uniform",3,14,23,"D 0,1 -> 12,13",125,False,0.9203104530950017,1001300.0,1,False,0.38846110432112185,8.71,15019500.0
"Fixed 1000000, uniform",3,15,21,"D 0,1 -> 10,13",125,False,1.0,1001300.0,1,False,0.3884528268610645,8.77,16020800.0
"Fixed 1000000, uniform",3,16,63,"D 1,9 -> 11,13",125,False,1.0,1001300.0,1,False,0.3884528268610645,8.75,17022100.0
"Fixed 1000000, uniform",3,17,0,S 0 -> 10,125,False,0.9999999935040342,1001300.0,1,False,0.3884528268610645,8.73,18023400.0
"Fixed 1000000, uniform",3,18,20,"D 0,1 -> 10,11",125,False,0.9999999986118818,1001300.0,1,False,0.3884528268610645,8.76,19024700.0
"Fixed 1000000, uniform",3,19,63,"D 1,9 -> 11,13",125,False,1.0,1001300.0,1,False,0.3884528268610645,8.71,20026000.0
"Fixed 1000000, uniform",3,20,20,"D 0,1 -> 10,11",125,False,0.9999999986118818,1001300.0,1,False,0.3884528268610645,8.78,21027300.0
"Fixed 1000000, uniform",3,21,23,"D 0,1 -> 12,13",125,False,0.9999999931239588,1001300.0,1,False,0.3884528268610645,8.72,22028600.0
"Fixed 1000000, uniform",3,22,3,S 1 -> 13,125,False,1.0,1001300.0,1,False,0.3884528268610645,8.74,23029900.0
"Fixed 1000000, uniform",3,23,0,S 0 -> 10,125,False,0.9999999935040342,1001300.0,1,False,0.3884528268610645,8.75,24031200.0
"Fixed 1000000, uniform",3,24,23,"D 0,1 -> 12,13",125,False,0.9999999931239588,1001300.0,1,False,0.3884528268610645,8.73,25032500.0
"Fixed 1000000, uniform",3,25,3,S 1 -> 13,125,False,1.0,1001300.0,1,False,0.3884528268610645,8.74,26033800.0
"Fixed 1000000, uniform",3,26,30,"D 0,5 -> 10,11",125,False,1.0,1001300.0,1,False,0.3884528268610645,8.73,27035100.0
"Fixed 1000000, uniform",3,27,20,"D 0,1 -> 10,11",125,False,0.9999999986118818,1001300.0,1,False,0.3884528268610645,8.76,28036400.0
"Fixed 1000000, uniform",4,0,3,S 1 -> 13,125,False,1.0,1001300.0,1,False,0.38849321699798006,10.1,1001300.0
"Fixed 1000000, uniform",4,1,0,S 0 -> 10,125,False,0.999999954774273,1001300.0,1,False,0.38849321699798006,9.56,2002600.0
"Fixed 1000000, uniform",4,2,28,"D 0,3 -> 12,13",125,False,0.8997729451847205,1001300.0,1,False,0.38849321699798006,9.03,3003900.0
"Fixed 1000000, uniform",4,3,3,S 1 -> 13,125,False,1.0,1001300.0,1,False,0.38846251737506704,9.34,4005200.0
"Fixed 1000000, uniform",4,4,0,S 0 -> 10,125,False,0.9999999999999999,1001300.0,1,False,0.38846251737506704,9.34,5006500.0
"Fixed 1000000, uniform",4,5,21,"D 0,1 -> 10,13",125,False,1.0,1001300.0,1,False,0.38846251737506704,9.48,6007800.0
"Fixed 1000000, uniform",4,6,21,"D 0,1 -> 10,13",125,False,1.0,1001300.0,1,False,0.38846251737506704,9.23,7009100.0
"Fixed 1000000, uniform",4,7,21,"D 0,1 -> 10,13",125,False,1.0,1001300.0,1,False,0.38846251737506704,9.29,8010400.0
"Fixed 1000000, uniform",4,8,2,S 1 -> 11,125,False,0.9999996815092932,1001300.0,1,False,0.38846251737506704,9.15,9011700.0
"Fixed 1000000, uniform",4,9,21,"D 0,1 -> 10,13",125,False,1.0,1001300.0,1,False,0.38846251737506704,9.83,10013000.0
"Fixed 1000000, uniform",4,10,0,S 0 -> 10,125,False,0.9999999995028098,1001300.0,1,False,0.38846251737506704,9.24,11014300.0
"Fixed 1000000, uniform",4,11,63,"D 1,9 -> 11,13",125,False,1.0,1001300.0,1,False,0.38846251737506704,9.31,12015600.0
"Fixed 1000000, uniform",4,12,21,"D 0,1 -> 10,13",125,False,1.0,1001300.0,1,False,0.38846251737506704,9.55,13016900.0
"Fixed 1000000, uniform",4,13,63,"D 1,9 -> 11,13",125,False,1.0,1001300.0,1,False,0.38846251737506704,9.4,14018200.0
"Fixed 1000000, uniform",4,14,0,S 0 -> 10,125,False,0.9999999995028098,1001300.0,1,False,0.38846251737506704,8.81,15019500.0
"Fixed 1000000, uniform",4,15,0,S 0 -> 10,125,False,0.999999999670239,1001300.0,1,False,0.38846251737506704,8.8,16020800.0
"Fixed 1000000, uniform",4,16,0,S 0 -> 10,125,False,0.9999999998556112,1001300.0,1,False,0.38846251737506693,8.83,17022100.0
"Fixed 1000000, uniform",4,17,22,"D 0,1 -> 11,12",125,False,1.0,1001300.0,1,False,0.38846251737506693,8.82,18023400.0
"Fixed 1000000, uniform",4,18,41,"D 0,9 -> 10,13",125,False,1.0,1001300.0,1,False,0.38846251737506693,8.85,19024700.0
"Fixed 1000000, uniform",4,19,0,S 0 -> 10,125,False,0.9999999998556112,1001300.0,1,False,0.38846251737506693,8.81,20026000.0
"Fixed 1000000, uniform",4,20,0,S 0 -> 10,125,False,0.9999999998556112,1001300.0,1,False,0.38846251737506693,8.82,21027300.0
"Fixed 1000000, uniform",4,21,22,"D 0,1 -> 11,12",125,False,1.0,1001300.0,1,False,0.38846251737506693,8.79,22028600.0
"Fixed 1000000, uniform",4,22,25,"D 0,3 -> 10,11",125,False,0.9149541278810859,1001300.0,1,False,0.38846251737506693,8.77,23029900.0
"Fixed 1000000, uniform",4,23,63,"D 1,9 -> 11,13",125,False,1.0,1001300.0,1,False,0.3884627687619527,8.81,24031200.0
"Fixed 1000000, uniform",4,24,0,S 0 -> 10,125,False,0.999999531331665,1001300.0,1,False,0.3884627687619527,8.81,25032500.0
"Fixed 1000000, uniform",4,25,57,"D 1,6 -> 12,13",125,False,1.0,1001300.0,1,False,0.3884627687619527,8.8,26033800.0
"Fixed 1000000, uniform",4,26,63,"D 1,9 -> 11,13",125,False,1.0,1001300.0,1,False,0.3884627687619527,8.78,27035100.0
"Fixed 1000000, uniform",4,27,63,"D 1,9 -> 11,13",125,False,1.0,1001300.0,1,False,0.3884627687619527,8.8,28036400.0
"Fixed 1000000, uniform",5,0,23,"D 0,1 -> 12,13",125,False,0.9221823768746084,1001300.0,1,False,0.38849321699798006,9.19,1001300.0
"Fixed 1000000, uniform",5,1,63,"D 1,9 -> 11,13",125,False,1.0,1001300.0,1,False,0.38848535291708086,9.12,2002600.0
"Fixed 1000000, uniform",5,2,3,S 1 -> 13,125,False,1.0,1001300.0,1,False,0.38848535291708086,9.08,3003900.0
"Fixed 1000000, uniform",5,3,21,"D 0,1 -> 10,13",125,False,1.0,1001300.0,1,False,0.38848535291708086,10.31,4005200.0
"Fixed 1000000, uniform",5,4,20,"D 0,1 -> 10,11",125,False,0.9224065365855298,1001300.0,1,False,0.38848535291708086,9.91,5006500.0
"Fixed 1000000, uniform",5,5,2,S 1 -> 11,125,False,0.999847964363175,1001300.0,1,False,0.38848539201235355,9.5,6007800.0
"Fixed 1000000, uniform",5,6,20,"D 0,1 -> 10,11",125,False,0.9999999770069826,1001300.0,1,False,0.38848539200852006,9.37,7009100.0
"Fixed 1000000, uniform",5,7,20,"D 0,1 -> 10,11",125,False,0.9999999770069826,1001300.0,1,False,0.38848539200852006,8.97,8010400.0
"Fixed 1000000, uniform",5,8,41,"D 0,9 -> 10,13",125,False,1.0,1001300.0,1,False,0.3884853920085261,8.94,9011700.0
"Fixed 1000000, uniform",5,9,63,"D 1,9 -> 11,13",125,False,1.0,1001300.0,1,False,0.3884853920085275,9.01,10013000.0
"Fixed 1000000, uniform",5,10,63,"D 1,9 -> 11,13",125,False,1.0,1001300.0,1,False,0.3884853920085275,9.53,11014300.0
"Fixed 1000000, uniform",5,11,41,"D 0,9 -> 10,13",125,False,1.0,1001300.0,1,False,0.3884853920085275,8.95,12015600.0
"Fixed 1000000, uniform",5,12,23,"D 0,1 -> 12,13",125,False,0.9999999998214575,1001300.0,1,False,0.3884853920085275,8.95,13016900.0
"Fixed 1000000, uniform",5,13,2,S 1 -> 11,125,False,0.999999999965962,1001300.0,1,False,0.3884853920085275,8.95,14018200.0
"Fixed 1000000, uniform",5,14,20,"D 0,1 -> 10,11",125,False,0.999999989769374,1001300.0,1,False,0.3884853920085275,8.75,15019500.0
"Fixed 1000000, uniform",5,15,39,"D 0,8 -> 10,12",125,False,1.0,1001300.0,1,False,0.3884853920085275,8.79,16020800.0
"Fixed 1000000, uniform",5,16,63,"D 1,9 -> 11,13",125,False,1.0,1001300.0,1,False,0.3884853920085275,8.76,17022100.0
"Fixed 1000000, uniform",5,17,20,"D 0,1 -> 10,11",125,False,0.999999989769374,1001300.0,1,False,0.3884853920085275,8.78,18023400.0
"Fixed 1000000, uniform",5,18,1,S 0 -> 12,125,False,1.0,1001300.0,1,False,0.3884853920085275,8.76,19024700.0
"Fixed 1000000, uniform",5,19,1,S 0 -> 12,125,False,1.0,1001300.0,1,False,0.3884853920085275,8.77,20026000.0
"Fixed 1000000, uniform",5,20,23,"D 0,1 -> 12,13",125,False,0.9999999998214575,1001300.0,1,False,0.3884853920085275,8.81,21027300.0
"Fixed 1000000, uniform",5,21,63,"D 1,9 -> 11,13",125,False,1.0,1001300.0,1,False,0.3884853920085275,8.79,22028600.0
"Fixed 1000000, uniform",5,22,20,"D 0,1 -> 10,11",125,False,0.999999989769374,1001300.0,1,False,0.3884853920085275,8.8,23029900.0
"Fixed 1000000, uniform",5,23,0,S 0 -> 10,125,False,0.9998481848482643,1001300.0,1,False,0.3884853920085435,8.79,24031200.0
"Fixed 1000000, uniform",5,24,55,"D 1,6 -> 10,13",125,False,0.9961762558188345,1001300.0,1,False,0.3884853920061879,8.78,25032500.0
"Fixed 1000000, uniform",5,25,41,"D 0,9 -> 10,13",125,False,1.0,1001300.0,1,False,0.38848564735819324,8.77,26033800.0
"Fixed 1000000, uniform",5,26,41,"D 0,9 -> 10,13",125,False,1.0,1001300.0,1,False,0.38848564733473484,8.74,27035100.0
"Fixed 1000000, uniform",5,27,1,S 0 -> 12,125,False,1.0,1001300.0,1,False,0.38848564733473484,8.77,28036400.0
"Fixed 1000000, uniform",6,0,22,"D 0,1 -> 11,12",125,False,1.0,1001300.0,1,False,0.38849321699798006,9.25,1001300.0
"Fixed 1000000, uniform",6,1,3,S 1 -> 13,125,False,1.0,1001300.0,1,False,0.38849321699798006,9.2,2002600.0
"Fixed 1000000, uniform",6,2,63,"D 1,9 -> 11,13",125,False,1.0,1001300.0,1,False,0.38849321699798006,8.97,3003900.0
"Fixed 1000000, uniform",6,3,3,S 1 -> 13,125,False,1.0,1001300.0,1,False,0.38849321699798006,9.66,4005200.0
"Fixed 1000000, uniform",6,4,0,S 0 -> 10,125,False,0.999999954774273,1001300.0,1,False,0.38849321699798006,9.41,5006500.0
"Fixed 1000000, uniform",6,5,22,"D 0,1 -> 11,12",125,False,1.0,1001300.0,1,False,0.38849321699798006,9.45,6007800.0
"Fixed 1000000, uniform",6,6,2,S 1 -> 11,125,False,0.9999999547940149,1001300.0,1,False,0.38849321699798006,9.21,7009100.0
"Fixed 1000000, uniform",6,7,0,S 0 -> 10,125,False,0.999999999977658,1001300.0,1,False,0.38849321699798006,9.26,8010400.0
"Fixed 1000000, uniform",6,8,21,"D 0,1 -> 10,13",125,False,1.0,1001300.0,1,False,0.38849321699798006,9.11,9011700.0
"Fixed 1000000, uniform",6,9,20,"D 0,1 -> 10,11",125,False,0.9222254599493122,1001300.0,1,False,0.38849321699798006,9.11,10013000.0
"Fixed 1000000, uniform",6,10,0,S 0 -> 10,125,False,1.0,1001300.0,1,False,0.3884932169979801,9.0,11014300.0
"Fixed 1000000, uniform",6,11,0,S 0 -> 10,125,False,1.0,1001300.0,1,False,0.3884932169979801,9.04,12015600.0
"Fixed 1000000, uniform",6,12,20,"D 0,1 -> 10,11",125,False,1.0,1001300.0,1,False,0.3884932169979801,9.14,13016900.0
"Fixed 1000000, uniform",6,13,23,"D 0,1 -> 12,13",125,False,0.9223646961543244,1001300.0,1,False,0.3884932169979801,9.19,14018200.0
"Fixed 1000000, uniform",6,14,61,"D 1,8 -> 11,12",125,False,1.0,1001300.0,1,False,0.38848539418106104,8.78,15019500.0
"Fixed 1000000, uniform",6,15,3,S 1 -> 13,125,False,1.0,1001300.0,1,False,0.3884853920327033,8.79,16020800.0
"Fixed 1000000, uniform",6,16,63,"D 1,9 -> 11,13",125,False,1.0,1001300.0,1,False,0.3884853920327033,8.77,17022100.0
"Fixed 1000000, uniform",6,17,1,S 0 -> 12,125,False,1.0,1001300.0,1,False,0.3884853920327033,8.81,18023400.0
"Fixed 1000000, uniform",6,18,21,"D 0,1 -> 10,13",125,False,1.0,1001300.0,1,False,0.3884853920327033,8.88,19024700.0
"Fixed 1000000, uniform",6,19,63,"D 1,9 -> 11,13",125,False,1.0,1001300.0,1,False,0.3884853920327033,8.8,20026000.0
"Fixed 1000000, uniform",6,20,20,"D 0,1 -> 10,11",125,False,0.9999998051409997,1001300.0,1,False,0.3884853920327033,8.77,21027300.0
"Fixed 1000000, uniform",6,21,20,"D 0,1 -> 10,11",125,False,0.9999998597645072,1001300.0,1,False,0.38848539201634424,8.79,22028600.0
"Fixed 1000000, uniform",6,22,63,"D 1,9 -> 11,13",125,False,1.0,1001300.0,1,False,0.38848539201634424,8.85,23029900.0
"Fixed 1000000, uniform",6,23,0,S 0 -> 10,125,False,0.9999999242578393,1001300.0,1,False,0.38848539201634424,8.79,24031200.0
"Fixed 1000000, uniform",6,24,23,"D 0,1 -> 12,13",125,False,0.999999884925384,1001300.0,1,False,0.38848539201634424,8.8,25032500.0
"Fixed 1000000, uniform",6,25,63,"D 1,9 -> 11,13",125,False,1.0,1001300.0,1,False,0.3884853919874885,8.81,26033800.0
"Fixed 1000000, uniform",6,26,3,S 1 -> 13,125,False,1.0,1001300.0,1,False,0.3884853920021383,8.8,27035100.0
"Fixed 1000000, uniform",6,27,63,"D 1,9 -> 11,13",125,False,1.0,1001300.0,1,False,0.3884853920021383,8.79,28036400.0
"Fixed 1000000, uniform",7,0,21,"D 0,1 -> 10,13",125,False,1.0,1001300.0,1,False,0.38849321699798006,9.12,1001300.0
"Fixed 1000000, uniform",7,1,60,"D 1,8 -> 10,13",125,False,1.0,1001300.0,1,False,0.38849321699798006,9.79,2002600.0
"Fixed 1000000, uniform",7,2,3,S 1 -> 13,125,False,1.0,1001300.0,1,False,0.38849321699798006,9.94,3003900.0
"Fixed 1000000, uniform",7,3,23,"D 0,1 -> 12,13",125,False,0.9221823768746084,1001300.0,1,False,0.38849321699798006,9.76,4005200.0
"Fixed 1000000, uniform",7,4,21,"D 0,1 -> 10,13",125,False,1.0,1001300.0,1,False,0.38848535291708086,9.2,5006500.0
"Fixed 1000000, uniform",7,5,23,"D 0,1 -> 12,13",125,False,0.9999999999981466,1001300.0,1,False,0.38848535291708086,9.14,6007800.0
"Fixed 1000000, uniform",7,6,3,S 1 -> 13,125,False,1.0,1001300.0,1,False,0.38848535291708086,9.19,7009100.0
"Fixed 1000000, uniform",7,7,1,S 0 -> 12,125,False,1.0,1001300.0,1,False,0.38848535291708086,9.2,8010400.0
"Fixed 1000000, uniform",7,8,41,"D 0,9 -> 10,13",125,False,1.0,1001300.0,1,False,0.38848535291708086,9.1,9011700.0
"Fixed 1000000, uniform",7,9,20,"D 0,1 -> 10,11",125,False,0.9224065365855298,1001300.0,1,False,0.38848535291708086,9.08,10013000.0
"Fixed 1000000, uniform",7,10,63,"D 1,9 -> 11,13",125,False,1.0,1001300.0,1,False,0.38848539201235405,9.25,11014300.0
"Fixed 1000000, uniform",7,11,63,"D 1,9 -> 11,13",125,False,1.0,1001300.0,1,False,0.38848539201235405,8.99,12015600.0
"Fixed 1000000, uniform",7,12,0,S 0 -> 10,125,False,0.9998479643594312,1001300.0,1,False,0.38848539201235405,8.98,13016900.0
"Fixed 1000000, uniform",7,13,20,"D 0,1 -> 10,11",125,False,0.9999999988064083,1001300.0,1,False,0.38848539200648574,9.05,14018200.0
"Fixed 1000000, uniform",7,14,63,"D 1,9 -> 11,13",125,False,1.0,1001300.0,1,False,0.38848539200671867,9.15,15019500.0
"Fixed 1000000, uniform",7,15,41,"D 0,9 -> 10,13",125,False,1.0,1001300.0,1,False,0.38848539200712173,9.03,16020800.0
"Fixed 1000000, uniform",7,16,3,S 1 -> 13,125,False,1.0,1001300.0,1,False,0.38848539200855076,8.9,17022100.0
"Fixed 1000000, uniform",7,17,20,"D 0,1 -> 10,11",125,False,0.9999999999204426,1001300.0,1,False,0.38848539200855076,8.92,18023400.0
"Fixed 1000000, uniform",7,18,63,"D 1,9 -> 11,13",125,False,1.0,1001300.0,1,False,0.38848539200855076,8.92,19024700.0
"Fixed 1000000, uniform",7,19,63,"D 1,9 -> 11,13",125,False,1.0,1001300.0,1,False,0.38848539200855076,8.94,20026000.0
"Fixed 1000000, uniform",7,20,63,"D 1,9 -> 11,13",125,False,1.0,1001300.0,1,False,0.38848539200855076,8.91,21027300.0
"Fixed 1000000, uniform",7,21,63,"D 1,9 -> 11,13",125,False,1.0,1001300.0,1,False,0.38848539200855076,8.86,22028600.0
"Fixed 1000000, uniform",7,22,20,"D 0,1 -> 10,11",125,False,0.9999999999204426,1001300.0,1,False,0.38848539200855076,8.85,23029900.0
"Fixed 1000000, uniform",7,23,3,S 1 -> 13,125,False,1.0,1001300.0,1,False,0.38848539200855076,8.75,24031200.0
"Fixed 1000000, uniform",7,24,0,S 0 -> 10,125,False,0.9999999999258541,1001300.0,1,False,0.38848539200855076,8.77,25032500.0
"Fixed 1000000, uniform",7,25,0,S 0 -> 10,125,False,0.9999999999258541,1001300.0,1,False,0.38848539200855076,8.81,26033800.0
"Fixed 1000000, uniform",7,26,41,"D 0,9 -> 10,13",125,False,1.0,1001300.0,1,False,0.38848539200855076,8.79,27035100.0
"Fixed 1000000, uniform",7,27,0,S 0 -> 10,125,False,0.9999999999258541,1001300.0,1,False,0.38848539200855076,8.82,28036400.0
"Fixed 1000000, uniform",8,0,0,S 0 -> 10,125,False,0.999999954774273,1001300.0,1,False,0.38849321699798006,9.29,1001300.0
"Fixed 1000000, uniform",8,1,20,"D 0,1 -> 10,11",125,False,0.9222254602823037,1001300.0,1,False,0.38849321699798006,9.13,2002600.0
"Fixed 1000000, uniform",8,2,41,"D 0,9 -> 10,13",125,False,1.0,1001300.0,1,False,0.3884932169979802,10.22,3003900.0
"Fixed 1000000, uniform",8,3,1,S 0 -> 12,125,False,1.0,1001300.0,1,False,0.3884932169979802,10.2,4005200.0
"Fixed 1000000, uniform",8,4,0,S 0 -> 10,125,False,0.9999999495933641,1001300.0,1,False,0.3884932169979802,9.9,5006500.0
"Fixed 1000000, uniform",8,5,21,"D 0,1 -> 10,13",125,False,1.0,1001300.0,1,False,0.38849321699798006,9.75,6007800.0
"Fixed 1000000, uniform",8,6,20,"D 0,1 -> 10,11",125,False,0.9999999955167631,1001300.0,1,False,0.3884932169979801,9.41,7009100.0
"Fixed 1000000, uniform",8,7,47,"D 1,2 -> 12,13",125,False,0.8997729573434933,1001300.0,1,False,0.38849321699798023,9.37,8010400.0
"Fixed 1000000, uniform",8,8,0,S 0 -> 10,125,False,0.999999902620599,1001300.0,1,False,0.38846251735648807,9.42,9011700.0
"Fixed 1000000, uniform",8,9,20,"D 0,1 -> 10,11",125,False,0.9999999786463416,1001300.0,1,False,0.3884625173896609,9.35,10013000.0
"Fixed 1000000, uniform",8,10,20,"D 0,1 -> 10,11",125,False,0.9999999786463416,1001300.0,1,False,0.3884625173896609,9.06,11014300.0
"Fixed 1000000, uniform",8,11,0,S 0 -> 10,125,False,0.9999999935422849,1001300.0,1,False,0.38846251740179083,9.37,12015600.0
"Fixed 1000000, uniform",8,12,20,"D 0,1 -> 10,11",125,False,0.9999999977395779,1001300.0,1,False,0.38846251740179083,9.24,13016900.0
"Fixed 1000000, uniform",8,13,21,"D 0,1 -> 10,13",125,False,1.0,1001300.0,1,False,0.388462517403572,9.22,14018200.0
"Fixed 1000000, uniform",8,14,21,"D 0,1 -> 10,13",125,False,1.0,1001300.0,1,False,0.38846251742214355,9.3,15019500.0
"Fixed 1000000, uniform",8,15,22,"D 0,1 -> 11,12",125,False,1.0,1001300.0,1,False,0.3884625174221671,8.93,16020800.0
"Fixed 1000000, uniform",8,16,22,"D 0,1 -> 11,12",125,False,1.0,1001300.0,1,False,0.3884625174221671,8.83,17022100.0
"Fixed 1000000, uniform",8,17,20,"D 0,1 -> 10,11",125,False,0.9999999957664344,1001300.0,1,False,0.3884625174221671,8.79,18023400.0
"Fixed 1000000, uniform",8,18,22,"D 0,1 -> 11,12",125,False,1.0,1001300.0,1,False,0.3884625174221671,8.84,19024700.0
"Fixed 1000000, uniform",8,19,0,S 0 -> 10,125,False,0.9999999899578248,1001300.0,1,False,0.3884625174221671,8.87,20026000.0
"Fixed 1000000, uniform",8,20,41,"D 0,9 -> 10,13",125,False,1.0,1001300.0,1,False,0.3884625174221671,8.85,21027300.0
"Fixed 1000000, uniform",8,21,36,"D 0,7 -> 10,13",125,False,0.9874187480945058,1001300.0,1,False,0.3884625174221671,8.89,22028600.0
"Fixed 1000000, uniform",8,22,3,S 1 -> 13,125,False,1.0,1001300.0,1,False,0.3884610757193204,8.81,23029900.0
"Fixed 1000000, uniform",8,23,63,"D 1,9 -> 11,13",125,False,1.0,1001300.0,1,False,0.3884610757193204,8.84,24031200.0
"Fixed 1000000, uniform",8,24,21,"D 0,1 -> 10,13",125,False,1.0,1001300.0,1,False,0.3884610757193204,8.84,25032500.0
"Fixed 1000000, uniform",8,25,61,"D 1,8 -> 11,12",125,False,1.0,1001300.0,1,False,0.3884610757193204,8.83,26033800.0
"Fixed 1000000, uniform",8,26,47,"D 1,2 -> 12,13",125,False,0.9999999971474596,1001300.0,1,False,0.3884610757193204,8.8,27035100.0
"Fixed 1000000, uniform",8,27,57,"D 1,6 -> 12,13",125,False,1.0,1001300.0,1,False,0.3884610757180976,8.86,28036400.0
"Fixed 1000000, uniform",9,0,20,"D 0,1 -> 10,11",125,False,0.9222254603184719,1001300.0,1,False,0.38849321699798006,9.41,1001300.0
"Fixed 1000000, uniform",9,1,20,"D 0,1 -> 10,11",125,False,0.9999999999981553,1001300.0,1,False,0.3884932169979801,9.51,2002600.0
"Fixed 1000000, uniform",9,2,21,"D 0,1 -> 10,13",125,False,1.0,1001300.0,1,False,0.3884932169979801,9.22,3003900.0
"Fixed 1000000, uniform",9,3,2,S 1 -> 11,125,False,0.9998550173069413,1001300.0,1,False,0.3884932169979801,9.91,4005200.0
"Fixed 1000000, uniform",9,4,51,"D 1,4 -> 11,12",125,False,1.0,1001300.0,1,False,0.3884932169979802,9.56,5006500.0
"Fixed 1000000, uniform",9,5,22,"D 0,1 -> 11,12",125,False,1.0,1001300.0,1,False,0.3884932169979802,9.62,6007800.0
"Fixed 1000000, uniform",9,6,3,S 1 -> 13,125,False,1.0,1001300.0,1,False,0.3884932169979802,9.39,7009100.0
"Fixed 1000000, uniform",9,7,21,"D 0,1 -> 10,13",125,False,1.0,1001300.0,1,False,0.3884932169979802,9.24,8010400.0
"Fixed 1000000, uniform",9,8,41,"D 0,9 -> 10,13",125,False,1.0,1001300.0,1,False,0.3884932169979802,9.25,9011700.0
"Fixed 1000000, uniform",9,9,41,"D 0,9 -> 10,13",125,False,1.0,1001300.0,1,False,0.3884932169979802,9.32,10013000.0
"Fixed 1000000, uniform",9,10,21,"D 0,1 -> 10,13",125,False,1.0,1001300.0,1,False,0.3884932169979802,9.24,11014300.0
"Fixed 1000000, uniform",9,11,22,"D 0,1 -> 11,12",125,False,1.0,1001300.0,1,False,0.3884932169979802,9.18,12015600.0
"Fixed 1000000, uniform",9,12,3,S 1 -> 13,125,False,1.0,1001300.0,1,False,0.3884932169979802,9.33,13016900.0
"Fixed 1000000, uniform",9,13,2,S 1 -> 11,125,False,0.9999999999215505,1001300.0,1,False,0.3884932169979802,9.18,14018200.0
"Fixed 1000000, uniform",9,14,1,S 0 -> 12,125,False,1.0,1001300.0,1,False,0.3884932169979802,8.92,15019500.0
"Fixed 1000000, uniform",9,15,3,S 1 -> 13,125,False,1.0,1001300.0,1,False,0.3884932169979802,8.85,16020800.0
"Fixed 1000000, uniform",9,16,20,"D 0,1 -> 10,11",125,False,0.999999797584317,1001300.0,1,False,0.3884932169979802,8.8,17022100.0
"Fixed 1000000, uniform",9,17,0,S 0 -> 10,125,False,0.9998552280008088,1001300.0,1,False,0.3884932169979801,8.95,18023400.0
"Fixed 1000000, uniform",9,18,41,"D 0,9 -> 10,13",125,False,1.0,1001300.0,1,False,0.3884932169979801,8.88,19024700.0
"Fixed 1000000, uniform",9,19,0,S 0 -> 10,125,False,0.9999999999636356,1001300.0,1,False,0.3884932169979801,8.9,20026000.0
"Fixed 1000000, uniform",9,20,54,"D 1,6 -> 10,11",125,False,1.0,1001300.0,1,False,0.3884932169979801,8.87,21027300.0
"Fixed 1000000, uniform",9,21,63,"D 1,9 -> 11,13",125,False,1.0,1001300.0,1,False,0.3884932169979801,8.86,22028600.0
"Fixed 1000000, uniform",9,22,20,"D 0,1 -> 10,11",125,False,0.9999999970007949,1001300.0,1,False,0.3884932169979801,8.9,23029900.0
"Fixed 1000000, uniform",9,23,29,"D 0,4 -> 10,12",125,False,1.0,1001300.0,1,False,0.3884932169979801,8.9,24031200.0
"Fixed 1000000, uniform",9,24,20,"D 0,1 -> 10,11",125,False,0.9999999970007949,1001300.0,1,False,0.3884932169979801,8.89,25032500.0
"Fixed 1000000, uniform",9,25,0,S 0 -> 10,125,False,0.9999999999827102,1001300.0,1,False,0.3884932169979801,8.83,26033800.0
"Fixed 1000000, uniform",9,26,0,S 0 -> 10,125,False,0.9999999999827102,1001300.0,1,False,0.3884932169979801,8.84,27035100.0
"Fixed 1000000, uniform",9,27,20,"D 0,1 -> 10,11",125,False,0.9999999970007949,1001300.0,1,False,0.3884932169979801,8.87,28036400.0
"Fixed 1000000, uniform",10,0,22,"D 0,1 -> 11,12",125,False,1.0,1001300.0,1,False,0.38849321699798006,9.7,1001300.0
"Fixed 1000000, uniform",10,1,41,"D 0,9 -> 10,13",125,False,1.0,1001300.0,1,False,0.38849321699798006,9.15,2002600.0
"Fixed 1000000, uniform",10,2,63,"D 1,9 -> 11,13",125,False,1.0,1001300.0,1,False,0.38849321699798006,9.23,3003900.0
"Fixed 1000000, uniform",10,3,24,"D 0,2 -> 10,12",125,False,1.0,1001300.0,1,False,0.38849321699798006,8.86,4005200.0
"Fixed 1000000, uniform",10,4,63,"D 1,9 -> 11,13",125,False,1.0,1001300.0,1,False,0.38849321699798006,9.42,5006500.0
"Fixed 1000000, uniform",10,5,63,"D 1,9 -> 11,13",125,False,1.0,1001300.0,1,False,0.38849321699798006,9.49,6007800.0
"Fixed 1000000, uniform",10,6,0,S 0 -> 10,125,False,0.999999954774273,1001300.0,1,False,0.38849321699798006,9.56,7009100.0
"Fixed 1000000, uniform",10,7,47,"D 1,2 -> 12,13",125,False,0.8997729451877969,1001300.0,1,False,0.38849321699798006,9.16,8010400.0
"Fixed 1000000, uniform",10,8,63,"D 1,9 -> 11,13",125,False,1.0,1001300.0,1,False,0.3884625173687078,9.07,9011700.0
"Fixed 1000000, uniform",10,9,54,"D 1,6 -> 10,11",125,False,1.0,1001300.0,1,False,0.38846251736690995,8.98,10013000.0
"Fixed 1000000, uniform",10,10,1,S 0 -> 12,125,False,1.0,1001300.0,1,False,0.38846251736690995,8.93,11014300.0
"Fixed 1000000, uniform",10,11,47,"D 1,2 -> 12,13",125,False,0.999999999980165,1001300.0,1,False,0.38846251736690995,8.86,12015600.0
"Fixed 1000000, uniform",10,12,3,S 1 -> 13,125,False,1.0,1001300.0,1,False,0.38846251736690995,8.86,13016900.0
"Fixed 1000000, uniform",10,13,28,"D 0,3 -> 12,13",125,False,0.9001058503173656,1001300.0,1,False,0.38846251736690995,8.84,14018200.0
"Fixed 1000000, uniform",10,14,0,S 0 -> 10,125,False,0.9999999999998727,1001300.0,1,False,0.3884320281250251,8.8,15019500.0
"Fixed 1000000, uniform",10,15,20,"D 0,1 -> 10,11",125,False,0.9222132089685481,1001300.0,1,False,0.3884320281250251,8.75,16020800.0
"Fixed 1000000, uniform",10,16,20,"D 0,1 -> 10,11",125,False,0.9999997990747336,1001300.0,1,False,0.38843202820830686,8.73,17022100.0
"Fixed 1000000, uniform",10,17,2,S 1 -> 11,125,False,0.9998227091038038,1001300.0,1,False,0.3884320282024074,8.74,18023400.0
"Fixed 1000000, uniform",10,18,22,"D 0,1 -> 11,12",125,False,1.0,1001300.0,1,False,0.3884320282275028,8.74,19024700.0
"Fixed 1000000, uniform",10,19,63,"D 1,9 -> 11,13",125,False,1.0,1001300.0,1,False,0.3884320282275028,8.71,20026000.0
"Fixed 1000000, uniform",10,20,2,S 1 -> 11,125,False,0.9999999998919425,1001300.0,1,False,0.3884320282275028,8.74,21027300.0
"Fixed 1000000, uniform",10,21,23,"D 0,1 -> 12,13",125,False,0.91826528353806,1001300.0,1,False,0.3884320282275028,8.92,22028600.0
"Fixed 1000000, uniform",10,22,60,"D 1,8 -> 10,13",125,False,1.0,1001300.0,1,False,0.38842328645415136,8.72,23029900.0
"Fixed 1000000, uniform",10,23,20,"D 0,1 -> 10,11",125,False,0.9999999997430484,1001300.0,1,False,0.3884232864675146,8.72,24031200.0
"Fixed 1000000, uniform",10,24,3,S 1 -> 13,125,False,1.0,1001300.0,1,False,0.3884232864675146,8.74,25032500.0
"Fixed 1000000, uniform",10,25,20,"D 0,1 -> 10,11",125,False,0.9999999997430484,1001300.0,1,False,0.3884232864675146,8.73,26033800.0
"Fixed 1000000, uniform",10,26,2,S 1 -> 11,125,False,0.9999999930014632,1001300.0,1,False,0.3884232864675146,8.76,27035100.0
"Fixed 1000000, uniform",10,27,48,"D 1,3 -> 11,13",125,False,1.0,1001300.0,1,False,0.3884232864675146,8.77,28036400.0
"Fixed 1000000, uniform",11,0,23,"D 0,1 -> 12,13",125,False,0.9221823768746084,1001300.0,1,False,0.38849321699798006,9.28,1001300.0
"Fixed 1000000, uniform",11,1,41,"D 0,9 -> 10,13",125,False,1.0,1001300.0,1,False,0.38848535291708086,9.23,2002600.0
"Fixed 1000000, uniform",11,2,21,"D 0,1 -> 10,13",125,False,1.0,1001300.0,1,False,0.38848535291708086,9.13,3003900.0
"Fixed 1000000, uniform",11,3,0,S 0 -> 10,125,False,0.9999925502804932,1001300.0,1,False,0.38848535291708086,9.33,4005200.0
"Fixed 1000000, uniform",11,4,0,S 0 -> 10,125,False,0.9999999996268586,1001300.0,1,False,0.38848535291703706,9.04,5006500.0
"Fixed 1000000, uniform",11,5,22,"D 0,1 -> 11,12",125,False,1.0,1001300.0,1,False,0.38848535291703706,9.2,6007800.0
"Fixed 1000000, uniform",11,6,21,"D 0,1 -> 10,13",125,False,1.0,1001300.0,1,False,0.38848535291703706,8.88,7009100.0
"Fixed 1000000, uniform",11,7,22,"D 0,1 -> 11,12",125,False,1.0,1001300.0,1,False,0.38848535291703706,8.97,8010400.0
"Fixed 1000000, uniform",11,8,63,"D 1,9 -> 11,13",125,False,1.0,1001300.0,1,False,0.38848535291703706,8.99,9011700.0
"Fixed 1000000, uniform",11,9,41,"D 0,9 -> 10,13",125,False,1.0,1001300.0,1,False,0.38848535291703706,9.33,10013000.0
"Fixed 1000000, uniform",11,10,0,S 0 -> 10,125,False,0.9999999996268586,1001300.0,1,False,0.38848535291703706,9.47,11014300.0
"Fixed 1000000, uniform",11,11,41,"D 0,9 -> 10,13",125,False,1.0,1001300.0,1,False,0.38848535291703706,9.49,12015600.0
"Fixed 1000000, uniform",11,12,21,"D 0,1 -> 10,13",125,False,1.0,1001300.0,1,False,0.38848535291703706,8.81,13016900.0
"Fixed 1000000, uniform",11,13,46,"D 1,2 -> 11,12",125,False,1.0,1001300.0,1,False,0.38848535291703706,8.92,14018200.0
"Fixed 1000000, uniform",11,14,20,"D 0,1 -> 10,11",125,False,0.9224065061382085,1001300.0,1,False,0.38848535291703706,8.75,15019500.0
"Fixed 1000000, uniform",11,15,0,S 0 -> 10,125,False,0.9999999472731532,1001300.0,1,False,0.3884853920085535,8.7,16020800.0
"Fixed 1000000, uniform",11,16,20,"D 0,1 -> 10,11",125,False,0.9999999997844178,1001300.0,1,False,0.38848539200855314,8.75,17022100.0
"Fixed 1000000, uniform",11,17,21,"D 0,1 -> 10,13",125,False,1.0,1001300.0,1,False,0.38848539200855303,8.75,18023400.0
"Fixed 1000000, uniform",11,18,22,"D 0,1 -> 11,12",125,False,1.0,1001300.0,1,False,0.38848539200855303,8.76,19024700.0
"Fixed 1000000, uniform",11,19,3,S 1 -> 13,125,False,1.0,1001300.0,1,False,0.38848539200855303,8.68,20026000.0
"Fixed 1000000, uniform",11,20,21,"D 0,1 -> 10,13",125,False,1.0,1001300.0,1,False,0.38848539200855303,8.76,21027300.0
"Fixed 1000000, uniform",11,21,21,"D 0,1 -> 10,13",125,False,1.0,1001300.0,1,False,0.38848539200855303,8.74,22028600.0
"Fixed 1000000, uniform",11,22,21,"D 0,1 -> 10,13",125,False,1.0,1001300.0,1,False,0.38848539200855303,8.78,23029900.0
"Fixed 1000000, uniform",11,23,2,S 1 -> 11,125,False,0.999848132080572,1001300.0,1,False,0.38848539200855303,8.75,24031200.0
"Fixed 1000000, uniform",11,24,63,"D 1,9 -> 11,13",125,False,1.0,1001300.0,1,False,0.38848539200621074,8.71,25032500.0
"Fixed 1000000, uniform",11,25,63,"D 1,9 -> 11,13",125,False,1.0,1001300.0,1,False,0.3884853920058743,8.76,26033800.0
"Fixed 1000000, uniform",11,26,63,"D 1,9 -> 11,13",125,False,1.0,1001300.0,1,False,0.3884853920058743,8.75,27035100.0
"Fixed 1000000, uniform",11,27,3,S 1 -> 13,125,False,1.0,1001300.0,1,False,0.3884853920058743,8.75,28036400.0
