method,trajectory,iteration,selected,selected_label,exact_best_arm,exact_best,shortfall,shots,rounds,stopped_rho,max_abs_gradient,seconds,cumulative_shots
"Fixed 31623, designed",0,0,25,"D 2,3 -> 6,7",25,True,0.0,31653.0,1,False,0.31503606513167726,0.06,31653.0
"Fixed 31623, designed",0,1,8,"D 0,1 -> 4,5",15,False,0.033311851350335986,31652.0,1,False,0.29681502172579394,0.05,63305.0
"Fixed 31623, designed",0,2,18,"D 1,2 -> 4,7",15,True,5.551115123125783e-16,31651.0,1,False,0.303713351808019,0.05,94956.0
"Fixed 31623, designed",0,3,15,"D 0,3 -> 5,6",15,True,0.0,31652.0,1,False,0.38824803810173447,0.05,126608.0
"Fixed 31623, designed",0,4,14,"D 0,3 -> 4,7",19,True,5.150813109366936e-11,31651.0,1,False,0.03758523456612009,0.05,158259.0
"Fixed 31623, designed",0,5,19,"D 1,2 -> 5,6",19,True,0.0,31655.0,1,False,0.06571252413529666,0.06,189914.0
"Fixed 31623, designed",0,6,22,"D 2,3 -> 4,5",22,True,0.0,31650.0,1,False,0.04364852180125853,0.06,221564.0
"Fixed 31623, designed",0,7,11,"D 0,1 -> 6,7",11,True,0.0,31649.0,1,False,0.10072796429211586,0.05,253213.0
"Fixed 31623, designed",0,8,9,"D 0,1 -> 4,7",12,False,1.0,31650.0,1,False,0.009441304132124781,0.06,284863.0
"Fixed 31623, designed",0,9,0,S 0 -> 4,12,False,1.0,31650.0,1,False,0.009441304132124781,0.06,316513.0
"Fixed 31623, designed",0,10,3,S 1 -> 7,12,False,1.0,31650.0,1,False,0.009441304132124781,0.05,348163.0
"Fixed 31623, designed",0,11,1,S 0 -> 6,12,False,1.0,31650.0,1,False,0.009441304132124781,0.06,379813.0
"Fixed 31623, designed",0,12,18,"D 1,2 -> 4,7",12,False,0.9999999761178462,31650.0,1,False,0.009441304132124781,0.06,411463.0
"Fixed 31623, designed",0,13,14,"D 0,3 -> 4,7",12,False,0.9999999393248119,31650.0,1,False,0.009441304132124781,0.06,443113.0
"Fixed 31623, designed",0,14,12,"D 0,2 -> 4,6",12,True,0.0,31650.0,1,False,0.009441304132124781,0.06,474763.0
"Fixed 31623, designed",0,15,12,"D 0,2 -> 4,6",21,False,0.9999999925461682,31652.0,1,False,0.018167337763238436,0.06,506415.0
"Fixed 31623, designed",0,16,21,"D 1,3 -> 5,7",21,True,0.0,31652.0,1,False,0.0181673377634648,0.06,538067.0
"Fixed 31623, designed",1,0,25,"D 2,3 -> 6,7",25,True,0.0,31653.0,1,False,0.31503606513167726,0.06,31653.0
"Fixed 31623, designed",1,1,15,"D 0,3 -> 5,6",15,True,0.0,31652.0,1,False,0.29681502172579394,0.05,63305.0
"Fixed 31623, designed",1,2,8,"D 0,1 -> 4,5",8,True,0.0,31652.0,1,False,0.3764697826210095,0.05,94957.0
"Fixed 31623, designed",1,3,18,"D 1,2 -> 4,7",18,True,0.0,31651.0,1,False,0.3002635722338174,0.05,126608.0
"Fixed 31623, designed",1,4,19,"D 1,2 -> 5,6",14,True,5.182410056647768e-12,31651.0,1,False,0.03758523457422756,0.05,158259.0
"Fixed 31623, designed",1,5,14,"D 0,3 -> 4,7",14,True,0.0,31651.0,1,False,0.06571252392066197,0.05,189910.0
"Fixed 31623, designed",1,6,22,"D 2,3 -> 4,5",22,True,0.0,31650.0,1,False,0.04364852124132713,0.05,221560.0
"Fixed 31623, designed",1,7,11,"D 0,1 -> 6,7",11,True,0.0,31649.0,1,False,0.10072796416579667,0.05,253209.0
"Fixed 31623, designed",1,8,7,S 3 -> 7,21,False,1.0,31650.0,1,False,0.009441304630083448,0.05,284859.0
"Fixed 31623, designed",1,9,21,"D 1,3 -> 5,7",21,True,0.0,31650.0,1,False,0.009441304630083448,0.05,316509.0
"Fixed 31623, designed",1,10,12,"D 0,2 -> 4,6",12,True,0.0,31649.0,1,False,0.018167337649211367,0.05,348158.0
"Fixed 31623, designed",2,0,19,"D 1,2 -> 5,6",25,False,0.052846754050403844,31653.0,1,False,0.31503606513167726,0.06,31653.0
"Fixed 31623, designed",2,1,22,"D 2,3 -> 4,5",22,True,0.0,31653.0,1,False,0.2986379460814117,0.06,63306.0
"Fixed 31623, designed",2,2,11,"D 0,1 -> 6,7",14,False,0.04670828858227494,31650.0,1,False,0.3532199223008815,0.05,94956.0
"Fixed 31623, designed",2,3,14,"D 0,3 -> 4,7",14,True,0.0,31648.0,1,False,0.2932032898211745,0.05,126604.0
"Fixed 31623, designed",2,4,18,"D 1,2 -> 4,7",8,False,0.026297174711716775,31649.0,1,False,0.02274616115030918,0.05,158253.0
"Fixed 31623, designed",2,5,15,"D 0,3 -> 5,6",15,True,0.0,31649.0,1,False,0.0386651725173843,0.05,189902.0
"Fixed 31623, designed",2,6,8,"D 0,1 -> 4,5",8,True,0.0,31647.0,1,False,0.03387932833543461,0.06,221549.0
"Fixed 31623, designed",2,7,25,"D 2,3 -> 6,7",25,True,0.0,31650.0,1,False,0.06140260737198798,0.05,253199.0
"Fixed 31623, designed",2,8,0,S 0 -> 4,21,False,1.0,31650.0,1,False,0.00944130510965327,0.05,284849.0
"Fixed 31623, designed",2,9,0,S 0 -> 4,21,False,1.0,31650.0,1,False,0.00944130510965327,0.05,316499.0
"Fixed 31623, designed",2,10,2,S 1 -> 5,21,False,1.0,31650.0,1,False,0.00944130510965327,0.05,348149.0
"Fixed 31623, designed",2,11,2,S 1 -> 5,21,False,1.0,31650.0,1,False,0.00944130510965327,0.05,379799.0
"Fixed 31623, designed",2,12,2,S 1 -> 5,21,False,1.0,31650.0,1,False,0.00944130510965327,0.05,411449.0
"Fixed 31623, designed",2,13,20,"D 1,2 -> 6,7",21,False,1.0,31650.0,1,False,0.00944130510965327,0.05,443099.0
"Fixed 31623, designed",2,14,2,S 1 -> 5,21,False,1.0,31650.0,1,False,0.00944130510965327,0.05,474749.0
"Fixed 31623, designed",2,15,5,S 2 -> 6,21,False,1.0,31650.0,1,False,0.00944130510965327,0.05,506399.0
"Fixed 31623, designed",2,16,16,"D 0,3 -> 6,7",21,False,1.0,31650.0,1,False,0.00944130510965327,0.05,538049.0
"Fixed 31623, designed",2,17,20,"D 1,2 -> 6,7",21,False,1.0,31650.0,1,False,0.00944130510965327,0.05,569699.0
"Fixed 31623, designed",2,18,4,S 2 -> 4,21,False,1.0,31650.0,1,False,0.00944130510965327,0.05,601349.0
"Fixed 31623, designed",2,19,6,S 3 -> 5,21,False,1.0,31650.0,1,False,0.00944130510965327,0.05,632999.0
"Fixed 31623, designed",3,0,25,"D 2,3 -> 6,7",25,True,0.0,31653.0,1,False,0.31503606513167726,0.06,31653.0
"Fixed 31623, designed",3,1,18,"D 1,2 -> 4,7",15,True,0.0,31652.0,1,False,0.29681502172579394,0.06,63305.0
"Fixed 31623, designed",3,2,8,"D 0,1 -> 4,5",8,True,0.0,31651.0,1,False,0.3764697826210095,0.05,94956.0
"Fixed 31623, designed",3,3,15,"D 0,3 -> 5,6",15,True,0.0,31649.0,1,False,0.30026357217502075,0.05,126605.0
"Fixed 31623, designed",3,4,14,"D 0,3 -> 4,7",19,True,5.80789971671436e-10,31651.0,1,False,0.03758523474777508,0.05,158256.0
"Fixed 31623, designed",3,5,19,"D 1,2 -> 5,6",19,True,0.0,31655.0,1,False,0.0657125239206618,0.05,189911.0
"Fixed 31623, designed",3,6,22,"D 2,3 -> 4,5",22,True,0.0,31650.0,1,False,0.043648521241327065,0.06,221561.0
"Fixed 31623, designed",3,7,11,"D 0,1 -> 6,7",11,True,0.0,31649.0,1,False,0.10072796416579699,0.05,253210.0
"Fixed 31623, designed",3,8,11,"D 0,1 -> 6,7",21,False,0.9999999513661534,31650.0,1,False,0.009441304483876924,0.05,284860.0
"Fixed 31623, designed",3,9,0,S 0 -> 4,12,False,1.0,31650.0,1,False,0.009441304535539524,0.05,316510.0
"Fixed 31623, designed",3,10,4,S 2 -> 4,12,False,1.0,31650.0,1,False,0.009441304535539524,0.05,348160.0
"Fixed 31623, designed",3,11,1,S 0 -> 6,12,False,1.0,31650.0,1,False,0.009441304535539524,0.05,379810.0
"Fixed 31623, designed",3,12,3,S 1 -> 7,12,False,1.0,31650.0,1,False,0.009441304535539524,0.05,411460.0
"Fixed 31623, designed",3,13,15,"D 0,3 -> 5,6",12,False,0.9999999628321884,31650.0,1,False,0.009441304535539524,0.05,443110.0
"Fixed 31623, designed",3,14,21,"D 1,3 -> 5,7",12,True,6.400174834553241e-10,31650.0,1,False,0.009441304535539524,0.06,474760.0
"Fixed 31623, designed",3,15,2,S 1 -> 5,12,False,1.0,31649.0,1,False,0.01816733768214942,0.06,506409.0
"Fixed 31623, designed",3,16,2,S 1 -> 5,12,False,1.0,31649.0,1,False,0.01816733768214942,0.05,538058.0
"Fixed 31623, designed",3,17,3,S 1 -> 7,12,False,1.0,31649.0,1,False,0.01816733768214942,0.05,569707.0
"Fixed 31623, designed",3,18,12,"D 0,2 -> 4,6",12,True,0.0,31649.0,1,False,0.01816733768214942,0.05,601356.0
"Fixed 31623, designed",4,0,14,"D 0,3 -> 4,7",25,False,0.052846754050403844,31653.0,1,False,0.31503606513167726,0.06,31653.0
"Fixed 31623, designed",4,1,19,"D 1,2 -> 5,6",22,False,0.0008388564376003993,31652.0,1,False,0.2986379460442076,0.06,63305.0
"Fixed 31623, designed",4,2,22,"D 2,3 -> 4,5",22,True,0.0,31654.0,1,False,0.30702477030875686,0.05,94959.0
"Fixed 31623, designed",4,3,11,"D 0,1 -> 6,7",11,True,0.0,31651.0,1,False,0.4010030866164432,0.05,126610.0
"Fixed 31623, designed",4,4,25,"D 2,3 -> 6,7",8,False,0.05487982572272754,31649.0,1,False,0.022746161139309492,0.05,158259.0
"Fixed 31623, designed",4,5,8,"D 0,1 -> 4,5",8,True,0.0,31649.0,1,False,0.03970357881992619,0.05,189908.0
"Fixed 31623, designed",4,6,15,"D 0,3 -> 5,6",15,True,0.0,31648.0,1,False,0.03323670728135371,0.05,221556.0
"Fixed 31623, designed",4,7,18,"D 1,2 -> 4,7",18,True,0.0,31648.0,1,False,0.06135745113463007,0.05,253204.0
"Fixed 31623, designed",4,8,11,"D 0,1 -> 6,7",21,False,0.9999996520129671,31650.0,1,False,0.00944130469017749,0.05,284854.0
"Fixed 31623, designed",4,9,21,"D 1,3 -> 5,7",21,True,0.0,31650.0,1,False,0.00944130469017749,0.05,316504.0
"Fixed 31623, designed",4,10,12,"D 0,2 -> 4,6",12,True,0.0,31649.0,1,False,0.018167337038378188,0.05,348153.0
"Fixed 31623, designed",5,0,25,"D 2,3 -> 6,7",25,True,0.0,31653.0,1,False,0.31503606513167726,0.06,31653.0
"Fixed 31623, designed",5,1,18,"D 1,2 -> 4,7",15,True,0.0,31652.0,1,False,0.29681502172579394,0.06,63305.0
"Fixed 31623, designed",5,2,8,"D 0,1 -> 4,5",8,True,0.0,31651.0,1,False,0.3764697826210095,0.05,94956.0
"Fixed 31623, designed",5,3,15,"D 0,3 -> 5,6",15,True,0.0,31649.0,1,False,0.30026357217502075,0.05,126605.0
"Fixed 31623, designed",5,4,19,"D 1,2 -> 5,6",19,True,0.0,31651.0,1,False,0.03758523474777508,0.05,158256.0
"Fixed 31623, designed",5,5,14,"D 0,3 -> 4,7",14,True,0.0,31651.0,1,False,0.06571252399006697,0.05,189907.0
"Fixed 31623, designed",5,6,22,"D 2,3 -> 4,5",22,True,0.0,31650.0,1,False,0.043648521305584075,0.05,221557.0
"Fixed 31623, designed",5,7,11,"D 0,1 -> 6,7",11,True,0.0,31649.0,1,False,0.10072796416579774,0.05,253206.0
"Fixed 31623, designed",5,8,11,"D 0,1 -> 6,7",21,False,0.999999951366124,31650.0,1,False,0.009441304483876945,0.05,284856.0
"Fixed 31623, designed",5,9,5,S 2 -> 6,12,False,1.0,31650.0,1,False,0.009441304535539489,0.05,316506.0
"Fixed 31623, designed",5,10,12,"D 0,2 -> 4,6",12,True,0.0,31650.0,1,False,0.009441304535539489,0.05,348156.0
"Fixed 31623, designed",5,11,21,"D 1,3 -> 5,7",21,True,0.0,31652.0,1,False,0.018167337747711208,0.05,379808.0
"Fixed 31623, designed",6,0,14,"D 0,3 -> 4,7",25,False,0.052846754050403844,31653.0,1,False,0.31503606513167726,0.06,31653.0
"Fixed 31623, designed",6,1,11,"D 0,1 -> 6,7",22,False,0.02016704851099438,31652.0,1,False,0.2986379460442076,0.06,63305.0
"Fixed 31623, designed",6,2,19,"D 1,2 -> 5,6",19,True,0.0,31650.0,1,False,0.3718349895348084,0.05,94955.0
"Fixed 31623, designed",6,3,22,"D 2,3 -> 4,5",22,True,0.0,31651.0,1,False,0.34033883568924583,0.05,126606.0
"Fixed 31623, designed",6,4,15,"D 0,3 -> 5,6",8,False,0.026297168097357382,31649.0,1,False,0.022746161128215047,0.05,158255.0
"Fixed 31623, designed",6,5,18,"D 1,2 -> 4,7",18,True,0.0,31647.0,1,False,0.038665171331954684,0.06,189902.0
"Fixed 31623, designed",6,6,8,"D 0,1 -> 4,5",8,True,0.0,31647.0,1,False,0.03387932903728168,0.05,221549.0
"Fixed 31623, designed",6,7,25,"D 2,3 -> 6,7",25,True,0.0,31650.0,1,False,0.06140260769276244,0.05,253199.0
"Fixed 31623, designed",6,8,15,"D 0,3 -> 5,6",21,False,0.9999999375561726,31650.0,1,False,0.0094413047845401,0.05,284849.0
"Fixed 31623, designed",6,9,12,"D 0,2 -> 4,6",21,True,2.850587543790084e-10,31650.0,1,False,0.0094413047845401,0.05,316499.0
"Fixed 31623, designed",6,10,21,"D 1,3 -> 5,7",21,True,0.0,31652.0,1,False,0.018167337484309057,0.05,348151.0
"Fixed 31623, designed",7,0,25,"D 2,3 -> 6,7",25,True,0.0,31653.0,1,False,0.31503606513167726,0.06,31653.0
"Fixed 31623, designed",7,1,18,"D 1,2 -> 4,7",15,True,0.0,31652.0,1,False,0.29681502172579394,0.06,63305.0
"Fixed 31623, designed",7,2,8,"D 0,1 -> 4,5",8,True,0.0,31651.0,1,False,0.3764697826210095,0.05,94956.0
"Fixed 31623, designed",7,3,15,"D 0,3 -> 5,6",15,True,0.0,31649.0,1,False,0.30026357217502075,0.05,126605.0
"Fixed 31623, designed",7,4,22,"D 2,3 -> 4,5",19,False,0.30884520486840616,31651.0,1,False,0.03758523474777508,0.05,158256.0
"Fixed 31623, designed",7,5,14,"D 0,3 -> 4,7",11,False,0.2225931325104099,31652.0,1,False,0.0530579340682053,0.05,189908.0
"Fixed 31623, designed",7,6,19,"D 1,2 -> 5,6",19,True,0.0,31647.0,1,False,0.07333715141745482,0.05,221555.0
"Fixed 31623, designed",7,7,11,"D 0,1 -> 6,7",11,True,0.0,31648.0,1,False,0.11145598864062914,0.05,253203.0
"Fixed 31623, designed",7,8,12,"D 0,2 -> 4,6",21,True,1.143705130601802e-10,31650.0,1,False,0.009441304556555523,0.05,284853.0
"Fixed 31623, designed",7,9,9,"D 0,1 -> 4,7",21,False,1.0,31652.0,1,False,0.018167337647482542,0.05,316505.0
"Fixed 31623, designed",7,10,1,S 0 -> 6,21,False,1.0,31652.0,1,False,0.018167337639626805,0.05,348157.0
"Fixed 31623, designed",7,11,21,"D 1,3 -> 5,7",21,True,0.0,31652.0,1,False,0.018167337639626805,0.05,379809.0
"Fixed 31623, designed",8,0,19,"D 1,2 -> 5,6",25,False,0.052846754050403844,31653.0,1,False,0.31503606513167726,0.05,31653.0
"Fixed 31623, designed",8,1,22,"D 2,3 -> 4,5",22,True,0.0,31653.0,1,False,0.2986379460814117,0.05,63306.0
"Fixed 31623, designed",8,2,14,"D 0,3 -> 4,7",14,True,0.0,31650.0,1,False,0.3532199223008815,0.05,94956.0
"Fixed 31623, designed",8,3,11,"D 0,1 -> 6,7",11,True,0.0,31651.0,1,False,0.22254278935005609,0.05,126607.0
"Fixed 31623, designed",8,4,18,"D 1,2 -> 4,7",8,False,0.02629715897981577,31649.0,1,False,0.022746160639765003,0.05,158256.0
"Fixed 31623, designed",8,5,15,"D 0,3 -> 5,6",15,True,0.0,31649.0,1,False,0.03866517250293926,0.05,189905.0
"Fixed 31623, designed",8,6,25,"D 2,3 -> 6,7",8,False,0.0225010639900991,31647.0,1,False,0.03387932904038875,0.05,221552.0
"Fixed 31623, designed",8,7,8,"D 0,1 -> 4,5",8,True,0.0,31649.0,1,False,0.06334828977339263,0.05,253201.0
"Fixed 31623, designed",8,8,13,"D 0,3 -> 4,5",12,False,1.0,31650.0,1,False,0.0094413046195642,0.05,284851.0
"Fixed 31623, designed",8,9,4,S 2 -> 4,12,False,1.0,31650.0,1,False,0.0094413046195642,0.05,316501.0
"Fixed 31623, designed",8,10,21,"D 1,3 -> 5,7",12,True,5.310796247215421e-11,31650.0,1,False,0.0094413046195642,0.05,348151.0
"Fixed 31623, designed",8,11,12,"D 0,2 -> 4,6",12,True,0.0,31649.0,1,False,0.0181673376601144,0.05,379800.0
"Fixed 31623, designed",9,0,25,"D 2,3 -> 6,7",25,True,0.0,31653.0,1,False,0.31503606513167726,0.05,31653.0
"Fixed 31623, designed",9,1,18,"D 1,2 -> 4,7",15,True,0.0,31652.0,1,False,0.29681502172579394,0.05,63305.0
"Fixed 31623, designed",9,2,8,"D 0,1 -> 4,5",8,True,0.0,31651.0,1,False,0.3764697826210095,0.05,94956.0
"Fixed 31623, designed",9,3,15,"D 0,3 -> 5,6",15,True,0.0,31649.0,1,False,0.30026357217502075,0.05,126605.0
"Fixed 31623, designed",9,4,19,"D 1,2 -> 5,6",19,True,0.0,31651.0,1,False,0.03758523474777508,0.05,158256.0
"Fixed 31623, designed",9,5,14,"D 0,3 -> 4,7",14,True,0.0,31651.0,1,False,0.06571252399006697,0.05,189907.0
"Fixed 31623, designed",9,6,22,"D 2,3 -> 4,5",22,True,0.0,31650.0,1,False,0.043648521305584075,0.06,221557.0
"Fixed 31623, designed",9,7,11,"D 0,1 -> 6,7",11,True,0.0,31649.0,1,False,0.10072796416579774,0.05,253206.0
"Fixed 31623, designed",9,8,5,S 2 -> 6,21,False,1.0,31650.0,1,False,0.009441304483876945,0.05,284856.0
"Fixed 31623, designed",9,9,1,S 0 -> 6,12,False,1.0,31650.0,1,False,0.00944130454604846,0.05,316506.0
"Fixed 31623, designed",9,10,21,"D 1,3 -> 5,7",12,True,6.400112662063862e-10,31650.0,1,False,0.00944130454604846,0.05,348156.0
"Fixed 31623, designed",9,11,1,S 0 -> 6,12,False,1.0,31649.0,1,False,0.018167337650105038,0.05,379805.0
"Fixed 31623, designed",9,12,0,S 0 -> 4,12,False,1.0,31649.0,1,False,0.018167337650105038,0.05,411454.0
"Fixed 31623, designed",9,13,14,"D 0,3 -> 4,7",12,False,0.9867733859008702,31649.0,1,False,0.018167337650105038,0.05,443103.0
"Fixed 31623, designed",10,0,25,"D 2,3 -> 6,7",25,True,0.0,31653.0,1,False,0.31503606513167726,0.05,31653.0
"Fixed 31623, designed",10,1,18,"D 1,2 -> 4,7",15,True,0.0,31652.0,1,False,0.29681502172579394,0.05,63305.0
"Fixed 31623, designed",10,2,8,"D 0,1 -> 4,5",8,True,0.0,31651.0,1,False,0.3764697826210095,0.05,94956.0
"Fixed 31623, designed",10,3,15,"D 0,3 -> 5,6",15,True,0.0,31649.0,1,False,0.30026357217502075,0.05,126605.0
"Fixed 31623, designed",10,4,19,"D 1,2 -> 5,6",19,True,0.0,31651.0,1,False,0.03758523474777508,0.05,158256.0
"Fixed 31623, designed",10,5,14,"D 0,3 -> 4,7",14,True,0.0,31651.0,1,False,0.06571252399006697,0.05,189907.0
"Fixed 31623, designed",10,6,22,"D 2,3 -> 4,5",22,True,0.0,31650.0,1,False,0.043648521305584075,0.05,221557.0
"Fixed 31623, designed",10,7,11,"D 0,1 -> 6,7",11,True,0.0,31649.0,1,False,0.10072796416579774,0.05,253206.0
"Fixed 31623, designed",10,8,2,S 1 -> 5,21,False,1.0,31650.0,1,False,0.009441304483876945,0.05,284856.0
"Fixed 31623, designed",10,9,25,"D 2,3 -> 6,7",12,False,0.9999999578025893,31650.0,1,False,0.00944130454604846,0.05,316506.0
"Fixed 31623, designed",10,10,5,S 2 -> 6,12,False,1.0,31650.0,1,False,0.00944130454604846,0.05,348156.0
"Fixed 31623, designed",10,11,4,S 2 -> 4,12,False,1.0,31650.0,1,False,0.00944130454604846,0.05,379806.0
"Fixed 31623, designed",10,12,12,"D 0,2 -> 4,6",12,True,0.0,31650.0,1,False,0.00944130454604846,0.05,411456.0
"Fixed 31623, designed",10,13,21,"D 1,3 -> 5,7",21,True,0.0,31652.0,1,False,0.01816734008174391,0.05,443108.0
"Fixed 31623, designed",11,0,19,"D 1,2 -> 5,6",25,False,0.052846754050403844,31653.0,1,False,0.31503606513167726,0.05,31653.0
"Fixed 31623, designed",11,1,22,"D 2,3 -> 4,5",22,True,0.0,31653.0,1,False,0.2986379460814117,0.05,63306.0
"Fixed 31623, designed",11,2,14,"D 0,3 -> 4,7",14,True,0.0,31650.0,1,False,0.3532199223008815,0.06,94956.0
"Fixed 31623, designed",11,3,11,"D 0,1 -> 6,7",11,True,0.0,31651.0,1,False,0.22254278935005609,0.05,126607.0
"Fixed 31623, designed",11,4,15,"D 0,3 -> 5,6",8,False,0.026297156671435507,31649.0,1,False,0.022746160639765003,0.05,158256.0
"Fixed 31623, designed",11,5,12,"D 0,2 -> 4,6",18,False,0.6567651929495448,31647.0,1,False,0.03866517255362906,0.05,189903.0
"Fixed 31623, designed",11,6,18,"D 1,2 -> 4,7",18,True,0.0,31652.0,1,False,0.04062570928481636,0.05,221555.0
"Fixed 31623, designed",11,7,21,"D 1,3 -> 5,7",21,True,0.0,31649.0,1,False,0.04652291634037935,0.05,253204.0
"Fixed 31623, designed",11,8,25,"D 2,3 -> 6,7",8,False,0.038689283285475606,31652.0,1,False,0.022240981988620463,0.05,284856.0
"Fixed 31623, designed",11,9,8,"D 0,1 -> 4,5",8,True,0.0,31653.0,1,False,0.04124842474677988,0.05,316509.0
"Fixed 31623, designed",12,0,25,"D 2,3 -> 6,7",25,True,0.0,31653.0,1,False,0.31503606513167726,0.05,31653.0
"Fixed 31623, designed",12,1,8,"D 0,1 -> 4,5",15,False,0.033311851350335986,31652.0,1,False,0.29681502172579394,0.05,63305.0
"Fixed 31623, designed",12,2,18,"D 1,2 -> 4,7",15,True,5.551115123125783e-16,31651.0,1,False,0.303713351808019,0.05,94956.0
"Fixed 31623, designed",12,3,15,"D 0,3 -> 5,6",15,True,0.0,31652.0,1,False,0.38824803810173447,0.05,126608.0
"Fixed 31623, designed",12,4,19,"D 1,2 -> 5,6",19,True,0.0,31651.0,1,False,0.03758523456612009,0.05,158259.0
"Fixed 31623, designed",12,5,14,"D 0,3 -> 4,7",14,True,0.0,31651.0,1,False,0.06571252413529677,0.05,189910.0
"Fixed 31623, designed",12,6,22,"D 2,3 -> 4,5",22,True,0.0,31650.0,1,False,0.04364852185640933,0.05,221560.0
"Fixed 31623, designed",12,7,11,"D 0,1 -> 6,7",11,True,0.0,31649.0,1,False,0.100727964292116,0.05,253209.0
"Fixed 31623, designed",12,8,11,"D 0,1 -> 6,7",12,False,0.9999997204037303,31650.0,1,False,0.009441304132124916,0.05,284859.0
"Fixed 31623, designed",12,9,7,S 3 -> 7,12,False,1.0,31650.0,1,False,0.009441304132124916,0.05,316509.0
"Fixed 31623, designed",12,10,6,S 3 -> 5,12,False,1.0,31650.0,1,False,0.009441304132124916,0.05,348159.0
"Fixed 31623, designed",12,11,11,"D 0,1 -> 6,7",12,False,0.9999997204037303,31650.0,1,False,0.009441304132124916,0.05,379809.0
"Fixed 31623, designed",12,12,6,S 3 -> 5,12,False,1.0,31650.0,1,False,0.009441304132124916,0.05,411459.0
"Fixed 31623, designed",12,13,25,"D 2,3 -> 6,7",12,False,0.9999984253983066,31650.0,1,False,0.009441304132124916,0.05,443109.0
"Fixed 31623, designed",12,14,2,S 1 -> 5,12,False,1.0,31650.0,1,False,0.009441304132124916,0.05,474759.0
"Fixed 31623, designed",12,15,5,S 2 -> 6,12,False,1.0,31650.0,1,False,0.009441304132124916,0.05,506409.0
"Fixed 31623, designed",12,16,12,"D 0,2 -> 4,6",12,True,4.773959005888173e-15,31650.0,1,False,0.009441304132124916,0.05,538059.0
"Fixed 31623, designed",12,17,7,S 3 -> 7,21,False,1.0,31652.0,1,False,0.018167337345044676,0.05,569711.0
"Fixed 31623, designed",12,18,25,"D 2,3 -> 6,7",21,False,0.9938252810192127,31652.0,1,False,0.018167337360059408,0.05,601363.0
"Fixed 31623, designed",13,0,14,"D 0,3 -> 4,7",25,False,0.052846754050403844,31653.0,1,False,0.31503606513167726,0.06,31653.0
"Fixed 31623, designed",13,1,19,"D 1,2 -> 5,6",22,False,0.0008388564376003993,31652.0,1,False,0.2986379460442076,0.05,63305.0
"Fixed 31623, designed",13,2,22,"D 2,3 -> 4,5",22,True,0.0,31654.0,1,False,0.30702477030875686,0.05,94959.0
"Fixed 31623, designed",13,3,11,"D 0,1 -> 6,7",11,True,0.0,31651.0,1,False,0.4010030866164432,0.05,126610.0
"Fixed 31623, designed",13,4,15,"D 0,3 -> 5,6",8,False,0.026297174229922282,31649.0,1,False,0.022746161139309492,0.05,158259.0
"Fixed 31623, designed",13,5,18,"D 1,2 -> 4,7",18,True,0.0,31647.0,1,False,0.03866517349570615,0.06,189906.0
"Fixed 31623, designed",13,6,12,"D 0,2 -> 4,6",8,False,0.2888775938937489,31647.0,1,False,0.03387933023144442,0.06,221553.0
"Fixed 31623, designed",13,7,21,"D 1,3 -> 5,7",21,True,0.0,31648.0,1,False,0.04489192287271396,0.05,253201.0
"Fixed 31623, designed",13,8,20,"D 1,2 -> 6,7",8,False,1.0,31652.0,1,False,0.022240982048885072,0.05,284853.0
"Fixed 31623, designed",13,9,11,"D 0,1 -> 6,7",8,False,0.9999999544961315,31652.0,1,False,0.022240982048885072,0.05,316505.0
"Fixed 31623, designed",13,10,25,"D 2,3 -> 6,7",8,False,0.038689281856418956,31652.0,1,False,0.022240982048885072,0.05,348157.0
"Fixed 31623, designed",13,11,8,"D 0,1 -> 4,5",8,True,0.0,31653.0,1,False,0.041248424716502946,0.05,379810.0
"Fixed 31623, designed",14,0,25,"D 2,3 -> 6,7",25,True,0.0,31653.0,1,False,0.31503606513167726,0.05,31653.0
"Fixed 31623, designed",14,1,18,"D 1,2 -> 4,7",15,True,0.0,31652.0,1,False,0.29681502172579394,0.05,63305.0
"Fixed 31623, designed",14,2,8,"D 0,1 -> 4,5",8,True,0.0,31651.0,1,False,0.3764697826210095,0.05,94956.0
"Fixed 31623, designed",14,3,15,"D 0,3 -> 5,6",15,True,0.0,31649.0,1,False,0.30026357217502075,0.05,126605.0
"Fixed 31623, designed",14,4,11,"D 0,1 -> 6,7",19,False,0.356478614776494,31651.0,1,False,0.03758523474777508,0.05,158256.0
"Fixed 31623, designed",14,5,14,"D 0,3 -> 4,7",14,True,0.0,31646.0,1,False,0.03912173614796322,0.05,189902.0
"Fixed 31623, designed",14,6,19,"D 1,2 -> 5,6",19,True,0.0,31648.0,1,False,0.06888584003623945,0.05,221550.0
"Fixed 31623, designed",14,7,22,"D 2,3 -> 4,5",22,True,0.0,31653.0,1,False,0.07215393040122244,0.05,253203.0
"Fixed 31623, designed",14,8,22,"D 2,3 -> 4,5",12,False,0.9999999792080376,31650.0,1,False,0.009441304676350574,0.05,284853.0
"Fixed 31623, designed",14,9,6,S 3 -> 5,12,False,1.0,31650.0,1,False,0.009441304676350574,0.05,316503.0
"Fixed 31623, designed",14,10,2,S 1 -> 5,12,False,1.0,31650.0,1,False,0.009441304676350574,0.05,348153.0
"Fixed 31623, designed",14,11,7,S 3 -> 7,12,False,1.0,31650.0,1,False,0.009441304676350574,0.05,379803.0
"Fixed 31623, designed",14,12,12,"D 0,2 -> 4,6",12,True,0.0,31650.0,1,False,0.009441304676350574,0.05,411453.0
"Fixed 31623, designed",14,13,9,"D 0,1 -> 4,7",21,False,1.0,31652.0,1,False,0.018167337665792302,0.05,443105.0
"Fixed 31623, designed",14,14,4,S 2 -> 4,21,False,1.0,31652.0,1,False,0.018167337665792302,0.05,474757.0
"Fixed 31623, designed",14,15,21,"D 1,3 -> 5,7",21,True,0.0,31652.0,1,False,0.018167337665792302,0.05,506409.0
"Fixed 31623, designed",15,0,25,"D 2,3 -> 6,7",25,True,0.0,31653.0,1,False,0.31503606513167726,0.05,31653.0
"Fixed 31623, designed",15,1,15,"D 0,3 -> 5,6",15,True,0.0,31652.0,1,False,0.29681502172579394,0.05,63305.0
"Fixed 31623, designed",15,2,8,"D 0,1 -> 4,5",8,True,0.0,31652.0,1,False,0.3764697826210095,0.05,94957.0
"Fixed 31623, designed",15,3,18,"D 1,2 -> 4,7",18,True,0.0,31651.0,1,False,0.3002635722338174,0.05,126608.0
"Fixed 31623, designed",15,4,19,"D 1,2 -> 5,6",14,True,5.182410056647768e-12,31651.0,1,False,0.03758523457422756,0.05,158259.0
"Fixed 31623, designed",15,5,14,"D 0,3 -> 4,7",14,True,0.0,31651.0,1,False,0.06571252392066197,0.05,189910.0
"Fixed 31623, designed",15,6,22,"D 2,3 -> 4,5",22,True,0.0,31650.0,1,False,0.04364852124132713,0.05,221560.0
"Fixed 31623, designed",15,7,11,"D 0,1 -> 6,7",11,True,0.0,31649.0,1,False,0.10072796416579667,0.05,253209.0
"Fixed 31623, designed",15,8,12,"D 0,2 -> 4,6",21,True,2.371568497139265e-10,31650.0,1,False,0.009441304630083448,0.05,284859.0
"Fixed 31623, designed",15,9,21,"D 1,3 -> 5,7",21,True,0.0,31652.0,1,False,0.01816733759515189,0.05,316511.0
"Fixed 31623, designed",16,0,25,"D 2,3 -> 6,7",25,True,0.0,31653.0,1,False,0.31503606513167726,0.05,31653.0
"Fixed 31623, designed",16,1,15,"D 0,3 -> 5,6",15,True,0.0,31652.0,1,False,0.29681502172579394,0.05,63305.0
"Fixed 31623, designed",16,2,8,"D 0,1 -> 4,5",8,True,0.0,31652.0,1,False,0.3764697826210095,0.05,94957.0
"Fixed 31623, designed",16,3,18,"D 1,2 -> 4,7",18,True,0.0,31651.0,1,False,0.3002635722338174,0.06,126608.0
"Fixed 31623, designed",16,4,19,"D 1,2 -> 5,6",14,True,5.182410056647768e-12,31651.0,1,False,0.03758523457422756,0.05,158259.0
"Fixed 31623, designed",16,5,14,"D 0,3 -> 4,7",14,True,0.0,31651.0,1,False,0.06571252392066197,0.05,189910.0
"Fixed 31623, designed",16,6,11,"D 0,1 -> 6,7",22,False,0.044806582285143115,31650.0,1,False,0.04364852124132713,0.05,221560.0
"Fixed 31623, designed",16,7,22,"D 2,3 -> 4,5",22,True,0.0,31648.0,1,False,0.06967473471393487,0.05,253208.0
"Fixed 31623, designed",16,8,10,"D 0,1 -> 5,6",21,False,1.0,31650.0,1,False,0.009441304632724919,0.05,284858.0
"Fixed 31623, designed",16,9,10,"D 0,1 -> 5,6",21,False,1.0,31650.0,1,False,0.009441304632724919,0.05,316508.0
"Fixed 31623, designed",16,10,11,"D 0,1 -> 6,7",21,False,0.9999999965742887,31650.0,1,False,0.009441304632724919,0.05,348158.0
"Fixed 31623, designed",16,11,4,S 2 -> 4,21,False,1.0,31650.0,1,False,0.009441304632724919,0.05,379808.0
"Fixed 31623, designed",16,12,10,"D 0,1 -> 5,6",21,False,1.0,31650.0,1,False,0.009441304632724919,0.05,411458.0
"Fixed 31623, designed",16,13,13,"D 0,3 -> 4,5",21,False,1.0,31650.0,1,False,0.009441304632724919,0.05,443108.0
"Fixed 31623, designed",16,14,12,"D 0,2 -> 4,6",21,True,7.587118711072094e-10,31650.0,1,False,0.009441304632724919,0.05,474758.0
"Fixed 31623, designed",16,15,21,"D 1,3 -> 5,7",21,True,0.0,31652.0,1,False,0.018167337770949726,0.05,506410.0
"Fixed 31623, designed",17,0,14,"D 0,3 -> 4,7",25,False,0.052846754050403844,31653.0,1,False,0.31503606513167726,0.05,31653.0
"Fixed 31623, designed",17,1,19,"D 1,2 -> 5,6",22,False,0.0008388564376003993,31652.0,1,False,0.2986379460442076,0.05,63305.0
"Fixed 31623, designed",17,2,22,"D 2,3 -> 4,5",22,True,0.0,31654.0,1,False,0.30702477030875686,0.05,94959.0
"Fixed 31623, designed",17,3,11,"D 0,1 -> 6,7",11,True,0.0,31651.0,1,False,0.4010030866164432,0.05,126610.0
"Fixed 31623, designed",17,4,18,"D 1,2 -> 4,7",8,False,0.026297174229921505,31649.0,1,False,0.022746161139309492,0.05,158259.0
"Fixed 31623, designed",17,5,15,"D 0,3 -> 5,6",15,True,0.0,31649.0,1,False,0.03866517252297136,0.05,189908.0
"Fixed 31623, designed",17,6,25,"D 2,3 -> 6,7",8,False,0.022501061671588607,31647.0,1,False,0.03387932947254952,0.06,221555.0
"Fixed 31623, designed",17,7,8,"D 0,1 -> 4,5",8,True,0.0,31649.0,1,False,0.06334829077665316,0.06,253204.0
"Fixed 31623, designed",17,8,11,"D 0,1 -> 6,7",21,False,0.9999999074590317,31650.0,1,False,0.009441304574094549,0.06,284854.0
"Fixed 31623, designed",17,9,7,S 3 -> 7,21,False,1.0,31650.0,1,False,0.009441304574094549,0.06,316504.0
"Fixed 31623, designed",17,10,8,"D 0,1 -> 4,5",21,False,0.9999999744871285,31650.0,1,False,0.009441304574094549,0.06,348154.0
"Fixed 31623, designed",17,11,19,"D 1,2 -> 5,6",21,False,0.9999999952669135,31650.0,1,False,0.009441304574094549,0.06,379804.0
"Fixed 31623, designed",17,12,4,S 2 -> 4,21,False,1.0,31650.0,1,False,0.009441304574094549,0.05,411454.0
"Fixed 31623, designed",17,13,20,"D 1,2 -> 6,7",21,False,1.0,31650.0,1,False,0.009441304574094549,0.05,443104.0
"Fixed 31623, designed",17,14,19,"D 1,2 -> 5,6",21,False,0.9999999952669135,31650.0,1,False,0.009441304574094549,0.05,474754.0
"Fixed 31623, designed",17,15,5,S 2 -> 6,21,False,1.0,31650.0,1,False,0.009441304574094549,0.06,506404.0
"Fixed 31623, designed",17,16,1,S 0 -> 6,21,False,1.0,31650.0,1,False,0.009441304574094549,0.06,538054.0
"Fixed 31623, designed",17,17,2,S 1 -> 5,21,False,1.0,31650.0,1,False,0.009441304574094549,0.06,569704.0
"Fixed 31623, designed",17,18,14,"D 0,3 -> 4,7",21,False,0.999999995266876,31650.0,1,False,0.009441304574094549,0.06,601354.0
"Fixed 31623, designed",17,19,6,S 3 -> 5,21,False,1.0,31650.0,1,False,0.009441304574094549,0.06,633004.0
"Fixed 31623, designed",18,0,25,"D 2,3 -> 6,7",25,True,0.0,31653.0,1,False,0.31503606513167726,0.05,31653.0
"Fixed 31623, designed",18,1,15,"D 0,3 -> 5,6",15,True,0.0,31652.0,1,False,0.29681502172579394,0.05,63305.0
"Fixed 31623, designed",18,2,8,"D 0,1 -> 4,5",8,True,0.0,31652.0,1,False,0.3764697826210095,0.05,94957.0
"Fixed 31623, designed",18,3,18,"D 1,2 -> 4,7",18,True,0.0,31651.0,1,False,0.3002635722338174,0.05,126608.0
"Fixed 31623, designed",18,4,14,"D 0,3 -> 4,7",14,True,0.0,31651.0,1,False,0.03758523457422756,0.05,158259.0
"Fixed 31623, designed",18,5,19,"D 1,2 -> 5,6",19,True,0.0,31655.0,1,False,0.0657125239900671,0.05,189914.0
"Fixed 31623, designed",18,6,22,"D 2,3 -> 4,5",22,True,0.0,31650.0,1,False,0.04364852130558422,0.05,221564.0
"Fixed 31623, designed",18,7,11,"D 0,1 -> 6,7",11,True,0.0,31649.0,1,False,0.10072796416579655,0.05,253213.0
"Fixed 31623, designed",18,8,0,S 0 -> 4,21,False,1.0,31650.0,1,False,0.009441305047874061,0.05,284863.0
"Fixed 31623, designed",18,9,10,"D 0,1 -> 5,6",21,False,1.0,31650.0,1,False,0.00944130458544351,0.05,316513.0
"Fixed 31623, designed",18,10,2,S 1 -> 5,21,False,1.0,31650.0,1,False,0.00944130458544351,0.05,348163.0
"Fixed 31623, designed",18,11,24,"D 2,3 -> 5,6",21,False,1.0,31650.0,1,False,0.00944130458544351,0.05,379813.0
"Fixed 31623, designed",18,12,9,"D 0,1 -> 4,7",21,False,1.0,31650.0,1,False,0.00944130458544351,0.05,411463.0
"Fixed 31623, designed",18,13,10,"D 0,1 -> 5,6",21,False,1.0,31650.0,1,False,0.00944130458544351,0.05,443113.0
"Fixed 31623, designed",18,14,12,"D 0,2 -> 4,6",21,True,8.03115351999395e-11,31650.0,1,False,0.00944130458544351,0.05,474763.0
"Fixed 31623, designed",18,15,11,"D 0,1 -> 6,7",21,False,0.982675131333768,31652.0,1,False,0.01816733765010512,0.05,506415.0
"Fixed 31623, designed",19,0,19,"D 1,2 -> 5,6",25,False,0.052846754050403844,31653.0,1,False,0.31503606513167726,0.05,31653.0
"Fixed 31623, designed",19,1,14,"D 0,3 -> 4,7",22,False,0.0008388565620752741,31653.0,1,False,0.2986379460814117,0.05,63306.0
"Fixed 31623, designed",19,2,22,"D 2,3 -> 4,5",22,True,0.0,31654.0,1,False,0.3070247718582447,0.05,94960.0
"Fixed 31623, designed",19,3,11,"D 0,1 -> 6,7",11,True,0.0,31651.0,1,False,0.4010030868094594,0.05,126611.0
"Fixed 31623, designed",19,4,18,"D 1,2 -> 4,7",8,False,0.026297171902414207,31649.0,1,False,0.02274616133043009,0.05,158260.0
"Fixed 31623, designed",19,5,25,"D 2,3 -> 6,7",15,False,0.3960564099741497,31649.0,1,False,0.03866517349568953,0.05,189909.0
"Fixed 31623, designed",19,6,15,"D 0,3 -> 5,6",8,False,0.028114897304828967,31648.0,1,False,0.04318570973990451,0.05,221557.0
"Fixed 31623, designed",19,7,8,"D 0,1 -> 4,5",8,True,0.0,31648.0,1,False,0.06557576320787806,0.05,253205.0
"Fixed 31623, designed",19,8,25,"D 2,3 -> 6,7",21,False,0.9999999935540187,31650.0,1,False,0.009441304359796274,0.05,284855.0
"Fixed 31623, designed",19,9,7,S 3 -> 7,12,False,1.0,31650.0,1,False,0.009441304335022487,0.05,316505.0
"Fixed 31623, designed",19,10,9,"D 0,1 -> 4,7",12,False,1.0,31650.0,1,False,0.009441304452571728,0.05,348155.0
"Fixed 31623, designed",19,11,21,"D 1,3 -> 5,7",12,False,2.6129060026747197e-09,31650.0,1,False,0.009441304452571728,0.05,379805.0
"Fixed 31623, designed",19,12,12,"D 0,2 -> 4,6",12,True,0.0,31649.0,1,False,0.01816733768816513,0.05,411454.0
"Fixed 31623, designed",20,0,25,"D 2,3 -> 6,7",25,True,0.0,31653.0,1,False,0.31503606513167726,0.05,31653.0
"Fixed 31623, designed",20,1,15,"D 0,3 -> 5,6",15,True,0.0,31652.0,1,False,0.29681502172579394,0.05,63305.0
"Fixed 31623, designed",20,2,8,"D 0,1 -> 4,5",8,True,0.0,31652.0,1,False,0.3764697826210095,0.05,94957.0
"Fixed 31623, designed",20,3,18,"D 1,2 -> 4,7",18,True,0.0,31651.0,1,False,0.3002635722338174,0.05,126608.0
"Fixed 31623, designed",20,4,11,"D 0,1 -> 6,7",14,False,0.3564786117490738,31651.0,1,False,0.03758523457422756,0.05,158259.0
"Fixed 31623, designed",20,5,22,"D 2,3 -> 4,5",19,False,0.004491939885871377,31646.0,1,False,0.03912173614796318,0.05,189905.0
"Fixed 31623, designed",20,6,19,"D 1,2 -> 5,6",14,False,4.189456226377786e-09,31646.0,1,False,0.054109014953737815,0.05,221551.0
"Fixed 31623, designed",20,7,14,"D 0,3 -> 4,7",14,True,0.0,31652.0,1,False,0.10242178082410562,0.05,253203.0
"Fixed 31623, designed",20,8,3,S 1 -> 7,21,False,1.0,31650.0,1,False,0.009441305752846713,0.05,284853.0
"Fixed 31623, designed",20,9,0,S 0 -> 4,21,False,1.0,31650.0,1,False,0.009441305752846713,0.05,316503.0
"Fixed 31623, designed",20,10,11,"D 0,1 -> 6,7",21,False,0.9999999973601719,31650.0,1,False,0.009441305752846713,0.05,348153.0
"Fixed 31623, designed",20,11,2,S 1 -> 5,21,False,1.0,31650.0,1,False,0.009441305752846713,0.05,379803.0
"Fixed 31623, designed",20,12,7,S 3 -> 7,21,False,1.0,31650.0,1,False,0.009441305752846713,0.05,411453.0
"Fixed 31623, designed",20,13,1,S 0 -> 6,21,False,1.0,31650.0,1,False,0.009441305752846713,0.05,443103.0
"Fixed 31623, designed",20,14,1,S 0 -> 6,21,False,1.0,31650.0,1,False,0.009441305752846713,0.05,474753.0
"Fixed 31623, designed",20,15,21,"D 1,3 -> 5,7",21,True,0.0,31650.0,1,False,0.009441305752846713,0.05,506403.0
"Fixed 31623, designed",20,16,21,"D 1,3 -> 5,7",12,False,0.9999999697202357,31649.0,1,False,0.01816733693242264,0.05,538052.0
"Fixed 31623, designed",20,17,8,"D 0,1 -> 4,5",12,False,0.9936904370825055,31649.0,1,False,0.01816733693242264,0.05,569701.0
"Fixed 31623, designed",21,0,25,"D 2,3 -> 6,7",25,True,0.0,31653.0,1,False,0.31503606513167726,0.05,31653.0
"Fixed 31623, designed",21,1,8,"D 0,1 -> 4,5",15,False,0.033311851350335986,31652.0,1,False,0.29681502172579394,0.05,63305.0
"Fixed 31623, designed",21,2,18,"D 1,2 -> 4,7",15,True,5.551115123125783e-16,31651.0,1,False,0.303713351808019,0.05,94956.0
"Fixed 31623, designed",21,3,15,"D 0,3 -> 5,6",15,True,0.0,31652.0,1,False,0.38824803810173447,0.05,126608.0
"Fixed 31623, designed",21,4,14,"D 0,3 -> 4,7",19,True,5.150813109366936e-11,31651.0,1,False,0.03758523456612009,0.05,158259.0
"Fixed 31623, designed",21,5,19,"D 1,2 -> 5,6",19,True,0.0,31655.0,1,False,0.06571252413529666,0.05,189914.0
"Fixed 31623, designed",21,6,11,"D 0,1 -> 6,7",22,False,0.044806584461233534,31650.0,1,False,0.04364852180125853,0.05,221564.0
"Fixed 31623, designed",21,7,22,"D 2,3 -> 4,5",22,True,0.0,31648.0,1,False,0.0696747355600191,0.05,253212.0
"Fixed 31623, designed",21,8,6,S 3 -> 5,12,False,1.0,31650.0,1,False,0.009441304652025612,0.05,284862.0
"Fixed 31623, designed",21,9,19,"D 1,2 -> 5,6",12,False,0.9999999998187229,31650.0,1,False,0.009441304652025612,0.05,316512.0
"Fixed 31623, designed",21,10,10,"D 0,1 -> 5,6",12,False,1.0,31650.0,1,False,0.009441304652025612,0.05,348162.0
"Fixed 31623, designed",21,11,22,"D 2,3 -> 4,5",12,False,0.9999999880637926,31650.0,1,False,0.009441304652025612,0.05,379812.0
"Fixed 31623, designed",21,12,9,"D 0,1 -> 4,7",12,False,1.0,31650.0,1,False,0.009441304652025612,0.05,411462.0
"Fixed 31623, designed",21,13,6,S 3 -> 5,12,False,1.0,31650.0,1,False,0.009441304652025612,0.05,443112.0
"Fixed 31623, designed",21,14,12,"D 0,2 -> 4,6",12,True,0.0,31650.0,1,False,0.009441304652025612,0.05,474762.0
"Fixed 31623, designed",21,15,5,S 2 -> 6,21,False,1.0,31652.0,1,False,0.018167337673977473,0.05,506414.0
"Fixed 31623, designed",21,16,15,"D 0,3 -> 5,6",21,False,0.9933180204126306,31652.0,1,False,0.018167337673977473,0.05,538066.0
"Fixed 31623, designed",22,0,19,"D 1,2 -> 5,6",25,False,0.052846754050403844,31653.0,1,False,0.31503606513167726,0.06,31653.0
"Fixed 31623, designed",22,1,14,"D 0,3 -> 4,7",22,False,0.0008388565620752741,31653.0,1,False,0.2986379460814117,0.05,63306.0
"Fixed 31623, designed",22,2,22,"D 2,3 -> 4,5",22,True,0.0,31654.0,1,False,0.3070247718582447,0.05,94960.0
"Fixed 31623, designed",22,3,11,"D 0,1 -> 6,7",11,True,0.0,31651.0,1,False,0.4010030868094594,0.05,126611.0
"Fixed 31623, designed",22,4,18,"D 1,2 -> 4,7",8,False,0.026297171902414207,31649.0,1,False,0.02274616133043009,0.05,158260.0
"Fixed 31623, designed",22,5,15,"D 0,3 -> 5,6",15,True,0.0,31649.0,1,False,0.03866517349568953,0.05,189909.0
"Fixed 31623, designed",22,6,25,"D 2,3 -> 6,7",8,False,0.022501063358800866,31647.0,1,False,0.03387932916403009,0.05,221556.0
"Fixed 31623, designed",22,7,8,"D 0,1 -> 4,5",8,True,0.0,31649.0,1,False,0.06334829077665252,0.05,253205.0
"Fixed 31623, designed",22,8,23,"D 2,3 -> 4,7",12,False,1.0,31650.0,1,False,0.009441304603637311,0.05,284855.0
"Fixed 31623, designed",22,9,8,"D 0,1 -> 4,5",12,False,0.9999999894089938,31650.0,1,False,0.009441304603637311,0.05,316505.0
"Fixed 31623, designed",22,10,23,"D 2,3 -> 4,7",12,False,1.0,31650.0,1,False,0.009441304603637311,0.05,348155.0
"Fixed 31623, designed",22,11,20,"D 1,2 -> 6,7",12,False,1.0,31650.0,1,False,0.009441304603637311,0.05,379805.0
"Fixed 31623, designed",22,12,0,S 0 -> 4,12,False,1.0,31650.0,1,False,0.009441304603637311,0.05,411455.0
"Fixed 31623, designed",22,13,24,"D 2,3 -> 5,6",12,False,1.0,31650.0,1,False,0.009441304603637311,0.05,443105.0
"Fixed 31623, designed",22,14,21,"D 1,3 -> 5,7",12,True,0.0,31650.0,1,False,0.009441304603637311,0.05,474755.0
"Fixed 31623, designed",22,15,10,"D 0,1 -> 5,6",12,False,1.0,31649.0,1,False,0.018167337680969876,0.05,506404.0
"Fixed 31623, designed",22,16,12,"D 0,2 -> 4,6",12,True,0.0,31649.0,1,False,0.018167337680969876,0.05,538053.0
"Fixed 31623, designed",23,0,25,"D 2,3 -> 6,7",25,True,0.0,31653.0,1,False,0.31503606513167726,0.05,31653.0
"Fixed 31623, designed",23,1,15,"D 0,3 -> 5,6",15,True,0.0,31652.0,1,False,0.29681502172579394,0.05,63305.0
"Fixed 31623, designed",23,2,8,"D 0,1 -> 4,5",8,True,0.0,31652.0,1,False,0.3764697826210095,0.05,94957.0
"Fixed 31623, designed",23,3,18,"D 1,2 -> 4,7",18,True,0.0,31651.0,1,False,0.3002635722338174,0.05,126608.0
"Fixed 31623, designed",23,4,14,"D 0,3 -> 4,7",14,True,0.0,31651.0,1,False,0.03758523457422756,0.05,158259.0
"Fixed 31623, designed",23,5,19,"D 1,2 -> 5,6",19,True,0.0,31655.0,1,False,0.0657125239900671,0.05,189914.0
"Fixed 31623, designed",23,6,11,"D 0,1 -> 6,7",22,False,0.044806582302531095,31650.0,1,False,0.04364852130558422,0.05,221564.0
"Fixed 31623, designed",23,7,22,"D 2,3 -> 4,5",22,True,0.0,31648.0,1,False,0.06967473471683744,0.05,253212.0
"Fixed 31623, designed",23,8,1,S 0 -> 6,12,False,1.0,31650.0,1,False,0.009441304763103292,0.05,284862.0
"Fixed 31623, designed",23,9,12,"D 0,2 -> 4,6",12,True,0.0,31650.0,1,False,0.009441304763103292,0.05,316512.0
"Fixed 31623, designed",23,10,8,"D 0,1 -> 4,5",21,False,0.993689649249565,31652.0,1,False,0.018167337650104195,0.05,348164.0
"Fixed 31623, designed",24,0,19,"D 1,2 -> 5,6",25,False,0.052846754050403844,31653.0,1,False,0.31503606513167726,0.05,31653.0
"Fixed 31623, designed",24,1,22,"D 2,3 -> 4,5",22,True,0.0,31653.0,1,False,0.2986379460814117,0.05,63306.0
"Fixed 31623, designed",24,2,11,"D 0,1 -> 6,7",14,False,0.04670828858227494,31650.0,1,False,0.3532199223008815,0.05,94956.0
"Fixed 31623, designed",24,3,14,"D 0,3 -> 4,7",14,True,0.0,31648.0,1,False,0.2932032898211745,0.05,126604.0
"Fixed 31623, designed",24,4,18,"D 1,2 -> 4,7",8,False,0.026297174711716775,31649.0,1,False,0.02274616115030918,0.05,158253.0
"Fixed 31623, designed",24,5,15,"D 0,3 -> 5,6",15,True,0.0,31649.0,1,False,0.0386651725173843,0.05,189902.0
"Fixed 31623, designed",24,6,25,"D 2,3 -> 6,7",8,False,0.022501066306386486,31647.0,1,False,0.03387932833543461,0.05,221549.0
"Fixed 31623, designed",24,7,8,"D 0,1 -> 4,5",8,True,0.0,31649.0,1,False,0.06334828989027044,0.05,253198.0
"Fixed 31623, designed",24,8,21,"D 1,3 -> 5,7",21,True,0.0,31650.0,1,False,0.009441304619946583,0.05,284848.0
"Fixed 31623, designed",24,9,16,"D 0,3 -> 6,7",12,False,1.0,31649.0,1,False,0.018167337671396357,0.05,316497.0
"Fixed 31623, designed",24,10,12,"D 0,2 -> 4,6",12,True,0.0,31649.0,1,False,0.018167337671396357,0.05,348146.0
"Fixed 31623, designed",25,0,19,"D 1,2 -> 5,6",25,False,0.052846754050403844,31653.0,1,False,0.31503606513167726,0.05,31653.0
"Fixed 31623, designed",25,1,22,"D 2,3 -> 4,5",22,True,0.0,31653.0,1,False,0.2986379460814117,0.05,63306.0
"Fixed 31623, designed",25,2,14,"D 0,3 -> 4,7",14,True,0.0,31650.0,1,False,0.3532199223008815,0.05,94956.0
"Fixed 31623, designed",25,3,11,"D 0,1 -> 6,7",11,True,0.0,31651.0,1,False,0.22254278935005609,0.05,126607.0
"Fixed 31623, designed",25,4,12,"D 0,2 -> 4,6",8,False,0.5058598602719337,31649.0,1,False,0.022746160639765003,0.05,158256.0
"Fixed 31623, designed",25,5,8,"D 0,1 -> 4,5",15,False,0.05851527538238943,31646.0,1,False,0.02315051278444817,0.05,189902.0
"Fixed 31623, designed",25,6,25,"D 2,3 -> 6,7",25,True,0.0,31650.0,1,False,0.03700304510949863,0.05,221552.0
"Fixed 31623, designed",25,7,18,"D 1,2 -> 4,7",18,True,0.0,31649.0,1,False,0.03318187919497778,0.05,253201.0
"Fixed 31623, designed",25,8,15,"D 0,3 -> 5,6",15,True,0.0,31648.0,1,False,0.0612587637902962,0.06,284849.0
"Fixed 31623, designed",25,9,21,"D 1,3 -> 5,7",21,True,0.0,31653.0,1,False,0.02127070676069754,0.05,316502.0
"Fixed 31623, designed",26,0,25,"D 2,3 -> 6,7",25,True,0.0,31653.0,1,False,0.31503606513167726,0.05,31653.0
"Fixed 31623, designed",26,1,15,"D 0,3 -> 5,6",15,True,0.0,31652.0,1,False,0.29681502172579394,0.05,63305.0
"Fixed 31623, designed",26,2,8,"D 0,1 -> 4,5",8,True,0.0,31652.0,1,False,0.3764697826210095,0.05,94957.0
"Fixed 31623, designed",26,3,18,"D 1,2 -> 4,7",18,True,0.0,31651.0,1,False,0.3002635722338174,0.05,126608.0
"Fixed 31623, designed",26,4,14,"D 0,3 -> 4,7",14,True,0.0,31651.0,1,False,0.03758523457422756,0.05,158259.0
"Fixed 31623, designed",26,5,19,"D 1,2 -> 5,6",19,True,0.0,31655.0,1,False,0.0657125239900671,0.05,189914.0
"Fixed 31623, designed",26,6,22,"D 2,3 -> 4,5",22,True,0.0,31650.0,1,False,0.04364852130558422,0.05,221564.0
"Fixed 31623, designed",26,7,11,"D 0,1 -> 6,7",11,True,0.0,31649.0,1,False,0.10072796416579655,0.05,253213.0
"Fixed 31623, designed",26,8,18,"D 1,2 -> 4,7",21,False,0.9999997626368479,31650.0,1,False,0.009441305047874061,0.05,284863.0
"Fixed 31623, designed",26,9,2,S 1 -> 5,12,False,1.0,31650.0,1,False,0.00944130456309997,0.05,316513.0
"Fixed 31623, designed",26,10,9,"D 0,1 -> 4,7",12,False,1.0,31650.0,1,False,0.009441304582734851,0.05,348163.0
"Fixed 31623, designed",26,11,12,"D 0,2 -> 4,6",12,True,0.0,31650.0,1,False,0.009441304582734851,0.05,379813.0
"Fixed 31623, designed",26,12,16,"D 0,3 -> 6,7",21,False,1.0,31652.0,1,False,0.018167337754123755,0.05,411465.0
"Fixed 31623, designed",26,13,18,"D 1,2 -> 4,7",21,False,0.9933158873154032,31652.0,1,False,0.018167337709734756,0.05,443117.0
"Fixed 31623, designed",27,0,25,"D 2,3 -> 6,7",25,True,0.0,31653.0,1,False,0.31503606513167726,0.05,31653.0
"Fixed 31623, designed",27,1,15,"D 0,3 -> 5,6",15,True,0.0,31652.0,1,False,0.29681502172579394,0.05,63305.0
"Fixed 31623, designed",27,2,8,"D 0,1 -> 4,5",8,True,0.0,31652.0,1,False,0.3764697826210095,0.05,94957.0
"Fixed 31623, designed",27,3,18,"D 1,2 -> 4,7",18,True,0.0,31651.0,1,False,0.3002635722338174,0.05,126608.0
"Fixed 31623, designed",27,4,14,"D 0,3 -> 4,7",14,True,0.0,31651.0,1,False,0.03758523457422756,0.05,158259.0
"Fixed 31623, designed",27,5,19,"D 1,2 -> 5,6",19,True,0.0,31655.0,1,False,0.0657125239900671,0.05,189914.0
"Fixed 31623, designed",27,6,11,"D 0,1 -> 6,7",22,False,0.044806582302531095,31650.0,1,False,0.04364852130558422,0.05,221564.0
"Fixed 31623, designed",27,7,22,"D 2,3 -> 4,5",22,True,0.0,31648.0,1,False,0.06967473471683744,0.05,253212.0
"Fixed 31623, designed",27,8,6,S 3 -> 5,12,False,1.0,31650.0,1,False,0.009441304763103292,0.05,284862.0
"Fixed 31623, designed",27,9,1,S 0 -> 6,12,False,1.0,31650.0,1,False,0.009441304763103292,0.05,316512.0
"Fixed 31623, designed",27,10,6,S 3 -> 5,12,False,1.0,31650.0,1,False,0.009441304763103292,0.05,348162.0
"Fixed 31623, designed",27,11,15,"D 0,3 -> 5,6",12,False,0.9999999966967403,31650.0,1,False,0.009441304763103292,0.05,379812.0
"Fixed 31623, designed",27,12,9,"D 0,1 -> 4,7",12,False,1.0,31650.0,1,False,0.009441304763103292,0.05,411462.0
"Fixed 31623, designed",27,13,24,"D 2,3 -> 5,6",12,False,1.0,31650.0,1,False,0.009441304763103292,0.05,443112.0
"Fixed 31623, designed",27,14,2,S 1 -> 5,12,False,1.0,31650.0,1,False,0.009441304763103292,0.05,474762.0
"Fixed 31623, designed",27,15,2,S 1 -> 5,12,False,1.0,31650.0,1,False,0.009441304763103292,0.05,506412.0
"Fixed 31623, designed",27,16,6,S 3 -> 5,12,False,1.0,31650.0,1,False,0.009441304763103292,0.05,538062.0
"Fixed 31623, designed",27,17,4,S 2 -> 4,12,False,1.0,31650.0,1,False,0.009441304763103292,0.05,569712.0
"Fixed 31623, designed",27,18,5,S 2 -> 6,12,False,1.0,31650.0,1,False,0.009441304763103292,0.05,601362.0
"Fixed 31623, designed",27,19,21,"D 1,3 -> 5,7",12,False,2.6598964142365844e-09,31650.0,1,False,0.009441304763103292,0.05,633012.0
"Fixed 31623, designed",28,0,25,"D 2,3 -> 6,7",25,True,0.0,31653.0,1,False,0.31503606513167726,0.05,31653.0
"Fixed 31623, designed",28,1,15,"D 0,3 -> 5,6",15,True,0.0,31652.0,1,False,0.29681502172579394,0.05,63305.0
"Fixed 31623, designed",28,2,8,"D 0,1 -> 4,5",8,True,0.0,31652.0,1,False,0.3764697826210095,0.05,94957.0
"Fixed 31623, designed",28,3,18,"D 1,2 -> 4,7",18,True,0.0,31651.0,1,False,0.3002635722338174,0.05,126608.0
"Fixed 31623, designed",28,4,11,"D 0,1 -> 6,7",14,False,0.3564786117490738,31651.0,1,False,0.03758523457422756,0.05,158259.0
"Fixed 31623, designed",28,5,22,"D 2,3 -> 4,5",19,False,0.004491939885871377,31646.0,1,False,0.03912173614796318,0.05,189905.0
"Fixed 31623, designed",28,6,14,"D 0,3 -> 4,7",14,True,0.0,31646.0,1,False,0.054109014953737815,0.05,221551.0
"Fixed 31623, designed",28,7,19,"D 1,2 -> 5,6",19,True,0.0,31650.0,1,False,0.10242177930798503,0.05,253201.0
"Fixed 31623, designed",28,8,12,"D 0,2 -> 4,6",12,True,0.0,31650.0,1,False,0.00944130513504203,0.05,284851.0
"Fixed 31623, designed",28,9,24,"D 2,3 -> 5,6",21,False,1.0,31652.0,1,False,0.018167337531867764,0.05,316503.0
"Fixed 31623, designed",28,10,19,"D 1,2 -> 5,6",21,False,0.9867734466018421,31652.0,1,False,0.018167337531867764,0.05,348155.0
"Fixed 31623, designed",29,0,25,"D 2,3 -> 6,7",25,True,0.0,31653.0,1,False,0.31503606513167726,0.05,31653.0
"Fixed 31623, designed",29,1,8,"D 0,1 -> 4,5",15,False,0.033311851350335986,31652.0,1,False,0.29681502172579394,0.05,63305.0
"Fixed 31623, designed",29,2,15,"D 0,3 -> 5,6",15,True,0.0,31651.0,1,False,0.303713351808019,0.05,94956.0
"Fixed 31623, designed",29,3,18,"D 1,2 -> 4,7",18,True,0.0,31653.0,1,False,0.38824803810173436,0.05,126609.0
"Fixed 31623, designed",29,4,19,"D 1,2 -> 5,6",14,True,5.1515680610236814e-11,31651.0,1,False,0.03758523456612019,0.05,158260.0
"Fixed 31623, designed",29,5,14,"D 0,3 -> 4,7",14,True,0.0,31651.0,1,False,0.06571252413529657,0.05,189911.0
"Fixed 31623, designed",29,6,11,"D 0,1 -> 6,7",22,False,0.04480658441419072,31650.0,1,False,0.04364852179220628,0.05,221561.0
"Fixed 31623, designed",29,7,22,"D 2,3 -> 4,5",22,True,0.0,31648.0,1,False,0.06967473556001899,0.05,253209.0
"Fixed 31623, designed",29,8,12,"D 0,2 -> 4,6",12,True,0.0,31650.0,1,False,0.009441304833068015,0.05,284859.0
"Fixed 31623, designed",29,9,0,S 0 -> 4,21,False,1.0,31652.0,1,False,0.018167337417697424,0.05,316511.0
"Fixed 31623, designed",29,10,21,"D 1,3 -> 5,7",21,True,0.0,31652.0,1,False,0.018167337417697424,0.05,348163.0
"Fixed 31623, designed",30,0,25,"D 2,3 -> 6,7",25,True,0.0,31653.0,1,False,0.31503606513167726,0.05,31653.0
"Fixed 31623, designed",30,1,15,"D 0,3 -> 5,6",15,True,0.0,31652.0,1,False,0.29681502172579394,0.05,63305.0
"Fixed 31623, designed",30,2,8,"D 0,1 -> 4,5",8,True,0.0,31652.0,1,False,0.3764697826210095,0.05,94957.0
"Fixed 31623, designed",30,3,18,"D 1,2 -> 4,7",18,True,0.0,31651.0,1,False,0.3002635722338174,0.05,126608.0
"Fixed 31623, designed",30,4,19,"D 1,2 -> 5,6",14,True,5.182410056647768e-12,31651.0,1,False,0.03758523457422756,0.05,158259.0
"Fixed 31623, designed",30,5,14,"D 0,3 -> 4,7",14,True,0.0,31651.0,1,False,0.06571252392066197,0.05,189910.0
"Fixed 31623, designed",30,6,11,"D 0,1 -> 6,7",22,False,0.044806582285143115,31650.0,1,False,0.04364852124132713,0.05,221560.0
"Fixed 31623, designed",30,7,22,"D 2,3 -> 4,5",22,True,0.0,31648.0,1,False,0.06967473471393487,0.05,253208.0
"Fixed 31623, designed",30,8,16,"D 0,3 -> 6,7",21,False,1.0,31650.0,1,False,0.009441304632724919,0.05,284858.0
"Fixed 31623, designed",30,9,0,S 0 -> 4,21,False,1.0,31650.0,1,False,0.009441304632724919,0.05,316508.0
"Fixed 31623, designed",30,10,10,"D 0,1 -> 5,6",21,False,1.0,31650.0,1,False,0.009441304632724919,0.05,348158.0
"Fixed 31623, designed",30,11,19,"D 1,2 -> 5,6",21,False,0.9999999753612627,31650.0,1,False,0.009441304632724919,0.05,379808.0
"Fixed 31623, designed",30,12,21,"D 1,3 -> 5,7",21,True,0.0,31650.0,1,False,0.009441304632724919,0.05,411458.0
"Fixed 31623, designed",30,13,13,"D 0,3 -> 4,5",12,False,1.0,31649.0,1,False,0.01816733767528981,0.05,443107.0
"Fixed 31623, designed",30,14,12,"D 0,2 -> 4,6",12,True,0.0,31649.0,1,False,0.01816733767528981,0.05,474756.0
"Fixed 31623, designed",31,0,25,"D 2,3 -> 6,7",25,True,0.0,31653.0,1,False,0.31503606513167726,0.05,31653.0
"Fixed 31623, designed",31,1,8,"D 0,1 -> 4,5",15,False,0.033311851350335986,31652.0,1,False,0.29681502172579394,0.05,63305.0
"Fixed 31623, designed",31,2,15,"D 0,3 -> 5,6",15,True,0.0,31651.0,1,False,0.303713351808019,0.05,94956.0
"Fixed 31623, designed",31,3,18,"D 1,2 -> 4,7",18,True,0.0,31653.0,1,False,0.38824803810173436,0.05,126609.0
"Fixed 31623, designed",31,4,19,"D 1,2 -> 5,6",14,True,5.1515680610236814e-11,31651.0,1,False,0.03758523456612019,0.05,158260.0
"Fixed 31623, designed",31,5,14,"D 0,3 -> 4,7",14,True,0.0,31651.0,1,False,0.06571252413529657,0.05,189911.0
"Fixed 31623, designed",31,6,11,"D 0,1 -> 6,7",22,False,0.04480658441419072,31650.0,1,False,0.04364852179220628,0.05,221561.0
"Fixed 31623, designed",31,7,22,"D 2,3 -> 4,5",22,True,0.0,31648.0,1,False,0.06967473556001899,0.05,253209.0
"Fixed 31623, designed",31,8,20,"D 1,2 -> 6,7",12,False,1.0,31650.0,1,False,0.009441304833068015,0.05,284859.0
"Fixed 31623, designed",31,9,11,"D 0,1 -> 6,7",12,False,0.9999999181619189,31650.0,1,False,0.009441304833068015,0.05,316509.0
"Fixed 31623, designed",31,10,7,S 3 -> 7,12,False,1.0,31650.0,1,False,0.009441304833068015,0.05,348159.0
"Fixed 31623, designed",31,11,15,"D 0,3 -> 5,6",12,False,0.9999999775041203,31650.0,1,False,0.009441304833068015,0.05,379809.0
"Fixed 31623, designed",31,12,7,S 3 -> 7,12,False,1.0,31650.0,1,False,0.009441304833068015,0.05,411459.0
"Fixed 31623, designed",31,13,10,"D 0,1 -> 5,6",12,False,1.0,31650.0,1,False,0.009441304833068015,0.05,443109.0
"Fixed 31623, designed",31,14,5,S 2 -> 6,12,False,1.0,31650.0,1,False,0.009441304833068015,0.05,474759.0
"Fixed 31623, designed",31,15,5,S 2 -> 6,12,False,1.0,31650.0,1,False,0.009441304833068015,0.05,506409.0
"Fixed 31623, designed",31,16,19,"D 1,2 -> 5,6",12,False,0.99999999811224,31650.0,1,False,0.009441304833068015,0.05,538059.0
"Fixed 31623, designed",31,17,1,S 0 -> 6,12,False,1.0,31650.0,1,False,0.009441304833068015,0.05,569709.0
"Fixed 31623, designed",31,18,11,"D 0,1 -> 6,7",12,False,0.9999999181619189,31650.0,1,False,0.009441304833068015,0.05,601359.0
"Fixed 31623, designed",31,19,12,"D 0,2 -> 4,6",12,True,0.0,31650.0,1,False,0.009441304833068015,0.05,633009.0
"Fixed 31623, designed",32,0,25,"D 2,3 -> 6,7",25,True,0.0,31653.0,1,False,0.31503606513167726,0.05,31653.0
"Fixed 31623, designed",32,1,15,"D 0,3 -> 5,6",15,True,0.0,31652.0,1,False,0.29681502172579394,0.05,63305.0
"Fixed 31623, designed",32,2,8,"D 0,1 -> 4,5",8,True,0.0,31652.0,1,False,0.3764697826210095,0.05,94957.0
"Fixed 31623, designed",32,3,18,"D 1,2 -> 4,7",18,True,0.0,31651.0,1,False,0.3002635722338174,0.05,126608.0
"Fixed 31623, designed",32,4,19,"D 1,2 -> 5,6",14,True,5.182410056647768e-12,31651.0,1,False,0.03758523457422756,0.05,158259.0
"Fixed 31623, designed",32,5,14,"D 0,3 -> 4,7",14,True,0.0,31651.0,1,False,0.06571252392066197,0.05,189910.0
"Fixed 31623, designed",32,6,22,"D 2,3 -> 4,5",22,True,0.0,31650.0,1,False,0.04364852124132713,0.05,221560.0
"Fixed 31623, designed",32,7,11,"D 0,1 -> 6,7",11,True,0.0,31649.0,1,False,0.10072796416579667,0.05,253209.0
"Fixed 31623, designed",32,8,21,"D 1,3 -> 5,7",21,True,0.0,31650.0,1,False,0.009441304630083448,0.05,284859.0
"Fixed 31623, designed",32,9,9,"D 0,1 -> 4,7",12,False,1.0,31649.0,1,False,0.018167337649211367,0.05,316508.0
"Fixed 31623, designed",32,10,8,"D 0,1 -> 4,5",12,False,0.9936896451026458,31649.0,1,False,0.018167337649211367,0.05,348157.0
"Fixed 31623, designed",33,0,25,"D 2,3 -> 6,7",25,True,0.0,31653.0,1,False,0.31503606513167726,0.05,31653.0
"Fixed 31623, designed",33,1,18,"D 1,2 -> 4,7",15,True,0.0,31652.0,1,False,0.29681502172579394,0.05,63305.0
"Fixed 31623, designed",33,2,8,"D 0,1 -> 4,5",8,True,0.0,31651.0,1,False,0.3764697826210095,0.05,94956.0
"Fixed 31623, designed",33,3,15,"D 0,3 -> 5,6",15,True,0.0,31649.0,1,False,0.30026357217502075,0.05,126605.0
"Fixed 31623, designed",33,4,14,"D 0,3 -> 4,7",19,True,5.80789971671436e-10,31651.0,1,False,0.03758523474777508,0.05,158256.0
"Fixed 31623, designed",33,5,19,"D 1,2 -> 5,6",19,True,0.0,31655.0,1,False,0.0657125239206618,0.05,189911.0
"Fixed 31623, designed",33,6,22,"D 2,3 -> 4,5",22,True,0.0,31650.0,1,False,0.043648521241327065,0.05,221561.0
"Fixed 31623, designed",33,7,11,"D 0,1 -> 6,7",11,True,0.0,31649.0,1,False,0.10072796416579699,0.05,253210.0
"Fixed 31623, designed",33,8,6,S 3 -> 5,21,False,1.0,31650.0,1,False,0.009441304483876924,0.05,284860.0
"Fixed 31623, designed",33,9,3,S 1 -> 7,12,False,1.0,31650.0,1,False,0.009441304546048494,0.05,316510.0
"Fixed 31623, designed",33,10,2,S 1 -> 5,12,False,1.0,31650.0,1,False,0.009441304546048494,0.05,348160.0
"Fixed 31623, designed",33,11,11,"D 0,1 -> 6,7",12,False,0.9999999972399306,31650.0,1,False,0.009441304546048494,0.05,379810.0
"Fixed 31623, designed",33,12,6,S 3 -> 5,12,False,1.0,31650.0,1,False,0.009441304546048494,0.05,411460.0
"Fixed 31623, designed",33,13,8,"D 0,1 -> 4,5",12,False,0.9999999830892544,31650.0,1,False,0.009441304546048494,0.05,443110.0
"Fixed 31623, designed",33,14,11,"D 0,1 -> 6,7",12,False,0.9999999972399306,31650.0,1,False,0.009441304546048494,0.05,474760.0
"Fixed 31623, designed",33,15,8,"D 0,1 -> 4,5",12,False,0.9999999830892544,31650.0,1,False,0.009441304546048494,0.05,506410.0
"Fixed 31623, designed",33,16,8,"D 0,1 -> 4,5",12,False,0.9999999830892544,31650.0,1,False,0.009441304546048494,0.05,538060.0
"Fixed 31623, designed",33,17,21,"D 1,3 -> 5,7",12,True,6.400169283438117e-10,31650.0,1,False,0.009441304546048494,0.05,569710.0
"Fixed 31623, designed",33,18,8,"D 0,1 -> 4,5",12,False,0.993689529417196,31649.0,1,False,0.018167347037192107,0.05,601359.0
"Fixed 31623, designed",34,0,25,"D 2,3 -> 6,7",25,True,0.0,31653.0,1,False,0.31503606513167726,0.05,31653.0
"Fixed 31623, designed",34,1,8,"D 0,1 -> 4,5",15,False,0.033311851350335986,31652.0,1,False,0.29681502172579394,0.05,63305.0
"Fixed 31623, designed",34,2,18,"D 1,2 -> 4,7",15,True,5.551115123125783e-16,31651.0,1,False,0.303713351808019,0.05,94956.0
"Fixed 31623, designed",34,3,15,"D 0,3 -> 5,6",15,True,0.0,31652.0,1,False,0.38824803810173447,0.05,126608.0
"Fixed 31623, designed",34,4,14,"D 0,3 -> 4,7",19,True,5.150813109366936e-11,31651.0,1,False,0.03758523456612009,0.05,158259.0
"Fixed 31623, designed",34,5,19,"D 1,2 -> 5,6",19,True,0.0,31655.0,1,False,0.06571252413529666,0.05,189914.0
"Fixed 31623, designed",34,6,22,"D 2,3 -> 4,5",22,True,0.0,31650.0,1,False,0.04364852180125853,0.05,221564.0
"Fixed 31623, designed",34,7,11,"D 0,1 -> 6,7",11,True,0.0,31649.0,1,False,0.10072796429211586,0.05,253213.0
"Fixed 31623, designed",34,8,8,"D 0,1 -> 4,5",12,False,0.9999985904811555,31650.0,1,False,0.009441304132124781,0.05,284863.0
"Fixed 31623, designed",34,9,17,"D 1,2 -> 4,5",12,False,1.0,31650.0,1,False,0.009441304132124781,0.05,316513.0
"Fixed 31623, designed",34,10,22,"D 2,3 -> 4,5",12,False,0.999999544475339,31650.0,1,False,0.009441304132124781,0.05,348163.0
"Fixed 31623, designed",34,11,5,S 2 -> 6,12,False,1.0,31650.0,1,False,0.009441304132124781,0.05,379813.0
"Fixed 31623, designed",34,12,12,"D 0,2 -> 4,6",12,True,0.0,31650.0,1,False,0.009441304132124781,0.05,411463.0
"Fixed 31623, designed",34,13,4,S 2 -> 4,21,False,1.0,31652.0,1,False,0.018167337691995293,0.05,443115.0
"Fixed 31623, designed",34,14,21,"D 1,3 -> 5,7",21,True,0.0,31652.0,1,False,0.018167337691995293,0.05,474767.0
"Fixed 31623, designed",35,0,25,"D 2,3 -> 6,7",25,True,0.0,31653.0,1,False,0.31503606513167726,0.05,31653.0
"Fixed 31623, designed",35,1,18,"D 1,2 -> 4,7",15,True,0.0,31652.0,1,False,0.29681502172579394,0.05,63305.0
"Fixed 31623, designed",35,2,8,"D 0,1 -> 4,5",8,True,0.0,31651.0,1,False,0.3764697826210095,0.05,94956.0
"Fixed 31623, designed",35,3,15,"D 0,3 -> 5,6",15,True,0.0,31649.0,1,False,0.30026357217502075,0.05,126605.0
"Fixed 31623, designed",35,4,14,"D 0,3 -> 4,7",19,True,5.80789971671436e-10,31651.0,1,False,0.03758523474777508,0.05,158256.0
"Fixed 31623, designed",35,5,19,"D 1,2 -> 5,6",19,True,0.0,31655.0,1,False,0.0657125239206618,0.05,189911.0
"Fixed 31623, designed",35,6,22,"D 2,3 -> 4,5",22,True,0.0,31650.0,1,False,0.043648521241327065,0.05,221561.0
"Fixed 31623, designed",35,7,11,"D 0,1 -> 6,7",11,True,0.0,31649.0,1,False,0.10072796416579699,0.05,253210.0
"Fixed 31623, designed",35,8,2,S 1 -> 5,21,False,1.0,31650.0,1,False,0.009441304483876924,0.05,284860.0
"Fixed 31623, designed",35,9,20,"D 1,2 -> 6,7",12,False,1.0,31650.0,1,False,0.009441304546048494,0.05,316510.0
"Fixed 31623, designed",35,10,12,"D 0,2 -> 4,6",12,True,0.0,31650.0,1,False,0.009441304546048494,0.05,348160.0
"Fixed 31623, designed",35,11,21,"D 1,3 -> 5,7",21,True,0.0,31652.0,1,False,0.01816733764921205,0.05,379812.0
"Fixed 31623, designed",36,0,14,"D 0,3 -> 4,7",25,False,0.052846754050403844,31653.0,1,False,0.31503606513167726,0.05,31653.0
"Fixed 31623, designed",36,1,22,"D 2,3 -> 4,5",22,True,0.0,31652.0,1,False,0.2986379460442076,0.05,63305.0
"Fixed 31623, designed",36,2,19,"D 1,2 -> 5,6",19,True,0.0,31654.0,1,False,0.35321992230088123,0.05,94959.0
"Fixed 31623, designed",36,3,11,"D 0,1 -> 6,7",11,True,0.0,31651.0,1,False,0.22254279298159932,0.05,126610.0
"Fixed 31623, designed",36,4,6,S 3 -> 5,8,False,1.0,31649.0,1,False,0.022746161137019386,0.05,158259.0
"Fixed 31623, designed",36,5,11,"D 0,1 -> 6,7",8,False,0.9999999993033346,31649.0,1,False,0.022746161137019386,0.05,189908.0
"Fixed 31623, designed",36,6,18,"D 1,2 -> 4,7",8,False,0.026297173989254685,31649.0,1,False,0.022746161137019386,0.05,221557.0
"Fixed 31623, designed",36,7,25,"D 2,3 -> 6,7",15,False,0.3960564053945378,31649.0,1,False,0.03866517251680737,0.05,253206.0
"Fixed 31623, designed",36,8,15,"D 0,3 -> 5,6",8,False,0.02811497544992514,31648.0,1,False,0.04318570976887273,0.05,284854.0
"Fixed 31623, designed",36,9,8,"D 0,1 -> 4,5",8,True,0.0,31648.0,1,False,0.06557576326375422,0.05,316502.0
"Fixed 31623, designed",36,10,4,S 2 -> 4,21,False,1.0,31650.0,1,False,0.009441304623251469,0.05,348152.0
"Fixed 31623, designed",36,11,13,"D 0,3 -> 4,5",21,False,1.0,31650.0,1,False,0.009441304623251469,0.05,379802.0
"Fixed 31623, designed",36,12,14,"D 0,3 -> 4,7",21,False,0.9999999998941083,31650.0,1,False,0.009441304623251469,0.05,411452.0
"Fixed 31623, designed",36,13,3,S 1 -> 7,21,False,1.0,31650.0,1,False,0.009441304623251469,0.05,443102.0
"Fixed 31623, designed",36,14,7,S 3 -> 7,21,False,1.0,31650.0,1,False,0.009441304623251469,0.05,474752.0
"Fixed 31623, designed",36,15,4,S 2 -> 4,21,False,1.0,31650.0,1,False,0.009441304623251469,0.05,506402.0
"Fixed 31623, designed",36,16,18,"D 1,2 -> 4,7",21,False,0.9999999999785836,31650.0,1,False,0.009441304623251469,0.05,538052.0
"Fixed 31623, designed",36,17,19,"D 1,2 -> 5,6",21,False,0.9999999998793432,31650.0,1,False,0.009441304623251469,0.05,569702.0
"Fixed 31623, designed",36,18,2,S 1 -> 5,21,False,1.0,31650.0,1,False,0.009441304623251469,0.05,601352.0
"Fixed 31623, designed",36,19,12,"D 0,2 -> 4,6",21,True,4.937383835112996e-12,31650.0,1,False,0.009441304623251469,0.05,633002.0
"Fixed 31623, designed",37,0,25,"D 2,3 -> 6,7",25,True,0.0,31653.0,1,False,0.31503606513167726,0.05,31653.0
"Fixed 31623, designed",37,1,18,"D 1,2 -> 4,7",15,True,0.0,31652.0,1,False,0.29681502172579394,0.05,63305.0
"Fixed 31623, designed",37,2,8,"D 0,1 -> 4,5",8,True,0.0,31651.0,1,False,0.3764697826210095,0.05,94956.0
"Fixed 31623, designed",37,3,15,"D 0,3 -> 5,6",15,True,0.0,31649.0,1,False,0.30026357217502075,0.05,126605.0
"Fixed 31623, designed",37,4,19,"D 1,2 -> 5,6",19,True,0.0,31651.0,1,False,0.03758523474777508,0.05,158256.0
"Fixed 31623, designed",37,5,14,"D 0,3 -> 4,7",14,True,0.0,31651.0,1,False,0.06571252399006697,0.05,189907.0
"Fixed 31623, designed",37,6,22,"D 2,3 -> 4,5",22,True,0.0,31650.0,1,False,0.043648521305584075,0.05,221557.0
"Fixed 31623, designed",37,7,11,"D 0,1 -> 6,7",11,True,0.0,31649.0,1,False,0.10072796416579774,0.05,253206.0
"Fixed 31623, designed",37,8,8,"D 0,1 -> 4,5",21,False,0.9999999180305379,31650.0,1,False,0.009441304483876945,0.05,284856.0
"Fixed 31623, designed",37,9,21,"D 1,3 -> 5,7",12,True,6.400171503884167e-10,31650.0,1,False,0.009441304583354095,0.05,316506.0
"Fixed 31623, designed",37,10,9,"D 0,1 -> 4,7",12,False,1.0,31649.0,1,False,0.018167337618010995,0.05,348155.0
"Fixed 31623, designed",37,11,9,"D 0,1 -> 4,7",12,False,1.0,31649.0,1,False,0.018167337618010995,0.05,379804.0
"Fixed 31623, designed",37,12,12,"D 0,2 -> 4,6",12,True,0.0,31649.0,1,False,0.018167337618010995,0.05,411453.0
"Fixed 31623, designed",38,0,25,"D 2,3 -> 6,7",25,True,0.0,31653.0,1,False,0.31503606513167726,0.05,31653.0
"Fixed 31623, designed",38,1,8,"D 0,1 -> 4,5",15,False,0.033311851350335986,31652.0,1,False,0.29681502172579394,0.05,63305.0
"Fixed 31623, designed",38,2,15,"D 0,3 -> 5,6",15,True,0.0,31651.0,1,False,0.303713351808019,0.05,94956.0
"Fixed 31623, designed",38,3,18,"D 1,2 -> 4,7",18,True,0.0,31653.0,1,False,0.38824803810173436,0.05,126609.0
"Fixed 31623, designed",38,4,14,"D 0,3 -> 4,7",14,True,0.0,31651.0,1,False,0.03758523456612019,0.05,158260.0
"Fixed 31623, designed",38,5,19,"D 1,2 -> 5,6",19,True,0.0,31655.0,1,False,0.0657125241352967,0.05,189915.0
"Fixed 31623, designed",38,6,22,"D 2,3 -> 4,5",22,True,0.0,31650.0,1,False,0.043648521856409134,0.05,221565.0
"Fixed 31623, designed",38,7,11,"D 0,1 -> 6,7",11,True,0.0,31649.0,1,False,0.10072796429211578,0.05,253214.0
"Fixed 31623, designed",38,8,17,"D 1,2 -> 4,5",12,False,1.0,31650.0,1,False,0.009441304132124777,0.05,284864.0
"Fixed 31623, designed",38,9,12,"D 0,2 -> 4,6",12,True,0.0,31650.0,1,False,0.009441304132124777,0.05,316514.0
"Fixed 31623, designed",38,10,21,"D 1,3 -> 5,7",21,True,0.0,31652.0,1,False,0.0181673374389041,0.05,348166.0
"Fixed 31623, designed",39,0,25,"D 2,3 -> 6,7",25,True,0.0,31653.0,1,False,0.31503606513167726,0.06,31653.0
"Fixed 31623, designed",39,1,8,"D 0,1 -> 4,5",15,False,0.033311851350335986,31652.0,1,False,0.29681502172579394,0.05,63305.0
"Fixed 31623, designed",39,2,18,"D 1,2 -> 4,7",15,True,5.551115123125783e-16,31651.0,1,False,0.303713351808019,0.05,94956.0
"Fixed 31623, designed",39,3,15,"D 0,3 -> 5,6",15,True,0.0,31652.0,1,False,0.38824803810173447,0.05,126608.0
"Fixed 31623, designed",39,4,19,"D 1,2 -> 5,6",19,True,0.0,31651.0,1,False,0.03758523456612009,0.05,158259.0
"Fixed 31623, designed",39,5,14,"D 0,3 -> 4,7",14,True,0.0,31651.0,1,False,0.06571252413529677,0.05,189910.0
"Fixed 31623, designed",39,6,22,"D 2,3 -> 4,5",22,True,0.0,31650.0,1,False,0.04364852185640933,0.05,221560.0
"Fixed 31623, designed",39,7,11,"D 0,1 -> 6,7",11,True,0.0,31649.0,1,False,0.100727964292116,0.05,253209.0
"Fixed 31623, designed",39,8,21,"D 1,3 -> 5,7",12,True,0.0,31650.0,1,False,0.009441304132124916,0.06,284859.0
"Fixed 31623, designed",39,9,12,"D 0,2 -> 4,6",12,True,0.0,31649.0,1,False,0.018167337417688473,0.06,316508.0
"Fixed 31623, designed",40,0,14,"D 0,3 -> 4,7",25,False,0.052846754050403844,31653.0,1,False,0.31503606513167726,0.05,31653.0
"Fixed 31623, designed",40,1,19,"D 1,2 -> 5,6",22,False,0.0008388564376003993,31652.0,1,False,0.2986379460442076,0.05,63305.0
"Fixed 31623, designed",40,2,22,"D 2,3 -> 4,5",22,True,0.0,31654.0,1,False,0.30702477030875686,0.05,94959.0
"Fixed 31623, designed",40,3,11,"D 0,1 -> 6,7",11,True,0.0,31651.0,1,False,0.4010030866164432,0.05,126610.0
"Fixed 31623, designed",40,4,8,"D 0,1 -> 4,5",8,True,0.0,31649.0,1,False,0.022746161139309492,0.05,158259.0
"Fixed 31623, designed",40,5,15,"D 0,3 -> 5,6",25,False,0.3858372034687445,31650.0,1,False,0.03848376632450176,0.05,189909.0
"Fixed 31623, designed",40,6,25,"D 2,3 -> 6,7",25,True,0.0,31648.0,1,False,0.04187436819284658,0.05,221557.0
"Fixed 31623, designed",40,7,18,"D 1,2 -> 4,7",18,True,0.0,31650.0,1,False,0.06317054666208247,0.05,253207.0
"Fixed 31623, designed",40,8,4,S 2 -> 4,21,False,1.0,31650.0,1,False,0.00944130427627844,0.05,284857.0
"Fixed 31623, designed",40,9,17,"D 1,2 -> 4,5",21,False,1.0,31650.0,1,False,0.00944130427627844,0.05,316507.0
"Fixed 31623, designed",40,10,12,"D 0,2 -> 4,6",21,False,1.3546302191080883e-08,31650.0,1,False,0.00944130427627844,0.05,348157.0
"Fixed 31623, designed",40,11,21,"D 1,3 -> 5,7",21,True,0.0,31652.0,1,False,0.018167334858787788,0.05,379809.0
"Fixed 31623, designed",41,0,25,"D 2,3 -> 6,7",25,True,0.0,31653.0,1,False,0.31503606513167726,0.05,31653.0
"Fixed 31623, designed",41,1,15,"D 0,3 -> 5,6",15,True,0.0,31652.0,1,False,0.29681502172579394,0.05,63305.0
"Fixed 31623, designed",41,2,8,"D 0,1 -> 4,5",8,True,0.0,31652.0,1,False,0.3764697826210095,0.05,94957.0
"Fixed 31623, designed",41,3,18,"D 1,2 -> 4,7",18,True,0.0,31651.0,1,False,0.3002635722338174,0.05,126608.0
"Fixed 31623, designed",41,4,19,"D 1,2 -> 5,6",14,True,5.182410056647768e-12,31651.0,1,False,0.03758523457422756,0.05,158259.0
"Fixed 31623, designed",41,5,14,"D 0,3 -> 4,7",14,True,0.0,31651.0,1,False,0.06571252392066197,0.05,189910.0
"Fixed 31623, designed",41,6,22,"D 2,3 -> 4,5",22,True,0.0,31650.0,1,False,0.04364852124132713,0.05,221560.0
"Fixed 31623, designed",41,7,11,"D 0,1 -> 6,7",11,True,0.0,31649.0,1,False,0.10072796416579667,0.05,253209.0
"Fixed 31623, designed",41,8,5,S 2 -> 6,21,False,1.0,31650.0,1,False,0.009441304630083448,0.05,284859.0
"Fixed 31623, designed",41,9,1,S 0 -> 6,21,False,1.0,31650.0,1,False,0.009441304630083448,0.05,316509.0
"Fixed 31623, designed",41,10,6,S 3 -> 5,21,False,1.0,31650.0,1,False,0.009441304630083448,0.05,348159.0
"Fixed 31623, designed",41,11,22,"D 2,3 -> 4,5",21,False,0.9999999960271396,31650.0,1,False,0.009441304630083448,0.05,379809.0
"Fixed 31623, designed",41,12,21,"D 1,3 -> 5,7",21,True,0.0,31650.0,1,False,0.009441304630083448,0.05,411459.0
"Fixed 31623, designed",41,13,12,"D 0,2 -> 4,6",12,True,0.0,31649.0,1,False,0.018167337673246207,0.05,443108.0
"Fixed 31623, designed",42,0,25,"D 2,3 -> 6,7",25,True,0.0,31653.0,1,False,0.31503606513167726,0.05,31653.0
"Fixed 31623, designed",42,1,8,"D 0,1 -> 4,5",15,False,0.033311851350335986,31652.0,1,False,0.29681502172579394,0.05,63305.0
"Fixed 31623, designed",42,2,18,"D 1,2 -> 4,7",15,True,5.551115123125783e-16,31651.0,1,False,0.303713351808019,0.05,94956.0
"Fixed 31623, designed",42,3,15,"D 0,3 -> 5,6",15,True,0.0,31652.0,1,False,0.38824803810173447,0.05,126608.0
"Fixed 31623, designed",42,4,14,"D 0,3 -> 4,7",19,True,5.150813109366936e-11,31651.0,1,False,0.03758523456612009,0.05,158259.0
"Fixed 31623, designed",42,5,19,"D 1,2 -> 5,6",19,True,0.0,31655.0,1,False,0.06571252413529666,0.05,189914.0
"Fixed 31623, designed",42,6,22,"D 2,3 -> 4,5",22,True,0.0,31650.0,1,False,0.04364852180125853,0.06,221564.0
"Fixed 31623, designed",42,7,11,"D 0,1 -> 6,7",11,True,0.0,31649.0,1,False,0.10072796429211586,0.05,253213.0
"Fixed 31623, designed",42,8,19,"D 1,2 -> 5,6",12,False,0.9999999393247723,31650.0,1,False,0.009441304132124781,0.05,284863.0
"Fixed 31623, designed",42,9,14,"D 0,3 -> 4,7",12,False,0.9999999393248119,31650.0,1,False,0.009441304132124781,0.05,316513.0
"Fixed 31623, designed",42,10,4,S 2 -> 4,12,False,1.0,31650.0,1,False,0.009441304132124781,0.05,348163.0
"Fixed 31623, designed",42,11,9,"D 0,1 -> 4,7",12,False,1.0,31650.0,1,False,0.009441304132124781,0.05,379813.0
"Fixed 31623, designed",42,12,5,S 2 -> 6,12,False,1.0,31650.0,1,False,0.009441304132124781,0.05,411463.0
"Fixed 31623, designed",42,13,5,S 2 -> 6,12,False,1.0,31650.0,1,False,0.009441304132124781,0.05,443113.0
"Fixed 31623, designed",42,14,9,"D 0,1 -> 4,7",12,False,1.0,31650.0,1,False,0.009441304132124781,0.05,474763.0
"Fixed 31623, designed",42,15,11,"D 0,1 -> 6,7",12,False,0.9999997204037333,31650.0,1,False,0.009441304132124781,0.05,506413.0
"Fixed 31623, designed",42,16,2,S 1 -> 5,12,False,1.0,31650.0,1,False,0.009441304132124781,0.05,538063.0
"Fixed 31623, designed",42,17,7,S 3 -> 7,12,False,1.0,31650.0,1,False,0.009441304132124781,0.05,569713.0
"Fixed 31623, designed",42,18,13,"D 0,3 -> 4,5",12,False,1.0,31650.0,1,False,0.009441304132124781,0.05,601363.0
"Fixed 31623, designed",42,19,2,S 1 -> 5,12,False,1.0,31650.0,1,False,0.009441304132124781,0.06,633013.0
"Fixed 31623, designed",43,0,25,"D 2,3 -> 6,7",25,True,0.0,31653.0,1,False,0.31503606513167726,0.05,31653.0
"Fixed 31623, designed",43,1,15,"D 0,3 -> 5,6",15,True,0.0,31652.0,1,False,0.29681502172579394,0.05,63305.0
"Fixed 31623, designed",43,2,8,"D 0,1 -> 4,5",8,True,0.0,31652.0,1,False,0.3764697826210095,0.05,94957.0
"Fixed 31623, designed",43,3,18,"D 1,2 -> 4,7",18,True,0.0,31651.0,1,False,0.3002635722338174,0.05,126608.0
"Fixed 31623, designed",43,4,19,"D 1,2 -> 5,6",14,True,5.182410056647768e-12,31651.0,1,False,0.03758523457422756,0.05,158259.0
"Fixed 31623, designed",43,5,14,"D 0,3 -> 4,7",14,True,0.0,31651.0,1,False,0.06571252392066197,0.05,189910.0
"Fixed 31623, designed",43,6,22,"D 2,3 -> 4,5",22,True,0.0,31650.0,1,False,0.04364852124132713,0.05,221560.0
"Fixed 31623, designed",43,7,11,"D 0,1 -> 6,7",11,True,0.0,31649.0,1,False,0.10072796416579667,0.05,253209.0
"Fixed 31623, designed",43,8,6,S 3 -> 5,21,False,1.0,31650.0,1,False,0.009441304630083448,0.05,284859.0
"Fixed 31623, designed",43,9,23,"D 2,3 -> 4,7",21,False,1.0,31650.0,1,False,0.009441304630083448,0.05,316509.0
"Fixed 31623, designed",43,10,7,S 3 -> 7,21,False,1.0,31650.0,1,False,0.009441304630083448,0.05,348159.0
"Fixed 31623, designed",43,11,2,S 1 -> 5,21,False,1.0,31650.0,1,False,0.009441304630083448,0.05,379809.0
"Fixed 31623, designed",43,12,12,"D 0,2 -> 4,6",21,True,2.371568497139265e-10,31650.0,1,False,0.009441304630083448,0.05,411459.0
"Fixed 31623, designed",43,13,21,"D 1,3 -> 5,7",21,True,0.0,31652.0,1,False,0.018167337481629908,0.05,443111.0
"Fixed 31623, designed",44,0,25,"D 2,3 -> 6,7",25,True,0.0,31653.0,1,False,0.31503606513167726,0.05,31653.0
"Fixed 31623, designed",44,1,15,"D 0,3 -> 5,6",15,True,0.0,31652.0,1,False,0.29681502172579394,0.05,63305.0
"Fixed 31623, designed",44,2,8,"D 0,1 -> 4,5",8,True,0.0,31652.0,1,False,0.3764697826210095,0.05,94957.0
"Fixed 31623, designed",44,3,18,"D 1,2 -> 4,7",18,True,0.0,31651.0,1,False,0.3002635722338174,0.05,126608.0
"Fixed 31623, designed",44,4,14,"D 0,3 -> 4,7",14,True,0.0,31651.0,1,False,0.03758523457422756,0.05,158259.0
"Fixed 31623, designed",44,5,19,"D 1,2 -> 5,6",19,True,0.0,31655.0,1,False,0.0657125239900671,0.05,189914.0
"Fixed 31623, designed",44,6,11,"D 0,1 -> 6,7",22,False,0.044806582302531095,31650.0,1,False,0.04364852130558422,0.05,221564.0
"Fixed 31623, designed",44,7,22,"D 2,3 -> 4,5",22,True,0.0,31648.0,1,False,0.06967473471683744,0.05,253212.0
"Fixed 31623, designed",44,8,3,S 1 -> 7,12,False,1.0,31650.0,1,False,0.009441304763103292,0.06,284862.0
"Fixed 31623, designed",44,9,24,"D 2,3 -> 5,6",12,False,1.0,31650.0,1,False,0.009441304763103292,0.06,316512.0
"Fixed 31623, designed",44,10,21,"D 1,3 -> 5,7",12,False,2.6598964142365844e-09,31650.0,1,False,0.009441304763103292,0.06,348162.0
"Fixed 31623, designed",44,11,7,S 3 -> 7,12,False,1.0,31649.0,1,False,0.018167337649211208,0.05,379811.0
"Fixed 31623, designed",44,12,18,"D 1,2 -> 4,7",12,False,0.9933180253837441,31649.0,1,False,0.018167337649211208,0.05,411460.0
"Fixed 31623, designed",45,0,19,"D 1,2 -> 5,6",25,False,0.052846754050403844,31653.0,1,False,0.31503606513167726,0.05,31653.0
"Fixed 31623, designed",45,1,11,"D 0,1 -> 6,7",22,False,0.02016704849809181,31653.0,1,False,0.2986379460814117,0.05,63306.0
"Fixed 31623, designed",45,2,14,"D 0,3 -> 4,7",14,True,0.0,31651.0,1,False,0.37183499075359205,0.05,94957.0
"Fixed 31623, designed",45,3,22,"D 2,3 -> 4,5",22,True,0.0,31651.0,1,False,0.34033883568924567,0.05,126608.0
"Fixed 31623, designed",45,4,8,"D 0,1 -> 4,5",8,True,0.0,31649.0,1,False,0.022746161134040658,0.05,158257.0
"Fixed 31623, designed",45,5,25,"D 2,3 -> 6,7",25,True,0.0,31650.0,1,False,0.03848376076461762,0.05,189907.0
"Fixed 31623, designed",45,6,15,"D 0,3 -> 5,6",18,True,2.6996638258225403e-10,31648.0,1,False,0.033236707476549984,0.05,221555.0
"Fixed 31623, designed",45,7,18,"D 1,2 -> 4,7",18,True,0.0,31648.0,1,False,0.0613574466433171,0.05,253203.0
"Fixed 31623, designed",45,8,3,S 1 -> 7,21,False,1.0,31650.0,1,False,0.009441304625787853,0.05,284853.0
"Fixed 31623, designed",45,9,11,"D 0,1 -> 6,7",21,False,0.9999999977414081,31650.0,1,False,0.009441304625787853,0.05,316503.0
"Fixed 31623, designed",45,10,1,S 0 -> 6,21,False,1.0,31650.0,1,False,0.009441304625787853,0.05,348153.0
"Fixed 31623, designed",45,11,11,"D 0,1 -> 6,7",21,False,0.9999999977414081,31650.0,1,False,0.009441304625787853,0.05,379803.0
"Fixed 31623, designed",45,12,12,"D 0,2 -> 4,6",21,True,6.750522363319078e-11,31650.0,1,False,0.009441304625787853,0.05,411453.0
"Fixed 31623, designed",45,13,12,"D 0,2 -> 4,6",21,False,0.9999999995031437,31652.0,1,False,0.018167337679123624,0.05,443105.0
"Fixed 31623, designed",45,14,21,"D 1,3 -> 5,7",21,True,0.0,31652.0,1,False,0.018167337679123624,0.05,474757.0
"Fixed 31623, designed",46,0,25,"D 2,3 -> 6,7",25,True,0.0,31653.0,1,False,0.31503606513167726,0.05,31653.0
"Fixed 31623, designed",46,1,18,"D 1,2 -> 4,7",15,True,0.0,31652.0,1,False,0.29681502172579394,0.05,63305.0
"Fixed 31623, designed",46,2,8,"D 0,1 -> 4,5",8,True,0.0,31651.0,1,False,0.3764697826210095,0.05,94956.0
"Fixed 31623, designed",46,3,15,"D 0,3 -> 5,6",15,True,0.0,31649.0,1,False,0.30026357217502075,0.05,126605.0
"Fixed 31623, designed",46,4,19,"D 1,2 -> 5,6",19,True,0.0,31651.0,1,False,0.03758523474777508,0.05,158256.0
"Fixed 31623, designed",46,5,14,"D 0,3 -> 4,7",14,True,0.0,31651.0,1,False,0.06571252399006697,0.05,189907.0
"Fixed 31623, designed",46,6,22,"D 2,3 -> 4,5",22,True,0.0,31650.0,1,False,0.043648521305584075,0.05,221557.0
"Fixed 31623, designed",46,7,11,"D 0,1 -> 6,7",11,True,0.0,31649.0,1,False,0.10072796416579774,0.05,253206.0
"Fixed 31623, designed",46,8,24,"D 2,3 -> 5,6",21,False,1.0,31650.0,1,False,0.009441304483876945,0.05,284856.0
"Fixed 31623, designed",46,9,21,"D 1,3 -> 5,7",12,True,6.400112662063862e-10,31650.0,1,False,0.00944130454604846,0.05,316506.0
"Fixed 31623, designed",46,10,12,"D 0,2 -> 4,6",12,True,0.0,31649.0,1,False,0.018167337650105007,0.05,348155.0
"Fixed 31623, designed",47,0,25,"D 2,3 -> 6,7",25,True,0.0,31653.0,1,False,0.31503606513167726,0.05,31653.0
"Fixed 31623, designed",47,1,15,"D 0,3 -> 5,6",15,True,0.0,31652.0,1,False,0.29681502172579394,0.05,63305.0
"Fixed 31623, designed",47,2,8,"D 0,1 -> 4,5",8,True,0.0,31652.0,1,False,0.3764697826210095,0.05,94957.0
"Fixed 31623, designed",47,3,18,"D 1,2 -> 4,7",18,True,0.0,31651.0,1,False,0.3002635722338174,0.05,126608.0
"Fixed 31623, designed",47,4,22,"D 2,3 -> 4,5",14,False,0.30884520195814336,31651.0,1,False,0.03758523457422756,0.05,158259.0
"Fixed 31623, designed",47,5,19,"D 1,2 -> 5,6",11,False,0.22259313251041046,31652.0,1,False,0.05305793406820507,0.05,189911.0
"Fixed 31623, designed",47,6,14,"D 0,3 -> 4,7",14,True,0.0,31649.0,1,False,0.07333715141745498,0.05,221560.0
"Fixed 31623, designed",47,7,11,"D 0,1 -> 6,7",11,True,0.0,31648.0,1,False,0.11145598774969054,0.05,253208.0
"Fixed 31623, designed",47,8,0,S 0 -> 4,21,False,1.0,31650.0,1,False,0.009441304699534856,0.05,284858.0
"Fixed 31623, designed",47,9,7,S 3 -> 7,21,False,1.0,31650.0,1,False,0.009441304699534856,0.05,316508.0
"Fixed 31623, designed",47,10,4,S 2 -> 4,21,False,1.0,31650.0,1,False,0.009441304699534856,0.05,348158.0
"Fixed 31623, designed",47,11,7,S 3 -> 7,21,False,1.0,31650.0,1,False,0.009441304699534856,0.05,379808.0
"Fixed 31623, designed",47,12,4,S 2 -> 4,21,False,1.0,31650.0,1,False,0.009441304699534856,0.05,411458.0
"Fixed 31623, designed",47,13,12,"D 0,2 -> 4,6",21,True,5.054279217375779e-11,31650.0,1,False,0.009441304699534856,0.05,443108.0
"Fixed 31623, designed",47,14,6,S 3 -> 5,21,False,1.0,31652.0,1,False,0.018167337643382138,0.05,474760.0
"Fixed 31623, designed",47,15,11,"D 0,1 -> 6,7",21,False,0.9826751016850951,31652.0,1,False,0.018167337643382138,0.05,506412.0
"Fixed 31623, designed",48,0,25,"D 2,3 -> 6,7",25,True,0.0,31653.0,1,False,0.31503606513167726,0.05,31653.0
"Fixed 31623, designed",48,1,18,"D 1,2 -> 4,7",15,True,0.0,31652.0,1,False,0.29681502172579394,0.05,63305.0
"Fixed 31623, designed",48,2,8,"D 0,1 -> 4,5",8,True,0.0,31651.0,1,False,0.3764697826210095,0.05,94956.0
"Fixed 31623, designed",48,3,15,"D 0,3 -> 5,6",15,True,0.0,31649.0,1,False,0.30026357217502075,0.05,126605.0
"Fixed 31623, designed",48,4,14,"D 0,3 -> 4,7",19,True,5.80789971671436e-10,31651.0,1,False,0.03758523474777508,0.05,158256.0
"Fixed 31623, designed",48,5,19,"D 1,2 -> 5,6",19,True,0.0,31655.0,1,False,0.0657125239206618,0.05,189911.0
"Fixed 31623, designed",48,6,22,"D 2,3 -> 4,5",22,True,0.0,31650.0,1,False,0.043648521241327065,0.05,221561.0
"Fixed 31623, designed",48,7,11,"D 0,1 -> 6,7",11,True,0.0,31649.0,1,False,0.10072796416579699,0.05,253210.0
"Fixed 31623, designed",48,8,12,"D 0,2 -> 4,6",21,False,2.297273260509769e-09,31650.0,1,False,0.009441304483876924,0.05,284860.0
"Fixed 31623, designed",48,9,21,"D 1,3 -> 5,7",21,True,0.0,31652.0,1,False,0.018167337649210347,0.05,316512.0
"Fixed 31623, designed",49,0,25,"D 2,3 -> 6,7",25,True,0.0,31653.0,1,False,0.31503606513167726,0.05,31653.0
"Fixed 31623, designed",49,1,18,"D 1,2 -> 4,7",15,True,0.0,31652.0,1,False,0.29681502172579394,0.05,63305.0
"Fixed 31623, designed",49,2,8,"D 0,1 -> 4,5",8,True,0.0,31651.0,1,False,0.3764697826210095,0.05,94956.0
"Fixed 31623, designed",49,3,15,"D 0,3 -> 5,6",15,True,0.0,31649.0,1,False,0.30026357217502075,0.05,126605.0
"Fixed 31623, designed",49,4,8,"D 0,1 -> 4,5",19,False,0.9999999989005791,31651.0,1,False,0.03758523474777508,0.05,158256.0
"Fixed 31623, designed",49,5,19,"D 1,2 -> 5,6",19,True,0.0,31651.0,1,False,0.03758523474777508,0.05,189907.0
"Fixed 31623, designed",49,6,14,"D 0,3 -> 4,7",14,True,0.0,31651.0,1,False,0.06571252342233182,0.05,221558.0
"Fixed 31623, designed",49,7,22,"D 2,3 -> 4,5",22,True,0.0,31650.0,1,False,0.04364852128770902,0.05,253208.0
"Fixed 31623, designed",49,8,11,"D 0,1 -> 6,7",11,True,0.0,31649.0,1,False,0.10072796439270461,0.05,284857.0
"Fixed 31623, designed",49,9,1,S 0 -> 6,21,False,1.0,31650.0,1,False,0.009441304471694438,0.05,316507.0
"Fixed 31623, designed",49,10,3,S 1 -> 7,21,False,1.0,31650.0,1,False,0.009441304471694438,0.05,348157.0
"Fixed 31623, designed",49,11,0,S 0 -> 4,21,False,1.0,31650.0,1,False,0.009441304471694438,0.05,379807.0
"Fixed 31623, designed",49,12,0,S 0 -> 4,21,False,1.0,31650.0,1,False,0.009441304471694438,0.05,411457.0
"Fixed 31623, designed",49,13,0,S 0 -> 4,21,False,1.0,31650.0,1,False,0.009441304471694438,0.05,443107.0
"Fixed 31623, designed",49,14,5,S 2 -> 6,21,False,1.0,31650.0,1,False,0.009441304471694438,0.05,474757.0
"Fixed 31623, designed",49,15,24,"D 2,3 -> 5,6",21,False,1.0,31650.0,1,False,0.009441304471694438,0.05,506407.0
"Fixed 31623, designed",49,16,6,S 3 -> 5,21,False,1.0,31650.0,1,False,0.009441304471694438,0.05,538057.0
"Fixed 31623, designed",49,17,8,"D 0,1 -> 4,5",21,False,0.999999968233396,31650.0,1,False,0.009441304471694438,0.05,569707.0
"Fixed 31623, designed",49,18,11,"D 0,1 -> 6,7",21,False,0.9999999829116569,31650.0,1,False,0.009441304471694438,0.05,601357.0
"Fixed 31623, designed",49,19,21,"D 1,3 -> 5,7",21,True,0.0,31650.0,1,False,0.009441304471694438,0.05,633007.0
"Fixed 31623, designed",50,0,25,"D 2,3 -> 6,7",25,True,0.0,31653.0,1,False,0.31503606513167726,0.05,31653.0
"Fixed 31623, designed",50,1,18,"D 1,2 -> 4,7",15,True,0.0,31652.0,1,False,0.29681502172579394,0.05,63305.0
"Fixed 31623, designed",50,2,8,"D 0,1 -> 4,5",8,True,0.0,31651.0,1,False,0.3764697826210095,0.05,94956.0
"Fixed 31623, designed",50,3,15,"D 0,3 -> 5,6",15,True,0.0,31649.0,1,False,0.30026357217502075,0.05,126605.0
"Fixed 31623, designed",50,4,19,"D 1,2 -> 5,6",19,True,0.0,31651.0,1,False,0.03758523474777508,0.05,158256.0
"Fixed 31623, designed",50,5,14,"D 0,3 -> 4,7",14,True,0.0,31651.0,1,False,0.06571252399006697,0.05,189907.0
"Fixed 31623, designed",50,6,21,"D 1,3 -> 5,7",22,False,0.6146464063733261,31650.0,1,False,0.043648521305584075,0.05,221557.0
"Fixed 31623, designed",50,7,11,"D 0,1 -> 6,7",22,False,0.045544676503406434,31649.0,1,False,0.0432215520935293,0.05,253206.0
"Fixed 31623, designed",50,8,22,"D 2,3 -> 4,5",22,True,0.0,31648.0,1,False,0.06892993949418039,0.05,284854.0
"Fixed 31623, designed",50,9,12,"D 0,2 -> 4,6",12,True,0.0,31649.0,1,False,0.024090147961901395,0.05,316503.0
"Fixed 31623, designed",51,0,25,"D 2,3 -> 6,7",25,True,0.0,31653.0,1,False,0.31503606513167726,0.05,31653.0
"Fixed 31623, designed",51,1,8,"D 0,1 -> 4,5",15,False,0.033311851350335986,31652.0,1,False,0.29681502172579394,0.05,63305.0
"Fixed 31623, designed",51,2,18,"D 1,2 -> 4,7",15,True,5.551115123125783e-16,31651.0,1,False,0.303713351808019,0.05,94956.0
"Fixed 31623, designed",51,3,15,"D 0,3 -> 5,6",15,True,0.0,31652.0,1,False,0.38824803810173447,0.05,126608.0
"Fixed 31623, designed",51,4,14,"D 0,3 -> 4,7",19,True,5.150813109366936e-11,31651.0,1,False,0.03758523456612009,0.05,158259.0
"Fixed 31623, designed",51,5,19,"D 1,2 -> 5,6",19,True,0.0,31655.0,1,False,0.06571252413529666,0.05,189914.0
"Fixed 31623, designed",51,6,22,"D 2,3 -> 4,5",22,True,0.0,31650.0,1,False,0.04364852180125853,0.05,221564.0
"Fixed 31623, designed",51,7,11,"D 0,1 -> 6,7",11,True,0.0,31649.0,1,False,0.10072796429211586,0.05,253213.0
"Fixed 31623, designed",51,8,10,"D 0,1 -> 5,6",12,False,1.0,31650.0,1,False,0.009441304132124781,0.05,284863.0
"Fixed 31623, designed",51,9,21,"D 1,3 -> 5,7",12,True,1.887379141862766e-15,31650.0,1,False,0.009441304132124781,0.05,316513.0
"Fixed 31623, designed",51,10,4,S 2 -> 4,12,False,1.0,31649.0,1,False,0.01816733758981303,0.05,348162.0
"Fixed 31623, designed",51,11,12,"D 0,2 -> 4,6",12,True,0.0,31649.0,1,False,0.01816733758981303,0.05,379811.0
"Fixed 31623, designed",52,0,25,"D 2,3 -> 6,7",25,True,0.0,31653.0,1,False,0.31503606513167726,0.05,31653.0
"Fixed 31623, designed",52,1,18,"D 1,2 -> 4,7",15,True,0.0,31652.0,1,False,0.29681502172579394,0.05,63305.0
"Fixed 31623, designed",52,2,8,"D 0,1 -> 4,5",8,True,0.0,31651.0,1,False,0.3764697826210095,0.05,94956.0
"Fixed 31623, designed",52,3,15,"D 0,3 -> 5,6",15,True,0.0,31649.0,1,False,0.30026357217502075,0.05,126605.0
"Fixed 31623, designed",52,4,19,"D 1,2 -> 5,6",19,True,0.0,31651.0,1,False,0.03758523474777508,0.05,158256.0
"Fixed 31623, designed",52,5,14,"D 0,3 -> 4,7",14,True,0.0,31651.0,1,False,0.06571252399006697,0.05,189907.0
"Fixed 31623, designed",52,6,11,"D 0,1 -> 6,7",22,False,0.04480658230253376,31650.0,1,False,0.043648521305584075,0.05,221557.0
"Fixed 31623, designed",52,7,22,"D 2,3 -> 4,5",22,True,0.0,31648.0,1,False,0.06967473471393487,0.05,253205.0
"Fixed 31623, designed",52,8,12,"D 0,2 -> 4,6",21,False,2.6598955260581647e-09,31650.0,1,False,0.009441304763103297,0.05,284855.0
"Fixed 31623, designed",52,9,21,"D 1,3 -> 5,7",21,True,0.0,31652.0,1,False,0.018167337649211406,0.05,316507.0
"Fixed 31623, designed",53,0,25,"D 2,3 -> 6,7",25,True,0.0,31653.0,1,False,0.31503606513167726,0.06,31653.0
"Fixed 31623, designed",53,1,18,"D 1,2 -> 4,7",15,True,0.0,31652.0,1,False,0.29681502172579394,0.05,63305.0
"Fixed 31623, designed",53,2,8,"D 0,1 -> 4,5",8,True,0.0,31651.0,1,False,0.3764697826210095,0.05,94956.0
"Fixed 31623, designed",53,3,15,"D 0,3 -> 5,6",15,True,0.0,31649.0,1,False,0.30026357217502075,0.05,126605.0
"Fixed 31623, designed",53,4,14,"D 0,3 -> 4,7",19,True,5.80789971671436e-10,31651.0,1,False,0.03758523474777508,0.05,158256.0
"Fixed 31623, designed",53,5,19,"D 1,2 -> 5,6",19,True,0.0,31655.0,1,False,0.0657125239206618,0.05,189911.0
"Fixed 31623, designed",53,6,12,"D 0,2 -> 4,6",22,False,0.6146464044063147,31650.0,1,False,0.043648521241327065,0.05,221561.0
"Fixed 31623, designed",53,7,11,"D 0,1 -> 6,7",22,False,0.04554467585288402,31647.0,1,False,0.04322155250393711,0.05,253208.0
"Fixed 31623, designed",53,8,22,"D 2,3 -> 4,5",22,True,0.0,31648.0,1,False,0.06892993707041005,0.05,284856.0
"Fixed 31623, designed",53,9,4,S 2 -> 4,21,False,1.0,31647.0,1,False,0.024090149239457587,0.05,316503.0
"Fixed 31623, designed",53,10,7,S 3 -> 7,21,False,1.0,31647.0,1,False,0.024090148498692347,0.05,348150.0
"Fixed 31623, designed",53,11,16,"D 0,3 -> 6,7",21,False,1.0,31647.0,1,False,0.024090148336843375,0.06,379797.0
"Fixed 31623, designed",53,12,21,"D 1,3 -> 5,7",21,True,0.0,31647.0,1,False,0.024090148336843375,0.05,411444.0
"Fixed 31623, designed",54,0,25,"D 2,3 -> 6,7",25,True,0.0,31653.0,1,False,0.31503606513167726,0.05,31653.0
"Fixed 31623, designed",54,1,18,"D 1,2 -> 4,7",15,True,0.0,31652.0,1,False,0.29681502172579394,0.05,63305.0
"Fixed 31623, designed",54,2,8,"D 0,1 -> 4,5",8,True,0.0,31651.0,1,False,0.3764697826210095,0.05,94956.0
"Fixed 31623, designed",54,3,15,"D 0,3 -> 5,6",15,True,0.0,31649.0,1,False,0.30026357217502075,0.05,126605.0
"Fixed 31623, designed",54,4,14,"D 0,3 -> 4,7",19,True,5.80789971671436e-10,31651.0,1,False,0.03758523474777508,0.05,158256.0
"Fixed 31623, designed",54,5,19,"D 1,2 -> 5,6",19,True,0.0,31655.0,1,False,0.0657125239206618,0.05,189911.0
"Fixed 31623, designed",54,6,11,"D 0,1 -> 6,7",22,False,0.044806582285133345,31650.0,1,False,0.043648521241327065,0.05,221561.0
"Fixed 31623, designed",54,7,22,"D 2,3 -> 4,5",22,True,0.0,31648.0,1,False,0.06967473482297251,0.05,253209.0
"Fixed 31623, designed",54,8,13,"D 0,3 -> 4,5",12,False,1.0,31650.0,1,False,0.009441304632724787,0.05,284859.0
"Fixed 31623, designed",54,9,19,"D 1,2 -> 5,6",12,False,0.9999999864832305,31650.0,1,False,0.009441304632724787,0.05,316509.0
"Fixed 31623, designed",54,10,0,S 0 -> 4,12,False,1.0,31650.0,1,False,0.009441304632724787,0.05,348159.0
"Fixed 31623, designed",54,11,8,"D 0,1 -> 4,5",12,False,0.9999999853713407,31650.0,1,False,0.009441304632724787,0.05,379809.0
"Fixed 31623, designed",54,12,6,S 3 -> 5,12,False,1.0,31650.0,1,False,0.009441304632724787,0.05,411459.0
"Fixed 31623, designed",54,13,0,S 0 -> 4,12,False,1.0,31650.0,1,False,0.009441304632724787,0.05,443109.0
"Fixed 31623, designed",54,14,20,"D 1,2 -> 6,7",12,False,1.0,31650.0,1,False,0.009441304632724787,0.05,474759.0
"Fixed 31623, designed",54,15,9,"D 0,1 -> 4,7",12,False,1.0,31650.0,1,False,0.009441304632724787,0.05,506409.0
"Fixed 31623, designed",54,16,9,"D 0,1 -> 4,7",12,False,1.0,31650.0,1,False,0.009441304632724787,0.05,538059.0
"Fixed 31623, designed",54,17,20,"D 1,2 -> 6,7",12,False,1.0,31650.0,1,False,0.009441304632724787,0.05,569709.0
"Fixed 31623, designed",54,18,9,"D 0,1 -> 4,7",12,False,1.0,31650.0,1,False,0.009441304632724787,0.05,601359.0
"Fixed 31623, designed",54,19,6,S 3 -> 5,12,False,1.0,31650.0,1,False,0.009441304632724787,0.05,633009.0
"Fixed 31623, designed",55,0,19,"D 1,2 -> 5,6",25,False,0.052846754050403844,31653.0,1,False,0.31503606513167726,0.05,31653.0
"Fixed 31623, designed",55,1,11,"D 0,1 -> 6,7",22,False,0.02016704849809181,31653.0,1,False,0.2986379460814117,0.05,63306.0
"Fixed 31623, designed",55,2,14,"D 0,3 -> 4,7",14,True,0.0,31651.0,1,False,0.37183499075359205,0.05,94957.0
"Fixed 31623, designed",55,3,22,"D 2,3 -> 4,5",22,True,0.0,31651.0,1,False,0.34033883568924567,0.05,126608.0
"Fixed 31623, designed",55,4,3,S 1 -> 7,8,False,1.0,31649.0,1,False,0.022746161134040658,0.05,158257.0
"Fixed 31623, designed",55,5,8,"D 0,1 -> 4,5",8,True,0.0,31649.0,1,False,0.022746161134040658,0.05,189906.0
"Fixed 31623, designed",55,6,25,"D 2,3 -> 6,7",25,True,0.0,31650.0,1,False,0.03848376076461762,0.05,221556.0
"Fixed 31623, designed",55,7,15,"D 0,3 -> 5,6",15,True,0.0,31648.0,1,False,0.03323670727039518,0.05,253204.0
"Fixed 31623, designed",55,8,18,"D 1,2 -> 4,7",18,True,0.0,31648.0,1,False,0.061357447239254466,0.05,284852.0
"Fixed 31623, designed",55,9,11,"D 0,1 -> 6,7",21,False,0.999999997741417,31650.0,1,False,0.00944130462578793,0.05,316502.0
"Fixed 31623, designed",55,10,21,"D 1,3 -> 5,7",21,True,0.0,31650.0,1,False,0.00944130462578793,0.05,348152.0
"Fixed 31623, designed",55,11,1,S 0 -> 6,12,False,1.0,31649.0,1,False,0.018167337291517094,0.05,379801.0
"Fixed 31623, designed",55,12,25,"D 2,3 -> 6,7",12,False,0.9938252502676831,31649.0,1,False,0.018167337291517094,0.05,411450.0
"Fixed 31623, designed",56,0,14,"D 0,3 -> 4,7",25,False,0.052846754050403844,31653.0,1,False,0.31503606513167726,0.05,31653.0
"Fixed 31623, designed",56,1,22,"D 2,3 -> 4,5",22,True,0.0,31652.0,1,False,0.2986379460442076,0.05,63305.0
"Fixed 31623, designed",56,2,19,"D 1,2 -> 5,6",19,True,0.0,31654.0,1,False,0.35321992230088123,0.05,94959.0
"Fixed 31623, designed",56,3,11,"D 0,1 -> 6,7",11,True,0.0,31651.0,1,False,0.22254279298159932,0.05,126610.0
"Fixed 31623, designed",56,4,10,"D 0,1 -> 5,6",8,False,1.0,31649.0,1,False,0.022746161137019386,0.05,158259.0
"Fixed 31623, designed",56,5,15,"D 0,3 -> 5,6",8,False,0.02629717403297316,31649.0,1,False,0.022746161137019386,0.05,189908.0
"Fixed 31623, designed",56,6,18,"D 1,2 -> 4,7",18,True,0.0,31647.0,1,False,0.03866517250293867,0.05,221555.0
"Fixed 31623, designed",56,7,25,"D 2,3 -> 6,7",8,False,0.022501063990103543,31647.0,1,False,0.03387932904038872,0.05,253202.0
"Fixed 31623, designed",56,8,8,"D 0,1 -> 4,5",8,True,0.0,31649.0,1,False,0.06334829067511642,0.05,284851.0
"Fixed 31623, designed",56,9,8,"D 0,1 -> 4,5",21,False,0.9999999998815872,31650.0,1,False,0.009441304619564172,0.05,316501.0
"Fixed 31623, designed",56,10,0,S 0 -> 4,21,False,1.0,31650.0,1,False,0.009441304619564172,0.05,348151.0
"Fixed 31623, designed",56,11,1,S 0 -> 6,21,False,1.0,31650.0,1,False,0.009441304619564172,0.05,379801.0
"Fixed 31623, designed",56,12,4,S 2 -> 4,21,False,1.0,31650.0,1,False,0.009441304619564172,0.05,411451.0
"Fixed 31623, designed",56,13,11,"D 0,1 -> 6,7",21,False,0.9999999962246374,31650.0,1,False,0.009441304619564172,0.05,443101.0
"Fixed 31623, designed",56,14,14,"D 0,3 -> 4,7",21,False,0.9999999993507562,31650.0,1,False,0.009441304619564172,0.05,474751.0
"Fixed 31623, designed",56,15,18,"D 1,2 -> 4,7",21,False,0.9999999991054135,31650.0,1,False,0.009441304619564172,0.05,506401.0
"Fixed 31623, designed",56,16,16,"D 0,3 -> 6,7",21,False,1.0,31650.0,1,False,0.009441304619564172,0.05,538051.0
"Fixed 31623, designed",56,17,16,"D 0,3 -> 6,7",21,False,1.0,31650.0,1,False,0.009441304619564172,0.05,569701.0
"Fixed 31623, designed",56,18,25,"D 2,3 -> 6,7",21,False,0.9999999984819063,31650.0,1,False,0.009441304619564172,0.05,601351.0
"Fixed 31623, designed",56,19,1,S 0 -> 6,21,False,1.0,31650.0,1,False,0.009441304619564172,0.05,633001.0
"Fixed 31623, designed",57,0,25,"D 2,3 -> 6,7",25,True,0.0,31653.0,1,False,0.31503606513167726,0.05,31653.0
"Fixed 31623, designed",57,1,18,"D 1,2 -> 4,7",15,True,0.0,31652.0,1,False,0.29681502172579394,0.05,63305.0
"Fixed 31623, designed",57,2,8,"D 0,1 -> 4,5",8,True,0.0,31651.0,1,False,0.3764697826210095,0.05,94956.0
"Fixed 31623, designed",57,3,15,"D 0,3 -> 5,6",15,True,0.0,31649.0,1,False,0.30026357217502075,0.05,126605.0
"Fixed 31623, designed",57,4,19,"D 1,2 -> 5,6",19,True,0.0,31651.0,1,False,0.03758523474777508,0.05,158256.0
"Fixed 31623, designed",57,5,14,"D 0,3 -> 4,7",14,True,0.0,31651.0,1,False,0.06571252399006697,0.05,189907.0
"Fixed 31623, designed",57,6,11,"D 0,1 -> 6,7",22,False,0.04480658230253376,31650.0,1,False,0.043648521305584075,0.05,221557.0
"Fixed 31623, designed",57,7,22,"D 2,3 -> 4,5",22,True,0.0,31648.0,1,False,0.06967473471393487,0.05,253205.0
"Fixed 31623, designed",57,8,19,"D 1,2 -> 5,6",21,False,0.9999999421513571,31650.0,1,False,0.009441304763103297,0.05,284855.0
"Fixed 31623, designed",57,9,15,"D 0,3 -> 5,6",21,False,0.9999999732234556,31650.0,1,False,0.009441304763103297,0.05,316505.0
"Fixed 31623, designed",57,10,4,S 2 -> 4,21,False,1.0,31650.0,1,False,0.009441304763103297,0.05,348155.0
"Fixed 31623, designed",57,11,0,S 0 -> 4,21,False,1.0,31650.0,1,False,0.009441304763103297,0.05,379805.0
"Fixed 31623, designed",57,12,7,S 3 -> 7,21,False,1.0,31650.0,1,False,0.009441304763103297,0.05,411455.0
"Fixed 31623, designed",57,13,11,"D 0,1 -> 6,7",21,False,0.9999999285078227,31650.0,1,False,0.009441304763103297,0.05,443105.0
"Fixed 31623, designed",57,14,0,S 0 -> 4,21,False,1.0,31650.0,1,False,0.009441304763103297,0.05,474755.0
"Fixed 31623, designed",57,15,22,"D 2,3 -> 4,5",21,False,0.9999999608600421,31650.0,1,False,0.009441304763103297,0.05,506405.0
"Fixed 31623, designed",57,16,21,"D 1,3 -> 5,7",21,True,0.0,31650.0,1,False,0.009441304763103297,0.05,538055.0
"Fixed 31623, designed",57,17,12,"D 0,2 -> 4,6",12,True,0.0,31649.0,1,False,0.018167331525402022,0.05,569704.0
"Fixed 31623, designed",58,0,14,"D 0,3 -> 4,7",25,False,0.052846754050403844,31653.0,1,False,0.31503606513167726,0.05,31653.0
"Fixed 31623, designed",58,1,19,"D 1,2 -> 5,6",22,False,0.0008388564376003993,31652.0,1,False,0.2986379460442076,0.05,63305.0
"Fixed 31623, designed",58,2,22,"D 2,3 -> 4,5",22,True,0.0,31654.0,1,False,0.30702477030875686,0.05,94959.0
"Fixed 31623, designed",58,3,11,"D 0,1 -> 6,7",11,True,0.0,31651.0,1,False,0.4010030866164432,0.05,126610.0
"Fixed 31623, designed",58,4,8,"D 0,1 -> 4,5",8,True,0.0,31649.0,1,False,0.022746161139309492,0.05,158259.0
"Fixed 31623, designed",58,5,25,"D 2,3 -> 6,7",25,True,0.0,31650.0,1,False,0.03848376632450176,0.05,189909.0
"Fixed 31623, designed",58,6,15,"D 0,3 -> 5,6",15,True,4.551914400963142e-15,31648.0,1,False,0.03323670767411312,0.05,221557.0
"Fixed 31623, designed",58,7,18,"D 1,2 -> 4,7",18,True,0.0,31648.0,1,False,0.06135744828938733,0.05,253205.0
"Fixed 31623, designed",58,8,2,S 1 -> 5,12,False,1.0,31650.0,1,False,0.009441304656497411,0.05,284855.0
"Fixed 31623, designed",58,9,20,"D 1,2 -> 6,7",12,False,1.0,31650.0,1,False,0.009441304656497411,0.05,316505.0
"Fixed 31623, designed",58,10,19,"D 1,2 -> 5,6",12,False,0.9999999548499185,31650.0,1,False,0.009441304656497411,0.05,348155.0
"Fixed 31623, designed",58,11,3,S 1 -> 7,12,False,1.0,31650.0,1,False,0.009441304656497411,0.05,379805.0
"Fixed 31623, designed",58,12,1,S 0 -> 6,12,False,1.0,31650.0,1,False,0.009441304656497411,0.05,411455.0
"Fixed 31623, designed",58,13,20,"D 1,2 -> 6,7",12,False,1.0,31650.0,1,False,0.009441304656497411,0.05,443105.0
"Fixed 31623, designed",58,14,25,"D 2,3 -> 6,7",12,False,0.9999999688278917,31650.0,1,False,0.009441304656497411,0.05,474755.0
"Fixed 31623, designed",58,15,21,"D 1,3 -> 5,7",12,False,2.0162151947999973e-09,31650.0,1,False,0.009441304656497411,0.05,506405.0
"Fixed 31623, designed",58,16,10,"D 0,1 -> 5,6",12,False,1.0,31649.0,1,False,0.018167337661052062,0.05,538054.0
"Fixed 31623, designed",58,17,12,"D 0,2 -> 4,6",12,True,0.0,31649.0,1,False,0.018167337661052062,0.05,569703.0
"Fixed 31623, designed",59,0,25,"D 2,3 -> 6,7",25,True,0.0,31653.0,1,False,0.31503606513167726,0.05,31653.0
"Fixed 31623, designed",59,1,18,"D 1,2 -> 4,7",15,True,0.0,31652.0,1,False,0.29681502172579394,0.05,63305.0
"Fixed 31623, designed",59,2,8,"D 0,1 -> 4,5",8,True,0.0,31651.0,1,False,0.3764697826210095,0.05,94956.0
"Fixed 31623, designed",59,3,15,"D 0,3 -> 5,6",15,True,0.0,31649.0,1,False,0.30026357217502075,0.05,126605.0
"Fixed 31623, designed",59,4,19,"D 1,2 -> 5,6",19,True,0.0,31651.0,1,False,0.03758523474777508,0.05,158256.0
"Fixed 31623, designed",59,5,14,"D 0,3 -> 4,7",14,True,0.0,31651.0,1,False,0.06571252399006697,0.05,189907.0
"Fixed 31623, designed",59,6,22,"D 2,3 -> 4,5",22,True,0.0,31650.0,1,False,0.043648521305584075,0.05,221557.0
"Fixed 31623, designed",59,7,11,"D 0,1 -> 6,7",11,True,0.0,31649.0,1,False,0.10072796416579774,0.05,253206.0
"Fixed 31623, designed",59,8,12,"D 0,2 -> 4,6",21,False,2.297271373130627e-09,31650.0,1,False,0.009441304483876945,0.05,284856.0
"Fixed 31623, designed",59,9,21,"D 1,3 -> 5,7",21,True,0.0,31652.0,1,False,0.018167337649210517,0.05,316508.0
"Fixed 31623, designed",60,0,14,"D 0,3 -> 4,7",25,False,0.052846754050403844,31653.0,1,False,0.31503606513167726,0.05,31653.0
"Fixed 31623, designed",60,1,22,"D 2,3 -> 4,5",22,True,0.0,31652.0,1,False,0.2986379460442076,0.05,63305.0
"Fixed 31623, designed",60,2,19,"D 1,2 -> 5,6",19,True,0.0,31654.0,1,False,0.35321992230088123,0.06,94959.0
"Fixed 31623, designed",60,3,11,"D 0,1 -> 6,7",11,True,0.0,31651.0,1,False,0.22254279298159932,0.05,126610.0
"Fixed 31623, designed",60,4,8,"D 0,1 -> 4,5",8,True,0.0,31649.0,1,False,0.022746161137019386,0.05,158259.0
"Fixed 31623, designed",60,5,18,"D 1,2 -> 4,7",25,False,0.3858372040014417,31650.0,1,False,0.038483766423239515,0.05,189909.0
"Fixed 31623, designed",60,6,15,"D 0,3 -> 5,6",25,False,0.006572094242113802,31646.0,1,False,0.04187436817402358,0.05,221555.0
"Fixed 31623, designed",60,7,25,"D 2,3 -> 6,7",25,True,0.0,31653.0,1,False,0.06343826401230454,0.05,253208.0
"Fixed 31623, designed",60,8,17,"D 1,2 -> 4,5",12,False,1.0,31650.0,1,False,0.009441304670679301,0.05,284858.0
"Fixed 31623, designed",60,9,1,S 0 -> 6,12,False,1.0,31650.0,1,False,0.009441304670679301,0.05,316508.0
"Fixed 31623, designed",60,10,20,"D 1,2 -> 6,7",12,False,1.0,31650.0,1,False,0.009441304670679301,0.05,348158.0
"Fixed 31623, designed",60,11,9,"D 0,1 -> 4,7",12,False,1.0,31650.0,1,False,0.009441304670679301,0.05,379808.0
"Fixed 31623, designed",60,12,4,S 2 -> 4,12,False,1.0,31650.0,1,False,0.009441304670679301,0.05,411458.0
"Fixed 31623, designed",60,13,16,"D 0,3 -> 6,7",12,False,1.0,31650.0,1,False,0.009441304670679301,0.05,443108.0
"Fixed 31623, designed",60,14,17,"D 1,2 -> 4,5",12,False,1.0,31650.0,1,False,0.009441304670679301,0.05,474758.0
"Fixed 31623, designed",60,15,0,S 0 -> 4,12,False,1.0,31650.0,1,False,0.009441304670679301,0.05,506408.0
"Fixed 31623, designed",60,16,12,"D 0,2 -> 4,6",12,True,0.0,31650.0,1,False,0.009441304670679301,0.05,538058.0
"Fixed 31623, designed",60,17,18,"D 1,2 -> 4,7",21,False,0.9933159138470862,31652.0,1,False,0.01816734027190828,0.05,569710.0
"Fixed 31623, designed",61,0,25,"D 2,3 -> 6,7",25,True,0.0,31653.0,1,False,0.31503606513167726,0.05,31653.0
"Fixed 31623, designed",61,1,15,"D 0,3 -> 5,6",15,True,0.0,31652.0,1,False,0.29681502172579394,0.05,63305.0
"Fixed 31623, designed",61,2,8,"D 0,1 -> 4,5",8,True,0.0,31652.0,1,False,0.3764697826210095,0.05,94957.0
"Fixed 31623, designed",61,3,18,"D 1,2 -> 4,7",18,True,0.0,31651.0,1,False,0.3002635722338174,0.05,126608.0
"Fixed 31623, designed",61,4,14,"D 0,3 -> 4,7",14,True,0.0,31651.0,1,False,0.03758523457422756,0.05,158259.0
"Fixed 31623, designed",61,5,19,"D 1,2 -> 5,6",19,True,0.0,31655.0,1,False,0.0657125239900671,0.05,189914.0
"Fixed 31623, designed",61,6,11,"D 0,1 -> 6,7",22,False,0.044806582302531095,31650.0,1,False,0.04364852130558422,0.05,221564.0
"Fixed 31623, designed",61,7,22,"D 2,3 -> 4,5",22,True,0.0,31648.0,1,False,0.06967473471683744,0.05,253212.0
"Fixed 31623, designed",61,8,21,"D 1,3 -> 5,7",12,False,2.6598964142365844e-09,31650.0,1,False,0.009441304763103292,0.05,284862.0
"Fixed 31623, designed",61,9,0,S 0 -> 4,12,False,1.0,31649.0,1,False,0.018167337649211208,0.05,316511.0
"Fixed 31623, designed",61,10,25,"D 2,3 -> 6,7",12,False,0.9938252402841433,31649.0,1,False,0.018167337649211208,0.05,348160.0
"Fixed 31623, designed",62,0,14,"D 0,3 -> 4,7",25,False,0.052846754050403844,31653.0,1,False,0.31503606513167726,0.05,31653.0
"Fixed 31623, designed",62,1,22,"D 2,3 -> 4,5",22,True,0.0,31652.0,1,False,0.2986379460442076,0.05,63305.0
"Fixed 31623, designed",62,2,19,"D 1,2 -> 5,6",19,True,0.0,31654.0,1,False,0.35321992230088123,0.05,94959.0
"Fixed 31623, designed",62,3,11,"D 0,1 -> 6,7",11,True,0.0,31651.0,1,False,0.22254279298159932,0.05,126610.0
"Fixed 31623, designed",62,4,8,"D 0,1 -> 4,5",8,True,0.0,31649.0,1,False,0.022746161137019386,0.05,158259.0
"Fixed 31623, designed",62,5,21,"D 1,3 -> 5,7",25,False,0.7490596318845831,31650.0,1,False,0.038483766423239515,0.05,189909.0
"Fixed 31623, designed",62,6,18,"D 1,2 -> 4,7",25,False,0.33950976446644177,31650.0,1,False,0.0370030451854647,0.05,221559.0
"Fixed 31623, designed",62,7,25,"D 2,3 -> 6,7",15,False,0.07011070874640046,31647.0,1,False,0.04323083167513082,0.05,253206.0
"Fixed 31623, designed",62,8,15,"D 0,3 -> 5,6",15,True,0.0,31648.0,1,False,0.06309749952379459,0.05,284854.0
"Fixed 31623, designed",62,9,12,"D 0,2 -> 4,6",12,True,0.0,31647.0,1,False,0.0212707067818894,0.05,316501.0
"Fixed 31623, designed",63,0,25,"D 2,3 -> 6,7",25,True,0.0,31653.0,1,False,0.31503606513167726,0.05,31653.0
"Fixed 31623, designed",63,1,15,"D 0,3 -> 5,6",15,True,0.0,31652.0,1,False,0.29681502172579394,0.05,63305.0
"Fixed 31623, designed",63,2,8,"D 0,1 -> 4,5",8,True,0.0,31652.0,1,False,0.3764697826210095,0.05,94957.0
"Fixed 31623, designed",63,3,18,"D 1,2 -> 4,7",18,True,0.0,31651.0,1,False,0.3002635722338174,0.05,126608.0
"Fixed 31623, designed",63,4,19,"D 1,2 -> 5,6",14,True,5.182410056647768e-12,31651.0,1,False,0.03758523457422756,0.05,158259.0
"Fixed 31623, designed",63,5,14,"D 0,3 -> 4,7",14,True,0.0,31651.0,1,False,0.06571252392066197,0.05,189910.0
"Fixed 31623, designed",63,6,11,"D 0,1 -> 6,7",22,False,0.044806582285143115,31650.0,1,False,0.04364852124132713,0.05,221560.0
"Fixed 31623, designed",63,7,22,"D 2,3 -> 4,5",22,True,0.0,31648.0,1,False,0.06967473471393487,0.05,253208.0
"Fixed 31623, designed",63,8,22,"D 2,3 -> 4,5",21,False,0.9999999928686681,31650.0,1,False,0.009441304632724919,0.05,284858.0
"Fixed 31623, designed",63,9,19,"D 1,2 -> 5,6",21,False,0.9999999753612627,31650.0,1,False,0.009441304632724919,0.05,316508.0
"Fixed 31623, designed",63,10,14,"D 0,3 -> 4,7",21,False,0.999999986483221,31650.0,1,False,0.009441304632724919,0.05,348158.0
"Fixed 31623, designed",63,11,2,S 1 -> 5,21,False,1.0,31650.0,1,False,0.009441304632724919,0.05,379808.0
"Fixed 31623, designed",63,12,4,S 2 -> 4,21,False,1.0,31650.0,1,False,0.009441304632724919,0.05,411458.0
"Fixed 31623, designed",63,13,21,"D 1,3 -> 5,7",21,True,0.0,31650.0,1,False,0.009441304632724919,0.05,443108.0
"Fixed 31623, designed",63,14,12,"D 0,2 -> 4,6",12,True,0.0,31649.0,1,False,0.01816733792459624,0.05,474757.0
"Fixed 31623, designed",64,0,25,"D 2,3 -> 6,7",25,True,0.0,31653.0,1,False,0.31503606513167726,0.05,31653.0
"Fixed 31623, designed",64,1,8,"D 0,1 -> 4,5",15,False,0.033311851350335986,31652.0,1,False,0.29681502172579394,0.05,63305.0
"Fixed 31623, designed",64,2,18,"D 1,2 -> 4,7",15,True,5.551115123125783e-16,31651.0,1,False,0.303713351808019,0.05,94956.0
"Fixed 31623, designed",64,3,15,"D 0,3 -> 5,6",15,True,0.0,31652.0,1,False,0.38824803810173447,0.05,126608.0
"Fixed 31623, designed",64,4,22,"D 2,3 -> 4,5",19,False,0.30884520182476316,31651.0,1,False,0.03758523456612009,0.05,158259.0
"Fixed 31623, designed",64,5,11,"D 0,1 -> 6,7",11,True,0.0,31652.0,1,False,0.053057933210640784,0.05,189911.0
"Fixed 31623, designed",64,6,19,"D 1,2 -> 5,6",14,True,7.771561172376096e-16,31646.0,1,False,0.05410901650368674,0.05,221557.0
"Fixed 31623, designed",64,7,14,"D 0,3 -> 4,7",14,True,0.0,31652.0,1,False,0.10242177922645253,0.05,253209.0
"Fixed 31623, designed",64,8,11,"D 0,1 -> 6,7",21,False,0.9999999917533293,31650.0,1,False,0.009441304645106122,0.05,284859.0
"Fixed 31623, designed",64,9,20,"D 1,2 -> 6,7",21,False,1.0,31650.0,1,False,0.009441304645106122,0.05,316509.0
"Fixed 31623, designed",64,10,21,"D 1,3 -> 5,7",21,True,0.0,31650.0,1,False,0.009441304645106122,0.05,348159.0
"Fixed 31623, designed",64,11,11,"D 0,1 -> 6,7",12,False,0.9826751235055716,31649.0,1,False,0.018167337643450236,0.05,379808.0
"Fixed 31623, designed",65,0,25,"D 2,3 -> 6,7",25,True,0.0,31653.0,1,False,0.31503606513167726,0.05,31653.0
"Fixed 31623, designed",65,1,18,"D 1,2 -> 4,7",15,True,0.0,31652.0,1,False,0.29681502172579394,0.05,63305.0
"Fixed 31623, designed",65,2,8,"D 0,1 -> 4,5",8,True,0.0,31651.0,1,False,0.3764697826210095,0.05,94956.0
"Fixed 31623, designed",65,3,15,"D 0,3 -> 5,6",15,True,0.0,31649.0,1,False,0.30026357217502075,0.05,126605.0
"Fixed 31623, designed",65,4,19,"D 1,2 -> 5,6",19,True,0.0,31651.0,1,False,0.03758523474777508,0.05,158256.0
"Fixed 31623, designed",65,5,14,"D 0,3 -> 4,7",14,True,0.0,31651.0,1,False,0.06571252399006697,0.05,189907.0
"Fixed 31623, designed",65,6,11,"D 0,1 -> 6,7",22,False,0.04480658230253376,31650.0,1,False,0.043648521305584075,0.05,221557.0
"Fixed 31623, designed",65,7,22,"D 2,3 -> 4,5",22,True,0.0,31648.0,1,False,0.06967473471393487,0.05,253205.0
"Fixed 31623, designed",65,8,19,"D 1,2 -> 5,6",21,False,0.9999999421513571,31650.0,1,False,0.009441304763103297,0.05,284855.0
"Fixed 31623, designed",65,9,12,"D 0,2 -> 4,6",21,False,2.6598955260581647e-09,31650.0,1,False,0.009441304763103297,0.05,316505.0
"Fixed 31623, designed",65,10,21,"D 1,3 -> 5,7",21,True,0.0,31652.0,1,False,0.018167337550991317,0.05,348157.0
"Fixed 31623, designed",66,0,19,"D 1,2 -> 5,6",25,False,0.052846754050403844,31653.0,1,False,0.31503606513167726,0.05,31653.0
"Fixed 31623, designed",66,1,22,"D 2,3 -> 4,5",22,True,0.0,31653.0,1,False,0.2986379460814117,0.05,63306.0
"Fixed 31623, designed",66,2,14,"D 0,3 -> 4,7",14,True,0.0,31650.0,1,False,0.3532199223008815,0.05,94956.0
"Fixed 31623, designed",66,3,11,"D 0,1 -> 6,7",11,True,0.0,31651.0,1,False,0.22254278935005609,0.05,126607.0
"Fixed 31623, designed",66,4,18,"D 1,2 -> 4,7",8,False,0.02629715897981577,31649.0,1,False,0.022746160639765003,0.05,158256.0
"Fixed 31623, designed",66,5,8,"D 0,1 -> 4,5",15,False,0.3684733669579199,31649.0,1,False,0.03866517250293926,0.05,189905.0
"Fixed 31623, designed",66,6,15,"D 0,3 -> 5,6",25,False,0.00657209065543074,31646.0,1,False,0.04187436805174083,0.05,221551.0
"Fixed 31623, designed",66,7,25,"D 2,3 -> 6,7",25,True,0.0,31653.0,1,False,0.06343826389134258,0.05,253204.0
"Fixed 31623, designed",66,8,5,S 2 -> 6,21,False,1.0,31650.0,1,False,0.009441304922546467,0.05,284854.0
"Fixed 31623, designed",66,9,5,S 2 -> 6,21,False,1.0,31650.0,1,False,0.009441304922546467,0.05,316504.0
"Fixed 31623, designed",66,10,20,"D 1,2 -> 6,7",21,False,1.0,31650.0,1,False,0.009441304922546467,0.05,348154.0
"Fixed 31623, designed",66,11,5,S 2 -> 6,21,False,1.0,31650.0,1,False,0.009441304922546467,0.05,379804.0
"Fixed 31623, designed",66,12,1,S 0 -> 6,21,False,1.0,31650.0,1,False,0.009441304922546467,0.05,411454.0
"Fixed 31623, designed",66,13,7,S 3 -> 7,21,False,1.0,31650.0,1,False,0.009441304922546467,0.05,443104.0
"Fixed 31623, designed",66,14,12,"D 0,2 -> 4,6",21,False,3.258575298481503e-09,31650.0,1,False,0.009441304922546467,0.05,474754.0
"Fixed 31623, designed",66,15,10,"D 0,1 -> 5,6",21,False,1.0,31652.0,1,False,0.018167340837534216,0.05,506406.0
"Fixed 31623, designed",66,16,9,"D 0,1 -> 4,7",21,False,1.0,31652.0,1,False,0.018167340373488255,0.05,538058.0
"Fixed 31623, designed",66,17,21,"D 1,3 -> 5,7",21,True,0.0,31652.0,1,False,0.018167340373488255,0.05,569710.0
"Fixed 31623, designed",67,0,19,"D 1,2 -> 5,6",25,False,0.052846754050403844,31653.0,1,False,0.31503606513167726,0.06,31653.0
"Fixed 31623, designed",67,1,11,"D 0,1 -> 6,7",22,False,0.02016704849809181,31653.0,1,False,0.2986379460814117,0.05,63306.0
"Fixed 31623, designed",67,2,14,"D 0,3 -> 4,7",14,True,0.0,31651.0,1,False,0.37183499075359205,0.05,94957.0
"Fixed 31623, designed",67,3,22,"D 2,3 -> 4,5",22,True,0.0,31651.0,1,False,0.34033883568924567,0.05,126608.0
"Fixed 31623, designed",67,4,8,"D 0,1 -> 4,5",8,True,0.0,31649.0,1,False,0.022746161134040658,0.06,158257.0
"Fixed 31623, designed",67,5,25,"D 2,3 -> 6,7",25,True,0.0,31650.0,1,False,0.03848376076461762,0.06,189907.0
"Fixed 31623, designed",67,6,15,"D 0,3 -> 5,6",18,True,2.6996638258225403e-10,31648.0,1,False,0.033236707476549984,0.05,221555.0
"Fixed 31623, designed",67,7,18,"D 1,2 -> 4,7",18,True,0.0,31648.0,1,False,0.0613574466433171,0.05,253203.0
"Fixed 31623, designed",67,8,19,"D 1,2 -> 5,6",21,False,0.9999999982414841,31650.0,1,False,0.009441304625787853,0.05,284853.0
"Fixed 31623, designed",67,9,2,S 1 -> 5,21,False,1.0,31650.0,1,False,0.009441304625787853,0.05,316503.0
"Fixed 31623, designed",67,10,1,S 0 -> 6,21,False,1.0,31650.0,1,False,0.009441304625787853,0.05,348153.0
"Fixed 31623, designed",67,11,7,S 3 -> 7,21,False,1.0,31650.0,1,False,0.009441304625787853,0.05,379803.0
"Fixed 31623, designed",67,12,6,S 3 -> 5,21,False,1.0,31650.0,1,False,0.009441304625787853,0.05,411453.0
"Fixed 31623, designed",67,13,1,S 0 -> 6,21,False,1.0,31650.0,1,False,0.009441304625787853,0.05,443103.0
"Fixed 31623, designed",67,14,14,"D 0,3 -> 4,7",21,False,0.9999999982563352,31650.0,1,False,0.009441304625787853,0.05,474753.0
"Fixed 31623, designed",67,15,10,"D 0,1 -> 5,6",21,False,1.0,31650.0,1,False,0.009441304625787853,0.05,506403.0
"Fixed 31623, designed",67,16,6,S 3 -> 5,21,False,1.0,31650.0,1,False,0.009441304625787853,0.05,538053.0
"Fixed 31623, designed",67,17,8,"D 0,1 -> 4,5",21,False,0.9999999995467197,31650.0,1,False,0.009441304625787853,0.05,569703.0
"Fixed 31623, designed",67,18,21,"D 1,3 -> 5,7",21,True,0.0,31650.0,1,False,0.009441304625787853,0.05,601353.0
"Fixed 31623, designed",67,19,7,S 3 -> 7,12,False,1.0,31649.0,1,False,0.01816733749166853,0.05,633002.0
"Fixed 31623, designed",68,0,25,"D 2,3 -> 6,7",25,True,0.0,31653.0,1,False,0.31503606513167726,0.05,31653.0
"Fixed 31623, designed",68,1,18,"D 1,2 -> 4,7",15,True,0.0,31652.0,1,False,0.29681502172579394,0.05,63305.0
"Fixed 31623, designed",68,2,8,"D 0,1 -> 4,5",8,True,0.0,31651.0,1,False,0.3764697826210095,0.05,94956.0
"Fixed 31623, designed",68,3,15,"D 0,3 -> 5,6",15,True,0.0,31649.0,1,False,0.30026357217502075,0.05,126605.0
"Fixed 31623, designed",68,4,19,"D 1,2 -> 5,6",19,True,0.0,31651.0,1,False,0.03758523474777508,0.05,158256.0
"Fixed 31623, designed",68,5,14,"D 0,3 -> 4,7",14,True,0.0,31651.0,1,False,0.06571252399006697,0.05,189907.0
"Fixed 31623, designed",68,6,11,"D 0,1 -> 6,7",22,False,0.04480658230253376,31650.0,1,False,0.043648521305584075,0.05,221557.0
"Fixed 31623, designed",68,7,22,"D 2,3 -> 4,5",22,True,0.0,31648.0,1,False,0.06967473471393487,0.05,253205.0
"Fixed 31623, designed",68,8,10,"D 0,1 -> 5,6",21,False,1.0,31650.0,1,False,0.009441304763103297,0.05,284855.0
"Fixed 31623, designed",68,9,10,"D 0,1 -> 5,6",21,False,1.0,31650.0,1,False,0.009441304763103297,0.05,316505.0
"Fixed 31623, designed",68,10,9,"D 0,1 -> 4,7",21,False,1.0,31650.0,1,False,0.009441304763103297,0.05,348155.0
"Fixed 31623, designed",68,11,20,"D 1,2 -> 6,7",21,False,1.0,31650.0,1,False,0.009441304763103297,0.05,379805.0
"Fixed 31623, designed",68,12,21,"D 1,3 -> 5,7",21,True,0.0,31650.0,1,False,0.009441304763103297,0.05,411455.0
"Fixed 31623, designed",68,13,20,"D 1,2 -> 6,7",12,False,1.0,31649.0,1,False,0.01816733765010426,0.05,443104.0
"Fixed 31623, designed",68,14,4,S 2 -> 4,12,False,1.0,31649.0,1,False,0.01816733765010426,0.05,474753.0
"Fixed 31623, designed",68,15,12,"D 0,2 -> 4,6",12,True,0.0,31649.0,1,False,0.01816733765010426,0.05,506402.0
"Fixed 31623, designed",69,0,14,"D 0,3 -> 4,7",25,False,0.052846754050403844,31653.0,1,False,0.31503606513167726,0.05,31653.0
"Fixed 31623, designed",69,1,22,"D 2,3 -> 4,5",22,True,0.0,31652.0,1,False,0.2986379460442076,0.05,63305.0
"Fixed 31623, designed",69,2,19,"D 1,2 -> 5,6",19,True,0.0,31654.0,1,False,0.35321992230088123,0.05,94959.0
"Fixed 31623, designed",69,3,11,"D 0,1 -> 6,7",11,True,0.0,31651.0,1,False,0.22254279298159932,0.05,126610.0
"Fixed 31623, designed",69,4,25,"D 2,3 -> 6,7",8,False,0.05487982572877592,31649.0,1,False,0.022746161137019386,0.05,158259.0
"Fixed 31623, designed",69,5,8,"D 0,1 -> 4,5",8,True,0.0,31649.0,1,False,0.039703579032841094,0.05,189908.0
"Fixed 31623, designed",69,6,15,"D 0,3 -> 5,6",15,True,0.0,31648.0,1,False,0.03323670743302457,0.05,221556.0
"Fixed 31623, designed",69,7,18,"D 1,2 -> 4,7",18,True,0.0,31648.0,1,False,0.06135745224653421,0.05,253204.0
"Fixed 31623, designed",69,8,4,S 2 -> 4,21,False,1.0,31650.0,1,False,0.009441304583807243,0.05,284854.0
"Fixed 31623, designed",69,9,19,"D 1,2 -> 5,6",21,False,0.999999986386189,31650.0,1,False,0.009441304583807243,0.05,316504.0
"Fixed 31623, designed",69,10,13,"D 0,3 -> 4,5",21,False,1.0,31650.0,1,False,0.009441304583807243,0.05,348154.0
"Fixed 31623, designed",69,11,19,"D 1,2 -> 5,6",21,False,0.999999986386189,31650.0,1,False,0.009441304583807243,0.05,379804.0
"Fixed 31623, designed",69,12,6,S 3 -> 5,21,False,1.0,31650.0,1,False,0.009441304583807243,0.05,411454.0
"Fixed 31623, designed",69,13,2,S 1 -> 5,21,False,1.0,31650.0,1,False,0.009441304583807243,0.05,443104.0
"Fixed 31623, designed",69,14,25,"D 2,3 -> 6,7",21,False,0.9999999932571018,31650.0,1,False,0.009441304583807243,0.05,474754.0
"Fixed 31623, designed",69,15,22,"D 2,3 -> 4,5",21,False,0.9999999764456798,31650.0,1,False,0.009441304583807243,0.05,506404.0
"Fixed 31623, designed",69,16,10,"D 0,1 -> 5,6",21,False,1.0,31650.0,1,False,0.009441304583807243,0.05,538054.0
"Fixed 31623, designed",69,17,12,"D 0,2 -> 4,6",21,False,1.7082445458171946e-09,31650.0,1,False,0.009441304583807243,0.05,569704.0
"Fixed 31623, designed",69,18,21,"D 1,3 -> 5,7",21,True,0.0,31652.0,1,False,0.01816733766675032,0.05,601356.0
"Fixed 31623, designed",70,0,25,"D 2,3 -> 6,7",25,True,0.0,31653.0,1,False,0.31503606513167726,0.05,31653.0
"Fixed 31623, designed",70,1,15,"D 0,3 -> 5,6",15,True,0.0,31652.0,1,False,0.29681502172579394,0.05,63305.0
"Fixed 31623, designed",70,2,8,"D 0,1 -> 4,5",8,True,0.0,31652.0,1,False,0.3764697826210095,0.05,94957.0
"Fixed 31623, designed",70,3,18,"D 1,2 -> 4,7",18,True,0.0,31651.0,1,False,0.3002635722338174,0.05,126608.0
"Fixed 31623, designed",70,4,11,"D 0,1 -> 6,7",14,False,0.3564786117490738,31651.0,1,False,0.03758523457422756,0.05,158259.0
"Fixed 31623, designed",70,5,19,"D 1,2 -> 5,6",19,True,0.0,31646.0,1,False,0.03912173614796318,0.05,189905.0
"Fixed 31623, designed",70,6,14,"D 0,3 -> 4,7",14,True,0.0,31646.0,1,False,0.06888584049226043,0.05,221551.0
"Fixed 31623, designed",70,7,22,"D 2,3 -> 4,5",22,True,0.0,31653.0,1,False,0.07215392977191218,0.05,253204.0
"Fixed 31623, designed",70,8,0,S 0 -> 4,12,False,1.0,31650.0,1,False,0.009441304618271692,0.05,284854.0
"Fixed 31623, designed",70,9,3,S 1 -> 7,12,False,1.0,31650.0,1,False,0.009441304618271692,0.05,316504.0
"Fixed 31623, designed",70,10,16,"D 0,3 -> 6,7",12,False,1.0,31650.0,1,False,0.009441304618271692,0.05,348154.0
"Fixed 31623, designed",70,11,9,"D 0,1 -> 4,7",12,False,1.0,31650.0,1,False,0.009441304618271692,0.05,379804.0
"Fixed 31623, designed",70,12,15,"D 0,3 -> 5,6",12,False,0.9999999981652687,31650.0,1,False,0.009441304618271692,0.05,411454.0
"Fixed 31623, designed",70,13,12,"D 0,2 -> 4,6",12,True,0.0,31650.0,1,False,0.009441304618271692,0.05,443104.0
"Fixed 31623, designed",70,14,14,"D 0,3 -> 4,7",21,False,0.9867664065650837,31652.0,1,False,0.018167337748505936,0.05,474756.0
"Fixed 31623, designed",71,0,25,"D 2,3 -> 6,7",25,True,0.0,31653.0,1,False,0.31503606513167726,0.06,31653.0
"Fixed 31623, designed",71,1,15,"D 0,3 -> 5,6",15,True,0.0,31652.0,1,False,0.29681502172579394,0.05,63305.0
"Fixed 31623, designed",71,2,8,"D 0,1 -> 4,5",8,True,0.0,31652.0,1,False,0.3764697826210095,0.05,94957.0
"Fixed 31623, designed",71,3,18,"D 1,2 -> 4,7",18,True,0.0,31651.0,1,False,0.3002635722338174,0.05,126608.0
"Fixed 31623, designed",71,4,19,"D 1,2 -> 5,6",14,True,5.182410056647768e-12,31651.0,1,False,0.03758523457422756,0.05,158259.0
"Fixed 31623, designed",71,5,14,"D 0,3 -> 4,7",14,True,0.0,31651.0,1,False,0.06571252392066197,0.05,189910.0
"Fixed 31623, designed",71,6,22,"D 2,3 -> 4,5",22,True,0.0,31650.0,1,False,0.04364852124132713,0.05,221560.0
"Fixed 31623, designed",71,7,11,"D 0,1 -> 6,7",11,True,0.0,31649.0,1,False,0.10072796416579667,0.05,253209.0
"Fixed 31623, designed",71,8,1,S 0 -> 6,21,False,1.0,31650.0,1,False,0.009441304630083448,0.05,284859.0
"Fixed 31623, designed",71,9,25,"D 2,3 -> 6,7",21,False,0.9999999985957311,31650.0,1,False,0.009441304630083448,0.05,316509.0
"Fixed 31623, designed",71,10,18,"D 1,2 -> 4,7",21,False,0.9999999989277024,31650.0,1,False,0.009441304630083448,0.05,348159.0
"Fixed 31623, designed",71,11,12,"D 0,2 -> 4,6",21,True,2.371568497139265e-10,31650.0,1,False,0.009441304630083448,0.05,379809.0
"Fixed 31623, designed",71,12,13,"D 0,3 -> 4,5",21,False,1.0,31652.0,1,False,0.018167338689296215,0.05,411461.0
"Fixed 31623, designed",71,13,2,S 1 -> 5,21,False,1.0,31652.0,1,False,0.018167338689296215,0.05,443113.0
"Fixed 31623, designed",71,14,21,"D 1,3 -> 5,7",21,True,0.0,31652.0,1,False,0.018167338689296215,0.05,474765.0
"Fixed 31623, designed",72,0,25,"D 2,3 -> 6,7",25,True,0.0,31653.0,1,False,0.31503606513167726,0.05,31653.0
"Fixed 31623, designed",72,1,18,"D 1,2 -> 4,7",15,True,0.0,31652.0,1,False,0.29681502172579394,0.05,63305.0
"Fixed 31623, designed",72,2,8,"D 0,1 -> 4,5",8,True,0.0,31651.0,1,False,0.3764697826210095,0.05,94956.0
"Fixed 31623, designed",72,3,15,"D 0,3 -> 5,6",15,True,0.0,31649.0,1,False,0.30026357217502075,0.05,126605.0
"Fixed 31623, designed",72,4,19,"D 1,2 -> 5,6",19,True,0.0,31651.0,1,False,0.03758523474777508,0.05,158256.0
"Fixed 31623, designed",72,5,14,"D 0,3 -> 4,7",14,True,0.0,31651.0,1,False,0.06571252399006697,0.05,189907.0
"Fixed 31623, designed",72,6,22,"D 2,3 -> 4,5",22,True,0.0,31650.0,1,False,0.043648521305584075,0.05,221557.0
"Fixed 31623, designed",72,7,11,"D 0,1 -> 6,7",11,True,0.0,31649.0,1,False,0.10072796416579774,0.05,253206.0
"Fixed 31623, designed",72,8,19,"D 1,2 -> 5,6",21,False,0.9999999644488752,31650.0,1,False,0.009441304483876945,0.06,284856.0
"Fixed 31623, designed",72,9,1,S 0 -> 6,12,False,1.0,31650.0,1,False,0.009441304531544882,0.05,316506.0
"Fixed 31623, designed",72,10,8,"D 0,1 -> 4,5",12,False,0.9999999861530137,31650.0,1,False,0.009441304531544882,0.05,348156.0
"Fixed 31623, designed",72,11,5,S 2 -> 6,12,False,1.0,31650.0,1,False,0.009441304531544882,0.05,379806.0
"Fixed 31623, designed",72,12,1,S 0 -> 6,12,False,1.0,31650.0,1,False,0.009441304531544882,0.05,411456.0
"Fixed 31623, designed",72,13,0,S 0 -> 4,12,False,1.0,31650.0,1,False,0.009441304531544882,0.05,443106.0
"Fixed 31623, designed",72,14,9,"D 0,1 -> 4,7",12,False,1.0,31650.0,1,False,0.009441304531544882,0.05,474756.0
"Fixed 31623, designed",72,15,2,S 1 -> 5,12,False,1.0,31650.0,1,False,0.009441304531544882,0.05,506406.0
"Fixed 31623, designed",72,16,2,S 1 -> 5,12,False,1.0,31650.0,1,False,0.009441304531544882,0.05,538056.0
"Fixed 31623, designed",72,17,20,"D 1,2 -> 6,7",12,False,1.0,31650.0,1,False,0.009441304531544882,0.05,569706.0
"Fixed 31623, designed",72,18,25,"D 2,3 -> 6,7",12,False,0.9999999542088622,31650.0,1,False,0.009441304531544882,0.06,601356.0
"Fixed 31623, designed",72,19,5,S 2 -> 6,12,False,1.0,31650.0,1,False,0.009441304531544882,0.05,633006.0
"Fixed 31623, designed",73,0,25,"D 2,3 -> 6,7",25,True,0.0,31653.0,1,False,0.31503606513167726,0.05,31653.0
"Fixed 31623, designed",73,1,15,"D 0,3 -> 5,6",15,True,0.0,31652.0,1,False,0.29681502172579394,0.05,63305.0
"Fixed 31623, designed",73,2,8,"D 0,1 -> 4,5",8,True,0.0,31652.0,1,False,0.3764697826210095,0.05,94957.0
"Fixed 31623, designed",73,3,18,"D 1,2 -> 4,7",18,True,0.0,31651.0,1,False,0.3002635722338174,0.05,126608.0
"Fixed 31623, designed",73,4,14,"D 0,3 -> 4,7",14,True,0.0,31651.0,1,False,0.03758523457422756,0.05,158259.0
"Fixed 31623, designed",73,5,19,"D 1,2 -> 5,6",19,True,0.0,31655.0,1,False,0.0657125239900671,0.05,189914.0
"Fixed 31623, designed",73,6,22,"D 2,3 -> 4,5",22,True,0.0,31650.0,1,False,0.04364852130558422,0.05,221564.0
"Fixed 31623, designed",73,7,11,"D 0,1 -> 6,7",11,True,0.0,31649.0,1,False,0.10072796416579655,0.05,253213.0
"Fixed 31623, designed",73,8,21,"D 1,3 -> 5,7",21,True,0.0,31650.0,1,False,0.009441305047874061,0.05,284863.0
"Fixed 31623, designed",73,9,4,S 2 -> 4,12,False,1.0,31649.0,1,False,0.018167337649213765,0.05,316512.0
"Fixed 31623, designed",73,10,12,"D 0,2 -> 4,6",12,True,0.0,31649.0,1,False,0.018167337649213765,0.05,348161.0
"Fixed 31623, designed",74,0,25,"D 2,3 -> 6,7",25,True,0.0,31653.0,1,False,0.31503606513167726,0.05,31653.0
"Fixed 31623, designed",74,1,18,"D 1,2 -> 4,7",15,True,0.0,31652.0,1,False,0.29681502172579394,0.05,63305.0
"Fixed 31623, designed",74,2,8,"D 0,1 -> 4,5",8,True,0.0,31651.0,1,False,0.3764697826210095,0.05,94956.0
"Fixed 31623, designed",74,3,15,"D 0,3 -> 5,6",15,True,0.0,31649.0,1,False,0.30026357217502075,0.05,126605.0
"Fixed 31623, designed",74,4,19,"D 1,2 -> 5,6",19,True,0.0,31651.0,1,False,0.03758523474777508,0.05,158256.0
"Fixed 31623, designed",74,5,14,"D 0,3 -> 4,7",14,True,0.0,31651.0,1,False,0.06571252399006697,0.05,189907.0
"Fixed 31623, designed",74,6,11,"D 0,1 -> 6,7",22,False,0.04480658230253376,31650.0,1,False,0.043648521305584075,0.05,221557.0
"Fixed 31623, designed",74,7,22,"D 2,3 -> 4,5",22,True,0.0,31648.0,1,False,0.06967473471393487,0.05,253205.0
"Fixed 31623, designed",74,8,7,S 3 -> 7,21,False,1.0,31650.0,1,False,0.009441304763103297,0.05,284855.0
"Fixed 31623, designed",74,9,10,"D 0,1 -> 5,6",21,False,1.0,31650.0,1,False,0.009441304763103297,0.05,316505.0
"Fixed 31623, designed",74,10,21,"D 1,3 -> 5,7",21,True,0.0,31650.0,1,False,0.009441304763103297,0.05,348155.0
"Fixed 31623, designed",74,11,5,S 2 -> 6,12,False,1.0,31649.0,1,False,0.01816733765010426,0.05,379804.0
"Fixed 31623, designed",74,12,12,"D 0,2 -> 4,6",12,True,0.0,31649.0,1,False,0.01816733765010426,0.05,411453.0
"Fixed 31623, designed",75,0,25,"D 2,3 -> 6,7",25,True,0.0,31653.0,1,False,0.31503606513167726,0.05,31653.0
"Fixed 31623, designed",75,1,18,"D 1,2 -> 4,7",15,True,0.0,31652.0,1,False,0.29681502172579394,0.05,63305.0
"Fixed 31623, designed",75,2,8,"D 0,1 -> 4,5",8,True,0.0,31651.0,1,False,0.3764697826210095,0.05,94956.0
"Fixed 31623, designed",75,3,15,"D 0,3 -> 5,6",15,True,0.0,31649.0,1,False,0.30026357217502075,0.05,126605.0
"Fixed 31623, designed",75,4,19,"D 1,2 -> 5,6",19,True,0.0,31651.0,1,False,0.03758523474777508,0.05,158256.0
"Fixed 31623, designed",75,5,11,"D 0,1 -> 6,7",14,False,0.5876111268559134,31651.0,1,False,0.06571252399006697,0.05,189907.0
"Fixed 31623, designed",75,6,14,"D 0,3 -> 4,7",14,True,0.0,31646.0,1,False,0.06888584249424787,0.05,221553.0
"Fixed 31623, designed",75,7,22,"D 2,3 -> 4,5",22,True,0.0,31653.0,1,False,0.0721539298078892,0.05,253206.0
"Fixed 31623, designed",75,8,0,S 0 -> 4,21,False,1.0,31650.0,1,False,0.009441305889459017,0.05,284856.0
"Fixed 31623, designed",75,9,25,"D 2,3 -> 6,7",12,False,0.9999997578105275,31650.0,1,False,0.00944130445914785,0.05,316506.0
"Fixed 31623, designed",75,10,6,S 3 -> 5,12,False,1.0,31650.0,1,False,0.00944130445914785,0.05,348156.0
"Fixed 31623, designed",75,11,4,S 2 -> 4,12,False,1.0,31650.0,1,False,0.00944130445914785,0.05,379806.0
"Fixed 31623, designed",75,12,12,"D 0,2 -> 4,6",12,True,0.0,31650.0,1,False,0.00944130445914785,0.05,411456.0
"Fixed 31623, designed",75,13,15,"D 0,3 -> 5,6",21,False,0.9933180260420618,31652.0,1,False,0.018167337680227977,0.06,443108.0
"Fixed 31623, designed",76,0,25,"D 2,3 -> 6,7",25,True,0.0,31653.0,1,False,0.31503606513167726,0.05,31653.0
"Fixed 31623, designed",76,1,8,"D 0,1 -> 4,5",15,False,0.033311851350335986,31652.0,1,False,0.29681502172579394,0.05,63305.0
"Fixed 31623, designed",76,2,18,"D 1,2 -> 4,7",15,True,5.551115123125783e-16,31651.0,1,False,0.303713351808019,0.05,94956.0
"Fixed 31623, designed",76,3,15,"D 0,3 -> 5,6",15,True,0.0,31652.0,1,False,0.38824803810173447,0.05,126608.0
"Fixed 31623, designed",76,4,14,"D 0,3 -> 4,7",19,True,5.150813109366936e-11,31651.0,1,False,0.03758523456612009,0.05,158259.0
"Fixed 31623, designed",76,5,19,"D 1,2 -> 5,6",19,True,0.0,31655.0,1,False,0.06571252413529666,0.05,189914.0
"Fixed 31623, designed",76,6,11,"D 0,1 -> 6,7",22,False,0.044806584461233534,31650.0,1,False,0.04364852180125853,0.06,221564.0
"Fixed 31623, designed",76,7,22,"D 2,3 -> 4,5",22,True,0.0,31648.0,1,False,0.0696747355600191,0.05,253212.0
"Fixed 31623, designed",76,8,12,"D 0,2 -> 4,6",12,True,0.0,31650.0,1,False,0.009441304652025612,0.05,284862.0
"Fixed 31623, designed",76,9,5,S 2 -> 6,21,False,1.0,31652.0,1,False,0.018167337417688396,0.05,316514.0
"Fixed 31623, designed",76,10,15,"D 0,3 -> 5,6",21,False,0.9933180467043613,31652.0,1,False,0.018167337449063292,0.05,348166.0
"Fixed 31623, designed",77,0,25,"D 2,3 -> 6,7",25,True,0.0,31653.0,1,False,0.31503606513167726,0.05,31653.0
"Fixed 31623, designed",77,1,8,"D 0,1 -> 4,5",15,False,0.033311851350335986,31652.0,1,False,0.29681502172579394,0.05,63305.0
"Fixed 31623, designed",77,2,18,"D 1,2 -> 4,7",15,True,5.551115123125783e-16,31651.0,1,False,0.303713351808019,0.05,94956.0
"Fixed 31623, designed",77,3,15,"D 0,3 -> 5,6",15,True,0.0,31652.0,1,False,0.38824803810173447,0.05,126608.0
"Fixed 31623, designed",77,4,14,"D 0,3 -> 4,7",19,True,5.150813109366936e-11,31651.0,1,False,0.03758523456612009,0.05,158259.0
"Fixed 31623, designed",77,5,19,"D 1,2 -> 5,6",19,True,0.0,31655.0,1,False,0.06571252413529666,0.05,189914.0
"Fixed 31623, designed",77,6,22,"D 2,3 -> 4,5",22,True,0.0,31650.0,1,False,0.04364852180125853,0.05,221564.0
"Fixed 31623, designed",77,7,11,"D 0,1 -> 6,7",11,True,0.0,31649.0,1,False,0.10072796429211586,0.05,253213.0
"Fixed 31623, designed",77,8,10,"D 0,1 -> 5,6",12,False,1.0,31650.0,1,False,0.009441304132124781,0.05,284863.0
"Fixed 31623, designed",77,9,12,"D 0,2 -> 4,6",12,True,0.0,31650.0,1,False,0.009441304132124781,0.05,316513.0
"Fixed 31623, designed",77,10,4,S 2 -> 4,21,False,1.0,31652.0,1,False,0.018167337677767716,0.05,348165.0
"Fixed 31623, designed",77,11,15,"D 0,3 -> 5,6",21,False,0.9933180269060119,31652.0,1,False,0.018167337677767716,0.05,379817.0
"Fixed 31623, designed",78,0,14,"D 0,3 -> 4,7",25,False,0.052846754050403844,31653.0,1,False,0.31503606513167726,0.05,31653.0
"Fixed 31623, designed",78,1,11,"D 0,1 -> 6,7",22,False,0.02016704851099438,31652.0,1,False,0.2986379460442076,0.05,63305.0
"Fixed 31623, designed",78,2,19,"D 1,2 -> 5,6",19,True,0.0,31650.0,1,False,0.3718349895348084,0.05,94955.0
"Fixed 31623, designed",78,3,22,"D 2,3 -> 4,5",22,True,0.0,31651.0,1,False,0.34033883568924583,0.05,126606.0
"Fixed 31623, designed",78,4,25,"D 2,3 -> 6,7",8,False,0.05487982506451039,31649.0,1,False,0.022746161128215047,0.05,158255.0
"Fixed 31623, designed",78,5,8,"D 0,1 -> 4,5",8,True,0.0,31649.0,1,False,0.039703579034989604,0.05,189904.0
"Fixed 31623, designed",78,6,18,"D 1,2 -> 4,7",18,True,0.0,31648.0,1,False,0.0332367072708693,0.05,221552.0
"Fixed 31623, designed",78,7,15,"D 0,3 -> 5,6",15,True,0.0,31649.0,1,False,0.0613574511388616,0.05,253201.0
"Fixed 31623, designed",78,8,14,"D 0,3 -> 4,7",12,False,0.9999996312714671,31650.0,1,False,0.009441304401147266,0.05,284851.0
"Fixed 31623, designed",78,9,10,"D 0,1 -> 5,6",12,False,1.0,31650.0,1,False,0.009441304401147266,0.05,316501.0
"Fixed 31623, designed",78,10,9,"D 0,1 -> 4,7",12,False,1.0,31650.0,1,False,0.009441304401147266,0.05,348151.0
"Fixed 31623, designed",78,11,7,S 3 -> 7,12,False,1.0,31650.0,1,False,0.009441304401147266,0.06,379801.0
"Fixed 31623, designed",78,12,13,"D 0,3 -> 4,5",12,False,1.0,31650.0,1,False,0.009441304401147266,0.05,411451.0
"Fixed 31623, designed",78,13,9,"D 0,1 -> 4,7",12,False,1.0,31650.0,1,False,0.009441304401147266,0.05,443101.0
"Fixed 31623, designed",78,14,19,"D 1,2 -> 5,6",12,False,0.9999994719659084,31650.0,1,False,0.009441304401147266,0.05,474751.0
"Fixed 31623, designed",78,15,25,"D 2,3 -> 6,7",12,False,0.9999999433742821,31650.0,1,False,0.009441304401147266,0.06,506401.0
"Fixed 31623, designed",78,16,21,"D 1,3 -> 5,7",12,False,1.944938632369997e-08,31650.0,1,False,0.009441304401147266,0.06,538051.0
"Fixed 31623, designed",78,17,14,"D 0,3 -> 4,7",12,False,0.9867733771110633,31649.0,1,False,0.01816733757125427,0.05,569700.0
"Fixed 31623, designed",79,0,25,"D 2,3 -> 6,7",25,True,0.0,31653.0,1,False,0.31503606513167726,0.05,31653.0
"Fixed 31623, designed",79,1,8,"D 0,1 -> 4,5",15,False,0.033311851350335986,31652.0,1,False,0.29681502172579394,0.05,63305.0
"Fixed 31623, designed",79,2,15,"D 0,3 -> 5,6",15,True,0.0,31651.0,1,False,0.303713351808019,0.05,94956.0
"Fixed 31623, designed",79,3,18,"D 1,2 -> 4,7",18,True,0.0,31653.0,1,False,0.38824803810173436,0.05,126609.0
"Fixed 31623, designed",79,4,14,"D 0,3 -> 4,7",14,True,0.0,31651.0,1,False,0.03758523456612019,0.05,158260.0
"Fixed 31623, designed",79,5,19,"D 1,2 -> 5,6",19,True,0.0,31655.0,1,False,0.0657125241352967,0.06,189915.0
"Fixed 31623, designed",79,6,11,"D 0,1 -> 6,7",22,False,0.04480658474782895,31650.0,1,False,0.043648521856409134,0.05,221565.0
"Fixed 31623, designed",79,7,22,"D 2,3 -> 4,5",22,True,0.0,31648.0,1,False,0.06967473568968069,0.05,253213.0
"Fixed 31623, designed",79,8,2,S 1 -> 5,12,False,1.0,31650.0,1,False,0.00944130465202562,0.05,284863.0
"Fixed 31623, designed",79,9,4,S 2 -> 4,12,False,1.0,31650.0,1,False,0.00944130465202562,0.05,316513.0
"Fixed 31623, designed",79,10,21,"D 1,3 -> 5,7",12,True,0.0,31650.0,1,False,0.00944130465202562,0.06,348163.0
"Fixed 31623, designed",79,11,12,"D 0,2 -> 4,6",12,True,0.0,31649.0,1,False,0.018167337417688514,0.06,379812.0
"Fixed 31623, designed",80,0,25,"D 2,3 -> 6,7",25,True,0.0,31653.0,1,False,0.31503606513167726,0.05,31653.0
"Fixed 31623, designed",80,1,15,"D 0,3 -> 5,6",15,True,0.0,31652.0,1,False,0.29681502172579394,0.05,63305.0
"Fixed 31623, designed",80,2,8,"D 0,1 -> 4,5",8,True,0.0,31652.0,1,False,0.3764697826210095,0.05,94957.0
"Fixed 31623, designed",80,3,18,"D 1,2 -> 4,7",18,True,0.0,31651.0,1,False,0.3002635722338174,0.05,126608.0
"Fixed 31623, designed",80,4,19,"D 1,2 -> 5,6",14,True,5.182410056647768e-12,31651.0,1,False,0.03758523457422756,0.05,158259.0
"Fixed 31623, designed",80,5,14,"D 0,3 -> 4,7",14,True,0.0,31651.0,1,False,0.06571252392066197,0.05,189910.0
"Fixed 31623, designed",80,6,22,"D 2,3 -> 4,5",22,True,0.0,31650.0,1,False,0.04364852124132713,0.05,221560.0
"Fixed 31623, designed",80,7,11,"D 0,1 -> 6,7",11,True,0.0,31649.0,1,False,0.10072796416579667,0.05,253209.0
"Fixed 31623, designed",80,8,20,"D 1,2 -> 6,7",21,False,1.0,31650.0,1,False,0.009441304630083448,0.05,284859.0
"Fixed 31623, designed",80,9,2,S 1 -> 5,21,False,1.0,31650.0,1,False,0.009441304630083448,0.05,316509.0
"Fixed 31623, designed",80,10,1,S 0 -> 6,21,False,1.0,31650.0,1,False,0.009441304630083448,0.05,348159.0
"Fixed 31623, designed",80,11,18,"D 1,2 -> 4,7",21,False,0.9999999989277024,31650.0,1,False,0.009441304630083448,0.05,379809.0
"Fixed 31623, designed",80,12,9,"D 0,1 -> 4,7",21,False,1.0,31650.0,1,False,0.009441304630083448,0.05,411459.0
"Fixed 31623, designed",80,13,18,"D 1,2 -> 4,7",21,False,0.9999999989277024,31650.0,1,False,0.009441304630083448,0.05,443109.0
"Fixed 31623, designed",80,14,17,"D 1,2 -> 4,5",21,False,1.0,31650.0,1,False,0.009441304630083448,0.05,474759.0
"Fixed 31623, designed",80,15,3,S 1 -> 7,21,False,1.0,31650.0,1,False,0.009441304630083448,0.05,506409.0
"Fixed 31623, designed",80,16,9,"D 0,1 -> 4,7",21,False,1.0,31650.0,1,False,0.009441304630083448,0.05,538059.0
"Fixed 31623, designed",80,17,25,"D 2,3 -> 6,7",21,False,0.9999999985957311,31650.0,1,False,0.009441304630083448,0.05,569709.0
"Fixed 31623, designed",80,18,10,"D 0,1 -> 5,6",21,False,1.0,31650.0,1,False,0.009441304630083448,0.05,601359.0
"Fixed 31623, designed",80,19,18,"D 1,2 -> 4,7",21,False,0.9999999989277024,31650.0,1,False,0.009441304630083448,0.06,633009.0
"Fixed 31623, designed",81,0,25,"D 2,3 -> 6,7",25,True,0.0,31653.0,1,False,0.31503606513167726,0.05,31653.0
"Fixed 31623, designed",81,1,18,"D 1,2 -> 4,7",15,True,0.0,31652.0,1,False,0.29681502172579394,0.05,63305.0
"Fixed 31623, designed",81,2,8,"D 0,1 -> 4,5",8,True,0.0,31651.0,1,False,0.3764697826210095,0.05,94956.0
"Fixed 31623, designed",81,3,15,"D 0,3 -> 5,6",15,True,0.0,31649.0,1,False,0.30026357217502075,0.05,126605.0
"Fixed 31623, designed",81,4,19,"D 1,2 -> 5,6",19,True,0.0,31651.0,1,False,0.03758523474777508,0.05,158256.0
"Fixed 31623, designed",81,5,14,"D 0,3 -> 4,7",14,True,0.0,31651.0,1,False,0.06571252399006697,0.05,189907.0
"Fixed 31623, designed",81,6,22,"D 2,3 -> 4,5",22,True,0.0,31650.0,1,False,0.043648521305584075,0.05,221557.0
"Fixed 31623, designed",81,7,11,"D 0,1 -> 6,7",11,True,0.0,31649.0,1,False,0.10072796416579774,0.05,253206.0
"Fixed 31623, designed",81,8,20,"D 1,2 -> 6,7",21,False,1.0,31650.0,1,False,0.009441304483876945,0.05,284856.0
"Fixed 31623, designed",81,9,15,"D 0,3 -> 5,6",12,False,0.9999999673685087,31650.0,1,False,0.00944130454604846,0.05,316506.0
"Fixed 31623, designed",81,10,11,"D 0,1 -> 6,7",12,False,0.9999999972400071,31650.0,1,False,0.00944130454604846,0.05,348156.0
"Fixed 31623, designed",81,11,8,"D 0,1 -> 4,5",12,False,0.9999999830892309,31650.0,1,False,0.00944130454604846,0.05,379806.0
"Fixed 31623, designed",81,12,18,"D 1,2 -> 4,7",12,False,0.9999999700228742,31650.0,1,False,0.00944130454604846,0.05,411456.0
"Fixed 31623, designed",81,13,6,S 3 -> 5,12,False,1.0,31650.0,1,False,0.00944130454604846,0.05,443106.0
"Fixed 31623, designed",81,14,15,"D 0,3 -> 5,6",12,False,0.9999999673685087,31650.0,1,False,0.00944130454604846,0.05,474756.0
"Fixed 31623, designed",81,15,22,"D 2,3 -> 4,5",12,False,0.9999999934662003,31650.0,1,False,0.00944130454604846,0.05,506406.0
"Fixed 31623, designed",81,16,19,"D 1,2 -> 5,6",12,False,0.9999999992743589,31650.0,1,False,0.00944130454604846,0.06,538056.0
"Fixed 31623, designed",81,17,12,"D 0,2 -> 4,6",12,True,0.0,31650.0,1,False,0.00944130454604846,0.05,569706.0
"Fixed 31623, designed",81,18,21,"D 1,3 -> 5,7",21,True,0.0,31652.0,1,False,0.018167337193030555,0.05,601358.0
"Fixed 31623, designed",82,0,14,"D 0,3 -> 4,7",25,False,0.052846754050403844,31653.0,1,False,0.31503606513167726,0.05,31653.0
"Fixed 31623, designed",82,1,19,"D 1,2 -> 5,6",22,False,0.0008388564376003993,31652.0,1,False,0.2986379460442076,0.05,63305.0
"Fixed 31623, designed",82,2,11,"D 0,1 -> 6,7",22,False,0.015858687170637098,31654.0,1,False,0.30702477030875686,0.05,94959.0
"Fixed 31623, designed",82,3,22,"D 2,3 -> 4,5",22,True,0.0,31650.0,1,False,0.3705851037435389,0.05,126609.0
"Fixed 31623, designed",82,4,25,"D 2,3 -> 6,7",8,False,0.054879825318134734,31649.0,1,False,0.022746161162242224,0.05,158258.0
"Fixed 31623, designed",82,5,18,"D 1,2 -> 4,7",8,False,0.3994998289527014,31649.0,1,False,0.039703578819926436,0.05,189907.0
"Fixed 31623, designed",82,6,15,"D 0,3 -> 5,6",8,False,0.028114982134524125,31648.0,1,False,0.04318571001582758,0.05,221555.0
"Fixed 31623, designed",82,7,8,"D 0,1 -> 4,5",8,True,0.0,31648.0,1,False,0.06557576322571343,0.05,253203.0
"Fixed 31623, designed",82,8,1,S 0 -> 6,12,False,1.0,31650.0,1,False,0.009441304606845714,0.05,284853.0
"Fixed 31623, designed",82,9,12,"D 0,2 -> 4,6",21,True,5.551115123125783e-16,31650.0,1,False,0.009441304512669377,0.05,316503.0
"Fixed 31623, designed",82,10,16,"D 0,3 -> 6,7",21,False,1.0,31652.0,1,False,0.018167337514765264,0.05,348155.0
"Fixed 31623, designed",82,11,21,"D 1,3 -> 5,7",21,True,0.0,31652.0,1,False,0.018167337451281462,0.05,379807.0
"Fixed 31623, designed",83,0,14,"D 0,3 -> 4,7",25,False,0.052846754050403844,31653.0,1,False,0.31503606513167726,0.05,31653.0
"Fixed 31623, designed",83,1,19,"D 1,2 -> 5,6",22,False,0.0008388564376003993,31652.0,1,False,0.2986379460442076,0.05,63305.0
"Fixed 31623, designed",83,2,11,"D 0,1 -> 6,7",22,False,0.015858687170637098,31654.0,1,False,0.30702477030875686,0.05,94959.0
"Fixed 31623, designed",83,3,22,"D 2,3 -> 4,5",22,True,0.0,31650.0,1,False,0.3705851037435389,0.05,126609.0
"Fixed 31623, designed",83,4,8,"D 0,1 -> 4,5",8,True,0.0,31649.0,1,False,0.022746161162242224,0.05,158258.0
"Fixed 31623, designed",83,5,25,"D 2,3 -> 6,7",25,True,0.0,31650.0,1,False,0.038483766324501935,0.05,189908.0
"Fixed 31623, designed",83,6,15,"D 0,3 -> 5,6",15,True,0.0,31648.0,1,False,0.03323670747469215,0.05,221556.0
"Fixed 31623, designed",83,7,18,"D 1,2 -> 4,7",18,True,0.0,31648.0,1,False,0.06135745113462998,0.05,253204.0
"Fixed 31623, designed",83,8,10,"D 0,1 -> 5,6",21,False,1.0,31650.0,1,False,0.00944130469241551,0.05,284854.0
"Fixed 31623, designed",83,9,3,S 1 -> 7,21,False,1.0,31650.0,1,False,0.00944130469241551,0.05,316504.0
"Fixed 31623, designed",83,10,12,"D 0,2 -> 4,6",21,False,7.154824510635649e-09,31650.0,1,False,0.00944130469241551,0.05,348154.0
"Fixed 31623, designed",83,11,11,"D 0,1 -> 6,7",21,False,0.9826751286496013,31652.0,1,False,0.018167337676434747,0.05,379806.0
"Fixed 31623, designed",84,0,19,"D 1,2 -> 5,6",25,False,0.052846754050403844,31653.0,1,False,0.31503606513167726,0.05,31653.0
"Fixed 31623, designed",84,1,14,"D 0,3 -> 4,7",22,False,0.0008388565620752741,31653.0,1,False,0.2986379460814117,0.05,63306.0
"Fixed 31623, designed",84,2,11,"D 0,1 -> 6,7",22,False,0.015858687237699454,31654.0,1,False,0.3070247718582447,0.05,94960.0
"Fixed 31623, designed",84,3,22,"D 2,3 -> 4,5",22,True,0.0,31650.0,1,False,0.37058510390119803,0.05,126610.0
"Fixed 31623, designed",84,4,8,"D 0,1 -> 4,5",8,True,0.0,31649.0,1,False,0.022746161162242252,0.05,158259.0
"Fixed 31623, designed",84,5,25,"D 2,3 -> 6,7",25,True,0.0,31650.0,1,False,0.03848376632450212,0.05,189909.0
"Fixed 31623, designed",84,6,15,"D 0,3 -> 5,6",15,True,3.3306690738754696e-15,31648.0,1,False,0.03323670767411305,0.05,221557.0
"Fixed 31623, designed",84,7,18,"D 1,2 -> 4,7",18,True,0.0,31648.0,1,False,0.061357451134630085,0.05,253205.0
"Fixed 31623, designed",84,8,0,S 0 -> 4,21,False,1.0,31650.0,1,False,0.009441304700266216,0.05,284855.0
"Fixed 31623, designed",84,9,21,"D 1,3 -> 5,7",21,True,0.0,31650.0,1,False,0.009441304700266216,0.05,316505.0
"Fixed 31623, designed",84,10,18,"D 1,2 -> 4,7",12,False,0.9933180276992991,31649.0,1,False,0.018167337669279606,0.05,348154.0
"Fixed 31623, designed",85,0,19,"D 1,2 -> 5,6",25,False,0.052846754050403844,31653.0,1,False,0.31503606513167726,0.05,31653.0
"Fixed 31623, designed",85,1,22,"D 2,3 -> 4,5",22,True,0.0,31653.0,1,False,0.2986379460814117,0.05,63306.0
"Fixed 31623, designed",85,2,14,"D 0,3 -> 4,7",14,True,0.0,31650.0,1,False,0.3532199223008815,0.05,94956.0
"Fixed 31623, designed",85,3,11,"D 0,1 -> 6,7",11,True,0.0,31651.0,1,False,0.22254278935005609,0.05,126607.0
"Fixed 31623, designed",85,4,4,S 2 -> 4,8,False,1.0,31649.0,1,False,0.022746160639765003,0.05,158256.0
"Fixed 31623, designed",85,5,8,"D 0,1 -> 4,5",8,True,0.0,31649.0,1,False,0.022746161293803357,0.05,189905.0
"Fixed 31623, designed",85,6,25,"D 2,3 -> 6,7",25,True,0.0,31650.0,1,False,0.03848376642324387,0.05,221555.0
"Fixed 31623, designed",85,7,18,"D 1,2 -> 4,7",18,True,0.0,31648.0,1,False,0.033236707455053,0.05,253203.0
"Fixed 31623, designed",85,8,15,"D 0,3 -> 5,6",15,True,0.0,31649.0,1,False,0.06135745224653434,0.05,284852.0
"Fixed 31623, designed",85,9,6,S 3 -> 5,12,False,1.0,31650.0,1,False,0.009441304583890694,0.05,316502.0
"Fixed 31623, designed",85,10,21,"D 1,3 -> 5,7",12,False,1.7045701516948952e-09,31650.0,1,False,0.009441304583890694,0.05,348152.0
"Fixed 31623, designed",85,11,0,S 0 -> 4,12,False,1.0,31649.0,1,False,0.01816733819901684,0.05,379801.0
"Fixed 31623, designed",85,12,11,"D 0,1 -> 6,7",12,False,0.9826748728985903,31649.0,1,False,0.018167338105368344,0.05,411450.0
"Fixed 31623, designed",86,0,25,"D 2,3 -> 6,7",25,True,0.0,31653.0,1,False,0.31503606513167726,0.05,31653.0
"Fixed 31623, designed",86,1,15,"D 0,3 -> 5,6",15,True,0.0,31652.0,1,False,0.29681502172579394,0.05,63305.0
"Fixed 31623, designed",86,2,8,"D 0,1 -> 4,5",8,True,0.0,31652.0,1,False,0.3764697826210095,0.05,94957.0
"Fixed 31623, designed",86,3,18,"D 1,2 -> 4,7",18,True,0.0,31651.0,1,False,0.3002635722338174,0.05,126608.0
"Fixed 31623, designed",86,4,19,"D 1,2 -> 5,6",14,True,5.182410056647768e-12,31651.0,1,False,0.03758523457422756,0.05,158259.0
"Fixed 31623, designed",86,5,14,"D 0,3 -> 4,7",14,True,0.0,31651.0,1,False,0.06571252392066197,0.06,189910.0
"Fixed 31623, designed",86,6,22,"D 2,3 -> 4,5",22,True,0.0,31650.0,1,False,0.04364852124132713,0.06,221560.0
"Fixed 31623, designed",86,7,11,"D 0,1 -> 6,7",11,True,0.0,31649.0,1,False,0.10072796416579667,0.05,253209.0
"Fixed 31623, designed",86,8,20,"D 1,2 -> 6,7",21,False,1.0,31650.0,1,False,0.009441304630083448,0.05,284859.0
"Fixed 31623, designed",86,9,3,S 1 -> 7,21,False,1.0,31650.0,1,False,0.009441304630083448,0.05,316509.0
"Fixed 31623, designed",86,10,5,S 2 -> 6,21,False,1.0,31650.0,1,False,0.009441304630083448,0.05,348159.0
"Fixed 31623, designed",86,11,5,S 2 -> 6,21,False,1.0,31650.0,1,False,0.009441304630083448,0.05,379809.0
"Fixed 31623, designed",86,12,24,"D 2,3 -> 5,6",21,False,1.0,31650.0,1,False,0.009441304630083448,0.05,411459.0
"Fixed 31623, designed",86,13,3,S 1 -> 7,21,False,1.0,31650.0,1,False,0.009441304630083448,0.05,443109.0
"Fixed 31623, designed",86,14,20,"D 1,2 -> 6,7",21,False,1.0,31650.0,1,False,0.009441304630083448,0.05,474759.0
"Fixed 31623, designed",86,15,6,S 3 -> 5,21,False,1.0,31650.0,1,False,0.009441304630083448,0.05,506409.0
"Fixed 31623, designed",86,16,22,"D 2,3 -> 4,5",21,False,0.9999999960271396,31650.0,1,False,0.009441304630083448,0.05,538059.0
"Fixed 31623, designed",86,17,4,S 2 -> 4,21,False,1.0,31650.0,1,False,0.009441304630083448,0.05,569709.0
"Fixed 31623, designed",86,18,1,S 0 -> 6,21,False,1.0,31650.0,1,False,0.009441304630083448,0.05,601359.0
"Fixed 31623, designed",86,19,7,S 3 -> 7,21,False,1.0,31650.0,1,False,0.009441304630083448,0.05,633009.0
"Fixed 31623, designed",87,0,25,"D 2,3 -> 6,7",25,True,0.0,31653.0,1,False,0.31503606513167726,0.05,31653.0
"Fixed 31623, designed",87,1,15,"D 0,3 -> 5,6",15,True,0.0,31652.0,1,False,0.29681502172579394,0.05,63305.0
"Fixed 31623, designed",87,2,8,"D 0,1 -> 4,5",8,True,0.0,31652.0,1,False,0.3764697826210095,0.05,94957.0
"Fixed 31623, designed",87,3,18,"D 1,2 -> 4,7",18,True,0.0,31651.0,1,False,0.3002635722338174,0.05,126608.0
"Fixed 31623, designed",87,4,14,"D 0,3 -> 4,7",14,True,0.0,31651.0,1,False,0.03758523457422756,0.05,158259.0
"Fixed 31623, designed",87,5,19,"D 1,2 -> 5,6",19,True,0.0,31655.0,1,False,0.0657125239900671,0.05,189914.0
"Fixed 31623, designed",87,6,22,"D 2,3 -> 4,5",22,True,0.0,31650.0,1,False,0.04364852130558422,0.05,221564.0
"Fixed 31623, designed",87,7,11,"D 0,1 -> 6,7",11,True,0.0,31649.0,1,False,0.10072796416579655,0.05,253213.0
"Fixed 31623, designed",87,8,1,S 0 -> 6,21,False,1.0,31650.0,1,False,0.009441305047874061,0.05,284863.0
"Fixed 31623, designed",87,9,15,"D 0,3 -> 5,6",21,False,0.9999999948642236,31650.0,1,False,0.00944130458544351,0.05,316513.0
"Fixed 31623, designed",87,10,1,S 0 -> 6,21,False,1.0,31650.0,1,False,0.00944130458544351,0.05,348163.0
"Fixed 31623, designed",87,11,0,S 0 -> 4,21,False,1.0,31650.0,1,False,0.00944130458544351,0.05,379813.0
"Fixed 31623, designed",87,12,9,"D 0,1 -> 4,7",21,False,1.0,31650.0,1,False,0.00944130458544351,0.05,411463.0
"Fixed 31623, designed",87,13,11,"D 0,1 -> 6,7",21,False,0.9999999949709496,31650.0,1,False,0.00944130458544351,0.05,443113.0
"Fixed 31623, designed",87,14,3,S 1 -> 7,21,False,1.0,31650.0,1,False,0.00944130458544351,0.05,474763.0
"Fixed 31623, designed",87,15,11,"D 0,1 -> 6,7",21,False,0.9999999949709496,31650.0,1,False,0.00944130458544351,0.05,506413.0
"Fixed 31623, designed",87,16,12,"D 0,2 -> 4,6",21,True,8.03115351999395e-11,31650.0,1,False,0.00944130458544351,0.05,538063.0
"Fixed 31623, designed",87,17,7,S 3 -> 7,21,False,1.0,31652.0,1,False,0.018167338272131513,0.05,569715.0
"Fixed 31623, designed",87,18,8,"D 0,1 -> 4,5",21,False,0.9936894923824887,31652.0,1,False,0.018167338272131513,0.05,601367.0
"Fixed 31623, designed",88,0,25,"D 2,3 -> 6,7",25,True,0.0,31653.0,1,False,0.31503606513167726,0.05,31653.0
"Fixed 31623, designed",88,1,18,"D 1,2 -> 4,7",15,True,0.0,31652.0,1,False,0.29681502172579394,0.05,63305.0
"Fixed 31623, designed",88,2,8,"D 0,1 -> 4,5",8,True,0.0,31651.0,1,False,0.3764697826210095,0.05,94956.0
"Fixed 31623, designed",88,3,15,"D 0,3 -> 5,6",15,True,0.0,31649.0,1,False,0.30026357217502075,0.05,126605.0
"Fixed 31623, designed",88,4,19,"D 1,2 -> 5,6",19,True,0.0,31651.0,1,False,0.03758523474777508,0.05,158256.0
"Fixed 31623, designed",88,5,14,"D 0,3 -> 4,7",14,True,0.0,31651.0,1,False,0.06571252399006697,0.05,189907.0
"Fixed 31623, designed",88,6,22,"D 2,3 -> 4,5",22,True,0.0,31650.0,1,False,0.043648521305584075,0.05,221557.0
"Fixed 31623, designed",88,7,11,"D 0,1 -> 6,7",11,True,0.0,31649.0,1,False,0.10072796416579774,0.05,253206.0
"Fixed 31623, designed",88,8,0,S 0 -> 4,21,False,1.0,31650.0,1,False,0.009441304483876945,0.05,284856.0
"Fixed 31623, designed",88,9,12,"D 0,2 -> 4,6",12,True,0.0,31650.0,1,False,0.00944130454604846,0.05,316506.0
"Fixed 31623, designed",88,10,8,"D 0,1 -> 4,5",21,False,0.9936896451030199,31652.0,1,False,0.018167337649212068,0.05,348158.0
"Fixed 31623, designed",89,0,19,"D 1,2 -> 5,6",25,False,0.052846754050403844,31653.0,1,False,0.31503606513167726,0.06,31653.0
"Fixed 31623, designed",89,1,22,"D 2,3 -> 4,5",22,True,0.0,31653.0,1,False,0.2986379460814117,0.05,63306.0
"Fixed 31623, designed",89,2,14,"D 0,3 -> 4,7",14,True,0.0,31650.0,1,False,0.3532199223008815,0.05,94956.0
"Fixed 31623, designed",89,3,11,"D 0,1 -> 6,7",11,True,0.0,31651.0,1,False,0.22254278935005609,0.05,126607.0
"Fixed 31623, designed",89,4,25,"D 2,3 -> 6,7",8,False,0.054879827150282834,31649.0,1,False,0.022746160639765003,0.05,158256.0
"Fixed 31623, designed",89,5,15,"D 0,3 -> 5,6",8,False,0.3994998314960503,31649.0,1,False,0.039703579032840976,0.05,189905.0
"Fixed 31623, designed",89,6,8,"D 0,1 -> 4,5",8,True,0.0,31647.0,1,False,0.043185709456097635,0.05,221552.0
"Fixed 31623, designed",89,7,18,"D 1,2 -> 4,7",18,True,0.0,31650.0,1,False,0.06317054637226721,0.05,253202.0
"Fixed 31623, designed",89,8,13,"D 0,3 -> 4,5",21,False,1.0,31650.0,1,False,0.009441304638651,0.05,284852.0
"Fixed 31623, designed",89,9,20,"D 1,2 -> 6,7",21,False,1.0,31650.0,1,False,0.009441304638651,0.05,316502.0
"Fixed 31623, designed",89,10,21,"D 1,3 -> 5,7",21,True,0.0,31650.0,1,False,0.009441304638651,0.05,348152.0
"Fixed 31623, designed",89,11,0,S 0 -> 4,12,False,1.0,31649.0,1,False,0.018167337810208933,0.05,379801.0
"Fixed 31623, designed",89,12,12,"D 0,2 -> 4,6",12,True,0.0,31649.0,1,False,0.018167337810208933,0.05,411450.0
"Fixed 31623, designed",90,0,14,"D 0,3 -> 4,7",25,False,0.052846754050403844,31653.0,1,False,0.31503606513167726,0.05,31653.0
"Fixed 31623, designed",90,1,19,"D 1,2 -> 5,6",22,False,0.0008388564376003993,31652.0,1,False,0.2986379460442076,0.05,63305.0
"Fixed 31623, designed",90,2,22,"D 2,3 -> 4,5",22,True,0.0,31654.0,1,False,0.30702477030875686,0.05,94959.0
"Fixed 31623, designed",90,3,11,"D 0,1 -> 6,7",11,True,0.0,31651.0,1,False,0.4010030866164432,0.05,126610.0
"Fixed 31623, designed",90,4,21,"D 1,3 -> 5,7",8,False,0.5058598781823762,31649.0,1,False,0.022746161139309492,0.05,158259.0
"Fixed 31623, designed",90,5,10,"D 0,1 -> 5,6",18,False,1.0,31651.0,1,False,0.023150512236471958,0.05,189910.0
"Fixed 31623, designed",90,6,8,"D 0,1 -> 4,5",18,False,0.058515230950033637,31651.0,1,False,0.023150512236471958,0.05,221561.0
"Fixed 31623, designed",90,7,25,"D 2,3 -> 6,7",25,True,0.0,31650.0,1,False,0.03700304610154083,0.05,253211.0
"Fixed 31623, designed",90,8,6,S 3 -> 5,15,False,1.0,31647.0,1,False,0.03318187920837547,0.05,284858.0
"Fixed 31623, designed",90,9,18,"D 1,2 -> 4,7",15,False,0.0011360884949056516,31647.0,1,False,0.03318187920837547,0.05,316505.0
"Fixed 31623, designed",90,10,15,"D 0,3 -> 5,6",15,True,0.0,31647.0,1,False,0.061291561501203025,0.05,348152.0
"Fixed 31623, designed",90,11,3,S 1 -> 7,12,False,1.0,31647.0,1,False,0.021270706988288587,0.05,379799.0
"Fixed 31623, designed",90,12,3,S 1 -> 7,12,False,1.0,31647.0,1,False,0.021270707009937755,0.05,411446.0
"Fixed 31623, designed",90,13,12,"D 0,2 -> 4,6",12,True,0.0,31647.0,1,False,0.021270707009937755,0.05,443093.0
"Fixed 31623, designed",91,0,25,"D 2,3 -> 6,7",25,True,0.0,31653.0,1,False,0.31503606513167726,0.05,31653.0
"Fixed 31623, designed",91,1,18,"D 1,2 -> 4,7",15,True,0.0,31652.0,1,False,0.29681502172579394,0.05,63305.0
"Fixed 31623, designed",91,2,8,"D 0,1 -> 4,5",8,True,0.0,31651.0,1,False,0.3764697826210095,0.05,94956.0
"Fixed 31623, designed",91,3,15,"D 0,3 -> 5,6",15,True,0.0,31649.0,1,False,0.30026357217502075,0.05,126605.0
"Fixed 31623, designed",91,4,11,"D 0,1 -> 6,7",19,False,0.356478614776494,31651.0,1,False,0.03758523474777508,0.05,158256.0
"Fixed 31623, designed",91,5,19,"D 1,2 -> 5,6",14,True,1.0362821711851211e-11,31646.0,1,False,0.03912173614796322,0.05,189902.0
"Fixed 31623, designed",91,6,14,"D 0,3 -> 4,7",14,True,0.0,31646.0,1,False,0.06888584260440375,0.05,221548.0
"Fixed 31623, designed",91,7,22,"D 2,3 -> 4,5",22,True,0.0,31653.0,1,False,0.07215392971716468,0.05,253201.0
"Fixed 31623, designed",91,8,1,S 0 -> 6,12,False,1.0,31650.0,1,False,0.009441304676353342,0.05,284851.0
"Fixed 31623, designed",91,9,15,"D 0,3 -> 5,6",12,False,0.9999999994082952,31650.0,1,False,0.009441304676353342,0.05,316501.0
"Fixed 31623, designed",91,10,14,"D 0,3 -> 4,7",12,False,0.9999999971781214,31650.0,1,False,0.009441304676353342,0.05,348151.0
"Fixed 31623, designed",91,11,2,S 1 -> 5,12,False,1.0,31650.0,1,False,0.009441304676353342,0.05,379801.0
"Fixed 31623, designed",91,12,16,"D 0,3 -> 6,7",12,False,1.0,31650.0,1,False,0.009441304676353342,0.05,411451.0
"Fixed 31623, designed",91,13,21,"D 1,3 -> 5,7",12,True,3.673509274548792e-10,31650.0,1,False,0.009441304676353342,0.05,443101.0
"Fixed 31623, designed",91,14,12,"D 0,2 -> 4,6",12,True,0.0,31649.0,1,False,0.018167337664576955,0.05,474750.0
"Fixed 31623, designed",92,0,14,"D 0,3 -> 4,7",25,False,0.052846754050403844,31653.0,1,False,0.31503606513167726,0.05,31653.0
"Fixed 31623, designed",92,1,19,"D 1,2 -> 5,6",22,False,0.0008388564376003993,31652.0,1,False,0.2986379460442076,0.05,63305.0
"Fixed 31623, designed",92,2,22,"D 2,3 -> 4,5",22,True,0.0,31654.0,1,False,0.30702477030875686,0.05,94959.0
"Fixed 31623, designed",92,3,11,"D 0,1 -> 6,7",11,True,0.0,31651.0,1,False,0.4010030866164432,0.05,126610.0
"Fixed 31623, designed",92,4,21,"D 1,3 -> 5,7",8,False,0.5058598781823762,31649.0,1,False,0.022746161139309492,0.05,158259.0
"Fixed 31623, designed",92,5,18,"D 1,2 -> 4,7",18,True,0.0,31651.0,1,False,0.023150512236471958,0.05,189910.0
"Fixed 31623, designed",92,6,15,"D 0,3 -> 5,6",15,True,0.0,31648.0,1,False,0.04062570919366757,0.05,221558.0
"Fixed 31623, designed",92,7,12,"D 0,2 -> 4,6",12,True,0.0,31650.0,1,False,0.0465229163932958,0.05,253208.0
"Fixed 31623, designed",92,8,0,S 0 -> 4,8,False,1.0,31652.0,1,False,0.022240981916649253,0.05,284860.0
"Fixed 31623, designed",92,9,24,"D 2,3 -> 5,6",8,False,1.0,31652.0,1,False,0.0222409820149129,0.05,316512.0
"Fixed 31623, designed",92,10,25,"D 2,3 -> 6,7",8,False,0.03868928352326573,31652.0,1,False,0.0222409820149129,0.05,348164.0
"Fixed 31623, designed",92,11,8,"D 0,1 -> 4,5",8,True,0.0,31653.0,1,False,0.0412484244335593,0.05,379817.0
"Fixed 31623, designed",93,0,19,"D 1,2 -> 5,6",25,False,0.052846754050403844,31653.0,1,False,0.31503606513167726,0.05,31653.0
"Fixed 31623, designed",93,1,11,"D 0,1 -> 6,7",22,False,0.02016704849809181,31653.0,1,False,0.2986379460814117,0.05,63306.0
"Fixed 31623, designed",93,2,14,"D 0,3 -> 4,7",14,True,0.0,31651.0,1,False,0.37183499075359205,0.05,94957.0
"Fixed 31623, designed",93,3,22,"D 2,3 -> 4,5",22,True,0.0,31651.0,1,False,0.34033883568924567,0.05,126608.0
"Fixed 31623, designed",93,4,18,"D 1,2 -> 4,7",8,False,0.02629717120249342,31649.0,1,False,0.022746161134040658,0.05,158257.0
"Fixed 31623, designed",93,5,15,"D 0,3 -> 5,6",15,True,0.0,31649.0,1,False,0.03866517215894229,0.05,189906.0
"Fixed 31623, designed",93,6,25,"D 2,3 -> 6,7",8,False,0.022501063491969564,31647.0,1,False,0.03387932914872041,0.05,221553.0
"Fixed 31623, designed",93,7,8,"D 0,1 -> 4,5",8,True,0.0,31649.0,1,False,0.06334829076504231,0.05,253202.0
"Fixed 31623, designed",93,8,1,S 0 -> 6,21,False,1.0,31650.0,1,False,0.00944130461153174,0.05,284852.0
"Fixed 31623, designed",93,9,10,"D 0,1 -> 5,6",21,False,1.0,31650.0,1,False,0.00944130461153174,0.05,316502.0
"Fixed 31623, designed",93,10,7,S 3 -> 7,21,False,1.0,31650.0,1,False,0.00944130461153174,0.05,348152.0
"Fixed 31623, designed",93,11,0,S 0 -> 4,21,False,1.0,31650.0,1,False,0.00944130461153174,0.05,379802.0
"Fixed 31623, designed",93,12,25,"D 2,3 -> 6,7",21,False,0.9999999961831258,31650.0,1,False,0.00944130461153174,0.05,411452.0
"Fixed 31623, designed",93,13,2,S 1 -> 5,21,False,1.0,31650.0,1,False,0.00944130461153174,0.05,443102.0
"Fixed 31623, designed",93,14,12,"D 0,2 -> 4,6",21,True,5.56830137554698e-11,31650.0,1,False,0.00944130461153174,0.05,474752.0
"Fixed 31623, designed",93,15,4,S 2 -> 4,21,False,1.0,31652.0,1,False,0.01816733897827769,0.05,506404.0
"Fixed 31623, designed",93,16,8,"D 0,1 -> 4,5",21,False,0.9936895477660826,31652.0,1,False,0.018167338788765162,0.05,538056.0
"Fixed 31623, designed",94,0,25,"D 2,3 -> 6,7",25,True,0.0,31653.0,1,False,0.31503606513167726,0.05,31653.0
"Fixed 31623, designed",94,1,18,"D 1,2 -> 4,7",15,True,0.0,31652.0,1,False,0.29681502172579394,0.05,63305.0
"Fixed 31623, designed",94,2,8,"D 0,1 -> 4,5",8,True,0.0,31651.0,1,False,0.3764697826210095,0.05,94956.0
"Fixed 31623, designed",94,3,15,"D 0,3 -> 5,6",15,True,0.0,31649.0,1,False,0.30026357217502075,0.05,126605.0
"Fixed 31623, designed",94,4,14,"D 0,3 -> 4,7",19,True,5.80789971671436e-10,31651.0,1,False,0.03758523474777508,0.06,158256.0
"Fixed 31623, designed",94,5,19,"D 1,2 -> 5,6",19,True,0.0,31655.0,1,False,0.0657125239206618,0.05,189911.0
"Fixed 31623, designed",94,6,11,"D 0,1 -> 6,7",22,False,0.044806582285133345,31650.0,1,False,0.043648521241327065,0.06,221561.0
"Fixed 31623, designed",94,7,22,"D 2,3 -> 4,5",22,True,0.0,31648.0,1,False,0.06967473482297251,0.06,253209.0
"Fixed 31623, designed",94,8,12,"D 0,2 -> 4,6",12,True,0.0,31650.0,1,False,0.009441304632724787,0.05,284859.0
"Fixed 31623, designed",94,9,21,"D 1,3 -> 5,7",21,True,0.0,31652.0,1,False,0.01816733764921178,0.06,316511.0
"Fixed 31623, designed",95,0,25,"D 2,3 -> 6,7",25,True,0.0,31653.0,1,False,0.31503606513167726,0.06,31653.0
"Fixed 31623, designed",95,1,18,"D 1,2 -> 4,7",15,True,0.0,31652.0,1,False,0.29681502172579394,0.05,63305.0
"Fixed 31623, designed",95,2,8,"D 0,1 -> 4,5",8,True,0.0,31651.0,1,False,0.3764697826210095,0.05,94956.0
"Fixed 31623, designed",95,3,15,"D 0,3 -> 5,6",15,True,0.0,31649.0,1,False,0.30026357217502075,0.05,126605.0
"Fixed 31623, designed",95,4,19,"D 1,2 -> 5,6",19,True,0.0,31651.0,1,False,0.03758523474777508,0.05,158256.0
"Fixed 31623, designed",95,5,14,"D 0,3 -> 4,7",14,True,0.0,31651.0,1,False,0.06571252399006697,0.05,189907.0
"Fixed 31623, designed",95,6,11,"D 0,1 -> 6,7",22,False,0.04480658230253376,31650.0,1,False,0.043648521305584075,0.05,221557.0
"Fixed 31623, designed",95,7,22,"D 2,3 -> 4,5",22,True,0.0,31648.0,1,False,0.06967473471393487,0.05,253205.0
"Fixed 31623, designed",95,8,21,"D 1,3 -> 5,7",21,True,0.0,31650.0,1,False,0.009441304763103297,0.05,284855.0
"Fixed 31623, designed",95,9,15,"D 0,3 -> 5,6",12,False,0.9933158906606909,31649.0,1,False,0.01816733765010426,0.05,316504.0
"Fixed 31623, pilot",0,0,14,"D 0,3 -> 4,7",25,False,0.052846754050403844,31648.0,1,False,0.31503606513167726,0.11,31648.0
"Fixed 31623, pilot",0,1,19,"D 1,2 -> 5,6",22,False,0.0008388564376003993,31650.0,1,False,0.2986379460442076,0.11,63298.0
"Fixed 31623, pilot",0,2,22,"D 2,3 -> 4,5",22,True,0.0,31648.0,1,False,0.30702477030875686,0.11,94946.0
"Fixed 31623, pilot",0,3,11,"D 0,1 -> 6,7",11,True,0.0,31649.0,1,False,0.4010030866164432,0.11,126595.0
"Fixed 31623, pilot",0,4,11,"D 0,1 -> 6,7",8,False,0.9999999999999634,31649.0,1,False,0.022746161139309492,0.11,158244.0
"Fixed 31623, pilot",0,5,22,"D 2,3 -> 4,5",8,False,0.9999999999999355,31649.0,1,False,0.022746161139309492,0.12,189893.0
"Fixed 31623, pilot",0,6,18,"D 1,2 -> 4,7",8,False,0.026297174229921505,31651.0,1,False,0.022746161139309492,0.11,221544.0
"Fixed 31623, pilot",0,7,15,"D 0,3 -> 5,6",15,True,0.0,31654.0,1,False,0.038665171994387154,0.11,253198.0
"Fixed 31623, pilot",0,8,25,"D 2,3 -> 6,7",8,False,0.022501063121582177,31651.0,1,False,0.033879329253591994,0.11,284849.0
"Fixed 31623, pilot",0,9,8,"D 0,1 -> 4,5",8,True,0.0,31645.0,1,False,0.06334829111227074,0.11,316494.0
"Fixed 31623, pilot",0,10,11,"D 0,1 -> 6,7",12,False,0.9999999864139503,31650.0,1,False,0.009441304607531249,0.11,348144.0
"Fixed 31623, pilot",0,11,21,"D 1,3 -> 5,7",12,True,3.3306690738754696e-15,31650.0,1,False,0.009441304607531249,0.11,379794.0
"Fixed 31623, pilot",0,12,12,"D 0,2 -> 4,6",12,True,0.0,31650.0,1,False,0.018167337300958493,0.11,411444.0
"Fixed 31623, pilot",1,0,25,"D 2,3 -> 6,7",25,True,0.0,31646.0,1,False,0.31503606513167726,0.11,31646.0
"Fixed 31623, pilot",1,1,8,"D 0,1 -> 4,5",15,False,0.033311851350335986,31650.0,1,False,0.29681502172579394,0.11,63296.0
"Fixed 31623, pilot",1,2,18,"D 1,2 -> 4,7",15,True,5.551115123125783e-16,31649.0,1,False,0.303713351808019,0.11,94945.0
"Fixed 31623, pilot",1,3,15,"D 0,3 -> 5,6",15,True,0.0,31648.0,1,False,0.38824803810173447,0.11,126593.0
"Fixed 31623, pilot",1,4,19,"D 1,2 -> 5,6",19,True,0.0,31650.0,1,False,0.03758523456612009,0.11,158243.0
"Fixed 31623, pilot",1,5,14,"D 0,3 -> 4,7",14,True,0.0,31647.0,1,False,0.06571252413529677,0.11,189890.0
"Fixed 31623, pilot",1,6,11,"D 0,1 -> 6,7",22,False,0.044806584747831724,31651.0,1,False,0.04364852185640933,0.11,221541.0
"Fixed 31623, pilot",1,7,22,"D 2,3 -> 4,5",22,True,0.0,31651.0,1,False,0.06967473512434036,0.11,253192.0
"Fixed 31623, pilot",1,8,4,S 2 -> 4,12,False,1.0,31652.0,1,False,0.009441304652025582,0.11,284844.0
"Fixed 31623, pilot",1,9,12,"D 0,2 -> 4,6",12,True,0.0,31647.0,1,False,0.009441304652025582,0.11,316491.0
"Fixed 31623, pilot",1,10,15,"D 0,3 -> 5,6",21,False,0.9933180111777974,31649.0,1,False,0.01816733750160014,0.11,348140.0
"Fixed 31623, pilot",2,0,25,"D 2,3 -> 6,7",25,True,0.0,31646.0,1,False,0.31503606513167726,0.12,31646.0
"Fixed 31623, pilot",2,1,18,"D 1,2 -> 4,7",15,True,0.0,31647.0,1,False,0.29681502172579394,0.11,63293.0
"Fixed 31623, pilot",2,2,8,"D 0,1 -> 4,5",8,True,0.0,31650.0,1,False,0.3764697826210095,0.11,94943.0
"Fixed 31623, pilot",2,3,15,"D 0,3 -> 5,6",15,True,0.0,31646.0,1,False,0.30026357217502075,0.11,126589.0
"Fixed 31623, pilot",2,4,14,"D 0,3 -> 4,7",19,True,5.80789971671436e-10,31649.0,1,False,0.03758523474777508,0.11,158238.0
"Fixed 31623, pilot",2,5,19,"D 1,2 -> 5,6",19,True,0.0,31650.0,1,False,0.0657125239206618,0.11,189888.0
"Fixed 31623, pilot",2,6,22,"D 2,3 -> 4,5",22,True,0.0,31649.0,1,False,0.043648521241327065,0.11,221537.0
"Fixed 31623, pilot",2,7,11,"D 0,1 -> 6,7",11,True,0.0,31652.0,1,False,0.10072796416579699,0.11,253189.0
"Fixed 31623, pilot",2,8,2,S 1 -> 5,21,False,1.0,31651.0,1,False,0.009441304483876924,0.11,284840.0
"Fixed 31623, pilot",2,9,8,"D 0,1 -> 4,5",12,False,0.9999999830892544,31647.0,1,False,0.009441304546048494,0.11,316487.0
"Fixed 31623, pilot",2,10,7,S 3 -> 7,12,False,1.0,31646.0,1,False,0.009441304546048494,0.11,348133.0
"Fixed 31623, pilot",2,11,2,S 1 -> 5,12,False,1.0,31648.0,1,False,0.009441304546048494,0.11,379781.0
"Fixed 31623, pilot",2,12,11,"D 0,1 -> 6,7",12,False,0.9999999972399306,31645.0,1,False,0.009441304546048494,0.11,411426.0
"Fixed 31623, pilot",2,13,21,"D 1,3 -> 5,7",12,True,6.400169283438117e-10,31652.0,1,False,0.009441304546048494,0.11,443078.0
"Fixed 31623, pilot",2,14,14,"D 0,3 -> 4,7",12,False,0.9867728444471578,31648.0,1,False,0.018167338788411022,0.11,474726.0
"Fixed 31623, pilot",3,0,25,"D 2,3 -> 6,7",25,True,0.0,31646.0,1,False,0.31503606513167726,0.11,31646.0
"Fixed 31623, pilot",3,1,18,"D 1,2 -> 4,7",15,True,0.0,31646.0,1,False,0.29681502172579394,0.11,63292.0
"Fixed 31623, pilot",3,2,8,"D 0,1 -> 4,5",8,True,0.0,31649.0,1,False,0.3764697826210095,0.11,94941.0
"Fixed 31623, pilot",3,3,15,"D 0,3 -> 5,6",15,True,0.0,31651.0,1,False,0.30026357217502075,0.11,126592.0
"Fixed 31623, pilot",3,4,19,"D 1,2 -> 5,6",19,True,0.0,31653.0,1,False,0.03758523474777508,0.11,158245.0
"Fixed 31623, pilot",3,5,14,"D 0,3 -> 4,7",14,True,0.0,31649.0,1,False,0.06571252399006697,0.11,189894.0
"Fixed 31623, pilot",3,6,22,"D 2,3 -> 4,5",22,True,0.0,31652.0,1,False,0.043648521305584075,0.11,221546.0
"Fixed 31623, pilot",3,7,11,"D 0,1 -> 6,7",11,True,0.0,31649.0,1,False,0.10072796416579774,0.11,253195.0
"Fixed 31623, pilot",3,8,25,"D 2,3 -> 6,7",21,False,0.999999861478396,31651.0,1,False,0.009441304483876945,0.11,284846.0
"Fixed 31623, pilot",3,9,3,S 1 -> 7,21,False,1.0,31649.0,1,False,0.00944130448014558,0.11,316495.0
"Fixed 31623, pilot",3,10,11,"D 0,1 -> 6,7",21,False,0.9999999655799217,31652.0,1,False,0.00944130448014558,0.11,348147.0
"Fixed 31623, pilot",3,11,12,"D 0,2 -> 4,6",21,True,8.286266117707441e-10,31650.0,1,False,0.00944130448014558,0.11,379797.0
"Fixed 31623, pilot",3,12,20,"D 1,2 -> 6,7",21,False,1.0,31648.0,1,False,0.018167337672659364,0.11,411445.0
"Fixed 31623, pilot",3,13,7,S 3 -> 7,21,False,1.0,31650.0,1,False,0.018167337672659364,0.11,443095.0
"Fixed 31623, pilot",3,14,0,S 0 -> 4,21,False,1.0,31648.0,1,False,0.018167337672659364,0.11,474743.0
"Fixed 31623, pilot",3,15,21,"D 1,3 -> 5,7",21,True,0.0,31649.0,1,False,0.018167337672659364,0.11,506392.0
"Fixed 31623, pilot",4,0,25,"D 2,3 -> 6,7",25,True,0.0,31647.0,1,False,0.31503606513167726,0.12,31647.0
"Fixed 31623, pilot",4,1,15,"D 0,3 -> 5,6",15,True,0.0,31645.0,1,False,0.29681502172579394,0.11,63292.0
"Fixed 31623, pilot",4,2,8,"D 0,1 -> 4,5",8,True,0.0,31650.0,1,False,0.3764697826210095,0.11,94942.0
"Fixed 31623, pilot",4,3,18,"D 1,2 -> 4,7",18,True,0.0,31648.0,1,False,0.3002635722338174,0.11,126590.0
"Fixed 31623, pilot",4,4,14,"D 0,3 -> 4,7",14,True,0.0,31655.0,1,False,0.03758523457422756,0.11,158245.0
"Fixed 31623, pilot",4,5,19,"D 1,2 -> 5,6",19,True,0.0,31652.0,1,False,0.0657125239900671,0.11,189897.0
"Fixed 31623, pilot",4,6,22,"D 2,3 -> 4,5",22,True,0.0,31649.0,1,False,0.04364852130558422,0.11,221546.0
"Fixed 31623, pilot",4,7,11,"D 0,1 -> 6,7",11,True,0.0,31647.0,1,False,0.10072796416579655,0.11,253193.0
"Fixed 31623, pilot",4,8,5,S 2 -> 6,21,False,1.0,31650.0,1,False,0.009441305047874061,0.11,284843.0
"Fixed 31623, pilot",4,9,21,"D 1,3 -> 5,7",21,True,0.0,31646.0,1,False,0.00944130458544351,0.11,316489.0
"Fixed 31623, pilot",4,10,3,S 1 -> 7,12,False,1.0,31649.0,1,False,0.018167337511205264,0.11,348138.0
"Fixed 31623, pilot",4,11,4,S 2 -> 4,12,False,1.0,31650.0,1,False,0.018167337497097626,0.11,379788.0
"Fixed 31623, pilot",4,12,2,S 1 -> 5,12,False,1.0,31651.0,1,False,0.018167337497097626,0.11,411439.0
"Fixed 31623, pilot",4,13,7,S 3 -> 7,12,False,1.0,31650.0,1,False,0.018167337497097626,0.11,443089.0
"Fixed 31623, pilot",4,14,6,S 3 -> 5,12,False,1.0,31649.0,1,False,0.018167337497097626,0.11,474738.0
"Fixed 31623, pilot",4,15,5,S 2 -> 6,12,False,1.0,31650.0,1,False,0.018167337497097626,0.11,506388.0
"Fixed 31623, pilot",4,16,12,"D 0,2 -> 4,6",12,True,0.0,31653.0,1,False,0.018167337497097626,0.11,538041.0
"Fixed 31623, pilot",5,0,25,"D 2,3 -> 6,7",25,True,0.0,31647.0,1,False,0.31503606513167726,0.11,31647.0
"Fixed 31623, pilot",5,1,18,"D 1,2 -> 4,7",15,True,0.0,31650.0,1,False,0.29681502172579394,0.11,63297.0
"Fixed 31623, pilot",5,2,8,"D 0,1 -> 4,5",8,True,0.0,31651.0,1,False,0.3764697826210095,0.11,94948.0
"Fixed 31623, pilot",5,3,15,"D 0,3 -> 5,6",15,True,0.0,31651.0,1,False,0.30026357217502075,0.11,126599.0
"Fixed 31623, pilot",5,4,19,"D 1,2 -> 5,6",19,True,0.0,31651.0,1,False,0.03758523474777508,0.11,158250.0
"Fixed 31623, pilot",5,5,14,"D 0,3 -> 4,7",14,True,0.0,31648.0,1,False,0.06571252399006697,0.11,189898.0
"Fixed 31623, pilot",5,6,22,"D 2,3 -> 4,5",22,True,0.0,31648.0,1,False,0.043648521305584075,0.11,221546.0
"Fixed 31623, pilot",5,7,11,"D 0,1 -> 6,7",11,True,0.0,31646.0,1,False,0.10072796416579774,0.11,253192.0
"Fixed 31623, pilot",5,8,20,"D 1,2 -> 6,7",21,False,1.0,31651.0,1,False,0.009441304483876945,0.11,284843.0
"Fixed 31623, pilot",5,9,8,"D 0,1 -> 4,5",12,False,0.9999999830892309,31652.0,1,False,0.00944130454604846,0.11,316495.0
"Fixed 31623, pilot",5,10,3,S 1 -> 7,12,False,1.0,31647.0,1,False,0.00944130454604846,0.11,348142.0
"Fixed 31623, pilot",5,11,21,"D 1,3 -> 5,7",12,True,6.400112662063862e-10,31650.0,1,False,0.00944130454604846,0.11,379792.0
"Fixed 31623, pilot",5,12,9,"D 0,1 -> 4,7",12,False,1.0,31647.0,1,False,0.01816733761801132,0.11,411439.0
"Fixed 31623, pilot",5,13,0,S 0 -> 4,12,False,1.0,31646.0,1,False,0.01816733761801132,0.11,443085.0
"Fixed 31623, pilot",5,14,17,"D 1,2 -> 4,5",12,False,1.0,31648.0,1,False,0.01816733761801132,0.11,474733.0
"Fixed 31623, pilot",5,15,6,S 3 -> 5,12,False,1.0,31651.0,1,False,0.01816733761801132,0.11,506384.0
"Fixed 31623, pilot",5,16,12,"D 0,2 -> 4,6",12,True,0.0,31645.0,1,False,0.01816733761801132,0.11,538029.0
"Fixed 31623, pilot",6,0,25,"D 2,3 -> 6,7",25,True,0.0,31651.0,1,False,0.31503606513167726,0.12,31651.0
"Fixed 31623, pilot",6,1,18,"D 1,2 -> 4,7",15,True,0.0,31648.0,1,False,0.29681502172579394,0.11,63299.0
"Fixed 31623, pilot",6,2,8,"D 0,1 -> 4,5",8,True,0.0,31651.0,1,False,0.3764697826210095,0.11,94950.0
"Fixed 31623, pilot",6,3,15,"D 0,3 -> 5,6",15,True,0.0,31649.0,1,False,0.30026357217502075,0.11,126599.0
"Fixed 31623, pilot",6,4,19,"D 1,2 -> 5,6",19,True,0.0,31650.0,1,False,0.03758523474777508,0.11,158249.0
"Fixed 31623, pilot",6,5,14,"D 0,3 -> 4,7",14,True,0.0,31651.0,1,False,0.06571252399006697,0.11,189900.0
"Fixed 31623, pilot",6,6,11,"D 0,1 -> 6,7",22,False,0.04480658230253376,31649.0,1,False,0.043648521305584075,0.11,221549.0
"Fixed 31623, pilot",6,7,22,"D 2,3 -> 4,5",22,True,0.0,31649.0,1,False,0.06967473471393487,0.11,253198.0
"Fixed 31623, pilot",6,8,12,"D 0,2 -> 4,6",21,False,2.6598955260581647e-09,31651.0,1,False,0.009441304763103297,0.11,284849.0
"Fixed 31623, pilot",6,9,20,"D 1,2 -> 6,7",21,False,1.0,31648.0,1,False,0.018167337649211406,0.11,316497.0
"Fixed 31623, pilot",6,10,25,"D 2,3 -> 6,7",21,False,0.9938252402841472,31652.0,1,False,0.018167337649211406,0.11,348149.0
"Fixed 31623, pilot",7,0,14,"D 0,3 -> 4,7",25,False,0.052846754050403844,31644.0,1,False,0.31503606513167726,0.12,31644.0
"Fixed 31623, pilot",7,1,22,"D 2,3 -> 4,5",22,True,0.0,31649.0,1,False,0.2986379460442076,0.11,63293.0
"Fixed 31623, pilot",7,2,19,"D 1,2 -> 5,6",19,True,0.0,31649.0,1,False,0.35321992230088123,0.11,94942.0
"Fixed 31623, pilot",7,3,11,"D 0,1 -> 6,7",11,True,0.0,31652.0,1,False,0.22254279298159932,0.11,126594.0
"Fixed 31623, pilot",7,4,18,"D 1,2 -> 4,7",8,False,0.026297173989254685,31647.0,1,False,0.022746161137019386,0.11,158241.0
"Fixed 31623, pilot",7,5,15,"D 0,3 -> 5,6",15,True,0.0,31652.0,1,False,0.03866517257132855,0.11,189893.0
"Fixed 31623, pilot",7,6,12,"D 0,2 -> 4,6",8,False,0.2888775883584619,31648.0,1,False,0.03387932971003275,0.11,221541.0
"Fixed 31623, pilot",7,7,21,"D 1,3 -> 5,7",21,True,0.0,31650.0,1,False,0.04489191970676115,0.11,253191.0
"Fixed 31623, pilot",7,8,8,"D 0,1 -> 4,5",8,True,0.0,31652.0,1,False,0.022240982073983926,0.11,284843.0
"Fixed 31623, pilot",7,9,25,"D 2,3 -> 6,7",25,True,0.0,31646.0,1,False,0.04005721130045982,0.11,316489.0
"Fixed 31623, pilot",8,0,25,"D 2,3 -> 6,7",25,True,0.0,31648.0,1,False,0.31503606513167726,0.11,31648.0
"Fixed 31623, pilot",8,1,15,"D 0,3 -> 5,6",15,True,0.0,31652.0,1,False,0.29681502172579394,0.11,63300.0
"Fixed 31623, pilot",8,2,8,"D 0,1 -> 4,5",8,True,0.0,31648.0,1,False,0.3764697826210095,0.11,94948.0
"Fixed 31623, pilot",8,3,18,"D 1,2 -> 4,7",18,True,0.0,31653.0,1,False,0.3002635722338174,0.11,126601.0
"Fixed 31623, pilot",8,4,14,"D 0,3 -> 4,7",14,True,0.0,31651.0,1,False,0.03758523457422756,0.11,158252.0
"Fixed 31623, pilot",8,5,19,"D 1,2 -> 5,6",19,True,0.0,31650.0,1,False,0.0657125239900671,0.11,189902.0
"Fixed 31623, pilot",8,6,11,"D 0,1 -> 6,7",22,False,0.044806582302531095,31651.0,1,False,0.04364852130558422,0.11,221553.0
"Fixed 31623, pilot",8,7,22,"D 2,3 -> 4,5",22,True,0.0,31651.0,1,False,0.06967473471683744,0.11,253204.0
"Fixed 31623, pilot",8,8,2,S 1 -> 5,12,False,1.0,31650.0,1,False,0.009441304763103292,0.11,284854.0
"Fixed 31623, pilot",8,9,8,"D 0,1 -> 4,5",12,False,0.9999999277147249,31650.0,1,False,0.009441304763103292,0.11,316504.0
"Fixed 31623, pilot",8,10,20,"D 1,2 -> 6,7",12,False,1.0,31652.0,1,False,0.009441304763103292,0.11,348156.0
"Fixed 31623, pilot",8,11,14,"D 0,3 -> 4,7",12,False,0.9999999421513336,31644.0,1,False,0.009441304763103292,0.11,379800.0
"Fixed 31623, pilot",8,12,3,S 1 -> 7,12,False,1.0,31653.0,1,False,0.009441304763103292,0.11,411453.0
"Fixed 31623, pilot",8,13,25,"D 2,3 -> 6,7",12,False,0.9999998934268234,31650.0,1,False,0.009441304763103292,0.11,443103.0
"Fixed 31623, pilot",8,14,12,"D 0,2 -> 4,6",12,True,0.0,31650.0,1,False,0.009441304763103292,0.11,474753.0
"Fixed 31623, pilot",8,15,14,"D 0,3 -> 4,7",21,False,0.9867664126285938,31651.0,1,False,0.01816733767440487,0.11,506404.0
"Fixed 31623, pilot",9,0,14,"D 0,3 -> 4,7",25,False,0.052846754050403844,31647.0,1,False,0.31503606513167726,0.11,31647.0
"Fixed 31623, pilot",9,1,11,"D 0,1 -> 6,7",22,False,0.02016704851099438,31652.0,1,False,0.2986379460442076,0.11,63299.0
"Fixed 31623, pilot",9,2,19,"D 1,2 -> 5,6",19,True,0.0,31647.0,1,False,0.3718349895348084,0.11,94946.0
"Fixed 31623, pilot",9,3,22,"D 2,3 -> 4,5",22,True,0.0,31648.0,1,False,0.34033883568924583,0.11,126594.0
"Fixed 31623, pilot",9,4,18,"D 1,2 -> 4,7",8,False,0.0262971684478841,31648.0,1,False,0.022746161128215047,0.11,158242.0
"Fixed 31623, pilot",9,5,15,"D 0,3 -> 5,6",15,True,0.0,31647.0,1,False,0.038665172571355086,0.11,189889.0
"Fixed 31623, pilot",9,6,8,"D 0,1 -> 4,5",8,True,0.0,31650.0,1,False,0.03387932909392133,0.11,221539.0
"Fixed 31623, pilot",9,7,25,"D 2,3 -> 6,7",25,True,0.0,31649.0,1,False,0.06140260804694253,0.11,253188.0
"Fixed 31623, pilot",9,8,15,"D 0,3 -> 5,6",21,False,0.9999999375561012,31651.0,1,False,0.009441304784541577,0.11,284839.0
"Fixed 31623, pilot",9,9,4,S 2 -> 4,21,False,1.0,31648.0,1,False,0.009441304784541577,0.11,316487.0
"Fixed 31623, pilot",9,10,4,S 2 -> 4,21,False,1.0,31651.0,1,False,0.009441304784541577,0.11,348138.0
"Fixed 31623, pilot",9,11,19,"D 1,2 -> 5,6",21,False,0.9999999082969437,31650.0,1,False,0.009441304784541577,0.11,379788.0
"Fixed 31623, pilot",9,12,0,S 0 -> 4,21,False,1.0,31649.0,1,False,0.009441304784541577,0.11,411437.0
"Fixed 31623, pilot",9,13,18,"D 1,2 -> 4,7",21,False,0.9999999335231767,31649.0,1,False,0.009441304784541577,0.11,443086.0
"Fixed 31623, pilot",9,14,11,"D 0,1 -> 6,7",21,False,0.9999999957434711,31649.0,1,False,0.009441304784541577,0.11,474735.0
"Fixed 31623, pilot",9,15,1,S 0 -> 6,21,False,1.0,31650.0,1,False,0.009441304784541577,0.11,506385.0
"Fixed 31623, pilot",9,16,15,"D 0,3 -> 5,6",21,False,0.9999999375561012,31649.0,1,False,0.009441304784541577,0.11,538034.0
"Fixed 31623, pilot",9,17,1,S 0 -> 6,21,False,1.0,31651.0,1,False,0.009441304784541577,0.11,569685.0
"Fixed 31623, pilot",9,18,1,S 0 -> 6,21,False,1.0,31652.0,1,False,0.009441304784541577,0.11,601337.0
"Fixed 31623, pilot",9,19,3,S 1 -> 7,21,False,1.0,31650.0,1,False,0.009441304784541577,0.11,632987.0
"Fixed 31623, pilot",10,0,14,"D 0,3 -> 4,7",25,False,0.052846754050403844,31654.0,1,False,0.31503606513167726,0.11,31654.0
"Fixed 31623, pilot",10,1,19,"D 1,2 -> 5,6",22,False,0.0008388564376003993,31650.0,1,False,0.2986379460442076,0.11,63304.0
"Fixed 31623, pilot",10,2,11,"D 0,1 -> 6,7",22,False,0.015858687170637098,31648.0,1,False,0.30702477030875686,0.11,94952.0
"Fixed 31623, pilot",10,3,22,"D 2,3 -> 4,5",22,True,0.0,31649.0,1,False,0.3705851037435389,0.11,126601.0
"Fixed 31623, pilot",10,4,25,"D 2,3 -> 6,7",8,False,0.054879825318134734,31648.0,1,False,0.022746161162242224,0.11,158249.0
"Fixed 31623, pilot",10,5,8,"D 0,1 -> 4,5",8,True,0.0,31650.0,1,False,0.039703578819926436,0.11,189899.0
"Fixed 31623, pilot",10,6,15,"D 0,3 -> 5,6",15,True,6.661338147750939e-16,31653.0,1,False,0.03323670728135393,0.11,221552.0
"Fixed 31623, pilot",10,7,18,"D 1,2 -> 4,7",18,True,0.0,31650.0,1,False,0.061357451134630224,0.11,253202.0
"Fixed 31623, pilot",10,8,22,"D 2,3 -> 4,5",12,False,0.9999999752495439,31651.0,1,False,0.009441304656497262,0.11,284853.0
"Fixed 31623, pilot",10,9,7,S 3 -> 7,12,False,1.0,31648.0,1,False,0.009441304656497262,0.11,316501.0
"Fixed 31623, pilot",10,10,19,"D 1,2 -> 5,6",12,False,0.9999999548495555,31651.0,1,False,0.009441304656497262,0.11,348152.0
"Fixed 31623, pilot",10,11,5,S 2 -> 6,12,False,1.0,31649.0,1,False,0.009441304656497262,0.11,379801.0
"Fixed 31623, pilot",10,12,9,"D 0,1 -> 4,7",12,False,1.0,31649.0,1,False,0.009441304656497262,0.11,411450.0
"Fixed 31623, pilot",10,13,10,"D 0,1 -> 5,6",12,False,1.0,31650.0,1,False,0.009441304656497262,0.11,443100.0
"Fixed 31623, pilot",10,14,10,"D 0,1 -> 5,6",12,False,1.0,31651.0,1,False,0.009441304656497262,0.11,474751.0
"Fixed 31623, pilot",10,15,24,"D 2,3 -> 5,6",12,False,1.0,31651.0,1,False,0.009441304656497262,0.11,506402.0
"Fixed 31623, pilot",10,16,3,S 1 -> 7,12,False,1.0,31651.0,1,False,0.009441304656497262,0.11,538053.0
"Fixed 31623, pilot",10,17,9,"D 0,1 -> 4,7",12,False,1.0,31648.0,1,False,0.009441304656497262,0.11,569701.0
"Fixed 31623, pilot",10,18,7,S 3 -> 7,12,False,1.0,31651.0,1,False,0.009441304656497262,0.11,601352.0
"Fixed 31623, pilot",10,19,21,"D 1,3 -> 5,7",12,False,2.0162221892050525e-09,31648.0,1,False,0.009441304656497262,0.11,633000.0
"Fixed 31623, pilot",11,0,19,"D 1,2 -> 5,6",25,False,0.052846754050403844,31645.0,1,False,0.31503606513167726,0.11,31645.0
"Fixed 31623, pilot",11,1,11,"D 0,1 -> 6,7",22,False,0.02016704849809181,31652.0,1,False,0.2986379460814117,0.11,63297.0
"Fixed 31623, pilot",11,2,14,"D 0,3 -> 4,7",14,True,0.0,31650.0,1,False,0.37183499075359205,0.11,94947.0
"Fixed 31623, pilot",11,3,22,"D 2,3 -> 4,5",22,True,0.0,31648.0,1,False,0.34033883568924567,0.11,126595.0
"Fixed 31623, pilot",11,4,25,"D 2,3 -> 6,7",8,False,0.05487982539422431,31648.0,1,False,0.022746161134040658,0.11,158243.0
"Fixed 31623, pilot",11,5,15,"D 0,3 -> 5,6",8,False,0.39949983213221985,31651.0,1,False,0.03970357903498978,0.11,189894.0
"Fixed 31623, pilot",11,6,8,"D 0,1 -> 4,5",8,True,0.0,31650.0,1,False,0.04318570981949272,0.11,221544.0
"Fixed 31623, pilot",11,7,18,"D 1,2 -> 4,7",18,True,0.0,31647.0,1,False,0.06317054575368458,0.11,253191.0
"Fixed 31623, pilot",11,8,9,"D 0,1 -> 4,7",21,False,1.0,31649.0,1,False,0.009441304443735931,0.11,284840.0
"Fixed 31623, pilot",11,9,0,S 0 -> 4,21,False,1.0,31652.0,1,False,0.009441304443735931,0.11,316492.0
"Fixed 31623, pilot",11,10,9,"D 0,1 -> 4,7",21,False,1.0,31648.0,1,False,0.009441304443735931,0.11,348140.0
"Fixed 31623, pilot",11,11,2,S 1 -> 5,21,False,1.0,31650.0,1,False,0.009441304443735931,0.11,379790.0
"Fixed 31623, pilot",11,12,13,"D 0,3 -> 4,5",21,False,1.0,31649.0,1,False,0.009441304443735931,0.11,411439.0
"Fixed 31623, pilot",11,13,3,S 1 -> 7,21,False,1.0,31649.0,1,False,0.009441304443735931,0.11,443088.0
"Fixed 31623, pilot",11,14,21,"D 1,3 -> 5,7",21,True,0.0,31650.0,1,False,0.009441304443735931,0.11,474738.0
"Fixed 31623, pilot",11,15,4,S 2 -> 4,12,False,1.0,31651.0,1,False,0.01816733768625707,0.11,506389.0
"Fixed 31623, pilot",11,16,12,"D 0,2 -> 4,6",12,True,0.0,31646.0,1,False,0.01816733768625707,0.11,538035.0
"Fixed 31623, pilot",12,0,25,"D 2,3 -> 6,7",25,True,0.0,31649.0,1,False,0.31503606513167726,0.11,31649.0
"Fixed 31623, pilot",12,1,15,"D 0,3 -> 5,6",15,True,0.0,31651.0,1,False,0.29681502172579394,0.11,63300.0
"Fixed 31623, pilot",12,2,8,"D 0,1 -> 4,5",8,True,0.0,31651.0,1,False,0.3764697826210095,0.11,94951.0
"Fixed 31623, pilot",12,3,18,"D 1,2 -> 4,7",18,True,0.0,31649.0,1,False,0.3002635722338174,0.11,126600.0
"Fixed 31623, pilot",12,4,14,"D 0,3 -> 4,7",14,True,0.0,31649.0,1,False,0.03758523457422756,0.11,158249.0
"Fixed 31623, pilot",12,5,19,"D 1,2 -> 5,6",19,True,0.0,31648.0,1,False,0.0657125239900671,0.11,189897.0
"Fixed 31623, pilot",12,6,11,"D 0,1 -> 6,7",22,False,0.044806582302531095,31649.0,1,False,0.04364852130558422,0.11,221546.0
"Fixed 31623, pilot",12,7,22,"D 2,3 -> 4,5",22,True,0.0,31651.0,1,False,0.06967473471683744,0.11,253197.0
"Fixed 31623, pilot",12,8,9,"D 0,1 -> 4,7",12,False,1.0,31649.0,1,False,0.009441304763103292,0.11,284846.0
"Fixed 31623, pilot",12,9,15,"D 0,3 -> 5,6",12,False,0.9999999966967403,31649.0,1,False,0.009441304763103292,0.11,316495.0
"Fixed 31623, pilot",12,10,1,S 0 -> 6,12,False,1.0,31651.0,1,False,0.009441304763103292,0.11,348146.0
"Fixed 31623, pilot",12,11,11,"D 0,1 -> 6,7",12,False,0.999999928507858,31651.0,1,False,0.009441304763103292,0.11,379797.0
"Fixed 31623, pilot",12,12,3,S 1 -> 7,12,False,1.0,31648.0,1,False,0.009441304763103292,0.11,411445.0
"Fixed 31623, pilot",12,13,15,"D 0,3 -> 5,6",12,False,0.9999999966967403,31651.0,1,False,0.009441304763103292,0.11,443096.0
"Fixed 31623, pilot",12,14,21,"D 1,3 -> 5,7",12,False,2.6598964142365844e-09,31648.0,1,False,0.009441304763103292,0.11,474744.0
"Fixed 31623, pilot",12,15,15,"D 0,3 -> 5,6",12,False,0.9933158746949724,31650.0,1,False,0.018167337462465433,0.11,506394.0
"Fixed 31623, pilot",13,0,25,"D 2,3 -> 6,7",25,True,0.0,31647.0,1,False,0.31503606513167726,0.11,31647.0
"Fixed 31623, pilot",13,1,15,"D 0,3 -> 5,6",15,True,0.0,31653.0,1,False,0.29681502172579394,0.11,63300.0
"Fixed 31623, pilot",13,2,8,"D 0,1 -> 4,5",8,True,0.0,31651.0,1,False,0.3764697826210095,0.11,94951.0
"Fixed 31623, pilot",13,3,18,"D 1,2 -> 4,7",18,True,0.0,31650.0,1,False,0.3002635722338174,0.11,126601.0
"Fixed 31623, pilot",13,4,19,"D 1,2 -> 5,6",14,True,5.182410056647768e-12,31650.0,1,False,0.03758523457422756,0.11,158251.0
"Fixed 31623, pilot",13,5,14,"D 0,3 -> 4,7",14,True,0.0,31652.0,1,False,0.06571252392066197,0.11,189903.0
"Fixed 31623, pilot",13,6,11,"D 0,1 -> 6,7",22,False,0.044806582285143115,31651.0,1,False,0.04364852124132713,0.11,221554.0
"Fixed 31623, pilot",13,7,22,"D 2,3 -> 4,5",22,True,0.0,31650.0,1,False,0.06967473471393487,0.11,253204.0
"Fixed 31623, pilot",13,8,2,S 1 -> 5,21,False,1.0,31645.0,1,False,0.009441304632724919,0.11,284849.0
"Fixed 31623, pilot",13,9,17,"D 1,2 -> 4,5",21,False,1.0,31649.0,1,False,0.009441304632724919,0.11,316498.0
"Fixed 31623, pilot",13,10,16,"D 0,3 -> 6,7",21,False,1.0,31650.0,1,False,0.009441304632724919,0.11,348148.0
"Fixed 31623, pilot",13,11,21,"D 1,3 -> 5,7",21,True,0.0,31652.0,1,False,0.009441304632724919,0.11,379800.0
"Fixed 31623, pilot",13,12,4,S 2 -> 4,12,False,1.0,31650.0,1,False,0.018167337649211596,0.11,411450.0
"Fixed 31623, pilot",13,13,7,S 3 -> 7,12,False,1.0,31651.0,1,False,0.018167337649211596,0.11,443101.0
"Fixed 31623, pilot",13,14,7,S 3 -> 7,12,False,1.0,31647.0,1,False,0.018167337649211596,0.11,474748.0
"Fixed 31623, pilot",13,15,0,S 0 -> 4,12,False,1.0,31651.0,1,False,0.018167337649211596,0.11,506399.0
"Fixed 31623, pilot",13,16,2,S 1 -> 5,12,False,1.0,31651.0,1,False,0.018167337649211596,0.11,538050.0
"Fixed 31623, pilot",13,17,15,"D 0,3 -> 5,6",12,False,0.9933158908471122,31649.0,1,False,0.018167337649211596,0.11,569699.0
"Fixed 31623, pilot",14,0,25,"D 2,3 -> 6,7",25,True,0.0,31647.0,1,False,0.31503606513167726,0.11,31647.0
"Fixed 31623, pilot",14,1,18,"D 1,2 -> 4,7",15,True,0.0,31652.0,1,False,0.29681502172579394,0.11,63299.0
"Fixed 31623, pilot",14,2,8,"D 0,1 -> 4,5",8,True,0.0,31649.0,1,False,0.3764697826210095,0.11,94948.0
"Fixed 31623, pilot",14,3,15,"D 0,3 -> 5,6",15,True,0.0,31650.0,1,False,0.30026357217502075,0.11,126598.0
"Fixed 31623, pilot",14,4,22,"D 2,3 -> 4,5",19,False,0.30884520486840616,31652.0,1,False,0.03758523474777508,0.11,158250.0
"Fixed 31623, pilot",14,5,11,"D 0,1 -> 6,7",11,True,0.0,31645.0,1,False,0.0530579340682053,0.11,189895.0
"Fixed 31623, pilot",14,6,19,"D 1,2 -> 5,6",14,True,7.019012038256278e-10,31646.0,1,False,0.054109016935595354,0.11,221541.0
"Fixed 31623, pilot",14,7,14,"D 0,3 -> 4,7",14,True,0.0,31651.0,1,False,0.1024217793079887,0.11,253192.0
"Fixed 31623, pilot",14,8,20,"D 1,2 -> 6,7",21,False,1.0,31652.0,1,False,0.009441304783963897,0.11,284844.0
"Fixed 31623, pilot",14,9,21,"D 1,3 -> 5,7",21,True,0.0,31650.0,1,False,0.009441304783963897,0.11,316494.0
"Fixed 31623, pilot",14,10,12,"D 0,2 -> 4,6",12,True,0.0,31649.0,1,False,0.018167337684070098,0.11,348143.0
"Fixed 31623, pilot",15,0,25,"D 2,3 -> 6,7",25,True,0.0,31645.0,1,False,0.31503606513167726,0.11,31645.0
"Fixed 31623, pilot",15,1,15,"D 0,3 -> 5,6",15,True,0.0,31647.0,1,False,0.29681502172579394,0.11,63292.0
"Fixed 31623, pilot",15,2,8,"D 0,1 -> 4,5",8,True,0.0,31649.0,1,False,0.3764697826210095,0.11,94941.0
"Fixed 31623, pilot",15,3,18,"D 1,2 -> 4,7",18,True,0.0,31649.0,1,False,0.3002635722338174,0.11,126590.0
"Fixed 31623, pilot",15,4,14,"D 0,3 -> 4,7",14,True,0.0,31649.0,1,False,0.03758523457422756,0.11,158239.0
"Fixed 31623, pilot",15,5,19,"D 1,2 -> 5,6",19,True,0.0,31648.0,1,False,0.0657125239900671,0.11,189887.0
"Fixed 31623, pilot",15,6,22,"D 2,3 -> 4,5",22,True,0.0,31644.0,1,False,0.04364852130558422,0.11,221531.0
"Fixed 31623, pilot",15,7,11,"D 0,1 -> 6,7",11,True,0.0,31652.0,1,False,0.10072796416579655,0.11,253183.0
"Fixed 31623, pilot",15,8,3,S 1 -> 7,21,False,1.0,31648.0,1,False,0.009441305047874061,0.11,284831.0
"Fixed 31623, pilot",15,9,14,"D 0,3 -> 4,7",21,False,0.9999999802026052,31648.0,1,False,0.00944130458544351,0.11,316479.0
"Fixed 31623, pilot",15,10,5,S 2 -> 6,21,False,1.0,31650.0,1,False,0.00944130458544351,0.11,348129.0
"Fixed 31623, pilot",15,11,7,S 3 -> 7,21,False,1.0,31647.0,1,False,0.00944130458544351,0.11,379776.0
"Fixed 31623, pilot",15,12,1,S 0 -> 6,21,False,1.0,31649.0,1,False,0.00944130458544351,0.11,411425.0
"Fixed 31623, pilot",15,13,23,"D 2,3 -> 4,7",21,False,1.0,31649.0,1,False,0.00944130458544351,0.11,443074.0
"Fixed 31623, pilot",15,14,0,S 0 -> 4,21,False,1.0,31651.0,1,False,0.00944130458544351,0.11,474725.0
"Fixed 31623, pilot",15,15,21,"D 1,3 -> 5,7",21,True,0.0,31649.0,1,False,0.00944130458544351,0.11,506374.0
"Fixed 31623, pilot",15,16,8,"D 0,1 -> 4,5",12,False,0.9936887299283585,31652.0,1,False,0.01816733740754338,0.11,538026.0
"Fixed 31623, pilot",16,0,25,"D 2,3 -> 6,7",25,True,0.0,31648.0,1,False,0.31503606513167726,0.11,31648.0
"Fixed 31623, pilot",16,1,18,"D 1,2 -> 4,7",15,True,0.0,31648.0,1,False,0.29681502172579394,0.11,63296.0
"Fixed 31623, pilot",16,2,8,"D 0,1 -> 4,5",8,True,0.0,31650.0,1,False,0.3764697826210095,0.11,94946.0
"Fixed 31623, pilot",16,3,15,"D 0,3 -> 5,6",15,True,0.0,31651.0,1,False,0.30026357217502075,0.11,126597.0
"Fixed 31623, pilot",16,4,14,"D 0,3 -> 4,7",19,True,5.80789971671436e-10,31648.0,1,False,0.03758523474777508,0.11,158245.0
"Fixed 31623, pilot",16,5,19,"D 1,2 -> 5,6",19,True,0.0,31652.0,1,False,0.0657125239206618,0.11,189897.0
"Fixed 31623, pilot",16,6,22,"D 2,3 -> 4,5",22,True,0.0,31649.0,1,False,0.043648521241327065,0.11,221546.0
"Fixed 31623, pilot",16,7,11,"D 0,1 -> 6,7",11,True,0.0,31648.0,1,False,0.10072796416579699,0.11,253194.0
"Fixed 31623, pilot",16,8,12,"D 0,2 -> 4,6",21,False,2.297273260509769e-09,31650.0,1,False,0.009441304483876924,0.11,284844.0
"Fixed 31623, pilot",16,9,21,"D 1,3 -> 5,7",21,True,0.0,31651.0,1,False,0.018167337649210347,0.11,316495.0
"Fixed 31623, pilot",17,0,25,"D 2,3 -> 6,7",25,True,0.0,31646.0,1,False,0.31503606513167726,0.11,31646.0
"Fixed 31623, pilot",17,1,8,"D 0,1 -> 4,5",15,False,0.033311851350335986,31651.0,1,False,0.29681502172579394,0.11,63297.0
"Fixed 31623, pilot",17,2,15,"D 0,3 -> 5,6",15,True,0.0,31650.0,1,False,0.303713351808019,0.11,94947.0
"Fixed 31623, pilot",17,3,18,"D 1,2 -> 4,7",18,True,0.0,31648.0,1,False,0.38824803810173436,0.11,126595.0
"Fixed 31623, pilot",17,4,14,"D 0,3 -> 4,7",14,True,0.0,31652.0,1,False,0.03758523456612019,0.11,158247.0
"Fixed 31623, pilot",17,5,19,"D 1,2 -> 5,6",19,True,0.0,31649.0,1,False,0.0657125241352967,0.11,189896.0
"Fixed 31623, pilot",17,6,22,"D 2,3 -> 4,5",22,True,0.0,31647.0,1,False,0.043648521856409134,0.11,221543.0
"Fixed 31623, pilot",17,7,11,"D 0,1 -> 6,7",11,True,0.0,31650.0,1,False,0.10072796429211578,0.11,253193.0
"Fixed 31623, pilot",17,8,4,S 2 -> 4,12,False,1.0,31648.0,1,False,0.009441304132124777,0.11,284841.0
"Fixed 31623, pilot",17,9,2,S 1 -> 5,12,False,1.0,31650.0,1,False,0.009441304132124777,0.11,316491.0
"Fixed 31623, pilot",17,10,12,"D 0,2 -> 4,6",12,True,0.0,31646.0,1,False,0.009441304132124777,0.11,348137.0
"Fixed 31623, pilot",17,11,24,"D 2,3 -> 5,6",21,False,1.0,31650.0,1,False,0.0181673374389041,0.11,379787.0
"Fixed 31623, pilot",17,12,18,"D 1,2 -> 4,7",21,False,0.9933159068684124,31652.0,1,False,0.01816733748405103,0.11,411439.0
"Fixed 31623, pilot",18,0,25,"D 2,3 -> 6,7",25,True,0.0,31650.0,1,False,0.31503606513167726,0.11,31650.0
"Fixed 31623, pilot",18,1,18,"D 1,2 -> 4,7",15,True,0.0,31650.0,1,False,0.29681502172579394,0.11,63300.0
"Fixed 31623, pilot",18,2,8,"D 0,1 -> 4,5",8,True,0.0,31647.0,1,False,0.3764697826210095,0.11,94947.0
"Fixed 31623, pilot",18,3,15,"D 0,3 -> 5,6",15,True,0.0,31649.0,1,False,0.30026357217502075,0.11,126596.0
"Fixed 31623, pilot",18,4,19,"D 1,2 -> 5,6",19,True,0.0,31648.0,1,False,0.03758523474777508,0.11,158244.0
"Fixed 31623, pilot",18,5,14,"D 0,3 -> 4,7",14,True,0.0,31650.0,1,False,0.06571252399006697,0.11,189894.0
"Fixed 31623, pilot",18,6,11,"D 0,1 -> 6,7",22,False,0.04480658230253376,31649.0,1,False,0.043648521305584075,0.11,221543.0
"Fixed 31623, pilot",18,7,22,"D 2,3 -> 4,5",22,True,0.0,31649.0,1,False,0.06967473471393487,0.11,253192.0
"Fixed 31623, pilot",18,8,4,S 2 -> 4,21,False,1.0,31649.0,1,False,0.009441304763103297,0.11,284841.0
"Fixed 31623, pilot",18,9,14,"D 0,3 -> 4,7",21,False,0.9999999296083645,31649.0,1,False,0.009441304763103297,0.11,316490.0
"Fixed 31623, pilot",18,10,19,"D 1,2 -> 5,6",21,False,0.9999999421513571,31648.0,1,False,0.009441304763103297,0.11,348138.0
"Fixed 31623, pilot",18,11,9,"D 0,1 -> 4,7",21,False,1.0,31651.0,1,False,0.009441304763103297,0.11,379789.0
"Fixed 31623, pilot",18,12,16,"D 0,3 -> 6,7",21,False,1.0,31649.0,1,False,0.009441304763103297,0.11,411438.0
"Fixed 31623, pilot",18,13,19,"D 1,2 -> 5,6",21,False,0.9999999421513571,31649.0,1,False,0.009441304763103297,0.11,443087.0
"Fixed 31623, pilot",18,14,18,"D 1,2 -> 4,7",21,False,0.9999999966967992,31651.0,1,False,0.009441304763103297,0.11,474738.0
"Fixed 31623, pilot",18,15,16,"D 0,3 -> 6,7",21,False,1.0,31648.0,1,False,0.009441304763103297,0.11,506386.0
"Fixed 31623, pilot",18,16,12,"D 0,2 -> 4,6",21,False,2.6598955260581647e-09,31646.0,1,False,0.009441304763103297,0.11,538032.0
"Fixed 31623, pilot",18,17,24,"D 2,3 -> 5,6",21,False,1.0,31650.0,1,False,0.01816733766469354,0.11,569682.0
"Fixed 31623, pilot",18,18,21,"D 1,3 -> 5,7",21,True,0.0,31650.0,1,False,0.01816733766469354,0.11,601332.0
"Fixed 31623, pilot",19,0,25,"D 2,3 -> 6,7",25,True,0.0,31647.0,1,False,0.31503606513167726,0.11,31647.0
"Fixed 31623, pilot",19,1,8,"D 0,1 -> 4,5",15,False,0.033311851350335986,31646.0,1,False,0.29681502172579394,0.11,63293.0
"Fixed 31623, pilot",19,2,15,"D 0,3 -> 5,6",15,True,0.0,31652.0,1,False,0.303713351808019,0.11,94945.0
"Fixed 31623, pilot",19,3,18,"D 1,2 -> 4,7",18,True,0.0,31649.0,1,False,0.38824803810173436,0.11,126594.0
"Fixed 31623, pilot",19,4,14,"D 0,3 -> 4,7",14,True,0.0,31647.0,1,False,0.03758523456612019,0.11,158241.0
"Fixed 31623, pilot",19,5,19,"D 1,2 -> 5,6",19,True,0.0,31652.0,1,False,0.0657125241352967,0.11,189893.0
"Fixed 31623, pilot",19,6,11,"D 0,1 -> 6,7",22,False,0.04480658474782895,31647.0,1,False,0.043648521856409134,0.11,221540.0
"Fixed 31623, pilot",19,7,22,"D 2,3 -> 4,5",22,True,0.0,31653.0,1,False,0.06967473568968069,0.11,253193.0
"Fixed 31623, pilot",19,8,1,S 0 -> 6,12,False,1.0,31647.0,1,False,0.00944130465202562,0.11,284840.0
"Fixed 31623, pilot",19,9,21,"D 1,3 -> 5,7",12,True,0.0,31651.0,1,False,0.00944130465202562,0.11,316491.0
"Fixed 31623, pilot",19,10,12,"D 0,2 -> 4,6",12,True,0.0,31651.0,1,False,0.018167337417688455,0.11,348142.0
"Fixed 31623, pilot",20,0,19,"D 1,2 -> 5,6",25,False,0.052846754050403844,31650.0,1,False,0.31503606513167726,0.11,31650.0
"Fixed 31623, pilot",20,1,14,"D 0,3 -> 4,7",22,False,0.0008388565620752741,31648.0,1,False,0.2986379460814117,0.11,63298.0
"Fixed 31623, pilot",20,2,22,"D 2,3 -> 4,5",22,True,0.0,31650.0,1,False,0.3070247718582447,0.11,94948.0
"Fixed 31623, pilot",20,3,11,"D 0,1 -> 6,7",11,True,0.0,31649.0,1,False,0.4010030868094594,0.11,126597.0
"Fixed 31623, pilot",20,4,8,"D 0,1 -> 4,5",8,True,0.0,31646.0,1,False,0.02274616133043009,0.11,158243.0
"Fixed 31623, pilot",20,5,15,"D 0,3 -> 5,6",25,False,0.3858372034687445,31650.0,1,False,0.038483766324501636,0.11,189893.0
"Fixed 31623, pilot",20,6,25,"D 2,3 -> 6,7",25,True,0.0,31649.0,1,False,0.04187436818151176,0.11,221542.0
"Fixed 31623, pilot",20,7,18,"D 1,2 -> 4,7",18,True,0.0,31649.0,1,False,0.0631705466620822,0.11,253191.0
"Fixed 31623, pilot",20,8,21,"D 1,3 -> 5,7",21,True,0.0,31652.0,1,False,0.009441304201056702,0.11,284843.0
"Fixed 31623, pilot",20,9,11,"D 0,1 -> 6,7",12,False,0.9826751119357756,31651.0,1,False,0.018167337626014964,0.11,316494.0
"Fixed 31623, pilot",21,0,14,"D 0,3 -> 4,7",25,False,0.052846754050403844,31646.0,1,False,0.31503606513167726,0.11,31646.0
"Fixed 31623, pilot",21,1,19,"D 1,2 -> 5,6",22,False,0.0008388564376003993,31649.0,1,False,0.2986379460442076,0.11,63295.0
"Fixed 31623, pilot",21,2,11,"D 0,1 -> 6,7",22,False,0.015858687170637098,31647.0,1,False,0.30702477030875686,0.11,94942.0
"Fixed 31623, pilot",21,3,22,"D 2,3 -> 4,5",22,True,0.0,31650.0,1,False,0.3705851037435389,0.11,126592.0
"Fixed 31623, pilot",21,4,18,"D 1,2 -> 4,7",8,False,0.026297173679262098,31647.0,1,False,0.022746161162242224,0.11,158239.0
"Fixed 31623, pilot",21,5,15,"D 0,3 -> 5,6",15,True,0.0,31647.0,1,False,0.03866517252297138,0.11,189886.0
"Fixed 31623, pilot",21,6,25,"D 2,3 -> 6,7",8,False,0.022501063358801088,31650.0,1,False,0.03387932916403018,0.11,221536.0
"Fixed 31623, pilot",21,7,8,"D 0,1 -> 4,5",8,True,0.0,31647.0,1,False,0.06334829077665229,0.11,253183.0
"Fixed 31623, pilot",21,8,12,"D 0,2 -> 4,6",12,True,0.0,31651.0,1,False,0.00944130457409444,0.11,284834.0
"Fixed 31623, pilot",21,9,23,"D 2,3 -> 4,7",21,False,1.0,31649.0,1,False,0.018167337874012597,0.11,316483.0
"Fixed 31623, pilot",21,10,7,S 3 -> 7,21,False,1.0,31651.0,1,False,0.018167337874012597,0.11,348134.0
"Fixed 31623, pilot",21,11,16,"D 0,3 -> 6,7",21,False,1.0,31648.0,1,False,0.018167337874012597,0.11,379782.0
"Fixed 31623, pilot",21,12,21,"D 1,3 -> 5,7",21,True,0.0,31647.0,1,False,0.018167337874012597,0.11,411429.0
"Fixed 31623, pilot",22,0,25,"D 2,3 -> 6,7",25,True,0.0,31647.0,1,False,0.31503606513167726,0.11,31647.0
"Fixed 31623, pilot",22,1,18,"D 1,2 -> 4,7",15,True,0.0,31648.0,1,False,0.29681502172579394,0.11,63295.0
"Fixed 31623, pilot",22,2,8,"D 0,1 -> 4,5",8,True,0.0,31651.0,1,False,0.3764697826210095,0.11,94946.0
"Fixed 31623, pilot",22,3,15,"D 0,3 -> 5,6",15,True,0.0,31651.0,1,False,0.30026357217502075,0.11,126597.0
"Fixed 31623, pilot",22,4,19,"D 1,2 -> 5,6",19,True,0.0,31648.0,1,False,0.03758523474777508,0.11,158245.0
"Fixed 31623, pilot",22,5,14,"D 0,3 -> 4,7",14,True,0.0,31649.0,1,False,0.06571252399006697,0.11,189894.0
"Fixed 31623, pilot",22,6,11,"D 0,1 -> 6,7",22,False,0.04480658230253376,31649.0,1,False,0.043648521305584075,0.11,221543.0
"Fixed 31623, pilot",22,7,22,"D 2,3 -> 4,5",22,True,0.0,31643.0,1,False,0.06967473471393487,0.11,253186.0
"Fixed 31623, pilot",22,8,9,"D 0,1 -> 4,7",21,False,1.0,31652.0,1,False,0.009441304763103297,0.11,284838.0
"Fixed 31623, pilot",22,9,11,"D 0,1 -> 6,7",21,False,0.9999999285078227,31647.0,1,False,0.009441304763103297,0.11,316485.0
"Fixed 31623, pilot",22,10,8,"D 0,1 -> 4,5",21,False,0.99999992771471,31649.0,1,False,0.009441304763103297,0.11,348134.0
"Fixed 31623, pilot",22,11,10,"D 0,1 -> 5,6",21,False,1.0,31649.0,1,False,0.009441304660623076,0.11,379783.0
"Fixed 31623, pilot",22,12,5,S 2 -> 6,21,False,1.0,31649.0,1,False,0.009441304660623076,0.11,411432.0
"Fixed 31623, pilot",22,13,10,"D 0,1 -> 5,6",21,False,1.0,31646.0,1,False,0.009441304660623076,0.11,443078.0
"Fixed 31623, pilot",22,14,7,S 3 -> 7,21,False,1.0,31649.0,1,False,0.009441304660623076,0.11,474727.0
"Fixed 31623, pilot",22,15,14,"D 0,3 -> 4,7",21,False,0.9999999886043741,31648.0,1,False,0.009441304660623076,0.11,506375.0
"Fixed 31623, pilot",22,16,21,"D 1,3 -> 5,7",21,True,0.0,31651.0,1,False,0.009441304660623076,0.11,538026.0
"Fixed 31623, pilot",22,17,3,S 1 -> 7,12,False,1.0,31652.0,1,False,0.01816733796892255,0.11,569678.0
"Fixed 31623, pilot",22,18,12,"D 0,2 -> 4,6",12,True,0.0,31651.0,1,False,0.018167337915325807,0.11,601329.0
"Fixed 31623, pilot",23,0,25,"D 2,3 -> 6,7",25,True,0.0,31645.0,1,False,0.31503606513167726,0.11,31645.0
"Fixed 31623, pilot",23,1,8,"D 0,1 -> 4,5",15,False,0.033311851350335986,31651.0,1,False,0.29681502172579394,0.11,63296.0
"Fixed 31623, pilot",23,2,15,"D 0,3 -> 5,6",15,True,0.0,31651.0,1,False,0.303713351808019,0.11,94947.0
"Fixed 31623, pilot",23,3,18,"D 1,2 -> 4,7",18,True,0.0,31647.0,1,False,0.38824803810173436,0.11,126594.0
"Fixed 31623, pilot",23,4,22,"D 2,3 -> 4,5",14,False,0.3088452018247658,31649.0,1,False,0.03758523456612019,0.11,158243.0
"Fixed 31623, pilot",23,5,14,"D 0,3 -> 4,7",11,False,0.22259312026881906,31650.0,1,False,0.05305793321064091,0.11,189893.0
"Fixed 31623, pilot",23,6,11,"D 0,1 -> 6,7",19,False,0.17292634066206658,31648.0,1,False,0.07333715140117492,0.11,221541.0
"Fixed 31623, pilot",23,7,19,"D 1,2 -> 5,6",19,True,0.0,31649.0,1,False,0.10905608136999702,0.11,253190.0
"Fixed 31623, pilot",23,8,2,S 1 -> 5,12,False,1.0,31648.0,1,False,0.009441304617587205,0.11,284838.0
"Fixed 31623, pilot",23,9,4,S 2 -> 4,12,False,1.0,31651.0,1,False,0.009441304617587205,0.11,316489.0
"Fixed 31623, pilot",23,10,18,"D 1,2 -> 4,7",12,False,0.9999999912978671,31648.0,1,False,0.009441304617587205,0.11,348137.0
"Fixed 31623, pilot",23,11,19,"D 1,2 -> 5,6",12,False,0.9999999979835847,31646.0,1,False,0.009441304617587205,0.11,379783.0
"Fixed 31623, pilot",23,12,24,"D 2,3 -> 5,6",12,False,1.0,31651.0,1,False,0.009441304617587205,0.11,411434.0
"Fixed 31623, pilot",23,13,25,"D 2,3 -> 6,7",12,False,0.9999999456648485,31647.0,1,False,0.009441304617587205,0.11,443081.0
"Fixed 31623, pilot",23,14,15,"D 0,3 -> 5,6",12,False,0.9999999979003507,31645.0,1,False,0.009441304617587205,0.11,474726.0
"Fixed 31623, pilot",23,15,7,S 3 -> 7,12,False,1.0,31648.0,1,False,0.009441304617587205,0.11,506374.0
"Fixed 31623, pilot",23,16,11,"D 0,1 -> 6,7",12,False,0.9999999961790617,31649.0,1,False,0.009441304617587205,0.11,538023.0
"Fixed 31623, pilot",23,17,6,S 3 -> 5,12,False,1.0,31652.0,1,False,0.009441304617587205,0.11,569675.0
"Fixed 31623, pilot",23,18,11,"D 0,1 -> 6,7",12,False,0.9999999961790617,31648.0,1,False,0.009441304617587205,0.11,601323.0
"Fixed 31623, pilot",23,19,11,"D 0,1 -> 6,7",12,False,0.9999999961790617,31648.0,1,False,0.009441304617587205,0.11,632971.0
"Fixed 31623, pilot",24,0,25,"D 2,3 -> 6,7",25,True,0.0,31645.0,1,False,0.31503606513167726,0.11,31645.0
"Fixed 31623, pilot",24,1,8,"D 0,1 -> 4,5",15,False,0.033311851350335986,31650.0,1,False,0.29681502172579394,0.11,63295.0
"Fixed 31623, pilot",24,2,18,"D 1,2 -> 4,7",15,True,5.551115123125783e-16,31647.0,1,False,0.303713351808019,0.11,94942.0
"Fixed 31623, pilot",24,3,15,"D 0,3 -> 5,6",15,True,0.0,31648.0,1,False,0.38824803810173447,0.11,126590.0
"Fixed 31623, pilot",24,4,19,"D 1,2 -> 5,6",19,True,0.0,31649.0,1,False,0.03758523456612009,0.11,158239.0
"Fixed 31623, pilot",24,5,14,"D 0,3 -> 4,7",14,True,0.0,31650.0,1,False,0.06571252413529677,0.11,189889.0
"Fixed 31623, pilot",24,6,11,"D 0,1 -> 6,7",22,False,0.044806584747831724,31650.0,1,False,0.04364852185640933,0.11,221539.0
"Fixed 31623, pilot",24,7,22,"D 2,3 -> 4,5",22,True,0.0,31653.0,1,False,0.06967473512434036,0.11,253192.0
"Fixed 31623, pilot",24,8,14,"D 0,3 -> 4,7",12,False,0.9999999998187229,31649.0,1,False,0.009441304652025582,0.11,284841.0
"Fixed 31623, pilot",24,9,3,S 1 -> 7,12,False,1.0,31648.0,1,False,0.009441304652025582,0.11,316489.0
"Fixed 31623, pilot",24,10,4,S 2 -> 4,12,False,1.0,31651.0,1,False,0.009441304652025582,0.11,348140.0
"Fixed 31623, pilot",24,11,10,"D 0,1 -> 5,6",12,False,1.0,31649.0,1,False,0.009441304652025582,0.11,379789.0
"Fixed 31623, pilot",24,12,6,S 3 -> 5,12,False,1.0,31648.0,1,False,0.009441304652025582,0.11,411437.0
"Fixed 31623, pilot",24,13,20,"D 1,2 -> 6,7",12,False,1.0,31646.0,1,False,0.009441304652025582,0.11,443083.0
"Fixed 31623, pilot",24,14,10,"D 0,1 -> 5,6",12,False,1.0,31649.0,1,False,0.009441304652025582,0.11,474732.0
"Fixed 31623, pilot",24,15,9,"D 0,1 -> 4,7",12,False,1.0,31647.0,1,False,0.009441304652025582,0.11,506379.0
"Fixed 31623, pilot",24,16,16,"D 0,3 -> 6,7",12,False,1.0,31651.0,1,False,0.009441304652025582,0.11,538030.0
"Fixed 31623, pilot",24,17,0,S 0 -> 4,12,False,1.0,31651.0,1,False,0.009441304652025582,0.11,569681.0
"Fixed 31623, pilot",24,18,1,S 0 -> 6,12,False,1.0,31647.0,1,False,0.009441304652025582,0.11,601328.0
"Fixed 31623, pilot",24,19,14,"D 0,3 -> 4,7",12,False,0.9999999998187229,31647.0,1,False,0.009441304652025582,0.11,632975.0
"Fixed 31623, pilot",25,0,14,"D 0,3 -> 4,7",25,False,0.052846754050403844,31651.0,1,False,0.31503606513167726,0.11,31651.0
"Fixed 31623, pilot",25,1,11,"D 0,1 -> 6,7",22,False,0.02016704851099438,31649.0,1,False,0.2986379460442076,0.11,63300.0
"Fixed 31623, pilot",25,2,19,"D 1,2 -> 5,6",19,True,0.0,31648.0,1,False,0.3718349895348084,0.11,94948.0
"Fixed 31623, pilot",25,3,22,"D 2,3 -> 4,5",22,True,0.0,31650.0,1,False,0.34033883568924583,0.11,126598.0
"Fixed 31623, pilot",25,4,8,"D 0,1 -> 4,5",8,True,0.0,31648.0,1,False,0.022746161128215047,0.11,158246.0
"Fixed 31623, pilot",25,5,25,"D 2,3 -> 6,7",25,True,0.0,31649.0,1,False,0.038483766334910435,0.11,189895.0
"Fixed 31623, pilot",25,6,18,"D 1,2 -> 4,7",18,True,0.0,31651.0,1,False,0.033236707270392435,0.11,221546.0
"Fixed 31623, pilot",25,7,15,"D 0,3 -> 5,6",15,True,0.0,31649.0,1,False,0.06135744723925459,0.11,253195.0
"Fixed 31623, pilot",25,8,17,"D 1,2 -> 4,5",12,False,1.0,31648.0,1,False,0.009441304625787909,0.11,284843.0
"Fixed 31623, pilot",25,9,18,"D 1,2 -> 4,7",12,False,0.9999999990529321,31653.0,1,False,0.009441304625787909,0.11,316496.0
"Fixed 31623, pilot",25,10,12,"D 0,2 -> 4,6",12,True,0.0,31651.0,1,False,0.009441304625787909,0.11,348147.0
"Fixed 31623, pilot",25,11,21,"D 1,3 -> 5,7",21,True,0.0,31649.0,1,False,0.01816733763865083,0.11,379796.0
"Fixed 31623, pilot",26,0,25,"D 2,3 -> 6,7",25,True,0.0,31647.0,1,False,0.31503606513167726,0.11,31647.0
"Fixed 31623, pilot",26,1,18,"D 1,2 -> 4,7",15,True,0.0,31651.0,1,False,0.29681502172579394,0.11,63298.0
"Fixed 31623, pilot",26,2,8,"D 0,1 -> 4,5",8,True,0.0,31651.0,1,False,0.3764697826210095,0.11,94949.0
"Fixed 31623, pilot",26,3,15,"D 0,3 -> 5,6",15,True,0.0,31645.0,1,False,0.30026357217502075,0.11,126594.0
"Fixed 31623, pilot",26,4,22,"D 2,3 -> 4,5",19,False,0.30884520486840616,31650.0,1,False,0.03758523474777508,0.11,158244.0
"Fixed 31623, pilot",26,5,11,"D 0,1 -> 6,7",11,True,0.0,31650.0,1,False,0.0530579340682053,0.11,189894.0
"Fixed 31623, pilot",26,6,14,"D 0,3 -> 4,7",14,True,0.0,31649.0,1,False,0.054109016935595354,0.11,221543.0
"Fixed 31623, pilot",26,7,19,"D 1,2 -> 5,6",19,True,0.0,31651.0,1,False,0.10242178082410709,0.11,253194.0
"Fixed 31623, pilot",26,8,21,"D 1,3 -> 5,7",21,True,0.0,31648.0,1,False,0.009441304591322936,0.11,284842.0
"Fixed 31623, pilot",26,9,2,S 1 -> 5,12,False,1.0,31649.0,1,False,0.018167337684070046,0.11,316491.0
"Fixed 31623, pilot",26,10,23,"D 2,3 -> 4,7",12,False,1.0,31646.0,1,False,0.018167337684070046,0.11,348137.0
"Fixed 31623, pilot",26,11,7,S 3 -> 7,12,False,1.0,31650.0,1,False,0.018167337684070046,0.11,379787.0
"Fixed 31623, pilot",26,12,12,"D 0,2 -> 4,6",12,True,0.0,31649.0,1,False,0.018167337684070046,0.11,411436.0
"Fixed 31623, pilot",27,0,25,"D 2,3 -> 6,7",25,True,0.0,31650.0,1,False,0.31503606513167726,0.11,31650.0
"Fixed 31623, pilot",27,1,18,"D 1,2 -> 4,7",15,True,0.0,31651.0,1,False,0.29681502172579394,0.11,63301.0
"Fixed 31623, pilot",27,2,8,"D 0,1 -> 4,5",8,True,0.0,31648.0,1,False,0.3764697826210095,0.11,94949.0
"Fixed 31623, pilot",27,3,15,"D 0,3 -> 5,6",15,True,0.0,31651.0,1,False,0.30026357217502075,0.11,126600.0
"Fixed 31623, pilot",27,4,14,"D 0,3 -> 4,7",19,True,5.80789971671436e-10,31648.0,1,False,0.03758523474777508,0.11,158248.0
"Fixed 31623, pilot",27,5,19,"D 1,2 -> 5,6",19,True,0.0,31650.0,1,False,0.0657125239206618,0.11,189898.0
"Fixed 31623, pilot",27,6,22,"D 2,3 -> 4,5",22,True,0.0,31651.0,1,False,0.043648521241327065,0.11,221549.0
"Fixed 31623, pilot",27,7,11,"D 0,1 -> 6,7",11,True,0.0,31648.0,1,False,0.10072796416579699,0.11,253197.0
"Fixed 31623, pilot",27,8,4,S 2 -> 4,21,False,1.0,31651.0,1,False,0.009441304483876924,0.11,284848.0
"Fixed 31623, pilot",27,9,10,"D 0,1 -> 5,6",12,False,1.0,31649.0,1,False,0.009441304546048494,0.11,316497.0
"Fixed 31623, pilot",27,10,0,S 0 -> 4,12,False,1.0,31650.0,1,False,0.009441304546048494,0.11,348147.0
"Fixed 31623, pilot",27,11,0,S 0 -> 4,12,False,1.0,31649.0,1,False,0.009441304546048494,0.11,379796.0
"Fixed 31623, pilot",27,12,21,"D 1,3 -> 5,7",12,True,6.400169283438117e-10,31648.0,1,False,0.009441304546048494,0.11,411444.0
"Fixed 31623, pilot",27,13,11,"D 0,1 -> 6,7",12,False,0.9826750721555635,31648.0,1,False,0.018167337499938888,0.11,443092.0
"Fixed 31623, pilot",28,0,25,"D 2,3 -> 6,7",25,True,0.0,31649.0,1,False,0.31503606513167726,0.11,31649.0
"Fixed 31623, pilot",28,1,15,"D 0,3 -> 5,6",15,True,0.0,31652.0,1,False,0.29681502172579394,0.11,63301.0
"Fixed 31623, pilot",28,2,8,"D 0,1 -> 4,5",8,True,0.0,31647.0,1,False,0.3764697826210095,0.11,94948.0
"Fixed 31623, pilot",28,3,18,"D 1,2 -> 4,7",18,True,0.0,31647.0,1,False,0.3002635722338174,0.11,126595.0
"Fixed 31623, pilot",28,4,14,"D 0,3 -> 4,7",14,True,0.0,31651.0,1,False,0.03758523457422756,0.11,158246.0
"Fixed 31623, pilot",28,5,19,"D 1,2 -> 5,6",19,True,0.0,31649.0,1,False,0.0657125239900671,0.11,189895.0
"Fixed 31623, pilot",28,6,11,"D 0,1 -> 6,7",22,False,0.044806582302531095,31650.0,1,False,0.04364852130558422,0.11,221545.0
"Fixed 31623, pilot",28,7,22,"D 2,3 -> 4,5",22,True,0.0,31653.0,1,False,0.06967473471683744,0.11,253198.0
"Fixed 31623, pilot",28,8,4,S 2 -> 4,12,False,1.0,31649.0,1,False,0.009441304763103292,0.11,284847.0
"Fixed 31623, pilot",28,9,19,"D 1,2 -> 5,6",12,False,0.9999999296083535,31649.0,1,False,0.009441304763103292,0.11,316496.0
"Fixed 31623, pilot",28,10,15,"D 0,3 -> 5,6",12,False,0.9999999966967403,31651.0,1,False,0.009441304763103292,0.11,348147.0
"Fixed 31623, pilot",28,11,3,S 1 -> 7,12,False,1.0,31652.0,1,False,0.009441304763103292,0.11,379799.0
"Fixed 31623, pilot",28,12,10,"D 0,1 -> 5,6",12,False,1.0,31649.0,1,False,0.009441304763103292,0.11,411448.0
"Fixed 31623, pilot",28,13,1,S 0 -> 6,12,False,1.0,31648.0,1,False,0.009441304763103292,0.11,443096.0
"Fixed 31623, pilot",28,14,3,S 1 -> 7,12,False,1.0,31648.0,1,False,0.009441304763103292,0.11,474744.0
"Fixed 31623, pilot",28,15,25,"D 2,3 -> 6,7",12,False,0.9999998934268234,31648.0,1,False,0.009441304763103292,0.11,506392.0
"Fixed 31623, pilot",28,16,12,"D 0,2 -> 4,6",21,True,1.0055667409858415e-10,31653.0,1,False,0.00944130462050671,0.11,538045.0
"Fixed 31623, pilot",28,17,15,"D 0,3 -> 5,6",21,False,0.9933179747702551,31650.0,1,False,0.018167337799284925,0.11,569695.0
"Fixed 31623, pilot",29,0,25,"D 2,3 -> 6,7",25,True,0.0,31649.0,1,False,0.31503606513167726,0.11,31649.0
"Fixed 31623, pilot",29,1,8,"D 0,1 -> 4,5",15,False,0.033311851350335986,31649.0,1,False,0.29681502172579394,0.11,63298.0
"Fixed 31623, pilot",29,2,18,"D 1,2 -> 4,7",15,True,5.551115123125783e-16,31646.0,1,False,0.303713351808019,0.11,94944.0
"Fixed 31623, pilot",29,3,15,"D 0,3 -> 5,6",15,True,0.0,31652.0,1,False,0.38824803810173447,0.11,126596.0
"Fixed 31623, pilot",29,4,19,"D 1,2 -> 5,6",19,True,0.0,31652.0,1,False,0.03758523456612009,0.11,158248.0
"Fixed 31623, pilot",29,5,14,"D 0,3 -> 4,7",14,True,0.0,31651.0,1,False,0.06571252413529677,0.11,189899.0
"Fixed 31623, pilot",29,6,22,"D 2,3 -> 4,5",22,True,0.0,31651.0,1,False,0.04364852185640933,0.11,221550.0
"Fixed 31623, pilot",29,7,11,"D 0,1 -> 6,7",11,True,0.0,31648.0,1,False,0.100727964292116,0.11,253198.0
"Fixed 31623, pilot",29,8,12,"D 0,2 -> 4,6",12,True,4.773959005888173e-15,31653.0,1,False,0.009441304132124916,0.11,284851.0
"Fixed 31623, pilot",29,9,1,S 0 -> 6,21,False,1.0,31649.0,1,False,0.01816733747863644,0.11,316500.0
"Fixed 31623, pilot",29,10,15,"D 0,3 -> 5,6",21,False,0.9933181011710921,31651.0,1,False,0.01816733747863644,0.11,348151.0
"Fixed 31623, pilot",30,0,25,"D 2,3 -> 6,7",25,True,0.0,31647.0,1,False,0.31503606513167726,0.11,31647.0
"Fixed 31623, pilot",30,1,8,"D 0,1 -> 4,5",15,False,0.033311851350335986,31651.0,1,False,0.29681502172579394,0.11,63298.0
"Fixed 31623, pilot",30,2,18,"D 1,2 -> 4,7",15,True,5.551115123125783e-16,31644.0,1,False,0.303713351808019,0.11,94942.0
"Fixed 31623, pilot",30,3,15,"D 0,3 -> 5,6",15,True,0.0,31651.0,1,False,0.38824803810173447,0.11,126593.0
"Fixed 31623, pilot",30,4,14,"D 0,3 -> 4,7",19,True,5.150813109366936e-11,31652.0,1,False,0.03758523456612009,0.11,158245.0
"Fixed 31623, pilot",30,5,19,"D 1,2 -> 5,6",19,True,0.0,31652.0,1,False,0.06571252413529666,0.11,189897.0
"Fixed 31623, pilot",30,6,22,"D 2,3 -> 4,5",22,True,0.0,31654.0,1,False,0.04364852180125853,0.11,221551.0
"Fixed 31623, pilot",30,7,11,"D 0,1 -> 6,7",11,True,0.0,31651.0,1,False,0.10072796429211586,0.11,253202.0
"Fixed 31623, pilot",30,8,2,S 1 -> 5,12,False,1.0,31653.0,1,False,0.009441304132124781,0.11,284855.0
"Fixed 31623, pilot",30,9,10,"D 0,1 -> 5,6",12,False,1.0,31646.0,1,False,0.009441304132124781,0.11,316501.0
"Fixed 31623, pilot",30,10,5,S 2 -> 6,12,False,1.0,31651.0,1,False,0.009441304132124781,0.11,348152.0
"Fixed 31623, pilot",30,11,1,S 0 -> 6,12,False,1.0,31650.0,1,False,0.009441304132124781,0.11,379802.0
"Fixed 31623, pilot",30,12,7,S 3 -> 7,12,False,1.0,31652.0,1,False,0.009441304132124781,0.11,411454.0
"Fixed 31623, pilot",30,13,1,S 0 -> 6,12,False,1.0,31649.0,1,False,0.009441304132124781,0.11,443103.0
"Fixed 31623, pilot",30,14,12,"D 0,2 -> 4,6",12,True,0.0,31650.0,1,False,0.009441304132124781,0.11,474753.0
"Fixed 31623, pilot",30,15,7,S 3 -> 7,21,False,1.0,31650.0,1,False,0.018167337677767716,0.11,506403.0
"Fixed 31623, pilot",30,16,6,S 3 -> 5,21,False,1.0,31649.0,1,False,0.018167337677767716,0.11,538052.0
"Fixed 31623, pilot",30,17,21,"D 1,3 -> 5,7",21,True,0.0,31652.0,1,False,0.018167337677767716,0.11,569704.0
"Fixed 31623, pilot",31,0,14,"D 0,3 -> 4,7",25,False,0.052846754050403844,31648.0,1,False,0.31503606513167726,0.11,31648.0
"Fixed 31623, pilot",31,1,19,"D 1,2 -> 5,6",22,False,0.0008388564376003993,31648.0,1,False,0.2986379460442076,0.11,63296.0
"Fixed 31623, pilot",31,2,22,"D 2,3 -> 4,5",22,True,0.0,31644.0,1,False,0.30702477030875686,0.11,94940.0
"Fixed 31623, pilot",31,3,11,"D 0,1 -> 6,7",11,True,0.0,31648.0,1,False,0.4010030866164432,0.11,126588.0
"Fixed 31623, pilot",31,4,18,"D 1,2 -> 4,7",8,False,0.026297174229921505,31650.0,1,False,0.022746161139309492,0.11,158238.0
"Fixed 31623, pilot",31,5,15,"D 0,3 -> 5,6",15,True,0.0,31648.0,1,False,0.03866517252297136,0.11,189886.0
"Fixed 31623, pilot",31,6,8,"D 0,1 -> 4,5",8,True,0.0,31645.0,1,False,0.03387932947254952,0.11,221531.0
"Fixed 31623, pilot",31,7,25,"D 2,3 -> 6,7",25,True,0.0,31648.0,1,False,0.06140260801897977,0.11,253179.0
"Fixed 31623, pilot",31,8,14,"D 0,3 -> 4,7",12,False,0.9999997087473095,31650.0,1,False,0.009441303894217662,0.11,284829.0
"Fixed 31623, pilot",31,9,0,S 0 -> 4,12,False,1.0,31644.0,1,False,0.009441303962979588,0.11,316473.0
"Fixed 31623, pilot",31,10,20,"D 1,2 -> 6,7",12,False,1.0,31652.0,1,False,0.009441303962979588,0.11,348125.0
"Fixed 31623, pilot",31,11,1,S 0 -> 6,12,False,1.0,31650.0,1,False,0.009441303962979588,0.11,379775.0
"Fixed 31623, pilot",31,12,21,"D 1,3 -> 5,7",12,True,4.746146808898288e-10,31648.0,1,False,0.009441303962979588,0.11,411423.0
"Fixed 31623, pilot",31,13,19,"D 1,2 -> 5,6",12,False,0.9867664106239477,31651.0,1,False,0.018167337691329454,0.11,443074.0
"Fixed 31623, pilot",32,0,25,"D 2,3 -> 6,7",25,True,0.0,31645.0,1,False,0.31503606513167726,0.11,31645.0
"Fixed 31623, pilot",32,1,18,"D 1,2 -> 4,7",15,True,0.0,31651.0,1,False,0.29681502172579394,0.11,63296.0
"Fixed 31623, pilot",32,2,8,"D 0,1 -> 4,5",8,True,0.0,31651.0,1,False,0.3764697826210095,0.11,94947.0
"Fixed 31623, pilot",32,3,15,"D 0,3 -> 5,6",15,True,0.0,31648.0,1,False,0.30026357217502075,0.11,126595.0
"Fixed 31623, pilot",32,4,19,"D 1,2 -> 5,6",19,True,0.0,31649.0,1,False,0.03758523474777508,0.11,158244.0
"Fixed 31623, pilot",32,5,14,"D 0,3 -> 4,7",14,True,0.0,31646.0,1,False,0.06571252399006697,0.11,189890.0
"Fixed 31623, pilot",32,6,11,"D 0,1 -> 6,7",22,False,0.04480658230253376,31652.0,1,False,0.043648521305584075,0.11,221542.0
"Fixed 31623, pilot",32,7,22,"D 2,3 -> 4,5",22,True,0.0,31649.0,1,False,0.06967473471393487,0.11,253191.0
"Fixed 31623, pilot",32,8,9,"D 0,1 -> 4,7",21,False,1.0,31652.0,1,False,0.009441304763103297,0.11,284843.0
"Fixed 31623, pilot",32,9,5,S 2 -> 6,21,False,1.0,31650.0,1,False,0.009441304763103297,0.11,316493.0
"Fixed 31623, pilot",32,10,1,S 0 -> 6,21,False,1.0,31647.0,1,False,0.009441304763103297,0.11,348140.0
"Fixed 31623, pilot",32,11,8,"D 0,1 -> 4,5",21,False,0.99999992771471,31651.0,1,False,0.009441304763103297,0.11,379791.0
"Fixed 31623, pilot",32,12,21,"D 1,3 -> 5,7",21,True,0.0,31646.0,1,False,0.009441304763103297,0.11,411437.0
"Fixed 31623, pilot",32,13,2,S 1 -> 5,12,False,1.0,31647.0,1,False,0.018167337618011613,0.11,443084.0
"Fixed 31623, pilot",32,14,12,"D 0,2 -> 4,6",12,True,0.0,31650.0,1,False,0.018167337618011613,0.11,474734.0
"Fixed 31623, pilot",33,0,25,"D 2,3 -> 6,7",25,True,0.0,31647.0,1,False,0.31503606513167726,0.11,31647.0
"Fixed 31623, pilot",33,1,18,"D 1,2 -> 4,7",15,True,0.0,31649.0,1,False,0.29681502172579394,0.11,63296.0
"Fixed 31623, pilot",33,2,8,"D 0,1 -> 4,5",8,True,0.0,31650.0,1,False,0.3764697826210095,0.11,94946.0
"Fixed 31623, pilot",33,3,15,"D 0,3 -> 5,6",15,True,0.0,31652.0,1,False,0.30026357217502075,0.11,126598.0
"Fixed 31623, pilot",33,4,19,"D 1,2 -> 5,6",19,True,0.0,31653.0,1,False,0.03758523474777508,0.11,158251.0
"Fixed 31623, pilot",33,5,14,"D 0,3 -> 4,7",14,True,0.0,31650.0,1,False,0.06571252399006697,0.11,189901.0
"Fixed 31623, pilot",33,6,11,"D 0,1 -> 6,7",22,False,0.04480658230253376,31649.0,1,False,0.043648521305584075,0.11,221550.0
"Fixed 31623, pilot",33,7,22,"D 2,3 -> 4,5",22,True,0.0,31649.0,1,False,0.06967473471393487,0.11,253199.0
"Fixed 31623, pilot",33,8,14,"D 0,3 -> 4,7",21,False,0.9999999296083645,31648.0,1,False,0.009441304763103297,0.11,284847.0
"Fixed 31623, pilot",33,9,9,"D 0,1 -> 4,7",21,False,1.0,31650.0,1,False,0.009441304763103297,0.11,316497.0
"Fixed 31623, pilot",33,10,2,S 1 -> 5,21,False,1.0,31649.0,1,False,0.009441304763103297,0.11,348146.0
"Fixed 31623, pilot",33,11,13,"D 0,3 -> 4,5",21,False,1.0,31649.0,1,False,0.009441304763103297,0.11,379795.0
"Fixed 31623, pilot",33,12,22,"D 2,3 -> 4,5",21,False,0.9999999608600421,31649.0,1,False,0.009441304763103297,0.11,411444.0
"Fixed 31623, pilot",33,13,8,"D 0,1 -> 4,5",21,False,0.99999992771471,31647.0,1,False,0.009441304763103297,0.11,443091.0
"Fixed 31623, pilot",33,14,12,"D 0,2 -> 4,6",21,False,2.6598955260581647e-09,31648.0,1,False,0.009441304763103297,0.11,474739.0
"Fixed 31623, pilot",33,15,14,"D 0,3 -> 4,7",21,False,0.9867663954885016,31651.0,1,False,0.018167337625690873,0.11,506390.0
"Fixed 31623, pilot",34,0,25,"D 2,3 -> 6,7",25,True,0.0,31647.0,1,False,0.31503606513167726,0.11,31647.0
"Fixed 31623, pilot",34,1,8,"D 0,1 -> 4,5",15,False,0.033311851350335986,31650.0,1,False,0.29681502172579394,0.11,63297.0
"Fixed 31623, pilot",34,2,15,"D 0,3 -> 5,6",15,True,0.0,31649.0,1,False,0.303713351808019,0.11,94946.0
"Fixed 31623, pilot",34,3,18,"D 1,2 -> 4,7",18,True,0.0,31650.0,1,False,0.38824803810173436,0.11,126596.0
"Fixed 31623, pilot",34,4,22,"D 2,3 -> 4,5",14,False,0.3088452018247658,31645.0,1,False,0.03758523456612019,0.11,158241.0
"Fixed 31623, pilot",34,5,11,"D 0,1 -> 6,7",11,True,0.0,31645.0,1,False,0.05305793321064091,0.11,189886.0
"Fixed 31623, pilot",34,6,14,"D 0,3 -> 4,7",14,True,0.0,31653.0,1,False,0.05410901650368683,0.11,221539.0
"Fixed 31623, pilot",34,7,19,"D 1,2 -> 5,6",19,True,0.0,31649.0,1,False,0.10242177930137031,0.11,253188.0
"Fixed 31623, pilot",34,8,21,"D 1,3 -> 5,7",12,True,1.4626533317851909e-10,31653.0,1,False,0.00944130464510617,0.11,284841.0
"Fixed 31623, pilot",34,9,9,"D 0,1 -> 4,7",12,False,1.0,31650.0,1,False,0.018167337678383712,0.11,316491.0
"Fixed 31623, pilot",34,10,11,"D 0,1 -> 6,7",12,False,0.9826751281057009,31652.0,1,False,0.018167337678383712,0.11,348143.0
"Fixed 31623, pilot",35,0,25,"D 2,3 -> 6,7",25,True,0.0,31644.0,1,False,0.31503606513167726,0.11,31644.0
"Fixed 31623, pilot",35,1,18,"D 1,2 -> 4,7",15,True,0.0,31651.0,1,False,0.29681502172579394,0.11,63295.0
"Fixed 31623, pilot",35,2,8,"D 0,1 -> 4,5",8,True,0.0,31650.0,1,False,0.3764697826210095,0.11,94945.0
"Fixed 31623, pilot",35,3,15,"D 0,3 -> 5,6",15,True,0.0,31649.0,1,False,0.30026357217502075,0.11,126594.0
"Fixed 31623, pilot",35,4,19,"D 1,2 -> 5,6",19,True,0.0,31653.0,1,False,0.03758523474777508,0.11,158247.0
"Fixed 31623, pilot",35,5,14,"D 0,3 -> 4,7",14,True,0.0,31648.0,1,False,0.06571252399006697,0.11,189895.0
"Fixed 31623, pilot",35,6,22,"D 2,3 -> 4,5",22,True,0.0,31652.0,1,False,0.043648521305584075,0.11,221547.0
"Fixed 31623, pilot",35,7,11,"D 0,1 -> 6,7",11,True,0.0,31651.0,1,False,0.10072796416579774,0.11,253198.0
"Fixed 31623, pilot",35,8,8,"D 0,1 -> 4,5",21,False,0.9999999180305379,31650.0,1,False,0.009441304483876945,0.11,284848.0
"Fixed 31623, pilot",35,9,0,S 0 -> 4,12,False,1.0,31647.0,1,False,0.009441304583354095,0.11,316495.0
"Fixed 31623, pilot",35,10,11,"D 0,1 -> 6,7",12,False,0.9999999914216254,31653.0,1,False,0.009441304583354095,0.11,348148.0
"Fixed 31623, pilot",35,11,3,S 1 -> 7,12,False,1.0,31655.0,1,False,0.009441304583354095,0.11,379803.0
"Fixed 31623, pilot",35,12,11,"D 0,1 -> 6,7",12,False,0.9999999914216254,31649.0,1,False,0.009441304583354095,0.11,411452.0
"Fixed 31623, pilot",35,13,22,"D 2,3 -> 4,5",12,False,0.9999999952404945,31647.0,1,False,0.009441304583354095,0.11,443099.0
"Fixed 31623, pilot",35,14,2,S 1 -> 5,12,False,1.0,31652.0,1,False,0.009441304583354095,0.11,474751.0
"Fixed 31623, pilot",35,15,21,"D 1,3 -> 5,7",12,True,6.400171503884167e-10,31652.0,1,False,0.009441304583354095,0.11,506403.0
"Fixed 31623, pilot",35,16,12,"D 0,2 -> 4,6",12,True,0.0,31647.0,1,False,0.01816733739246449,0.11,538050.0
"Fixed 31623, pilot",36,0,25,"D 2,3 -> 6,7",25,True,0.0,31651.0,1,False,0.31503606513167726,0.11,31651.0
"Fixed 31623, pilot",36,1,18,"D 1,2 -> 4,7",15,True,0.0,31646.0,1,False,0.29681502172579394,0.11,63297.0
"Fixed 31623, pilot",36,2,8,"D 0,1 -> 4,5",8,True,0.0,31650.0,1,False,0.3764697826210095,0.11,94947.0
"Fixed 31623, pilot",36,3,15,"D 0,3 -> 5,6",15,True,0.0,31654.0,1,False,0.30026357217502075,0.11,126601.0
"Fixed 31623, pilot",36,4,14,"D 0,3 -> 4,7",19,True,5.80789971671436e-10,31651.0,1,False,0.03758523474777508,0.11,158252.0
"Fixed 31623, pilot",36,5,19,"D 1,2 -> 5,6",19,True,0.0,31647.0,1,False,0.0657125239206618,0.11,189899.0
"Fixed 31623, pilot",36,6,22,"D 2,3 -> 4,5",22,True,0.0,31651.0,1,False,0.043648521241327065,0.11,221550.0
"Fixed 31623, pilot",36,7,11,"D 0,1 -> 6,7",11,True,0.0,31647.0,1,False,0.10072796416579699,0.11,253197.0
"Fixed 31623, pilot",36,8,12,"D 0,2 -> 4,6",21,False,2.297273260509769e-09,31650.0,1,False,0.009441304483876924,0.11,284847.0
"Fixed 31623, pilot",36,9,23,"D 2,3 -> 4,7",21,False,1.0,31649.0,1,False,0.018167337649210347,0.11,316496.0
"Fixed 31623, pilot",36,10,3,S 1 -> 7,21,False,1.0,31646.0,1,False,0.018167337649210347,0.11,348142.0
"Fixed 31623, pilot",36,11,6,S 3 -> 5,21,False,1.0,31645.0,1,False,0.018167337649210347,0.11,379787.0
"Fixed 31623, pilot",36,12,13,"D 0,3 -> 4,5",21,False,1.0,31654.0,1,False,0.018167337649210347,0.11,411441.0
"Fixed 31623, pilot",36,13,21,"D 1,3 -> 5,7",21,True,0.0,31652.0,1,False,0.018167337649210347,0.11,443093.0
"Fixed 31623, pilot",37,0,25,"D 2,3 -> 6,7",25,True,0.0,31647.0,1,False,0.31503606513167726,0.11,31647.0
"Fixed 31623, pilot",37,1,18,"D 1,2 -> 4,7",15,True,0.0,31651.0,1,False,0.29681502172579394,0.11,63298.0
"Fixed 31623, pilot",37,2,8,"D 0,1 -> 4,5",8,True,0.0,31650.0,1,False,0.3764697826210095,0.11,94948.0
"Fixed 31623, pilot",37,3,15,"D 0,3 -> 5,6",15,True,0.0,31647.0,1,False,0.30026357217502075,0.11,126595.0
"Fixed 31623, pilot",37,4,19,"D 1,2 -> 5,6",19,True,0.0,31652.0,1,False,0.03758523474777508,0.11,158247.0
"Fixed 31623, pilot",37,5,14,"D 0,3 -> 4,7",14,True,0.0,31650.0,1,False,0.06571252399006697,0.11,189897.0
"Fixed 31623, pilot",37,6,11,"D 0,1 -> 6,7",22,False,0.04480658230253376,31649.0,1,False,0.043648521305584075,0.11,221546.0
"Fixed 31623, pilot",37,7,22,"D 2,3 -> 4,5",22,True,0.0,31654.0,1,False,0.06967473471393487,0.11,253200.0
"Fixed 31623, pilot",37,8,25,"D 2,3 -> 6,7",21,False,0.9999998934268425,31651.0,1,False,0.009441304763103297,0.11,284851.0
"Fixed 31623, pilot",37,9,2,S 1 -> 5,21,False,1.0,31648.0,1,False,0.009441304763103297,0.11,316499.0
"Fixed 31623, pilot",37,10,20,"D 1,2 -> 6,7",21,False,1.0,31648.0,1,False,0.009441304763103297,0.11,348147.0
"Fixed 31623, pilot",37,11,7,S 3 -> 7,21,False,1.0,31650.0,1,False,0.009441304763103297,0.11,379797.0
"Fixed 31623, pilot",37,12,9,"D 0,1 -> 4,7",21,False,1.0,31648.0,1,False,0.009441304763103297,0.11,411445.0
"Fixed 31623, pilot",37,13,5,S 2 -> 6,21,False,1.0,31649.0,1,False,0.009441304763103297,0.11,443094.0
"Fixed 31623, pilot",37,14,12,"D 0,2 -> 4,6",21,False,2.6598955260581647e-09,31647.0,1,False,0.009441304763103297,0.11,474741.0
"Fixed 31623, pilot",37,15,1,S 0 -> 6,21,False,1.0,31651.0,1,False,0.018167337770332255,0.11,506392.0
"Fixed 31623, pilot",37,16,21,"D 1,3 -> 5,7",21,True,0.0,31652.0,1,False,0.01816733751966902,0.11,538044.0
"Fixed 31623, pilot",38,0,25,"D 2,3 -> 6,7",25,True,0.0,31652.0,1,False,0.31503606513167726,0.11,31652.0
"Fixed 31623, pilot",38,1,18,"D 1,2 -> 4,7",15,True,0.0,31651.0,1,False,0.29681502172579394,0.11,63303.0
"Fixed 31623, pilot",38,2,8,"D 0,1 -> 4,5",8,True,0.0,31646.0,1,False,0.3764697826210095,0.11,94949.0
"Fixed 31623, pilot",38,3,15,"D 0,3 -> 5,6",15,True,0.0,31647.0,1,False,0.30026357217502075,0.11,126596.0
"Fixed 31623, pilot",38,4,14,"D 0,3 -> 4,7",19,True,5.80789971671436e-10,31645.0,1,False,0.03758523474777508,0.11,158241.0
"Fixed 31623, pilot",38,5,19,"D 1,2 -> 5,6",19,True,0.0,31651.0,1,False,0.0657125239206618,0.11,189892.0
"Fixed 31623, pilot",38,6,11,"D 0,1 -> 6,7",22,False,0.044806582285133345,31652.0,1,False,0.043648521241327065,0.11,221544.0
"Fixed 31623, pilot",38,7,22,"D 2,3 -> 4,5",22,True,0.0,31651.0,1,False,0.06967473482297251,0.11,253195.0
"Fixed 31623, pilot",38,8,21,"D 1,3 -> 5,7",12,True,7.587165340439128e-10,31650.0,1,False,0.009441304632724787,0.11,284845.0
"Fixed 31623, pilot",38,9,12,"D 0,2 -> 4,6",12,True,0.0,31649.0,1,False,0.01816733748162963,0.11,316494.0
"Fixed 31623, pilot",39,0,25,"D 2,3 -> 6,7",25,True,0.0,31650.0,1,False,0.31503606513167726,0.11,31650.0
"Fixed 31623, pilot",39,1,18,"D 1,2 -> 4,7",15,True,0.0,31651.0,1,False,0.29681502172579394,0.11,63301.0
"Fixed 31623, pilot",39,2,8,"D 0,1 -> 4,5",8,True,0.0,31650.0,1,False,0.3764697826210095,0.11,94951.0
"Fixed 31623, pilot",39,3,15,"D 0,3 -> 5,6",15,True,0.0,31650.0,1,False,0.30026357217502075,0.11,126601.0
"Fixed 31623, pilot",39,4,19,"D 1,2 -> 5,6",19,True,0.0,31651.0,1,False,0.03758523474777508,0.11,158252.0
"Fixed 31623, pilot",39,5,14,"D 0,3 -> 4,7",14,True,0.0,31651.0,1,False,0.06571252399006697,0.11,189903.0
"Fixed 31623, pilot",39,6,22,"D 2,3 -> 4,5",22,True,0.0,31648.0,1,False,0.043648521305584075,0.11,221551.0
"Fixed 31623, pilot",39,7,11,"D 0,1 -> 6,7",11,True,0.0,31649.0,1,False,0.10072796416579774,0.11,253200.0
"Fixed 31623, pilot",39,8,5,S 2 -> 6,21,False,1.0,31650.0,1,False,0.009441304483876945,0.11,284850.0
"Fixed 31623, pilot",39,9,2,S 1 -> 5,12,False,1.0,31648.0,1,False,0.00944130454604846,0.11,316498.0
"Fixed 31623, pilot",39,10,9,"D 0,1 -> 4,7",12,False,1.0,31651.0,1,False,0.00944130454604846,0.11,348149.0
"Fixed 31623, pilot",39,11,3,S 1 -> 7,12,False,1.0,31649.0,1,False,0.00944130454604846,0.11,379798.0
"Fixed 31623, pilot",39,12,22,"D 2,3 -> 4,5",12,False,0.9999999934662003,31654.0,1,False,0.00944130454604846,0.11,411452.0
"Fixed 31623, pilot",39,13,7,S 3 -> 7,12,False,1.0,31651.0,1,False,0.00944130454604846,0.11,443103.0
"Fixed 31623, pilot",39,14,10,"D 0,1 -> 5,6",12,False,1.0,31651.0,1,False,0.00944130454604846,0.11,474754.0
"Fixed 31623, pilot",39,15,10,"D 0,1 -> 5,6",12,False,1.0,31650.0,1,False,0.00944130454604846,0.11,506404.0
"Fixed 31623, pilot",39,16,21,"D 1,3 -> 5,7",12,True,6.400112662063862e-10,31652.0,1,False,0.00944130454604846,0.11,538056.0
"Fixed 31623, pilot",39,17,19,"D 1,2 -> 5,6",12,False,0.9867664493764665,31649.0,1,False,0.018167337709612708,0.11,569705.0
"Fixed 31623, pilot",40,0,25,"D 2,3 -> 6,7",25,True,0.0,31647.0,1,False,0.31503606513167726,0.11,31647.0
"Fixed 31623, pilot",40,1,18,"D 1,2 -> 4,7",15,True,0.0,31648.0,1,False,0.29681502172579394,0.11,63295.0
"Fixed 31623, pilot",40,2,8,"D 0,1 -> 4,5",8,True,0.0,31650.0,1,False,0.3764697826210095,0.11,94945.0
"Fixed 31623, pilot",40,3,15,"D 0,3 -> 5,6",15,True,0.0,31651.0,1,False,0.30026357217502075,0.11,126596.0
"Fixed 31623, pilot",40,4,19,"D 1,2 -> 5,6",19,True,0.0,31647.0,1,False,0.03758523474777508,0.11,158243.0
"Fixed 31623, pilot",40,5,14,"D 0,3 -> 4,7",14,True,0.0,31648.0,1,False,0.06571252399006697,0.11,189891.0
"Fixed 31623, pilot",40,6,11,"D 0,1 -> 6,7",22,False,0.04480658230253376,31650.0,1,False,0.043648521305584075,0.11,221541.0
"Fixed 31623, pilot",40,7,22,"D 2,3 -> 4,5",22,True,0.0,31654.0,1,False,0.06967473471393487,0.11,253195.0
"Fixed 31623, pilot",40,8,12,"D 0,2 -> 4,6",21,False,2.6598955260581647e-09,31649.0,1,False,0.009441304763103297,0.11,284844.0
"Fixed 31623, pilot",40,9,4,S 2 -> 4,21,False,1.0,31649.0,1,False,0.018167337649211406,0.11,316493.0
"Fixed 31623, pilot",40,10,21,"D 1,3 -> 5,7",21,True,0.0,31649.0,1,False,0.018167337649211406,0.11,348142.0
"Fixed 31623, pilot",41,0,25,"D 2,3 -> 6,7",25,True,0.0,31644.0,1,False,0.31503606513167726,0.11,31644.0
"Fixed 31623, pilot",41,1,15,"D 0,3 -> 5,6",15,True,0.0,31654.0,1,False,0.29681502172579394,0.11,63298.0
"Fixed 31623, pilot",41,2,8,"D 0,1 -> 4,5",8,True,0.0,31651.0,1,False,0.3764697826210095,0.11,94949.0
"Fixed 31623, pilot",41,3,18,"D 1,2 -> 4,7",18,True,0.0,31652.0,1,False,0.3002635722338174,0.11,126601.0
"Fixed 31623, pilot",41,4,22,"D 2,3 -> 4,5",14,False,0.30884520195814336,31648.0,1,False,0.03758523457422756,0.11,158249.0
"Fixed 31623, pilot",41,5,19,"D 1,2 -> 5,6",11,False,0.22259313251041046,31650.0,1,False,0.05305793406820507,0.11,189899.0
"Fixed 31623, pilot",41,6,14,"D 0,3 -> 4,7",14,True,0.0,31651.0,1,False,0.07333715141745498,0.11,221550.0
"Fixed 31623, pilot",41,7,11,"D 0,1 -> 6,7",11,True,0.0,31648.0,1,False,0.11145598774969054,0.11,253198.0
"Fixed 31623, pilot",41,8,12,"D 0,2 -> 4,6",21,True,5.054279217375779e-11,31650.0,1,False,0.009441304699534856,0.11,284848.0
"Fixed 31623, pilot",41,9,4,S 2 -> 4,21,False,1.0,31651.0,1,False,0.018167337643382138,0.11,316499.0
"Fixed 31623, pilot",41,10,0,S 0 -> 4,21,False,1.0,31650.0,1,False,0.018167337643382138,0.11,348149.0
"Fixed 31623, pilot",41,11,5,S 2 -> 6,21,False,1.0,31649.0,1,False,0.018167337643382138,0.11,379798.0
"Fixed 31623, pilot",41,12,21,"D 1,3 -> 5,7",21,True,0.0,31652.0,1,False,0.018167337643382138,0.11,411450.0
"Fixed 31623, pilot",42,0,14,"D 0,3 -> 4,7",25,False,0.052846754050403844,31644.0,1,False,0.31503606513167726,0.11,31644.0
"Fixed 31623, pilot",42,1,11,"D 0,1 -> 6,7",22,False,0.02016704851099438,31647.0,1,False,0.2986379460442076,0.11,63291.0
"Fixed 31623, pilot",42,2,19,"D 1,2 -> 5,6",19,True,0.0,31648.0,1,False,0.3718349895348084,0.11,94939.0
"Fixed 31623, pilot",42,3,22,"D 2,3 -> 4,5",22,True,0.0,31649.0,1,False,0.34033883568924583,0.11,126588.0
"Fixed 31623, pilot",42,4,18,"D 1,2 -> 4,7",8,False,0.0262971684478841,31649.0,1,False,0.022746161128215047,0.11,158237.0
"Fixed 31623, pilot",42,5,8,"D 0,1 -> 4,5",15,False,0.368473366754721,31647.0,1,False,0.038665172571355086,0.11,189884.0
"Fixed 31623, pilot",42,6,15,"D 0,3 -> 5,6",25,False,0.006572093743516749,31648.0,1,False,0.041874368178704394,0.11,221532.0
"Fixed 31623, pilot",42,7,25,"D 2,3 -> 6,7",25,True,0.0,31649.0,1,False,0.0634382641933629,0.11,253181.0
"Fixed 31623, pilot",42,8,19,"D 1,2 -> 5,6",12,False,0.9999999782620147,31650.0,1,False,0.00944130459260623,0.11,284831.0
"Fixed 31623, pilot",42,9,0,S 0 -> 4,12,False,1.0,31652.0,1,False,0.00944130459260623,0.11,316483.0
"Fixed 31623, pilot",42,10,0,S 0 -> 4,12,False,1.0,31650.0,1,False,0.00944130459260623,0.11,348133.0
"Fixed 31623, pilot",42,11,21,"D 1,3 -> 5,7",12,False,1.0707763564710149e-09,31648.0,1,False,0.00944130459260623,0.11,379781.0
"Fixed 31623, pilot",42,12,12,"D 0,2 -> 4,6",12,True,0.0,31647.0,1,False,0.018167335815311624,0.11,411428.0
"Fixed 31623, pilot",43,0,25,"D 2,3 -> 6,7",25,True,0.0,31650.0,1,False,0.31503606513167726,0.11,31650.0
"Fixed 31623, pilot",43,1,18,"D 1,2 -> 4,7",15,True,0.0,31650.0,1,False,0.29681502172579394,0.11,63300.0
"Fixed 31623, pilot",43,2,8,"D 0,1 -> 4,5",8,True,0.0,31648.0,1,False,0.3764697826210095,0.11,94948.0
"Fixed 31623, pilot",43,3,15,"D 0,3 -> 5,6",15,True,0.0,31647.0,1,False,0.30026357217502075,0.11,126595.0
"Fixed 31623, pilot",43,4,19,"D 1,2 -> 5,6",19,True,0.0,31653.0,1,False,0.03758523474777508,0.11,158248.0
"Fixed 31623, pilot",43,5,14,"D 0,3 -> 4,7",14,True,0.0,31650.0,1,False,0.06571252399006697,0.11,189898.0
"Fixed 31623, pilot",43,6,11,"D 0,1 -> 6,7",22,False,0.04480658230253376,31649.0,1,False,0.043648521305584075,0.11,221547.0
"Fixed 31623, pilot",43,7,22,"D 2,3 -> 4,5",22,True,0.0,31654.0,1,False,0.06967473471393487,0.11,253201.0
"Fixed 31623, pilot",43,8,9,"D 0,1 -> 4,7",21,False,1.0,31651.0,1,False,0.009441304763103297,0.11,284852.0
"Fixed 31623, pilot",43,9,21,"D 1,3 -> 5,7",21,True,0.0,31649.0,1,False,0.009441304763103297,0.11,316501.0
"Fixed 31623, pilot",43,10,3,S 1 -> 7,12,False,1.0,31648.0,1,False,0.01816733765010426,0.11,348149.0
"Fixed 31623, pilot",43,11,19,"D 1,2 -> 5,6",12,False,0.9867664028901665,31649.0,1,False,0.01816733765010426,0.11,379798.0
"Fixed 31623, pilot",44,0,25,"D 2,3 -> 6,7",25,True,0.0,31646.0,1,False,0.31503606513167726,0.11,31646.0
"Fixed 31623, pilot",44,1,18,"D 1,2 -> 4,7",15,True,0.0,31647.0,1,False,0.29681502172579394,0.11,63293.0
"Fixed 31623, pilot",44,2,8,"D 0,1 -> 4,5",8,True,0.0,31651.0,1,False,0.3764697826210095,0.11,94944.0
"Fixed 31623, pilot",44,3,15,"D 0,3 -> 5,6",15,True,0.0,31649.0,1,False,0.30026357217502075,0.11,126593.0
"Fixed 31623, pilot",44,4,14,"D 0,3 -> 4,7",19,True,5.80789971671436e-10,31648.0,1,False,0.03758523474777508,0.11,158241.0
"Fixed 31623, pilot",44,5,19,"D 1,2 -> 5,6",19,True,0.0,31648.0,1,False,0.0657125239206618,0.11,189889.0
"Fixed 31623, pilot",44,6,11,"D 0,1 -> 6,7",22,False,0.044806582285133345,31652.0,1,False,0.043648521241327065,0.11,221541.0
"Fixed 31623, pilot",44,7,22,"D 2,3 -> 4,5",22,True,0.0,31647.0,1,False,0.06967473482297251,0.11,253188.0
"Fixed 31623, pilot",44,8,18,"D 1,2 -> 4,7",12,False,0.999999996292982,31650.0,1,False,0.009441304632724787,0.11,284838.0
"Fixed 31623, pilot",44,9,10,"D 0,1 -> 5,6",12,False,1.0,31649.0,1,False,0.009441304632724787,0.11,316487.0
"Fixed 31623, pilot",44,10,10,"D 0,1 -> 5,6",12,False,1.0,31644.0,1,False,0.009441304632724787,0.11,348131.0
"Fixed 31623, pilot",44,11,21,"D 1,3 -> 5,7",12,True,7.587165340439128e-10,31647.0,1,False,0.009441304632724787,0.11,379778.0
"Fixed 31623, pilot",44,12,23,"D 2,3 -> 4,7",12,False,1.0,31651.0,1,False,0.018167337678604838,0.11,411429.0
"Fixed 31623, pilot",44,13,9,"D 0,1 -> 4,7",12,False,1.0,31650.0,1,False,0.018167337678604838,0.11,443079.0
"Fixed 31623, pilot",44,14,12,"D 0,2 -> 4,6",12,True,0.0,31647.0,1,False,0.018167337678604838,0.11,474726.0
"Fixed 31623, pilot",45,0,25,"D 2,3 -> 6,7",25,True,0.0,31646.0,1,False,0.31503606513167726,0.11,31646.0
"Fixed 31623, pilot",45,1,18,"D 1,2 -> 4,7",15,True,0.0,31650.0,1,False,0.29681502172579394,0.11,63296.0
"Fixed 31623, pilot",45,2,8,"D 0,1 -> 4,5",8,True,0.0,31651.0,1,False,0.3764697826210095,0.11,94947.0
"Fixed 31623, pilot",45,3,15,"D 0,3 -> 5,6",15,True,0.0,31651.0,1,False,0.30026357217502075,0.11,126598.0
"Fixed 31623, pilot",45,4,14,"D 0,3 -> 4,7",19,True,5.80789971671436e-10,31650.0,1,False,0.03758523474777508,0.11,158248.0
"Fixed 31623, pilot",45,5,19,"D 1,2 -> 5,6",19,True,0.0,31651.0,1,False,0.0657125239206618,0.11,189899.0
"Fixed 31623, pilot",45,6,22,"D 2,3 -> 4,5",22,True,0.0,31649.0,1,False,0.043648521241327065,0.11,221548.0
"Fixed 31623, pilot",45,7,11,"D 0,1 -> 6,7",11,True,0.0,31651.0,1,False,0.10072796416579699,0.11,253199.0
"Fixed 31623, pilot",45,8,0,S 0 -> 4,21,False,1.0,31649.0,1,False,0.009441304483876924,0.11,284848.0
"Fixed 31623, pilot",45,9,20,"D 1,2 -> 6,7",12,False,1.0,31652.0,1,False,0.009441304546048494,0.11,316500.0
"Fixed 31623, pilot",45,10,19,"D 1,2 -> 5,6",12,False,0.999999999274292,31651.0,1,False,0.009441304546048494,0.11,348151.0
"Fixed 31623, pilot",45,11,4,S 2 -> 4,12,False,1.0,31652.0,1,False,0.009441304546048494,0.11,379803.0
"Fixed 31623, pilot",45,12,1,S 0 -> 6,12,False,1.0,31653.0,1,False,0.009441304546048494,0.11,411456.0
"Fixed 31623, pilot",45,13,11,"D 0,1 -> 6,7",12,False,0.9999999972399306,31653.0,1,False,0.009441304546048494,0.11,443109.0
"Fixed 31623, pilot",45,14,0,S 0 -> 4,12,False,1.0,31649.0,1,False,0.009441304546048494,0.11,474758.0
"Fixed 31623, pilot",45,15,5,S 2 -> 6,12,False,1.0,31649.0,1,False,0.009441304546048494,0.11,506407.0
"Fixed 31623, pilot",45,16,16,"D 0,3 -> 6,7",12,False,1.0,31650.0,1,False,0.009441304546048494,0.11,538057.0
"Fixed 31623, pilot",45,17,7,S 3 -> 7,12,False,1.0,31649.0,1,False,0.009441304546048494,0.11,569706.0
"Fixed 31623, pilot",45,18,15,"D 0,3 -> 5,6",12,False,0.9999999673685148,31651.0,1,False,0.009441304546048494,0.11,601357.0
"Fixed 31623, pilot",45,19,13,"D 0,3 -> 4,5",12,False,1.0,31651.0,1,False,0.009441304546048494,0.11,633008.0
"Fixed 31623, pilot",46,0,25,"D 2,3 -> 6,7",25,True,0.0,31646.0,1,False,0.31503606513167726,0.11,31646.0
"Fixed 31623, pilot",46,1,18,"D 1,2 -> 4,7",15,True,0.0,31650.0,1,False,0.29681502172579394,0.11,63296.0
"Fixed 31623, pilot",46,2,8,"D 0,1 -> 4,5",8,True,0.0,31648.0,1,False,0.3764697826210095,0.11,94944.0
"Fixed 31623, pilot",46,3,15,"D 0,3 -> 5,6",15,True,0.0,31649.0,1,False,0.30026357217502075,0.11,126593.0
"Fixed 31623, pilot",46,4,14,"D 0,3 -> 4,7",19,True,5.80789971671436e-10,31648.0,1,False,0.03758523474777508,0.11,158241.0
"Fixed 31623, pilot",46,5,19,"D 1,2 -> 5,6",19,True,0.0,31650.0,1,False,0.0657125239206618,0.11,189891.0
"Fixed 31623, pilot",46,6,22,"D 2,3 -> 4,5",22,True,0.0,31649.0,1,False,0.043648521241327065,0.11,221540.0
"Fixed 31623, pilot",46,7,11,"D 0,1 -> 6,7",11,True,0.0,31648.0,1,False,0.10072796416579699,0.11,253188.0
"Fixed 31623, pilot",46,8,4,S 2 -> 4,21,False,1.0,31646.0,1,False,0.009441304483876924,0.11,284834.0
"Fixed 31623, pilot",46,9,13,"D 0,3 -> 4,5",12,False,1.0,31649.0,1,False,0.009441304546048494,0.11,316483.0
"Fixed 31623, pilot",46,10,7,S 3 -> 7,12,False,1.0,31651.0,1,False,0.009441304546048494,0.11,348134.0
"Fixed 31623, pilot",46,11,18,"D 1,2 -> 4,7",12,False,0.9999999700228404,31654.0,1,False,0.009441304546048494,0.11,379788.0
"Fixed 31623, pilot",46,12,12,"D 0,2 -> 4,6",12,True,0.0,31650.0,1,False,0.009441304546048494,0.11,411438.0
"Fixed 31623, pilot",46,13,12,"D 0,2 -> 4,6",21,False,0.9999999948487535,31649.0,1,False,0.01816733778764031,0.11,443087.0
"Fixed 31623, pilot",46,14,7,S 3 -> 7,21,False,1.0,31649.0,1,False,0.018167337684582924,0.11,474736.0
"Fixed 31623, pilot",46,15,21,"D 1,3 -> 5,7",21,True,0.0,31652.0,1,False,0.018167337684582924,0.11,506388.0
"Fixed 31623, pilot",47,0,19,"D 1,2 -> 5,6",25,False,0.052846754050403844,31648.0,1,False,0.31503606513167726,0.11,31648.0
"Fixed 31623, pilot",47,1,14,"D 0,3 -> 4,7",22,False,0.0008388565620752741,31649.0,1,False,0.2986379460814117,0.11,63297.0
"Fixed 31623, pilot",47,2,22,"D 2,3 -> 4,5",22,True,0.0,31651.0,1,False,0.3070247718582447,0.11,94948.0
"Fixed 31623, pilot",47,3,11,"D 0,1 -> 6,7",11,True,0.0,31647.0,1,False,0.4010030868094594,0.11,126595.0
"Fixed 31623, pilot",47,4,18,"D 1,2 -> 4,7",8,False,0.026297171902414207,31649.0,1,False,0.02274616133043009,0.11,158244.0
"Fixed 31623, pilot",47,5,15,"D 0,3 -> 5,6",15,True,0.0,31648.0,1,False,0.03866517349568953,0.11,189892.0
"Fixed 31623, pilot",47,6,25,"D 2,3 -> 6,7",8,False,0.022501063358800866,31650.0,1,False,0.03387932916403009,0.11,221542.0
"Fixed 31623, pilot",47,7,8,"D 0,1 -> 4,5",8,True,0.0,31647.0,1,False,0.06334829077665252,0.11,253189.0
"Fixed 31623, pilot",47,8,21,"D 1,3 -> 5,7",12,True,0.0,31648.0,1,False,0.009441304603637311,0.11,284837.0
"Fixed 31623, pilot",47,9,12,"D 0,2 -> 4,6",12,True,0.0,31647.0,1,False,0.018167336936531525,0.11,316484.0
"Fixed 31623, pilot",48,0,25,"D 2,3 -> 6,7",25,True,0.0,31649.0,1,False,0.31503606513167726,0.11,31649.0
"Fixed 31623, pilot",48,1,15,"D 0,3 -> 5,6",15,True,0.0,31650.0,1,False,0.29681502172579394,0.11,63299.0
"Fixed 31623, pilot",48,2,8,"D 0,1 -> 4,5",8,True,0.0,31649.0,1,False,0.3764697826210095,0.11,94948.0
"Fixed 31623, pilot",48,3,18,"D 1,2 -> 4,7",18,True,0.0,31650.0,1,False,0.3002635722338174,0.11,126598.0
"Fixed 31623, pilot",48,4,19,"D 1,2 -> 5,6",14,True,5.182410056647768e-12,31649.0,1,False,0.03758523457422756,0.11,158247.0
"Fixed 31623, pilot",48,5,14,"D 0,3 -> 4,7",14,True,0.0,31651.0,1,False,0.06571252392066197,0.11,189898.0
"Fixed 31623, pilot",48,6,11,"D 0,1 -> 6,7",22,False,0.044806582285143115,31652.0,1,False,0.04364852124132713,0.11,221550.0
"Fixed 31623, pilot",48,7,22,"D 2,3 -> 4,5",22,True,0.0,31645.0,1,False,0.06967473471393487,0.11,253195.0
"Fixed 31623, pilot",48,8,1,S 0 -> 6,21,False,1.0,31650.0,1,False,0.009441304632724919,0.11,284845.0
"Fixed 31623, pilot",48,9,2,S 1 -> 5,21,False,1.0,31649.0,1,False,0.009441304632724919,0.11,316494.0
"Fixed 31623, pilot",48,10,21,"D 1,3 -> 5,7",21,True,0.0,31648.0,1,False,0.009441304632724919,0.11,348142.0
"Fixed 31623, pilot",48,11,6,S 3 -> 5,12,False,1.0,31649.0,1,False,0.018167337649211596,0.11,379791.0
"Fixed 31623, pilot",48,12,12,"D 0,2 -> 4,6",12,True,0.0,31649.0,1,False,0.018167337649211596,0.11,411440.0
"Fixed 31623, pilot",49,0,25,"D 2,3 -> 6,7",25,True,0.0,31647.0,1,False,0.31503606513167726,0.11,31647.0
"Fixed 31623, pilot",49,1,18,"D 1,2 -> 4,7",15,True,0.0,31653.0,1,False,0.29681502172579394,0.11,63300.0
"Fixed 31623, pilot",49,2,8,"D 0,1 -> 4,5",8,True,0.0,31648.0,1,False,0.3764697826210095,0.11,94948.0
"Fixed 31623, pilot",49,3,15,"D 0,3 -> 5,6",15,True,0.0,31652.0,1,False,0.30026357217502075,0.11,126600.0
"Fixed 31623, pilot",49,4,22,"D 2,3 -> 4,5",19,False,0.30884520486840616,31651.0,1,False,0.03758523474777508,0.11,158251.0
"Fixed 31623, pilot",49,5,14,"D 0,3 -> 4,7",11,False,0.2225931325104099,31649.0,1,False,0.0530579340682053,0.11,189900.0
"Fixed 31623, pilot",49,6,11,"D 0,1 -> 6,7",19,False,0.1729263394419459,31648.0,1,False,0.07333715141745482,0.11,221548.0
"Fixed 31623, pilot",49,7,19,"D 1,2 -> 5,6",19,True,0.0,31648.0,1,False,0.10905608144246846,0.11,253196.0
"Fixed 31623, pilot",49,8,3,S 1 -> 7,21,False,1.0,31650.0,1,False,0.009441304557297638,0.11,284846.0
"Fixed 31623, pilot",49,9,22,"D 2,3 -> 4,5",21,False,0.9999999164457646,31649.0,1,False,0.009441304557297638,0.11,316495.0
"Fixed 31623, pilot",49,10,4,S 2 -> 4,21,False,1.0,31653.0,1,False,0.009441304557297638,0.11,348148.0
"Fixed 31623, pilot",49,11,5,S 2 -> 6,21,False,1.0,31645.0,1,False,0.009441304557297638,0.11,379793.0
"Fixed 31623, pilot",49,12,3,S 1 -> 7,21,False,1.0,31652.0,1,False,0.009441304557297638,0.11,411445.0
"Fixed 31623, pilot",49,13,3,S 1 -> 7,21,False,1.0,31649.0,1,False,0.009441304557297638,0.11,443094.0
"Fixed 31623, pilot",49,14,11,"D 0,1 -> 6,7",21,False,0.9999999002693523,31648.0,1,False,0.009441304557297638,0.11,474742.0
"Fixed 31623, pilot",49,15,3,S 1 -> 7,21,False,1.0,31646.0,1,False,0.009441304557297638,0.11,506388.0
"Fixed 31623, pilot",49,16,25,"D 2,3 -> 6,7",21,False,0.9999999671813018,31650.0,1,False,0.009441304557297638,0.11,538038.0
"Fixed 31623, pilot",49,17,12,"D 0,2 -> 4,6",21,True,6.798974716559769e-10,31645.0,1,False,0.009441304557297638,0.11,569683.0
"Fixed 31623, pilot",49,18,20,"D 1,2 -> 6,7",21,False,1.0,31650.0,1,False,0.018167337677333636,0.11,601333.0
"Fixed 31623, pilot",49,19,11,"D 0,1 -> 6,7",21,False,0.9826751401864555,31648.0,1,False,0.018167337677333636,0.11,632981.0
"Fixed 31623, pilot",50,0,25,"D 2,3 -> 6,7",25,True,0.0,31650.0,1,False,0.31503606513167726,0.11,31650.0
"Fixed 31623, pilot",50,1,15,"D 0,3 -> 5,6",15,True,0.0,31649.0,1,False,0.29681502172579394,0.11,63299.0
"Fixed 31623, pilot",50,2,8,"D 0,1 -> 4,5",8,True,0.0,31650.0,1,False,0.3764697826210095,0.11,94949.0
"Fixed 31623, pilot",50,3,18,"D 1,2 -> 4,7",18,True,0.0,31651.0,1,False,0.3002635722338174,0.11,126600.0
"Fixed 31623, pilot",50,4,14,"D 0,3 -> 4,7",14,True,0.0,31648.0,1,False,0.03758523457422756,0.11,158248.0
"Fixed 31623, pilot",50,5,19,"D 1,2 -> 5,6",19,True,0.0,31652.0,1,False,0.0657125239900671,0.11,189900.0
"Fixed 31623, pilot",50,6,11,"D 0,1 -> 6,7",22,False,0.044806582302531095,31652.0,1,False,0.04364852130558422,0.11,221552.0
"Fixed 31623, pilot",50,7,22,"D 2,3 -> 4,5",22,True,0.0,31651.0,1,False,0.06967473471683744,0.11,253203.0
"Fixed 31623, pilot",50,8,1,S 0 -> 6,12,False,1.0,31651.0,1,False,0.009441304763103292,0.11,284854.0
"Fixed 31623, pilot",50,9,7,S 3 -> 7,12,False,1.0,31648.0,1,False,0.009441304763103292,0.11,316502.0
"Fixed 31623, pilot",50,10,21,"D 1,3 -> 5,7",12,False,2.6598964142365844e-09,31646.0,1,False,0.009441304763103292,0.11,348148.0
"Fixed 31623, pilot",50,11,12,"D 0,2 -> 4,6",12,True,0.0,31650.0,1,False,0.018167337649211208,0.11,379798.0
"Fixed 31623, pilot",51,0,25,"D 2,3 -> 6,7",25,True,0.0,31645.0,1,False,0.31503606513167726,0.11,31645.0
"Fixed 31623, pilot",51,1,18,"D 1,2 -> 4,7",15,True,0.0,31651.0,1,False,0.29681502172579394,0.11,63296.0
"Fixed 31623, pilot",51,2,8,"D 0,1 -> 4,5",8,True,0.0,31650.0,1,False,0.3764697826210095,0.11,94946.0
"Fixed 31623, pilot",51,3,15,"D 0,3 -> 5,6",15,True,0.0,31648.0,1,False,0.30026357217502075,0.11,126594.0
"Fixed 31623, pilot",51,4,19,"D 1,2 -> 5,6",19,True,0.0,31646.0,1,False,0.03758523474777508,0.11,158240.0
"Fixed 31623, pilot",51,5,14,"D 0,3 -> 4,7",14,True,0.0,31651.0,1,False,0.06571252399006697,0.11,189891.0
"Fixed 31623, pilot",51,6,22,"D 2,3 -> 4,5",22,True,0.0,31651.0,1,False,0.043648521305584075,0.11,221542.0
"Fixed 31623, pilot",51,7,11,"D 0,1 -> 6,7",11,True,0.0,31648.0,1,False,0.10072796416579774,0.11,253190.0
"Fixed 31623, pilot",51,8,12,"D 0,2 -> 4,6",21,False,2.297271373130627e-09,31647.0,1,False,0.009441304483876945,0.11,284837.0
"Fixed 31623, pilot",51,9,14,"D 0,3 -> 4,7",21,False,0.9867664005195909,31649.0,1,False,0.018167337649210517,0.11,316486.0
"Fixed 31623, pilot",52,0,25,"D 2,3 -> 6,7",25,True,0.0,31649.0,1,False,0.31503606513167726,0.11,31649.0
"Fixed 31623, pilot",52,1,15,"D 0,3 -> 5,6",15,True,0.0,31651.0,1,False,0.29681502172579394,0.11,63300.0
"Fixed 31623, pilot",52,2,8,"D 0,1 -> 4,5",8,True,0.0,31647.0,1,False,0.3764697826210095,0.11,94947.0
"Fixed 31623, pilot",52,3,18,"D 1,2 -> 4,7",18,True,0.0,31647.0,1,False,0.3002635722338174,0.11,126594.0
"Fixed 31623, pilot",52,4,14,"D 0,3 -> 4,7",14,True,0.0,31650.0,1,False,0.03758523457422756,0.11,158244.0
"Fixed 31623, pilot",52,5,19,"D 1,2 -> 5,6",19,True,0.0,31649.0,1,False,0.0657125239900671,0.11,189893.0
"Fixed 31623, pilot",52,6,22,"D 2,3 -> 4,5",22,True,0.0,31647.0,1,False,0.04364852130558422,0.11,221540.0
"Fixed 31623, pilot",52,7,11,"D 0,1 -> 6,7",11,True,0.0,31650.0,1,False,0.10072796416579655,0.11,253190.0
"Fixed 31623, pilot",52,8,7,S 3 -> 7,21,False,1.0,31647.0,1,False,0.009441305047874061,0.11,284837.0
"Fixed 31623, pilot",52,9,1,S 0 -> 6,21,False,1.0,31650.0,1,False,0.00944130458544351,0.11,316487.0
"Fixed 31623, pilot",52,10,7,S 3 -> 7,21,False,1.0,31648.0,1,False,0.00944130458544351,0.11,348135.0
"Fixed 31623, pilot",52,11,6,S 3 -> 5,21,False,1.0,31655.0,1,False,0.00944130458544351,0.11,379790.0
"Fixed 31623, pilot",52,12,5,S 2 -> 6,21,False,1.0,31651.0,1,False,0.00944130458544351,0.11,411441.0
"Fixed 31623, pilot",52,13,12,"D 0,2 -> 4,6",21,True,8.03115351999395e-11,31652.0,1,False,0.00944130458544351,0.11,443093.0
"Fixed 31623, pilot",52,14,21,"D 1,3 -> 5,7",21,True,0.0,31647.0,1,False,0.01816733765010512,0.11,474740.0
"Fixed 31623, pilot",53,0,25,"D 2,3 -> 6,7",25,True,0.0,31647.0,1,False,0.31503606513167726,0.11,31647.0
"Fixed 31623, pilot",53,1,15,"D 0,3 -> 5,6",15,True,0.0,31651.0,1,False,0.29681502172579394,0.11,63298.0
"Fixed 31623, pilot",53,2,8,"D 0,1 -> 4,5",8,True,0.0,31650.0,1,False,0.3764697826210095,0.11,94948.0
"Fixed 31623, pilot",53,3,18,"D 1,2 -> 4,7",18,True,0.0,31650.0,1,False,0.3002635722338174,0.11,126598.0
"Fixed 31623, pilot",53,4,11,"D 0,1 -> 6,7",14,False,0.3564786117490738,31648.0,1,False,0.03758523457422756,0.11,158246.0
"Fixed 31623, pilot",53,5,19,"D 1,2 -> 5,6",19,True,0.0,31646.0,1,False,0.03912173614796318,0.11,189892.0
"Fixed 31623, pilot",53,6,14,"D 0,3 -> 4,7",14,True,0.0,31648.0,1,False,0.06888584049226043,0.11,221540.0
"Fixed 31623, pilot",53,7,22,"D 2,3 -> 4,5",22,True,0.0,31651.0,1,False,0.07215392977191218,0.11,253191.0
"Fixed 31623, pilot",53,8,15,"D 0,3 -> 5,6",12,False,0.9999999981652687,31651.0,1,False,0.009441304618271692,0.11,284842.0
"Fixed 31623, pilot",53,9,1,S 0 -> 6,12,False,1.0,31648.0,1,False,0.009441304618271692,0.11,316490.0
"Fixed 31623, pilot",53,10,10,"D 0,1 -> 5,6",12,False,1.0,31651.0,1,False,0.009441304618271692,0.11,348141.0
"Fixed 31623, pilot",53,11,20,"D 1,2 -> 6,7",12,False,1.0,31648.0,1,False,0.009441304618271692,0.11,379789.0
"Fixed 31623, pilot",53,12,4,S 2 -> 4,12,False,1.0,31651.0,1,False,0.009441304618271692,0.11,411440.0
"Fixed 31623, pilot",53,13,12,"D 0,2 -> 4,6",12,True,0.0,31652.0,1,False,0.009441304618271692,0.11,443092.0
"Fixed 31623, pilot",53,14,21,"D 1,3 -> 5,7",21,True,0.0,31651.0,1,False,0.018167337748505936,0.11,474743.0
"Fixed 31623, pilot",54,0,14,"D 0,3 -> 4,7",25,False,0.052846754050403844,31647.0,1,False,0.31503606513167726,0.11,31647.0
"Fixed 31623, pilot",54,1,22,"D 2,3 -> 4,5",22,True,0.0,31652.0,1,False,0.2986379460442076,0.11,63299.0
"Fixed 31623, pilot",54,2,11,"D 0,1 -> 6,7",19,False,0.046708288582274715,31651.0,1,False,0.35321992230088123,0.11,94950.0
"Fixed 31623, pilot",54,3,19,"D 1,2 -> 5,6",19,True,0.0,31649.0,1,False,0.29320328982117444,0.11,126599.0
"Fixed 31623, pilot",54,4,8,"D 0,1 -> 4,5",8,True,0.0,31652.0,1,False,0.02274616115030928,0.11,158251.0
"Fixed 31623, pilot",54,5,25,"D 2,3 -> 6,7",25,True,0.0,31649.0,1,False,0.03848376610426951,0.11,189900.0
"Fixed 31623, pilot",54,6,18,"D 1,2 -> 4,7",18,True,0.0,31648.0,1,False,0.03323670736116715,0.11,221548.0
"Fixed 31623, pilot",54,7,15,"D 0,3 -> 5,6",15,True,0.0,31647.0,1,False,0.061357451185808966,0.11,253195.0
"Fixed 31623, pilot",54,8,1,S 0 -> 6,21,False,1.0,31652.0,1,False,0.009441304620635317,0.11,284847.0
"Fixed 31623, pilot",54,9,2,S 1 -> 5,21,False,1.0,31650.0,1,False,0.009441304620635317,0.11,316497.0
"Fixed 31623, pilot",54,10,5,S 2 -> 6,21,False,1.0,31653.0,1,False,0.009441304620635317,0.11,348150.0
"Fixed 31623, pilot",54,11,7,S 3 -> 7,21,False,1.0,31644.0,1,False,0.009441304620635317,0.11,379794.0
"Fixed 31623, pilot",54,12,21,"D 1,3 -> 5,7",21,True,0.0,31647.0,1,False,0.009441304620635317,0.11,411441.0
"Fixed 31623, pilot",54,13,18,"D 1,2 -> 4,7",12,False,0.9933179825890726,31652.0,1,False,0.018167337677969676,0.11,443093.0
"Fixed 31623, pilot",55,0,25,"D 2,3 -> 6,7",25,True,0.0,31647.0,1,False,0.31503606513167726,0.11,31647.0
"Fixed 31623, pilot",55,1,18,"D 1,2 -> 4,7",15,True,0.0,31651.0,1,False,0.29681502172579394,0.11,63298.0
"Fixed 31623, pilot",55,2,8,"D 0,1 -> 4,5",8,True,0.0,31650.0,1,False,0.3764697826210095,0.11,94948.0
"Fixed 31623, pilot",55,3,15,"D 0,3 -> 5,6",15,True,0.0,31653.0,1,False,0.30026357217502075,0.11,126601.0
"Fixed 31623, pilot",55,4,19,"D 1,2 -> 5,6",19,True,0.0,31649.0,1,False,0.03758523474777508,0.11,158250.0
"Fixed 31623, pilot",55,5,14,"D 0,3 -> 4,7",14,True,0.0,31649.0,1,False,0.06571252399006697,0.11,189899.0
"Fixed 31623, pilot",55,6,22,"D 2,3 -> 4,5",22,True,0.0,31649.0,1,False,0.043648521305584075,0.11,221548.0
"Fixed 31623, pilot",55,7,11,"D 0,1 -> 6,7",11,True,0.0,31650.0,1,False,0.10072796416579774,0.11,253198.0
"Fixed 31623, pilot",55,8,8,"D 0,1 -> 4,5",21,False,0.9999999180305379,31649.0,1,False,0.009441304483876945,0.11,284847.0
"Fixed 31623, pilot",55,9,5,S 2 -> 6,12,False,1.0,31651.0,1,False,0.009441304583354095,0.11,316498.0
"Fixed 31623, pilot",55,10,5,S 2 -> 6,12,False,1.0,31654.0,1,False,0.009441304583354095,0.11,348152.0
"Fixed 31623, pilot",55,11,12,"D 0,2 -> 4,6",12,True,0.0,31652.0,1,False,0.009441304583354095,0.11,379804.0
"Fixed 31623, pilot",55,12,3,S 1 -> 7,21,False,1.0,31652.0,1,False,0.018167337737955563,0.11,411456.0
"Fixed 31623, pilot",55,13,21,"D 1,3 -> 5,7",21,True,0.0,31652.0,1,False,0.018167337243031694,0.11,443108.0
"Fixed 31623, pilot",56,0,25,"D 2,3 -> 6,7",25,True,0.0,31648.0,1,False,0.31503606513167726,0.11,31648.0
"Fixed 31623, pilot",56,1,15,"D 0,3 -> 5,6",15,True,0.0,31650.0,1,False,0.29681502172579394,0.11,63298.0
"Fixed 31623, pilot",56,2,8,"D 0,1 -> 4,5",8,True,0.0,31648.0,1,False,0.3764697826210095,0.11,94946.0
"Fixed 31623, pilot",56,3,18,"D 1,2 -> 4,7",18,True,0.0,31650.0,1,False,0.3002635722338174,0.11,126596.0
"Fixed 31623, pilot",56,4,14,"D 0,3 -> 4,7",14,True,0.0,31652.0,1,False,0.03758523457422756,0.11,158248.0
"Fixed 31623, pilot",56,5,19,"D 1,2 -> 5,6",19,True,0.0,31648.0,1,False,0.0657125239900671,0.11,189896.0
"Fixed 31623, pilot",56,6,11,"D 0,1 -> 6,7",22,False,0.044806582302531095,31654.0,1,False,0.04364852130558422,0.11,221550.0
"Fixed 31623, pilot",56,7,22,"D 2,3 -> 4,5",22,True,0.0,31649.0,1,False,0.06967473471683744,0.11,253199.0
"Fixed 31623, pilot",56,8,10,"D 0,1 -> 5,6",12,False,1.0,31648.0,1,False,0.009441304763103292,0.11,284847.0
"Fixed 31623, pilot",56,9,6,S 3 -> 5,12,False,1.0,31653.0,1,False,0.009441304763103292,0.11,316500.0
"Fixed 31623, pilot",56,10,12,"D 0,2 -> 4,6",12,True,0.0,31647.0,1,False,0.009441304763103292,0.11,348147.0
"Fixed 31623, pilot",56,11,10,"D 0,1 -> 5,6",21,False,1.0,31648.0,1,False,0.018167337650104195,0.11,379795.0
"Fixed 31623, pilot",56,12,3,S 1 -> 7,21,False,1.0,31646.0,1,False,0.018167337650104195,0.11,411441.0
"Fixed 31623, pilot",56,13,10,"D 0,1 -> 5,6",21,False,1.0,31652.0,1,False,0.018167337650104195,0.11,443093.0
"Fixed 31623, pilot",56,14,1,S 0 -> 6,21,False,1.0,31649.0,1,False,0.018167337650104195,0.11,474742.0
"Fixed 31623, pilot",56,15,3,S 1 -> 7,21,False,1.0,31649.0,1,False,0.018167337650104195,0.11,506391.0
"Fixed 31623, pilot",56,16,21,"D 1,3 -> 5,7",21,True,0.0,31652.0,1,False,0.018167337650104195,0.11,538043.0
"Fixed 31623, pilot",57,0,25,"D 2,3 -> 6,7",25,True,0.0,31648.0,1,False,0.31503606513167726,0.11,31648.0
"Fixed 31623, pilot",57,1,8,"D 0,1 -> 4,5",15,False,0.033311851350335986,31651.0,1,False,0.29681502172579394,0.11,63299.0
"Fixed 31623, pilot",57,2,15,"D 0,3 -> 5,6",15,True,0.0,31648.0,1,False,0.303713351808019,0.11,94947.0
"Fixed 31623, pilot",57,3,18,"D 1,2 -> 4,7",18,True,0.0,31651.0,1,False,0.38824803810173436,0.11,126598.0
"Fixed 31623, pilot",57,4,14,"D 0,3 -> 4,7",14,True,0.0,31651.0,1,False,0.03758523456612019,0.11,158249.0
"Fixed 31623, pilot",57,5,19,"D 1,2 -> 5,6",19,True,0.0,31651.0,1,False,0.0657125241352967,0.11,189900.0
"Fixed 31623, pilot",57,6,11,"D 0,1 -> 6,7",22,False,0.04480658474782895,31651.0,1,False,0.043648521856409134,0.11,221551.0
"Fixed 31623, pilot",57,7,22,"D 2,3 -> 4,5",22,True,0.0,31652.0,1,False,0.06967473568968069,0.11,253203.0
"Fixed 31623, pilot",57,8,11,"D 0,1 -> 6,7",12,False,0.9999999923983368,31655.0,1,False,0.00944130465202562,0.11,284858.0
"Fixed 31623, pilot",57,9,4,S 2 -> 4,12,False,1.0,31649.0,1,False,0.00944130465202562,0.11,316507.0
"Fixed 31623, pilot",57,10,12,"D 0,2 -> 4,6",12,True,6.661338147750939e-15,31650.0,1,False,0.00944130465202562,0.11,348157.0
"Fixed 31623, pilot",57,11,5,S 2 -> 6,21,False,1.0,31649.0,1,False,0.01816733769612002,0.11,379806.0
"Fixed 31623, pilot",57,12,21,"D 1,3 -> 5,7",21,True,0.0,31647.0,1,False,0.01816733769612002,0.11,411453.0
"Fixed 31623, pilot",58,0,25,"D 2,3 -> 6,7",25,True,0.0,31647.0,1,False,0.31503606513167726,0.11,31647.0
"Fixed 31623, pilot",58,1,18,"D 1,2 -> 4,7",15,True,0.0,31651.0,1,False,0.29681502172579394,0.11,63298.0
"Fixed 31623, pilot",58,2,8,"D 0,1 -> 4,5",8,True,0.0,31652.0,1,False,0.3764697826210095,0.11,94950.0
"Fixed 31623, pilot",58,3,15,"D 0,3 -> 5,6",15,True,0.0,31651.0,1,False,0.30026357217502075,0.11,126601.0
"Fixed 31623, pilot",58,4,14,"D 0,3 -> 4,7",19,True,5.80789971671436e-10,31646.0,1,False,0.03758523474777508,0.11,158247.0
"Fixed 31623, pilot",58,5,19,"D 1,2 -> 5,6",19,True,0.0,31649.0,1,False,0.0657125239206618,0.11,189896.0
"Fixed 31623, pilot",58,6,22,"D 2,3 -> 4,5",22,True,0.0,31650.0,1,False,0.043648521241327065,0.11,221546.0
"Fixed 31623, pilot",58,7,11,"D 0,1 -> 6,7",11,True,0.0,31647.0,1,False,0.10072796416579699,0.11,253193.0
"Fixed 31623, pilot",58,8,19,"D 1,2 -> 5,6",21,False,0.9999999644488927,31650.0,1,False,0.009441304483876924,0.11,284843.0
"Fixed 31623, pilot",58,9,1,S 0 -> 6,12,False,1.0,31649.0,1,False,0.009441304531544896,0.11,316492.0
"Fixed 31623, pilot",58,10,14,"D 0,3 -> 4,7",12,False,0.9999999593776666,31649.0,1,False,0.009441304531544896,0.11,348141.0
"Fixed 31623, pilot",58,11,11,"D 0,1 -> 6,7",12,False,0.999999990786675,31650.0,1,False,0.009441304531544896,0.11,379791.0
"Fixed 31623, pilot",58,12,20,"D 1,2 -> 6,7",12,False,1.0,31648.0,1,False,0.009441304531544896,0.11,411439.0
"Fixed 31623, pilot",58,13,12,"D 0,2 -> 4,6",12,True,0.0,31649.0,1,False,0.009441304531544896,0.11,443088.0
"Fixed 31623, pilot",58,14,2,S 1 -> 5,21,False,1.0,31650.0,1,False,0.018167340406714468,0.11,474738.0
"Fixed 31623, pilot",58,15,21,"D 1,3 -> 5,7",21,True,0.0,31650.0,1,False,0.018167340406714468,0.11,506388.0
"Fixed 31623, pilot",59,0,25,"D 2,3 -> 6,7",25,True,0.0,31651.0,1,False,0.31503606513167726,0.11,31651.0
"Fixed 31623, pilot",59,1,15,"D 0,3 -> 5,6",15,True,0.0,31650.0,1,False,0.29681502172579394,0.11,63301.0
"Fixed 31623, pilot",59,2,8,"D 0,1 -> 4,5",8,True,0.0,31646.0,1,False,0.3764697826210095,0.11,94947.0
"Fixed 31623, pilot",59,3,18,"D 1,2 -> 4,7",18,True,0.0,31650.0,1,False,0.3002635722338174,0.11,126597.0
"Fixed 31623, pilot",59,4,19,"D 1,2 -> 5,6",14,True,5.182410056647768e-12,31650.0,1,False,0.03758523457422756,0.11,158247.0
"Fixed 31623, pilot",59,5,14,"D 0,3 -> 4,7",14,True,0.0,31649.0,1,False,0.06571252392066197,0.11,189896.0
"Fixed 31623, pilot",59,6,11,"D 0,1 -> 6,7",22,False,0.044806582285143115,31649.0,1,False,0.04364852124132713,0.11,221545.0
"Fixed 31623, pilot",59,7,22,"D 2,3 -> 4,5",22,True,0.0,31649.0,1,False,0.06967473471393487,0.11,253194.0
"Fixed 31623, pilot",59,8,16,"D 0,3 -> 6,7",21,False,1.0,31651.0,1,False,0.009441304632724919,0.11,284845.0
"Fixed 31623, pilot",59,9,21,"D 1,3 -> 5,7",21,True,0.0,31649.0,1,False,0.009441304632724919,0.11,316494.0
"Fixed 31623, pilot",59,10,5,S 2 -> 6,12,False,1.0,31647.0,1,False,0.018167337649211596,0.11,348141.0
"Fixed 31623, pilot",59,11,6,S 3 -> 5,12,False,1.0,31650.0,1,False,0.018167337649211596,0.11,379791.0
"Fixed 31623, pilot",59,12,5,S 2 -> 6,12,False,1.0,31649.0,1,False,0.018167337649211596,0.11,411440.0
"Fixed 31623, pilot",59,13,2,S 1 -> 5,12,False,1.0,31652.0,1,False,0.018167337649211596,0.11,443092.0
"Fixed 31623, pilot",59,14,12,"D 0,2 -> 4,6",12,True,0.0,31650.0,1,False,0.018167337649211596,0.11,474742.0
"Fixed 31623, pilot",60,0,25,"D 2,3 -> 6,7",25,True,0.0,31647.0,1,False,0.31503606513167726,0.11,31647.0
"Fixed 31623, pilot",60,1,15,"D 0,3 -> 5,6",15,True,0.0,31653.0,1,False,0.29681502172579394,0.11,63300.0
"Fixed 31623, pilot",60,2,8,"D 0,1 -> 4,5",8,True,0.0,31648.0,1,False,0.3764697826210095,0.11,94948.0
"Fixed 31623, pilot",60,3,18,"D 1,2 -> 4,7",18,True,0.0,31650.0,1,False,0.3002635722338174,0.11,126598.0
"Fixed 31623, pilot",60,4,14,"D 0,3 -> 4,7",14,True,0.0,31650.0,1,False,0.03758523457422756,0.11,158248.0
"Fixed 31623, pilot",60,5,19,"D 1,2 -> 5,6",19,True,0.0,31651.0,1,False,0.0657125239900671,0.11,189899.0
"Fixed 31623, pilot",60,6,11,"D 0,1 -> 6,7",22,False,0.044806582302531095,31653.0,1,False,0.04364852130558422,0.11,221552.0
"Fixed 31623, pilot",60,7,22,"D 2,3 -> 4,5",22,True,0.0,31650.0,1,False,0.06967473471683744,0.11,253202.0
"Fixed 31623, pilot",60,8,21,"D 1,3 -> 5,7",12,False,2.6598964142365844e-09,31648.0,1,False,0.009441304763103292,0.11,284850.0
"Fixed 31623, pilot",60,9,23,"D 2,3 -> 4,7",12,False,1.0,31652.0,1,False,0.018167337649211208,0.11,316502.0
"Fixed 31623, pilot",60,10,22,"D 2,3 -> 4,5",12,False,0.9876310330442084,31646.0,1,False,0.018167337649211208,0.11,348148.0
"Fixed 31623, pilot",61,0,25,"D 2,3 -> 6,7",25,True,0.0,31648.0,1,False,0.31503606513167726,0.11,31648.0
"Fixed 31623, pilot",61,1,8,"D 0,1 -> 4,5",15,False,0.033311851350335986,31653.0,1,False,0.29681502172579394,0.11,63301.0
"Fixed 31623, pilot",61,2,15,"D 0,3 -> 5,6",15,True,0.0,31649.0,1,False,0.303713351808019,0.11,94950.0
"Fixed 31623, pilot",61,3,18,"D 1,2 -> 4,7",18,True,0.0,31650.0,1,False,0.38824803810173436,0.11,126600.0
"Fixed 31623, pilot",61,4,14,"D 0,3 -> 4,7",14,True,0.0,31646.0,1,False,0.03758523456612019,0.11,158246.0
"Fixed 31623, pilot",61,5,19,"D 1,2 -> 5,6",19,True,0.0,31648.0,1,False,0.0657125241352967,0.11,189894.0
"Fixed 31623, pilot",61,6,22,"D 2,3 -> 4,5",22,True,0.0,31652.0,1,False,0.043648521856409134,0.11,221546.0
"Fixed 31623, pilot",61,7,11,"D 0,1 -> 6,7",11,True,0.0,31648.0,1,False,0.10072796429211578,0.11,253194.0
"Fixed 31623, pilot",61,8,5,S 2 -> 6,12,False,1.0,31650.0,1,False,0.009441304132124777,0.11,284844.0
"Fixed 31623, pilot",61,9,0,S 0 -> 4,12,False,1.0,31651.0,1,False,0.009441304132124777,0.11,316495.0
"Fixed 31623, pilot",61,10,1,S 0 -> 6,12,False,1.0,31651.0,1,False,0.009441304132124777,0.11,348146.0
"Fixed 31623, pilot",61,11,24,"D 2,3 -> 5,6",12,False,1.0,31651.0,1,False,0.009441304132124777,0.11,379797.0
"Fixed 31623, pilot",61,12,2,S 1 -> 5,12,False,1.0,31651.0,1,False,0.009441304132124777,0.11,411448.0
"Fixed 31623, pilot",61,13,11,"D 0,1 -> 6,7",12,False,0.9999997204037362,31649.0,1,False,0.009441304132124777,0.11,443097.0
"Fixed 31623, pilot",61,14,21,"D 1,3 -> 5,7",12,True,3.1086244689504383e-15,31646.0,1,False,0.009441304132124777,0.11,474743.0
"Fixed 31623, pilot",61,15,14,"D 0,3 -> 4,7",12,False,0.986773827642179,31649.0,1,False,0.018167338511520057,0.11,506392.0
"Fixed 31623, pilot",62,0,19,"D 1,2 -> 5,6",25,False,0.052846754050403844,31649.0,1,False,0.31503606513167726,0.11,31649.0
"Fixed 31623, pilot",62,1,14,"D 0,3 -> 4,7",22,False,0.0008388565620752741,31653.0,1,False,0.2986379460814117,0.11,63302.0
"Fixed 31623, pilot",62,2,22,"D 2,3 -> 4,5",22,True,0.0,31651.0,1,False,0.3070247718582447,0.11,94953.0
"Fixed 31623, pilot",62,3,11,"D 0,1 -> 6,7",11,True,0.0,31652.0,1,False,0.4010030868094594,0.11,126605.0
"Fixed 31623, pilot",62,4,3,S 1 -> 7,8,False,1.0,31649.0,1,False,0.02274616133043009,0.11,158254.0
"Fixed 31623, pilot",62,5,15,"D 0,3 -> 5,6",8,False,0.026297166168589348,31652.0,1,False,0.022746161083520247,0.11,189906.0
"Fixed 31623, pilot",62,6,18,"D 1,2 -> 4,7",18,True,0.0,31652.0,1,False,0.03866517285219422,0.11,221558.0
"Fixed 31623, pilot",62,7,25,"D 2,3 -> 6,7",8,False,0.022501063358805418,31649.0,1,False,0.03387932916403,0.11,253207.0
"Fixed 31623, pilot",62,8,8,"D 0,1 -> 4,5",8,True,0.0,31648.0,1,False,0.06334829077665244,0.11,284855.0
"Fixed 31623, pilot",62,9,3,S 1 -> 7,12,False,1.0,31649.0,1,False,0.009441304574094641,0.11,316504.0
"Fixed 31623, pilot",62,10,1,S 0 -> 6,12,False,1.0,31652.0,1,False,0.009441304568789,0.11,348156.0
"Fixed 31623, pilot",62,11,23,"D 2,3 -> 4,7",12,False,1.0,31649.0,1,False,0.009441304568789,0.11,379805.0
"Fixed 31623, pilot",62,12,2,S 1 -> 5,12,False,1.0,31651.0,1,False,0.009441304568789,0.11,411456.0
"Fixed 31623, pilot",62,13,19,"D 1,2 -> 5,6",12,False,0.9999999948081271,31650.0,1,False,0.009441304568789,0.11,443106.0
"Fixed 31623, pilot",62,14,0,S 0 -> 4,12,False,1.0,31648.0,1,False,0.009441304568789,0.11,474754.0
"Fixed 31623, pilot",62,15,13,"D 0,3 -> 4,5",12,False,1.0,31649.0,1,False,0.009441304568789,0.11,506403.0
"Fixed 31623, pilot",62,16,14,"D 0,3 -> 4,7",12,False,0.9999999948081668,31650.0,1,False,0.009441304568789,0.11,538053.0
"Fixed 31623, pilot",62,17,0,S 0 -> 4,12,False,1.0,31650.0,1,False,0.009441304568789,0.11,569703.0
"Fixed 31623, pilot",62,18,11,"D 0,1 -> 6,7",12,False,0.9999999289614036,31647.0,1,False,0.009441304568789,0.11,601350.0
"Fixed 31623, pilot",62,19,25,"D 2,3 -> 6,7",12,False,0.9999999833690448,31651.0,1,False,0.009441304568789,0.11,633001.0
"Fixed 31623, pilot",63,0,25,"D 2,3 -> 6,7",25,True,0.0,31647.0,1,False,0.31503606513167726,0.11,31647.0
"Fixed 31623, pilot",63,1,18,"D 1,2 -> 4,7",15,True,0.0,31652.0,1,False,0.29681502172579394,0.11,63299.0
"Fixed 31623, pilot",63,2,8,"D 0,1 -> 4,5",8,True,0.0,31647.0,1,False,0.3764697826210095,0.11,94946.0
"Fixed 31623, pilot",63,3,15,"D 0,3 -> 5,6",15,True,0.0,31649.0,1,False,0.30026357217502075,0.11,126595.0
"Fixed 31623, pilot",63,4,19,"D 1,2 -> 5,6",19,True,0.0,31655.0,1,False,0.03758523474777508,0.11,158250.0
"Fixed 31623, pilot",63,5,14,"D 0,3 -> 4,7",14,True,0.0,31654.0,1,False,0.06571252399006697,0.11,189904.0
"Fixed 31623, pilot",63,6,22,"D 2,3 -> 4,5",22,True,0.0,31651.0,1,False,0.043648521305584075,0.11,221555.0
"Fixed 31623, pilot",63,7,11,"D 0,1 -> 6,7",11,True,0.0,31650.0,1,False,0.10072796416579774,0.11,253205.0
"Fixed 31623, pilot",63,8,7,S 3 -> 7,21,False,1.0,31652.0,1,False,0.009441304483876945,0.11,284857.0
"Fixed 31623, pilot",63,9,11,"D 0,1 -> 6,7",12,False,0.9999999972400071,31648.0,1,False,0.00944130454604846,0.11,316505.0
"Fixed 31623, pilot",63,10,3,S 1 -> 7,12,False,1.0,31649.0,1,False,0.00944130454604846,0.11,348154.0
"Fixed 31623, pilot",63,11,19,"D 1,2 -> 5,6",12,False,0.9999999992743589,31648.0,1,False,0.00944130454604846,0.11,379802.0
"Fixed 31623, pilot",63,12,5,S 2 -> 6,12,False,1.0,31648.0,1,False,0.00944130454604846,0.11,411450.0
"Fixed 31623, pilot",63,13,13,"D 0,3 -> 4,5",12,False,1.0,31652.0,1,False,0.00944130454604846,0.11,443102.0
"Fixed 31623, pilot",63,14,12,"D 0,2 -> 4,6",12,True,0.0,31650.0,1,False,0.00944130454604846,0.11,474752.0
"Fixed 31623, pilot",63,15,20,"D 1,2 -> 6,7",21,False,1.0,31648.0,1,False,0.01816733837026986,0.11,506400.0
"Fixed 31623, pilot",63,16,20,"D 1,2 -> 6,7",21,False,1.0,31650.0,1,False,0.01816733837026986,0.1,538050.0
"Fixed 31623, pilot",63,17,21,"D 1,3 -> 5,7",21,True,0.0,31650.0,1,False,0.01816733837026986,0.11,569700.0
"Fixed 31623, pilot",64,0,25,"D 2,3 -> 6,7",25,True,0.0,31648.0,1,False,0.31503606513167726,0.11,31648.0
"Fixed 31623, pilot",64,1,8,"D 0,1 -> 4,5",15,False,0.033311851350335986,31648.0,1,False,0.29681502172579394,0.11,63296.0
"Fixed 31623, pilot",64,2,18,"D 1,2 -> 4,7",15,True,5.551115123125783e-16,31649.0,1,False,0.303713351808019,0.11,94945.0
"Fixed 31623, pilot",64,3,15,"D 0,3 -> 5,6",15,True,0.0,31652.0,1,False,0.38824803810173447,0.11,126597.0
"Fixed 31623, pilot",64,4,14,"D 0,3 -> 4,7",19,True,5.150813109366936e-11,31653.0,1,False,0.03758523456612009,0.11,158250.0
"Fixed 31623, pilot",64,5,19,"D 1,2 -> 5,6",19,True,0.0,31650.0,1,False,0.06571252413529666,0.11,189900.0
"Fixed 31623, pilot",64,6,22,"D 2,3 -> 4,5",22,True,0.0,31649.0,1,False,0.04364852180125853,0.11,221549.0
"Fixed 31623, pilot",64,7,11,"D 0,1 -> 6,7",11,True,0.0,31648.0,1,False,0.10072796429211586,0.11,253197.0
"Fixed 31623, pilot",64,8,5,S 2 -> 6,12,False,1.0,31648.0,1,False,0.009441304132124781,0.11,284845.0
"Fixed 31623, pilot",64,9,21,"D 1,3 -> 5,7",12,True,1.887379141862766e-15,31647.0,1,False,0.009441304132124781,0.11,316492.0
"Fixed 31623, pilot",64,10,6,S 3 -> 5,12,False,1.0,31650.0,1,False,0.01816733758981303,0.11,348142.0
"Fixed 31623, pilot",64,11,20,"D 1,2 -> 6,7",12,False,1.0,31650.0,1,False,0.01816733758981303,0.11,379792.0
"Fixed 31623, pilot",64,12,0,S 0 -> 4,12,False,1.0,31654.0,1,False,0.01816733758981303,0.11,411446.0
"Fixed 31623, pilot",64,13,6,S 3 -> 5,12,False,1.0,31648.0,1,False,0.01816733758981303,0.1,443094.0
"Fixed 31623, pilot",64,14,12,"D 0,2 -> 4,6",12,True,0.0,31648.0,1,False,0.01816733758981303,0.1,474742.0
"Fixed 31623, pilot",65,0,25,"D 2,3 -> 6,7",25,True,0.0,31645.0,1,False,0.31503606513167726,0.11,31645.0
"Fixed 31623, pilot",65,1,15,"D 0,3 -> 5,6",15,True,0.0,31647.0,1,False,0.29681502172579394,0.11,63292.0
"Fixed 31623, pilot",65,2,8,"D 0,1 -> 4,5",8,True,0.0,31653.0,1,False,0.3764697826210095,0.11,94945.0
"Fixed 31623, pilot",65,3,18,"D 1,2 -> 4,7",18,True,0.0,31649.0,1,False,0.3002635722338174,0.11,126594.0
"Fixed 31623, pilot",65,4,19,"D 1,2 -> 5,6",14,True,5.182410056647768e-12,31651.0,1,False,0.03758523457422756,0.11,158245.0
"Fixed 31623, pilot",65,5,14,"D 0,3 -> 4,7",14,True,0.0,31652.0,1,False,0.06571252392066197,0.11,189897.0
"Fixed 31623, pilot",65,6,11,"D 0,1 -> 6,7",22,False,0.044806582285143115,31652.0,1,False,0.04364852124132713,0.11,221549.0
"Fixed 31623, pilot",65,7,22,"D 2,3 -> 4,5",22,True,0.0,31653.0,1,False,0.06967473471393487,0.11,253202.0
"Fixed 31623, pilot",65,8,20,"D 1,2 -> 6,7",21,False,1.0,31646.0,1,False,0.009441304632724919,0.11,284848.0
"Fixed 31623, pilot",65,9,5,S 2 -> 6,21,False,1.0,31651.0,1,False,0.009441304632724919,0.11,316499.0
"Fixed 31623, pilot",65,10,10,"D 0,1 -> 5,6",21,False,1.0,31645.0,1,False,0.009441304632724919,0.11,348144.0
"Fixed 31623, pilot",65,11,4,S 2 -> 4,21,False,1.0,31650.0,1,False,0.009441304632724919,0.11,379794.0
"Fixed 31623, pilot",65,12,19,"D 1,2 -> 5,6",21,False,0.9999999753612627,31649.0,1,False,0.009441304632724919,0.11,411443.0
"Fixed 31623, pilot",65,13,10,"D 0,1 -> 5,6",21,False,1.0,31648.0,1,False,0.009441304632724919,0.11,443091.0
"Fixed 31623, pilot",65,14,24,"D 2,3 -> 5,6",21,False,1.0,31650.0,1,False,0.009441304632724919,0.11,474741.0
"Fixed 31623, pilot",65,15,21,"D 1,3 -> 5,7",21,True,0.0,31652.0,1,False,0.009441304632724919,0.11,506393.0
"Fixed 31623, pilot",65,16,5,S 2 -> 6,12,False,1.0,31646.0,1,False,0.01816733767528981,0.1,538039.0
"Fixed 31623, pilot",65,17,0,S 0 -> 4,12,False,1.0,31643.0,1,False,0.01816733767528981,0.1,569682.0
"Fixed 31623, pilot",65,18,2,S 1 -> 5,12,False,1.0,31646.0,1,False,0.01816733767528981,0.1,601328.0
"Fixed 31623, pilot",65,19,13,"D 0,3 -> 4,5",12,False,1.0,31647.0,1,False,0.01816733767528981,0.1,632975.0
"Fixed 31623, pilot",66,0,14,"D 0,3 -> 4,7",25,False,0.052846754050403844,31648.0,1,False,0.31503606513167726,0.11,31648.0
"Fixed 31623, pilot",66,1,22,"D 2,3 -> 4,5",22,True,0.0,31649.0,1,False,0.2986379460442076,0.11,63297.0
"Fixed 31623, pilot",66,2,19,"D 1,2 -> 5,6",19,True,0.0,31649.0,1,False,0.35321992230088123,0.11,94946.0
"Fixed 31623, pilot",66,3,11,"D 0,1 -> 6,7",11,True,0.0,31650.0,1,False,0.22254279298159932,0.11,126596.0
"Fixed 31623, pilot",66,4,8,"D 0,1 -> 4,5",8,True,0.0,31653.0,1,False,0.022746161137019386,0.11,158249.0
"Fixed 31623, pilot",66,5,25,"D 2,3 -> 6,7",25,True,0.0,31652.0,1,False,0.038483766423239515,0.11,189901.0
"Fixed 31623, pilot",66,6,18,"D 1,2 -> 4,7",15,False,1.1226973795075423e-09,31648.0,1,False,0.033236707327543275,0.11,221549.0
"Fixed 31623, pilot",66,7,15,"D 0,3 -> 5,6",15,True,0.0,31649.0,1,False,0.061357451200992445,0.11,253198.0
"Fixed 31623, pilot",66,8,0,S 0 -> 4,12,False,1.0,31646.0,1,False,0.009441304583497958,0.11,284844.0
"Fixed 31623, pilot",66,9,19,"D 1,2 -> 5,6",12,False,0.999999993359559,31647.0,1,False,0.009441304583497958,0.11,316491.0
"Fixed 31623, pilot",66,10,5,S 2 -> 6,12,False,1.0,31651.0,1,False,0.009441304583497958,0.11,348142.0
"Fixed 31623, pilot",66,11,22,"D 2,3 -> 4,5",12,False,0.9999999931254195,31647.0,1,False,0.009441304583497958,0.11,379789.0
"Fixed 31623, pilot",66,12,25,"D 2,3 -> 6,7",12,False,0.9999999950776777,31649.0,1,False,0.009441304583497958,0.11,411438.0
"Fixed 31623, pilot",66,13,0,S 0 -> 4,12,False,1.0,31655.0,1,False,0.009441304583497958,0.11,443093.0
"Fixed 31623, pilot",66,14,23,"D 2,3 -> 4,7",12,False,1.0,31653.0,1,False,0.009441304583497958,0.11,474746.0
"Fixed 31623, pilot",66,15,18,"D 1,2 -> 4,7",12,False,0.9999999855249774,31647.0,1,False,0.009441304583497958,0.11,506393.0
"Fixed 31623, pilot",66,16,10,"D 0,1 -> 5,6",12,False,1.0,31648.0,1,False,0.009441304583497958,0.11,538041.0
"Fixed 31623, pilot",66,17,7,S 3 -> 7,12,False,1.0,31645.0,1,False,0.009441304583497958,0.11,569686.0
"Fixed 31623, pilot",66,18,10,"D 0,1 -> 5,6",12,False,1.0,31651.0,1,False,0.009441304583497958,0.11,601337.0
"Fixed 31623, pilot",66,19,7,S 3 -> 7,12,False,1.0,31651.0,1,False,0.009441304583497958,0.1,632988.0
"Fixed 31623, pilot",67,0,25,"D 2,3 -> 6,7",25,True,0.0,31650.0,1,False,0.31503606513167726,0.11,31650.0
"Fixed 31623, pilot",67,1,15,"D 0,3 -> 5,6",15,True,0.0,31649.0,1,False,0.29681502172579394,0.11,63299.0
"Fixed 31623, pilot",67,2,8,"D 0,1 -> 4,5",8,True,0.0,31650.0,1,False,0.3764697826210095,0.11,94949.0
"Fixed 31623, pilot",67,3,18,"D 1,2 -> 4,7",18,True,0.0,31649.0,1,False,0.3002635722338174,0.11,126598.0
"Fixed 31623, pilot",67,4,14,"D 0,3 -> 4,7",14,True,0.0,31651.0,1,False,0.03758523457422756,0.11,158249.0
"Fixed 31623, pilot",67,5,19,"D 1,2 -> 5,6",19,True,0.0,31646.0,1,False,0.0657125239900671,0.11,189895.0
"Fixed 31623, pilot",67,6,22,"D 2,3 -> 4,5",22,True,0.0,31647.0,1,False,0.04364852130558422,0.11,221542.0
"Fixed 31623, pilot",67,7,11,"D 0,1 -> 6,7",11,True,0.0,31648.0,1,False,0.10072796416579655,0.11,253190.0
"Fixed 31623, pilot",67,8,23,"D 2,3 -> 4,7",21,False,1.0,31652.0,1,False,0.009441305047874061,0.11,284842.0
"Fixed 31623, pilot",67,9,1,S 0 -> 6,21,False,1.0,31653.0,1,False,0.00944130458544351,0.11,316495.0
"Fixed 31623, pilot",67,10,21,"D 1,3 -> 5,7",21,True,0.0,31647.0,1,False,0.00944130458544351,0.11,348142.0
"Fixed 31623, pilot",67,11,20,"D 1,2 -> 6,7",12,False,1.0,31649.0,1,False,0.018167337511205264,0.1,379791.0
"Fixed 31623, pilot",67,12,10,"D 0,1 -> 5,6",12,False,1.0,31651.0,1,False,0.018167337497097626,0.11,411442.0
"Fixed 31623, pilot",67,13,4,S 2 -> 4,12,False,1.0,31649.0,1,False,0.018167337497097626,0.11,443091.0
"Fixed 31623, pilot",67,14,12,"D 0,2 -> 4,6",12,True,0.0,31649.0,1,False,0.018167337497097626,0.1,474740.0
"Fixed 31623, pilot",68,0,14,"D 0,3 -> 4,7",25,False,0.052846754050403844,31648.0,1,False,0.31503606513167726,0.11,31648.0
"Fixed 31623, pilot",68,1,11,"D 0,1 -> 6,7",22,False,0.02016704851099438,31653.0,1,False,0.2986379460442076,0.11,63301.0
"Fixed 31623, pilot",68,2,19,"D 1,2 -> 5,6",19,True,0.0,31646.0,1,False,0.3718349895348084,0.11,94947.0
"Fixed 31623, pilot",68,3,22,"D 2,3 -> 4,5",22,True,0.0,31651.0,1,False,0.34033883568924583,0.11,126598.0
"Fixed 31623, pilot",68,4,8,"D 0,1 -> 4,5",8,True,0.0,31651.0,1,False,0.022746161128215047,0.11,158249.0
"Fixed 31623, pilot",68,5,3,S 1 -> 7,25,False,1.0,31651.0,1,False,0.038483766334910435,0.11,189900.0
"Fixed 31623, pilot",68,6,25,"D 2,3 -> 6,7",25,True,0.0,31650.0,1,False,0.038483766334910435,0.11,221550.0
"Fixed 31623, pilot",68,7,15,"D 0,3 -> 5,6",18,True,3.881228671787085e-12,31651.0,1,False,0.033236707270392456,0.11,253201.0
"Fixed 31623, pilot",68,8,18,"D 1,2 -> 4,7",18,True,0.0,31653.0,1,False,0.061357447364939165,0.11,284854.0
"Fixed 31623, pilot",68,9,9,"D 0,1 -> 4,7",21,False,1.0,31649.0,1,False,0.00944130470701094,0.11,316503.0
"Fixed 31623, pilot",68,10,6,S 3 -> 5,21,False,1.0,31648.0,1,False,0.00944130470701094,0.11,348151.0
"Fixed 31623, pilot",68,11,2,S 1 -> 5,21,False,1.0,31654.0,1,False,0.00944130470701094,0.11,379805.0
"Fixed 31623, pilot",68,12,9,"D 0,1 -> 4,7",21,False,1.0,31647.0,1,False,0.00944130470701094,0.1,411452.0
"Fixed 31623, pilot",68,13,4,S 2 -> 4,21,False,1.0,31650.0,1,False,0.00944130470701094,0.11,443102.0
"Fixed 31623, pilot",68,14,10,"D 0,1 -> 5,6",21,False,1.0,31649.0,1,False,0.00944130470701094,0.11,474751.0
"Fixed 31623, pilot",68,15,12,"D 0,2 -> 4,6",21,False,3.3866383031266878e-09,31654.0,1,False,0.00944130470701094,0.11,506405.0
"Fixed 31623, pilot",68,16,3,S 1 -> 7,21,False,1.0,31648.0,1,False,0.018167337675751908,0.11,538053.0
"Fixed 31623, pilot",68,17,21,"D 1,3 -> 5,7",21,True,0.0,31651.0,1,False,0.018167337675751908,0.11,569704.0
"Fixed 31623, pilot",69,0,25,"D 2,3 -> 6,7",25,True,0.0,31646.0,1,False,0.31503606513167726,0.11,31646.0
"Fixed 31623, pilot",69,1,18,"D 1,2 -> 4,7",15,True,0.0,31648.0,1,False,0.29681502172579394,0.11,63294.0
"Fixed 31623, pilot",69,2,8,"D 0,1 -> 4,5",8,True,0.0,31644.0,1,False,0.3764697826210095,0.11,94938.0
"Fixed 31623, pilot",69,3,15,"D 0,3 -> 5,6",15,True,0.0,31647.0,1,False,0.30026357217502075,0.11,126585.0
"Fixed 31623, pilot",69,4,19,"D 1,2 -> 5,6",19,True,0.0,31651.0,1,False,0.03758523474777508,0.1,158236.0
"Fixed 31623, pilot",69,5,14,"D 0,3 -> 4,7",14,True,0.0,31649.0,1,False,0.06571252399006697,0.1,189885.0
"Fixed 31623, pilot",69,6,22,"D 2,3 -> 4,5",22,True,0.0,31650.0,1,False,0.043648521305584075,0.1,221535.0
"Fixed 31623, pilot",69,7,11,"D 0,1 -> 6,7",11,True,0.0,31651.0,1,False,0.10072796416579774,0.11,253186.0
"Fixed 31623, pilot",69,8,10,"D 0,1 -> 5,6",21,False,1.0,31646.0,1,False,0.009441304483876945,0.11,284832.0
"Fixed 31623, pilot",69,9,3,S 1 -> 7,12,False,1.0,31648.0,1,False,0.00944130454604846,0.1,316480.0
"Fixed 31623, pilot",69,10,10,"D 0,1 -> 5,6",12,False,1.0,31652.0,1,False,0.00944130454604846,0.1,348132.0
"Fixed 31623, pilot",69,11,21,"D 1,3 -> 5,7",12,True,6.400112662063862e-10,31651.0,1,False,0.00944130454604846,0.1,379783.0
"Fixed 31623, pilot",69,12,12,"D 0,2 -> 4,6",12,True,0.0,31649.0,1,False,0.018167337650105038,0.11,411432.0
"Fixed 31623, pilot",70,0,25,"D 2,3 -> 6,7",25,True,0.0,31642.0,1,False,0.31503606513167726,0.11,31642.0
"Fixed 31623, pilot",70,1,8,"D 0,1 -> 4,5",15,False,0.033311851350335986,31648.0,1,False,0.29681502172579394,0.11,63290.0
"Fixed 31623, pilot",70,2,15,"D 0,3 -> 5,6",15,True,0.0,31649.0,1,False,0.303713351808019,0.1,94939.0
"Fixed 31623, pilot",70,3,18,"D 1,2 -> 4,7",18,True,0.0,31651.0,1,False,0.38824803810173436,0.1,126590.0
"Fixed 31623, pilot",70,4,14,"D 0,3 -> 4,7",14,True,0.0,31644.0,1,False,0.03758523456612019,0.1,158234.0
"Fixed 31623, pilot",70,5,19,"D 1,2 -> 5,6",19,True,0.0,31650.0,1,False,0.0657125241352967,0.1,189884.0
"Fixed 31623, pilot",70,6,22,"D 2,3 -> 4,5",22,True,0.0,31650.0,1,False,0.043648521856409134,0.11,221534.0
"Fixed 31623, pilot",70,7,11,"D 0,1 -> 6,7",11,True,0.0,31652.0,1,False,0.10072796429211578,0.11,253186.0
"Fixed 31623, pilot",70,8,5,S 2 -> 6,12,False,1.0,31652.0,1,False,0.009441304132124777,0.11,284838.0
"Fixed 31623, pilot",70,9,20,"D 1,2 -> 6,7",12,False,1.0,31652.0,1,False,0.009441304132124777,0.11,316490.0
"Fixed 31623, pilot",70,10,19,"D 1,2 -> 5,6",12,False,0.9999999393247642,31652.0,1,False,0.009441304132124777,0.11,348142.0
"Fixed 31623, pilot",70,11,5,S 2 -> 6,12,False,1.0,31650.0,1,False,0.009441304132124777,0.11,379792.0
"Fixed 31623, pilot",70,12,9,"D 0,1 -> 4,7",12,False,1.0,31648.0,1,False,0.009441304132124777,0.11,411440.0
"Fixed 31623, pilot",70,13,20,"D 1,2 -> 6,7",12,False,1.0,31648.0,1,False,0.009441304132124777,0.11,443088.0
"Fixed 31623, pilot",70,14,5,S 2 -> 6,12,False,1.0,31648.0,1,False,0.009441304132124777,0.11,474736.0
"Fixed 31623, pilot",70,15,21,"D 1,3 -> 5,7",12,True,3.1086244689504383e-15,31651.0,1,False,0.009441304132124777,0.11,506387.0
"Fixed 31623, pilot",70,16,5,S 2 -> 6,12,False,1.0,31647.0,1,False,0.018167337648366286,0.11,538034.0
"Fixed 31623, pilot",70,17,12,"D 0,2 -> 4,6",12,True,0.0,31651.0,1,False,0.018167337648366286,0.11,569685.0
"Fixed 31623, pilot",71,0,25,"D 2,3 -> 6,7",25,True,0.0,31650.0,1,False,0.31503606513167726,0.11,31650.0
"Fixed 31623, pilot",71,1,15,"D 0,3 -> 5,6",15,True,0.0,31652.0,1,False,0.29681502172579394,0.11,63302.0
"Fixed 31623, pilot",71,2,8,"D 0,1 -> 4,5",8,True,0.0,31651.0,1,False,0.3764697826210095,0.1,94953.0
"Fixed 31623, pilot",71,3,18,"D 1,2 -> 4,7",18,True,0.0,31649.0,1,False,0.3002635722338174,0.1,126602.0
"Fixed 31623, pilot",71,4,19,"D 1,2 -> 5,6",14,True,5.182410056647768e-12,31653.0,1,False,0.03758523457422756,0.1,158255.0
"Fixed 31623, pilot",71,5,14,"D 0,3 -> 4,7",14,True,0.0,31651.0,1,False,0.06571252392066197,0.1,189906.0
"Fixed 31623, pilot",71,6,22,"D 2,3 -> 4,5",22,True,0.0,31652.0,1,False,0.04364852124132713,0.11,221558.0
"Fixed 31623, pilot",71,7,11,"D 0,1 -> 6,7",11,True,0.0,31650.0,1,False,0.10072796416579667,0.11,253208.0
"Fixed 31623, pilot",71,8,22,"D 2,3 -> 4,5",21,False,0.9999999960271396,31652.0,1,False,0.009441304630083448,0.11,284860.0
"Fixed 31623, pilot",71,9,11,"D 0,1 -> 6,7",21,False,0.9999999980937906,31652.0,1,False,0.009441304630083448,0.11,316512.0
"Fixed 31623, pilot",71,10,20,"D 1,2 -> 6,7",21,False,1.0,31649.0,1,False,0.009441304630083448,0.11,348161.0
"Fixed 31623, pilot",71,11,1,S 0 -> 6,21,False,1.0,31650.0,1,False,0.009441304630083448,0.11,379811.0
"Fixed 31623, pilot",71,12,11,"D 0,1 -> 6,7",21,False,0.9999999980937906,31653.0,1,False,0.009441304630083448,0.11,411464.0
"Fixed 31623, pilot",71,13,6,S 3 -> 5,21,False,1.0,31648.0,1,False,0.009441304630083448,0.11,443112.0
"Fixed 31623, pilot",71,14,9,"D 0,1 -> 4,7",21,False,1.0,31649.0,1,False,0.009441304630083448,0.11,474761.0
"Fixed 31623, pilot",71,15,4,S 2 -> 4,21,False,1.0,31648.0,1,False,0.009441304630083448,0.11,506409.0
"Fixed 31623, pilot",71,16,9,"D 0,1 -> 4,7",21,False,1.0,31651.0,1,False,0.009441304630083448,0.11,538060.0
"Fixed 31623, pilot",71,17,18,"D 1,2 -> 4,7",21,False,0.9999999989277024,31650.0,1,False,0.009441304630083448,0.11,569710.0
"Fixed 31623, pilot",71,18,20,"D 1,2 -> 6,7",21,False,1.0,31649.0,1,False,0.009441304630083448,0.11,601359.0
"Fixed 31623, pilot",71,19,10,"D 0,1 -> 5,6",21,False,1.0,31649.0,1,False,0.009441304630083448,0.11,633008.0
"Fixed 31623, pilot",72,0,19,"D 1,2 -> 5,6",25,False,0.052846754050403844,31645.0,1,False,0.31503606513167726,0.11,31645.0
"Fixed 31623, pilot",72,1,22,"D 2,3 -> 4,5",22,True,0.0,31647.0,1,False,0.2986379460814117,0.1,63292.0
"Fixed 31623, pilot",72,2,14,"D 0,3 -> 4,7",14,True,0.0,31649.0,1,False,0.3532199223008815,0.1,94941.0
"Fixed 31623, pilot",72,3,11,"D 0,1 -> 6,7",11,True,0.0,31651.0,1,False,0.22254278935005609,0.1,126592.0
"Fixed 31623, pilot",72,4,20,"D 1,2 -> 6,7",8,False,1.0,31648.0,1,False,0.022746160639765003,0.11,158240.0
"Fixed 31623, pilot",72,5,15,"D 0,3 -> 5,6",8,False,0.02629716505013524,31648.0,1,False,0.022746161293803357,0.11,189888.0
"Fixed 31623, pilot",72,6,18,"D 1,2 -> 4,7",18,True,0.0,31649.0,1,False,0.03866517253274509,0.11,221537.0
"Fixed 31623, pilot",72,7,25,"D 2,3 -> 6,7",8,False,0.022501060245219362,31651.0,1,False,0.03387932978306731,0.11,253188.0
"Fixed 31623, pilot",72,8,8,"D 0,1 -> 4,5",8,True,0.0,31651.0,1,False,0.06334828977339026,0.11,284839.0
"Fixed 31623, pilot",72,9,4,S 2 -> 4,12,False,1.0,31651.0,1,False,0.009441304619564099,0.11,316490.0
"Fixed 31623, pilot",72,10,0,S 0 -> 4,12,False,1.0,31649.0,1,False,0.009441304619564099,0.11,348139.0
"Fixed 31623, pilot",72,11,21,"D 1,3 -> 5,7",12,True,5.310862860596899e-11,31651.0,1,False,0.009441304619564099,0.11,379790.0
"Fixed 31623, pilot",72,12,10,"D 0,1 -> 5,6",12,False,1.0,31650.0,1,False,0.018167337660063163,0.11,411440.0
"Fixed 31623, pilot",72,13,21,"D 1,3 -> 5,7",12,False,0.9999999968909795,31648.0,1,False,0.018167337660063163,0.11,443088.0
"Fixed 31623, pilot",72,14,1,S 0 -> 6,12,False,1.0,31649.0,1,False,0.018167337660063163,0.11,474737.0
"Fixed 31623, pilot",72,15,11,"D 0,1 -> 6,7",12,False,0.9826751281737578,31651.0,1,False,0.018167337660063163,0.11,506388.0
"Fixed 31623, pilot",73,0,25,"D 2,3 -> 6,7",25,True,0.0,31648.0,1,False,0.31503606513167726,0.1,31648.0
"Fixed 31623, pilot",73,1,18,"D 1,2 -> 4,7",15,True,0.0,31648.0,1,False,0.29681502172579394,0.1,63296.0
"Fixed 31623, pilot",73,2,8,"D 0,1 -> 4,5",8,True,0.0,31649.0,1,False,0.3764697826210095,0.1,94945.0
"Fixed 31623, pilot",73,3,15,"D 0,3 -> 5,6",15,True,0.0,31653.0,1,False,0.30026357217502075,0.1,126598.0
"Fixed 31623, pilot",73,4,14,"D 0,3 -> 4,7",19,True,5.80789971671436e-10,31649.0,1,False,0.03758523474777508,0.11,158247.0
"Fixed 31623, pilot",73,5,19,"D 1,2 -> 5,6",19,True,0.0,31645.0,1,False,0.0657125239206618,0.11,189892.0
"Fixed 31623, pilot",73,6,11,"D 0,1 -> 6,7",22,False,0.044806582285133345,31647.0,1,False,0.043648521241327065,0.11,221539.0
"Fixed 31623, pilot",73,7,22,"D 2,3 -> 4,5",22,True,0.0,31650.0,1,False,0.06967473482297251,0.11,253189.0
"Fixed 31623, pilot",73,8,25,"D 2,3 -> 6,7",12,False,0.9999999919569151,31647.0,1,False,0.009441304632724787,0.11,284836.0
"Fixed 31623, pilot",73,9,21,"D 1,3 -> 5,7",12,True,7.587165340439128e-10,31646.0,1,False,0.009441304632724787,0.11,316482.0
"Fixed 31623, pilot",73,10,0,S 0 -> 4,12,False,1.0,31651.0,1,False,0.018167337657989075,0.11,348133.0
"Fixed 31623, pilot",73,11,12,"D 0,2 -> 4,6",12,True,0.0,31646.0,1,False,0.018167337657989075,0.11,379779.0
"Fixed 31623, pilot",74,0,25,"D 2,3 -> 6,7",25,True,0.0,31651.0,1,False,0.31503606513167726,0.1,31651.0
"Fixed 31623, pilot",74,1,15,"D 0,3 -> 5,6",15,True,0.0,31646.0,1,False,0.29681502172579394,0.1,63297.0
"Fixed 31623, pilot",74,2,8,"D 0,1 -> 4,5",8,True,0.0,31649.0,1,False,0.3764697826210095,0.1,94946.0
"Fixed 31623, pilot",74,3,18,"D 1,2 -> 4,7",18,True,0.0,31646.0,1,False,0.3002635722338174,0.11,126592.0
"Fixed 31623, pilot",74,4,22,"D 2,3 -> 4,5",14,False,0.30884520195814336,31651.0,1,False,0.03758523457422756,0.11,158243.0
"Fixed 31623, pilot",74,5,14,"D 0,3 -> 4,7",11,False,0.22259313168640804,31647.0,1,False,0.05305793406820507,0.11,189890.0
"Fixed 31623, pilot",74,6,19,"D 1,2 -> 5,6",19,True,0.0,31654.0,1,False,0.07333715133042923,0.11,221544.0
"Fixed 31623, pilot",74,7,11,"D 0,1 -> 6,7",11,True,0.0,31650.0,1,False,0.11145598867033096,0.11,253194.0
"Fixed 31623, pilot",74,8,25,"D 2,3 -> 6,7",12,False,0.9999999099258541,31649.0,1,False,0.009441304556555577,0.11,284843.0
"Fixed 31623, pilot",74,9,2,S 1 -> 5,12,False,1.0,31649.0,1,False,0.009441304556555577,0.11,316492.0
"Fixed 31623, pilot",74,10,19,"D 1,2 -> 5,6",12,False,0.99999999998994,31649.0,1,False,0.009441304556555577,0.11,348141.0
"Fixed 31623, pilot",74,11,8,"D 0,1 -> 4,5",12,False,0.9999999152196253,31652.0,1,False,0.009441304556555577,0.11,379793.0
"Fixed 31623, pilot",74,12,9,"D 0,1 -> 4,7",12,False,1.0,31651.0,1,False,0.009441304556555577,0.11,411444.0
"Fixed 31623, pilot",74,13,22,"D 2,3 -> 4,5",12,False,0.9999999782728131,31650.0,1,False,0.009441304556555577,0.11,443094.0
"Fixed 31623, pilot",74,14,9,"D 0,1 -> 4,7",12,False,1.0,31649.0,1,False,0.009441304556555577,0.11,474743.0
"Fixed 31623, pilot",74,15,1,S 0 -> 6,12,False,1.0,31649.0,1,False,0.009441304556555577,0.11,506392.0
"Fixed 31623, pilot",74,16,10,"D 0,1 -> 5,6",12,False,1.0,31647.0,1,False,0.009441304556555577,0.11,538039.0
"Fixed 31623, pilot",74,17,20,"D 1,2 -> 6,7",12,False,1.0,31651.0,1,False,0.009441304556555577,0.11,569690.0
"Fixed 31623, pilot",74,18,5,S 2 -> 6,12,False,1.0,31648.0,1,False,0.009441304556555577,0.11,601338.0
"Fixed 31623, pilot",74,19,2,S 1 -> 5,12,False,1.0,31651.0,1,False,0.009441304556555577,0.11,632989.0
"Fixed 31623, pilot",75,0,19,"D 1,2 -> 5,6",25,False,0.052846754050403844,31646.0,1,False,0.31503606513167726,0.11,31646.0
"Fixed 31623, pilot",75,1,22,"D 2,3 -> 4,5",22,True,0.0,31650.0,1,False,0.2986379460814117,0.11,63296.0
"Fixed 31623, pilot",75,2,11,"D 0,1 -> 6,7",14,False,0.04670828858227494,31653.0,1,False,0.3532199223008815,0.11,94949.0
"Fixed 31623, pilot",75,3,14,"D 0,3 -> 4,7",14,True,0.0,31650.0,1,False,0.2932032898211745,0.11,126599.0
"Fixed 31623, pilot",75,4,8,"D 0,1 -> 4,5",8,True,0.0,31655.0,1,False,0.02274616115030918,0.11,158254.0
"Fixed 31623, pilot",75,5,15,"D 0,3 -> 5,6",25,False,0.38583720368156693,31646.0,1,False,0.038483766256574736,0.11,189900.0
"Fixed 31623, pilot",75,6,25,"D 2,3 -> 6,7",25,True,0.0,31649.0,1,False,0.04187436796439943,0.11,221549.0
"Fixed 31623, pilot",75,7,18,"D 1,2 -> 4,7",18,True,0.0,31652.0,1,False,0.06317054652355583,0.11,253201.0
"Fixed 31623, pilot",75,8,15,"D 0,3 -> 5,6",21,False,0.9999999596293507,31648.0,1,False,0.009441304649153048,0.11,284849.0
"Fixed 31623, pilot",75,9,22,"D 2,3 -> 4,5",21,False,0.9999999653147283,31649.0,1,False,0.009441304649153048,0.11,316498.0
"Fixed 31623, pilot",75,10,12,"D 0,2 -> 4,6",21,False,2.068154314471826e-09,31650.0,1,False,0.009441304649153048,0.11,348148.0
"Fixed 31623, pilot",75,11,3,S 1 -> 7,21,False,1.0,31650.0,1,False,0.01816733769250137,0.11,379798.0
"Fixed 31623, pilot",75,12,21,"D 1,3 -> 5,7",21,True,0.0,31651.0,1,False,0.01816733769250137,0.11,411449.0
"Fixed 31623, pilot",76,0,25,"D 2,3 -> 6,7",25,True,0.0,31644.0,1,False,0.31503606513167726,0.11,31644.0
"Fixed 31623, pilot",76,1,8,"D 0,1 -> 4,5",15,False,0.033311851350335986,31647.0,1,False,0.29681502172579394,0.11,63291.0
"Fixed 31623, pilot",76,2,18,"D 1,2 -> 4,7",15,True,5.551115123125783e-16,31648.0,1,False,0.303713351808019,0.11,94939.0
"Fixed 31623, pilot",76,3,15,"D 0,3 -> 5,6",15,True,0.0,31651.0,1,False,0.38824803810173447,0.11,126590.0
"Fixed 31623, pilot",76,4,19,"D 1,2 -> 5,6",19,True,0.0,31647.0,1,False,0.03758523456612009,0.11,158237.0
"Fixed 31623, pilot",76,5,14,"D 0,3 -> 4,7",14,True,0.0,31651.0,1,False,0.06571252413529677,0.11,189888.0
"Fixed 31623, pilot",76,6,22,"D 2,3 -> 4,5",22,True,0.0,31649.0,1,False,0.04364852185640933,0.11,221537.0
"Fixed 31623, pilot",76,7,11,"D 0,1 -> 6,7",11,True,0.0,31651.0,1,False,0.100727964292116,0.11,253188.0
"Fixed 31623, pilot",76,8,6,S 3 -> 5,12,False,1.0,31651.0,1,False,0.009441304132124916,0.11,284839.0
"Fixed 31623, pilot",76,9,6,S 3 -> 5,12,False,1.0,31651.0,1,False,0.009441304132124916,0.11,316490.0
"Fixed 31623, pilot",76,10,11,"D 0,1 -> 6,7",12,False,0.9999997204037303,31652.0,1,False,0.009441304132124916,0.11,348142.0
"Fixed 31623, pilot",76,11,5,S 2 -> 6,12,False,1.0,31652.0,1,False,0.009441304132124916,0.11,379794.0
"Fixed 31623, pilot",76,12,5,S 2 -> 6,12,False,1.0,31650.0,1,False,0.009441304132124916,0.11,411444.0
"Fixed 31623, pilot",76,13,25,"D 2,3 -> 6,7",12,False,0.9999984253983066,31649.0,1,False,0.009441304132124916,0.11,443093.0
"Fixed 31623, pilot",76,14,7,S 3 -> 7,12,False,1.0,31648.0,1,False,0.009441304132124916,0.11,474741.0
"Fixed 31623, pilot",76,15,18,"D 1,2 -> 4,7",12,False,0.9999999761178506,31650.0,1,False,0.009441304132124916,0.11,506391.0
"Fixed 31623, pilot",76,16,2,S 1 -> 5,21,False,1.0,31650.0,1,False,0.009441304077400766,0.11,538041.0
"Fixed 31623, pilot",76,17,2,S 1 -> 5,21,False,1.0,31650.0,1,False,0.009441304077400766,0.11,569691.0
"Fixed 31623, pilot",76,18,7,S 3 -> 7,21,False,1.0,31653.0,1,False,0.009441304077400766,0.11,601344.0
"Fixed 31623, pilot",76,19,7,S 3 -> 7,21,False,1.0,31649.0,1,False,0.009441304077400766,0.11,632993.0
"Fixed 31623, pilot",77,0,25,"D 2,3 -> 6,7",25,True,0.0,31648.0,1,False,0.31503606513167726,0.11,31648.0
"Fixed 31623, pilot",77,1,15,"D 0,3 -> 5,6",15,True,0.0,31652.0,1,False,0.29681502172579394,0.11,63300.0
"Fixed 31623, pilot",77,2,8,"D 0,1 -> 4,5",8,True,0.0,31649.0,1,False,0.3764697826210095,0.11,94949.0
"Fixed 31623, pilot",77,3,18,"D 1,2 -> 4,7",18,True,0.0,31652.0,1,False,0.3002635722338174,0.11,126601.0
"Fixed 31623, pilot",77,4,14,"D 0,3 -> 4,7",14,True,0.0,31648.0,1,False,0.03758523457422756,0.11,158249.0
"Fixed 31623, pilot",77,5,19,"D 1,2 -> 5,6",19,True,0.0,31649.0,1,False,0.0657125239900671,0.11,189898.0
"Fixed 31623, pilot",77,6,11,"D 0,1 -> 6,7",22,False,0.044806582302531095,31647.0,1,False,0.04364852130558422,0.11,221545.0
"Fixed 31623, pilot",77,7,22,"D 2,3 -> 4,5",22,True,0.0,31651.0,1,False,0.06967473471683744,0.11,253196.0
"Fixed 31623, pilot",77,8,1,S 0 -> 6,12,False,1.0,31648.0,1,False,0.009441304763103292,0.11,284844.0
"Fixed 31623, pilot",77,9,21,"D 1,3 -> 5,7",12,False,2.6598964142365844e-09,31648.0,1,False,0.009441304763103292,0.11,316492.0
"Fixed 31623, pilot",77,10,7,S 3 -> 7,12,False,1.0,31651.0,1,False,0.018167337649211208,0.11,348143.0
"Fixed 31623, pilot",77,11,11,"D 0,1 -> 6,7",12,False,0.9826751306734889,31650.0,1,False,0.018167337649211208,0.11,379793.0
"Fixed 31623, pilot",78,0,25,"D 2,3 -> 6,7",25,True,0.0,31650.0,1,False,0.31503606513167726,0.11,31650.0
"Fixed 31623, pilot",78,1,8,"D 0,1 -> 4,5",15,False,0.033311851350335986,31651.0,1,False,0.29681502172579394,0.11,63301.0
"Fixed 31623, pilot",78,2,18,"D 1,2 -> 4,7",15,True,5.551115123125783e-16,31650.0,1,False,0.303713351808019,0.11,94951.0
"Fixed 31623, pilot",78,3,15,"D 0,3 -> 5,6",15,True,0.0,31647.0,1,False,0.38824803810173447,0.11,126598.0
"Fixed 31623, pilot",78,4,14,"D 0,3 -> 4,7",19,True,5.150813109366936e-11,31652.0,1,False,0.03758523456612009,0.11,158250.0
"Fixed 31623, pilot",78,5,19,"D 1,2 -> 5,6",19,True,0.0,31646.0,1,False,0.06571252413529666,0.11,189896.0
"Fixed 31623, pilot",78,6,22,"D 2,3 -> 4,5",22,True,0.0,31648.0,1,False,0.04364852180125853,0.11,221544.0
"Fixed 31623, pilot",78,7,11,"D 0,1 -> 6,7",11,True,0.0,31647.0,1,False,0.10072796429211586,0.11,253191.0
"Fixed 31623, pilot",78,8,14,"D 0,3 -> 4,7",12,False,0.9999999393248119,31651.0,1,False,0.009441304132124781,0.11,284842.0
"Fixed 31623, pilot",78,9,4,S 2 -> 4,12,False,1.0,31645.0,1,False,0.009441304132124781,0.11,316487.0
"Fixed 31623, pilot",78,10,10,"D 0,1 -> 5,6",12,False,1.0,31649.0,1,False,0.009441304132124781,0.11,348136.0
"Fixed 31623, pilot",78,11,25,"D 2,3 -> 6,7",12,False,0.9999984253982963,31651.0,1,False,0.009441304132124781,0.11,379787.0
"Fixed 31623, pilot",78,12,11,"D 0,1 -> 6,7",12,False,0.9999997204037333,31649.0,1,False,0.009441304132124781,0.11,411436.0
"Fixed 31623, pilot",78,13,7,S 3 -> 7,12,False,1.0,31651.0,1,False,0.009441304132124781,0.11,443087.0
"Fixed 31623, pilot",78,14,15,"D 0,3 -> 5,6",12,False,0.9999999761177896,31652.0,1,False,0.009441304132124781,0.11,474739.0
"Fixed 31623, pilot",78,15,21,"D 1,3 -> 5,7",12,True,1.887379141862766e-15,31646.0,1,False,0.009441304132124781,0.11,506385.0
"Fixed 31623, pilot",78,16,15,"D 0,3 -> 5,6",12,False,0.9933158846874012,31649.0,1,False,0.018167337872513258,0.11,538034.0
"Fixed 31623, pilot",79,0,25,"D 2,3 -> 6,7",25,True,0.0,31648.0,1,False,0.31503606513167726,0.11,31648.0
"Fixed 31623, pilot",79,1,15,"D 0,3 -> 5,6",15,True,0.0,31649.0,1,False,0.29681502172579394,0.11,63297.0
"Fixed 31623, pilot",79,2,8,"D 0,1 -> 4,5",8,True,0.0,31654.0,1,False,0.3764697826210095,0.11,94951.0
"Fixed 31623, pilot",79,3,18,"D 1,2 -> 4,7",18,True,0.0,31646.0,1,False,0.3002635722338174,0.11,126597.0
"Fixed 31623, pilot",79,4,19,"D 1,2 -> 5,6",14,True,5.182410056647768e-12,31649.0,1,False,0.03758523457422756,0.11,158246.0
"Fixed 31623, pilot",79,5,14,"D 0,3 -> 4,7",14,True,0.0,31648.0,1,False,0.06571252392066197,0.11,189894.0
"Fixed 31623, pilot",79,6,22,"D 2,3 -> 4,5",22,True,0.0,31648.0,1,False,0.04364852124132713,0.11,221542.0
"Fixed 31623, pilot",79,7,11,"D 0,1 -> 6,7",11,True,0.0,31652.0,1,False,0.10072796416579667,0.11,253194.0
"Fixed 31623, pilot",79,8,12,"D 0,2 -> 4,6",21,True,2.371568497139265e-10,31649.0,1,False,0.009441304630083448,0.11,284843.0
"Fixed 31623, pilot",79,9,21,"D 1,3 -> 5,7",21,True,0.0,31650.0,1,False,0.01816733759515189,0.11,316493.0
"Fixed 31623, pilot",80,0,25,"D 2,3 -> 6,7",25,True,0.0,31645.0,1,False,0.31503606513167726,0.11,31645.0
"Fixed 31623, pilot",80,1,15,"D 0,3 -> 5,6",15,True,0.0,31650.0,1,False,0.29681502172579394,0.11,63295.0
"Fixed 31623, pilot",80,2,8,"D 0,1 -> 4,5",8,True,0.0,31651.0,1,False,0.3764697826210095,0.11,94946.0
"Fixed 31623, pilot",80,3,18,"D 1,2 -> 4,7",18,True,0.0,31646.0,1,False,0.3002635722338174,0.11,126592.0
"Fixed 31623, pilot",80,4,14,"D 0,3 -> 4,7",14,True,0.0,31651.0,1,False,0.03758523457422756,0.11,158243.0
"Fixed 31623, pilot",80,5,19,"D 1,2 -> 5,6",19,True,0.0,31651.0,1,False,0.0657125239900671,0.11,189894.0
"Fixed 31623, pilot",80,6,11,"D 0,1 -> 6,7",22,False,0.044806582302531095,31651.0,1,False,0.04364852130558422,0.11,221545.0
"Fixed 31623, pilot",80,7,22,"D 2,3 -> 4,5",22,True,0.0,31649.0,1,False,0.06967473471683744,0.11,253194.0
"Fixed 31623, pilot",80,8,12,"D 0,2 -> 4,6",12,True,0.0,31650.0,1,False,0.009441304763103292,0.11,284844.0
"Fixed 31623, pilot",80,9,19,"D 1,2 -> 5,6",21,False,0.9867733859009933,31653.0,1,False,0.018167337650104195,0.11,316497.0
"Fixed 31623, pilot",81,0,25,"D 2,3 -> 6,7",25,True,0.0,31647.0,1,False,0.31503606513167726,0.11,31647.0
"Fixed 31623, pilot",81,1,15,"D 0,3 -> 5,6",15,True,0.0,31649.0,1,False,0.29681502172579394,0.11,63296.0
"Fixed 31623, pilot",81,2,8,"D 0,1 -> 4,5",8,True,0.0,31650.0,1,False,0.3764697826210095,0.11,94946.0
"Fixed 31623, pilot",81,3,18,"D 1,2 -> 4,7",18,True,0.0,31643.0,1,False,0.3002635722338174,0.11,126589.0
"Fixed 31623, pilot",81,4,19,"D 1,2 -> 5,6",14,True,5.182410056647768e-12,31650.0,1,False,0.03758523457422756,0.11,158239.0
"Fixed 31623, pilot",81,5,14,"D 0,3 -> 4,7",14,True,0.0,31650.0,1,False,0.06571252392066197,0.11,189889.0
"Fixed 31623, pilot",81,6,22,"D 2,3 -> 4,5",22,True,0.0,31647.0,1,False,0.04364852124132713,0.11,221536.0
"Fixed 31623, pilot",81,7,11,"D 0,1 -> 6,7",11,True,0.0,31649.0,1,False,0.10072796416579667,0.11,253185.0
"Fixed 31623, pilot",81,8,16,"D 0,3 -> 6,7",21,False,1.0,31650.0,1,False,0.009441304630083448,0.11,284835.0
"Fixed 31623, pilot",81,9,20,"D 1,2 -> 6,7",21,False,1.0,31648.0,1,False,0.009441304630083448,0.11,316483.0
"Fixed 31623, pilot",81,10,2,S 1 -> 5,21,False,1.0,31647.0,1,False,0.009441304630083448,0.11,348130.0
"Fixed 31623, pilot",81,11,1,S 0 -> 6,21,False,1.0,31649.0,1,False,0.009441304630083448,0.11,379779.0
"Fixed 31623, pilot",81,12,4,S 2 -> 4,21,False,1.0,31653.0,1,False,0.009441304630083448,0.11,411432.0
"Fixed 31623, pilot",81,13,21,"D 1,3 -> 5,7",21,True,0.0,31652.0,1,False,0.009441304630083448,0.11,443084.0
"Fixed 31623, pilot",81,14,12,"D 0,2 -> 4,6",12,True,0.0,31651.0,1,False,0.018167337649211367,0.11,474735.0
"Fixed 31623, pilot",82,0,25,"D 2,3 -> 6,7",25,True,0.0,31645.0,1,False,0.31503606513167726,0.11,31645.0
"Fixed 31623, pilot",82,1,15,"D 0,3 -> 5,6",15,True,0.0,31649.0,1,False,0.29681502172579394,0.11,63294.0
"Fixed 31623, pilot",82,2,8,"D 0,1 -> 4,5",8,True,0.0,31648.0,1,False,0.3764697826210095,0.11,94942.0
"Fixed 31623, pilot",82,3,18,"D 1,2 -> 4,7",18,True,0.0,31650.0,1,False,0.3002635722338174,0.11,126592.0
"Fixed 31623, pilot",82,4,14,"D 0,3 -> 4,7",14,True,0.0,31649.0,1,False,0.03758523457422756,0.11,158241.0
"Fixed 31623, pilot",82,5,19,"D 1,2 -> 5,6",19,True,0.0,31649.0,1,False,0.0657125239900671,0.11,189890.0
"Fixed 31623, pilot",82,6,22,"D 2,3 -> 4,5",22,True,0.0,31648.0,1,False,0.04364852130558422,0.11,221538.0
"Fixed 31623, pilot",82,7,11,"D 0,1 -> 6,7",11,True,0.0,31650.0,1,False,0.10072796416579655,0.11,253188.0
"Fixed 31623, pilot",82,8,12,"D 0,2 -> 4,6",21,False,1.6493607257750398e-08,31648.0,1,False,0.009441305047874061,0.11,284836.0
"Fixed 31623, pilot",82,9,19,"D 1,2 -> 5,6",21,False,0.986773385901074,31647.0,1,False,0.018167337650105482,0.11,316483.0
"Fixed 31623, pilot",83,0,25,"D 2,3 -> 6,7",25,True,0.0,31645.0,1,False,0.31503606513167726,0.11,31645.0
"Fixed 31623, pilot",83,1,15,"D 0,3 -> 5,6",15,True,0.0,31650.0,1,False,0.29681502172579394,0.11,63295.0
"Fixed 31623, pilot",83,2,8,"D 0,1 -> 4,5",8,True,0.0,31648.0,1,False,0.3764697826210095,0.11,94943.0
"Fixed 31623, pilot",83,3,18,"D 1,2 -> 4,7",18,True,0.0,31651.0,1,False,0.3002635722338174,0.11,126594.0
"Fixed 31623, pilot",83,4,19,"D 1,2 -> 5,6",14,True,5.182410056647768e-12,31651.0,1,False,0.03758523457422756,0.11,158245.0
"Fixed 31623, pilot",83,5,14,"D 0,3 -> 4,7",14,True,0.0,31650.0,1,False,0.06571252392066197,0.11,189895.0
"Fixed 31623, pilot",83,6,22,"D 2,3 -> 4,5",22,True,0.0,31649.0,1,False,0.04364852124132713,0.11,221544.0
"Fixed 31623, pilot",83,7,11,"D 0,1 -> 6,7",11,True,0.0,31652.0,1,False,0.10072796416579667,0.11,253196.0
"Fixed 31623, pilot",83,8,9,"D 0,1 -> 4,7",21,False,1.0,31650.0,1,False,0.009441304630083448,0.11,284846.0
"Fixed 31623, pilot",83,9,11,"D 0,1 -> 6,7",21,False,0.9999999980937906,31648.0,1,False,0.009441304630083448,0.11,316494.0
"Fixed 31623, pilot",83,10,23,"D 2,3 -> 4,7",21,False,1.0,31648.0,1,False,0.009441304630083448,0.11,348142.0
"Fixed 31623, pilot",83,11,21,"D 1,3 -> 5,7",21,True,0.0,31646.0,1,False,0.009441304630083448,0.11,379788.0
"Fixed 31623, pilot",83,12,6,S 3 -> 5,12,False,1.0,31650.0,1,False,0.0181673378609958,0.11,411438.0
"Fixed 31623, pilot",83,13,20,"D 1,2 -> 6,7",12,False,1.0,31648.0,1,False,0.018167337725605928,0.11,443086.0
"Fixed 31623, pilot",83,14,1,S 0 -> 6,12,False,1.0,31647.0,1,False,0.018167337725605928,0.11,474733.0
"Fixed 31623, pilot",83,15,12,"D 0,2 -> 4,6",12,True,0.0,31649.0,1,False,0.018167337725605928,0.11,506382.0
"Fixed 31623, pilot",84,0,25,"D 2,3 -> 6,7",25,True,0.0,31647.0,1,False,0.31503606513167726,0.11,31647.0
"Fixed 31623, pilot",84,1,15,"D 0,3 -> 5,6",15,True,0.0,31649.0,1,False,0.29681502172579394,0.11,63296.0
"Fixed 31623, pilot",84,2,8,"D 0,1 -> 4,5",8,True,0.0,31650.0,1,False,0.3764697826210095,0.11,94946.0
"Fixed 31623, pilot",84,3,18,"D 1,2 -> 4,7",18,True,0.0,31643.0,1,False,0.3002635722338174,0.11,126589.0
"Fixed 31623, pilot",84,4,22,"D 2,3 -> 4,5",14,False,0.30884520195814336,31650.0,1,False,0.03758523457422756,0.11,158239.0
"Fixed 31623, pilot",84,5,11,"D 0,1 -> 6,7",11,True,0.0,31649.0,1,False,0.05305793406820507,0.11,189888.0
"Fixed 31623, pilot",84,6,14,"D 0,3 -> 4,7",19,False,2.0183209770152644e-08,31649.0,1,False,0.054109020561471224,0.11,221537.0
"Fixed 31623, pilot",84,7,19,"D 1,2 -> 5,6",19,True,0.0,31649.0,1,False,0.10242177965265713,0.11,253186.0
"Fixed 31623, pilot",84,8,1,S 0 -> 6,12,False,1.0,31648.0,1,False,0.009441304738916297,0.11,284834.0
"Fixed 31623, pilot",84,9,11,"D 0,1 -> 6,7",12,False,0.9999998976625368,31652.0,1,False,0.009441304738916297,0.11,316486.0
"Fixed 31623, pilot",84,10,12,"D 0,2 -> 4,6",12,True,0.0,31651.0,1,False,0.009441304738916297,0.11,348137.0
"Fixed 31623, pilot",84,11,21,"D 1,3 -> 5,7",21,True,0.0,31646.0,1,False,0.01816733767245529,0.11,379783.0
"Fixed 31623, pilot",85,0,25,"D 2,3 -> 6,7",25,True,0.0,31647.0,1,False,0.31503606513167726,0.11,31647.0
"Fixed 31623, pilot",85,1,18,"D 1,2 -> 4,7",15,True,0.0,31649.0,1,False,0.29681502172579394,0.11,63296.0
"Fixed 31623, pilot",85,2,8,"D 0,1 -> 4,5",8,True,0.0,31648.0,1,False,0.3764697826210095,0.11,94944.0
"Fixed 31623, pilot",85,3,15,"D 0,3 -> 5,6",15,True,0.0,31652.0,1,False,0.30026357217502075,0.11,126596.0
"Fixed 31623, pilot",85,4,19,"D 1,2 -> 5,6",19,True,0.0,31651.0,1,False,0.03758523474777508,0.11,158247.0
"Fixed 31623, pilot",85,5,14,"D 0,3 -> 4,7",14,True,0.0,31653.0,1,False,0.06571252399006697,0.11,189900.0
"Fixed 31623, pilot",85,6,11,"D 0,1 -> 6,7",22,False,0.04480658230253376,31648.0,1,False,0.043648521305584075,0.11,221548.0
"Fixed 31623, pilot",85,7,22,"D 2,3 -> 4,5",22,True,0.0,31646.0,1,False,0.06967473471393487,0.11,253194.0
"Fixed 31623, pilot",85,8,0,S 0 -> 4,21,False,1.0,31649.0,1,False,0.009441304763103297,0.11,284843.0
"Fixed 31623, pilot",85,9,9,"D 0,1 -> 4,7",21,False,1.0,31649.0,1,False,0.009441304763103297,0.11,316492.0
"Fixed 31623, pilot",85,10,18,"D 1,2 -> 4,7",21,False,0.9999999966967992,31650.0,1,False,0.009441304763103297,0.11,348142.0
"Fixed 31623, pilot",85,11,1,S 0 -> 6,21,False,1.0,31648.0,1,False,0.009441304763103297,0.11,379790.0
"Fixed 31623, pilot",85,12,17,"D 1,2 -> 4,5",21,False,1.0,31649.0,1,False,0.009441304763103297,0.11,411439.0
"Fixed 31623, pilot",85,13,2,S 1 -> 5,21,False,1.0,31648.0,1,False,0.009441304763103297,0.11,443087.0
"Fixed 31623, pilot",85,14,21,"D 1,3 -> 5,7",21,True,0.0,31652.0,1,False,0.009441304763103297,0.11,474739.0
"Fixed 31623, pilot",85,15,6,S 3 -> 5,12,False,1.0,31649.0,1,False,0.018167337785543847,0.11,506388.0
"Fixed 31623, pilot",85,16,21,"D 1,3 -> 5,7",12,False,0.9999999982827877,31650.0,1,False,0.01816733770096548,0.11,538038.0
"Fixed 31623, pilot",85,17,5,S 2 -> 6,12,False,1.0,31649.0,1,False,0.01816733770096548,0.11,569687.0
"Fixed 31623, pilot",85,18,7,S 3 -> 7,12,False,1.0,31649.0,1,False,0.01816733770096548,0.11,601336.0
"Fixed 31623, pilot",85,19,12,"D 0,2 -> 4,6",12,True,0.0,31652.0,1,False,0.01816733770096548,0.11,632988.0
"Fixed 31623, pilot",86,0,25,"D 2,3 -> 6,7",25,True,0.0,31650.0,1,False,0.31503606513167726,0.11,31650.0
"Fixed 31623, pilot",86,1,18,"D 1,2 -> 4,7",15,True,0.0,31651.0,1,False,0.29681502172579394,0.11,63301.0
"Fixed 31623, pilot",86,2,8,"D 0,1 -> 4,5",8,True,0.0,31647.0,1,False,0.3764697826210095,0.11,94948.0
"Fixed 31623, pilot",86,3,15,"D 0,3 -> 5,6",15,True,0.0,31649.0,1,False,0.30026357217502075,0.11,126597.0
"Fixed 31623, pilot",86,4,14,"D 0,3 -> 4,7",19,True,5.80789971671436e-10,31649.0,1,False,0.03758523474777508,0.11,158246.0
"Fixed 31623, pilot",86,5,19,"D 1,2 -> 5,6",19,True,0.0,31648.0,1,False,0.0657125239206618,0.11,189894.0
"Fixed 31623, pilot",86,6,11,"D 0,1 -> 6,7",22,False,0.044806582285133345,31651.0,1,False,0.043648521241327065,0.11,221545.0
"Fixed 31623, pilot",86,7,22,"D 2,3 -> 4,5",22,True,0.0,31648.0,1,False,0.06967473482297251,0.11,253193.0
"Fixed 31623, pilot",86,8,24,"D 2,3 -> 5,6",12,False,1.0,31651.0,1,False,0.009441304632724787,0.11,284844.0
"Fixed 31623, pilot",86,9,21,"D 1,3 -> 5,7",12,True,7.587165340439128e-10,31648.0,1,False,0.009441304632724787,0.11,316492.0
"Fixed 31623, pilot",86,10,20,"D 1,2 -> 6,7",12,False,1.0,31648.0,1,False,0.01816733748162963,0.11,348140.0
"Fixed 31623, pilot",86,11,12,"D 0,2 -> 4,6",12,True,0.0,31647.0,1,False,0.01816733748162963,0.11,379787.0
"Fixed 31623, pilot",87,0,25,"D 2,3 -> 6,7",25,True,0.0,31650.0,1,False,0.31503606513167726,0.11,31650.0
"Fixed 31623, pilot",87,1,15,"D 0,3 -> 5,6",15,True,0.0,31648.0,1,False,0.29681502172579394,0.11,63298.0
"Fixed 31623, pilot",87,2,8,"D 0,1 -> 4,5",8,True,0.0,31645.0,1,False,0.3764697826210095,0.11,94943.0
"Fixed 31623, pilot",87,3,18,"D 1,2 -> 4,7",18,True,0.0,31648.0,1,False,0.3002635722338174,0.11,126591.0
"Fixed 31623, pilot",87,4,14,"D 0,3 -> 4,7",14,True,0.0,31651.0,1,False,0.03758523457422756,0.11,158242.0
"Fixed 31623, pilot",87,5,19,"D 1,2 -> 5,6",19,True,0.0,31646.0,1,False,0.0657125239900671,0.11,189888.0
"Fixed 31623, pilot",87,6,22,"D 2,3 -> 4,5",22,True,0.0,31646.0,1,False,0.04364852130558422,0.11,221534.0
"Fixed 31623, pilot",87,7,11,"D 0,1 -> 6,7",11,True,0.0,31645.0,1,False,0.10072796416579655,0.11,253179.0
"Fixed 31623, pilot",87,8,15,"D 0,3 -> 5,6",21,False,0.9999996252707722,31647.0,1,False,0.009441305047874061,0.11,284826.0
"Fixed 31623, pilot",87,9,20,"D 1,2 -> 6,7",12,False,1.0,31647.0,1,False,0.009441304660468355,0.11,316473.0
"Fixed 31623, pilot",87,10,2,S 1 -> 5,12,False,1.0,31646.0,1,False,0.009441304657525417,0.11,348119.0
"Fixed 31623, pilot",87,11,12,"D 0,2 -> 4,6",12,True,0.0,31652.0,1,False,0.009441304657525417,0.11,379771.0
"Fixed 31623, pilot",87,12,0,S 0 -> 4,21,False,1.0,31650.0,1,False,0.01816733782471456,0.11,411421.0
"Fixed 31623, pilot",87,13,11,"D 0,1 -> 6,7",21,False,0.9826752057344446,31649.0,1,False,0.018167337786818782,0.11,443070.0
"Fixed 31623, pilot",88,0,25,"D 2,3 -> 6,7",25,True,0.0,31644.0,1,False,0.31503606513167726,0.11,31644.0
"Fixed 31623, pilot",88,1,18,"D 1,2 -> 4,7",15,True,0.0,31646.0,1,False,0.29681502172579394,0.11,63290.0
"Fixed 31623, pilot",88,2,8,"D 0,1 -> 4,5",8,True,0.0,31650.0,1,False,0.3764697826210095,0.11,94940.0
"Fixed 31623, pilot",88,3,15,"D 0,3 -> 5,6",15,True,0.0,31650.0,1,False,0.30026357217502075,0.11,126590.0
"Fixed 31623, pilot",88,4,19,"D 1,2 -> 5,6",19,True,0.0,31653.0,1,False,0.03758523474777508,0.11,158243.0
"Fixed 31623, pilot",88,5,14,"D 0,3 -> 4,7",14,True,0.0,31649.0,1,False,0.06571252399006697,0.11,189892.0
"Fixed 31623, pilot",88,6,22,"D 2,3 -> 4,5",22,True,0.0,31654.0,1,False,0.043648521305584075,0.11,221546.0
"Fixed 31623, pilot",88,7,11,"D 0,1 -> 6,7",11,True,0.0,31648.0,1,False,0.10072796416579774,0.11,253194.0
"Fixed 31623, pilot",88,8,21,"D 1,3 -> 5,7",21,True,0.0,31652.0,1,False,0.009441304483876945,0.11,284846.0
"Fixed 31623, pilot",88,9,12,"D 0,2 -> 4,6",12,True,0.0,31649.0,1,False,0.018167337522397423,0.11,316495.0
"Fixed 31623, pilot",89,0,25,"D 2,3 -> 6,7",25,True,0.0,31646.0,1,False,0.31503606513167726,0.11,31646.0
"Fixed 31623, pilot",89,1,15,"D 0,3 -> 5,6",15,True,0.0,31650.0,1,False,0.29681502172579394,0.11,63296.0
"Fixed 31623, pilot",89,2,8,"D 0,1 -> 4,5",8,True,0.0,31652.0,1,False,0.3764697826210095,0.11,94948.0
"Fixed 31623, pilot",89,3,18,"D 1,2 -> 4,7",18,True,0.0,31648.0,1,False,0.3002635722338174,0.11,126596.0
"Fixed 31623, pilot",89,4,19,"D 1,2 -> 5,6",14,True,5.182410056647768e-12,31651.0,1,False,0.03758523457422756,0.11,158247.0
"Fixed 31623, pilot",89,5,14,"D 0,3 -> 4,7",14,True,0.0,31648.0,1,False,0.06571252392066197,0.11,189895.0
"Fixed 31623, pilot",89,6,21,"D 1,3 -> 5,7",22,False,0.6146464044063149,31649.0,1,False,0.04364852124132713,0.11,221544.0
"Fixed 31623, pilot",89,7,11,"D 0,1 -> 6,7",22,False,0.04554467585288313,31652.0,1,False,0.04322155250393734,0.11,253196.0
"Fixed 31623, pilot",89,8,22,"D 2,3 -> 4,5",22,True,0.0,31650.0,1,False,0.0689299370704097,0.11,284846.0
"Fixed 31623, pilot",89,9,3,S 1 -> 7,12,False,1.0,31647.0,1,False,0.024090148154261935,0.11,316493.0
"Fixed 31623, pilot",89,10,22,"D 2,3 -> 4,5",12,False,0.999999980464593,31651.0,1,False,0.024090148154261935,0.11,348144.0
"Fixed 31623, pilot",89,11,7,S 3 -> 7,12,False,1.0,31650.0,1,False,0.024090148154261935,0.11,379794.0
"Fixed 31623, pilot",89,12,12,"D 0,2 -> 4,6",12,True,0.0,31650.0,1,False,0.024090148154261935,0.11,411444.0
"Fixed 31623, pilot",90,0,14,"D 0,3 -> 4,7",25,False,0.052846754050403844,31647.0,1,False,0.31503606513167726,0.11,31647.0
"Fixed 31623, pilot",90,1,19,"D 1,2 -> 5,6",22,False,0.0008388564376003993,31653.0,1,False,0.2986379460442076,0.11,63300.0
"Fixed 31623, pilot",90,2,22,"D 2,3 -> 4,5",22,True,0.0,31647.0,1,False,0.30702477030875686,0.11,94947.0
"Fixed 31623, pilot",90,3,11,"D 0,1 -> 6,7",11,True,0.0,31649.0,1,False,0.4010030866164432,0.11,126596.0
"Fixed 31623, pilot",90,4,18,"D 1,2 -> 4,7",8,False,0.026297174229921505,31650.0,1,False,0.022746161139309492,0.11,158246.0
"Fixed 31623, pilot",90,5,25,"D 2,3 -> 6,7",15,False,0.39605640552255916,31648.0,1,False,0.03866517252297136,0.11,189894.0
"Fixed 31623, pilot",90,6,15,"D 0,3 -> 5,6",8,False,0.02811497571234356,31648.0,1,False,0.04318570982860514,0.11,221542.0
"Fixed 31623, pilot",90,7,8,"D 0,1 -> 4,5",8,True,0.0,31652.0,1,False,0.06557576320787756,0.11,253194.0
"Fixed 31623, pilot",90,8,1,S 0 -> 6,21,False,1.0,31649.0,1,False,0.009441304538819483,0.11,284843.0
"Fixed 31623, pilot",90,9,10,"D 0,1 -> 5,6",21,False,1.0,31651.0,1,False,0.009441304538819483,0.11,316494.0
"Fixed 31623, pilot",90,10,18,"D 1,2 -> 4,7",21,False,0.9999999998853609,31647.0,1,False,0.009441304538819483,0.11,348141.0
"Fixed 31623, pilot",90,11,9,"D 0,1 -> 4,7",21,False,1.0,31648.0,1,False,0.009441304538819483,0.11,379789.0
"Fixed 31623, pilot",90,12,15,"D 0,3 -> 5,6",21,False,0.9999999985160286,31649.0,1,False,0.009441304538819483,0.11,411438.0
"Fixed 31623, pilot",90,13,4,S 2 -> 4,21,False,1.0,31650.0,1,False,0.009441304538819483,0.11,443088.0
"Fixed 31623, pilot",90,14,4,S 2 -> 4,21,False,1.0,31650.0,1,False,0.009441304538819483,0.11,474738.0
"Fixed 31623, pilot",90,15,11,"D 0,1 -> 6,7",21,False,0.9999998988633736,31648.0,1,False,0.009441304538819483,0.11,506386.0
"Fixed 31623, pilot",90,16,2,S 1 -> 5,21,False,1.0,31648.0,1,False,0.009441304538819483,0.11,538034.0
"Fixed 31623, pilot",90,17,19,"D 1,2 -> 5,6",21,False,0.9999998398720816,31646.0,1,False,0.009441304538819483,0.11,569680.0
"Fixed 31623, pilot",90,18,14,"D 0,3 -> 4,7",21,False,0.9999997811139204,31652.0,1,False,0.009441304538819483,0.11,601332.0
"Fixed 31623, pilot",90,19,1,S 0 -> 6,21,False,1.0,31653.0,1,False,0.009441304538819483,0.11,632985.0
"Fixed 31623, pilot",91,0,25,"D 2,3 -> 6,7",25,True,0.0,31646.0,1,False,0.31503606513167726,0.11,31646.0
"Fixed 31623, pilot",91,1,18,"D 1,2 -> 4,7",15,True,0.0,31649.0,1,False,0.29681502172579394,0.11,63295.0
"Fixed 31623, pilot",91,2,8,"D 0,1 -> 4,5",8,True,0.0,31652.0,1,False,0.3764697826210095,0.11,94947.0
"Fixed 31623, pilot",91,3,15,"D 0,3 -> 5,6",15,True,0.0,31649.0,1,False,0.30026357217502075,0.11,126596.0
"Fixed 31623, pilot",91,4,19,"D 1,2 -> 5,6",19,True,0.0,31650.0,1,False,0.03758523474777508,0.11,158246.0
"Fixed 31623, pilot",91,5,14,"D 0,3 -> 4,7",14,True,0.0,31646.0,1,False,0.06571252399006697,0.11,189892.0
"Fixed 31623, pilot",91,6,22,"D 2,3 -> 4,5",22,True,0.0,31645.0,1,False,0.043648521305584075,0.11,221537.0
"Fixed 31623, pilot",91,7,11,"D 0,1 -> 6,7",11,True,0.0,31651.0,1,False,0.10072796416579774,0.11,253188.0
"Fixed 31623, pilot",91,8,4,S 2 -> 4,21,False,1.0,31651.0,1,False,0.009441304483876945,0.11,284839.0
"Fixed 31623, pilot",91,9,0,S 0 -> 4,12,False,1.0,31649.0,1,False,0.00944130454604846,0.11,316488.0
"Fixed 31623, pilot",91,10,21,"D 1,3 -> 5,7",12,True,6.400112662063862e-10,31650.0,1,False,0.00944130454604846,0.11,348138.0
"Fixed 31623, pilot",91,11,23,"D 2,3 -> 4,7",12,False,1.0,31647.0,1,False,0.018167337650105038,0.11,379785.0
"Fixed 31623, pilot",91,12,10,"D 0,1 -> 5,6",12,False,1.0,31649.0,1,False,0.018167337650105038,0.11,411434.0
"Fixed 31623, pilot",91,13,8,"D 0,1 -> 4,5",12,False,0.9936896492498657,31653.0,1,False,0.018167337650105038,0.11,443087.0
"Fixed 31623, pilot",92,0,25,"D 2,3 -> 6,7",25,True,0.0,31647.0,1,False,0.31503606513167726,0.11,31647.0
"Fixed 31623, pilot",92,1,18,"D 1,2 -> 4,7",15,True,0.0,31651.0,1,False,0.29681502172579394,0.11,63298.0
"Fixed 31623, pilot",92,2,8,"D 0,1 -> 4,5",8,True,0.0,31651.0,1,False,0.3764697826210095,0.11,94949.0
"Fixed 31623, pilot",92,3,15,"D 0,3 -> 5,6",15,True,0.0,31649.0,1,False,0.30026357217502075,0.11,126598.0
"Fixed 31623, pilot",92,4,14,"D 0,3 -> 4,7",19,True,5.80789971671436e-10,31651.0,1,False,0.03758523474777508,0.11,158249.0
"Fixed 31623, pilot",92,5,19,"D 1,2 -> 5,6",19,True,0.0,31650.0,1,False,0.0657125239206618,0.11,189899.0
"Fixed 31623, pilot",92,6,11,"D 0,1 -> 6,7",22,False,0.044806582285133345,31652.0,1,False,0.043648521241327065,0.11,221551.0
"Fixed 31623, pilot",92,7,22,"D 2,3 -> 4,5",22,True,0.0,31650.0,1,False,0.06967473482297251,0.11,253201.0
"Fixed 31623, pilot",92,8,0,S 0 -> 4,12,False,1.0,31649.0,1,False,0.009441304632724787,0.11,284850.0
"Fixed 31623, pilot",92,9,6,S 3 -> 5,12,False,1.0,31648.0,1,False,0.009441304632724787,0.11,316498.0
"Fixed 31623, pilot",92,10,7,S 3 -> 7,12,False,1.0,31647.0,1,False,0.009441304632724787,0.11,348145.0
"Fixed 31623, pilot",92,11,3,S 1 -> 7,12,False,1.0,31651.0,1,False,0.009441304632724787,0.11,379796.0
"Fixed 31623, pilot",92,12,18,"D 1,2 -> 4,7",12,False,0.999999996292982,31648.0,1,False,0.009441304632724787,0.11,411444.0
"Fixed 31623, pilot",92,13,12,"D 0,2 -> 4,6",12,True,0.0,31648.0,1,False,0.009441304632724787,0.11,443092.0
"Fixed 31623, pilot",92,14,20,"D 1,2 -> 6,7",21,False,1.0,31649.0,1,False,0.018167337846799962,0.11,474741.0
"Fixed 31623, pilot",92,15,15,"D 0,3 -> 5,6",21,False,0.9933180025341725,31652.0,1,False,0.018167337846799962,0.11,506393.0
"Fixed 31623, pilot",93,0,19,"D 1,2 -> 5,6",25,False,0.052846754050403844,31649.0,1,False,0.31503606513167726,0.11,31649.0
"Fixed 31623, pilot",93,1,22,"D 2,3 -> 4,5",22,True,0.0,31648.0,1,False,0.2986379460814117,0.11,63297.0
"Fixed 31623, pilot",93,2,14,"D 0,3 -> 4,7",14,True,0.0,31649.0,1,False,0.3532199223008815,0.11,94946.0
"Fixed 31623, pilot",93,3,11,"D 0,1 -> 6,7",11,True,0.0,31649.0,1,False,0.22254278935005609,0.11,126595.0
"Fixed 31623, pilot",93,4,15,"D 0,3 -> 5,6",8,False,0.026297156671435507,31645.0,1,False,0.022746160639765003,0.11,158240.0
"Fixed 31623, pilot",93,5,18,"D 1,2 -> 4,7",18,True,0.0,31649.0,1,False,0.03866517255362906,0.11,189889.0
"Fixed 31623, pilot",93,6,25,"D 2,3 -> 6,7",8,False,0.02250106349789338,31653.0,1,False,0.0338793291530661,0.11,221542.0
"Fixed 31623, pilot",93,7,8,"D 0,1 -> 4,5",8,True,0.0,31647.0,1,False,0.06334828991578093,0.11,253189.0
"Fixed 31623, pilot",93,8,21,"D 1,3 -> 5,7",12,True,5.310696327143205e-11,31649.0,1,False,0.009441304619564158,0.11,284838.0
"Fixed 31623, pilot",93,9,21,"D 1,3 -> 5,7",12,False,0.9999999968909704,31649.0,1,False,0.01816733766006325,0.11,316487.0
"Fixed 31623, pilot",93,10,5,S 2 -> 6,12,False,1.0,31649.0,1,False,0.01816733766006325,0.11,348136.0
"Fixed 31623, pilot",93,11,9,"D 0,1 -> 4,7",12,False,1.0,31650.0,1,False,0.01816733766006325,0.11,379786.0
"Fixed 31623, pilot",93,12,10,"D 0,1 -> 5,6",12,False,1.0,31648.0,1,False,0.01816733766006325,0.11,411434.0
"Fixed 31623, pilot",93,13,13,"D 0,3 -> 4,5",12,False,1.0,31653.0,1,False,0.01816733766006325,0.11,443087.0
"Fixed 31623, pilot",93,14,22,"D 2,3 -> 4,5",12,False,0.9876310318864726,31645.0,1,False,0.01816733766006325,0.11,474732.0
"Fixed 31623, pilot",94,0,25,"D 2,3 -> 6,7",25,True,0.0,31644.0,1,False,0.31503606513167726,0.11,31644.0
"Fixed 31623, pilot",94,1,15,"D 0,3 -> 5,6",15,True,0.0,31649.0,1,False,0.29681502172579394,0.11,63293.0
"Fixed 31623, pilot",94,2,8,"D 0,1 -> 4,5",8,True,0.0,31646.0,1,False,0.3764697826210095,0.11,94939.0
"Fixed 31623, pilot",94,3,18,"D 1,2 -> 4,7",18,True,0.0,31653.0,1,False,0.3002635722338174,0.11,126592.0
"Fixed 31623, pilot",94,4,19,"D 1,2 -> 5,6",14,True,5.182410056647768e-12,31649.0,1,False,0.03758523457422756,0.11,158241.0
"Fixed 31623, pilot",94,5,14,"D 0,3 -> 4,7",14,True,0.0,31650.0,1,False,0.06571252392066197,0.11,189891.0
"Fixed 31623, pilot",94,6,6,S 3 -> 5,22,False,1.0,31650.0,1,False,0.04364852124132713,0.11,221541.0
"Fixed 31623, pilot",94,7,22,"D 2,3 -> 4,5",22,True,0.0,31648.0,1,False,0.04364852124132713,0.11,253189.0
"Fixed 31623, pilot",94,8,11,"D 0,1 -> 6,7",11,True,0.0,31651.0,1,False,0.10072796416579752,0.11,284840.0
"Fixed 31623, pilot",94,9,21,"D 1,3 -> 5,7",21,True,0.0,31649.0,1,False,0.009441304630083445,0.11,316489.0
"Fixed 31623, pilot",94,10,3,S 1 -> 7,12,False,1.0,31648.0,1,False,0.01816733764921131,0.11,348137.0
"Fixed 31623, pilot",94,11,12,"D 0,2 -> 4,6",12,True,0.0,31651.0,1,False,0.01816733764921131,0.11,379788.0
"Fixed 31623, pilot",95,0,25,"D 2,3 -> 6,7",25,True,0.0,31649.0,1,False,0.31503606513167726,0.11,31649.0
"Fixed 31623, pilot",95,1,15,"D 0,3 -> 5,6",15,True,0.0,31652.0,1,False,0.29681502172579394,0.11,63301.0
"Fixed 31623, pilot",95,2,8,"D 0,1 -> 4,5",8,True,0.0,31649.0,1,False,0.3764697826210095,0.11,94950.0
"Fixed 31623, pilot",95,3,18,"D 1,2 -> 4,7",18,True,0.0,31651.0,1,False,0.3002635722338174,0.11,126601.0
"Fixed 31623, pilot",95,4,11,"D 0,1 -> 6,7",14,False,0.3564786117490738,31651.0,1,False,0.03758523457422756,0.11,158252.0
"Fixed 31623, pilot",95,5,22,"D 2,3 -> 4,5",19,False,0.004491939885871377,31649.0,1,False,0.03912173614796318,0.11,189901.0
"Fixed 31623, pilot",95,6,14,"D 0,3 -> 4,7",14,True,0.0,31646.0,1,False,0.054109014953737815,0.11,221547.0
"Fixed 31623, pilot",95,7,19,"D 1,2 -> 5,6",19,True,0.0,31651.0,1,False,0.10242177930798503,0.11,253198.0
"Fixed 31623, pilot",95,8,5,S 2 -> 6,12,False,1.0,31647.0,1,False,0.00944130513504203,0.11,284845.0
"Fixed 31623, pilot",95,9,21,"D 1,3 -> 5,7",12,True,5.098240718481861e-10,31652.0,1,False,0.009441304956746506,0.11,316497.0
"Fixed 31623, pilot",95,10,5,S 2 -> 6,12,False,1.0,31650.0,1,False,0.01816733768002677,0.11,348147.0
"Fixed 31623, pilot",95,11,12,"D 0,2 -> 4,6",12,True,0.0,31650.0,1,False,0.01816733768002677,0.11,379797.0
"Fixed 42170, designed",0,0,25,"D 2,3 -> 6,7",25,True,0.0,42197.0,1,False,0.31503606513167726,0.06,42197.0
"Fixed 42170, designed",0,1,15,"D 0,3 -> 5,6",15,True,0.0,42195.0,1,False,0.29681502172579394,0.06,84392.0
"Fixed 42170, designed",0,2,8,"D 0,1 -> 4,5",8,True,0.0,42198.0,1,False,0.3764697826210095,0.05,126590.0
"Fixed 42170, designed",0,3,18,"D 1,2 -> 4,7",18,True,0.0,42195.0,1,False,0.3002635722338174,0.05,168785.0
"Fixed 42170, designed",0,4,19,"D 1,2 -> 5,6",14,True,5.182410056647768e-12,42198.0,1,False,0.03758523457422756,0.05,210983.0
"Fixed 42170, designed",0,5,14,"D 0,3 -> 4,7",14,True,0.0,42196.0,1,False,0.06571252392066197,0.05,253179.0
"Fixed 42170, designed",0,6,22,"D 2,3 -> 4,5",22,True,0.0,42198.0,1,False,0.04364852124132713,0.05,295377.0
"Fixed 42170, designed",0,7,11,"D 0,1 -> 6,7",11,True,0.0,42194.0,1,False,0.10072796416579667,0.05,337571.0
"Fixed 42170, designed",0,8,15,"D 0,3 -> 5,6",21,False,0.9999999992823342,42200.0,1,False,0.009441304630083448,0.06,379771.0
"Fixed 42170, designed",0,9,21,"D 1,3 -> 5,7",21,True,0.0,42200.0,1,False,0.009441304630083448,0.05,421971.0
"Fixed 42170, designed",0,10,19,"D 1,2 -> 5,6",12,False,0.986766517161795,42199.0,1,False,0.018167337846800313,0.06,464170.0
"Fixed 42170, designed",1,0,25,"D 2,3 -> 6,7",25,True,0.0,42197.0,1,False,0.31503606513167726,0.06,42197.0
"Fixed 42170, designed",1,1,15,"D 0,3 -> 5,6",15,True,0.0,42195.0,1,False,0.29681502172579394,0.05,84392.0
"Fixed 42170, designed",1,2,8,"D 0,1 -> 4,5",8,True,0.0,42198.0,1,False,0.3764697826210095,0.05,126590.0
"Fixed 42170, designed",1,3,18,"D 1,2 -> 4,7",18,True,0.0,42195.0,1,False,0.3002635722338174,0.05,168785.0
"Fixed 42170, designed",1,4,14,"D 0,3 -> 4,7",14,True,0.0,42198.0,1,False,0.03758523457422756,0.05,210983.0
"Fixed 42170, designed",1,5,19,"D 1,2 -> 5,6",19,True,0.0,42201.0,1,False,0.0657125239900671,0.05,253184.0
"Fixed 42170, designed",1,6,22,"D 2,3 -> 4,5",22,True,0.0,42198.0,1,False,0.04364852130558422,0.05,295382.0
"Fixed 42170, designed",1,7,11,"D 0,1 -> 6,7",11,True,0.0,42194.0,1,False,0.10072796416579655,0.05,337576.0
"Fixed 42170, designed",1,8,0,S 0 -> 4,21,False,1.0,42200.0,1,False,0.009441305047874061,0.06,379776.0
"Fixed 42170, designed",1,9,12,"D 0,2 -> 4,6",21,True,8.03115351999395e-11,42200.0,1,False,0.00944130458544351,0.06,421976.0
"Fixed 42170, designed",1,10,11,"D 0,1 -> 6,7",21,False,0.982675131333768,42199.0,1,False,0.01816733765010512,0.05,464175.0
"Fixed 42170, designed",2,0,25,"D 2,3 -> 6,7",25,True,0.0,42197.0,1,False,0.31503606513167726,0.06,42197.0
"Fixed 42170, designed",2,1,15,"D 0,3 -> 5,6",15,True,0.0,42195.0,1,False,0.29681502172579394,0.06,84392.0
"Fixed 42170, designed",2,2,8,"D 0,1 -> 4,5",8,True,0.0,42198.0,1,False,0.3764697826210095,0.05,126590.0
"Fixed 42170, designed",2,3,18,"D 1,2 -> 4,7",18,True,0.0,42195.0,1,False,0.3002635722338174,0.05,168785.0
"Fixed 42170, designed",2,4,19,"D 1,2 -> 5,6",14,True,5.182410056647768e-12,42198.0,1,False,0.03758523457422756,0.06,210983.0
"Fixed 42170, designed",2,5,14,"D 0,3 -> 4,7",14,True,0.0,42196.0,1,False,0.06571252392066197,0.05,253179.0
"Fixed 42170, designed",2,6,22,"D 2,3 -> 4,5",22,True,0.0,42198.0,1,False,0.04364852124132713,0.05,295377.0
"Fixed 42170, designed",2,7,11,"D 0,1 -> 6,7",11,True,0.0,42194.0,1,False,0.10072796416579667,0.06,337571.0
"Fixed 42170, designed",2,8,12,"D 0,2 -> 4,6",21,True,2.371568497139265e-10,42200.0,1,False,0.009441304630083448,0.06,379771.0
"Fixed 42170, designed",2,9,21,"D 1,3 -> 5,7",21,True,0.0,42199.0,1,False,0.01816733759515189,0.05,421970.0
"Fixed 42170, designed",3,0,25,"D 2,3 -> 6,7",25,True,0.0,42197.0,1,False,0.31503606513167726,0.06,42197.0
"Fixed 42170, designed",3,1,18,"D 1,2 -> 4,7",15,True,0.0,42195.0,1,False,0.29681502172579394,0.05,84392.0
"Fixed 42170, designed",3,2,8,"D 0,1 -> 4,5",8,True,0.0,42198.0,1,False,0.3764697826210095,0.05,126590.0
"Fixed 42170, designed",3,3,15,"D 0,3 -> 5,6",15,True,0.0,42199.0,1,False,0.30026357217502075,0.05,168789.0
"Fixed 42170, designed",3,4,19,"D 1,2 -> 5,6",19,True,0.0,42198.0,1,False,0.03758523474777508,0.05,210987.0
"Fixed 42170, designed",3,5,14,"D 0,3 -> 4,7",14,True,0.0,42196.0,1,False,0.06571252399006697,0.05,253183.0
"Fixed 42170, designed",3,6,22,"D 2,3 -> 4,5",22,True,0.0,42198.0,1,False,0.043648521305584075,0.05,295381.0
"Fixed 42170, designed",3,7,11,"D 0,1 -> 6,7",11,True,0.0,42194.0,1,False,0.10072796416579774,0.05,337575.0
"Fixed 42170, designed",3,8,24,"D 2,3 -> 5,6",21,False,1.0,42200.0,1,False,0.009441304483876945,0.06,379775.0
"Fixed 42170, designed",3,9,12,"D 0,2 -> 4,6",12,True,0.0,42200.0,1,False,0.00944130454604846,0.05,421975.0
"Fixed 42170, designed",3,10,4,S 2 -> 4,21,False,1.0,42199.0,1,False,0.018167337649212068,0.05,464174.0
"Fixed 42170, designed",3,11,8,"D 0,1 -> 4,5",21,False,0.9936896451030199,42199.0,1,False,0.018167337649212068,0.05,506373.0
"Fixed 42170, designed",4,0,25,"D 2,3 -> 6,7",25,True,0.0,42197.0,1,False,0.31503606513167726,0.06,42197.0
"Fixed 42170, designed",4,1,15,"D 0,3 -> 5,6",15,True,0.0,42195.0,1,False,0.29681502172579394,0.05,84392.0
"Fixed 42170, designed",4,2,8,"D 0,1 -> 4,5",8,True,0.0,42198.0,1,False,0.3764697826210095,0.05,126590.0
"Fixed 42170, designed",4,3,18,"D 1,2 -> 4,7",18,True,0.0,42195.0,1,False,0.3002635722338174,0.05,168785.0
"Fixed 42170, designed",4,4,14,"D 0,3 -> 4,7",14,True,0.0,42198.0,1,False,0.03758523457422756,0.05,210983.0
"Fixed 42170, designed",4,5,19,"D 1,2 -> 5,6",19,True,0.0,42201.0,1,False,0.0657125239900671,0.05,253184.0
"Fixed 42170, designed",4,6,22,"D 2,3 -> 4,5",22,True,0.0,42198.0,1,False,0.04364852130558422,0.05,295382.0
"Fixed 42170, designed",4,7,11,"D 0,1 -> 6,7",11,True,0.0,42194.0,1,False,0.10072796416579655,0.05,337576.0
"Fixed 42170, designed",4,8,21,"D 1,3 -> 5,7",21,True,0.0,42200.0,1,False,0.009441305047874061,0.05,379776.0
"Fixed 42170, designed",4,9,11,"D 0,1 -> 6,7",12,False,0.9826751306738886,42199.0,1,False,0.018167337649213765,0.05,421975.0
"Fixed 42170, designed",5,0,25,"D 2,3 -> 6,7",25,True,0.0,42197.0,1,False,0.31503606513167726,0.06,42197.0
"Fixed 42170, designed",5,1,18,"D 1,2 -> 4,7",15,True,0.0,42195.0,1,False,0.29681502172579394,0.05,84392.0
"Fixed 42170, designed",5,2,8,"D 0,1 -> 4,5",8,True,0.0,42198.0,1,False,0.3764697826210095,0.05,126590.0
"Fixed 42170, designed",5,3,15,"D 0,3 -> 5,6",15,True,0.0,42199.0,1,False,0.30026357217502075,0.05,168789.0
"Fixed 42170, designed",5,4,14,"D 0,3 -> 4,7",19,True,5.80789971671436e-10,42198.0,1,False,0.03758523474777508,0.05,210987.0
"Fixed 42170, designed",5,5,19,"D 1,2 -> 5,6",19,True,0.0,42201.0,1,False,0.0657125239206618,0.05,253188.0
"Fixed 42170, designed",5,6,20,"D 1,2 -> 6,7",22,False,1.0,42198.0,1,False,0.043648521241327065,0.06,295386.0
"Fixed 42170, designed",5,7,22,"D 2,3 -> 4,5",22,True,0.0,42198.0,1,False,0.043648521241327065,0.05,337584.0
"Fixed 42170, designed",5,8,11,"D 0,1 -> 6,7",11,True,0.0,42194.0,1,False,0.10072796416579699,0.05,379778.0
"Fixed 42170, designed",5,9,3,S 1 -> 7,12,False,1.0,42200.0,1,False,0.009441305047874115,0.06,421978.0
"Fixed 42170, designed",5,10,2,S 1 -> 5,12,False,1.0,42200.0,1,False,0.009441304585443462,0.05,464178.0
"Fixed 42170, designed",5,11,0,S 0 -> 4,12,False,1.0,42200.0,1,False,0.009441304585443462,0.05,506378.0
"Fixed 42170, designed",5,12,21,"D 1,3 -> 5,7",12,True,8.031819653808725e-11,42200.0,1,False,0.009441304585443462,0.05,548578.0
"Fixed 42170, designed",5,13,18,"D 1,2 -> 4,7",12,False,0.9933180712841769,42199.0,1,False,0.018167337481626515,0.06,590777.0
"Fixed 42170, designed",6,0,25,"D 2,3 -> 6,7",25,True,0.0,42197.0,1,False,0.31503606513167726,0.06,42197.0
"Fixed 42170, designed",6,1,18,"D 1,2 -> 4,7",15,True,0.0,42195.0,1,False,0.29681502172579394,0.05,84392.0
"Fixed 42170, designed",6,2,8,"D 0,1 -> 4,5",8,True,0.0,42198.0,1,False,0.3764697826210095,0.05,126590.0
"Fixed 42170, designed",6,3,15,"D 0,3 -> 5,6",15,True,0.0,42199.0,1,False,0.30026357217502075,0.05,168789.0
"Fixed 42170, designed",6,4,14,"D 0,3 -> 4,7",19,True,5.80789971671436e-10,42198.0,1,False,0.03758523474777508,0.05,210987.0
"Fixed 42170, designed",6,5,19,"D 1,2 -> 5,6",19,True,0.0,42201.0,1,False,0.0657125239206618,0.05,253188.0
"Fixed 42170, designed",6,6,22,"D 2,3 -> 4,5",22,True,0.0,42198.0,1,False,0.043648521241327065,0.05,295386.0
"Fixed 42170, designed",6,7,11,"D 0,1 -> 6,7",11,True,0.0,42194.0,1,False,0.10072796416579699,0.05,337580.0
"Fixed 42170, designed",6,8,7,S 3 -> 7,21,False,1.0,42200.0,1,False,0.009441304483876924,0.05,379780.0
"Fixed 42170, designed",6,9,12,"D 0,2 -> 4,6",12,True,0.0,42200.0,1,False,0.009441304546048494,0.05,421980.0
"Fixed 42170, designed",6,10,21,"D 1,3 -> 5,7",21,True,0.0,42199.0,1,False,0.018167337649211975,0.05,464179.0
"Fixed 42170, designed",7,0,19,"D 1,2 -> 5,6",25,False,0.052846754050403844,42197.0,1,False,0.31503606513167726,0.06,42197.0
"Fixed 42170, designed",7,1,11,"D 0,1 -> 6,7",22,False,0.02016704849809181,42193.0,1,False,0.2986379460814117,0.05,84390.0
"Fixed 42170, designed",7,2,14,"D 0,3 -> 4,7",14,True,0.0,42195.0,1,False,0.37183499075359205,0.05,126585.0
"Fixed 42170, designed",7,3,22,"D 2,3 -> 4,5",22,True,0.0,42196.0,1,False,0.34033883568924567,0.05,168781.0
"Fixed 42170, designed",7,4,8,"D 0,1 -> 4,5",8,True,0.0,42196.0,1,False,0.022746161134040658,0.05,210977.0
"Fixed 42170, designed",7,5,25,"D 2,3 -> 6,7",25,True,0.0,42195.0,1,False,0.03848376076461762,0.05,253172.0
"Fixed 42170, designed",7,6,15,"D 0,3 -> 5,6",18,True,2.6996638258225403e-10,42200.0,1,False,0.033236707476549984,0.05,295372.0
"Fixed 42170, designed",7,7,18,"D 1,2 -> 4,7",18,True,0.0,42194.0,1,False,0.0613574466433171,0.05,337566.0
"Fixed 42170, designed",7,8,0,S 0 -> 4,21,False,1.0,42200.0,1,False,0.009441304625787853,0.05,379766.0
"Fixed 42170, designed",7,9,8,"D 0,1 -> 4,5",21,False,0.9999999995467197,42200.0,1,False,0.009441304625787853,0.05,421966.0
"Fixed 42170, designed",7,10,6,S 3 -> 5,21,False,1.0,42200.0,1,False,0.009441304625787853,0.05,464166.0
"Fixed 42170, designed",7,11,23,"D 2,3 -> 4,7",21,False,1.0,42200.0,1,False,0.009441304625787853,0.05,506366.0
"Fixed 42170, designed",7,12,7,S 3 -> 7,21,False,1.0,42200.0,1,False,0.009441304625787853,0.05,548566.0
"Fixed 42170, designed",7,13,6,S 3 -> 5,21,False,1.0,42200.0,1,False,0.009441304625787853,0.05,590766.0
"Fixed 42170, designed",7,14,23,"D 2,3 -> 4,7",21,False,1.0,42200.0,1,False,0.009441304625787853,0.05,632966.0
"Fixed 42170, designed",7,15,10,"D 0,1 -> 5,6",21,False,1.0,42200.0,1,False,0.009441304625787853,0.05,675166.0
"Fixed 42170, designed",7,16,21,"D 1,3 -> 5,7",21,True,0.0,42200.0,1,False,0.009441304625787853,0.05,717366.0
"Fixed 42170, designed",7,17,10,"D 0,1 -> 5,6",12,False,1.0,42199.0,1,False,0.018167337642760524,0.06,759565.0
"Fixed 42170, designed",7,18,10,"D 0,1 -> 5,6",12,False,1.0,42199.0,1,False,0.018167337642760524,0.05,801764.0
"Fixed 42170, designed",7,19,10,"D 0,1 -> 5,6",12,False,1.0,42199.0,1,False,0.018167337642760524,0.05,843963.0
"Fixed 42170, designed",8,0,25,"D 2,3 -> 6,7",25,True,0.0,42197.0,1,False,0.31503606513167726,0.05,42197.0
"Fixed 42170, designed",8,1,18,"D 1,2 -> 4,7",15,True,0.0,42195.0,1,False,0.29681502172579394,0.05,84392.0
"Fixed 42170, designed",8,2,8,"D 0,1 -> 4,5",8,True,0.0,42198.0,1,False,0.3764697826210095,0.05,126590.0
"Fixed 42170, designed",8,3,15,"D 0,3 -> 5,6",15,True,0.0,42199.0,1,False,0.30026357217502075,0.05,168789.0
"Fixed 42170, designed",8,4,11,"D 0,1 -> 6,7",19,False,0.356478614776494,42198.0,1,False,0.03758523474777508,0.05,210987.0
"Fixed 42170, designed",8,5,14,"D 0,3 -> 4,7",14,True,0.0,42195.0,1,False,0.03912173614796322,0.05,253182.0
"Fixed 42170, designed",8,6,19,"D 1,2 -> 5,6",19,True,0.0,42195.0,1,False,0.06888584003623945,0.05,295377.0
"Fixed 42170, designed",8,7,22,"D 2,3 -> 4,5",22,True,0.0,42198.0,1,False,0.07215393040122244,0.05,337575.0
"Fixed 42170, designed",8,8,5,S 2 -> 6,12,False,1.0,42200.0,1,False,0.009441304676350574,0.05,379775.0
"Fixed 42170, designed",8,9,19,"D 1,2 -> 5,6",12,False,0.9999999811745748,42200.0,1,False,0.009441304676350574,0.05,421975.0
"Fixed 42170, designed",8,10,4,S 2 -> 4,12,False,1.0,42200.0,1,False,0.009441304676350574,0.05,464175.0
"Fixed 42170, designed",8,11,15,"D 0,3 -> 5,6",12,False,0.9999999994072895,42200.0,1,False,0.009441304676350574,0.05,506375.0
"Fixed 42170, designed",8,12,20,"D 1,2 -> 6,7",12,False,1.0,42200.0,1,False,0.009441304676350574,0.05,548575.0
"Fixed 42170, designed",8,13,7,S 3 -> 7,12,False,1.0,42200.0,1,False,0.009441304676350574,0.05,590775.0
"Fixed 42170, designed",8,14,21,"D 1,3 -> 5,7",12,True,3.673623627520328e-10,42200.0,1,False,0.009441304676350574,0.05,632975.0
"Fixed 42170, designed",8,15,1,S 0 -> 6,12,False,1.0,42199.0,1,False,0.018167337766781453,0.06,675174.0
"Fixed 42170, designed",8,16,1,S 0 -> 6,12,False,1.0,42199.0,1,False,0.018167337766781453,0.06,717373.0
"Fixed 42170, designed",8,17,21,"D 1,3 -> 5,7",12,False,0.9999999991066764,42199.0,1,False,0.018167337766781453,0.05,759572.0
"Fixed 42170, designed",8,18,20,"D 1,2 -> 6,7",12,False,1.0,42199.0,1,False,0.018167337766781453,0.06,801771.0
"Fixed 42170, designed",8,19,4,S 2 -> 4,12,False,1.0,42199.0,1,False,0.018167337766781453,0.05,843970.0
"Fixed 42170, designed",9,0,25,"D 2,3 -> 6,7",25,True,0.0,42197.0,1,False,0.31503606513167726,0.05,42197.0
"Fixed 42170, designed",9,1,18,"D 1,2 -> 4,7",15,True,0.0,42195.0,1,False,0.29681502172579394,0.05,84392.0
"Fixed 42170, designed",9,2,8,"D 0,1 -> 4,5",8,True,0.0,42198.0,1,False,0.3764697826210095,0.05,126590.0
"Fixed 42170, designed",9,3,15,"D 0,3 -> 5,6",15,True,0.0,42199.0,1,False,0.30026357217502075,0.05,168789.0
"Fixed 42170, designed",9,4,22,"D 2,3 -> 4,5",19,False,0.30884520486840616,42198.0,1,False,0.03758523474777508,0.05,210987.0
"Fixed 42170, designed",9,5,14,"D 0,3 -> 4,7",11,False,0.2225931325104099,42193.0,1,False,0.0530579340682053,0.05,253180.0
"Fixed 42170, designed",9,6,11,"D 0,1 -> 6,7",19,False,0.1729263394419459,42195.0,1,False,0.07333715141745482,0.05,295375.0
"Fixed 42170, designed",9,7,19,"D 1,2 -> 5,6",19,True,0.0,42197.0,1,False,0.10905608144246846,0.05,337572.0
"Fixed 42170, designed",9,8,3,S 1 -> 7,21,False,1.0,42200.0,1,False,0.009441304557297638,0.05,379772.0
"Fixed 42170, designed",9,9,11,"D 0,1 -> 6,7",21,False,0.9999999002693523,42200.0,1,False,0.009441304557297638,0.05,421972.0
"Fixed 42170, designed",9,10,1,S 0 -> 6,21,False,1.0,42200.0,1,False,0.009441304557297638,0.05,464172.0
"Fixed 42170, designed",9,11,8,"D 0,1 -> 4,5",21,False,0.9999999804844388,42200.0,1,False,0.009441304557297638,0.05,506372.0
"Fixed 42170, designed",9,12,12,"D 0,2 -> 4,6",21,True,6.798974716559769e-10,42200.0,1,False,0.009441304557297638,0.05,548572.0
"Fixed 42170, designed",9,13,6,S 3 -> 5,21,False,1.0,42199.0,1,False,0.01816733765476666,0.05,590771.0
"Fixed 42170, designed",9,14,21,"D 1,3 -> 5,7",21,True,0.0,42199.0,1,False,0.01816733765476666,0.05,632970.0
"Fixed 42170, designed",10,0,25,"D 2,3 -> 6,7",25,True,0.0,42197.0,1,False,0.31503606513167726,0.05,42197.0
"Fixed 42170, designed",10,1,15,"D 0,3 -> 5,6",15,True,0.0,42195.0,1,False,0.29681502172579394,0.05,84392.0
"Fixed 42170, designed",10,2,8,"D 0,1 -> 4,5",8,True,0.0,42198.0,1,False,0.3764697826210095,0.05,126590.0
"Fixed 42170, designed",10,3,18,"D 1,2 -> 4,7",18,True,0.0,42195.0,1,False,0.3002635722338174,0.05,168785.0
"Fixed 42170, designed",10,4,14,"D 0,3 -> 4,7",14,True,0.0,42198.0,1,False,0.03758523457422756,0.05,210983.0
"Fixed 42170, designed",10,5,19,"D 1,2 -> 5,6",19,True,0.0,42201.0,1,False,0.0657125239900671,0.05,253184.0
"Fixed 42170, designed",10,6,11,"D 0,1 -> 6,7",22,False,0.044806582302531095,42198.0,1,False,0.04364852130558422,0.05,295382.0
"Fixed 42170, designed",10,7,22,"D 2,3 -> 4,5",22,True,0.0,42198.0,1,False,0.06967473471683744,0.05,337580.0
"Fixed 42170, designed",10,8,5,S 2 -> 6,12,False,1.0,42200.0,1,False,0.009441304763103292,0.05,379780.0
"Fixed 42170, designed",10,9,21,"D 1,3 -> 5,7",12,False,2.6598964142365844e-09,42200.0,1,False,0.009441304763103292,0.05,421980.0
"Fixed 42170, designed",10,10,1,S 0 -> 6,12,False,1.0,42199.0,1,False,0.018167337649211208,0.05,464179.0
"Fixed 42170, designed",10,11,2,S 1 -> 5,12,False,1.0,42199.0,1,False,0.018167337649211208,0.05,506378.0
"Fixed 42170, designed",10,12,21,"D 1,3 -> 5,7",12,False,0.9999999970596314,42199.0,1,False,0.018167337649211208,0.05,548577.0
"Fixed 42170, designed",10,13,6,S 3 -> 5,12,False,1.0,42199.0,1,False,0.018167337649211208,0.05,590776.0
"Fixed 42170, designed",10,14,20,"D 1,2 -> 6,7",12,False,1.0,42199.0,1,False,0.018167337649211208,0.05,632975.0
"Fixed 42170, designed",10,15,9,"D 0,1 -> 4,7",12,False,1.0,42199.0,1,False,0.018167337649211208,0.05,675174.0
"Fixed 42170, designed",10,16,9,"D 0,1 -> 4,7",12,False,1.0,42199.0,1,False,0.018167337649211208,0.05,717373.0
"Fixed 42170, designed",10,17,12,"D 0,2 -> 4,6",12,True,0.0,42199.0,1,False,0.018167337649211208,0.05,759572.0
"Fixed 42170, designed",11,0,25,"D 2,3 -> 6,7",25,True,0.0,42197.0,1,False,0.31503606513167726,0.05,42197.0
"Fixed 42170, designed",11,1,8,"D 0,1 -> 4,5",15,False,0.033311851350335986,42195.0,1,False,0.29681502172579394,0.05,84392.0
"Fixed 42170, designed",11,2,15,"D 0,3 -> 5,6",15,True,0.0,42195.0,1,False,0.303713351808019,0.05,126587.0
"Fixed 42170, designed",11,3,18,"D 1,2 -> 4,7",18,True,0.0,42199.0,1,False,0.38824803810173436,0.05,168786.0
"Fixed 42170, designed",11,4,19,"D 1,2 -> 5,6",14,True,5.1515680610236814e-11,42198.0,1,False,0.03758523456612019,0.05,210984.0
"Fixed 42170, designed",11,5,14,"D 0,3 -> 4,7",14,True,0.0,42196.0,1,False,0.06571252413529657,0.05,253180.0
"Fixed 42170, designed",11,6,22,"D 2,3 -> 4,5",22,True,0.0,42198.0,1,False,0.04364852179220628,0.06,295378.0
"Fixed 42170, designed",11,7,11,"D 0,1 -> 6,7",11,True,0.0,42194.0,1,False,0.10072796429211588,0.05,337572.0
"Fixed 42170, designed",11,8,9,"D 0,1 -> 4,7",12,False,1.0,42200.0,1,False,0.009441304180829412,0.05,379772.0
"Fixed 42170, designed",11,9,22,"D 2,3 -> 4,5",12,False,0.9999995908230841,42200.0,1,False,0.009441304180829412,0.06,421972.0
"Fixed 42170, designed",11,10,1,S 0 -> 6,12,False,1.0,42200.0,1,False,0.009441304180829412,0.06,464172.0
"Fixed 42170, designed",11,11,0,S 0 -> 4,12,False,1.0,42200.0,1,False,0.009441304180829412,0.06,506372.0
"Fixed 42170, designed",11,12,12,"D 0,2 -> 4,6",12,True,0.0,42200.0,1,False,0.009441304180829412,0.06,548572.0
"Fixed 42170, designed",11,13,9,"D 0,1 -> 4,7",21,False,1.0,42199.0,1,False,0.018167337677685073,0.06,590771.0
"Fixed 42170, designed",11,14,1,S 0 -> 6,21,False,1.0,42199.0,1,False,0.018167337677685073,0.06,632970.0
"Fixed 42170, designed",11,15,11,"D 0,1 -> 6,7",21,False,0.9826751311272623,42199.0,1,False,0.018167337677685073,0.05,675169.0
"Fixed 42170, designed",12,0,25,"D 2,3 -> 6,7",25,True,0.0,42197.0,1,False,0.31503606513167726,0.05,42197.0
"Fixed 42170, designed",12,1,8,"D 0,1 -> 4,5",15,False,0.033311851350335986,42195.0,1,False,0.29681502172579394,0.05,84392.0
"Fixed 42170, designed",12,2,15,"D 0,3 -> 5,6",15,True,0.0,42195.0,1,False,0.303713351808019,0.05,126587.0
"Fixed 42170, designed",12,3,18,"D 1,2 -> 4,7",18,True,0.0,42199.0,1,False,0.38824803810173436,0.06,168786.0
"Fixed 42170, designed",12,4,14,"D 0,3 -> 4,7",14,True,0.0,42198.0,1,False,0.03758523456612019,0.05,210984.0
"Fixed 42170, designed",12,5,19,"D 1,2 -> 5,6",19,True,0.0,42201.0,1,False,0.0657125241352967,0.05,253185.0
"Fixed 42170, designed",12,6,22,"D 2,3 -> 4,5",22,True,0.0,42198.0,1,False,0.043648521856409134,0.06,295383.0
"Fixed 42170, designed",12,7,11,"D 0,1 -> 6,7",11,True,0.0,42194.0,1,False,0.10072796429211578,0.06,337577.0
"Fixed 42170, designed",12,8,10,"D 0,1 -> 5,6",12,False,1.0,42200.0,1,False,0.009441304132124777,0.06,379777.0
"Fixed 42170, designed",12,9,21,"D 1,3 -> 5,7",12,True,3.1086244689504383e-15,42200.0,1,False,0.009441304132124777,0.06,421977.0
"Fixed 42170, designed",12,10,9,"D 0,1 -> 4,7",12,False,1.0,42199.0,1,False,0.018167337461560934,0.05,464176.0
"Fixed 42170, designed",12,11,12,"D 0,2 -> 4,6",12,True,0.0,42199.0,1,False,0.018167337422454275,0.06,506375.0
"Fixed 42170, designed",13,0,19,"D 1,2 -> 5,6",25,False,0.052846754050403844,42197.0,1,False,0.31503606513167726,0.06,42197.0
"Fixed 42170, designed",13,1,14,"D 0,3 -> 4,7",22,False,0.0008388565620752741,42193.0,1,False,0.2986379460814117,0.05,84390.0
"Fixed 42170, designed",13,2,11,"D 0,1 -> 6,7",22,False,0.015858687237699454,42198.0,1,False,0.3070247718582447,0.05,126588.0
"Fixed 42170, designed",13,3,22,"D 2,3 -> 4,5",22,True,0.0,42198.0,1,False,0.37058510390119803,0.05,168786.0
"Fixed 42170, designed",13,4,8,"D 0,1 -> 4,5",8,True,0.0,42196.0,1,False,0.022746161162242252,0.05,210982.0
"Fixed 42170, designed",13,5,25,"D 2,3 -> 6,7",25,True,0.0,42195.0,1,False,0.03848376632450212,0.05,253177.0
"Fixed 42170, designed",13,6,18,"D 1,2 -> 4,7",15,True,0.0,42200.0,1,False,0.03323670767411305,0.06,295377.0
"Fixed 42170, designed",13,7,15,"D 0,3 -> 5,6",15,True,0.0,42195.0,1,False,0.061357451134629974,0.06,337572.0
"Fixed 42170, designed",13,8,6,S 3 -> 5,21,False,1.0,42200.0,1,False,0.009441304656497142,0.06,379772.0
"Fixed 42170, designed",13,9,10,"D 0,1 -> 5,6",21,False,1.0,42200.0,1,False,0.009441304656497142,0.06,421972.0
"Fixed 42170, designed",13,10,2,S 1 -> 5,21,False,1.0,42200.0,1,False,0.009441304656497142,0.05,464172.0
"Fixed 42170, designed",13,11,21,"D 1,3 -> 5,7",21,True,0.0,42200.0,1,False,0.009441304656497142,0.05,506372.0
"Fixed 42170, designed",13,12,7,S 3 -> 7,12,False,1.0,42199.0,1,False,0.018167337950863324,0.05,548571.0
"Fixed 42170, designed",13,13,6,S 3 -> 5,12,False,1.0,42199.0,1,False,0.018167337950863324,0.06,590770.0
"Fixed 42170, designed",13,14,16,"D 0,3 -> 6,7",12,False,1.0,42199.0,1,False,0.018167337950863324,0.05,632969.0
"Fixed 42170, designed",13,15,12,"D 0,2 -> 4,6",12,True,0.0,42199.0,1,False,0.018167337950863324,0.05,675168.0
"Fixed 42170, designed",14,0,19,"D 1,2 -> 5,6",25,False,0.052846754050403844,42197.0,1,False,0.31503606513167726,0.06,42197.0
"Fixed 42170, designed",14,1,14,"D 0,3 -> 4,7",22,False,0.0008388565620752741,42193.0,1,False,0.2986379460814117,0.05,84390.0
"Fixed 42170, designed",14,2,22,"D 2,3 -> 4,5",22,True,0.0,42198.0,1,False,0.3070247718582447,0.05,126588.0
"Fixed 42170, designed",14,3,11,"D 0,1 -> 6,7",11,True,0.0,42196.0,1,False,0.4010030868094594,0.05,168784.0
"Fixed 42170, designed",14,4,8,"D 0,1 -> 4,5",8,True,0.0,42196.0,1,False,0.02274616133043009,0.05,210980.0
"Fixed 42170, designed",14,5,25,"D 2,3 -> 6,7",25,True,0.0,42195.0,1,False,0.038483766324501636,0.06,253175.0
"Fixed 42170, designed",14,6,18,"D 1,2 -> 4,7",15,True,7.105427357601002e-15,42200.0,1,False,0.03323670762425804,0.06,295375.0
"Fixed 42170, designed",14,7,15,"D 0,3 -> 5,6",15,True,0.0,42195.0,1,False,0.06135745113463004,0.05,337570.0
"Fixed 42170, designed",14,8,21,"D 1,3 -> 5,7",21,True,0.0,42200.0,1,False,0.009441304656497151,0.05,379770.0
"Fixed 42170, designed",14,9,12,"D 0,2 -> 4,6",12,True,0.0,42199.0,1,False,0.01816733766927953,0.05,421969.0
"Fixed 42170, designed",15,0,25,"D 2,3 -> 6,7",25,True,0.0,42197.0,1,False,0.31503606513167726,0.06,42197.0
"Fixed 42170, designed",15,1,15,"D 0,3 -> 5,6",15,True,0.0,42195.0,1,False,0.29681502172579394,0.05,84392.0
"Fixed 42170, designed",15,2,8,"D 0,1 -> 4,5",8,True,0.0,42198.0,1,False,0.3764697826210095,0.05,126590.0
"Fixed 42170, designed",15,3,18,"D 1,2 -> 4,7",18,True,0.0,42195.0,1,False,0.3002635722338174,0.05,168785.0
"Fixed 42170, designed",15,4,22,"D 2,3 -> 4,5",14,False,0.30884520195814336,42198.0,1,False,0.03758523457422756,0.05,210983.0
"Fixed 42170, designed",15,5,11,"D 0,1 -> 6,7",11,True,0.0,42193.0,1,False,0.05305793406820507,0.05,253176.0
"Fixed 42170, designed",15,6,14,"D 0,3 -> 4,7",19,False,2.0183209770152644e-08,42197.0,1,False,0.054109020561471224,0.05,295373.0
"Fixed 42170, designed",15,7,19,"D 1,2 -> 5,6",19,True,0.0,42198.0,1,False,0.10242177965265713,0.05,337571.0
"Fixed 42170, designed",15,8,24,"D 2,3 -> 5,6",12,False,1.0,42200.0,1,False,0.009441304738916297,0.05,379771.0
"Fixed 42170, designed",15,9,5,S 2 -> 6,12,False,1.0,42200.0,1,False,0.009441304738916297,0.05,421971.0
"Fixed 42170, designed",15,10,12,"D 0,2 -> 4,6",12,True,0.0,42200.0,1,False,0.009441304738916297,0.06,464171.0
"Fixed 42170, designed",15,11,21,"D 1,3 -> 5,7",21,True,0.0,42199.0,1,False,0.018167337680128442,0.05,506370.0
"Fixed 42170, designed",16,0,25,"D 2,3 -> 6,7",25,True,0.0,42197.0,1,False,0.31503606513167726,0.05,42197.0
"Fixed 42170, designed",16,1,15,"D 0,3 -> 5,6",15,True,0.0,42195.0,1,False,0.29681502172579394,0.05,84392.0
"Fixed 42170, designed",16,2,8,"D 0,1 -> 4,5",8,True,0.0,42198.0,1,False,0.3764697826210095,0.05,126590.0
"Fixed 42170, designed",16,3,18,"D 1,2 -> 4,7",18,True,0.0,42195.0,1,False,0.3002635722338174,0.05,168785.0
"Fixed 42170, designed",16,4,14,"D 0,3 -> 4,7",14,True,0.0,42198.0,1,False,0.03758523457422756,0.05,210983.0
"Fixed 42170, designed",16,5,19,"D 1,2 -> 5,6",19,True,0.0,42201.0,1,False,0.0657125239900671,0.05,253184.0
"Fixed 42170, designed",16,6,11,"D 0,1 -> 6,7",22,False,0.044806582302531095,42198.0,1,False,0.04364852130558422,0.05,295382.0
"Fixed 42170, designed",16,7,22,"D 2,3 -> 4,5",22,True,0.0,42198.0,1,False,0.06967473471683744,0.05,337580.0
"Fixed 42170, designed",16,8,2,S 1 -> 5,12,False,1.0,42200.0,1,False,0.009441304763103292,0.05,379780.0
"Fixed 42170, designed",16,9,5,S 2 -> 6,12,False,1.0,42200.0,1,False,0.009441304763103292,0.05,421980.0
"Fixed 42170, designed",16,10,6,S 3 -> 5,12,False,1.0,42200.0,1,False,0.009441304763103292,0.05,464180.0
"Fixed 42170, designed",16,11,2,S 1 -> 5,12,False,1.0,42200.0,1,False,0.009441304763103292,0.05,506380.0
"Fixed 42170, designed",16,12,12,"D 0,2 -> 4,6",12,True,0.0,42200.0,1,False,0.009441304763103292,0.05,548580.0
"Fixed 42170, designed",16,13,0,S 0 -> 4,21,False,1.0,42199.0,1,False,0.018167337650104195,0.05,590779.0
"Fixed 42170, designed",16,14,21,"D 1,3 -> 5,7",21,True,0.0,42199.0,1,False,0.018167337650104195,0.05,632978.0
"Fixed 42170, designed",17,0,19,"D 1,2 -> 5,6",25,False,0.052846754050403844,42197.0,1,False,0.31503606513167726,0.05,42197.0
"Fixed 42170, designed",17,1,14,"D 0,3 -> 4,7",22,False,0.0008388565620752741,42193.0,1,False,0.2986379460814117,0.05,84390.0
"Fixed 42170, designed",17,2,11,"D 0,1 -> 6,7",22,False,0.015858687237699454,42198.0,1,False,0.3070247718582447,0.05,126588.0
"Fixed 42170, designed",17,3,22,"D 2,3 -> 4,5",22,True,0.0,42198.0,1,False,0.37058510390119803,0.05,168786.0
"Fixed 42170, designed",17,4,18,"D 1,2 -> 4,7",8,False,0.02629717367926565,42196.0,1,False,0.022746161162242252,0.05,210982.0
"Fixed 42170, designed",17,5,15,"D 0,3 -> 5,6",15,True,0.0,42195.0,1,False,0.03866517285294016,0.05,253177.0
"Fixed 42170, designed",17,6,12,"D 0,2 -> 4,6",8,False,0.2888775859673197,42195.0,1,False,0.03387932916403026,0.05,295372.0
"Fixed 42170, designed",17,7,21,"D 1,3 -> 5,7",21,True,0.0,42197.0,1,False,0.044891922872713916,0.05,337569.0
"Fixed 42170, designed",17,8,8,"D 0,1 -> 4,5",8,True,0.0,42198.0,1,False,0.022240982048884975,0.05,379767.0
"Fixed 42170, designed",17,9,25,"D 2,3 -> 6,7",25,True,0.0,42196.0,1,False,0.04005720662658142,0.05,421963.0
"Fixed 42170, designed",18,0,25,"D 2,3 -> 6,7",25,True,0.0,42197.0,1,False,0.31503606513167726,0.05,42197.0
"Fixed 42170, designed",18,1,15,"D 0,3 -> 5,6",15,True,0.0,42195.0,1,False,0.29681502172579394,0.05,84392.0
"Fixed 42170, designed",18,2,8,"D 0,1 -> 4,5",8,True,0.0,42198.0,1,False,0.3764697826210095,0.06,126590.0
"Fixed 42170, designed",18,3,18,"D 1,2 -> 4,7",18,True,0.0,42195.0,1,False,0.3002635722338174,0.07,168785.0
"Fixed 42170, designed",18,4,22,"D 2,3 -> 4,5",14,False,0.30884520195814336,42198.0,1,False,0.03758523457422756,0.06,210983.0
"Fixed 42170, designed",18,5,11,"D 0,1 -> 6,7",11,True,0.0,42193.0,1,False,0.05305793406820507,0.06,253176.0
"Fixed 42170, designed",18,6,19,"D 1,2 -> 5,6",19,True,0.0,42197.0,1,False,0.054109020561471224,0.06,295373.0
"Fixed 42170, designed",18,7,14,"D 0,3 -> 4,7",14,True,0.0,42192.0,1,False,0.10242177985564942,0.05,337565.0
"Fixed 42170, designed",18,8,12,"D 0,2 -> 4,6",12,True,0.0,42200.0,1,False,0.009441304591323339,0.05,379765.0
"Fixed 42170, designed",18,9,21,"D 1,3 -> 5,7",21,True,0.0,42199.0,1,False,0.01816733757103375,0.05,421964.0
"Fixed 42170, designed",19,0,8,"D 0,1 -> 4,5",25,False,0.08922312204607752,42197.0,1,False,0.31503606513167726,0.06,42197.0
"Fixed 42170, designed",19,1,25,"D 2,3 -> 6,7",25,True,0.0,42195.0,1,False,0.3150360651316773,0.05,84392.0
"Fixed 42170, designed",19,2,18,"D 1,2 -> 4,7",15,True,1.9984014443252818e-15,42195.0,1,False,0.3037133498147385,0.06,126587.0
"Fixed 42170, designed",19,3,15,"D 0,3 -> 5,6",15,True,0.0,42197.0,1,False,0.38824803809031083,0.06,168784.0
"Fixed 42170, designed",19,4,22,"D 2,3 -> 4,5",14,False,0.3088452182313255,42198.0,1,False,0.03758523404841146,0.06,210982.0
"Fixed 42170, designed",19,5,11,"D 0,1 -> 6,7",11,True,0.0,42193.0,1,False,0.05305793321063991,0.05,253175.0
"Fixed 42170, designed",19,6,14,"D 0,3 -> 4,7",14,True,0.0,42197.0,1,False,0.054109016503686755,0.05,295372.0
"Fixed 42170, designed",19,7,19,"D 1,2 -> 5,6",19,True,0.0,42198.0,1,False,0.10242177982579297,0.06,337570.0
"Fixed 42170, designed",19,8,22,"D 2,3 -> 4,5",12,False,0.9999999876924186,42200.0,1,False,0.009441304610648134,0.06,379770.0
"Fixed 42170, designed",19,9,7,S 3 -> 7,12,False,1.0,42200.0,1,False,0.009441304610648134,0.06,421970.0
"Fixed 42170, designed",19,10,4,S 2 -> 4,12,False,1.0,42200.0,1,False,0.009441304610648134,0.06,464170.0
"Fixed 42170, designed",19,11,9,"D 0,1 -> 4,7",12,False,1.0,42200.0,1,False,0.009441304610648134,0.05,506370.0
"Fixed 42170, designed",19,12,20,"D 1,2 -> 6,7",12,False,1.0,42200.0,1,False,0.009441304610648134,0.05,548570.0
"Fixed 42170, designed",19,13,7,S 3 -> 7,12,False,1.0,42200.0,1,False,0.009441304610648134,0.06,590770.0
"Fixed 42170, designed",19,14,11,"D 0,1 -> 6,7",12,False,0.9999999919195046,42200.0,1,False,0.009441304610648134,0.06,632970.0
"Fixed 42170, designed",19,15,19,"D 1,2 -> 5,6",12,False,0.9999999850257606,42200.0,1,False,0.009441304610648134,0.06,675170.0
"Fixed 42170, designed",19,16,5,S 2 -> 6,12,False,1.0,42200.0,1,False,0.009441304610648134,0.06,717370.0
"Fixed 42170, designed",19,17,21,"D 1,3 -> 5,7",12,True,1.844524533112235e-10,42200.0,1,False,0.009441304610648134,0.05,759570.0
"Fixed 42170, designed",19,18,19,"D 1,2 -> 5,6",12,False,0.9867664016239923,42199.0,1,False,0.01816733766676325,0.05,801769.0
"Fixed 42170, designed",20,0,25,"D 2,3 -> 6,7",25,True,0.0,42197.0,1,False,0.31503606513167726,0.06,42197.0
"Fixed 42170, designed",20,1,8,"D 0,1 -> 4,5",15,False,0.033311851350335986,42195.0,1,False,0.29681502172579394,0.05,84392.0
"Fixed 42170, designed",20,2,18,"D 1,2 -> 4,7",15,True,5.551115123125783e-16,42195.0,1,False,0.303713351808019,0.05,126587.0
"Fixed 42170, designed",20,3,15,"D 0,3 -> 5,6",15,True,0.0,42197.0,1,False,0.38824803810173447,0.05,168784.0
"Fixed 42170, designed",20,4,14,"D 0,3 -> 4,7",19,True,5.150813109366936e-11,42198.0,1,False,0.03758523456612009,0.07,210982.0
"Fixed 42170, designed",20,5,19,"D 1,2 -> 5,6",19,True,0.0,42201.0,1,False,0.06571252413529666,0.05,253183.0
"Fixed 42170, designed",20,6,22,"D 2,3 -> 4,5",22,True,0.0,42198.0,1,False,0.04364852180125853,0.06,295381.0
"Fixed 42170, designed",20,7,11,"D 0,1 -> 6,7",11,True,0.0,42194.0,1,False,0.10072796429211586,0.06,337575.0
"Fixed 42170, designed",20,8,20,"D 1,2 -> 6,7",12,False,1.0,42200.0,1,False,0.009441304132124781,0.05,379775.0
"Fixed 42170, designed",20,9,11,"D 0,1 -> 6,7",12,False,0.9999997204037333,42200.0,1,False,0.009441304132124781,0.05,421975.0
"Fixed 42170, designed",20,10,21,"D 1,3 -> 5,7",12,True,1.887379141862766e-15,42200.0,1,False,0.009441304132124781,0.05,464175.0
"Fixed 42170, designed",20,11,21,"D 1,3 -> 5,7",12,False,0.9999999376380918,42199.0,1,False,0.01816733851152015,0.05,506374.0
"Fixed 42170, designed",20,12,18,"D 1,2 -> 4,7",12,False,0.9933180641849936,42199.0,1,False,0.01816733858168372,0.06,548573.0
"Fixed 42170, designed",21,0,25,"D 2,3 -> 6,7",25,True,0.0,42197.0,1,False,0.31503606513167726,0.05,42197.0
"Fixed 42170, designed",21,1,15,"D 0,3 -> 5,6",15,True,0.0,42195.0,1,False,0.29681502172579394,0.05,84392.0
"Fixed 42170, designed",21,2,8,"D 0,1 -> 4,5",8,True,0.0,42198.0,1,False,0.3764697826210095,0.05,126590.0
"Fixed 42170, designed",21,3,18,"D 1,2 -> 4,7",18,True,0.0,42195.0,1,False,0.3002635722338174,0.05,168785.0
"Fixed 42170, designed",21,4,19,"D 1,2 -> 5,6",14,True,5.182410056647768e-12,42198.0,1,False,0.03758523457422756,0.05,210983.0
"Fixed 42170, designed",21,5,14,"D 0,3 -> 4,7",14,True,0.0,42196.0,1,False,0.06571252392066197,0.05,253179.0
"Fixed 42170, designed",21,6,11,"D 0,1 -> 6,7",22,False,0.044806582285143115,42198.0,1,False,0.04364852124132713,0.05,295377.0
"Fixed 42170, designed",21,7,22,"D 2,3 -> 4,5",22,True,0.0,42198.0,1,False,0.06967473471393487,0.05,337575.0
"Fixed 42170, designed",21,8,20,"D 1,2 -> 6,7",21,False,1.0,42200.0,1,False,0.009441304632724919,0.05,379775.0
"Fixed 42170, designed",21,9,0,S 0 -> 4,21,False,1.0,42200.0,1,False,0.009441304632724919,0.05,421975.0
"Fixed 42170, designed",21,10,0,S 0 -> 4,21,False,1.0,42200.0,1,False,0.009441304632724919,0.05,464175.0
"Fixed 42170, designed",21,11,13,"D 0,3 -> 4,5",21,False,1.0,42200.0,1,False,0.009441304632724919,0.05,506375.0
"Fixed 42170, designed",21,12,21,"D 1,3 -> 5,7",21,True,0.0,42200.0,1,False,0.009441304632724919,0.05,548575.0
"Fixed 42170, designed",21,13,12,"D 0,2 -> 4,6",12,True,0.0,42199.0,1,False,0.018167337649211586,0.05,590774.0
"Fixed 42170, designed",22,0,25,"D 2,3 -> 6,7",25,True,0.0,42197.0,1,False,0.31503606513167726,0.05,42197.0
"Fixed 42170, designed",22,1,8,"D 0,1 -> 4,5",15,False,0.033311851350335986,42195.0,1,False,0.29681502172579394,0.05,84392.0
"Fixed 42170, designed",22,2,18,"D 1,2 -> 4,7",15,True,5.551115123125783e-16,42195.0,1,False,0.303713351808019,0.05,126587.0
"Fixed 42170, designed",22,3,15,"D 0,3 -> 5,6",15,True,0.0,42197.0,1,False,0.38824803810173447,0.05,168784.0
"Fixed 42170, designed",22,4,14,"D 0,3 -> 4,7",19,True,5.150813109366936e-11,42198.0,1,False,0.03758523456612009,0.05,210982.0
"Fixed 42170, designed",22,5,19,"D 1,2 -> 5,6",19,True,0.0,42201.0,1,False,0.06571252413529666,0.05,253183.0
"Fixed 42170, designed",22,6,22,"D 2,3 -> 4,5",22,True,0.0,42198.0,1,False,0.04364852180125853,0.05,295381.0
"Fixed 42170, designed",22,7,11,"D 0,1 -> 6,7",11,True,0.0,42194.0,1,False,0.10072796429211586,0.05,337575.0
"Fixed 42170, designed",22,8,8,"D 0,1 -> 4,5",12,False,0.9999985904811555,42200.0,1,False,0.009441304132124781,0.05,379775.0
"Fixed 42170, designed",22,9,4,S 2 -> 4,12,False,1.0,42200.0,1,False,0.009441304132124781,0.05,421975.0
"Fixed 42170, designed",22,10,12,"D 0,2 -> 4,6",12,True,0.0,42200.0,1,False,0.009441304132124781,0.05,464175.0
"Fixed 42170, designed",22,11,21,"D 1,3 -> 5,7",21,True,0.0,42199.0,1,False,0.018167337811381443,0.06,506374.0
"Fixed 42170, designed",23,0,25,"D 2,3 -> 6,7",25,True,0.0,42197.0,1,False,0.31503606513167726,0.05,42197.0
"Fixed 42170, designed",23,1,8,"D 0,1 -> 4,5",15,False,0.033311851350335986,42195.0,1,False,0.29681502172579394,0.05,84392.0
"Fixed 42170, designed",23,2,18,"D 1,2 -> 4,7",15,True,5.551115123125783e-16,42195.0,1,False,0.303713351808019,0.06,126587.0
"Fixed 42170, designed",23,3,15,"D 0,3 -> 5,6",15,True,0.0,42197.0,1,False,0.38824803810173447,0.06,168784.0
"Fixed 42170, designed",23,4,19,"D 1,2 -> 5,6",19,True,0.0,42198.0,1,False,0.03758523456612009,0.06,210982.0
"Fixed 42170, designed",23,5,14,"D 0,3 -> 4,7",14,True,0.0,42196.0,1,False,0.06571252413529677,0.05,253178.0
"Fixed 42170, designed",23,6,22,"D 2,3 -> 4,5",22,True,0.0,42198.0,1,False,0.04364852185640933,0.05,295376.0
"Fixed 42170, designed",23,7,11,"D 0,1 -> 6,7",11,True,0.0,42194.0,1,False,0.100727964292116,0.05,337570.0
"Fixed 42170, designed",23,8,1,S 0 -> 6,12,False,1.0,42200.0,1,False,0.009441304132124916,0.05,379770.0
"Fixed 42170, designed",23,9,8,"D 0,1 -> 4,5",12,False,0.9999985904811582,42200.0,1,False,0.009441304132124916,0.05,421970.0
"Fixed 42170, designed",23,10,6,S 3 -> 5,12,False,1.0,42200.0,1,False,0.009441304284305686,0.05,464170.0
"Fixed 42170, designed",23,11,12,"D 0,2 -> 4,6",12,True,0.0,42200.0,1,False,0.009441304284305686,0.05,506370.0
"Fixed 42170, designed",23,12,21,"D 1,3 -> 5,7",21,True,0.0,42199.0,1,False,0.01816733767949431,0.05,548569.0
"Fixed 42170, designed",24,0,25,"D 2,3 -> 6,7",25,True,0.0,42197.0,1,False,0.31503606513167726,0.05,42197.0
"Fixed 42170, designed",24,1,15,"D 0,3 -> 5,6",15,True,0.0,42195.0,1,False,0.29681502172579394,0.05,84392.0
"Fixed 42170, designed",24,2,8,"D 0,1 -> 4,5",8,True,0.0,42198.0,1,False,0.3764697826210095,0.05,126590.0
"Fixed 42170, designed",24,3,18,"D 1,2 -> 4,7",18,True,0.0,42195.0,1,False,0.3002635722338174,0.05,168785.0
"Fixed 42170, designed",24,4,14,"D 0,3 -> 4,7",14,True,0.0,42198.0,1,False,0.03758523457422756,0.05,210983.0
"Fixed 42170, designed",24,5,19,"D 1,2 -> 5,6",19,True,0.0,42201.0,1,False,0.0657125239900671,0.05,253184.0
"Fixed 42170, designed",24,6,11,"D 0,1 -> 6,7",22,False,0.044806582302531095,42198.0,1,False,0.04364852130558422,0.05,295382.0
"Fixed 42170, designed",24,7,22,"D 2,3 -> 4,5",22,True,0.0,42198.0,1,False,0.06967473471683744,0.05,337580.0
"Fixed 42170, designed",24,8,4,S 2 -> 4,12,False,1.0,42200.0,1,False,0.009441304763103292,0.05,379780.0
"Fixed 42170, designed",24,9,4,S 2 -> 4,12,False,1.0,42200.0,1,False,0.009441304763103292,0.05,421980.0
"Fixed 42170, designed",24,10,12,"D 0,2 -> 4,6",12,True,0.0,42200.0,1,False,0.009441304763103292,0.06,464180.0
"Fixed 42170, designed",24,11,14,"D 0,3 -> 4,7",21,False,0.9867664028901805,42199.0,1,False,0.018167337650104195,0.05,506379.0
"Fixed 42170, designed",25,0,25,"D 2,3 -> 6,7",25,True,0.0,42197.0,1,False,0.31503606513167726,0.05,42197.0
"Fixed 42170, designed",25,1,8,"D 0,1 -> 4,5",15,False,0.033311851350335986,42195.0,1,False,0.29681502172579394,0.05,84392.0
"Fixed 42170, designed",25,2,18,"D 1,2 -> 4,7",15,True,5.551115123125783e-16,42195.0,1,False,0.303713351808019,0.05,126587.0
"Fixed 42170, designed",25,3,15,"D 0,3 -> 5,6",15,True,0.0,42197.0,1,False,0.38824803810173447,0.05,168784.0
"Fixed 42170, designed",25,4,19,"D 1,2 -> 5,6",19,True,0.0,42198.0,1,False,0.03758523456612009,0.05,210982.0
"Fixed 42170, designed",25,5,14,"D 0,3 -> 4,7",14,True,0.0,42196.0,1,False,0.06571252413529677,0.06,253178.0
"Fixed 42170, designed",25,6,22,"D 2,3 -> 4,5",22,True,0.0,42198.0,1,False,0.04364852185640933,0.05,295376.0
"Fixed 42170, designed",25,7,11,"D 0,1 -> 6,7",11,True,0.0,42194.0,1,False,0.100727964292116,0.06,337570.0
"Fixed 42170, designed",25,8,25,"D 2,3 -> 6,7",12,False,0.9999984253983066,42200.0,1,False,0.009441304132124916,0.06,379770.0
"Fixed 42170, designed",25,9,11,"D 0,1 -> 6,7",21,False,0.9999997440394773,42200.0,1,False,0.009441304029109684,0.06,421970.0
"Fixed 42170, designed",25,10,22,"D 2,3 -> 4,5",21,False,0.9999996978440707,42200.0,1,False,0.009441304029109684,0.06,464170.0
"Fixed 42170, designed",25,11,7,S 3 -> 7,21,False,1.0,42200.0,1,False,0.009441304029109684,0.06,506370.0
"Fixed 42170, designed",25,12,15,"D 0,3 -> 5,6",21,False,0.9999999669533437,42200.0,1,False,0.009441304029109684,0.05,548570.0
"Fixed 42170, designed",25,13,10,"D 0,1 -> 5,6",21,False,1.0,42200.0,1,False,0.009441304029109684,0.06,590770.0
"Fixed 42170, designed",25,14,12,"D 0,2 -> 4,6",21,True,0.0,42200.0,1,False,0.009441304029109684,0.05,632970.0
"Fixed 42170, designed",25,15,21,"D 1,3 -> 5,7",21,True,0.0,42199.0,1,False,0.018167337545650617,0.06,675169.0
"Fixed 42170, designed",26,0,25,"D 2,3 -> 6,7",25,True,0.0,42197.0,1,False,0.31503606513167726,0.05,42197.0
"Fixed 42170, designed",26,1,18,"D 1,2 -> 4,7",15,True,0.0,42195.0,1,False,0.29681502172579394,0.05,84392.0
"Fixed 42170, designed",26,2,8,"D 0,1 -> 4,5",8,True,0.0,42198.0,1,False,0.3764697826210095,0.05,126590.0
"Fixed 42170, designed",26,3,15,"D 0,3 -> 5,6",15,True,0.0,42199.0,1,False,0.30026357217502075,0.05,168789.0
"Fixed 42170, designed",26,4,19,"D 1,2 -> 5,6",19,True,0.0,42198.0,1,False,0.03758523474777508,0.05,210987.0
"Fixed 42170, designed",26,5,14,"D 0,3 -> 4,7",14,True,0.0,42196.0,1,False,0.06571252399006697,0.05,253183.0
"Fixed 42170, designed",26,6,22,"D 2,3 -> 4,5",22,True,0.0,42198.0,1,False,0.043648521305584075,0.05,295381.0
"Fixed 42170, designed",26,7,11,"D 0,1 -> 6,7",11,True,0.0,42194.0,1,False,0.10072796416579774,0.05,337575.0
"Fixed 42170, designed",26,8,21,"D 1,3 -> 5,7",21,True,0.0,42200.0,1,False,0.009441304483876945,0.05,379775.0
"Fixed 42170, designed",26,9,12,"D 0,2 -> 4,6",12,True,0.0,42199.0,1,False,0.018167337522397423,0.05,421974.0
"Fixed 42170, designed",27,0,25,"D 2,3 -> 6,7",25,True,0.0,42197.0,1,False,0.31503606513167726,0.05,42197.0
"Fixed 42170, designed",27,1,18,"D 1,2 -> 4,7",15,True,0.0,42195.0,1,False,0.29681502172579394,0.05,84392.0
"Fixed 42170, designed",27,2,8,"D 0,1 -> 4,5",8,True,0.0,42198.0,1,False,0.3764697826210095,0.05,126590.0
"Fixed 42170, designed",27,3,15,"D 0,3 -> 5,6",15,True,0.0,42199.0,1,False,0.30026357217502075,0.05,168789.0
"Fixed 42170, designed",27,4,19,"D 1,2 -> 5,6",19,True,0.0,42198.0,1,False,0.03758523474777508,0.05,210987.0
"Fixed 42170, designed",27,5,14,"D 0,3 -> 4,7",14,True,0.0,42196.0,1,False,0.06571252399006697,0.05,253183.0
"Fixed 42170, designed",27,6,11,"D 0,1 -> 6,7",22,False,0.04480658230253376,42198.0,1,False,0.043648521305584075,0.05,295381.0
"Fixed 42170, designed",27,7,22,"D 2,3 -> 4,5",22,True,0.0,42198.0,1,False,0.06967473471393487,0.05,337579.0
"Fixed 42170, designed",27,8,5,S 2 -> 6,21,False,1.0,42200.0,1,False,0.009441304763103297,0.05,379779.0
"Fixed 42170, designed",27,9,12,"D 0,2 -> 4,6",21,False,2.6598955260581647e-09,42200.0,1,False,0.009441304763103297,0.05,421979.0
"Fixed 42170, designed",27,10,8,"D 0,1 -> 4,5",21,False,0.9936896451023652,42199.0,1,False,0.018167337649211406,0.05,464178.0
"Fixed 42170, designed",28,0,14,"D 0,3 -> 4,7",25,False,0.052846754050403844,42197.0,1,False,0.31503606513167726,0.05,42197.0
"Fixed 42170, designed",28,1,11,"D 0,1 -> 6,7",22,False,0.02016704851099438,42197.0,1,False,0.2986379460442076,0.05,84394.0
"Fixed 42170, designed",28,2,19,"D 1,2 -> 5,6",19,True,0.0,42199.0,1,False,0.3718349895348084,0.05,126593.0
"Fixed 42170, designed",28,3,22,"D 2,3 -> 4,5",22,True,0.0,42196.0,1,False,0.34033883568924583,0.05,168789.0
"Fixed 42170, designed",28,4,15,"D 0,3 -> 5,6",8,False,0.026297168097357382,42196.0,1,False,0.022746161128215047,0.05,210985.0
"Fixed 42170, designed",28,5,18,"D 1,2 -> 4,7",18,True,0.0,42197.0,1,False,0.038665171331954684,0.05,253182.0
"Fixed 42170, designed",28,6,8,"D 0,1 -> 4,5",8,True,0.0,42195.0,1,False,0.03387932903728168,0.05,295377.0
"Fixed 42170, designed",28,7,25,"D 2,3 -> 6,7",25,True,0.0,42193.0,1,False,0.06140260769276244,0.05,337570.0
"Fixed 42170, designed",28,8,21,"D 1,3 -> 5,7",21,True,0.0,42200.0,1,False,0.0094413047845401,0.05,379770.0
"Fixed 42170, designed",28,9,25,"D 2,3 -> 6,7",12,False,0.9938252350987083,42199.0,1,False,0.018167337639883745,0.05,421969.0
"Fixed 42170, designed",29,0,25,"D 2,3 -> 6,7",25,True,0.0,42197.0,1,False,0.31503606513167726,0.05,42197.0
"Fixed 42170, designed",29,1,18,"D 1,2 -> 4,7",15,True,0.0,42195.0,1,False,0.29681502172579394,0.05,84392.0
"Fixed 42170, designed",29,2,8,"D 0,1 -> 4,5",8,True,0.0,42198.0,1,False,0.3764697826210095,0.05,126590.0
"Fixed 42170, designed",29,3,15,"D 0,3 -> 5,6",15,True,0.0,42199.0,1,False,0.30026357217502075,0.05,168789.0
"Fixed 42170, designed",29,4,14,"D 0,3 -> 4,7",19,True,5.80789971671436e-10,42198.0,1,False,0.03758523474777508,0.05,210987.0
"Fixed 42170, designed",29,5,19,"D 1,2 -> 5,6",19,True,0.0,42201.0,1,False,0.0657125239206618,0.05,253188.0
"Fixed 42170, designed",29,6,11,"D 0,1 -> 6,7",22,False,0.044806582285133345,42198.0,1,False,0.043648521241327065,0.05,295386.0
"Fixed 42170, designed",29,7,22,"D 2,3 -> 4,5",22,True,0.0,42198.0,1,False,0.06967473482297251,0.06,337584.0
"Fixed 42170, designed",29,8,21,"D 1,3 -> 5,7",12,True,7.587165340439128e-10,42200.0,1,False,0.009441304632724787,0.05,379784.0
"Fixed 42170, designed",29,9,20,"D 1,2 -> 6,7",12,False,1.0,42199.0,1,False,0.01816733748162963,0.06,421983.0
"Fixed 42170, designed",29,10,12,"D 0,2 -> 4,6",12,True,0.0,42199.0,1,False,0.01816733748162963,0.06,464182.0
"Fixed 42170, designed",30,0,25,"D 2,3 -> 6,7",25,True,0.0,42197.0,1,False,0.31503606513167726,0.05,42197.0
"Fixed 42170, designed",30,1,15,"D 0,3 -> 5,6",15,True,0.0,42195.0,1,False,0.29681502172579394,0.05,84392.0
"Fixed 42170, designed",30,2,8,"D 0,1 -> 4,5",8,True,0.0,42198.0,1,False,0.3764697826210095,0.05,126590.0
"Fixed 42170, designed",30,3,18,"D 1,2 -> 4,7",18,True,0.0,42195.0,1,False,0.3002635722338174,0.05,168785.0
"Fixed 42170, designed",30,4,14,"D 0,3 -> 4,7",14,True,0.0,42198.0,1,False,0.03758523457422756,0.05,210983.0
"Fixed 42170, designed",30,5,19,"D 1,2 -> 5,6",19,True,0.0,42201.0,1,False,0.0657125239900671,0.06,253184.0
"Fixed 42170, designed",30,6,11,"D 0,1 -> 6,7",22,False,0.044806582302531095,42198.0,1,False,0.04364852130558422,0.06,295382.0
"Fixed 42170, designed",30,7,22,"D 2,3 -> 4,5",22,True,0.0,42198.0,1,False,0.06967473471683744,0.06,337580.0
"Fixed 42170, designed",30,8,0,S 0 -> 4,12,False,1.0,42200.0,1,False,0.009441304763103292,0.05,379780.0
"Fixed 42170, designed",30,9,16,"D 0,3 -> 6,7",12,False,1.0,42200.0,1,False,0.009441304763103292,0.05,421980.0
"Fixed 42170, designed",30,10,19,"D 1,2 -> 5,6",12,False,0.9999999296083535,42200.0,1,False,0.009441304763103292,0.06,464180.0
"Fixed 42170, designed",30,11,11,"D 0,1 -> 6,7",12,False,0.999999928507858,42200.0,1,False,0.009441304763103292,0.05,506380.0
"Fixed 42170, designed",30,12,12,"D 0,2 -> 4,6",12,True,0.0,42200.0,1,False,0.009441304763103292,0.05,548580.0
"Fixed 42170, designed",30,13,7,S 3 -> 7,21,False,1.0,42199.0,1,False,0.018167337803646464,0.05,590779.0
"Fixed 42170, designed",30,14,3,S 1 -> 7,21,False,1.0,42199.0,1,False,0.018167337803646464,0.05,632978.0
"Fixed 42170, designed",30,15,21,"D 1,3 -> 5,7",21,True,0.0,42199.0,1,False,0.018167337803646464,0.05,675177.0
"Fixed 42170, designed",31,0,25,"D 2,3 -> 6,7",25,True,0.0,42197.0,1,False,0.31503606513167726,0.05,42197.0
"Fixed 42170, designed",31,1,18,"D 1,2 -> 4,7",15,True,0.0,42195.0,1,False,0.29681502172579394,0.06,84392.0
"Fixed 42170, designed",31,2,8,"D 0,1 -> 4,5",8,True,0.0,42198.0,1,False,0.3764697826210095,0.05,126590.0
"Fixed 42170, designed",31,3,15,"D 0,3 -> 5,6",15,True,0.0,42199.0,1,False,0.30026357217502075,0.05,168789.0
"Fixed 42170, designed",31,4,14,"D 0,3 -> 4,7",19,True,5.80789971671436e-10,42198.0,1,False,0.03758523474777508,0.05,210987.0
"Fixed 42170, designed",31,5,19,"D 1,2 -> 5,6",19,True,0.0,42201.0,1,False,0.0657125239206618,0.05,253188.0
"Fixed 42170, designed",31,6,11,"D 0,1 -> 6,7",22,False,0.044806582285133345,42198.0,1,False,0.043648521241327065,0.06,295386.0
"Fixed 42170, designed",31,7,22,"D 2,3 -> 4,5",22,True,0.0,42198.0,1,False,0.06967473482297251,0.05,337584.0
"Fixed 42170, designed",31,8,5,S 2 -> 6,12,False,1.0,42200.0,1,False,0.009441304632724787,0.05,379784.0
"Fixed 42170, designed",31,9,6,S 3 -> 5,12,False,1.0,42200.0,1,False,0.009441304632724787,0.05,421984.0
"Fixed 42170, designed",31,10,22,"D 2,3 -> 4,5",12,False,0.9999999928686426,42200.0,1,False,0.009441304632724787,0.05,464184.0
"Fixed 42170, designed",31,11,14,"D 0,3 -> 4,7",12,False,0.9999999753612613,42200.0,1,False,0.009441304632724787,0.05,506384.0
"Fixed 42170, designed",31,12,9,"D 0,1 -> 4,7",12,False,1.0,42200.0,1,False,0.009441304632724787,0.05,548584.0
"Fixed 42170, designed",31,13,1,S 0 -> 6,12,False,1.0,42200.0,1,False,0.009441304632724787,0.05,590784.0
"Fixed 42170, designed",31,14,7,S 3 -> 7,12,False,1.0,42200.0,1,False,0.009441304632724787,0.05,632984.0
"Fixed 42170, designed",31,15,21,"D 1,3 -> 5,7",12,True,7.587165340439128e-10,42200.0,1,False,0.009441304632724787,0.05,675184.0
"Fixed 42170, designed",31,16,3,S 1 -> 7,12,False,1.0,42199.0,1,False,0.018167337777526264,0.05,717383.0
"Fixed 42170, designed",31,17,12,"D 0,2 -> 4,6",12,True,0.0,42199.0,1,False,0.018167337777526264,0.06,759582.0
"Fixed 42170, designed",32,0,25,"D 2,3 -> 6,7",25,True,0.0,42197.0,1,False,0.31503606513167726,0.05,42197.0
"Fixed 42170, designed",32,1,15,"D 0,3 -> 5,6",15,True,0.0,42195.0,1,False,0.29681502172579394,0.05,84392.0
"Fixed 42170, designed",32,2,8,"D 0,1 -> 4,5",8,True,0.0,42198.0,1,False,0.3764697826210095,0.05,126590.0
"Fixed 42170, designed",32,3,18,"D 1,2 -> 4,7",18,True,0.0,42195.0,1,False,0.3002635722338174,0.05,168785.0
"Fixed 42170, designed",32,4,14,"D 0,3 -> 4,7",14,True,0.0,42198.0,1,False,0.03758523457422756,0.05,210983.0
"Fixed 42170, designed",32,5,19,"D 1,2 -> 5,6",19,True,0.0,42201.0,1,False,0.0657125239900671,0.05,253184.0
"Fixed 42170, designed",32,6,22,"D 2,3 -> 4,5",22,True,0.0,42198.0,1,False,0.04364852130558422,0.05,295382.0
"Fixed 42170, designed",32,7,11,"D 0,1 -> 6,7",11,True,0.0,42194.0,1,False,0.10072796416579655,0.05,337576.0
"Fixed 42170, designed",32,8,18,"D 1,2 -> 4,7",21,False,0.9999997626368479,42200.0,1,False,0.009441305047874061,0.05,379776.0
"Fixed 42170, designed",32,9,1,S 0 -> 6,12,False,1.0,42200.0,1,False,0.00944130456309997,0.05,421976.0
"Fixed 42170, designed",32,10,19,"D 1,2 -> 5,6",12,False,0.9999999705013412,42200.0,1,False,0.009441304582734851,0.05,464176.0
"Fixed 42170, designed",32,11,6,S 3 -> 5,12,False,1.0,42200.0,1,False,0.009441304582734851,0.05,506376.0
"Fixed 42170, designed",32,12,8,"D 0,1 -> 4,5",12,False,0.9999999640906768,42200.0,1,False,0.009441304582734851,0.05,548576.0
"Fixed 42170, designed",32,13,6,S 3 -> 5,12,False,1.0,42200.0,1,False,0.009441304582734851,0.05,590776.0
"Fixed 42170, designed",32,14,1,S 0 -> 6,12,False,1.0,42200.0,1,False,0.009441304582734851,0.05,632976.0
"Fixed 42170, designed",32,15,25,"D 2,3 -> 6,7",12,False,0.9999999974500281,42200.0,1,False,0.009441304582734851,0.05,675176.0
"Fixed 42170, designed",32,16,7,S 3 -> 7,12,False,1.0,42200.0,1,False,0.009441304582734851,0.05,717376.0
"Fixed 42170, designed",32,17,0,S 0 -> 4,12,False,1.0,42200.0,1,False,0.009441304582734851,0.05,759576.0
"Fixed 42170, designed",32,18,25,"D 2,3 -> 6,7",12,False,0.9999999974500281,42200.0,1,False,0.009441304582734851,0.05,801776.0
"Fixed 42170, designed",32,19,21,"D 1,3 -> 5,7",12,True,5.651625833991147e-10,42200.0,1,False,0.009441304582734851,0.05,843976.0
"Fixed 42170, designed",33,0,25,"D 2,3 -> 6,7",25,True,0.0,42197.0,1,False,0.31503606513167726,0.05,42197.0
"Fixed 42170, designed",33,1,15,"D 0,3 -> 5,6",15,True,0.0,42195.0,1,False,0.29681502172579394,0.05,84392.0
"Fixed 42170, designed",33,2,8,"D 0,1 -> 4,5",8,True,0.0,42198.0,1,False,0.3764697826210095,0.05,126590.0
"Fixed 42170, designed",33,3,18,"D 1,2 -> 4,7",18,True,0.0,42195.0,1,False,0.3002635722338174,0.05,168785.0
"Fixed 42170, designed",33,4,19,"D 1,2 -> 5,6",14,True,5.182410056647768e-12,42198.0,1,False,0.03758523457422756,0.05,210983.0
"Fixed 42170, designed",33,5,14,"D 0,3 -> 4,7",14,True,0.0,42196.0,1,False,0.06571252392066197,0.05,253179.0
"Fixed 42170, designed",33,6,22,"D 2,3 -> 4,5",22,True,0.0,42198.0,1,False,0.04364852124132713,0.05,295377.0
"Fixed 42170, designed",33,7,11,"D 0,1 -> 6,7",11,True,0.0,42194.0,1,False,0.10072796416579667,0.05,337571.0
"Fixed 42170, designed",33,8,21,"D 1,3 -> 5,7",21,True,0.0,42200.0,1,False,0.009441304630083448,0.05,379771.0
"Fixed 42170, designed",33,9,12,"D 0,2 -> 4,6",12,True,0.0,42199.0,1,False,0.018167337649211367,0.05,421970.0
"Fixed 42170, designed",34,0,25,"D 2,3 -> 6,7",25,True,0.0,42197.0,1,False,0.31503606513167726,0.06,42197.0
"Fixed 42170, designed",34,1,18,"D 1,2 -> 4,7",15,True,0.0,42195.0,1,False,0.29681502172579394,0.05,84392.0
"Fixed 42170, designed",34,2,8,"D 0,1 -> 4,5",8,True,0.0,42198.0,1,False,0.3764697826210095,0.05,126590.0
"Fixed 42170, designed",34,3,15,"D 0,3 -> 5,6",15,True,0.0,42199.0,1,False,0.30026357217502075,0.05,168789.0
"Fixed 42170, designed",34,4,14,"D 0,3 -> 4,7",19,True,5.80789971671436e-10,42198.0,1,False,0.03758523474777508,0.06,210987.0
"Fixed 42170, designed",34,5,19,"D 1,2 -> 5,6",19,True,0.0,42201.0,1,False,0.0657125239206618,0.05,253188.0
"Fixed 42170, designed",34,6,11,"D 0,1 -> 6,7",22,False,0.044806582285133345,42198.0,1,False,0.043648521241327065,0.05,295386.0
"Fixed 42170, designed",34,7,22,"D 2,3 -> 4,5",22,True,0.0,42198.0,1,False,0.06967473482297251,0.05,337584.0
"Fixed 42170, designed",34,8,20,"D 1,2 -> 6,7",12,False,1.0,42200.0,1,False,0.009441304632724787,0.06,379784.0
"Fixed 42170, designed",34,9,19,"D 1,2 -> 5,6",12,False,0.9999999864832305,42200.0,1,False,0.009441304632724787,0.05,421984.0
"Fixed 42170, designed",34,10,4,S 2 -> 4,12,False,1.0,42200.0,1,False,0.009441304632724787,0.05,464184.0
"Fixed 42170, designed",34,11,4,S 2 -> 4,12,False,1.0,42200.0,1,False,0.009441304632724787,0.05,506384.0
"Fixed 42170, designed",34,12,13,"D 0,3 -> 4,5",12,False,1.0,42200.0,1,False,0.009441304632724787,0.05,548584.0
"Fixed 42170, designed",34,13,5,S 2 -> 6,12,False,1.0,42200.0,1,False,0.009441304632724787,0.05,590784.0
"Fixed 42170, designed",34,14,20,"D 1,2 -> 6,7",12,False,1.0,42200.0,1,False,0.009441304632724787,0.05,632984.0
"Fixed 42170, designed",34,15,1,S 0 -> 6,12,False,1.0,42200.0,1,False,0.009441304632724787,0.05,675184.0
"Fixed 42170, designed",34,16,14,"D 0,3 -> 4,7",12,False,0.9999999753612613,42200.0,1,False,0.009441304632724787,0.05,717384.0
"Fixed 42170, designed",34,17,8,"D 0,1 -> 4,5",12,False,0.9999999853713407,42200.0,1,False,0.009441304632724787,0.05,759584.0
"Fixed 42170, designed",34,18,20,"D 1,2 -> 6,7",12,False,1.0,42200.0,1,False,0.009441304632724787,0.05,801784.0
"Fixed 42170, designed",34,19,2,S 1 -> 5,12,False,1.0,42200.0,1,False,0.009441304632724787,0.05,843984.0
"Fixed 42170, designed",35,0,25,"D 2,3 -> 6,7",25,True,0.0,42197.0,1,False,0.31503606513167726,0.05,42197.0
"Fixed 42170, designed",35,1,15,"D 0,3 -> 5,6",15,True,0.0,42195.0,1,False,0.29681502172579394,0.05,84392.0
"Fixed 42170, designed",35,2,8,"D 0,1 -> 4,5",8,True,0.0,42198.0,1,False,0.3764697826210095,0.05,126590.0
"Fixed 42170, designed",35,3,18,"D 1,2 -> 4,7",18,True,0.0,42195.0,1,False,0.3002635722338174,0.05,168785.0
"Fixed 42170, designed",35,4,19,"D 1,2 -> 5,6",14,True,5.182410056647768e-12,42198.0,1,False,0.03758523457422756,0.05,210983.0
"Fixed 42170, designed",35,5,14,"D 0,3 -> 4,7",14,True,0.0,42196.0,1,False,0.06571252392066197,0.05,253179.0
"Fixed 42170, designed",35,6,22,"D 2,3 -> 4,5",22,True,0.0,42198.0,1,False,0.04364852124132713,0.05,295377.0
"Fixed 42170, designed",35,7,11,"D 0,1 -> 6,7",11,True,0.0,42194.0,1,False,0.10072796416579667,0.05,337571.0
"Fixed 42170, designed",35,8,9,"D 0,1 -> 4,7",21,False,1.0,42200.0,1,False,0.009441304630083448,0.05,379771.0
"Fixed 42170, designed",35,9,17,"D 1,2 -> 4,5",21,False,1.0,42200.0,1,False,0.009441304630083448,0.05,421971.0
"Fixed 42170, designed",35,10,3,S 1 -> 7,21,False,1.0,42200.0,1,False,0.009441304630083448,0.05,464171.0
"Fixed 42170, designed",35,11,12,"D 0,2 -> 4,6",21,True,2.371568497139265e-10,42200.0,1,False,0.009441304630083448,0.05,506371.0
"Fixed 42170, designed",35,12,21,"D 1,3 -> 5,7",21,True,0.0,42199.0,1,False,0.01816733759515189,0.05,548570.0
"Fixed 42170, designed",36,0,25,"D 2,3 -> 6,7",25,True,0.0,42197.0,1,False,0.31503606513167726,0.05,42197.0
"Fixed 42170, designed",36,1,8,"D 0,1 -> 4,5",15,False,0.033311851350335986,42195.0,1,False,0.29681502172579394,0.05,84392.0
"Fixed 42170, designed",36,2,18,"D 1,2 -> 4,7",15,True,5.551115123125783e-16,42195.0,1,False,0.303713351808019,0.05,126587.0
"Fixed 42170, designed",36,3,15,"D 0,3 -> 5,6",15,True,0.0,42197.0,1,False,0.38824803810173447,0.05,168784.0
"Fixed 42170, designed",36,4,19,"D 1,2 -> 5,6",19,True,0.0,42198.0,1,False,0.03758523456612009,0.05,210982.0
"Fixed 42170, designed",36,5,14,"D 0,3 -> 4,7",14,True,0.0,42196.0,1,False,0.06571252413529677,0.05,253178.0
"Fixed 42170, designed",36,6,22,"D 2,3 -> 4,5",22,True,0.0,42198.0,1,False,0.04364852185640933,0.05,295376.0
"Fixed 42170, designed",36,7,11,"D 0,1 -> 6,7",11,True,0.0,42194.0,1,False,0.100727964292116,0.05,337570.0
"Fixed 42170, designed",36,8,12,"D 0,2 -> 4,6",12,True,4.773959005888173e-15,42200.0,1,False,0.009441304132124916,0.05,379770.0
"Fixed 42170, designed",36,9,21,"D 1,3 -> 5,7",21,True,0.0,42199.0,1,False,0.01816733747863644,0.05,421969.0
"Fixed 42170, designed",37,0,25,"D 2,3 -> 6,7",25,True,0.0,42197.0,1,False,0.31503606513167726,0.05,42197.0
"Fixed 42170, designed",37,1,15,"D 0,3 -> 5,6",15,True,0.0,42195.0,1,False,0.29681502172579394,0.05,84392.0
"Fixed 42170, designed",37,2,8,"D 0,1 -> 4,5",8,True,0.0,42198.0,1,False,0.3764697826210095,0.05,126590.0
"Fixed 42170, designed",37,3,18,"D 1,2 -> 4,7",18,True,0.0,42195.0,1,False,0.3002635722338174,0.05,168785.0
"Fixed 42170, designed",37,4,14,"D 0,3 -> 4,7",14,True,0.0,42198.0,1,False,0.03758523457422756,0.05,210983.0
"Fixed 42170, designed",37,5,19,"D 1,2 -> 5,6",19,True,0.0,42201.0,1,False,0.0657125239900671,0.05,253184.0
"Fixed 42170, designed",37,6,11,"D 0,1 -> 6,7",22,False,0.044806582302531095,42198.0,1,False,0.04364852130558422,0.05,295382.0
"Fixed 42170, designed",37,7,22,"D 2,3 -> 4,5",22,True,0.0,42198.0,1,False,0.06967473471683744,0.05,337580.0
"Fixed 42170, designed",37,8,21,"D 1,3 -> 5,7",12,False,2.6598964142365844e-09,42200.0,1,False,0.009441304763103292,0.05,379780.0
"Fixed 42170, designed",37,9,12,"D 0,2 -> 4,6",12,True,0.0,42199.0,1,False,0.018167337649211208,0.05,421979.0
"Fixed 42170, designed",38,0,25,"D 2,3 -> 6,7",25,True,0.0,42197.0,1,False,0.31503606513167726,0.05,42197.0
"Fixed 42170, designed",38,1,18,"D 1,2 -> 4,7",15,True,0.0,42195.0,1,False,0.29681502172579394,0.05,84392.0
"Fixed 42170, designed",38,2,8,"D 0,1 -> 4,5",8,True,0.0,42198.0,1,False,0.3764697826210095,0.05,126590.0
"Fixed 42170, designed",38,3,15,"D 0,3 -> 5,6",15,True,0.0,42199.0,1,False,0.30026357217502075,0.05,168789.0
"Fixed 42170, designed",38,4,14,"D 0,3 -> 4,7",19,True,5.80789971671436e-10,42198.0,1,False,0.03758523474777508,0.05,210987.0
"Fixed 42170, designed",38,5,19,"D 1,2 -> 5,6",19,True,0.0,42201.0,1,False,0.0657125239206618,0.05,253188.0
"Fixed 42170, designed",38,6,22,"D 2,3 -> 4,5",22,True,0.0,42198.0,1,False,0.043648521241327065,0.05,295386.0
"Fixed 42170, designed",38,7,11,"D 0,1 -> 6,7",11,True,0.0,42194.0,1,False,0.10072796416579699,0.05,337580.0
"Fixed 42170, designed",38,8,2,S 1 -> 5,21,False,1.0,42200.0,1,False,0.009441304483876924,0.05,379780.0
"Fixed 42170, designed",38,9,12,"D 0,2 -> 4,6",12,True,0.0,42200.0,1,False,0.009441304546048494,0.05,421980.0
"Fixed 42170, designed",38,10,13,"D 0,3 -> 4,5",21,False,1.0,42199.0,1,False,0.018167337649211975,0.05,464179.0
"Fixed 42170, designed",38,11,0,S 0 -> 4,21,False,1.0,42199.0,1,False,0.018167337649211975,0.05,506378.0
"Fixed 42170, designed",38,12,21,"D 1,3 -> 5,7",21,True,0.0,42199.0,1,False,0.018167337649211975,0.05,548577.0
"Fixed 42170, designed",39,0,25,"D 2,3 -> 6,7",25,True,0.0,42197.0,1,False,0.31503606513167726,0.06,42197.0
"Fixed 42170, designed",39,1,15,"D 0,3 -> 5,6",15,True,0.0,42195.0,1,False,0.29681502172579394,0.05,84392.0
"Fixed 42170, designed",39,2,8,"D 0,1 -> 4,5",8,True,0.0,42198.0,1,False,0.3764697826210095,0.05,126590.0
"Fixed 42170, designed",39,3,18,"D 1,2 -> 4,7",18,True,0.0,42195.0,1,False,0.3002635722338174,0.05,168785.0
"Fixed 42170, designed",39,4,11,"D 0,1 -> 6,7",14,False,0.3564786117490738,42198.0,1,False,0.03758523457422756,0.06,210983.0
"Fixed 42170, designed",39,5,19,"D 1,2 -> 5,6",19,True,0.0,42195.0,1,False,0.03912173614796318,0.05,253178.0
"Fixed 42170, designed",39,6,14,"D 0,3 -> 4,7",14,True,0.0,42199.0,1,False,0.06888584049226043,0.06,295377.0
"Fixed 42170, designed",39,7,22,"D 2,3 -> 4,5",22,True,0.0,42198.0,1,False,0.07215392977191218,0.06,337575.0
"Fixed 42170, designed",39,8,1,S 0 -> 6,12,False,1.0,42200.0,1,False,0.009441304618271692,0.06,379775.0
"Fixed 42170, designed",39,9,10,"D 0,1 -> 5,6",12,False,1.0,42200.0,1,False,0.009441304618271692,0.06,421975.0
"Fixed 42170, designed",39,10,8,"D 0,1 -> 4,5",12,False,0.9999999990864848,42200.0,1,False,0.009441304618271692,0.05,464175.0
"Fixed 42170, designed",39,11,21,"D 1,3 -> 5,7",12,True,8.845313370642316e-11,42200.0,1,False,0.009441304618271692,0.05,506375.0
"Fixed 42170, designed",39,12,1,S 0 -> 6,12,False,1.0,42199.0,1,False,0.0181673376826264,0.05,548574.0
"Fixed 42170, designed",39,13,12,"D 0,2 -> 4,6",12,True,0.0,42199.0,1,False,0.0181673376826264,0.06,590773.0
"Fixed 42170, designed",40,0,25,"D 2,3 -> 6,7",25,True,0.0,42197.0,1,False,0.31503606513167726,0.05,42197.0
"Fixed 42170, designed",40,1,15,"D 0,3 -> 5,6",15,True,0.0,42195.0,1,False,0.29681502172579394,0.05,84392.0
"Fixed 42170, designed",40,2,8,"D 0,1 -> 4,5",8,True,0.0,42198.0,1,False,0.3764697826210095,0.05,126590.0
"Fixed 42170, designed",40,3,18,"D 1,2 -> 4,7",18,True,0.0,42195.0,1,False,0.3002635722338174,0.05,168785.0
"Fixed 42170, designed",40,4,22,"D 2,3 -> 4,5",14,False,0.30884520195814336,42198.0,1,False,0.03758523457422756,0.05,210983.0
"Fixed 42170, designed",40,5,11,"D 0,1 -> 6,7",11,True,0.0,42193.0,1,False,0.05305793406820507,0.05,253176.0
"Fixed 42170, designed",40,6,14,"D 0,3 -> 4,7",19,False,2.0183209770152644e-08,42197.0,1,False,0.054109020561471224,0.05,295373.0
"Fixed 42170, designed",40,7,19,"D 1,2 -> 5,6",19,True,0.0,42198.0,1,False,0.10242177965265713,0.05,337571.0
"Fixed 42170, designed",40,8,18,"D 1,2 -> 4,7",12,False,0.9999999774948338,42200.0,1,False,0.009441304738916297,0.05,379771.0
"Fixed 42170, designed",40,9,5,S 2 -> 6,12,False,1.0,42200.0,1,False,0.009441304738916297,0.05,421971.0
"Fixed 42170, designed",40,10,22,"D 2,3 -> 4,5",12,False,0.9999999783567306,42200.0,1,False,0.009441304738916297,0.05,464171.0
"Fixed 42170, designed",40,11,14,"D 0,3 -> 4,7",12,False,0.9999999636006504,42200.0,1,False,0.009441304738916297,0.05,506371.0
"Fixed 42170, designed",40,12,4,S 2 -> 4,12,False,1.0,42200.0,1,False,0.009441304738916297,0.05,548571.0
"Fixed 42170, designed",40,13,12,"D 0,2 -> 4,6",12,True,0.0,42200.0,1,False,0.009441304738916297,0.05,590771.0
"Fixed 42170, designed",40,14,21,"D 1,3 -> 5,7",21,True,0.0,42199.0,1,False,0.018167337341674927,0.05,632970.0
"Fixed 42170, designed",41,0,25,"D 2,3 -> 6,7",25,True,0.0,42197.0,1,False,0.31503606513167726,0.05,42197.0
"Fixed 42170, designed",41,1,18,"D 1,2 -> 4,7",15,True,0.0,42195.0,1,False,0.29681502172579394,0.05,84392.0
"Fixed 42170, designed",41,2,8,"D 0,1 -> 4,5",8,True,0.0,42198.0,1,False,0.3764697826210095,0.05,126590.0
"Fixed 42170, designed",41,3,15,"D 0,3 -> 5,6",15,True,0.0,42199.0,1,False,0.30026357217502075,0.05,168789.0
"Fixed 42170, designed",41,4,14,"D 0,3 -> 4,7",19,True,5.80789971671436e-10,42198.0,1,False,0.03758523474777508,0.05,210987.0
"Fixed 42170, designed",41,5,19,"D 1,2 -> 5,6",19,True,0.0,42201.0,1,False,0.0657125239206618,0.05,253188.0
"Fixed 42170, designed",41,6,22,"D 2,3 -> 4,5",22,True,0.0,42198.0,1,False,0.043648521241327065,0.05,295386.0
"Fixed 42170, designed",41,7,11,"D 0,1 -> 6,7",11,True,0.0,42194.0,1,False,0.10072796416579699,0.05,337580.0
"Fixed 42170, designed",41,8,21,"D 1,3 -> 5,7",21,True,0.0,42200.0,1,False,0.009441304483876924,0.05,379780.0
"Fixed 42170, designed",41,9,14,"D 0,3 -> 4,7",12,False,0.9867728227773682,42199.0,1,False,0.01816733748163215,0.05,421979.0
"Fixed 42170, designed",42,0,25,"D 2,3 -> 6,7",25,True,0.0,42197.0,1,False,0.31503606513167726,0.05,42197.0
"Fixed 42170, designed",42,1,18,"D 1,2 -> 4,7",15,True,0.0,42195.0,1,False,0.29681502172579394,0.05,84392.0
"Fixed 42170, designed",42,2,8,"D 0,1 -> 4,5",8,True,0.0,42198.0,1,False,0.3764697826210095,0.05,126590.0
"Fixed 42170, designed",42,3,15,"D 0,3 -> 5,6",15,True,0.0,42199.0,1,False,0.30026357217502075,0.05,168789.0
"Fixed 42170, designed",42,4,19,"D 1,2 -> 5,6",19,True,0.0,42198.0,1,False,0.03758523474777508,0.05,210987.0
"Fixed 42170, designed",42,5,14,"D 0,3 -> 4,7",14,True,0.0,42196.0,1,False,0.06571252399006697,0.05,253183.0
"Fixed 42170, designed",42,6,11,"D 0,1 -> 6,7",22,False,0.04480658230253376,42198.0,1,False,0.043648521305584075,0.05,295381.0
"Fixed 42170, designed",42,7,22,"D 2,3 -> 4,5",22,True,0.0,42198.0,1,False,0.06967473471393487,0.05,337579.0
"Fixed 42170, designed",42,8,2,S 1 -> 5,21,False,1.0,42200.0,1,False,0.009441304763103297,0.06,379779.0
"Fixed 42170, designed",42,9,21,"D 1,3 -> 5,7",21,True,0.0,42200.0,1,False,0.009441304763103297,0.06,421979.0
"Fixed 42170, designed",42,10,12,"D 0,2 -> 4,6",12,True,0.0,42199.0,1,False,0.01816733765010426,0.05,464178.0
"Fixed 42170, designed",43,0,25,"D 2,3 -> 6,7",25,True,0.0,42197.0,1,False,0.31503606513167726,0.05,42197.0
"Fixed 42170, designed",43,1,18,"D 1,2 -> 4,7",15,True,0.0,42195.0,1,False,0.29681502172579394,0.05,84392.0
"Fixed 42170, designed",43,2,8,"D 0,1 -> 4,5",8,True,0.0,42198.0,1,False,0.3764697826210095,0.05,126590.0
"Fixed 42170, designed",43,3,15,"D 0,3 -> 5,6",15,True,0.0,42199.0,1,False,0.30026357217502075,0.05,168789.0
"Fixed 42170, designed",43,4,19,"D 1,2 -> 5,6",19,True,0.0,42198.0,1,False,0.03758523474777508,0.05,210987.0
"Fixed 42170, designed",43,5,14,"D 0,3 -> 4,7",14,True,0.0,42196.0,1,False,0.06571252399006697,0.05,253183.0
"Fixed 42170, designed",43,6,22,"D 2,3 -> 4,5",22,True,0.0,42198.0,1,False,0.043648521305584075,0.05,295381.0
"Fixed 42170, designed",43,7,11,"D 0,1 -> 6,7",11,True,0.0,42194.0,1,False,0.10072796416579774,0.05,337575.0
"Fixed 42170, designed",43,8,19,"D 1,2 -> 5,6",21,False,0.9999999644488752,42200.0,1,False,0.009441304483876945,0.05,379775.0
"Fixed 42170, designed",43,9,2,S 1 -> 5,12,False,1.0,42200.0,1,False,0.009441304531544882,0.05,421975.0
"Fixed 42170, designed",43,10,15,"D 0,3 -> 5,6",12,False,0.9999999718877657,42200.0,1,False,0.009441304531544882,0.05,464175.0
"Fixed 42170, designed",43,11,1,S 0 -> 6,12,False,1.0,42200.0,1,False,0.009441304531544882,0.05,506375.0
"Fixed 42170, designed",43,12,1,S 0 -> 6,12,False,1.0,42200.0,1,False,0.009441304531544882,0.05,548575.0
"Fixed 42170, designed",43,13,12,"D 0,2 -> 4,6",12,True,0.0,42200.0,1,False,0.009441304531544882,0.05,590775.0
"Fixed 42170, designed",43,14,21,"D 1,3 -> 5,7",21,True,0.0,42199.0,1,False,0.018167337726992694,0.05,632974.0
"Fixed 42170, designed",44,0,25,"D 2,3 -> 6,7",25,True,0.0,42197.0,1,False,0.31503606513167726,0.05,42197.0
"Fixed 42170, designed",44,1,15,"D 0,3 -> 5,6",15,True,0.0,42195.0,1,False,0.29681502172579394,0.05,84392.0
"Fixed 42170, designed",44,2,8,"D 0,1 -> 4,5",8,True,0.0,42198.0,1,False,0.3764697826210095,0.05,126590.0
"Fixed 42170, designed",44,3,18,"D 1,2 -> 4,7",18,True,0.0,42195.0,1,False,0.3002635722338174,0.05,168785.0
"Fixed 42170, designed",44,4,19,"D 1,2 -> 5,6",14,True,5.182410056647768e-12,42198.0,1,False,0.03758523457422756,0.05,210983.0
"Fixed 42170, designed",44,5,14,"D 0,3 -> 4,7",14,True,0.0,42196.0,1,False,0.06571252392066197,0.05,253179.0
"Fixed 42170, designed",44,6,11,"D 0,1 -> 6,7",22,False,0.044806582285143115,42198.0,1,False,0.04364852124132713,0.05,295377.0
"Fixed 42170, designed",44,7,22,"D 2,3 -> 4,5",22,True,0.0,42198.0,1,False,0.06967473471393487,0.05,337575.0
"Fixed 42170, designed",44,8,7,S 3 -> 7,21,False,1.0,42200.0,1,False,0.009441304632724919,0.05,379775.0
"Fixed 42170, designed",44,9,4,S 2 -> 4,21,False,1.0,42200.0,1,False,0.009441304632724919,0.05,421975.0
"Fixed 42170, designed",44,10,3,S 1 -> 7,21,False,1.0,42200.0,1,False,0.009441304632724919,0.05,464175.0
"Fixed 42170, designed",44,11,1,S 0 -> 6,21,False,1.0,42200.0,1,False,0.009441304632724919,0.05,506375.0
"Fixed 42170, designed",44,12,16,"D 0,3 -> 6,7",21,False,1.0,42200.0,1,False,0.009441304632724919,0.05,548575.0
"Fixed 42170, designed",44,13,21,"D 1,3 -> 5,7",21,True,0.0,42200.0,1,False,0.009441304632724919,0.05,590775.0
"Fixed 42170, designed",44,14,12,"D 0,2 -> 4,6",12,True,0.0,42199.0,1,False,0.018167337649211586,0.05,632974.0
"Fixed 42170, designed",45,0,25,"D 2,3 -> 6,7",25,True,0.0,42197.0,1,False,0.31503606513167726,0.06,42197.0
"Fixed 42170, designed",45,1,15,"D 0,3 -> 5,6",15,True,0.0,42195.0,1,False,0.29681502172579394,0.05,84392.0
"Fixed 42170, designed",45,2,8,"D 0,1 -> 4,5",8,True,0.0,42198.0,1,False,0.3764697826210095,0.05,126590.0
"Fixed 42170, designed",45,3,18,"D 1,2 -> 4,7",18,True,0.0,42195.0,1,False,0.3002635722338174,0.05,168785.0
"Fixed 42170, designed",45,4,19,"D 1,2 -> 5,6",14,True,5.182410056647768e-12,42198.0,1,False,0.03758523457422756,0.05,210983.0
"Fixed 42170, designed",45,5,14,"D 0,3 -> 4,7",14,True,0.0,42196.0,1,False,0.06571252392066197,0.05,253179.0
"Fixed 42170, designed",45,6,22,"D 2,3 -> 4,5",22,True,0.0,42198.0,1,False,0.04364852124132713,0.05,295377.0
"Fixed 42170, designed",45,7,11,"D 0,1 -> 6,7",11,True,0.0,42194.0,1,False,0.10072796416579667,0.05,337571.0
"Fixed 42170, designed",45,8,3,S 1 -> 7,21,False,1.0,42200.0,1,False,0.009441304630083448,0.05,379771.0
"Fixed 42170, designed",45,9,6,S 3 -> 5,21,False,1.0,42200.0,1,False,0.009441304630083448,0.05,421971.0
"Fixed 42170, designed",45,10,3,S 1 -> 7,21,False,1.0,42200.0,1,False,0.009441304630083448,0.05,464171.0
"Fixed 42170, designed",45,11,21,"D 1,3 -> 5,7",21,True,0.0,42200.0,1,False,0.009441304630083448,0.05,506371.0
"Fixed 42170, designed",45,12,20,"D 1,2 -> 6,7",12,False,1.0,42199.0,1,False,0.018167337649211367,0.05,548570.0
"Fixed 42170, designed",45,13,11,"D 0,1 -> 6,7",12,False,0.9826751306735532,42199.0,1,False,0.018167337649211367,0.05,590769.0
"Fixed 42170, designed",46,0,25,"D 2,3 -> 6,7",25,True,0.0,42197.0,1,False,0.31503606513167726,0.05,42197.0
"Fixed 42170, designed",46,1,18,"D 1,2 -> 4,7",15,True,0.0,42195.0,1,False,0.29681502172579394,0.05,84392.0
"Fixed 42170, designed",46,2,8,"D 0,1 -> 4,5",8,True,0.0,42198.0,1,False,0.3764697826210095,0.05,126590.0
"Fixed 42170, designed",46,3,15,"D 0,3 -> 5,6",15,True,0.0,42199.0,1,False,0.30026357217502075,0.05,168789.0
"Fixed 42170, designed",46,4,22,"D 2,3 -> 4,5",19,False,0.30884520486840616,42198.0,1,False,0.03758523474777508,0.05,210987.0
"Fixed 42170, designed",46,5,11,"D 0,1 -> 6,7",11,True,0.0,42193.0,1,False,0.0530579340682053,0.05,253180.0
"Fixed 42170, designed",46,6,19,"D 1,2 -> 5,6",14,True,7.019012038256278e-10,42197.0,1,False,0.054109016935595354,0.05,295377.0
"Fixed 42170, designed",46,7,14,"D 0,3 -> 4,7",14,True,0.0,42192.0,1,False,0.1024217793079887,0.05,337569.0
"Fixed 42170, designed",46,8,25,"D 2,3 -> 6,7",21,False,0.9999998425476394,42200.0,1,False,0.009441304783963897,0.05,379769.0
"Fixed 42170, designed",46,9,21,"D 1,3 -> 5,7",21,True,0.0,42200.0,1,False,0.009441304783963897,0.05,421969.0
"Fixed 42170, designed",46,10,1,S 0 -> 6,12,False,1.0,42199.0,1,False,0.018167337982622243,0.05,464168.0
"Fixed 42170, designed",46,11,3,S 1 -> 7,12,False,1.0,42199.0,1,False,0.018167337982622243,0.05,506367.0
"Fixed 42170, designed",46,12,4,S 2 -> 4,12,False,1.0,42199.0,1,False,0.018167337982622243,0.05,548566.0
"Fixed 42170, designed",46,13,0,S 0 -> 4,12,False,1.0,42199.0,1,False,0.018167337982622243,0.05,590765.0
"Fixed 42170, designed",46,14,20,"D 1,2 -> 6,7",12,False,1.0,42199.0,1,False,0.018167337982622243,0.05,632964.0
"Fixed 42170, designed",46,15,1,S 0 -> 6,12,False,1.0,42199.0,1,False,0.018167337982622243,0.05,675163.0
"Fixed 42170, designed",46,16,9,"D 0,1 -> 4,7",12,False,1.0,42199.0,1,False,0.018167337982622243,0.05,717362.0
"Fixed 42170, designed",46,17,12,"D 0,2 -> 4,6",12,True,0.0,42199.0,1,False,0.018167337982622243,0.05,759561.0
"Fixed 42170, designed",47,0,25,"D 2,3 -> 6,7",25,True,0.0,42197.0,1,False,0.31503606513167726,0.05,42197.0
"Fixed 42170, designed",47,1,15,"D 0,3 -> 5,6",15,True,0.0,42195.0,1,False,0.29681502172579394,0.05,84392.0
"Fixed 42170, designed",47,2,8,"D 0,1 -> 4,5",8,True,0.0,42198.0,1,False,0.3764697826210095,0.05,126590.0
"Fixed 42170, designed",47,3,18,"D 1,2 -> 4,7",18,True,0.0,42195.0,1,False,0.3002635722338174,0.05,168785.0
"Fixed 42170, designed",47,4,19,"D 1,2 -> 5,6",14,True,5.182410056647768e-12,42198.0,1,False,0.03758523457422756,0.05,210983.0
"Fixed 42170, designed",47,5,14,"D 0,3 -> 4,7",14,True,0.0,42196.0,1,False,0.06571252392066197,0.05,253179.0
"Fixed 42170, designed",47,6,22,"D 2,3 -> 4,5",22,True,0.0,42198.0,1,False,0.04364852124132713,0.05,295377.0
"Fixed 42170, designed",47,7,11,"D 0,1 -> 6,7",11,True,0.0,42194.0,1,False,0.10072796416579667,0.05,337571.0
"Fixed 42170, designed",47,8,4,S 2 -> 4,21,False,1.0,42200.0,1,False,0.009441304630083448,0.05,379771.0
"Fixed 42170, designed",47,9,3,S 1 -> 7,21,False,1.0,42200.0,1,False,0.009441304630083448,0.05,421971.0
"Fixed 42170, designed",47,10,5,S 2 -> 6,21,False,1.0,42200.0,1,False,0.009441304630083448,0.05,464171.0
"Fixed 42170, designed",47,11,21,"D 1,3 -> 5,7",21,True,0.0,42200.0,1,False,0.009441304630083448,0.05,506371.0
"Fixed 42170, designed",47,12,14,"D 0,3 -> 4,7",12,False,0.9867733860306898,42199.0,1,False,0.018167337649211367,0.06,548570.0
"Fixed 42170, designed",48,0,25,"D 2,3 -> 6,7",25,True,0.0,42197.0,1,False,0.31503606513167726,0.05,42197.0
"Fixed 42170, designed",48,1,18,"D 1,2 -> 4,7",15,True,0.0,42195.0,1,False,0.29681502172579394,0.05,84392.0
"Fixed 42170, designed",48,2,8,"D 0,1 -> 4,5",8,True,0.0,42198.0,1,False,0.3764697826210095,0.05,126590.0
"Fixed 42170, designed",48,3,15,"D 0,3 -> 5,6",15,True,0.0,42199.0,1,False,0.30026357217502075,0.05,168789.0
"Fixed 42170, designed",48,4,19,"D 1,2 -> 5,6",19,True,0.0,42198.0,1,False,0.03758523474777508,0.05,210987.0
"Fixed 42170, designed",48,5,14,"D 0,3 -> 4,7",14,True,0.0,42196.0,1,False,0.06571252399006697,0.05,253183.0
"Fixed 42170, designed",48,6,11,"D 0,1 -> 6,7",22,False,0.04480658230253376,42198.0,1,False,0.043648521305584075,0.05,295381.0
"Fixed 42170, designed",48,7,22,"D 2,3 -> 4,5",22,True,0.0,42198.0,1,False,0.06967473471393487,0.05,337579.0
"Fixed 42170, designed",48,8,9,"D 0,1 -> 4,7",21,False,1.0,42200.0,1,False,0.009441304763103297,0.05,379779.0
"Fixed 42170, designed",48,9,21,"D 1,3 -> 5,7",21,True,0.0,42200.0,1,False,0.009441304763103297,0.05,421979.0
"Fixed 42170, designed",48,10,12,"D 0,2 -> 4,6",12,True,0.0,42199.0,1,False,0.01816733765010426,0.05,464178.0
"Fixed 42170, designed",49,0,25,"D 2,3 -> 6,7",25,True,0.0,42197.0,1,False,0.31503606513167726,0.05,42197.0
"Fixed 42170, designed",49,1,15,"D 0,3 -> 5,6",15,True,0.0,42195.0,1,False,0.29681502172579394,0.05,84392.0
"Fixed 42170, designed",49,2,8,"D 0,1 -> 4,5",8,True,0.0,42198.0,1,False,0.3764697826210095,0.05,126590.0
"Fixed 42170, designed",49,3,18,"D 1,2 -> 4,7",18,True,0.0,42195.0,1,False,0.3002635722338174,0.05,168785.0
"Fixed 42170, designed",49,4,19,"D 1,2 -> 5,6",14,True,5.182410056647768e-12,42198.0,1,False,0.03758523457422756,0.06,210983.0
"Fixed 42170, designed",49,5,14,"D 0,3 -> 4,7",14,True,0.0,42196.0,1,False,0.06571252392066197,0.06,253179.0
"Fixed 42170, designed",49,6,11,"D 0,1 -> 6,7",22,False,0.044806582285143115,42198.0,1,False,0.04364852124132713,0.06,295377.0
"Fixed 42170, designed",49,7,22,"D 2,3 -> 4,5",22,True,0.0,42198.0,1,False,0.06967473471393487,0.06,337575.0
"Fixed 42170, designed",49,8,1,S 0 -> 6,21,False,1.0,42200.0,1,False,0.009441304632724919,0.05,379775.0
"Fixed 42170, designed",49,9,22,"D 2,3 -> 4,5",21,False,0.9999999928686681,42200.0,1,False,0.009441304632724919,0.05,421975.0
"Fixed 42170, designed",49,10,18,"D 1,2 -> 4,7",21,False,0.9999999899943335,42200.0,1,False,0.009441304632724919,0.05,464175.0
"Fixed 42170, designed",49,11,19,"D 1,2 -> 5,6",21,False,0.9999999753612627,42200.0,1,False,0.009441304632724919,0.05,506375.0
"Fixed 42170, designed",49,12,21,"D 1,3 -> 5,7",21,True,0.0,42200.0,1,False,0.009441304632724919,0.05,548575.0
"Fixed 42170, designed",49,13,12,"D 0,2 -> 4,6",12,True,0.0,42199.0,1,False,0.0181673376803919,0.05,590774.0
"Fixed 42170, designed",50,0,25,"D 2,3 -> 6,7",25,True,0.0,42197.0,1,False,0.31503606513167726,0.05,42197.0
"Fixed 42170, designed",50,1,18,"D 1,2 -> 4,7",15,True,0.0,42195.0,1,False,0.29681502172579394,0.05,84392.0
"Fixed 42170, designed",50,2,8,"D 0,1 -> 4,5",8,True,0.0,42198.0,1,False,0.3764697826210095,0.05,126590.0
"Fixed 42170, designed",50,3,15,"D 0,3 -> 5,6",15,True,0.0,42199.0,1,False,0.30026357217502075,0.05,168789.0
"Fixed 42170, designed",50,4,14,"D 0,3 -> 4,7",19,True,5.80789971671436e-10,42198.0,1,False,0.03758523474777508,0.05,210987.0
"Fixed 42170, designed",50,5,19,"D 1,2 -> 5,6",19,True,0.0,42201.0,1,False,0.0657125239206618,0.05,253188.0
"Fixed 42170, designed",50,6,11,"D 0,1 -> 6,7",22,False,0.044806582285133345,42198.0,1,False,0.043648521241327065,0.05,295386.0
"Fixed 42170, designed",50,7,22,"D 2,3 -> 4,5",22,True,0.0,42198.0,1,False,0.06967473482297251,0.05,337584.0
"Fixed 42170, designed",50,8,8,"D 0,1 -> 4,5",12,False,0.9999999853713407,42200.0,1,False,0.009441304632724787,0.05,379784.0
"Fixed 42170, designed",50,9,1,S 0 -> 6,12,False,1.0,42200.0,1,False,0.009441304632724787,0.05,421984.0
"Fixed 42170, designed",50,10,4,S 2 -> 4,12,False,1.0,42200.0,1,False,0.009441304632724787,0.05,464184.0
"Fixed 42170, designed",50,11,21,"D 1,3 -> 5,7",12,True,7.587165340439128e-10,42200.0,1,False,0.009441304632724787,0.05,506384.0
"Fixed 42170, designed",50,12,12,"D 0,2 -> 4,6",12,True,0.0,42199.0,1,False,0.018167337675539883,0.05,548583.0
"Fixed 42170, designed",51,0,19,"D 1,2 -> 5,6",25,False,0.052846754050403844,42197.0,1,False,0.31503606513167726,0.06,42197.0
"Fixed 42170, designed",51,1,22,"D 2,3 -> 4,5",22,True,0.0,42193.0,1,False,0.2986379460814117,0.05,84390.0
"Fixed 42170, designed",51,2,14,"D 0,3 -> 4,7",14,True,0.0,42196.0,1,False,0.3532199223008815,0.05,126586.0
"Fixed 42170, designed",51,3,11,"D 0,1 -> 6,7",11,True,0.0,42195.0,1,False,0.22254278935005609,0.05,168781.0
"Fixed 42170, designed",51,4,15,"D 0,3 -> 5,6",8,False,0.026297156671435507,42196.0,1,False,0.022746160639765003,0.05,210977.0
"Fixed 42170, designed",51,5,8,"D 0,1 -> 4,5",18,False,0.36847336697618593,42197.0,1,False,0.03866517255362906,0.05,253174.0
"Fixed 42170, designed",51,6,25,"D 2,3 -> 6,7",25,True,0.0,42201.0,1,False,0.041874368078489294,0.05,295375.0
"Fixed 42170, designed",51,7,18,"D 1,2 -> 4,7",18,True,0.0,42195.0,1,False,0.06317054667003458,0.05,337570.0
"Fixed 42170, designed",51,8,12,"D 0,2 -> 4,6",21,False,1.446295272433673e-08,42200.0,1,False,0.009441305504556168,0.05,379770.0
"Fixed 42170, designed",51,9,21,"D 1,3 -> 5,7",21,True,0.0,42199.0,1,False,0.01816734085376088,0.05,421969.0
"Fixed 42170, designed",52,0,14,"D 0,3 -> 4,7",25,False,0.052846754050403844,42197.0,1,False,0.31503606513167726,0.06,42197.0
"Fixed 42170, designed",52,1,19,"D 1,2 -> 5,6",22,False,0.0008388564376003993,42197.0,1,False,0.2986379460442076,0.05,84394.0
"Fixed 42170, designed",52,2,22,"D 2,3 -> 4,5",22,True,0.0,42198.0,1,False,0.30702477030875686,0.05,126592.0
"Fixed 42170, designed",52,3,11,"D 0,1 -> 6,7",11,True,0.0,42196.0,1,False,0.4010030866164432,0.05,168788.0
"Fixed 42170, designed",52,4,8,"D 0,1 -> 4,5",8,True,0.0,42196.0,1,False,0.022746161139309492,0.05,210984.0
"Fixed 42170, designed",52,5,25,"D 2,3 -> 6,7",25,True,0.0,42195.0,1,False,0.03848376632450176,0.05,253179.0
"Fixed 42170, designed",52,6,18,"D 1,2 -> 4,7",15,True,0.0,42200.0,1,False,0.03323670767411312,0.05,295379.0
"Fixed 42170, designed",52,7,15,"D 0,3 -> 5,6",15,True,0.0,42195.0,1,False,0.06135744870697,0.05,337574.0
"Fixed 42170, designed",52,8,5,S 2 -> 6,12,False,1.0,42200.0,1,False,0.009441304668862302,0.06,379774.0
"Fixed 42170, designed",52,9,9,"D 0,1 -> 4,7",12,False,1.0,42200.0,1,False,0.009441304668862302,0.05,421974.0
"Fixed 42170, designed",52,10,8,"D 0,1 -> 4,5",12,False,0.999999893494246,42200.0,1,False,0.009441304668862302,0.05,464174.0
"Fixed 42170, designed",52,11,15,"D 0,3 -> 5,6",12,False,0.9999999756825645,42200.0,1,False,0.009441304668862302,0.05,506374.0
"Fixed 42170, designed",52,12,16,"D 0,3 -> 6,7",12,False,1.0,42200.0,1,False,0.009441304668862302,0.06,548574.0
"Fixed 42170, designed",52,13,21,"D 1,3 -> 5,7",12,False,3.2243500092121735e-09,42200.0,1,False,0.009441304668862302,0.06,590774.0
"Fixed 42170, designed",52,14,12,"D 0,2 -> 4,6",12,True,0.0,42199.0,1,False,0.018167337686296553,0.06,632973.0
"Fixed 42170, designed",53,0,25,"D 2,3 -> 6,7",25,True,0.0,42197.0,1,False,0.31503606513167726,0.05,42197.0
"Fixed 42170, designed",53,1,8,"D 0,1 -> 4,5",15,False,0.033311851350335986,42195.0,1,False,0.29681502172579394,0.05,84392.0
"Fixed 42170, designed",53,2,15,"D 0,3 -> 5,6",15,True,0.0,42195.0,1,False,0.303713351808019,0.05,126587.0
"Fixed 42170, designed",53,3,18,"D 1,2 -> 4,7",18,True,0.0,42199.0,1,False,0.38824803810173436,0.05,168786.0
"Fixed 42170, designed",53,4,19,"D 1,2 -> 5,6",14,True,5.1515680610236814e-11,42198.0,1,False,0.03758523456612019,0.05,210984.0
"Fixed 42170, designed",53,5,14,"D 0,3 -> 4,7",14,True,0.0,42196.0,1,False,0.06571252413529657,0.05,253180.0
"Fixed 42170, designed",53,6,11,"D 0,1 -> 6,7",22,False,0.04480658441419072,42198.0,1,False,0.04364852179220628,0.05,295378.0
"Fixed 42170, designed",53,7,22,"D 2,3 -> 4,5",22,True,0.0,42198.0,1,False,0.06967473556001899,0.05,337576.0
"Fixed 42170, designed",53,8,21,"D 1,3 -> 5,7",12,True,4.773959005888173e-15,42200.0,1,False,0.009441304833068015,0.05,379776.0
"Fixed 42170, designed",53,9,10,"D 0,1 -> 5,6",12,False,1.0,42199.0,1,False,0.018167337417697004,0.05,421975.0
"Fixed 42170, designed",53,10,12,"D 0,2 -> 4,6",12,True,0.0,42199.0,1,False,0.018167337417697004,0.05,464174.0
"Fixed 42170, designed",54,0,19,"D 1,2 -> 5,6",25,False,0.052846754050403844,42197.0,1,False,0.31503606513167726,0.05,42197.0
"Fixed 42170, designed",54,1,22,"D 2,3 -> 4,5",22,True,0.0,42193.0,1,False,0.2986379460814117,0.05,84390.0
"Fixed 42170, designed",54,2,14,"D 0,3 -> 4,7",14,True,0.0,42196.0,1,False,0.3532199223008815,0.05,126586.0
"Fixed 42170, designed",54,3,11,"D 0,1 -> 6,7",11,True,0.0,42195.0,1,False,0.22254278935005609,0.05,168781.0
"Fixed 42170, designed",54,4,25,"D 2,3 -> 6,7",8,False,0.054879827150282834,42196.0,1,False,0.022746160639765003,0.05,210977.0
"Fixed 42170, designed",54,5,15,"D 0,3 -> 5,6",8,False,0.3994998314960503,42195.0,1,False,0.039703579032840976,0.05,253172.0
"Fixed 42170, designed",54,6,8,"D 0,1 -> 4,5",8,True,0.0,42195.0,1,False,0.043185709456097635,0.05,295367.0
"Fixed 42170, designed",54,7,18,"D 1,2 -> 4,7",18,True,0.0,42195.0,1,False,0.06317054637226721,0.05,337562.0
"Fixed 42170, designed",54,8,21,"D 1,3 -> 5,7",21,True,0.0,42200.0,1,False,0.009441304638651,0.05,379762.0
"Fixed 42170, designed",54,9,0,S 0 -> 4,12,False,1.0,42199.0,1,False,0.018167337810208933,0.05,421961.0
"Fixed 42170, designed",54,10,17,"D 1,2 -> 4,5",12,False,1.0,42199.0,1,False,0.018167337810208933,0.05,464160.0
"Fixed 42170, designed",54,11,10,"D 0,1 -> 5,6",12,False,1.0,42199.0,1,False,0.018167337810208933,0.05,506359.0
"Fixed 42170, designed",54,12,3,S 1 -> 7,12,False,1.0,42199.0,1,False,0.018167337810208933,0.05,548558.0
"Fixed 42170, designed",54,13,21,"D 1,3 -> 5,7",12,False,0.9999999877523266,42199.0,1,False,0.018167337810208933,0.05,590757.0
"Fixed 42170, designed",54,14,9,"D 0,1 -> 4,7",12,False,1.0,42199.0,1,False,0.018167337810208933,0.05,632956.0
"Fixed 42170, designed",54,15,6,S 3 -> 5,12,False,1.0,42199.0,1,False,0.018167337810208933,0.05,675155.0
"Fixed 42170, designed",54,16,1,S 0 -> 6,12,False,1.0,42199.0,1,False,0.018167337810208933,0.05,717354.0
"Fixed 42170, designed",54,17,1,S 0 -> 6,12,False,1.0,42199.0,1,False,0.018167337810208933,0.05,759553.0
"Fixed 42170, designed",54,18,15,"D 0,3 -> 5,6",12,False,0.993315885218193,42199.0,1,False,0.018167337810208933,0.05,801752.0
"Fixed 42170, designed",55,0,19,"D 1,2 -> 5,6",25,False,0.052846754050403844,42197.0,1,False,0.31503606513167726,0.06,42197.0
"Fixed 42170, designed",55,1,14,"D 0,3 -> 4,7",22,False,0.0008388565620752741,42193.0,1,False,0.2986379460814117,0.06,84390.0
"Fixed 42170, designed",55,2,22,"D 2,3 -> 4,5",22,True,0.0,42198.0,1,False,0.3070247718582447,0.05,126588.0
"Fixed 42170, designed",55,3,11,"D 0,1 -> 6,7",11,True,0.0,42196.0,1,False,0.4010030868094594,0.05,168784.0
"Fixed 42170, designed",55,4,15,"D 0,3 -> 5,6",8,False,0.026297171902414096,42196.0,1,False,0.02274616133043009,0.05,210980.0
"Fixed 42170, designed",55,5,8,"D 0,1 -> 4,5",18,False,0.36847336600794334,42197.0,1,False,0.038665172522971414,0.05,253177.0
"Fixed 42170, designed",55,6,18,"D 1,2 -> 4,7",25,False,0.0065720961375626,42201.0,1,False,0.04187436815092785,0.05,295378.0
"Fixed 42170, designed",55,7,25,"D 2,3 -> 6,7",25,True,0.0,42196.0,1,False,0.06343826413369563,0.05,337574.0
"Fixed 42170, designed",55,8,19,"D 1,2 -> 5,6",21,False,0.9999999738719263,42200.0,1,False,0.009441304674841885,0.05,379774.0
"Fixed 42170, designed",55,9,6,S 3 -> 5,21,False,1.0,42200.0,1,False,0.009441304674841885,0.05,421974.0
"Fixed 42170, designed",55,10,9,"D 0,1 -> 4,7",21,False,1.0,42200.0,1,False,0.009441304674841885,0.05,464174.0
"Fixed 42170, designed",55,11,12,"D 0,2 -> 4,6",21,True,6.273985775351321e-10,42200.0,1,False,0.009441304674841885,0.05,506374.0
"Fixed 42170, designed",55,12,21,"D 1,3 -> 5,7",21,True,0.0,42199.0,1,False,0.018167337750253712,0.05,548573.0
"Fixed 42170, designed",56,0,14,"D 0,3 -> 4,7",25,False,0.052846754050403844,42197.0,1,False,0.31503606513167726,0.05,42197.0
"Fixed 42170, designed",56,1,19,"D 1,2 -> 5,6",22,False,0.0008388564376003993,42197.0,1,False,0.2986379460442076,0.05,84394.0
"Fixed 42170, designed",56,2,22,"D 2,3 -> 4,5",22,True,0.0,42198.0,1,False,0.30702477030875686,0.05,126592.0
"Fixed 42170, designed",56,3,11,"D 0,1 -> 6,7",11,True,0.0,42196.0,1,False,0.4010030866164432,0.05,168788.0
"Fixed 42170, designed",56,4,8,"D 0,1 -> 4,5",8,True,0.0,42196.0,1,False,0.022746161139309492,0.05,210984.0
"Fixed 42170, designed",56,5,25,"D 2,3 -> 6,7",25,True,0.0,42195.0,1,False,0.03848376632450176,0.05,253179.0
"Fixed 42170, designed",56,6,18,"D 1,2 -> 4,7",15,True,0.0,42200.0,1,False,0.03323670767411312,0.05,295379.0
"Fixed 42170, designed",56,7,15,"D 0,3 -> 5,6",15,True,0.0,42195.0,1,False,0.06135744870697,0.05,337574.0
"Fixed 42170, designed",56,8,21,"D 1,3 -> 5,7",12,False,3.2243500092121735e-09,42200.0,1,False,0.009441304668862302,0.05,379774.0
"Fixed 42170, designed",56,9,12,"D 0,2 -> 4,6",12,True,0.0,42199.0,1,False,0.018167337669279693,0.05,421973.0
"Fixed 42170, designed",57,0,25,"D 2,3 -> 6,7",25,True,0.0,42197.0,1,False,0.31503606513167726,0.05,42197.0
"Fixed 42170, designed",57,1,18,"D 1,2 -> 4,7",15,True,0.0,42195.0,1,False,0.29681502172579394,0.05,84392.0
"Fixed 42170, designed",57,2,8,"D 0,1 -> 4,5",8,True,0.0,42198.0,1,False,0.3764697826210095,0.05,126590.0
"Fixed 42170, designed",57,3,15,"D 0,3 -> 5,6",15,True,0.0,42199.0,1,False,0.30026357217502075,0.05,168789.0
"Fixed 42170, designed",57,4,19,"D 1,2 -> 5,6",19,True,0.0,42198.0,1,False,0.03758523474777508,0.05,210987.0
"Fixed 42170, designed",57,5,14,"D 0,3 -> 4,7",14,True,0.0,42196.0,1,False,0.06571252399006697,0.05,253183.0
"Fixed 42170, designed",57,6,22,"D 2,3 -> 4,5",22,True,0.0,42198.0,1,False,0.043648521305584075,0.05,295381.0
"Fixed 42170, designed",57,7,11,"D 0,1 -> 6,7",11,True,0.0,42194.0,1,False,0.10072796416579774,0.05,337575.0
"Fixed 42170, designed",57,8,21,"D 1,3 -> 5,7",21,True,0.0,42200.0,1,False,0.009441304483876945,0.05,379775.0
"Fixed 42170, designed",57,9,23,"D 2,3 -> 4,7",12,False,1.0,42199.0,1,False,0.018167337522397423,0.05,421974.0
"Fixed 42170, designed",57,10,11,"D 0,1 -> 6,7",12,False,0.9826751004673054,42199.0,1,False,0.018167337214317784,0.05,464173.0
"Fixed 42170, designed",58,0,25,"D 2,3 -> 6,7",25,True,0.0,42197.0,1,False,0.31503606513167726,0.05,42197.0
"Fixed 42170, designed",58,1,18,"D 1,2 -> 4,7",15,True,0.0,42195.0,1,False,0.29681502172579394,0.05,84392.0
"Fixed 42170, designed",58,2,8,"D 0,1 -> 4,5",8,True,0.0,42198.0,1,False,0.3764697826210095,0.05,126590.0
"Fixed 42170, designed",58,3,15,"D 0,3 -> 5,6",15,True,0.0,42199.0,1,False,0.30026357217502075,0.05,168789.0
"Fixed 42170, designed",58,4,19,"D 1,2 -> 5,6",19,True,0.0,42198.0,1,False,0.03758523474777508,0.05,210987.0
"Fixed 42170, designed",58,5,14,"D 0,3 -> 4,7",14,True,0.0,42196.0,1,False,0.06571252399006697,0.05,253183.0
"Fixed 42170, designed",58,6,22,"D 2,3 -> 4,5",22,True,0.0,42198.0,1,False,0.043648521305584075,0.05,295381.0
"Fixed 42170, designed",58,7,11,"D 0,1 -> 6,7",11,True,0.0,42194.0,1,False,0.10072796416579774,0.05,337575.0
"Fixed 42170, designed",58,8,4,S 2 -> 4,21,False,1.0,42200.0,1,False,0.009441304483876945,0.05,379775.0
"Fixed 42170, designed",58,9,0,S 0 -> 4,12,False,1.0,42200.0,1,False,0.00944130454604846,0.05,421975.0
"Fixed 42170, designed",58,10,21,"D 1,3 -> 5,7",12,True,6.400112662063862e-10,42200.0,1,False,0.00944130454604846,0.05,464175.0
"Fixed 42170, designed",58,11,13,"D 0,3 -> 4,5",12,False,1.0,42199.0,1,False,0.018167337650105038,0.05,506374.0
"Fixed 42170, designed",58,12,12,"D 0,2 -> 4,6",12,True,0.0,42199.0,1,False,0.018167337650105038,0.05,548573.0
"Fixed 42170, designed",59,0,25,"D 2,3 -> 6,7",25,True,0.0,42197.0,1,False,0.31503606513167726,0.05,42197.0
"Fixed 42170, designed",59,1,15,"D 0,3 -> 5,6",15,True,0.0,42195.0,1,False,0.29681502172579394,0.05,84392.0
"Fixed 42170, designed",59,2,8,"D 0,1 -> 4,5",8,True,0.0,42198.0,1,False,0.3764697826210095,0.05,126590.0
"Fixed 42170, designed",59,3,18,"D 1,2 -> 4,7",18,True,0.0,42195.0,1,False,0.3002635722338174,0.05,168785.0
"Fixed 42170, designed",59,4,22,"D 2,3 -> 4,5",14,False,0.30884520195814336,42198.0,1,False,0.03758523457422756,0.05,210983.0
"Fixed 42170, designed",59,5,14,"D 0,3 -> 4,7",11,False,0.22259313168640804,42193.0,1,False,0.05305793406820507,0.05,253176.0
"Fixed 42170, designed",59,6,19,"D 1,2 -> 5,6",19,True,0.0,42195.0,1,False,0.07333715133042923,0.05,295371.0
"Fixed 42170, designed",59,7,11,"D 0,1 -> 6,7",11,True,0.0,42195.0,1,False,0.11145598867033096,0.05,337566.0
"Fixed 42170, designed",59,8,12,"D 0,2 -> 4,6",12,True,0.0,42200.0,1,False,0.009441304556555577,0.05,379766.0
"Fixed 42170, designed",59,9,21,"D 1,3 -> 5,7",21,True,0.0,42199.0,1,False,0.018167337672005405,0.05,421965.0
"Fixed 42170, designed",60,0,25,"D 2,3 -> 6,7",25,True,0.0,42197.0,1,False,0.31503606513167726,0.05,42197.0
"Fixed 42170, designed",60,1,18,"D 1,2 -> 4,7",15,True,0.0,42195.0,1,False,0.29681502172579394,0.05,84392.0
"Fixed 42170, designed",60,2,8,"D 0,1 -> 4,5",8,True,0.0,42198.0,1,False,0.3764697826210095,0.05,126590.0
"Fixed 42170, designed",60,3,15,"D 0,3 -> 5,6",15,True,0.0,42199.0,1,False,0.30026357217502075,0.05,168789.0
"Fixed 42170, designed",60,4,14,"D 0,3 -> 4,7",19,True,5.80789971671436e-10,42198.0,1,False,0.03758523474777508,0.05,210987.0
"Fixed 42170, designed",60,5,19,"D 1,2 -> 5,6",19,True,0.0,42201.0,1,False,0.0657125239206618,0.05,253188.0
"Fixed 42170, designed",60,6,22,"D 2,3 -> 4,5",22,True,0.0,42198.0,1,False,0.043648521241327065,0.05,295386.0
"Fixed 42170, designed",60,7,11,"D 0,1 -> 6,7",11,True,0.0,42194.0,1,False,0.10072796416579699,0.05,337580.0
"Fixed 42170, designed",60,8,3,S 1 -> 7,21,False,1.0,42200.0,1,False,0.009441304483876924,0.05,379780.0
"Fixed 42170, designed",60,9,25,"D 2,3 -> 6,7",12,False,0.9999999578025216,42200.0,1,False,0.009441304546048494,0.05,421980.0
"Fixed 42170, designed",60,10,2,S 1 -> 5,12,False,1.0,42200.0,1,False,0.009441304546048494,0.05,464180.0
"Fixed 42170, designed",60,11,14,"D 0,3 -> 4,7",12,False,0.9999999698250505,42200.0,1,False,0.009441304546048494,0.05,506380.0
"Fixed 42170, designed",60,12,15,"D 0,3 -> 5,6",12,False,0.9999999673685148,42200.0,1,False,0.009441304546048494,0.05,548580.0
"Fixed 42170, designed",60,13,20,"D 1,2 -> 6,7",12,False,1.0,42200.0,1,False,0.009441304546048494,0.05,590780.0
"Fixed 42170, designed",60,14,9,"D 0,1 -> 4,7",12,False,1.0,42200.0,1,False,0.009441304546048494,0.05,632980.0
"Fixed 42170, designed",60,15,21,"D 1,3 -> 5,7",12,True,6.400169283438117e-10,42200.0,1,False,0.009441304546048494,0.05,675180.0
"Fixed 42170, designed",60,16,20,"D 1,2 -> 6,7",12,False,1.0,42199.0,1,False,0.018167337728002157,0.05,717379.0
"Fixed 42170, designed",60,17,21,"D 1,3 -> 5,7",12,False,0.9999999991411738,42199.0,1,False,0.018167337728002157,0.05,759578.0
"Fixed 42170, designed",60,18,12,"D 0,2 -> 4,6",12,True,0.0,42199.0,1,False,0.018167337728002157,0.05,801777.0
"Fixed 42170, designed",61,0,25,"D 2,3 -> 6,7",25,True,0.0,42197.0,1,False,0.31503606513167726,0.05,42197.0
"Fixed 42170, designed",61,1,18,"D 1,2 -> 4,7",15,True,0.0,42195.0,1,False,0.29681502172579394,0.05,84392.0
"Fixed 42170, designed",61,2,8,"D 0,1 -> 4,5",8,True,0.0,42198.0,1,False,0.3764697826210095,0.05,126590.0
"Fixed 42170, designed",61,3,15,"D 0,3 -> 5,6",15,True,0.0,42199.0,1,False,0.30026357217502075,0.05,168789.0
"Fixed 42170, designed",61,4,19,"D 1,2 -> 5,6",19,True,0.0,42198.0,1,False,0.03758523474777508,0.06,210987.0
"Fixed 42170, designed",61,5,14,"D 0,3 -> 4,7",14,True,0.0,42196.0,1,False,0.06571252399006697,0.05,253183.0
"Fixed 42170, designed",61,6,11,"D 0,1 -> 6,7",22,False,0.04480658230253376,42198.0,1,False,0.043648521305584075,0.05,295381.0
"Fixed 42170, designed",61,7,22,"D 2,3 -> 4,5",22,True,0.0,42198.0,1,False,0.06967473471393487,0.05,337579.0
"Fixed 42170, designed",61,8,21,"D 1,3 -> 5,7",21,True,0.0,42200.0,1,False,0.009441304763103297,0.05,379779.0
"Fixed 42170, designed",61,9,12,"D 0,2 -> 4,6",12,True,0.0,42199.0,1,False,0.01816733765010426,0.05,421978.0
"Fixed 42170, designed",62,0,25,"D 2,3 -> 6,7",25,True,0.0,42197.0,1,False,0.31503606513167726,0.05,42197.0
"Fixed 42170, designed",62,1,15,"D 0,3 -> 5,6",15,True,0.0,42195.0,1,False,0.29681502172579394,0.05,84392.0
"Fixed 42170, designed",62,2,8,"D 0,1 -> 4,5",8,True,0.0,42198.0,1,False,0.3764697826210095,0.06,126590.0
"Fixed 42170, designed",62,3,18,"D 1,2 -> 4,7",18,True,0.0,42195.0,1,False,0.3002635722338174,0.05,168785.0
"Fixed 42170, designed",62,4,19,"D 1,2 -> 5,6",14,True,5.182410056647768e-12,42198.0,1,False,0.03758523457422756,0.05,210983.0
"Fixed 42170, designed",62,5,14,"D 0,3 -> 4,7",14,True,0.0,42196.0,1,False,0.06571252392066197,0.05,253179.0
"Fixed 42170, designed",62,6,11,"D 0,1 -> 6,7",22,False,0.044806582285143115,42198.0,1,False,0.04364852124132713,0.05,295377.0
"Fixed 42170, designed",62,7,22,"D 2,3 -> 4,5",22,True,0.0,42198.0,1,False,0.06967473471393487,0.05,337575.0
"Fixed 42170, designed",62,8,7,S 3 -> 7,21,False,1.0,42200.0,1,False,0.009441304632724919,0.05,379775.0
"Fixed 42170, designed",62,9,21,"D 1,3 -> 5,7",21,True,0.0,42200.0,1,False,0.009441304632724919,0.05,421975.0
"Fixed 42170, designed",62,10,12,"D 0,2 -> 4,6",12,True,0.0,42199.0,1,False,0.018167337649211596,0.05,464174.0
"Fixed 42170, designed",63,0,14,"D 0,3 -> 4,7",25,False,0.052846754050403844,42197.0,1,False,0.31503606513167726,0.05,42197.0
"Fixed 42170, designed",63,1,19,"D 1,2 -> 5,6",22,False,0.0008388564376003993,42197.0,1,False,0.2986379460442076,0.05,84394.0
"Fixed 42170, designed",63,2,11,"D 0,1 -> 6,7",22,False,0.015858687170637098,42198.0,1,False,0.30702477030875686,0.05,126592.0
"Fixed 42170, designed",63,3,22,"D 2,3 -> 4,5",22,True,0.0,42198.0,1,False,0.3705851037435389,0.05,168790.0
"Fixed 42170, designed",63,4,8,"D 0,1 -> 4,5",8,True,0.0,42196.0,1,False,0.022746161162242224,0.05,210986.0
"Fixed 42170, designed",63,5,18,"D 1,2 -> 4,7",25,False,0.38583720346874695,42195.0,1,False,0.038483766324501935,0.05,253181.0
"Fixed 42170, designed",63,6,25,"D 2,3 -> 6,7",25,True,0.0,42198.0,1,False,0.041874368192846456,0.05,295379.0
"Fixed 42170, designed",63,7,15,"D 0,3 -> 5,6",15,True,0.0,42197.0,1,False,0.0631705466620823,0.05,337576.0
"Fixed 42170, designed",63,8,16,"D 0,3 -> 6,7",12,False,1.0,42200.0,1,False,0.00944130463564944,0.05,379776.0
"Fixed 42170, designed",63,9,19,"D 1,2 -> 5,6",12,False,0.9999999925002944,42200.0,1,False,0.00944130463564944,0.05,421976.0
"Fixed 42170, designed",63,10,13,"D 0,3 -> 4,5",12,False,1.0,42200.0,1,False,0.00944130463564944,0.05,464176.0
"Fixed 42170, designed",63,11,5,S 2 -> 6,12,False,1.0,42200.0,1,False,0.00944130463564944,0.05,506376.0
"Fixed 42170, designed",63,12,20,"D 1,2 -> 6,7",12,False,1.0,42200.0,1,False,0.00944130463564944,0.05,548576.0
"Fixed 42170, designed",63,13,4,S 2 -> 4,12,False,1.0,42200.0,1,False,0.00944130463564944,0.05,590776.0
"Fixed 42170, designed",63,14,21,"D 1,3 -> 5,7",12,True,3.841837958873384e-10,42200.0,1,False,0.00944130463564944,0.05,632976.0
"Fixed 42170, designed",63,15,22,"D 2,3 -> 4,5",12,False,0.9876310393163538,42199.0,1,False,0.018167337684780554,0.05,675175.0
"Fixed 42170, designed",64,0,25,"D 2,3 -> 6,7",25,True,0.0,42197.0,1,False,0.31503606513167726,0.05,42197.0
"Fixed 42170, designed",64,1,18,"D 1,2 -> 4,7",15,True,0.0,42195.0,1,False,0.29681502172579394,0.05,84392.0
"Fixed 42170, designed",64,2,8,"D 0,1 -> 4,5",8,True,0.0,42198.0,1,False,0.3764697826210095,0.05,126590.0
"Fixed 42170, designed",64,3,15,"D 0,3 -> 5,6",15,True,0.0,42199.0,1,False,0.30026357217502075,0.05,168789.0
"Fixed 42170, designed",64,4,14,"D 0,3 -> 4,7",19,True,5.80789971671436e-10,42198.0,1,False,0.03758523474777508,0.05,210987.0
"Fixed 42170, designed",64,5,19,"D 1,2 -> 5,6",19,True,0.0,42201.0,1,False,0.0657125239206618,0.05,253188.0
"Fixed 42170, designed",64,6,22,"D 2,3 -> 4,5",22,True,0.0,42198.0,1,False,0.043648521241327065,0.05,295386.0
"Fixed 42170, designed",64,7,11,"D 0,1 -> 6,7",11,True,0.0,42194.0,1,False,0.10072796416579699,0.05,337580.0
"Fixed 42170, designed",64,8,12,"D 0,2 -> 4,6",21,False,2.297273260509769e-09,42200.0,1,False,0.009441304483876924,0.05,379780.0
"Fixed 42170, designed",64,9,21,"D 1,3 -> 5,7",21,True,0.0,42199.0,1,False,0.018167337649210347,0.05,421979.0
"Fixed 42170, designed",65,0,25,"D 2,3 -> 6,7",25,True,0.0,42197.0,1,False,0.31503606513167726,0.05,42197.0
"Fixed 42170, designed",65,1,18,"D 1,2 -> 4,7",15,True,0.0,42195.0,1,False,0.29681502172579394,0.05,84392.0
"Fixed 42170, designed",65,2,8,"D 0,1 -> 4,5",8,True,0.0,42198.0,1,False,0.3764697826210095,0.05,126590.0
"Fixed 42170, designed",65,3,15,"D 0,3 -> 5,6",15,True,0.0,42199.0,1,False,0.30026357217502075,0.05,168789.0
"Fixed 42170, designed",65,4,19,"D 1,2 -> 5,6",19,True,0.0,42198.0,1,False,0.03758523474777508,0.05,210987.0
"Fixed 42170, designed",65,5,14,"D 0,3 -> 4,7",14,True,0.0,42196.0,1,False,0.06571252399006697,0.05,253183.0
"Fixed 42170, designed",65,6,11,"D 0,1 -> 6,7",22,False,0.04480658230253376,42198.0,1,False,0.043648521305584075,0.05,295381.0
"Fixed 42170, designed",65,7,22,"D 2,3 -> 4,5",22,True,0.0,42198.0,1,False,0.06967473471393487,0.05,337579.0
"Fixed 42170, designed",65,8,0,S 0 -> 4,21,False,1.0,42200.0,1,False,0.009441304763103297,0.05,379779.0
"Fixed 42170, designed",65,9,20,"D 1,2 -> 6,7",21,False,1.0,42200.0,1,False,0.009441304763103297,0.05,421979.0
"Fixed 42170, designed",65,10,20,"D 1,2 -> 6,7",21,False,1.0,42200.0,1,False,0.009441304763103297,0.05,464179.0
"Fixed 42170, designed",65,11,0,S 0 -> 4,21,False,1.0,42200.0,1,False,0.009441304763103297,0.06,506379.0
"Fixed 42170, designed",65,12,12,"D 0,2 -> 4,6",21,False,2.6598955260581647e-09,42200.0,1,False,0.009441304763103297,0.05,548579.0
"Fixed 42170, designed",65,13,8,"D 0,1 -> 4,5",21,False,0.9936896451023652,42199.0,1,False,0.018167337649211406,0.05,590778.0
"Fixed 42170, designed",66,0,25,"D 2,3 -> 6,7",25,True,0.0,42197.0,1,False,0.31503606513167726,0.05,42197.0
"Fixed 42170, designed",66,1,15,"D 0,3 -> 5,6",15,True,0.0,42195.0,1,False,0.29681502172579394,0.05,84392.0
"Fixed 42170, designed",66,2,8,"D 0,1 -> 4,5",8,True,0.0,42198.0,1,False,0.3764697826210095,0.05,126590.0
"Fixed 42170, designed",66,3,18,"D 1,2 -> 4,7",18,True,0.0,42195.0,1,False,0.3002635722338174,0.05,168785.0
"Fixed 42170, designed",66,4,19,"D 1,2 -> 5,6",14,True,5.182410056647768e-12,42198.0,1,False,0.03758523457422756,0.05,210983.0
"Fixed 42170, designed",66,5,14,"D 0,3 -> 4,7",14,True,0.0,42196.0,1,False,0.06571252392066197,0.05,253179.0
"Fixed 42170, designed",66,6,22,"D 2,3 -> 4,5",22,True,0.0,42198.0,1,False,0.04364852124132713,0.05,295377.0
"Fixed 42170, designed",66,7,11,"D 0,1 -> 6,7",11,True,0.0,42194.0,1,False,0.10072796416579667,0.05,337571.0
"Fixed 42170, designed",66,8,20,"D 1,2 -> 6,7",21,False,1.0,42200.0,1,False,0.009441304630083448,0.05,379771.0
"Fixed 42170, designed",66,9,25,"D 2,3 -> 6,7",21,False,0.9999999985957311,42200.0,1,False,0.009441304630083448,0.05,421971.0
"Fixed 42170, designed",66,10,12,"D 0,2 -> 4,6",21,True,2.371568497139265e-10,42200.0,1,False,0.009441304630083448,0.05,464171.0
"Fixed 42170, designed",66,11,21,"D 1,3 -> 5,7",21,True,0.0,42199.0,1,False,0.018167337679853818,0.05,506370.0
"Fixed 42170, designed",67,0,25,"D 2,3 -> 6,7",25,True,0.0,42197.0,1,False,0.31503606513167726,0.05,42197.0
"Fixed 42170, designed",67,1,15,"D 0,3 -> 5,6",15,True,0.0,42195.0,1,False,0.29681502172579394,0.05,84392.0
"Fixed 42170, designed",67,2,8,"D 0,1 -> 4,5",8,True,0.0,42198.0,1,False,0.3764697826210095,0.05,126590.0
"Fixed 42170, designed",67,3,18,"D 1,2 -> 4,7",18,True,0.0,42195.0,1,False,0.3002635722338174,0.05,168785.0
"Fixed 42170, designed",67,4,19,"D 1,2 -> 5,6",14,True,5.182410056647768e-12,42198.0,1,False,0.03758523457422756,0.05,210983.0
"Fixed 42170, designed",67,5,14,"D 0,3 -> 4,7",14,True,0.0,42196.0,1,False,0.06571252392066197,0.05,253179.0
"Fixed 42170, designed",67,6,11,"D 0,1 -> 6,7",22,False,0.044806582285143115,42198.0,1,False,0.04364852124132713,0.05,295377.0
"Fixed 42170, designed",67,7,22,"D 2,3 -> 4,5",22,True,0.0,42198.0,1,False,0.06967473471393487,0.05,337575.0
"Fixed 42170, designed",67,8,11,"D 0,1 -> 6,7",21,False,0.9999999965742887,42200.0,1,False,0.009441304632724919,0.05,379775.0
"Fixed 42170, designed",67,9,20,"D 1,2 -> 6,7",21,False,1.0,42200.0,1,False,0.009441304632724919,0.05,421975.0
"Fixed 42170, designed",67,10,4,S 2 -> 4,21,False,1.0,42200.0,1,False,0.009441304632724919,0.05,464175.0
"Fixed 42170, designed",67,11,8,"D 0,1 -> 4,5",21,False,0.9999999853713611,42200.0,1,False,0.009441304632724919,0.05,506375.0
"Fixed 42170, designed",67,12,11,"D 0,1 -> 6,7",21,False,0.9999999965742887,42200.0,1,False,0.009441304632724919,0.05,548575.0
"Fixed 42170, designed",67,13,21,"D 1,3 -> 5,7",21,True,0.0,42200.0,1,False,0.009441304632724919,0.05,590775.0
"Fixed 42170, designed",67,14,1,S 0 -> 6,12,False,1.0,42199.0,1,False,0.018167337857725376,0.05,632974.0
"Fixed 42170, designed",67,15,12,"D 0,2 -> 4,6",12,True,0.0,42199.0,1,False,0.01816733766956801,0.05,675173.0
"Fixed 42170, designed",68,0,14,"D 0,3 -> 4,7",25,False,0.052846754050403844,42197.0,1,False,0.31503606513167726,0.05,42197.0
"Fixed 42170, designed",68,1,11,"D 0,1 -> 6,7",22,False,0.02016704851099438,42197.0,1,False,0.2986379460442076,0.05,84394.0
"Fixed 42170, designed",68,2,19,"D 1,2 -> 5,6",19,True,0.0,42199.0,1,False,0.3718349895348084,0.05,126593.0
"Fixed 42170, designed",68,3,22,"D 2,3 -> 4,5",22,True,0.0,42196.0,1,False,0.34033883568924583,0.05,168789.0
"Fixed 42170, designed",68,4,8,"D 0,1 -> 4,5",8,True,0.0,42196.0,1,False,0.022746161128215047,0.05,210985.0
"Fixed 42170, designed",68,5,18,"D 1,2 -> 4,7",25,False,0.38583720229923857,42195.0,1,False,0.038483766334910435,0.05,253180.0
"Fixed 42170, designed",68,6,25,"D 2,3 -> 6,7",25,True,0.0,42198.0,1,False,0.041874368005052356,0.05,295378.0
"Fixed 42170, designed",68,7,15,"D 0,3 -> 5,6",15,True,0.0,42197.0,1,False,0.06317054655005133,0.05,337575.0
"Fixed 42170, designed",68,8,2,S 1 -> 5,21,False,1.0,42200.0,1,False,0.009441304626560305,0.05,379775.0
"Fixed 42170, designed",68,9,8,"D 0,1 -> 4,5",21,False,0.9999999908222797,42200.0,1,False,0.009441304626560305,0.05,421975.0
"Fixed 42170, designed",68,10,18,"D 1,2 -> 4,7",21,False,0.9999999862750094,42200.0,1,False,0.009441304626560305,0.05,464175.0
"Fixed 42170, designed",68,11,20,"D 1,2 -> 6,7",21,False,1.0,42200.0,1,False,0.009441304626560305,0.05,506375.0
"Fixed 42170, designed",68,12,21,"D 1,3 -> 5,7",21,True,0.0,42200.0,1,False,0.009441304626560305,0.05,548575.0
"Fixed 42170, designed",68,13,12,"D 0,2 -> 4,6",12,True,0.0,42199.0,1,False,0.0181673404641182,0.05,590774.0
"Fixed 42170, designed",69,0,19,"D 1,2 -> 5,6",25,False,0.052846754050403844,42197.0,1,False,0.31503606513167726,0.06,42197.0
"Fixed 42170, designed",69,1,14,"D 0,3 -> 4,7",22,False,0.0008388565620752741,42193.0,1,False,0.2986379460814117,0.05,84390.0
"Fixed 42170, designed",69,2,22,"D 2,3 -> 4,5",22,True,0.0,42198.0,1,False,0.3070247718582447,0.05,126588.0
"Fixed 42170, designed",69,3,11,"D 0,1 -> 6,7",11,True,0.0,42196.0,1,False,0.4010030868094594,0.06,168784.0
"Fixed 42170, designed",69,4,8,"D 0,1 -> 4,5",8,True,0.0,42196.0,1,False,0.02274616133043009,0.06,210980.0
"Fixed 42170, designed",69,5,25,"D 2,3 -> 6,7",25,True,0.0,42195.0,1,False,0.038483766324501636,0.05,253175.0
"Fixed 42170, designed",69,6,18,"D 1,2 -> 4,7",15,True,7.105427357601002e-15,42200.0,1,False,0.03323670762425804,0.06,295375.0
"Fixed 42170, designed",69,7,15,"D 0,3 -> 5,6",15,True,0.0,42195.0,1,False,0.06135745113463004,0.05,337570.0
"Fixed 42170, designed",69,8,21,"D 1,3 -> 5,7",21,True,0.0,42200.0,1,False,0.009441304656497151,0.05,379770.0
"Fixed 42170, designed",69,9,12,"D 0,2 -> 4,6",12,True,0.0,42199.0,1,False,0.01816733766927953,0.05,421969.0
"Fixed 42170, designed",70,0,19,"D 1,2 -> 5,6",25,False,0.052846754050403844,42197.0,1,False,0.31503606513167726,0.05,42197.0
"Fixed 42170, designed",70,1,22,"D 2,3 -> 4,5",22,True,0.0,42193.0,1,False,0.2986379460814117,0.05,84390.0
"Fixed 42170, designed",70,2,11,"D 0,1 -> 6,7",14,False,0.04670828858227494,42196.0,1,False,0.3532199223008815,0.05,126586.0
"Fixed 42170, designed",70,3,14,"D 0,3 -> 4,7",14,True,0.0,42196.0,1,False,0.2932032898211745,0.05,168782.0
"Fixed 42170, designed",70,4,25,"D 2,3 -> 6,7",8,False,0.054879825483154177,42196.0,1,False,0.02274616115030918,0.05,210978.0
"Fixed 42170, designed",70,5,8,"D 0,1 -> 4,5",8,True,0.0,42195.0,1,False,0.03970357908444541,0.05,253173.0
"Fixed 42170, designed",70,6,18,"D 1,2 -> 4,7",15,False,1.0443752529454287e-09,42200.0,1,False,0.03323670736250842,0.05,295373.0
"Fixed 42170, designed",70,7,15,"D 0,3 -> 5,6",15,True,0.0,42195.0,1,False,0.0613574511385932,0.05,337568.0
"Fixed 42170, designed",70,8,0,S 0 -> 4,12,False,1.0,42200.0,1,False,0.009441304627101936,0.05,379768.0
"Fixed 42170, designed",70,9,10,"D 0,1 -> 5,6",12,False,1.0,42200.0,1,False,0.009441304627101936,0.05,421968.0
"Fixed 42170, designed",70,10,21,"D 1,3 -> 5,7",12,True,1.87934112716448e-10,42200.0,1,False,0.009441304627101936,0.06,464168.0
"Fixed 42170, designed",70,11,12,"D 0,2 -> 4,6",12,True,0.0,42199.0,1,False,0.018167337190209243,0.06,506367.0
"Fixed 42170, designed",71,0,25,"D 2,3 -> 6,7",25,True,0.0,42197.0,1,False,0.31503606513167726,0.05,42197.0
"Fixed 42170, designed",71,1,18,"D 1,2 -> 4,7",15,True,0.0,42195.0,1,False,0.29681502172579394,0.05,84392.0
"Fixed 42170, designed",71,2,8,"D 0,1 -> 4,5",8,True,0.0,42198.0,1,False,0.3764697826210095,0.05,126590.0
"Fixed 42170, designed",71,3,15,"D 0,3 -> 5,6",15,True,0.0,42199.0,1,False,0.30026357217502075,0.05,168789.0
"Fixed 42170, designed",71,4,19,"D 1,2 -> 5,6",19,True,0.0,42198.0,1,False,0.03758523474777508,0.05,210987.0
"Fixed 42170, designed",71,5,14,"D 0,3 -> 4,7",14,True,0.0,42196.0,1,False,0.06571252399006697,0.05,253183.0
"Fixed 42170, designed",71,6,11,"D 0,1 -> 6,7",22,False,0.04480658230253376,42198.0,1,False,0.043648521305584075,0.05,295381.0
"Fixed 42170, designed",71,7,22,"D 2,3 -> 4,5",22,True,0.0,42198.0,1,False,0.06967473471393487,0.05,337579.0
"Fixed 42170, designed",71,8,2,S 1 -> 5,21,False,1.0,42200.0,1,False,0.009441304763103297,0.05,379779.0
"Fixed 42170, designed",71,9,3,S 1 -> 7,21,False,1.0,42200.0,1,False,0.009441304763103297,0.05,421979.0
"Fixed 42170, designed",71,10,21,"D 1,3 -> 5,7",21,True,0.0,42200.0,1,False,0.009441304763103297,0.05,464179.0
"Fixed 42170, designed",71,11,14,"D 0,3 -> 4,7",12,False,0.9867733859009888,42199.0,1,False,0.01816733765010426,0.05,506378.0
"Fixed 42170, designed",72,0,25,"D 2,3 -> 6,7",25,True,0.0,42197.0,1,False,0.31503606513167726,0.05,42197.0
"Fixed 42170, designed",72,1,18,"D 1,2 -> 4,7",15,True,0.0,42195.0,1,False,0.29681502172579394,0.05,84392.0
"Fixed 42170, designed",72,2,8,"D 0,1 -> 4,5",8,True,0.0,42198.0,1,False,0.3764697826210095,0.05,126590.0
"Fixed 42170, designed",72,3,15,"D 0,3 -> 5,6",15,True,0.0,42199.0,1,False,0.30026357217502075,0.05,168789.0
"Fixed 42170, designed",72,4,14,"D 0,3 -> 4,7",19,True,5.80789971671436e-10,42198.0,1,False,0.03758523474777508,0.05,210987.0
"Fixed 42170, designed",72,5,19,"D 1,2 -> 5,6",19,True,0.0,42201.0,1,False,0.0657125239206618,0.05,253188.0
"Fixed 42170, designed",72,6,22,"D 2,3 -> 4,5",22,True,0.0,42198.0,1,False,0.043648521241327065,0.05,295386.0
"Fixed 42170, designed",72,7,11,"D 0,1 -> 6,7",11,True,0.0,42194.0,1,False,0.10072796416579699,0.05,337580.0
"Fixed 42170, designed",72,8,13,"D 0,3 -> 4,5",21,False,1.0,42200.0,1,False,0.009441304483876924,0.05,379780.0
"Fixed 42170, designed",72,9,3,S 1 -> 7,12,False,1.0,42200.0,1,False,0.009441304546048494,0.05,421980.0
"Fixed 42170, designed",72,10,19,"D 1,2 -> 5,6",12,False,0.999999999274292,42200.0,1,False,0.009441304546048494,0.05,464180.0
"Fixed 42170, designed",72,11,19,"D 1,2 -> 5,6",12,False,0.999999999274292,42200.0,1,False,0.009441304546048494,0.05,506380.0
"Fixed 42170, designed",72,12,9,"D 0,1 -> 4,7",12,False,1.0,42200.0,1,False,0.009441304546048494,0.05,548580.0
"Fixed 42170, designed",72,13,21,"D 1,3 -> 5,7",12,True,6.400169283438117e-10,42200.0,1,False,0.009441304546048494,0.05,590780.0
"Fixed 42170, designed",72,14,1,S 0 -> 6,12,False,1.0,42199.0,1,False,0.018167337107588354,0.05,632979.0
"Fixed 42170, designed",72,15,7,S 3 -> 7,12,False,1.0,42199.0,1,False,0.018167337107588354,0.05,675178.0
"Fixed 42170, designed",72,16,19,"D 1,2 -> 5,6",12,False,0.9867664325947936,42199.0,1,False,0.018167337107588354,0.05,717377.0
"Fixed 42170, designed",73,0,25,"D 2,3 -> 6,7",25,True,0.0,42197.0,1,False,0.31503606513167726,0.05,42197.0
"Fixed 42170, designed",73,1,15,"D 0,3 -> 5,6",15,True,0.0,42195.0,1,False,0.29681502172579394,0.05,84392.0
"Fixed 42170, designed",73,2,8,"D 0,1 -> 4,5",8,True,0.0,42198.0,1,False,0.3764697826210095,0.05,126590.0
"Fixed 42170, designed",73,3,18,"D 1,2 -> 4,7",18,True,0.0,42195.0,1,False,0.3002635722338174,0.05,168785.0
"Fixed 42170, designed",73,4,19,"D 1,2 -> 5,6",14,True,5.182410056647768e-12,42198.0,1,False,0.03758523457422756,0.05,210983.0
"Fixed 42170, designed",73,5,14,"D 0,3 -> 4,7",14,True,0.0,42196.0,1,False,0.06571252392066197,0.05,253179.0
"Fixed 42170, designed",73,6,22,"D 2,3 -> 4,5",22,True,0.0,42198.0,1,False,0.04364852124132713,0.05,295377.0
"Fixed 42170, designed",73,7,11,"D 0,1 -> 6,7",11,True,0.0,42194.0,1,False,0.10072796416579667,0.05,337571.0
"Fixed 42170, designed",73,8,6,S 3 -> 5,21,False,1.0,42200.0,1,False,0.009441304630083448,0.05,379771.0
"Fixed 42170, designed",73,9,12,"D 0,2 -> 4,6",21,True,2.371568497139265e-10,42200.0,1,False,0.009441304630083448,0.05,421971.0
"Fixed 42170, designed",73,10,4,S 2 -> 4,21,False,1.0,42199.0,1,False,0.018167337481629908,0.05,464170.0
"Fixed 42170, designed",73,11,20,"D 1,2 -> 6,7",21,False,1.0,42199.0,1,False,0.018167337085810635,0.05,506369.0
"Fixed 42170, designed",73,12,1,S 0 -> 6,21,False,1.0,42199.0,1,False,0.018167337499541907,0.05,548568.0
"Fixed 42170, designed",73,13,9,"D 0,1 -> 4,7",21,False,1.0,42199.0,1,False,0.018167337487147682,0.05,590767.0
"Fixed 42170, designed",73,14,6,S 3 -> 5,21,False,1.0,42199.0,1,False,0.018167337487147682,0.05,632966.0
"Fixed 42170, designed",73,15,0,S 0 -> 4,21,False,1.0,42199.0,1,False,0.018167337487147682,0.05,675165.0
"Fixed 42170, designed",73,16,6,S 3 -> 5,21,False,1.0,42199.0,1,False,0.018167337487147682,0.05,717364.0
"Fixed 42170, designed",73,17,13,"D 0,3 -> 4,5",21,False,1.0,42199.0,1,False,0.018167337487147682,0.05,759563.0
"Fixed 42170, designed",73,18,2,S 1 -> 5,21,False,1.0,42199.0,1,False,0.018167337487147682,0.05,801762.0
"Fixed 42170, designed",73,19,4,S 2 -> 4,21,False,1.0,42199.0,1,False,0.018167337487147682,0.05,843961.0
"Fixed 42170, designed",74,0,19,"D 1,2 -> 5,6",25,False,0.052846754050403844,42197.0,1,False,0.31503606513167726,0.06,42197.0
"Fixed 42170, designed",74,1,14,"D 0,3 -> 4,7",22,False,0.0008388565620752741,42193.0,1,False,0.2986379460814117,0.05,84390.0
"Fixed 42170, designed",74,2,22,"D 2,3 -> 4,5",22,True,0.0,42198.0,1,False,0.3070247718582447,0.05,126588.0
"Fixed 42170, designed",74,3,11,"D 0,1 -> 6,7",11,True,0.0,42196.0,1,False,0.4010030868094594,0.06,168784.0
"Fixed 42170, designed",74,4,25,"D 2,3 -> 6,7",8,False,0.05487982709515471,42196.0,1,False,0.02274616133043009,0.05,210980.0
"Fixed 42170, designed",74,5,15,"D 0,3 -> 5,6",8,False,0.3994998289527226,42195.0,1,False,0.0397035788199256,0.05,253175.0
"Fixed 42170, designed",74,6,18,"D 1,2 -> 4,7",8,False,0.02811498213453334,42195.0,1,False,0.04318571001582761,0.05,295370.0
"Fixed 42170, designed",74,7,8,"D 0,1 -> 4,5",8,True,0.0,42195.0,1,False,0.06557576322571326,0.05,337565.0
"Fixed 42170, designed",74,8,14,"D 0,3 -> 4,7",12,False,0.9999999968108371,42200.0,1,False,0.00944130462191078,0.05,379765.0
"Fixed 42170, designed",74,9,21,"D 1,3 -> 5,7",12,True,0.0,42200.0,1,False,0.00944130462191078,0.05,421965.0
"Fixed 42170, designed",74,10,19,"D 1,2 -> 5,6",12,False,0.9867671560767346,42199.0,1,False,0.018167336055488197,0.05,464164.0
"Fixed 42170, designed",75,0,25,"D 2,3 -> 6,7",25,True,0.0,42197.0,1,False,0.31503606513167726,0.05,42197.0
"Fixed 42170, designed",75,1,18,"D 1,2 -> 4,7",15,True,0.0,42195.0,1,False,0.29681502172579394,0.05,84392.0
"Fixed 42170, designed",75,2,8,"D 0,1 -> 4,5",8,True,0.0,42198.0,1,False,0.3764697826210095,0.05,126590.0
"Fixed 42170, designed",75,3,15,"D 0,3 -> 5,6",15,True,0.0,42199.0,1,False,0.30026357217502075,0.05,168789.0
"Fixed 42170, designed",75,4,14,"D 0,3 -> 4,7",19,True,5.80789971671436e-10,42198.0,1,False,0.03758523474777508,0.05,210987.0
"Fixed 42170, designed",75,5,19,"D 1,2 -> 5,6",19,True,0.0,42201.0,1,False,0.0657125239206618,0.05,253188.0
"Fixed 42170, designed",75,6,22,"D 2,3 -> 4,5",22,True,0.0,42198.0,1,False,0.043648521241327065,0.05,295386.0
"Fixed 42170, designed",75,7,11,"D 0,1 -> 6,7",11,True,0.0,42194.0,1,False,0.10072796416579699,0.05,337580.0
"Fixed 42170, designed",75,8,18,"D 1,2 -> 4,7",21,False,0.9999999801508247,42200.0,1,False,0.009441304483876924,0.05,379780.0
"Fixed 42170, designed",75,9,1,S 0 -> 6,12,False,1.0,42200.0,1,False,0.009441304549953042,0.05,421980.0
"Fixed 42170, designed",75,10,1,S 0 -> 6,12,False,1.0,42200.0,1,False,0.009441304549953042,0.05,464180.0
"Fixed 42170, designed",75,11,12,"D 0,2 -> 4,6",12,True,0.0,42200.0,1,False,0.009441304549953042,0.05,506380.0
"Fixed 42170, designed",75,12,6,S 3 -> 5,21,False,1.0,42199.0,1,False,0.018167337676388923,0.05,548579.0
"Fixed 42170, designed",75,13,21,"D 1,3 -> 5,7",21,True,0.0,42199.0,1,False,0.018167337676388923,0.05,590778.0
"Fixed 42170, designed",76,0,25,"D 2,3 -> 6,7",25,True,0.0,42197.0,1,False,0.31503606513167726,0.05,42197.0
"Fixed 42170, designed",76,1,8,"D 0,1 -> 4,5",15,False,0.033311851350335986,42195.0,1,False,0.29681502172579394,0.05,84392.0
"Fixed 42170, designed",76,2,18,"D 1,2 -> 4,7",15,True,5.551115123125783e-16,42195.0,1,False,0.303713351808019,0.05,126587.0
"Fixed 42170, designed",76,3,15,"D 0,3 -> 5,6",15,True,0.0,42197.0,1,False,0.38824803810173447,0.05,168784.0
"Fixed 42170, designed",76,4,14,"D 0,3 -> 4,7",19,True,5.150813109366936e-11,42198.0,1,False,0.03758523456612009,0.05,210982.0
"Fixed 42170, designed",76,5,19,"D 1,2 -> 5,6",19,True,0.0,42201.0,1,False,0.06571252413529666,0.05,253183.0
"Fixed 42170, designed",76,6,11,"D 0,1 -> 6,7",22,False,0.044806584461233534,42198.0,1,False,0.04364852180125853,0.05,295381.0
"Fixed 42170, designed",76,7,22,"D 2,3 -> 4,5",22,True,0.0,42198.0,1,False,0.0696747355600191,0.05,337579.0
"Fixed 42170, designed",76,8,7,S 3 -> 7,12,False,1.0,42200.0,1,False,0.009441304652025612,0.05,379779.0
"Fixed 42170, designed",76,9,3,S 1 -> 7,12,False,1.0,42200.0,1,False,0.009441304652025612,0.05,421979.0
"Fixed 42170, designed",76,10,18,"D 1,2 -> 4,7",12,False,0.9999999974531737,42200.0,1,False,0.009441304652025612,0.05,464179.0
"Fixed 42170, designed",76,11,1,S 0 -> 6,12,False,1.0,42200.0,1,False,0.009441304652025612,0.05,506379.0
"Fixed 42170, designed",76,12,23,"D 2,3 -> 4,7",12,False,1.0,42200.0,1,False,0.009441304652025612,0.05,548579.0
"Fixed 42170, designed",76,13,7,S 3 -> 7,12,False,1.0,42200.0,1,False,0.009441304652025612,0.05,590779.0
"Fixed 42170, designed",76,14,21,"D 1,3 -> 5,7",12,True,3.3306690738754696e-15,42200.0,1,False,0.009441304652025612,0.05,632979.0
"Fixed 42170, designed",76,15,10,"D 0,1 -> 5,6",12,False,1.0,42199.0,1,False,0.018167337930146372,0.05,675178.0
"Fixed 42170, designed",76,16,12,"D 0,2 -> 4,6",12,True,0.0,42199.0,1,False,0.018167337879201398,0.05,717377.0
"Fixed 42170, designed",77,0,25,"D 2,3 -> 6,7",25,True,0.0,42197.0,1,False,0.31503606513167726,0.06,42197.0
"Fixed 42170, designed",77,1,15,"D 0,3 -> 5,6",15,True,0.0,42195.0,1,False,0.29681502172579394,0.05,84392.0
"Fixed 42170, designed",77,2,8,"D 0,1 -> 4,5",8,True,0.0,42198.0,1,False,0.3764697826210095,0.05,126590.0
"Fixed 42170, designed",77,3,18,"D 1,2 -> 4,7",18,True,0.0,42195.0,1,False,0.3002635722338174,0.05,168785.0
"Fixed 42170, designed",77,4,14,"D 0,3 -> 4,7",14,True,0.0,42198.0,1,False,0.03758523457422756,0.05,210983.0
"Fixed 42170, designed",77,5,19,"D 1,2 -> 5,6",19,True,0.0,42201.0,1,False,0.0657125239900671,0.05,253184.0
"Fixed 42170, designed",77,6,11,"D 0,1 -> 6,7",22,False,0.044806582302531095,42198.0,1,False,0.04364852130558422,0.05,295382.0
"Fixed 42170, designed",77,7,22,"D 2,3 -> 4,5",22,True,0.0,42198.0,1,False,0.06967473471683744,0.05,337580.0
"Fixed 42170, designed",77,8,9,"D 0,1 -> 4,7",12,False,1.0,42200.0,1,False,0.009441304763103292,0.05,379780.0
"Fixed 42170, designed",77,9,12,"D 0,2 -> 4,6",12,True,0.0,42200.0,1,False,0.009441304763103292,0.05,421980.0
"Fixed 42170, designed",77,10,21,"D 1,3 -> 5,7",21,True,0.0,42199.0,1,False,0.018167337650104195,0.05,464179.0
"Fixed 42170, designed",78,0,25,"D 2,3 -> 6,7",25,True,0.0,42197.0,1,False,0.31503606513167726,0.05,42197.0
"Fixed 42170, designed",78,1,15,"D 0,3 -> 5,6",15,True,0.0,42195.0,1,False,0.29681502172579394,0.05,84392.0
"Fixed 42170, designed",78,2,8,"D 0,1 -> 4,5",8,True,0.0,42198.0,1,False,0.3764697826210095,0.05,126590.0
"Fixed 42170, designed",78,3,18,"D 1,2 -> 4,7",18,True,0.0,42195.0,1,False,0.3002635722338174,0.06,168785.0
"Fixed 42170, designed",78,4,19,"D 1,2 -> 5,6",14,True,5.182410056647768e-12,42198.0,1,False,0.03758523457422756,0.06,210983.0
"Fixed 42170, designed",78,5,14,"D 0,3 -> 4,7",14,True,0.0,42196.0,1,False,0.06571252392066197,0.05,253179.0
"Fixed 42170, designed",78,6,11,"D 0,1 -> 6,7",22,False,0.044806582285143115,42198.0,1,False,0.04364852124132713,0.05,295377.0
"Fixed 42170, designed",78,7,22,"D 2,3 -> 4,5",22,True,0.0,42198.0,1,False,0.06967473471393487,0.05,337575.0
"Fixed 42170, designed",78,8,25,"D 2,3 -> 6,7",21,False,0.9999999919569077,42200.0,1,False,0.009441304632724919,0.05,379775.0
"Fixed 42170, designed",78,9,18,"D 1,2 -> 4,7",21,False,0.9999999899943335,42200.0,1,False,0.009441304632724919,0.05,421975.0
"Fixed 42170, designed",78,10,16,"D 0,3 -> 6,7",21,False,1.0,42200.0,1,False,0.009441304632724919,0.05,464175.0
"Fixed 42170, designed",78,11,12,"D 0,2 -> 4,6",21,True,7.587118711072094e-10,42200.0,1,False,0.009441304632724919,0.05,506375.0
"Fixed 42170, designed",78,12,14,"D 0,3 -> 4,7",21,False,0.9867664778641717,42199.0,1,False,0.018167337958237096,0.06,548574.0
"Fixed 42170, designed",79,0,25,"D 2,3 -> 6,7",25,True,0.0,42197.0,1,False,0.31503606513167726,0.05,42197.0
"Fixed 42170, designed",79,1,15,"D 0,3 -> 5,6",15,True,0.0,42195.0,1,False,0.29681502172579394,0.05,84392.0
"Fixed 42170, designed",79,2,8,"D 0,1 -> 4,5",8,True,0.0,42198.0,1,False,0.3764697826210095,0.05,126590.0
"Fixed 42170, designed",79,3,18,"D 1,2 -> 4,7",18,True,0.0,42195.0,1,False,0.3002635722338174,0.05,168785.0
"Fixed 42170, designed",79,4,6,S 3 -> 5,14,False,1.0,42198.0,1,False,0.03758523457422756,0.05,210983.0
"Fixed 42170, designed",79,5,19,"D 1,2 -> 5,6",14,True,5.182410056647768e-12,42198.0,1,False,0.03758523457422756,0.05,253181.0
"Fixed 42170, designed",79,6,14,"D 0,3 -> 4,7",14,True,0.0,42196.0,1,False,0.06571252392066197,0.05,295377.0
"Fixed 42170, designed",79,7,11,"D 0,1 -> 6,7",22,False,0.044806582285143115,42198.0,1,False,0.04364852124132713,0.05,337575.0
"Fixed 42170, designed",79,8,22,"D 2,3 -> 4,5",22,True,0.0,42198.0,1,False,0.06967473471393487,0.05,379773.0
"Fixed 42170, designed",79,9,12,"D 0,2 -> 4,6",21,True,7.587174222223325e-10,42200.0,1,False,0.009441304632724797,0.05,421973.0
"Fixed 42170, designed",79,10,21,"D 1,3 -> 5,7",21,True,0.0,42199.0,1,False,0.018167337650104448,0.05,464172.0
"Fixed 42170, designed",80,0,25,"D 2,3 -> 6,7",25,True,0.0,42197.0,1,False,0.31503606513167726,0.05,42197.0
"Fixed 42170, designed",80,1,8,"D 0,1 -> 4,5",15,False,0.033311851350335986,42195.0,1,False,0.29681502172579394,0.05,84392.0
"Fixed 42170, designed",80,2,18,"D 1,2 -> 4,7",15,True,5.551115123125783e-16,42195.0,1,False,0.303713351808019,0.05,126587.0
"Fixed 42170, designed",80,3,15,"D 0,3 -> 5,6",15,True,0.0,42197.0,1,False,0.38824803810173447,0.05,168784.0
"Fixed 42170, designed",80,4,14,"D 0,3 -> 4,7",19,True,5.150813109366936e-11,42198.0,1,False,0.03758523456612009,0.05,210982.0
"Fixed 42170, designed",80,5,19,"D 1,2 -> 5,6",19,True,0.0,42201.0,1,False,0.06571252413529666,0.05,253183.0
"Fixed 42170, designed",80,6,11,"D 0,1 -> 6,7",22,False,0.044806584461233534,42198.0,1,False,0.04364852180125853,0.05,295381.0
"Fixed 42170, designed",80,7,22,"D 2,3 -> 4,5",22,True,0.0,42198.0,1,False,0.0696747355600191,0.05,337579.0
"Fixed 42170, designed",80,8,12,"D 0,2 -> 4,6",12,True,0.0,42200.0,1,False,0.009441304652025612,0.05,379779.0
"Fixed 42170, designed",80,9,21,"D 1,3 -> 5,7",21,True,0.0,42199.0,1,False,0.018167337417688396,0.05,421978.0
"Fixed 42170, designed",81,0,25,"D 2,3 -> 6,7",25,True,0.0,42197.0,1,False,0.31503606513167726,0.05,42197.0
"Fixed 42170, designed",81,1,18,"D 1,2 -> 4,7",15,True,0.0,42195.0,1,False,0.29681502172579394,0.05,84392.0
"Fixed 42170, designed",81,2,8,"D 0,1 -> 4,5",8,True,0.0,42198.0,1,False,0.3764697826210095,0.05,126590.0
"Fixed 42170, designed",81,3,15,"D 0,3 -> 5,6",15,True,0.0,42199.0,1,False,0.30026357217502075,0.05,168789.0
"Fixed 42170, designed",81,4,14,"D 0,3 -> 4,7",19,True,5.80789971671436e-10,42198.0,1,False,0.03758523474777508,0.05,210987.0
"Fixed 42170, designed",81,5,19,"D 1,2 -> 5,6",19,True,0.0,42201.0,1,False,0.0657125239206618,0.05,253188.0
"Fixed 42170, designed",81,6,22,"D 2,3 -> 4,5",22,True,0.0,42198.0,1,False,0.043648521241327065,0.05,295386.0
"Fixed 42170, designed",81,7,11,"D 0,1 -> 6,7",11,True,0.0,42194.0,1,False,0.10072796416579699,0.05,337580.0
"Fixed 42170, designed",81,8,5,S 2 -> 6,21,False,1.0,42200.0,1,False,0.009441304483876924,0.05,379780.0
"Fixed 42170, designed",81,9,20,"D 1,2 -> 6,7",12,False,1.0,42200.0,1,False,0.009441304546048494,0.05,421980.0
"Fixed 42170, designed",81,10,25,"D 2,3 -> 6,7",12,False,0.9999999578025216,42200.0,1,False,0.009441304546048494,0.05,464180.0
"Fixed 42170, designed",81,11,10,"D 0,1 -> 5,6",12,False,1.0,42200.0,1,False,0.009441304546048494,0.05,506380.0
"Fixed 42170, designed",81,12,20,"D 1,2 -> 6,7",12,False,1.0,42200.0,1,False,0.009441304546048494,0.05,548580.0
"Fixed 42170, designed",81,13,4,S 2 -> 4,12,False,1.0,42200.0,1,False,0.009441304546048494,0.05,590780.0
"Fixed 42170, designed",81,14,14,"D 0,3 -> 4,7",12,False,0.9999999698250505,42200.0,1,False,0.009441304546048494,0.05,632980.0
"Fixed 42170, designed",81,15,2,S 1 -> 5,12,False,1.0,42200.0,1,False,0.009441304546048494,0.05,675180.0
"Fixed 42170, designed",81,16,6,S 3 -> 5,12,False,1.0,42200.0,1,False,0.009441304546048494,0.05,717380.0
"Fixed 42170, designed",81,17,6,S 3 -> 5,12,False,1.0,42200.0,1,False,0.009441304546048494,0.05,759580.0
"Fixed 42170, designed",81,18,1,S 0 -> 6,12,False,1.0,42200.0,1,False,0.009441304546048494,0.05,801780.0
"Fixed 42170, designed",81,19,6,S 3 -> 5,12,False,1.0,42200.0,1,False,0.009441304546048494,0.05,843980.0
"Fixed 42170, designed",82,0,25,"D 2,3 -> 6,7",25,True,0.0,42197.0,1,False,0.31503606513167726,0.05,42197.0
"Fixed 42170, designed",82,1,15,"D 0,3 -> 5,6",15,True,0.0,42195.0,1,False,0.29681502172579394,0.05,84392.0
"Fixed 42170, designed",82,2,8,"D 0,1 -> 4,5",8,True,0.0,42198.0,1,False,0.3764697826210095,0.06,126590.0
"Fixed 42170, designed",82,3,18,"D 1,2 -> 4,7",18,True,0.0,42195.0,1,False,0.3002635722338174,0.05,168785.0
"Fixed 42170, designed",82,4,19,"D 1,2 -> 5,6",14,True,5.182410056647768e-12,42198.0,1,False,0.03758523457422756,0.05,210983.0
"Fixed 42170, designed",82,5,14,"D 0,3 -> 4,7",14,True,0.0,42196.0,1,False,0.06571252392066197,0.05,253179.0
"Fixed 42170, designed",82,6,22,"D 2,3 -> 4,5",22,True,0.0,42198.0,1,False,0.04364852124132713,0.05,295377.0
"Fixed 42170, designed",82,7,11,"D 0,1 -> 6,7",11,True,0.0,42194.0,1,False,0.10072796416579667,0.05,337571.0
"Fixed 42170, designed",82,8,19,"D 1,2 -> 5,6",21,False,0.9999999940949295,42200.0,1,False,0.009441304630083448,0.06,379771.0
"Fixed 42170, designed",82,9,12,"D 0,2 -> 4,6",21,True,2.371568497139265e-10,42200.0,1,False,0.009441304630083448,0.06,421971.0
"Fixed 42170, designed",82,10,4,S 2 -> 4,21,False,1.0,42199.0,1,False,0.01816733755204984,0.05,464170.0
"Fixed 42170, designed",82,11,0,S 0 -> 4,21,False,1.0,42199.0,1,False,0.01816733755204984,0.05,506369.0
"Fixed 42170, designed",82,12,9,"D 0,1 -> 4,7",21,False,1.0,42199.0,1,False,0.01816733755204984,0.05,548568.0
"Fixed 42170, designed",82,13,11,"D 0,1 -> 6,7",21,False,0.9826751390354305,42199.0,1,False,0.01816733755204984,0.05,590767.0
"Fixed 42170, designed",83,0,25,"D 2,3 -> 6,7",25,True,0.0,42197.0,1,False,0.31503606513167726,0.05,42197.0
"Fixed 42170, designed",83,1,18,"D 1,2 -> 4,7",15,True,0.0,42195.0,1,False,0.29681502172579394,0.05,84392.0
"Fixed 42170, designed",83,2,8,"D 0,1 -> 4,5",8,True,0.0,42198.0,1,False,0.3764697826210095,0.05,126590.0
"Fixed 42170, designed",83,3,15,"D 0,3 -> 5,6",15,True,0.0,42199.0,1,False,0.30026357217502075,0.06,168789.0
"Fixed 42170, designed",83,4,19,"D 1,2 -> 5,6",19,True,0.0,42198.0,1,False,0.03758523474777508,0.06,210987.0
"Fixed 42170, designed",83,5,14,"D 0,3 -> 4,7",14,True,0.0,42196.0,1,False,0.06571252399006697,0.05,253183.0
"Fixed 42170, designed",83,6,11,"D 0,1 -> 6,7",22,False,0.04480658230253376,42198.0,1,False,0.043648521305584075,0.05,295381.0
"Fixed 42170, designed",83,7,22,"D 2,3 -> 4,5",22,True,0.0,42198.0,1,False,0.06967473471393487,0.06,337579.0
"Fixed 42170, designed",83,8,12,"D 0,2 -> 4,6",21,False,2.6598955260581647e-09,42200.0,1,False,0.009441304763103297,0.06,379779.0
"Fixed 42170, designed",83,9,6,S 3 -> 5,21,False,1.0,42199.0,1,False,0.018167337649211406,0.05,421978.0
"Fixed 42170, designed",83,10,3,S 1 -> 7,21,False,1.0,42199.0,1,False,0.018167337649211406,0.05,464177.0
"Fixed 42170, designed",83,11,21,"D 1,3 -> 5,7",21,True,0.0,42199.0,1,False,0.018167337649211406,0.06,506376.0
"Fixed 42170, designed",84,0,25,"D 2,3 -> 6,7",25,True,0.0,42197.0,1,False,0.31503606513167726,0.05,42197.0
"Fixed 42170, designed",84,1,18,"D 1,2 -> 4,7",15,True,0.0,42195.0,1,False,0.29681502172579394,0.05,84392.0
"Fixed 42170, designed",84,2,8,"D 0,1 -> 4,5",8,True,0.0,42198.0,1,False,0.3764697826210095,0.05,126590.0
"Fixed 42170, designed",84,3,15,"D 0,3 -> 5,6",15,True,0.0,42199.0,1,False,0.30026357217502075,0.05,168789.0
"Fixed 42170, designed",84,4,11,"D 0,1 -> 6,7",19,False,0.356478614776494,42198.0,1,False,0.03758523474777508,0.05,210987.0
"Fixed 42170, designed",84,5,22,"D 2,3 -> 4,5",14,False,0.004491939885865492,42195.0,1,False,0.03912173614796322,0.05,253182.0
"Fixed 42170, designed",84,6,19,"D 1,2 -> 5,6",19,True,0.0,42197.0,1,False,0.054109015205618526,0.05,295379.0
"Fixed 42170, designed",84,7,14,"D 0,3 -> 4,7",14,True,0.0,42192.0,1,False,0.10242177930798524,0.05,337571.0
"Fixed 42170, designed",84,8,15,"D 0,3 -> 5,6",21,False,0.9999998950842289,42200.0,1,False,0.009441305135041921,0.05,379771.0
"Fixed 42170, designed",84,9,12,"D 0,2 -> 4,6",21,True,2.7817537162633243e-10,42200.0,1,False,0.009441304757812841,0.05,421971.0
"Fixed 42170, designed",84,10,7,S 3 -> 7,21,False,1.0,42199.0,1,False,0.018167337689691972,0.05,464170.0
"Fixed 42170, designed",84,11,24,"D 2,3 -> 5,6",21,False,1.0,42199.0,1,False,0.018167337689691972,0.05,506369.0
"Fixed 42170, designed",84,12,18,"D 1,2 -> 4,7",21,False,0.9933158847242823,42199.0,1,False,0.018167337689691972,0.05,548568.0
"Fixed 42170, designed",85,0,25,"D 2,3 -> 6,7",25,True,0.0,42197.0,1,False,0.31503606513167726,0.05,42197.0
"Fixed 42170, designed",85,1,15,"D 0,3 -> 5,6",15,True,0.0,42195.0,1,False,0.29681502172579394,0.05,84392.0
"Fixed 42170, designed",85,2,8,"D 0,1 -> 4,5",8,True,0.0,42198.0,1,False,0.3764697826210095,0.05,126590.0
"Fixed 42170, designed",85,3,18,"D 1,2 -> 4,7",18,True,0.0,42195.0,1,False,0.3002635722338174,0.05,168785.0
"Fixed 42170, designed",85,4,11,"D 0,1 -> 6,7",14,False,0.3564786117490738,42198.0,1,False,0.03758523457422756,0.05,210983.0
"Fixed 42170, designed",85,5,22,"D 2,3 -> 4,5",19,False,0.004491939885871377,42195.0,1,False,0.03912173614796318,0.05,253178.0
"Fixed 42170, designed",85,6,19,"D 1,2 -> 5,6",14,False,4.189456226377786e-09,42197.0,1,False,0.054109014953737815,0.05,295375.0
"Fixed 42170, designed",85,7,14,"D 0,3 -> 4,7",14,True,0.0,42192.0,1,False,0.10242178082410562,0.05,337567.0
"Fixed 42170, designed",85,8,10,"D 0,1 -> 5,6",21,False,1.0,42200.0,1,False,0.009441305752846713,0.05,379767.0
"Fixed 42170, designed",85,9,2,S 1 -> 5,21,False,1.0,42200.0,1,False,0.009441305752846713,0.05,421967.0
"Fixed 42170, designed",85,10,21,"D 1,3 -> 5,7",21,True,0.0,42200.0,1,False,0.009441305752846713,0.05,464167.0
"Fixed 42170, designed",85,11,6,S 3 -> 5,12,False,1.0,42199.0,1,False,0.018167337685334066,0.05,506366.0
"Fixed 42170, designed",85,12,12,"D 0,2 -> 4,6",12,True,0.0,42199.0,1,False,0.018167337685334066,0.05,548565.0
"Fixed 42170, designed",86,0,25,"D 2,3 -> 6,7",25,True,0.0,42197.0,1,False,0.31503606513167726,0.05,42197.0
"Fixed 42170, designed",86,1,18,"D 1,2 -> 4,7",15,True,0.0,42195.0,1,False,0.29681502172579394,0.05,84392.0
"Fixed 42170, designed",86,2,8,"D 0,1 -> 4,5",8,True,0.0,42198.0,1,False,0.3764697826210095,0.05,126590.0
"Fixed 42170, designed",86,3,15,"D 0,3 -> 5,6",15,True,0.0,42199.0,1,False,0.30026357217502075,0.05,168789.0
"Fixed 42170, designed",86,4,14,"D 0,3 -> 4,7",19,True,5.80789971671436e-10,42198.0,1,False,0.03758523474777508,0.05,210987.0
"Fixed 42170, designed",86,5,19,"D 1,2 -> 5,6",19,True,0.0,42201.0,1,False,0.0657125239206618,0.05,253188.0
"Fixed 42170, designed",86,6,11,"D 0,1 -> 6,7",22,False,0.044806582285133345,42198.0,1,False,0.043648521241327065,0.05,295386.0
"Fixed 42170, designed",86,7,22,"D 2,3 -> 4,5",22,True,0.0,42198.0,1,False,0.06967473482297251,0.05,337584.0
"Fixed 42170, designed",86,8,3,S 1 -> 7,12,False,1.0,42200.0,1,False,0.009441304632724787,0.05,379784.0
"Fixed 42170, designed",86,9,0,S 0 -> 4,12,False,1.0,42200.0,1,False,0.009441304632724787,0.05,421984.0
"Fixed 42170, designed",86,10,0,S 0 -> 4,12,False,1.0,42200.0,1,False,0.009441304632724787,0.05,464184.0
"Fixed 42170, designed",86,11,11,"D 0,1 -> 6,7",12,False,0.9999999965742711,42200.0,1,False,0.009441304632724787,0.05,506384.0
"Fixed 42170, designed",86,12,12,"D 0,2 -> 4,6",12,True,0.0,42200.0,1,False,0.009441304632724787,0.05,548584.0
"Fixed 42170, designed",86,13,4,S 2 -> 4,21,False,1.0,42199.0,1,False,0.018167337698092083,0.05,590783.0
"Fixed 42170, designed",86,14,3,S 1 -> 7,21,False,1.0,42199.0,1,False,0.018167337698092083,0.05,632982.0
"Fixed 42170, designed",86,15,6,S 3 -> 5,21,False,1.0,42199.0,1,False,0.018167337698092083,0.05,675181.0
"Fixed 42170, designed",86,16,21,"D 1,3 -> 5,7",21,True,0.0,42199.0,1,False,0.018167337698092083,0.05,717380.0
"Fixed 42170, designed",87,0,25,"D 2,3 -> 6,7",25,True,0.0,42197.0,1,False,0.31503606513167726,0.05,42197.0
"Fixed 42170, designed",87,1,15,"D 0,3 -> 5,6",15,True,0.0,42195.0,1,False,0.29681502172579394,0.05,84392.0
"Fixed 42170, designed",87,2,8,"D 0,1 -> 4,5",8,True,0.0,42198.0,1,False,0.3764697826210095,0.05,126590.0
"Fixed 42170, designed",87,3,18,"D 1,2 -> 4,7",18,True,0.0,42195.0,1,False,0.3002635722338174,0.05,168785.0
"Fixed 42170, designed",87,4,14,"D 0,3 -> 4,7",14,True,0.0,42198.0,1,False,0.03758523457422756,0.05,210983.0
"Fixed 42170, designed",87,5,19,"D 1,2 -> 5,6",19,True,0.0,42201.0,1,False,0.0657125239900671,0.05,253184.0
"Fixed 42170, designed",87,6,11,"D 0,1 -> 6,7",22,False,0.044806582302531095,42198.0,1,False,0.04364852130558422,0.05,295382.0
"Fixed 42170, designed",87,7,22,"D 2,3 -> 4,5",22,True,0.0,42198.0,1,False,0.06967473471683744,0.05,337580.0
"Fixed 42170, designed",87,8,19,"D 1,2 -> 5,6",12,False,0.9999999296083535,42200.0,1,False,0.009441304763103292,0.05,379780.0
"Fixed 42170, designed",87,9,21,"D 1,3 -> 5,7",12,False,2.6598964142365844e-09,42200.0,1,False,0.009441304763103292,0.05,421980.0
"Fixed 42170, designed",87,10,3,S 1 -> 7,12,False,1.0,42199.0,1,False,0.018167337650026146,0.05,464179.0
"Fixed 42170, designed",87,11,3,S 1 -> 7,12,False,1.0,42199.0,1,False,0.018167337588270212,0.05,506378.0
"Fixed 42170, designed",87,12,10,"D 0,1 -> 5,6",12,False,1.0,42199.0,1,False,0.018167337588270212,0.05,548577.0
"Fixed 42170, designed",87,13,15,"D 0,3 -> 5,6",12,False,0.9933158754800515,42199.0,1,False,0.018167337588270212,0.05,590776.0
"Fixed 42170, designed",88,0,25,"D 2,3 -> 6,7",25,True,0.0,42197.0,1,False,0.31503606513167726,0.05,42197.0
"Fixed 42170, designed",88,1,15,"D 0,3 -> 5,6",15,True,0.0,42195.0,1,False,0.29681502172579394,0.05,84392.0
"Fixed 42170, designed",88,2,8,"D 0,1 -> 4,5",8,True,0.0,42198.0,1,False,0.3764697826210095,0.05,126590.0
"Fixed 42170, designed",88,3,18,"D 1,2 -> 4,7",18,True,0.0,42195.0,1,False,0.3002635722338174,0.05,168785.0
"Fixed 42170, designed",88,4,19,"D 1,2 -> 5,6",14,True,5.182410056647768e-12,42198.0,1,False,0.03758523457422756,0.05,210983.0
"Fixed 42170, designed",88,5,14,"D 0,3 -> 4,7",14,True,0.0,42196.0,1,False,0.06571252392066197,0.05,253179.0
"Fixed 42170, designed",88,6,22,"D 2,3 -> 4,5",22,True,0.0,42198.0,1,False,0.04364852124132713,0.05,295377.0
"Fixed 42170, designed",88,7,11,"D 0,1 -> 6,7",11,True,0.0,42194.0,1,False,0.10072796416579667,0.05,337571.0
"Fixed 42170, designed",88,8,9,"D 0,1 -> 4,7",21,False,1.0,42200.0,1,False,0.009441304630083448,0.05,379771.0
"Fixed 42170, designed",88,9,1,S 0 -> 6,21,False,1.0,42200.0,1,False,0.009441304630083448,0.05,421971.0
"Fixed 42170, designed",88,10,2,S 1 -> 5,21,False,1.0,42200.0,1,False,0.009441304630083448,0.05,464171.0
"Fixed 42170, designed",88,11,21,"D 1,3 -> 5,7",21,True,0.0,42200.0,1,False,0.009441304630083448,0.05,506371.0
"Fixed 42170, designed",88,12,12,"D 0,2 -> 4,6",12,True,0.0,42199.0,1,False,0.018167337649211367,0.05,548570.0
"Fixed 42170, designed",89,0,25,"D 2,3 -> 6,7",25,True,0.0,42197.0,1,False,0.31503606513167726,0.05,42197.0
"Fixed 42170, designed",89,1,15,"D 0,3 -> 5,6",15,True,0.0,42195.0,1,False,0.29681502172579394,0.05,84392.0
"Fixed 42170, designed",89,2,8,"D 0,1 -> 4,5",8,True,0.0,42198.0,1,False,0.3764697826210095,0.05,126590.0
"Fixed 42170, designed",89,3,18,"D 1,2 -> 4,7",18,True,0.0,42195.0,1,False,0.3002635722338174,0.05,168785.0
"Fixed 42170, designed",89,4,19,"D 1,2 -> 5,6",14,True,5.182410056647768e-12,42198.0,1,False,0.03758523457422756,0.05,210983.0
"Fixed 42170, designed",89,5,14,"D 0,3 -> 4,7",14,True,0.0,42196.0,1,False,0.06571252392066197,0.05,253179.0
"Fixed 42170, designed",89,6,11,"D 0,1 -> 6,7",22,False,0.044806582285143115,42198.0,1,False,0.04364852124132713,0.05,295377.0
"Fixed 42170, designed",89,7,22,"D 2,3 -> 4,5",22,True,0.0,42198.0,1,False,0.06967473471393487,0.05,337575.0
"Fixed 42170, designed",89,8,14,"D 0,3 -> 4,7",21,False,0.999999986483221,42200.0,1,False,0.009441304632724919,0.05,379775.0
"Fixed 42170, designed",89,9,19,"D 1,2 -> 5,6",21,False,0.9999999753612627,42200.0,1,False,0.009441304632724919,0.05,421975.0
"Fixed 42170, designed",89,10,22,"D 2,3 -> 4,5",21,False,0.9999999928686681,42200.0,1,False,0.009441304632724919,0.05,464175.0
"Fixed 42170, designed",89,11,10,"D 0,1 -> 5,6",21,False,1.0,42200.0,1,False,0.009441304632724919,0.05,506375.0
"Fixed 42170, designed",89,12,6,S 3 -> 5,21,False,1.0,42200.0,1,False,0.009441304632724919,0.05,548575.0
"Fixed 42170, designed",89,13,21,"D 1,3 -> 5,7",21,True,0.0,42200.0,1,False,0.009441304632724919,0.05,590775.0
"Fixed 42170, designed",89,14,14,"D 0,3 -> 4,7",12,False,0.9867733822894521,42199.0,1,False,0.01816733765848632,0.05,632974.0
"Fixed 42170, designed",90,0,25,"D 2,3 -> 6,7",25,True,0.0,42197.0,1,False,0.31503606513167726,0.06,42197.0
"Fixed 42170, designed",90,1,15,"D 0,3 -> 5,6",15,True,0.0,42195.0,1,False,0.29681502172579394,0.05,84392.0
"Fixed 42170, designed",90,2,8,"D 0,1 -> 4,5",8,True,0.0,42198.0,1,False,0.3764697826210095,0.05,126590.0
"Fixed 42170, designed",90,3,18,"D 1,2 -> 4,7",18,True,0.0,42195.0,1,False,0.3002635722338174,0.05,168785.0
"Fixed 42170, designed",90,4,19,"D 1,2 -> 5,6",14,True,5.182410056647768e-12,42198.0,1,False,0.03758523457422756,0.05,210983.0
"Fixed 42170, designed",90,5,14,"D 0,3 -> 4,7",14,True,0.0,42196.0,1,False,0.06571252392066197,0.05,253179.0
"Fixed 42170, designed",90,6,22,"D 2,3 -> 4,5",22,True,0.0,42198.0,1,False,0.04364852124132713,0.06,295377.0
"Fixed 42170, designed",90,7,11,"D 0,1 -> 6,7",11,True,0.0,42194.0,1,False,0.10072796416579667,0.05,337571.0
"Fixed 42170, designed",90,8,6,S 3 -> 5,21,False,1.0,42200.0,1,False,0.009441304630083448,0.05,379771.0
"Fixed 42170, designed",90,9,6,S 3 -> 5,21,False,1.0,42200.0,1,False,0.009441304630083448,0.05,421971.0
"Fixed 42170, designed",90,10,0,S 0 -> 4,21,False,1.0,42200.0,1,False,0.009441304630083448,0.05,464171.0
"Fixed 42170, designed",90,11,12,"D 0,2 -> 4,6",21,True,2.371568497139265e-10,42200.0,1,False,0.009441304630083448,0.05,506371.0
"Fixed 42170, designed",90,12,3,S 1 -> 7,21,False,1.0,42199.0,1,False,0.01816733759515189,0.05,548570.0
"Fixed 42170, designed",90,13,21,"D 1,3 -> 5,7",21,True,0.0,42199.0,1,False,0.018167337471782893,0.06,590769.0
"Fixed 42170, designed",91,0,25,"D 2,3 -> 6,7",25,True,0.0,42197.0,1,False,0.31503606513167726,0.05,42197.0
"Fixed 42170, designed",91,1,18,"D 1,2 -> 4,7",15,True,0.0,42195.0,1,False,0.29681502172579394,0.05,84392.0
"Fixed 42170, designed",91,2,8,"D 0,1 -> 4,5",8,True,0.0,42198.0,1,False,0.3764697826210095,0.05,126590.0
"Fixed 42170, designed",91,3,15,"D 0,3 -> 5,6",15,True,0.0,42199.0,1,False,0.30026357217502075,0.05,168789.0
"Fixed 42170, designed",91,4,19,"D 1,2 -> 5,6",19,True,0.0,42198.0,1,False,0.03758523474777508,0.05,210987.0
"Fixed 42170, designed",91,5,14,"D 0,3 -> 4,7",14,True,0.0,42196.0,1,False,0.06571252399006697,0.05,253183.0
"Fixed 42170, designed",91,6,22,"D 2,3 -> 4,5",22,True,0.0,42198.0,1,False,0.043648521305584075,0.05,295381.0
"Fixed 42170, designed",91,7,11,"D 0,1 -> 6,7",11,True,0.0,42194.0,1,False,0.10072796416579774,0.05,337575.0
"Fixed 42170, designed",91,8,11,"D 0,1 -> 6,7",21,False,0.999999951366124,42200.0,1,False,0.009441304483876945,0.05,379775.0
"Fixed 42170, designed",91,9,5,S 2 -> 6,12,False,1.0,42200.0,1,False,0.009441304535539489,0.05,421975.0
"Fixed 42170, designed",91,10,21,"D 1,3 -> 5,7",12,True,6.400134866524354e-10,42200.0,1,False,0.009441304535539489,0.05,464175.0
"Fixed 42170, designed",91,11,19,"D 1,2 -> 5,6",12,False,0.9867664051338162,42199.0,1,False,0.01816733768800817,0.05,506374.0
"Fixed 42170, designed",92,0,14,"D 0,3 -> 4,7",25,False,0.052846754050403844,42197.0,1,False,0.31503606513167726,0.05,42197.0
"Fixed 42170, designed",92,1,19,"D 1,2 -> 5,6",22,False,0.0008388564376003993,42197.0,1,False,0.2986379460442076,0.05,84394.0
"Fixed 42170, designed",92,2,22,"D 2,3 -> 4,5",22,True,0.0,42198.0,1,False,0.30702477030875686,0.05,126592.0
"Fixed 42170, designed",92,3,11,"D 0,1 -> 6,7",11,True,0.0,42196.0,1,False,0.4010030866164432,0.05,168788.0
"Fixed 42170, designed",92,4,15,"D 0,3 -> 5,6",8,False,0.026297174229922282,42196.0,1,False,0.022746161139309492,0.05,210984.0
"Fixed 42170, designed",92,5,18,"D 1,2 -> 4,7",18,True,0.0,42197.0,1,False,0.03866517349570615,0.05,253181.0
"Fixed 42170, designed",92,6,8,"D 0,1 -> 4,5",8,True,0.0,42195.0,1,False,0.03387933023144442,0.05,295376.0
"Fixed 42170, designed",92,7,25,"D 2,3 -> 6,7",25,True,0.0,42193.0,1,False,0.0614026080189794,0.05,337569.0
"Fixed 42170, designed",92,8,17,"D 1,2 -> 4,5",21,False,1.0,42200.0,1,False,0.009441304652014872,0.05,379769.0
"Fixed 42170, designed",92,9,12,"D 0,2 -> 4,6",21,True,0.0,42200.0,1,False,0.009441304652014872,0.05,421969.0
"Fixed 42170, designed",92,10,21,"D 1,3 -> 5,7",21,True,0.0,42199.0,1,False,0.01816733693653371,0.05,464168.0
"Fixed 42170, designed",93,0,25,"D 2,3 -> 6,7",25,True,0.0,42197.0,1,False,0.31503606513167726,0.05,42197.0
"Fixed 42170, designed",93,1,18,"D 1,2 -> 4,7",15,True,0.0,42195.0,1,False,0.29681502172579394,0.05,84392.0
"Fixed 42170, designed",93,2,8,"D 0,1 -> 4,5",8,True,0.0,42198.0,1,False,0.3764697826210095,0.05,126590.0
"Fixed 42170, designed",93,3,15,"D 0,3 -> 5,6",15,True,0.0,42199.0,1,False,0.30026357217502075,0.05,168789.0
"Fixed 42170, designed",93,4,14,"D 0,3 -> 4,7",19,True,5.80789971671436e-10,42198.0,1,False,0.03758523474777508,0.06,210987.0
"Fixed 42170, designed",93,5,19,"D 1,2 -> 5,6",19,True,0.0,42201.0,1,False,0.0657125239206618,0.05,253188.0
"Fixed 42170, designed",93,6,11,"D 0,1 -> 6,7",22,False,0.044806582285133345,42198.0,1,False,0.043648521241327065,0.05,295386.0
"Fixed 42170, designed",93,7,22,"D 2,3 -> 4,5",22,True,0.0,42198.0,1,False,0.06967473482297251,0.05,337584.0
"Fixed 42170, designed",93,8,19,"D 1,2 -> 5,6",12,False,0.9999999864832305,42200.0,1,False,0.009441304632724787,0.05,379784.0
"Fixed 42170, designed",93,9,18,"D 1,2 -> 4,7",12,False,0.999999996292982,42200.0,1,False,0.009441304632724787,0.05,421984.0
"Fixed 42170, designed",93,10,11,"D 0,1 -> 6,7",12,False,0.9999999965742711,42200.0,1,False,0.009441304632724787,0.05,464184.0
"Fixed 42170, designed",93,11,11,"D 0,1 -> 6,7",12,False,0.9999999965742711,42200.0,1,False,0.009441304632724787,0.05,506384.0
"Fixed 42170, designed",93,12,10,"D 0,1 -> 5,6",12,False,1.0,42200.0,1,False,0.009441304632724787,0.05,548584.0
"Fixed 42170, designed",93,13,2,S 1 -> 5,12,False,1.0,42200.0,1,False,0.009441304632724787,0.05,590784.0
"Fixed 42170, designed",93,14,12,"D 0,2 -> 4,6",12,True,0.0,42200.0,1,False,0.009441304632724787,0.05,632984.0
"Fixed 42170, designed",93,15,21,"D 1,3 -> 5,7",21,True,0.0,42199.0,1,False,0.018167337827906145,0.05,675183.0
"Fixed 42170, designed",94,0,25,"D 2,3 -> 6,7",25,True,0.0,42197.0,1,False,0.31503606513167726,0.05,42197.0
"Fixed 42170, designed",94,1,8,"D 0,1 -> 4,5",15,False,0.033311851350335986,42195.0,1,False,0.29681502172579394,0.05,84392.0
"Fixed 42170, designed",94,2,18,"D 1,2 -> 4,7",15,True,5.551115123125783e-16,42195.0,1,False,0.303713351808019,0.05,126587.0
"Fixed 42170, designed",94,3,15,"D 0,3 -> 5,6",15,True,0.0,42197.0,1,False,0.38824803810173447,0.05,168784.0
"Fixed 42170, designed",94,4,14,"D 0,3 -> 4,7",19,True,5.150813109366936e-11,42198.0,1,False,0.03758523456612009,0.05,210982.0
"Fixed 42170, designed",94,5,22,"D 2,3 -> 4,5",19,False,0.5592940307573493,42201.0,1,False,0.06571252413529666,0.05,253183.0
"Fixed 42170, designed",94,6,19,"D 1,2 -> 5,6",19,True,0.0,42195.0,1,False,0.07333715139528357,0.05,295378.0
"Fixed 42170, designed",94,7,11,"D 0,1 -> 6,7",11,True,0.0,42195.0,1,False,0.11145598871117825,0.05,337573.0
"Fixed 42170, designed",94,8,21,"D 1,3 -> 5,7",12,True,1.1583778380952481e-10,42200.0,1,False,0.009441304604937178,0.05,379773.0
"Fixed 42170, designed",94,9,6,S 3 -> 5,12,False,1.0,42199.0,1,False,0.018167337592933555,0.05,421972.0
"Fixed 42170, designed",94,10,2,S 1 -> 5,12,False,1.0,42199.0,1,False,0.018167337610409645,0.05,464171.0
"Fixed 42170, designed",94,11,15,"D 0,3 -> 5,6",12,False,0.9933158833270335,42199.0,1,False,0.018167337610409645,0.05,506370.0
"Fixed 42170, designed",95,0,19,"D 1,2 -> 5,6",25,False,0.052846754050403844,42197.0,1,False,0.31503606513167726,0.05,42197.0
"Fixed 42170, designed",95,1,14,"D 0,3 -> 4,7",22,False,0.0008388565620752741,42193.0,1,False,0.2986379460814117,0.05,84390.0
"Fixed 42170, designed",95,2,22,"D 2,3 -> 4,5",22,True,0.0,42198.0,1,False,0.3070247718582447,0.05,126588.0
"Fixed 42170, designed",95,3,11,"D 0,1 -> 6,7",11,True,0.0,42196.0,1,False,0.4010030868094594,0.05,168784.0
"Fixed 42170, designed",95,4,8,"D 0,1 -> 4,5",8,True,0.0,42196.0,1,False,0.02274616133043009,0.05,210980.0
"Fixed 42170, designed",95,5,25,"D 2,3 -> 6,7",25,True,0.0,42195.0,1,False,0.038483766324501636,0.05,253175.0
"Fixed 42170, designed",95,6,15,"D 0,3 -> 5,6",15,True,0.0,42200.0,1,False,0.03323670762425804,0.05,295375.0
"Fixed 42170, designed",95,7,18,"D 1,2 -> 4,7",18,True,0.0,42194.0,1,False,0.061357451134629856,0.05,337569.0
"Fixed 42170, designed",95,8,24,"D 2,3 -> 5,6",21,False,1.0,42200.0,1,False,0.00944130470026638,0.05,379769.0
"Fixed 42170, designed",95,9,5,S 2 -> 6,21,False,1.0,42200.0,1,False,0.00944130470026638,0.05,421969.0
"Fixed 42170, designed",95,10,10,"D 0,1 -> 5,6",21,False,1.0,42200.0,1,False,0.00944130470026638,0.05,464169.0
"Fixed 42170, designed",95,11,0,S 0 -> 4,21,False,1.0,42200.0,1,False,0.00944130470026638,0.05,506369.0
"Fixed 42170, designed",95,12,0,S 0 -> 4,21,False,1.0,42200.0,1,False,0.00944130470026638,0.06,548569.0
"Fixed 42170, designed",95,13,12,"D 0,2 -> 4,6",21,False,8.464972167665508e-09,42200.0,1,False,0.00944130470026638,0.05,590769.0
"Fixed 42170, designed",95,14,6,S 3 -> 5,21,False,1.0,42199.0,1,False,0.01816733766927963,0.05,632968.0
"Fixed 42170, designed",95,15,15,"D 0,3 -> 5,6",21,False,0.9933180276993023,42199.0,1,False,0.01816733766927963,0.05,675167.0
"Fixed 42170, pilot",0,0,25,"D 2,3 -> 6,7",25,True,0.0,42198.0,1,False,0.31503606513167726,0.12,42198.0
"Fixed 42170, pilot",0,1,15,"D 0,3 -> 5,6",15,True,0.0,42195.0,1,False,0.29681502172579394,0.11,84393.0
"Fixed 42170, pilot",0,2,8,"D 0,1 -> 4,5",8,True,0.0,42198.0,1,False,0.3764697826210095,0.11,126591.0
"Fixed 42170, pilot",0,3,18,"D 1,2 -> 4,7",18,True,0.0,42195.0,1,False,0.3002635722338174,0.11,168786.0
"Fixed 42170, pilot",0,4,19,"D 1,2 -> 5,6",14,True,5.182410056647768e-12,42197.0,1,False,0.03758523457422756,0.11,210983.0
"Fixed 42170, pilot",0,5,14,"D 0,3 -> 4,7",14,True,0.0,42199.0,1,False,0.06571252392066197,0.11,253182.0
"Fixed 42170, pilot",0,6,22,"D 2,3 -> 4,5",22,True,0.0,42195.0,1,False,0.04364852124132713,0.11,295377.0
"Fixed 42170, pilot",0,7,11,"D 0,1 -> 6,7",11,True,0.0,42197.0,1,False,0.10072796416579667,0.11,337574.0
"Fixed 42170, pilot",0,8,10,"D 0,1 -> 5,6",21,False,1.0,42197.0,1,False,0.009441304630083448,0.11,379771.0
"Fixed 42170, pilot",0,9,21,"D 1,3 -> 5,7",21,True,0.0,42196.0,1,False,0.009441304630083448,0.11,421967.0
"Fixed 42170, pilot",0,10,12,"D 0,2 -> 4,6",12,True,0.0,42197.0,1,False,0.018167337649211367,0.11,464164.0
"Fixed 42170, pilot",1,0,25,"D 2,3 -> 6,7",25,True,0.0,42195.0,1,False,0.31503606513167726,0.12,42195.0
"Fixed 42170, pilot",1,1,18,"D 1,2 -> 4,7",15,True,0.0,42194.0,1,False,0.29681502172579394,0.11,84389.0
"Fixed 42170, pilot",1,2,8,"D 0,1 -> 4,5",8,True,0.0,42201.0,1,False,0.3764697826210095,0.11,126590.0
"Fixed 42170, pilot",1,3,15,"D 0,3 -> 5,6",15,True,0.0,42198.0,1,False,0.30026357217502075,0.11,168788.0
"Fixed 42170, pilot",1,4,14,"D 0,3 -> 4,7",19,True,5.80789971671436e-10,42201.0,1,False,0.03758523474777508,0.11,210989.0
"Fixed 42170, pilot",1,5,19,"D 1,2 -> 5,6",19,True,0.0,42196.0,1,False,0.0657125239206618,0.11,253185.0
"Fixed 42170, pilot",1,6,11,"D 0,1 -> 6,7",22,False,0.044806582285133345,42194.0,1,False,0.043648521241327065,0.11,295379.0
"Fixed 42170, pilot",1,7,22,"D 2,3 -> 4,5",22,True,0.0,42197.0,1,False,0.06967473482297251,0.11,337576.0
"Fixed 42170, pilot",1,8,6,S 3 -> 5,12,False,1.0,42194.0,1,False,0.009441304632724787,0.11,379770.0
"Fixed 42170, pilot",1,9,20,"D 1,2 -> 6,7",12,False,1.0,42194.0,1,False,0.009441304632724787,0.11,421964.0
"Fixed 42170, pilot",1,10,23,"D 2,3 -> 4,7",12,False,1.0,42199.0,1,False,0.009441304632724787,0.11,464163.0
"Fixed 42170, pilot",1,11,3,S 1 -> 7,12,False,1.0,42198.0,1,False,0.009441304632724787,0.11,506361.0
"Fixed 42170, pilot",1,12,19,"D 1,2 -> 5,6",12,False,0.9999999864832305,42192.0,1,False,0.009441304632724787,0.11,548553.0
"Fixed 42170, pilot",1,13,25,"D 2,3 -> 6,7",12,False,0.9999999919569151,42196.0,1,False,0.009441304632724787,0.11,590749.0
"Fixed 42170, pilot",1,14,21,"D 1,3 -> 5,7",12,True,7.587165340439128e-10,42195.0,1,False,0.009441304632724787,0.11,632944.0
"Fixed 42170, pilot",1,15,12,"D 0,2 -> 4,6",12,True,0.0,42200.0,1,False,0.01816733767957102,0.11,675144.0
"Fixed 42170, pilot",2,0,25,"D 2,3 -> 6,7",25,True,0.0,42194.0,1,False,0.31503606513167726,0.12,42194.0
"Fixed 42170, pilot",2,1,15,"D 0,3 -> 5,6",15,True,0.0,42194.0,1,False,0.29681502172579394,0.11,84388.0
"Fixed 42170, pilot",2,2,8,"D 0,1 -> 4,5",8,True,0.0,42195.0,1,False,0.3764697826210095,0.11,126583.0
"Fixed 42170, pilot",2,3,18,"D 1,2 -> 4,7",18,True,0.0,42197.0,1,False,0.3002635722338174,0.11,168780.0
"Fixed 42170, pilot",2,4,19,"D 1,2 -> 5,6",14,True,5.182410056647768e-12,42195.0,1,False,0.03758523457422756,0.11,210975.0
"Fixed 42170, pilot",2,5,14,"D 0,3 -> 4,7",14,True,0.0,42198.0,1,False,0.06571252392066197,0.12,253173.0
"Fixed 42170, pilot",2,6,22,"D 2,3 -> 4,5",22,True,0.0,42196.0,1,False,0.04364852124132713,0.11,295369.0
"Fixed 42170, pilot",2,7,11,"D 0,1 -> 6,7",11,True,0.0,42197.0,1,False,0.10072796416579667,0.11,337566.0
"Fixed 42170, pilot",2,8,21,"D 1,3 -> 5,7",21,True,0.0,42195.0,1,False,0.009441304630083448,0.11,379761.0
"Fixed 42170, pilot",2,9,1,S 0 -> 6,12,False,1.0,42193.0,1,False,0.018167337649211367,0.11,421954.0
"Fixed 42170, pilot",2,10,11,"D 0,1 -> 6,7",12,False,0.9826751306735532,42196.0,1,False,0.018167337649211367,0.11,464150.0
"Fixed 42170, pilot",3,0,25,"D 2,3 -> 6,7",25,True,0.0,42196.0,1,False,0.31503606513167726,0.12,42196.0
"Fixed 42170, pilot",3,1,15,"D 0,3 -> 5,6",15,True,0.0,42200.0,1,False,0.29681502172579394,0.11,84396.0
"Fixed 42170, pilot",3,2,8,"D 0,1 -> 4,5",8,True,0.0,42200.0,1,False,0.3764697826210095,0.11,126596.0
"Fixed 42170, pilot",3,3,18,"D 1,2 -> 4,7",18,True,0.0,42199.0,1,False,0.3002635722338174,0.11,168795.0
"Fixed 42170, pilot",3,4,14,"D 0,3 -> 4,7",14,True,0.0,42198.0,1,False,0.03758523457422756,0.11,210993.0
"Fixed 42170, pilot",3,5,19,"D 1,2 -> 5,6",19,True,0.0,42196.0,1,False,0.0657125239900671,0.11,253189.0
"Fixed 42170, pilot",3,6,11,"D 0,1 -> 6,7",22,False,0.044806582302531095,42197.0,1,False,0.04364852130558422,0.11,295386.0
"Fixed 42170, pilot",3,7,22,"D 2,3 -> 4,5",22,True,0.0,42197.0,1,False,0.06967473471683744,0.11,337583.0
"Fixed 42170, pilot",3,8,25,"D 2,3 -> 6,7",12,False,0.9999998934268234,42199.0,1,False,0.009441304763103292,0.11,379782.0
"Fixed 42170, pilot",3,9,1,S 0 -> 6,12,False,1.0,42199.0,1,False,0.009441304763103292,0.11,421981.0
"Fixed 42170, pilot",3,10,11,"D 0,1 -> 6,7",12,False,0.999999928507858,42199.0,1,False,0.009441304763103292,0.11,464180.0
"Fixed 42170, pilot",3,11,19,"D 1,2 -> 5,6",12,False,0.9999999296083535,42195.0,1,False,0.009441304763103292,0.11,506375.0
"Fixed 42170, pilot",3,12,21,"D 1,3 -> 5,7",12,False,2.6598964142365844e-09,42197.0,1,False,0.009441304763103292,0.11,548572.0
"Fixed 42170, pilot",3,13,5,S 2 -> 6,12,False,1.0,42194.0,1,False,0.018167337412971864,0.11,590766.0
"Fixed 42170, pilot",3,14,7,S 3 -> 7,12,False,1.0,42198.0,1,False,0.018167337412971864,0.11,632964.0
"Fixed 42170, pilot",3,15,12,"D 0,2 -> 4,6",12,True,0.0,42195.0,1,False,0.018167337412971864,0.11,675159.0
"Fixed 42170, pilot",4,0,25,"D 2,3 -> 6,7",25,True,0.0,42193.0,1,False,0.31503606513167726,0.12,42193.0
"Fixed 42170, pilot",4,1,18,"D 1,2 -> 4,7",15,True,0.0,42194.0,1,False,0.29681502172579394,0.11,84387.0
"Fixed 42170, pilot",4,2,8,"D 0,1 -> 4,5",8,True,0.0,42198.0,1,False,0.3764697826210095,0.11,126585.0
"Fixed 42170, pilot",4,3,15,"D 0,3 -> 5,6",15,True,0.0,42199.0,1,False,0.30026357217502075,0.11,168784.0
"Fixed 42170, pilot",4,4,19,"D 1,2 -> 5,6",19,True,0.0,42198.0,1,False,0.03758523474777508,0.12,210982.0
"Fixed 42170, pilot",4,5,14,"D 0,3 -> 4,7",14,True,0.0,42197.0,1,False,0.06571252399006697,0.11,253179.0
"Fixed 42170, pilot",4,6,22,"D 2,3 -> 4,5",22,True,0.0,42198.0,1,False,0.043648521305584075,0.11,295377.0
"Fixed 42170, pilot",4,7,11,"D 0,1 -> 6,7",11,True,0.0,42197.0,1,False,0.10072796416579774,0.11,337574.0
"Fixed 42170, pilot",4,8,20,"D 1,2 -> 6,7",21,False,1.0,42197.0,1,False,0.009441304483876945,0.11,379771.0
"Fixed 42170, pilot",4,9,1,S 0 -> 6,12,False,1.0,42194.0,1,False,0.00944130454604846,0.11,421965.0
"Fixed 42170, pilot",4,10,21,"D 1,3 -> 5,7",12,True,6.400112662063862e-10,42195.0,1,False,0.00944130454604846,0.11,464160.0
"Fixed 42170, pilot",4,11,15,"D 0,3 -> 5,6",12,False,0.9933158906606935,42199.0,1,False,0.018167337650105038,0.11,506359.0
"Fixed 42170, pilot",5,0,25,"D 2,3 -> 6,7",25,True,0.0,42196.0,1,False,0.31503606513167726,0.12,42196.0
"Fixed 42170, pilot",5,1,18,"D 1,2 -> 4,7",15,True,0.0,42196.0,1,False,0.29681502172579394,0.11,84392.0
"Fixed 42170, pilot",5,2,8,"D 0,1 -> 4,5",8,True,0.0,42196.0,1,False,0.3764697826210095,0.11,126588.0
"Fixed 42170, pilot",5,3,15,"D 0,3 -> 5,6",15,True,0.0,42196.0,1,False,0.30026357217502075,0.11,168784.0
"Fixed 42170, pilot",5,4,19,"D 1,2 -> 5,6",19,True,0.0,42199.0,1,False,0.03758523474777508,0.11,210983.0
"Fixed 42170, pilot",5,5,14,"D 0,3 -> 4,7",14,True,0.0,42195.0,1,False,0.06571252399006697,0.11,253178.0
"Fixed 42170, pilot",5,6,11,"D 0,1 -> 6,7",22,False,0.04480658230253376,42198.0,1,False,0.043648521305584075,0.11,295376.0
"Fixed 42170, pilot",5,7,22,"D 2,3 -> 4,5",22,True,0.0,42200.0,1,False,0.06967473471393487,0.11,337576.0
"Fixed 42170, pilot",5,8,9,"D 0,1 -> 4,7",21,False,1.0,42196.0,1,False,0.009441304763103297,0.11,379772.0
"Fixed 42170, pilot",5,9,9,"D 0,1 -> 4,7",21,False,1.0,42198.0,1,False,0.009441304763103297,0.11,421970.0
"Fixed 42170, pilot",5,10,2,S 1 -> 5,21,False,1.0,42202.0,1,False,0.009441304763103297,0.12,464172.0
"Fixed 42170, pilot",5,11,20,"D 1,2 -> 6,7",21,False,1.0,42199.0,1,False,0.009441304763103297,0.11,506371.0
"Fixed 42170, pilot",5,12,20,"D 1,2 -> 6,7",21,False,1.0,42195.0,1,False,0.009441304763103297,0.11,548566.0
"Fixed 42170, pilot",5,13,7,S 3 -> 7,21,False,1.0,42194.0,1,False,0.009441304763103297,0.11,590760.0
"Fixed 42170, pilot",5,14,12,"D 0,2 -> 4,6",21,False,2.6598955260581647e-09,42196.0,1,False,0.009441304763103297,0.11,632956.0
"Fixed 42170, pilot",5,15,21,"D 1,3 -> 5,7",21,True,0.0,42195.0,1,False,0.018167337649211406,0.12,675151.0
"Fixed 42170, pilot",6,0,25,"D 2,3 -> 6,7",25,True,0.0,42196.0,1,False,0.31503606513167726,0.11,42196.0
"Fixed 42170, pilot",6,1,15,"D 0,3 -> 5,6",15,True,0.0,42192.0,1,False,0.29681502172579394,0.11,84388.0
"Fixed 42170, pilot",6,2,8,"D 0,1 -> 4,5",8,True,0.0,42196.0,1,False,0.3764697826210095,0.11,126584.0
"Fixed 42170, pilot",6,3,18,"D 1,2 -> 4,7",18,True,0.0,42193.0,1,False,0.3002635722338174,0.11,168777.0
"Fixed 42170, pilot",6,4,22,"D 2,3 -> 4,5",14,False,0.30884520195814336,42200.0,1,False,0.03758523457422756,0.11,210977.0
"Fixed 42170, pilot",6,5,14,"D 0,3 -> 4,7",11,False,0.22259313168640804,42196.0,1,False,0.05305793406820507,0.11,253173.0
"Fixed 42170, pilot",6,6,11,"D 0,1 -> 6,7",19,False,0.17292634611468694,42195.0,1,False,0.07333715133042923,0.11,295368.0
"Fixed 42170, pilot",6,7,19,"D 1,2 -> 5,6",19,True,0.0,42198.0,1,False,0.10905607984978571,0.11,337566.0
"Fixed 42170, pilot",6,8,0,S 0 -> 4,12,False,1.0,42200.0,1,False,0.00944130463727183,0.11,379766.0
"Fixed 42170, pilot",6,9,6,S 3 -> 5,12,False,1.0,42196.0,1,False,0.00944130463727183,0.11,421962.0
"Fixed 42170, pilot",6,10,8,"D 0,1 -> 4,5",12,False,0.99999998569938,42197.0,1,False,0.00944130463727183,0.11,464159.0
"Fixed 42170, pilot",6,11,4,S 2 -> 4,12,False,1.0,42199.0,1,False,0.00944130463727183,0.11,506358.0
"Fixed 42170, pilot",6,12,21,"D 1,3 -> 5,7",12,True,2.8727975553977103e-10,42195.0,1,False,0.00944130463727183,0.11,548553.0
"Fixed 42170, pilot",6,13,12,"D 0,2 -> 4,6",12,True,0.0,42198.0,1,False,0.01816733778320441,0.11,590751.0
"Fixed 42170, pilot",7,0,25,"D 2,3 -> 6,7",25,True,0.0,42191.0,1,False,0.31503606513167726,0.11,42191.0
"Fixed 42170, pilot",7,1,8,"D 0,1 -> 4,5",15,False,0.033311851350335986,42198.0,1,False,0.29681502172579394,0.11,84389.0
"Fixed 42170, pilot",7,2,15,"D 0,3 -> 5,6",15,True,0.0,42199.0,1,False,0.303713351808019,0.11,126588.0
"Fixed 42170, pilot",7,3,18,"D 1,2 -> 4,7",18,True,0.0,42198.0,1,False,0.38824803810173436,0.11,168786.0
"Fixed 42170, pilot",7,4,19,"D 1,2 -> 5,6",14,True,5.1515680610236814e-11,42198.0,1,False,0.03758523456612019,0.11,210984.0
"Fixed 42170, pilot",7,5,14,"D 0,3 -> 4,7",14,True,0.0,42194.0,1,False,0.06571252413529657,0.11,253178.0
"Fixed 42170, pilot",7,6,22,"D 2,3 -> 4,5",22,True,0.0,42198.0,1,False,0.04364852179220628,0.11,295376.0
"Fixed 42170, pilot",7,7,11,"D 0,1 -> 6,7",11,True,0.0,42196.0,1,False,0.10072796429211588,0.11,337572.0
"Fixed 42170, pilot",7,8,1,S 0 -> 6,12,False,1.0,42194.0,1,False,0.009441304180829412,0.11,379766.0
"Fixed 42170, pilot",7,9,7,S 3 -> 7,12,False,1.0,42196.0,1,False,0.009441304180829412,0.11,421962.0
"Fixed 42170, pilot",7,10,21,"D 1,3 -> 5,7",12,True,2.220446049250313e-15,42198.0,1,False,0.009441304180829412,0.12,464160.0
"Fixed 42170, pilot",7,11,0,S 0 -> 4,12,False,1.0,42195.0,1,False,0.018167337417688535,0.11,506355.0
"Fixed 42170, pilot",7,12,14,"D 0,3 -> 4,7",12,False,0.9867728357693489,42197.0,1,False,0.018167337417688535,0.11,548552.0
"Fixed 42170, pilot",8,0,25,"D 2,3 -> 6,7",25,True,0.0,42195.0,1,False,0.31503606513167726,0.11,42195.0
"Fixed 42170, pilot",8,1,15,"D 0,3 -> 5,6",15,True,0.0,42199.0,1,False,0.29681502172579394,0.11,84394.0
"Fixed 42170, pilot",8,2,8,"D 0,1 -> 4,5",8,True,0.0,42195.0,1,False,0.3764697826210095,0.11,126589.0
"Fixed 42170, pilot",8,3,18,"D 1,2 -> 4,7",18,True,0.0,42198.0,1,False,0.3002635722338174,0.11,168787.0
"Fixed 42170, pilot",8,4,14,"D 0,3 -> 4,7",14,True,0.0,42197.0,1,False,0.03758523457422756,0.11,210984.0
"Fixed 42170, pilot",8,5,19,"D 1,2 -> 5,6",19,True,0.0,42193.0,1,False,0.0657125239900671,0.11,253177.0
"Fixed 42170, pilot",8,6,22,"D 2,3 -> 4,5",22,True,0.0,42197.0,1,False,0.04364852130558422,0.11,295374.0
"Fixed 42170, pilot",8,7,11,"D 0,1 -> 6,7",11,True,0.0,42195.0,1,False,0.10072796416579655,0.11,337569.0
"Fixed 42170, pilot",8,8,16,"D 0,3 -> 6,7",21,False,1.0,42198.0,1,False,0.009441305047874061,0.11,379767.0
"Fixed 42170, pilot",8,9,21,"D 1,3 -> 5,7",21,True,0.0,42197.0,1,False,0.00944130458544351,0.11,421964.0
"Fixed 42170, pilot",8,10,22,"D 2,3 -> 4,5",12,False,0.9876309205007042,42198.0,1,False,0.018167337511205264,0.1,464162.0
"Fixed 42170, pilot",9,0,25,"D 2,3 -> 6,7",25,True,0.0,42200.0,1,False,0.31503606513167726,0.11,42200.0
"Fixed 42170, pilot",9,1,18,"D 1,2 -> 4,7",15,True,0.0,42194.0,1,False,0.29681502172579394,0.11,84394.0
"Fixed 42170, pilot",9,2,8,"D 0,1 -> 4,5",8,True,0.0,42194.0,1,False,0.3764697826210095,0.11,126588.0
"Fixed 42170, pilot",9,3,15,"D 0,3 -> 5,6",15,True,0.0,42198.0,1,False,0.30026357217502075,0.11,168786.0
"Fixed 42170, pilot",9,4,19,"D 1,2 -> 5,6",19,True,0.0,42194.0,1,False,0.03758523474777508,0.11,210980.0
"Fixed 42170, pilot",9,5,14,"D 0,3 -> 4,7",14,True,0.0,42199.0,1,False,0.06571252399006697,0.11,253179.0
"Fixed 42170, pilot",9,6,11,"D 0,1 -> 6,7",22,False,0.04480658230253376,42198.0,1,False,0.043648521305584075,0.11,295377.0
"Fixed 42170, pilot",9,7,22,"D 2,3 -> 4,5",22,True,0.0,42195.0,1,False,0.06967473471393487,0.11,337572.0
"Fixed 42170, pilot",9,8,20,"D 1,2 -> 6,7",21,False,1.0,42193.0,1,False,0.009441304763103297,0.11,379765.0
"Fixed 42170, pilot",9,9,5,S 2 -> 6,21,False,1.0,42197.0,1,False,0.009441304763103297,0.11,421962.0
"Fixed 42170, pilot",9,10,18,"D 1,2 -> 4,7",21,False,0.9999999966967992,42200.0,1,False,0.009441304763103297,0.11,464162.0
"Fixed 42170, pilot",9,11,7,S 3 -> 7,21,False,1.0,42197.0,1,False,0.009441304763103297,0.11,506359.0
"Fixed 42170, pilot",9,12,5,S 2 -> 6,21,False,1.0,42199.0,1,False,0.009441304763103297,0.11,548558.0
"Fixed 42170, pilot",9,13,20,"D 1,2 -> 6,7",21,False,1.0,42199.0,1,False,0.009441304763103297,0.11,590757.0
"Fixed 42170, pilot",9,14,12,"D 0,2 -> 4,6",21,False,2.6598955260581647e-09,42194.0,1,False,0.009441304763103297,0.11,632951.0
"Fixed 42170, pilot",9,15,25,"D 2,3 -> 6,7",21,False,0.9938252463123379,42196.0,1,False,0.01816733767638861,0.1,675147.0
"Fixed 42170, pilot",10,0,25,"D 2,3 -> 6,7",25,True,0.0,42197.0,1,False,0.31503606513167726,0.11,42197.0
"Fixed 42170, pilot",10,1,15,"D 0,3 -> 5,6",15,True,0.0,42196.0,1,False,0.29681502172579394,0.11,84393.0
"Fixed 42170, pilot",10,2,8,"D 0,1 -> 4,5",8,True,0.0,42197.0,1,False,0.3764697826210095,0.11,126590.0
"Fixed 42170, pilot",10,3,18,"D 1,2 -> 4,7",18,True,0.0,42197.0,1,False,0.3002635722338174,0.11,168787.0
"Fixed 42170, pilot",10,4,11,"D 0,1 -> 6,7",14,False,0.3564786117490738,42201.0,1,False,0.03758523457422756,0.11,210988.0
"Fixed 42170, pilot",10,5,14,"D 0,3 -> 4,7",19,True,1.0370815317628512e-11,42199.0,1,False,0.03912173614796318,0.11,253187.0
"Fixed 42170, pilot",10,6,19,"D 1,2 -> 5,6",19,True,0.0,42196.0,1,False,0.06888584267924877,0.11,295383.0
"Fixed 42170, pilot",10,7,22,"D 2,3 -> 4,5",22,True,0.0,42194.0,1,False,0.07215392971716472,0.11,337577.0
"Fixed 42170, pilot",10,8,19,"D 1,2 -> 5,6",21,False,0.9999999971781699,42200.0,1,False,0.009441304676353209,0.11,379777.0
"Fixed 42170, pilot",10,9,21,"D 1,3 -> 5,7",21,True,0.0,42195.0,1,False,0.009441304676353209,0.11,421972.0
"Fixed 42170, pilot",10,10,0,S 0 -> 4,12,False,1.0,42197.0,1,False,0.018167337684726087,0.11,464169.0
"Fixed 42170, pilot",10,11,11,"D 0,1 -> 6,7",12,False,0.9826751276952721,42197.0,1,False,0.018167337684726087,0.11,506366.0
"Fixed 42170, pilot",11,0,25,"D 2,3 -> 6,7",25,True,0.0,42194.0,1,False,0.31503606513167726,0.11,42194.0
"Fixed 42170, pilot",11,1,15,"D 0,3 -> 5,6",15,True,0.0,42195.0,1,False,0.29681502172579394,0.11,84389.0
"Fixed 42170, pilot",11,2,8,"D 0,1 -> 4,5",8,True,0.0,42195.0,1,False,0.3764697826210095,0.11,126584.0
"Fixed 42170, pilot",11,3,18,"D 1,2 -> 4,7",18,True,0.0,42197.0,1,False,0.3002635722338174,0.11,168781.0
"Fixed 42170, pilot",11,4,11,"D 0,1 -> 6,7",14,False,0.3564786117490738,42199.0,1,False,0.03758523457422756,0.11,210980.0
"Fixed 42170, pilot",11,5,22,"D 2,3 -> 4,5",19,False,0.004491939885871377,42196.0,1,False,0.03912173614796318,0.11,253176.0
"Fixed 42170, pilot",11,6,19,"D 1,2 -> 5,6",14,False,4.189456226377786e-09,42198.0,1,False,0.054109014953737815,0.11,295374.0
"Fixed 42170, pilot",11,7,14,"D 0,3 -> 4,7",14,True,0.0,42195.0,1,False,0.10242178082410562,0.1,337569.0
"Fixed 42170, pilot",11,8,17,"D 1,2 -> 4,5",21,False,1.0,42198.0,1,False,0.009441305752846713,0.11,379767.0
"Fixed 42170, pilot",11,9,12,"D 0,2 -> 4,6",21,False,1.5188104107721756e-09,42198.0,1,False,0.009441305752846713,0.11,421965.0
"Fixed 42170, pilot",11,10,0,S 0 -> 4,21,False,1.0,42196.0,1,False,0.018167337509560764,0.11,464161.0
"Fixed 42170, pilot",11,11,11,"D 0,1 -> 6,7",21,False,0.9826751887726054,42199.0,1,False,0.018167337509533102,0.11,506360.0
"Fixed 42170, pilot",12,0,19,"D 1,2 -> 5,6",25,False,0.052846754050403844,42193.0,1,False,0.31503606513167726,0.11,42193.0
"Fixed 42170, pilot",12,1,14,"D 0,3 -> 4,7",22,False,0.0008388565620752741,42196.0,1,False,0.2986379460814117,0.11,84389.0
"Fixed 42170, pilot",12,2,11,"D 0,1 -> 6,7",22,False,0.015858687237699454,42192.0,1,False,0.3070247718582447,0.11,126581.0
"Fixed 42170, pilot",12,3,22,"D 2,3 -> 4,5",22,True,0.0,42192.0,1,False,0.37058510390119803,0.11,168773.0
"Fixed 42170, pilot",12,4,8,"D 0,1 -> 4,5",8,True,0.0,42201.0,1,False,0.022746161162242252,0.11,210974.0
"Fixed 42170, pilot",12,5,25,"D 2,3 -> 6,7",25,True,0.0,42195.0,1,False,0.03848376632450212,0.11,253169.0
"Fixed 42170, pilot",12,6,18,"D 1,2 -> 4,7",15,True,0.0,42197.0,1,False,0.03323670767411305,0.1,295366.0
"Fixed 42170, pilot",12,7,15,"D 0,3 -> 5,6",15,True,0.0,42190.0,1,False,0.061357451134629974,0.1,337556.0
"Fixed 42170, pilot",12,8,21,"D 1,3 -> 5,7",21,True,0.0,42197.0,1,False,0.009441304656497142,0.1,379753.0
"Fixed 42170, pilot",12,9,12,"D 0,2 -> 4,6",12,True,0.0,42197.0,1,False,0.018167337669279505,0.1,421950.0
"Fixed 42170, pilot",13,0,25,"D 2,3 -> 6,7",25,True,0.0,42191.0,1,False,0.31503606513167726,0.11,42191.0
"Fixed 42170, pilot",13,1,15,"D 0,3 -> 5,6",15,True,0.0,42199.0,1,False,0.29681502172579394,0.11,84390.0
"Fixed 42170, pilot",13,2,8,"D 0,1 -> 4,5",8,True,0.0,42197.0,1,False,0.3764697826210095,0.11,126587.0
"Fixed 42170, pilot",13,3,18,"D 1,2 -> 4,7",18,True,0.0,42194.0,1,False,0.3002635722338174,0.11,168781.0
"Fixed 42170, pilot",13,4,19,"D 1,2 -> 5,6",14,True,5.182410056647768e-12,42197.0,1,False,0.03758523457422756,0.11,210978.0
"Fixed 42170, pilot",13,5,14,"D 0,3 -> 4,7",14,True,0.0,42199.0,1,False,0.06571252392066197,0.11,253177.0
"Fixed 42170, pilot",13,6,22,"D 2,3 -> 4,5",22,True,0.0,42200.0,1,False,0.04364852124132713,0.11,295377.0
"Fixed 42170, pilot",13,7,11,"D 0,1 -> 6,7",11,True,0.0,42197.0,1,False,0.10072796416579667,0.1,337574.0
"Fixed 42170, pilot",13,8,0,S 0 -> 4,21,False,1.0,42201.0,1,False,0.009441304630083448,0.1,379775.0
"Fixed 42170, pilot",13,9,7,S 3 -> 7,21,False,1.0,42193.0,1,False,0.009441304630083448,0.11,421968.0
"Fixed 42170, pilot",13,10,7,S 3 -> 7,21,False,1.0,42200.0,1,False,0.009441304630083448,0.11,464168.0
"Fixed 42170, pilot",13,11,19,"D 1,2 -> 5,6",21,False,0.9999999940949295,42199.0,1,False,0.009441304630083448,0.11,506367.0
"Fixed 42170, pilot",13,12,2,S 1 -> 5,21,False,1.0,42196.0,1,False,0.009441304630083448,0.11,548563.0
"Fixed 42170, pilot",13,13,1,S 0 -> 6,21,False,1.0,42201.0,1,False,0.009441304630083448,0.11,590764.0
"Fixed 42170, pilot",13,14,12,"D 0,2 -> 4,6",21,True,2.371568497139265e-10,42197.0,1,False,0.009441304630083448,0.11,632961.0
"Fixed 42170, pilot",13,15,21,"D 1,3 -> 5,7",21,True,0.0,42197.0,1,False,0.018167337685998174,0.11,675158.0
"Fixed 42170, pilot",14,0,19,"D 1,2 -> 5,6",25,False,0.052846754050403844,42197.0,1,False,0.31503606513167726,0.11,42197.0
"Fixed 42170, pilot",14,1,14,"D 0,3 -> 4,7",22,False,0.0008388565620752741,42194.0,1,False,0.2986379460814117,0.11,84391.0
"Fixed 42170, pilot",14,2,22,"D 2,3 -> 4,5",22,True,0.0,42196.0,1,False,0.3070247718582447,0.11,126587.0
"Fixed 42170, pilot",14,3,11,"D 0,1 -> 6,7",11,True,0.0,42198.0,1,False,0.4010030868094594,0.11,168785.0
"Fixed 42170, pilot",14,4,8,"D 0,1 -> 4,5",8,True,0.0,42199.0,1,False,0.02274616133043009,0.11,210984.0
"Fixed 42170, pilot",14,5,25,"D 2,3 -> 6,7",25,True,0.0,42197.0,1,False,0.038483766324501636,0.11,253181.0
"Fixed 42170, pilot",14,6,15,"D 0,3 -> 5,6",15,True,0.0,42197.0,1,False,0.03323670762425804,0.1,295378.0
"Fixed 42170, pilot",14,7,18,"D 1,2 -> 4,7",18,True,0.0,42194.0,1,False,0.061357451134629856,0.1,337572.0
"Fixed 42170, pilot",14,8,0,S 0 -> 4,21,False,1.0,42191.0,1,False,0.00944130470026638,0.11,379763.0
"Fixed 42170, pilot",14,9,23,"D 2,3 -> 4,7",21,False,1.0,42194.0,1,False,0.00944130470026638,0.1,421957.0
"Fixed 42170, pilot",14,10,17,"D 1,2 -> 4,5",21,False,1.0,42194.0,1,False,0.00944130470026638,0.11,464151.0
"Fixed 42170, pilot",14,11,3,S 1 -> 7,21,False,1.0,42198.0,1,False,0.00944130470026638,0.11,506349.0
"Fixed 42170, pilot",14,12,2,S 1 -> 5,21,False,1.0,42195.0,1,False,0.00944130470026638,0.11,548544.0
"Fixed 42170, pilot",14,13,6,S 3 -> 5,21,False,1.0,42196.0,1,False,0.00944130470026638,0.11,590740.0
"Fixed 42170, pilot",14,14,12,"D 0,2 -> 4,6",21,False,8.464972167665508e-09,42194.0,1,False,0.00944130470026638,0.11,632934.0
"Fixed 42170, pilot",14,15,11,"D 0,1 -> 6,7",21,False,0.9826751346952968,42199.0,1,False,0.01816733766927961,0.11,675133.0
"Fixed 42170, pilot",15,0,25,"D 2,3 -> 6,7",25,True,0.0,42189.0,1,False,0.31503606513167726,0.11,42189.0
"Fixed 42170, pilot",15,1,18,"D 1,2 -> 4,7",15,True,0.0,42199.0,1,False,0.29681502172579394,0.11,84388.0
"Fixed 42170, pilot",15,2,8,"D 0,1 -> 4,5",8,True,0.0,42198.0,1,False,0.3764697826210095,0.11,126586.0
"Fixed 42170, pilot",15,3,15,"D 0,3 -> 5,6",15,True,0.0,42192.0,1,False,0.30026357217502075,0.11,168778.0
"Fixed 42170, pilot",15,4,19,"D 1,2 -> 5,6",19,True,0.0,42199.0,1,False,0.03758523474777508,0.11,210977.0
"Fixed 42170, pilot",15,5,14,"D 0,3 -> 4,7",14,True,0.0,42194.0,1,False,0.06571252399006697,0.11,253171.0
"Fixed 42170, pilot",15,6,22,"D 2,3 -> 4,5",22,True,0.0,42199.0,1,False,0.043648521305584075,0.11,295370.0
"Fixed 42170, pilot",15,7,11,"D 0,1 -> 6,7",11,True,0.0,42196.0,1,False,0.10072796416579774,0.1,337566.0
"Fixed 42170, pilot",15,8,9,"D 0,1 -> 4,7",21,False,1.0,42199.0,1,False,0.009441304483876945,0.1,379765.0
"Fixed 42170, pilot",15,9,0,S 0 -> 4,12,False,1.0,42196.0,1,False,0.00944130454604846,0.1,421961.0
"Fixed 42170, pilot",15,10,21,"D 1,3 -> 5,7",12,True,6.400112662063862e-10,42197.0,1,False,0.00944130454604846,0.1,464158.0
"Fixed 42170, pilot",15,11,12,"D 0,2 -> 4,6",12,True,0.0,42195.0,1,False,0.018167337650105038,0.1,506353.0
"Fixed 42170, pilot",16,0,25,"D 2,3 -> 6,7",25,True,0.0,42195.0,1,False,0.31503606513167726,0.11,42195.0
"Fixed 42170, pilot",16,1,15,"D 0,3 -> 5,6",15,True,0.0,42196.0,1,False,0.29681502172579394,0.11,84391.0
"Fixed 42170, pilot",16,2,8,"D 0,1 -> 4,5",8,True,0.0,42196.0,1,False,0.3764697826210095,0.11,126587.0
"Fixed 42170, pilot",16,3,18,"D 1,2 -> 4,7",18,True,0.0,42192.0,1,False,0.3002635722338174,0.11,168779.0
"Fixed 42170, pilot",16,4,11,"D 0,1 -> 6,7",14,False,0.3564786117490738,42197.0,1,False,0.03758523457422756,0.11,210976.0
"Fixed 42170, pilot",16,5,22,"D 2,3 -> 4,5",19,False,0.004491939885871377,42197.0,1,False,0.03912173614796318,0.1,253173.0
"Fixed 42170, pilot",16,6,19,"D 1,2 -> 5,6",14,False,4.189456226377786e-09,42194.0,1,False,0.054109014953737815,0.11,295367.0
"Fixed 42170, pilot",16,7,14,"D 0,3 -> 4,7",14,True,0.0,42201.0,1,False,0.10242178082410562,0.11,337568.0
"Fixed 42170, pilot",16,8,21,"D 1,3 -> 5,7",21,True,0.0,42194.0,1,False,0.009441305752846713,0.11,379762.0
"Fixed 42170, pilot",16,9,20,"D 1,2 -> 6,7",12,False,1.0,42196.0,1,False,0.018167337685334066,0.11,421958.0
"Fixed 42170, pilot",16,10,12,"D 0,2 -> 4,6",12,True,0.0,42195.0,1,False,0.018167337685334066,0.11,464153.0
"Fixed 42170, pilot",17,0,14,"D 0,3 -> 4,7",25,False,0.052846754050403844,42196.0,1,False,0.31503606513167726,0.11,42196.0
"Fixed 42170, pilot",17,1,22,"D 2,3 -> 4,5",22,True,0.0,42198.0,1,False,0.2986379460442076,0.11,84394.0
"Fixed 42170, pilot",17,2,19,"D 1,2 -> 5,6",19,True,0.0,42195.0,1,False,0.35321992230088123,0.11,126589.0
"Fixed 42170, pilot",17,3,11,"D 0,1 -> 6,7",11,True,0.0,42197.0,1,False,0.22254279298159932,0.11,168786.0
"Fixed 42170, pilot",17,4,25,"D 2,3 -> 6,7",8,False,0.05487982572877592,42196.0,1,False,0.022746161137019386,0.11,210982.0
"Fixed 42170, pilot",17,5,8,"D 0,1 -> 4,5",8,True,0.0,42194.0,1,False,0.039703579032841094,0.11,253176.0
"Fixed 42170, pilot",17,6,18,"D 1,2 -> 4,7",15,False,1.7506964766766941e-09,42195.0,1,False,0.03323670743302457,0.11,295371.0
"Fixed 42170, pilot",17,7,15,"D 0,3 -> 5,6",15,True,0.0,42196.0,1,False,0.0613574512009927,0.11,337567.0
"Fixed 42170, pilot",17,8,16,"D 0,3 -> 6,7",12,False,1.0,42200.0,1,False,0.009441305335114804,0.1,379767.0
"Fixed 42170, pilot",17,9,10,"D 0,1 -> 5,6",21,False,1.0,42200.0,1,False,0.009441303224070188,0.1,421967.0
"Fixed 42170, pilot",17,10,2,S 1 -> 5,21,False,1.0,42196.0,1,False,0.009441303224070188,0.11,464163.0
"Fixed 42170, pilot",17,11,3,S 1 -> 7,21,False,1.0,42197.0,1,False,0.009441303224070188,0.12,506360.0
"Fixed 42170, pilot",17,12,24,"D 2,3 -> 5,6",21,False,1.0,42200.0,1,False,0.009441303224070188,0.11,548560.0
"Fixed 42170, pilot",17,13,1,S 0 -> 6,21,False,1.0,42196.0,1,False,0.009441303224070188,0.11,590756.0
"Fixed 42170, pilot",17,14,12,"D 0,2 -> 4,6",21,False,7.490553732836247e-09,42198.0,1,False,0.009441303224070188,0.11,632954.0
"Fixed 42170, pilot",17,15,21,"D 1,3 -> 5,7",21,True,0.0,42195.0,1,False,0.01816733819903945,0.11,675149.0
"Fixed 42170, pilot",18,0,25,"D 2,3 -> 6,7",25,True,0.0,42197.0,1,False,0.31503606513167726,0.1,42197.0
"Fixed 42170, pilot",18,1,8,"D 0,1 -> 4,5",15,False,0.033311851350335986,42199.0,1,False,0.29681502172579394,0.1,84396.0
"Fixed 42170, pilot",18,2,18,"D 1,2 -> 4,7",15,True,5.551115123125783e-16,42200.0,1,False,0.303713351808019,0.1,126596.0
"Fixed 42170, pilot",18,3,15,"D 0,3 -> 5,6",15,True,0.0,42200.0,1,False,0.38824803810173447,0.1,168796.0
"Fixed 42170, pilot",18,4,14,"D 0,3 -> 4,7",19,True,5.150813109366936e-11,42196.0,1,False,0.03758523456612009,0.1,210992.0
"Fixed 42170, pilot",18,5,19,"D 1,2 -> 5,6",19,True,0.0,42197.0,1,False,0.06571252413529666,0.1,253189.0
"Fixed 42170, pilot",18,6,22,"D 2,3 -> 4,5",22,True,0.0,42199.0,1,False,0.04364852180125853,0.1,295388.0
"Fixed 42170, pilot",18,7,11,"D 0,1 -> 6,7",11,True,0.0,42197.0,1,False,0.10072796429211586,0.11,337585.0
"Fixed 42170, pilot",18,8,21,"D 1,3 -> 5,7",12,True,1.887379141862766e-15,42197.0,1,False,0.009441304132124781,0.11,379782.0
"Fixed 42170, pilot",18,9,0,S 0 -> 4,12,False,1.0,42199.0,1,False,0.018167337498859015,0.11,421981.0
"Fixed 42170, pilot",18,10,12,"D 0,2 -> 4,6",12,True,0.0,42198.0,1,False,0.018167337498859015,0.11,464179.0
"Fixed 42170, pilot",19,0,25,"D 2,3 -> 6,7",25,True,0.0,42192.0,1,False,0.31503606513167726,0.1,42192.0
"Fixed 42170, pilot",19,1,15,"D 0,3 -> 5,6",15,True,0.0,42199.0,1,False,0.29681502172579394,0.1,84391.0
"Fixed 42170, pilot",19,2,8,"D 0,1 -> 4,5",8,True,0.0,42200.0,1,False,0.3764697826210095,0.1,126591.0
"Fixed 42170, pilot",19,3,18,"D 1,2 -> 4,7",18,True,0.0,42198.0,1,False,0.3002635722338174,0.1,168789.0
"Fixed 42170, pilot",19,4,14,"D 0,3 -> 4,7",14,True,0.0,42197.0,1,False,0.03758523457422756,0.11,210986.0
"Fixed 42170, pilot",19,5,19,"D 1,2 -> 5,6",19,True,0.0,42197.0,1,False,0.0657125239900671,0.1,253183.0
"Fixed 42170, pilot",19,6,22,"D 2,3 -> 4,5",22,True,0.0,42199.0,1,False,0.04364852130558422,0.1,295382.0
"Fixed 42170, pilot",19,7,11,"D 0,1 -> 6,7",11,True,0.0,42198.0,1,False,0.10072796416579655,0.1,337580.0
"Fixed 42170, pilot",19,8,21,"D 1,3 -> 5,7",21,True,0.0,42196.0,1,False,0.009441305047874061,0.11,379776.0
"Fixed 42170, pilot",19,9,19,"D 1,2 -> 5,6",12,False,0.9867664005222928,42196.0,1,False,0.018167337649213765,0.11,421972.0
"Fixed 42170, pilot",20,0,14,"D 0,3 -> 4,7",25,False,0.052846754050403844,42195.0,1,False,0.31503606513167726,0.1,42195.0
"Fixed 42170, pilot",20,1,19,"D 1,2 -> 5,6",22,False,0.0008388564376003993,42196.0,1,False,0.2986379460442076,0.11,84391.0
"Fixed 42170, pilot",20,2,11,"D 0,1 -> 6,7",22,False,0.015858687170637098,42197.0,1,False,0.30702477030875686,0.11,126588.0
"Fixed 42170, pilot",20,3,22,"D 2,3 -> 4,5",22,True,0.0,42191.0,1,False,0.3705851037435389,0.11,168779.0
"Fixed 42170, pilot",20,4,25,"D 2,3 -> 6,7",8,False,0.054879825318134734,42194.0,1,False,0.022746161162242224,0.11,210973.0
"Fixed 42170, pilot",20,5,8,"D 0,1 -> 4,5",8,True,0.0,42197.0,1,False,0.039703578819926436,0.11,253170.0
"Fixed 42170, pilot",20,6,18,"D 1,2 -> 4,7",15,True,0.0,42199.0,1,False,0.03323670728135393,0.11,295369.0
"Fixed 42170, pilot",20,7,15,"D 0,3 -> 5,6",15,True,0.0,42197.0,1,False,0.06135745044356745,0.11,337566.0
"Fixed 42170, pilot",20,8,5,S 2 -> 6,12,False,1.0,42196.0,1,False,0.009441304700265222,0.11,379762.0
"Fixed 42170, pilot",20,9,0,S 0 -> 4,12,False,1.0,42197.0,1,False,0.00944130474483662,0.11,421959.0
"Fixed 42170, pilot",20,10,12,"D 0,2 -> 4,6",12,True,0.0,42196.0,1,False,0.00944130474483662,0.11,464155.0
"Fixed 42170, pilot",20,11,20,"D 1,2 -> 6,7",21,False,1.0,42198.0,1,False,0.018167337669279665,0.11,506353.0
"Fixed 42170, pilot",20,12,21,"D 1,3 -> 5,7",21,True,0.0,42193.0,1,False,0.018167337669279665,0.11,548546.0
"Fixed 42170, pilot",21,0,25,"D 2,3 -> 6,7",25,True,0.0,42195.0,1,False,0.31503606513167726,0.11,42195.0
"Fixed 42170, pilot",21,1,15,"D 0,3 -> 5,6",15,True,0.0,42198.0,1,False,0.29681502172579394,0.1,84393.0
"Fixed 42170, pilot",21,2,8,"D 0,1 -> 4,5",8,True,0.0,42199.0,1,False,0.3764697826210095,0.1,126592.0
"Fixed 42170, pilot",21,3,18,"D 1,2 -> 4,7",18,True,0.0,42196.0,1,False,0.3002635722338174,0.1,168788.0
"Fixed 42170, pilot",21,4,19,"D 1,2 -> 5,6",14,True,5.182410056647768e-12,42194.0,1,False,0.03758523457422756,0.1,210982.0
"Fixed 42170, pilot",21,5,14,"D 0,3 -> 4,7",14,True,0.0,42196.0,1,False,0.06571252392066197,0.1,253178.0
"Fixed 42170, pilot",21,6,22,"D 2,3 -> 4,5",22,True,0.0,42195.0,1,False,0.04364852124132713,0.1,295373.0
"Fixed 42170, pilot",21,7,11,"D 0,1 -> 6,7",11,True,0.0,42199.0,1,False,0.10072796416579667,0.1,337572.0
"Fixed 42170, pilot",21,8,2,S 1 -> 5,21,False,1.0,42196.0,1,False,0.009441304630083448,0.11,379768.0
"Fixed 42170, pilot",21,9,12,"D 0,2 -> 4,6",21,True,2.371568497139265e-10,42195.0,1,False,0.009441304630083448,0.11,421963.0
"Fixed 42170, pilot",21,10,20,"D 1,2 -> 6,7",21,False,1.0,42197.0,1,False,0.018167337481629908,0.11,464160.0
"Fixed 42170, pilot",21,11,21,"D 1,3 -> 5,7",21,True,0.0,42196.0,1,False,0.018167337085810635,0.11,506356.0
"Fixed 42170, pilot",22,0,25,"D 2,3 -> 6,7",25,True,0.0,42192.0,1,False,0.31503606513167726,0.11,42192.0
"Fixed 42170, pilot",22,1,18,"D 1,2 -> 4,7",15,True,0.0,42196.0,1,False,0.29681502172579394,0.12,84388.0
"Fixed 42170, pilot",22,2,8,"D 0,1 -> 4,5",8,True,0.0,42198.0,1,False,0.3764697826210095,0.11,126586.0
"Fixed 42170, pilot",22,3,15,"D 0,3 -> 5,6",15,True,0.0,42193.0,1,False,0.30026357217502075,0.11,168779.0
"Fixed 42170, pilot",22,4,14,"D 0,3 -> 4,7",19,True,5.80789971671436e-10,42195.0,1,False,0.03758523474777508,0.11,210974.0
"Fixed 42170, pilot",22,5,19,"D 1,2 -> 5,6",19,True,0.0,42195.0,1,False,0.0657125239206618,0.11,253169.0
"Fixed 42170, pilot",22,6,22,"D 2,3 -> 4,5",22,True,0.0,42198.0,1,False,0.043648521241327065,0.11,295367.0
"Fixed 42170, pilot",22,7,11,"D 0,1 -> 6,7",11,True,0.0,42196.0,1,False,0.10072796416579699,0.11,337563.0
"Fixed 42170, pilot",22,8,16,"D 0,3 -> 6,7",21,False,1.0,42197.0,1,False,0.009441304483876924,0.11,379760.0
"Fixed 42170, pilot",22,9,15,"D 0,3 -> 5,6",12,False,0.9999999673685148,42196.0,1,False,0.009441304546048494,0.11,421956.0
"Fixed 42170, pilot",22,10,2,S 1 -> 5,12,False,1.0,42192.0,1,False,0.009441304546048494,0.11,464148.0
"Fixed 42170, pilot",22,11,9,"D 0,1 -> 4,7",12,False,1.0,42195.0,1,False,0.009441304546048494,0.11,506343.0
"Fixed 42170, pilot",22,12,5,S 2 -> 6,12,False,1.0,42199.0,1,False,0.009441304546048494,0.12,548542.0
"Fixed 42170, pilot",22,13,6,S 3 -> 5,12,False,1.0,42195.0,1,False,0.009441304546048494,0.11,590737.0
"Fixed 42170, pilot",22,14,19,"D 1,2 -> 5,6",12,False,0.999999999274292,42194.0,1,False,0.009441304546048494,0.11,632931.0
"Fixed 42170, pilot",22,15,5,S 2 -> 6,12,False,1.0,42198.0,1,False,0.009441304546048494,0.11,675129.0
"Fixed 42170, pilot",22,16,1,S 0 -> 6,12,False,1.0,42199.0,1,False,0.009441304546048494,0.11,717328.0
"Fixed 42170, pilot",22,17,9,"D 0,1 -> 4,7",12,False,1.0,42197.0,1,False,0.009441304546048494,0.11,759525.0
"Fixed 42170, pilot",22,18,21,"D 1,3 -> 5,7",12,True,6.400169283438117e-10,42197.0,1,False,0.009441304546048494,0.11,801722.0
"Fixed 42170, pilot",22,19,12,"D 0,2 -> 4,6",12,True,0.0,42196.0,1,False,0.018167337699415063,0.11,843918.0
"Fixed 42170, pilot",23,0,25,"D 2,3 -> 6,7",25,True,0.0,42198.0,1,False,0.31503606513167726,0.11,42198.0
"Fixed 42170, pilot",23,1,18,"D 1,2 -> 4,7",15,True,0.0,42197.0,1,False,0.29681502172579394,0.11,84395.0
"Fixed 42170, pilot",23,2,8,"D 0,1 -> 4,5",8,True,0.0,42198.0,1,False,0.3764697826210095,0.11,126593.0
"Fixed 42170, pilot",23,3,15,"D 0,3 -> 5,6",15,True,0.0,42196.0,1,False,0.30026357217502075,0.11,168789.0
"Fixed 42170, pilot",23,4,14,"D 0,3 -> 4,7",19,True,5.80789971671436e-10,42196.0,1,False,0.03758523474777508,0.11,210985.0
"Fixed 42170, pilot",23,5,19,"D 1,2 -> 5,6",19,True,0.0,42194.0,1,False,0.0657125239206618,0.11,253179.0
"Fixed 42170, pilot",23,6,22,"D 2,3 -> 4,5",22,True,0.0,42198.0,1,False,0.043648521241327065,0.11,295377.0
"Fixed 42170, pilot",23,7,11,"D 0,1 -> 6,7",11,True,0.0,42199.0,1,False,0.10072796416579699,0.11,337576.0
"Fixed 42170, pilot",23,8,6,S 3 -> 5,21,False,1.0,42200.0,1,False,0.009441304483876924,0.11,379776.0
"Fixed 42170, pilot",23,9,21,"D 1,3 -> 5,7",12,True,6.400169283438117e-10,42194.0,1,False,0.009441304546048494,0.11,421970.0
"Fixed 42170, pilot",23,10,20,"D 1,2 -> 6,7",12,False,1.0,42198.0,1,False,0.018167337499938888,0.11,464168.0
"Fixed 42170, pilot",23,11,12,"D 0,2 -> 4,6",12,True,0.0,42198.0,1,False,0.018167337499938888,0.11,506366.0
"Fixed 42170, pilot",24,0,25,"D 2,3 -> 6,7",25,True,0.0,42195.0,1,False,0.31503606513167726,0.11,42195.0
"Fixed 42170, pilot",24,1,15,"D 0,3 -> 5,6",15,True,0.0,42200.0,1,False,0.29681502172579394,0.11,84395.0
"Fixed 42170, pilot",24,2,8,"D 0,1 -> 4,5",8,True,0.0,42194.0,1,False,0.3764697826210095,0.11,126589.0
"Fixed 42170, pilot",24,3,18,"D 1,2 -> 4,7",18,True,0.0,42199.0,1,False,0.3002635722338174,0.11,168788.0
"Fixed 42170, pilot",24,4,19,"D 1,2 -> 5,6",14,True,5.182410056647768e-12,42198.0,1,False,0.03758523457422756,0.11,210986.0
"Fixed 42170, pilot",24,5,14,"D 0,3 -> 4,7",14,True,0.0,42196.0,1,False,0.06571252392066197,0.11,253182.0
"Fixed 42170, pilot",24,6,22,"D 2,3 -> 4,5",22,True,0.0,42194.0,1,False,0.04364852124132713,0.11,295376.0
"Fixed 42170, pilot",24,7,11,"D 0,1 -> 6,7",11,True,0.0,42197.0,1,False,0.10072796416579667,0.11,337573.0
"Fixed 42170, pilot",24,8,0,S 0 -> 4,21,False,1.0,42197.0,1,False,0.009441304630083448,0.11,379770.0
"Fixed 42170, pilot",24,9,21,"D 1,3 -> 5,7",21,True,0.0,42198.0,1,False,0.009441304630083448,0.11,421968.0
"Fixed 42170, pilot",24,10,21,"D 1,3 -> 5,7",12,False,0.9999999970596619,42195.0,1,False,0.018167337649211367,0.11,464163.0
"Fixed 42170, pilot",24,11,14,"D 0,3 -> 4,7",12,False,0.9867733860306898,42195.0,1,False,0.018167337649211367,0.11,506358.0
"Fixed 42170, pilot",25,0,25,"D 2,3 -> 6,7",25,True,0.0,42193.0,1,False,0.31503606513167726,0.11,42193.0
"Fixed 42170, pilot",25,1,18,"D 1,2 -> 4,7",15,True,0.0,42196.0,1,False,0.29681502172579394,0.11,84389.0
"Fixed 42170, pilot",25,2,8,"D 0,1 -> 4,5",8,True,0.0,42194.0,1,False,0.3764697826210095,0.11,126583.0
"Fixed 42170, pilot",25,3,15,"D 0,3 -> 5,6",15,True,0.0,42193.0,1,False,0.30026357217502075,0.11,168776.0
"Fixed 42170, pilot",25,4,14,"D 0,3 -> 4,7",19,True,5.80789971671436e-10,42197.0,1,False,0.03758523474777508,0.11,210973.0
"Fixed 42170, pilot",25,5,19,"D 1,2 -> 5,6",19,True,0.0,42200.0,1,False,0.0657125239206618,0.11,253173.0
"Fixed 42170, pilot",25,6,22,"D 2,3 -> 4,5",22,True,0.0,42196.0,1,False,0.043648521241327065,0.11,295369.0
"Fixed 42170, pilot",25,7,11,"D 0,1 -> 6,7",11,True,0.0,42197.0,1,False,0.10072796416579699,0.11,337566.0
"Fixed 42170, pilot",25,8,0,S 0 -> 4,21,False,1.0,42196.0,1,False,0.009441304483876924,0.11,379762.0
"Fixed 42170, pilot",25,9,21,"D 1,3 -> 5,7",12,True,6.400169283438117e-10,42194.0,1,False,0.009441304546048494,0.11,421956.0
"Fixed 42170, pilot",25,10,3,S 1 -> 7,12,False,1.0,42192.0,1,False,0.018167337499938888,0.11,464148.0
"Fixed 42170, pilot",25,11,21,"D 1,3 -> 5,7",12,False,0.9999999573448107,42198.0,1,False,0.018167337499938888,0.11,506346.0
"Fixed 42170, pilot",25,12,21,"D 1,3 -> 5,7",12,False,0.9999999573448107,42195.0,1,False,0.018167337499938888,0.11,548541.0
"Fixed 42170, pilot",25,13,16,"D 0,3 -> 6,7",12,False,1.0,42195.0,1,False,0.018167337499938888,0.11,590736.0
"Fixed 42170, pilot",25,14,12,"D 0,2 -> 4,6",12,True,0.0,42197.0,1,False,0.018167337499938888,0.11,632933.0
"Fixed 42170, pilot",26,0,25,"D 2,3 -> 6,7",25,True,0.0,42189.0,1,False,0.31503606513167726,0.11,42189.0
"Fixed 42170, pilot",26,1,18,"D 1,2 -> 4,7",15,True,0.0,42202.0,1,False,0.29681502172579394,0.11,84391.0
"Fixed 42170, pilot",26,2,8,"D 0,1 -> 4,5",8,True,0.0,42195.0,1,False,0.3764697826210095,0.11,126586.0
"Fixed 42170, pilot",26,3,15,"D 0,3 -> 5,6",15,True,0.0,42198.0,1,False,0.30026357217502075,0.11,168784.0
"Fixed 42170, pilot",26,4,14,"D 0,3 -> 4,7",19,True,5.80789971671436e-10,42197.0,1,False,0.03758523474777508,0.11,210981.0
"Fixed 42170, pilot",26,5,19,"D 1,2 -> 5,6",19,True,0.0,42197.0,1,False,0.0657125239206618,0.11,253178.0
"Fixed 42170, pilot",26,6,11,"D 0,1 -> 6,7",22,False,0.044806582285133345,42193.0,1,False,0.043648521241327065,0.11,295371.0
"Fixed 42170, pilot",26,7,22,"D 2,3 -> 4,5",22,True,0.0,42199.0,1,False,0.06967473482297251,0.11,337570.0
"Fixed 42170, pilot",26,8,11,"D 0,1 -> 6,7",12,False,0.9999999965742711,42194.0,1,False,0.009441304632724787,0.11,379764.0
"Fixed 42170, pilot",26,9,4,S 2 -> 4,12,False,1.0,42195.0,1,False,0.009441304632724787,0.11,421959.0
"Fixed 42170, pilot",26,10,7,S 3 -> 7,12,False,1.0,42199.0,1,False,0.009441304632724787,0.11,464158.0
"Fixed 42170, pilot",26,11,2,S 1 -> 5,12,False,1.0,42199.0,1,False,0.009441304632724787,0.11,506357.0
"Fixed 42170, pilot",26,12,3,S 1 -> 7,12,False,1.0,42200.0,1,False,0.009441304632724787,0.11,548557.0
"Fixed 42170, pilot",26,13,7,S 3 -> 7,12,False,1.0,42197.0,1,False,0.009441304632724787,0.11,590754.0
"Fixed 42170, pilot",26,14,12,"D 0,2 -> 4,6",12,True,0.0,42196.0,1,False,0.009441304632724787,0.11,632950.0
"Fixed 42170, pilot",26,15,21,"D 1,3 -> 5,7",21,True,0.0,42196.0,1,False,0.018167337698092076,0.11,675146.0
"Fixed 42170, pilot",27,0,14,"D 0,3 -> 4,7",25,False,0.052846754050403844,42192.0,1,False,0.31503606513167726,0.11,42192.0
"Fixed 42170, pilot",27,1,19,"D 1,2 -> 5,6",22,False,0.0008388564376003993,42194.0,1,False,0.2986379460442076,0.11,84386.0
"Fixed 42170, pilot",27,2,22,"D 2,3 -> 4,5",22,True,0.0,42194.0,1,False,0.30702477030875686,0.11,126580.0
"Fixed 42170, pilot",27,3,11,"D 0,1 -> 6,7",11,True,0.0,42197.0,1,False,0.4010030866164432,0.11,168777.0
"Fixed 42170, pilot",27,4,15,"D 0,3 -> 5,6",8,False,0.026297174229922282,42193.0,1,False,0.022746161139309492,0.11,210970.0
"Fixed 42170, pilot",27,5,18,"D 1,2 -> 4,7",18,True,0.0,42199.0,1,False,0.03866517349570615,0.11,253169.0
"Fixed 42170, pilot",27,6,21,"D 1,3 -> 5,7",8,False,0.2888775920752169,42196.0,1,False,0.03387933023144442,0.11,295365.0
"Fixed 42170, pilot",27,7,12,"D 0,2 -> 4,6",12,True,0.0,42196.0,1,False,0.04489192287271416,0.11,337561.0
"Fixed 42170, pilot",27,8,1,S 0 -> 6,8,False,1.0,42194.0,1,False,0.022240982048885024,0.11,379755.0
"Fixed 42170, pilot",27,9,25,"D 2,3 -> 6,7",8,False,0.03868928185642284,42199.0,1,False,0.022240982048885024,0.11,421954.0
"Fixed 42170, pilot",27,10,8,"D 0,1 -> 4,5",8,True,0.0,42194.0,1,False,0.04124842474173422,0.12,464148.0
"Fixed 42170, pilot",28,0,19,"D 1,2 -> 5,6",25,False,0.052846754050403844,42192.0,1,False,0.31503606513167726,0.11,42192.0
"Fixed 42170, pilot",28,1,11,"D 0,1 -> 6,7",22,False,0.02016704849809181,42197.0,1,False,0.2986379460814117,0.11,84389.0
"Fixed 42170, pilot",28,2,14,"D 0,3 -> 4,7",14,True,0.0,42201.0,1,False,0.37183499075359205,0.11,126590.0
"Fixed 42170, pilot",28,3,22,"D 2,3 -> 4,5",22,True,0.0,42198.0,1,False,0.34033883568924567,0.11,168788.0
"Fixed 42170, pilot",28,4,18,"D 1,2 -> 4,7",8,False,0.02629717120249342,42196.0,1,False,0.022746161134040658,0.11,210984.0
"Fixed 42170, pilot",28,5,15,"D 0,3 -> 5,6",15,True,0.0,42194.0,1,False,0.03866517215894229,0.11,253178.0
"Fixed 42170, pilot",28,6,21,"D 1,3 -> 5,7",8,False,0.288877585747793,42198.0,1,False,0.03387932914872041,0.11,295376.0
"Fixed 42170, pilot",28,7,8,"D 0,1 -> 4,5",12,False,0.2631844473342956,42194.0,1,False,0.04489192027774534,0.11,337570.0
"Fixed 42170, pilot",28,8,25,"D 2,3 -> 6,7",25,True,0.0,42198.0,1,False,0.0599421921328105,0.11,379768.0
"Fixed 42170, pilot",28,9,12,"D 0,2 -> 4,6",12,True,0.0,42197.0,1,False,0.019703273709742068,0.11,421965.0
"Fixed 42170, pilot",29,0,25,"D 2,3 -> 6,7",25,True,0.0,42198.0,1,False,0.31503606513167726,0.11,42198.0
"Fixed 42170, pilot",29,1,15,"D 0,3 -> 5,6",15,True,0.0,42197.0,1,False,0.29681502172579394,0.11,84395.0
"Fixed 42170, pilot",29,2,8,"D 0,1 -> 4,5",8,True,0.0,42195.0,1,False,0.3764697826210095,0.11,126590.0
"Fixed 42170, pilot",29,3,18,"D 1,2 -> 4,7",18,True,0.0,42197.0,1,False,0.3002635722338174,0.11,168787.0
"Fixed 42170, pilot",29,4,19,"D 1,2 -> 5,6",14,True,5.182410056647768e-12,42196.0,1,False,0.03758523457422756,0.11,210983.0
"Fixed 42170, pilot",29,5,14,"D 0,3 -> 4,7",14,True,0.0,42197.0,1,False,0.06571252392066197,0.11,253180.0
"Fixed 42170, pilot",29,6,22,"D 2,3 -> 4,5",22,True,0.0,42197.0,1,False,0.04364852124132713,0.11,295377.0
"Fixed 42170, pilot",29,7,11,"D 0,1 -> 6,7",11,True,0.0,42196.0,1,False,0.10072796416579667,0.11,337573.0
"Fixed 42170, pilot",29,8,21,"D 1,3 -> 5,7",21,True,0.0,42200.0,1,False,0.009441304630083448,0.11,379773.0
"Fixed 42170, pilot",29,9,20,"D 1,2 -> 6,7",12,False,1.0,42195.0,1,False,0.018167337649211367,0.11,421968.0
"Fixed 42170, pilot",29,10,12,"D 0,2 -> 4,6",12,True,0.0,42196.0,1,False,0.018167337649211367,0.11,464164.0
"Fixed 42170, pilot",30,0,25,"D 2,3 -> 6,7",25,True,0.0,42194.0,1,False,0.31503606513167726,0.11,42194.0
"Fixed 42170, pilot",30,1,18,"D 1,2 -> 4,7",15,True,0.0,42194.0,1,False,0.29681502172579394,0.11,84388.0
"Fixed 42170, pilot",30,2,8,"D 0,1 -> 4,5",8,True,0.0,42196.0,1,False,0.3764697826210095,0.11,126584.0
"Fixed 42170, pilot",30,3,15,"D 0,3 -> 5,6",15,True,0.0,42195.0,1,False,0.30026357217502075,0.11,168779.0
"Fixed 42170, pilot",30,4,19,"D 1,2 -> 5,6",19,True,0.0,42200.0,1,False,0.03758523474777508,0.11,210979.0
"Fixed 42170, pilot",30,5,14,"D 0,3 -> 4,7",14,True,0.0,42194.0,1,False,0.06571252399006697,0.11,253173.0
"Fixed 42170, pilot",30,6,22,"D 2,3 -> 4,5",22,True,0.0,42197.0,1,False,0.043648521305584075,0.11,295370.0
"Fixed 42170, pilot",30,7,11,"D 0,1 -> 6,7",11,True,0.0,42197.0,1,False,0.10072796416579774,0.11,337567.0
"Fixed 42170, pilot",30,8,8,"D 0,1 -> 4,5",21,False,0.9999999180305379,42200.0,1,False,0.009441304483876945,0.11,379767.0
"Fixed 42170, pilot",30,9,18,"D 1,2 -> 4,7",12,False,0.9999999699319815,42199.0,1,False,0.009441304583354095,0.11,421966.0
"Fixed 42170, pilot",30,10,16,"D 0,3 -> 6,7",12,False,1.0,42195.0,1,False,0.009441304583354095,0.11,464161.0
"Fixed 42170, pilot",30,11,10,"D 0,1 -> 5,6",12,False,1.0,42197.0,1,False,0.009441304583354095,0.11,506358.0
"Fixed 42170, pilot",30,12,5,S 2 -> 6,12,False,1.0,42195.0,1,False,0.009441304583354095,0.11,548553.0
"Fixed 42170, pilot",30,13,2,S 1 -> 5,12,False,1.0,42195.0,1,False,0.009441304583354095,0.11,590748.0
"Fixed 42170, pilot",30,14,12,"D 0,2 -> 4,6",12,True,0.0,42195.0,1,False,0.009441304583354095,0.11,632943.0
"Fixed 42170, pilot",30,15,20,"D 1,2 -> 6,7",21,False,1.0,42199.0,1,False,0.018167338826193848,0.11,675142.0
"Fixed 42170, pilot",30,16,18,"D 1,2 -> 4,7",21,False,0.9933158637154108,42197.0,1,False,0.01816733857003913,0.11,717339.0
"Fixed 42170, pilot",31,0,25,"D 2,3 -> 6,7",25,True,0.0,42191.0,1,False,0.31503606513167726,0.11,42191.0
"Fixed 42170, pilot",31,1,18,"D 1,2 -> 4,7",15,True,0.0,42201.0,1,False,0.29681502172579394,0.11,84392.0
"Fixed 42170, pilot",31,2,8,"D 0,1 -> 4,5",8,True,0.0,42191.0,1,False,0.3764697826210095,0.11,126583.0
"Fixed 42170, pilot",31,3,15,"D 0,3 -> 5,6",15,True,0.0,42197.0,1,False,0.30026357217502075,0.11,168780.0
"Fixed 42170, pilot",31,4,19,"D 1,2 -> 5,6",19,True,0.0,42196.0,1,False,0.03758523474777508,0.11,210976.0
"Fixed 42170, pilot",31,5,14,"D 0,3 -> 4,7",14,True,0.0,42195.0,1,False,0.06571252399006697,0.11,253171.0
"Fixed 42170, pilot",31,6,11,"D 0,1 -> 6,7",22,False,0.04480658230253376,42196.0,1,False,0.043648521305584075,0.11,295367.0
"Fixed 42170, pilot",31,7,22,"D 2,3 -> 4,5",22,True,0.0,42196.0,1,False,0.06967473471393487,0.11,337563.0
"Fixed 42170, pilot",31,8,9,"D 0,1 -> 4,7",21,False,1.0,42197.0,1,False,0.009441304763103297,0.11,379760.0
"Fixed 42170, pilot",31,9,5,S 2 -> 6,21,False,1.0,42202.0,1,False,0.009441304763103297,0.11,421962.0
"Fixed 42170, pilot",31,10,12,"D 0,2 -> 4,6",21,False,2.6598955260581647e-09,42201.0,1,False,0.009441304763103297,0.11,464163.0
"Fixed 42170, pilot",31,11,17,"D 1,2 -> 4,5",21,False,1.0,42200.0,1,False,0.018167337649211406,0.11,506363.0
"Fixed 42170, pilot",31,12,21,"D 1,3 -> 5,7",21,True,0.0,42191.0,1,False,0.018167337649211406,0.11,548554.0
"Fixed 42170, pilot",32,0,25,"D 2,3 -> 6,7",25,True,0.0,42193.0,1,False,0.31503606513167726,0.11,42193.0
"Fixed 42170, pilot",32,1,18,"D 1,2 -> 4,7",15,True,0.0,42199.0,1,False,0.29681502172579394,0.11,84392.0
"Fixed 42170, pilot",32,2,8,"D 0,1 -> 4,5",8,True,0.0,42199.0,1,False,0.3764697826210095,0.11,126591.0
"Fixed 42170, pilot",32,3,15,"D 0,3 -> 5,6",15,True,0.0,42195.0,1,False,0.30026357217502075,0.11,168786.0
"Fixed 42170, pilot",32,4,14,"D 0,3 -> 4,7",19,True,5.80789971671436e-10,42196.0,1,False,0.03758523474777508,0.11,210982.0
"Fixed 42170, pilot",32,5,19,"D 1,2 -> 5,6",19,True,0.0,42197.0,1,False,0.0657125239206618,0.12,253179.0
"Fixed 42170, pilot",32,6,11,"D 0,1 -> 6,7",22,False,0.044806582285133345,42196.0,1,False,0.043648521241327065,0.11,295375.0
"Fixed 42170, pilot",32,7,22,"D 2,3 -> 4,5",22,True,0.0,42195.0,1,False,0.06967473482297251,0.11,337570.0
"Fixed 42170, pilot",32,8,0,S 0 -> 4,12,False,1.0,42196.0,1,False,0.009441304632724787,0.11,379766.0
"Fixed 42170, pilot",32,9,1,S 0 -> 6,12,False,1.0,42194.0,1,False,0.009441304632724787,0.11,421960.0
"Fixed 42170, pilot",32,10,13,"D 0,3 -> 4,5",12,False,1.0,42199.0,1,False,0.009441304632724787,0.11,464159.0
"Fixed 42170, pilot",32,11,20,"D 1,2 -> 6,7",12,False,1.0,42199.0,1,False,0.009441304632724787,0.11,506358.0
"Fixed 42170, pilot",32,12,1,S 0 -> 6,12,False,1.0,42195.0,1,False,0.009441304632724787,0.11,548553.0
"Fixed 42170, pilot",32,13,9,"D 0,1 -> 4,7",12,False,1.0,42198.0,1,False,0.009441304632724787,0.11,590751.0
"Fixed 42170, pilot",32,14,2,S 1 -> 5,12,False,1.0,42195.0,1,False,0.009441304632724787,0.11,632946.0
"Fixed 42170, pilot",32,15,21,"D 1,3 -> 5,7",12,True,7.587165340439128e-10,42196.0,1,False,0.009441304632724787,0.11,675142.0
"Fixed 42170, pilot",32,16,21,"D 1,3 -> 5,7",12,False,0.9999999524988693,42194.0,1,False,0.01816733748162963,0.11,717336.0
"Fixed 42170, pilot",32,17,18,"D 1,2 -> 4,7",12,False,0.993318071285026,42195.0,1,False,0.01816733748162963,0.11,759531.0
"Fixed 42170, pilot",33,0,25,"D 2,3 -> 6,7",25,True,0.0,42196.0,1,False,0.31503606513167726,0.11,42196.0
"Fixed 42170, pilot",33,1,18,"D 1,2 -> 4,7",15,True,0.0,42200.0,1,False,0.29681502172579394,0.11,84396.0
"Fixed 42170, pilot",33,2,8,"D 0,1 -> 4,5",8,True,0.0,42200.0,1,False,0.3764697826210095,0.11,126596.0
"Fixed 42170, pilot",33,3,15,"D 0,3 -> 5,6",15,True,0.0,42194.0,1,False,0.30026357217502075,0.11,168790.0
"Fixed 42170, pilot",33,4,19,"D 1,2 -> 5,6",19,True,0.0,42197.0,1,False,0.03758523474777508,0.11,210987.0
"Fixed 42170, pilot",33,5,14,"D 0,3 -> 4,7",14,True,0.0,42195.0,1,False,0.06571252399006697,0.11,253182.0
"Fixed 42170, pilot",33,6,22,"D 2,3 -> 4,5",22,True,0.0,42199.0,1,False,0.043648521305584075,0.11,295381.0
"Fixed 42170, pilot",33,7,11,"D 0,1 -> 6,7",11,True,0.0,42197.0,1,False,0.10072796416579774,0.11,337578.0
"Fixed 42170, pilot",33,8,1,S 0 -> 6,21,False,1.0,42199.0,1,False,0.009441304483876945,0.11,379777.0
"Fixed 42170, pilot",33,9,6,S 3 -> 5,12,False,1.0,42195.0,1,False,0.00944130454604846,0.11,421972.0
"Fixed 42170, pilot",33,10,9,"D 0,1 -> 4,7",12,False,1.0,42200.0,1,False,0.00944130454604846,0.11,464172.0
"Fixed 42170, pilot",33,11,7,S 3 -> 7,12,False,1.0,42194.0,1,False,0.00944130454604846,0.11,506366.0
"Fixed 42170, pilot",33,12,2,S 1 -> 5,12,False,1.0,42199.0,1,False,0.00944130454604846,0.11,548565.0
"Fixed 42170, pilot",33,13,14,"D 0,3 -> 4,7",12,False,0.999999969825121,42197.0,1,False,0.00944130454604846,0.11,590762.0
"Fixed 42170, pilot",33,14,3,S 1 -> 7,12,False,1.0,42197.0,1,False,0.00944130454604846,0.11,632959.0
"Fixed 42170, pilot",33,15,21,"D 1,3 -> 5,7",12,True,6.400112662063862e-10,42199.0,1,False,0.00944130454604846,0.11,675158.0
"Fixed 42170, pilot",33,16,12,"D 0,2 -> 4,6",12,True,0.0,42199.0,1,False,0.018167337685998763,0.11,717357.0
"Fixed 42170, pilot",34,0,25,"D 2,3 -> 6,7",25,True,0.0,42198.0,1,False,0.31503606513167726,0.11,42198.0
"Fixed 42170, pilot",34,1,18,"D 1,2 -> 4,7",15,True,0.0,42197.0,1,False,0.29681502172579394,0.11,84395.0
"Fixed 42170, pilot",34,2,8,"D 0,1 -> 4,5",8,True,0.0,42196.0,1,False,0.3764697826210095,0.11,126591.0
"Fixed 42170, pilot",34,3,15,"D 0,3 -> 5,6",15,True,0.0,42197.0,1,False,0.30026357217502075,0.11,168788.0
"Fixed 42170, pilot",34,4,19,"D 1,2 -> 5,6",19,True,0.0,42197.0,1,False,0.03758523474777508,0.11,210985.0
"Fixed 42170, pilot",34,5,14,"D 0,3 -> 4,7",14,True,0.0,42198.0,1,False,0.06571252399006697,0.11,253183.0
"Fixed 42170, pilot",34,6,22,"D 2,3 -> 4,5",22,True,0.0,42194.0,1,False,0.043648521305584075,0.11,295377.0
"Fixed 42170, pilot",34,7,11,"D 0,1 -> 6,7",11,True,0.0,42199.0,1,False,0.10072796416579774,0.11,337576.0
"Fixed 42170, pilot",34,8,12,"D 0,2 -> 4,6",21,False,2.297271373130627e-09,42199.0,1,False,0.009441304483876945,0.11,379775.0
"Fixed 42170, pilot",34,9,21,"D 1,3 -> 5,7",21,True,0.0,42197.0,1,False,0.018167337649210517,0.11,421972.0
"Fixed 42170, pilot",35,0,25,"D 2,3 -> 6,7",25,True,0.0,42197.0,1,False,0.31503606513167726,0.11,42197.0
"Fixed 42170, pilot",35,1,8,"D 0,1 -> 4,5",15,False,0.033311851350335986,42197.0,1,False,0.29681502172579394,0.11,84394.0
"Fixed 42170, pilot",35,2,15,"D 0,3 -> 5,6",15,True,0.0,42198.0,1,False,0.303713351808019,0.11,126592.0
"Fixed 42170, pilot",35,3,18,"D 1,2 -> 4,7",18,True,0.0,42195.0,1,False,0.38824803810173436,0.11,168787.0
"Fixed 42170, pilot",35,4,19,"D 1,2 -> 5,6",14,True,5.1515680610236814e-11,42193.0,1,False,0.03758523456612019,0.11,210980.0
"Fixed 42170, pilot",35,5,14,"D 0,3 -> 4,7",14,True,0.0,42196.0,1,False,0.06571252413529657,0.11,253176.0
"Fixed 42170, pilot",35,6,22,"D 2,3 -> 4,5",22,True,0.0,42200.0,1,False,0.04364852179220628,0.11,295376.0
"Fixed 42170, pilot",35,7,11,"D 0,1 -> 6,7",11,True,0.0,42198.0,1,False,0.10072796429211588,0.11,337574.0
"Fixed 42170, pilot",35,8,3,S 1 -> 7,12,False,1.0,42199.0,1,False,0.009441304180829412,0.11,379773.0
"Fixed 42170, pilot",35,9,5,S 2 -> 6,12,False,1.0,42197.0,1,False,0.009441304180829412,0.11,421970.0
"Fixed 42170, pilot",35,10,7,S 3 -> 7,12,False,1.0,42197.0,1,False,0.009441304180829412,0.11,464167.0
"Fixed 42170, pilot",35,11,1,S 0 -> 6,12,False,1.0,42197.0,1,False,0.009441304180829412,0.11,506364.0
"Fixed 42170, pilot",35,12,12,"D 0,2 -> 4,6",12,True,0.0,42199.0,1,False,0.009441304180829412,0.11,548563.0
"Fixed 42170, pilot",35,13,0,S 0 -> 4,21,False,1.0,42198.0,1,False,0.018167337432382732,0.11,590761.0
"Fixed 42170, pilot",35,14,20,"D 1,2 -> 6,7",21,False,1.0,42198.0,1,False,0.018167337432382732,0.11,632959.0
"Fixed 42170, pilot",35,15,21,"D 1,3 -> 5,7",21,True,0.0,42197.0,1,False,0.018167337432382732,0.11,675156.0
"Fixed 42170, pilot",36,0,25,"D 2,3 -> 6,7",25,True,0.0,42193.0,1,False,0.31503606513167726,0.11,42193.0
"Fixed 42170, pilot",36,1,18,"D 1,2 -> 4,7",15,True,0.0,42198.0,1,False,0.29681502172579394,0.12,84391.0
"Fixed 42170, pilot",36,2,8,"D 0,1 -> 4,5",8,True,0.0,42193.0,1,False,0.3764697826210095,0.11,126584.0
"Fixed 42170, pilot",36,3,15,"D 0,3 -> 5,6",15,True,0.0,42193.0,1,False,0.30026357217502075,0.11,168777.0
"Fixed 42170, pilot",36,4,14,"D 0,3 -> 4,7",19,True,5.80789971671436e-10,42194.0,1,False,0.03758523474777508,0.11,210971.0
"Fixed 42170, pilot",36,5,19,"D 1,2 -> 5,6",19,True,0.0,42197.0,1,False,0.0657125239206618,0.11,253168.0
"Fixed 42170, pilot",36,6,11,"D 0,1 -> 6,7",22,False,0.044806582285133345,42200.0,1,False,0.043648521241327065,0.11,295368.0
"Fixed 42170, pilot",36,7,22,"D 2,3 -> 4,5",22,True,0.0,42198.0,1,False,0.06967473482297251,0.11,337566.0
"Fixed 42170, pilot",36,8,20,"D 1,2 -> 6,7",12,False,1.0,42194.0,1,False,0.009441304632724787,0.11,379760.0
"Fixed 42170, pilot",36,9,21,"D 1,3 -> 5,7",12,True,7.587165340439128e-10,42198.0,1,False,0.009441304632724787,0.11,421958.0
"Fixed 42170, pilot",36,10,2,S 1 -> 5,12,False,1.0,42194.0,1,False,0.01816733748162963,0.11,464152.0
"Fixed 42170, pilot",36,11,12,"D 0,2 -> 4,6",12,True,0.0,42200.0,1,False,0.01816733748162963,0.11,506352.0
"Fixed 42170, pilot",37,0,25,"D 2,3 -> 6,7",25,True,0.0,42196.0,1,False,0.31503606513167726,0.11,42196.0
"Fixed 42170, pilot",37,1,15,"D 0,3 -> 5,6",15,True,0.0,42192.0,1,False,0.29681502172579394,0.11,84388.0
"Fixed 42170, pilot",37,2,8,"D 0,1 -> 4,5",8,True,0.0,42197.0,1,False,0.3764697826210095,0.11,126585.0
"Fixed 42170, pilot",37,3,18,"D 1,2 -> 4,7",18,True,0.0,42197.0,1,False,0.3002635722338174,0.11,168782.0
"Fixed 42170, pilot",37,4,19,"D 1,2 -> 5,6",14,True,5.182410056647768e-12,42192.0,1,False,0.03758523457422756,0.11,210974.0
"Fixed 42170, pilot",37,5,14,"D 0,3 -> 4,7",14,True,0.0,42196.0,1,False,0.06571252392066197,0.11,253170.0
"Fixed 42170, pilot",37,6,22,"D 2,3 -> 4,5",22,True,0.0,42197.0,1,False,0.04364852124132713,0.11,295367.0
"Fixed 42170, pilot",37,7,11,"D 0,1 -> 6,7",11,True,0.0,42198.0,1,False,0.10072796416579667,0.11,337565.0
"Fixed 42170, pilot",37,8,25,"D 2,3 -> 6,7",21,False,0.9999999985957311,42197.0,1,False,0.009441304630083448,0.11,379762.0
"Fixed 42170, pilot",37,9,15,"D 0,3 -> 5,6",21,False,0.9999999992823342,42192.0,1,False,0.009441304630083448,0.11,421954.0
"Fixed 42170, pilot",37,10,17,"D 1,2 -> 4,5",21,False,1.0,42197.0,1,False,0.009441304630083448,0.11,464151.0
"Fixed 42170, pilot",37,11,19,"D 1,2 -> 5,6",21,False,0.9999999940949295,42198.0,1,False,0.009441304630083448,0.11,506349.0
"Fixed 42170, pilot",37,12,12,"D 0,2 -> 4,6",21,True,2.371568497139265e-10,42198.0,1,False,0.009441304630083448,0.11,548547.0
"Fixed 42170, pilot",37,13,3,S 1 -> 7,21,False,1.0,42195.0,1,False,0.018167337712885517,0.11,590742.0
"Fixed 42170, pilot",37,14,19,"D 1,2 -> 5,6",21,False,0.9867733768474497,42199.0,1,False,0.018167337675642194,0.11,632941.0
"Fixed 42170, pilot",38,0,25,"D 2,3 -> 6,7",25,True,0.0,42196.0,1,False,0.31503606513167726,0.11,42196.0
"Fixed 42170, pilot",38,1,15,"D 0,3 -> 5,6",15,True,0.0,42197.0,1,False,0.29681502172579394,0.11,84393.0
"Fixed 42170, pilot",38,2,8,"D 0,1 -> 4,5",8,True,0.0,42199.0,1,False,0.3764697826210095,0.11,126592.0
"Fixed 42170, pilot",38,3,18,"D 1,2 -> 4,7",18,True,0.0,42196.0,1,False,0.3002635722338174,0.11,168788.0
"Fixed 42170, pilot",38,4,14,"D 0,3 -> 4,7",14,True,0.0,42194.0,1,False,0.03758523457422756,0.11,210982.0
"Fixed 42170, pilot",38,5,19,"D 1,2 -> 5,6",19,True,0.0,42198.0,1,False,0.0657125239900671,0.11,253180.0
"Fixed 42170, pilot",38,6,22,"D 2,3 -> 4,5",22,True,0.0,42198.0,1,False,0.04364852130558422,0.11,295378.0
"Fixed 42170, pilot",38,7,11,"D 0,1 -> 6,7",11,True,0.0,42198.0,1,False,0.10072796416579655,0.11,337576.0
"Fixed 42170, pilot",38,8,22,"D 2,3 -> 4,5",21,False,0.9999997495428905,42194.0,1,False,0.009441305047874061,0.11,379770.0
"Fixed 42170, pilot",38,9,9,"D 0,1 -> 4,7",12,False,1.0,42196.0,1,False,0.009441304738662499,0.11,421966.0
"Fixed 42170, pilot",38,10,3,S 1 -> 7,12,False,1.0,42195.0,1,False,0.009441304645014697,0.11,464161.0
"Fixed 42170, pilot",38,11,19,"D 1,2 -> 5,6",12,False,0.9999999769725938,42196.0,1,False,0.009441304645014697,0.11,506357.0
"Fixed 42170, pilot",38,12,11,"D 0,1 -> 6,7",12,False,0.9999999725594438,42199.0,1,False,0.009441304645014697,0.11,548556.0
"Fixed 42170, pilot",38,13,3,S 1 -> 7,12,False,1.0,42199.0,1,False,0.009441304645014697,0.11,590755.0
"Fixed 42170, pilot",38,14,5,S 2 -> 6,12,False,1.0,42196.0,1,False,0.009441304645014697,0.11,632951.0
"Fixed 42170, pilot",38,15,22,"D 2,3 -> 4,5",12,False,0.999999892006659,42194.0,1,False,0.009441304645014697,0.11,675145.0
"Fixed 42170, pilot",38,16,2,S 1 -> 5,12,False,1.0,42197.0,1,False,0.009441304645014697,0.11,717342.0
"Fixed 42170, pilot",38,17,12,"D 0,2 -> 4,6",12,True,0.0,42200.0,1,False,0.009441304645014697,0.1,759542.0
"Fixed 42170, pilot",38,18,11,"D 0,1 -> 6,7",21,False,0.9826751297219886,42194.0,1,False,0.018167337809760667,0.1,801736.0
"Fixed 42170, pilot",39,0,25,"D 2,3 -> 6,7",25,True,0.0,42196.0,1,False,0.31503606513167726,0.11,42196.0
"Fixed 42170, pilot",39,1,18,"D 1,2 -> 4,7",15,True,0.0,42200.0,1,False,0.29681502172579394,0.11,84396.0
"Fixed 42170, pilot",39,2,8,"D 0,1 -> 4,5",8,True,0.0,42200.0,1,False,0.3764697826210095,0.11,126596.0
"Fixed 42170, pilot",39,3,15,"D 0,3 -> 5,6",15,True,0.0,42197.0,1,False,0.30026357217502075,0.11,168793.0
"Fixed 42170, pilot",39,4,19,"D 1,2 -> 5,6",19,True,0.0,42195.0,1,False,0.03758523474777508,0.11,210988.0
"Fixed 42170, pilot",39,5,14,"D 0,3 -> 4,7",14,True,0.0,42198.0,1,False,0.06571252399006697,0.11,253186.0
"Fixed 42170, pilot",39,6,11,"D 0,1 -> 6,7",22,False,0.04480658230253376,42198.0,1,False,0.043648521305584075,0.11,295384.0
"Fixed 42170, pilot",39,7,22,"D 2,3 -> 4,5",22,True,0.0,42197.0,1,False,0.06967473471393487,0.11,337581.0
"Fixed 42170, pilot",39,8,11,"D 0,1 -> 6,7",21,False,0.9999999285078227,42191.0,1,False,0.009441304763103297,0.11,379772.0
"Fixed 42170, pilot",39,9,6,S 3 -> 5,21,False,1.0,42197.0,1,False,0.009441304763103297,0.11,421969.0
"Fixed 42170, pilot",39,10,11,"D 0,1 -> 6,7",21,False,0.9999999285078227,42195.0,1,False,0.009441304763103297,0.11,464164.0
"Fixed 42170, pilot",39,11,12,"D 0,2 -> 4,6",21,False,2.6598955260581647e-09,42195.0,1,False,0.009441304763103297,0.11,506359.0
"Fixed 42170, pilot",39,12,11,"D 0,1 -> 6,7",21,False,0.9826751162817488,42193.0,1,False,0.018167336068882337,0.11,548552.0
"Fixed 42170, pilot",40,0,25,"D 2,3 -> 6,7",25,True,0.0,42194.0,1,False,0.31503606513167726,0.11,42194.0
"Fixed 42170, pilot",40,1,8,"D 0,1 -> 4,5",15,False,0.033311851350335986,42196.0,1,False,0.29681502172579394,0.11,84390.0
"Fixed 42170, pilot",40,2,15,"D 0,3 -> 5,6",15,True,0.0,42197.0,1,False,0.303713351808019,0.11,126587.0
"Fixed 42170, pilot",40,3,18,"D 1,2 -> 4,7",18,True,0.0,42198.0,1,False,0.38824803810173436,0.11,168785.0
"Fixed 42170, pilot",40,4,14,"D 0,3 -> 4,7",14,True,0.0,42196.0,1,False,0.03758523456612019,0.11,210981.0
"Fixed 42170, pilot",40,5,19,"D 1,2 -> 5,6",19,True,0.0,42200.0,1,False,0.0657125241352967,0.11,253181.0
"Fixed 42170, pilot",40,6,22,"D 2,3 -> 4,5",22,True,0.0,42198.0,1,False,0.043648521856409134,0.11,295379.0
"Fixed 42170, pilot",40,7,11,"D 0,1 -> 6,7",11,True,0.0,42196.0,1,False,0.10072796429211578,0.11,337575.0
"Fixed 42170, pilot",40,8,2,S 1 -> 5,12,False,1.0,42196.0,1,False,0.009441304132124777,0.12,379771.0
"Fixed 42170, pilot",40,9,14,"D 0,3 -> 4,7",12,False,0.999999939324809,42197.0,1,False,0.009441304132124777,0.11,421968.0
"Fixed 42170, pilot",40,10,0,S 0 -> 4,12,False,1.0,42194.0,1,False,0.009441304284696687,0.11,464162.0
"Fixed 42170, pilot",40,11,11,"D 0,1 -> 6,7",12,False,0.999999958642027,42198.0,1,False,0.009441304320129325,0.11,506360.0
"Fixed 42170, pilot",40,12,6,S 3 -> 5,12,False,1.0,42197.0,1,False,0.009441304320129325,0.11,548557.0
"Fixed 42170, pilot",40,13,21,"D 1,3 -> 5,7",12,True,7.730146522888504e-10,42196.0,1,False,0.009441304320129325,0.11,590753.0
"Fixed 42170, pilot",40,14,12,"D 0,2 -> 4,6",12,True,0.0,42200.0,1,False,0.018167339275754757,0.11,632953.0
"Fixed 42170, pilot",41,0,25,"D 2,3 -> 6,7",25,True,0.0,42195.0,1,False,0.31503606513167726,0.11,42195.0
"Fixed 42170, pilot",41,1,18,"D 1,2 -> 4,7",15,True,0.0,42199.0,1,False,0.29681502172579394,0.11,84394.0
"Fixed 42170, pilot",41,2,8,"D 0,1 -> 4,5",8,True,0.0,42199.0,1,False,0.3764697826210095,0.11,126593.0
"Fixed 42170, pilot",41,3,15,"D 0,3 -> 5,6",15,True,0.0,42196.0,1,False,0.30026357217502075,0.11,168789.0
"Fixed 42170, pilot",41,4,14,"D 0,3 -> 4,7",19,True,5.80789971671436e-10,42196.0,1,False,0.03758523474777508,0.11,210985.0
"Fixed 42170, pilot",41,5,19,"D 1,2 -> 5,6",19,True,0.0,42196.0,1,False,0.0657125239206618,0.11,253181.0
"Fixed 42170, pilot",41,6,11,"D 0,1 -> 6,7",22,False,0.044806582285133345,42199.0,1,False,0.043648521241327065,0.11,295380.0
"Fixed 42170, pilot",41,7,22,"D 2,3 -> 4,5",22,True,0.0,42192.0,1,False,0.06967473482297251,0.11,337572.0
"Fixed 42170, pilot",41,8,12,"D 0,2 -> 4,6",12,True,0.0,42192.0,1,False,0.009441304632724787,0.11,379764.0
"Fixed 42170, pilot",41,9,3,S 1 -> 7,21,False,1.0,42200.0,1,False,0.01816733764921178,0.11,421964.0
"Fixed 42170, pilot",41,10,11,"D 0,1 -> 6,7",21,False,0.9826751306735414,42193.0,1,False,0.01816733764921178,0.11,464157.0
"Fixed 42170, pilot",42,0,25,"D 2,3 -> 6,7",25,True,0.0,42193.0,1,False,0.31503606513167726,0.11,42193.0
"Fixed 42170, pilot",42,1,8,"D 0,1 -> 4,5",15,False,0.033311851350335986,42197.0,1,False,0.29681502172579394,0.11,84390.0
"Fixed 42170, pilot",42,2,15,"D 0,3 -> 5,6",15,True,0.0,42196.0,1,False,0.303713351808019,0.11,126586.0
"Fixed 42170, pilot",42,3,18,"D 1,2 -> 4,7",18,True,0.0,42198.0,1,False,0.38824803810173436,0.11,168784.0
"Fixed 42170, pilot",42,4,14,"D 0,3 -> 4,7",14,True,0.0,42198.0,1,False,0.03758523456612019,0.11,210982.0
"Fixed 42170, pilot",42,5,19,"D 1,2 -> 5,6",19,True,0.0,42202.0,1,False,0.0657125241352967,0.11,253184.0
"Fixed 42170, pilot",42,6,11,"D 0,1 -> 6,7",22,False,0.04480658474782895,42198.0,1,False,0.043648521856409134,0.11,295382.0
"Fixed 42170, pilot",42,7,22,"D 2,3 -> 4,5",22,True,0.0,42196.0,1,False,0.06967473568968069,0.11,337578.0
"Fixed 42170, pilot",42,8,7,S 3 -> 7,12,False,1.0,42196.0,1,False,0.00944130465202562,0.11,379774.0
"Fixed 42170, pilot",42,9,7,S 3 -> 7,12,False,1.0,42199.0,1,False,0.00944130465202562,0.11,421973.0
"Fixed 42170, pilot",42,10,20,"D 1,2 -> 6,7",12,False,1.0,42193.0,1,False,0.00944130465202562,0.11,464166.0
"Fixed 42170, pilot",42,11,4,S 2 -> 4,12,False,1.0,42195.0,1,False,0.00944130465202562,0.11,506361.0
"Fixed 42170, pilot",42,12,18,"D 1,2 -> 4,7",12,False,0.9999999974531899,42196.0,1,False,0.00944130465202562,0.11,548557.0
"Fixed 42170, pilot",42,13,12,"D 0,2 -> 4,6",12,True,6.661338147750939e-15,42199.0,1,False,0.00944130465202562,0.11,590756.0
"Fixed 42170, pilot",42,14,9,"D 0,1 -> 4,7",21,False,1.0,42193.0,1,False,0.01816733764084856,0.11,632949.0
"Fixed 42170, pilot",42,15,7,S 3 -> 7,21,False,1.0,42199.0,1,False,0.01816733764084856,0.11,675148.0
"Fixed 42170, pilot",42,16,3,S 1 -> 7,21,False,1.0,42195.0,1,False,0.01816733764084856,0.11,717343.0
"Fixed 42170, pilot",42,17,21,"D 1,3 -> 5,7",21,True,0.0,42199.0,1,False,0.01816733764084856,0.11,759542.0
"Fixed 42170, pilot",43,0,25,"D 2,3 -> 6,7",25,True,0.0,42196.0,1,False,0.31503606513167726,0.11,42196.0
"Fixed 42170, pilot",43,1,18,"D 1,2 -> 4,7",15,True,0.0,42199.0,1,False,0.29681502172579394,0.11,84395.0
"Fixed 42170, pilot",43,2,8,"D 0,1 -> 4,5",8,True,0.0,42197.0,1,False,0.3764697826210095,0.11,126592.0
"Fixed 42170, pilot",43,3,15,"D 0,3 -> 5,6",15,True,0.0,42194.0,1,False,0.30026357217502075,0.11,168786.0
"Fixed 42170, pilot",43,4,14,"D 0,3 -> 4,7",19,True,5.80789971671436e-10,42194.0,1,False,0.03758523474777508,0.11,210980.0
"Fixed 42170, pilot",43,5,19,"D 1,2 -> 5,6",19,True,0.0,42196.0,1,False,0.0657125239206618,0.11,253176.0
"Fixed 42170, pilot",43,6,12,"D 0,2 -> 4,6",22,False,0.6146464044063147,42193.0,1,False,0.043648521241327065,0.11,295369.0
"Fixed 42170, pilot",43,7,11,"D 0,1 -> 6,7",22,False,0.04554467585288402,42196.0,1,False,0.04322155250393711,0.11,337565.0
"Fixed 42170, pilot",43,8,22,"D 2,3 -> 4,5",22,True,0.0,42200.0,1,False,0.06892993707041005,0.11,379765.0
"Fixed 42170, pilot",43,9,21,"D 1,3 -> 5,7",21,True,0.0,42197.0,1,False,0.024090149239457587,0.11,421962.0
"Fixed 42170, pilot",44,0,25,"D 2,3 -> 6,7",25,True,0.0,42194.0,1,False,0.31503606513167726,0.11,42194.0
"Fixed 42170, pilot",44,1,8,"D 0,1 -> 4,5",15,False,0.033311851350335986,42197.0,1,False,0.29681502172579394,0.11,84391.0
"Fixed 42170, pilot",44,2,18,"D 1,2 -> 4,7",15,True,5.551115123125783e-16,42197.0,1,False,0.303713351808019,0.11,126588.0
"Fixed 42170, pilot",44,3,15,"D 0,3 -> 5,6",15,True,0.0,42195.0,1,False,0.38824803810173447,0.11,168783.0
"Fixed 42170, pilot",44,4,19,"D 1,2 -> 5,6",19,True,0.0,42194.0,1,False,0.03758523456612009,0.11,210977.0
"Fixed 42170, pilot",44,5,14,"D 0,3 -> 4,7",14,True,0.0,42200.0,1,False,0.06571252413529677,0.11,253177.0
"Fixed 42170, pilot",44,6,22,"D 2,3 -> 4,5",22,True,0.0,42197.0,1,False,0.04364852185640933,0.11,295374.0
"Fixed 42170, pilot",44,7,11,"D 0,1 -> 6,7",11,True,0.0,42197.0,1,False,0.100727964292116,0.11,337571.0
"Fixed 42170, pilot",44,8,12,"D 0,2 -> 4,6",12,True,4.773959005888173e-15,42196.0,1,False,0.009441304132124916,0.11,379767.0
"Fixed 42170, pilot",44,9,18,"D 1,2 -> 4,7",21,False,0.9933158337045787,42191.0,1,False,0.01816733747863644,0.11,421958.0
"Fixed 42170, pilot",45,0,25,"D 2,3 -> 6,7",25,True,0.0,42189.0,1,False,0.31503606513167726,0.11,42189.0
"Fixed 42170, pilot",45,1,15,"D 0,3 -> 5,6",15,True,0.0,42198.0,1,False,0.29681502172579394,0.11,84387.0
"Fixed 42170, pilot",45,2,8,"D 0,1 -> 4,5",8,True,0.0,42195.0,1,False,0.3764697826210095,0.11,126582.0
"Fixed 42170, pilot",45,3,18,"D 1,2 -> 4,7",18,True,0.0,42197.0,1,False,0.3002635722338174,0.11,168779.0
"Fixed 42170, pilot",45,4,14,"D 0,3 -> 4,7",14,True,0.0,42193.0,1,False,0.03758523457422756,0.11,210972.0
"Fixed 42170, pilot",45,5,19,"D 1,2 -> 5,6",19,True,0.0,42199.0,1,False,0.0657125239900671,0.11,253171.0
"Fixed 42170, pilot",45,6,22,"D 2,3 -> 4,5",22,True,0.0,42198.0,1,False,0.04364852130558422,0.11,295369.0
"Fixed 42170, pilot",45,7,11,"D 0,1 -> 6,7",11,True,0.0,42198.0,1,False,0.10072796416579655,0.11,337567.0
"Fixed 42170, pilot",45,8,7,S 3 -> 7,21,False,1.0,42195.0,1,False,0.009441305047874061,0.11,379762.0
"Fixed 42170, pilot",45,9,0,S 0 -> 4,21,False,1.0,42196.0,1,False,0.00944130458544351,0.11,421958.0
"Fixed 42170, pilot",45,10,19,"D 1,2 -> 5,6",21,False,0.9999999790475566,42194.0,1,False,0.00944130458544351,0.11,464152.0
"Fixed 42170, pilot",45,11,0,S 0 -> 4,21,False,1.0,42194.0,1,False,0.00944130458544351,0.11,506346.0
"Fixed 42170, pilot",45,12,9,"D 0,1 -> 4,7",21,False,1.0,42197.0,1,False,0.00944130458544351,0.11,548543.0
"Fixed 42170, pilot",45,13,12,"D 0,2 -> 4,6",21,True,8.03115351999395e-11,42196.0,1,False,0.00944130458544351,0.11,590739.0
"Fixed 42170, pilot",45,14,18,"D 1,2 -> 4,7",21,False,0.9933158835280587,42196.0,1,False,0.018167337552050293,0.11,632935.0
"Fixed 42170, pilot",46,0,25,"D 2,3 -> 6,7",25,True,0.0,42196.0,1,False,0.31503606513167726,0.11,42196.0
"Fixed 42170, pilot",46,1,18,"D 1,2 -> 4,7",15,True,0.0,42191.0,1,False,0.29681502172579394,0.11,84387.0
"Fixed 42170, pilot",46,2,8,"D 0,1 -> 4,5",8,True,0.0,42199.0,1,False,0.3764697826210095,0.11,126586.0
"Fixed 42170, pilot",46,3,15,"D 0,3 -> 5,6",15,True,0.0,42197.0,1,False,0.30026357217502075,0.11,168783.0
"Fixed 42170, pilot",46,4,19,"D 1,2 -> 5,6",19,True,0.0,42193.0,1,False,0.03758523474777508,0.11,210976.0
"Fixed 42170, pilot",46,5,14,"D 0,3 -> 4,7",14,True,0.0,42196.0,1,False,0.06571252399006697,0.11,253172.0
"Fixed 42170, pilot",46,6,21,"D 1,3 -> 5,7",22,False,0.6146464063733261,42194.0,1,False,0.043648521305584075,0.11,295366.0
"Fixed 42170, pilot",46,7,11,"D 0,1 -> 6,7",22,False,0.045544676503406434,42194.0,1,False,0.0432215520935293,0.11,337560.0
"Fixed 42170, pilot",46,8,22,"D 2,3 -> 4,5",22,True,0.0,42198.0,1,False,0.06892993949418039,0.11,379758.0
"Fixed 42170, pilot",46,9,1,S 0 -> 6,12,False,1.0,42198.0,1,False,0.024090147961901395,0.1,421956.0
"Fixed 42170, pilot",46,10,12,"D 0,2 -> 4,6",12,True,0.0,42201.0,1,False,0.024090147961901395,0.1,464157.0
"Fixed 42170, pilot",47,0,19,"D 1,2 -> 5,6",25,False,0.052846754050403844,42195.0,1,False,0.31503606513167726,0.11,42195.0
"Fixed 42170, pilot",47,1,11,"D 0,1 -> 6,7",22,False,0.02016704849809181,42198.0,1,False,0.2986379460814117,0.11,84393.0
"Fixed 42170, pilot",47,2,14,"D 0,3 -> 4,7",14,True,0.0,42197.0,1,False,0.37183499075359205,0.11,126590.0
"Fixed 42170, pilot",47,3,22,"D 2,3 -> 4,5",22,True,0.0,42193.0,1,False,0.34033883568924567,0.11,168783.0
"Fixed 42170, pilot",47,4,15,"D 0,3 -> 5,6",8,False,0.026297171376438944,42199.0,1,False,0.022746161134040658,0.11,210982.0
"Fixed 42170, pilot",47,5,25,"D 2,3 -> 6,7",18,False,0.3960564062175068,42194.0,1,False,0.03866517257135493,0.11,253176.0
"Fixed 42170, pilot",47,6,18,"D 1,2 -> 4,7",8,False,0.028114966959187027,42192.0,1,False,0.043185709774729526,0.11,295368.0
"Fixed 42170, pilot",47,7,8,"D 0,1 -> 4,5",8,True,0.0,42198.0,1,False,0.06557576341086789,0.11,337566.0
"Fixed 42170, pilot",47,8,12,"D 0,2 -> 4,6",12,True,0.0,42197.0,1,False,0.009441304744477677,0.11,379763.0
"Fixed 42170, pilot",47,9,1,S 0 -> 6,21,False,1.0,42199.0,1,False,0.018167335254508303,0.11,421962.0
"Fixed 42170, pilot",47,10,0,S 0 -> 4,21,False,1.0,42196.0,1,False,0.018167335254508303,0.11,464158.0
"Fixed 42170, pilot",47,11,20,"D 1,2 -> 6,7",21,False,1.0,42196.0,1,False,0.018167335254508303,0.1,506354.0
"Fixed 42170, pilot",47,12,14,"D 0,3 -> 4,7",21,False,0.9867665158906235,42199.0,1,False,0.018167335254508303,0.1,548553.0
"Fixed 42170, pilot",48,0,25,"D 2,3 -> 6,7",25,True,0.0,42196.0,1,False,0.31503606513167726,0.11,42196.0
"Fixed 42170, pilot",48,1,15,"D 0,3 -> 5,6",15,True,0.0,42197.0,1,False,0.29681502172579394,0.11,84393.0
"Fixed 42170, pilot",48,2,8,"D 0,1 -> 4,5",8,True,0.0,42198.0,1,False,0.3764697826210095,0.11,126591.0
"Fixed 42170, pilot",48,3,18,"D 1,2 -> 4,7",18,True,0.0,42193.0,1,False,0.3002635722338174,0.11,168784.0
"Fixed 42170, pilot",48,4,14,"D 0,3 -> 4,7",14,True,0.0,42196.0,1,False,0.03758523457422756,0.11,210980.0
"Fixed 42170, pilot",48,5,19,"D 1,2 -> 5,6",19,True,0.0,42195.0,1,False,0.0657125239900671,0.11,253175.0
"Fixed 42170, pilot",48,6,22,"D 2,3 -> 4,5",22,True,0.0,42194.0,1,False,0.04364852130558422,0.11,295369.0
"Fixed 42170, pilot",48,7,11,"D 0,1 -> 6,7",11,True,0.0,42195.0,1,False,0.10072796416579655,0.11,337564.0
"Fixed 42170, pilot",48,8,4,S 2 -> 4,21,False,1.0,42199.0,1,False,0.009441305047874061,0.11,379763.0
"Fixed 42170, pilot",48,9,11,"D 0,1 -> 6,7",21,False,0.9999999949709496,42196.0,1,False,0.00944130458544351,0.11,421959.0
"Fixed 42170, pilot",48,10,14,"D 0,3 -> 4,7",21,False,0.9999999802026052,42197.0,1,False,0.00944130458544351,0.11,464156.0
"Fixed 42170, pilot",48,11,7,S 3 -> 7,21,False,1.0,42203.0,1,False,0.00944130458544351,0.1,506359.0
"Fixed 42170, pilot",48,12,21,"D 1,3 -> 5,7",21,True,0.0,42194.0,1,False,0.00944130458544351,0.1,548553.0
"Fixed 42170, pilot",48,13,12,"D 0,2 -> 4,6",12,True,0.0,42195.0,1,False,0.018167338486288022,0.1,590748.0
"Fixed 42170, pilot",49,0,25,"D 2,3 -> 6,7",25,True,0.0,42193.0,1,False,0.31503606513167726,0.11,42193.0
"Fixed 42170, pilot",49,1,18,"D 1,2 -> 4,7",15,True,0.0,42194.0,1,False,0.29681502172579394,0.11,84387.0
"Fixed 42170, pilot",49,2,8,"D 0,1 -> 4,5",8,True,0.0,42198.0,1,False,0.3764697826210095,0.11,126585.0
"Fixed 42170, pilot",49,3,15,"D 0,3 -> 5,6",15,True,0.0,42194.0,1,False,0.30026357217502075,0.11,168779.0
"Fixed 42170, pilot",49,4,19,"D 1,2 -> 5,6",19,True,0.0,42198.0,1,False,0.03758523474777508,0.11,210977.0
"Fixed 42170, pilot",49,5,14,"D 0,3 -> 4,7",14,True,0.0,42198.0,1,False,0.06571252399006697,0.11,253175.0
"Fixed 42170, pilot",49,6,22,"D 2,3 -> 4,5",22,True,0.0,42191.0,1,False,0.043648521305584075,0.11,295366.0
"Fixed 42170, pilot",49,7,11,"D 0,1 -> 6,7",11,True,0.0,42198.0,1,False,0.10072796416579774,0.11,337564.0
"Fixed 42170, pilot",49,8,6,S 3 -> 5,21,False,1.0,42199.0,1,False,0.009441304483876945,0.11,379763.0
"Fixed 42170, pilot",49,9,22,"D 2,3 -> 4,5",12,False,0.9999999934662003,42196.0,1,False,0.00944130454604846,0.11,421959.0
"Fixed 42170, pilot",49,10,0,S 0 -> 4,12,False,1.0,42199.0,1,False,0.00944130454604846,0.11,464158.0
"Fixed 42170, pilot",49,11,9,"D 0,1 -> 4,7",12,False,1.0,42198.0,1,False,0.00944130454604846,0.11,506356.0
"Fixed 42170, pilot",49,12,6,S 3 -> 5,12,False,1.0,42194.0,1,False,0.00944130454604846,0.1,548550.0
"Fixed 42170, pilot",49,13,0,S 0 -> 4,12,False,1.0,42196.0,1,False,0.00944130454604846,0.1,590746.0
"Fixed 42170, pilot",49,14,1,S 0 -> 6,12,False,1.0,42198.0,1,False,0.00944130454604846,0.1,632944.0
"Fixed 42170, pilot",49,15,12,"D 0,2 -> 4,6",12,True,0.0,42196.0,1,False,0.00944130454604846,0.1,675140.0
"Fixed 42170, pilot",49,16,21,"D 1,3 -> 5,7",21,True,0.0,42196.0,1,False,0.018167337706510512,0.1,717336.0
"Fixed 42170, pilot",50,0,25,"D 2,3 -> 6,7",25,True,0.0,42196.0,1,False,0.31503606513167726,0.11,42196.0
"Fixed 42170, pilot",50,1,18,"D 1,2 -> 4,7",15,True,0.0,42197.0,1,False,0.29681502172579394,0.1,84393.0
"Fixed 42170, pilot",50,2,8,"D 0,1 -> 4,5",8,True,0.0,42198.0,1,False,0.3764697826210095,0.1,126591.0
"Fixed 42170, pilot",50,3,15,"D 0,3 -> 5,6",15,True,0.0,42198.0,1,False,0.30026357217502075,0.11,168789.0
"Fixed 42170, pilot",50,4,19,"D 1,2 -> 5,6",19,True,0.0,42196.0,1,False,0.03758523474777508,0.11,210985.0
"Fixed 42170, pilot",50,5,14,"D 0,3 -> 4,7",14,True,0.0,42194.0,1,False,0.06571252399006697,0.11,253179.0
"Fixed 42170, pilot",50,6,22,"D 2,3 -> 4,5",22,True,0.0,42195.0,1,False,0.043648521305584075,0.11,295374.0
"Fixed 42170, pilot",50,7,11,"D 0,1 -> 6,7",11,True,0.0,42202.0,1,False,0.10072796416579774,0.11,337576.0
"Fixed 42170, pilot",50,8,15,"D 0,3 -> 5,6",21,False,0.9999999998285606,42198.0,1,False,0.009441304483876945,0.1,379774.0
"Fixed 42170, pilot",50,9,11,"D 0,1 -> 6,7",21,False,0.9999999664490158,42199.0,1,False,0.009441304502349146,0.1,421973.0
"Fixed 42170, pilot",50,10,12,"D 0,2 -> 4,6",21,False,1.3308192325922619e-09,42198.0,1,False,0.009441304502349146,0.1,464171.0
"Fixed 42170, pilot",50,11,21,"D 1,3 -> 5,7",21,True,0.0,42197.0,1,False,0.01816733781718659,0.1,506368.0
"Fixed 42170, pilot",51,0,25,"D 2,3 -> 6,7",25,True,0.0,42197.0,1,False,0.31503606513167726,0.1,42197.0
"Fixed 42170, pilot",51,1,8,"D 0,1 -> 4,5",15,False,0.033311851350335986,42197.0,1,False,0.29681502172579394,0.11,84394.0
"Fixed 42170, pilot",51,2,15,"D 0,3 -> 5,6",15,True,0.0,42197.0,1,False,0.303713351808019,0.1,126591.0
"Fixed 42170, pilot",51,3,18,"D 1,2 -> 4,7",18,True,0.0,42194.0,1,False,0.38824803810173436,0.1,168785.0
"Fixed 42170, pilot",51,4,3,S 1 -> 7,14,False,1.0,42198.0,1,False,0.03758523456612019,0.1,210983.0
"Fixed 42170, pilot",51,5,19,"D 1,2 -> 5,6",14,True,5.1515680610236814e-11,42199.0,1,False,0.03758523456612019,0.1,253182.0
"Fixed 42170, pilot",51,6,14,"D 0,3 -> 4,7",14,True,0.0,42198.0,1,False,0.06571252413529657,0.1,295380.0
"Fixed 42170, pilot",51,7,11,"D 0,1 -> 6,7",22,False,0.0448065847478315,42196.0,1,False,0.04364852185640902,0.11,337576.0
"Fixed 42170, pilot",51,8,22,"D 2,3 -> 4,5",22,True,0.0,42194.0,1,False,0.06967473568968072,0.1,379770.0
"Fixed 42170, pilot",51,9,20,"D 1,2 -> 6,7",12,False,1.0,42196.0,1,False,0.009441304652025646,0.1,421966.0
"Fixed 42170, pilot",51,10,11,"D 0,1 -> 6,7",12,False,0.9999999923984132,42198.0,1,False,0.009441304652025646,0.1,464164.0
"Fixed 42170, pilot",51,11,7,S 3 -> 7,12,False,1.0,42198.0,1,False,0.009441304652025646,0.1,506362.0
"Fixed 42170, pilot",51,12,3,S 1 -> 7,12,False,1.0,42199.0,1,False,0.009441304652025646,0.1,548561.0
"Fixed 42170, pilot",51,13,21,"D 1,3 -> 5,7",12,True,2.220446049250313e-15,42194.0,1,False,0.009441304652025646,0.11,590755.0
"Fixed 42170, pilot",51,14,0,S 0 -> 4,12,False,1.0,42192.0,1,False,0.018167337813257176,0.11,632947.0
"Fixed 42170, pilot",51,15,12,"D 0,2 -> 4,6",12,True,0.0,42195.0,1,False,0.018167337813257176,0.1,675142.0
"Fixed 42170, pilot",52,0,25,"D 2,3 -> 6,7",25,True,0.0,42196.0,1,False,0.31503606513167726,0.1,42196.0
"Fixed 42170, pilot",52,1,15,"D 0,3 -> 5,6",15,True,0.0,42195.0,1,False,0.29681502172579394,0.1,84391.0
"Fixed 42170, pilot",52,2,8,"D 0,1 -> 4,5",8,True,0.0,42197.0,1,False,0.3764697826210095,0.1,126588.0
"Fixed 42170, pilot",52,3,18,"D 1,2 -> 4,7",18,True,0.0,42198.0,1,False,0.3002635722338174,0.1,168786.0
"Fixed 42170, pilot",52,4,19,"D 1,2 -> 5,6",14,True,5.182410056647768e-12,42195.0,1,False,0.03758523457422756,0.1,210981.0
"Fixed 42170, pilot",52,5,14,"D 0,3 -> 4,7",14,True,0.0,42198.0,1,False,0.06571252392066197,0.1,253179.0
"Fixed 42170, pilot",52,6,11,"D 0,1 -> 6,7",22,False,0.044806582285143115,42196.0,1,False,0.04364852124132713,0.11,295375.0
"Fixed 42170, pilot",52,7,22,"D 2,3 -> 4,5",22,True,0.0,42195.0,1,False,0.06967473471393487,0.1,337570.0
"Fixed 42170, pilot",52,8,18,"D 1,2 -> 4,7",21,False,0.9999999899943335,42199.0,1,False,0.009441304632724919,0.1,379769.0
"Fixed 42170, pilot",52,9,12,"D 0,2 -> 4,6",21,True,7.587118711072094e-10,42196.0,1,False,0.009441304632724919,0.1,421965.0
"Fixed 42170, pilot",52,10,21,"D 1,3 -> 5,7",21,True,0.0,42199.0,1,False,0.018167337844816236,0.11,464164.0
"Fixed 42170, pilot",53,0,25,"D 2,3 -> 6,7",25,True,0.0,42195.0,1,False,0.31503606513167726,0.1,42195.0
"Fixed 42170, pilot",53,1,8,"D 0,1 -> 4,5",15,False,0.033311851350335986,42194.0,1,False,0.29681502172579394,0.1,84389.0
"Fixed 42170, pilot",53,2,15,"D 0,3 -> 5,6",15,True,0.0,42196.0,1,False,0.303713351808019,0.1,126585.0
"Fixed 42170, pilot",53,3,18,"D 1,2 -> 4,7",18,True,0.0,42197.0,1,False,0.38824803810173436,0.1,168782.0
"Fixed 42170, pilot",53,4,19,"D 1,2 -> 5,6",14,True,5.1515680610236814e-11,42198.0,1,False,0.03758523456612019,0.1,210980.0
"Fixed 42170, pilot",53,5,14,"D 0,3 -> 4,7",14,True,0.0,42196.0,1,False,0.06571252413529657,0.1,253176.0
"Fixed 42170, pilot",53,6,11,"D 0,1 -> 6,7",22,False,0.04480658441419072,42194.0,1,False,0.04364852179220628,0.1,295370.0
"Fixed 42170, pilot",53,7,22,"D 2,3 -> 4,5",22,True,0.0,42198.0,1,False,0.06967473556001899,0.1,337568.0
"Fixed 42170, pilot",53,8,1,S 0 -> 6,12,False,1.0,42198.0,1,False,0.009441304833068015,0.1,379766.0
"Fixed 42170, pilot",53,9,25,"D 2,3 -> 6,7",12,False,0.9999991073554483,42199.0,1,False,0.009441304833068015,0.11,421965.0
"Fixed 42170, pilot",53,10,14,"D 0,3 -> 4,7",12,False,0.9999999981122408,42195.0,1,False,0.009441304833068015,0.11,464160.0
"Fixed 42170, pilot",53,11,1,S 0 -> 6,12,False,1.0,42197.0,1,False,0.009441304833068015,0.1,506357.0
"Fixed 42170, pilot",53,12,8,"D 0,1 -> 4,5",12,False,0.9999990771886877,42199.0,1,False,0.009441304833068015,0.1,548556.0
"Fixed 42170, pilot",53,13,6,S 3 -> 5,12,False,1.0,42201.0,1,False,0.009441304833068015,0.1,590757.0
"Fixed 42170, pilot",53,14,22,"D 2,3 -> 4,5",12,False,0.9999999934524187,42202.0,1,False,0.009441304833068015,0.1,632959.0
"Fixed 42170, pilot",53,15,5,S 2 -> 6,12,False,1.0,42197.0,1,False,0.009441304833068015,0.1,675156.0
"Fixed 42170, pilot",53,16,3,S 1 -> 7,12,False,1.0,42199.0,1,False,0.009441304833068015,0.1,717355.0
"Fixed 42170, pilot",53,17,25,"D 2,3 -> 6,7",12,False,0.9999991073554483,42195.0,1,False,0.009441304833068015,0.1,759550.0
"Fixed 42170, pilot",53,18,4,S 2 -> 4,12,False,1.0,42199.0,1,False,0.009441304833068015,0.11,801749.0
"Fixed 42170, pilot",53,19,12,"D 0,2 -> 4,6",12,True,0.0,42197.0,1,False,0.009441304833068015,0.1,843946.0
"Fixed 42170, pilot",54,0,25,"D 2,3 -> 6,7",25,True,0.0,42194.0,1,False,0.31503606513167726,0.1,42194.0
"Fixed 42170, pilot",54,1,8,"D 0,1 -> 4,5",15,False,0.033311851350335986,42197.0,1,False,0.29681502172579394,0.1,84391.0
"Fixed 42170, pilot",54,2,18,"D 1,2 -> 4,7",15,True,5.551115123125783e-16,42197.0,1,False,0.303713351808019,0.1,126588.0
"Fixed 42170, pilot",54,3,15,"D 0,3 -> 5,6",15,True,0.0,42196.0,1,False,0.38824803810173447,0.1,168784.0
"Fixed 42170, pilot",54,4,14,"D 0,3 -> 4,7",19,True,5.150813109366936e-11,42198.0,1,False,0.03758523456612009,0.1,210982.0
"Fixed 42170, pilot",54,5,19,"D 1,2 -> 5,6",19,True,0.0,42198.0,1,False,0.06571252413529666,0.1,253180.0
"Fixed 42170, pilot",54,6,22,"D 2,3 -> 4,5",22,True,0.0,42195.0,1,False,0.04364852180125853,0.11,295375.0
"Fixed 42170, pilot",54,7,11,"D 0,1 -> 6,7",11,True,0.0,42196.0,1,False,0.10072796429211586,0.1,337571.0
"Fixed 42170, pilot",54,8,3,S 1 -> 7,12,False,1.0,42197.0,1,False,0.009441304132124781,0.1,379768.0
"Fixed 42170, pilot",54,9,7,S 3 -> 7,12,False,1.0,42198.0,1,False,0.009441304132124781,0.1,421966.0
"Fixed 42170, pilot",54,10,9,"D 0,1 -> 4,7",12,False,1.0,42196.0,1,False,0.009441304132124781,0.1,464162.0
"Fixed 42170, pilot",54,11,20,"D 1,2 -> 6,7",12,False,1.0,42196.0,1,False,0.009441304132124781,0.1,506358.0
"Fixed 42170, pilot",54,12,16,"D 0,3 -> 6,7",12,False,1.0,42196.0,1,False,0.009441304132124781,0.1,548554.0
"Fixed 42170, pilot",54,13,1,S 0 -> 6,12,False,1.0,42197.0,1,False,0.009441304132124781,0.1,590751.0
"Fixed 42170, pilot",54,14,1,S 0 -> 6,12,False,1.0,42199.0,1,False,0.009441304132124781,0.1,632950.0
"Fixed 42170, pilot",54,15,5,S 2 -> 6,12,False,1.0,42197.0,1,False,0.009441304132124781,0.1,675147.0
"Fixed 42170, pilot",54,16,1,S 0 -> 6,12,False,1.0,42195.0,1,False,0.009441304132124781,0.1,717342.0
"Fixed 42170, pilot",54,17,12,"D 0,2 -> 4,6",12,True,0.0,42193.0,1,False,0.009441304132124781,0.1,759535.0
"Fixed 42170, pilot",54,18,21,"D 1,3 -> 5,7",21,True,0.0,42197.0,1,False,0.018167337677767716,0.1,801732.0
"Fixed 42170, pilot",55,0,25,"D 2,3 -> 6,7",25,True,0.0,42197.0,1,False,0.31503606513167726,0.1,42197.0
"Fixed 42170, pilot",55,1,15,"D 0,3 -> 5,6",15,True,0.0,42196.0,1,False,0.29681502172579394,0.1,84393.0
"Fixed 42170, pilot",55,2,8,"D 0,1 -> 4,5",8,True,0.0,42195.0,1,False,0.3764697826210095,0.1,126588.0
"Fixed 42170, pilot",55,3,18,"D 1,2 -> 4,7",18,True,0.0,42196.0,1,False,0.3002635722338174,0.1,168784.0
"Fixed 42170, pilot",55,4,11,"D 0,1 -> 6,7",14,False,0.3564786117490738,42199.0,1,False,0.03758523457422756,0.1,210983.0
"Fixed 42170, pilot",55,5,22,"D 2,3 -> 4,5",19,False,0.004491939885871377,42199.0,1,False,0.03912173614796318,0.1,253182.0
"Fixed 42170, pilot",55,6,14,"D 0,3 -> 4,7",14,True,0.0,42196.0,1,False,0.054109014953737815,0.1,295378.0
"Fixed 42170, pilot",55,7,19,"D 1,2 -> 5,6",19,True,0.0,42195.0,1,False,0.10242177930798503,0.1,337573.0
"Fixed 42170, pilot",55,8,21,"D 1,3 -> 5,7",12,False,1.4224317279598608e-09,42197.0,1,False,0.00944130513504203,0.1,379770.0
"Fixed 42170, pilot",55,9,3,S 1 -> 7,12,False,1.0,42197.0,1,False,0.018167337687984383,0.1,421967.0
"Fixed 42170, pilot",55,10,19,"D 1,2 -> 5,6",12,False,0.9867664150552187,42194.0,1,False,0.018167337687984383,0.1,464161.0
"Fixed 42170, pilot",56,0,25,"D 2,3 -> 6,7",25,True,0.0,42190.0,1,False,0.31503606513167726,0.1,42190.0
"Fixed 42170, pilot",56,1,18,"D 1,2 -> 4,7",15,True,0.0,42197.0,1,False,0.29681502172579394,0.1,84387.0
"Fixed 42170, pilot",56,2,8,"D 0,1 -> 4,5",8,True,0.0,42196.0,1,False,0.3764697826210095,0.1,126583.0
"Fixed 42170, pilot",56,3,15,"D 0,3 -> 5,6",15,True,0.0,42197.0,1,False,0.30026357217502075,0.1,168780.0
"Fixed 42170, pilot",56,4,14,"D 0,3 -> 4,7",19,True,5.80789971671436e-10,42199.0,1,False,0.03758523474777508,0.1,210979.0
"Fixed 42170, pilot",56,5,19,"D 1,2 -> 5,6",19,True,0.0,42195.0,1,False,0.0657125239206618,0.1,253174.0
"Fixed 42170, pilot",56,6,22,"D 2,3 -> 4,5",22,True,0.0,42196.0,1,False,0.043648521241327065,0.1,295370.0
"Fixed 42170, pilot",56,7,11,"D 0,1 -> 6,7",11,True,0.0,42196.0,1,False,0.10072796416579699,0.1,337566.0
"Fixed 42170, pilot",56,8,21,"D 1,3 -> 5,7",21,True,0.0,42193.0,1,False,0.009441304483876924,0.1,379759.0
"Fixed 42170, pilot",56,9,22,"D 2,3 -> 4,5",12,False,0.9876308722148055,42196.0,1,False,0.01816733748163215,0.1,421955.0
"Fixed 42170, pilot",57,0,25,"D 2,3 -> 6,7",25,True,0.0,42193.0,1,False,0.31503606513167726,0.11,42193.0
"Fixed 42170, pilot",57,1,15,"D 0,3 -> 5,6",15,True,0.0,42194.0,1,False,0.29681502172579394,0.1,84387.0
"Fixed 42170, pilot",57,2,8,"D 0,1 -> 4,5",8,True,0.0,42201.0,1,False,0.3764697826210095,0.1,126588.0
"Fixed 42170, pilot",57,3,18,"D 1,2 -> 4,7",18,True,0.0,42198.0,1,False,0.3002635722338174,0.1,168786.0
"Fixed 42170, pilot",57,4,19,"D 1,2 -> 5,6",14,True,5.182410056647768e-12,42197.0,1,False,0.03758523457422756,0.1,210983.0
"Fixed 42170, pilot",57,5,14,"D 0,3 -> 4,7",14,True,0.0,42195.0,1,False,0.06571252392066197,0.1,253178.0
"Fixed 42170, pilot",57,6,11,"D 0,1 -> 6,7",22,False,0.044806582285143115,42193.0,1,False,0.04364852124132713,0.11,295371.0
"Fixed 42170, pilot",57,7,22,"D 2,3 -> 4,5",22,True,0.0,42197.0,1,False,0.06967473471393487,0.11,337568.0
"Fixed 42170, pilot",57,8,23,"D 2,3 -> 4,7",21,False,1.0,42197.0,1,False,0.009441304632724919,0.1,379765.0
"Fixed 42170, pilot",57,9,14,"D 0,3 -> 4,7",21,False,0.999999986483221,42195.0,1,False,0.009441304632724919,0.1,421960.0
"Fixed 42170, pilot",57,10,9,"D 0,1 -> 4,7",21,False,1.0,42195.0,1,False,0.009441304632724919,0.1,464155.0
"Fixed 42170, pilot",57,11,6,S 3 -> 5,21,False,1.0,42199.0,1,False,0.009441304632724919,0.1,506354.0
"Fixed 42170, pilot",57,12,12,"D 0,2 -> 4,6",21,True,7.587118711072094e-10,42194.0,1,False,0.009441304632724919,0.1,548548.0
"Fixed 42170, pilot",57,13,21,"D 1,3 -> 5,7",21,True,0.0,42198.0,1,False,0.018167337681214903,0.11,590746.0
"Fixed 42170, pilot",58,0,14,"D 0,3 -> 4,7",25,False,0.052846754050403844,42194.0,1,False,0.31503606513167726,0.1,42194.0
"Fixed 42170, pilot",58,1,22,"D 2,3 -> 4,5",22,True,0.0,42196.0,1,False,0.2986379460442076,0.1,84390.0
"Fixed 42170, pilot",58,2,19,"D 1,2 -> 5,6",19,True,0.0,42195.0,1,False,0.35321992230088123,0.1,126585.0
"Fixed 42170, pilot",58,3,11,"D 0,1 -> 6,7",11,True,0.0,42195.0,1,False,0.22254279298159932,0.1,168780.0
"Fixed 42170, pilot",58,4,8,"D 0,1 -> 4,5",8,True,0.0,42200.0,1,False,0.022746161137019386,0.1,210980.0
"Fixed 42170, pilot",58,5,25,"D 2,3 -> 6,7",25,True,0.0,42197.0,1,False,0.038483766423239515,0.1,253177.0
"Fixed 42170, pilot",58,6,18,"D 1,2 -> 4,7",15,False,1.1226973795075423e-09,42199.0,1,False,0.033236707327543275,0.1,295376.0
"Fixed 42170, pilot",58,7,15,"D 0,3 -> 5,6",15,True,0.0,42195.0,1,False,0.061357451200992445,0.1,337571.0
"Fixed 42170, pilot",58,8,1,S 0 -> 6,12,False,1.0,42201.0,1,False,0.009441304583497958,0.1,379772.0
"Fixed 42170, pilot",58,9,2,S 1 -> 5,12,False,1.0,42199.0,1,False,0.009441304583497958,0.1,421971.0
"Fixed 42170, pilot",58,10,21,"D 1,3 -> 5,7",12,True,8.606159118684786e-10,42195.0,1,False,0.009441304583497958,0.1,464166.0
"Fixed 42170, pilot",58,11,7,S 3 -> 7,12,False,1.0,42197.0,1,False,0.018167337946871833,0.1,506363.0
"Fixed 42170, pilot",58,12,12,"D 0,2 -> 4,6",12,True,0.0,42196.0,1,False,0.018167337946871833,0.1,548559.0
"Fixed 42170, pilot",59,0,25,"D 2,3 -> 6,7",25,True,0.0,42197.0,1,False,0.31503606513167726,0.11,42197.0
"Fixed 42170, pilot",59,1,15,"D 0,3 -> 5,6",15,True,0.0,42197.0,1,False,0.29681502172579394,0.1,84394.0
"Fixed 42170, pilot",59,2,8,"D 0,1 -> 4,5",8,True,0.0,42194.0,1,False,0.3764697826210095,0.1,126588.0
"Fixed 42170, pilot",59,3,18,"D 1,2 -> 4,7",18,True,0.0,42197.0,1,False,0.3002635722338174,0.11,168785.0
"Fixed 42170, pilot",59,4,14,"D 0,3 -> 4,7",14,True,0.0,42192.0,1,False,0.03758523457422756,0.1,210977.0
"Fixed 42170, pilot",59,5,19,"D 1,2 -> 5,6",19,True,0.0,42195.0,1,False,0.0657125239900671,0.12,253172.0
"Fixed 42170, pilot",59,6,22,"D 2,3 -> 4,5",22,True,0.0,42197.0,1,False,0.04364852130558422,0.11,295369.0
"Fixed 42170, pilot",59,7,11,"D 0,1 -> 6,7",11,True,0.0,42195.0,1,False,0.10072796416579655,0.1,337564.0
"Fixed 42170, pilot",59,8,20,"D 1,2 -> 6,7",21,False,1.0,42199.0,1,False,0.009441305047874061,0.1,379763.0
"Fixed 42170, pilot",59,9,0,S 0 -> 4,21,False,1.0,42197.0,1,False,0.00944130458544351,0.1,421960.0
"Fixed 42170, pilot",59,10,1,S 0 -> 6,21,False,1.0,42199.0,1,False,0.00944130458544351,0.1,464159.0
"Fixed 42170, pilot",59,11,8,"D 0,1 -> 4,5",21,False,0.9999999740746859,42195.0,1,False,0.00944130458544351,0.1,506354.0
"Fixed 42170, pilot",59,12,20,"D 1,2 -> 6,7",21,False,1.0,42194.0,1,False,0.00944130458544351,0.1,548548.0
"Fixed 42170, pilot",59,13,3,S 1 -> 7,21,False,1.0,42195.0,1,False,0.00944130458544351,0.11,590743.0
"Fixed 42170, pilot",59,14,7,S 3 -> 7,21,False,1.0,42199.0,1,False,0.00944130458544351,0.1,632942.0
"Fixed 42170, pilot",59,15,21,"D 1,3 -> 5,7",21,True,0.0,42190.0,1,False,0.00944130458544351,0.1,675132.0
"Fixed 42170, pilot",59,16,12,"D 0,2 -> 4,6",12,True,0.0,42197.0,1,False,0.018167337617236448,0.11,717329.0
"Fixed 42170, pilot",60,0,25,"D 2,3 -> 6,7",25,True,0.0,42196.0,1,False,0.31503606513167726,0.1,42196.0
"Fixed 42170, pilot",60,1,18,"D 1,2 -> 4,7",15,True,0.0,42192.0,1,False,0.29681502172579394,0.1,84388.0
"Fixed 42170, pilot",60,2,8,"D 0,1 -> 4,5",8,True,0.0,42197.0,1,False,0.3764697826210095,0.1,126585.0
"Fixed 42170, pilot",60,3,15,"D 0,3 -> 5,6",15,True,0.0,42197.0,1,False,0.30026357217502075,0.1,168782.0
"Fixed 42170, pilot",60,4,14,"D 0,3 -> 4,7",19,True,5.80789971671436e-10,42194.0,1,False,0.03758523474777508,0.1,210976.0
"Fixed 42170, pilot",60,5,19,"D 1,2 -> 5,6",19,True,0.0,42195.0,1,False,0.0657125239206618,0.1,253171.0
"Fixed 42170, pilot",60,6,22,"D 2,3 -> 4,5",22,True,0.0,42197.0,1,False,0.043648521241327065,0.1,295368.0
"Fixed 42170, pilot",60,7,11,"D 0,1 -> 6,7",11,True,0.0,42195.0,1,False,0.10072796416579699,0.1,337563.0
"Fixed 42170, pilot",60,8,21,"D 1,3 -> 5,7",21,True,0.0,42198.0,1,False,0.009441304483876924,0.1,379761.0
"Fixed 42170, pilot",60,9,12,"D 0,2 -> 4,6",12,True,0.0,42197.0,1,False,0.01816733748163215,0.1,421958.0
"Fixed 42170, pilot",61,0,19,"D 1,2 -> 5,6",25,False,0.052846754050403844,42196.0,1,False,0.31503606513167726,0.1,42196.0
"Fixed 42170, pilot",61,1,14,"D 0,3 -> 4,7",22,False,0.0008388565620752741,42193.0,1,False,0.2986379460814117,0.1,84389.0
"Fixed 42170, pilot",61,2,11,"D 0,1 -> 6,7",22,False,0.015858687237699454,42199.0,1,False,0.3070247718582447,0.1,126588.0
"Fixed 42170, pilot",61,3,22,"D 2,3 -> 4,5",22,True,0.0,42194.0,1,False,0.37058510390119803,0.1,168782.0
"Fixed 42170, pilot",61,4,5,S 2 -> 6,8,False,1.0,42195.0,1,False,0.022746161162242252,0.1,210977.0
"Fixed 42170, pilot",61,5,21,"D 1,3 -> 5,7",8,False,0.5058598777314697,42197.0,1,False,0.022746161162242252,0.1,253174.0
"Fixed 42170, pilot",61,6,25,"D 2,3 -> 6,7",18,False,0.11184438242628503,42198.0,1,False,0.023150512751144398,0.1,295372.0
"Fixed 42170, pilot",61,7,8,"D 0,1 -> 4,5",8,True,0.0,42197.0,1,False,0.038170049344338416,0.1,337569.0
"Fixed 42170, pilot",61,8,15,"D 0,3 -> 5,6",15,True,0.0,42199.0,1,False,0.033181879137450854,0.1,379768.0
"Fixed 42170, pilot",61,9,18,"D 1,2 -> 4,7",18,True,0.0,42198.0,1,False,0.06125876503754866,0.1,421966.0
"Fixed 42170, pilot",61,10,12,"D 0,2 -> 4,6",12,True,0.0,42194.0,1,False,0.021270706861952274,0.1,464160.0
"Fixed 42170, pilot",62,0,25,"D 2,3 -> 6,7",25,True,0.0,42194.0,1,False,0.31503606513167726,0.1,42194.0
"Fixed 42170, pilot",62,1,8,"D 0,1 -> 4,5",15,False,0.033311851350335986,42197.0,1,False,0.29681502172579394,0.1,84391.0
"Fixed 42170, pilot",62,2,18,"D 1,2 -> 4,7",15,True,5.551115123125783e-16,42197.0,1,False,0.303713351808019,0.1,126588.0
"Fixed 42170, pilot",62,3,15,"D 0,3 -> 5,6",15,True,0.0,42196.0,1,False,0.38824803810173447,0.1,168784.0
"Fixed 42170, pilot",62,4,19,"D 1,2 -> 5,6",19,True,0.0,42197.0,1,False,0.03758523456612009,0.1,210981.0
"Fixed 42170, pilot",62,5,14,"D 0,3 -> 4,7",14,True,0.0,42197.0,1,False,0.06571252413529677,0.1,253178.0
"Fixed 42170, pilot",62,6,11,"D 0,1 -> 6,7",22,False,0.044806584747831724,42195.0,1,False,0.04364852185640933,0.1,295373.0
"Fixed 42170, pilot",62,7,22,"D 2,3 -> 4,5",22,True,0.0,42199.0,1,False,0.06967473512434036,0.1,337572.0
"Fixed 42170, pilot",62,8,20,"D 1,2 -> 6,7",12,False,1.0,42197.0,1,False,0.009441304652025582,0.1,379769.0
"Fixed 42170, pilot",62,9,7,S 3 -> 7,12,False,1.0,42199.0,1,False,0.009441304652025582,0.1,421968.0
"Fixed 42170, pilot",62,10,5,S 2 -> 6,12,False,1.0,42198.0,1,False,0.009441304652025582,0.1,464166.0
"Fixed 42170, pilot",62,11,21,"D 1,3 -> 5,7",12,True,1.6653345369377348e-15,42196.0,1,False,0.009441304652025582,0.1,506362.0
"Fixed 42170, pilot",62,12,12,"D 0,2 -> 4,6",12,True,0.0,42197.0,1,False,0.018167337417688407,0.1,548559.0
"Fixed 42170, pilot",63,0,25,"D 2,3 -> 6,7",25,True,0.0,42198.0,1,False,0.31503606513167726,0.11,42198.0
"Fixed 42170, pilot",63,1,18,"D 1,2 -> 4,7",15,True,0.0,42195.0,1,False,0.29681502172579394,0.1,84393.0
"Fixed 42170, pilot",63,2,8,"D 0,1 -> 4,5",8,True,0.0,42195.0,1,False,0.3764697826210095,0.1,126588.0
"Fixed 42170, pilot",63,3,15,"D 0,3 -> 5,6",15,True,0.0,42196.0,1,False,0.30026357217502075,0.1,168784.0
"Fixed 42170, pilot",63,4,14,"D 0,3 -> 4,7",19,True,5.80789971671436e-10,42195.0,1,False,0.03758523474777508,0.1,210979.0
"Fixed 42170, pilot",63,5,19,"D 1,2 -> 5,6",19,True,0.0,42195.0,1,False,0.0657125239206618,0.1,253174.0
"Fixed 42170, pilot",63,6,22,"D 2,3 -> 4,5",22,True,0.0,42198.0,1,False,0.043648521241327065,0.1,295372.0
"Fixed 42170, pilot",63,7,11,"D 0,1 -> 6,7",11,True,0.0,42195.0,1,False,0.10072796416579699,0.1,337567.0
"Fixed 42170, pilot",63,8,10,"D 0,1 -> 5,6",21,False,1.0,42194.0,1,False,0.009441304483876924,0.1,379761.0
"Fixed 42170, pilot",63,9,5,S 2 -> 6,12,False,1.0,42200.0,1,False,0.009441304546048494,0.1,421961.0
"Fixed 42170, pilot",63,10,21,"D 1,3 -> 5,7",12,True,6.400169283438117e-10,42199.0,1,False,0.009441304546048494,0.1,464160.0
"Fixed 42170, pilot",63,11,12,"D 0,2 -> 4,6",12,True,0.0,42192.0,1,False,0.018167337499938888,0.1,506352.0
"Fixed 42170, pilot",64,0,25,"D 2,3 -> 6,7",25,True,0.0,42196.0,1,False,0.31503606513167726,0.11,42196.0
"Fixed 42170, pilot",64,1,15,"D 0,3 -> 5,6",15,True,0.0,42198.0,1,False,0.29681502172579394,0.1,84394.0
"Fixed 42170, pilot",64,2,8,"D 0,1 -> 4,5",8,True,0.0,42196.0,1,False,0.3764697826210095,0.1,126590.0
"Fixed 42170, pilot",64,3,18,"D 1,2 -> 4,7",18,True,0.0,42193.0,1,False,0.3002635722338174,0.1,168783.0
"Fixed 42170, pilot",64,4,14,"D 0,3 -> 4,7",14,True,0.0,42195.0,1,False,0.03758523457422756,0.1,210978.0
"Fixed 42170, pilot",64,5,19,"D 1,2 -> 5,6",19,True,0.0,42198.0,1,False,0.0657125239900671,0.1,253176.0
"Fixed 42170, pilot",64,6,22,"D 2,3 -> 4,5",22,True,0.0,42196.0,1,False,0.04364852130558422,0.1,295372.0
"Fixed 42170, pilot",64,7,11,"D 0,1 -> 6,7",11,True,0.0,42193.0,1,False,0.10072796416579655,0.1,337565.0
"Fixed 42170, pilot",64,8,0,S 0 -> 4,21,False,1.0,42196.0,1,False,0.009441305047874061,0.11,379761.0
"Fixed 42170, pilot",64,9,3,S 1 -> 7,21,False,1.0,42199.0,1,False,0.00944130458544351,0.1,421960.0
"Fixed 42170, pilot",64,10,17,"D 1,2 -> 4,5",21,False,1.0,42196.0,1,False,0.00944130458544351,0.1,464156.0
"Fixed 42170, pilot",64,11,16,"D 0,3 -> 6,7",21,False,1.0,42199.0,1,False,0.00944130458544351,0.11,506355.0
"Fixed 42170, pilot",64,12,15,"D 0,3 -> 5,6",21,False,0.9999999948642236,42198.0,1,False,0.00944130458544351,0.1,548553.0
"Fixed 42170, pilot",64,13,7,S 3 -> 7,21,False,1.0,42193.0,1,False,0.00944130458544351,0.1,590746.0
"Fixed 42170, pilot",64,14,5,S 2 -> 6,21,False,1.0,42197.0,1,False,0.00944130458544351,0.1,632943.0
"Fixed 42170, pilot",64,15,6,S 3 -> 5,21,False,1.0,42196.0,1,False,0.00944130458544351,0.1,675139.0
"Fixed 42170, pilot",64,16,11,"D 0,1 -> 6,7",21,False,0.9999999949709496,42195.0,1,False,0.00944130458544351,0.1,717334.0
"Fixed 42170, pilot",64,17,12,"D 0,2 -> 4,6",21,True,8.03115351999395e-11,42195.0,1,False,0.00944130458544351,0.1,759529.0
"Fixed 42170, pilot",64,18,21,"D 1,3 -> 5,7",21,True,0.0,42196.0,1,False,0.018167337778069424,0.1,801725.0
"Fixed 42170, pilot",65,0,25,"D 2,3 -> 6,7",25,True,0.0,42194.0,1,False,0.31503606513167726,0.1,42194.0
"Fixed 42170, pilot",65,1,18,"D 1,2 -> 4,7",15,True,0.0,42200.0,1,False,0.29681502172579394,0.1,84394.0
"Fixed 42170, pilot",65,2,8,"D 0,1 -> 4,5",8,True,0.0,42192.0,1,False,0.3764697826210095,0.1,126586.0
"Fixed 42170, pilot",65,3,15,"D 0,3 -> 5,6",15,True,0.0,42197.0,1,False,0.30026357217502075,0.1,168783.0
"Fixed 42170, pilot",65,4,14,"D 0,3 -> 4,7",19,True,5.80789971671436e-10,42195.0,1,False,0.03758523474777508,0.1,210978.0
"Fixed 42170, pilot",65,5,19,"D 1,2 -> 5,6",19,True,0.0,42193.0,1,False,0.0657125239206618,0.1,253171.0
"Fixed 42170, pilot",65,6,22,"D 2,3 -> 4,5",22,True,0.0,42198.0,1,False,0.043648521241327065,0.1,295369.0
"Fixed 42170, pilot",65,7,11,"D 0,1 -> 6,7",11,True,0.0,42192.0,1,False,0.10072796416579699,0.1,337561.0
"Fixed 42170, pilot",65,8,3,S 1 -> 7,21,False,1.0,42200.0,1,False,0.009441304483876924,0.1,379761.0
"Fixed 42170, pilot",65,9,11,"D 0,1 -> 6,7",12,False,0.9999999972399306,42194.0,1,False,0.009441304546048494,0.1,421955.0
"Fixed 42170, pilot",65,10,6,S 3 -> 5,12,False,1.0,42192.0,1,False,0.009441304546048494,0.1,464147.0
"Fixed 42170, pilot",65,11,19,"D 1,2 -> 5,6",12,False,0.999999999274292,42194.0,1,False,0.009441304546048494,0.1,506341.0
"Fixed 42170, pilot",65,12,20,"D 1,2 -> 6,7",12,False,1.0,42196.0,1,False,0.009441304546048494,0.1,548537.0
"Fixed 42170, pilot",65,13,0,S 0 -> 4,12,False,1.0,42195.0,1,False,0.009441304546048494,0.1,590732.0
"Fixed 42170, pilot",65,14,0,S 0 -> 4,12,False,1.0,42193.0,1,False,0.009441304546048494,0.1,632925.0
"Fixed 42170, pilot",65,15,1,S 0 -> 6,12,False,1.0,42196.0,1,False,0.009441304546048494,0.1,675121.0
"Fixed 42170, pilot",65,16,1,S 0 -> 6,12,False,1.0,42200.0,1,False,0.009441304546048494,0.1,717321.0
"Fixed 42170, pilot",65,17,12,"D 0,2 -> 4,6",12,True,0.0,42199.0,1,False,0.009441304546048494,0.1,759520.0
"Fixed 42170, pilot",65,18,9,"D 0,1 -> 4,7",21,False,1.0,42196.0,1,False,0.018167338921605703,0.11,801716.0
"Fixed 42170, pilot",65,19,5,S 2 -> 6,21,False,1.0,42198.0,1,False,0.018167338921605703,0.11,843914.0
"Fixed 42170, pilot",66,0,14,"D 0,3 -> 4,7",25,False,0.052846754050403844,42196.0,1,False,0.31503606513167726,0.11,42196.0
"Fixed 42170, pilot",66,1,11,"D 0,1 -> 6,7",22,False,0.02016704851099438,42196.0,1,False,0.2986379460442076,0.1,84392.0
"Fixed 42170, pilot",66,2,19,"D 1,2 -> 5,6",19,True,0.0,42198.0,1,False,0.3718349895348084,0.1,126590.0
"Fixed 42170, pilot",66,3,22,"D 2,3 -> 4,5",22,True,0.0,42200.0,1,False,0.34033883568924583,0.1,168790.0
"Fixed 42170, pilot",66,4,25,"D 2,3 -> 6,7",8,False,0.05487982506451039,42194.0,1,False,0.022746161128215047,0.1,210984.0
"Fixed 42170, pilot",66,5,8,"D 0,1 -> 4,5",8,True,0.0,42199.0,1,False,0.039703579034989604,0.1,253183.0
"Fixed 42170, pilot",66,6,15,"D 0,3 -> 5,6",18,True,4.8775428140857e-12,42197.0,1,False,0.0332367072708693,0.1,295380.0
"Fixed 42170, pilot",66,7,18,"D 1,2 -> 4,7",18,True,0.0,42199.0,1,False,0.06135744668749611,0.1,337579.0
"Fixed 42170, pilot",66,8,1,S 0 -> 6,12,False,1.0,42197.0,1,False,0.009441304250825785,0.11,379776.0
"Fixed 42170, pilot",66,9,9,"D 0,1 -> 4,7",12,False,1.0,42199.0,1,False,0.009441304250825785,0.11,421975.0
"Fixed 42170, pilot",66,10,21,"D 1,3 -> 5,7",12,False,3.28034485130857e-08,42199.0,1,False,0.009441304250825785,0.11,464174.0
"Fixed 42170, pilot",66,11,25,"D 2,3 -> 6,7",12,False,0.993825240654554,42197.0,1,False,0.018167337720305703,0.1,506371.0
"Fixed 42170, pilot",67,0,25,"D 2,3 -> 6,7",25,True,0.0,42198.0,1,False,0.31503606513167726,0.1,42198.0
"Fixed 42170, pilot",67,1,15,"D 0,3 -> 5,6",15,True,0.0,42196.0,1,False,0.29681502172579394,0.1,84394.0
"Fixed 42170, pilot",67,2,8,"D 0,1 -> 4,5",8,True,0.0,42197.0,1,False,0.3764697826210095,0.1,126591.0
"Fixed 42170, pilot",67,3,18,"D 1,2 -> 4,7",18,True,0.0,42196.0,1,False,0.3002635722338174,0.1,168787.0
"Fixed 42170, pilot",67,4,19,"D 1,2 -> 5,6",14,True,5.182410056647768e-12,42200.0,1,False,0.03758523457422756,0.1,210987.0
"Fixed 42170, pilot",67,5,14,"D 0,3 -> 4,7",14,True,0.0,42197.0,1,False,0.06571252392066197,0.1,253184.0
"Fixed 42170, pilot",67,6,22,"D 2,3 -> 4,5",22,True,0.0,42200.0,1,False,0.04364852124132713,0.1,295384.0
"Fixed 42170, pilot",67,7,11,"D 0,1 -> 6,7",11,True,0.0,42196.0,1,False,0.10072796416579667,0.1,337580.0
"Fixed 42170, pilot",67,8,2,S 1 -> 5,21,False,1.0,42197.0,1,False,0.009441304630083448,0.1,379777.0
"Fixed 42170, pilot",67,9,11,"D 0,1 -> 6,7",21,False,0.9999999980937906,42197.0,1,False,0.009441304630083448,0.1,421974.0
"Fixed 42170, pilot",67,10,3,S 1 -> 7,21,False,1.0,42197.0,1,False,0.009441304630083448,0.1,464171.0
"Fixed 42170, pilot",67,11,25,"D 2,3 -> 6,7",21,False,0.9999999985957311,42193.0,1,False,0.009441304630083448,0.1,506364.0
"Fixed 42170, pilot",67,12,7,S 3 -> 7,21,False,1.0,42197.0,1,False,0.009441304630083448,0.1,548561.0
"Fixed 42170, pilot",67,13,9,"D 0,1 -> 4,7",21,False,1.0,42197.0,1,False,0.009441304630083448,0.1,590758.0
"Fixed 42170, pilot",67,14,12,"D 0,2 -> 4,6",21,True,2.371568497139265e-10,42196.0,1,False,0.009441304630083448,0.1,632954.0
"Fixed 42170, pilot",67,15,21,"D 1,3 -> 5,7",21,True,0.0,42195.0,1,False,0.01816733771908097,0.1,675149.0
"Fixed 42170, pilot",68,0,25,"D 2,3 -> 6,7",25,True,0.0,42194.0,1,False,0.31503606513167726,0.1,42194.0
"Fixed 42170, pilot",68,1,15,"D 0,3 -> 5,6",15,True,0.0,42192.0,1,False,0.29681502172579394,0.1,84386.0
"Fixed 42170, pilot",68,2,8,"D 0,1 -> 4,5",8,True,0.0,42196.0,1,False,0.3764697826210095,0.1,126582.0
"Fixed 42170, pilot",68,3,18,"D 1,2 -> 4,7",18,True,0.0,42200.0,1,False,0.3002635722338174,0.1,168782.0
"Fixed 42170, pilot",68,4,14,"D 0,3 -> 4,7",14,True,0.0,42196.0,1,False,0.03758523457422756,0.1,210978.0
"Fixed 42170, pilot",68,5,19,"D 1,2 -> 5,6",19,True,0.0,42195.0,1,False,0.0657125239900671,0.1,253173.0
"Fixed 42170, pilot",68,6,11,"D 0,1 -> 6,7",22,False,0.044806582302531095,42196.0,1,False,0.04364852130558422,0.1,295369.0
"Fixed 42170, pilot",68,7,22,"D 2,3 -> 4,5",22,True,0.0,42194.0,1,False,0.06967473471683744,0.1,337563.0
"Fixed 42170, pilot",68,8,3,S 1 -> 7,12,False,1.0,42200.0,1,False,0.009441304763103292,0.1,379763.0
"Fixed 42170, pilot",68,9,10,"D 0,1 -> 5,6",12,False,1.0,42197.0,1,False,0.009441304763103292,0.1,421960.0
"Fixed 42170, pilot",68,10,12,"D 0,2 -> 4,6",12,True,0.0,42195.0,1,False,0.009441304763103292,0.1,464155.0
"Fixed 42170, pilot",68,11,5,S 2 -> 6,21,False,1.0,42192.0,1,False,0.018167337650104195,0.1,506347.0
"Fixed 42170, pilot",68,12,12,"D 0,2 -> 4,6",21,False,0.9999999970932134,42194.0,1,False,0.018167337650104195,0.1,548541.0
"Fixed 42170, pilot",68,13,19,"D 1,2 -> 5,6",21,False,0.9867733859009933,42196.0,1,False,0.018167337650104195,0.1,590737.0
"Fixed 42170, pilot",69,0,25,"D 2,3 -> 6,7",25,True,0.0,42196.0,1,False,0.31503606513167726,0.1,42196.0
"Fixed 42170, pilot",69,1,18,"D 1,2 -> 4,7",15,True,0.0,42195.0,1,False,0.29681502172579394,0.1,84391.0
"Fixed 42170, pilot",69,2,8,"D 0,1 -> 4,5",8,True,0.0,42198.0,1,False,0.3764697826210095,0.1,126589.0
"Fixed 42170, pilot",69,3,15,"D 0,3 -> 5,6",15,True,0.0,42200.0,1,False,0.30026357217502075,0.1,168789.0
"Fixed 42170, pilot",69,4,19,"D 1,2 -> 5,6",19,True,0.0,42200.0,1,False,0.03758523474777508,0.1,210989.0
"Fixed 42170, pilot",69,5,14,"D 0,3 -> 4,7",14,True,0.0,42198.0,1,False,0.06571252399006697,0.1,253187.0
"Fixed 42170, pilot",69,6,22,"D 2,3 -> 4,5",22,True,0.0,42196.0,1,False,0.043648521305584075,0.1,295383.0
"Fixed 42170, pilot",69,7,11,"D 0,1 -> 6,7",11,True,0.0,42195.0,1,False,0.10072796416579774,0.1,337578.0
"Fixed 42170, pilot",69,8,1,S 0 -> 6,21,False,1.0,42197.0,1,False,0.009441304483876945,0.1,379775.0
"Fixed 42170, pilot",69,9,20,"D 1,2 -> 6,7",12,False,1.0,42195.0,1,False,0.00944130454604846,0.1,421970.0
"Fixed 42170, pilot",69,10,5,S 2 -> 6,12,False,1.0,42197.0,1,False,0.00944130454604846,0.1,464167.0
"Fixed 42170, pilot",69,11,1,S 0 -> 6,12,False,1.0,42196.0,1,False,0.00944130454604846,0.1,506363.0
"Fixed 42170, pilot",69,12,0,S 0 -> 4,12,False,1.0,42195.0,1,False,0.00944130454604846,0.1,548558.0
"Fixed 42170, pilot",69,13,8,"D 0,1 -> 4,5",12,False,0.9999999830892309,42198.0,1,False,0.00944130454604846,0.1,590756.0
"Fixed 42170, pilot",69,14,16,"D 0,3 -> 6,7",12,False,1.0,42194.0,1,False,0.00944130454604846,0.1,632950.0
"Fixed 42170, pilot",69,15,21,"D 1,3 -> 5,7",12,True,6.400112662063862e-10,42199.0,1,False,0.00944130454604846,0.1,675149.0
"Fixed 42170, pilot",69,16,25,"D 2,3 -> 6,7",12,False,0.9938252284286688,42197.0,1,False,0.01816733761801121,0.1,717346.0
"Fixed 42170, pilot",70,0,25,"D 2,3 -> 6,7",25,True,0.0,42194.0,1,False,0.31503606513167726,0.11,42194.0
"Fixed 42170, pilot",70,1,15,"D 0,3 -> 5,6",15,True,0.0,42194.0,1,False,0.29681502172579394,0.11,84388.0
"Fixed 42170, pilot",70,2,8,"D 0,1 -> 4,5",8,True,0.0,42196.0,1,False,0.3764697826210095,0.1,126584.0
"Fixed 42170, pilot",70,3,18,"D 1,2 -> 4,7",18,True,0.0,42198.0,1,False,0.3002635722338174,0.11,168782.0
"Fixed 42170, pilot",70,4,14,"D 0,3 -> 4,7",14,True,0.0,42195.0,1,False,0.03758523457422756,0.1,210977.0
"Fixed 42170, pilot",70,5,19,"D 1,2 -> 5,6",19,True,0.0,42201.0,1,False,0.0657125239900671,0.1,253178.0
"Fixed 42170, pilot",70,6,11,"D 0,1 -> 6,7",22,False,0.044806582302531095,42192.0,1,False,0.04364852130558422,0.1,295370.0
"Fixed 42170, pilot",70,7,22,"D 2,3 -> 4,5",22,True,0.0,42197.0,1,False,0.06967473471683744,0.1,337567.0
"Fixed 42170, pilot",70,8,5,S 2 -> 6,12,False,1.0,42197.0,1,False,0.009441304763103292,0.11,379764.0
"Fixed 42170, pilot",70,9,9,"D 0,1 -> 4,7",12,False,1.0,42195.0,1,False,0.009441304763103292,0.1,421959.0
"Fixed 42170, pilot",70,10,11,"D 0,1 -> 6,7",12,False,0.999999928507858,42196.0,1,False,0.009441304763103292,0.1,464155.0
"Fixed 42170, pilot",70,11,8,"D 0,1 -> 4,5",12,False,0.9999999277147249,42192.0,1,False,0.009441304763103292,0.1,506347.0
"Fixed 42170, pilot",70,12,6,S 3 -> 5,12,False,1.0,42197.0,1,False,0.009441304763103292,0.1,548544.0
"Fixed 42170, pilot",70,13,3,S 1 -> 7,12,False,1.0,42195.0,1,False,0.009441304763103292,0.11,590739.0
"Fixed 42170, pilot",70,14,11,"D 0,1 -> 6,7",12,False,0.999999928507858,42196.0,1,False,0.009441304763103292,0.1,632935.0
"Fixed 42170, pilot",70,15,19,"D 1,2 -> 5,6",12,False,0.9999999296083535,42194.0,1,False,0.009441304763103292,0.1,675129.0
"Fixed 42170, pilot",70,16,23,"D 2,3 -> 4,7",12,False,1.0,42197.0,1,False,0.009441304763103292,0.1,717326.0
"Fixed 42170, pilot",70,17,21,"D 1,3 -> 5,7",12,False,2.6598964142365844e-09,42196.0,1,False,0.009441304763103292,0.11,759522.0
"Fixed 42170, pilot",70,18,12,"D 0,2 -> 4,6",12,True,0.0,42197.0,1,False,0.018167337687360896,0.1,801719.0
"Fixed 42170, pilot",71,0,25,"D 2,3 -> 6,7",25,True,0.0,42196.0,1,False,0.31503606513167726,0.11,42196.0
"Fixed 42170, pilot",71,1,18,"D 1,2 -> 4,7",15,True,0.0,42197.0,1,False,0.29681502172579394,0.1,84393.0
"Fixed 42170, pilot",71,2,8,"D 0,1 -> 4,5",8,True,0.0,42198.0,1,False,0.3764697826210095,0.1,126591.0
"Fixed 42170, pilot",71,3,15,"D 0,3 -> 5,6",15,True,0.0,42196.0,1,False,0.30026357217502075,0.1,168787.0
"Fixed 42170, pilot",71,4,14,"D 0,3 -> 4,7",19,True,5.80789971671436e-10,42194.0,1,False,0.03758523474777508,0.1,210981.0
"Fixed 42170, pilot",71,5,19,"D 1,2 -> 5,6",19,True,0.0,42198.0,1,False,0.0657125239206618,0.1,253179.0
"Fixed 42170, pilot",71,6,22,"D 2,3 -> 4,5",22,True,0.0,42195.0,1,False,0.043648521241327065,0.1,295374.0
"Fixed 42170, pilot",71,7,11,"D 0,1 -> 6,7",11,True,0.0,42194.0,1,False,0.10072796416579699,0.1,337568.0
"Fixed 42170, pilot",71,8,21,"D 1,3 -> 5,7",21,True,0.0,42198.0,1,False,0.009441304483876924,0.1,379766.0
"Fixed 42170, pilot",71,9,21,"D 1,3 -> 5,7",12,False,0.999999952499303,42195.0,1,False,0.01816733748163215,0.1,421961.0
"Fixed 42170, pilot",71,10,9,"D 0,1 -> 4,7",12,False,1.0,42198.0,1,False,0.01816733748163215,0.1,464159.0
"Fixed 42170, pilot",71,11,12,"D 0,2 -> 4,6",12,True,0.0,42197.0,1,False,0.01816733748163215,0.1,506356.0
"Fixed 42170, pilot",72,0,25,"D 2,3 -> 6,7",25,True,0.0,42196.0,1,False,0.31503606513167726,0.1,42196.0
"Fixed 42170, pilot",72,1,18,"D 1,2 -> 4,7",15,True,0.0,42198.0,1,False,0.29681502172579394,0.1,84394.0
"Fixed 42170, pilot",72,2,8,"D 0,1 -> 4,5",8,True,0.0,42195.0,1,False,0.3764697826210095,0.1,126589.0
"Fixed 42170, pilot",72,3,15,"D 0,3 -> 5,6",15,True,0.0,42196.0,1,False,0.30026357217502075,0.1,168785.0
"Fixed 42170, pilot",72,4,19,"D 1,2 -> 5,6",19,True,0.0,42199.0,1,False,0.03758523474777508,0.11,210984.0
"Fixed 42170, pilot",72,5,14,"D 0,3 -> 4,7",14,True,0.0,42198.0,1,False,0.06571252399006697,0.1,253182.0
"Fixed 42170, pilot",72,6,22,"D 2,3 -> 4,5",22,True,0.0,42198.0,1,False,0.043648521305584075,0.1,295380.0
"Fixed 42170, pilot",72,7,11,"D 0,1 -> 6,7",11,True,0.0,42197.0,1,False,0.10072796416579774,0.1,337577.0
"Fixed 42170, pilot",72,8,13,"D 0,3 -> 4,5",21,False,1.0,42195.0,1,False,0.009441304483876945,0.1,379772.0
"Fixed 42170, pilot",72,9,12,"D 0,2 -> 4,6",12,True,0.0,42197.0,1,False,0.00944130454604846,0.1,421969.0
"Fixed 42170, pilot",72,10,6,S 3 -> 5,21,False,1.0,42196.0,1,False,0.018167337649212068,0.1,464165.0
"Fixed 42170, pilot",72,11,0,S 0 -> 4,21,False,1.0,42195.0,1,False,0.018167337649212068,0.1,506360.0
"Fixed 42170, pilot",72,12,5,S 2 -> 6,21,False,1.0,42196.0,1,False,0.018167337649212068,0.1,548556.0
"Fixed 42170, pilot",72,13,21,"D 1,3 -> 5,7",21,True,0.0,42197.0,1,False,0.018167337649212068,0.1,590753.0
"Fixed 42170, pilot",73,0,25,"D 2,3 -> 6,7",25,True,0.0,42195.0,1,False,0.31503606513167726,0.1,42195.0
"Fixed 42170, pilot",73,1,18,"D 1,2 -> 4,7",15,True,0.0,42195.0,1,False,0.29681502172579394,0.1,84390.0
"Fixed 42170, pilot",73,2,8,"D 0,1 -> 4,5",8,True,0.0,42194.0,1,False,0.3764697826210095,0.1,126584.0
"Fixed 42170, pilot",73,3,15,"D 0,3 -> 5,6",15,True,0.0,42199.0,1,False,0.30026357217502075,0.1,168783.0
"Fixed 42170, pilot",73,4,11,"D 0,1 -> 6,7",19,False,0.356478614776494,42197.0,1,False,0.03758523474777508,0.1,210980.0
"Fixed 42170, pilot",73,5,19,"D 1,2 -> 5,6",14,True,1.0362821711851211e-11,42194.0,1,False,0.03912173614796322,0.1,253174.0
"Fixed 42170, pilot",73,6,14,"D 0,3 -> 4,7",14,True,0.0,42197.0,1,False,0.06888584260440375,0.1,295371.0
"Fixed 42170, pilot",73,7,22,"D 2,3 -> 4,5",22,True,0.0,42199.0,1,False,0.07215392971716468,0.1,337570.0
"Fixed 42170, pilot",73,8,12,"D 0,2 -> 4,6",12,True,0.0,42194.0,1,False,0.009441304676353342,0.1,379764.0
"Fixed 42170, pilot",73,9,11,"D 0,1 -> 6,7",21,False,0.9826751535472074,42196.0,1,False,0.018167337618981972,0.1,421960.0
"Fixed 42170, pilot",74,0,25,"D 2,3 -> 6,7",25,True,0.0,42194.0,1,False,0.31503606513167726,0.1,42194.0
"Fixed 42170, pilot",74,1,18,"D 1,2 -> 4,7",15,True,0.0,42199.0,1,False,0.29681502172579394,0.1,84393.0
"Fixed 42170, pilot",74,2,8,"D 0,1 -> 4,5",8,True,0.0,42198.0,1,False,0.3764697826210095,0.1,126591.0
"Fixed 42170, pilot",74,3,15,"D 0,3 -> 5,6",15,True,0.0,42197.0,1,False,0.30026357217502075,0.1,168788.0
"Fixed 42170, pilot",74,4,14,"D 0,3 -> 4,7",19,True,5.80789971671436e-10,42199.0,1,False,0.03758523474777508,0.1,210987.0
"Fixed 42170, pilot",74,5,19,"D 1,2 -> 5,6",19,True,0.0,42197.0,1,False,0.0657125239206618,0.1,253184.0
"Fixed 42170, pilot",74,6,22,"D 2,3 -> 4,5",22,True,0.0,42200.0,1,False,0.043648521241327065,0.1,295384.0
"Fixed 42170, pilot",74,7,11,"D 0,1 -> 6,7",11,True,0.0,42199.0,1,False,0.10072796416579699,0.1,337583.0
"Fixed 42170, pilot",74,8,6,S 3 -> 5,21,False,1.0,42196.0,1,False,0.009441304483876924,0.1,379779.0
"Fixed 42170, pilot",74,9,11,"D 0,1 -> 6,7",12,False,0.9999999972399306,42196.0,1,False,0.009441304546048494,0.1,421975.0
"Fixed 42170, pilot",74,10,11,"D 0,1 -> 6,7",12,False,0.9999999972399306,42195.0,1,False,0.009441304546048494,0.1,464170.0
"Fixed 42170, pilot",74,11,5,S 2 -> 6,12,False,1.0,42193.0,1,False,0.009441304546048494,0.1,506363.0
"Fixed 42170, pilot",74,12,7,S 3 -> 7,12,False,1.0,42194.0,1,False,0.009441304546048494,0.1,548557.0
"Fixed 42170, pilot",74,13,1,S 0 -> 6,12,False,1.0,42196.0,1,False,0.009441304546048494,0.1,590753.0
"Fixed 42170, pilot",74,14,14,"D 0,3 -> 4,7",12,False,0.9999999698250505,42197.0,1,False,0.009441304546048494,0.1,632950.0
"Fixed 42170, pilot",74,15,2,S 1 -> 5,12,False,1.0,42199.0,1,False,0.009441304546048494,0.1,675149.0
"Fixed 42170, pilot",74,16,0,S 0 -> 4,12,False,1.0,42194.0,1,False,0.009441304546048494,0.1,717343.0
"Fixed 42170, pilot",74,17,11,"D 0,1 -> 6,7",12,False,0.9999999972399306,42200.0,1,False,0.009441304546048494,0.1,759543.0
"Fixed 42170, pilot",74,18,2,S 1 -> 5,12,False,1.0,42197.0,1,False,0.009441304546048494,0.1,801740.0
"Fixed 42170, pilot",74,19,21,"D 1,3 -> 5,7",12,True,6.400169283438117e-10,42195.0,1,False,0.009441304546048494,0.1,843935.0
"Fixed 42170, pilot",75,0,25,"D 2,3 -> 6,7",25,True,0.0,42191.0,1,False,0.31503606513167726,0.1,42191.0
"Fixed 42170, pilot",75,1,15,"D 0,3 -> 5,6",15,True,0.0,42194.0,1,False,0.29681502172579394,0.1,84385.0
"Fixed 42170, pilot",75,2,8,"D 0,1 -> 4,5",8,True,0.0,42197.0,1,False,0.3764697826210095,0.1,126582.0
"Fixed 42170, pilot",75,3,18,"D 1,2 -> 4,7",18,True,0.0,42197.0,1,False,0.3002635722338174,0.1,168779.0
"Fixed 42170, pilot",75,4,14,"D 0,3 -> 4,7",14,True,0.0,42200.0,1,False,0.03758523457422756,0.1,210979.0
"Fixed 42170, pilot",75,5,19,"D 1,2 -> 5,6",19,True,0.0,42196.0,1,False,0.0657125239900671,0.1,253175.0
"Fixed 42170, pilot",75,6,22,"D 2,3 -> 4,5",22,True,0.0,42200.0,1,False,0.04364852130558422,0.1,295375.0
"Fixed 42170, pilot",75,7,11,"D 0,1 -> 6,7",11,True,0.0,42199.0,1,False,0.10072796416579655,0.1,337574.0
"Fixed 42170, pilot",75,8,0,S 0 -> 4,21,False,1.0,42200.0,1,False,0.009441305047874061,0.1,379774.0
"Fixed 42170, pilot",75,9,5,S 2 -> 6,21,False,1.0,42198.0,1,False,0.00944130458544351,0.1,421972.0
"Fixed 42170, pilot",75,10,9,"D 0,1 -> 4,7",21,False,1.0,42200.0,1,False,0.00944130458544351,0.1,464172.0
"Fixed 42170, pilot",75,11,1,S 0 -> 6,21,False,1.0,42202.0,1,False,0.00944130458544351,0.1,506374.0
"Fixed 42170, pilot",75,12,23,"D 2,3 -> 4,7",21,False,1.0,42197.0,1,False,0.00944130458544351,0.1,548571.0
"Fixed 42170, pilot",75,13,1,S 0 -> 6,21,False,1.0,42195.0,1,False,0.00944130458544351,0.1,590766.0
"Fixed 42170, pilot",75,14,2,S 1 -> 5,21,False,1.0,42194.0,1,False,0.00944130458544351,0.1,632960.0
"Fixed 42170, pilot",75,15,8,"D 0,1 -> 4,5",21,False,0.9999999740746859,42197.0,1,False,0.00944130458544351,0.1,675157.0
"Fixed 42170, pilot",75,16,6,S 3 -> 5,21,False,1.0,42196.0,1,False,0.00944130458544351,0.1,717353.0
"Fixed 42170, pilot",75,17,12,"D 0,2 -> 4,6",21,True,8.03115351999395e-11,42195.0,1,False,0.00944130458544351,0.1,759548.0
"Fixed 42170, pilot",75,18,6,S 3 -> 5,21,False,1.0,42195.0,1,False,0.018167337618011987,0.1,801743.0
"Fixed 42170, pilot",75,19,2,S 1 -> 5,21,False,1.0,42197.0,1,False,0.018167337618011987,0.1,843940.0
"Fixed 42170, pilot",76,0,25,"D 2,3 -> 6,7",25,True,0.0,42194.0,1,False,0.31503606513167726,0.1,42194.0
"Fixed 42170, pilot",76,1,18,"D 1,2 -> 4,7",15,True,0.0,42195.0,1,False,0.29681502172579394,0.1,84389.0
"Fixed 42170, pilot",76,2,8,"D 0,1 -> 4,5",8,True,0.0,42196.0,1,False,0.3764697826210095,0.1,126585.0
"Fixed 42170, pilot",76,3,15,"D 0,3 -> 5,6",15,True,0.0,42196.0,1,False,0.30026357217502075,0.1,168781.0
"Fixed 42170, pilot",76,4,19,"D 1,2 -> 5,6",19,True,0.0,42199.0,1,False,0.03758523474777508,0.1,210980.0
"Fixed 42170, pilot",76,5,14,"D 0,3 -> 4,7",14,True,0.0,42193.0,1,False,0.06571252399006697,0.1,253173.0
"Fixed 42170, pilot",76,6,22,"D 2,3 -> 4,5",22,True,0.0,42196.0,1,False,0.043648521305584075,0.1,295369.0
"Fixed 42170, pilot",76,7,11,"D 0,1 -> 6,7",11,True,0.0,42195.0,1,False,0.10072796416579774,0.1,337564.0
"Fixed 42170, pilot",76,8,21,"D 1,3 -> 5,7",21,True,0.0,42196.0,1,False,0.009441304483876945,0.1,379760.0
"Fixed 42170, pilot",76,9,12,"D 0,2 -> 4,6",12,True,0.0,42199.0,1,False,0.018167337522397423,0.1,421959.0
"Fixed 42170, pilot",77,0,25,"D 2,3 -> 6,7",25,True,0.0,42194.0,1,False,0.31503606513167726,0.1,42194.0
"Fixed 42170, pilot",77,1,15,"D 0,3 -> 5,6",15,True,0.0,42196.0,1,False,0.29681502172579394,0.1,84390.0
"Fixed 42170, pilot",77,2,8,"D 0,1 -> 4,5",8,True,0.0,42194.0,1,False,0.3764697826210095,0.1,126584.0
"Fixed 42170, pilot",77,3,18,"D 1,2 -> 4,7",18,True,0.0,42196.0,1,False,0.3002635722338174,0.1,168780.0
"Fixed 42170, pilot",77,4,19,"D 1,2 -> 5,6",14,True,5.182410056647768e-12,42201.0,1,False,0.03758523457422756,0.1,210981.0
"Fixed 42170, pilot",77,5,14,"D 0,3 -> 4,7",14,True,0.0,42197.0,1,False,0.06571252392066197,0.1,253178.0
"Fixed 42170, pilot",77,6,11,"D 0,1 -> 6,7",22,False,0.044806582285143115,42199.0,1,False,0.04364852124132713,0.1,295377.0
"Fixed 42170, pilot",77,7,22,"D 2,3 -> 4,5",22,True,0.0,42197.0,1,False,0.06967473471393487,0.1,337574.0
"Fixed 42170, pilot",77,8,2,S 1 -> 5,21,False,1.0,42197.0,1,False,0.009441304632724919,0.1,379771.0
"Fixed 42170, pilot",77,9,6,S 3 -> 5,21,False,1.0,42200.0,1,False,0.009441304632724919,0.1,421971.0
"Fixed 42170, pilot",77,10,6,S 3 -> 5,21,False,1.0,42193.0,1,False,0.009441304632724919,0.1,464164.0
"Fixed 42170, pilot",77,11,12,"D 0,2 -> 4,6",21,True,7.587118711072094e-10,42194.0,1,False,0.009441304632724919,0.1,506358.0
"Fixed 42170, pilot",77,12,11,"D 0,1 -> 6,7",21,False,0.9826750649394579,42197.0,1,False,0.01816733748162958,0.1,548555.0
"Fixed 42170, pilot",78,0,14,"D 0,3 -> 4,7",25,False,0.052846754050403844,42195.0,1,False,0.31503606513167726,0.1,42195.0
"Fixed 42170, pilot",78,1,19,"D 1,2 -> 5,6",22,False,0.0008388564376003993,42195.0,1,False,0.2986379460442076,0.1,84390.0
"Fixed 42170, pilot",78,2,11,"D 0,1 -> 6,7",22,False,0.015858687170637098,42198.0,1,False,0.30702477030875686,0.1,126588.0
"Fixed 42170, pilot",78,3,22,"D 2,3 -> 4,5",22,True,0.0,42198.0,1,False,0.3705851037435389,0.1,168786.0
"Fixed 42170, pilot",78,4,8,"D 0,1 -> 4,5",8,True,0.0,42194.0,1,False,0.022746161162242224,0.1,210980.0
"Fixed 42170, pilot",78,5,25,"D 2,3 -> 6,7",25,True,0.0,42199.0,1,False,0.038483766324501935,0.1,253179.0
"Fixed 42170, pilot",78,6,18,"D 1,2 -> 4,7",15,True,1.2212453270876722e-15,42195.0,1,False,0.03323670747469215,0.1,295374.0
"Fixed 42170, pilot",78,7,15,"D 0,3 -> 5,6",15,True,0.0,42200.0,1,False,0.06135745113462978,0.1,337574.0
"Fixed 42170, pilot",78,8,5,S 2 -> 6,12,False,1.0,42194.0,1,False,0.009441304700266197,0.1,379768.0
"Fixed 42170, pilot",78,9,11,"D 0,1 -> 6,7",12,False,0.9999995724723472,42197.0,1,False,0.009441304700266197,0.1,421965.0
"Fixed 42170, pilot",78,10,1,S 0 -> 6,12,False,1.0,42198.0,1,False,0.009441304700266197,0.1,464163.0
"Fixed 42170, pilot",78,11,14,"D 0,3 -> 4,7",12,False,0.9999998079690977,42199.0,1,False,0.009441304700266197,0.1,506362.0
"Fixed 42170, pilot",78,12,4,S 2 -> 4,12,False,1.0,42199.0,1,False,0.009441304700266197,0.1,548561.0
"Fixed 42170, pilot",78,13,7,S 3 -> 7,12,False,1.0,42196.0,1,False,0.009441304700266197,0.1,590757.0
"Fixed 42170, pilot",78,14,12,"D 0,2 -> 4,6",12,True,0.0,42201.0,1,False,0.009441304700266197,0.1,632958.0
"Fixed 42170, pilot",78,15,25,"D 2,3 -> 6,7",21,False,0.9938252029309386,42192.0,1,False,0.01816733527074946,0.1,675150.0
"Fixed 42170, pilot",79,0,25,"D 2,3 -> 6,7",25,True,0.0,42199.0,1,False,0.31503606513167726,0.1,42199.0
"Fixed 42170, pilot",79,1,18,"D 1,2 -> 4,7",15,True,0.0,42196.0,1,False,0.29681502172579394,0.1,84395.0
"Fixed 42170, pilot",79,2,8,"D 0,1 -> 4,5",8,True,0.0,42198.0,1,False,0.3764697826210095,0.1,126593.0
"Fixed 42170, pilot",79,3,15,"D 0,3 -> 5,6",15,True,0.0,42193.0,1,False,0.30026357217502075,0.1,168786.0
"Fixed 42170, pilot",79,4,14,"D 0,3 -> 4,7",19,True,5.80789971671436e-10,42195.0,1,False,0.03758523474777508,0.1,210981.0
"Fixed 42170, pilot",79,5,19,"D 1,2 -> 5,6",19,True,0.0,42198.0,1,False,0.0657125239206618,0.1,253179.0
"Fixed 42170, pilot",79,6,22,"D 2,3 -> 4,5",22,True,0.0,42198.0,1,False,0.043648521241327065,0.11,295377.0
"Fixed 42170, pilot",79,7,11,"D 0,1 -> 6,7",11,True,0.0,42196.0,1,False,0.10072796416579699,0.11,337573.0
"Fixed 42170, pilot",79,8,6,S 3 -> 5,21,False,1.0,42196.0,1,False,0.009441304483876924,0.1,379769.0
"Fixed 42170, pilot",79,9,10,"D 0,1 -> 5,6",12,False,1.0,42199.0,1,False,0.009441304546048494,0.1,421968.0
"Fixed 42170, pilot",79,10,3,S 1 -> 7,12,False,1.0,42194.0,1,False,0.009441304546048494,0.1,464162.0
"Fixed 42170, pilot",79,11,5,S 2 -> 6,12,False,1.0,42195.0,1,False,0.009441304546048494,0.1,506357.0
"Fixed 42170, pilot",79,12,12,"D 0,2 -> 4,6",12,True,0.0,42194.0,1,False,0.009441304546048494,0.1,548551.0
"Fixed 42170, pilot",79,13,0,S 0 -> 4,21,False,1.0,42197.0,1,False,0.018167337649211975,0.1,590748.0
"Fixed 42170, pilot",79,14,1,S 0 -> 6,21,False,1.0,42195.0,1,False,0.018167337649211975,0.1,632943.0
"Fixed 42170, pilot",79,15,21,"D 1,3 -> 5,7",21,True,0.0,42198.0,1,False,0.018167337649211975,0.1,675141.0
"Fixed 42170, pilot",80,0,25,"D 2,3 -> 6,7",25,True,0.0,42196.0,1,False,0.31503606513167726,0.11,42196.0
"Fixed 42170, pilot",80,1,18,"D 1,2 -> 4,7",15,True,0.0,42195.0,1,False,0.29681502172579394,0.1,84391.0
"Fixed 42170, pilot",80,2,8,"D 0,1 -> 4,5",8,True,0.0,42199.0,1,False,0.3764697826210095,0.1,126590.0
"Fixed 42170, pilot",80,3,15,"D 0,3 -> 5,6",15,True,0.0,42196.0,1,False,0.30026357217502075,0.1,168786.0
"Fixed 42170, pilot",80,4,19,"D 1,2 -> 5,6",19,True,0.0,42197.0,1,False,0.03758523474777508,0.1,210983.0
"Fixed 42170, pilot",80,5,14,"D 0,3 -> 4,7",14,True,0.0,42196.0,1,False,0.06571252399006697,0.1,253179.0
"Fixed 42170, pilot",80,6,11,"D 0,1 -> 6,7",22,False,0.04480658230253376,42198.0,1,False,0.043648521305584075,0.11,295377.0
"Fixed 42170, pilot",80,7,22,"D 2,3 -> 4,5",22,True,0.0,42196.0,1,False,0.06967473471393487,0.1,337573.0
"Fixed 42170, pilot",80,8,22,"D 2,3 -> 4,5",21,False,0.9999999608600421,42197.0,1,False,0.009441304763103297,0.1,379770.0
"Fixed 42170, pilot",80,9,7,S 3 -> 7,21,False,1.0,42196.0,1,False,0.009441304763103297,0.1,421966.0
"Fixed 42170, pilot",80,10,25,"D 2,3 -> 6,7",21,False,0.9999998934268425,42196.0,1,False,0.009441304763103297,0.1,464162.0
"Fixed 42170, pilot",80,11,21,"D 1,3 -> 5,7",21,True,0.0,42198.0,1,False,0.009441304763103297,0.1,506360.0
"Fixed 42170, pilot",80,12,12,"D 0,2 -> 4,6",12,True,0.0,42199.0,1,False,0.018167336624055883,0.1,548559.0
"Fixed 42170, pilot",81,0,25,"D 2,3 -> 6,7",25,True,0.0,42197.0,1,False,0.31503606513167726,0.1,42197.0
"Fixed 42170, pilot",81,1,18,"D 1,2 -> 4,7",15,True,0.0,42197.0,1,False,0.29681502172579394,0.1,84394.0
"Fixed 42170, pilot",81,2,8,"D 0,1 -> 4,5",8,True,0.0,42195.0,1,False,0.3764697826210095,0.1,126589.0
"Fixed 42170, pilot",81,3,15,"D 0,3 -> 5,6",15,True,0.0,42197.0,1,False,0.30026357217502075,0.1,168786.0
"Fixed 42170, pilot",81,4,19,"D 1,2 -> 5,6",19,True,0.0,42199.0,1,False,0.03758523474777508,0.1,210985.0
"Fixed 42170, pilot",81,5,14,"D 0,3 -> 4,7",14,True,0.0,42197.0,1,False,0.06571252399006697,0.1,253182.0
"Fixed 42170, pilot",81,6,11,"D 0,1 -> 6,7",22,False,0.04480658230253376,42198.0,1,False,0.043648521305584075,0.1,295380.0
"Fixed 42170, pilot",81,7,22,"D 2,3 -> 4,5",22,True,0.0,42200.0,1,False,0.06967473471393487,0.1,337580.0
"Fixed 42170, pilot",81,8,9,"D 0,1 -> 4,7",21,False,1.0,42195.0,1,False,0.009441304763103297,0.1,379775.0
"Fixed 42170, pilot",81,9,21,"D 1,3 -> 5,7",21,True,0.0,42197.0,1,False,0.009441304763103297,0.1,421972.0
"Fixed 42170, pilot",81,10,7,S 3 -> 7,12,False,1.0,42196.0,1,False,0.01816733765010426,0.1,464168.0
"Fixed 42170, pilot",81,11,12,"D 0,2 -> 4,6",12,True,0.0,42196.0,1,False,0.01816733765010426,0.1,506364.0
"Fixed 42170, pilot",82,0,25,"D 2,3 -> 6,7",25,True,0.0,42196.0,1,False,0.31503606513167726,0.1,42196.0
"Fixed 42170, pilot",82,1,15,"D 0,3 -> 5,6",15,True,0.0,42198.0,1,False,0.29681502172579394,0.1,84394.0
"Fixed 42170, pilot",82,2,8,"D 0,1 -> 4,5",8,True,0.0,42194.0,1,False,0.3764697826210095,0.1,126588.0
"Fixed 42170, pilot",82,3,18,"D 1,2 -> 4,7",18,True,0.0,42197.0,1,False,0.3002635722338174,0.1,168785.0
"Fixed 42170, pilot",82,4,14,"D 0,3 -> 4,7",14,True,0.0,42194.0,1,False,0.03758523457422756,0.1,210979.0
"Fixed 42170, pilot",82,5,19,"D 1,2 -> 5,6",19,True,0.0,42191.0,1,False,0.0657125239900671,0.1,253170.0
"Fixed 42170, pilot",82,6,11,"D 0,1 -> 6,7",22,False,0.044806582302531095,42199.0,1,False,0.04364852130558422,0.1,295369.0
"Fixed 42170, pilot",82,7,22,"D 2,3 -> 4,5",22,True,0.0,42199.0,1,False,0.06967473471683744,0.1,337568.0
"Fixed 42170, pilot",82,8,23,"D 2,3 -> 4,7",12,False,1.0,42199.0,1,False,0.009441304763103292,0.1,379767.0
"Fixed 42170, pilot",82,9,10,"D 0,1 -> 5,6",12,False,1.0,42195.0,1,False,0.009441304763103292,0.1,421962.0
"Fixed 42170, pilot",82,10,6,S 3 -> 5,12,False,1.0,42196.0,1,False,0.009441304763103292,0.1,464158.0
"Fixed 42170, pilot",82,11,2,S 1 -> 5,12,False,1.0,42196.0,1,False,0.009441304763103292,0.1,506354.0
"Fixed 42170, pilot",82,12,5,S 2 -> 6,12,False,1.0,42197.0,1,False,0.009441304763103292,0.1,548551.0
"Fixed 42170, pilot",82,13,23,"D 2,3 -> 4,7",12,False,1.0,42193.0,1,False,0.009441304763103292,0.1,590744.0
"Fixed 42170, pilot",82,14,5,S 2 -> 6,12,False,1.0,42195.0,1,False,0.009441304763103292,0.1,632939.0
"Fixed 42170, pilot",82,15,1,S 0 -> 6,12,False,1.0,42197.0,1,False,0.009441304763103292,0.1,675136.0
"Fixed 42170, pilot",82,16,1,S 0 -> 6,12,False,1.0,42193.0,1,False,0.009441304763103292,0.1,717329.0
"Fixed 42170, pilot",82,17,8,"D 0,1 -> 4,5",12,False,0.9999999277147249,42201.0,1,False,0.009441304763103292,0.1,759530.0
"Fixed 42170, pilot",82,18,11,"D 0,1 -> 6,7",12,False,0.999999928507858,42194.0,1,False,0.009441304763103292,0.1,801724.0
"Fixed 42170, pilot",82,19,0,S 0 -> 4,12,False,1.0,42195.0,1,False,0.009441304763103292,0.1,843919.0
"Fixed 42170, pilot",83,0,14,"D 0,3 -> 4,7",25,False,0.052846754050403844,42195.0,1,False,0.31503606513167726,0.1,42195.0
"Fixed 42170, pilot",83,1,22,"D 2,3 -> 4,5",22,True,0.0,42200.0,1,False,0.2986379460442076,0.1,84395.0
"Fixed 42170, pilot",83,2,19,"D 1,2 -> 5,6",19,True,0.0,42197.0,1,False,0.35321992230088123,0.1,126592.0
"Fixed 42170, pilot",83,3,11,"D 0,1 -> 6,7",11,True,0.0,42196.0,1,False,0.22254279298159932,0.1,168788.0
"Fixed 42170, pilot",83,4,12,"D 0,2 -> 4,6",8,False,0.5058598779839336,42198.0,1,False,0.022746161137019386,0.1,210986.0
"Fixed 42170, pilot",83,5,8,"D 0,1 -> 4,5",15,False,0.05851527151153435,42196.0,1,False,0.023150512763720602,0.1,253182.0
"Fixed 42170, pilot",83,6,25,"D 2,3 -> 6,7",25,True,0.0,42195.0,1,False,0.03700304510474436,0.1,295377.0
"Fixed 42170, pilot",83,7,15,"D 0,3 -> 5,6",18,False,0.0011360931506060323,42191.0,1,False,0.0331818785293089,0.1,337568.0
"Fixed 42170, pilot",83,8,18,"D 1,2 -> 4,7",18,True,0.0,42195.0,1,False,0.061291559257394115,0.1,379763.0
"Fixed 42170, pilot",83,9,2,S 1 -> 5,21,False,1.0,42196.0,1,False,0.021270706892608397,0.1,421959.0
"Fixed 42170, pilot",83,10,3,S 1 -> 7,21,False,1.0,42198.0,1,False,0.021270706892608397,0.1,464157.0
"Fixed 42170, pilot",83,11,21,"D 1,3 -> 5,7",21,True,0.0,42195.0,1,False,0.021270706892608397,0.1,506352.0
"Fixed 42170, pilot",84,0,25,"D 2,3 -> 6,7",25,True,0.0,42199.0,1,False,0.31503606513167726,0.1,42199.0
"Fixed 42170, pilot",84,1,18,"D 1,2 -> 4,7",15,True,0.0,42195.0,1,False,0.29681502172579394,0.1,84394.0
"Fixed 42170, pilot",84,2,8,"D 0,1 -> 4,5",8,True,0.0,42192.0,1,False,0.3764697826210095,0.1,126586.0
"Fixed 42170, pilot",84,3,15,"D 0,3 -> 5,6",15,True,0.0,42196.0,1,False,0.30026357217502075,0.1,168782.0
"Fixed 42170, pilot",84,4,14,"D 0,3 -> 4,7",19,True,5.80789971671436e-10,42194.0,1,False,0.03758523474777508,0.1,210976.0
"Fixed 42170, pilot",84,5,19,"D 1,2 -> 5,6",19,True,0.0,42196.0,1,False,0.0657125239206618,0.1,253172.0
"Fixed 42170, pilot",84,6,11,"D 0,1 -> 6,7",22,False,0.044806582285133345,42199.0,1,False,0.043648521241327065,0.1,295371.0
"Fixed 42170, pilot",84,7,22,"D 2,3 -> 4,5",22,True,0.0,42200.0,1,False,0.06967473482297251,0.1,337571.0
"Fixed 42170, pilot",84,8,11,"D 0,1 -> 6,7",12,False,0.9999999965742711,42195.0,1,False,0.009441304632724787,0.1,379766.0
"Fixed 42170, pilot",84,9,2,S 1 -> 5,12,False,1.0,42200.0,1,False,0.009441304632724787,0.1,421966.0
"Fixed 42170, pilot",84,10,9,"D 0,1 -> 4,7",12,False,1.0,42197.0,1,False,0.009441304632724787,0.1,464163.0
"Fixed 42170, pilot",84,11,18,"D 1,2 -> 4,7",12,False,0.999999996292982,42198.0,1,False,0.009441304632724787,0.1,506361.0
"Fixed 42170, pilot",84,12,18,"D 1,2 -> 4,7",12,False,0.999999996292982,42199.0,1,False,0.009441304632724787,0.1,548560.0
"Fixed 42170, pilot",84,13,17,"D 1,2 -> 4,5",12,False,1.0,42195.0,1,False,0.009441304632724787,0.1,590755.0
"Fixed 42170, pilot",84,14,4,S 2 -> 4,12,False,1.0,42197.0,1,False,0.009441304632724787,0.1,632952.0
"Fixed 42170, pilot",84,15,1,S 0 -> 6,12,False,1.0,42197.0,1,False,0.009441304632724787,0.1,675149.0
"Fixed 42170, pilot",84,16,21,"D 1,3 -> 5,7",12,True,7.587165340439128e-10,42193.0,1,False,0.009441304632724787,0.1,717342.0
"Fixed 42170, pilot",84,17,5,S 2 -> 6,12,False,1.0,42200.0,1,False,0.018167337690877774,0.1,759542.0
"Fixed 42170, pilot",84,18,12,"D 0,2 -> 4,6",12,True,0.0,42194.0,1,False,0.018167337690877774,0.1,801736.0
"Fixed 42170, pilot",85,0,25,"D 2,3 -> 6,7",25,True,0.0,42193.0,1,False,0.31503606513167726,0.1,42193.0
"Fixed 42170, pilot",85,1,15,"D 0,3 -> 5,6",15,True,0.0,42193.0,1,False,0.29681502172579394,0.1,84386.0
"Fixed 42170, pilot",85,2,8,"D 0,1 -> 4,5",8,True,0.0,42201.0,1,False,0.3764697826210095,0.1,126587.0
"Fixed 42170, pilot",85,3,18,"D 1,2 -> 4,7",18,True,0.0,42197.0,1,False,0.3002635722338174,0.1,168784.0
"Fixed 42170, pilot",85,4,19,"D 1,2 -> 5,6",14,True,5.182410056647768e-12,42198.0,1,False,0.03758523457422756,0.1,210982.0
"Fixed 42170, pilot",85,5,14,"D 0,3 -> 4,7",14,True,0.0,42195.0,1,False,0.06571252392066197,0.1,253177.0
"Fixed 42170, pilot",85,6,22,"D 2,3 -> 4,5",22,True,0.0,42196.0,1,False,0.04364852124132713,0.1,295373.0
"Fixed 42170, pilot",85,7,11,"D 0,1 -> 6,7",11,True,0.0,42197.0,1,False,0.10072796416579667,0.1,337570.0
"Fixed 42170, pilot",85,8,0,S 0 -> 4,21,False,1.0,42192.0,1,False,0.009441304630083448,0.1,379762.0
"Fixed 42170, pilot",85,9,3,S 1 -> 7,21,False,1.0,42196.0,1,False,0.009441304630083448,0.1,421958.0
"Fixed 42170, pilot",85,10,21,"D 1,3 -> 5,7",21,True,0.0,42196.0,1,False,0.009441304630083448,0.1,464154.0
"Fixed 42170, pilot",85,11,12,"D 0,2 -> 4,6",12,True,0.0,42201.0,1,False,0.018167337649211367,0.1,506355.0
"Fixed 42170, pilot",86,0,14,"D 0,3 -> 4,7",25,False,0.052846754050403844,42192.0,1,False,0.31503606513167726,0.1,42192.0
"Fixed 42170, pilot",86,1,22,"D 2,3 -> 4,5",22,True,0.0,42195.0,1,False,0.2986379460442076,0.1,84387.0
"Fixed 42170, pilot",86,2,19,"D 1,2 -> 5,6",19,True,0.0,42195.0,1,False,0.35321992230088123,0.1,126582.0
"Fixed 42170, pilot",86,3,11,"D 0,1 -> 6,7",11,True,0.0,42194.0,1,False,0.22254279298159932,0.1,168776.0
"Fixed 42170, pilot",86,4,18,"D 1,2 -> 4,7",8,False,0.026297173989254685,42200.0,1,False,0.022746161137019386,0.1,210976.0
"Fixed 42170, pilot",86,5,15,"D 0,3 -> 5,6",15,True,0.0,42194.0,1,False,0.03866517257132855,0.11,253170.0
"Fixed 42170, pilot",86,6,25,"D 2,3 -> 6,7",8,False,0.022501060614619428,42195.0,1,False,0.03387932971003275,0.1,295365.0
"Fixed 42170, pilot",86,7,8,"D 0,1 -> 4,5",8,True,0.0,42197.0,1,False,0.06334829037874311,0.1,337562.0
"Fixed 42170, pilot",86,8,7,S 3 -> 7,12,False,1.0,42196.0,1,False,0.009441304860978997,0.11,379758.0
"Fixed 42170, pilot",86,9,12,"D 0,2 -> 4,6",12,True,0.0,42197.0,1,False,0.009441304760125835,0.1,421955.0
"Fixed 42170, pilot",86,10,11,"D 0,1 -> 6,7",21,False,0.98267512817375,42198.0,1,False,0.018167337660063086,0.1,464153.0
"Fixed 42170, pilot",87,0,14,"D 0,3 -> 4,7",25,False,0.052846754050403844,42189.0,1,False,0.31503606513167726,0.1,42189.0
"Fixed 42170, pilot",87,1,19,"D 1,2 -> 5,6",22,False,0.0008388564376003993,42195.0,1,False,0.2986379460442076,0.1,84384.0
"Fixed 42170, pilot",87,2,22,"D 2,3 -> 4,5",22,True,0.0,42200.0,1,False,0.30702477030875686,0.1,126584.0
"Fixed 42170, pilot",87,3,11,"D 0,1 -> 6,7",11,True,0.0,42195.0,1,False,0.4010030866164432,0.1,168779.0
"Fixed 42170, pilot",87,4,8,"D 0,1 -> 4,5",8,True,0.0,42199.0,1,False,0.022746161139309492,0.1,210978.0
"Fixed 42170, pilot",87,5,25,"D 2,3 -> 6,7",25,True,0.0,42201.0,1,False,0.03848376632450176,0.1,253179.0
"Fixed 42170, pilot",87,6,15,"D 0,3 -> 5,6",15,True,4.551914400963142e-15,42193.0,1,False,0.03323670767411312,0.1,295372.0
"Fixed 42170, pilot",87,7,18,"D 1,2 -> 4,7",18,True,0.0,42199.0,1,False,0.06135744828938733,0.1,337571.0
"Fixed 42170, pilot",87,8,9,"D 0,1 -> 4,7",12,False,1.0,42199.0,1,False,0.009441304656497411,0.1,379770.0
"Fixed 42170, pilot",87,9,7,S 3 -> 7,12,False,1.0,42199.0,1,False,0.009441304656497411,0.1,421969.0
"Fixed 42170, pilot",87,10,21,"D 1,3 -> 5,7",12,False,2.0162151947999973e-09,42199.0,1,False,0.009441304656497411,0.1,464168.0
"Fixed 42170, pilot",87,11,12,"D 0,2 -> 4,6",12,True,0.0,42201.0,1,False,0.018167337669279575,0.1,506369.0
"Fixed 42170, pilot",88,0,25,"D 2,3 -> 6,7",25,True,0.0,42195.0,1,False,0.31503606513167726,0.1,42195.0
"Fixed 42170, pilot",88,1,15,"D 0,3 -> 5,6",15,True,0.0,42194.0,1,False,0.29681502172579394,0.1,84389.0
"Fixed 42170, pilot",88,2,8,"D 0,1 -> 4,5",8,True,0.0,42197.0,1,False,0.3764697826210095,0.1,126586.0
"Fixed 42170, pilot",88,3,18,"D 1,2 -> 4,7",18,True,0.0,42196.0,1,False,0.3002635722338174,0.1,168782.0
"Fixed 42170, pilot",88,4,14,"D 0,3 -> 4,7",14,True,0.0,42198.0,1,False,0.03758523457422756,0.1,210980.0
"Fixed 42170, pilot",88,5,19,"D 1,2 -> 5,6",19,True,0.0,42197.0,1,False,0.0657125239900671,0.1,253177.0
"Fixed 42170, pilot",88,6,22,"D 2,3 -> 4,5",22,True,0.0,42196.0,1,False,0.04364852130558422,0.1,295373.0
"Fixed 42170, pilot",88,7,11,"D 0,1 -> 6,7",11,True,0.0,42196.0,1,False,0.10072796416579655,0.1,337569.0
"Fixed 42170, pilot",88,8,8,"D 0,1 -> 4,5",21,False,0.99999817737064,42199.0,1,False,0.009441305047874061,0.1,379768.0
"Fixed 42170, pilot",88,9,9,"D 0,1 -> 4,7",21,False,1.0,42194.0,1,False,0.009441304675372273,0.1,421962.0
"Fixed 42170, pilot",88,10,2,S 1 -> 5,21,False,1.0,42193.0,1,False,0.009441304675372273,0.1,464155.0
"Fixed 42170, pilot",88,11,2,S 1 -> 5,21,False,1.0,42195.0,1,False,0.009441304675372273,0.1,506350.0
"Fixed 42170, pilot",88,12,21,"D 1,3 -> 5,7",21,True,0.0,42197.0,1,False,0.009441304675372273,0.1,548547.0
"Fixed 42170, pilot",88,13,12,"D 0,2 -> 4,6",12,True,0.0,42196.0,1,False,0.01816733761723551,0.1,590743.0
"Fixed 42170, pilot",89,0,25,"D 2,3 -> 6,7",25,True,0.0,42196.0,1,False,0.31503606513167726,0.1,42196.0
"Fixed 42170, pilot",89,1,8,"D 0,1 -> 4,5",15,False,0.033311851350335986,42195.0,1,False,0.29681502172579394,0.1,84391.0
"Fixed 42170, pilot",89,2,15,"D 0,3 -> 5,6",15,True,0.0,42199.0,1,False,0.303713351808019,0.1,126590.0
"Fixed 42170, pilot",89,3,18,"D 1,2 -> 4,7",18,True,0.0,42194.0,1,False,0.38824803810173436,0.1,168784.0
"Fixed 42170, pilot",89,4,14,"D 0,3 -> 4,7",14,True,0.0,42199.0,1,False,0.03758523456612019,0.1,210983.0
"Fixed 42170, pilot",89,5,19,"D 1,2 -> 5,6",19,True,0.0,42198.0,1,False,0.0657125241352967,0.1,253181.0
"Fixed 42170, pilot",89,6,11,"D 0,1 -> 6,7",22,False,0.04480658474782895,42197.0,1,False,0.043648521856409134,0.1,295378.0
"Fixed 42170, pilot",89,7,22,"D 2,3 -> 4,5",22,True,0.0,42194.0,1,False,0.06967473568968069,0.1,337572.0
"Fixed 42170, pilot",89,8,7,S 3 -> 7,12,False,1.0,42196.0,1,False,0.00944130465202562,0.11,379768.0
"Fixed 42170, pilot",89,9,12,"D 0,2 -> 4,6",12,True,6.661338147750939e-15,42193.0,1,False,0.00944130465202562,0.1,421961.0
"Fixed 42170, pilot",89,10,21,"D 1,3 -> 5,7",21,True,0.0,42195.0,1,False,0.018167337417688407,0.1,464156.0
"Fixed 42170, pilot",90,0,25,"D 2,3 -> 6,7",25,True,0.0,42194.0,1,False,0.31503606513167726,0.1,42194.0
"Fixed 42170, pilot",90,1,15,"D 0,3 -> 5,6",15,True,0.0,42196.0,1,False,0.29681502172579394,0.11,84390.0
"Fixed 42170, pilot",90,2,8,"D 0,1 -> 4,5",8,True,0.0,42199.0,1,False,0.3764697826210095,0.11,126589.0
"Fixed 42170, pilot",90,3,18,"D 1,2 -> 4,7",18,True,0.0,42199.0,1,False,0.3002635722338174,0.1,168788.0
"Fixed 42170, pilot",90,4,11,"D 0,1 -> 6,7",14,False,0.3564786117490738,42198.0,1,False,0.03758523457422756,0.1,210986.0
"Fixed 42170, pilot",90,5,19,"D 1,2 -> 5,6",19,True,0.0,42195.0,1,False,0.03912173614796318,0.1,253181.0
"Fixed 42170, pilot",90,6,14,"D 0,3 -> 4,7",14,True,0.0,42200.0,1,False,0.06888584049226043,0.11,295381.0
"Fixed 42170, pilot",90,7,22,"D 2,3 -> 4,5",22,True,0.0,42196.0,1,False,0.07215392977191218,0.1,337577.0
"Fixed 42170, pilot",90,8,9,"D 0,1 -> 4,7",12,False,1.0,42195.0,1,False,0.009441304618271692,0.1,379772.0
"Fixed 42170, pilot",90,9,15,"D 0,3 -> 5,6",12,False,0.9999999981652687,42196.0,1,False,0.009441304618271692,0.1,421968.0
"Fixed 42170, pilot",90,10,2,S 1 -> 5,12,False,1.0,42199.0,1,False,0.009441304618271692,0.1,464167.0
"Fixed 42170, pilot",90,11,7,S 3 -> 7,12,False,1.0,42197.0,1,False,0.009441304618271692,0.1,506364.0
"Fixed 42170, pilot",90,12,2,S 1 -> 5,12,False,1.0,42195.0,1,False,0.009441304618271692,0.1,548559.0
"Fixed 42170, pilot",90,13,2,S 1 -> 5,12,False,1.0,42197.0,1,False,0.009441304618271692,0.1,590756.0
"Fixed 42170, pilot",90,14,1,S 0 -> 6,12,False,1.0,42198.0,1,False,0.009441304618271692,0.1,632954.0
"Fixed 42170, pilot",90,15,7,S 3 -> 7,12,False,1.0,42196.0,1,False,0.009441304618271692,0.1,675150.0
"Fixed 42170, pilot",90,16,21,"D 1,3 -> 5,7",12,True,8.845313370642316e-11,42200.0,1,False,0.009441304618271692,0.1,717350.0
"Fixed 42170, pilot",90,17,12,"D 0,2 -> 4,6",12,True,0.0,42197.0,1,False,0.018167337753618073,0.1,759547.0
"Fixed 42170, pilot",91,0,25,"D 2,3 -> 6,7",25,True,0.0,42194.0,1,False,0.31503606513167726,0.1,42194.0
"Fixed 42170, pilot",91,1,15,"D 0,3 -> 5,6",15,True,0.0,42196.0,1,False,0.29681502172579394,0.1,84390.0
"Fixed 42170, pilot",91,2,8,"D 0,1 -> 4,5",8,True,0.0,42195.0,1,False,0.3764697826210095,0.1,126585.0
"Fixed 42170, pilot",91,3,18,"D 1,2 -> 4,7",18,True,0.0,42200.0,1,False,0.3002635722338174,0.1,168785.0
"Fixed 42170, pilot",91,4,14,"D 0,3 -> 4,7",14,True,0.0,42198.0,1,False,0.03758523457422756,0.1,210983.0
"Fixed 42170, pilot",91,5,19,"D 1,2 -> 5,6",19,True,0.0,42195.0,1,False,0.0657125239900671,0.1,253178.0
"Fixed 42170, pilot",91,6,22,"D 2,3 -> 4,5",22,True,0.0,42195.0,1,False,0.04364852130558422,0.1,295373.0
"Fixed 42170, pilot",91,7,11,"D 0,1 -> 6,7",11,True,0.0,42197.0,1,False,0.10072796416579655,0.1,337570.0
"Fixed 42170, pilot",91,8,21,"D 1,3 -> 5,7",21,True,0.0,42193.0,1,False,0.009441305047874061,0.1,379763.0
"Fixed 42170, pilot",91,9,12,"D 0,2 -> 4,6",12,True,0.0,42199.0,1,False,0.018167337649213765,0.1,421962.0
"Fixed 42170, pilot",92,0,25,"D 2,3 -> 6,7",25,True,0.0,42195.0,1,False,0.31503606513167726,0.1,42195.0
"Fixed 42170, pilot",92,1,15,"D 0,3 -> 5,6",15,True,0.0,42199.0,1,False,0.29681502172579394,0.1,84394.0
"Fixed 42170, pilot",92,2,8,"D 0,1 -> 4,5",8,True,0.0,42194.0,1,False,0.3764697826210095,0.1,126588.0
"Fixed 42170, pilot",92,3,18,"D 1,2 -> 4,7",18,True,0.0,42197.0,1,False,0.3002635722338174,0.1,168785.0
"Fixed 42170, pilot",92,4,22,"D 2,3 -> 4,5",14,False,0.30884520195814336,42197.0,1,False,0.03758523457422756,0.1,210982.0
"Fixed 42170, pilot",92,5,11,"D 0,1 -> 6,7",11,True,0.0,42196.0,1,False,0.05305793406820507,0.1,253178.0
"Fixed 42170, pilot",92,6,14,"D 0,3 -> 4,7",19,False,2.0183209770152644e-08,42196.0,1,False,0.054109020561471224,0.1,295374.0
"Fixed 42170, pilot",92,7,19,"D 1,2 -> 5,6",19,True,0.0,42196.0,1,False,0.10242177965265713,0.11,337570.0
"Fixed 42170, pilot",92,8,25,"D 2,3 -> 6,7",12,False,0.9999998857860445,42197.0,1,False,0.009441304738916297,0.1,379767.0
"Fixed 42170, pilot",92,9,19,"D 1,2 -> 5,6",12,False,0.9999999896763042,42195.0,1,False,0.009441304738916297,0.1,421962.0
"Fixed 42170, pilot",92,10,5,S 2 -> 6,12,False,1.0,42194.0,1,False,0.009441304738916297,0.1,464156.0
"Fixed 42170, pilot",92,11,12,"D 0,2 -> 4,6",12,True,0.0,42194.0,1,False,0.009441304738916297,0.1,506350.0
"Fixed 42170, pilot",92,12,6,S 3 -> 5,21,False,1.0,42195.0,1,False,0.01816733773409483,0.1,548545.0
"Fixed 42170, pilot",92,13,5,S 2 -> 6,21,False,1.0,42197.0,1,False,0.01816733773409483,0.1,590742.0
"Fixed 42170, pilot",92,14,14,"D 0,3 -> 4,7",21,False,0.9867663818562407,42198.0,1,False,0.01816733773409483,0.1,632940.0
"Fixed 42170, pilot",93,0,25,"D 2,3 -> 6,7",25,True,0.0,42196.0,1,False,0.31503606513167726,0.1,42196.0
"Fixed 42170, pilot",93,1,15,"D 0,3 -> 5,6",15,True,0.0,42200.0,1,False,0.29681502172579394,0.1,84396.0
"Fixed 42170, pilot",93,2,8,"D 0,1 -> 4,5",8,True,0.0,42199.0,1,False,0.3764697826210095,0.1,126595.0
"Fixed 42170, pilot",93,3,18,"D 1,2 -> 4,7",18,True,0.0,42194.0,1,False,0.3002635722338174,0.1,168789.0
"Fixed 42170, pilot",93,4,19,"D 1,2 -> 5,6",14,True,5.182410056647768e-12,42192.0,1,False,0.03758523457422756,0.1,210981.0
"Fixed 42170, pilot",93,5,14,"D 0,3 -> 4,7",14,True,0.0,42197.0,1,False,0.06571252392066197,0.1,253178.0
"Fixed 42170, pilot",93,6,22,"D 2,3 -> 4,5",22,True,0.0,42196.0,1,False,0.04364852124132713,0.1,295374.0
"Fixed 42170, pilot",93,7,11,"D 0,1 -> 6,7",11,True,0.0,42194.0,1,False,0.10072796416579667,0.1,337568.0
"Fixed 42170, pilot",93,8,4,S 2 -> 4,21,False,1.0,42200.0,1,False,0.009441304630083448,0.1,379768.0
"Fixed 42170, pilot",93,9,10,"D 0,1 -> 5,6",21,False,1.0,42199.0,1,False,0.009441304630083448,0.1,421967.0
"Fixed 42170, pilot",93,10,3,S 1 -> 7,21,False,1.0,42197.0,1,False,0.009441304630083448,0.1,464164.0
"Fixed 42170, pilot",93,11,9,"D 0,1 -> 4,7",21,False,1.0,42198.0,1,False,0.009441304630083448,0.1,506362.0
"Fixed 42170, pilot",93,12,2,S 1 -> 5,21,False,1.0,42195.0,1,False,0.009441304630083448,0.1,548557.0
"Fixed 42170, pilot",93,13,18,"D 1,2 -> 4,7",21,False,0.9999999989277024,42199.0,1,False,0.009441304630083448,0.1,590756.0
"Fixed 42170, pilot",93,14,13,"D 0,3 -> 4,5",21,False,1.0,42196.0,1,False,0.009441304630083448,0.1,632952.0
"Fixed 42170, pilot",93,15,0,S 0 -> 4,21,False,1.0,42199.0,1,False,0.009441304630083448,0.1,675151.0
"Fixed 42170, pilot",93,16,2,S 1 -> 5,21,False,1.0,42195.0,1,False,0.009441304630083448,0.1,717346.0
"Fixed 42170, pilot",93,17,11,"D 0,1 -> 6,7",21,False,0.9999999980937906,42198.0,1,False,0.009441304630083448,0.1,759544.0
"Fixed 42170, pilot",93,18,6,S 3 -> 5,21,False,1.0,42196.0,1,False,0.009441304630083448,0.1,801740.0
"Fixed 42170, pilot",93,19,9,"D 0,1 -> 4,7",21,False,1.0,42197.0,1,False,0.009441304630083448,0.1,843937.0
"Fixed 42170, pilot",94,0,25,"D 2,3 -> 6,7",25,True,0.0,42194.0,1,False,0.31503606513167726,0.11,42194.0
"Fixed 42170, pilot",94,1,18,"D 1,2 -> 4,7",15,True,0.0,42194.0,1,False,0.29681502172579394,0.1,84388.0
"Fixed 42170, pilot",94,2,8,"D 0,1 -> 4,5",8,True,0.0,42195.0,1,False,0.3764697826210095,0.1,126583.0
"Fixed 42170, pilot",94,3,15,"D 0,3 -> 5,6",15,True,0.0,42193.0,1,False,0.30026357217502075,0.1,168776.0
"Fixed 42170, pilot",94,4,14,"D 0,3 -> 4,7",19,True,5.80789971671436e-10,42192.0,1,False,0.03758523474777508,0.1,210968.0
"Fixed 42170, pilot",94,5,19,"D 1,2 -> 5,6",19,True,0.0,42198.0,1,False,0.0657125239206618,0.1,253166.0
"Fixed 42170, pilot",94,6,11,"D 0,1 -> 6,7",22,False,0.044806582285133345,42199.0,1,False,0.043648521241327065,0.1,295365.0
"Fixed 42170, pilot",94,7,22,"D 2,3 -> 4,5",22,True,0.0,42196.0,1,False,0.06967473482297251,0.1,337561.0
"Fixed 42170, pilot",94,8,7,S 3 -> 7,12,False,1.0,42195.0,1,False,0.009441304632724787,0.1,379756.0
"Fixed 42170, pilot",94,9,5,S 2 -> 6,12,False,1.0,42195.0,1,False,0.009441304632724787,0.1,421951.0
"Fixed 42170, pilot",94,10,1,S 0 -> 6,12,False,1.0,42198.0,1,False,0.009441304632724787,0.1,464149.0
"Fixed 42170, pilot",94,11,21,"D 1,3 -> 5,7",12,True,7.587165340439128e-10,42194.0,1,False,0.009441304632724787,0.1,506343.0
"Fixed 42170, pilot",94,12,12,"D 0,2 -> 4,6",12,True,0.0,42200.0,1,False,0.01816733748162963,0.1,548543.0
"Fixed 42170, pilot",95,0,25,"D 2,3 -> 6,7",25,True,0.0,42198.0,1,False,0.31503606513167726,0.1,42198.0
"Fixed 42170, pilot",95,1,15,"D 0,3 -> 5,6",15,True,0.0,42198.0,1,False,0.29681502172579394,0.1,84396.0
"Fixed 42170, pilot",95,2,8,"D 0,1 -> 4,5",8,True,0.0,42195.0,1,False,0.3764697826210095,0.1,126591.0
"Fixed 42170, pilot",95,3,18,"D 1,2 -> 4,7",18,True,0.0,42199.0,1,False,0.3002635722338174,0.1,168790.0
"Fixed 42170, pilot",95,4,14,"D 0,3 -> 4,7",14,True,0.0,42195.0,1,False,0.03758523457422756,0.1,210985.0
"Fixed 42170, pilot",95,5,19,"D 1,2 -> 5,6",19,True,0.0,42197.0,1,False,0.0657125239900671,0.1,253182.0
"Fixed 42170, pilot",95,6,11,"D 0,1 -> 6,7",22,False,0.044806582302531095,42198.0,1,False,0.04364852130558422,0.1,295380.0
"Fixed 42170, pilot",95,7,22,"D 2,3 -> 4,5",22,True,0.0,42194.0,1,False,0.06967473471683744,0.1,337574.0
"Fixed 42170, pilot",95,8,11,"D 0,1 -> 6,7",12,False,0.999999928507858,42194.0,1,False,0.009441304763103292,0.1,379768.0
"Fixed 42170, pilot",95,9,12,"D 0,2 -> 4,6",12,True,0.0,42197.0,1,False,0.009441304763103292,0.1,421965.0
"Fixed 42170, pilot",95,10,7,S 3 -> 7,21,False,1.0,42196.0,1,False,0.018167337771086825,0.1,464161.0
"Fixed 42170, pilot",95,11,24,"D 2,3 -> 5,6",21,False,1.0,42199.0,1,False,0.018167337771086825,0.1,506360.0
"Fixed 42170, pilot",95,12,7,S 3 -> 7,21,False,1.0,42195.0,1,False,0.018167337771086825,0.1,548555.0
"Fixed 42170, pilot",95,13,21,"D 1,3 -> 5,7",21,True,0.0,42197.0,1,False,0.018167337771086825,0.1,590752.0
"Fixed 56234, designed",0,0,25,"D 2,3 -> 6,7",25,True,0.0,56266.0,1,False,0.31503606513167726,0.06,56266.0
"Fixed 56234, designed",0,1,15,"D 0,3 -> 5,6",15,True,0.0,56260.0,1,False,0.29681502172579394,0.05,112526.0
"Fixed 56234, designed",0,2,8,"D 0,1 -> 4,5",8,True,0.0,56261.0,1,False,0.3764697826210095,0.05,168787.0
"Fixed 56234, designed",0,3,18,"D 1,2 -> 4,7",18,True,0.0,56260.0,1,False,0.3002635722338174,0.05,225047.0
"Fixed 56234, designed",0,4,14,"D 0,3 -> 4,7",14,True,0.0,56266.0,1,False,0.03758523457422756,0.05,281313.0
"Fixed 56234, designed",0,5,19,"D 1,2 -> 5,6",19,True,0.0,56258.0,1,False,0.0657125239900671,0.05,337571.0
"Fixed 56234, designed",0,6,11,"D 0,1 -> 6,7",22,False,0.044806582302531095,56262.0,1,False,0.04364852130558422,0.05,393833.0
"Fixed 56234, designed",0,7,22,"D 2,3 -> 4,5",22,True,0.0,56260.0,1,False,0.06967473471683744,0.05,450093.0
"Fixed 56234, designed",0,8,16,"D 0,3 -> 6,7",12,False,1.0,56258.0,1,False,0.009441304763103292,0.05,506351.0
"Fixed 56234, designed",0,9,6,S 3 -> 5,12,False,1.0,56258.0,1,False,0.009441304763103292,0.05,562609.0
"Fixed 56234, designed",0,10,21,"D 1,3 -> 5,7",12,False,2.6598964142365844e-09,56258.0,1,False,0.009441304763103292,0.05,618867.0
"Fixed 56234, designed",0,11,12,"D 0,2 -> 4,6",12,True,0.0,56264.0,1,False,0.018167337649211208,0.05,675131.0
"Fixed 56234, designed",1,0,25,"D 2,3 -> 6,7",25,True,0.0,56266.0,1,False,0.31503606513167726,0.06,56266.0
"Fixed 56234, designed",1,1,8,"D 0,1 -> 4,5",15,False,0.033311851350335986,56260.0,1,False,0.29681502172579394,0.05,112526.0
"Fixed 56234, designed",1,2,18,"D 1,2 -> 4,7",15,True,5.551115123125783e-16,56258.0,1,False,0.303713351808019,0.05,168784.0
"Fixed 56234, designed",1,3,15,"D 0,3 -> 5,6",15,True,0.0,56258.0,1,False,0.38824803810173447,0.05,225042.0
"Fixed 56234, designed",1,4,19,"D 1,2 -> 5,6",19,True,0.0,56266.0,1,False,0.03758523456612009,0.05,281308.0
"Fixed 56234, designed",1,5,14,"D 0,3 -> 4,7",14,True,0.0,56259.0,1,False,0.06571252413529677,0.05,337567.0
"Fixed 56234, designed",1,6,11,"D 0,1 -> 6,7",22,False,0.044806584747831724,56262.0,1,False,0.04364852185640933,0.05,393829.0
"Fixed 56234, designed",1,7,22,"D 2,3 -> 4,5",22,True,0.0,56260.0,1,False,0.06967473512434036,0.05,450089.0
"Fixed 56234, designed",1,8,11,"D 0,1 -> 6,7",12,False,0.999999992398378,56258.0,1,False,0.009441304652025582,0.05,506347.0
"Fixed 56234, designed",1,9,12,"D 0,2 -> 4,6",12,True,0.0,56258.0,1,False,0.009441304652025582,0.05,562605.0
"Fixed 56234, designed",1,10,21,"D 1,3 -> 5,7",21,True,0.0,56259.0,1,False,0.018167338511469972,0.05,618864.0
"Fixed 56234, designed",2,0,25,"D 2,3 -> 6,7",25,True,0.0,56266.0,1,False,0.31503606513167726,0.06,56266.0
"Fixed 56234, designed",2,1,15,"D 0,3 -> 5,6",15,True,0.0,56260.0,1,False,0.29681502172579394,0.05,112526.0
"Fixed 56234, designed",2,2,8,"D 0,1 -> 4,5",8,True,0.0,56261.0,1,False,0.3764697826210095,0.05,168787.0
"Fixed 56234, designed",2,3,18,"D 1,2 -> 4,7",18,True,0.0,56260.0,1,False,0.3002635722338174,0.05,225047.0
"Fixed 56234, designed",2,4,11,"D 0,1 -> 6,7",14,False,0.3564786117490738,56266.0,1,False,0.03758523457422756,0.05,281313.0
"Fixed 56234, designed",2,5,14,"D 0,3 -> 4,7",19,True,1.0370815317628512e-11,56260.0,1,False,0.03912173614796318,0.05,337573.0
"Fixed 56234, designed",2,6,19,"D 1,2 -> 5,6",19,True,0.0,56261.0,1,False,0.06888584267924877,0.05,393834.0
"Fixed 56234, designed",2,7,22,"D 2,3 -> 4,5",22,True,0.0,56261.0,1,False,0.07215392971716472,0.05,450095.0
"Fixed 56234, designed",2,8,12,"D 0,2 -> 4,6",21,True,3.6735847697144663e-10,56258.0,1,False,0.009441304676353209,0.05,506353.0
"Fixed 56234, designed",2,9,21,"D 1,3 -> 5,7",21,True,0.0,56259.0,1,False,0.01816733767877963,0.05,562612.0
"Fixed 56234, designed",3,0,25,"D 2,3 -> 6,7",25,True,0.0,56266.0,1,False,0.31503606513167726,0.05,56266.0
"Fixed 56234, designed",3,1,18,"D 1,2 -> 4,7",15,True,0.0,56260.0,1,False,0.29681502172579394,0.05,112526.0
"Fixed 56234, designed",3,2,8,"D 0,1 -> 4,5",8,True,0.0,56260.0,1,False,0.3764697826210095,0.05,168786.0
"Fixed 56234, designed",3,3,15,"D 0,3 -> 5,6",15,True,0.0,56262.0,1,False,0.30026357217502075,0.05,225048.0
"Fixed 56234, designed",3,4,19,"D 1,2 -> 5,6",19,True,0.0,56266.0,1,False,0.03758523474777508,0.05,281314.0
"Fixed 56234, designed",3,5,14,"D 0,3 -> 4,7",14,True,0.0,56259.0,1,False,0.06571252399006697,0.05,337573.0
"Fixed 56234, designed",3,6,11,"D 0,1 -> 6,7",22,False,0.04480658230253376,56262.0,1,False,0.043648521305584075,0.05,393835.0
"Fixed 56234, designed",3,7,22,"D 2,3 -> 4,5",22,True,0.0,56260.0,1,False,0.06967473471393487,0.05,450095.0
"Fixed 56234, designed",3,8,1,S 0 -> 6,21,False,1.0,56258.0,1,False,0.009441304763103297,0.05,506353.0
"Fixed 56234, designed",3,9,2,S 1 -> 5,21,False,1.0,56258.0,1,False,0.009441304763103297,0.05,562611.0
"Fixed 56234, designed",3,10,19,"D 1,2 -> 5,6",21,False,0.9999999421513571,56258.0,1,False,0.009441304763103297,0.05,618869.0
"Fixed 56234, designed",3,11,21,"D 1,3 -> 5,7",21,True,0.0,56258.0,1,False,0.009441304763103297,0.05,675127.0
"Fixed 56234, designed",3,12,12,"D 0,2 -> 4,6",12,True,0.0,56264.0,1,False,0.018167337615970322,0.05,731391.0
"Fixed 56234, designed",4,0,25,"D 2,3 -> 6,7",25,True,0.0,56266.0,1,False,0.31503606513167726,0.06,56266.0
"Fixed 56234, designed",4,1,18,"D 1,2 -> 4,7",15,True,0.0,56260.0,1,False,0.29681502172579394,0.05,112526.0
"Fixed 56234, designed",4,2,8,"D 0,1 -> 4,5",8,True,0.0,56260.0,1,False,0.3764697826210095,0.05,168786.0
"Fixed 56234, designed",4,3,15,"D 0,3 -> 5,6",15,True,0.0,56262.0,1,False,0.30026357217502075,0.05,225048.0
"Fixed 56234, designed",4,4,19,"D 1,2 -> 5,6",19,True,0.0,56266.0,1,False,0.03758523474777508,0.05,281314.0
"Fixed 56234, designed",4,5,14,"D 0,3 -> 4,7",14,True,0.0,56259.0,1,False,0.06571252399006697,0.05,337573.0
"Fixed 56234, designed",4,6,6,S 3 -> 5,22,False,1.0,56262.0,1,False,0.043648521305584075,0.05,393835.0
"Fixed 56234, designed",4,7,11,"D 0,1 -> 6,7",22,False,0.04480658230253376,56262.0,1,False,0.043648521305584075,0.05,450097.0
"Fixed 56234, designed",4,8,22,"D 2,3 -> 4,5",22,True,0.0,56260.0,1,False,0.06967473471393487,0.05,506357.0
"Fixed 56234, designed",4,9,5,S 2 -> 6,12,False,1.0,56258.0,1,False,0.009441304632724783,0.05,562615.0
"Fixed 56234, designed",4,10,2,S 1 -> 5,12,False,1.0,56258.0,1,False,0.009441304632724783,0.05,618873.0
"Fixed 56234, designed",4,11,8,"D 0,1 -> 4,5",12,False,0.9999999853713584,56258.0,1,False,0.009441304632724783,0.05,675131.0
"Fixed 56234, designed",4,12,4,S 2 -> 4,12,False,1.0,56258.0,1,False,0.009441304632724783,0.05,731389.0
"Fixed 56234, designed",4,13,25,"D 2,3 -> 6,7",12,False,0.9999999919569503,56258.0,1,False,0.009441304632724783,0.05,787647.0
"Fixed 56234, designed",4,14,0,S 0 -> 4,12,False,1.0,56258.0,1,False,0.009441304632724783,0.05,843905.0
"Fixed 56234, designed",4,15,11,"D 0,1 -> 6,7",12,False,0.9999999965742711,56258.0,1,False,0.009441304632724783,0.05,900163.0
"Fixed 56234, designed",4,16,12,"D 0,2 -> 4,6",12,True,0.0,56258.0,1,False,0.009441304632724783,0.05,956421.0
"Fixed 56234, designed",4,17,3,S 1 -> 7,21,False,1.0,56259.0,1,False,0.018167337686889762,0.05,1012680.0
"Fixed 56234, designed",4,18,21,"D 1,3 -> 5,7",21,True,0.0,56259.0,1,False,0.018167337686889762,0.05,1068939.0
"Fixed 56234, designed",5,0,25,"D 2,3 -> 6,7",25,True,0.0,56266.0,1,False,0.31503606513167726,0.05,56266.0
"Fixed 56234, designed",5,1,18,"D 1,2 -> 4,7",15,True,0.0,56260.0,1,False,0.29681502172579394,0.05,112526.0
"Fixed 56234, designed",5,2,8,"D 0,1 -> 4,5",8,True,0.0,56260.0,1,False,0.3764697826210095,0.05,168786.0
"Fixed 56234, designed",5,3,15,"D 0,3 -> 5,6",15,True,0.0,56262.0,1,False,0.30026357217502075,0.05,225048.0
"Fixed 56234, designed",5,4,14,"D 0,3 -> 4,7",19,True,5.80789971671436e-10,56266.0,1,False,0.03758523474777508,0.05,281314.0
"Fixed 56234, designed",5,5,19,"D 1,2 -> 5,6",19,True,0.0,56258.0,1,False,0.0657125239206618,0.05,337572.0
"Fixed 56234, designed",5,6,22,"D 2,3 -> 4,5",22,True,0.0,56262.0,1,False,0.043648521241327065,0.05,393834.0
"Fixed 56234, designed",5,7,11,"D 0,1 -> 6,7",11,True,0.0,56261.0,1,False,0.10072796416579699,0.05,450095.0
"Fixed 56234, designed",5,8,4,S 2 -> 4,21,False,1.0,56258.0,1,False,0.009441304483876924,0.05,506353.0
"Fixed 56234, designed",5,9,12,"D 0,2 -> 4,6",12,True,0.0,56258.0,1,False,0.009441304546048494,0.05,562611.0
"Fixed 56234, designed",5,10,21,"D 1,3 -> 5,7",21,True,0.0,56259.0,1,False,0.018167337649211975,0.05,618870.0
"Fixed 56234, designed",6,0,19,"D 1,2 -> 5,6",25,False,0.052846754050403844,56266.0,1,False,0.31503606513167726,0.06,56266.0
"Fixed 56234, designed",6,1,11,"D 0,1 -> 6,7",22,False,0.02016704849809181,56261.0,1,False,0.2986379460814117,0.05,112527.0
"Fixed 56234, designed",6,2,14,"D 0,3 -> 4,7",14,True,0.0,56262.0,1,False,0.37183499075359205,0.05,168789.0
"Fixed 56234, designed",6,3,22,"D 2,3 -> 4,5",22,True,0.0,56263.0,1,False,0.34033883568924567,0.05,225052.0
"Fixed 56234, designed",6,4,8,"D 0,1 -> 4,5",8,True,0.0,56257.0,1,False,0.022746161134040658,0.05,281309.0
"Fixed 56234, designed",6,5,25,"D 2,3 -> 6,7",25,True,0.0,56264.0,1,False,0.03848376076461762,0.05,337573.0
"Fixed 56234, designed",6,6,18,"D 1,2 -> 4,7",18,True,0.0,56260.0,1,False,0.033236707476549984,0.06,393833.0
"Fixed 56234, designed",6,7,15,"D 0,3 -> 5,6",15,True,0.0,56261.0,1,False,0.06135744668749732,0.05,450094.0
"Fixed 56234, designed",6,8,4,S 2 -> 4,21,False,1.0,56258.0,1,False,0.009441304626155358,0.05,506352.0
"Fixed 56234, designed",6,9,7,S 3 -> 7,21,False,1.0,56258.0,1,False,0.009441304626155358,0.05,562610.0
"Fixed 56234, designed",6,10,16,"D 0,3 -> 6,7",21,False,1.0,56258.0,1,False,0.009441304626155358,0.05,618868.0
"Fixed 56234, designed",6,11,10,"D 0,1 -> 5,6",21,False,1.0,56258.0,1,False,0.009441304626155358,0.05,675126.0
"Fixed 56234, designed",6,12,20,"D 1,2 -> 6,7",21,False,1.0,56258.0,1,False,0.009441304626155358,0.05,731384.0
"Fixed 56234, designed",6,13,5,S 2 -> 6,21,False,1.0,56258.0,1,False,0.009441304626155358,0.05,787642.0
"Fixed 56234, designed",6,14,0,S 0 -> 4,21,False,1.0,56258.0,1,False,0.009441304626155358,0.05,843900.0
"Fixed 56234, designed",6,15,15,"D 0,3 -> 5,6",21,False,0.9999999992529207,56258.0,1,False,0.009441304626155358,0.05,900158.0
"Fixed 56234, designed",6,16,1,S 0 -> 6,21,False,1.0,56258.0,1,False,0.009441304626155358,0.05,956416.0
"Fixed 56234, designed",6,17,21,"D 1,3 -> 5,7",21,True,0.0,56258.0,1,False,0.009441304626155358,0.05,1012674.0
"Fixed 56234, designed",6,18,12,"D 0,2 -> 4,6",12,True,0.0,56264.0,1,False,0.018167337638650465,0.05,1068938.0
"Fixed 56234, designed",7,0,25,"D 2,3 -> 6,7",25,True,0.0,56266.0,1,False,0.31503606513167726,0.06,56266.0
"Fixed 56234, designed",7,1,15,"D 0,3 -> 5,6",15,True,0.0,56260.0,1,False,0.29681502172579394,0.05,112526.0
"Fixed 56234, designed",7,2,8,"D 0,1 -> 4,5",8,True,0.0,56261.0,1,False,0.3764697826210095,0.05,168787.0
"Fixed 56234, designed",7,3,18,"D 1,2 -> 4,7",18,True,0.0,56260.0,1,False,0.3002635722338174,0.05,225047.0
"Fixed 56234, designed",7,4,19,"D 1,2 -> 5,6",14,True,5.182410056647768e-12,56266.0,1,False,0.03758523457422756,0.05,281313.0
"Fixed 56234, designed",7,5,14,"D 0,3 -> 4,7",14,True,0.0,56259.0,1,False,0.06571252392066197,0.05,337572.0
"Fixed 56234, designed",7,6,22,"D 2,3 -> 4,5",22,True,0.0,56262.0,1,False,0.04364852124132713,0.05,393834.0
"Fixed 56234, designed",7,7,11,"D 0,1 -> 6,7",11,True,0.0,56261.0,1,False,0.10072796416579667,0.05,450095.0
"Fixed 56234, designed",7,8,20,"D 1,2 -> 6,7",21,False,1.0,56258.0,1,False,0.009441304630083448,0.05,506353.0
"Fixed 56234, designed",7,9,15,"D 0,3 -> 5,6",21,False,0.9999999992823342,56258.0,1,False,0.009441304630083448,0.05,562611.0
"Fixed 56234, designed",7,10,21,"D 1,3 -> 5,7",21,True,0.0,56258.0,1,False,0.009441304630083448,0.05,618869.0
"Fixed 56234, designed",7,11,12,"D 0,2 -> 4,6",12,True,0.0,56264.0,1,False,0.01816733775281578,0.05,675133.0
"Fixed 56234, designed",8,0,25,"D 2,3 -> 6,7",25,True,0.0,56266.0,1,False,0.31503606513167726,0.05,56266.0
"Fixed 56234, designed",8,1,15,"D 0,3 -> 5,6",15,True,0.0,56260.0,1,False,0.29681502172579394,0.05,112526.0
"Fixed 56234, designed",8,2,8,"D 0,1 -> 4,5",8,True,0.0,56261.0,1,False,0.3764697826210095,0.05,168787.0
"Fixed 56234, designed",8,3,18,"D 1,2 -> 4,7",18,True,0.0,56260.0,1,False,0.3002635722338174,0.05,225047.0
"Fixed 56234, designed",8,4,14,"D 0,3 -> 4,7",14,True,0.0,56266.0,1,False,0.03758523457422756,0.05,281313.0
"Fixed 56234, designed",8,5,19,"D 1,2 -> 5,6",19,True,0.0,56258.0,1,False,0.0657125239900671,0.05,337571.0
"Fixed 56234, designed",8,6,22,"D 2,3 -> 4,5",22,True,0.0,56262.0,1,False,0.04364852130558422,0.05,393833.0
"Fixed 56234, designed",8,7,11,"D 0,1 -> 6,7",11,True,0.0,56261.0,1,False,0.10072796416579655,0.05,450094.0
"Fixed 56234, designed",8,8,6,S 3 -> 5,21,False,1.0,56258.0,1,False,0.009441305047874061,0.05,506352.0
"Fixed 56234, designed",8,9,8,"D 0,1 -> 4,5",21,False,0.9999999740746859,56258.0,1,False,0.00944130458544351,0.05,562610.0
"Fixed 56234, designed",8,10,20,"D 1,2 -> 6,7",21,False,1.0,56258.0,1,False,0.00944130458544351,0.05,618868.0
"Fixed 56234, designed",8,11,9,"D 0,1 -> 4,7",21,False,1.0,56258.0,1,False,0.00944130458544351,0.05,675126.0
"Fixed 56234, designed",8,12,17,"D 1,2 -> 4,5",21,False,1.0,56258.0,1,False,0.00944130458544351,0.05,731384.0
"Fixed 56234, designed",8,13,15,"D 0,3 -> 5,6",21,False,0.9999999948642236,56258.0,1,False,0.00944130458544351,0.05,787642.0
"Fixed 56234, designed",8,14,21,"D 1,3 -> 5,7",21,True,0.0,56258.0,1,False,0.00944130458544351,0.05,843900.0
"Fixed 56234, designed",8,15,12,"D 0,2 -> 4,6",12,True,0.0,56264.0,1,False,0.018167338986819322,0.05,900164.0
"Fixed 56234, designed",9,0,25,"D 2,3 -> 6,7",25,True,0.0,56266.0,1,False,0.31503606513167726,0.05,56266.0
"Fixed 56234, designed",9,1,8,"D 0,1 -> 4,5",15,False,0.033311851350335986,56260.0,1,False,0.29681502172579394,0.05,112526.0
"Fixed 56234, designed",9,2,18,"D 1,2 -> 4,7",15,True,5.551115123125783e-16,56258.0,1,False,0.303713351808019,0.05,168784.0
"Fixed 56234, designed",9,3,15,"D 0,3 -> 5,6",15,True,0.0,56258.0,1,False,0.38824803810173447,0.05,225042.0
"Fixed 56234, designed",9,4,19,"D 1,2 -> 5,6",19,True,0.0,56266.0,1,False,0.03758523456612009,0.05,281308.0
"Fixed 56234, designed",9,5,14,"D 0,3 -> 4,7",14,True,0.0,56259.0,1,False,0.06571252413529677,0.05,337567.0
"Fixed 56234, designed",9,6,11,"D 0,1 -> 6,7",22,False,0.044806584747831724,56262.0,1,False,0.04364852185640933,0.05,393829.0
"Fixed 56234, designed",9,7,22,"D 2,3 -> 4,5",22,True,0.0,56260.0,1,False,0.06967473512434036,0.05,450089.0
"Fixed 56234, designed",9,8,13,"D 0,3 -> 4,5",12,False,1.0,56258.0,1,False,0.009441304652025582,0.05,506347.0
"Fixed 56234, designed",9,9,17,"D 1,2 -> 4,5",12,False,1.0,56258.0,1,False,0.009441304652025582,0.05,562605.0
"Fixed 56234, designed",9,10,19,"D 1,2 -> 5,6",12,False,0.9999999998187663,56258.0,1,False,0.009441304652025582,0.05,618863.0
"Fixed 56234, designed",9,11,11,"D 0,1 -> 6,7",12,False,0.999999992398378,56258.0,1,False,0.009441304652025582,0.05,675121.0
"Fixed 56234, designed",9,12,9,"D 0,1 -> 4,7",12,False,1.0,56258.0,1,False,0.009441304652025582,0.05,731379.0
"Fixed 56234, designed",9,13,2,S 1 -> 5,12,False,1.0,56258.0,1,False,0.009441304652025582,0.05,787637.0
"Fixed 56234, designed",9,14,12,"D 0,2 -> 4,6",12,True,0.0,56258.0,1,False,0.009441304652025582,0.05,843895.0
"Fixed 56234, designed",9,15,21,"D 1,3 -> 5,7",21,True,0.0,56259.0,1,False,0.018167337666802875,0.05,900154.0
"Fixed 56234, designed",10,0,25,"D 2,3 -> 6,7",25,True,0.0,56266.0,1,False,0.31503606513167726,0.05,56266.0
"Fixed 56234, designed",10,1,8,"D 0,1 -> 4,5",15,False,0.033311851350335986,56260.0,1,False,0.29681502172579394,0.05,112526.0
"Fixed 56234, designed",10,2,18,"D 1,2 -> 4,7",15,True,5.551115123125783e-16,56258.0,1,False,0.303713351808019,0.05,168784.0
"Fixed 56234, designed",10,3,15,"D 0,3 -> 5,6",15,True,0.0,56258.0,1,False,0.38824803810173447,0.05,225042.0
"Fixed 56234, designed",10,4,14,"D 0,3 -> 4,7",19,True,5.150813109366936e-11,56266.0,1,False,0.03758523456612009,0.05,281308.0
"Fixed 56234, designed",10,5,19,"D 1,2 -> 5,6",19,True,0.0,56258.0,1,False,0.06571252413529666,0.05,337566.0
"Fixed 56234, designed",10,6,11,"D 0,1 -> 6,7",22,False,0.044806584461233534,56262.0,1,False,0.04364852180125853,0.05,393828.0
"Fixed 56234, designed",10,7,22,"D 2,3 -> 4,5",22,True,0.0,56260.0,1,False,0.0696747355600191,0.05,450088.0
"Fixed 56234, designed",10,8,11,"D 0,1 -> 6,7",12,False,0.9999999923983927,56258.0,1,False,0.009441304652025612,0.05,506346.0
"Fixed 56234, designed",10,9,20,"D 1,2 -> 6,7",12,False,1.0,56258.0,1,False,0.009441304652025612,0.05,562604.0
"Fixed 56234, designed",10,10,9,"D 0,1 -> 4,7",12,False,1.0,56258.0,1,False,0.009441304652025612,0.05,618862.0
"Fixed 56234, designed",10,11,14,"D 0,3 -> 4,7",12,False,0.9999999998187612,56258.0,1,False,0.009441304652025612,0.05,675120.0
"Fixed 56234, designed",10,12,4,S 2 -> 4,12,False,1.0,56258.0,1,False,0.009441304652025612,0.05,731378.0
"Fixed 56234, designed",10,13,12,"D 0,2 -> 4,6",12,True,0.0,56258.0,1,False,0.009441304652025612,0.05,787636.0
"Fixed 56234, designed",10,14,21,"D 1,3 -> 5,7",21,True,0.0,56259.0,1,False,0.018167337661275217,0.05,843895.0
"Fixed 56234, designed",11,0,25,"D 2,3 -> 6,7",25,True,0.0,56266.0,1,False,0.31503606513167726,0.05,56266.0
"Fixed 56234, designed",11,1,18,"D 1,2 -> 4,7",15,True,0.0,56260.0,1,False,0.29681502172579394,0.05,112526.0
"Fixed 56234, designed",11,2,8,"D 0,1 -> 4,5",8,True,0.0,56260.0,1,False,0.3764697826210095,0.05,168786.0
"Fixed 56234, designed",11,3,15,"D 0,3 -> 5,6",15,True,0.0,56262.0,1,False,0.30026357217502075,0.05,225048.0
"Fixed 56234, designed",11,4,22,"D 2,3 -> 4,5",19,False,0.30884520486840616,56266.0,1,False,0.03758523474777508,0.05,281314.0
"Fixed 56234, designed",11,5,11,"D 0,1 -> 6,7",11,True,0.0,56261.0,1,False,0.0530579340682053,0.05,337575.0
"Fixed 56234, designed",11,6,19,"D 1,2 -> 5,6",14,True,7.019012038256278e-10,56264.0,1,False,0.054109016935595354,0.05,393839.0
"Fixed 56234, designed",11,7,14,"D 0,3 -> 4,7",14,True,0.0,56260.0,1,False,0.1024217793079887,0.05,450099.0
"Fixed 56234, designed",11,8,23,"D 2,3 -> 4,7",21,False,1.0,56258.0,1,False,0.009441304783963897,0.05,506357.0
"Fixed 56234, designed",11,9,12,"D 0,2 -> 4,6",21,True,6.01624972063064e-10,56258.0,1,False,0.009441304783963897,0.05,562615.0
"Fixed 56234, designed",11,10,10,"D 0,1 -> 5,6",21,False,1.0,56259.0,1,False,0.01816733768798457,0.05,618874.0
"Fixed 56234, designed",11,11,22,"D 2,3 -> 4,5",21,False,0.9876310458633897,56259.0,1,False,0.01816733768798457,0.05,675133.0
"Fixed 56234, designed",12,0,19,"D 1,2 -> 5,6",25,False,0.052846754050403844,56266.0,1,False,0.31503606513167726,0.05,56266.0
"Fixed 56234, designed",12,1,14,"D 0,3 -> 4,7",22,False,0.0008388565620752741,56261.0,1,False,0.2986379460814117,0.05,112527.0
"Fixed 56234, designed",12,2,22,"D 2,3 -> 4,5",22,True,0.0,56261.0,1,False,0.3070247718582447,0.05,168788.0
"Fixed 56234, designed",12,3,11,"D 0,1 -> 6,7",11,True,0.0,56262.0,1,False,0.4010030868094594,0.05,225050.0
"Fixed 56234, designed",12,4,18,"D 1,2 -> 4,7",8,False,0.026297171902414207,56257.0,1,False,0.02274616133043009,0.05,281307.0
"Fixed 56234, designed",12,5,15,"D 0,3 -> 5,6",15,True,0.0,56261.0,1,False,0.03866517349568953,0.05,337568.0
"Fixed 56234, designed",12,6,12,"D 0,2 -> 4,6",8,False,0.28887758596732616,56259.0,1,False,0.03387932916403009,0.05,393827.0
"Fixed 56234, designed",12,7,25,"D 2,3 -> 6,7",21,False,0.2769938205081356,56265.0,1,False,0.04489192287271407,0.05,450092.0
"Fixed 56234, designed",12,8,8,"D 0,1 -> 4,5",8,True,0.0,56261.0,1,False,0.06178022464481997,0.05,506353.0
"Fixed 56234, designed",12,9,21,"D 1,3 -> 5,7",21,True,0.0,56261.0,1,False,0.019703273372976074,0.05,562614.0
"Fixed 56234, designed",13,0,25,"D 2,3 -> 6,7",25,True,0.0,56266.0,1,False,0.31503606513167726,0.05,56266.0
"Fixed 56234, designed",13,1,18,"D 1,2 -> 4,7",15,True,0.0,56260.0,1,False,0.29681502172579394,0.05,112526.0
"Fixed 56234, designed",13,2,8,"D 0,1 -> 4,5",8,True,0.0,56260.0,1,False,0.3764697826210095,0.05,168786.0
"Fixed 56234, designed",13,3,15,"D 0,3 -> 5,6",15,True,0.0,56262.0,1,False,0.30026357217502075,0.05,225048.0
"Fixed 56234, designed",13,4,19,"D 1,2 -> 5,6",19,True,0.0,56266.0,1,False,0.03758523474777508,0.05,281314.0
"Fixed 56234, designed",13,5,14,"D 0,3 -> 4,7",14,True,0.0,56259.0,1,False,0.06571252399006697,0.05,337573.0
"Fixed 56234, designed",13,6,11,"D 0,1 -> 6,7",22,False,0.04480658230253376,56262.0,1,False,0.043648521305584075,0.05,393835.0
"Fixed 56234, designed",13,7,22,"D 2,3 -> 4,5",22,True,0.0,56260.0,1,False,0.06967473471393487,0.05,450095.0
"Fixed 56234, designed",13,8,7,S 3 -> 7,21,False,1.0,56258.0,1,False,0.009441304763103297,0.05,506353.0
"Fixed 56234, designed",13,9,16,"D 0,3 -> 6,7",21,False,1.0,56258.0,1,False,0.009441304763103297,0.05,562611.0
"Fixed 56234, designed",13,10,0,S 0 -> 4,21,False,1.0,56258.0,1,False,0.009441304763103297,0.05,618869.0
"Fixed 56234, designed",13,11,2,S 1 -> 5,21,False,1.0,56258.0,1,False,0.009441304763103297,0.05,675127.0
"Fixed 56234, designed",13,12,1,S 0 -> 6,21,False,1.0,56258.0,1,False,0.009441304763103297,0.05,731385.0
"Fixed 56234, designed",13,13,25,"D 2,3 -> 6,7",21,False,0.9999998934268425,56258.0,1,False,0.009441304763103297,0.05,787643.0
"Fixed 56234, designed",13,14,7,S 3 -> 7,21,False,1.0,56258.0,1,False,0.009441304763103297,0.05,843901.0
"Fixed 56234, designed",13,15,12,"D 0,2 -> 4,6",21,False,2.6598955260581647e-09,56258.0,1,False,0.009441304763103297,0.05,900159.0
"Fixed 56234, designed",13,16,10,"D 0,1 -> 5,6",21,False,1.0,56259.0,1,False,0.018167337770332255,0.05,956418.0
"Fixed 56234, designed",13,17,21,"D 1,3 -> 5,7",21,True,0.0,56259.0,1,False,0.01816733751966902,0.05,1012677.0
"Fixed 56234, designed",14,0,25,"D 2,3 -> 6,7",25,True,0.0,56266.0,1,False,0.31503606513167726,0.05,56266.0
"Fixed 56234, designed",14,1,18,"D 1,2 -> 4,7",15,True,0.0,56260.0,1,False,0.29681502172579394,0.05,112526.0
"Fixed 56234, designed",14,2,8,"D 0,1 -> 4,5",8,True,0.0,56260.0,1,False,0.3764697826210095,0.05,168786.0
"Fixed 56234, designed",14,3,15,"D 0,3 -> 5,6",15,True,0.0,56262.0,1,False,0.30026357217502075,0.05,225048.0
"Fixed 56234, designed",14,4,11,"D 0,1 -> 6,7",19,False,0.356478614776494,56266.0,1,False,0.03758523474777508,0.05,281314.0
"Fixed 56234, designed",14,5,22,"D 2,3 -> 4,5",14,False,0.004491939885865492,56260.0,1,False,0.03912173614796322,0.05,337574.0
"Fixed 56234, designed",14,6,19,"D 1,2 -> 5,6",19,True,0.0,56264.0,1,False,0.054109015205618526,0.05,393838.0
"Fixed 56234, designed",14,7,14,"D 0,3 -> 4,7",14,True,0.0,56260.0,1,False,0.10242177930798524,0.05,450098.0
"Fixed 56234, designed",14,8,3,S 1 -> 7,21,False,1.0,56258.0,1,False,0.009441305135041921,0.05,506356.0
"Fixed 56234, designed",14,9,10,"D 0,1 -> 5,6",12,False,1.0,56258.0,1,False,0.009441304782253848,0.05,562614.0
"Fixed 56234, designed",14,10,19,"D 1,2 -> 5,6",12,False,0.9999998864646132,56258.0,1,False,0.009441304782253848,0.05,618872.0
"Fixed 56234, designed",14,11,12,"D 0,2 -> 4,6",12,True,0.0,56258.0,1,False,0.009441304782253848,0.05,675130.0
"Fixed 56234, designed",14,12,21,"D 1,3 -> 5,7",21,True,0.0,56259.0,1,False,0.018167337733126357,0.05,731389.0
"Fixed 56234, designed",15,0,25,"D 2,3 -> 6,7",25,True,0.0,56266.0,1,False,0.31503606513167726,0.05,56266.0
"Fixed 56234, designed",15,1,15,"D 0,3 -> 5,6",15,True,0.0,56260.0,1,False,0.29681502172579394,0.05,112526.0
"Fixed 56234, designed",15,2,8,"D 0,1 -> 4,5",8,True,0.0,56261.0,1,False,0.3764697826210095,0.05,168787.0
"Fixed 56234, designed",15,3,18,"D 1,2 -> 4,7",18,True,0.0,56260.0,1,False,0.3002635722338174,0.05,225047.0
"Fixed 56234, designed",15,4,19,"D 1,2 -> 5,6",14,True,5.182410056647768e-12,56266.0,1,False,0.03758523457422756,0.05,281313.0
"Fixed 56234, designed",15,5,14,"D 0,3 -> 4,7",14,True,0.0,56259.0,1,False,0.06571252392066197,0.05,337572.0
"Fixed 56234, designed",15,6,22,"D 2,3 -> 4,5",22,True,0.0,56262.0,1,False,0.04364852124132713,0.05,393834.0
"Fixed 56234, designed",15,7,11,"D 0,1 -> 6,7",11,True,0.0,56261.0,1,False,0.10072796416579667,0.05,450095.0
"Fixed 56234, designed",15,8,16,"D 0,3 -> 6,7",21,False,1.0,56258.0,1,False,0.009441304630083448,0.05,506353.0
"Fixed 56234, designed",15,9,17,"D 1,2 -> 4,5",21,False,1.0,56258.0,1,False,0.009441304630083448,0.05,562611.0
"Fixed 56234, designed",15,10,12,"D 0,2 -> 4,6",21,True,2.371568497139265e-10,56258.0,1,False,0.009441304630083448,0.05,618869.0
"Fixed 56234, designed",15,11,20,"D 1,2 -> 6,7",21,False,1.0,56259.0,1,False,0.018167337481629908,0.05,675128.0
"Fixed 56234, designed",15,12,7,S 3 -> 7,21,False,1.0,56259.0,1,False,0.018167337085810635,0.05,731387.0
"Fixed 56234, designed",15,13,17,"D 1,2 -> 4,5",21,False,1.0,56259.0,1,False,0.018167337499541907,0.05,787646.0
"Fixed 56234, designed",15,14,5,S 2 -> 6,21,False,1.0,56259.0,1,False,0.018167337487147682,0.05,843905.0
"Fixed 56234, designed",15,15,21,"D 1,3 -> 5,7",21,True,0.0,56259.0,1,False,0.018167337487147682,0.05,900164.0
"Fixed 56234, designed",16,0,14,"D 0,3 -> 4,7",25,False,0.052846754050403844,56266.0,1,False,0.31503606513167726,0.05,56266.0
"Fixed 56234, designed",16,1,22,"D 2,3 -> 4,5",22,True,0.0,56259.0,1,False,0.2986379460442076,0.05,112525.0
"Fixed 56234, designed",16,2,19,"D 1,2 -> 5,6",19,True,0.0,56263.0,1,False,0.35321992230088123,0.05,168788.0
"Fixed 56234, designed",16,3,11,"D 0,1 -> 6,7",11,True,0.0,56261.0,1,False,0.22254279298159932,0.05,225049.0
"Fixed 56234, designed",16,4,18,"D 1,2 -> 4,7",8,False,0.026297173989254685,56257.0,1,False,0.022746161137019386,0.05,281306.0
"Fixed 56234, designed",16,5,15,"D 0,3 -> 5,6",15,True,0.0,56261.0,1,False,0.03866517257132855,0.05,337567.0
"Fixed 56234, designed",16,6,25,"D 2,3 -> 6,7",8,False,0.022501060614619428,56259.0,1,False,0.03387932971003275,0.05,393826.0
"Fixed 56234, designed",16,7,8,"D 0,1 -> 4,5",8,True,0.0,56261.0,1,False,0.06334829037874311,0.05,450087.0
"Fixed 56234, designed",16,8,22,"D 2,3 -> 4,5",12,False,0.9999999311397473,56258.0,1,False,0.009441304860978997,0.05,506345.0
"Fixed 56234, designed",16,9,10,"D 0,1 -> 5,6",12,False,1.0,56258.0,1,False,0.009441304860978997,0.05,562603.0
"Fixed 56234, designed",16,10,21,"D 1,3 -> 5,7",12,False,2.149078026647544e-09,56258.0,1,False,0.009441304860978997,0.05,618861.0
"Fixed 56234, designed",16,11,12,"D 0,2 -> 4,6",12,True,0.0,56264.0,1,False,0.018167337713802644,0.05,675125.0
"Fixed 56234, designed",17,0,25,"D 2,3 -> 6,7",25,True,0.0,56266.0,1,False,0.31503606513167726,0.05,56266.0
"Fixed 56234, designed",17,1,15,"D 0,3 -> 5,6",15,True,0.0,56260.0,1,False,0.29681502172579394,0.05,112526.0
"Fixed 56234, designed",17,2,8,"D 0,1 -> 4,5",8,True,0.0,56261.0,1,False,0.3764697826210095,0.05,168787.0
"Fixed 56234, designed",17,3,18,"D 1,2 -> 4,7",18,True,0.0,56260.0,1,False,0.3002635722338174,0.05,225047.0
"Fixed 56234, designed",17,4,14,"D 0,3 -> 4,7",14,True,0.0,56266.0,1,False,0.03758523457422756,0.05,281313.0
"Fixed 56234, designed",17,5,19,"D 1,2 -> 5,6",19,True,0.0,56258.0,1,False,0.0657125239900671,0.05,337571.0
"Fixed 56234, designed",17,6,22,"D 2,3 -> 4,5",22,True,0.0,56262.0,1,False,0.04364852130558422,0.05,393833.0
"Fixed 56234, designed",17,7,11,"D 0,1 -> 6,7",11,True,0.0,56261.0,1,False,0.10072796416579655,0.05,450094.0
"Fixed 56234, designed",17,8,12,"D 0,2 -> 4,6",21,False,1.6493607257750398e-08,56258.0,1,False,0.009441305047874061,0.05,506352.0
"Fixed 56234, designed",17,9,2,S 1 -> 5,21,False,1.0,56259.0,1,False,0.018167337650105482,0.05,562611.0
"Fixed 56234, designed",17,10,14,"D 0,3 -> 4,7",21,False,0.9867664028909606,56259.0,1,False,0.018167337650105482,0.05,618870.0
"Fixed 56234, designed",18,0,25,"D 2,3 -> 6,7",25,True,0.0,56266.0,1,False,0.31503606513167726,0.05,56266.0
"Fixed 56234, designed",18,1,18,"D 1,2 -> 4,7",15,True,0.0,56260.0,1,False,0.29681502172579394,0.05,112526.0
"Fixed 56234, designed",18,2,8,"D 0,1 -> 4,5",8,True,0.0,56260.0,1,False,0.3764697826210095,0.05,168786.0
"Fixed 56234, designed",18,3,15,"D 0,3 -> 5,6",15,True,0.0,56262.0,1,False,0.30026357217502075,0.05,225048.0
"Fixed 56234, designed",18,4,19,"D 1,2 -> 5,6",19,True,0.0,56266.0,1,False,0.03758523474777508,0.05,281314.0
"Fixed 56234, designed",18,5,14,"D 0,3 -> 4,7",14,True,0.0,56259.0,1,False,0.06571252399006697,0.05,337573.0
"Fixed 56234, designed",18,6,22,"D 2,3 -> 4,5",22,True,0.0,56262.0,1,False,0.043648521305584075,0.05,393835.0
"Fixed 56234, designed",18,7,11,"D 0,1 -> 6,7",11,True,0.0,56261.0,1,False,0.10072796416579774,0.05,450096.0
"Fixed 56234, designed",18,8,5,S 2 -> 6,21,False,1.0,56258.0,1,False,0.009441304483876945,0.05,506354.0
"Fixed 56234, designed",18,9,11,"D 0,1 -> 6,7",12,False,0.9999999972400071,56258.0,1,False,0.00944130454604846,0.05,562612.0
"Fixed 56234, designed",18,10,12,"D 0,2 -> 4,6",12,True,0.0,56258.0,1,False,0.00944130454604846,0.05,618870.0
"Fixed 56234, designed",18,11,23,"D 2,3 -> 4,7",21,False,1.0,56259.0,1,False,0.01816733860316495,0.05,675129.0
"Fixed 56234, designed",18,12,21,"D 1,3 -> 5,7",21,True,0.0,56259.0,1,False,0.01816733823238205,0.05,731388.0
"Fixed 56234, designed",19,0,25,"D 2,3 -> 6,7",25,True,0.0,56266.0,1,False,0.31503606513167726,0.05,56266.0
"Fixed 56234, designed",19,1,18,"D 1,2 -> 4,7",15,True,0.0,56260.0,1,False,0.29681502172579394,0.05,112526.0
"Fixed 56234, designed",19,2,8,"D 0,1 -> 4,5",8,True,0.0,56260.0,1,False,0.3764697826210095,0.05,168786.0
"Fixed 56234, designed",19,3,15,"D 0,3 -> 5,6",15,True,0.0,56262.0,1,False,0.30026357217502075,0.05,225048.0
"Fixed 56234, designed",19,4,11,"D 0,1 -> 6,7",19,False,0.356478614776494,56266.0,1,False,0.03758523474777508,0.05,281314.0
"Fixed 56234, designed",19,5,22,"D 2,3 -> 4,5",14,False,0.004491939885865492,56260.0,1,False,0.03912173614796322,0.05,337574.0
"Fixed 56234, designed",19,6,19,"D 1,2 -> 5,6",19,True,0.0,56264.0,1,False,0.054109015205618526,0.05,393838.0
"Fixed 56234, designed",19,7,14,"D 0,3 -> 4,7",14,True,0.0,56260.0,1,False,0.10242177930798524,0.05,450098.0
"Fixed 56234, designed",19,8,5,S 2 -> 6,21,False,1.0,56258.0,1,False,0.009441305135041921,0.05,506356.0
"Fixed 56234, designed",19,9,22,"D 2,3 -> 4,5",12,False,0.9999999782796114,56258.0,1,False,0.009441304782253848,0.05,562614.0
"Fixed 56234, designed",19,10,10,"D 0,1 -> 5,6",12,False,1.0,56258.0,1,False,0.009441304782253848,0.05,618872.0
"Fixed 56234, designed",19,11,6,S 3 -> 5,12,False,1.0,56258.0,1,False,0.009441304782253848,0.05,675130.0
"Fixed 56234, designed",19,12,12,"D 0,2 -> 4,6",12,True,0.0,56258.0,1,False,0.009441304782253848,0.06,731388.0
"Fixed 56234, designed",19,13,21,"D 1,3 -> 5,7",21,True,0.0,56259.0,1,False,0.018167337690108427,0.05,787647.0
"Fixed 56234, designed",20,0,25,"D 2,3 -> 6,7",25,True,0.0,56266.0,1,False,0.31503606513167726,0.05,56266.0
"Fixed 56234, designed",20,1,18,"D 1,2 -> 4,7",15,True,0.0,56260.0,1,False,0.29681502172579394,0.05,112526.0
"Fixed 56234, designed",20,2,8,"D 0,1 -> 4,5",8,True,0.0,56260.0,1,False,0.3764697826210095,0.05,168786.0
"Fixed 56234, designed",20,3,15,"D 0,3 -> 5,6",15,True,0.0,56262.0,1,False,0.30026357217502075,0.05,225048.0
"Fixed 56234, designed",20,4,22,"D 2,3 -> 4,5",19,False,0.30884520486840616,56266.0,1,False,0.03758523474777508,0.05,281314.0
"Fixed 56234, designed",20,5,11,"D 0,1 -> 6,7",11,True,0.0,56261.0,1,False,0.0530579340682053,0.05,337575.0
"Fixed 56234, designed",20,6,14,"D 0,3 -> 4,7",14,True,0.0,56264.0,1,False,0.054109016935595354,0.05,393839.0
"Fixed 56234, designed",20,7,19,"D 1,2 -> 5,6",19,True,0.0,56263.0,1,False,0.10242178082410709,0.05,450102.0
"Fixed 56234, designed",20,8,20,"D 1,2 -> 6,7",21,False,1.0,56258.0,1,False,0.009441304591322936,0.05,506360.0
"Fixed 56234, designed",20,9,12,"D 0,2 -> 4,6",21,True,3.603128906348729e-11,56258.0,1,False,0.009441304591322936,0.05,562618.0
"Fixed 56234, designed",20,10,11,"D 0,1 -> 6,7",21,False,0.9826751311836607,56259.0,1,False,0.01816733768400588,0.05,618877.0
"Fixed 56234, designed",21,0,25,"D 2,3 -> 6,7",25,True,0.0,56266.0,1,False,0.31503606513167726,0.05,56266.0
"Fixed 56234, designed",21,1,18,"D 1,2 -> 4,7",15,True,0.0,56260.0,1,False,0.29681502172579394,0.05,112526.0
"Fixed 56234, designed",21,2,8,"D 0,1 -> 4,5",8,True,0.0,56260.0,1,False,0.3764697826210095,0.05,168786.0
"Fixed 56234, designed",21,3,15,"D 0,3 -> 5,6",15,True,0.0,56262.0,1,False,0.30026357217502075,0.05,225048.0
"Fixed 56234, designed",21,4,19,"D 1,2 -> 5,6",19,True,0.0,56266.0,1,False,0.03758523474777508,0.05,281314.0
"Fixed 56234, designed",21,5,14,"D 0,3 -> 4,7",14,True,0.0,56259.0,1,False,0.06571252399006697,0.05,337573.0
"Fixed 56234, designed",21,6,22,"D 2,3 -> 4,5",22,True,0.0,56262.0,1,False,0.043648521305584075,0.05,393835.0
"Fixed 56234, designed",21,7,11,"D 0,1 -> 6,7",11,True,0.0,56261.0,1,False,0.10072796416579774,0.05,450096.0
"Fixed 56234, designed",21,8,11,"D 0,1 -> 6,7",21,False,0.999999951366124,56258.0,1,False,0.009441304483876945,0.05,506354.0
"Fixed 56234, designed",21,9,25,"D 2,3 -> 6,7",12,False,0.9999999639278673,56258.0,1,False,0.009441304535539489,0.05,562612.0
"Fixed 56234, designed",21,10,12,"D 0,2 -> 4,6",12,True,0.0,56258.0,1,False,0.009441304535539489,0.05,618870.0
"Fixed 56234, designed",21,11,12,"D 0,2 -> 4,6",21,False,0.9999999993516437,56259.0,1,False,0.018167337739336282,0.05,675129.0
"Fixed 56234, designed",21,12,19,"D 1,2 -> 5,6",21,False,0.9867734352501842,56259.0,1,False,0.0181673377492936,0.05,731388.0
"Fixed 56234, designed",22,0,25,"D 2,3 -> 6,7",25,True,0.0,56266.0,1,False,0.31503606513167726,0.05,56266.0
"Fixed 56234, designed",22,1,15,"D 0,3 -> 5,6",15,True,0.0,56260.0,1,False,0.29681502172579394,0.05,112526.0
"Fixed 56234, designed",22,2,8,"D 0,1 -> 4,5",8,True,0.0,56261.0,1,False,0.3764697826210095,0.05,168787.0
"Fixed 56234, designed",22,3,18,"D 1,2 -> 4,7",18,True,0.0,56260.0,1,False,0.3002635722338174,0.05,225047.0
"Fixed 56234, designed",22,4,14,"D 0,3 -> 4,7",14,True,0.0,56266.0,1,False,0.03758523457422756,0.05,281313.0
"Fixed 56234, designed",22,5,19,"D 1,2 -> 5,6",19,True,0.0,56258.0,1,False,0.0657125239900671,0.05,337571.0
"Fixed 56234, designed",22,6,11,"D 0,1 -> 6,7",22,False,0.044806582302531095,56262.0,1,False,0.04364852130558422,0.05,393833.0
"Fixed 56234, designed",22,7,22,"D 2,3 -> 4,5",22,True,0.0,56260.0,1,False,0.06967473471683744,0.05,450093.0
"Fixed 56234, designed",22,8,14,"D 0,3 -> 4,7",12,False,0.9999999421513336,56258.0,1,False,0.009441304763103292,0.05,506351.0
"Fixed 56234, designed",22,9,4,S 2 -> 4,12,False,1.0,56258.0,1,False,0.009441304763103292,0.05,562609.0
"Fixed 56234, designed",22,10,12,"D 0,2 -> 4,6",12,True,0.0,56258.0,1,False,0.009441304763103292,0.05,618867.0
"Fixed 56234, designed",22,11,20,"D 1,2 -> 6,7",21,False,1.0,56259.0,1,False,0.01816733761597022,0.05,675126.0
"Fixed 56234, designed",22,12,2,S 1 -> 5,21,False,1.0,56259.0,1,False,0.01816733761597022,0.05,731385.0
"Fixed 56234, designed",22,13,12,"D 0,2 -> 4,6",21,False,0.9999999733879789,56259.0,1,False,0.01816733761597022,0.05,787644.0
"Fixed 56234, designed",22,14,8,"D 0,1 -> 4,5",21,False,0.9936898298026261,56259.0,1,False,0.01816733761597022,0.05,843903.0
"Fixed 56234, designed",23,0,25,"D 2,3 -> 6,7",25,True,0.0,56266.0,1,False,0.31503606513167726,0.05,56266.0
"Fixed 56234, designed",23,1,18,"D 1,2 -> 4,7",15,True,0.0,56260.0,1,False,0.29681502172579394,0.05,112526.0
"Fixed 56234, designed",23,2,8,"D 0,1 -> 4,5",8,True,0.0,56260.0,1,False,0.3764697826210095,0.05,168786.0
"Fixed 56234, designed",23,3,15,"D 0,3 -> 5,6",15,True,0.0,56262.0,1,False,0.30026357217502075,0.06,225048.0
"Fixed 56234, designed",23,4,14,"D 0,3 -> 4,7",19,True,5.80789971671436e-10,56266.0,1,False,0.03758523474777508,0.05,281314.0
"Fixed 56234, designed",23,5,19,"D 1,2 -> 5,6",19,True,0.0,56258.0,1,False,0.0657125239206618,0.05,337572.0
"Fixed 56234, designed",23,6,22,"D 2,3 -> 4,5",22,True,0.0,56262.0,1,False,0.043648521241327065,0.05,393834.0
"Fixed 56234, designed",23,7,11,"D 0,1 -> 6,7",11,True,0.0,56261.0,1,False,0.10072796416579699,0.05,450095.0
"Fixed 56234, designed",23,8,4,S 2 -> 4,21,False,1.0,56258.0,1,False,0.009441304483876924,0.05,506353.0
"Fixed 56234, designed",23,9,1,S 0 -> 6,12,False,1.0,56258.0,1,False,0.009441304546048494,0.05,562611.0
"Fixed 56234, designed",23,10,7,S 3 -> 7,12,False,1.0,56258.0,1,False,0.009441304546048494,0.05,618869.0
"Fixed 56234, designed",23,11,21,"D 1,3 -> 5,7",12,True,6.400169283438117e-10,56258.0,1,False,0.009441304546048494,0.05,675127.0
"Fixed 56234, designed",23,12,8,"D 0,1 -> 4,5",12,False,0.9936899643872366,56264.0,1,False,0.018167337499938888,0.05,731391.0
"Fixed 56234, designed",24,0,25,"D 2,3 -> 6,7",25,True,0.0,56266.0,1,False,0.31503606513167726,0.05,56266.0
"Fixed 56234, designed",24,1,15,"D 0,3 -> 5,6",15,True,0.0,56260.0,1,False,0.29681502172579394,0.05,112526.0
"Fixed 56234, designed",24,2,8,"D 0,1 -> 4,5",8,True,0.0,56261.0,1,False,0.3764697826210095,0.05,168787.0
"Fixed 56234, designed",24,3,18,"D 1,2 -> 4,7",18,True,0.0,56260.0,1,False,0.3002635722338174,0.05,225047.0
"Fixed 56234, designed",24,4,19,"D 1,2 -> 5,6",14,True,5.182410056647768e-12,56266.0,1,False,0.03758523457422756,0.05,281313.0
"Fixed 56234, designed",24,5,14,"D 0,3 -> 4,7",14,True,0.0,56259.0,1,False,0.06571252392066197,0.05,337572.0
"Fixed 56234, designed",24,6,11,"D 0,1 -> 6,7",22,False,0.044806582285143115,56262.0,1,False,0.04364852124132713,0.05,393834.0
"Fixed 56234, designed",24,7,22,"D 2,3 -> 4,5",22,True,0.0,56260.0,1,False,0.06967473471393487,0.05,450094.0
"Fixed 56234, designed",24,8,25,"D 2,3 -> 6,7",21,False,0.9999999919569077,56258.0,1,False,0.009441304632724919,0.05,506352.0
"Fixed 56234, designed",24,9,20,"D 1,2 -> 6,7",21,False,1.0,56258.0,1,False,0.009441304632724919,0.05,562610.0
"Fixed 56234, designed",24,10,0,S 0 -> 4,21,False,1.0,56258.0,1,False,0.009441304632724919,0.05,618868.0
"Fixed 56234, designed",24,11,21,"D 1,3 -> 5,7",21,True,0.0,56258.0,1,False,0.009441304632724919,0.05,675126.0
"Fixed 56234, designed",24,12,21,"D 1,3 -> 5,7",12,False,0.999999985193143,56264.0,1,False,0.01816733768803127,0.05,731390.0
"Fixed 56234, designed",24,13,11,"D 0,1 -> 6,7",12,False,0.9826751875341039,56264.0,1,False,0.01816733768803127,0.05,787654.0
"Fixed 56234, designed",25,0,25,"D 2,3 -> 6,7",25,True,0.0,56266.0,1,False,0.31503606513167726,0.05,56266.0
"Fixed 56234, designed",25,1,18,"D 1,2 -> 4,7",15,True,0.0,56260.0,1,False,0.29681502172579394,0.05,112526.0
"Fixed 56234, designed",25,2,8,"D 0,1 -> 4,5",8,True,0.0,56260.0,1,False,0.3764697826210095,0.05,168786.0
"Fixed 56234, designed",25,3,15,"D 0,3 -> 5,6",15,True,0.0,56262.0,1,False,0.30026357217502075,0.05,225048.0
"Fixed 56234, designed",25,4,19,"D 1,2 -> 5,6",19,True,0.0,56266.0,1,False,0.03758523474777508,0.05,281314.0
"Fixed 56234, designed",25,5,14,"D 0,3 -> 4,7",14,True,0.0,56259.0,1,False,0.06571252399006697,0.05,337573.0
"Fixed 56234, designed",25,6,22,"D 2,3 -> 4,5",22,True,0.0,56262.0,1,False,0.043648521305584075,0.05,393835.0
"Fixed 56234, designed",25,7,11,"D 0,1 -> 6,7",11,True,0.0,56261.0,1,False,0.10072796416579774,0.05,450096.0
"Fixed 56234, designed",25,8,21,"D 1,3 -> 5,7",21,True,0.0,56258.0,1,False,0.009441304483876945,0.05,506354.0
"Fixed 56234, designed",25,9,10,"D 0,1 -> 5,6",12,False,1.0,56264.0,1,False,0.018167337522397423,0.05,562618.0
"Fixed 56234, designed",25,10,12,"D 0,2 -> 4,6",12,True,0.0,56264.0,1,False,0.018167337214317784,0.05,618882.0
"Fixed 56234, designed",26,0,25,"D 2,3 -> 6,7",25,True,0.0,56266.0,1,False,0.31503606513167726,0.05,56266.0
"Fixed 56234, designed",26,1,18,"D 1,2 -> 4,7",15,True,0.0,56260.0,1,False,0.29681502172579394,0.05,112526.0
"Fixed 56234, designed",26,2,8,"D 0,1 -> 4,5",8,True,0.0,56260.0,1,False,0.3764697826210095,0.05,168786.0
"Fixed 56234, designed",26,3,15,"D 0,3 -> 5,6",15,True,0.0,56262.0,1,False,0.30026357217502075,0.05,225048.0
"Fixed 56234, designed",26,4,14,"D 0,3 -> 4,7",19,True,5.80789971671436e-10,56266.0,1,False,0.03758523474777508,0.05,281314.0
"Fixed 56234, designed",26,5,19,"D 1,2 -> 5,6",19,True,0.0,56258.0,1,False,0.0657125239206618,0.05,337572.0
"Fixed 56234, designed",26,6,22,"D 2,3 -> 4,5",22,True,0.0,56262.0,1,False,0.043648521241327065,0.05,393834.0
"Fixed 56234, designed",26,7,11,"D 0,1 -> 6,7",11,True,0.0,56261.0,1,False,0.10072796416579699,0.05,450095.0
"Fixed 56234, designed",26,8,0,S 0 -> 4,21,False,1.0,56258.0,1,False,0.009441304483876924,0.05,506353.0
"Fixed 56234, designed",26,9,12,"D 0,2 -> 4,6",12,True,0.0,56258.0,1,False,0.009441304546048494,0.05,562611.0
"Fixed 56234, designed",26,10,10,"D 0,1 -> 5,6",21,False,1.0,56259.0,1,False,0.018167337649211975,0.05,618870.0
"Fixed 56234, designed",26,11,23,"D 2,3 -> 4,7",21,False,1.0,56259.0,1,False,0.018167337649211975,0.05,675129.0
"Fixed 56234, designed",26,12,1,S 0 -> 6,21,False,1.0,56259.0,1,False,0.018167337649211975,0.05,731388.0
"Fixed 56234, designed",26,13,2,S 1 -> 5,21,False,1.0,56259.0,1,False,0.018167337649211975,0.05,787647.0
"Fixed 56234, designed",26,14,21,"D 1,3 -> 5,7",21,True,0.0,56259.0,1,False,0.018167337649211975,0.05,843906.0
"Fixed 56234, designed",27,0,25,"D 2,3 -> 6,7",25,True,0.0,56266.0,1,False,0.31503606513167726,0.05,56266.0
"Fixed 56234, designed",27,1,15,"D 0,3 -> 5,6",15,True,0.0,56260.0,1,False,0.29681502172579394,0.05,112526.0
"Fixed 56234, designed",27,2,8,"D 0,1 -> 4,5",8,True,0.0,56261.0,1,False,0.3764697826210095,0.05,168787.0
"Fixed 56234, designed",27,3,18,"D 1,2 -> 4,7",18,True,0.0,56260.0,1,False,0.3002635722338174,0.05,225047.0
"Fixed 56234, designed",27,4,14,"D 0,3 -> 4,7",14,True,0.0,56266.0,1,False,0.03758523457422756,0.05,281313.0
"Fixed 56234, designed",27,5,19,"D 1,2 -> 5,6",19,True,0.0,56258.0,1,False,0.0657125239900671,0.05,337571.0
"Fixed 56234, designed",27,6,22,"D 2,3 -> 4,5",22,True,0.0,56262.0,1,False,0.04364852130558422,0.05,393833.0
"Fixed 56234, designed",27,7,11,"D 0,1 -> 6,7",11,True,0.0,56261.0,1,False,0.10072796416579655,0.05,450094.0
"Fixed 56234, designed",27,8,4,S 2 -> 4,21,False,1.0,56258.0,1,False,0.009441305047874061,0.05,506352.0
"Fixed 56234, designed",27,9,10,"D 0,1 -> 5,6",21,False,1.0,56258.0,1,False,0.00944130458544351,0.05,562610.0
"Fixed 56234, designed",27,10,11,"D 0,1 -> 6,7",21,False,0.9999999949709496,56258.0,1,False,0.00944130458544351,0.05,618868.0
"Fixed 56234, designed",27,11,12,"D 0,2 -> 4,6",21,True,8.03115351999395e-11,56258.0,1,False,0.00944130458544351,0.05,675126.0
"Fixed 56234, designed",27,12,21,"D 1,3 -> 5,7",21,True,0.0,56259.0,1,False,0.018167338685729263,0.05,731385.0
"Fixed 56234, designed",28,0,25,"D 2,3 -> 6,7",25,True,0.0,56266.0,1,False,0.31503606513167726,0.05,56266.0
"Fixed 56234, designed",28,1,18,"D 1,2 -> 4,7",15,True,0.0,56260.0,1,False,0.29681502172579394,0.05,112526.0
"Fixed 56234, designed",28,2,8,"D 0,1 -> 4,5",8,True,0.0,56260.0,1,False,0.3764697826210095,0.05,168786.0
"Fixed 56234, designed",28,3,15,"D 0,3 -> 5,6",15,True,0.0,56262.0,1,False,0.30026357217502075,0.05,225048.0
"Fixed 56234, designed",28,4,19,"D 1,2 -> 5,6",19,True,0.0,56266.0,1,False,0.03758523474777508,0.05,281314.0
"Fixed 56234, designed",28,5,14,"D 0,3 -> 4,7",14,True,0.0,56259.0,1,False,0.06571252399006697,0.05,337573.0
"Fixed 56234, designed",28,6,22,"D 2,3 -> 4,5",22,True,0.0,56262.0,1,False,0.043648521305584075,0.05,393835.0
"Fixed 56234, designed",28,7,11,"D 0,1 -> 6,7",11,True,0.0,56261.0,1,False,0.10072796416579774,0.05,450096.0
"Fixed 56234, designed",28,8,14,"D 0,3 -> 4,7",21,False,0.99999992672884,56258.0,1,False,0.009441304483876945,0.05,506354.0
"Fixed 56234, designed",28,9,6,S 3 -> 5,12,False,1.0,56258.0,1,False,0.009441304593977125,0.05,562612.0
"Fixed 56234, designed",28,10,9,"D 0,1 -> 4,7",21,False,1.0,56258.0,1,False,0.009441304589088604,0.05,618870.0
"Fixed 56234, designed",28,11,20,"D 1,2 -> 6,7",21,False,1.0,56258.0,1,False,0.009441304589088604,0.05,675128.0
"Fixed 56234, designed",28,12,9,"D 0,1 -> 4,7",21,False,1.0,56258.0,1,False,0.009441304589088604,0.05,731386.0
"Fixed 56234, designed",28,13,22,"D 2,3 -> 4,5",21,False,0.9999999988513532,56258.0,1,False,0.009441304589088604,0.05,787644.0
"Fixed 56234, designed",28,14,9,"D 0,1 -> 4,7",21,False,1.0,56258.0,1,False,0.009441304589088604,0.05,843902.0
"Fixed 56234, designed",28,15,21,"D 1,3 -> 5,7",21,True,0.0,56258.0,1,False,0.009441304589088604,0.05,900160.0
"Fixed 56234, designed",28,16,12,"D 0,2 -> 4,6",12,True,0.0,56264.0,1,False,0.01816733767856029,0.05,956424.0
"Fixed 56234, designed",29,0,25,"D 2,3 -> 6,7",25,True,0.0,56266.0,1,False,0.31503606513167726,0.05,56266.0
"Fixed 56234, designed",29,1,15,"D 0,3 -> 5,6",15,True,0.0,56260.0,1,False,0.29681502172579394,0.05,112526.0
"Fixed 56234, designed",29,2,8,"D 0,1 -> 4,5",8,True,0.0,56261.0,1,False,0.3764697826210095,0.05,168787.0
"Fixed 56234, designed",29,3,18,"D 1,2 -> 4,7",18,True,0.0,56260.0,1,False,0.3002635722338174,0.05,225047.0
"Fixed 56234, designed",29,4,19,"D 1,2 -> 5,6",14,True,5.182410056647768e-12,56266.0,1,False,0.03758523457422756,0.05,281313.0
"Fixed 56234, designed",29,5,14,"D 0,3 -> 4,7",14,True,0.0,56259.0,1,False,0.06571252392066197,0.05,337572.0
"Fixed 56234, designed",29,6,11,"D 0,1 -> 6,7",22,False,0.044806582285143115,56262.0,1,False,0.04364852124132713,0.05,393834.0
"Fixed 56234, designed",29,7,22,"D 2,3 -> 4,5",22,True,0.0,56260.0,1,False,0.06967473471393487,0.05,450094.0
"Fixed 56234, designed",29,8,9,"D 0,1 -> 4,7",21,False,1.0,56258.0,1,False,0.009441304632724919,0.05,506352.0
"Fixed 56234, designed",29,9,7,S 3 -> 7,21,False,1.0,56258.0,1,False,0.009441304632724919,0.05,562610.0
"Fixed 56234, designed",29,10,21,"D 1,3 -> 5,7",21,True,0.0,56258.0,1,False,0.009441304632724919,0.05,618868.0
"Fixed 56234, designed",29,11,12,"D 0,2 -> 4,6",12,True,0.0,56264.0,1,False,0.018167337649211596,0.05,675132.0
"Fixed 56234, designed",30,0,25,"D 2,3 -> 6,7",25,True,0.0,56266.0,1,False,0.31503606513167726,0.05,56266.0
"Fixed 56234, designed",30,1,18,"D 1,2 -> 4,7",15,True,0.0,56260.0,1,False,0.29681502172579394,0.05,112526.0
"Fixed 56234, designed",30,2,8,"D 0,1 -> 4,5",8,True,0.0,56260.0,1,False,0.3764697826210095,0.05,168786.0
"Fixed 56234, designed",30,3,15,"D 0,3 -> 5,6",15,True,0.0,56262.0,1,False,0.30026357217502075,0.06,225048.0
"Fixed 56234, designed",30,4,19,"D 1,2 -> 5,6",19,True,0.0,56266.0,1,False,0.03758523474777508,0.05,281314.0
"Fixed 56234, designed",30,5,14,"D 0,3 -> 4,7",14,True,0.0,56259.0,1,False,0.06571252399006697,0.05,337573.0
"Fixed 56234, designed",30,6,22,"D 2,3 -> 4,5",22,True,0.0,56262.0,1,False,0.043648521305584075,0.05,393835.0
"Fixed 56234, designed",30,7,11,"D 0,1 -> 6,7",11,True,0.0,56261.0,1,False,0.10072796416579774,0.05,450096.0
"Fixed 56234, designed",30,8,19,"D 1,2 -> 5,6",21,False,0.9999999644488752,56258.0,1,False,0.009441304483876945,0.05,506354.0
"Fixed 56234, designed",30,9,15,"D 0,3 -> 5,6",12,False,0.9999999718877657,56258.0,1,False,0.009441304531544882,0.05,562612.0
"Fixed 56234, designed",30,10,21,"D 1,3 -> 5,7",12,False,1.5669395780903983e-09,56258.0,1,False,0.009441304531544882,0.05,618870.0
"Fixed 56234, designed",30,11,12,"D 0,2 -> 4,6",12,True,0.0,56264.0,1,False,0.01816733815823985,0.05,675134.0
"Fixed 56234, designed",31,0,25,"D 2,3 -> 6,7",25,True,0.0,56266.0,1,False,0.31503606513167726,0.05,56266.0
"Fixed 56234, designed",31,1,18,"D 1,2 -> 4,7",15,True,0.0,56260.0,1,False,0.29681502172579394,0.05,112526.0
"Fixed 56234, designed",31,2,8,"D 0,1 -> 4,5",8,True,0.0,56260.0,1,False,0.3764697826210095,0.05,168786.0
"Fixed 56234, designed",31,3,15,"D 0,3 -> 5,6",15,True,0.0,56262.0,1,False,0.30026357217502075,0.05,225048.0
"Fixed 56234, designed",31,4,19,"D 1,2 -> 5,6",19,True,0.0,56266.0,1,False,0.03758523474777508,0.05,281314.0
"Fixed 56234, designed",31,5,14,"D 0,3 -> 4,7",14,True,0.0,56259.0,1,False,0.06571252399006697,0.05,337573.0
"Fixed 56234, designed",31,6,22,"D 2,3 -> 4,5",22,True,0.0,56262.0,1,False,0.043648521305584075,0.05,393835.0
"Fixed 56234, designed",31,7,11,"D 0,1 -> 6,7",11,True,0.0,56261.0,1,False,0.10072796416579774,0.05,450096.0
"Fixed 56234, designed",31,8,20,"D 1,2 -> 6,7",21,False,1.0,56258.0,1,False,0.009441304483876945,0.05,506354.0
"Fixed 56234, designed",31,9,15,"D 0,3 -> 5,6",12,False,0.9999999673685087,56258.0,1,False,0.00944130454604846,0.05,562612.0
"Fixed 56234, designed",31,10,4,S 2 -> 4,12,False,1.0,56258.0,1,False,0.00944130454604846,0.05,618870.0
"Fixed 56234, designed",31,11,14,"D 0,3 -> 4,7",12,False,0.999999969825121,56258.0,1,False,0.00944130454604846,0.05,675128.0
"Fixed 56234, designed",31,12,21,"D 1,3 -> 5,7",12,True,6.400112662063862e-10,56258.0,1,False,0.00944130454604846,0.05,731386.0
"Fixed 56234, designed",31,13,12,"D 0,2 -> 4,6",12,True,0.0,56264.0,1,False,0.018167337663919158,0.05,787650.0
"Fixed 56234, designed",32,0,25,"D 2,3 -> 6,7",25,True,0.0,56266.0,1,False,0.31503606513167726,0.05,56266.0
"Fixed 56234, designed",32,1,8,"D 0,1 -> 4,5",15,False,0.033311851350335986,56260.0,1,False,0.29681502172579394,0.05,112526.0
"Fixed 56234, designed",32,2,15,"D 0,3 -> 5,6",15,True,0.0,56258.0,1,False,0.303713351808019,0.05,168784.0
"Fixed 56234, designed",32,3,18,"D 1,2 -> 4,7",18,True,0.0,56258.0,1,False,0.38824803810173436,0.05,225042.0
"Fixed 56234, designed",32,4,14,"D 0,3 -> 4,7",14,True,0.0,56266.0,1,False,0.03758523456612019,0.05,281308.0
"Fixed 56234, designed",32,5,19,"D 1,2 -> 5,6",19,True,0.0,56258.0,1,False,0.0657125241352967,0.05,337566.0
"Fixed 56234, designed",32,6,11,"D 0,1 -> 6,7",22,False,0.04480658474782895,56262.0,1,False,0.043648521856409134,0.05,393828.0
"Fixed 56234, designed",32,7,22,"D 2,3 -> 4,5",22,True,0.0,56260.0,1,False,0.06967473568968069,0.05,450088.0
"Fixed 56234, designed",32,8,3,S 1 -> 7,12,False,1.0,56258.0,1,False,0.00944130465202562,0.05,506346.0
"Fixed 56234, designed",32,9,21,"D 1,3 -> 5,7",12,True,0.0,56258.0,1,False,0.00944130465202562,0.05,562604.0
"Fixed 56234, designed",32,10,5,S 2 -> 6,12,False,1.0,56264.0,1,False,0.018167337417688455,0.05,618868.0
"Fixed 56234, designed",32,11,12,"D 0,2 -> 4,6",12,True,0.0,56264.0,1,False,0.018167337417688455,0.05,675132.0
"Fixed 56234, designed",33,0,25,"D 2,3 -> 6,7",25,True,0.0,56266.0,1,False,0.31503606513167726,0.05,56266.0
"Fixed 56234, designed",33,1,18,"D 1,2 -> 4,7",15,True,0.0,56260.0,1,False,0.29681502172579394,0.05,112526.0
"Fixed 56234, designed",33,2,8,"D 0,1 -> 4,5",8,True,0.0,56260.0,1,False,0.3764697826210095,0.05,168786.0
"Fixed 56234, designed",33,3,15,"D 0,3 -> 5,6",15,True,0.0,56262.0,1,False,0.30026357217502075,0.05,225048.0
"Fixed 56234, designed",33,4,14,"D 0,3 -> 4,7",19,True,5.80789971671436e-10,56266.0,1,False,0.03758523474777508,0.05,281314.0
"Fixed 56234, designed",33,5,19,"D 1,2 -> 5,6",19,True,0.0,56258.0,1,False,0.0657125239206618,0.05,337572.0
"Fixed 56234, designed",33,6,22,"D 2,3 -> 4,5",22,True,0.0,56262.0,1,False,0.043648521241327065,0.05,393834.0
"Fixed 56234, designed",33,7,11,"D 0,1 -> 6,7",11,True,0.0,56261.0,1,False,0.10072796416579699,0.05,450095.0
"Fixed 56234, designed",33,8,9,"D 0,1 -> 4,7",21,False,1.0,56258.0,1,False,0.009441304483876924,0.05,506353.0
"Fixed 56234, designed",33,9,21,"D 1,3 -> 5,7",12,True,6.400169283438117e-10,56258.0,1,False,0.009441304546048494,0.05,562611.0
"Fixed 56234, designed",33,10,7,S 3 -> 7,12,False,1.0,56264.0,1,False,0.018167337499938888,0.05,618875.0
"Fixed 56234, designed",33,11,11,"D 0,1 -> 6,7",12,False,0.9826750721555635,56264.0,1,False,0.018167337499938888,0.05,675139.0
"Fixed 56234, designed",34,0,25,"D 2,3 -> 6,7",25,True,0.0,56266.0,1,False,0.31503606513167726,0.05,56266.0
"Fixed 56234, designed",34,1,8,"D 0,1 -> 4,5",15,False,0.033311851350335986,56260.0,1,False,0.29681502172579394,0.05,112526.0
"Fixed 56234, designed",34,2,18,"D 1,2 -> 4,7",15,True,5.551115123125783e-16,56258.0,1,False,0.303713351808019,0.05,168784.0
"Fixed 56234, designed",34,3,15,"D 0,3 -> 5,6",15,True,0.0,56258.0,1,False,0.38824803810173447,0.05,225042.0
"Fixed 56234, designed",34,4,19,"D 1,2 -> 5,6",19,True,0.0,56266.0,1,False,0.03758523456612009,0.05,281308.0
"Fixed 56234, designed",34,5,14,"D 0,3 -> 4,7",14,True,0.0,56259.0,1,False,0.06571252413529677,0.05,337567.0
"Fixed 56234, designed",34,6,11,"D 0,1 -> 6,7",22,False,0.044806584747831724,56262.0,1,False,0.04364852185640933,0.05,393829.0
"Fixed 56234, designed",34,7,22,"D 2,3 -> 4,5",22,True,0.0,56260.0,1,False,0.06967473512434036,0.05,450089.0
"Fixed 56234, designed",34,8,2,S 1 -> 5,12,False,1.0,56258.0,1,False,0.009441304652025582,0.05,506347.0
"Fixed 56234, designed",34,9,7,S 3 -> 7,12,False,1.0,56258.0,1,False,0.009441304652025582,0.05,562605.0
"Fixed 56234, designed",34,10,24,"D 2,3 -> 5,6",12,False,1.0,56258.0,1,False,0.009441304652025582,0.05,618863.0
"Fixed 56234, designed",34,11,7,S 3 -> 7,12,False,1.0,56258.0,1,False,0.009441304652025582,0.05,675121.0
"Fixed 56234, designed",34,12,21,"D 1,3 -> 5,7",12,True,1.6653345369377348e-15,56258.0,1,False,0.009441304652025582,0.05,731379.0
"Fixed 56234, designed",34,13,10,"D 0,1 -> 5,6",12,False,1.0,56264.0,1,False,0.018167337417688407,0.05,787643.0
"Fixed 56234, designed",34,14,9,"D 0,1 -> 4,7",12,False,1.0,56264.0,1,False,0.018167337417688407,0.05,843907.0
"Fixed 56234, designed",34,15,6,S 3 -> 5,12,False,1.0,56264.0,1,False,0.018167337417688407,0.05,900171.0
"Fixed 56234, designed",34,16,12,"D 0,2 -> 4,6",12,True,0.0,56264.0,1,False,0.018167337417688407,0.05,956435.0
"Fixed 56234, designed",35,0,25,"D 2,3 -> 6,7",25,True,0.0,56266.0,1,False,0.31503606513167726,0.05,56266.0
"Fixed 56234, designed",35,1,18,"D 1,2 -> 4,7",15,True,0.0,56260.0,1,False,0.29681502172579394,0.05,112526.0
"Fixed 56234, designed",35,2,8,"D 0,1 -> 4,5",8,True,0.0,56260.0,1,False,0.3764697826210095,0.05,168786.0
"Fixed 56234, designed",35,3,15,"D 0,3 -> 5,6",15,True,0.0,56262.0,1,False,0.30026357217502075,0.05,225048.0
"Fixed 56234, designed",35,4,19,"D 1,2 -> 5,6",19,True,0.0,56266.0,1,False,0.03758523474777508,0.05,281314.0
"Fixed 56234, designed",35,5,14,"D 0,3 -> 4,7",14,True,0.0,56259.0,1,False,0.06571252399006697,0.05,337573.0
"Fixed 56234, designed",35,6,22,"D 2,3 -> 4,5",22,True,0.0,56262.0,1,False,0.043648521305584075,0.05,393835.0
"Fixed 56234, designed",35,7,11,"D 0,1 -> 6,7",11,True,0.0,56261.0,1,False,0.10072796416579774,0.05,450096.0
"Fixed 56234, designed",35,8,12,"D 0,2 -> 4,6",21,False,2.297271373130627e-09,56258.0,1,False,0.009441304483876945,0.05,506354.0
"Fixed 56234, designed",35,9,11,"D 0,1 -> 6,7",21,False,0.9826751306734836,56259.0,1,False,0.018167337649210517,0.05,562613.0
"Fixed 56234, designed",36,0,19,"D 1,2 -> 5,6",25,False,0.052846754050403844,56266.0,1,False,0.31503606513167726,0.05,56266.0
"Fixed 56234, designed",36,1,14,"D 0,3 -> 4,7",22,False,0.0008388565620752741,56261.0,1,False,0.2986379460814117,0.05,112527.0
"Fixed 56234, designed",36,2,11,"D 0,1 -> 6,7",22,False,0.015858687237699454,56261.0,1,False,0.3070247718582447,0.05,168788.0
"Fixed 56234, designed",36,3,22,"D 2,3 -> 4,5",22,True,0.0,56259.0,1,False,0.37058510390119803,0.05,225047.0
"Fixed 56234, designed",36,4,18,"D 1,2 -> 4,7",8,False,0.02629717367926565,56257.0,1,False,0.022746161162242252,0.05,281304.0
"Fixed 56234, designed",36,5,15,"D 0,3 -> 5,6",15,True,0.0,56261.0,1,False,0.03866517285294016,0.05,337565.0
"Fixed 56234, designed",36,6,8,"D 0,1 -> 4,5",8,True,0.0,56259.0,1,False,0.03387932916403026,0.05,393824.0
"Fixed 56234, designed",36,7,25,"D 2,3 -> 6,7",25,True,0.0,56257.0,1,False,0.06140260801897978,0.05,450081.0
"Fixed 56234, designed",36,8,12,"D 0,2 -> 4,6",21,True,2.220446049250313e-15,56258.0,1,False,0.009441303894217488,0.05,506339.0
"Fixed 56234, designed",36,9,23,"D 2,3 -> 4,7",21,False,1.0,56259.0,1,False,0.01816733693652482,0.05,562598.0
"Fixed 56234, designed",36,10,10,"D 0,1 -> 5,6",21,False,1.0,56259.0,1,False,0.01816733693652482,0.05,618857.0
"Fixed 56234, designed",36,11,17,"D 1,2 -> 4,5",21,False,1.0,56259.0,1,False,0.01816733693652482,0.05,675116.0
"Fixed 56234, designed",36,12,10,"D 0,1 -> 5,6",21,False,1.0,56259.0,1,False,0.01816733693652482,0.05,731375.0
"Fixed 56234, designed",36,13,21,"D 1,3 -> 5,7",21,True,0.0,56259.0,1,False,0.01816733693652482,0.05,787634.0
"Fixed 56234, designed",37,0,25,"D 2,3 -> 6,7",25,True,0.0,56266.0,1,False,0.31503606513167726,0.05,56266.0
"Fixed 56234, designed",37,1,18,"D 1,2 -> 4,7",15,True,0.0,56260.0,1,False,0.29681502172579394,0.05,112526.0
"Fixed 56234, designed",37,2,8,"D 0,1 -> 4,5",8,True,0.0,56260.0,1,False,0.3764697826210095,0.05,168786.0
"Fixed 56234, designed",37,3,15,"D 0,3 -> 5,6",15,True,0.0,56262.0,1,False,0.30026357217502075,0.05,225048.0
"Fixed 56234, designed",37,4,14,"D 0,3 -> 4,7",19,True,5.80789971671436e-10,56266.0,1,False,0.03758523474777508,0.05,281314.0
"Fixed 56234, designed",37,5,19,"D 1,2 -> 5,6",19,True,0.0,56258.0,1,False,0.0657125239206618,0.05,337572.0
"Fixed 56234, designed",37,6,11,"D 0,1 -> 6,7",22,False,0.044806582285133345,56262.0,1,False,0.043648521241327065,0.05,393834.0
"Fixed 56234, designed",37,7,22,"D 2,3 -> 4,5",22,True,0.0,56260.0,1,False,0.06967473482297251,0.05,450094.0
"Fixed 56234, designed",37,8,5,S 2 -> 6,12,False,1.0,56258.0,1,False,0.009441304632724787,0.05,506352.0
"Fixed 56234, designed",37,9,3,S 1 -> 7,12,False,1.0,56258.0,1,False,0.009441304632724787,0.05,562610.0
"Fixed 56234, designed",37,10,19,"D 1,2 -> 5,6",12,False,0.9999999864832305,56258.0,1,False,0.009441304632724787,0.05,618868.0
"Fixed 56234, designed",37,11,12,"D 0,2 -> 4,6",12,True,0.0,56258.0,1,False,0.009441304632724787,0.05,675126.0
"Fixed 56234, designed",37,12,21,"D 1,3 -> 5,7",21,True,0.0,56259.0,1,False,0.018167337618534368,0.05,731385.0
"Fixed 56234, designed",38,0,25,"D 2,3 -> 6,7",25,True,0.0,56266.0,1,False,0.31503606513167726,0.05,56266.0
"Fixed 56234, designed",38,1,18,"D 1,2 -> 4,7",15,True,0.0,56260.0,1,False,0.29681502172579394,0.05,112526.0
"Fixed 56234, designed",38,2,8,"D 0,1 -> 4,5",8,True,0.0,56260.0,1,False,0.3764697826210095,0.05,168786.0
"Fixed 56234, designed",38,3,15,"D 0,3 -> 5,6",15,True,0.0,56262.0,1,False,0.30026357217502075,0.05,225048.0
"Fixed 56234, designed",38,4,14,"D 0,3 -> 4,7",19,True,5.80789971671436e-10,56266.0,1,False,0.03758523474777508,0.05,281314.0
"Fixed 56234, designed",38,5,19,"D 1,2 -> 5,6",19,True,0.0,56258.0,1,False,0.0657125239206618,0.05,337572.0
"Fixed 56234, designed",38,6,22,"D 2,3 -> 4,5",22,True,0.0,56262.0,1,False,0.043648521241327065,0.05,393834.0
"Fixed 56234, designed",38,7,11,"D 0,1 -> 6,7",11,True,0.0,56261.0,1,False,0.10072796416579699,0.05,450095.0
"Fixed 56234, designed",38,8,21,"D 1,3 -> 5,7",21,True,0.0,56258.0,1,False,0.009441304483876924,0.05,506353.0
"Fixed 56234, designed",38,9,12,"D 0,2 -> 4,6",12,True,0.0,56264.0,1,False,0.01816733748163215,0.05,562617.0
"Fixed 56234, designed",39,0,25,"D 2,3 -> 6,7",25,True,0.0,56266.0,1,False,0.31503606513167726,0.05,56266.0
"Fixed 56234, designed",39,1,18,"D 1,2 -> 4,7",15,True,0.0,56260.0,1,False,0.29681502172579394,0.05,112526.0
"Fixed 56234, designed",39,2,8,"D 0,1 -> 4,5",8,True,0.0,56260.0,1,False,0.3764697826210095,0.05,168786.0
"Fixed 56234, designed",39,3,15,"D 0,3 -> 5,6",15,True,0.0,56262.0,1,False,0.30026357217502075,0.05,225048.0
"Fixed 56234, designed",39,4,14,"D 0,3 -> 4,7",19,True,5.80789971671436e-10,56266.0,1,False,0.03758523474777508,0.05,281314.0
"Fixed 56234, designed",39,5,19,"D 1,2 -> 5,6",19,True,0.0,56258.0,1,False,0.0657125239206618,0.05,337572.0
"Fixed 56234, designed",39,6,11,"D 0,1 -> 6,7",22,False,0.044806582285133345,56262.0,1,False,0.043648521241327065,0.05,393834.0
"Fixed 56234, designed",39,7,22,"D 2,3 -> 4,5",22,True,0.0,56260.0,1,False,0.06967473482297251,0.05,450094.0
"Fixed 56234, designed",39,8,12,"D 0,2 -> 4,6",12,True,0.0,56258.0,1,False,0.009441304632724787,0.05,506352.0
"Fixed 56234, designed",39,9,0,S 0 -> 4,21,False,1.0,56259.0,1,False,0.01816733764921178,0.05,562611.0
"Fixed 56234, designed",39,10,21,"D 1,3 -> 5,7",21,True,0.0,56259.0,1,False,0.01816733764921178,0.05,618870.0
"Fixed 56234, designed",40,0,25,"D 2,3 -> 6,7",25,True,0.0,56266.0,1,False,0.31503606513167726,0.05,56266.0
"Fixed 56234, designed",40,1,18,"D 1,2 -> 4,7",15,True,0.0,56260.0,1,False,0.29681502172579394,0.05,112526.0
"Fixed 56234, designed",40,2,8,"D 0,1 -> 4,5",8,True,0.0,56260.0,1,False,0.3764697826210095,0.05,168786.0
"Fixed 56234, designed",40,3,15,"D 0,3 -> 5,6",15,True,0.0,56262.0,1,False,0.30026357217502075,0.05,225048.0
"Fixed 56234, designed",40,4,19,"D 1,2 -> 5,6",19,True,0.0,56266.0,1,False,0.03758523474777508,0.05,281314.0
"Fixed 56234, designed",40,5,14,"D 0,3 -> 4,7",14,True,0.0,56259.0,1,False,0.06571252399006697,0.05,337573.0
"Fixed 56234, designed",40,6,22,"D 2,3 -> 4,5",22,True,0.0,56262.0,1,False,0.043648521305584075,0.05,393835.0
"Fixed 56234, designed",40,7,11,"D 0,1 -> 6,7",11,True,0.0,56261.0,1,False,0.10072796416579774,0.05,450096.0
"Fixed 56234, designed",40,8,4,S 2 -> 4,21,False,1.0,56258.0,1,False,0.009441304483876945,0.05,506354.0
"Fixed 56234, designed",40,9,19,"D 1,2 -> 5,6",12,False,0.9999999992743589,56258.0,1,False,0.00944130454604846,0.05,562612.0
"Fixed 56234, designed",40,10,7,S 3 -> 7,12,False,1.0,56258.0,1,False,0.00944130454604846,0.05,618870.0
"Fixed 56234, designed",40,11,3,S 1 -> 7,12,False,1.0,56258.0,1,False,0.00944130454604846,0.05,675128.0
"Fixed 56234, designed",40,12,15,"D 0,3 -> 5,6",12,False,0.9999999673685087,56258.0,1,False,0.00944130454604846,0.05,731386.0
"Fixed 56234, designed",40,13,25,"D 2,3 -> 6,7",12,False,0.9999999578025893,56258.0,1,False,0.00944130454604846,0.05,787644.0
"Fixed 56234, designed",40,14,14,"D 0,3 -> 4,7",12,False,0.999999969825121,56258.0,1,False,0.00944130454604846,0.05,843902.0
"Fixed 56234, designed",40,15,12,"D 0,2 -> 4,6",12,True,0.0,56258.0,1,False,0.00944130454604846,0.05,900160.0
"Fixed 56234, designed",40,16,21,"D 1,3 -> 5,7",21,True,0.0,56259.0,1,False,0.018167337700896884,0.05,956419.0
"Fixed 56234, designed",41,0,25,"D 2,3 -> 6,7",25,True,0.0,56266.0,1,False,0.31503606513167726,0.05,56266.0
"Fixed 56234, designed",41,1,8,"D 0,1 -> 4,5",15,False,0.033311851350335986,56260.0,1,False,0.29681502172579394,0.05,112526.0
"Fixed 56234, designed",41,2,18,"D 1,2 -> 4,7",15,True,5.551115123125783e-16,56258.0,1,False,0.303713351808019,0.05,168784.0
"Fixed 56234, designed",41,3,15,"D 0,3 -> 5,6",15,True,0.0,56258.0,1,False,0.38824803810173447,0.05,225042.0
"Fixed 56234, designed",41,4,14,"D 0,3 -> 4,7",19,True,5.150813109366936e-11,56266.0,1,False,0.03758523456612009,0.05,281308.0
"Fixed 56234, designed",41,5,19,"D 1,2 -> 5,6",19,True,0.0,56258.0,1,False,0.06571252413529666,0.05,337566.0
"Fixed 56234, designed",41,6,22,"D 2,3 -> 4,5",22,True,0.0,56262.0,1,False,0.04364852180125853,0.05,393828.0
"Fixed 56234, designed",41,7,11,"D 0,1 -> 6,7",11,True,0.0,56261.0,1,False,0.10072796429211586,0.05,450089.0
"Fixed 56234, designed",41,8,17,"D 1,2 -> 4,5",12,False,1.0,56258.0,1,False,0.009441304132124781,0.05,506347.0
"Fixed 56234, designed",41,9,12,"D 0,2 -> 4,6",12,True,0.0,56258.0,1,False,0.009441304132124781,0.05,562605.0
"Fixed 56234, designed",41,10,21,"D 1,3 -> 5,7",21,True,0.0,56259.0,1,False,0.018167337677767716,0.05,618864.0
"Fixed 56234, designed",42,0,25,"D 2,3 -> 6,7",25,True,0.0,56266.0,1,False,0.31503606513167726,0.05,56266.0
"Fixed 56234, designed",42,1,18,"D 1,2 -> 4,7",15,True,0.0,56260.0,1,False,0.29681502172579394,0.05,112526.0
"Fixed 56234, designed",42,2,8,"D 0,1 -> 4,5",8,True,0.0,56260.0,1,False,0.3764697826210095,0.05,168786.0
"Fixed 56234, designed",42,3,15,"D 0,3 -> 5,6",15,True,0.0,56262.0,1,False,0.30026357217502075,0.05,225048.0
"Fixed 56234, designed",42,4,14,"D 0,3 -> 4,7",19,True,5.80789971671436e-10,56266.0,1,False,0.03758523474777508,0.05,281314.0
"Fixed 56234, designed",42,5,19,"D 1,2 -> 5,6",19,True,0.0,56258.0,1,False,0.0657125239206618,0.05,337572.0
"Fixed 56234, designed",42,6,22,"D 2,3 -> 4,5",22,True,0.0,56262.0,1,False,0.043648521241327065,0.05,393834.0
"Fixed 56234, designed",42,7,11,"D 0,1 -> 6,7",11,True,0.0,56261.0,1,False,0.10072796416579699,0.05,450095.0
"Fixed 56234, designed",42,8,12,"D 0,2 -> 4,6",21,False,2.297273260509769e-09,56258.0,1,False,0.009441304483876924,0.05,506353.0
"Fixed 56234, designed",42,9,0,S 0 -> 4,21,False,1.0,56259.0,1,False,0.018167337649210347,0.06,562612.0
"Fixed 56234, designed",42,10,25,"D 2,3 -> 6,7",21,False,0.9938252402843906,56259.0,1,False,0.018167337649210347,0.05,618871.0
"Fixed 56234, designed",43,0,25,"D 2,3 -> 6,7",25,True,0.0,56266.0,1,False,0.31503606513167726,0.05,56266.0
"Fixed 56234, designed",43,1,15,"D 0,3 -> 5,6",15,True,0.0,56260.0,1,False,0.29681502172579394,0.05,112526.0
"Fixed 56234, designed",43,2,8,"D 0,1 -> 4,5",8,True,0.0,56261.0,1,False,0.3764697826210095,0.05,168787.0
"Fixed 56234, designed",43,3,18,"D 1,2 -> 4,7",18,True,0.0,56260.0,1,False,0.3002635722338174,0.05,225047.0
"Fixed 56234, designed",43,4,11,"D 0,1 -> 6,7",14,False,0.3564786117490738,56266.0,1,False,0.03758523457422756,0.05,281313.0
"Fixed 56234, designed",43,5,22,"D 2,3 -> 4,5",19,False,0.004491939885871377,56260.0,1,False,0.03912173614796318,0.05,337573.0
"Fixed 56234, designed",43,6,19,"D 1,2 -> 5,6",14,False,4.189456226377786e-09,56264.0,1,False,0.054109014953737815,0.05,393837.0
"Fixed 56234, designed",43,7,14,"D 0,3 -> 4,7",14,True,0.0,56260.0,1,False,0.10242178082410562,0.05,450097.0
"Fixed 56234, designed",43,8,25,"D 2,3 -> 6,7",21,False,0.9999996187475755,56258.0,1,False,0.009441305752846713,0.05,506355.0
"Fixed 56234, designed",43,9,5,S 2 -> 6,21,False,1.0,56258.0,1,False,0.009441305752846713,0.05,562613.0
"Fixed 56234, designed",43,10,10,"D 0,1 -> 5,6",21,False,1.0,56258.0,1,False,0.009441305752846713,0.05,618871.0
"Fixed 56234, designed",43,11,12,"D 0,2 -> 4,6",21,False,1.5188104107721756e-09,56258.0,1,False,0.009441305752846713,0.05,675129.0
"Fixed 56234, designed",43,12,13,"D 0,3 -> 4,5",21,False,1.0,56259.0,1,False,0.018167337714461773,0.05,731388.0
"Fixed 56234, designed",43,13,2,S 1 -> 5,21,False,1.0,56259.0,1,False,0.018167337714461773,0.05,787647.0
"Fixed 56234, designed",43,14,10,"D 0,1 -> 5,6",21,False,1.0,56259.0,1,False,0.018167337714461773,0.05,843906.0
"Fixed 56234, designed",43,15,2,S 1 -> 5,21,False,1.0,56259.0,1,False,0.018167337714461773,0.05,900165.0
"Fixed 56234, designed",43,16,8,"D 0,1 -> 4,5",21,False,0.993689652592137,56259.0,1,False,0.018167337714461773,0.05,956424.0
"Fixed 56234, designed",44,0,25,"D 2,3 -> 6,7",25,True,0.0,56266.0,1,False,0.31503606513167726,0.05,56266.0
"Fixed 56234, designed",44,1,15,"D 0,3 -> 5,6",15,True,0.0,56260.0,1,False,0.29681502172579394,0.05,112526.0
"Fixed 56234, designed",44,2,8,"D 0,1 -> 4,5",8,True,0.0,56261.0,1,False,0.3764697826210095,0.05,168787.0
"Fixed 56234, designed",44,3,18,"D 1,2 -> 4,7",18,True,0.0,56260.0,1,False,0.3002635722338174,0.05,225047.0
"Fixed 56234, designed",44,4,14,"D 0,3 -> 4,7",14,True,0.0,56266.0,1,False,0.03758523457422756,0.05,281313.0
"Fixed 56234, designed",44,5,19,"D 1,2 -> 5,6",19,True,0.0,56258.0,1,False,0.0657125239900671,0.05,337571.0
"Fixed 56234, designed",44,6,11,"D 0,1 -> 6,7",22,False,0.044806582302531095,56262.0,1,False,0.04364852130558422,0.05,393833.0
"Fixed 56234, designed",44,7,22,"D 2,3 -> 4,5",22,True,0.0,56260.0,1,False,0.06967473471683744,0.05,450093.0
"Fixed 56234, designed",44,8,12,"D 0,2 -> 4,6",12,True,0.0,56258.0,1,False,0.009441304763103292,0.05,506351.0
"Fixed 56234, designed",44,9,21,"D 1,3 -> 5,7",21,True,0.0,56259.0,1,False,0.018167337650104195,0.05,562610.0
"Fixed 56234, designed",45,0,25,"D 2,3 -> 6,7",25,True,0.0,56266.0,1,False,0.31503606513167726,0.06,56266.0
"Fixed 56234, designed",45,1,15,"D 0,3 -> 5,6",15,True,0.0,56260.0,1,False,0.29681502172579394,0.06,112526.0
"Fixed 56234, designed",45,2,8,"D 0,1 -> 4,5",8,True,0.0,56261.0,1,False,0.3764697826210095,0.05,168787.0
"Fixed 56234, designed",45,3,18,"D 1,2 -> 4,7",18,True,0.0,56260.0,1,False,0.3002635722338174,0.05,225047.0
"Fixed 56234, designed",45,4,19,"D 1,2 -> 5,6",14,True,5.182410056647768e-12,56266.0,1,False,0.03758523457422756,0.05,281313.0
"Fixed 56234, designed",45,5,14,"D 0,3 -> 4,7",14,True,0.0,56259.0,1,False,0.06571252392066197,0.05,337572.0
"Fixed 56234, designed",45,6,11,"D 0,1 -> 6,7",22,False,0.044806582285143115,56262.0,1,False,0.04364852124132713,0.05,393834.0
"Fixed 56234, designed",45,7,22,"D 2,3 -> 4,5",22,True,0.0,56260.0,1,False,0.06967473471393487,0.05,450094.0
"Fixed 56234, designed",45,8,9,"D 0,1 -> 4,7",21,False,1.0,56258.0,1,False,0.009441304632724919,0.05,506352.0
"Fixed 56234, designed",45,9,21,"D 1,3 -> 5,7",21,True,0.0,56258.0,1,False,0.009441304632724919,0.05,562610.0
"Fixed 56234, designed",45,10,23,"D 2,3 -> 4,7",12,False,1.0,56264.0,1,False,0.018167337649211596,0.05,618874.0
"Fixed 56234, designed",45,11,20,"D 1,2 -> 6,7",12,False,1.0,56264.0,1,False,0.018167337649211596,0.05,675138.0
"Fixed 56234, designed",45,12,12,"D 0,2 -> 4,6",12,True,0.0,56264.0,1,False,0.018167337649211596,0.06,731402.0
"Fixed 56234, designed",46,0,25,"D 2,3 -> 6,7",25,True,0.0,56266.0,1,False,0.31503606513167726,0.05,56266.0
"Fixed 56234, designed",46,1,15,"D 0,3 -> 5,6",15,True,0.0,56260.0,1,False,0.29681502172579394,0.05,112526.0
"Fixed 56234, designed",46,2,8,"D 0,1 -> 4,5",8,True,0.0,56261.0,1,False,0.3764697826210095,0.05,168787.0
"Fixed 56234, designed",46,3,18,"D 1,2 -> 4,7",18,True,0.0,56260.0,1,False,0.3002635722338174,0.05,225047.0
"Fixed 56234, designed",46,4,14,"D 0,3 -> 4,7",14,True,0.0,56266.0,1,False,0.03758523457422756,0.05,281313.0
"Fixed 56234, designed",46,5,19,"D 1,2 -> 5,6",19,True,0.0,56258.0,1,False,0.0657125239900671,0.05,337571.0
"Fixed 56234, designed",46,6,22,"D 2,3 -> 4,5",22,True,0.0,56262.0,1,False,0.04364852130558422,0.05,393833.0
"Fixed 56234, designed",46,7,11,"D 0,1 -> 6,7",11,True,0.0,56261.0,1,False,0.10072796416579655,0.05,450094.0
"Fixed 56234, designed",46,8,12,"D 0,2 -> 4,6",21,False,1.6493607257750398e-08,56258.0,1,False,0.009441305047874061,0.05,506352.0
"Fixed 56234, designed",46,9,21,"D 1,3 -> 5,7",21,True,0.0,56259.0,1,False,0.018167337650105482,0.05,562611.0
"Fixed 56234, designed",47,0,25,"D 2,3 -> 6,7",25,True,0.0,56266.0,1,False,0.31503606513167726,0.05,56266.0
"Fixed 56234, designed",47,1,18,"D 1,2 -> 4,7",15,True,0.0,56260.0,1,False,0.29681502172579394,0.05,112526.0
"Fixed 56234, designed",47,2,8,"D 0,1 -> 4,5",8,True,0.0,56260.0,1,False,0.3764697826210095,0.05,168786.0
"Fixed 56234, designed",47,3,15,"D 0,3 -> 5,6",15,True,0.0,56262.0,1,False,0.30026357217502075,0.05,225048.0
"Fixed 56234, designed",47,4,19,"D 1,2 -> 5,6",19,True,0.0,56266.0,1,False,0.03758523474777508,0.05,281314.0
"Fixed 56234, designed",47,5,14,"D 0,3 -> 4,7",14,True,0.0,56259.0,1,False,0.06571252399006697,0.05,337573.0
"Fixed 56234, designed",47,6,11,"D 0,1 -> 6,7",22,False,0.04480658230253376,56262.0,1,False,0.043648521305584075,0.05,393835.0
"Fixed 56234, designed",47,7,22,"D 2,3 -> 4,5",22,True,0.0,56260.0,1,False,0.06967473471393487,0.05,450095.0
"Fixed 56234, designed",47,8,5,S 2 -> 6,21,False,1.0,56258.0,1,False,0.009441304763103297,0.05,506353.0
"Fixed 56234, designed",47,9,16,"D 0,3 -> 6,7",21,False,1.0,56258.0,1,False,0.009441304763103297,0.05,562611.0
"Fixed 56234, designed",47,10,0,S 0 -> 4,21,False,1.0,56258.0,1,False,0.009441304763103297,0.05,618869.0
"Fixed 56234, designed",47,11,24,"D 2,3 -> 5,6",21,False,1.0,56258.0,1,False,0.009441304763103297,0.05,675127.0
"Fixed 56234, designed",47,12,21,"D 1,3 -> 5,7",21,True,0.0,56258.0,1,False,0.009441304763103297,0.05,731385.0
"Fixed 56234, designed",47,13,10,"D 0,1 -> 5,6",12,False,1.0,56264.0,1,False,0.01816733765010426,0.05,787649.0
"Fixed 56234, designed",47,14,12,"D 0,2 -> 4,6",12,True,0.0,56264.0,1,False,0.01816733765010426,0.05,843913.0
"Fixed 56234, designed",48,0,25,"D 2,3 -> 6,7",25,True,0.0,56266.0,1,False,0.31503606513167726,0.05,56266.0
"Fixed 56234, designed",48,1,18,"D 1,2 -> 4,7",15,True,0.0,56260.0,1,False,0.29681502172579394,0.05,112526.0
"Fixed 56234, designed",48,2,8,"D 0,1 -> 4,5",8,True,0.0,56260.0,1,False,0.3764697826210095,0.05,168786.0
"Fixed 56234, designed",48,3,15,"D 0,3 -> 5,6",15,True,0.0,56262.0,1,False,0.30026357217502075,0.05,225048.0
"Fixed 56234, designed",48,4,14,"D 0,3 -> 4,7",19,True,5.80789971671436e-10,56266.0,1,False,0.03758523474777508,0.05,281314.0
"Fixed 56234, designed",48,5,19,"D 1,2 -> 5,6",19,True,0.0,56258.0,1,False,0.0657125239206618,0.05,337572.0
"Fixed 56234, designed",48,6,22,"D 2,3 -> 4,5",22,True,0.0,56262.0,1,False,0.043648521241327065,0.05,393834.0
"Fixed 56234, designed",48,7,11,"D 0,1 -> 6,7",11,True,0.0,56261.0,1,False,0.10072796416579699,0.05,450095.0
"Fixed 56234, designed",48,8,7,S 3 -> 7,21,False,1.0,56258.0,1,False,0.009441304483876924,0.05,506353.0
"Fixed 56234, designed",48,9,3,S 1 -> 7,12,False,1.0,56258.0,1,False,0.009441304546048494,0.05,562611.0
"Fixed 56234, designed",48,10,20,"D 1,2 -> 6,7",12,False,1.0,56258.0,1,False,0.009441304546048494,0.05,618869.0
"Fixed 56234, designed",48,11,12,"D 0,2 -> 4,6",12,True,0.0,56258.0,1,False,0.009441304546048494,0.05,675127.0
"Fixed 56234, designed",48,12,1,S 0 -> 6,21,False,1.0,56259.0,1,False,0.018167337649211975,0.05,731386.0
"Fixed 56234, designed",48,13,3,S 1 -> 7,21,False,1.0,56259.0,1,False,0.018167337649211975,0.05,787645.0
"Fixed 56234, designed",48,14,21,"D 1,3 -> 5,7",21,True,0.0,56259.0,1,False,0.018167337649211975,0.05,843904.0
"Fixed 56234, designed",49,0,25,"D 2,3 -> 6,7",25,True,0.0,56266.0,1,False,0.31503606513167726,0.05,56266.0
"Fixed 56234, designed",49,1,15,"D 0,3 -> 5,6",15,True,0.0,56260.0,1,False,0.29681502172579394,0.05,112526.0
"Fixed 56234, designed",49,2,8,"D 0,1 -> 4,5",8,True,0.0,56261.0,1,False,0.3764697826210095,0.05,168787.0
"Fixed 56234, designed",49,3,18,"D 1,2 -> 4,7",18,True,0.0,56260.0,1,False,0.3002635722338174,0.05,225047.0
"Fixed 56234, designed",49,4,14,"D 0,3 -> 4,7",14,True,0.0,56266.0,1,False,0.03758523457422756,0.05,281313.0
"Fixed 56234, designed",49,5,19,"D 1,2 -> 5,6",19,True,0.0,56258.0,1,False,0.0657125239900671,0.05,337571.0
"Fixed 56234, designed",49,6,22,"D 2,3 -> 4,5",22,True,0.0,56262.0,1,False,0.04364852130558422,0.05,393833.0
"Fixed 56234, designed",49,7,11,"D 0,1 -> 6,7",11,True,0.0,56261.0,1,False,0.10072796416579655,0.05,450094.0
"Fixed 56234, designed",49,8,12,"D 0,2 -> 4,6",21,False,1.6493607257750398e-08,56258.0,1,False,0.009441305047874061,0.05,506352.0
"Fixed 56234, designed",49,9,1,S 0 -> 6,21,False,1.0,56259.0,1,False,0.018167337650105482,0.05,562611.0
"Fixed 56234, designed",49,10,15,"D 0,3 -> 5,6",21,False,0.9933180265795243,56259.0,1,False,0.018167337650105482,0.05,618870.0
"Fixed 56234, designed",50,0,25,"D 2,3 -> 6,7",25,True,0.0,56266.0,1,False,0.31503606513167726,0.05,56266.0
"Fixed 56234, designed",50,1,8,"D 0,1 -> 4,5",15,False,0.033311851350335986,56260.0,1,False,0.29681502172579394,0.05,112526.0
"Fixed 56234, designed",50,2,18,"D 1,2 -> 4,7",15,True,5.551115123125783e-16,56258.0,1,False,0.303713351808019,0.05,168784.0
"Fixed 56234, designed",50,3,15,"D 0,3 -> 5,6",15,True,0.0,56258.0,1,False,0.38824803810173447,0.05,225042.0
"Fixed 56234, designed",50,4,19,"D 1,2 -> 5,6",19,True,0.0,56266.0,1,False,0.03758523456612009,0.05,281308.0
"Fixed 56234, designed",50,5,14,"D 0,3 -> 4,7",14,True,0.0,56259.0,1,False,0.06571252413529677,0.05,337567.0
"Fixed 56234, designed",50,6,22,"D 2,3 -> 4,5",22,True,0.0,56262.0,1,False,0.04364852185640933,0.05,393829.0
"Fixed 56234, designed",50,7,11,"D 0,1 -> 6,7",11,True,0.0,56261.0,1,False,0.100727964292116,0.05,450090.0
"Fixed 56234, designed",50,8,6,S 3 -> 5,12,False,1.0,56258.0,1,False,0.009441304132124916,0.05,506348.0
"Fixed 56234, designed",50,9,23,"D 2,3 -> 4,7",12,False,1.0,56258.0,1,False,0.009441304132124916,0.05,562606.0
"Fixed 56234, designed",50,10,12,"D 0,2 -> 4,6",12,True,4.773959005888173e-15,56258.0,1,False,0.009441304132124916,0.05,618864.0
"Fixed 56234, designed",50,11,10,"D 0,1 -> 5,6",21,False,1.0,56259.0,1,False,0.01816733747863644,0.05,675123.0
"Fixed 56234, designed",50,12,2,S 1 -> 5,21,False,1.0,56259.0,1,False,0.01816733747863644,0.05,731382.0
"Fixed 56234, designed",50,13,21,"D 1,3 -> 5,7",21,True,0.0,56259.0,1,False,0.01816733747863644,0.05,787641.0
"Fixed 56234, designed",51,0,25,"D 2,3 -> 6,7",25,True,0.0,56266.0,1,False,0.31503606513167726,0.05,56266.0
"Fixed 56234, designed",51,1,8,"D 0,1 -> 4,5",15,False,0.033311851350335986,56260.0,1,False,0.29681502172579394,0.05,112526.0
"Fixed 56234, designed",51,2,15,"D 0,3 -> 5,6",15,True,0.0,56258.0,1,False,0.303713351808019,0.05,168784.0
"Fixed 56234, designed",51,3,18,"D 1,2 -> 4,7",18,True,0.0,56258.0,1,False,0.38824803810173436,0.05,225042.0
"Fixed 56234, designed",51,4,14,"D 0,3 -> 4,7",14,True,0.0,56266.0,1,False,0.03758523456612019,0.05,281308.0
"Fixed 56234, designed",51,5,19,"D 1,2 -> 5,6",19,True,0.0,56258.0,1,False,0.0657125241352967,0.05,337566.0
"Fixed 56234, designed",51,6,11,"D 0,1 -> 6,7",22,False,0.04480658474782895,56262.0,1,False,0.043648521856409134,0.05,393828.0
"Fixed 56234, designed",51,7,22,"D 2,3 -> 4,5",22,True,0.0,56260.0,1,False,0.06967473568968069,0.05,450088.0
"Fixed 56234, designed",51,8,21,"D 1,3 -> 5,7",12,True,0.0,56258.0,1,False,0.00944130465202562,0.05,506346.0
"Fixed 56234, designed",51,9,19,"D 1,2 -> 5,6",12,False,0.9867669560900476,56264.0,1,False,0.018167337417688455,0.05,562610.0
"Fixed 56234, designed",52,0,14,"D 0,3 -> 4,7",25,False,0.052846754050403844,56266.0,1,False,0.31503606513167726,0.05,56266.0
"Fixed 56234, designed",52,1,22,"D 2,3 -> 4,5",22,True,0.0,56259.0,1,False,0.2986379460442076,0.05,112525.0
"Fixed 56234, designed",52,2,19,"D 1,2 -> 5,6",19,True,0.0,56263.0,1,False,0.35321992230088123,0.05,168788.0
"Fixed 56234, designed",52,3,11,"D 0,1 -> 6,7",11,True,0.0,56261.0,1,False,0.22254279298159932,0.05,225049.0
"Fixed 56234, designed",52,4,15,"D 0,3 -> 5,6",8,False,0.02629717403297316,56257.0,1,False,0.022746161137019386,0.05,281306.0
"Fixed 56234, designed",52,5,8,"D 0,1 -> 4,5",18,False,0.3684733669579091,56264.0,1,False,0.03866517250293867,0.05,337570.0
"Fixed 56234, designed",52,6,25,"D 2,3 -> 6,7",25,True,0.0,56261.0,1,False,0.041874365462251095,0.05,393831.0
"Fixed 56234, designed",52,7,18,"D 1,2 -> 4,7",18,True,0.0,56261.0,1,False,0.0631705456595869,0.06,450092.0
"Fixed 56234, designed",52,8,20,"D 1,2 -> 6,7",12,False,1.0,56258.0,1,False,0.009441304617792037,0.05,506350.0
"Fixed 56234, designed",52,9,7,S 3 -> 7,12,False,1.0,56258.0,1,False,0.009441304617792037,0.05,562608.0
"Fixed 56234, designed",52,10,1,S 0 -> 6,12,False,1.0,56258.0,1,False,0.009441304617792037,0.05,618866.0
"Fixed 56234, designed",52,11,8,"D 0,1 -> 4,5",12,False,0.9999999873309634,56258.0,1,False,0.009441304617792037,0.05,675124.0
"Fixed 56234, designed",52,12,5,S 2 -> 6,12,False,1.0,56258.0,1,False,0.009441304617792037,0.05,731382.0
"Fixed 56234, designed",52,13,12,"D 0,2 -> 4,6",12,True,0.0,56258.0,1,False,0.009441304617792037,0.05,787640.0
"Fixed 56234, designed",52,14,3,S 1 -> 7,21,False,1.0,56259.0,1,False,0.01816733759500739,0.05,843899.0
"Fixed 56234, designed",52,15,21,"D 1,3 -> 5,7",21,True,0.0,56259.0,1,False,0.01816733759500739,0.05,900158.0
"Fixed 56234, designed",53,0,25,"D 2,3 -> 6,7",25,True,0.0,56266.0,1,False,0.31503606513167726,0.05,56266.0
"Fixed 56234, designed",53,1,8,"D 0,1 -> 4,5",15,False,0.033311851350335986,56260.0,1,False,0.29681502172579394,0.05,112526.0
"Fixed 56234, designed",53,2,18,"D 1,2 -> 4,7",15,True,5.551115123125783e-16,56258.0,1,False,0.303713351808019,0.05,168784.0
"Fixed 56234, designed",53,3,15,"D 0,3 -> 5,6",15,True,0.0,56258.0,1,False,0.38824803810173447,0.05,225042.0
"Fixed 56234, designed",53,4,19,"D 1,2 -> 5,6",19,True,0.0,56266.0,1,False,0.03758523456612009,0.05,281308.0
"Fixed 56234, designed",53,5,14,"D 0,3 -> 4,7",14,True,0.0,56259.0,1,False,0.06571252413529677,0.05,337567.0
"Fixed 56234, designed",53,6,11,"D 0,1 -> 6,7",22,False,0.044806584747831724,56262.0,1,False,0.04364852185640933,0.05,393829.0
"Fixed 56234, designed",53,7,22,"D 2,3 -> 4,5",22,True,0.0,56260.0,1,False,0.06967473512434036,0.05,450089.0
"Fixed 56234, designed",53,8,4,S 2 -> 4,12,False,1.0,56258.0,1,False,0.009441304652025582,0.05,506347.0
"Fixed 56234, designed",53,9,10,"D 0,1 -> 5,6",12,False,1.0,56258.0,1,False,0.009441304652025582,0.05,562605.0
"Fixed 56234, designed",53,10,10,"D 0,1 -> 5,6",12,False,1.0,56258.0,1,False,0.009441304652025582,0.05,618863.0
"Fixed 56234, designed",53,11,25,"D 2,3 -> 6,7",12,False,0.9999999905565782,56258.0,1,False,0.009441304652025582,0.05,675121.0
"Fixed 56234, designed",53,12,22,"D 2,3 -> 4,5",12,False,0.9999999880638168,56258.0,1,False,0.009441304652025582,0.05,731379.0
"Fixed 56234, designed",53,13,5,S 2 -> 6,12,False,1.0,56258.0,1,False,0.009441304652025582,0.05,787637.0
"Fixed 56234, designed",53,14,21,"D 1,3 -> 5,7",12,True,1.6653345369377348e-15,56258.0,1,False,0.009441304652025582,0.05,843895.0
"Fixed 56234, designed",53,15,21,"D 1,3 -> 5,7",12,False,0.9999999999910136,56264.0,1,False,0.01816733767961971,0.05,900159.0
"Fixed 56234, designed",53,16,12,"D 0,2 -> 4,6",12,True,0.0,56264.0,1,False,0.01816733767961971,0.05,956423.0
"Fixed 56234, designed",54,0,25,"D 2,3 -> 6,7",25,True,0.0,56266.0,1,False,0.31503606513167726,0.05,56266.0
"Fixed 56234, designed",54,1,15,"D 0,3 -> 5,6",15,True,0.0,56260.0,1,False,0.29681502172579394,0.05,112526.0
"Fixed 56234, designed",54,2,8,"D 0,1 -> 4,5",8,True,0.0,56261.0,1,False,0.3764697826210095,0.05,168787.0
"Fixed 56234, designed",54,3,18,"D 1,2 -> 4,7",18,True,0.0,56260.0,1,False,0.3002635722338174,0.05,225047.0
"Fixed 56234, designed",54,4,19,"D 1,2 -> 5,6",14,True,5.182410056647768e-12,56266.0,1,False,0.03758523457422756,0.05,281313.0
"Fixed 56234, designed",54,5,14,"D 0,3 -> 4,7",14,True,0.0,56259.0,1,False,0.06571252392066197,0.05,337572.0
"Fixed 56234, designed",54,6,22,"D 2,3 -> 4,5",22,True,0.0,56262.0,1,False,0.04364852124132713,0.05,393834.0
"Fixed 56234, designed",54,7,11,"D 0,1 -> 6,7",11,True,0.0,56261.0,1,False,0.10072796416579667,0.05,450095.0
"Fixed 56234, designed",54,8,6,S 3 -> 5,21,False,1.0,56258.0,1,False,0.009441304630083448,0.05,506353.0
"Fixed 56234, designed",54,9,15,"D 0,3 -> 5,6",21,False,0.9999999992823342,56258.0,1,False,0.009441304630083448,0.05,562611.0
"Fixed 56234, designed",54,10,21,"D 1,3 -> 5,7",21,True,0.0,56258.0,1,False,0.009441304630083448,0.05,618869.0
"Fixed 56234, designed",54,11,12,"D 0,2 -> 4,6",12,True,0.0,56264.0,1,False,0.01816733775281578,0.05,675133.0
"Fixed 56234, designed",55,0,19,"D 1,2 -> 5,6",25,False,0.052846754050403844,56266.0,1,False,0.31503606513167726,0.05,56266.0
"Fixed 56234, designed",55,1,14,"D 0,3 -> 4,7",22,False,0.0008388565620752741,56261.0,1,False,0.2986379460814117,0.05,112527.0
"Fixed 56234, designed",55,2,22,"D 2,3 -> 4,5",22,True,0.0,56261.0,1,False,0.3070247718582447,0.05,168788.0
"Fixed 56234, designed",55,3,11,"D 0,1 -> 6,7",11,True,0.0,56262.0,1,False,0.4010030868094594,0.05,225050.0
"Fixed 56234, designed",55,4,15,"D 0,3 -> 5,6",8,False,0.026297171902414096,56257.0,1,False,0.02274616133043009,0.05,281307.0
"Fixed 56234, designed",55,5,18,"D 1,2 -> 4,7",18,True,0.0,56264.0,1,False,0.038665172522971414,0.05,337571.0
"Fixed 56234, designed",55,6,25,"D 2,3 -> 6,7",8,False,0.022501063358798645,56259.0,1,False,0.03387932916403014,0.05,393830.0
"Fixed 56234, designed",55,7,8,"D 0,1 -> 4,5",8,True,0.0,56261.0,1,False,0.06334829077665208,0.05,450091.0
"Fixed 56234, designed",55,8,0,S 0 -> 4,12,False,1.0,56258.0,1,False,0.009441304574094526,0.05,506349.0
"Fixed 56234, designed",55,9,9,"D 0,1 -> 4,7",12,False,1.0,56258.0,1,False,0.009441304574094526,0.05,562607.0
"Fixed 56234, designed",55,10,3,S 1 -> 7,12,False,1.0,56258.0,1,False,0.009441304574094526,0.05,618865.0
"Fixed 56234, designed",55,11,1,S 0 -> 6,12,False,1.0,56258.0,1,False,0.009441304574094526,0.05,675123.0
"Fixed 56234, designed",55,12,11,"D 0,1 -> 6,7",12,False,0.9999999074589582,56258.0,1,False,0.009441304574094526,0.05,731381.0
"Fixed 56234, designed",55,13,7,S 3 -> 7,12,False,1.0,56258.0,1,False,0.009441304574094526,0.05,787639.0
"Fixed 56234, designed",55,14,21,"D 1,3 -> 5,7",12,True,4.440892098500626e-15,56258.0,1,False,0.009441304574094526,0.05,843897.0
"Fixed 56234, designed",55,15,20,"D 1,2 -> 6,7",12,False,1.0,56264.0,1,False,0.018167336878798977,0.05,900161.0
"Fixed 56234, designed",55,16,4,S 2 -> 4,12,False,1.0,56264.0,1,False,0.018167336866824764,0.05,956425.0
"Fixed 56234, designed",55,17,2,S 1 -> 5,12,False,1.0,56264.0,1,False,0.018167336858677465,0.05,1012689.0
"Fixed 56234, designed",55,18,0,S 0 -> 4,12,False,1.0,56264.0,1,False,0.018167336858677465,0.05,1068953.0
"Fixed 56234, designed",55,19,12,"D 0,2 -> 4,6",12,True,0.0,56264.0,1,False,0.018167336858677465,0.05,1125217.0
"Fixed 56234, designed",56,0,25,"D 2,3 -> 6,7",25,True,0.0,56266.0,1,False,0.31503606513167726,0.05,56266.0
"Fixed 56234, designed",56,1,15,"D 0,3 -> 5,6",15,True,0.0,56260.0,1,False,0.29681502172579394,0.05,112526.0
"Fixed 56234, designed",56,2,8,"D 0,1 -> 4,5",8,True,0.0,56261.0,1,False,0.3764697826210095,0.05,168787.0
"Fixed 56234, designed",56,3,18,"D 1,2 -> 4,7",18,True,0.0,56260.0,1,False,0.3002635722338174,0.05,225047.0
"Fixed 56234, designed",56,4,14,"D 0,3 -> 4,7",14,True,0.0,56266.0,1,False,0.03758523457422756,0.05,281313.0
"Fixed 56234, designed",56,5,19,"D 1,2 -> 5,6",19,True,0.0,56258.0,1,False,0.0657125239900671,0.05,337571.0
"Fixed 56234, designed",56,6,11,"D 0,1 -> 6,7",22,False,0.044806582302531095,56262.0,1,False,0.04364852130558422,0.05,393833.0
"Fixed 56234, designed",56,7,22,"D 2,3 -> 4,5",22,True,0.0,56260.0,1,False,0.06967473471683744,0.05,450093.0
"Fixed 56234, designed",56,8,1,S 0 -> 6,12,False,1.0,56258.0,1,False,0.009441304763103292,0.05,506351.0
"Fixed 56234, designed",56,9,19,"D 1,2 -> 5,6",12,False,0.9999999296083535,56258.0,1,False,0.009441304763103292,0.05,562609.0
"Fixed 56234, designed",56,10,11,"D 0,1 -> 6,7",12,False,0.999999928507858,56258.0,1,False,0.009441304763103292,0.05,618867.0
"Fixed 56234, designed",56,11,7,S 3 -> 7,12,False,1.0,56258.0,1,False,0.009441304763103292,0.05,675125.0
"Fixed 56234, designed",56,12,10,"D 0,1 -> 5,6",12,False,1.0,56258.0,1,False,0.009441304763103292,0.05,731383.0
"Fixed 56234, designed",56,13,15,"D 0,3 -> 5,6",12,False,0.9999999966967403,56258.0,1,False,0.009441304763103292,0.05,787641.0
"Fixed 56234, designed",56,14,20,"D 1,2 -> 6,7",12,False,1.0,56258.0,1,False,0.009441304763103292,0.05,843899.0
"Fixed 56234, designed",56,15,11,"D 0,1 -> 6,7",12,False,0.999999928507858,56258.0,1,False,0.009441304763103292,0.05,900157.0
"Fixed 56234, designed",56,16,1,S 0 -> 6,12,False,1.0,56258.0,1,False,0.009441304763103292,0.05,956415.0
"Fixed 56234, designed",56,17,6,S 3 -> 5,12,False,1.0,56258.0,1,False,0.009441304763103292,0.05,1012673.0
"Fixed 56234, designed",56,18,21,"D 1,3 -> 5,7",12,False,2.6598964142365844e-09,56258.0,1,False,0.009441304763103292,0.05,1068931.0
"Fixed 56234, designed",56,19,12,"D 0,2 -> 4,6",12,True,0.0,56264.0,1,False,0.018167337715004457,0.05,1125195.0
"Fixed 56234, designed",57,0,25,"D 2,3 -> 6,7",25,True,0.0,56266.0,1,False,0.31503606513167726,0.05,56266.0
"Fixed 56234, designed",57,1,18,"D 1,2 -> 4,7",15,True,0.0,56260.0,1,False,0.29681502172579394,0.05,112526.0
"Fixed 56234, designed",57,2,8,"D 0,1 -> 4,5",8,True,0.0,56260.0,1,False,0.3764697826210095,0.05,168786.0
"Fixed 56234, designed",57,3,15,"D 0,3 -> 5,6",15,True,0.0,56262.0,1,False,0.30026357217502075,0.05,225048.0
"Fixed 56234, designed",57,4,14,"D 0,3 -> 4,7",19,True,5.80789971671436e-10,56266.0,1,False,0.03758523474777508,0.05,281314.0
"Fixed 56234, designed",57,5,19,"D 1,2 -> 5,6",19,True,0.0,56258.0,1,False,0.0657125239206618,0.05,337572.0
"Fixed 56234, designed",57,6,22,"D 2,3 -> 4,5",22,True,0.0,56262.0,1,False,0.043648521241327065,0.05,393834.0
"Fixed 56234, designed",57,7,11,"D 0,1 -> 6,7",11,True,0.0,56261.0,1,False,0.10072796416579699,0.05,450095.0
"Fixed 56234, designed",57,8,14,"D 0,3 -> 4,7",21,False,0.9999999267288782,56258.0,1,False,0.009441304483876924,0.05,506353.0
"Fixed 56234, designed",57,9,9,"D 0,1 -> 4,7",21,False,1.0,56258.0,1,False,0.009441304612776768,0.05,562611.0
"Fixed 56234, designed",57,10,21,"D 1,3 -> 5,7",21,True,0.0,56258.0,1,False,0.009441304612776768,0.05,618869.0
"Fixed 56234, designed",57,11,12,"D 0,2 -> 4,6",12,True,0.0,56264.0,1,False,0.018167337685998458,0.05,675133.0
"Fixed 56234, designed",58,0,25,"D 2,3 -> 6,7",25,True,0.0,56266.0,1,False,0.31503606513167726,0.05,56266.0
"Fixed 56234, designed",58,1,18,"D 1,2 -> 4,7",15,True,0.0,56260.0,1,False,0.29681502172579394,0.05,112526.0
"Fixed 56234, designed",58,2,8,"D 0,1 -> 4,5",8,True,0.0,56260.0,1,False,0.3764697826210095,0.05,168786.0
"Fixed 56234, designed",58,3,15,"D 0,3 -> 5,6",15,True,0.0,56262.0,1,False,0.30026357217502075,0.05,225048.0
"Fixed 56234, designed",58,4,14,"D 0,3 -> 4,7",19,True,5.80789971671436e-10,56266.0,1,False,0.03758523474777508,0.05,281314.0
"Fixed 56234, designed",58,5,19,"D 1,2 -> 5,6",19,True,0.0,56258.0,1,False,0.0657125239206618,0.05,337572.0
"Fixed 56234, designed",58,6,22,"D 2,3 -> 4,5",22,True,0.0,56262.0,1,False,0.043648521241327065,0.05,393834.0
"Fixed 56234, designed",58,7,11,"D 0,1 -> 6,7",11,True,0.0,56261.0,1,False,0.10072796416579699,0.05,450095.0
"Fixed 56234, designed",58,8,21,"D 1,3 -> 5,7",21,True,0.0,56258.0,1,False,0.009441304483876924,0.05,506353.0
"Fixed 56234, designed",58,9,14,"D 0,3 -> 4,7",12,False,0.9867728227773682,56264.0,1,False,0.01816733748163215,0.05,562617.0
"Fixed 56234, designed",59,0,25,"D 2,3 -> 6,7",25,True,0.0,56266.0,1,False,0.31503606513167726,0.05,56266.0
"Fixed 56234, designed",59,1,18,"D 1,2 -> 4,7",15,True,0.0,56260.0,1,False,0.29681502172579394,0.05,112526.0
"Fixed 56234, designed",59,2,8,"D 0,1 -> 4,5",8,True,0.0,56260.0,1,False,0.3764697826210095,0.05,168786.0
"Fixed 56234, designed",59,3,15,"D 0,3 -> 5,6",15,True,0.0,56262.0,1,False,0.30026357217502075,0.05,225048.0
"Fixed 56234, designed",59,4,19,"D 1,2 -> 5,6",19,True,0.0,56266.0,1,False,0.03758523474777508,0.05,281314.0
"Fixed 56234, designed",59,5,14,"D 0,3 -> 4,7",14,True,0.0,56259.0,1,False,0.06571252399006697,0.05,337573.0
"Fixed 56234, designed",59,6,22,"D 2,3 -> 4,5",22,True,0.0,56262.0,1,False,0.043648521305584075,0.05,393835.0
"Fixed 56234, designed",59,7,11,"D 0,1 -> 6,7",11,True,0.0,56261.0,1,False,0.10072796416579774,0.05,450096.0
"Fixed 56234, designed",59,8,2,S 1 -> 5,21,False,1.0,56258.0,1,False,0.009441304483876945,0.05,506354.0
"Fixed 56234, designed",59,9,21,"D 1,3 -> 5,7",12,True,6.400112662063862e-10,56258.0,1,False,0.00944130454604846,0.05,562612.0
"Fixed 56234, designed",59,10,12,"D 0,2 -> 4,6",12,True,0.0,56264.0,1,False,0.018167337650105007,0.05,618876.0
"Fixed 56234, designed",60,0,25,"D 2,3 -> 6,7",25,True,0.0,56266.0,1,False,0.31503606513167726,0.05,56266.0
"Fixed 56234, designed",60,1,15,"D 0,3 -> 5,6",15,True,0.0,56260.0,1,False,0.29681502172579394,0.05,112526.0
"Fixed 56234, designed",60,2,8,"D 0,1 -> 4,5",8,True,0.0,56261.0,1,False,0.3764697826210095,0.05,168787.0
"Fixed 56234, designed",60,3,18,"D 1,2 -> 4,7",18,True,0.0,56260.0,1,False,0.3002635722338174,0.05,225047.0
"Fixed 56234, designed",60,4,14,"D 0,3 -> 4,7",14,True,0.0,56266.0,1,False,0.03758523457422756,0.05,281313.0
"Fixed 56234, designed",60,5,19,"D 1,2 -> 5,6",19,True,0.0,56258.0,1,False,0.0657125239900671,0.05,337571.0
"Fixed 56234, designed",60,6,22,"D 2,3 -> 4,5",22,True,0.0,56262.0,1,False,0.04364852130558422,0.05,393833.0
"Fixed 56234, designed",60,7,11,"D 0,1 -> 6,7",11,True,0.0,56261.0,1,False,0.10072796416579655,0.05,450094.0
"Fixed 56234, designed",60,8,3,S 1 -> 7,21,False,1.0,56258.0,1,False,0.009441305047874061,0.05,506352.0
"Fixed 56234, designed",60,9,19,"D 1,2 -> 5,6",21,False,0.9999999790475566,56258.0,1,False,0.00944130458544351,0.05,562610.0
"Fixed 56234, designed",60,10,22,"D 2,3 -> 4,5",21,False,0.9999999773584395,56258.0,1,False,0.00944130458544351,0.05,618868.0
"Fixed 56234, designed",60,11,20,"D 1,2 -> 6,7",21,False,1.0,56258.0,1,False,0.00944130458544351,0.05,675126.0
"Fixed 56234, designed",60,12,21,"D 1,3 -> 5,7",21,True,0.0,56258.0,1,False,0.00944130458544351,0.05,731384.0
"Fixed 56234, designed",60,13,10,"D 0,1 -> 5,6",12,False,1.0,56264.0,1,False,0.01816733768467365,0.05,787648.0
"Fixed 56234, designed",60,14,12,"D 0,2 -> 4,6",12,True,0.0,56264.0,1,False,0.01816733769145487,0.05,843912.0
"Fixed 56234, designed",61,0,25,"D 2,3 -> 6,7",25,True,0.0,56266.0,1,False,0.31503606513167726,0.05,56266.0
"Fixed 56234, designed",61,1,18,"D 1,2 -> 4,7",15,True,0.0,56260.0,1,False,0.29681502172579394,0.05,112526.0
"Fixed 56234, designed",61,2,8,"D 0,1 -> 4,5",8,True,0.0,56260.0,1,False,0.3764697826210095,0.05,168786.0
"Fixed 56234, designed",61,3,15,"D 0,3 -> 5,6",15,True,0.0,56262.0,1,False,0.30026357217502075,0.05,225048.0
"Fixed 56234, designed",61,4,19,"D 1,2 -> 5,6",19,True,0.0,56266.0,1,False,0.03758523474777508,0.05,281314.0
"Fixed 56234, designed",61,5,14,"D 0,3 -> 4,7",14,True,0.0,56259.0,1,False,0.06571252399006697,0.05,337573.0
"Fixed 56234, designed",61,6,11,"D 0,1 -> 6,7",22,False,0.04480658230253376,56262.0,1,False,0.043648521305584075,0.05,393835.0
"Fixed 56234, designed",61,7,22,"D 2,3 -> 4,5",22,True,0.0,56260.0,1,False,0.06967473471393487,0.05,450095.0
"Fixed 56234, designed",61,8,3,S 1 -> 7,21,False,1.0,56258.0,1,False,0.009441304763103297,0.05,506353.0
"Fixed 56234, designed",61,9,2,S 1 -> 5,21,False,1.0,56258.0,1,False,0.009441304763103297,0.05,562611.0
"Fixed 56234, designed",61,10,20,"D 1,2 -> 6,7",21,False,1.0,56258.0,1,False,0.009441304763103297,0.05,618869.0
"Fixed 56234, designed",61,11,25,"D 2,3 -> 6,7",21,False,0.9999998934268425,56258.0,1,False,0.009441304763103297,0.05,675127.0
"Fixed 56234, designed",61,12,1,S 0 -> 6,21,False,1.0,56258.0,1,False,0.009441304763103297,0.05,731385.0
"Fixed 56234, designed",61,13,19,"D 1,2 -> 5,6",21,False,0.9999999421513571,56258.0,1,False,0.009441304763103297,0.05,787643.0
"Fixed 56234, designed",61,14,3,S 1 -> 7,21,False,1.0,56258.0,1,False,0.009441304763103297,0.05,843901.0
"Fixed 56234, designed",61,15,0,S 0 -> 4,21,False,1.0,56258.0,1,False,0.009441304763103297,0.05,900159.0
"Fixed 56234, designed",61,16,11,"D 0,1 -> 6,7",21,False,0.9999999285078227,56258.0,1,False,0.009441304763103297,0.05,956417.0
"Fixed 56234, designed",61,17,1,S 0 -> 6,21,False,1.0,56258.0,1,False,0.009441304763103297,0.05,1012675.0
"Fixed 56234, designed",61,18,12,"D 0,2 -> 4,6",21,False,2.6598955260581647e-09,56258.0,1,False,0.009441304763103297,0.05,1068933.0
"Fixed 56234, designed",61,19,21,"D 1,3 -> 5,7",21,True,0.0,56259.0,1,False,0.018167337769586754,0.05,1125192.0
"Fixed 56234, designed",62,0,19,"D 1,2 -> 5,6",25,False,0.052846754050403844,56266.0,1,False,0.31503606513167726,0.05,56266.0
"Fixed 56234, designed",62,1,22,"D 2,3 -> 4,5",22,True,0.0,56261.0,1,False,0.2986379460814117,0.05,112527.0
"Fixed 56234, designed",62,2,14,"D 0,3 -> 4,7",14,True,0.0,56260.0,1,False,0.3532199223008815,0.05,168787.0
"Fixed 56234, designed",62,3,11,"D 0,1 -> 6,7",11,True,0.0,56261.0,1,False,0.22254278935005609,0.05,225048.0
"Fixed 56234, designed",62,4,15,"D 0,3 -> 5,6",8,False,0.026297156671435507,56257.0,1,False,0.022746160639765003,0.05,281305.0
"Fixed 56234, designed",62,5,18,"D 1,2 -> 4,7",18,True,0.0,56264.0,1,False,0.03866517255362906,0.05,337569.0
"Fixed 56234, designed",62,6,8,"D 0,1 -> 4,5",8,True,0.0,56259.0,1,False,0.0338793291530661,0.05,393828.0
"Fixed 56234, designed",62,7,25,"D 2,3 -> 6,7",25,True,0.0,56257.0,1,False,0.061402606860135975,0.05,450085.0
"Fixed 56234, designed",62,8,21,"D 1,3 -> 5,7",12,False,1.144516659223882e-08,56258.0,1,False,0.009441303902995038,0.05,506343.0
"Fixed 56234, designed",62,9,5,S 2 -> 6,12,False,1.0,56264.0,1,False,0.018167337660131934,0.05,562607.0
"Fixed 56234, designed",62,10,12,"D 0,2 -> 4,6",12,True,0.0,56264.0,1,False,0.018167337660131934,0.05,618871.0
"Fixed 56234, designed",63,0,25,"D 2,3 -> 6,7",25,True,0.0,56266.0,1,False,0.31503606513167726,0.05,56266.0
"Fixed 56234, designed",63,1,15,"D 0,3 -> 5,6",15,True,0.0,56260.0,1,False,0.29681502172579394,0.05,112526.0
"Fixed 56234, designed",63,2,8,"D 0,1 -> 4,5",8,True,0.0,56261.0,1,False,0.3764697826210095,0.05,168787.0
"Fixed 56234, designed",63,3,18,"D 1,2 -> 4,7",18,True,0.0,56260.0,1,False,0.3002635722338174,0.05,225047.0
"Fixed 56234, designed",63,4,14,"D 0,3 -> 4,7",14,True,0.0,56266.0,1,False,0.03758523457422756,0.05,281313.0
"Fixed 56234, designed",63,5,19,"D 1,2 -> 5,6",19,True,0.0,56258.0,1,False,0.0657125239900671,0.05,337571.0
"Fixed 56234, designed",63,6,11,"D 0,1 -> 6,7",22,False,0.044806582302531095,56262.0,1,False,0.04364852130558422,0.05,393833.0
"Fixed 56234, designed",63,7,22,"D 2,3 -> 4,5",22,True,0.0,56260.0,1,False,0.06967473471683744,0.05,450093.0
"Fixed 56234, designed",63,8,8,"D 0,1 -> 4,5",12,False,0.9999999277147249,56258.0,1,False,0.009441304763103292,0.05,506351.0
"Fixed 56234, designed",63,9,7,S 3 -> 7,12,False,1.0,56258.0,1,False,0.009441304763103292,0.05,562609.0
"Fixed 56234, designed",63,10,5,S 2 -> 6,12,False,1.0,56258.0,1,False,0.009441304763103292,0.05,618867.0
"Fixed 56234, designed",63,11,0,S 0 -> 4,12,False,1.0,56258.0,1,False,0.009441304763103292,0.05,675125.0
"Fixed 56234, designed",63,12,12,"D 0,2 -> 4,6",12,True,0.0,56258.0,1,False,0.009441304763103292,0.05,731383.0
"Fixed 56234, designed",63,13,5,S 2 -> 6,21,False,1.0,56259.0,1,False,0.018167337733067546,0.05,787642.0
"Fixed 56234, designed",63,14,21,"D 1,3 -> 5,7",21,True,0.0,56259.0,1,False,0.018167337190615855,0.05,843901.0
"Fixed 56234, designed",64,0,25,"D 2,3 -> 6,7",25,True,0.0,56266.0,1,False,0.31503606513167726,0.05,56266.0
"Fixed 56234, designed",64,1,18,"D 1,2 -> 4,7",15,True,0.0,56260.0,1,False,0.29681502172579394,0.05,112526.0
"Fixed 56234, designed",64,2,8,"D 0,1 -> 4,5",8,True,0.0,56260.0,1,False,0.3764697826210095,0.05,168786.0
"Fixed 56234, designed",64,3,15,"D 0,3 -> 5,6",15,True,0.0,56262.0,1,False,0.30026357217502075,0.05,225048.0
"Fixed 56234, designed",64,4,19,"D 1,2 -> 5,6",19,True,0.0,56266.0,1,False,0.03758523474777508,0.05,281314.0
"Fixed 56234, designed",64,5,14,"D 0,3 -> 4,7",14,True,0.0,56259.0,1,False,0.06571252399006697,0.05,337573.0
"Fixed 56234, designed",64,6,22,"D 2,3 -> 4,5",22,True,0.0,56262.0,1,False,0.043648521305584075,0.05,393835.0
"Fixed 56234, designed",64,7,11,"D 0,1 -> 6,7",11,True,0.0,56261.0,1,False,0.10072796416579774,0.05,450096.0
"Fixed 56234, designed",64,8,12,"D 0,2 -> 4,6",21,False,2.297271373130627e-09,56258.0,1,False,0.009441304483876945,0.05,506354.0
"Fixed 56234, designed",64,9,21,"D 1,3 -> 5,7",21,True,0.0,56259.0,1,False,0.018167337649210517,0.05,562613.0
"Fixed 56234, designed",65,0,25,"D 2,3 -> 6,7",25,True,0.0,56266.0,1,False,0.31503606513167726,0.05,56266.0
"Fixed 56234, designed",65,1,18,"D 1,2 -> 4,7",15,True,0.0,56260.0,1,False,0.29681502172579394,0.05,112526.0
"Fixed 56234, designed",65,2,8,"D 0,1 -> 4,5",8,True,0.0,56260.0,1,False,0.3764697826210095,0.05,168786.0
"Fixed 56234, designed",65,3,15,"D 0,3 -> 5,6",15,True,0.0,56262.0,1,False,0.30026357217502075,0.05,225048.0
"Fixed 56234, designed",65,4,19,"D 1,2 -> 5,6",19,True,0.0,56266.0,1,False,0.03758523474777508,0.05,281314.0
"Fixed 56234, designed",65,5,14,"D 0,3 -> 4,7",14,True,0.0,56259.0,1,False,0.06571252399006697,0.05,337573.0
"Fixed 56234, designed",65,6,22,"D 2,3 -> 4,5",22,True,0.0,56262.0,1,False,0.043648521305584075,0.05,393835.0
"Fixed 56234, designed",65,7,11,"D 0,1 -> 6,7",11,True,0.0,56261.0,1,False,0.10072796416579774,0.05,450096.0
"Fixed 56234, designed",65,8,2,S 1 -> 5,21,False,1.0,56258.0,1,False,0.009441304483876945,0.05,506354.0
"Fixed 56234, designed",65,9,20,"D 1,2 -> 6,7",12,False,1.0,56258.0,1,False,0.00944130454604846,0.05,562612.0
"Fixed 56234, designed",65,10,3,S 1 -> 7,12,False,1.0,56258.0,1,False,0.00944130454604846,0.05,618870.0
"Fixed 56234, designed",65,11,19,"D 1,2 -> 5,6",12,False,0.9999999992743589,56258.0,1,False,0.00944130454604846,0.05,675128.0
"Fixed 56234, designed",65,12,12,"D 0,2 -> 4,6",12,True,0.0,56258.0,1,False,0.00944130454604846,0.06,731386.0
"Fixed 56234, designed",65,13,21,"D 1,3 -> 5,7",21,True,0.0,56259.0,1,False,0.018167337686074737,0.05,787645.0
"Fixed 56234, designed",66,0,25,"D 2,3 -> 6,7",25,True,0.0,56266.0,1,False,0.31503606513167726,0.05,56266.0
"Fixed 56234, designed",66,1,15,"D 0,3 -> 5,6",15,True,0.0,56260.0,1,False,0.29681502172579394,0.05,112526.0
"Fixed 56234, designed",66,2,8,"D 0,1 -> 4,5",8,True,0.0,56261.0,1,False,0.3764697826210095,0.05,168787.0
"Fixed 56234, designed",66,3,18,"D 1,2 -> 4,7",18,True,0.0,56260.0,1,False,0.3002635722338174,0.05,225047.0
"Fixed 56234, designed",66,4,22,"D 2,3 -> 4,5",14,False,0.30884520195814336,56266.0,1,False,0.03758523457422756,0.05,281313.0
"Fixed 56234, designed",66,5,19,"D 1,2 -> 5,6",11,False,0.22259313251041046,56261.0,1,False,0.05305793406820507,0.05,337574.0
"Fixed 56234, designed",66,6,14,"D 0,3 -> 4,7",14,True,0.0,56262.0,1,False,0.07333715141745498,0.05,393836.0
"Fixed 56234, designed",66,7,11,"D 0,1 -> 6,7",11,True,0.0,56260.0,1,False,0.11145598774969054,0.05,450096.0
"Fixed 56234, designed",66,8,13,"D 0,3 -> 4,5",21,False,1.0,56258.0,1,False,0.009441304699534856,0.05,506354.0
"Fixed 56234, designed",66,9,22,"D 2,3 -> 4,5",21,False,0.9999999998423911,56258.0,1,False,0.009441304699534856,0.05,562612.0
"Fixed 56234, designed",66,10,12,"D 0,2 -> 4,6",21,True,5.054279217375779e-11,56258.0,1,False,0.009441304699534856,0.05,618870.0
"Fixed 56234, designed",66,11,21,"D 1,3 -> 5,7",21,True,0.0,56259.0,1,False,0.018167337949054868,0.05,675129.0
"Fixed 56234, designed",67,0,25,"D 2,3 -> 6,7",25,True,0.0,56266.0,1,False,0.31503606513167726,0.05,56266.0
"Fixed 56234, designed",67,1,15,"D 0,3 -> 5,6",15,True,0.0,56260.0,1,False,0.29681502172579394,0.05,112526.0
"Fixed 56234, designed",67,2,8,"D 0,1 -> 4,5",8,True,0.0,56261.0,1,False,0.3764697826210095,0.05,168787.0
"Fixed 56234, designed",67,3,18,"D 1,2 -> 4,7",18,True,0.0,56260.0,1,False,0.3002635722338174,0.05,225047.0
"Fixed 56234, designed",67,4,14,"D 0,3 -> 4,7",14,True,0.0,56266.0,1,False,0.03758523457422756,0.05,281313.0
"Fixed 56234, designed",67,5,19,"D 1,2 -> 5,6",19,True,0.0,56258.0,1,False,0.0657125239900671,0.05,337571.0
"Fixed 56234, designed",67,6,22,"D 2,3 -> 4,5",22,True,0.0,56262.0,1,False,0.04364852130558422,0.05,393833.0
"Fixed 56234, designed",67,7,11,"D 0,1 -> 6,7",11,True,0.0,56261.0,1,False,0.10072796416579655,0.05,450094.0
"Fixed 56234, designed",67,8,6,S 3 -> 5,21,False,1.0,56258.0,1,False,0.009441305047874061,0.05,506352.0
"Fixed 56234, designed",67,9,0,S 0 -> 4,21,False,1.0,56258.0,1,False,0.00944130458544351,0.05,562610.0
"Fixed 56234, designed",67,10,2,S 1 -> 5,21,False,1.0,56258.0,1,False,0.00944130458544351,0.05,618868.0
"Fixed 56234, designed",67,11,21,"D 1,3 -> 5,7",21,True,0.0,56258.0,1,False,0.00944130458544351,0.05,675126.0
"Fixed 56234, designed",67,12,12,"D 0,2 -> 4,6",12,True,0.0,56264.0,1,False,0.018167337511205264,0.05,731390.0
"Fixed 56234, designed",68,0,25,"D 2,3 -> 6,7",25,True,0.0,56266.0,1,False,0.31503606513167726,0.05,56266.0
"Fixed 56234, designed",68,1,15,"D 0,3 -> 5,6",15,True,0.0,56260.0,1,False,0.29681502172579394,0.05,112526.0
"Fixed 56234, designed",68,2,8,"D 0,1 -> 4,5",8,True,0.0,56261.0,1,False,0.3764697826210095,0.05,168787.0
"Fixed 56234, designed",68,3,18,"D 1,2 -> 4,7",18,True,0.0,56260.0,1,False,0.3002635722338174,0.05,225047.0
"Fixed 56234, designed",68,4,14,"D 0,3 -> 4,7",14,True,0.0,56266.0,1,False,0.03758523457422756,0.05,281313.0
"Fixed 56234, designed",68,5,19,"D 1,2 -> 5,6",19,True,0.0,56258.0,1,False,0.0657125239900671,0.05,337571.0
"Fixed 56234, designed",68,6,11,"D 0,1 -> 6,7",22,False,0.044806582302531095,56262.0,1,False,0.04364852130558422,0.05,393833.0
"Fixed 56234, designed",68,7,22,"D 2,3 -> 4,5",22,True,0.0,56260.0,1,False,0.06967473471683744,0.05,450093.0
"Fixed 56234, designed",68,8,2,S 1 -> 5,12,False,1.0,56258.0,1,False,0.009441304763103292,0.05,506351.0
"Fixed 56234, designed",68,9,20,"D 1,2 -> 6,7",12,False,1.0,56258.0,1,False,0.009441304763103292,0.05,562609.0
"Fixed 56234, designed",68,10,6,S 3 -> 5,12,False,1.0,56258.0,1,False,0.009441304763103292,0.05,618867.0
"Fixed 56234, designed",68,11,20,"D 1,2 -> 6,7",12,False,1.0,56258.0,1,False,0.009441304763103292,0.05,675125.0
"Fixed 56234, designed",68,12,21,"D 1,3 -> 5,7",12,False,2.6598964142365844e-09,56258.0,1,False,0.009441304763103292,0.05,731383.0
"Fixed 56234, designed",68,13,12,"D 0,2 -> 4,6",12,True,0.0,56264.0,1,False,0.018167337649211208,0.05,787647.0
"Fixed 56234, designed",69,0,25,"D 2,3 -> 6,7",25,True,0.0,56266.0,1,False,0.31503606513167726,0.05,56266.0
"Fixed 56234, designed",69,1,18,"D 1,2 -> 4,7",15,True,0.0,56260.0,1,False,0.29681502172579394,0.05,112526.0
"Fixed 56234, designed",69,2,8,"D 0,1 -> 4,5",8,True,0.0,56260.0,1,False,0.3764697826210095,0.05,168786.0
"Fixed 56234, designed",69,3,15,"D 0,3 -> 5,6",15,True,0.0,56262.0,1,False,0.30026357217502075,0.05,225048.0
"Fixed 56234, designed",69,4,19,"D 1,2 -> 5,6",19,True,0.0,56266.0,1,False,0.03758523474777508,0.05,281314.0
"Fixed 56234, designed",69,5,14,"D 0,3 -> 4,7",14,True,0.0,56259.0,1,False,0.06571252399006697,0.05,337573.0
"Fixed 56234, designed",69,6,22,"D 2,3 -> 4,5",22,True,0.0,56262.0,1,False,0.043648521305584075,0.05,393835.0
"Fixed 56234, designed",69,7,11,"D 0,1 -> 6,7",11,True,0.0,56261.0,1,False,0.10072796416579774,0.05,450096.0
"Fixed 56234, designed",69,8,6,S 3 -> 5,21,False,1.0,56258.0,1,False,0.009441304483876945,0.05,506354.0
"Fixed 56234, designed",69,9,0,S 0 -> 4,12,False,1.0,56258.0,1,False,0.00944130454604846,0.05,562612.0
"Fixed 56234, designed",69,10,11,"D 0,1 -> 6,7",12,False,0.9999999972400071,56258.0,1,False,0.00944130454604846,0.05,618870.0
"Fixed 56234, designed",69,11,15,"D 0,3 -> 5,6",12,False,0.9999999673685087,56258.0,1,False,0.00944130454604846,0.05,675128.0
"Fixed 56234, designed",69,12,12,"D 0,2 -> 4,6",12,True,0.0,56258.0,1,False,0.00944130454604846,0.05,731386.0
"Fixed 56234, designed",69,13,21,"D 1,3 -> 5,7",21,True,0.0,56259.0,1,False,0.018167337956360385,0.05,787645.0
"Fixed 56234, designed",70,0,25,"D 2,3 -> 6,7",25,True,0.0,56266.0,1,False,0.31503606513167726,0.05,56266.0
"Fixed 56234, designed",70,1,18,"D 1,2 -> 4,7",15,True,0.0,56260.0,1,False,0.29681502172579394,0.05,112526.0
"Fixed 56234, designed",70,2,8,"D 0,1 -> 4,5",8,True,0.0,56260.0,1,False,0.3764697826210095,0.05,168786.0
"Fixed 56234, designed",70,3,15,"D 0,3 -> 5,6",15,True,0.0,56262.0,1,False,0.30026357217502075,0.05,225048.0
"Fixed 56234, designed",70,4,19,"D 1,2 -> 5,6",19,True,0.0,56266.0,1,False,0.03758523474777508,0.05,281314.0
"Fixed 56234, designed",70,5,14,"D 0,3 -> 4,7",14,True,0.0,56259.0,1,False,0.06571252399006697,0.05,337573.0
"Fixed 56234, designed",70,6,22,"D 2,3 -> 4,5",22,True,0.0,56262.0,1,False,0.043648521305584075,0.05,393835.0
"Fixed 56234, designed",70,7,11,"D 0,1 -> 6,7",11,True,0.0,56261.0,1,False,0.10072796416579774,0.05,450096.0
"Fixed 56234, designed",70,8,2,S 1 -> 5,21,False,1.0,56258.0,1,False,0.009441304483876945,0.05,506354.0
"Fixed 56234, designed",70,9,8,"D 0,1 -> 4,5",12,False,0.9999999830892309,56258.0,1,False,0.00944130454604846,0.05,562612.0
"Fixed 56234, designed",70,10,12,"D 0,2 -> 4,6",12,True,0.0,56258.0,1,False,0.00944130454604846,0.05,618870.0
"Fixed 56234, designed",70,11,3,S 1 -> 7,21,False,1.0,56259.0,1,False,0.018167337680742957,0.05,675129.0
"Fixed 56234, designed",70,12,2,S 1 -> 5,21,False,1.0,56259.0,1,False,0.018167337680742957,0.05,731388.0
"Fixed 56234, designed",70,13,21,"D 1,3 -> 5,7",21,True,0.0,56259.0,1,False,0.018167337680742957,0.05,787647.0
"Fixed 56234, designed",71,0,25,"D 2,3 -> 6,7",25,True,0.0,56266.0,1,False,0.31503606513167726,0.05,56266.0
"Fixed 56234, designed",71,1,8,"D 0,1 -> 4,5",15,False,0.033311851350335986,56260.0,1,False,0.29681502172579394,0.05,112526.0
"Fixed 56234, designed",71,2,15,"D 0,3 -> 5,6",15,True,0.0,56258.0,1,False,0.303713351808019,0.05,168784.0
"Fixed 56234, designed",71,3,18,"D 1,2 -> 4,7",18,True,0.0,56258.0,1,False,0.38824803810173436,0.05,225042.0
"Fixed 56234, designed",71,4,14,"D 0,3 -> 4,7",14,True,0.0,56266.0,1,False,0.03758523456612019,0.05,281308.0
"Fixed 56234, designed",71,5,19,"D 1,2 -> 5,6",19,True,0.0,56258.0,1,False,0.0657125241352967,0.05,337566.0
"Fixed 56234, designed",71,6,11,"D 0,1 -> 6,7",22,False,0.04480658474782895,56262.0,1,False,0.043648521856409134,0.05,393828.0
"Fixed 56234, designed",71,7,22,"D 2,3 -> 4,5",22,True,0.0,56260.0,1,False,0.06967473568968069,0.05,450088.0
"Fixed 56234, designed",71,8,12,"D 0,2 -> 4,6",12,True,6.661338147750939e-15,56258.0,1,False,0.00944130465202562,0.05,506346.0
"Fixed 56234, designed",71,9,25,"D 2,3 -> 6,7",21,False,0.9938245600494897,56259.0,1,False,0.018167337417688407,0.05,562605.0
"Fixed 56234, designed",72,0,25,"D 2,3 -> 6,7",25,True,0.0,56266.0,1,False,0.31503606513167726,0.05,56266.0
"Fixed 56234, designed",72,1,18,"D 1,2 -> 4,7",15,True,0.0,56260.0,1,False,0.29681502172579394,0.05,112526.0
"Fixed 56234, designed",72,2,8,"D 0,1 -> 4,5",8,True,0.0,56260.0,1,False,0.3764697826210095,0.05,168786.0
"Fixed 56234, designed",72,3,15,"D 0,3 -> 5,6",15,True,0.0,56262.0,1,False,0.30026357217502075,0.05,225048.0
"Fixed 56234, designed",72,4,14,"D 0,3 -> 4,7",19,True,5.80789971671436e-10,56266.0,1,False,0.03758523474777508,0.05,281314.0
"Fixed 56234, designed",72,5,19,"D 1,2 -> 5,6",19,True,0.0,56258.0,1,False,0.0657125239206618,0.05,337572.0
"Fixed 56234, designed",72,6,22,"D 2,3 -> 4,5",22,True,0.0,56262.0,1,False,0.043648521241327065,0.05,393834.0
"Fixed 56234, designed",72,7,11,"D 0,1 -> 6,7",11,True,0.0,56261.0,1,False,0.10072796416579699,0.05,450095.0
"Fixed 56234, designed",72,8,21,"D 1,3 -> 5,7",21,True,0.0,56258.0,1,False,0.009441304483876924,0.05,506353.0
"Fixed 56234, designed",72,9,4,S 2 -> 4,12,False,1.0,56264.0,1,False,0.01816733748163215,0.05,562617.0
"Fixed 56234, designed",72,10,12,"D 0,2 -> 4,6",12,True,0.0,56264.0,1,False,0.01816733748163215,0.05,618881.0
"Fixed 56234, designed",73,0,25,"D 2,3 -> 6,7",25,True,0.0,56266.0,1,False,0.31503606513167726,0.05,56266.0
"Fixed 56234, designed",73,1,18,"D 1,2 -> 4,7",15,True,0.0,56260.0,1,False,0.29681502172579394,0.05,112526.0
"Fixed 56234, designed",73,2,8,"D 0,1 -> 4,5",8,True,0.0,56260.0,1,False,0.3764697826210095,0.05,168786.0
"Fixed 56234, designed",73,3,15,"D 0,3 -> 5,6",15,True,0.0,56262.0,1,False,0.30026357217502075,0.05,225048.0
"Fixed 56234, designed",73,4,14,"D 0,3 -> 4,7",19,True,5.80789971671436e-10,56266.0,1,False,0.03758523474777508,0.05,281314.0
"Fixed 56234, designed",73,5,19,"D 1,2 -> 5,6",19,True,0.0,56258.0,1,False,0.0657125239206618,0.05,337572.0
"Fixed 56234, designed",73,6,11,"D 0,1 -> 6,7",22,False,0.044806582285133345,56262.0,1,False,0.043648521241327065,0.05,393834.0
"Fixed 56234, designed",73,7,22,"D 2,3 -> 4,5",22,True,0.0,56260.0,1,False,0.06967473482297251,0.05,450094.0
"Fixed 56234, designed",73,8,8,"D 0,1 -> 4,5",12,False,0.9999999853713407,56258.0,1,False,0.009441304632724787,0.05,506352.0
"Fixed 56234, designed",73,9,10,"D 0,1 -> 5,6",12,False,1.0,56258.0,1,False,0.009441304632724787,0.05,562610.0
"Fixed 56234, designed",73,10,0,S 0 -> 4,12,False,1.0,56258.0,1,False,0.009441304632724787,0.05,618868.0
"Fixed 56234, designed",73,11,10,"D 0,1 -> 5,6",12,False,1.0,56258.0,1,False,0.009441304632724787,0.05,675126.0
"Fixed 56234, designed",73,12,12,"D 0,2 -> 4,6",12,True,0.0,56258.0,1,False,0.009441304632724787,0.05,731384.0
"Fixed 56234, designed",73,13,21,"D 1,3 -> 5,7",21,True,0.0,56259.0,1,False,0.018167337617235907,0.05,787643.0
"Fixed 56234, designed",74,0,25,"D 2,3 -> 6,7",25,True,0.0,56266.0,1,False,0.31503606513167726,0.05,56266.0
"Fixed 56234, designed",74,1,18,"D 1,2 -> 4,7",15,True,0.0,56260.0,1,False,0.29681502172579394,0.05,112526.0
"Fixed 56234, designed",74,2,8,"D 0,1 -> 4,5",8,True,0.0,56260.0,1,False,0.3764697826210095,0.05,168786.0
"Fixed 56234, designed",74,3,15,"D 0,3 -> 5,6",15,True,0.0,56262.0,1,False,0.30026357217502075,0.05,225048.0
"Fixed 56234, designed",74,4,11,"D 0,1 -> 6,7",19,False,0.356478614776494,56266.0,1,False,0.03758523474777508,0.05,281314.0
"Fixed 56234, designed",74,5,22,"D 2,3 -> 4,5",14,False,0.004491939885865492,56260.0,1,False,0.03912173614796322,0.05,337574.0
"Fixed 56234, designed",74,6,14,"D 0,3 -> 4,7",19,False,3.4659487502253228e-09,56264.0,1,False,0.054109015205618526,0.05,393838.0
"Fixed 56234, designed",74,7,19,"D 1,2 -> 5,6",19,True,0.0,56263.0,1,False,0.10242177985564906,0.05,450101.0
"Fixed 56234, designed",74,8,12,"D 0,2 -> 4,6",21,True,3.602984577355528e-11,56258.0,1,False,0.009441304591323321,0.05,506359.0
"Fixed 56234, designed",74,9,21,"D 1,3 -> 5,7",21,True,0.0,56259.0,1,False,0.01816733768798478,0.05,562618.0
"Fixed 56234, designed",75,0,25,"D 2,3 -> 6,7",25,True,0.0,56266.0,1,False,0.31503606513167726,0.05,56266.0
"Fixed 56234, designed",75,1,15,"D 0,3 -> 5,6",15,True,0.0,56260.0,1,False,0.29681502172579394,0.05,112526.0
"Fixed 56234, designed",75,2,8,"D 0,1 -> 4,5",8,True,0.0,56261.0,1,False,0.3764697826210095,0.05,168787.0
"Fixed 56234, designed",75,3,18,"D 1,2 -> 4,7",18,True,0.0,56260.0,1,False,0.3002635722338174,0.05,225047.0
"Fixed 56234, designed",75,4,19,"D 1,2 -> 5,6",14,True,5.182410056647768e-12,56266.0,1,False,0.03758523457422756,0.05,281313.0
"Fixed 56234, designed",75,5,14,"D 0,3 -> 4,7",14,True,0.0,56259.0,1,False,0.06571252392066197,0.05,337572.0
"Fixed 56234, designed",75,6,11,"D 0,1 -> 6,7",22,False,0.044806582285143115,56262.0,1,False,0.04364852124132713,0.05,393834.0
"Fixed 56234, designed",75,7,22,"D 2,3 -> 4,5",22,True,0.0,56260.0,1,False,0.06967473471393487,0.05,450094.0
"Fixed 56234, designed",75,8,21,"D 1,3 -> 5,7",21,True,0.0,56258.0,1,False,0.009441304632724919,0.05,506352.0
"Fixed 56234, designed",75,9,12,"D 0,2 -> 4,6",12,True,0.0,56264.0,1,False,0.018167337649211596,0.05,562616.0
"Fixed 56234, designed",76,0,25,"D 2,3 -> 6,7",25,True,0.0,56266.0,1,False,0.31503606513167726,0.05,56266.0
"Fixed 56234, designed",76,1,18,"D 1,2 -> 4,7",15,True,0.0,56260.0,1,False,0.29681502172579394,0.05,112526.0
"Fixed 56234, designed",76,2,8,"D 0,1 -> 4,5",8,True,0.0,56260.0,1,False,0.3764697826210095,0.05,168786.0
"Fixed 56234, designed",76,3,15,"D 0,3 -> 5,6",15,True,0.0,56262.0,1,False,0.30026357217502075,0.05,225048.0
"Fixed 56234, designed",76,4,14,"D 0,3 -> 4,7",19,True,5.80789971671436e-10,56266.0,1,False,0.03758523474777508,0.05,281314.0
"Fixed 56234, designed",76,5,19,"D 1,2 -> 5,6",19,True,0.0,56258.0,1,False,0.0657125239206618,0.05,337572.0
"Fixed 56234, designed",76,6,22,"D 2,3 -> 4,5",22,True,0.0,56262.0,1,False,0.043648521241327065,0.05,393834.0
"Fixed 56234, designed",76,7,11,"D 0,1 -> 6,7",11,True,0.0,56261.0,1,False,0.10072796416579699,0.05,450095.0
"Fixed 56234, designed",76,8,12,"D 0,2 -> 4,6",21,False,2.297273260509769e-09,56258.0,1,False,0.009441304483876924,0.05,506353.0
"Fixed 56234, designed",76,9,21,"D 1,3 -> 5,7",21,True,0.0,56259.0,1,False,0.018167337649210347,0.05,562612.0
"Fixed 56234, designed",77,0,25,"D 2,3 -> 6,7",25,True,0.0,56266.0,1,False,0.31503606513167726,0.05,56266.0
"Fixed 56234, designed",77,1,18,"D 1,2 -> 4,7",15,True,0.0,56260.0,1,False,0.29681502172579394,0.05,112526.0
"Fixed 56234, designed",77,2,8,"D 0,1 -> 4,5",8,True,0.0,56260.0,1,False,0.3764697826210095,0.05,168786.0
"Fixed 56234, designed",77,3,15,"D 0,3 -> 5,6",15,True,0.0,56262.0,1,False,0.30026357217502075,0.05,225048.0
"Fixed 56234, designed",77,4,14,"D 0,3 -> 4,7",19,True,5.80789971671436e-10,56266.0,1,False,0.03758523474777508,0.05,281314.0
"Fixed 56234, designed",77,5,19,"D 1,2 -> 5,6",19,True,0.0,56258.0,1,False,0.0657125239206618,0.05,337572.0
"Fixed 56234, designed",77,6,22,"D 2,3 -> 4,5",22,True,0.0,56262.0,1,False,0.043648521241327065,0.05,393834.0
"Fixed 56234, designed",77,7,11,"D 0,1 -> 6,7",11,True,0.0,56261.0,1,False,0.10072796416579699,0.05,450095.0
"Fixed 56234, designed",77,8,8,"D 0,1 -> 4,5",21,False,0.9999999180305196,56258.0,1,False,0.009441304483876924,0.05,506353.0
"Fixed 56234, designed",77,9,12,"D 0,2 -> 4,6",12,True,0.0,56258.0,1,False,0.009441304583354107,0.05,562611.0
"Fixed 56234, designed",77,10,21,"D 1,3 -> 5,7",21,True,0.0,56259.0,1,False,0.018167337617235595,0.05,618870.0
"Fixed 56234, designed",78,0,25,"D 2,3 -> 6,7",25,True,0.0,56266.0,1,False,0.31503606513167726,0.05,56266.0
"Fixed 56234, designed",78,1,18,"D 1,2 -> 4,7",15,True,0.0,56260.0,1,False,0.29681502172579394,0.05,112526.0
"Fixed 56234, designed",78,2,8,"D 0,1 -> 4,5",8,True,0.0,56260.0,1,False,0.3764697826210095,0.05,168786.0
"Fixed 56234, designed",78,3,15,"D 0,3 -> 5,6",15,True,0.0,56262.0,1,False,0.30026357217502075,0.05,225048.0
"Fixed 56234, designed",78,4,19,"D 1,2 -> 5,6",19,True,0.0,56266.0,1,False,0.03758523474777508,0.05,281314.0
"Fixed 56234, designed",78,5,14,"D 0,3 -> 4,7",14,True,0.0,56259.0,1,False,0.06571252399006697,0.05,337573.0
"Fixed 56234, designed",78,6,22,"D 2,3 -> 4,5",22,True,0.0,56262.0,1,False,0.043648521305584075,0.05,393835.0
"Fixed 56234, designed",78,7,11,"D 0,1 -> 6,7",11,True,0.0,56261.0,1,False,0.10072796416579774,0.05,450096.0
"Fixed 56234, designed",78,8,25,"D 2,3 -> 6,7",21,False,0.999999861478396,56258.0,1,False,0.009441304483876945,0.05,506354.0
"Fixed 56234, designed",78,9,12,"D 0,2 -> 4,6",21,True,8.286266117707441e-10,56258.0,1,False,0.00944130448014558,0.05,562612.0
"Fixed 56234, designed",78,10,17,"D 1,2 -> 4,5",21,False,1.0,56259.0,1,False,0.018167337770331658,0.05,618871.0
"Fixed 56234, designed",78,11,11,"D 0,1 -> 6,7",21,False,0.9826753721918845,56259.0,1,False,0.018167337770331658,0.05,675130.0
"Fixed 56234, designed",79,0,25,"D 2,3 -> 6,7",25,True,0.0,56266.0,1,False,0.31503606513167726,0.05,56266.0
"Fixed 56234, designed",79,1,18,"D 1,2 -> 4,7",15,True,0.0,56260.0,1,False,0.29681502172579394,0.05,112526.0
"Fixed 56234, designed",79,2,8,"D 0,1 -> 4,5",8,True,0.0,56260.0,1,False,0.3764697826210095,0.05,168786.0
"Fixed 56234, designed",79,3,15,"D 0,3 -> 5,6",15,True,0.0,56262.0,1,False,0.30026357217502075,0.05,225048.0
"Fixed 56234, designed",79,4,19,"D 1,2 -> 5,6",19,True,0.0,56266.0,1,False,0.03758523474777508,0.05,281314.0
"Fixed 56234, designed",79,5,14,"D 0,3 -> 4,7",14,True,0.0,56259.0,1,False,0.06571252399006697,0.05,337573.0
"Fixed 56234, designed",79,6,22,"D 2,3 -> 4,5",22,True,0.0,56262.0,1,False,0.043648521305584075,0.05,393835.0
"Fixed 56234, designed",79,7,11,"D 0,1 -> 6,7",11,True,0.0,56261.0,1,False,0.10072796416579774,0.05,450096.0
"Fixed 56234, designed",79,8,21,"D 1,3 -> 5,7",21,True,0.0,56258.0,1,False,0.009441304483876945,0.05,506354.0
"Fixed 56234, designed",79,9,12,"D 0,2 -> 4,6",12,True,0.0,56264.0,1,False,0.018167337522397423,0.05,562618.0
"Fixed 56234, designed",80,0,25,"D 2,3 -> 6,7",25,True,0.0,56266.0,1,False,0.31503606513167726,0.05,56266.0
"Fixed 56234, designed",80,1,18,"D 1,2 -> 4,7",15,True,0.0,56260.0,1,False,0.29681502172579394,0.05,112526.0
"Fixed 56234, designed",80,2,8,"D 0,1 -> 4,5",8,True,0.0,56260.0,1,False,0.3764697826210095,0.05,168786.0
"Fixed 56234, designed",80,3,15,"D 0,3 -> 5,6",15,True,0.0,56262.0,1,False,0.30026357217502075,0.05,225048.0
"Fixed 56234, designed",80,4,14,"D 0,3 -> 4,7",19,True,5.80789971671436e-10,56266.0,1,False,0.03758523474777508,0.05,281314.0
"Fixed 56234, designed",80,5,19,"D 1,2 -> 5,6",19,True,0.0,56258.0,1,False,0.0657125239206618,0.05,337572.0
"Fixed 56234, designed",80,6,11,"D 0,1 -> 6,7",22,False,0.044806582285133345,56262.0,1,False,0.043648521241327065,0.05,393834.0
"Fixed 56234, designed",80,7,22,"D 2,3 -> 4,5",22,True,0.0,56260.0,1,False,0.06967473482297251,0.05,450094.0
"Fixed 56234, designed",80,8,25,"D 2,3 -> 6,7",12,False,0.9999999919569151,56258.0,1,False,0.009441304632724787,0.05,506352.0
"Fixed 56234, designed",80,9,12,"D 0,2 -> 4,6",12,True,0.0,56258.0,1,False,0.009441304632724787,0.05,562610.0
"Fixed 56234, designed",80,10,22,"D 2,3 -> 4,5",21,False,0.9876310270305722,56259.0,1,False,0.018167337621324206,0.05,618869.0
"Fixed 56234, designed",81,0,25,"D 2,3 -> 6,7",25,True,0.0,56266.0,1,False,0.31503606513167726,0.05,56266.0
"Fixed 56234, designed",81,1,15,"D 0,3 -> 5,6",15,True,0.0,56260.0,1,False,0.29681502172579394,0.05,112526.0
"Fixed 56234, designed",81,2,8,"D 0,1 -> 4,5",8,True,0.0,56261.0,1,False,0.3764697826210095,0.05,168787.0
"Fixed 56234, designed",81,3,18,"D 1,2 -> 4,7",18,True,0.0,56260.0,1,False,0.3002635722338174,0.05,225047.0
"Fixed 56234, designed",81,4,19,"D 1,2 -> 5,6",14,True,5.182410056647768e-12,56266.0,1,False,0.03758523457422756,0.05,281313.0
"Fixed 56234, designed",81,5,14,"D 0,3 -> 4,7",14,True,0.0,56259.0,1,False,0.06571252392066197,0.05,337572.0
"Fixed 56234, designed",81,6,22,"D 2,3 -> 4,5",22,True,0.0,56262.0,1,False,0.04364852124132713,0.05,393834.0
"Fixed 56234, designed",81,7,11,"D 0,1 -> 6,7",11,True,0.0,56261.0,1,False,0.10072796416579667,0.05,450095.0
"Fixed 56234, designed",81,8,10,"D 0,1 -> 5,6",21,False,1.0,56258.0,1,False,0.009441304630083448,0.05,506353.0
"Fixed 56234, designed",81,9,21,"D 1,3 -> 5,7",21,True,0.0,56258.0,1,False,0.009441304630083448,0.05,562611.0
"Fixed 56234, designed",81,10,5,S 2 -> 6,12,False,1.0,56264.0,1,False,0.018167337649211367,0.05,618875.0
"Fixed 56234, designed",81,11,12,"D 0,2 -> 4,6",12,True,0.0,56264.0,1,False,0.018167337649211367,0.05,675139.0
"Fixed 56234, designed",82,0,25,"D 2,3 -> 6,7",25,True,0.0,56266.0,1,False,0.31503606513167726,0.05,56266.0
"Fixed 56234, designed",82,1,18,"D 1,2 -> 4,7",15,True,0.0,56260.0,1,False,0.29681502172579394,0.05,112526.0
"Fixed 56234, designed",82,2,8,"D 0,1 -> 4,5",8,True,0.0,56260.0,1,False,0.3764697826210095,0.05,168786.0
"Fixed 56234, designed",82,3,15,"D 0,3 -> 5,6",15,True,0.0,56262.0,1,False,0.30026357217502075,0.05,225048.0
"Fixed 56234, designed",82,4,19,"D 1,2 -> 5,6",19,True,0.0,56266.0,1,False,0.03758523474777508,0.05,281314.0
"Fixed 56234, designed",82,5,14,"D 0,3 -> 4,7",14,True,0.0,56259.0,1,False,0.06571252399006697,0.05,337573.0
"Fixed 56234, designed",82,6,11,"D 0,1 -> 6,7",22,False,0.04480658230253376,56262.0,1,False,0.043648521305584075,0.05,393835.0
"Fixed 56234, designed",82,7,22,"D 2,3 -> 4,5",22,True,0.0,56260.0,1,False,0.06967473471393487,0.05,450095.0
"Fixed 56234, designed",82,8,14,"D 0,3 -> 4,7",21,False,0.9999999296083645,56258.0,1,False,0.009441304763103297,0.05,506353.0
"Fixed 56234, designed",82,9,12,"D 0,2 -> 4,6",21,False,2.6598955260581647e-09,56258.0,1,False,0.009441304763103297,0.05,562611.0
"Fixed 56234, designed",82,10,21,"D 1,3 -> 5,7",21,True,0.0,56259.0,1,False,0.01816733760406336,0.05,618870.0
"Fixed 56234, designed",83,0,25,"D 2,3 -> 6,7",25,True,0.0,56266.0,1,False,0.31503606513167726,0.05,56266.0
"Fixed 56234, designed",83,1,18,"D 1,2 -> 4,7",15,True,0.0,56260.0,1,False,0.29681502172579394,0.05,112526.0
"Fixed 56234, designed",83,2,8,"D 0,1 -> 4,5",8,True,0.0,56260.0,1,False,0.3764697826210095,0.05,168786.0
"Fixed 56234, designed",83,3,15,"D 0,3 -> 5,6",15,True,0.0,56262.0,1,False,0.30026357217502075,0.05,225048.0
"Fixed 56234, designed",83,4,19,"D 1,2 -> 5,6",19,True,0.0,56266.0,1,False,0.03758523474777508,0.05,281314.0
"Fixed 56234, designed",83,5,14,"D 0,3 -> 4,7",14,True,0.0,56259.0,1,False,0.06571252399006697,0.05,337573.0
"Fixed 56234, designed",83,6,22,"D 2,3 -> 4,5",22,True,0.0,56262.0,1,False,0.043648521305584075,0.05,393835.0
"Fixed 56234, designed",83,7,11,"D 0,1 -> 6,7",11,True,0.0,56261.0,1,False,0.10072796416579774,0.05,450096.0
"Fixed 56234, designed",83,8,18,"D 1,2 -> 4,7",21,False,0.999999980150763,56258.0,1,False,0.009441304483876945,0.05,506354.0
"Fixed 56234, designed",83,9,25,"D 2,3 -> 6,7",12,False,0.9999999576248032,56258.0,1,False,0.009441304549953022,0.05,562612.0
"Fixed 56234, designed",83,10,25,"D 2,3 -> 6,7",12,False,0.9999999576248032,56258.0,1,False,0.009441304549953022,0.05,618870.0
"Fixed 56234, designed",83,11,1,S 0 -> 6,12,False,1.0,56258.0,1,False,0.009441304549953022,0.05,675128.0
"Fixed 56234, designed",83,12,21,"D 1,3 -> 5,7",12,True,5.11177877804414e-10,56258.0,1,False,0.009441304549953022,0.05,731386.0
"Fixed 56234, designed",83,13,12,"D 0,2 -> 4,6",12,True,0.0,56264.0,1,False,0.018167335769670993,0.05,787650.0
"Fixed 56234, designed",84,0,25,"D 2,3 -> 6,7",25,True,0.0,56266.0,1,False,0.31503606513167726,0.05,56266.0
"Fixed 56234, designed",84,1,15,"D 0,3 -> 5,6",15,True,0.0,56260.0,1,False,0.29681502172579394,0.05,112526.0
"Fixed 56234, designed",84,2,8,"D 0,1 -> 4,5",8,True,0.0,56261.0,1,False,0.3764697826210095,0.05,168787.0
"Fixed 56234, designed",84,3,18,"D 1,2 -> 4,7",18,True,0.0,56260.0,1,False,0.3002635722338174,0.05,225047.0
"Fixed 56234, designed",84,4,19,"D 1,2 -> 5,6",14,True,5.182410056647768e-12,56266.0,1,False,0.03758523457422756,0.05,281313.0
"Fixed 56234, designed",84,5,14,"D 0,3 -> 4,7",14,True,0.0,56259.0,1,False,0.06571252392066197,0.05,337572.0
"Fixed 56234, designed",84,6,22,"D 2,3 -> 4,5",22,True,0.0,56262.0,1,False,0.04364852124132713,0.05,393834.0
"Fixed 56234, designed",84,7,11,"D 0,1 -> 6,7",11,True,0.0,56261.0,1,False,0.10072796416579667,0.05,450095.0
"Fixed 56234, designed",84,8,2,S 1 -> 5,21,False,1.0,56258.0,1,False,0.009441304630083448,0.05,506353.0
"Fixed 56234, designed",84,9,21,"D 1,3 -> 5,7",21,True,0.0,56258.0,1,False,0.009441304630083448,0.05,562611.0
"Fixed 56234, designed",84,10,7,S 3 -> 7,12,False,1.0,56264.0,1,False,0.018167337649211367,0.05,618875.0
"Fixed 56234, designed",84,11,12,"D 0,2 -> 4,6",12,True,0.0,56264.0,1,False,0.018167337649211367,0.05,675139.0
"Fixed 56234, designed",85,0,25,"D 2,3 -> 6,7",25,True,0.0,56266.0,1,False,0.31503606513167726,0.05,56266.0
"Fixed 56234, designed",85,1,8,"D 0,1 -> 4,5",15,False,0.033311851350335986,56260.0,1,False,0.29681502172579394,0.05,112526.0
"Fixed 56234, designed",85,2,15,"D 0,3 -> 5,6",15,True,0.0,56258.0,1,False,0.303713351808019,0.05,168784.0
"Fixed 56234, designed",85,3,18,"D 1,2 -> 4,7",18,True,0.0,56258.0,1,False,0.38824803810173436,0.05,225042.0
"Fixed 56234, designed",85,4,14,"D 0,3 -> 4,7",14,True,0.0,56266.0,1,False,0.03758523456612019,0.05,281308.0
"Fixed 56234, designed",85,5,19,"D 1,2 -> 5,6",19,True,0.0,56258.0,1,False,0.0657125241352967,0.05,337566.0
"Fixed 56234, designed",85,6,22,"D 2,3 -> 4,5",22,True,0.0,56262.0,1,False,0.043648521856409134,0.05,393828.0
"Fixed 56234, designed",85,7,11,"D 0,1 -> 6,7",11,True,0.0,56261.0,1,False,0.10072796429211578,0.05,450089.0
"Fixed 56234, designed",85,8,1,S 0 -> 6,12,False,1.0,56258.0,1,False,0.009441304132124777,0.05,506347.0
"Fixed 56234, designed",85,9,8,"D 0,1 -> 4,5",12,False,0.9999985904811614,56258.0,1,False,0.009441304132124777,0.05,562605.0
"Fixed 56234, designed",85,10,19,"D 1,2 -> 5,6",12,False,0.9999999393247642,56258.0,1,False,0.009441304132124777,0.05,618863.0
"Fixed 56234, designed",85,11,2,S 1 -> 5,12,False,1.0,56258.0,1,False,0.009441304316404692,0.05,675121.0
"Fixed 56234, designed",85,12,5,S 2 -> 6,12,False,1.0,56258.0,1,False,0.009441304316404692,0.05,731379.0
"Fixed 56234, designed",85,13,25,"D 2,3 -> 6,7",12,False,0.9999999563311639,56258.0,1,False,0.009441304316404692,0.05,787637.0
"Fixed 56234, designed",85,14,3,S 1 -> 7,12,False,1.0,56258.0,1,False,0.009441304316404692,0.05,843895.0
"Fixed 56234, designed",85,15,16,"D 0,3 -> 6,7",12,False,1.0,56258.0,1,False,0.009441304316404692,0.05,900153.0
"Fixed 56234, designed",85,16,2,S 1 -> 5,12,False,1.0,56258.0,1,False,0.009441304316404692,0.05,956411.0
"Fixed 56234, designed",85,17,5,S 2 -> 6,12,False,1.0,56258.0,1,False,0.009441304316404692,0.05,1012669.0
"Fixed 56234, designed",85,18,21,"D 1,3 -> 5,7",12,False,2.4850971280798717e-09,56258.0,1,False,0.009441304316404692,0.05,1068927.0
"Fixed 56234, designed",85,19,15,"D 0,3 -> 5,6",12,False,0.9933158880181019,56264.0,1,False,0.018167337649386824,0.05,1125191.0
"Fixed 56234, designed",86,0,25,"D 2,3 -> 6,7",25,True,0.0,56266.0,1,False,0.31503606513167726,0.05,56266.0
"Fixed 56234, designed",86,1,18,"D 1,2 -> 4,7",15,True,0.0,56260.0,1,False,0.29681502172579394,0.05,112526.0
"Fixed 56234, designed",86,2,8,"D 0,1 -> 4,5",8,True,0.0,56260.0,1,False,0.3764697826210095,0.05,168786.0
"Fixed 56234, designed",86,3,15,"D 0,3 -> 5,6",15,True,0.0,56262.0,1,False,0.30026357217502075,0.05,225048.0
"Fixed 56234, designed",86,4,14,"D 0,3 -> 4,7",19,True,5.80789971671436e-10,56266.0,1,False,0.03758523474777508,0.05,281314.0
"Fixed 56234, designed",86,5,19,"D 1,2 -> 5,6",19,True,0.0,56258.0,1,False,0.0657125239206618,0.05,337572.0
"Fixed 56234, designed",86,6,11,"D 0,1 -> 6,7",22,False,0.044806582285133345,56262.0,1,False,0.043648521241327065,0.05,393834.0
"Fixed 56234, designed",86,7,22,"D 2,3 -> 4,5",22,True,0.0,56260.0,1,False,0.06967473482297251,0.05,450094.0
"Fixed 56234, designed",86,8,20,"D 1,2 -> 6,7",12,False,1.0,56258.0,1,False,0.009441304632724787,0.05,506352.0
"Fixed 56234, designed",86,9,11,"D 0,1 -> 6,7",12,False,0.9999999965742711,56258.0,1,False,0.009441304632724787,0.05,562610.0
"Fixed 56234, designed",86,10,15,"D 0,3 -> 5,6",12,False,0.9999999899943037,56258.0,1,False,0.009441304632724787,0.05,618868.0
"Fixed 56234, designed",86,11,12,"D 0,2 -> 4,6",12,True,0.0,56258.0,1,False,0.009441304632724787,0.05,675126.0
"Fixed 56234, designed",86,12,21,"D 1,3 -> 5,7",21,True,0.0,56259.0,1,False,0.018167337772231985,0.05,731385.0
"Fixed 56234, designed",87,0,25,"D 2,3 -> 6,7",25,True,0.0,56266.0,1,False,0.31503606513167726,0.05,56266.0
"Fixed 56234, designed",87,1,8,"D 0,1 -> 4,5",15,False,0.033311851350335986,56260.0,1,False,0.29681502172579394,0.05,112526.0
"Fixed 56234, designed",87,2,15,"D 0,3 -> 5,6",15,True,0.0,56258.0,1,False,0.303713351808019,0.05,168784.0
"Fixed 56234, designed",87,3,18,"D 1,2 -> 4,7",18,True,0.0,56258.0,1,False,0.38824803810173436,0.05,225042.0
"Fixed 56234, designed",87,4,14,"D 0,3 -> 4,7",14,True,0.0,56266.0,1,False,0.03758523456612019,0.05,281308.0
"Fixed 56234, designed",87,5,19,"D 1,2 -> 5,6",19,True,0.0,56258.0,1,False,0.0657125241352967,0.05,337566.0
"Fixed 56234, designed",87,6,22,"D 2,3 -> 4,5",22,True,0.0,56262.0,1,False,0.043648521856409134,0.05,393828.0
"Fixed 56234, designed",87,7,11,"D 0,1 -> 6,7",11,True,0.0,56261.0,1,False,0.10072796429211578,0.05,450089.0
"Fixed 56234, designed",87,8,21,"D 1,3 -> 5,7",12,True,3.1086244689504383e-15,56258.0,1,False,0.009441304132124777,0.05,506347.0
"Fixed 56234, designed",87,9,12,"D 0,2 -> 4,6",12,True,0.0,56264.0,1,False,0.018167337461560934,0.05,562611.0
"Fixed 56234, designed",88,0,25,"D 2,3 -> 6,7",25,True,0.0,56266.0,1,False,0.31503606513167726,0.05,56266.0
"Fixed 56234, designed",88,1,15,"D 0,3 -> 5,6",15,True,0.0,56260.0,1,False,0.29681502172579394,0.05,112526.0
"Fixed 56234, designed",88,2,8,"D 0,1 -> 4,5",8,True,0.0,56261.0,1,False,0.3764697826210095,0.05,168787.0
"Fixed 56234, designed",88,3,18,"D 1,2 -> 4,7",18,True,0.0,56260.0,1,False,0.3002635722338174,0.05,225047.0
"Fixed 56234, designed",88,4,19,"D 1,2 -> 5,6",14,True,5.182410056647768e-12,56266.0,1,False,0.03758523457422756,0.05,281313.0
"Fixed 56234, designed",88,5,14,"D 0,3 -> 4,7",14,True,0.0,56259.0,1,False,0.06571252392066197,0.05,337572.0
"Fixed 56234, designed",88,6,22,"D 2,3 -> 4,5",22,True,0.0,56262.0,1,False,0.04364852124132713,0.05,393834.0
"Fixed 56234, designed",88,7,11,"D 0,1 -> 6,7",11,True,0.0,56261.0,1,False,0.10072796416579667,0.05,450095.0
"Fixed 56234, designed",88,8,10,"D 0,1 -> 5,6",21,False,1.0,56258.0,1,False,0.009441304630083448,0.05,506353.0
"Fixed 56234, designed",88,9,21,"D 1,3 -> 5,7",21,True,0.0,56258.0,1,False,0.009441304630083448,0.05,562611.0
"Fixed 56234, designed",88,10,16,"D 0,3 -> 6,7",12,False,1.0,56264.0,1,False,0.018167337649211367,0.05,618875.0
"Fixed 56234, designed",88,11,12,"D 0,2 -> 4,6",12,True,0.0,56264.0,1,False,0.018167337649211367,0.05,675139.0
"Fixed 56234, designed",89,0,25,"D 2,3 -> 6,7",25,True,0.0,56266.0,1,False,0.31503606513167726,0.05,56266.0
"Fixed 56234, designed",89,1,8,"D 0,1 -> 4,5",15,False,0.033311851350335986,56260.0,1,False,0.29681502172579394,0.05,112526.0
"Fixed 56234, designed",89,2,15,"D 0,3 -> 5,6",15,True,0.0,56258.0,1,False,0.303713351808019,0.05,168784.0
"Fixed 56234, designed",89,3,18,"D 1,2 -> 4,7",18,True,0.0,56258.0,1,False,0.38824803810173436,0.05,225042.0
"Fixed 56234, designed",89,4,19,"D 1,2 -> 5,6",14,True,5.1515680610236814e-11,56266.0,1,False,0.03758523456612019,0.05,281308.0
"Fixed 56234, designed",89,5,14,"D 0,3 -> 4,7",14,True,0.0,56259.0,1,False,0.06571252413529657,0.05,337567.0
"Fixed 56234, designed",89,6,22,"D 2,3 -> 4,5",22,True,0.0,56262.0,1,False,0.04364852179220628,0.05,393829.0
"Fixed 56234, designed",89,7,11,"D 0,1 -> 6,7",11,True,0.0,56261.0,1,False,0.10072796429211588,0.05,450090.0
"Fixed 56234, designed",89,8,20,"D 1,2 -> 6,7",12,False,1.0,56258.0,1,False,0.009441304180829412,0.05,506348.0
"Fixed 56234, designed",89,9,21,"D 1,3 -> 5,7",12,True,2.220446049250313e-15,56258.0,1,False,0.009441304180829412,0.05,562606.0
"Fixed 56234, designed",89,10,7,S 3 -> 7,12,False,1.0,56264.0,1,False,0.018167337417688514,0.05,618870.0
"Fixed 56234, designed",89,11,4,S 2 -> 4,12,False,1.0,56264.0,1,False,0.018167337417688514,0.05,675134.0
"Fixed 56234, designed",89,12,2,S 1 -> 5,12,False,1.0,56264.0,1,False,0.018167337417688514,0.05,731398.0
"Fixed 56234, designed",89,13,0,S 0 -> 4,12,False,1.0,56264.0,1,False,0.018167337417688514,0.05,787662.0
"Fixed 56234, designed",89,14,12,"D 0,2 -> 4,6",12,True,0.0,56264.0,1,False,0.018167337417688514,0.05,843926.0
"Fixed 56234, designed",90,0,25,"D 2,3 -> 6,7",25,True,0.0,56266.0,1,False,0.31503606513167726,0.05,56266.0
"Fixed 56234, designed",90,1,8,"D 0,1 -> 4,5",15,False,0.033311851350335986,56260.0,1,False,0.29681502172579394,0.05,112526.0
"Fixed 56234, designed",90,2,15,"D 0,3 -> 5,6",15,True,0.0,56258.0,1,False,0.303713351808019,0.05,168784.0
"Fixed 56234, designed",90,3,18,"D 1,2 -> 4,7",18,True,0.0,56258.0,1,False,0.38824803810173436,0.05,225042.0
"Fixed 56234, designed",90,4,14,"D 0,3 -> 4,7",14,True,0.0,56266.0,1,False,0.03758523456612019,0.05,281308.0
"Fixed 56234, designed",90,5,19,"D 1,2 -> 5,6",19,True,0.0,56258.0,1,False,0.0657125241352967,0.05,337566.0
"Fixed 56234, designed",90,6,22,"D 2,3 -> 4,5",22,True,0.0,56262.0,1,False,0.043648521856409134,0.05,393828.0
"Fixed 56234, designed",90,7,11,"D 0,1 -> 6,7",11,True,0.0,56261.0,1,False,0.10072796429211578,0.05,450089.0
"Fixed 56234, designed",90,8,0,S 0 -> 4,12,False,1.0,56258.0,1,False,0.009441304132124777,0.05,506347.0
"Fixed 56234, designed",90,9,1,S 0 -> 6,12,False,1.0,56258.0,1,False,0.009441304132124777,0.05,562605.0
"Fixed 56234, designed",90,10,12,"D 0,2 -> 4,6",12,True,0.0,56258.0,1,False,0.009441304132124777,0.05,618863.0
"Fixed 56234, designed",90,11,13,"D 0,3 -> 4,5",21,False,1.0,56259.0,1,False,0.0181673374389041,0.05,675122.0
"Fixed 56234, designed",90,12,21,"D 1,3 -> 5,7",21,True,0.0,56259.0,1,False,0.01816733748405103,0.05,731381.0
"Fixed 56234, designed",91,0,25,"D 2,3 -> 6,7",25,True,0.0,56266.0,1,False,0.31503606513167726,0.05,56266.0
"Fixed 56234, designed",91,1,15,"D 0,3 -> 5,6",15,True,0.0,56260.0,1,False,0.29681502172579394,0.05,112526.0
"Fixed 56234, designed",91,2,8,"D 0,1 -> 4,5",8,True,0.0,56261.0,1,False,0.3764697826210095,0.05,168787.0
"Fixed 56234, designed",91,3,18,"D 1,2 -> 4,7",18,True,0.0,56260.0,1,False,0.3002635722338174,0.05,225047.0
"Fixed 56234, designed",91,4,22,"D 2,3 -> 4,5",14,False,0.30884520195814336,56266.0,1,False,0.03758523457422756,0.05,281313.0
"Fixed 56234, designed",91,5,14,"D 0,3 -> 4,7",11,False,0.22259313168640804,56261.0,1,False,0.05305793406820507,0.05,337574.0
"Fixed 56234, designed",91,6,19,"D 1,2 -> 5,6",19,True,0.0,56260.0,1,False,0.07333715133042923,0.05,393834.0
"Fixed 56234, designed",91,7,11,"D 0,1 -> 6,7",11,True,0.0,56260.0,1,False,0.11145598867033096,0.05,450094.0
"Fixed 56234, designed",91,8,6,S 3 -> 5,12,False,1.0,56258.0,1,False,0.009441304556555577,0.05,506352.0
"Fixed 56234, designed",91,9,12,"D 0,2 -> 4,6",12,True,0.0,56258.0,1,False,0.009441304556555577,0.05,562610.0
"Fixed 56234, designed",91,10,21,"D 1,3 -> 5,7",21,True,0.0,56259.0,1,False,0.01816733767976781,0.05,618869.0
"Fixed 56234, designed",92,0,19,"D 1,2 -> 5,6",25,False,0.052846754050403844,56266.0,1,False,0.31503606513167726,0.05,56266.0
"Fixed 56234, designed",92,1,22,"D 2,3 -> 4,5",22,True,0.0,56261.0,1,False,0.2986379460814117,0.05,112527.0
"Fixed 56234, designed",92,2,14,"D 0,3 -> 4,7",14,True,0.0,56260.0,1,False,0.3532199223008815,0.05,168787.0
"Fixed 56234, designed",92,3,11,"D 0,1 -> 6,7",11,True,0.0,56261.0,1,False,0.22254278935005609,0.05,225048.0
"Fixed 56234, designed",92,4,25,"D 2,3 -> 6,7",8,False,0.054879827150282834,56257.0,1,False,0.022746160639765003,0.05,281305.0
"Fixed 56234, designed",92,5,15,"D 0,3 -> 5,6",8,False,0.3994998314960503,56265.0,1,False,0.039703579032840976,0.05,337570.0
"Fixed 56234, designed",92,6,8,"D 0,1 -> 4,5",8,True,0.0,56260.0,1,False,0.043185709456097635,0.05,393830.0
"Fixed 56234, designed",92,7,18,"D 1,2 -> 4,7",18,True,0.0,56261.0,1,False,0.06317054637226721,0.05,450091.0
"Fixed 56234, designed",92,8,21,"D 1,3 -> 5,7",21,True,0.0,56258.0,1,False,0.009441304638651,0.05,506349.0
"Fixed 56234, designed",92,9,3,S 1 -> 7,12,False,1.0,56264.0,1,False,0.018167337810208933,0.06,562613.0
"Fixed 56234, designed",92,10,16,"D 0,3 -> 6,7",12,False,1.0,56264.0,1,False,0.018167337810208933,0.05,618877.0
"Fixed 56234, designed",92,11,0,S 0 -> 4,12,False,1.0,56264.0,1,False,0.018167337810208933,0.05,675141.0
"Fixed 56234, designed",92,12,12,"D 0,2 -> 4,6",12,True,0.0,56264.0,1,False,0.018167337810208933,0.05,731405.0
"Fixed 56234, designed",93,0,25,"D 2,3 -> 6,7",25,True,0.0,56266.0,1,False,0.31503606513167726,0.05,56266.0
"Fixed 56234, designed",93,1,8,"D 0,1 -> 4,5",15,False,0.033311851350335986,56260.0,1,False,0.29681502172579394,0.05,112526.0
"Fixed 56234, designed",93,2,15,"D 0,3 -> 5,6",15,True,0.0,56258.0,1,False,0.303713351808019,0.05,168784.0
"Fixed 56234, designed",93,3,18,"D 1,2 -> 4,7",18,True,0.0,56258.0,1,False,0.38824803810173436,0.05,225042.0
"Fixed 56234, designed",93,4,19,"D 1,2 -> 5,6",14,True,5.1515680610236814e-11,56266.0,1,False,0.03758523456612019,0.05,281308.0
"Fixed 56234, designed",93,5,14,"D 0,3 -> 4,7",14,True,0.0,56259.0,1,False,0.06571252413529657,0.05,337567.0
"Fixed 56234, designed",93,6,11,"D 0,1 -> 6,7",22,False,0.04480658441419072,56262.0,1,False,0.04364852179220628,0.05,393829.0
"Fixed 56234, designed",93,7,22,"D 2,3 -> 4,5",22,True,0.0,56260.0,1,False,0.06967473556001899,0.05,450089.0
"Fixed 56234, designed",93,8,5,S 2 -> 6,12,False,1.0,56258.0,1,False,0.009441304833068015,0.05,506347.0
"Fixed 56234, designed",93,9,12,"D 0,2 -> 4,6",12,True,0.0,56258.0,1,False,0.009441304833068015,0.05,562605.0
"Fixed 56234, designed",93,10,21,"D 1,3 -> 5,7",21,True,0.0,56259.0,1,False,0.018167337417697375,0.05,618864.0
"Fixed 56234, designed",94,0,25,"D 2,3 -> 6,7",25,True,0.0,56266.0,1,False,0.31503606513167726,0.05,56266.0
"Fixed 56234, designed",94,1,8,"D 0,1 -> 4,5",15,False,0.033311851350335986,56260.0,1,False,0.29681502172579394,0.05,112526.0
"Fixed 56234, designed",94,2,18,"D 1,2 -> 4,7",15,True,5.551115123125783e-16,56258.0,1,False,0.303713351808019,0.05,168784.0
"Fixed 56234, designed",94,3,15,"D 0,3 -> 5,6",15,True,0.0,56258.0,1,False,0.38824803810173447,0.05,225042.0
"Fixed 56234, designed",94,4,14,"D 0,3 -> 4,7",19,True,5.150813109366936e-11,56266.0,1,False,0.03758523456612009,0.05,281308.0
"Fixed 56234, designed",94,5,19,"D 1,2 -> 5,6",19,True,0.0,56258.0,1,False,0.06571252413529666,0.05,337566.0
"Fixed 56234, designed",94,6,22,"D 2,3 -> 4,5",22,True,0.0,56262.0,1,False,0.04364852180125853,0.05,393828.0
"Fixed 56234, designed",94,7,11,"D 0,1 -> 6,7",11,True,0.0,56261.0,1,False,0.10072796429211586,0.05,450089.0
"Fixed 56234, designed",94,8,2,S 1 -> 5,12,False,1.0,56258.0,1,False,0.009441304132124781,0.05,506347.0
"Fixed 56234, designed",94,9,21,"D 1,3 -> 5,7",12,True,1.887379141862766e-15,56258.0,1,False,0.009441304132124781,0.05,562605.0
"Fixed 56234, designed",94,10,12,"D 0,2 -> 4,6",12,True,0.0,56264.0,1,False,0.01816733758981303,0.05,618869.0
"Fixed 56234, designed",95,0,25,"D 2,3 -> 6,7",25,True,0.0,56266.0,1,False,0.31503606513167726,0.05,56266.0
"Fixed 56234, designed",95,1,15,"D 0,3 -> 5,6",15,True,0.0,56260.0,1,False,0.29681502172579394,0.05,112526.0
"Fixed 56234, designed",95,2,8,"D 0,1 -> 4,5",8,True,0.0,56261.0,1,False,0.3764697826210095,0.05,168787.0
"Fixed 56234, designed",95,3,18,"D 1,2 -> 4,7",18,True,0.0,56260.0,1,False,0.3002635722338174,0.05,225047.0
"Fixed 56234, designed",95,4,14,"D 0,3 -> 4,7",14,True,0.0,56266.0,1,False,0.03758523457422756,0.05,281313.0
"Fixed 56234, designed",95,5,19,"D 1,2 -> 5,6",19,True,0.0,56258.0,1,False,0.0657125239900671,0.05,337571.0
"Fixed 56234, designed",95,6,11,"D 0,1 -> 6,7",22,False,0.044806582302531095,56262.0,1,False,0.04364852130558422,0.05,393833.0
"Fixed 56234, designed",95,7,22,"D 2,3 -> 4,5",22,True,0.0,56260.0,1,False,0.06967473471683744,0.05,450093.0
"Fixed 56234, designed",95,8,4,S 2 -> 4,12,False,1.0,56258.0,1,False,0.009441304763103292,0.05,506351.0
"Fixed 56234, designed",95,9,3,S 1 -> 7,12,False,1.0,56258.0,1,False,0.009441304763103292,0.05,562609.0
"Fixed 56234, designed",95,10,1,S 0 -> 6,12,False,1.0,56258.0,1,False,0.009441304763103292,0.05,618867.0
"Fixed 56234, designed",95,11,0,S 0 -> 4,12,False,1.0,56258.0,1,False,0.009441304763103292,0.05,675125.0
"Fixed 56234, designed",95,12,5,S 2 -> 6,12,False,1.0,56258.0,1,False,0.009441304763103292,0.05,731383.0
"Fixed 56234, designed",95,13,10,"D 0,1 -> 5,6",12,False,1.0,56258.0,1,False,0.009441304763103292,0.05,787641.0
"Fixed 56234, designed",95,14,0,S 0 -> 4,12,False,1.0,56258.0,1,False,0.009441304763103292,0.05,843899.0
"Fixed 56234, designed",95,15,2,S 1 -> 5,12,False,1.0,56258.0,1,False,0.009441304763103292,0.05,900157.0
"Fixed 56234, designed",95,16,12,"D 0,2 -> 4,6",12,True,0.0,56258.0,1,False,0.009441304763103292,0.05,956415.0
"Fixed 56234, designed",95,17,21,"D 1,3 -> 5,7",21,True,0.0,56259.0,1,False,0.018167337650104195,0.05,1012674.0
"Fixed 56234, pilot",0,0,25,"D 2,3 -> 6,7",25,True,0.0,56260.0,1,False,0.31503606513167726,0.11,56260.0
"Fixed 56234, pilot",0,1,8,"D 0,1 -> 4,5",15,False,0.033311851350335986,56262.0,1,False,0.29681502172579394,0.1,112522.0
"Fixed 56234, pilot",0,2,15,"D 0,3 -> 5,6",15,True,0.0,56261.0,1,False,0.303713351808019,0.1,168783.0
"Fixed 56234, pilot",0,3,18,"D 1,2 -> 4,7",18,True,0.0,56262.0,1,False,0.38824803810173436,0.1,225045.0
"Fixed 56234, pilot",0,4,14,"D 0,3 -> 4,7",14,True,0.0,56259.0,1,False,0.03758523456612019,0.1,281304.0
"Fixed 56234, pilot",0,5,19,"D 1,2 -> 5,6",19,True,0.0,56264.0,1,False,0.0657125241352967,0.1,337568.0
"Fixed 56234, pilot",0,6,11,"D 0,1 -> 6,7",22,False,0.04480658474782895,56258.0,1,False,0.043648521856409134,0.1,393826.0
"Fixed 56234, pilot",0,7,22,"D 2,3 -> 4,5",22,True,0.0,56260.0,1,False,0.06967473568968069,0.1,450086.0
"Fixed 56234, pilot",0,8,19,"D 1,2 -> 5,6",12,False,0.9999999998187266,56261.0,1,False,0.00944130465202562,0.1,506347.0
"Fixed 56234, pilot",0,9,12,"D 0,2 -> 4,6",12,True,6.661338147750939e-15,56260.0,1,False,0.00944130465202562,0.1,562607.0
"Fixed 56234, pilot",0,10,21,"D 1,3 -> 5,7",21,True,0.0,56262.0,1,False,0.018167337614821772,0.1,618869.0
"Fixed 56234, pilot",1,0,25,"D 2,3 -> 6,7",25,True,0.0,56260.0,1,False,0.31503606513167726,0.11,56260.0
"Fixed 56234, pilot",1,1,18,"D 1,2 -> 4,7",15,True,0.0,56261.0,1,False,0.29681502172579394,0.1,112521.0
"Fixed 56234, pilot",1,2,8,"D 0,1 -> 4,5",8,True,0.0,56259.0,1,False,0.3764697826210095,0.1,168780.0
"Fixed 56234, pilot",1,3,15,"D 0,3 -> 5,6",15,True,0.0,56260.0,1,False,0.30026357217502075,0.1,225040.0
"Fixed 56234, pilot",1,4,19,"D 1,2 -> 5,6",19,True,0.0,56262.0,1,False,0.03758523474777508,0.1,281302.0
"Fixed 56234, pilot",1,5,14,"D 0,3 -> 4,7",14,True,0.0,56262.0,1,False,0.06571252399006697,0.1,337564.0
"Fixed 56234, pilot",1,6,22,"D 2,3 -> 4,5",22,True,0.0,56261.0,1,False,0.043648521305584075,0.1,393825.0
"Fixed 56234, pilot",1,7,11,"D 0,1 -> 6,7",11,True,0.0,56259.0,1,False,0.10072796416579774,0.1,450084.0
"Fixed 56234, pilot",1,8,20,"D 1,2 -> 6,7",21,False,1.0,56258.0,1,False,0.009441304483876945,0.1,506342.0
"Fixed 56234, pilot",1,9,21,"D 1,3 -> 5,7",12,True,6.400112662063862e-10,56263.0,1,False,0.00944130454604846,0.1,562605.0
"Fixed 56234, pilot",1,10,6,S 3 -> 5,12,False,1.0,56259.0,1,False,0.018167337650105007,0.1,618864.0
"Fixed 56234, pilot",1,11,1,S 0 -> 6,12,False,1.0,56260.0,1,False,0.018167337650105007,0.1,675124.0
"Fixed 56234, pilot",1,12,12,"D 0,2 -> 4,6",12,True,0.0,56258.0,1,False,0.018167337650105007,0.1,731382.0
"Fixed 56234, pilot",2,0,25,"D 2,3 -> 6,7",25,True,0.0,56260.0,1,False,0.31503606513167726,0.11,56260.0
"Fixed 56234, pilot",2,1,18,"D 1,2 -> 4,7",15,True,0.0,56260.0,1,False,0.29681502172579394,0.1,112520.0
"Fixed 56234, pilot",2,2,8,"D 0,1 -> 4,5",8,True,0.0,56260.0,1,False,0.3764697826210095,0.1,168780.0
"Fixed 56234, pilot",2,3,15,"D 0,3 -> 5,6",15,True,0.0,56261.0,1,False,0.30026357217502075,0.1,225041.0
"Fixed 56234, pilot",2,4,11,"D 0,1 -> 6,7",19,False,0.356478614776494,56262.0,1,False,0.03758523474777508,0.1,281303.0
"Fixed 56234, pilot",2,5,22,"D 2,3 -> 4,5",14,False,0.004491939885865492,56262.0,1,False,0.03912173614796322,0.1,337565.0
"Fixed 56234, pilot",2,6,19,"D 1,2 -> 5,6",19,True,0.0,56257.0,1,False,0.054109015205618526,0.1,393822.0
"Fixed 56234, pilot",2,7,14,"D 0,3 -> 4,7",14,True,0.0,56259.0,1,False,0.10242177930798524,0.1,450081.0
"Fixed 56234, pilot",2,8,21,"D 1,3 -> 5,7",21,True,0.0,56254.0,1,False,0.009441305135041921,0.1,506335.0
"Fixed 56234, pilot",2,9,4,S 2 -> 4,12,False,1.0,56258.0,1,False,0.018167337598786817,0.1,562593.0
"Fixed 56234, pilot",2,10,5,S 2 -> 6,12,False,1.0,56260.0,1,False,0.018167337598786817,0.1,618853.0
"Fixed 56234, pilot",2,11,15,"D 0,3 -> 5,6",12,False,0.9933158954388467,56263.0,1,False,0.018167337598786817,0.1,675116.0
"Fixed 56234, pilot",3,0,25,"D 2,3 -> 6,7",25,True,0.0,56259.0,1,False,0.31503606513167726,0.11,56259.0
"Fixed 56234, pilot",3,1,15,"D 0,3 -> 5,6",15,True,0.0,56258.0,1,False,0.29681502172579394,0.1,112517.0
"Fixed 56234, pilot",3,2,8,"D 0,1 -> 4,5",8,True,0.0,56261.0,1,False,0.3764697826210095,0.1,168778.0
"Fixed 56234, pilot",3,3,18,"D 1,2 -> 4,7",18,True,0.0,56261.0,1,False,0.3002635722338174,0.1,225039.0
"Fixed 56234, pilot",3,4,14,"D 0,3 -> 4,7",14,True,0.0,56259.0,1,False,0.03758523457422756,0.1,281298.0
"Fixed 56234, pilot",3,5,19,"D 1,2 -> 5,6",19,True,0.0,56259.0,1,False,0.0657125239900671,0.1,337557.0
"Fixed 56234, pilot",3,6,11,"D 0,1 -> 6,7",22,False,0.044806582302531095,56259.0,1,False,0.04364852130558422,0.11,393816.0
"Fixed 56234, pilot",3,7,22,"D 2,3 -> 4,5",22,True,0.0,56256.0,1,False,0.06967473471683744,0.1,450072.0
"Fixed 56234, pilot",3,8,4,S 2 -> 4,12,False,1.0,56258.0,1,False,0.009441304763103292,0.1,506330.0
"Fixed 56234, pilot",3,9,4,S 2 -> 4,12,False,1.0,56259.0,1,False,0.009441304763103292,0.1,562589.0
"Fixed 56234, pilot",3,10,21,"D 1,3 -> 5,7",12,False,2.6598964142365844e-09,56262.0,1,False,0.009441304763103292,0.1,618851.0
"Fixed 56234, pilot",3,11,10,"D 0,1 -> 5,6",12,False,1.0,56259.0,1,False,0.018167337649211208,0.1,675110.0
"Fixed 56234, pilot",3,12,11,"D 0,1 -> 6,7",12,False,0.9826751306734889,56261.0,1,False,0.018167337649211208,0.1,731371.0
"Fixed 56234, pilot",4,0,25,"D 2,3 -> 6,7",25,True,0.0,56258.0,1,False,0.31503606513167726,0.11,56258.0
"Fixed 56234, pilot",4,1,15,"D 0,3 -> 5,6",15,True,0.0,56262.0,1,False,0.29681502172579394,0.1,112520.0
"Fixed 56234, pilot",4,2,8,"D 0,1 -> 4,5",8,True,0.0,56261.0,1,False,0.3764697826210095,0.1,168781.0
"Fixed 56234, pilot",4,3,18,"D 1,2 -> 4,7",18,True,0.0,56259.0,1,False,0.3002635722338174,0.1,225040.0
"Fixed 56234, pilot",4,4,19,"D 1,2 -> 5,6",14,True,5.182410056647768e-12,56262.0,1,False,0.03758523457422756,0.1,281302.0
"Fixed 56234, pilot",4,5,14,"D 0,3 -> 4,7",14,True,0.0,56261.0,1,False,0.06571252392066197,0.1,337563.0
"Fixed 56234, pilot",4,6,22,"D 2,3 -> 4,5",22,True,0.0,56261.0,1,False,0.04364852124132713,0.1,393824.0
"Fixed 56234, pilot",4,7,11,"D 0,1 -> 6,7",11,True,0.0,56259.0,1,False,0.10072796416579667,0.1,450083.0
"Fixed 56234, pilot",4,8,12,"D 0,2 -> 4,6",21,True,2.371568497139265e-10,56260.0,1,False,0.009441304630083448,0.1,506343.0
"Fixed 56234, pilot",4,9,21,"D 1,3 -> 5,7",21,True,0.0,56260.0,1,False,0.01816733759515189,0.1,562603.0
"Fixed 56234, pilot",5,0,25,"D 2,3 -> 6,7",25,True,0.0,56258.0,1,False,0.31503606513167726,0.11,56258.0
"Fixed 56234, pilot",5,1,15,"D 0,3 -> 5,6",15,True,0.0,56263.0,1,False,0.29681502172579394,0.1,112521.0
"Fixed 56234, pilot",5,2,8,"D 0,1 -> 4,5",8,True,0.0,56254.0,1,False,0.3764697826210095,0.1,168775.0
"Fixed 56234, pilot",5,3,18,"D 1,2 -> 4,7",18,True,0.0,56259.0,1,False,0.3002635722338174,0.1,225034.0
"Fixed 56234, pilot",5,4,19,"D 1,2 -> 5,6",14,True,5.182410056647768e-12,56258.0,1,False,0.03758523457422756,0.1,281292.0
"Fixed 56234, pilot",5,5,14,"D 0,3 -> 4,7",14,True,0.0,56259.0,1,False,0.06571252392066197,0.1,337551.0
"Fixed 56234, pilot",5,6,11,"D 0,1 -> 6,7",22,False,0.044806582285143115,56261.0,1,False,0.04364852124132713,0.1,393812.0
"Fixed 56234, pilot",5,7,22,"D 2,3 -> 4,5",22,True,0.0,56264.0,1,False,0.06967473471393487,0.1,450076.0
"Fixed 56234, pilot",5,8,5,S 2 -> 6,21,False,1.0,56262.0,1,False,0.009441304632724919,0.1,506338.0
"Fixed 56234, pilot",5,9,20,"D 1,2 -> 6,7",21,False,1.0,56259.0,1,False,0.009441304632724919,0.1,562597.0
"Fixed 56234, pilot",5,10,12,"D 0,2 -> 4,6",21,True,7.587118711072094e-10,56260.0,1,False,0.009441304632724919,0.1,618857.0
"Fixed 56234, pilot",5,11,19,"D 1,2 -> 5,6",21,False,0.9867728227819554,56256.0,1,False,0.018167337481629672,0.1,675113.0
"Fixed 56234, pilot",6,0,25,"D 2,3 -> 6,7",25,True,0.0,56258.0,1,False,0.31503606513167726,0.1,56258.0
"Fixed 56234, pilot",6,1,18,"D 1,2 -> 4,7",15,True,0.0,56264.0,1,False,0.29681502172579394,0.1,112522.0
"Fixed 56234, pilot",6,2,8,"D 0,1 -> 4,5",8,True,0.0,56257.0,1,False,0.3764697826210095,0.1,168779.0
"Fixed 56234, pilot",6,3,15,"D 0,3 -> 5,6",15,True,0.0,56260.0,1,False,0.30026357217502075,0.1,225039.0
"Fixed 56234, pilot",6,4,19,"D 1,2 -> 5,6",19,True,0.0,56258.0,1,False,0.03758523474777508,0.1,281297.0
"Fixed 56234, pilot",6,5,14,"D 0,3 -> 4,7",14,True,0.0,56262.0,1,False,0.06571252399006697,0.1,337559.0
"Fixed 56234, pilot",6,6,11,"D 0,1 -> 6,7",22,False,0.04480658230253376,56262.0,1,False,0.043648521305584075,0.1,393821.0
"Fixed 56234, pilot",6,7,22,"D 2,3 -> 4,5",22,True,0.0,56262.0,1,False,0.06967473471393487,0.1,450083.0
"Fixed 56234, pilot",6,8,9,"D 0,1 -> 4,7",21,False,1.0,56260.0,1,False,0.009441304763103297,0.1,506343.0
"Fixed 56234, pilot",6,9,0,S 0 -> 4,21,False,1.0,56258.0,1,False,0.009441304763103297,0.1,562601.0
"Fixed 56234, pilot",6,10,1,S 0 -> 6,21,False,1.0,56259.0,1,False,0.009441304763103297,0.1,618860.0
"Fixed 56234, pilot",6,11,22,"D 2,3 -> 4,5",21,False,0.9999999608600421,56260.0,1,False,0.009441304763103297,0.1,675120.0
"Fixed 56234, pilot",6,12,5,S 2 -> 6,21,False,1.0,56264.0,1,False,0.009441304763103297,0.1,731384.0
"Fixed 56234, pilot",6,13,21,"D 1,3 -> 5,7",21,True,0.0,56260.0,1,False,0.009441304763103297,0.1,787644.0
"Fixed 56234, pilot",6,14,12,"D 0,2 -> 4,6",12,True,0.0,56261.0,1,False,0.018167337709612888,0.1,843905.0
"Fixed 56234, pilot",7,0,25,"D 2,3 -> 6,7",25,True,0.0,56256.0,1,False,0.31503606513167726,0.11,56256.0
"Fixed 56234, pilot",7,1,8,"D 0,1 -> 4,5",15,False,0.033311851350335986,56263.0,1,False,0.29681502172579394,0.1,112519.0
"Fixed 56234, pilot",7,2,15,"D 0,3 -> 5,6",15,True,0.0,56261.0,1,False,0.303713351808019,0.1,168780.0
"Fixed 56234, pilot",7,3,18,"D 1,2 -> 4,7",18,True,0.0,56261.0,1,False,0.38824803810173436,0.1,225041.0
"Fixed 56234, pilot",7,4,11,"D 0,1 -> 6,7",14,False,0.35647861155345417,56260.0,1,False,0.03758523456612019,0.1,281301.0
"Fixed 56234, pilot",7,5,19,"D 1,2 -> 5,6",14,True,0.0,56263.0,1,False,0.039121736337909885,0.1,337564.0
"Fixed 56234, pilot",7,6,14,"D 0,3 -> 4,7",14,True,0.0,56259.0,1,False,0.06888584253984752,0.1,393823.0
"Fixed 56234, pilot",7,7,22,"D 2,3 -> 4,5",22,True,0.0,56258.0,1,False,0.07215392954743796,0.1,450081.0
"Fixed 56234, pilot",7,8,12,"D 0,2 -> 4,6",12,True,0.0,56257.0,1,False,0.009441304635576853,0.1,506338.0
"Fixed 56234, pilot",7,9,21,"D 1,3 -> 5,7",21,True,0.0,56256.0,1,False,0.01816733765028824,0.1,562594.0
"Fixed 56234, pilot",8,0,25,"D 2,3 -> 6,7",25,True,0.0,56258.0,1,False,0.31503606513167726,0.1,56258.0
"Fixed 56234, pilot",8,1,15,"D 0,3 -> 5,6",15,True,0.0,56258.0,1,False,0.29681502172579394,0.1,112516.0
"Fixed 56234, pilot",8,2,8,"D 0,1 -> 4,5",8,True,0.0,56260.0,1,False,0.3764697826210095,0.1,168776.0
"Fixed 56234, pilot",8,3,18,"D 1,2 -> 4,7",18,True,0.0,56261.0,1,False,0.3002635722338174,0.1,225037.0
"Fixed 56234, pilot",8,4,19,"D 1,2 -> 5,6",14,True,5.182410056647768e-12,56262.0,1,False,0.03758523457422756,0.1,281299.0
"Fixed 56234, pilot",8,5,14,"D 0,3 -> 4,7",14,True,0.0,56260.0,1,False,0.06571252392066197,0.11,337559.0
"Fixed 56234, pilot",8,6,11,"D 0,1 -> 6,7",22,False,0.044806582285143115,56262.0,1,False,0.04364852124132713,0.1,393821.0
"Fixed 56234, pilot",8,7,22,"D 2,3 -> 4,5",22,True,0.0,56260.0,1,False,0.06967473471393487,0.1,450081.0
"Fixed 56234, pilot",8,8,21,"D 1,3 -> 5,7",21,True,0.0,56256.0,1,False,0.009441304632724919,0.1,506337.0
"Fixed 56234, pilot",8,9,12,"D 0,2 -> 4,6",12,True,0.0,56260.0,1,False,0.018167337649211596,0.1,562597.0
"Fixed 56234, pilot",9,0,25,"D 2,3 -> 6,7",25,True,0.0,56255.0,1,False,0.31503606513167726,0.1,56255.0
"Fixed 56234, pilot",9,1,15,"D 0,3 -> 5,6",15,True,0.0,56259.0,1,False,0.29681502172579394,0.1,112514.0
"Fixed 56234, pilot",9,2,8,"D 0,1 -> 4,5",8,True,0.0,56262.0,1,False,0.3764697826210095,0.1,168776.0
"Fixed 56234, pilot",9,3,18,"D 1,2 -> 4,7",18,True,0.0,56261.0,1,False,0.3002635722338174,0.1,225037.0
"Fixed 56234, pilot",9,4,11,"D 0,1 -> 6,7",14,False,0.3564786117490738,56258.0,1,False,0.03758523457422756,0.11,281295.0
"Fixed 56234, pilot",9,5,22,"D 2,3 -> 4,5",19,False,0.004491939885871377,56262.0,1,False,0.03912173614796318,0.1,337557.0
"Fixed 56234, pilot",9,6,14,"D 0,3 -> 4,7",14,True,0.0,56259.0,1,False,0.054109014953737815,0.1,393816.0
"Fixed 56234, pilot",9,7,19,"D 1,2 -> 5,6",19,True,0.0,56261.0,1,False,0.10242177930798503,0.1,450077.0
"Fixed 56234, pilot",9,8,11,"D 0,1 -> 6,7",12,False,0.9999995756713398,56261.0,1,False,0.00944130513504203,0.1,506338.0
"Fixed 56234, pilot",9,9,12,"D 0,2 -> 4,6",12,True,0.0,56261.0,1,False,0.00944130500259172,0.1,562599.0
"Fixed 56234, pilot",9,10,21,"D 1,3 -> 5,7",21,True,0.0,56264.0,1,False,0.0181673376724526,0.1,618863.0
"Fixed 56234, pilot",10,0,25,"D 2,3 -> 6,7",25,True,0.0,56259.0,1,False,0.31503606513167726,0.1,56259.0
"Fixed 56234, pilot",10,1,18,"D 1,2 -> 4,7",15,True,0.0,56259.0,1,False,0.29681502172579394,0.1,112518.0
"Fixed 56234, pilot",10,2,8,"D 0,1 -> 4,5",8,True,0.0,56264.0,1,False,0.3764697826210095,0.1,168782.0
"Fixed 56234, pilot",10,3,15,"D 0,3 -> 5,6",15,True,0.0,56261.0,1,False,0.30026357217502075,0.1,225043.0
"Fixed 56234, pilot",10,4,19,"D 1,2 -> 5,6",19,True,0.0,56262.0,1,False,0.03758523474777508,0.1,281305.0
"Fixed 56234, pilot",10,5,14,"D 0,3 -> 4,7",14,True,0.0,56262.0,1,False,0.06571252399006697,0.1,337567.0
"Fixed 56234, pilot",10,6,22,"D 2,3 -> 4,5",22,True,0.0,56263.0,1,False,0.043648521305584075,0.1,393830.0
"Fixed 56234, pilot",10,7,11,"D 0,1 -> 6,7",11,True,0.0,56259.0,1,False,0.10072796416579774,0.1,450089.0
"Fixed 56234, pilot",10,8,7,S 3 -> 7,21,False,1.0,56259.0,1,False,0.009441304483876945,0.1,506348.0
"Fixed 56234, pilot",10,9,6,S 3 -> 5,12,False,1.0,56261.0,1,False,0.00944130454604846,0.1,562609.0
"Fixed 56234, pilot",10,10,15,"D 0,3 -> 5,6",12,False,0.9999999673685087,56261.0,1,False,0.00944130454604846,0.1,618870.0
"Fixed 56234, pilot",10,11,15,"D 0,3 -> 5,6",12,False,0.9999999673685087,56258.0,1,False,0.00944130454604846,0.1,675128.0
"Fixed 56234, pilot",10,12,2,S 1 -> 5,12,False,1.0,56262.0,1,False,0.00944130454604846,0.1,731390.0
"Fixed 56234, pilot",10,13,10,"D 0,1 -> 5,6",12,False,1.0,56262.0,1,False,0.00944130454604846,0.1,787652.0
"Fixed 56234, pilot",10,14,4,S 2 -> 4,12,False,1.0,56262.0,1,False,0.00944130454604846,0.1,843914.0
"Fixed 56234, pilot",10,15,14,"D 0,3 -> 4,7",12,False,0.999999969825121,56259.0,1,False,0.00944130454604846,0.1,900173.0
"Fixed 56234, pilot",10,16,11,"D 0,1 -> 6,7",12,False,0.9999999972400071,56260.0,1,False,0.00944130454604846,0.1,956433.0
"Fixed 56234, pilot",10,17,8,"D 0,1 -> 4,5",12,False,0.9999999830892309,56259.0,1,False,0.00944130454604846,0.1,1012692.0
"Fixed 56234, pilot",10,18,21,"D 1,3 -> 5,7",12,True,6.400112662063862e-10,56264.0,1,False,0.00944130454604846,0.1,1068956.0
"Fixed 56234, pilot",10,19,4,S 2 -> 4,12,False,1.0,56257.0,1,False,0.01816733566287365,0.1,1125213.0
"Fixed 56234, pilot",11,0,25,"D 2,3 -> 6,7",25,True,0.0,56259.0,1,False,0.31503606513167726,0.1,56259.0
"Fixed 56234, pilot",11,1,18,"D 1,2 -> 4,7",15,True,0.0,56257.0,1,False,0.29681502172579394,0.1,112516.0
"Fixed 56234, pilot",11,2,8,"D 0,1 -> 4,5",8,True,0.0,56260.0,1,False,0.3764697826210095,0.1,168776.0
"Fixed 56234, pilot",11,3,15,"D 0,3 -> 5,6",15,True,0.0,56261.0,1,False,0.30026357217502075,0.1,225037.0
"Fixed 56234, pilot",11,4,19,"D 1,2 -> 5,6",19,True,0.0,56260.0,1,False,0.03758523474777508,0.1,281297.0
"Fixed 56234, pilot",11,5,14,"D 0,3 -> 4,7",14,True,0.0,56259.0,1,False,0.06571252399006697,0.1,337556.0
"Fixed 56234, pilot",11,6,22,"D 2,3 -> 4,5",22,True,0.0,56262.0,1,False,0.043648521305584075,0.1,393818.0
"Fixed 56234, pilot",11,7,11,"D 0,1 -> 6,7",11,True,0.0,56262.0,1,False,0.10072796416579774,0.1,450080.0
"Fixed 56234, pilot",11,8,14,"D 0,3 -> 4,7",21,False,0.99999992672884,56262.0,1,False,0.009441304483876945,0.1,506342.0
"Fixed 56234, pilot",11,9,21,"D 1,3 -> 5,7",12,False,2.5504141021315263e-09,56264.0,1,False,0.009441304593977125,0.1,562606.0
"Fixed 56234, pilot",11,10,24,"D 2,3 -> 5,6",12,False,1.0,56260.0,1,False,0.018167337685998933,0.1,618866.0
"Fixed 56234, pilot",11,11,14,"D 0,3 -> 4,7",12,False,0.986773376783002,56265.0,1,False,0.018167337685998933,0.1,675131.0
"Fixed 56234, pilot",12,0,25,"D 2,3 -> 6,7",25,True,0.0,56260.0,1,False,0.31503606513167726,0.11,56260.0
"Fixed 56234, pilot",12,1,18,"D 1,2 -> 4,7",15,True,0.0,56263.0,1,False,0.29681502172579394,0.1,112523.0
"Fixed 56234, pilot",12,2,8,"D 0,1 -> 4,5",8,True,0.0,56260.0,1,False,0.3764697826210095,0.1,168783.0
"Fixed 56234, pilot",12,3,15,"D 0,3 -> 5,6",15,True,0.0,56262.0,1,False,0.30026357217502075,0.1,225045.0
"Fixed 56234, pilot",12,4,14,"D 0,3 -> 4,7",19,True,5.80789971671436e-10,56259.0,1,False,0.03758523474777508,0.1,281304.0
"Fixed 56234, pilot",12,5,19,"D 1,2 -> 5,6",19,True,0.0,56262.0,1,False,0.0657125239206618,0.1,337566.0
"Fixed 56234, pilot",12,6,22,"D 2,3 -> 4,5",22,True,0.0,56265.0,1,False,0.043648521241327065,0.1,393831.0
"Fixed 56234, pilot",12,7,11,"D 0,1 -> 6,7",11,True,0.0,56264.0,1,False,0.10072796416579699,0.1,450095.0
"Fixed 56234, pilot",12,8,16,"D 0,3 -> 6,7",21,False,1.0,56261.0,1,False,0.009441304483876924,0.1,506356.0
"Fixed 56234, pilot",12,9,21,"D 1,3 -> 5,7",12,True,6.400169283438117e-10,56260.0,1,False,0.009441304546048494,0.1,562616.0
"Fixed 56234, pilot",12,10,19,"D 1,2 -> 5,6",12,False,0.9867667443683238,56256.0,1,False,0.018167337499938888,0.1,618872.0
"Fixed 56234, pilot",13,0,25,"D 2,3 -> 6,7",25,True,0.0,56262.0,1,False,0.31503606513167726,0.1,56262.0
"Fixed 56234, pilot",13,1,15,"D 0,3 -> 5,6",15,True,0.0,56258.0,1,False,0.29681502172579394,0.1,112520.0
"Fixed 56234, pilot",13,2,8,"D 0,1 -> 4,5",8,True,0.0,56260.0,1,False,0.3764697826210095,0.1,168780.0
"Fixed 56234, pilot",13,3,18,"D 1,2 -> 4,7",18,True,0.0,56260.0,1,False,0.3002635722338174,0.1,225040.0
"Fixed 56234, pilot",13,4,14,"D 0,3 -> 4,7",14,True,0.0,56257.0,1,False,0.03758523457422756,0.1,281297.0
"Fixed 56234, pilot",13,5,19,"D 1,2 -> 5,6",19,True,0.0,56260.0,1,False,0.0657125239900671,0.1,337557.0
"Fixed 56234, pilot",13,6,11,"D 0,1 -> 6,7",22,False,0.044806582302531095,56259.0,1,False,0.04364852130558422,0.1,393816.0
"Fixed 56234, pilot",13,7,22,"D 2,3 -> 4,5",22,True,0.0,56264.0,1,False,0.06967473471683744,0.1,450080.0
"Fixed 56234, pilot",13,8,3,S 1 -> 7,12,False,1.0,56259.0,1,False,0.009441304763103292,0.1,506339.0
"Fixed 56234, pilot",13,9,12,"D 0,2 -> 4,6",12,True,0.0,56262.0,1,False,0.009441304763103292,0.1,562601.0
"Fixed 56234, pilot",13,10,13,"D 0,3 -> 4,5",21,False,1.0,56258.0,1,False,0.018167337650104195,0.1,618859.0
"Fixed 56234, pilot",13,11,16,"D 0,3 -> 6,7",21,False,1.0,56264.0,1,False,0.018167337650104195,0.1,675123.0
"Fixed 56234, pilot",13,12,21,"D 1,3 -> 5,7",21,True,0.0,56260.0,1,False,0.018167337650104195,0.1,731383.0
"Fixed 56234, pilot",14,0,19,"D 1,2 -> 5,6",25,False,0.052846754050403844,56257.0,1,False,0.31503606513167726,0.1,56257.0
"Fixed 56234, pilot",14,1,14,"D 0,3 -> 4,7",22,False,0.0008388565620752741,56262.0,1,False,0.2986379460814117,0.1,112519.0
"Fixed 56234, pilot",14,2,11,"D 0,1 -> 6,7",22,False,0.015858687237699454,56256.0,1,False,0.3070247718582447,0.1,168775.0
"Fixed 56234, pilot",14,3,22,"D 2,3 -> 4,5",22,True,0.0,56259.0,1,False,0.37058510390119803,0.1,225034.0
"Fixed 56234, pilot",14,4,25,"D 2,3 -> 6,7",8,False,0.05487982531813662,56261.0,1,False,0.022746161162242252,0.1,281295.0
"Fixed 56234, pilot",14,5,8,"D 0,1 -> 4,5",8,True,0.0,56262.0,1,False,0.03970358505410646,0.1,337557.0
"Fixed 56234, pilot",14,6,15,"D 0,3 -> 5,6",15,True,5.440092820663267e-15,56266.0,1,False,0.0332367072813538,0.1,393823.0
"Fixed 56234, pilot",14,7,18,"D 1,2 -> 4,7",18,True,0.0,56259.0,1,False,0.06135744789775001,0.1,450082.0
"Fixed 56234, pilot",14,8,11,"D 0,1 -> 6,7",21,False,0.9999995724674788,56259.0,1,False,0.009441304700261945,0.1,506341.0
"Fixed 56234, pilot",14,9,15,"D 0,3 -> 5,6",21,False,0.999999998638006,56263.0,1,False,0.00944130481250178,0.1,562604.0
"Fixed 56234, pilot",14,10,25,"D 2,3 -> 6,7",21,False,0.9999998872849803,56259.0,1,False,0.00944130481250178,0.1,618863.0
"Fixed 56234, pilot",14,11,5,S 2 -> 6,21,False,1.0,56260.0,1,False,0.00944130481250178,0.1,675123.0
"Fixed 56234, pilot",14,12,4,S 2 -> 4,21,False,1.0,56265.0,1,False,0.00944130481250178,0.1,731388.0
"Fixed 56234, pilot",14,13,0,S 0 -> 4,21,False,1.0,56261.0,1,False,0.00944130481250178,0.1,787649.0
"Fixed 56234, pilot",14,14,7,S 3 -> 7,21,False,1.0,56261.0,1,False,0.00944130481250178,0.1,843910.0
"Fixed 56234, pilot",14,15,11,"D 0,1 -> 6,7",21,False,0.9999998415795172,56262.0,1,False,0.00944130481250178,0.1,900172.0
"Fixed 56234, pilot",14,16,12,"D 0,2 -> 4,6",21,False,5.8315788864504725e-09,56261.0,1,False,0.00944130481250178,0.1,956433.0
"Fixed 56234, pilot",14,17,8,"D 0,1 -> 4,5",21,False,0.9936893353835844,56259.0,1,False,0.018167338006046696,0.1,1012692.0
"Fixed 56234, pilot",15,0,25,"D 2,3 -> 6,7",25,True,0.0,56260.0,1,False,0.31503606513167726,0.1,56260.0
"Fixed 56234, pilot",15,1,15,"D 0,3 -> 5,6",15,True,0.0,56261.0,1,False,0.29681502172579394,0.1,112521.0
"Fixed 56234, pilot",15,2,8,"D 0,1 -> 4,5",8,True,0.0,56262.0,1,False,0.3764697826210095,0.1,168783.0
"Fixed 56234, pilot",15,3,18,"D 1,2 -> 4,7",18,True,0.0,56261.0,1,False,0.3002635722338174,0.1,225044.0
"Fixed 56234, pilot",15,4,19,"D 1,2 -> 5,6",14,True,5.182410056647768e-12,56259.0,1,False,0.03758523457422756,0.1,281303.0
"Fixed 56234, pilot",15,5,14,"D 0,3 -> 4,7",14,True,0.0,56260.0,1,False,0.06571252392066197,0.1,337563.0
"Fixed 56234, pilot",15,6,22,"D 2,3 -> 4,5",22,True,0.0,56260.0,1,False,0.04364852124132713,0.1,393823.0
"Fixed 56234, pilot",15,7,11,"D 0,1 -> 6,7",11,True,0.0,56258.0,1,False,0.10072796416579667,0.1,450081.0
"Fixed 56234, pilot",15,8,21,"D 1,3 -> 5,7",21,True,0.0,56260.0,1,False,0.009441304630083448,0.1,506341.0
"Fixed 56234, pilot",15,9,23,"D 2,3 -> 4,7",12,False,1.0,56260.0,1,False,0.018167337649211367,0.1,562601.0
"Fixed 56234, pilot",15,10,25,"D 2,3 -> 6,7",12,False,0.9938252402838822,56260.0,1,False,0.018167337649211367,0.1,618861.0
"Fixed 56234, pilot",16,0,25,"D 2,3 -> 6,7",25,True,0.0,56258.0,1,False,0.31503606513167726,0.1,56258.0
"Fixed 56234, pilot",16,1,15,"D 0,3 -> 5,6",15,True,0.0,56264.0,1,False,0.29681502172579394,0.11,112522.0
"Fixed 56234, pilot",16,2,8,"D 0,1 -> 4,5",8,True,0.0,56258.0,1,False,0.3764697826210095,0.1,168780.0
"Fixed 56234, pilot",16,3,18,"D 1,2 -> 4,7",18,True,0.0,56260.0,1,False,0.3002635722338174,0.1,225040.0
"Fixed 56234, pilot",16,4,19,"D 1,2 -> 5,6",14,True,5.182410056647768e-12,56258.0,1,False,0.03758523457422756,0.1,281298.0
"Fixed 56234, pilot",16,5,14,"D 0,3 -> 4,7",14,True,0.0,56265.0,1,False,0.06571252392066197,0.1,337563.0
"Fixed 56234, pilot",16,6,11,"D 0,1 -> 6,7",22,False,0.044806582285143115,56260.0,1,False,0.04364852124132713,0.1,393823.0
"Fixed 56234, pilot",16,7,22,"D 2,3 -> 4,5",22,True,0.0,56261.0,1,False,0.06967473471393487,0.1,450084.0
"Fixed 56234, pilot",16,8,14,"D 0,3 -> 4,7",21,False,0.999999986483221,56261.0,1,False,0.009441304632724919,0.1,506345.0
"Fixed 56234, pilot",16,9,10,"D 0,1 -> 5,6",21,False,1.0,56259.0,1,False,0.009441304632724919,0.1,562604.0
"Fixed 56234, pilot",16,10,3,S 1 -> 7,21,False,1.0,56262.0,1,False,0.009441304632724919,0.1,618866.0
"Fixed 56234, pilot",16,11,21,"D 1,3 -> 5,7",21,True,0.0,56261.0,1,False,0.009441304632724919,0.1,675127.0
"Fixed 56234, pilot",16,12,12,"D 0,2 -> 4,6",12,True,0.0,56261.0,1,False,0.018167337618534354,0.1,731388.0
"Fixed 56234, pilot",17,0,25,"D 2,3 -> 6,7",25,True,0.0,56263.0,1,False,0.31503606513167726,0.1,56263.0
"Fixed 56234, pilot",17,1,15,"D 0,3 -> 5,6",15,True,0.0,56255.0,1,False,0.29681502172579394,0.1,112518.0
"Fixed 56234, pilot",17,2,8,"D 0,1 -> 4,5",8,True,0.0,56260.0,1,False,0.3764697826210095,0.1,168778.0
"Fixed 56234, pilot",17,3,18,"D 1,2 -> 4,7",18,True,0.0,56260.0,1,False,0.3002635722338174,0.1,225038.0
"Fixed 56234, pilot",17,4,19,"D 1,2 -> 5,6",14,True,5.182410056647768e-12,56259.0,1,False,0.03758523457422756,0.1,281297.0
"Fixed 56234, pilot",17,5,14,"D 0,3 -> 4,7",14,True,0.0,56262.0,1,False,0.06571252392066197,0.1,337559.0
"Fixed 56234, pilot",17,6,11,"D 0,1 -> 6,7",22,False,0.044806582285143115,56257.0,1,False,0.04364852124132713,0.1,393816.0
"Fixed 56234, pilot",17,7,22,"D 2,3 -> 4,5",22,True,0.0,56261.0,1,False,0.06967473471393487,0.1,450077.0
"Fixed 56234, pilot",17,8,6,S 3 -> 5,21,False,1.0,56258.0,1,False,0.009441304632724919,0.1,506335.0
"Fixed 56234, pilot",17,9,6,S 3 -> 5,21,False,1.0,56261.0,1,False,0.009441304632724919,0.1,562596.0
"Fixed 56234, pilot",17,10,14,"D 0,3 -> 4,7",21,False,0.999999986483221,56261.0,1,False,0.009441304632724919,0.1,618857.0
"Fixed 56234, pilot",17,11,21,"D 1,3 -> 5,7",21,True,0.0,56264.0,1,False,0.009441304632724919,0.1,675121.0
"Fixed 56234, pilot",17,12,2,S 1 -> 5,12,False,1.0,56264.0,1,False,0.018167337618534354,0.1,731385.0
"Fixed 56234, pilot",17,13,12,"D 0,2 -> 4,6",12,True,0.0,56260.0,1,False,0.018167337618534354,0.1,787645.0
"Fixed 56234, pilot",18,0,25,"D 2,3 -> 6,7",25,True,0.0,56261.0,1,False,0.31503606513167726,0.1,56261.0
"Fixed 56234, pilot",18,1,15,"D 0,3 -> 5,6",15,True,0.0,56259.0,1,False,0.29681502172579394,0.1,112520.0
"Fixed 56234, pilot",18,2,8,"D 0,1 -> 4,5",8,True,0.0,56260.0,1,False,0.3764697826210095,0.1,168780.0
"Fixed 56234, pilot",18,3,18,"D 1,2 -> 4,7",18,True,0.0,56261.0,1,False,0.3002635722338174,0.1,225041.0
"Fixed 56234, pilot",18,4,19,"D 1,2 -> 5,6",14,True,5.182410056647768e-12,56259.0,1,False,0.03758523457422756,0.1,281300.0
"Fixed 56234, pilot",18,5,14,"D 0,3 -> 4,7",14,True,0.0,56259.0,1,False,0.06571252392066197,0.1,337559.0
"Fixed 56234, pilot",18,6,22,"D 2,3 -> 4,5",22,True,0.0,56258.0,1,False,0.04364852124132713,0.1,393817.0
"Fixed 56234, pilot",18,7,11,"D 0,1 -> 6,7",11,True,0.0,56260.0,1,False,0.10072796416579667,0.1,450077.0
"Fixed 56234, pilot",18,8,17,"D 1,2 -> 4,5",21,False,1.0,56260.0,1,False,0.009441304630083448,0.1,506337.0
"Fixed 56234, pilot",18,9,12,"D 0,2 -> 4,6",21,True,2.371568497139265e-10,56261.0,1,False,0.009441304630083448,0.1,562598.0
"Fixed 56234, pilot",18,10,21,"D 1,3 -> 5,7",21,True,0.0,56262.0,1,False,0.018167337481629908,0.1,618860.0
"Fixed 56234, pilot",19,0,25,"D 2,3 -> 6,7",25,True,0.0,56258.0,1,False,0.31503606513167726,0.1,56258.0
"Fixed 56234, pilot",19,1,18,"D 1,2 -> 4,7",15,True,0.0,56262.0,1,False,0.29681502172579394,0.1,112520.0
"Fixed 56234, pilot",19,2,8,"D 0,1 -> 4,5",8,True,0.0,56264.0,1,False,0.3764697826210095,0.1,168784.0
"Fixed 56234, pilot",19,3,15,"D 0,3 -> 5,6",15,True,0.0,56262.0,1,False,0.30026357217502075,0.1,225046.0
"Fixed 56234, pilot",19,4,19,"D 1,2 -> 5,6",19,True,0.0,56258.0,1,False,0.03758523474777508,0.1,281304.0
"Fixed 56234, pilot",19,5,14,"D 0,3 -> 4,7",14,True,0.0,56261.0,1,False,0.06571252399006697,0.1,337565.0
"Fixed 56234, pilot",19,6,22,"D 2,3 -> 4,5",22,True,0.0,56258.0,1,False,0.043648521305584075,0.1,393823.0
"Fixed 56234, pilot",19,7,11,"D 0,1 -> 6,7",11,True,0.0,56258.0,1,False,0.10072796416579774,0.1,450081.0
"Fixed 56234, pilot",19,8,8,"D 0,1 -> 4,5",21,False,0.9999999180305379,56260.0,1,False,0.009441304483876945,0.1,506341.0
"Fixed 56234, pilot",19,9,5,S 2 -> 6,12,False,1.0,56261.0,1,False,0.009441304583354095,0.1,562602.0
"Fixed 56234, pilot",19,10,2,S 1 -> 5,12,False,1.0,56261.0,1,False,0.009441304583354095,0.1,618863.0
"Fixed 56234, pilot",19,11,5,S 2 -> 6,12,False,1.0,56264.0,1,False,0.009441304583354095,0.1,675127.0
"Fixed 56234, pilot",19,12,2,S 1 -> 5,12,False,1.0,56258.0,1,False,0.009441304583354095,0.1,731385.0
"Fixed 56234, pilot",19,13,3,S 1 -> 7,12,False,1.0,56259.0,1,False,0.009441304583354095,0.1,787644.0
"Fixed 56234, pilot",19,14,20,"D 1,2 -> 6,7",12,False,1.0,56263.0,1,False,0.009441304583354095,0.1,843907.0
"Fixed 56234, pilot",19,15,18,"D 1,2 -> 4,7",12,False,0.9999999699319815,56259.0,1,False,0.009441304583354095,0.1,900166.0
"Fixed 56234, pilot",19,16,5,S 2 -> 6,12,False,1.0,56263.0,1,False,0.009441304583354095,0.1,956429.0
"Fixed 56234, pilot",19,17,9,"D 0,1 -> 4,7",12,False,1.0,56260.0,1,False,0.009441304583354095,0.1,1012689.0
"Fixed 56234, pilot",19,18,12,"D 0,2 -> 4,6",12,True,0.0,56260.0,1,False,0.009441304583354095,0.1,1068949.0
"Fixed 56234, pilot",19,19,21,"D 1,3 -> 5,7",21,True,0.0,56262.0,1,False,0.018167338986805157,0.1,1125211.0
"Fixed 56234, pilot",20,0,25,"D 2,3 -> 6,7",25,True,0.0,56260.0,1,False,0.31503606513167726,0.1,56260.0
"Fixed 56234, pilot",20,1,15,"D 0,3 -> 5,6",15,True,0.0,56259.0,1,False,0.29681502172579394,0.1,112519.0
"Fixed 56234, pilot",20,2,8,"D 0,1 -> 4,5",8,True,0.0,56259.0,1,False,0.3764697826210095,0.1,168778.0
"Fixed 56234, pilot",20,3,18,"D 1,2 -> 4,7",18,True,0.0,56259.0,1,False,0.3002635722338174,0.1,225037.0
"Fixed 56234, pilot",20,4,14,"D 0,3 -> 4,7",14,True,0.0,56260.0,1,False,0.03758523457422756,0.1,281297.0
"Fixed 56234, pilot",20,5,19,"D 1,2 -> 5,6",19,True,0.0,56264.0,1,False,0.0657125239900671,0.1,337561.0
"Fixed 56234, pilot",20,6,22,"D 2,3 -> 4,5",22,True,0.0,56260.0,1,False,0.04364852130558422,0.1,393821.0
"Fixed 56234, pilot",20,7,11,"D 0,1 -> 6,7",11,True,0.0,56256.0,1,False,0.10072796416579655,0.1,450077.0
"Fixed 56234, pilot",20,8,2,S 1 -> 5,21,False,1.0,56261.0,1,False,0.009441305047874061,0.1,506338.0
"Fixed 56234, pilot",20,9,19,"D 1,2 -> 5,6",21,False,0.9999999790475566,56259.0,1,False,0.00944130458544351,0.1,562597.0
"Fixed 56234, pilot",20,10,14,"D 0,3 -> 4,7",21,False,0.9999999802026052,56260.0,1,False,0.00944130458544351,0.1,618857.0
"Fixed 56234, pilot",20,11,21,"D 1,3 -> 5,7",21,True,0.0,56262.0,1,False,0.00944130458544351,0.1,675119.0
"Fixed 56234, pilot",20,12,0,S 0 -> 4,12,False,1.0,56260.0,1,False,0.01816733768149755,0.1,731379.0
"Fixed 56234, pilot",20,13,11,"D 0,1 -> 6,7",12,False,0.982675138059514,56259.0,1,False,0.01816733768149755,0.1,787638.0
"Fixed 56234, pilot",21,0,25,"D 2,3 -> 6,7",25,True,0.0,56259.0,1,False,0.31503606513167726,0.1,56259.0
"Fixed 56234, pilot",21,1,18,"D 1,2 -> 4,7",15,True,0.0,56261.0,1,False,0.29681502172579394,0.1,112520.0
"Fixed 56234, pilot",21,2,8,"D 0,1 -> 4,5",8,True,0.0,56263.0,1,False,0.3764697826210095,0.1,168783.0
"Fixed 56234, pilot",21,3,15,"D 0,3 -> 5,6",15,True,0.0,56262.0,1,False,0.30026357217502075,0.1,225045.0
"Fixed 56234, pilot",21,4,14,"D 0,3 -> 4,7",19,True,5.80789971671436e-10,56260.0,1,False,0.03758523474777508,0.1,281305.0
"Fixed 56234, pilot",21,5,19,"D 1,2 -> 5,6",19,True,0.0,56260.0,1,False,0.0657125239206618,0.1,337565.0
"Fixed 56234, pilot",21,6,22,"D 2,3 -> 4,5",22,True,0.0,56258.0,1,False,0.043648521241327065,0.1,393823.0
"Fixed 56234, pilot",21,7,11,"D 0,1 -> 6,7",11,True,0.0,56260.0,1,False,0.10072796416579699,0.1,450083.0
"Fixed 56234, pilot",21,8,21,"D 1,3 -> 5,7",21,True,0.0,56261.0,1,False,0.009441304483876924,0.1,506344.0
"Fixed 56234, pilot",21,9,5,S 2 -> 6,12,False,1.0,56265.0,1,False,0.01816733748163215,0.1,562609.0
"Fixed 56234, pilot",21,10,6,S 3 -> 5,12,False,1.0,56262.0,1,False,0.01816733748163215,0.1,618871.0
"Fixed 56234, pilot",21,11,12,"D 0,2 -> 4,6",12,True,0.0,56258.0,1,False,0.01816733748163215,0.1,675129.0
"Fixed 56234, pilot",22,0,25,"D 2,3 -> 6,7",25,True,0.0,56258.0,1,False,0.31503606513167726,0.1,56258.0
"Fixed 56234, pilot",22,1,15,"D 0,3 -> 5,6",15,True,0.0,56263.0,1,False,0.29681502172579394,0.1,112521.0
"Fixed 56234, pilot",22,2,8,"D 0,1 -> 4,5",8,True,0.0,56260.0,1,False,0.3764697826210095,0.1,168781.0
"Fixed 56234, pilot",22,3,18,"D 1,2 -> 4,7",18,True,0.0,56260.0,1,False,0.3002635722338174,0.1,225041.0
"Fixed 56234, pilot",22,4,19,"D 1,2 -> 5,6",14,True,5.182410056647768e-12,56258.0,1,False,0.03758523457422756,0.1,281299.0
"Fixed 56234, pilot",22,5,14,"D 0,3 -> 4,7",14,True,0.0,56260.0,1,False,0.06571252392066197,0.1,337559.0
"Fixed 56234, pilot",22,6,22,"D 2,3 -> 4,5",22,True,0.0,56260.0,1,False,0.04364852124132713,0.1,393819.0
"Fixed 56234, pilot",22,7,11,"D 0,1 -> 6,7",11,True,0.0,56267.0,1,False,0.10072796416579667,0.1,450086.0
"Fixed 56234, pilot",22,8,21,"D 1,3 -> 5,7",21,True,0.0,56263.0,1,False,0.009441304630083448,0.1,506349.0
"Fixed 56234, pilot",22,9,6,S 3 -> 5,12,False,1.0,56260.0,1,False,0.018167337649211367,0.1,562609.0
"Fixed 56234, pilot",22,10,12,"D 0,2 -> 4,6",12,True,0.0,56264.0,1,False,0.018167337649211367,0.1,618873.0
"Fixed 56234, pilot",23,0,25,"D 2,3 -> 6,7",25,True,0.0,56261.0,1,False,0.31503606513167726,0.1,56261.0
"Fixed 56234, pilot",23,1,15,"D 0,3 -> 5,6",15,True,0.0,56262.0,1,False,0.29681502172579394,0.1,112523.0
"Fixed 56234, pilot",23,2,8,"D 0,1 -> 4,5",8,True,0.0,56259.0,1,False,0.3764697826210095,0.1,168782.0
"Fixed 56234, pilot",23,3,18,"D 1,2 -> 4,7",18,True,0.0,56261.0,1,False,0.3002635722338174,0.1,225043.0
"Fixed 56234, pilot",23,4,19,"D 1,2 -> 5,6",14,True,5.182410056647768e-12,56260.0,1,False,0.03758523457422756,0.1,281303.0
"Fixed 56234, pilot",23,5,14,"D 0,3 -> 4,7",14,True,0.0,56261.0,1,False,0.06571252392066197,0.1,337564.0
"Fixed 56234, pilot",23,6,11,"D 0,1 -> 6,7",22,False,0.044806582285143115,56261.0,1,False,0.04364852124132713,0.1,393825.0
"Fixed 56234, pilot",23,7,22,"D 2,3 -> 4,5",22,True,0.0,56263.0,1,False,0.06967473471393487,0.1,450088.0
"Fixed 56234, pilot",23,8,16,"D 0,3 -> 6,7",21,False,1.0,56261.0,1,False,0.009441304632724919,0.1,506349.0
"Fixed 56234, pilot",23,9,2,S 1 -> 5,21,False,1.0,56262.0,1,False,0.009441304632724919,0.1,562611.0
"Fixed 56234, pilot",23,10,6,S 3 -> 5,21,False,1.0,56263.0,1,False,0.009441304632724919,0.1,618874.0
"Fixed 56234, pilot",23,11,3,S 1 -> 7,21,False,1.0,56261.0,1,False,0.009441304632724919,0.1,675135.0
"Fixed 56234, pilot",23,12,9,"D 0,1 -> 4,7",21,False,1.0,56262.0,1,False,0.009441304632724919,0.1,731397.0
"Fixed 56234, pilot",23,13,21,"D 1,3 -> 5,7",21,True,0.0,56261.0,1,False,0.009441304632724919,0.1,787658.0
"Fixed 56234, pilot",23,14,12,"D 0,2 -> 4,6",12,True,0.0,56260.0,1,False,0.018167337649211586,0.1,843918.0
"Fixed 56234, pilot",24,0,25,"D 2,3 -> 6,7",25,True,0.0,56260.0,1,False,0.31503606513167726,0.1,56260.0
"Fixed 56234, pilot",24,1,18,"D 1,2 -> 4,7",15,True,0.0,56259.0,1,False,0.29681502172579394,0.1,112519.0
"Fixed 56234, pilot",24,2,8,"D 0,1 -> 4,5",8,True,0.0,56260.0,1,False,0.3764697826210095,0.1,168779.0
"Fixed 56234, pilot",24,3,15,"D 0,3 -> 5,6",15,True,0.0,56257.0,1,False,0.30026357217502075,0.1,225036.0
"Fixed 56234, pilot",24,4,14,"D 0,3 -> 4,7",19,True,5.80789971671436e-10,56259.0,1,False,0.03758523474777508,0.1,281295.0
"Fixed 56234, pilot",24,5,19,"D 1,2 -> 5,6",19,True,0.0,56263.0,1,False,0.0657125239206618,0.1,337558.0
"Fixed 56234, pilot",24,6,22,"D 2,3 -> 4,5",22,True,0.0,56262.0,1,False,0.043648521241327065,0.1,393820.0
"Fixed 56234, pilot",24,7,11,"D 0,1 -> 6,7",11,True,0.0,56263.0,1,False,0.10072796416579699,0.1,450083.0
"Fixed 56234, pilot",24,8,15,"D 0,3 -> 5,6",21,False,0.9999999998285992,56260.0,1,False,0.009441304483876924,0.1,506343.0
"Fixed 56234, pilot",24,9,6,S 3 -> 5,12,False,1.0,56260.0,1,False,0.009441304546092703,0.1,562603.0
"Fixed 56234, pilot",24,10,11,"D 0,1 -> 6,7",12,False,0.9999999972239323,56261.0,1,False,0.009441304546092703,0.1,618864.0
"Fixed 56234, pilot",24,11,5,S 2 -> 6,12,False,1.0,56258.0,1,False,0.009441304546092703,0.1,675122.0
"Fixed 56234, pilot",24,12,11,"D 0,1 -> 6,7",12,False,0.9999999972239323,56261.0,1,False,0.009441304546092703,0.1,731383.0
"Fixed 56234, pilot",24,13,14,"D 0,3 -> 4,7",12,False,0.9999999698513176,56260.0,1,False,0.009441304546092703,0.1,787643.0
"Fixed 56234, pilot",24,14,9,"D 0,1 -> 4,7",12,False,1.0,56260.0,1,False,0.009441304546092703,0.1,843903.0
"Fixed 56234, pilot",24,15,12,"D 0,2 -> 4,6",12,True,0.0,56261.0,1,False,0.009441304546092703,0.1,900164.0
"Fixed 56234, pilot",24,16,19,"D 1,2 -> 5,6",21,False,0.9867723175558321,56259.0,1,False,0.01816735499753894,0.1,956423.0
"Fixed 56234, pilot",25,0,25,"D 2,3 -> 6,7",25,True,0.0,56256.0,1,False,0.31503606513167726,0.1,56256.0
"Fixed 56234, pilot",25,1,15,"D 0,3 -> 5,6",15,True,0.0,56260.0,1,False,0.29681502172579394,0.1,112516.0
"Fixed 56234, pilot",25,2,8,"D 0,1 -> 4,5",8,True,0.0,56261.0,1,False,0.3764697826210095,0.1,168777.0
"Fixed 56234, pilot",25,3,18,"D 1,2 -> 4,7",18,True,0.0,56261.0,1,False,0.3002635722338174,0.1,225038.0
"Fixed 56234, pilot",25,4,14,"D 0,3 -> 4,7",14,True,0.0,56265.0,1,False,0.03758523457422756,0.1,281303.0
"Fixed 56234, pilot",25,5,19,"D 1,2 -> 5,6",19,True,0.0,56262.0,1,False,0.0657125239900671,0.1,337565.0
"Fixed 56234, pilot",25,6,22,"D 2,3 -> 4,5",22,True,0.0,56262.0,1,False,0.04364852130558422,0.1,393827.0
"Fixed 56234, pilot",25,7,11,"D 0,1 -> 6,7",11,True,0.0,56259.0,1,False,0.10072796416579655,0.1,450086.0
"Fixed 56234, pilot",25,8,21,"D 1,3 -> 5,7",21,True,0.0,56260.0,1,False,0.009441305047874061,0.1,506346.0
"Fixed 56234, pilot",25,9,22,"D 2,3 -> 4,5",12,False,0.9876310330455091,56257.0,1,False,0.018167337649213765,0.1,562603.0
"Fixed 56234, pilot",26,0,25,"D 2,3 -> 6,7",25,True,0.0,56258.0,1,False,0.31503606513167726,0.1,56258.0
"Fixed 56234, pilot",26,1,15,"D 0,3 -> 5,6",15,True,0.0,56262.0,1,False,0.29681502172579394,0.1,112520.0
"Fixed 56234, pilot",26,2,8,"D 0,1 -> 4,5",8,True,0.0,56262.0,1,False,0.3764697826210095,0.1,168782.0
"Fixed 56234, pilot",26,3,18,"D 1,2 -> 4,7",18,True,0.0,56265.0,1,False,0.3002635722338174,0.1,225047.0
"Fixed 56234, pilot",26,4,19,"D 1,2 -> 5,6",14,True,5.182410056647768e-12,56256.0,1,False,0.03758523457422756,0.1,281303.0
"Fixed 56234, pilot",26,5,14,"D 0,3 -> 4,7",14,True,0.0,56258.0,1,False,0.06571252392066197,0.1,337561.0
"Fixed 56234, pilot",26,6,22,"D 2,3 -> 4,5",22,True,0.0,56260.0,1,False,0.04364852124132713,0.1,393821.0
"Fixed 56234, pilot",26,7,11,"D 0,1 -> 6,7",11,True,0.0,56261.0,1,False,0.10072796416579667,0.1,450082.0
"Fixed 56234, pilot",26,8,6,S 3 -> 5,21,False,1.0,56261.0,1,False,0.009441304630083448,0.1,506343.0
"Fixed 56234, pilot",26,9,12,"D 0,2 -> 4,6",21,True,2.371568497139265e-10,56262.0,1,False,0.009441304630083448,0.1,562605.0
"Fixed 56234, pilot",26,10,7,S 3 -> 7,21,False,1.0,56259.0,1,False,0.018167337481629908,0.1,618864.0
"Fixed 56234, pilot",26,11,21,"D 1,3 -> 5,7",21,True,0.0,56257.0,1,False,0.018167337085810635,0.1,675121.0
"Fixed 56234, pilot",27,0,25,"D 2,3 -> 6,7",25,True,0.0,56256.0,1,False,0.31503606513167726,0.1,56256.0
"Fixed 56234, pilot",27,1,15,"D 0,3 -> 5,6",15,True,0.0,56261.0,1,False,0.29681502172579394,0.1,112517.0
"Fixed 56234, pilot",27,2,8,"D 0,1 -> 4,5",8,True,0.0,56260.0,1,False,0.3764697826210095,0.1,168777.0
"Fixed 56234, pilot",27,3,18,"D 1,2 -> 4,7",18,True,0.0,56262.0,1,False,0.3002635722338174,0.1,225039.0
"Fixed 56234, pilot",27,4,14,"D 0,3 -> 4,7",14,True,0.0,56261.0,1,False,0.03758523457422756,0.1,281300.0
"Fixed 56234, pilot",27,5,19,"D 1,2 -> 5,6",19,True,0.0,56263.0,1,False,0.0657125239900671,0.1,337563.0
"Fixed 56234, pilot",27,6,11,"D 0,1 -> 6,7",22,False,0.044806582302531095,56260.0,1,False,0.04364852130558422,0.1,393823.0
"Fixed 56234, pilot",27,7,22,"D 2,3 -> 4,5",22,True,0.0,56262.0,1,False,0.06967473471683744,0.1,450085.0
"Fixed 56234, pilot",27,8,19,"D 1,2 -> 5,6",12,False,0.9999999296083535,56261.0,1,False,0.009441304763103292,0.1,506346.0
"Fixed 56234, pilot",27,9,1,S 0 -> 6,12,False,1.0,56266.0,1,False,0.009441304763103292,0.1,562612.0
"Fixed 56234, pilot",27,10,2,S 1 -> 5,12,False,1.0,56262.0,1,False,0.009441304763103292,0.1,618874.0
"Fixed 56234, pilot",27,11,15,"D 0,3 -> 5,6",12,False,0.9999999966967403,56260.0,1,False,0.009441304763103292,0.1,675134.0
"Fixed 56234, pilot",27,12,21,"D 1,3 -> 5,7",12,False,2.6598964142365844e-09,56259.0,1,False,0.009441304763103292,0.1,731393.0
"Fixed 56234, pilot",27,13,11,"D 0,1 -> 6,7",12,False,0.9826751345588186,56267.0,1,False,0.01816733770320751,0.1,787660.0
"Fixed 56234, pilot",28,0,14,"D 0,3 -> 4,7",25,False,0.052846754050403844,56259.0,1,False,0.31503606513167726,0.1,56259.0
"Fixed 56234, pilot",28,1,19,"D 1,2 -> 5,6",22,False,0.0008388564376003993,56260.0,1,False,0.2986379460442076,0.1,112519.0
"Fixed 56234, pilot",28,2,11,"D 0,1 -> 6,7",22,False,0.015858687170637098,56261.0,1,False,0.30702477030875686,0.1,168780.0
"Fixed 56234, pilot",28,3,22,"D 2,3 -> 4,5",22,True,0.0,56259.0,1,False,0.3705851037435389,0.1,225039.0
"Fixed 56234, pilot",28,4,8,"D 0,1 -> 4,5",8,True,0.0,56263.0,1,False,0.022746161162242224,0.1,281302.0
"Fixed 56234, pilot",28,5,25,"D 2,3 -> 6,7",25,True,0.0,56262.0,1,False,0.038483766324501935,0.1,337564.0
"Fixed 56234, pilot",28,6,18,"D 1,2 -> 4,7",15,True,1.2212453270876722e-15,56259.0,1,False,0.03323670747469215,0.1,393823.0
"Fixed 56234, pilot",28,7,15,"D 0,3 -> 5,6",15,True,0.0,56259.0,1,False,0.06135745113462978,0.1,450082.0
"Fixed 56234, pilot",28,8,15,"D 0,3 -> 5,6",12,False,0.9999999524520992,56259.0,1,False,0.009441304700266197,0.1,506341.0
"Fixed 56234, pilot",28,9,21,"D 1,3 -> 5,7",12,False,8.464965728371965e-09,56261.0,1,False,0.009441304700266197,0.1,562602.0
"Fixed 56234, pilot",28,10,12,"D 0,2 -> 4,6",12,True,0.0,56261.0,1,False,0.018167337640735276,0.1,618863.0
"Fixed 56234, pilot",29,0,25,"D 2,3 -> 6,7",25,True,0.0,56257.0,1,False,0.31503606513167726,0.1,56257.0
"Fixed 56234, pilot",29,1,15,"D 0,3 -> 5,6",15,True,0.0,56260.0,1,False,0.29681502172579394,0.1,112517.0
"Fixed 56234, pilot",29,2,8,"D 0,1 -> 4,5",8,True,0.0,56262.0,1,False,0.3764697826210095,0.1,168779.0
"Fixed 56234, pilot",29,3,18,"D 1,2 -> 4,7",18,True,0.0,56264.0,1,False,0.3002635722338174,0.1,225043.0
"Fixed 56234, pilot",29,4,14,"D 0,3 -> 4,7",14,True,0.0,56261.0,1,False,0.03758523457422756,0.1,281304.0
"Fixed 56234, pilot",29,5,19,"D 1,2 -> 5,6",19,True,0.0,56260.0,1,False,0.0657125239900671,0.1,337564.0
"Fixed 56234, pilot",29,6,11,"D 0,1 -> 6,7",22,False,0.044806582302531095,56262.0,1,False,0.04364852130558422,0.1,393826.0
"Fixed 56234, pilot",29,7,22,"D 2,3 -> 4,5",22,True,0.0,56261.0,1,False,0.06967473471683744,0.1,450087.0
"Fixed 56234, pilot",29,8,21,"D 1,3 -> 5,7",12,False,2.6598964142365844e-09,56258.0,1,False,0.009441304763103292,0.1,506345.0
"Fixed 56234, pilot",29,9,2,S 1 -> 5,12,False,1.0,56259.0,1,False,0.018167337649211208,0.1,562604.0
"Fixed 56234, pilot",29,10,25,"D 2,3 -> 6,7",12,False,0.9938252402841433,56257.0,1,False,0.018167337649211208,0.1,618861.0
"Fixed 56234, pilot",30,0,25,"D 2,3 -> 6,7",25,True,0.0,56256.0,1,False,0.31503606513167726,0.1,56256.0
"Fixed 56234, pilot",30,1,18,"D 1,2 -> 4,7",15,True,0.0,56260.0,1,False,0.29681502172579394,0.1,112516.0
"Fixed 56234, pilot",30,2,8,"D 0,1 -> 4,5",8,True,0.0,56262.0,1,False,0.3764697826210095,0.1,168778.0
"Fixed 56234, pilot",30,3,15,"D 0,3 -> 5,6",15,True,0.0,56266.0,1,False,0.30026357217502075,0.1,225044.0
"Fixed 56234, pilot",30,4,19,"D 1,2 -> 5,6",19,True,0.0,56262.0,1,False,0.03758523474777508,0.1,281306.0
"Fixed 56234, pilot",30,5,14,"D 0,3 -> 4,7",14,True,0.0,56263.0,1,False,0.06571252399006697,0.1,337569.0
"Fixed 56234, pilot",30,6,22,"D 2,3 -> 4,5",22,True,0.0,56256.0,1,False,0.043648521305584075,0.1,393825.0
"Fixed 56234, pilot",30,7,11,"D 0,1 -> 6,7",11,True,0.0,56258.0,1,False,0.10072796416579774,0.1,450083.0
"Fixed 56234, pilot",30,8,5,S 2 -> 6,21,False,1.0,56260.0,1,False,0.009441304483876945,0.1,506343.0
"Fixed 56234, pilot",30,9,21,"D 1,3 -> 5,7",12,True,6.400112662063862e-10,56261.0,1,False,0.00944130454604846,0.1,562604.0
"Fixed 56234, pilot",30,10,6,S 3 -> 5,12,False,1.0,56263.0,1,False,0.018167337650105007,0.1,618867.0
"Fixed 56234, pilot",30,11,12,"D 0,2 -> 4,6",12,True,0.0,56258.0,1,False,0.018167337650105007,0.1,675125.0
"Fixed 56234, pilot",31,0,25,"D 2,3 -> 6,7",25,True,0.0,56260.0,1,False,0.31503606513167726,0.1,56260.0
"Fixed 56234, pilot",31,1,15,"D 0,3 -> 5,6",15,True,0.0,56264.0,1,False,0.29681502172579394,0.1,112524.0
"Fixed 56234, pilot",31,2,8,"D 0,1 -> 4,5",8,True,0.0,56262.0,1,False,0.3764697826210095,0.1,168786.0
"Fixed 56234, pilot",31,3,18,"D 1,2 -> 4,7",18,True,0.0,56258.0,1,False,0.3002635722338174,0.1,225044.0
"Fixed 56234, pilot",31,4,14,"D 0,3 -> 4,7",14,True,0.0,56259.0,1,False,0.03758523457422756,0.1,281303.0
"Fixed 56234, pilot",31,5,19,"D 1,2 -> 5,6",19,True,0.0,56261.0,1,False,0.0657125239900671,0.1,337564.0
"Fixed 56234, pilot",31,6,11,"D 0,1 -> 6,7",22,False,0.044806582302531095,56260.0,1,False,0.04364852130558422,0.1,393824.0
"Fixed 56234, pilot",31,7,22,"D 2,3 -> 4,5",22,True,0.0,56262.0,1,False,0.06967473471683744,0.1,450086.0
"Fixed 56234, pilot",31,8,21,"D 1,3 -> 5,7",12,False,2.6598964142365844e-09,56263.0,1,False,0.009441304763103292,0.1,506349.0
"Fixed 56234, pilot",31,9,18,"D 1,2 -> 4,7",12,False,0.9933180253837441,56262.0,1,False,0.018167337649211208,0.1,562611.0
"Fixed 56234, pilot",32,0,25,"D 2,3 -> 6,7",25,True,0.0,56254.0,1,False,0.31503606513167726,0.1,56254.0
"Fixed 56234, pilot",32,1,8,"D 0,1 -> 4,5",15,False,0.033311851350335986,56261.0,1,False,0.29681502172579394,0.1,112515.0
"Fixed 56234, pilot",32,2,18,"D 1,2 -> 4,7",15,True,5.551115123125783e-16,56263.0,1,False,0.303713351808019,0.1,168778.0
"Fixed 56234, pilot",32,3,15,"D 0,3 -> 5,6",15,True,0.0,56260.0,1,False,0.38824803810173447,0.1,225038.0
"Fixed 56234, pilot",32,4,19,"D 1,2 -> 5,6",19,True,0.0,56262.0,1,False,0.03758523456612009,0.1,281300.0
"Fixed 56234, pilot",32,5,14,"D 0,3 -> 4,7",14,True,0.0,56262.0,1,False,0.06571252413529677,0.1,337562.0
"Fixed 56234, pilot",32,6,11,"D 0,1 -> 6,7",22,False,0.044806584747831724,56262.0,1,False,0.04364852185640933,0.1,393824.0
"Fixed 56234, pilot",32,7,22,"D 2,3 -> 4,5",22,True,0.0,56259.0,1,False,0.06967473512434036,0.1,450083.0
"Fixed 56234, pilot",32,8,14,"D 0,3 -> 4,7",12,False,0.9999999998187229,56263.0,1,False,0.009441304652025582,0.1,506346.0
"Fixed 56234, pilot",32,9,4,S 2 -> 4,12,False,1.0,56260.0,1,False,0.009441304652025582,0.1,562606.0
"Fixed 56234, pilot",32,10,9,"D 0,1 -> 4,7",12,False,1.0,56262.0,1,False,0.009441304652025582,0.1,618868.0
"Fixed 56234, pilot",32,11,16,"D 0,3 -> 6,7",12,False,1.0,56258.0,1,False,0.009441304652025582,0.1,675126.0
"Fixed 56234, pilot",32,12,21,"D 1,3 -> 5,7",12,True,1.6653345369377348e-15,56261.0,1,False,0.009441304652025582,0.1,731387.0
"Fixed 56234, pilot",32,13,5,S 2 -> 6,12,False,1.0,56257.0,1,False,0.018167337048644504,0.1,787644.0
"Fixed 56234, pilot",32,14,25,"D 2,3 -> 6,7",12,False,0.9938258977465936,56261.0,1,False,0.018167337048644504,0.1,843905.0
"Fixed 56234, pilot",33,0,25,"D 2,3 -> 6,7",25,True,0.0,56255.0,1,False,0.31503606513167726,0.1,56255.0
"Fixed 56234, pilot",33,1,15,"D 0,3 -> 5,6",15,True,0.0,56260.0,1,False,0.29681502172579394,0.1,112515.0
"Fixed 56234, pilot",33,2,8,"D 0,1 -> 4,5",8,True,0.0,56259.0,1,False,0.3764697826210095,0.1,168774.0
"Fixed 56234, pilot",33,3,18,"D 1,2 -> 4,7",18,True,0.0,56259.0,1,False,0.3002635722338174,0.1,225033.0
"Fixed 56234, pilot",33,4,22,"D 2,3 -> 4,5",14,False,0.30884520195814336,56261.0,1,False,0.03758523457422756,0.1,281294.0
"Fixed 56234, pilot",33,5,11,"D 0,1 -> 6,7",11,True,0.0,56262.0,1,False,0.05305793406820507,0.1,337556.0
"Fixed 56234, pilot",33,6,19,"D 1,2 -> 5,6",19,True,0.0,56261.0,1,False,0.054109020561471224,0.1,393817.0
"Fixed 56234, pilot",33,7,14,"D 0,3 -> 4,7",14,True,0.0,56260.0,1,False,0.10242177985564942,0.1,450077.0
"Fixed 56234, pilot",33,8,21,"D 1,3 -> 5,7",12,True,3.602751430520357e-11,56261.0,1,False,0.009441304591323339,0.1,506338.0
"Fixed 56234, pilot",33,9,12,"D 0,2 -> 4,6",12,True,0.0,56261.0,1,False,0.018167337687984855,0.1,562599.0
"Fixed 56234, pilot",34,0,25,"D 2,3 -> 6,7",25,True,0.0,56257.0,1,False,0.31503606513167726,0.1,56257.0
"Fixed 56234, pilot",34,1,15,"D 0,3 -> 5,6",15,True,0.0,56265.0,1,False,0.29681502172579394,0.1,112522.0
"Fixed 56234, pilot",34,2,8,"D 0,1 -> 4,5",8,True,0.0,56262.0,1,False,0.3764697826210095,0.1,168784.0
"Fixed 56234, pilot",34,3,18,"D 1,2 -> 4,7",18,True,0.0,56261.0,1,False,0.3002635722338174,0.1,225045.0
"Fixed 56234, pilot",34,4,14,"D 0,3 -> 4,7",14,True,0.0,56258.0,1,False,0.03758523457422756,0.1,281303.0
"Fixed 56234, pilot",34,5,19,"D 1,2 -> 5,6",19,True,0.0,56259.0,1,False,0.0657125239900671,0.1,337562.0
"Fixed 56234, pilot",34,6,22,"D 2,3 -> 4,5",22,True,0.0,56260.0,1,False,0.04364852130558422,0.1,393822.0
"Fixed 56234, pilot",34,7,11,"D 0,1 -> 6,7",11,True,0.0,56260.0,1,False,0.10072796416579655,0.1,450082.0
"Fixed 56234, pilot",34,8,11,"D 0,1 -> 6,7",21,False,0.9999999126698192,56258.0,1,False,0.009441305047874061,0.1,506340.0
"Fixed 56234, pilot",34,9,3,S 1 -> 7,12,False,1.0,56262.0,1,False,0.009441304776015793,0.1,562602.0
"Fixed 56234, pilot",34,10,16,"D 0,3 -> 6,7",12,False,1.0,56260.0,1,False,0.009441304643705926,0.1,618862.0
"Fixed 56234, pilot",34,11,7,S 3 -> 7,12,False,1.0,56264.0,1,False,0.009441304643705926,0.1,675126.0
"Fixed 56234, pilot",34,12,21,"D 1,3 -> 5,7",12,True,2.901661133591915e-10,56258.0,1,False,0.009441304643705926,0.1,731384.0
"Fixed 56234, pilot",34,13,12,"D 0,2 -> 4,6",12,True,0.0,56258.0,1,False,0.018167337698091972,0.1,787642.0
"Fixed 56234, pilot",35,0,25,"D 2,3 -> 6,7",25,True,0.0,56257.0,1,False,0.31503606513167726,0.1,56257.0
"Fixed 56234, pilot",35,1,18,"D 1,2 -> 4,7",15,True,0.0,56262.0,1,False,0.29681502172579394,0.1,112519.0
"Fixed 56234, pilot",35,2,8,"D 0,1 -> 4,5",8,True,0.0,56262.0,1,False,0.3764697826210095,0.1,168781.0
"Fixed 56234, pilot",35,3,15,"D 0,3 -> 5,6",15,True,0.0,56265.0,1,False,0.30026357217502075,0.1,225046.0
"Fixed 56234, pilot",35,4,14,"D 0,3 -> 4,7",19,True,5.80789971671436e-10,56261.0,1,False,0.03758523474777508,0.1,281307.0
"Fixed 56234, pilot",35,5,19,"D 1,2 -> 5,6",19,True,0.0,56260.0,1,False,0.0657125239206618,0.1,337567.0
"Fixed 56234, pilot",35,6,22,"D 2,3 -> 4,5",22,True,0.0,56256.0,1,False,0.043648521241327065,0.1,393823.0
"Fixed 56234, pilot",35,7,11,"D 0,1 -> 6,7",11,True,0.0,56261.0,1,False,0.10072796416579699,0.1,450084.0
"Fixed 56234, pilot",35,8,19,"D 1,2 -> 5,6",21,False,0.9999999644488927,56259.0,1,False,0.009441304483876924,0.1,506343.0
"Fixed 56234, pilot",35,9,0,S 0 -> 4,12,False,1.0,56257.0,1,False,0.009441304531544896,0.1,562600.0
"Fixed 56234, pilot",35,10,11,"D 0,1 -> 6,7",12,False,0.999999990786675,56261.0,1,False,0.009441304531544896,0.1,618861.0
"Fixed 56234, pilot",35,11,9,"D 0,1 -> 4,7",12,False,1.0,56262.0,1,False,0.009441304531544896,0.1,675123.0
"Fixed 56234, pilot",35,12,6,S 3 -> 5,12,False,1.0,56262.0,1,False,0.009441304531544896,0.1,731385.0
"Fixed 56234, pilot",35,13,21,"D 1,3 -> 5,7",12,False,1.5669405772911205e-09,56262.0,1,False,0.009441304531544896,0.1,787647.0
"Fixed 56234, pilot",35,14,12,"D 0,2 -> 4,6",12,True,0.0,56261.0,1,False,0.018167337660828193,0.1,843908.0
"Fixed 56234, pilot",36,0,25,"D 2,3 -> 6,7",25,True,0.0,56259.0,1,False,0.31503606513167726,0.1,56259.0
"Fixed 56234, pilot",36,1,18,"D 1,2 -> 4,7",15,True,0.0,56259.0,1,False,0.29681502172579394,0.1,112518.0
"Fixed 56234, pilot",36,2,8,"D 0,1 -> 4,5",8,True,0.0,56259.0,1,False,0.3764697826210095,0.1,168777.0
"Fixed 56234, pilot",36,3,15,"D 0,3 -> 5,6",15,True,0.0,56262.0,1,False,0.30026357217502075,0.1,225039.0
"Fixed 56234, pilot",36,4,14,"D 0,3 -> 4,7",19,True,5.80789971671436e-10,56259.0,1,False,0.03758523474777508,0.1,281298.0
"Fixed 56234, pilot",36,5,19,"D 1,2 -> 5,6",19,True,0.0,56261.0,1,False,0.0657125239206618,0.1,337559.0
"Fixed 56234, pilot",36,6,11,"D 0,1 -> 6,7",22,False,0.044806582285133345,56262.0,1,False,0.043648521241327065,0.1,393821.0
"Fixed 56234, pilot",36,7,22,"D 2,3 -> 4,5",22,True,0.0,56258.0,1,False,0.06967473482297251,0.1,450079.0
"Fixed 56234, pilot",36,8,0,S 0 -> 4,12,False,1.0,56260.0,1,False,0.009441304632724787,0.1,506339.0
"Fixed 56234, pilot",36,9,21,"D 1,3 -> 5,7",12,True,7.587165340439128e-10,56260.0,1,False,0.009441304632724787,0.1,562599.0
"Fixed 56234, pilot",36,10,12,"D 0,2 -> 4,6",12,True,0.0,56260.0,1,False,0.01816733748162963,0.1,618859.0
"Fixed 56234, pilot",37,0,25,"D 2,3 -> 6,7",25,True,0.0,56258.0,1,False,0.31503606513167726,0.1,56258.0
"Fixed 56234, pilot",37,1,15,"D 0,3 -> 5,6",15,True,0.0,56262.0,1,False,0.29681502172579394,0.1,112520.0
"Fixed 56234, pilot",37,2,8,"D 0,1 -> 4,5",8,True,0.0,56262.0,1,False,0.3764697826210095,0.1,168782.0
"Fixed 56234, pilot",37,3,18,"D 1,2 -> 4,7",18,True,0.0,56258.0,1,False,0.3002635722338174,0.1,225040.0
"Fixed 56234, pilot",37,4,14,"D 0,3 -> 4,7",14,True,0.0,56260.0,1,False,0.03758523457422756,0.1,281300.0
"Fixed 56234, pilot",37,5,19,"D 1,2 -> 5,6",19,True,0.0,56260.0,1,False,0.0657125239900671,0.1,337560.0
"Fixed 56234, pilot",37,6,11,"D 0,1 -> 6,7",22,False,0.044806582302531095,56264.0,1,False,0.04364852130558422,0.1,393824.0
"Fixed 56234, pilot",37,7,22,"D 2,3 -> 4,5",22,True,0.0,56262.0,1,False,0.06967473471683744,0.1,450086.0
"Fixed 56234, pilot",37,8,6,S 3 -> 5,12,False,1.0,56263.0,1,False,0.009441304763103292,0.1,506349.0
"Fixed 56234, pilot",37,9,3,S 1 -> 7,12,False,1.0,56261.0,1,False,0.009441304763103292,0.1,562610.0
"Fixed 56234, pilot",37,10,9,"D 0,1 -> 4,7",12,False,1.0,56261.0,1,False,0.009441304763103292,0.1,618871.0
"Fixed 56234, pilot",37,11,12,"D 0,2 -> 4,6",12,True,0.0,56258.0,1,False,0.009441304763103292,0.1,675129.0
"Fixed 56234, pilot",37,12,21,"D 1,3 -> 5,7",21,True,0.0,56262.0,1,False,0.018167337650104195,0.1,731391.0
"Fixed 56234, pilot",38,0,25,"D 2,3 -> 6,7",25,True,0.0,56264.0,1,False,0.31503606513167726,0.1,56264.0
"Fixed 56234, pilot",38,1,18,"D 1,2 -> 4,7",15,True,0.0,56260.0,1,False,0.29681502172579394,0.1,112524.0
"Fixed 56234, pilot",38,2,8,"D 0,1 -> 4,5",8,True,0.0,56259.0,1,False,0.3764697826210095,0.1,168783.0
"Fixed 56234, pilot",38,3,15,"D 0,3 -> 5,6",15,True,0.0,56259.0,1,False,0.30026357217502075,0.1,225042.0
"Fixed 56234, pilot",38,4,19,"D 1,2 -> 5,6",19,True,0.0,56260.0,1,False,0.03758523474777508,0.1,281302.0
"Fixed 56234, pilot",38,5,14,"D 0,3 -> 4,7",14,True,0.0,56261.0,1,False,0.06571252399006697,0.1,337563.0
"Fixed 56234, pilot",38,6,22,"D 2,3 -> 4,5",22,True,0.0,56255.0,1,False,0.043648521305584075,0.1,393818.0
"Fixed 56234, pilot",38,7,11,"D 0,1 -> 6,7",11,True,0.0,56263.0,1,False,0.10072796416579774,0.1,450081.0
"Fixed 56234, pilot",38,8,7,S 3 -> 7,21,False,1.0,56261.0,1,False,0.009441304483876945,0.1,506342.0
"Fixed 56234, pilot",38,9,12,"D 0,2 -> 4,6",12,True,0.0,56259.0,1,False,0.00944130454604846,0.1,562601.0
"Fixed 56234, pilot",38,10,21,"D 1,3 -> 5,7",21,True,0.0,56263.0,1,False,0.018167337649212068,0.1,618864.0
"Fixed 56234, pilot",39,0,25,"D 2,3 -> 6,7",25,True,0.0,56260.0,1,False,0.31503606513167726,0.1,56260.0
"Fixed 56234, pilot",39,1,18,"D 1,2 -> 4,7",15,True,0.0,56262.0,1,False,0.29681502172579394,0.1,112522.0
"Fixed 56234, pilot",39,2,8,"D 0,1 -> 4,5",8,True,0.0,56262.0,1,False,0.3764697826210095,0.1,168784.0
"Fixed 56234, pilot",39,3,15,"D 0,3 -> 5,6",15,True,0.0,56259.0,1,False,0.30026357217502075,0.1,225043.0
"Fixed 56234, pilot",39,4,19,"D 1,2 -> 5,6",19,True,0.0,56263.0,1,False,0.03758523474777508,0.1,281306.0
"Fixed 56234, pilot",39,5,14,"D 0,3 -> 4,7",14,True,0.0,56264.0,1,False,0.06571252399006697,0.1,337570.0
"Fixed 56234, pilot",39,6,11,"D 0,1 -> 6,7",22,False,0.04480658230253376,56262.0,1,False,0.043648521305584075,0.1,393832.0
"Fixed 56234, pilot",39,7,22,"D 2,3 -> 4,5",22,True,0.0,56262.0,1,False,0.06967473471393487,0.1,450094.0
"Fixed 56234, pilot",39,8,16,"D 0,3 -> 6,7",21,False,1.0,56260.0,1,False,0.009441304763103297,0.1,506354.0
"Fixed 56234, pilot",39,9,5,S 2 -> 6,21,False,1.0,56258.0,1,False,0.009441304763103297,0.1,562612.0
"Fixed 56234, pilot",39,10,0,S 0 -> 4,21,False,1.0,56261.0,1,False,0.009441304763103297,0.1,618873.0
"Fixed 56234, pilot",39,11,21,"D 1,3 -> 5,7",21,True,0.0,56262.0,1,False,0.009441304763103297,0.1,675135.0
"Fixed 56234, pilot",39,12,12,"D 0,2 -> 4,6",12,True,0.0,56261.0,1,False,0.01816733765010426,0.1,731396.0
"Fixed 56234, pilot",40,0,25,"D 2,3 -> 6,7",25,True,0.0,56258.0,1,False,0.31503606513167726,0.1,56258.0
"Fixed 56234, pilot",40,1,18,"D 1,2 -> 4,7",15,True,0.0,56264.0,1,False,0.29681502172579394,0.1,112522.0
"Fixed 56234, pilot",40,2,8,"D 0,1 -> 4,5",8,True,0.0,56260.0,1,False,0.3764697826210095,0.1,168782.0
"Fixed 56234, pilot",40,3,15,"D 0,3 -> 5,6",15,True,0.0,56262.0,1,False,0.30026357217502075,0.1,225044.0
"Fixed 56234, pilot",40,4,19,"D 1,2 -> 5,6",19,True,0.0,56263.0,1,False,0.03758523474777508,0.1,281307.0
"Fixed 56234, pilot",40,5,14,"D 0,3 -> 4,7",14,True,0.0,56258.0,1,False,0.06571252399006697,0.1,337565.0
"Fixed 56234, pilot",40,6,11,"D 0,1 -> 6,7",22,False,0.04480658230253376,56259.0,1,False,0.043648521305584075,0.1,393824.0
"Fixed 56234, pilot",40,7,22,"D 2,3 -> 4,5",22,True,0.0,56257.0,1,False,0.06967473471393487,0.1,450081.0
"Fixed 56234, pilot",40,8,12,"D 0,2 -> 4,6",21,False,2.6598955260581647e-09,56263.0,1,False,0.009441304763103297,0.1,506344.0
"Fixed 56234, pilot",40,9,21,"D 1,3 -> 5,7",21,True,0.0,56261.0,1,False,0.018167337649211406,0.1,562605.0
"Fixed 56234, pilot",41,0,25,"D 2,3 -> 6,7",25,True,0.0,56261.0,1,False,0.31503606513167726,0.1,56261.0
"Fixed 56234, pilot",41,1,18,"D 1,2 -> 4,7",15,True,0.0,56261.0,1,False,0.29681502172579394,0.1,112522.0
"Fixed 56234, pilot",41,2,8,"D 0,1 -> 4,5",8,True,0.0,56259.0,1,False,0.3764697826210095,0.1,168781.0
"Fixed 56234, pilot",41,3,15,"D 0,3 -> 5,6",15,True,0.0,56263.0,1,False,0.30026357217502075,0.1,225044.0
"Fixed 56234, pilot",41,4,11,"D 0,1 -> 6,7",19,False,0.356478614776494,56258.0,1,False,0.03758523474777508,0.1,281302.0
"Fixed 56234, pilot",41,5,19,"D 1,2 -> 5,6",14,True,1.0362821711851211e-11,56259.0,1,False,0.03912173614796322,0.1,337561.0
"Fixed 56234, pilot",41,6,14,"D 0,3 -> 4,7",14,True,0.0,56258.0,1,False,0.06888584260440375,0.1,393819.0
"Fixed 56234, pilot",41,7,22,"D 2,3 -> 4,5",22,True,0.0,56262.0,1,False,0.07215392971716468,0.1,450081.0
"Fixed 56234, pilot",41,8,3,S 1 -> 7,12,False,1.0,56260.0,1,False,0.009441304676353342,0.1,506341.0
"Fixed 56234, pilot",41,9,5,S 2 -> 6,12,False,1.0,56260.0,1,False,0.009441304676353342,0.1,562601.0
"Fixed 56234, pilot",41,10,21,"D 1,3 -> 5,7",12,True,3.673509274548792e-10,56258.0,1,False,0.009441304676353342,0.1,618859.0
"Fixed 56234, pilot",41,11,0,S 0 -> 4,12,False,1.0,56260.0,1,False,0.018167337617850263,0.1,675119.0
"Fixed 56234, pilot",41,12,2,S 1 -> 5,12,False,1.0,56262.0,1,False,0.018167337615509507,0.1,731381.0
"Fixed 56234, pilot",41,13,11,"D 0,1 -> 6,7",12,False,0.9826751186538347,56261.0,1,False,0.018167337615509507,0.1,787642.0
"Fixed 56234, pilot",42,0,14,"D 0,3 -> 4,7",25,False,0.052846754050403844,56256.0,1,False,0.31503606513167726,0.1,56256.0
"Fixed 56234, pilot",42,1,19,"D 1,2 -> 5,6",22,False,0.0008388564376003993,56262.0,1,False,0.2986379460442076,0.1,112518.0
"Fixed 56234, pilot",42,2,22,"D 2,3 -> 4,5",22,True,0.0,56261.0,1,False,0.30702477030875686,0.1,168779.0
"Fixed 56234, pilot",42,3,11,"D 0,1 -> 6,7",11,True,0.0,56262.0,1,False,0.4010030866164432,0.1,225041.0
"Fixed 56234, pilot",42,4,8,"D 0,1 -> 4,5",8,True,0.0,56260.0,1,False,0.022746161139309492,0.1,281301.0
"Fixed 56234, pilot",42,5,25,"D 2,3 -> 6,7",25,True,0.0,56261.0,1,False,0.03848376632450176,0.1,337562.0
"Fixed 56234, pilot",42,6,18,"D 1,2 -> 4,7",15,True,0.0,56261.0,1,False,0.03323670767411312,0.1,393823.0
"Fixed 56234, pilot",42,7,15,"D 0,3 -> 5,6",15,True,0.0,56255.0,1,False,0.06135744870697,0.1,450078.0
"Fixed 56234, pilot",42,8,14,"D 0,3 -> 4,7",12,False,0.9999999265601526,56262.0,1,False,0.009441304668862302,0.1,506340.0
"Fixed 56234, pilot",42,9,12,"D 0,2 -> 4,6",12,True,0.0,56259.0,1,False,0.009441304668862302,0.1,562599.0
"Fixed 56234, pilot",42,10,21,"D 1,3 -> 5,7",21,True,0.0,56261.0,1,False,0.01816733758808003,0.1,618860.0
"Fixed 56234, pilot",43,0,25,"D 2,3 -> 6,7",25,True,0.0,56259.0,1,False,0.31503606513167726,0.1,56259.0
"Fixed 56234, pilot",43,1,15,"D 0,3 -> 5,6",15,True,0.0,56263.0,1,False,0.29681502172579394,0.1,112522.0
"Fixed 56234, pilot",43,2,8,"D 0,1 -> 4,5",8,True,0.0,56260.0,1,False,0.3764697826210095,0.1,168782.0
"Fixed 56234, pilot",43,3,18,"D 1,2 -> 4,7",18,True,0.0,56258.0,1,False,0.3002635722338174,0.1,225040.0
"Fixed 56234, pilot",43,4,14,"D 0,3 -> 4,7",14,True,0.0,56257.0,1,False,0.03758523457422756,0.1,281297.0
"Fixed 56234, pilot",43,5,19,"D 1,2 -> 5,6",19,True,0.0,56261.0,1,False,0.0657125239900671,0.1,337558.0
"Fixed 56234, pilot",43,6,22,"D 2,3 -> 4,5",22,True,0.0,56261.0,1,False,0.04364852130558422,0.1,393819.0
"Fixed 56234, pilot",43,7,11,"D 0,1 -> 6,7",11,True,0.0,56262.0,1,False,0.10072796416579655,0.1,450081.0
"Fixed 56234, pilot",43,8,5,S 2 -> 6,21,False,1.0,56261.0,1,False,0.009441305047874061,0.1,506342.0
"Fixed 56234, pilot",43,9,0,S 0 -> 4,21,False,1.0,56260.0,1,False,0.00944130458544351,0.1,562602.0
"Fixed 56234, pilot",43,10,8,"D 0,1 -> 4,5",21,False,0.9999999740746859,56257.0,1,False,0.00944130458544351,0.1,618859.0
"Fixed 56234, pilot",43,11,0,S 0 -> 4,21,False,1.0,56261.0,1,False,0.00944130458544351,0.1,675120.0
"Fixed 56234, pilot",43,12,21,"D 1,3 -> 5,7",21,True,0.0,56261.0,1,False,0.00944130458544351,0.1,731381.0
"Fixed 56234, pilot",43,13,12,"D 0,2 -> 4,6",12,True,0.0,56262.0,1,False,0.018167337617236386,0.1,787643.0
"Fixed 56234, pilot",44,0,25,"D 2,3 -> 6,7",25,True,0.0,56257.0,1,False,0.31503606513167726,0.1,56257.0
"Fixed 56234, pilot",44,1,15,"D 0,3 -> 5,6",15,True,0.0,56262.0,1,False,0.29681502172579394,0.1,112519.0
"Fixed 56234, pilot",44,2,8,"D 0,1 -> 4,5",8,True,0.0,56262.0,1,False,0.3764697826210095,0.1,168781.0
"Fixed 56234, pilot",44,3,18,"D 1,2 -> 4,7",18,True,0.0,56262.0,1,False,0.3002635722338174,0.1,225043.0
"Fixed 56234, pilot",44,4,14,"D 0,3 -> 4,7",14,True,0.0,56261.0,1,False,0.03758523457422756,0.1,281304.0
"Fixed 56234, pilot",44,5,19,"D 1,2 -> 5,6",19,True,0.0,56258.0,1,False,0.0657125239900671,0.1,337562.0
"Fixed 56234, pilot",44,6,22,"D 2,3 -> 4,5",22,True,0.0,56261.0,1,False,0.04364852130558422,0.1,393823.0
"Fixed 56234, pilot",44,7,11,"D 0,1 -> 6,7",11,True,0.0,56262.0,1,False,0.10072796416579655,0.1,450085.0
"Fixed 56234, pilot",44,8,12,"D 0,2 -> 4,6",21,False,1.6493607257750398e-08,56261.0,1,False,0.009441305047874061,0.1,506346.0
"Fixed 56234, pilot",44,9,3,S 1 -> 7,21,False,1.0,56261.0,1,False,0.018167337650105482,0.1,562607.0
"Fixed 56234, pilot",44,10,21,"D 1,3 -> 5,7",21,True,0.0,56261.0,1,False,0.018167337650105482,0.1,618868.0
"Fixed 56234, pilot",45,0,14,"D 0,3 -> 4,7",25,False,0.052846754050403844,56257.0,1,False,0.31503606513167726,0.1,56257.0
"Fixed 56234, pilot",45,1,22,"D 2,3 -> 4,5",22,True,0.0,56261.0,1,False,0.2986379460442076,0.1,112518.0
"Fixed 56234, pilot",45,2,19,"D 1,2 -> 5,6",19,True,0.0,56258.0,1,False,0.35321992230088123,0.1,168776.0
"Fixed 56234, pilot",45,3,11,"D 0,1 -> 6,7",11,True,0.0,56262.0,1,False,0.22254279298159932,0.1,225038.0
"Fixed 56234, pilot",45,4,25,"D 2,3 -> 6,7",8,False,0.05487982572877592,56262.0,1,False,0.022746161137019386,0.1,281300.0
"Fixed 56234, pilot",45,5,8,"D 0,1 -> 4,5",8,True,0.0,56260.0,1,False,0.039703579032841094,0.1,337560.0
"Fixed 56234, pilot",45,6,15,"D 0,3 -> 5,6",15,True,0.0,56261.0,1,False,0.03323670743302457,0.1,393821.0
"Fixed 56234, pilot",45,7,18,"D 1,2 -> 4,7",18,True,0.0,56257.0,1,False,0.06135745224653421,0.1,450078.0
"Fixed 56234, pilot",45,8,7,S 3 -> 7,21,False,1.0,56260.0,1,False,0.009441304583807243,0.1,506338.0
"Fixed 56234, pilot",45,9,19,"D 1,2 -> 5,6",21,False,0.999999986386189,56261.0,1,False,0.009441304583807243,0.1,562599.0
"Fixed 56234, pilot",45,10,13,"D 0,3 -> 4,5",21,False,1.0,56262.0,1,False,0.009441304583807243,0.1,618861.0
"Fixed 56234, pilot",45,11,5,S 2 -> 6,21,False,1.0,56259.0,1,False,0.009441304583807243,0.1,675120.0
"Fixed 56234, pilot",45,12,2,S 1 -> 5,21,False,1.0,56262.0,1,False,0.009441304583807243,0.1,731382.0
"Fixed 56234, pilot",45,13,16,"D 0,3 -> 6,7",21,False,1.0,56262.0,1,False,0.009441304583807243,0.1,787644.0
"Fixed 56234, pilot",45,14,12,"D 0,2 -> 4,6",21,False,1.7082445458171946e-09,56257.0,1,False,0.009441304583807243,0.1,843901.0
"Fixed 56234, pilot",45,15,21,"D 1,3 -> 5,7",21,True,0.0,56259.0,1,False,0.01816733762800136,0.1,900160.0
"Fixed 56234, pilot",46,0,25,"D 2,3 -> 6,7",25,True,0.0,56260.0,1,False,0.31503606513167726,0.1,56260.0
"Fixed 56234, pilot",46,1,15,"D 0,3 -> 5,6",15,True,0.0,56263.0,1,False,0.29681502172579394,0.1,112523.0
"Fixed 56234, pilot",46,2,8,"D 0,1 -> 4,5",8,True,0.0,56262.0,1,False,0.3764697826210095,0.1,168785.0
"Fixed 56234, pilot",46,3,18,"D 1,2 -> 4,7",18,True,0.0,56257.0,1,False,0.3002635722338174,0.1,225042.0
"Fixed 56234, pilot",46,4,14,"D 0,3 -> 4,7",14,True,0.0,56259.0,1,False,0.03758523457422756,0.1,281301.0
"Fixed 56234, pilot",46,5,19,"D 1,2 -> 5,6",19,True,0.0,56260.0,1,False,0.0657125239900671,0.1,337561.0
"Fixed 56234, pilot",46,6,11,"D 0,1 -> 6,7",22,False,0.044806582302531095,56259.0,1,False,0.04364852130558422,0.1,393820.0
"Fixed 56234, pilot",46,7,22,"D 2,3 -> 4,5",22,True,0.0,56264.0,1,False,0.06967473471683744,0.1,450084.0
"Fixed 56234, pilot",46,8,1,S 0 -> 6,12,False,1.0,56256.0,1,False,0.009441304763103292,0.1,506340.0
"Fixed 56234, pilot",46,9,0,S 0 -> 4,12,False,1.0,56263.0,1,False,0.009441304763103292,0.1,562603.0
"Fixed 56234, pilot",46,10,23,"D 2,3 -> 4,7",12,False,1.0,56262.0,1,False,0.009441304763103292,0.1,618865.0
"Fixed 56234, pilot",46,11,20,"D 1,2 -> 6,7",12,False,1.0,56262.0,1,False,0.009441304763103292,0.1,675127.0
"Fixed 56234, pilot",46,12,7,S 3 -> 7,12,False,1.0,56260.0,1,False,0.009441304763103292,0.1,731387.0
"Fixed 56234, pilot",46,13,12,"D 0,2 -> 4,6",12,True,0.0,56262.0,1,False,0.009441304763103292,0.1,787649.0
"Fixed 56234, pilot",46,14,21,"D 1,3 -> 5,7",21,True,0.0,56262.0,1,False,0.018167337650104195,0.1,843911.0
"Fixed 56234, pilot",47,0,25,"D 2,3 -> 6,7",25,True,0.0,56260.0,1,False,0.31503606513167726,0.1,56260.0
"Fixed 56234, pilot",47,1,18,"D 1,2 -> 4,7",15,True,0.0,56261.0,1,False,0.29681502172579394,0.1,112521.0
"Fixed 56234, pilot",47,2,8,"D 0,1 -> 4,5",8,True,0.0,56260.0,1,False,0.3764697826210095,0.1,168781.0
"Fixed 56234, pilot",47,3,15,"D 0,3 -> 5,6",15,True,0.0,56258.0,1,False,0.30026357217502075,0.1,225039.0
"Fixed 56234, pilot",47,4,19,"D 1,2 -> 5,6",19,True,0.0,56262.0,1,False,0.03758523474777508,0.1,281301.0
"Fixed 56234, pilot",47,5,14,"D 0,3 -> 4,7",14,True,0.0,56260.0,1,False,0.06571252399006697,0.1,337561.0
"Fixed 56234, pilot",47,6,11,"D 0,1 -> 6,7",22,False,0.04480658230253376,56259.0,1,False,0.043648521305584075,0.1,393820.0
"Fixed 56234, pilot",47,7,22,"D 2,3 -> 4,5",22,True,0.0,56256.0,1,False,0.06967473471393487,0.1,450076.0
"Fixed 56234, pilot",47,8,1,S 0 -> 6,21,False,1.0,56259.0,1,False,0.009441304763103297,0.1,506335.0
"Fixed 56234, pilot",47,9,15,"D 0,3 -> 5,6",21,False,0.9999999732234556,56260.0,1,False,0.009441304763103297,0.1,562595.0
"Fixed 56234, pilot",47,10,4,S 2 -> 4,21,False,1.0,56260.0,1,False,0.009441304763103297,0.1,618855.0
"Fixed 56234, pilot",47,11,7,S 3 -> 7,21,False,1.0,56261.0,1,False,0.009441304763103297,0.1,675116.0
"Fixed 56234, pilot",47,12,25,"D 2,3 -> 6,7",21,False,0.9999998934268425,56262.0,1,False,0.009441304763103297,0.1,731378.0
"Fixed 56234, pilot",47,13,1,S 0 -> 6,21,False,1.0,56262.0,1,False,0.009441304763103297,0.1,787640.0
"Fixed 56234, pilot",47,14,6,S 3 -> 5,21,False,1.0,56261.0,1,False,0.009441304763103297,0.1,843901.0
"Fixed 56234, pilot",47,15,3,S 1 -> 7,21,False,1.0,56259.0,1,False,0.009441304763103297,0.1,900160.0
"Fixed 56234, pilot",47,16,11,"D 0,1 -> 6,7",21,False,0.9999999285078227,56263.0,1,False,0.009441304763103297,0.1,956423.0
"Fixed 56234, pilot",47,17,3,S 1 -> 7,21,False,1.0,56262.0,1,False,0.009441304763103297,0.1,1012685.0
"Fixed 56234, pilot",47,18,5,S 2 -> 6,21,False,1.0,56258.0,1,False,0.009441304763103297,0.1,1068943.0
"Fixed 56234, pilot",47,19,5,S 2 -> 6,21,False,1.0,56256.0,1,False,0.009441304763103297,0.1,1125199.0
"Fixed 56234, pilot",48,0,25,"D 2,3 -> 6,7",25,True,0.0,56254.0,1,False,0.31503606513167726,0.1,56254.0
"Fixed 56234, pilot",48,1,18,"D 1,2 -> 4,7",15,True,0.0,56265.0,1,False,0.29681502172579394,0.1,112519.0
"Fixed 56234, pilot",48,2,8,"D 0,1 -> 4,5",8,True,0.0,56258.0,1,False,0.3764697826210095,0.1,168777.0
"Fixed 56234, pilot",48,3,15,"D 0,3 -> 5,6",15,True,0.0,56260.0,1,False,0.30026357217502075,0.1,225037.0
"Fixed 56234, pilot",48,4,19,"D 1,2 -> 5,6",19,True,0.0,56263.0,1,False,0.03758523474777508,0.1,281300.0
"Fixed 56234, pilot",48,5,14,"D 0,3 -> 4,7",14,True,0.0,56263.0,1,False,0.06571252399006697,0.1,337563.0
"Fixed 56234, pilot",48,6,22,"D 2,3 -> 4,5",22,True,0.0,56263.0,1,False,0.043648521305584075,0.1,393826.0
"Fixed 56234, pilot",48,7,11,"D 0,1 -> 6,7",11,True,0.0,56260.0,1,False,0.10072796416579774,0.1,450086.0
"Fixed 56234, pilot",48,8,21,"D 1,3 -> 5,7",21,True,0.0,56258.0,1,False,0.009441304483876945,0.1,506344.0
"Fixed 56234, pilot",48,9,12,"D 0,2 -> 4,6",12,True,0.0,56263.0,1,False,0.018167337522397423,0.1,562607.0
"Fixed 56234, pilot",49,0,25,"D 2,3 -> 6,7",25,True,0.0,56258.0,1,False,0.31503606513167726,0.1,56258.0
"Fixed 56234, pilot",49,1,18,"D 1,2 -> 4,7",15,True,0.0,56261.0,1,False,0.29681502172579394,0.1,112519.0
"Fixed 56234, pilot",49,2,8,"D 0,1 -> 4,5",8,True,0.0,56261.0,1,False,0.3764697826210095,0.1,168780.0
"Fixed 56234, pilot",49,3,15,"D 0,3 -> 5,6",15,True,0.0,56262.0,1,False,0.30026357217502075,0.1,225042.0
"Fixed 56234, pilot",49,4,19,"D 1,2 -> 5,6",19,True,0.0,56259.0,1,False,0.03758523474777508,0.1,281301.0
"Fixed 56234, pilot",49,5,14,"D 0,3 -> 4,7",14,True,0.0,56260.0,1,False,0.06571252399006697,0.1,337561.0
"Fixed 56234, pilot",49,6,22,"D 2,3 -> 4,5",22,True,0.0,56259.0,1,False,0.043648521305584075,0.1,393820.0
"Fixed 56234, pilot",49,7,11,"D 0,1 -> 6,7",11,True,0.0,56264.0,1,False,0.10072796416579774,0.1,450084.0
"Fixed 56234, pilot",49,8,10,"D 0,1 -> 5,6",21,False,1.0,56261.0,1,False,0.009441304483876945,0.1,506345.0
"Fixed 56234, pilot",49,9,15,"D 0,3 -> 5,6",12,False,0.9999999673685087,56261.0,1,False,0.00944130454604846,0.1,562606.0
"Fixed 56234, pilot",49,10,14,"D 0,3 -> 4,7",12,False,0.999999969825121,56260.0,1,False,0.00944130454604846,0.1,618866.0
"Fixed 56234, pilot",49,11,12,"D 0,2 -> 4,6",12,True,0.0,56263.0,1,False,0.00944130454604846,0.1,675129.0
"Fixed 56234, pilot",49,12,20,"D 1,2 -> 6,7",21,False,1.0,56261.0,1,False,0.01816733907194275,0.1,731390.0
"Fixed 56234, pilot",49,13,11,"D 0,1 -> 6,7",21,False,0.9826755456358746,56260.0,1,False,0.018167339808495997,0.1,787650.0
"Fixed 56234, pilot",50,0,25,"D 2,3 -> 6,7",25,True,0.0,56260.0,1,False,0.31503606513167726,0.1,56260.0
"Fixed 56234, pilot",50,1,18,"D 1,2 -> 4,7",15,True,0.0,56259.0,1,False,0.29681502172579394,0.1,112519.0
"Fixed 56234, pilot",50,2,8,"D 0,1 -> 4,5",8,True,0.0,56257.0,1,False,0.3764697826210095,0.1,168776.0
"Fixed 56234, pilot",50,3,15,"D 0,3 -> 5,6",15,True,0.0,56258.0,1,False,0.30026357217502075,0.1,225034.0
"Fixed 56234, pilot",50,4,14,"D 0,3 -> 4,7",19,True,5.80789971671436e-10,56260.0,1,False,0.03758523474777508,0.1,281294.0
"Fixed 56234, pilot",50,5,19,"D 1,2 -> 5,6",19,True,0.0,56262.0,1,False,0.0657125239206618,0.1,337556.0
"Fixed 56234, pilot",50,6,11,"D 0,1 -> 6,7",22,False,0.044806582285133345,56261.0,1,False,0.043648521241327065,0.1,393817.0
"Fixed 56234, pilot",50,7,22,"D 2,3 -> 4,5",22,True,0.0,56263.0,1,False,0.06967473482297251,0.1,450080.0
"Fixed 56234, pilot",50,8,12,"D 0,2 -> 4,6",12,True,0.0,56260.0,1,False,0.009441304632724787,0.1,506340.0
"Fixed 56234, pilot",50,9,21,"D 1,3 -> 5,7",21,True,0.0,56260.0,1,False,0.01816733764921178,0.1,562600.0
"Fixed 56234, pilot",51,0,25,"D 2,3 -> 6,7",25,True,0.0,56258.0,1,False,0.31503606513167726,0.1,56258.0
"Fixed 56234, pilot",51,1,15,"D 0,3 -> 5,6",15,True,0.0,56261.0,1,False,0.29681502172579394,0.1,112519.0
"Fixed 56234, pilot",51,2,8,"D 0,1 -> 4,5",8,True,0.0,56263.0,1,False,0.3764697826210095,0.1,168782.0
"Fixed 56234, pilot",51,3,18,"D 1,2 -> 4,7",18,True,0.0,56259.0,1,False,0.3002635722338174,0.1,225041.0
"Fixed 56234, pilot",51,4,14,"D 0,3 -> 4,7",14,True,0.0,56264.0,1,False,0.03758523457422756,0.1,281305.0
"Fixed 56234, pilot",51,5,19,"D 1,2 -> 5,6",19,True,0.0,56260.0,1,False,0.0657125239900671,0.1,337565.0
"Fixed 56234, pilot",51,6,11,"D 0,1 -> 6,7",22,False,0.044806582302531095,56260.0,1,False,0.04364852130558422,0.1,393825.0
"Fixed 56234, pilot",51,7,22,"D 2,3 -> 4,5",22,True,0.0,56259.0,1,False,0.06967473471683744,0.1,450084.0
"Fixed 56234, pilot",51,8,12,"D 0,2 -> 4,6",12,True,0.0,56260.0,1,False,0.009441304763103292,0.1,506344.0
"Fixed 56234, pilot",51,9,11,"D 0,1 -> 6,7",21,False,0.9826751313337443,56263.0,1,False,0.018167337650104195,0.1,562607.0
"Fixed 56234, pilot",52,0,25,"D 2,3 -> 6,7",25,True,0.0,56261.0,1,False,0.31503606513167726,0.1,56261.0
"Fixed 56234, pilot",52,1,18,"D 1,2 -> 4,7",15,True,0.0,56259.0,1,False,0.29681502172579394,0.1,112520.0
"Fixed 56234, pilot",52,2,8,"D 0,1 -> 4,5",8,True,0.0,56258.0,1,False,0.3764697826210095,0.1,168778.0
"Fixed 56234, pilot",52,3,15,"D 0,3 -> 5,6",15,True,0.0,56262.0,1,False,0.30026357217502075,0.1,225040.0
"Fixed 56234, pilot",52,4,19,"D 1,2 -> 5,6",19,True,0.0,56259.0,1,False,0.03758523474777508,0.1,281299.0
"Fixed 56234, pilot",52,5,14,"D 0,3 -> 4,7",14,True,0.0,56264.0,1,False,0.06571252399006697,0.1,337563.0
"Fixed 56234, pilot",52,6,11,"D 0,1 -> 6,7",22,False,0.04480658230253376,56261.0,1,False,0.043648521305584075,0.1,393824.0
"Fixed 56234, pilot",52,7,22,"D 2,3 -> 4,5",22,True,0.0,56262.0,1,False,0.06967473471393487,0.1,450086.0
"Fixed 56234, pilot",52,8,19,"D 1,2 -> 5,6",21,False,0.9999999421513571,56264.0,1,False,0.009441304763103297,0.1,506350.0
"Fixed 56234, pilot",52,9,7,S 3 -> 7,21,False,1.0,56259.0,1,False,0.009441304763103297,0.1,562609.0
"Fixed 56234, pilot",52,10,2,S 1 -> 5,21,False,1.0,56261.0,1,False,0.009441304763103297,0.1,618870.0
"Fixed 56234, pilot",52,11,19,"D 1,2 -> 5,6",21,False,0.9999999421513571,56263.0,1,False,0.009441304763103297,0.1,675133.0
"Fixed 56234, pilot",52,12,7,S 3 -> 7,21,False,1.0,56258.0,1,False,0.009441304763103297,0.1,731391.0
"Fixed 56234, pilot",52,13,23,"D 2,3 -> 4,7",21,False,1.0,56262.0,1,False,0.009441304763103297,0.1,787653.0
"Fixed 56234, pilot",52,14,0,S 0 -> 4,21,False,1.0,56263.0,1,False,0.009441304763103297,0.1,843916.0
"Fixed 56234, pilot",52,15,15,"D 0,3 -> 5,6",21,False,0.9999999732234556,56260.0,1,False,0.009441304763103297,0.1,900176.0
"Fixed 56234, pilot",52,16,9,"D 0,1 -> 4,7",21,False,1.0,56260.0,1,False,0.009441304763103297,0.1,956436.0
"Fixed 56234, pilot",52,17,19,"D 1,2 -> 5,6",21,False,0.9999999421513571,56259.0,1,False,0.009441304763103297,0.1,1012695.0
"Fixed 56234, pilot",52,18,25,"D 2,3 -> 6,7",21,False,0.9999998934268425,56257.0,1,False,0.009441304763103297,0.1,1068952.0
"Fixed 56234, pilot",52,19,7,S 3 -> 7,21,False,1.0,56262.0,1,False,0.009441304763103297,0.1,1125214.0
"Fixed 56234, pilot",53,0,25,"D 2,3 -> 6,7",25,True,0.0,56259.0,1,False,0.31503606513167726,0.1,56259.0
"Fixed 56234, pilot",53,1,18,"D 1,2 -> 4,7",15,True,0.0,56260.0,1,False,0.29681502172579394,0.1,112519.0
"Fixed 56234, pilot",53,2,8,"D 0,1 -> 4,5",8,True,0.0,56259.0,1,False,0.3764697826210095,0.1,168778.0
"Fixed 56234, pilot",53,3,15,"D 0,3 -> 5,6",15,True,0.0,56263.0,1,False,0.30026357217502075,0.1,225041.0
"Fixed 56234, pilot",53,4,19,"D 1,2 -> 5,6",19,True,0.0,56259.0,1,False,0.03758523474777508,0.1,281300.0
"Fixed 56234, pilot",53,5,14,"D 0,3 -> 4,7",14,True,0.0,56260.0,1,False,0.06571252399006697,0.1,337560.0
"Fixed 56234, pilot",53,6,22,"D 2,3 -> 4,5",22,True,0.0,56261.0,1,False,0.043648521305584075,0.1,393821.0
"Fixed 56234, pilot",53,7,11,"D 0,1 -> 6,7",11,True,0.0,56262.0,1,False,0.10072796416579774,0.1,450083.0
"Fixed 56234, pilot",53,8,2,S 1 -> 5,21,False,1.0,56263.0,1,False,0.009441304483876945,0.1,506346.0
"Fixed 56234, pilot",53,9,21,"D 1,3 -> 5,7",12,True,6.400112662063862e-10,56263.0,1,False,0.00944130454604846,0.1,562609.0
"Fixed 56234, pilot",53,10,12,"D 0,2 -> 4,6",12,True,0.0,56263.0,1,False,0.018167337650105007,0.1,618872.0
"Fixed 56234, pilot",54,0,14,"D 0,3 -> 4,7",25,False,0.052846754050403844,56258.0,1,False,0.31503606513167726,0.1,56258.0
"Fixed 56234, pilot",54,1,19,"D 1,2 -> 5,6",22,False,0.0008388564376003993,56264.0,1,False,0.2986379460442076,0.1,112522.0
"Fixed 56234, pilot",54,2,11,"D 0,1 -> 6,7",22,False,0.015858687170637098,56259.0,1,False,0.30702477030875686,0.1,168781.0
"Fixed 56234, pilot",54,3,22,"D 2,3 -> 4,5",22,True,0.0,56262.0,1,False,0.3705851037435389,0.1,225043.0
"Fixed 56234, pilot",54,4,8,"D 0,1 -> 4,5",8,True,0.0,56258.0,1,False,0.022746161162242224,0.1,281301.0
"Fixed 56234, pilot",54,5,25,"D 2,3 -> 6,7",25,True,0.0,56264.0,1,False,0.038483766324501935,0.1,337565.0
"Fixed 56234, pilot",54,6,15,"D 0,3 -> 5,6",15,True,0.0,56263.0,1,False,0.03323670747469215,0.1,393828.0
"Fixed 56234, pilot",54,7,18,"D 1,2 -> 4,7",18,True,0.0,56257.0,1,False,0.06135745113462998,0.1,450085.0
"Fixed 56234, pilot",54,8,12,"D 0,2 -> 4,6",21,False,7.154824510635649e-09,56263.0,1,False,0.00944130469241551,0.1,506348.0
"Fixed 56234, pilot",54,9,5,S 2 -> 6,21,False,1.0,56260.0,1,False,0.018167337676434747,0.1,562608.0
"Fixed 56234, pilot",54,10,5,S 2 -> 6,21,False,1.0,56259.0,1,False,0.018167337676434747,0.1,618867.0
"Fixed 56234, pilot",54,11,20,"D 1,2 -> 6,7",21,False,1.0,56259.0,1,False,0.018167337676434747,0.1,675126.0
"Fixed 56234, pilot",54,12,9,"D 0,1 -> 4,7",21,False,1.0,56262.0,1,False,0.018167337676434747,0.1,731388.0
"Fixed 56234, pilot",54,13,21,"D 1,3 -> 5,7",21,True,0.0,56266.0,1,False,0.018167337676434747,0.1,787654.0
"Fixed 56234, pilot",55,0,25,"D 2,3 -> 6,7",25,True,0.0,56260.0,1,False,0.31503606513167726,0.1,56260.0
"Fixed 56234, pilot",55,1,8,"D 0,1 -> 4,5",15,False,0.033311851350335986,56262.0,1,False,0.29681502172579394,0.1,112522.0
"Fixed 56234, pilot",55,2,18,"D 1,2 -> 4,7",15,True,5.551115123125783e-16,56256.0,1,False,0.303713351808019,0.1,168778.0
"Fixed 56234, pilot",55,3,15,"D 0,3 -> 5,6",15,True,0.0,56262.0,1,False,0.38824803810173447,0.1,225040.0
"Fixed 56234, pilot",55,4,14,"D 0,3 -> 4,7",19,True,5.150813109366936e-11,56259.0,1,False,0.03758523456612009,0.1,281299.0
"Fixed 56234, pilot",55,5,19,"D 1,2 -> 5,6",19,True,0.0,56257.0,1,False,0.06571252413529666,0.1,337556.0
"Fixed 56234, pilot",55,6,11,"D 0,1 -> 6,7",22,False,0.044806584461233534,56261.0,1,False,0.04364852180125853,0.1,393817.0
"Fixed 56234, pilot",55,7,22,"D 2,3 -> 4,5",22,True,0.0,56265.0,1,False,0.0696747355600191,0.1,450082.0
"Fixed 56234, pilot",55,8,0,S 0 -> 4,12,False,1.0,56262.0,1,False,0.009441304652025612,0.1,506344.0
"Fixed 56234, pilot",55,9,0,S 0 -> 4,12,False,1.0,56259.0,1,False,0.009441304652025612,0.1,562603.0
"Fixed 56234, pilot",55,10,11,"D 0,1 -> 6,7",12,False,0.9999999923983927,56265.0,1,False,0.009441304652025612,0.1,618868.0
"Fixed 56234, pilot",55,11,20,"D 1,2 -> 6,7",12,False,1.0,56258.0,1,False,0.009441304652025612,0.1,675126.0
"Fixed 56234, pilot",55,12,0,S 0 -> 4,12,False,1.0,56261.0,1,False,0.009441304652025612,0.1,731387.0
"Fixed 56234, pilot",55,13,2,S 1 -> 5,12,False,1.0,56260.0,1,False,0.009441304652025612,0.1,787647.0
"Fixed 56234, pilot",55,14,4,S 2 -> 4,12,False,1.0,56262.0,1,False,0.009441304652025612,0.1,843909.0
"Fixed 56234, pilot",55,15,8,"D 0,1 -> 4,5",12,False,0.9999999990478134,56261.0,1,False,0.009441304652025612,0.1,900170.0
"Fixed 56234, pilot",55,16,11,"D 0,1 -> 6,7",12,False,0.9999999923983927,56258.0,1,False,0.009441304652025612,0.1,956428.0
"Fixed 56234, pilot",55,17,9,"D 0,1 -> 4,7",12,False,1.0,56263.0,1,False,0.009441304652025612,0.1,1012691.0
"Fixed 56234, pilot",55,18,12,"D 0,2 -> 4,6",12,True,0.0,56260.0,1,False,0.009441304652025612,0.1,1068951.0
"Fixed 56234, pilot",55,19,21,"D 1,3 -> 5,7",21,True,0.0,56257.0,1,False,0.01816733775010727,0.1,1125208.0
"Fixed 56234, pilot",56,0,19,"D 1,2 -> 5,6",25,False,0.052846754050403844,56259.0,1,False,0.31503606513167726,0.1,56259.0
"Fixed 56234, pilot",56,1,22,"D 2,3 -> 4,5",22,True,0.0,56262.0,1,False,0.2986379460814117,0.1,112521.0
"Fixed 56234, pilot",56,2,11,"D 0,1 -> 6,7",14,False,0.04670828858227494,56261.0,1,False,0.3532199223008815,0.1,168782.0
"Fixed 56234, pilot",56,3,14,"D 0,3 -> 4,7",14,True,0.0,56264.0,1,False,0.2932032898211745,0.1,225046.0
"Fixed 56234, pilot",56,4,18,"D 1,2 -> 4,7",8,False,0.026297174711716775,56260.0,1,False,0.02274616115030918,0.1,281306.0
"Fixed 56234, pilot",56,5,15,"D 0,3 -> 5,6",15,True,0.0,56262.0,1,False,0.0386651725173843,0.1,337568.0
"Fixed 56234, pilot",56,6,25,"D 2,3 -> 6,7",8,False,0.022501066306386486,56260.0,1,False,0.03387932833543461,0.1,393828.0
"Fixed 56234, pilot",56,7,8,"D 0,1 -> 4,5",8,True,0.0,56256.0,1,False,0.06334828989027044,0.1,450084.0
"Fixed 56234, pilot",56,8,6,S 3 -> 5,21,False,1.0,56263.0,1,False,0.009441304619946583,0.1,506347.0
"Fixed 56234, pilot",56,9,4,S 2 -> 4,21,False,1.0,56262.0,1,False,0.009441304619946583,0.1,562609.0
"Fixed 56234, pilot",56,10,22,"D 2,3 -> 4,5",21,False,0.9999999995194835,56258.0,1,False,0.009441304619946583,0.1,618867.0
"Fixed 56234, pilot",56,11,8,"D 0,1 -> 4,5",21,False,0.9999999979611373,56263.0,1,False,0.009441304619946583,0.1,675130.0
"Fixed 56234, pilot",56,12,14,"D 0,3 -> 4,7",21,False,0.9999999922318616,56260.0,1,False,0.009441304619946583,0.1,731390.0
"Fixed 56234, pilot",56,13,0,S 0 -> 4,21,False,1.0,56261.0,1,False,0.009441304619946583,0.1,787651.0
"Fixed 56234, pilot",56,14,18,"D 1,2 -> 4,7",21,False,0.999999998303913,56263.0,1,False,0.009441304619946583,0.1,843914.0
"Fixed 56234, pilot",56,15,0,S 0 -> 4,21,False,1.0,56262.0,1,False,0.009441304619946583,0.1,900176.0
"Fixed 56234, pilot",56,16,18,"D 1,2 -> 4,7",21,False,0.999999998303913,56259.0,1,False,0.009441304619946583,0.1,956435.0
"Fixed 56234, pilot",56,17,21,"D 1,3 -> 5,7",21,True,0.0,56258.0,1,False,0.009441304619946583,0.1,1012693.0
"Fixed 56234, pilot",56,18,12,"D 0,2 -> 4,6",12,True,0.0,56257.0,1,False,0.018167337689127178,0.1,1068950.0
"Fixed 56234, pilot",57,0,19,"D 1,2 -> 5,6",25,False,0.052846754050403844,56260.0,1,False,0.31503606513167726,0.1,56260.0
"Fixed 56234, pilot",57,1,14,"D 0,3 -> 4,7",22,False,0.0008388565620752741,56258.0,1,False,0.2986379460814117,0.1,112518.0
"Fixed 56234, pilot",57,2,22,"D 2,3 -> 4,5",22,True,0.0,56261.0,1,False,0.3070247718582447,0.1,168779.0
"Fixed 56234, pilot",57,3,11,"D 0,1 -> 6,7",11,True,0.0,56261.0,1,False,0.4010030868094594,0.1,225040.0
"Fixed 56234, pilot",57,4,8,"D 0,1 -> 4,5",8,True,0.0,56262.0,1,False,0.02274616133043009,0.1,281302.0
"Fixed 56234, pilot",57,5,25,"D 2,3 -> 6,7",25,True,0.0,56261.0,1,False,0.038483766324501636,0.1,337563.0
"Fixed 56234, pilot",57,6,15,"D 0,3 -> 5,6",15,True,0.0,56259.0,1,False,0.03323670762425804,0.1,393822.0
"Fixed 56234, pilot",57,7,18,"D 1,2 -> 4,7",18,True,0.0,56259.0,1,False,0.061357451134629856,0.1,450081.0
"Fixed 56234, pilot",57,8,12,"D 0,2 -> 4,6",21,False,8.464972167665508e-09,56259.0,1,False,0.00944130470026638,0.1,506340.0
"Fixed 56234, pilot",57,9,9,"D 0,1 -> 4,7",21,False,1.0,56263.0,1,False,0.01816733766927963,0.1,562603.0
"Fixed 56234, pilot",57,10,3,S 1 -> 7,21,False,1.0,56260.0,1,False,0.01816733766927963,0.1,618863.0
"Fixed 56234, pilot",57,11,21,"D 1,3 -> 5,7",21,True,0.0,56260.0,1,False,0.01816733766927963,0.1,675123.0
"Fixed 56234, pilot",58,0,25,"D 2,3 -> 6,7",25,True,0.0,56257.0,1,False,0.31503606513167726,0.1,56257.0
"Fixed 56234, pilot",58,1,8,"D 0,1 -> 4,5",15,False,0.033311851350335986,56262.0,1,False,0.29681502172579394,0.1,112519.0
"Fixed 56234, pilot",58,2,18,"D 1,2 -> 4,7",15,True,5.551115123125783e-16,56264.0,1,False,0.303713351808019,0.1,168783.0
"Fixed 56234, pilot",58,3,15,"D 0,3 -> 5,6",15,True,0.0,56257.0,1,False,0.38824803810173447,0.1,225040.0
"Fixed 56234, pilot",58,4,14,"D 0,3 -> 4,7",19,True,5.150813109366936e-11,56261.0,1,False,0.03758523456612009,0.1,281301.0
"Fixed 56234, pilot",58,5,19,"D 1,2 -> 5,6",19,True,0.0,56259.0,1,False,0.06571252413529666,0.1,337560.0
"Fixed 56234, pilot",58,6,11,"D 0,1 -> 6,7",22,False,0.044806584461233534,56256.0,1,False,0.04364852180125853,0.1,393816.0
"Fixed 56234, pilot",58,7,22,"D 2,3 -> 4,5",22,True,0.0,56255.0,1,False,0.0696747355600191,0.1,450071.0
"Fixed 56234, pilot",58,8,0,S 0 -> 4,12,False,1.0,56259.0,1,False,0.009441304652025612,0.1,506330.0
"Fixed 56234, pilot",58,9,8,"D 0,1 -> 4,5",12,False,0.9999999990478134,56258.0,1,False,0.009441304652025612,0.1,562588.0
"Fixed 56234, pilot",58,10,12,"D 0,2 -> 4,6",12,True,0.0,56263.0,1,False,0.009441304652025612,0.1,618851.0
"Fixed 56234, pilot",58,11,21,"D 1,3 -> 5,7",21,True,0.0,56260.0,1,False,0.018167337811385416,0.1,675111.0
"Fixed 56234, pilot",59,0,25,"D 2,3 -> 6,7",25,True,0.0,56261.0,1,False,0.31503606513167726,0.1,56261.0
"Fixed 56234, pilot",59,1,18,"D 1,2 -> 4,7",15,True,0.0,56262.0,1,False,0.29681502172579394,0.1,112523.0
"Fixed 56234, pilot",59,2,8,"D 0,1 -> 4,5",8,True,0.0,56260.0,1,False,0.3764697826210095,0.1,168783.0
"Fixed 56234, pilot",59,3,15,"D 0,3 -> 5,6",15,True,0.0,56261.0,1,False,0.30026357217502075,0.1,225044.0
"Fixed 56234, pilot",59,4,19,"D 1,2 -> 5,6",19,True,0.0,56256.0,1,False,0.03758523474777508,0.1,281300.0
"Fixed 56234, pilot",59,5,14,"D 0,3 -> 4,7",14,True,0.0,56259.0,1,False,0.06571252399006697,0.1,337559.0
"Fixed 56234, pilot",59,6,22,"D 2,3 -> 4,5",22,True,0.0,56262.0,1,False,0.043648521305584075,0.1,393821.0
"Fixed 56234, pilot",59,7,11,"D 0,1 -> 6,7",11,True,0.0,56265.0,1,False,0.10072796416579774,0.1,450086.0
"Fixed 56234, pilot",59,8,2,S 1 -> 5,21,False,1.0,56260.0,1,False,0.009441304483876945,0.1,506346.0
"Fixed 56234, pilot",59,9,1,S 0 -> 6,12,False,1.0,56258.0,1,False,0.00944130454604846,0.1,562604.0
"Fixed 56234, pilot",59,10,21,"D 1,3 -> 5,7",12,True,6.400112662063862e-10,56263.0,1,False,0.00944130454604846,0.1,618867.0
"Fixed 56234, pilot",59,11,5,S 2 -> 6,12,False,1.0,56259.0,1,False,0.018167337650105038,0.1,675126.0
"Fixed 56234, pilot",59,12,12,"D 0,2 -> 4,6",12,True,0.0,56258.0,1,False,0.018167337650105038,0.1,731384.0
"Fixed 56234, pilot",60,0,25,"D 2,3 -> 6,7",25,True,0.0,56258.0,1,False,0.31503606513167726,0.1,56258.0
"Fixed 56234, pilot",60,1,18,"D 1,2 -> 4,7",15,True,0.0,56260.0,1,False,0.29681502172579394,0.1,112518.0
"Fixed 56234, pilot",60,2,8,"D 0,1 -> 4,5",8,True,0.0,56256.0,1,False,0.3764697826210095,0.1,168774.0
"Fixed 56234, pilot",60,3,15,"D 0,3 -> 5,6",15,True,0.0,56261.0,1,False,0.30026357217502075,0.1,225035.0
"Fixed 56234, pilot",60,4,19,"D 1,2 -> 5,6",19,True,0.0,56263.0,1,False,0.03758523474777508,0.1,281298.0
"Fixed 56234, pilot",60,5,14,"D 0,3 -> 4,7",14,True,0.0,56259.0,1,False,0.06571252399006697,0.1,337557.0
"Fixed 56234, pilot",60,6,11,"D 0,1 -> 6,7",22,False,0.04480658230253376,56259.0,1,False,0.043648521305584075,0.1,393816.0
"Fixed 56234, pilot",60,7,22,"D 2,3 -> 4,5",22,True,0.0,56260.0,1,False,0.06967473471393487,0.1,450076.0
"Fixed 56234, pilot",60,8,12,"D 0,2 -> 4,6",21,False,2.6598955260581647e-09,56257.0,1,False,0.009441304763103297,0.1,506333.0
"Fixed 56234, pilot",60,9,4,S 2 -> 4,21,False,1.0,56260.0,1,False,0.018167337649211406,0.1,562593.0
"Fixed 56234, pilot",60,10,21,"D 1,3 -> 5,7",21,True,0.0,56261.0,1,False,0.018167337649211406,0.1,618854.0
"Fixed 56234, pilot",61,0,25,"D 2,3 -> 6,7",25,True,0.0,56259.0,1,False,0.31503606513167726,0.1,56259.0
"Fixed 56234, pilot",61,1,15,"D 0,3 -> 5,6",15,True,0.0,56262.0,1,False,0.29681502172579394,0.1,112521.0
"Fixed 56234, pilot",61,2,8,"D 0,1 -> 4,5",8,True,0.0,56258.0,1,False,0.3764697826210095,0.1,168779.0
"Fixed 56234, pilot",61,3,18,"D 1,2 -> 4,7",18,True,0.0,56263.0,1,False,0.3002635722338174,0.1,225042.0
"Fixed 56234, pilot",61,4,19,"D 1,2 -> 5,6",14,True,5.182410056647768e-12,56258.0,1,False,0.03758523457422756,0.1,281300.0
"Fixed 56234, pilot",61,5,14,"D 0,3 -> 4,7",14,True,0.0,56259.0,1,False,0.06571252392066197,0.1,337559.0
"Fixed 56234, pilot",61,6,22,"D 2,3 -> 4,5",22,True,0.0,56261.0,1,False,0.04364852124132713,0.1,393820.0
"Fixed 56234, pilot",61,7,11,"D 0,1 -> 6,7",11,True,0.0,56260.0,1,False,0.10072796416579667,0.1,450080.0
"Fixed 56234, pilot",61,8,19,"D 1,2 -> 5,6",21,False,0.9999999940949295,56261.0,1,False,0.009441304630083448,0.1,506341.0
"Fixed 56234, pilot",61,9,21,"D 1,3 -> 5,7",21,True,0.0,56265.0,1,False,0.009441304630083448,0.1,562606.0
"Fixed 56234, pilot",61,10,12,"D 0,2 -> 4,6",12,True,0.0,56264.0,1,False,0.01816733767955787,0.1,618870.0
"Fixed 56234, pilot",62,0,25,"D 2,3 -> 6,7",25,True,0.0,56257.0,1,False,0.31503606513167726,0.1,56257.0
"Fixed 56234, pilot",62,1,18,"D 1,2 -> 4,7",15,True,0.0,56259.0,1,False,0.29681502172579394,0.1,112516.0
"Fixed 56234, pilot",62,2,8,"D 0,1 -> 4,5",8,True,0.0,56256.0,1,False,0.3764697826210095,0.1,168772.0
"Fixed 56234, pilot",62,3,15,"D 0,3 -> 5,6",15,True,0.0,56261.0,1,False,0.30026357217502075,0.1,225033.0
"Fixed 56234, pilot",62,4,14,"D 0,3 -> 4,7",19,True,5.80789971671436e-10,56263.0,1,False,0.03758523474777508,0.1,281296.0
"Fixed 56234, pilot",62,5,19,"D 1,2 -> 5,6",19,True,0.0,56259.0,1,False,0.0657125239206618,0.1,337555.0
"Fixed 56234, pilot",62,6,11,"D 0,1 -> 6,7",22,False,0.044806582285133345,56260.0,1,False,0.043648521241327065,0.1,393815.0
"Fixed 56234, pilot",62,7,22,"D 2,3 -> 4,5",22,True,0.0,56264.0,1,False,0.06967473482297251,0.1,450079.0
"Fixed 56234, pilot",62,8,21,"D 1,3 -> 5,7",12,True,7.587165340439128e-10,56265.0,1,False,0.009441304632724787,0.1,506344.0
"Fixed 56234, pilot",62,9,12,"D 0,2 -> 4,6",12,True,0.0,56260.0,1,False,0.01816733748162963,0.1,562604.0
"Fixed 56234, pilot",63,0,25,"D 2,3 -> 6,7",25,True,0.0,56260.0,1,False,0.31503606513167726,0.1,56260.0
"Fixed 56234, pilot",63,1,15,"D 0,3 -> 5,6",15,True,0.0,56259.0,1,False,0.29681502172579394,0.1,112519.0
"Fixed 56234, pilot",63,2,8,"D 0,1 -> 4,5",8,True,0.0,56260.0,1,False,0.3764697826210095,0.1,168779.0
"Fixed 56234, pilot",63,3,18,"D 1,2 -> 4,7",18,True,0.0,56262.0,1,False,0.3002635722338174,0.1,225041.0
"Fixed 56234, pilot",63,4,14,"D 0,3 -> 4,7",14,True,0.0,56259.0,1,False,0.03758523457422756,0.1,281300.0
"Fixed 56234, pilot",63,5,19,"D 1,2 -> 5,6",19,True,0.0,56265.0,1,False,0.0657125239900671,0.1,337565.0
"Fixed 56234, pilot",63,6,22,"D 2,3 -> 4,5",22,True,0.0,56261.0,1,False,0.04364852130558422,0.1,393826.0
"Fixed 56234, pilot",63,7,11,"D 0,1 -> 6,7",11,True,0.0,56258.0,1,False,0.10072796416579655,0.1,450084.0
"Fixed 56234, pilot",63,8,11,"D 0,1 -> 6,7",21,False,0.9999999126698192,56261.0,1,False,0.009441305047874061,0.1,506345.0
"Fixed 56234, pilot",63,9,20,"D 1,2 -> 6,7",12,False,1.0,56263.0,1,False,0.009441304776015793,0.1,562608.0
"Fixed 56234, pilot",63,10,0,S 0 -> 4,12,False,1.0,56263.0,1,False,0.009441304643705926,0.1,618871.0
"Fixed 56234, pilot",63,11,9,"D 0,1 -> 4,7",12,False,1.0,56261.0,1,False,0.009441304643705926,0.1,675132.0
"Fixed 56234, pilot",63,12,6,S 3 -> 5,12,False,1.0,56258.0,1,False,0.009441304643705926,0.1,731390.0
"Fixed 56234, pilot",63,13,20,"D 1,2 -> 6,7",12,False,1.0,56264.0,1,False,0.009441304643705926,0.1,787654.0
"Fixed 56234, pilot",63,14,3,S 1 -> 7,12,False,1.0,56262.0,1,False,0.009441304643705926,0.1,843916.0
"Fixed 56234, pilot",63,15,12,"D 0,2 -> 4,6",12,True,0.0,56261.0,1,False,0.009441304643705926,0.1,900177.0
"Fixed 56234, pilot",63,16,21,"D 1,3 -> 5,7",21,True,0.0,56259.0,1,False,0.018167337688007424,0.1,956436.0
"Fixed 56234, pilot",64,0,25,"D 2,3 -> 6,7",25,True,0.0,56259.0,1,False,0.31503606513167726,0.1,56259.0
"Fixed 56234, pilot",64,1,15,"D 0,3 -> 5,6",15,True,0.0,56263.0,1,False,0.29681502172579394,0.1,112522.0
"Fixed 56234, pilot",64,2,8,"D 0,1 -> 4,5",8,True,0.0,56261.0,1,False,0.3764697826210095,0.1,168783.0
"Fixed 56234, pilot",64,3,18,"D 1,2 -> 4,7",18,True,0.0,56260.0,1,False,0.3002635722338174,0.1,225043.0
"Fixed 56234, pilot",64,4,19,"D 1,2 -> 5,6",14,True,5.182410056647768e-12,56265.0,1,False,0.03758523457422756,0.1,281308.0
"Fixed 56234, pilot",64,5,14,"D 0,3 -> 4,7",14,True,0.0,56256.0,1,False,0.06571252392066197,0.1,337564.0
"Fixed 56234, pilot",64,6,11,"D 0,1 -> 6,7",22,False,0.044806582285143115,56260.0,1,False,0.04364852124132713,0.1,393824.0
"Fixed 56234, pilot",64,7,22,"D 2,3 -> 4,5",22,True,0.0,56261.0,1,False,0.06967473471393487,0.1,450085.0
"Fixed 56234, pilot",64,8,9,"D 0,1 -> 4,7",21,False,1.0,56261.0,1,False,0.009441304632724919,0.1,506346.0
"Fixed 56234, pilot",64,9,25,"D 2,3 -> 6,7",21,False,0.9999999919569077,56260.0,1,False,0.009441304632724919,0.1,562606.0
"Fixed 56234, pilot",64,10,25,"D 2,3 -> 6,7",21,False,0.9999999919569077,56262.0,1,False,0.009441304632724919,0.1,618868.0
"Fixed 56234, pilot",64,11,0,S 0 -> 4,21,False,1.0,56259.0,1,False,0.009441304632724919,0.1,675127.0
"Fixed 56234, pilot",64,12,9,"D 0,1 -> 4,7",21,False,1.0,56259.0,1,False,0.009441304632724919,0.1,731386.0
"Fixed 56234, pilot",64,13,5,S 2 -> 6,21,False,1.0,56260.0,1,False,0.009441304632724919,0.1,787646.0
"Fixed 56234, pilot",64,14,21,"D 1,3 -> 5,7",21,True,0.0,56257.0,1,False,0.009441304632724919,0.1,843903.0
"Fixed 56234, pilot",64,15,12,"D 0,2 -> 4,6",12,True,0.0,56261.0,1,False,0.018167337665400747,0.1,900164.0
"Fixed 56234, pilot",65,0,25,"D 2,3 -> 6,7",25,True,0.0,56258.0,1,False,0.31503606513167726,0.1,56258.0
"Fixed 56234, pilot",65,1,15,"D 0,3 -> 5,6",15,True,0.0,56259.0,1,False,0.29681502172579394,0.1,112517.0
"Fixed 56234, pilot",65,2,8,"D 0,1 -> 4,5",8,True,0.0,56259.0,1,False,0.3764697826210095,0.1,168776.0
"Fixed 56234, pilot",65,3,18,"D 1,2 -> 4,7",18,True,0.0,56262.0,1,False,0.3002635722338174,0.1,225038.0
"Fixed 56234, pilot",65,4,14,"D 0,3 -> 4,7",14,True,0.0,56262.0,1,False,0.03758523457422756,0.1,281300.0
"Fixed 56234, pilot",65,5,19,"D 1,2 -> 5,6",19,True,0.0,56257.0,1,False,0.0657125239900671,0.1,337557.0
"Fixed 56234, pilot",65,6,22,"D 2,3 -> 4,5",22,True,0.0,56258.0,1,False,0.04364852130558422,0.1,393815.0
"Fixed 56234, pilot",65,7,11,"D 0,1 -> 6,7",11,True,0.0,56257.0,1,False,0.10072796416579655,0.1,450072.0
"Fixed 56234, pilot",65,8,25,"D 2,3 -> 6,7",21,False,0.9999980646564142,56259.0,1,False,0.009441305047874061,0.1,506331.0
"Fixed 56234, pilot",65,9,23,"D 2,3 -> 4,7",12,False,1.0,56260.0,1,False,0.009441305645612227,0.1,562591.0
"Fixed 56234, pilot",65,10,0,S 0 -> 4,12,False,1.0,56260.0,1,False,0.009441305092747708,0.1,618851.0
"Fixed 56234, pilot",65,11,20,"D 1,2 -> 6,7",12,False,1.0,56265.0,1,False,0.009441305092747708,0.1,675116.0
"Fixed 56234, pilot",65,12,20,"D 1,2 -> 6,7",12,False,1.0,56260.0,1,False,0.009441305092747708,0.1,731376.0
"Fixed 56234, pilot",65,13,16,"D 0,3 -> 6,7",12,False,1.0,56264.0,1,False,0.009441305092747708,0.1,787640.0
"Fixed 56234, pilot",65,14,12,"D 0,2 -> 4,6",12,True,0.0,56260.0,1,False,0.009441305092747708,0.1,843900.0
"Fixed 56234, pilot",65,15,21,"D 1,3 -> 5,7",21,True,0.0,56260.0,1,False,0.018167337679852427,0.1,900160.0
"Fixed 56234, pilot",66,0,25,"D 2,3 -> 6,7",25,True,0.0,56258.0,1,False,0.31503606513167726,0.1,56258.0
"Fixed 56234, pilot",66,1,18,"D 1,2 -> 4,7",15,True,0.0,56261.0,1,False,0.29681502172579394,0.1,112519.0
"Fixed 56234, pilot",66,2,8,"D 0,1 -> 4,5",8,True,0.0,56259.0,1,False,0.3764697826210095,0.1,168778.0
"Fixed 56234, pilot",66,3,15,"D 0,3 -> 5,6",15,True,0.0,56265.0,1,False,0.30026357217502075,0.1,225043.0
"Fixed 56234, pilot",66,4,19,"D 1,2 -> 5,6",19,True,0.0,56259.0,1,False,0.03758523474777508,0.1,281302.0
"Fixed 56234, pilot",66,5,14,"D 0,3 -> 4,7",14,True,0.0,56260.0,1,False,0.06571252399006697,0.1,337562.0
"Fixed 56234, pilot",66,6,11,"D 0,1 -> 6,7",22,False,0.04480658230253376,56263.0,1,False,0.043648521305584075,0.1,393825.0
"Fixed 56234, pilot",66,7,22,"D 2,3 -> 4,5",22,True,0.0,56260.0,1,False,0.06967473471393487,0.1,450085.0
"Fixed 56234, pilot",66,8,3,S 1 -> 7,21,False,1.0,56259.0,1,False,0.009441304763103297,0.1,506344.0
"Fixed 56234, pilot",66,9,19,"D 1,2 -> 5,6",21,False,0.9999999421513571,56258.0,1,False,0.009441304763103297,0.1,562602.0
"Fixed 56234, pilot",66,10,10,"D 0,1 -> 5,6",21,False,1.0,56257.0,1,False,0.009441304763103297,0.1,618859.0
"Fixed 56234, pilot",66,11,21,"D 1,3 -> 5,7",21,True,0.0,56261.0,1,False,0.009441304763103297,0.1,675120.0
"Fixed 56234, pilot",66,12,2,S 1 -> 5,12,False,1.0,56261.0,1,False,0.018167337672100513,0.1,731381.0
"Fixed 56234, pilot",66,13,12,"D 0,2 -> 4,6",12,True,0.0,56257.0,1,False,0.018167337672100513,0.1,787638.0
"Fixed 56234, pilot",67,0,25,"D 2,3 -> 6,7",25,True,0.0,56259.0,1,False,0.31503606513167726,0.1,56259.0
"Fixed 56234, pilot",67,1,18,"D 1,2 -> 4,7",15,True,0.0,56261.0,1,False,0.29681502172579394,0.1,112520.0
"Fixed 56234, pilot",67,2,8,"D 0,1 -> 4,5",8,True,0.0,56260.0,1,False,0.3764697826210095,0.1,168780.0
"Fixed 56234, pilot",67,3,15,"D 0,3 -> 5,6",15,True,0.0,56263.0,1,False,0.30026357217502075,0.1,225043.0
"Fixed 56234, pilot",67,4,19,"D 1,2 -> 5,6",19,True,0.0,56258.0,1,False,0.03758523474777508,0.1,281301.0
"Fixed 56234, pilot",67,5,14,"D 0,3 -> 4,7",14,True,0.0,56262.0,1,False,0.06571252399006697,0.1,337563.0
"Fixed 56234, pilot",67,6,22,"D 2,3 -> 4,5",22,True,0.0,56267.0,1,False,0.043648521305584075,0.1,393830.0
"Fixed 56234, pilot",67,7,11,"D 0,1 -> 6,7",11,True,0.0,56262.0,1,False,0.10072796416579774,0.1,450092.0
"Fixed 56234, pilot",67,8,4,S 2 -> 4,21,False,1.0,56260.0,1,False,0.009441304483876945,0.1,506352.0
"Fixed 56234, pilot",67,9,21,"D 1,3 -> 5,7",12,True,6.400112662063862e-10,56261.0,1,False,0.00944130454604846,0.1,562613.0
"Fixed 56234, pilot",67,10,9,"D 0,1 -> 4,7",12,False,1.0,56257.0,1,False,0.018167337650105007,0.1,618870.0
"Fixed 56234, pilot",67,11,5,S 2 -> 6,12,False,1.0,56262.0,1,False,0.018167337650105007,0.1,675132.0
"Fixed 56234, pilot",67,12,9,"D 0,1 -> 4,7",12,False,1.0,56258.0,1,False,0.018167337650105007,0.1,731390.0
"Fixed 56234, pilot",67,13,12,"D 0,2 -> 4,6",12,True,0.0,56263.0,1,False,0.018167337650105007,0.1,787653.0
"Fixed 56234, pilot",68,0,25,"D 2,3 -> 6,7",25,True,0.0,56260.0,1,False,0.31503606513167726,0.1,56260.0
"Fixed 56234, pilot",68,1,15,"D 0,3 -> 5,6",15,True,0.0,56258.0,1,False,0.29681502172579394,0.1,112518.0
"Fixed 56234, pilot",68,2,8,"D 0,1 -> 4,5",8,True,0.0,56263.0,1,False,0.3764697826210095,0.1,168781.0
"Fixed 56234, pilot",68,3,18,"D 1,2 -> 4,7",18,True,0.0,56259.0,1,False,0.3002635722338174,0.1,225040.0
"Fixed 56234, pilot",68,4,19,"D 1,2 -> 5,6",14,True,5.182410056647768e-12,56259.0,1,False,0.03758523457422756,0.1,281299.0
"Fixed 56234, pilot",68,5,14,"D 0,3 -> 4,7",14,True,0.0,56263.0,1,False,0.06571252392066197,0.1,337562.0
"Fixed 56234, pilot",68,6,22,"D 2,3 -> 4,5",22,True,0.0,56257.0,1,False,0.04364852124132713,0.1,393819.0
"Fixed 56234, pilot",68,7,11,"D 0,1 -> 6,7",11,True,0.0,56259.0,1,False,0.10072796416579667,0.1,450078.0
"Fixed 56234, pilot",68,8,21,"D 1,3 -> 5,7",21,True,0.0,56257.0,1,False,0.009441304630083448,0.1,506335.0
"Fixed 56234, pilot",68,9,12,"D 0,2 -> 4,6",12,True,0.0,56260.0,1,False,0.018167337649211367,0.1,562595.0
"Fixed 56234, pilot",69,0,25,"D 2,3 -> 6,7",25,True,0.0,56259.0,1,False,0.31503606513167726,0.1,56259.0
"Fixed 56234, pilot",69,1,18,"D 1,2 -> 4,7",15,True,0.0,56262.0,1,False,0.29681502172579394,0.1,112521.0
"Fixed 56234, pilot",69,2,8,"D 0,1 -> 4,5",8,True,0.0,56260.0,1,False,0.3764697826210095,0.1,168781.0
"Fixed 56234, pilot",69,3,15,"D 0,3 -> 5,6",15,True,0.0,56264.0,1,False,0.30026357217502075,0.1,225045.0
"Fixed 56234, pilot",69,4,14,"D 0,3 -> 4,7",19,True,5.80789971671436e-10,56259.0,1,False,0.03758523474777508,0.1,281304.0
"Fixed 56234, pilot",69,5,19,"D 1,2 -> 5,6",19,True,0.0,56261.0,1,False,0.0657125239206618,0.1,337565.0
"Fixed 56234, pilot",69,6,22,"D 2,3 -> 4,5",22,True,0.0,56261.0,1,False,0.043648521241327065,0.1,393826.0
"Fixed 56234, pilot",69,7,11,"D 0,1 -> 6,7",11,True,0.0,56264.0,1,False,0.10072796416579699,0.1,450090.0
"Fixed 56234, pilot",69,8,21,"D 1,3 -> 5,7",21,True,0.0,56258.0,1,False,0.009441304483876924,0.1,506348.0
"Fixed 56234, pilot",69,9,4,S 2 -> 4,12,False,1.0,56260.0,1,False,0.01816733748163215,0.1,562608.0
"Fixed 56234, pilot",69,10,2,S 1 -> 5,12,False,1.0,56261.0,1,False,0.01816733748163215,0.1,618869.0
"Fixed 56234, pilot",69,11,12,"D 0,2 -> 4,6",12,True,0.0,56257.0,1,False,0.01816733748163215,0.1,675126.0
"Fixed 56234, pilot",70,0,25,"D 2,3 -> 6,7",25,True,0.0,56255.0,1,False,0.31503606513167726,0.1,56255.0
"Fixed 56234, pilot",70,1,18,"D 1,2 -> 4,7",15,True,0.0,56265.0,1,False,0.29681502172579394,0.1,112520.0
"Fixed 56234, pilot",70,2,8,"D 0,1 -> 4,5",8,True,0.0,56261.0,1,False,0.3764697826210095,0.1,168781.0
"Fixed 56234, pilot",70,3,15,"D 0,3 -> 5,6",15,True,0.0,56263.0,1,False,0.30026357217502075,0.1,225044.0
"Fixed 56234, pilot",70,4,14,"D 0,3 -> 4,7",19,True,5.80789971671436e-10,56264.0,1,False,0.03758523474777508,0.1,281308.0
"Fixed 56234, pilot",70,5,19,"D 1,2 -> 5,6",19,True,0.0,56259.0,1,False,0.0657125239206618,0.1,337567.0
"Fixed 56234, pilot",70,6,22,"D 2,3 -> 4,5",22,True,0.0,56261.0,1,False,0.043648521241327065,0.1,393828.0
"Fixed 56234, pilot",70,7,11,"D 0,1 -> 6,7",11,True,0.0,56261.0,1,False,0.10072796416579699,0.1,450089.0
"Fixed 56234, pilot",70,8,12,"D 0,2 -> 4,6",21,False,2.297273260509769e-09,56258.0,1,False,0.009441304483876924,0.1,506347.0
"Fixed 56234, pilot",70,9,21,"D 1,3 -> 5,7",21,True,0.0,56260.0,1,False,0.018167337649210347,0.1,562607.0
"Fixed 56234, pilot",71,0,25,"D 2,3 -> 6,7",25,True,0.0,56257.0,1,False,0.31503606513167726,0.1,56257.0
"Fixed 56234, pilot",71,1,8,"D 0,1 -> 4,5",15,False,0.033311851350335986,56261.0,1,False,0.29681502172579394,0.1,112518.0
"Fixed 56234, pilot",71,2,15,"D 0,3 -> 5,6",15,True,0.0,56259.0,1,False,0.303713351808019,0.1,168777.0
"Fixed 56234, pilot",71,3,18,"D 1,2 -> 4,7",18,True,0.0,56262.0,1,False,0.38824803810173436,0.1,225039.0
"Fixed 56234, pilot",71,4,11,"D 0,1 -> 6,7",14,False,0.35647861155345417,56258.0,1,False,0.03758523456612019,0.1,281297.0
"Fixed 56234, pilot",71,5,14,"D 0,3 -> 4,7",14,True,4.107825191113079e-15,56265.0,1,False,0.039121736337909885,0.1,337562.0
"Fixed 56234, pilot",71,6,19,"D 1,2 -> 5,6",19,True,0.0,56264.0,1,False,0.06888584253984738,0.1,393826.0
"Fixed 56234, pilot",71,7,22,"D 2,3 -> 4,5",22,True,0.0,56261.0,1,False,0.0721539282727324,0.1,450087.0
"Fixed 56234, pilot",71,8,10,"D 0,1 -> 5,6",12,False,1.0,56261.0,1,False,0.00944130463557523,0.1,506348.0
"Fixed 56234, pilot",71,9,14,"D 0,3 -> 4,7",12,False,0.9999999984855547,56264.0,1,False,0.00944130463557523,0.1,562612.0
"Fixed 56234, pilot",71,10,8,"D 0,1 -> 4,5",12,False,0.9999999961835777,56257.0,1,False,0.00944130463557523,0.1,618869.0
"Fixed 56234, pilot",71,11,14,"D 0,3 -> 4,7",12,False,0.9999999984855547,56265.0,1,False,0.00944130463557523,0.1,675134.0
"Fixed 56234, pilot",71,12,9,"D 0,1 -> 4,7",12,False,1.0,56264.0,1,False,0.00944130463557523,0.1,731398.0
"Fixed 56234, pilot",71,13,12,"D 0,2 -> 4,6",12,True,5.329070518200751e-15,56255.0,1,False,0.00944130463557523,0.1,787653.0
"Fixed 56234, pilot",71,14,7,S 3 -> 7,21,False,1.0,56261.0,1,False,0.01816733742456268,0.1,843914.0
"Fixed 56234, pilot",71,15,21,"D 1,3 -> 5,7",21,True,0.0,56264.0,1,False,0.018167337901076525,0.1,900178.0
"Fixed 56234, pilot",72,0,25,"D 2,3 -> 6,7",25,True,0.0,56261.0,1,False,0.31503606513167726,0.1,56261.0
"Fixed 56234, pilot",72,1,15,"D 0,3 -> 5,6",15,True,0.0,56261.0,1,False,0.29681502172579394,0.1,112522.0
"Fixed 56234, pilot",72,2,8,"D 0,1 -> 4,5",8,True,0.0,56261.0,1,False,0.3764697826210095,0.1,168783.0
"Fixed 56234, pilot",72,3,18,"D 1,2 -> 4,7",18,True,0.0,56260.0,1,False,0.3002635722338174,0.1,225043.0
"Fixed 56234, pilot",72,4,14,"D 0,3 -> 4,7",14,True,0.0,56262.0,1,False,0.03758523457422756,0.1,281305.0
"Fixed 56234, pilot",72,5,19,"D 1,2 -> 5,6",19,True,0.0,56260.0,1,False,0.0657125239900671,0.1,337565.0
"Fixed 56234, pilot",72,6,22,"D 2,3 -> 4,5",22,True,0.0,56259.0,1,False,0.04364852130558422,0.1,393824.0
"Fixed 56234, pilot",72,7,11,"D 0,1 -> 6,7",11,True,0.0,56261.0,1,False,0.10072796416579655,0.1,450085.0
"Fixed 56234, pilot",72,8,21,"D 1,3 -> 5,7",21,True,0.0,56260.0,1,False,0.009441305047874061,0.1,506345.0
"Fixed 56234, pilot",72,9,13,"D 0,3 -> 4,5",12,False,1.0,56260.0,1,False,0.018167337649213765,0.1,562605.0
"Fixed 56234, pilot",72,10,25,"D 2,3 -> 6,7",12,False,0.9938252402820703,56258.0,1,False,0.018167337649213765,0.1,618863.0
"Fixed 56234, pilot",73,0,14,"D 0,3 -> 4,7",25,False,0.052846754050403844,56264.0,1,False,0.31503606513167726,0.1,56264.0
"Fixed 56234, pilot",73,1,11,"D 0,1 -> 6,7",22,False,0.02016704851099438,56259.0,1,False,0.2986379460442076,0.1,112523.0
"Fixed 56234, pilot",73,2,19,"D 1,2 -> 5,6",19,True,0.0,56260.0,1,False,0.3718349895348084,0.1,168783.0
"Fixed 56234, pilot",73,3,22,"D 2,3 -> 4,5",22,True,0.0,56261.0,1,False,0.34033883568924583,0.1,225044.0
"Fixed 56234, pilot",73,4,8,"D 0,1 -> 4,5",8,True,0.0,56257.0,1,False,0.022746161128215047,0.1,281301.0
"Fixed 56234, pilot",73,5,25,"D 2,3 -> 6,7",25,True,0.0,56263.0,1,False,0.038483766334910435,0.1,337564.0
"Fixed 56234, pilot",73,6,15,"D 0,3 -> 5,6",18,True,3.88189480560186e-12,56265.0,1,False,0.033236707270392435,0.1,393829.0
"Fixed 56234, pilot",73,7,18,"D 1,2 -> 4,7",18,True,0.0,56261.0,1,False,0.06135745114017988,0.1,450090.0
"Fixed 56234, pilot",73,8,3,S 1 -> 7,12,False,1.0,56258.0,1,False,0.009441304626155275,0.1,506348.0
"Fixed 56234, pilot",73,9,8,"D 0,1 -> 4,5",12,False,0.9999999995748722,56262.0,1,False,0.009441304626155275,0.1,562610.0
"Fixed 56234, pilot",73,10,21,"D 1,3 -> 5,7",12,True,9.085976415690311e-11,56260.0,1,False,0.009441304626155275,0.1,618870.0
"Fixed 56234, pilot",73,11,20,"D 1,2 -> 6,7",12,False,1.0,56259.0,1,False,0.018167337693207976,0.1,675129.0
"Fixed 56234, pilot",73,12,3,S 1 -> 7,12,False,1.0,56261.0,1,False,0.018167337693207976,0.1,731390.0
"Fixed 56234, pilot",73,13,5,S 2 -> 6,12,False,1.0,56261.0,1,False,0.018167337693207976,0.1,787651.0
"Fixed 56234, pilot",73,14,3,S 1 -> 7,12,False,1.0,56259.0,1,False,0.018167337693207976,0.1,843910.0
"Fixed 56234, pilot",73,15,12,"D 0,2 -> 4,6",12,True,0.0,56258.0,1,False,0.018167337693207976,0.1,900168.0
"Fixed 56234, pilot",74,0,25,"D 2,3 -> 6,7",25,True,0.0,56258.0,1,False,0.31503606513167726,0.1,56258.0
"Fixed 56234, pilot",74,1,18,"D 1,2 -> 4,7",15,True,0.0,56261.0,1,False,0.29681502172579394,0.1,112519.0
"Fixed 56234, pilot",74,2,8,"D 0,1 -> 4,5",8,True,0.0,56262.0,1,False,0.3764697826210095,0.1,168781.0
"Fixed 56234, pilot",74,3,15,"D 0,3 -> 5,6",15,True,0.0,56261.0,1,False,0.30026357217502075,0.1,225042.0
"Fixed 56234, pilot",74,4,14,"D 0,3 -> 4,7",19,True,5.80789971671436e-10,56257.0,1,False,0.03758523474777508,0.1,281299.0
"Fixed 56234, pilot",74,5,19,"D 1,2 -> 5,6",19,True,0.0,56260.0,1,False,0.0657125239206618,0.1,337559.0
"Fixed 56234, pilot",74,6,11,"D 0,1 -> 6,7",22,False,0.044806582285133345,56260.0,1,False,0.043648521241327065,0.1,393819.0
"Fixed 56234, pilot",74,7,22,"D 2,3 -> 4,5",22,True,0.0,56260.0,1,False,0.06967473482297251,0.1,450079.0
"Fixed 56234, pilot",74,8,3,S 1 -> 7,12,False,1.0,56257.0,1,False,0.009441304632724787,0.1,506336.0
"Fixed 56234, pilot",74,9,21,"D 1,3 -> 5,7",12,True,7.587165340439128e-10,56261.0,1,False,0.009441304632724787,0.1,562597.0
"Fixed 56234, pilot",74,10,10,"D 0,1 -> 5,6",12,False,1.0,56264.0,1,False,0.01816733748162963,0.1,618861.0
"Fixed 56234, pilot",74,11,25,"D 2,3 -> 6,7",12,False,0.9938247438844339,56260.0,1,False,0.01816733748162963,0.1,675121.0
"Fixed 56234, pilot",75,0,25,"D 2,3 -> 6,7",25,True,0.0,56256.0,1,False,0.31503606513167726,0.1,56256.0
"Fixed 56234, pilot",75,1,18,"D 1,2 -> 4,7",15,True,0.0,56260.0,1,False,0.29681502172579394,0.1,112516.0
"Fixed 56234, pilot",75,2,8,"D 0,1 -> 4,5",8,True,0.0,56260.0,1,False,0.3764697826210095,0.1,168776.0
"Fixed 56234, pilot",75,3,15,"D 0,3 -> 5,6",15,True,0.0,56260.0,1,False,0.30026357217502075,0.1,225036.0
"Fixed 56234, pilot",75,4,19,"D 1,2 -> 5,6",19,True,0.0,56260.0,1,False,0.03758523474777508,0.1,281296.0
"Fixed 56234, pilot",75,5,14,"D 0,3 -> 4,7",14,True,0.0,56258.0,1,False,0.06571252399006697,0.1,337554.0
"Fixed 56234, pilot",75,6,22,"D 2,3 -> 4,5",22,True,0.0,56260.0,1,False,0.043648521305584075,0.1,393814.0
"Fixed 56234, pilot",75,7,11,"D 0,1 -> 6,7",11,True,0.0,56260.0,1,False,0.10072796416579774,0.1,450074.0
"Fixed 56234, pilot",75,8,11,"D 0,1 -> 6,7",21,False,0.999999951366124,56262.0,1,False,0.009441304483876945,0.1,506336.0
"Fixed 56234, pilot",75,9,6,S 3 -> 5,12,False,1.0,56263.0,1,False,0.009441304535539489,0.1,562599.0
"Fixed 56234, pilot",75,10,12,"D 0,2 -> 4,6",12,True,0.0,56260.0,1,False,0.009441304535539489,0.1,618859.0
"Fixed 56234, pilot",75,11,1,S 0 -> 6,21,False,1.0,56259.0,1,False,0.018167337747711208,0.1,675118.0
"Fixed 56234, pilot",75,12,7,S 3 -> 7,21,False,1.0,56263.0,1,False,0.018167337747711208,0.1,731381.0
"Fixed 56234, pilot",75,13,10,"D 0,1 -> 5,6",21,False,1.0,56264.0,1,False,0.018167337747711208,0.1,787645.0
"Fixed 56234, pilot",75,14,3,S 1 -> 7,21,False,1.0,56262.0,1,False,0.018167337747711208,0.1,843907.0
"Fixed 56234, pilot",75,15,21,"D 1,3 -> 5,7",21,True,0.0,56259.0,1,False,0.018167337747711208,0.1,900166.0
"Fixed 56234, pilot",76,0,25,"D 2,3 -> 6,7",25,True,0.0,56256.0,1,False,0.31503606513167726,0.1,56256.0
"Fixed 56234, pilot",76,1,15,"D 0,3 -> 5,6",15,True,0.0,56256.0,1,False,0.29681502172579394,0.1,112512.0
"Fixed 56234, pilot",76,2,8,"D 0,1 -> 4,5",8,True,0.0,56260.0,1,False,0.3764697826210095,0.1,168772.0
"Fixed 56234, pilot",76,3,18,"D 1,2 -> 4,7",18,True,0.0,56262.0,1,False,0.3002635722338174,0.1,225034.0
"Fixed 56234, pilot",76,4,19,"D 1,2 -> 5,6",14,True,5.182410056647768e-12,56261.0,1,False,0.03758523457422756,0.1,281295.0
"Fixed 56234, pilot",76,5,14,"D 0,3 -> 4,7",14,True,0.0,56260.0,1,False,0.06571252392066197,0.1,337555.0
"Fixed 56234, pilot",76,6,22,"D 2,3 -> 4,5",22,True,0.0,56262.0,1,False,0.04364852124132713,0.1,393817.0
"Fixed 56234, pilot",76,7,11,"D 0,1 -> 6,7",11,True,0.0,56258.0,1,False,0.10072796416579667,0.1,450075.0
"Fixed 56234, pilot",76,8,18,"D 1,2 -> 4,7",21,False,0.9999999989277024,56262.0,1,False,0.009441304630083448,0.1,506337.0
"Fixed 56234, pilot",76,9,12,"D 0,2 -> 4,6",21,True,2.371568497139265e-10,56260.0,1,False,0.009441304630083448,0.1,562597.0
"Fixed 56234, pilot",76,10,20,"D 1,2 -> 6,7",21,False,1.0,56257.0,1,False,0.01816733715807893,0.1,618854.0
"Fixed 56234, pilot",76,11,21,"D 1,3 -> 5,7",21,True,0.0,56258.0,1,False,0.018167337250793707,0.1,675112.0
"Fixed 56234, pilot",77,0,25,"D 2,3 -> 6,7",25,True,0.0,56259.0,1,False,0.31503606513167726,0.1,56259.0
"Fixed 56234, pilot",77,1,8,"D 0,1 -> 4,5",15,False,0.033311851350335986,56259.0,1,False,0.29681502172579394,0.1,112518.0
"Fixed 56234, pilot",77,2,18,"D 1,2 -> 4,7",15,True,5.551115123125783e-16,56257.0,1,False,0.303713351808019,0.1,168775.0
"Fixed 56234, pilot",77,3,15,"D 0,3 -> 5,6",15,True,0.0,56261.0,1,False,0.38824803810173447,0.1,225036.0
"Fixed 56234, pilot",77,4,19,"D 1,2 -> 5,6",19,True,0.0,56259.0,1,False,0.03758523456612009,0.1,281295.0
"Fixed 56234, pilot",77,5,14,"D 0,3 -> 4,7",14,True,0.0,56258.0,1,False,0.06571252413529677,0.1,337553.0
"Fixed 56234, pilot",77,6,22,"D 2,3 -> 4,5",22,True,0.0,56260.0,1,False,0.04364852185640933,0.1,393813.0
"Fixed 56234, pilot",77,7,11,"D 0,1 -> 6,7",11,True,0.0,56256.0,1,False,0.100727964292116,0.1,450069.0
"Fixed 56234, pilot",77,8,21,"D 1,3 -> 5,7",12,True,0.0,56261.0,1,False,0.009441304132124916,0.1,506330.0
"Fixed 56234, pilot",77,9,12,"D 0,2 -> 4,6",12,True,0.0,56262.0,1,False,0.018167337417688473,0.1,562592.0
"Fixed 56234, pilot",78,0,25,"D 2,3 -> 6,7",25,True,0.0,56257.0,1,False,0.31503606513167726,0.1,56257.0
"Fixed 56234, pilot",78,1,18,"D 1,2 -> 4,7",15,True,0.0,56262.0,1,False,0.29681502172579394,0.1,112519.0
"Fixed 56234, pilot",78,2,8,"D 0,1 -> 4,5",8,True,0.0,56259.0,1,False,0.3764697826210095,0.1,168778.0
"Fixed 56234, pilot",78,3,15,"D 0,3 -> 5,6",15,True,0.0,56259.0,1,False,0.30026357217502075,0.1,225037.0
"Fixed 56234, pilot",78,4,14,"D 0,3 -> 4,7",19,True,5.80789971671436e-10,56261.0,1,False,0.03758523474777508,0.1,281298.0
"Fixed 56234, pilot",78,5,19,"D 1,2 -> 5,6",19,True,0.0,56258.0,1,False,0.0657125239206618,0.1,337556.0
"Fixed 56234, pilot",78,6,22,"D 2,3 -> 4,5",22,True,0.0,56264.0,1,False,0.043648521241327065,0.1,393820.0
"Fixed 56234, pilot",78,7,11,"D 0,1 -> 6,7",11,True,0.0,56257.0,1,False,0.10072796416579699,0.1,450077.0
"Fixed 56234, pilot",78,8,0,S 0 -> 4,21,False,1.0,56262.0,1,False,0.009441304483876924,0.1,506339.0
"Fixed 56234, pilot",78,9,7,S 3 -> 7,12,False,1.0,56260.0,1,False,0.009441304546048494,0.1,562599.0
"Fixed 56234, pilot",78,10,11,"D 0,1 -> 6,7",12,False,0.9999999972399306,56261.0,1,False,0.009441304546048494,0.1,618860.0
"Fixed 56234, pilot",78,11,21,"D 1,3 -> 5,7",12,True,6.400169283438117e-10,56259.0,1,False,0.009441304546048494,0.1,675119.0
"Fixed 56234, pilot",78,12,13,"D 0,3 -> 4,5",12,False,1.0,56256.0,1,False,0.01816733785444203,0.1,731375.0
"Fixed 56234, pilot",78,13,12,"D 0,2 -> 4,6",12,True,0.0,56262.0,1,False,0.01816733785444203,0.1,787637.0
"Fixed 56234, pilot",79,0,25,"D 2,3 -> 6,7",25,True,0.0,56259.0,1,False,0.31503606513167726,0.1,56259.0
"Fixed 56234, pilot",79,1,8,"D 0,1 -> 4,5",15,False,0.033311851350335986,56255.0,1,False,0.29681502172579394,0.1,112514.0
"Fixed 56234, pilot",79,2,18,"D 1,2 -> 4,7",15,True,5.551115123125783e-16,56266.0,1,False,0.303713351808019,0.1,168780.0
"Fixed 56234, pilot",79,3,15,"D 0,3 -> 5,6",15,True,0.0,56258.0,1,False,0.38824803810173447,0.1,225038.0
"Fixed 56234, pilot",79,4,14,"D 0,3 -> 4,7",19,True,5.150813109366936e-11,56258.0,1,False,0.03758523456612009,0.1,281296.0
"Fixed 56234, pilot",79,5,19,"D 1,2 -> 5,6",19,True,0.0,56261.0,1,False,0.06571252413529666,0.1,337557.0
"Fixed 56234, pilot",79,6,11,"D 0,1 -> 6,7",22,False,0.044806584461233534,56259.0,1,False,0.04364852180125853,0.1,393816.0
"Fixed 56234, pilot",79,7,22,"D 2,3 -> 4,5",22,True,0.0,56261.0,1,False,0.0696747355600191,0.1,450077.0
"Fixed 56234, pilot",79,8,22,"D 2,3 -> 4,5",12,False,0.9999999880637926,56262.0,1,False,0.009441304652025612,0.1,506339.0
"Fixed 56234, pilot",79,9,12,"D 0,2 -> 4,6",12,True,0.0,56262.0,1,False,0.009441304652025612,0.1,562601.0
"Fixed 56234, pilot",79,10,0,S 0 -> 4,21,False,1.0,56259.0,1,False,0.018167337677685344,0.1,618860.0
"Fixed 56234, pilot",79,11,19,"D 1,2 -> 5,6",21,False,0.9867733702729005,56260.0,1,False,0.018167337677685344,0.1,675120.0
"Fixed 56234, pilot",80,0,25,"D 2,3 -> 6,7",25,True,0.0,56255.0,1,False,0.31503606513167726,0.1,56255.0
"Fixed 56234, pilot",80,1,15,"D 0,3 -> 5,6",15,True,0.0,56260.0,1,False,0.29681502172579394,0.1,112515.0
"Fixed 56234, pilot",80,2,8,"D 0,1 -> 4,5",8,True,0.0,56261.0,1,False,0.3764697826210095,0.1,168776.0
"Fixed 56234, pilot",80,3,18,"D 1,2 -> 4,7",18,True,0.0,56261.0,1,False,0.3002635722338174,0.1,225037.0
"Fixed 56234, pilot",80,4,19,"D 1,2 -> 5,6",14,True,5.182410056647768e-12,56258.0,1,False,0.03758523457422756,0.1,281295.0
"Fixed 56234, pilot",80,5,14,"D 0,3 -> 4,7",14,True,0.0,56261.0,1,False,0.06571252392066197,0.1,337556.0
"Fixed 56234, pilot",80,6,22,"D 2,3 -> 4,5",22,True,0.0,56258.0,1,False,0.04364852124132713,0.1,393814.0
"Fixed 56234, pilot",80,7,11,"D 0,1 -> 6,7",11,True,0.0,56262.0,1,False,0.10072796416579667,0.1,450076.0
"Fixed 56234, pilot",80,8,21,"D 1,3 -> 5,7",21,True,0.0,56259.0,1,False,0.009441304630083448,0.1,506335.0
"Fixed 56234, pilot",80,9,2,S 1 -> 5,12,False,1.0,56261.0,1,False,0.018167337649211367,0.1,562596.0
"Fixed 56234, pilot",80,10,1,S 0 -> 6,12,False,1.0,56258.0,1,False,0.018167337649211367,0.1,618854.0
"Fixed 56234, pilot",80,11,14,"D 0,3 -> 4,7",12,False,0.9867733860306898,56263.0,1,False,0.018167337649211367,0.1,675117.0
"Fixed 56234, pilot",81,0,25,"D 2,3 -> 6,7",25,True,0.0,56258.0,1,False,0.31503606513167726,0.1,56258.0
"Fixed 56234, pilot",81,1,18,"D 1,2 -> 4,7",15,True,0.0,56262.0,1,False,0.29681502172579394,0.1,112520.0
"Fixed 56234, pilot",81,2,8,"D 0,1 -> 4,5",8,True,0.0,56261.0,1,False,0.3764697826210095,0.1,168781.0
"Fixed 56234, pilot",81,3,15,"D 0,3 -> 5,6",15,True,0.0,56258.0,1,False,0.30026357217502075,0.1,225039.0
"Fixed 56234, pilot",81,4,14,"D 0,3 -> 4,7",19,True,5.80789971671436e-10,56260.0,1,False,0.03758523474777508,0.1,281299.0
"Fixed 56234, pilot",81,5,19,"D 1,2 -> 5,6",19,True,0.0,56258.0,1,False,0.0657125239206618,0.1,337557.0
"Fixed 56234, pilot",81,6,22,"D 2,3 -> 4,5",22,True,0.0,56262.0,1,False,0.043648521241327065,0.1,393819.0
"Fixed 56234, pilot",81,7,11,"D 0,1 -> 6,7",11,True,0.0,56260.0,1,False,0.10072796416579699,0.1,450079.0
"Fixed 56234, pilot",81,8,19,"D 1,2 -> 5,6",21,False,0.9999999644488927,56260.0,1,False,0.009441304483876924,0.1,506339.0
"Fixed 56234, pilot",81,9,25,"D 2,3 -> 6,7",12,False,0.9999999542087903,56261.0,1,False,0.009441304531544896,0.1,562600.0
"Fixed 56234, pilot",81,10,5,S 2 -> 6,12,False,1.0,56265.0,1,False,0.009441304531544896,0.1,618865.0
"Fixed 56234, pilot",81,11,12,"D 0,2 -> 4,6",12,True,0.0,56260.0,1,False,0.009441304531544896,0.1,675125.0
"Fixed 56234, pilot",81,12,21,"D 1,3 -> 5,7",21,True,0.0,56261.0,1,False,0.01816733768385099,0.1,731386.0
"Fixed 56234, pilot",82,0,25,"D 2,3 -> 6,7",25,True,0.0,56259.0,1,False,0.31503606513167726,0.1,56259.0
"Fixed 56234, pilot",82,1,18,"D 1,2 -> 4,7",15,True,0.0,56261.0,1,False,0.29681502172579394,0.1,112520.0
"Fixed 56234, pilot",82,2,8,"D 0,1 -> 4,5",8,True,0.0,56260.0,1,False,0.3764697826210095,0.1,168780.0
"Fixed 56234, pilot",82,3,15,"D 0,3 -> 5,6",15,True,0.0,56261.0,1,False,0.30026357217502075,0.1,225041.0
"Fixed 56234, pilot",82,4,19,"D 1,2 -> 5,6",19,True,0.0,56263.0,1,False,0.03758523474777508,0.1,281304.0
"Fixed 56234, pilot",82,5,14,"D 0,3 -> 4,7",14,True,0.0,56260.0,1,False,0.06571252399006697,0.1,337564.0
"Fixed 56234, pilot",82,6,22,"D 2,3 -> 4,5",22,True,0.0,56253.0,1,False,0.043648521305584075,0.1,393817.0
"Fixed 56234, pilot",82,7,11,"D 0,1 -> 6,7",11,True,0.0,56259.0,1,False,0.10072796416579774,0.1,450076.0
"Fixed 56234, pilot",82,8,12,"D 0,2 -> 4,6",21,False,2.297271373130627e-09,56256.0,1,False,0.009441304483876945,0.1,506332.0
"Fixed 56234, pilot",82,9,21,"D 1,3 -> 5,7",21,True,0.0,56260.0,1,False,0.018167337649210517,0.1,562592.0
"Fixed 56234, pilot",83,0,14,"D 0,3 -> 4,7",25,False,0.052846754050403844,56259.0,1,False,0.31503606513167726,0.1,56259.0
"Fixed 56234, pilot",83,1,11,"D 0,1 -> 6,7",22,False,0.02016704851099438,56263.0,1,False,0.2986379460442076,0.1,112522.0
"Fixed 56234, pilot",83,2,19,"D 1,2 -> 5,6",19,True,0.0,56264.0,1,False,0.3718349895348084,0.1,168786.0
"Fixed 56234, pilot",83,3,22,"D 2,3 -> 4,5",22,True,0.0,56260.0,1,False,0.34033883568924583,0.1,225046.0
"Fixed 56234, pilot",83,4,8,"D 0,1 -> 4,5",8,True,0.0,56262.0,1,False,0.022746161128215047,0.1,281308.0
"Fixed 56234, pilot",83,5,25,"D 2,3 -> 6,7",25,True,0.0,56262.0,1,False,0.038483766334910435,0.1,337570.0
"Fixed 56234, pilot",83,6,15,"D 0,3 -> 5,6",18,True,3.88189480560186e-12,56259.0,1,False,0.033236707270392435,0.1,393829.0
"Fixed 56234, pilot",83,7,18,"D 1,2 -> 4,7",18,True,0.0,56259.0,1,False,0.06135745114017988,0.1,450088.0
"Fixed 56234, pilot",83,8,8,"D 0,1 -> 4,5",12,False,0.9999999995748722,56257.0,1,False,0.009441304626155275,0.1,506345.0
"Fixed 56234, pilot",83,9,18,"D 1,2 -> 4,7",12,False,0.9999999992529784,56260.0,1,False,0.009441304626155275,0.1,562605.0
"Fixed 56234, pilot",83,10,21,"D 1,3 -> 5,7",12,True,9.085976415690311e-11,56260.0,1,False,0.009441304626155275,0.1,618865.0
"Fixed 56234, pilot",83,11,11,"D 0,1 -> 6,7",12,False,0.9826751246217251,56260.0,1,False,0.018167337718606767,0.1,675125.0
"Fixed 56234, pilot",84,0,25,"D 2,3 -> 6,7",25,True,0.0,56256.0,1,False,0.31503606513167726,0.1,56256.0
"Fixed 56234, pilot",84,1,15,"D 0,3 -> 5,6",15,True,0.0,56257.0,1,False,0.29681502172579394,0.1,112513.0
"Fixed 56234, pilot",84,2,8,"D 0,1 -> 4,5",8,True,0.0,56260.0,1,False,0.3764697826210095,0.1,168773.0
"Fixed 56234, pilot",84,3,18,"D 1,2 -> 4,7",18,True,0.0,56261.0,1,False,0.3002635722338174,0.1,225034.0
"Fixed 56234, pilot",84,4,14,"D 0,3 -> 4,7",14,True,0.0,56262.0,1,False,0.03758523457422756,0.1,281296.0
"Fixed 56234, pilot",84,5,19,"D 1,2 -> 5,6",19,True,0.0,56261.0,1,False,0.0657125239900671,0.1,337557.0
"Fixed 56234, pilot",84,6,11,"D 0,1 -> 6,7",22,False,0.044806582302531095,56262.0,1,False,0.04364852130558422,0.1,393819.0
"Fixed 56234, pilot",84,7,22,"D 2,3 -> 4,5",22,True,0.0,56262.0,1,False,0.06967473471683744,0.1,450081.0
"Fixed 56234, pilot",84,8,21,"D 1,3 -> 5,7",12,False,2.6598964142365844e-09,56259.0,1,False,0.009441304763103292,0.1,506340.0
"Fixed 56234, pilot",84,9,12,"D 0,2 -> 4,6",12,True,0.0,56259.0,1,False,0.018167337649211208,0.1,562599.0
"Fixed 56234, pilot",85,0,25,"D 2,3 -> 6,7",25,True,0.0,56259.0,1,False,0.31503606513167726,0.1,56259.0
"Fixed 56234, pilot",85,1,8,"D 0,1 -> 4,5",15,False,0.033311851350335986,56262.0,1,False,0.29681502172579394,0.1,112521.0
"Fixed 56234, pilot",85,2,15,"D 0,3 -> 5,6",15,True,0.0,56263.0,1,False,0.303713351808019,0.1,168784.0
"Fixed 56234, pilot",85,3,18,"D 1,2 -> 4,7",18,True,0.0,56259.0,1,False,0.38824803810173436,0.1,225043.0
"Fixed 56234, pilot",85,4,22,"D 2,3 -> 4,5",14,False,0.3088452018247658,56263.0,1,False,0.03758523456612019,0.1,281306.0
"Fixed 56234, pilot",85,5,11,"D 0,1 -> 6,7",11,True,0.0,56265.0,1,False,0.05305793321064091,0.1,337571.0
"Fixed 56234, pilot",85,6,14,"D 0,3 -> 4,7",14,True,0.0,56264.0,1,False,0.05410901650368683,0.1,393835.0
"Fixed 56234, pilot",85,7,19,"D 1,2 -> 5,6",19,True,0.0,56263.0,1,False,0.10242177930137031,0.1,450098.0
"Fixed 56234, pilot",85,8,23,"D 2,3 -> 4,7",12,False,1.0,56259.0,1,False,0.00944130464510617,0.1,506357.0
"Fixed 56234, pilot",85,9,3,S 1 -> 7,12,False,1.0,56260.0,1,False,0.00944130464510617,0.1,562617.0
"Fixed 56234, pilot",85,10,6,S 3 -> 5,12,False,1.0,56263.0,1,False,0.00944130464510617,0.1,618880.0
"Fixed 56234, pilot",85,11,9,"D 0,1 -> 4,7",12,False,1.0,56257.0,1,False,0.00944130464510617,0.1,675137.0
"Fixed 56234, pilot",85,12,10,"D 0,1 -> 5,6",12,False,1.0,56260.0,1,False,0.00944130464510617,0.1,731397.0
"Fixed 56234, pilot",85,13,0,S 0 -> 4,12,False,1.0,56262.0,1,False,0.00944130464510617,0.1,787659.0
"Fixed 56234, pilot",85,14,5,S 2 -> 6,12,False,1.0,56262.0,1,False,0.00944130464510617,0.1,843921.0
"Fixed 56234, pilot",85,15,5,S 2 -> 6,12,False,1.0,56262.0,1,False,0.00944130464510617,0.1,900183.0
"Fixed 56234, pilot",85,16,19,"D 1,2 -> 5,6",12,False,0.9999999980908876,56256.0,1,False,0.00944130464510617,0.1,956439.0
"Fixed 56234, pilot",85,17,12,"D 0,2 -> 4,6",12,True,0.0,56260.0,1,False,0.00944130464510617,0.1,1012699.0
"Fixed 56234, pilot",85,18,12,"D 0,2 -> 4,6",21,False,0.999999999604849,56260.0,1,False,0.018167337681806634,0.1,1068959.0
"Fixed 56234, pilot",85,19,5,S 2 -> 6,21,False,1.0,56256.0,1,False,0.018167337681806634,0.1,1125215.0
"Fixed 56234, pilot",86,0,19,"D 1,2 -> 5,6",25,False,0.052846754050403844,56261.0,1,False,0.31503606513167726,0.1,56261.0
"Fixed 56234, pilot",86,1,22,"D 2,3 -> 4,5",22,True,0.0,56262.0,1,False,0.2986379460814117,0.1,112523.0
"Fixed 56234, pilot",86,2,14,"D 0,3 -> 4,7",14,True,0.0,56260.0,1,False,0.3532199223008815,0.1,168783.0
"Fixed 56234, pilot",86,3,11,"D 0,1 -> 6,7",11,True,0.0,56258.0,1,False,0.22254278935005609,0.1,225041.0
"Fixed 56234, pilot",86,4,7,S 3 -> 7,8,False,1.0,56261.0,1,False,0.022746160639765003,0.1,281302.0
"Fixed 56234, pilot",86,5,8,"D 0,1 -> 4,5",8,True,0.0,56260.0,1,False,0.022746161293803357,0.1,337562.0
"Fixed 56234, pilot",86,6,25,"D 2,3 -> 6,7",25,True,0.0,56256.0,1,False,0.03848376642324387,0.1,393818.0
"Fixed 56234, pilot",86,7,18,"D 1,2 -> 4,7",18,True,0.0,56261.0,1,False,0.033236707455053,0.1,450079.0
"Fixed 56234, pilot",86,8,15,"D 0,3 -> 5,6",15,True,0.0,56257.0,1,False,0.06135745224653434,0.1,506336.0
"Fixed 56234, pilot",86,9,11,"D 0,1 -> 6,7",12,False,0.9999999315801125,56259.0,1,False,0.009441304583890694,0.1,562595.0
"Fixed 56234, pilot",86,10,9,"D 0,1 -> 4,7",12,False,1.0,56261.0,1,False,0.009441304583890694,0.1,618856.0
"Fixed 56234, pilot",86,11,20,"D 1,2 -> 6,7",12,False,1.0,56263.0,1,False,0.009441304583890694,0.1,675119.0
"Fixed 56234, pilot",86,12,6,S 3 -> 5,12,False,1.0,56261.0,1,False,0.009441304583890694,0.1,731380.0
"Fixed 56234, pilot",86,13,2,S 1 -> 5,12,False,1.0,56259.0,1,False,0.009441304583890694,0.1,787639.0
"Fixed 56234, pilot",86,14,15,"D 0,3 -> 5,6",12,False,0.9999999966063987,56258.0,1,False,0.009441304583890694,0.1,843897.0
"Fixed 56234, pilot",86,15,19,"D 1,2 -> 5,6",12,False,0.9999999250854681,56259.0,1,False,0.009441304583890694,0.1,900156.0
"Fixed 56234, pilot",86,16,7,S 3 -> 7,12,False,1.0,56259.0,1,False,0.009441304583890694,0.1,956415.0
"Fixed 56234, pilot",86,17,21,"D 1,3 -> 5,7",12,False,1.7045701516948952e-09,56261.0,1,False,0.009441304583890694,0.1,1012676.0
"Fixed 56234, pilot",86,18,24,"D 2,3 -> 5,6",12,False,1.0,56257.0,1,False,0.01816733767450029,0.1,1068933.0
"Fixed 56234, pilot",86,19,12,"D 0,2 -> 4,6",12,True,0.0,56258.0,1,False,0.01816733767450029,0.1,1125191.0
"Fixed 56234, pilot",87,0,25,"D 2,3 -> 6,7",25,True,0.0,56256.0,1,False,0.31503606513167726,0.1,56256.0
"Fixed 56234, pilot",87,1,8,"D 0,1 -> 4,5",15,False,0.033311851350335986,56258.0,1,False,0.29681502172579394,0.1,112514.0
"Fixed 56234, pilot",87,2,18,"D 1,2 -> 4,7",15,True,5.551115123125783e-16,56262.0,1,False,0.303713351808019,0.1,168776.0
"Fixed 56234, pilot",87,3,15,"D 0,3 -> 5,6",15,True,0.0,56261.0,1,False,0.38824803810173447,0.1,225037.0
"Fixed 56234, pilot",87,4,19,"D 1,2 -> 5,6",19,True,0.0,56261.0,1,False,0.03758523456612009,0.1,281298.0
"Fixed 56234, pilot",87,5,14,"D 0,3 -> 4,7",14,True,0.0,56260.0,1,False,0.06571252413529677,0.1,337558.0
"Fixed 56234, pilot",87,6,22,"D 2,3 -> 4,5",22,True,0.0,56262.0,1,False,0.04364852185640933,0.1,393820.0
"Fixed 56234, pilot",87,7,11,"D 0,1 -> 6,7",11,True,0.0,56261.0,1,False,0.100727964292116,0.1,450081.0
"Fixed 56234, pilot",87,8,21,"D 1,3 -> 5,7",12,True,0.0,56260.0,1,False,0.009441304132124916,0.1,506341.0
"Fixed 56234, pilot",87,9,19,"D 1,2 -> 5,6",12,False,0.9867669561071296,56260.0,1,False,0.018167337417688473,0.1,562601.0
"Fixed 56234, pilot",88,0,25,"D 2,3 -> 6,7",25,True,0.0,56256.0,1,False,0.31503606513167726,0.1,56256.0
"Fixed 56234, pilot",88,1,18,"D 1,2 -> 4,7",15,True,0.0,56263.0,1,False,0.29681502172579394,0.1,112519.0
"Fixed 56234, pilot",88,2,8,"D 0,1 -> 4,5",8,True,0.0,56262.0,1,False,0.3764697826210095,0.1,168781.0
"Fixed 56234, pilot",88,3,15,"D 0,3 -> 5,6",15,True,0.0,56259.0,1,False,0.30026357217502075,0.1,225040.0
"Fixed 56234, pilot",88,4,22,"D 2,3 -> 4,5",19,False,0.30884520486840616,56259.0,1,False,0.03758523474777508,0.1,281299.0
"Fixed 56234, pilot",88,5,11,"D 0,1 -> 6,7",11,True,0.0,56260.0,1,False,0.0530579340682053,0.1,337559.0
"Fixed 56234, pilot",88,6,14,"D 0,3 -> 4,7",14,True,0.0,56260.0,1,False,0.054109016935595354,0.1,393819.0
"Fixed 56234, pilot",88,7,19,"D 1,2 -> 5,6",19,True,0.0,56261.0,1,False,0.10242178082410709,0.1,450080.0
"Fixed 56234, pilot",88,8,0,S 0 -> 4,21,False,1.0,56263.0,1,False,0.009441304591322936,0.1,506343.0
"Fixed 56234, pilot",88,9,2,S 1 -> 5,21,False,1.0,56259.0,1,False,0.009441304591322936,0.1,562602.0
"Fixed 56234, pilot",88,10,4,S 2 -> 4,21,False,1.0,56262.0,1,False,0.009441304591322936,0.1,618864.0
"Fixed 56234, pilot",88,11,12,"D 0,2 -> 4,6",21,True,3.603128906348729e-11,56256.0,1,False,0.009441304591322936,0.1,675120.0
"Fixed 56234, pilot",88,12,2,S 1 -> 5,21,False,1.0,56262.0,1,False,0.01816733768002648,0.1,731382.0
"Fixed 56234, pilot",88,13,8,"D 0,1 -> 4,5",21,False,0.9936896431497659,56262.0,1,False,0.01816733768002648,0.1,787644.0
"Fixed 56234, pilot",89,0,25,"D 2,3 -> 6,7",25,True,0.0,56257.0,1,False,0.31503606513167726,0.1,56257.0
"Fixed 56234, pilot",89,1,15,"D 0,3 -> 5,6",15,True,0.0,56258.0,1,False,0.29681502172579394,0.1,112515.0
"Fixed 56234, pilot",89,2,8,"D 0,1 -> 4,5",8,True,0.0,56265.0,1,False,0.3764697826210095,0.1,168780.0
"Fixed 56234, pilot",89,3,18,"D 1,2 -> 4,7",18,True,0.0,56260.0,1,False,0.3002635722338174,0.1,225040.0
"Fixed 56234, pilot",89,4,19,"D 1,2 -> 5,6",14,True,5.182410056647768e-12,56260.0,1,False,0.03758523457422756,0.1,281300.0
"Fixed 56234, pilot",89,5,14,"D 0,3 -> 4,7",14,True,0.0,56259.0,1,False,0.06571252392066197,0.1,337559.0
"Fixed 56234, pilot",89,6,22,"D 2,3 -> 4,5",22,True,0.0,56262.0,1,False,0.04364852124132713,0.1,393821.0
"Fixed 56234, pilot",89,7,11,"D 0,1 -> 6,7",11,True,0.0,56261.0,1,False,0.10072796416579667,0.1,450082.0
"Fixed 56234, pilot",89,8,12,"D 0,2 -> 4,6",21,True,2.371568497139265e-10,56260.0,1,False,0.009441304630083448,0.1,506342.0
"Fixed 56234, pilot",89,9,11,"D 0,1 -> 6,7",21,False,0.9826751096774354,56261.0,1,False,0.01816733759515189,0.1,562603.0
"Fixed 56234, pilot",90,0,25,"D 2,3 -> 6,7",25,True,0.0,56257.0,1,False,0.31503606513167726,0.1,56257.0
"Fixed 56234, pilot",90,1,15,"D 0,3 -> 5,6",15,True,0.0,56261.0,1,False,0.29681502172579394,0.1,112518.0
"Fixed 56234, pilot",90,2,8,"D 0,1 -> 4,5",8,True,0.0,56258.0,1,False,0.3764697826210095,0.1,168776.0
"Fixed 56234, pilot",90,3,18,"D 1,2 -> 4,7",18,True,0.0,56263.0,1,False,0.3002635722338174,0.1,225039.0
"Fixed 56234, pilot",90,4,19,"D 1,2 -> 5,6",14,True,5.182410056647768e-12,56258.0,1,False,0.03758523457422756,0.1,281297.0
"Fixed 56234, pilot",90,5,14,"D 0,3 -> 4,7",14,True,0.0,56257.0,1,False,0.06571252392066197,0.1,337554.0
"Fixed 56234, pilot",90,6,11,"D 0,1 -> 6,7",22,False,0.044806582285143115,56261.0,1,False,0.04364852124132713,0.1,393815.0
"Fixed 56234, pilot",90,7,22,"D 2,3 -> 4,5",22,True,0.0,56262.0,1,False,0.06967473471393487,0.1,450077.0
"Fixed 56234, pilot",90,8,14,"D 0,3 -> 4,7",21,False,0.999999986483221,56261.0,1,False,0.009441304632724919,0.1,506338.0
"Fixed 56234, pilot",90,9,10,"D 0,1 -> 5,6",21,False,1.0,56261.0,1,False,0.009441304632724919,0.1,562599.0
"Fixed 56234, pilot",90,10,7,S 3 -> 7,21,False,1.0,56262.0,1,False,0.009441304632724919,0.1,618861.0
"Fixed 56234, pilot",90,11,6,S 3 -> 5,21,False,1.0,56263.0,1,False,0.009441304632724919,0.1,675124.0
"Fixed 56234, pilot",90,12,12,"D 0,2 -> 4,6",21,True,7.587118711072094e-10,56258.0,1,False,0.009441304632724919,0.1,731382.0
"Fixed 56234, pilot",90,13,21,"D 1,3 -> 5,7",21,True,0.0,56264.0,1,False,0.018167337597258176,0.1,787646.0
"Fixed 56234, pilot",91,0,25,"D 2,3 -> 6,7",25,True,0.0,56259.0,1,False,0.31503606513167726,0.1,56259.0
"Fixed 56234, pilot",91,1,15,"D 0,3 -> 5,6",15,True,0.0,56258.0,1,False,0.29681502172579394,0.1,112517.0
"Fixed 56234, pilot",91,2,8,"D 0,1 -> 4,5",8,True,0.0,56265.0,1,False,0.3764697826210095,0.1,168782.0
"Fixed 56234, pilot",91,3,18,"D 1,2 -> 4,7",18,True,0.0,56255.0,1,False,0.3002635722338174,0.1,225037.0
"Fixed 56234, pilot",91,4,14,"D 0,3 -> 4,7",14,True,0.0,56264.0,1,False,0.03758523457422756,0.1,281301.0
"Fixed 56234, pilot",91,5,19,"D 1,2 -> 5,6",19,True,0.0,56261.0,1,False,0.0657125239900671,0.1,337562.0
"Fixed 56234, pilot",91,6,11,"D 0,1 -> 6,7",22,False,0.044806582302531095,56259.0,1,False,0.04364852130558422,0.1,393821.0
"Fixed 56234, pilot",91,7,22,"D 2,3 -> 4,5",22,True,0.0,56260.0,1,False,0.06967473471683744,0.1,450081.0
"Fixed 56234, pilot",91,8,5,S 2 -> 6,12,False,1.0,56260.0,1,False,0.009441304763103292,0.1,506341.0
"Fixed 56234, pilot",91,9,11,"D 0,1 -> 6,7",12,False,0.999999928507858,56259.0,1,False,0.009441304763103292,0.1,562600.0
"Fixed 56234, pilot",91,10,5,S 2 -> 6,12,False,1.0,56263.0,1,False,0.009441304763103292,0.1,618863.0
"Fixed 56234, pilot",91,11,5,S 2 -> 6,12,False,1.0,56261.0,1,False,0.009441304763103292,0.1,675124.0
"Fixed 56234, pilot",91,12,21,"D 1,3 -> 5,7",12,False,2.6598964142365844e-09,56257.0,1,False,0.009441304763103292,0.1,731381.0
"Fixed 56234, pilot",91,13,14,"D 0,3 -> 4,7",12,False,0.9867732758251292,56260.0,1,False,0.01816733786099836,0.1,787641.0
"Fixed 56234, pilot",92,0,25,"D 2,3 -> 6,7",25,True,0.0,56260.0,1,False,0.31503606513167726,0.1,56260.0
"Fixed 56234, pilot",92,1,15,"D 0,3 -> 5,6",15,True,0.0,56262.0,1,False,0.29681502172579394,0.1,112522.0
"Fixed 56234, pilot",92,2,8,"D 0,1 -> 4,5",8,True,0.0,56262.0,1,False,0.3764697826210095,0.1,168784.0
"Fixed 56234, pilot",92,3,18,"D 1,2 -> 4,7",18,True,0.0,56261.0,1,False,0.3002635722338174,0.1,225045.0
"Fixed 56234, pilot",92,4,19,"D 1,2 -> 5,6",14,True,5.182410056647768e-12,56263.0,1,False,0.03758523457422756,0.1,281308.0
"Fixed 56234, pilot",92,5,14,"D 0,3 -> 4,7",14,True,0.0,56261.0,1,False,0.06571252392066197,0.1,337569.0
"Fixed 56234, pilot",92,6,11,"D 0,1 -> 6,7",22,False,0.044806582285143115,56260.0,1,False,0.04364852124132713,0.1,393829.0
"Fixed 56234, pilot",92,7,22,"D 2,3 -> 4,5",22,True,0.0,56259.0,1,False,0.06967473471393487,0.1,450088.0
"Fixed 56234, pilot",92,8,18,"D 1,2 -> 4,7",21,False,0.9999999899943335,56261.0,1,False,0.009441304632724919,0.1,506349.0
"Fixed 56234, pilot",92,9,12,"D 0,2 -> 4,6",21,True,7.587118711072094e-10,56265.0,1,False,0.009441304632724919,0.1,562614.0
"Fixed 56234, pilot",92,10,21,"D 1,3 -> 5,7",21,True,0.0,56260.0,1,False,0.018167337844816236,0.1,618874.0
"Fixed 56234, pilot",93,0,25,"D 2,3 -> 6,7",25,True,0.0,56258.0,1,False,0.31503606513167726,0.1,56258.0
"Fixed 56234, pilot",93,1,15,"D 0,3 -> 5,6",15,True,0.0,56262.0,1,False,0.29681502172579394,0.1,112520.0
"Fixed 56234, pilot",93,2,8,"D 0,1 -> 4,5",8,True,0.0,56262.0,1,False,0.3764697826210095,0.1,168782.0
"Fixed 56234, pilot",93,3,18,"D 1,2 -> 4,7",18,True,0.0,56260.0,1,False,0.3002635722338174,0.1,225042.0
"Fixed 56234, pilot",93,4,19,"D 1,2 -> 5,6",14,True,5.182410056647768e-12,56259.0,1,False,0.03758523457422756,0.1,281301.0
"Fixed 56234, pilot",93,5,14,"D 0,3 -> 4,7",14,True,0.0,56264.0,1,False,0.06571252392066197,0.1,337565.0
"Fixed 56234, pilot",93,6,11,"D 0,1 -> 6,7",22,False,0.044806582285143115,56259.0,1,False,0.04364852124132713,0.1,393824.0
"Fixed 56234, pilot",93,7,22,"D 2,3 -> 4,5",22,True,0.0,56258.0,1,False,0.06967473471393487,0.1,450082.0
"Fixed 56234, pilot",93,8,13,"D 0,3 -> 4,5",21,False,1.0,56261.0,1,False,0.009441304632724919,0.1,506343.0
"Fixed 56234, pilot",93,9,19,"D 1,2 -> 5,6",21,False,0.9999999753612627,56256.0,1,False,0.009441304632724919,0.1,562599.0
"Fixed 56234, pilot",93,10,1,S 0 -> 6,21,False,1.0,56260.0,1,False,0.009441304632724919,0.1,618859.0
"Fixed 56234, pilot",93,11,11,"D 0,1 -> 6,7",21,False,0.9999999965742887,56264.0,1,False,0.009441304632724919,0.1,675123.0
"Fixed 56234, pilot",93,12,8,"D 0,1 -> 4,5",21,False,0.9999999853713611,56260.0,1,False,0.009441304632724919,0.1,731383.0
"Fixed 56234, pilot",93,13,21,"D 1,3 -> 5,7",21,True,0.0,56258.0,1,False,0.009441304632724919,0.1,787641.0
"Fixed 56234, pilot",93,14,9,"D 0,1 -> 4,7",12,False,1.0,56261.0,1,False,0.018167337031050633,0.1,843902.0
"Fixed 56234, pilot",93,15,2,S 1 -> 5,12,False,1.0,56262.0,1,False,0.018167337031050633,0.1,900164.0
"Fixed 56234, pilot",93,16,12,"D 0,2 -> 4,6",12,True,0.0,56262.0,1,False,0.018167337031050633,0.1,956426.0
"Fixed 56234, pilot",94,0,25,"D 2,3 -> 6,7",25,True,0.0,56257.0,1,False,0.31503606513167726,0.1,56257.0
"Fixed 56234, pilot",94,1,18,"D 1,2 -> 4,7",15,True,0.0,56259.0,1,False,0.29681502172579394,0.1,112516.0
"Fixed 56234, pilot",94,2,8,"D 0,1 -> 4,5",8,True,0.0,56260.0,1,False,0.3764697826210095,0.1,168776.0
"Fixed 56234, pilot",94,3,15,"D 0,3 -> 5,6",15,True,0.0,56264.0,1,False,0.30026357217502075,0.1,225040.0
"Fixed 56234, pilot",94,4,14,"D 0,3 -> 4,7",19,True,5.80789971671436e-10,56262.0,1,False,0.03758523474777508,0.1,281302.0
"Fixed 56234, pilot",94,5,19,"D 1,2 -> 5,6",19,True,0.0,56258.0,1,False,0.0657125239206618,0.1,337560.0
"Fixed 56234, pilot",94,6,11,"D 0,1 -> 6,7",22,False,0.044806582285133345,56264.0,1,False,0.043648521241327065,0.1,393824.0
"Fixed 56234, pilot",94,7,22,"D 2,3 -> 4,5",22,True,0.0,56260.0,1,False,0.06967473482297251,0.1,450084.0
"Fixed 56234, pilot",94,8,5,S 2 -> 6,12,False,1.0,56260.0,1,False,0.009441304632724787,0.1,506344.0
"Fixed 56234, pilot",94,9,19,"D 1,2 -> 5,6",12,False,0.9999999864832305,56258.0,1,False,0.009441304632724787,0.1,562602.0
"Fixed 56234, pilot",94,10,12,"D 0,2 -> 4,6",12,True,0.0,56263.0,1,False,0.009441304632724787,0.1,618865.0
"Fixed 56234, pilot",94,11,13,"D 0,3 -> 4,5",21,False,1.0,56263.0,1,False,0.018167337618534368,0.1,675128.0
"Fixed 56234, pilot",94,12,0,S 0 -> 4,21,False,1.0,56261.0,1,False,0.018167337618534368,0.1,731389.0
"Fixed 56234, pilot",94,13,25,"D 2,3 -> 6,7",21,False,0.9938252100828912,56258.0,1,False,0.018167337618534368,0.1,787647.0
"Fixed 56234, pilot",95,0,25,"D 2,3 -> 6,7",25,True,0.0,56260.0,1,False,0.31503606513167726,0.1,56260.0
"Fixed 56234, pilot",95,1,15,"D 0,3 -> 5,6",15,True,0.0,56261.0,1,False,0.29681502172579394,0.1,112521.0
"Fixed 56234, pilot",95,2,8,"D 0,1 -> 4,5",8,True,0.0,56261.0,1,False,0.3764697826210095,0.1,168782.0
"Fixed 56234, pilot",95,3,18,"D 1,2 -> 4,7",18,True,0.0,56261.0,1,False,0.3002635722338174,0.1,225043.0
"Fixed 56234, pilot",95,4,14,"D 0,3 -> 4,7",14,True,0.0,56261.0,1,False,0.03758523457422756,0.1,281304.0
"Fixed 56234, pilot",95,5,19,"D 1,2 -> 5,6",19,True,0.0,56263.0,1,False,0.0657125239900671,0.1,337567.0
"Fixed 56234, pilot",95,6,11,"D 0,1 -> 6,7",22,False,0.044806582302531095,56264.0,1,False,0.04364852130558422,0.1,393831.0
"Fixed 56234, pilot",95,7,22,"D 2,3 -> 4,5",22,True,0.0,56257.0,1,False,0.06967473471683744,0.1,450088.0
"Fixed 56234, pilot",95,8,12,"D 0,2 -> 4,6",12,True,0.0,56263.0,1,False,0.009441304763103292,0.1,506351.0
"Fixed 56234, pilot",95,9,21,"D 1,3 -> 5,7",21,True,0.0,56258.0,1,False,0.018167337650104195,0.1,562609.0
