method,trajectory,iteration,selected,selected_label,exact_best_arm,exact_best,shortfall,shots,rounds,stopped_rho,max_abs_gradient,seconds,cumulative_shots
"Fixed 177828, designed",0,0,25,"D 2,3 -> 6,7",25,True,0.0,177855.0,1,False,0.31503606513167726,0.06,177855.0
"Fixed 177828, designed",0,1,18,"D 1,2 -> 4,7",15,True,0.0,177855.0,1,False,0.29681502172579394,0.05,355710.0
"Fixed 177828, designed",0,2,8,"D 0,1 -> 4,5",8,True,0.0,177854.0,1,False,0.3764697826210095,0.05,533564.0
"Fixed 177828, designed",0,3,15,"D 0,3 -> 5,6",15,True,0.0,177858.0,1,False,0.30026357217502075,0.05,711422.0
"Fixed 177828, designed",0,4,19,"D 1,2 -> 5,6",19,True,0.0,177861.0,1,False,0.03758523474777508,0.05,889283.0
"Fixed 177828, designed",0,5,14,"D 0,3 -> 4,7",14,True,0.0,177860.0,1,False,0.06571252399006697,0.05,1067143.0
"Fixed 177828, designed",0,6,11,"D 0,1 -> 6,7",22,False,0.04480658230253376,177853.0,1,False,0.043648521305584075,0.05,1244996.0
"Fixed 177828, designed",0,7,22,"D 2,3 -> 4,5",22,True,0.0,177858.0,1,False,0.06967473471393487,0.05,1422854.0
"Fixed 177828, designed",0,8,12,"D 0,2 -> 4,6",21,False,2.6598955260581647e-09,177858.0,1,False,0.009441304763103297,0.05,1600712.0
"Fixed 177828, designed",0,9,21,"D 1,3 -> 5,7",21,True,0.0,177855.0,1,False,0.018167337649211406,0.05,1778567.0
"Fixed 177828, designed",1,0,25,"D 2,3 -> 6,7",25,True,0.0,177855.0,1,False,0.31503606513167726,0.06,177855.0
"Fixed 177828, designed",1,1,18,"D 1,2 -> 4,7",15,True,0.0,177855.0,1,False,0.29681502172579394,0.05,355710.0
"Fixed 177828, designed",1,2,8,"D 0,1 -> 4,5",8,True,0.0,177854.0,1,False,0.3764697826210095,0.05,533564.0
"Fixed 177828, designed",1,3,15,"D 0,3 -> 5,6",15,True,0.0,177858.0,1,False,0.30026357217502075,0.05,711422.0
"Fixed 177828, designed",1,4,19,"D 1,2 -> 5,6",19,True,0.0,177861.0,1,False,0.03758523474777508,0.05,889283.0
"Fixed 177828, designed",1,5,14,"D 0,3 -> 4,7",14,True,0.0,177860.0,1,False,0.06571252399006697,0.05,1067143.0
"Fixed 177828, designed",1,6,22,"D 2,3 -> 4,5",22,True,0.0,177853.0,1,False,0.043648521305584075,0.05,1244996.0
"Fixed 177828, designed",1,7,11,"D 0,1 -> 6,7",11,True,0.0,177855.0,1,False,0.10072796416579774,0.05,1422851.0
"Fixed 177828, designed",1,8,12,"D 0,2 -> 4,6",21,False,2.297271373130627e-09,177858.0,1,False,0.009441304483876945,0.05,1600709.0
"Fixed 177828, designed",1,9,21,"D 1,3 -> 5,7",21,True,0.0,177855.0,1,False,0.018167337649210517,0.05,1778564.0
"Fixed 177828, designed",2,0,25,"D 2,3 -> 6,7",25,True,0.0,177855.0,1,False,0.31503606513167726,0.06,177855.0
"Fixed 177828, designed",2,1,18,"D 1,2 -> 4,7",15,True,0.0,177855.0,1,False,0.29681502172579394,0.05,355710.0
"Fixed 177828, designed",2,2,8,"D 0,1 -> 4,5",8,True,0.0,177854.0,1,False,0.3764697826210095,0.05,533564.0
"Fixed 177828, designed",2,3,15,"D 0,3 -> 5,6",15,True,0.0,177858.0,1,False,0.30026357217502075,0.05,711422.0
"Fixed 177828, designed",2,4,19,"D 1,2 -> 5,6",19,True,0.0,177861.0,1,False,0.03758523474777508,0.05,889283.0
"Fixed 177828, designed",2,5,14,"D 0,3 -> 4,7",14,True,0.0,177860.0,1,False,0.06571252399006697,0.05,1067143.0
"Fixed 177828, designed",2,6,22,"D 2,3 -> 4,5",22,True,0.0,177853.0,1,False,0.043648521305584075,0.05,1244996.0
"Fixed 177828, designed",2,7,11,"D 0,1 -> 6,7",11,True,0.0,177855.0,1,False,0.10072796416579774,0.05,1422851.0
"Fixed 177828, designed",2,8,0,S 0 -> 4,21,False,1.0,177858.0,1,False,0.009441304483876945,0.05,1600709.0
"Fixed 177828, designed",2,9,21,"D 1,3 -> 5,7",12,True,6.400112662063862e-10,177858.0,1,False,0.00944130454604846,0.05,1778567.0
"Fixed 177828, designed",2,10,12,"D 0,2 -> 4,6",12,True,0.0,177859.0,1,False,0.018167337650105007,0.05,1956426.0
"Fixed 177828, designed",3,0,25,"D 2,3 -> 6,7",25,True,0.0,177855.0,1,False,0.31503606513167726,0.06,177855.0
"Fixed 177828, designed",3,1,15,"D 0,3 -> 5,6",15,True,0.0,177855.0,1,False,0.29681502172579394,0.05,355710.0
"Fixed 177828, designed",3,2,8,"D 0,1 -> 4,5",8,True,0.0,177853.0,1,False,0.3764697826210095,0.05,533563.0
"Fixed 177828, designed",3,3,18,"D 1,2 -> 4,7",18,True,0.0,177854.0,1,False,0.3002635722338174,0.05,711417.0
"Fixed 177828, designed",3,4,19,"D 1,2 -> 5,6",14,True,5.182410056647768e-12,177861.0,1,False,0.03758523457422756,0.05,889278.0
"Fixed 177828, designed",3,5,14,"D 0,3 -> 4,7",14,True,0.0,177860.0,1,False,0.06571252392066197,0.05,1067138.0
"Fixed 177828, designed",3,6,22,"D 2,3 -> 4,5",22,True,0.0,177853.0,1,False,0.04364852124132713,0.05,1244991.0
"Fixed 177828, designed",3,7,11,"D 0,1 -> 6,7",11,True,0.0,177855.0,1,False,0.10072796416579667,0.06,1422846.0
"Fixed 177828, designed",3,8,12,"D 0,2 -> 4,6",21,True,2.371568497139265e-10,177858.0,1,False,0.009441304630083448,0.06,1600704.0
"Fixed 177828, designed",3,9,21,"D 1,3 -> 5,7",21,True,0.0,177855.0,1,False,0.01816733759515189,0.06,1778559.0
"Fixed 177828, designed",4,0,25,"D 2,3 -> 6,7",25,True,0.0,177855.0,1,False,0.31503606513167726,0.06,177855.0
"Fixed 177828, designed",4,1,15,"D 0,3 -> 5,6",15,True,0.0,177855.0,1,False,0.29681502172579394,0.06,355710.0
"Fixed 177828, designed",4,2,8,"D 0,1 -> 4,5",8,True,0.0,177853.0,1,False,0.3764697826210095,0.06,533563.0
"Fixed 177828, designed",4,3,18,"D 1,2 -> 4,7",18,True,0.0,177854.0,1,False,0.3002635722338174,0.05,711417.0
"Fixed 177828, designed",4,4,19,"D 1,2 -> 5,6",14,True,5.182410056647768e-12,177861.0,1,False,0.03758523457422756,0.05,889278.0
"Fixed 177828, designed",4,5,14,"D 0,3 -> 4,7",14,True,0.0,177860.0,1,False,0.06571252392066197,0.05,1067138.0
"Fixed 177828, designed",4,6,22,"D 2,3 -> 4,5",22,True,0.0,177853.0,1,False,0.04364852124132713,0.05,1244991.0
"Fixed 177828, designed",4,7,11,"D 0,1 -> 6,7",11,True,0.0,177855.0,1,False,0.10072796416579667,0.05,1422846.0
"Fixed 177828, designed",4,8,21,"D 1,3 -> 5,7",21,True,0.0,177858.0,1,False,0.009441304630083448,0.05,1600704.0
"Fixed 177828, designed",4,9,12,"D 0,2 -> 4,6",12,True,0.0,177859.0,1,False,0.018167337649211367,0.05,1778563.0
"Fixed 177828, designed",5,0,19,"D 1,2 -> 5,6",25,False,0.052846754050403844,177855.0,1,False,0.31503606513167726,0.06,177855.0
"Fixed 177828, designed",5,1,22,"D 2,3 -> 4,5",22,True,0.0,177853.0,1,False,0.2986379460814117,0.06,355708.0
"Fixed 177828, designed",5,2,14,"D 0,3 -> 4,7",14,True,0.0,177858.0,1,False,0.3532199223008815,0.05,533566.0
"Fixed 177828, designed",5,3,11,"D 0,1 -> 6,7",11,True,0.0,177853.0,1,False,0.22254278935005609,0.05,711419.0
"Fixed 177828, designed",5,4,8,"D 0,1 -> 4,5",8,True,0.0,177857.0,1,False,0.022746160639765003,0.05,889276.0
"Fixed 177828, designed",5,5,25,"D 2,3 -> 6,7",25,True,0.0,177855.0,1,False,0.03848376642323219,0.05,1067131.0
"Fixed 177828, designed",5,6,15,"D 0,3 -> 5,6",18,False,2.2407767863441563e-09,177857.0,1,False,0.033236707406942914,0.05,1244988.0
"Fixed 177828, designed",5,7,18,"D 1,2 -> 4,7",18,True,0.0,177855.0,1,False,0.06135745120099229,0.05,1422843.0
"Fixed 177828, designed",5,8,4,S 2 -> 4,21,False,1.0,177858.0,1,False,0.009441305254259569,0.05,1600701.0
"Fixed 177828, designed",5,9,12,"D 0,2 -> 4,6",21,False,9.23169662936374e-09,177858.0,1,False,0.009441305254259569,0.05,1778559.0
"Fixed 177828, designed",5,10,21,"D 1,3 -> 5,7",21,True,0.0,177855.0,1,False,0.018167337946901233,0.05,1956414.0
"Fixed 177828, designed",6,0,25,"D 2,3 -> 6,7",25,True,0.0,177855.0,1,False,0.31503606513167726,0.06,177855.0
"Fixed 177828, designed",6,1,18,"D 1,2 -> 4,7",15,True,0.0,177855.0,1,False,0.29681502172579394,0.06,355710.0
"Fixed 177828, designed",6,2,8,"D 0,1 -> 4,5",8,True,0.0,177854.0,1,False,0.3764697826210095,0.06,533564.0
"Fixed 177828, designed",6,3,15,"D 0,3 -> 5,6",15,True,0.0,177858.0,1,False,0.30026357217502075,0.06,711422.0
"Fixed 177828, designed",6,4,19,"D 1,2 -> 5,6",19,True,0.0,177861.0,1,False,0.03758523474777508,0.05,889283.0
"Fixed 177828, designed",6,5,14,"D 0,3 -> 4,7",14,True,0.0,177860.0,1,False,0.06571252399006697,0.06,1067143.0
"Fixed 177828, designed",6,6,22,"D 2,3 -> 4,5",22,True,0.0,177853.0,1,False,0.043648521305584075,0.05,1244996.0
"Fixed 177828, designed",6,7,11,"D 0,1 -> 6,7",11,True,0.0,177855.0,1,False,0.10072796416579774,0.06,1422851.0
"Fixed 177828, designed",6,8,14,"D 0,3 -> 4,7",21,False,0.99999992672884,177858.0,1,False,0.009441304483876945,0.06,1600709.0
"Fixed 177828, designed",6,9,1,S 0 -> 6,12,False,1.0,177858.0,1,False,0.009441304593977125,0.05,1778567.0
"Fixed 177828, designed",6,10,21,"D 1,3 -> 5,7",21,True,0.0,177858.0,1,False,0.009441304589088604,0.05,1956425.0
"Fixed 177828, designed",6,11,12,"D 0,2 -> 4,6",12,True,0.0,177859.0,1,False,0.018167337552052104,0.05,2134284.0
"Fixed 177828, designed",7,0,25,"D 2,3 -> 6,7",25,True,0.0,177855.0,1,False,0.31503606513167726,0.06,177855.0
"Fixed 177828, designed",7,1,15,"D 0,3 -> 5,6",15,True,0.0,177855.0,1,False,0.29681502172579394,0.06,355710.0
"Fixed 177828, designed",7,2,8,"D 0,1 -> 4,5",8,True,0.0,177853.0,1,False,0.3764697826210095,0.06,533563.0
"Fixed 177828, designed",7,3,18,"D 1,2 -> 4,7",18,True,0.0,177854.0,1,False,0.3002635722338174,0.05,711417.0
"Fixed 177828, designed",7,4,19,"D 1,2 -> 5,6",14,True,5.182410056647768e-12,177861.0,1,False,0.03758523457422756,0.05,889278.0
"Fixed 177828, designed",7,5,14,"D 0,3 -> 4,7",14,True,0.0,177860.0,1,False,0.06571252392066197,0.05,1067138.0
"Fixed 177828, designed",7,6,22,"D 2,3 -> 4,5",22,True,0.0,177853.0,1,False,0.04364852124132713,0.06,1244991.0
"Fixed 177828, designed",7,7,11,"D 0,1 -> 6,7",11,True,0.0,177855.0,1,False,0.10072796416579667,0.06,1422846.0
"Fixed 177828, designed",7,8,21,"D 1,3 -> 5,7",21,True,0.0,177858.0,1,False,0.009441304630083448,0.05,1600704.0
"Fixed 177828, designed",7,9,12,"D 0,2 -> 4,6",12,True,0.0,177859.0,1,False,0.018167337649211367,0.05,1778563.0
"Fixed 177828, designed",8,0,25,"D 2,3 -> 6,7",25,True,0.0,177855.0,1,False,0.31503606513167726,0.05,177855.0
"Fixed 177828, designed",8,1,18,"D 1,2 -> 4,7",15,True,0.0,177855.0,1,False,0.29681502172579394,0.05,355710.0
"Fixed 177828, designed",8,2,8,"D 0,1 -> 4,5",8,True,0.0,177854.0,1,False,0.3764697826210095,0.05,533564.0
"Fixed 177828, designed",8,3,15,"D 0,3 -> 5,6",15,True,0.0,177858.0,1,False,0.30026357217502075,0.05,711422.0
"Fixed 177828, designed",8,4,19,"D 1,2 -> 5,6",19,True,0.0,177861.0,1,False,0.03758523474777508,0.05,889283.0
"Fixed 177828, designed",8,5,14,"D 0,3 -> 4,7",14,True,0.0,177860.0,1,False,0.06571252399006697,0.05,1067143.0
"Fixed 177828, designed",8,6,11,"D 0,1 -> 6,7",22,False,0.04480658230253376,177853.0,1,False,0.043648521305584075,0.05,1244996.0
"Fixed 177828, designed",8,7,22,"D 2,3 -> 4,5",22,True,0.0,177858.0,1,False,0.06967473471393487,0.05,1422854.0
"Fixed 177828, designed",8,8,12,"D 0,2 -> 4,6",21,False,2.6598955260581647e-09,177858.0,1,False,0.009441304763103297,0.05,1600712.0
"Fixed 177828, designed",8,9,10,"D 0,1 -> 5,6",21,False,1.0,177855.0,1,False,0.018167337649211406,0.05,1778567.0
"Fixed 177828, designed",8,10,22,"D 2,3 -> 4,5",21,False,0.9876310330442183,177855.0,1,False,0.018167337649211406,0.05,1956422.0
"Fixed 177828, designed",9,0,25,"D 2,3 -> 6,7",25,True,0.0,177855.0,1,False,0.31503606513167726,0.05,177855.0
"Fixed 177828, designed",9,1,18,"D 1,2 -> 4,7",15,True,0.0,177855.0,1,False,0.29681502172579394,0.05,355710.0
"Fixed 177828, designed",9,2,8,"D 0,1 -> 4,5",8,True,0.0,177854.0,1,False,0.3764697826210095,0.05,533564.0
"Fixed 177828, designed",9,3,15,"D 0,3 -> 5,6",15,True,0.0,177858.0,1,False,0.30026357217502075,0.05,711422.0
"Fixed 177828, designed",9,4,19,"D 1,2 -> 5,6",19,True,0.0,177861.0,1,False,0.03758523474777508,0.05,889283.0
"Fixed 177828, designed",9,5,14,"D 0,3 -> 4,7",14,True,0.0,177860.0,1,False,0.06571252399006697,0.05,1067143.0
"Fixed 177828, designed",9,6,11,"D 0,1 -> 6,7",22,False,0.04480658230253376,177853.0,1,False,0.043648521305584075,0.05,1244996.0
"Fixed 177828, designed",9,7,22,"D 2,3 -> 4,5",22,True,0.0,177858.0,1,False,0.06967473471393487,0.05,1422854.0
"Fixed 177828, designed",9,8,0,S 0 -> 4,21,False,1.0,177858.0,1,False,0.009441304763103297,0.05,1600712.0
"Fixed 177828, designed",9,9,6,S 3 -> 5,21,False,1.0,177858.0,1,False,0.009441304763103297,0.05,1778570.0
"Fixed 177828, designed",9,10,19,"D 1,2 -> 5,6",21,False,0.9999999421513571,177858.0,1,False,0.009441304763103297,0.05,1956428.0
"Fixed 177828, designed",9,11,5,S 2 -> 6,21,False,1.0,177858.0,1,False,0.009441304763103297,0.06,2134286.0
"Fixed 177828, designed",9,12,12,"D 0,2 -> 4,6",21,False,2.6598955260581647e-09,177858.0,1,False,0.009441304763103297,0.06,2312144.0
"Fixed 177828, designed",9,13,21,"D 1,3 -> 5,7",21,True,0.0,177855.0,1,False,0.018167337550991317,0.06,2489999.0
"Fixed 177828, designed",10,0,25,"D 2,3 -> 6,7",25,True,0.0,177855.0,1,False,0.31503606513167726,0.06,177855.0
"Fixed 177828, designed",10,1,18,"D 1,2 -> 4,7",15,True,0.0,177855.0,1,False,0.29681502172579394,0.05,355710.0
"Fixed 177828, designed",10,2,8,"D 0,1 -> 4,5",8,True,0.0,177854.0,1,False,0.3764697826210095,0.05,533564.0
"Fixed 177828, designed",10,3,15,"D 0,3 -> 5,6",15,True,0.0,177858.0,1,False,0.30026357217502075,0.06,711422.0
"Fixed 177828, designed",10,4,19,"D 1,2 -> 5,6",19,True,0.0,177861.0,1,False,0.03758523474777508,0.05,889283.0
"Fixed 177828, designed",10,5,14,"D 0,3 -> 4,7",14,True,0.0,177860.0,1,False,0.06571252399006697,0.05,1067143.0
"Fixed 177828, designed",10,6,22,"D 2,3 -> 4,5",22,True,0.0,177853.0,1,False,0.043648521305584075,0.05,1244996.0
"Fixed 177828, designed",10,7,11,"D 0,1 -> 6,7",11,True,0.0,177855.0,1,False,0.10072796416579774,0.05,1422851.0
"Fixed 177828, designed",10,8,20,"D 1,2 -> 6,7",21,False,1.0,177858.0,1,False,0.009441304483876945,0.06,1600709.0
"Fixed 177828, designed",10,9,7,S 3 -> 7,12,False,1.0,177858.0,1,False,0.00944130454604846,0.05,1778567.0
"Fixed 177828, designed",10,10,21,"D 1,3 -> 5,7",12,True,6.400112662063862e-10,177858.0,1,False,0.00944130454604846,0.05,1956425.0
"Fixed 177828, designed",10,11,12,"D 0,2 -> 4,6",12,True,0.0,177859.0,1,False,0.018167337650105038,0.05,2134284.0
"Fixed 177828, designed",11,0,25,"D 2,3 -> 6,7",25,True,0.0,177855.0,1,False,0.31503606513167726,0.05,177855.0
"Fixed 177828, designed",11,1,15,"D 0,3 -> 5,6",15,True,0.0,177855.0,1,False,0.29681502172579394,0.05,355710.0
"Fixed 177828, designed",11,2,8,"D 0,1 -> 4,5",8,True,0.0,177853.0,1,False,0.3764697826210095,0.05,533563.0
"Fixed 177828, designed",11,3,18,"D 1,2 -> 4,7",18,True,0.0,177854.0,1,False,0.3002635722338174,0.05,711417.0
"Fixed 177828, designed",11,4,19,"D 1,2 -> 5,6",14,True,5.182410056647768e-12,177861.0,1,False,0.03758523457422756,0.05,889278.0
"Fixed 177828, designed",11,5,14,"D 0,3 -> 4,7",14,True,0.0,177860.0,1,False,0.06571252392066197,0.05,1067138.0
"Fixed 177828, designed",11,6,22,"D 2,3 -> 4,5",22,True,0.0,177853.0,1,False,0.04364852124132713,0.05,1244991.0
"Fixed 177828, designed",11,7,11,"D 0,1 -> 6,7",11,True,0.0,177855.0,1,False,0.10072796416579667,0.05,1422846.0
"Fixed 177828, designed",11,8,16,"D 0,3 -> 6,7",21,False,1.0,177858.0,1,False,0.009441304630083448,0.05,1600704.0
"Fixed 177828, designed",11,9,9,"D 0,1 -> 4,7",21,False,1.0,177858.0,1,False,0.009441304630083448,0.05,1778562.0
"Fixed 177828, designed",11,10,17,"D 1,2 -> 4,5",21,False,1.0,177858.0,1,False,0.009441304630083448,0.05,1956420.0
"Fixed 177828, designed",11,11,10,"D 0,1 -> 5,6",21,False,1.0,177858.0,1,False,0.009441304630083448,0.05,2134278.0
"Fixed 177828, designed",11,12,12,"D 0,2 -> 4,6",21,True,2.371568497139265e-10,177858.0,1,False,0.009441304630083448,0.05,2312136.0
"Fixed 177828, designed",11,13,21,"D 1,3 -> 5,7",21,True,0.0,177855.0,1,False,0.018167337481629908,0.05,2489991.0
"Fixed 177828, designed",12,0,25,"D 2,3 -> 6,7",25,True,0.0,177855.0,1,False,0.31503606513167726,0.05,177855.0
"Fixed 177828, designed",12,1,15,"D 0,3 -> 5,6",15,True,0.0,177855.0,1,False,0.29681502172579394,0.05,355710.0
"Fixed 177828, designed",12,2,8,"D 0,1 -> 4,5",8,True,0.0,177853.0,1,False,0.3764697826210095,0.05,533563.0
"Fixed 177828, designed",12,3,18,"D 1,2 -> 4,7",18,True,0.0,177854.0,1,False,0.3002635722338174,0.05,711417.0
"Fixed 177828, designed",12,4,19,"D 1,2 -> 5,6",14,True,5.182410056647768e-12,177861.0,1,False,0.03758523457422756,0.05,889278.0
"Fixed 177828, designed",12,5,14,"D 0,3 -> 4,7",14,True,0.0,177860.0,1,False,0.06571252392066197,0.05,1067138.0
"Fixed 177828, designed",12,6,11,"D 0,1 -> 6,7",22,False,0.044806582285143115,177853.0,1,False,0.04364852124132713,0.05,1244991.0
"Fixed 177828, designed",12,7,22,"D 2,3 -> 4,5",22,True,0.0,177858.0,1,False,0.06967473471393487,0.05,1422849.0
"Fixed 177828, designed",12,8,21,"D 1,3 -> 5,7",21,True,0.0,177858.0,1,False,0.009441304632724919,0.05,1600707.0
"Fixed 177828, designed",12,9,12,"D 0,2 -> 4,6",12,True,0.0,177859.0,1,False,0.018167337649211596,0.05,1778566.0
"Fixed 177828, designed",13,0,25,"D 2,3 -> 6,7",25,True,0.0,177855.0,1,False,0.31503606513167726,0.05,177855.0
"Fixed 177828, designed",13,1,8,"D 0,1 -> 4,5",15,False,0.033311851350335986,177855.0,1,False,0.29681502172579394,0.05,355710.0
"Fixed 177828, designed",13,2,15,"D 0,3 -> 5,6",15,True,0.0,177852.0,1,False,0.303713351808019,0.05,533562.0
"Fixed 177828, designed",13,3,18,"D 1,2 -> 4,7",18,True,0.0,177850.0,1,False,0.38824803810173436,0.05,711412.0
"Fixed 177828, designed",13,4,19,"D 1,2 -> 5,6",14,True,5.1515680610236814e-11,177861.0,1,False,0.03758523456612019,0.05,889273.0
"Fixed 177828, designed",13,5,14,"D 0,3 -> 4,7",14,True,0.0,177860.0,1,False,0.06571252413529657,0.05,1067133.0
"Fixed 177828, designed",13,6,22,"D 2,3 -> 4,5",22,True,0.0,177853.0,1,False,0.04364852179220628,0.05,1244986.0
"Fixed 177828, designed",13,7,11,"D 0,1 -> 6,7",11,True,0.0,177855.0,1,False,0.10072796429211588,0.05,1422841.0
"Fixed 177828, designed",13,8,2,S 1 -> 5,12,False,1.0,177858.0,1,False,0.009441304180829412,0.06,1600699.0
"Fixed 177828, designed",13,9,12,"D 0,2 -> 4,6",12,True,0.0,177858.0,1,False,0.009441304180829412,0.05,1778557.0
"Fixed 177828, designed",13,10,21,"D 1,3 -> 5,7",21,True,0.0,177855.0,1,False,0.018167337501591663,0.05,1956412.0
"Fixed 177828, designed",14,0,25,"D 2,3 -> 6,7",25,True,0.0,177855.0,1,False,0.31503606513167726,0.05,177855.0
"Fixed 177828, designed",14,1,18,"D 1,2 -> 4,7",15,True,0.0,177855.0,1,False,0.29681502172579394,0.05,355710.0
"Fixed 177828, designed",14,2,8,"D 0,1 -> 4,5",8,True,0.0,177854.0,1,False,0.3764697826210095,0.05,533564.0
"Fixed 177828, designed",14,3,15,"D 0,3 -> 5,6",15,True,0.0,177858.0,1,False,0.30026357217502075,0.05,711422.0
"Fixed 177828, designed",14,4,14,"D 0,3 -> 4,7",19,True,5.80789971671436e-10,177861.0,1,False,0.03758523474777508,0.05,889283.0
"Fixed 177828, designed",14,5,19,"D 1,2 -> 5,6",19,True,0.0,177852.0,1,False,0.0657125239206618,0.05,1067135.0
"Fixed 177828, designed",14,6,11,"D 0,1 -> 6,7",22,False,0.044806582285133345,177853.0,1,False,0.043648521241327065,0.05,1244988.0
"Fixed 177828, designed",14,7,22,"D 2,3 -> 4,5",22,True,0.0,177858.0,1,False,0.06967473482297251,0.05,1422846.0
"Fixed 177828, designed",14,8,15,"D 0,3 -> 5,6",12,False,0.9999999899943037,177858.0,1,False,0.009441304632724787,0.05,1600704.0
"Fixed 177828, designed",14,9,12,"D 0,2 -> 4,6",12,True,0.0,177858.0,1,False,0.009441304632724787,0.05,1778562.0
"Fixed 177828, designed",14,10,21,"D 1,3 -> 5,7",21,True,0.0,177855.0,1,False,0.01816733765924286,0.05,1956417.0
"Fixed 177828, designed",15,0,25,"D 2,3 -> 6,7",25,True,0.0,177855.0,1,False,0.31503606513167726,0.06,177855.0
"Fixed 177828, designed",15,1,15,"D 0,3 -> 5,6",15,True,0.0,177855.0,1,False,0.29681502172579394,0.05,355710.0
"Fixed 177828, designed",15,2,8,"D 0,1 -> 4,5",8,True,0.0,177853.0,1,False,0.3764697826210095,0.05,533563.0
"Fixed 177828, designed",15,3,18,"D 1,2 -> 4,7",18,True,0.0,177854.0,1,False,0.3002635722338174,0.05,711417.0
"Fixed 177828, designed",15,4,19,"D 1,2 -> 5,6",14,True,5.182410056647768e-12,177861.0,1,False,0.03758523457422756,0.05,889278.0
"Fixed 177828, designed",15,5,14,"D 0,3 -> 4,7",14,True,0.0,177860.0,1,False,0.06571252392066197,0.05,1067138.0
"Fixed 177828, designed",15,6,11,"D 0,1 -> 6,7",22,False,0.044806582285143115,177853.0,1,False,0.04364852124132713,0.05,1244991.0
"Fixed 177828, designed",15,7,22,"D 2,3 -> 4,5",22,True,0.0,177858.0,1,False,0.06967473471393487,0.05,1422849.0
"Fixed 177828, designed",15,8,2,S 1 -> 5,21,False,1.0,177858.0,1,False,0.009441304632724919,0.06,1600707.0
"Fixed 177828, designed",15,9,12,"D 0,2 -> 4,6",21,True,7.587118711072094e-10,177858.0,1,False,0.009441304632724919,0.05,1778565.0
"Fixed 177828, designed",15,10,21,"D 1,3 -> 5,7",21,True,0.0,177855.0,1,False,0.018167337501698376,0.05,1956420.0
"Fixed 177828, designed",16,0,25,"D 2,3 -> 6,7",25,True,0.0,177855.0,1,False,0.31503606513167726,0.06,177855.0
"Fixed 177828, designed",16,1,18,"D 1,2 -> 4,7",15,True,0.0,177855.0,1,False,0.29681502172579394,0.06,355710.0
"Fixed 177828, designed",16,2,8,"D 0,1 -> 4,5",8,True,0.0,177854.0,1,False,0.3764697826210095,0.06,533564.0
"Fixed 177828, designed",16,3,15,"D 0,3 -> 5,6",15,True,0.0,177858.0,1,False,0.30026357217502075,0.05,711422.0
"Fixed 177828, designed",16,4,19,"D 1,2 -> 5,6",19,True,0.0,177861.0,1,False,0.03758523474777508,0.05,889283.0
"Fixed 177828, designed",16,5,14,"D 0,3 -> 4,7",14,True,0.0,177860.0,1,False,0.06571252399006697,0.05,1067143.0
"Fixed 177828, designed",16,6,22,"D 2,3 -> 4,5",22,True,0.0,177853.0,1,False,0.043648521305584075,0.05,1244996.0
"Fixed 177828, designed",16,7,11,"D 0,1 -> 6,7",11,True,0.0,177855.0,1,False,0.10072796416579774,0.06,1422851.0
"Fixed 177828, designed",16,8,12,"D 0,2 -> 4,6",21,False,2.297271373130627e-09,177858.0,1,False,0.009441304483876945,0.05,1600709.0
"Fixed 177828, designed",16,9,21,"D 1,3 -> 5,7",21,True,0.0,177855.0,1,False,0.018167337649210517,0.05,1778564.0
"Fixed 177828, designed",17,0,25,"D 2,3 -> 6,7",25,True,0.0,177855.0,1,False,0.31503606513167726,0.05,177855.0
"Fixed 177828, designed",17,1,18,"D 1,2 -> 4,7",15,True,0.0,177855.0,1,False,0.29681502172579394,0.05,355710.0
"Fixed 177828, designed",17,2,8,"D 0,1 -> 4,5",8,True,0.0,177854.0,1,False,0.3764697826210095,0.05,533564.0
"Fixed 177828, designed",17,3,15,"D 0,3 -> 5,6",15,True,0.0,177858.0,1,False,0.30026357217502075,0.05,711422.0
"Fixed 177828, designed",17,4,19,"D 1,2 -> 5,6",19,True,0.0,177861.0,1,False,0.03758523474777508,0.05,889283.0
"Fixed 177828, designed",17,5,14,"D 0,3 -> 4,7",14,True,0.0,177860.0,1,False,0.06571252399006697,0.05,1067143.0
"Fixed 177828, designed",17,6,11,"D 0,1 -> 6,7",22,False,0.04480658230253376,177853.0,1,False,0.043648521305584075,0.05,1244996.0
"Fixed 177828, designed",17,7,22,"D 2,3 -> 4,5",22,True,0.0,177858.0,1,False,0.06967473471393487,0.05,1422854.0
"Fixed 177828, designed",17,8,1,S 0 -> 6,21,False,1.0,177858.0,1,False,0.009441304763103297,0.06,1600712.0
"Fixed 177828, designed",17,9,12,"D 0,2 -> 4,6",21,False,2.6598955260581647e-09,177858.0,1,False,0.009441304763103297,0.06,1778570.0
"Fixed 177828, designed",17,10,21,"D 1,3 -> 5,7",21,True,0.0,177855.0,1,False,0.018167337649211406,0.05,1956425.0
"Fixed 177828, designed",18,0,25,"D 2,3 -> 6,7",25,True,0.0,177855.0,1,False,0.31503606513167726,0.05,177855.0
"Fixed 177828, designed",18,1,15,"D 0,3 -> 5,6",15,True,0.0,177855.0,1,False,0.29681502172579394,0.05,355710.0
"Fixed 177828, designed",18,2,8,"D 0,1 -> 4,5",8,True,0.0,177853.0,1,False,0.3764697826210095,0.05,533563.0
"Fixed 177828, designed",18,3,18,"D 1,2 -> 4,7",18,True,0.0,177854.0,1,False,0.3002635722338174,0.05,711417.0
"Fixed 177828, designed",18,4,14,"D 0,3 -> 4,7",14,True,0.0,177861.0,1,False,0.03758523457422756,0.05,889278.0
"Fixed 177828, designed",18,5,19,"D 1,2 -> 5,6",19,True,0.0,177852.0,1,False,0.0657125239900671,0.05,1067130.0
"Fixed 177828, designed",18,6,22,"D 2,3 -> 4,5",22,True,0.0,177853.0,1,False,0.04364852130558422,0.05,1244983.0
"Fixed 177828, designed",18,7,11,"D 0,1 -> 6,7",11,True,0.0,177855.0,1,False,0.10072796416579655,0.05,1422838.0
"Fixed 177828, designed",18,8,12,"D 0,2 -> 4,6",21,False,1.6493607257750398e-08,177858.0,1,False,0.009441305047874061,0.05,1600696.0
"Fixed 177828, designed",18,9,21,"D 1,3 -> 5,7",21,True,0.0,177855.0,1,False,0.018167337650105482,0.05,1778551.0
"Fixed 177828, designed",19,0,25,"D 2,3 -> 6,7",25,True,0.0,177855.0,1,False,0.31503606513167726,0.05,177855.0
"Fixed 177828, designed",19,1,18,"D 1,2 -> 4,7",15,True,0.0,177855.0,1,False,0.29681502172579394,0.05,355710.0
"Fixed 177828, designed",19,2,8,"D 0,1 -> 4,5",8,True,0.0,177854.0,1,False,0.3764697826210095,0.05,533564.0
"Fixed 177828, designed",19,3,15,"D 0,3 -> 5,6",15,True,0.0,177858.0,1,False,0.30026357217502075,0.05,711422.0
"Fixed 177828, designed",19,4,14,"D 0,3 -> 4,7",19,True,5.80789971671436e-10,177861.0,1,False,0.03758523474777508,0.05,889283.0
"Fixed 177828, designed",19,5,19,"D 1,2 -> 5,6",19,True,0.0,177852.0,1,False,0.0657125239206618,0.05,1067135.0
"Fixed 177828, designed",19,6,11,"D 0,1 -> 6,7",22,False,0.044806582285133345,177853.0,1,False,0.043648521241327065,0.05,1244988.0
"Fixed 177828, designed",19,7,22,"D 2,3 -> 4,5",22,True,0.0,177858.0,1,False,0.06967473482297251,0.05,1422846.0
"Fixed 177828, designed",19,8,12,"D 0,2 -> 4,6",12,True,0.0,177858.0,1,False,0.009441304632724787,0.05,1600704.0
"Fixed 177828, designed",19,9,21,"D 1,3 -> 5,7",21,True,0.0,177855.0,1,False,0.01816733764921178,0.05,1778559.0
"Fixed 177828, designed",20,0,25,"D 2,3 -> 6,7",25,True,0.0,177855.0,1,False,0.31503606513167726,0.05,177855.0
"Fixed 177828, designed",20,1,15,"D 0,3 -> 5,6",15,True,0.0,177855.0,1,False,0.29681502172579394,0.05,355710.0
"Fixed 177828, designed",20,2,8,"D 0,1 -> 4,5",8,True,0.0,177853.0,1,False,0.3764697826210095,0.05,533563.0
"Fixed 177828, designed",20,3,18,"D 1,2 -> 4,7",18,True,0.0,177854.0,1,False,0.3002635722338174,0.05,711417.0
"Fixed 177828, designed",20,4,14,"D 0,3 -> 4,7",14,True,0.0,177861.0,1,False,0.03758523457422756,0.05,889278.0
"Fixed 177828, designed",20,5,19,"D 1,2 -> 5,6",19,True,0.0,177852.0,1,False,0.0657125239900671,0.05,1067130.0
"Fixed 177828, designed",20,6,22,"D 2,3 -> 4,5",22,True,0.0,177853.0,1,False,0.04364852130558422,0.05,1244983.0
"Fixed 177828, designed",20,7,11,"D 0,1 -> 6,7",11,True,0.0,177855.0,1,False,0.10072796416579655,0.05,1422838.0
"Fixed 177828, designed",20,8,4,S 2 -> 4,21,False,1.0,177858.0,1,False,0.009441305047874061,0.05,1600696.0
"Fixed 177828, designed",20,9,21,"D 1,3 -> 5,7",21,True,0.0,177858.0,1,False,0.00944130458544351,0.05,1778554.0
"Fixed 177828, designed",20,10,12,"D 0,2 -> 4,6",12,True,0.0,177859.0,1,False,0.018167337511205264,0.05,1956413.0
"Fixed 177828, designed",21,0,25,"D 2,3 -> 6,7",25,True,0.0,177855.0,1,False,0.31503606513167726,0.05,177855.0
"Fixed 177828, designed",21,1,15,"D 0,3 -> 5,6",15,True,0.0,177855.0,1,False,0.29681502172579394,0.06,355710.0
"Fixed 177828, designed",21,2,8,"D 0,1 -> 4,5",8,True,0.0,177853.0,1,False,0.3764697826210095,0.05,533563.0
"Fixed 177828, designed",21,3,18,"D 1,2 -> 4,7",18,True,0.0,177854.0,1,False,0.3002635722338174,0.05,711417.0
"Fixed 177828, designed",21,4,14,"D 0,3 -> 4,7",14,True,0.0,177861.0,1,False,0.03758523457422756,0.05,889278.0
"Fixed 177828, designed",21,5,19,"D 1,2 -> 5,6",19,True,0.0,177852.0,1,False,0.0657125239900671,0.05,1067130.0
"Fixed 177828, designed",21,6,11,"D 0,1 -> 6,7",22,False,0.044806582302531095,177853.0,1,False,0.04364852130558422,0.05,1244983.0
"Fixed 177828, designed",21,7,22,"D 2,3 -> 4,5",22,True,0.0,177858.0,1,False,0.06967473471683744,0.05,1422841.0
"Fixed 177828, designed",21,8,6,S 3 -> 5,12,False,1.0,177858.0,1,False,0.009441304763103292,0.05,1600699.0
"Fixed 177828, designed",21,9,5,S 2 -> 6,12,False,1.0,177858.0,1,False,0.009441304763103292,0.05,1778557.0
"Fixed 177828, designed",21,10,24,"D 2,3 -> 5,6",12,False,1.0,177858.0,1,False,0.009441304763103292,0.05,1956415.0
"Fixed 177828, designed",21,11,21,"D 1,3 -> 5,7",12,False,2.6598964142365844e-09,177858.0,1,False,0.009441304763103292,0.05,2134273.0
"Fixed 177828, designed",21,12,12,"D 0,2 -> 4,6",12,True,0.0,177859.0,1,False,0.018167337649211208,0.05,2312132.0
"Fixed 177828, designed",22,0,25,"D 2,3 -> 6,7",25,True,0.0,177855.0,1,False,0.31503606513167726,0.06,177855.0
"Fixed 177828, designed",22,1,15,"D 0,3 -> 5,6",15,True,0.0,177855.0,1,False,0.29681502172579394,0.05,355710.0
"Fixed 177828, designed",22,2,8,"D 0,1 -> 4,5",8,True,0.0,177853.0,1,False,0.3764697826210095,0.05,533563.0
"Fixed 177828, designed",22,3,18,"D 1,2 -> 4,7",18,True,0.0,177854.0,1,False,0.3002635722338174,0.05,711417.0
"Fixed 177828, designed",22,4,14,"D 0,3 -> 4,7",14,True,0.0,177861.0,1,False,0.03758523457422756,0.05,889278.0
"Fixed 177828, designed",22,5,19,"D 1,2 -> 5,6",19,True,0.0,177852.0,1,False,0.0657125239900671,0.05,1067130.0
"Fixed 177828, designed",22,6,11,"D 0,1 -> 6,7",22,False,0.044806582302531095,177853.0,1,False,0.04364852130558422,0.05,1244983.0
"Fixed 177828, designed",22,7,22,"D 2,3 -> 4,5",22,True,0.0,177858.0,1,False,0.06967473471683744,0.05,1422841.0
"Fixed 177828, designed",22,8,12,"D 0,2 -> 4,6",12,True,0.0,177858.0,1,False,0.009441304763103292,0.06,1600699.0
"Fixed 177828, designed",22,9,21,"D 1,3 -> 5,7",21,True,0.0,177855.0,1,False,0.018167337650104195,0.05,1778554.0
"Fixed 177828, designed",23,0,25,"D 2,3 -> 6,7",25,True,0.0,177855.0,1,False,0.31503606513167726,0.05,177855.0
"Fixed 177828, designed",23,1,15,"D 0,3 -> 5,6",15,True,0.0,177855.0,1,False,0.29681502172579394,0.05,355710.0
"Fixed 177828, designed",23,2,8,"D 0,1 -> 4,5",8,True,0.0,177853.0,1,False,0.3764697826210095,0.05,533563.0
"Fixed 177828, designed",23,3,18,"D 1,2 -> 4,7",18,True,0.0,177854.0,1,False,0.3002635722338174,0.06,711417.0
"Fixed 177828, designed",23,4,19,"D 1,2 -> 5,6",14,True,5.182410056647768e-12,177861.0,1,False,0.03758523457422756,0.06,889278.0
"Fixed 177828, designed",23,5,14,"D 0,3 -> 4,7",14,True,0.0,177860.0,1,False,0.06571252392066197,0.06,1067138.0
"Fixed 177828, designed",23,6,22,"D 2,3 -> 4,5",22,True,0.0,177853.0,1,False,0.04364852124132713,0.06,1244991.0
"Fixed 177828, designed",23,7,11,"D 0,1 -> 6,7",11,True,0.0,177855.0,1,False,0.10072796416579667,0.05,1422846.0
"Fixed 177828, designed",23,8,1,S 0 -> 6,21,False,1.0,177858.0,1,False,0.009441304630083448,0.05,1600704.0
"Fixed 177828, designed",23,9,21,"D 1,3 -> 5,7",21,True,0.0,177858.0,1,False,0.009441304630083448,0.05,1778562.0
"Fixed 177828, designed",23,10,12,"D 0,2 -> 4,6",12,True,0.0,177859.0,1,False,0.018167337649211367,0.05,1956421.0
"Fixed 177828, designed",24,0,25,"D 2,3 -> 6,7",25,True,0.0,177855.0,1,False,0.31503606513167726,0.05,177855.0
"Fixed 177828, designed",24,1,18,"D 1,2 -> 4,7",15,True,0.0,177855.0,1,False,0.29681502172579394,0.05,355710.0
"Fixed 177828, designed",24,2,8,"D 0,1 -> 4,5",8,True,0.0,177854.0,1,False,0.3764697826210095,0.05,533564.0
"Fixed 177828, designed",24,3,15,"D 0,3 -> 5,6",15,True,0.0,177858.0,1,False,0.30026357217502075,0.05,711422.0
"Fixed 177828, designed",24,4,14,"D 0,3 -> 4,7",19,True,5.80789971671436e-10,177861.0,1,False,0.03758523474777508,0.05,889283.0
"Fixed 177828, designed",24,5,19,"D 1,2 -> 5,6",19,True,0.0,177852.0,1,False,0.0657125239206618,0.05,1067135.0
"Fixed 177828, designed",24,6,11,"D 0,1 -> 6,7",22,False,0.044806582285133345,177853.0,1,False,0.043648521241327065,0.05,1244988.0
"Fixed 177828, designed",24,7,22,"D 2,3 -> 4,5",22,True,0.0,177858.0,1,False,0.06967473482297251,0.05,1422846.0
"Fixed 177828, designed",24,8,12,"D 0,2 -> 4,6",12,True,0.0,177858.0,1,False,0.009441304632724787,0.05,1600704.0
"Fixed 177828, designed",24,9,21,"D 1,3 -> 5,7",21,True,0.0,177855.0,1,False,0.01816733764921178,0.05,1778559.0
"Fixed 177828, designed",25,0,25,"D 2,3 -> 6,7",25,True,0.0,177855.0,1,False,0.31503606513167726,0.05,177855.0
"Fixed 177828, designed",25,1,15,"D 0,3 -> 5,6",15,True,0.0,177855.0,1,False,0.29681502172579394,0.05,355710.0
"Fixed 177828, designed",25,2,8,"D 0,1 -> 4,5",8,True,0.0,177853.0,1,False,0.3764697826210095,0.05,533563.0
"Fixed 177828, designed",25,3,18,"D 1,2 -> 4,7",18,True,0.0,177854.0,1,False,0.3002635722338174,0.05,711417.0
"Fixed 177828, designed",25,4,19,"D 1,2 -> 5,6",14,True,5.182410056647768e-12,177861.0,1,False,0.03758523457422756,0.05,889278.0
"Fixed 177828, designed",25,5,14,"D 0,3 -> 4,7",14,True,0.0,177860.0,1,False,0.06571252392066197,0.05,1067138.0
"Fixed 177828, designed",25,6,11,"D 0,1 -> 6,7",22,False,0.044806582285143115,177853.0,1,False,0.04364852124132713,0.05,1244991.0
"Fixed 177828, designed",25,7,22,"D 2,3 -> 4,5",22,True,0.0,177858.0,1,False,0.06967473471393487,0.06,1422849.0
"Fixed 177828, designed",25,8,21,"D 1,3 -> 5,7",21,True,0.0,177858.0,1,False,0.009441304632724919,0.05,1600707.0
"Fixed 177828, designed",25,9,12,"D 0,2 -> 4,6",12,True,0.0,177859.0,1,False,0.018167337649211596,0.05,1778566.0
"Fixed 177828, designed",26,0,25,"D 2,3 -> 6,7",25,True,0.0,177855.0,1,False,0.31503606513167726,0.05,177855.0
"Fixed 177828, designed",26,1,15,"D 0,3 -> 5,6",15,True,0.0,177855.0,1,False,0.29681502172579394,0.05,355710.0
"Fixed 177828, designed",26,2,8,"D 0,1 -> 4,5",8,True,0.0,177853.0,1,False,0.3764697826210095,0.05,533563.0
"Fixed 177828, designed",26,3,18,"D 1,2 -> 4,7",18,True,0.0,177854.0,1,False,0.3002635722338174,0.05,711417.0
"Fixed 177828, designed",26,4,14,"D 0,3 -> 4,7",14,True,0.0,177861.0,1,False,0.03758523457422756,0.05,889278.0
"Fixed 177828, designed",26,5,19,"D 1,2 -> 5,6",19,True,0.0,177852.0,1,False,0.0657125239900671,0.05,1067130.0
"Fixed 177828, designed",26,6,22,"D 2,3 -> 4,5",22,True,0.0,177853.0,1,False,0.04364852130558422,0.05,1244983.0
"Fixed 177828, designed",26,7,11,"D 0,1 -> 6,7",11,True,0.0,177855.0,1,False,0.10072796416579655,0.05,1422838.0
"Fixed 177828, designed",26,8,18,"D 1,2 -> 4,7",21,False,0.9999997626368479,177858.0,1,False,0.009441305047874061,0.05,1600696.0
"Fixed 177828, designed",26,9,5,S 2 -> 6,12,False,1.0,177858.0,1,False,0.00944130456309997,0.05,1778554.0
"Fixed 177828, designed",26,10,12,"D 0,2 -> 4,6",12,True,0.0,177858.0,1,False,0.009441304582734851,0.05,1956412.0
"Fixed 177828, designed",26,11,21,"D 1,3 -> 5,7",21,True,0.0,177855.0,1,False,0.01816733766465318,0.05,2134267.0
"Fixed 177828, designed",27,0,25,"D 2,3 -> 6,7",25,True,0.0,177855.0,1,False,0.31503606513167726,0.05,177855.0
"Fixed 177828, designed",27,1,18,"D 1,2 -> 4,7",15,True,0.0,177855.0,1,False,0.29681502172579394,0.05,355710.0
"Fixed 177828, designed",27,2,8,"D 0,1 -> 4,5",8,True,0.0,177854.0,1,False,0.3764697826210095,0.05,533564.0
"Fixed 177828, designed",27,3,15,"D 0,3 -> 5,6",15,True,0.0,177858.0,1,False,0.30026357217502075,0.05,711422.0
"Fixed 177828, designed",27,4,19,"D 1,2 -> 5,6",19,True,0.0,177861.0,1,False,0.03758523474777508,0.05,889283.0
"Fixed 177828, designed",27,5,14,"D 0,3 -> 4,7",14,True,0.0,177860.0,1,False,0.06571252399006697,0.05,1067143.0
"Fixed 177828, designed",27,6,22,"D 2,3 -> 4,5",22,True,0.0,177853.0,1,False,0.043648521305584075,0.05,1244996.0
"Fixed 177828, designed",27,7,11,"D 0,1 -> 6,7",11,True,0.0,177855.0,1,False,0.10072796416579774,0.05,1422851.0
"Fixed 177828, designed",27,8,12,"D 0,2 -> 4,6",21,False,2.297271373130627e-09,177858.0,1,False,0.009441304483876945,0.05,1600709.0
"Fixed 177828, designed",27,9,21,"D 1,3 -> 5,7",21,True,0.0,177855.0,1,False,0.018167337649210517,0.05,1778564.0
"Fixed 177828, designed",28,0,25,"D 2,3 -> 6,7",25,True,0.0,177855.0,1,False,0.31503606513167726,0.05,177855.0
"Fixed 177828, designed",28,1,15,"D 0,3 -> 5,6",15,True,0.0,177855.0,1,False,0.29681502172579394,0.05,355710.0
"Fixed 177828, designed",28,2,8,"D 0,1 -> 4,5",8,True,0.0,177853.0,1,False,0.3764697826210095,0.05,533563.0
"Fixed 177828, designed",28,3,18,"D 1,2 -> 4,7",18,True,0.0,177854.0,1,False,0.3002635722338174,0.05,711417.0
"Fixed 177828, designed",28,4,19,"D 1,2 -> 5,6",14,True,5.182410056647768e-12,177861.0,1,False,0.03758523457422756,0.05,889278.0
"Fixed 177828, designed",28,5,14,"D 0,3 -> 4,7",14,True,0.0,177860.0,1,False,0.06571252392066197,0.05,1067138.0
"Fixed 177828, designed",28,6,22,"D 2,3 -> 4,5",22,True,0.0,177853.0,1,False,0.04364852124132713,0.05,1244991.0
"Fixed 177828, designed",28,7,11,"D 0,1 -> 6,7",11,True,0.0,177855.0,1,False,0.10072796416579667,0.05,1422846.0
"Fixed 177828, designed",28,8,21,"D 1,3 -> 5,7",21,True,0.0,177858.0,1,False,0.009441304630083448,0.05,1600704.0
"Fixed 177828, designed",28,9,12,"D 0,2 -> 4,6",12,True,0.0,177859.0,1,False,0.018167337649211367,0.05,1778563.0
"Fixed 177828, designed",29,0,25,"D 2,3 -> 6,7",25,True,0.0,177855.0,1,False,0.31503606513167726,0.05,177855.0
"Fixed 177828, designed",29,1,18,"D 1,2 -> 4,7",15,True,0.0,177855.0,1,False,0.29681502172579394,0.05,355710.0
"Fixed 177828, designed",29,2,8,"D 0,1 -> 4,5",8,True,0.0,177854.0,1,False,0.3764697826210095,0.05,533564.0
"Fixed 177828, designed",29,3,15,"D 0,3 -> 5,6",15,True,0.0,177858.0,1,False,0.30026357217502075,0.06,711422.0
"Fixed 177828, designed",29,4,14,"D 0,3 -> 4,7",19,True,5.80789971671436e-10,177861.0,1,False,0.03758523474777508,0.06,889283.0
"Fixed 177828, designed",29,5,19,"D 1,2 -> 5,6",19,True,0.0,177852.0,1,False,0.0657125239206618,0.05,1067135.0
"Fixed 177828, designed",29,6,11,"D 0,1 -> 6,7",22,False,0.044806582285133345,177853.0,1,False,0.043648521241327065,0.06,1244988.0
"Fixed 177828, designed",29,7,22,"D 2,3 -> 4,5",22,True,0.0,177858.0,1,False,0.06967473482297251,0.05,1422846.0
"Fixed 177828, designed",29,8,12,"D 0,2 -> 4,6",12,True,0.0,177858.0,1,False,0.009441304632724787,0.05,1600704.0
"Fixed 177828, designed",29,9,21,"D 1,3 -> 5,7",21,True,0.0,177855.0,1,False,0.01816733764921178,0.05,1778559.0
"Fixed 177828, designed",30,0,25,"D 2,3 -> 6,7",25,True,0.0,177855.0,1,False,0.31503606513167726,0.05,177855.0
"Fixed 177828, designed",30,1,18,"D 1,2 -> 4,7",15,True,0.0,177855.0,1,False,0.29681502172579394,0.05,355710.0
"Fixed 177828, designed",30,2,8,"D 0,1 -> 4,5",8,True,0.0,177854.0,1,False,0.3764697826210095,0.05,533564.0
"Fixed 177828, designed",30,3,15,"D 0,3 -> 5,6",15,True,0.0,177858.0,1,False,0.30026357217502075,0.05,711422.0
"Fixed 177828, designed",30,4,19,"D 1,2 -> 5,6",19,True,0.0,177861.0,1,False,0.03758523474777508,0.05,889283.0
"Fixed 177828, designed",30,5,14,"D 0,3 -> 4,7",14,True,0.0,177860.0,1,False,0.06571252399006697,0.05,1067143.0
"Fixed 177828, designed",30,6,22,"D 2,3 -> 4,5",22,True,0.0,177853.0,1,False,0.043648521305584075,0.05,1244996.0
"Fixed 177828, designed",30,7,11,"D 0,1 -> 6,7",11,True,0.0,177855.0,1,False,0.10072796416579774,0.05,1422851.0
"Fixed 177828, designed",30,8,12,"D 0,2 -> 4,6",21,False,2.297271373130627e-09,177858.0,1,False,0.009441304483876945,0.06,1600709.0
"Fixed 177828, designed",30,9,21,"D 1,3 -> 5,7",21,True,0.0,177855.0,1,False,0.018167337649210517,0.05,1778564.0
"Fixed 177828, designed",31,0,25,"D 2,3 -> 6,7",25,True,0.0,177855.0,1,False,0.31503606513167726,0.05,177855.0
"Fixed 177828, designed",31,1,18,"D 1,2 -> 4,7",15,True,0.0,177855.0,1,False,0.29681502172579394,0.05,355710.0
"Fixed 177828, designed",31,2,8,"D 0,1 -> 4,5",8,True,0.0,177854.0,1,False,0.3764697826210095,0.05,533564.0
"Fixed 177828, designed",31,3,15,"D 0,3 -> 5,6",15,True,0.0,177858.0,1,False,0.30026357217502075,0.05,711422.0
"Fixed 177828, designed",31,4,14,"D 0,3 -> 4,7",19,True,5.80789971671436e-10,177861.0,1,False,0.03758523474777508,0.05,889283.0
"Fixed 177828, designed",31,5,19,"D 1,2 -> 5,6",19,True,0.0,177852.0,1,False,0.0657125239206618,0.05,1067135.0
"Fixed 177828, designed",31,6,22,"D 2,3 -> 4,5",22,True,0.0,177853.0,1,False,0.043648521241327065,0.05,1244988.0
"Fixed 177828, designed",31,7,11,"D 0,1 -> 6,7",11,True,0.0,177855.0,1,False,0.10072796416579699,0.05,1422843.0
"Fixed 177828, designed",31,8,12,"D 0,2 -> 4,6",21,False,2.297273260509769e-09,177858.0,1,False,0.009441304483876924,0.05,1600701.0
"Fixed 177828, designed",31,9,21,"D 1,3 -> 5,7",21,True,0.0,177855.0,1,False,0.018167337649210347,0.05,1778556.0
"Fixed 177828, designed",32,0,25,"D 2,3 -> 6,7",25,True,0.0,177855.0,1,False,0.31503606513167726,0.05,177855.0
"Fixed 177828, designed",32,1,18,"D 1,2 -> 4,7",15,True,0.0,177855.0,1,False,0.29681502172579394,0.05,355710.0
"Fixed 177828, designed",32,2,8,"D 0,1 -> 4,5",8,True,0.0,177854.0,1,False,0.3764697826210095,0.05,533564.0
"Fixed 177828, designed",32,3,15,"D 0,3 -> 5,6",15,True,0.0,177858.0,1,False,0.30026357217502075,0.05,711422.0
"Fixed 177828, designed",32,4,14,"D 0,3 -> 4,7",19,True,5.80789971671436e-10,177861.0,1,False,0.03758523474777508,0.05,889283.0
"Fixed 177828, designed",32,5,19,"D 1,2 -> 5,6",19,True,0.0,177852.0,1,False,0.0657125239206618,0.05,1067135.0
"Fixed 177828, designed",32,6,11,"D 0,1 -> 6,7",22,False,0.044806582285133345,177853.0,1,False,0.043648521241327065,0.05,1244988.0
"Fixed 177828, designed",32,7,22,"D 2,3 -> 4,5",22,True,0.0,177858.0,1,False,0.06967473482297251,0.05,1422846.0
"Fixed 177828, designed",32,8,16,"D 0,3 -> 6,7",12,False,1.0,177858.0,1,False,0.009441304632724787,0.05,1600704.0
"Fixed 177828, designed",32,9,12,"D 0,2 -> 4,6",12,True,0.0,177858.0,1,False,0.009441304632724787,0.05,1778562.0
"Fixed 177828, designed",32,10,21,"D 1,3 -> 5,7",21,True,0.0,177855.0,1,False,0.01816733764921178,0.05,1956417.0
"Fixed 177828, designed",33,0,25,"D 2,3 -> 6,7",25,True,0.0,177855.0,1,False,0.31503606513167726,0.05,177855.0
"Fixed 177828, designed",33,1,18,"D 1,2 -> 4,7",15,True,0.0,177855.0,1,False,0.29681502172579394,0.05,355710.0
"Fixed 177828, designed",33,2,8,"D 0,1 -> 4,5",8,True,0.0,177854.0,1,False,0.3764697826210095,0.05,533564.0
"Fixed 177828, designed",33,3,15,"D 0,3 -> 5,6",15,True,0.0,177858.0,1,False,0.30026357217502075,0.05,711422.0
"Fixed 177828, designed",33,4,14,"D 0,3 -> 4,7",19,True,5.80789971671436e-10,177861.0,1,False,0.03758523474777508,0.05,889283.0
"Fixed 177828, designed",33,5,19,"D 1,2 -> 5,6",19,True,0.0,177852.0,1,False,0.0657125239206618,0.05,1067135.0
"Fixed 177828, designed",33,6,11,"D 0,1 -> 6,7",22,False,0.044806582285133345,177853.0,1,False,0.043648521241327065,0.05,1244988.0
"Fixed 177828, designed",33,7,22,"D 2,3 -> 4,5",22,True,0.0,177858.0,1,False,0.06967473482297251,0.05,1422846.0
"Fixed 177828, designed",33,8,12,"D 0,2 -> 4,6",12,True,0.0,177858.0,1,False,0.009441304632724787,0.05,1600704.0
"Fixed 177828, designed",33,9,21,"D 1,3 -> 5,7",21,True,0.0,177855.0,1,False,0.01816733764921178,0.05,1778559.0
"Fixed 177828, designed",34,0,25,"D 2,3 -> 6,7",25,True,0.0,177855.0,1,False,0.31503606513167726,0.05,177855.0
"Fixed 177828, designed",34,1,18,"D 1,2 -> 4,7",15,True,0.0,177855.0,1,False,0.29681502172579394,0.05,355710.0
"Fixed 177828, designed",34,2,8,"D 0,1 -> 4,5",8,True,0.0,177854.0,1,False,0.3764697826210095,0.05,533564.0
"Fixed 177828, designed",34,3,15,"D 0,3 -> 5,6",15,True,0.0,177858.0,1,False,0.30026357217502075,0.05,711422.0
"Fixed 177828, designed",34,4,19,"D 1,2 -> 5,6",19,True,0.0,177861.0,1,False,0.03758523474777508,0.06,889283.0
"Fixed 177828, designed",34,5,14,"D 0,3 -> 4,7",14,True,0.0,177860.0,1,False,0.06571252399006697,0.05,1067143.0
"Fixed 177828, designed",34,6,22,"D 2,3 -> 4,5",22,True,0.0,177853.0,1,False,0.043648521305584075,0.05,1244996.0
"Fixed 177828, designed",34,7,11,"D 0,1 -> 6,7",11,True,0.0,177855.0,1,False,0.10072796416579774,0.05,1422851.0
"Fixed 177828, designed",34,8,5,S 2 -> 6,21,False,1.0,177858.0,1,False,0.009441304483876945,0.06,1600709.0
"Fixed 177828, designed",34,9,19,"D 1,2 -> 5,6",12,False,0.9999999992743589,177858.0,1,False,0.00944130454604846,0.05,1778567.0
"Fixed 177828, designed",34,10,0,S 0 -> 4,12,False,1.0,177858.0,1,False,0.00944130454604846,0.05,1956425.0
"Fixed 177828, designed",34,11,21,"D 1,3 -> 5,7",12,True,6.400112662063862e-10,177858.0,1,False,0.00944130454604846,0.05,2134283.0
"Fixed 177828, designed",34,12,12,"D 0,2 -> 4,6",12,True,0.0,177859.0,1,False,0.018167337648592248,0.06,2312142.0
"Fixed 177828, designed",35,0,25,"D 2,3 -> 6,7",25,True,0.0,177855.0,1,False,0.31503606513167726,0.05,177855.0
"Fixed 177828, designed",35,1,15,"D 0,3 -> 5,6",15,True,0.0,177855.0,1,False,0.29681502172579394,0.05,355710.0
"Fixed 177828, designed",35,2,8,"D 0,1 -> 4,5",8,True,0.0,177853.0,1,False,0.3764697826210095,0.05,533563.0
"Fixed 177828, designed",35,3,18,"D 1,2 -> 4,7",18,True,0.0,177854.0,1,False,0.3002635722338174,0.05,711417.0
"Fixed 177828, designed",35,4,14,"D 0,3 -> 4,7",14,True,0.0,177861.0,1,False,0.03758523457422756,0.05,889278.0
"Fixed 177828, designed",35,5,19,"D 1,2 -> 5,6",19,True,0.0,177852.0,1,False,0.0657125239900671,0.05,1067130.0
"Fixed 177828, designed",35,6,11,"D 0,1 -> 6,7",22,False,0.044806582302531095,177853.0,1,False,0.04364852130558422,0.05,1244983.0
"Fixed 177828, designed",35,7,22,"D 2,3 -> 4,5",22,True,0.0,177858.0,1,False,0.06967473471683744,0.05,1422841.0
"Fixed 177828, designed",35,8,12,"D 0,2 -> 4,6",12,True,0.0,177858.0,1,False,0.009441304763103292,0.05,1600699.0
"Fixed 177828, designed",35,9,21,"D 1,3 -> 5,7",21,True,0.0,177855.0,1,False,0.018167337650104195,0.05,1778554.0
"Fixed 177828, designed",36,0,25,"D 2,3 -> 6,7",25,True,0.0,177855.0,1,False,0.31503606513167726,0.05,177855.0
"Fixed 177828, designed",36,1,18,"D 1,2 -> 4,7",15,True,0.0,177855.0,1,False,0.29681502172579394,0.05,355710.0
"Fixed 177828, designed",36,2,8,"D 0,1 -> 4,5",8,True,0.0,177854.0,1,False,0.3764697826210095,0.05,533564.0
"Fixed 177828, designed",36,3,15,"D 0,3 -> 5,6",15,True,0.0,177858.0,1,False,0.30026357217502075,0.05,711422.0
"Fixed 177828, designed",36,4,14,"D 0,3 -> 4,7",19,True,5.80789971671436e-10,177861.0,1,False,0.03758523474777508,0.05,889283.0
"Fixed 177828, designed",36,5,19,"D 1,2 -> 5,6",19,True,0.0,177852.0,1,False,0.0657125239206618,0.05,1067135.0
"Fixed 177828, designed",36,6,22,"D 2,3 -> 4,5",22,True,0.0,177853.0,1,False,0.043648521241327065,0.05,1244988.0
"Fixed 177828, designed",36,7,11,"D 0,1 -> 6,7",11,True,0.0,177855.0,1,False,0.10072796416579699,0.05,1422843.0
"Fixed 177828, designed",36,8,7,S 3 -> 7,21,False,1.0,177858.0,1,False,0.009441304483876924,0.05,1600701.0
"Fixed 177828, designed",36,9,21,"D 1,3 -> 5,7",12,True,6.400169283438117e-10,177858.0,1,False,0.009441304546048494,0.05,1778559.0
"Fixed 177828, designed",36,10,12,"D 0,2 -> 4,6",12,True,0.0,177859.0,1,False,0.018167337499938888,0.05,1956418.0
"Fixed 177828, designed",37,0,25,"D 2,3 -> 6,7",25,True,0.0,177855.0,1,False,0.31503606513167726,0.05,177855.0
"Fixed 177828, designed",37,1,18,"D 1,2 -> 4,7",15,True,0.0,177855.0,1,False,0.29681502172579394,0.05,355710.0
"Fixed 177828, designed",37,2,8,"D 0,1 -> 4,5",8,True,0.0,177854.0,1,False,0.3764697826210095,0.05,533564.0
"Fixed 177828, designed",37,3,15,"D 0,3 -> 5,6",15,True,0.0,177858.0,1,False,0.30026357217502075,0.05,711422.0
"Fixed 177828, designed",37,4,14,"D 0,3 -> 4,7",19,True,5.80789971671436e-10,177861.0,1,False,0.03758523474777508,0.05,889283.0
"Fixed 177828, designed",37,5,19,"D 1,2 -> 5,6",19,True,0.0,177852.0,1,False,0.0657125239206618,0.06,1067135.0
"Fixed 177828, designed",37,6,22,"D 2,3 -> 4,5",22,True,0.0,177853.0,1,False,0.043648521241327065,0.07,1244988.0
"Fixed 177828, designed",37,7,11,"D 0,1 -> 6,7",11,True,0.0,177855.0,1,False,0.10072796416579699,0.06,1422843.0
"Fixed 177828, designed",37,8,12,"D 0,2 -> 4,6",21,False,2.297273260509769e-09,177858.0,1,False,0.009441304483876924,0.05,1600701.0
"Fixed 177828, designed",37,9,21,"D 1,3 -> 5,7",21,True,0.0,177855.0,1,False,0.018167337649210347,0.05,1778556.0
"Fixed 177828, designed",38,0,25,"D 2,3 -> 6,7",25,True,0.0,177855.0,1,False,0.31503606513167726,0.05,177855.0
"Fixed 177828, designed",38,1,18,"D 1,2 -> 4,7",15,True,0.0,177855.0,1,False,0.29681502172579394,0.05,355710.0
"Fixed 177828, designed",38,2,8,"D 0,1 -> 4,5",8,True,0.0,177854.0,1,False,0.3764697826210095,0.05,533564.0
"Fixed 177828, designed",38,3,15,"D 0,3 -> 5,6",15,True,0.0,177858.0,1,False,0.30026357217502075,0.05,711422.0
"Fixed 177828, designed",38,4,14,"D 0,3 -> 4,7",19,True,5.80789971671436e-10,177861.0,1,False,0.03758523474777508,0.05,889283.0
"Fixed 177828, designed",38,5,19,"D 1,2 -> 5,6",19,True,0.0,177852.0,1,False,0.0657125239206618,0.05,1067135.0
"Fixed 177828, designed",38,6,11,"D 0,1 -> 6,7",22,False,0.044806582285133345,177853.0,1,False,0.043648521241327065,0.05,1244988.0
"Fixed 177828, designed",38,7,22,"D 2,3 -> 4,5",22,True,0.0,177858.0,1,False,0.06967473482297251,0.05,1422846.0
"Fixed 177828, designed",38,8,3,S 1 -> 7,12,False,1.0,177858.0,1,False,0.009441304632724787,0.05,1600704.0
"Fixed 177828, designed",38,9,12,"D 0,2 -> 4,6",12,True,0.0,177858.0,1,False,0.009441304632724787,0.05,1778562.0
"Fixed 177828, designed",38,10,21,"D 1,3 -> 5,7",21,True,0.0,177855.0,1,False,0.01816733764921178,0.05,1956417.0
"Fixed 177828, designed",39,0,25,"D 2,3 -> 6,7",25,True,0.0,177855.0,1,False,0.31503606513167726,0.05,177855.0
"Fixed 177828, designed",39,1,8,"D 0,1 -> 4,5",15,False,0.033311851350335986,177855.0,1,False,0.29681502172579394,0.05,355710.0
"Fixed 177828, designed",39,2,18,"D 1,2 -> 4,7",15,True,5.551115123125783e-16,177852.0,1,False,0.303713351808019,0.05,533562.0
"Fixed 177828, designed",39,3,15,"D 0,3 -> 5,6",15,True,0.0,177855.0,1,False,0.38824803810173447,0.05,711417.0
"Fixed 177828, designed",39,4,14,"D 0,3 -> 4,7",19,True,5.150813109366936e-11,177861.0,1,False,0.03758523456612009,0.05,889278.0
"Fixed 177828, designed",39,5,19,"D 1,2 -> 5,6",19,True,0.0,177852.0,1,False,0.06571252413529666,0.05,1067130.0
"Fixed 177828, designed",39,6,22,"D 2,3 -> 4,5",22,True,0.0,177853.0,1,False,0.04364852180125853,0.05,1244983.0
"Fixed 177828, designed",39,7,11,"D 0,1 -> 6,7",11,True,0.0,177855.0,1,False,0.10072796429211586,0.05,1422838.0
"Fixed 177828, designed",39,8,21,"D 1,3 -> 5,7",12,True,1.887379141862766e-15,177858.0,1,False,0.009441304132124781,0.05,1600696.0
"Fixed 177828, designed",39,9,12,"D 0,2 -> 4,6",12,True,0.0,177859.0,1,False,0.018167337498859015,0.05,1778555.0
"Fixed 177828, designed",40,0,25,"D 2,3 -> 6,7",25,True,0.0,177855.0,1,False,0.31503606513167726,0.05,177855.0
"Fixed 177828, designed",40,1,18,"D 1,2 -> 4,7",15,True,0.0,177855.0,1,False,0.29681502172579394,0.05,355710.0
"Fixed 177828, designed",40,2,8,"D 0,1 -> 4,5",8,True,0.0,177854.0,1,False,0.3764697826210095,0.05,533564.0
"Fixed 177828, designed",40,3,15,"D 0,3 -> 5,6",15,True,0.0,177858.0,1,False,0.30026357217502075,0.05,711422.0
"Fixed 177828, designed",40,4,19,"D 1,2 -> 5,6",19,True,0.0,177861.0,1,False,0.03758523474777508,0.06,889283.0
"Fixed 177828, designed",40,5,14,"D 0,3 -> 4,7",14,True,0.0,177860.0,1,False,0.06571252399006697,0.05,1067143.0
"Fixed 177828, designed",40,6,22,"D 2,3 -> 4,5",22,True,0.0,177853.0,1,False,0.043648521305584075,0.05,1244996.0
"Fixed 177828, designed",40,7,11,"D 0,1 -> 6,7",11,True,0.0,177855.0,1,False,0.10072796416579774,0.05,1422851.0
"Fixed 177828, designed",40,8,17,"D 1,2 -> 4,5",21,False,1.0,177858.0,1,False,0.009441304483876945,0.05,1600709.0
"Fixed 177828, designed",40,9,7,S 3 -> 7,12,False,1.0,177858.0,1,False,0.00944130454604846,0.05,1778567.0
"Fixed 177828, designed",40,10,21,"D 1,3 -> 5,7",12,True,6.400112662063862e-10,177858.0,1,False,0.00944130454604846,0.05,1956425.0
"Fixed 177828, designed",40,11,12,"D 0,2 -> 4,6",12,True,0.0,177859.0,1,False,0.018167337650105038,0.05,2134284.0
"Fixed 177828, designed",41,0,25,"D 2,3 -> 6,7",25,True,0.0,177855.0,1,False,0.31503606513167726,0.05,177855.0
"Fixed 177828, designed",41,1,15,"D 0,3 -> 5,6",15,True,0.0,177855.0,1,False,0.29681502172579394,0.05,355710.0
"Fixed 177828, designed",41,2,8,"D 0,1 -> 4,5",8,True,0.0,177853.0,1,False,0.3764697826210095,0.05,533563.0
"Fixed 177828, designed",41,3,18,"D 1,2 -> 4,7",18,True,0.0,177854.0,1,False,0.3002635722338174,0.05,711417.0
"Fixed 177828, designed",41,4,14,"D 0,3 -> 4,7",14,True,0.0,177861.0,1,False,0.03758523457422756,0.05,889278.0
"Fixed 177828, designed",41,5,19,"D 1,2 -> 5,6",19,True,0.0,177852.0,1,False,0.0657125239900671,0.05,1067130.0
"Fixed 177828, designed",41,6,22,"D 2,3 -> 4,5",22,True,0.0,177853.0,1,False,0.04364852130558422,0.05,1244983.0
"Fixed 177828, designed",41,7,11,"D 0,1 -> 6,7",11,True,0.0,177855.0,1,False,0.10072796416579655,0.05,1422838.0
"Fixed 177828, designed",41,8,2,S 1 -> 5,21,False,1.0,177858.0,1,False,0.009441305047874061,0.05,1600696.0
"Fixed 177828, designed",41,9,12,"D 0,2 -> 4,6",21,True,8.03115351999395e-11,177858.0,1,False,0.00944130458544351,0.05,1778554.0
"Fixed 177828, designed",41,10,21,"D 1,3 -> 5,7",21,True,0.0,177855.0,1,False,0.01816733765010512,0.05,1956409.0
"Fixed 177828, designed",42,0,25,"D 2,3 -> 6,7",25,True,0.0,177855.0,1,False,0.31503606513167726,0.05,177855.0
"Fixed 177828, designed",42,1,18,"D 1,2 -> 4,7",15,True,0.0,177855.0,1,False,0.29681502172579394,0.05,355710.0
"Fixed 177828, designed",42,2,8,"D 0,1 -> 4,5",8,True,0.0,177854.0,1,False,0.3764697826210095,0.05,533564.0
"Fixed 177828, designed",42,3,15,"D 0,3 -> 5,6",15,True,0.0,177858.0,1,False,0.30026357217502075,0.05,711422.0
"Fixed 177828, designed",42,4,19,"D 1,2 -> 5,6",19,True,0.0,177861.0,1,False,0.03758523474777508,0.06,889283.0
"Fixed 177828, designed",42,5,14,"D 0,3 -> 4,7",14,True,0.0,177860.0,1,False,0.06571252399006697,0.05,1067143.0
"Fixed 177828, designed",42,6,11,"D 0,1 -> 6,7",22,False,0.04480658230253376,177853.0,1,False,0.043648521305584075,0.05,1244996.0
"Fixed 177828, designed",42,7,22,"D 2,3 -> 4,5",22,True,0.0,177858.0,1,False,0.06967473471393487,0.05,1422854.0
"Fixed 177828, designed",42,8,12,"D 0,2 -> 4,6",21,False,2.6598955260581647e-09,177858.0,1,False,0.009441304763103297,0.05,1600712.0
"Fixed 177828, designed",42,9,21,"D 1,3 -> 5,7",21,True,0.0,177855.0,1,False,0.018167337649211406,0.05,1778567.0
"Fixed 177828, designed",43,0,25,"D 2,3 -> 6,7",25,True,0.0,177855.0,1,False,0.31503606513167726,0.05,177855.0
"Fixed 177828, designed",43,1,15,"D 0,3 -> 5,6",15,True,0.0,177855.0,1,False,0.29681502172579394,0.05,355710.0
"Fixed 177828, designed",43,2,8,"D 0,1 -> 4,5",8,True,0.0,177853.0,1,False,0.3764697826210095,0.05,533563.0
"Fixed 177828, designed",43,3,18,"D 1,2 -> 4,7",18,True,0.0,177854.0,1,False,0.3002635722338174,0.05,711417.0
"Fixed 177828, designed",43,4,19,"D 1,2 -> 5,6",14,True,5.182410056647768e-12,177861.0,1,False,0.03758523457422756,0.05,889278.0
"Fixed 177828, designed",43,5,14,"D 0,3 -> 4,7",14,True,0.0,177860.0,1,False,0.06571252392066197,0.05,1067138.0
"Fixed 177828, designed",43,6,22,"D 2,3 -> 4,5",22,True,0.0,177853.0,1,False,0.04364852124132713,0.05,1244991.0
"Fixed 177828, designed",43,7,11,"D 0,1 -> 6,7",11,True,0.0,177855.0,1,False,0.10072796416579667,0.05,1422846.0
"Fixed 177828, designed",43,8,1,S 0 -> 6,21,False,1.0,177858.0,1,False,0.009441304630083448,0.05,1600704.0
"Fixed 177828, designed",43,9,12,"D 0,2 -> 4,6",21,True,2.371568497139265e-10,177858.0,1,False,0.009441304630083448,0.05,1778562.0
"Fixed 177828, designed",43,10,21,"D 1,3 -> 5,7",21,True,0.0,177855.0,1,False,0.018167337481629908,0.05,1956417.0
"Fixed 177828, designed",44,0,25,"D 2,3 -> 6,7",25,True,0.0,177855.0,1,False,0.31503606513167726,0.05,177855.0
"Fixed 177828, designed",44,1,15,"D 0,3 -> 5,6",15,True,0.0,177855.0,1,False,0.29681502172579394,0.05,355710.0
"Fixed 177828, designed",44,2,8,"D 0,1 -> 4,5",8,True,0.0,177853.0,1,False,0.3764697826210095,0.05,533563.0
"Fixed 177828, designed",44,3,18,"D 1,2 -> 4,7",18,True,0.0,177854.0,1,False,0.3002635722338174,0.05,711417.0
"Fixed 177828, designed",44,4,19,"D 1,2 -> 5,6",14,True,5.182410056647768e-12,177861.0,1,False,0.03758523457422756,0.05,889278.0
"Fixed 177828, designed",44,5,14,"D 0,3 -> 4,7",14,True,0.0,177860.0,1,False,0.06571252392066197,0.05,1067138.0
"Fixed 177828, designed",44,6,22,"D 2,3 -> 4,5",22,True,0.0,177853.0,1,False,0.04364852124132713,0.05,1244991.0
"Fixed 177828, designed",44,7,11,"D 0,1 -> 6,7",11,True,0.0,177855.0,1,False,0.10072796416579667,0.05,1422846.0
"Fixed 177828, designed",44,8,21,"D 1,3 -> 5,7",21,True,0.0,177858.0,1,False,0.009441304630083448,0.05,1600704.0
"Fixed 177828, designed",44,9,12,"D 0,2 -> 4,6",12,True,0.0,177859.0,1,False,0.018167337649211367,0.05,1778563.0
"Fixed 177828, designed",45,0,25,"D 2,3 -> 6,7",25,True,0.0,177855.0,1,False,0.31503606513167726,0.05,177855.0
"Fixed 177828, designed",45,1,18,"D 1,2 -> 4,7",15,True,0.0,177855.0,1,False,0.29681502172579394,0.05,355710.0
"Fixed 177828, designed",45,2,8,"D 0,1 -> 4,5",8,True,0.0,177854.0,1,False,0.3764697826210095,0.05,533564.0
"Fixed 177828, designed",45,3,15,"D 0,3 -> 5,6",15,True,0.0,177858.0,1,False,0.30026357217502075,0.05,711422.0
"Fixed 177828, designed",45,4,19,"D 1,2 -> 5,6",19,True,0.0,177861.0,1,False,0.03758523474777508,0.05,889283.0
"Fixed 177828, designed",45,5,14,"D 0,3 -> 4,7",14,True,0.0,177860.0,1,False,0.06571252399006697,0.05,1067143.0
"Fixed 177828, designed",45,6,22,"D 2,3 -> 4,5",22,True,0.0,177853.0,1,False,0.043648521305584075,0.05,1244996.0
"Fixed 177828, designed",45,7,11,"D 0,1 -> 6,7",11,True,0.0,177855.0,1,False,0.10072796416579774,0.05,1422851.0
"Fixed 177828, designed",45,8,6,S 3 -> 5,21,False,1.0,177858.0,1,False,0.009441304483876945,0.05,1600709.0
"Fixed 177828, designed",45,9,8,"D 0,1 -> 4,5",12,False,0.9999999830892309,177858.0,1,False,0.00944130454604846,0.05,1778567.0
"Fixed 177828, designed",45,10,12,"D 0,2 -> 4,6",12,True,0.0,177858.0,1,False,0.00944130454604846,0.05,1956425.0
"Fixed 177828, designed",45,11,21,"D 1,3 -> 5,7",21,True,0.0,177855.0,1,False,0.018167337680742957,0.05,2134280.0
"Fixed 177828, designed",46,0,25,"D 2,3 -> 6,7",25,True,0.0,177855.0,1,False,0.31503606513167726,0.05,177855.0
"Fixed 177828, designed",46,1,15,"D 0,3 -> 5,6",15,True,0.0,177855.0,1,False,0.29681502172579394,0.05,355710.0
"Fixed 177828, designed",46,2,8,"D 0,1 -> 4,5",8,True,0.0,177853.0,1,False,0.3764697826210095,0.05,533563.0
"Fixed 177828, designed",46,3,18,"D 1,2 -> 4,7",18,True,0.0,177854.0,1,False,0.3002635722338174,0.05,711417.0
"Fixed 177828, designed",46,4,19,"D 1,2 -> 5,6",14,True,5.182410056647768e-12,177861.0,1,False,0.03758523457422756,0.05,889278.0
"Fixed 177828, designed",46,5,14,"D 0,3 -> 4,7",14,True,0.0,177860.0,1,False,0.06571252392066197,0.05,1067138.0
"Fixed 177828, designed",46,6,22,"D 2,3 -> 4,5",22,True,0.0,177853.0,1,False,0.04364852124132713,0.05,1244991.0
"Fixed 177828, designed",46,7,11,"D 0,1 -> 6,7",11,True,0.0,177855.0,1,False,0.10072796416579667,0.05,1422846.0
"Fixed 177828, designed",46,8,12,"D 0,2 -> 4,6",21,True,2.371568497139265e-10,177858.0,1,False,0.009441304630083448,0.05,1600704.0
"Fixed 177828, designed",46,9,21,"D 1,3 -> 5,7",21,True,0.0,177855.0,1,False,0.01816733759515189,0.05,1778559.0
"Fixed 177828, designed",47,0,25,"D 2,3 -> 6,7",25,True,0.0,177855.0,1,False,0.31503606513167726,0.05,177855.0
"Fixed 177828, designed",47,1,15,"D 0,3 -> 5,6",15,True,0.0,177855.0,1,False,0.29681502172579394,0.05,355710.0
"Fixed 177828, designed",47,2,8,"D 0,1 -> 4,5",8,True,0.0,177853.0,1,False,0.3764697826210095,0.05,533563.0
"Fixed 177828, designed",47,3,18,"D 1,2 -> 4,7",18,True,0.0,177854.0,1,False,0.3002635722338174,0.05,711417.0
"Fixed 177828, designed",47,4,14,"D 0,3 -> 4,7",14,True,0.0,177861.0,1,False,0.03758523457422756,0.05,889278.0
"Fixed 177828, designed",47,5,19,"D 1,2 -> 5,6",19,True,0.0,177852.0,1,False,0.0657125239900671,0.05,1067130.0
"Fixed 177828, designed",47,6,22,"D 2,3 -> 4,5",22,True,0.0,177853.0,1,False,0.04364852130558422,0.05,1244983.0
"Fixed 177828, designed",47,7,11,"D 0,1 -> 6,7",11,True,0.0,177855.0,1,False,0.10072796416579655,0.05,1422838.0
"Fixed 177828, designed",47,8,21,"D 1,3 -> 5,7",21,True,0.0,177858.0,1,False,0.009441305047874061,0.05,1600696.0
"Fixed 177828, designed",47,9,12,"D 0,2 -> 4,6",12,True,0.0,177859.0,1,False,0.018167337649213765,0.05,1778555.0
"Fixed 177828, designed",48,0,25,"D 2,3 -> 6,7",25,True,0.0,177855.0,1,False,0.31503606513167726,0.05,177855.0
"Fixed 177828, designed",48,1,18,"D 1,2 -> 4,7",15,True,0.0,177855.0,1,False,0.29681502172579394,0.05,355710.0
"Fixed 177828, designed",48,2,8,"D 0,1 -> 4,5",8,True,0.0,177854.0,1,False,0.3764697826210095,0.05,533564.0
"Fixed 177828, designed",48,3,15,"D 0,3 -> 5,6",15,True,0.0,177858.0,1,False,0.30026357217502075,0.05,711422.0
"Fixed 177828, designed",48,4,19,"D 1,2 -> 5,6",19,True,0.0,177861.0,1,False,0.03758523474777508,0.05,889283.0
"Fixed 177828, designed",48,5,14,"D 0,3 -> 4,7",14,True,0.0,177860.0,1,False,0.06571252399006697,0.05,1067143.0
"Fixed 177828, designed",48,6,11,"D 0,1 -> 6,7",22,False,0.04480658230253376,177853.0,1,False,0.043648521305584075,0.05,1244996.0
"Fixed 177828, designed",48,7,22,"D 2,3 -> 4,5",22,True,0.0,177858.0,1,False,0.06967473471393487,0.05,1422854.0
"Fixed 177828, designed",48,8,19,"D 1,2 -> 5,6",21,False,0.9999999421513571,177858.0,1,False,0.009441304763103297,0.05,1600712.0
"Fixed 177828, designed",48,9,21,"D 1,3 -> 5,7",21,True,0.0,177858.0,1,False,0.009441304763103297,0.05,1778570.0
"Fixed 177828, designed",48,10,12,"D 0,2 -> 4,6",12,True,0.0,177859.0,1,False,0.018167337615970322,0.05,1956429.0
"Fixed 177828, designed",49,0,25,"D 2,3 -> 6,7",25,True,0.0,177855.0,1,False,0.31503606513167726,0.05,177855.0
"Fixed 177828, designed",49,1,18,"D 1,2 -> 4,7",15,True,0.0,177855.0,1,False,0.29681502172579394,0.05,355710.0
"Fixed 177828, designed",49,2,8,"D 0,1 -> 4,5",8,True,0.0,177854.0,1,False,0.3764697826210095,0.05,533564.0
"Fixed 177828, designed",49,3,15,"D 0,3 -> 5,6",15,True,0.0,177858.0,1,False,0.30026357217502075,0.05,711422.0
"Fixed 177828, designed",49,4,19,"D 1,2 -> 5,6",19,True,0.0,177861.0,1,False,0.03758523474777508,0.05,889283.0
"Fixed 177828, designed",49,5,14,"D 0,3 -> 4,7",14,True,0.0,177860.0,1,False,0.06571252399006697,0.05,1067143.0
"Fixed 177828, designed",49,6,11,"D 0,1 -> 6,7",22,False,0.04480658230253376,177853.0,1,False,0.043648521305584075,0.05,1244996.0
"Fixed 177828, designed",49,7,22,"D 2,3 -> 4,5",22,True,0.0,177858.0,1,False,0.06967473471393487,0.05,1422854.0
"Fixed 177828, designed",49,8,21,"D 1,3 -> 5,7",21,True,0.0,177858.0,1,False,0.009441304763103297,0.05,1600712.0
"Fixed 177828, designed",49,9,12,"D 0,2 -> 4,6",12,True,0.0,177859.0,1,False,0.01816733765010426,0.05,1778571.0
"Fixed 177828, designed",50,0,25,"D 2,3 -> 6,7",25,True,0.0,177855.0,1,False,0.31503606513167726,0.05,177855.0
"Fixed 177828, designed",50,1,8,"D 0,1 -> 4,5",15,False,0.033311851350335986,177855.0,1,False,0.29681502172579394,0.05,355710.0
"Fixed 177828, designed",50,2,18,"D 1,2 -> 4,7",15,True,5.551115123125783e-16,177852.0,1,False,0.303713351808019,0.05,533562.0
"Fixed 177828, designed",50,3,15,"D 0,3 -> 5,6",15,True,0.0,177855.0,1,False,0.38824803810173447,0.05,711417.0
"Fixed 177828, designed",50,4,19,"D 1,2 -> 5,6",19,True,0.0,177861.0,1,False,0.03758523456612009,0.05,889278.0
"Fixed 177828, designed",50,5,14,"D 0,3 -> 4,7",14,True,0.0,177860.0,1,False,0.06571252413529677,0.05,1067138.0
"Fixed 177828, designed",50,6,22,"D 2,3 -> 4,5",22,True,0.0,177853.0,1,False,0.04364852185640933,0.05,1244991.0
"Fixed 177828, designed",50,7,11,"D 0,1 -> 6,7",11,True,0.0,177855.0,1,False,0.100727964292116,0.05,1422846.0
"Fixed 177828, designed",50,8,12,"D 0,2 -> 4,6",12,True,4.773959005888173e-15,177858.0,1,False,0.009441304132124916,0.05,1600704.0
"Fixed 177828, designed",50,9,21,"D 1,3 -> 5,7",21,True,0.0,177855.0,1,False,0.01816733747863644,0.06,1778559.0
"Fixed 177828, designed",51,0,25,"D 2,3 -> 6,7",25,True,0.0,177855.0,1,False,0.31503606513167726,0.05,177855.0
"Fixed 177828, designed",51,1,15,"D 0,3 -> 5,6",15,True,0.0,177855.0,1,False,0.29681502172579394,0.05,355710.0
"Fixed 177828, designed",51,2,8,"D 0,1 -> 4,5",8,True,0.0,177853.0,1,False,0.3764697826210095,0.05,533563.0
"Fixed 177828, designed",51,3,18,"D 1,2 -> 4,7",18,True,0.0,177854.0,1,False,0.3002635722338174,0.05,711417.0
"Fixed 177828, designed",51,4,19,"D 1,2 -> 5,6",14,True,5.182410056647768e-12,177861.0,1,False,0.03758523457422756,0.05,889278.0
"Fixed 177828, designed",51,5,14,"D 0,3 -> 4,7",14,True,0.0,177860.0,1,False,0.06571252392066197,0.06,1067138.0
"Fixed 177828, designed",51,6,22,"D 2,3 -> 4,5",22,True,0.0,177853.0,1,False,0.04364852124132713,0.06,1244991.0
"Fixed 177828, designed",51,7,11,"D 0,1 -> 6,7",11,True,0.0,177855.0,1,False,0.10072796416579667,0.05,1422846.0
"Fixed 177828, designed",51,8,13,"D 0,3 -> 4,5",21,False,1.0,177858.0,1,False,0.009441304630083448,0.06,1600704.0
"Fixed 177828, designed",51,9,2,S 1 -> 5,21,False,1.0,177858.0,1,False,0.009441304630083448,0.05,1778562.0
"Fixed 177828, designed",51,10,9,"D 0,1 -> 4,7",21,False,1.0,177858.0,1,False,0.009441304630083448,0.05,1956420.0
"Fixed 177828, designed",51,11,12,"D 0,2 -> 4,6",21,True,2.371568497139265e-10,177858.0,1,False,0.009441304630083448,0.05,2134278.0
"Fixed 177828, designed",51,12,21,"D 1,3 -> 5,7",21,True,0.0,177855.0,1,False,0.01816733759515189,0.06,2312133.0
"Fixed 177828, designed",52,0,25,"D 2,3 -> 6,7",25,True,0.0,177855.0,1,False,0.31503606513167726,0.05,177855.0
"Fixed 177828, designed",52,1,15,"D 0,3 -> 5,6",15,True,0.0,177855.0,1,False,0.29681502172579394,0.05,355710.0
"Fixed 177828, designed",52,2,8,"D 0,1 -> 4,5",8,True,0.0,177853.0,1,False,0.3764697826210095,0.05,533563.0
"Fixed 177828, designed",52,3,18,"D 1,2 -> 4,7",18,True,0.0,177854.0,1,False,0.3002635722338174,0.05,711417.0
"Fixed 177828, designed",52,4,19,"D 1,2 -> 5,6",14,True,5.182410056647768e-12,177861.0,1,False,0.03758523457422756,0.05,889278.0
"Fixed 177828, designed",52,5,14,"D 0,3 -> 4,7",14,True,0.0,177860.0,1,False,0.06571252392066197,0.05,1067138.0
"Fixed 177828, designed",52,6,22,"D 2,3 -> 4,5",22,True,0.0,177853.0,1,False,0.04364852124132713,0.05,1244991.0
"Fixed 177828, designed",52,7,11,"D 0,1 -> 6,7",11,True,0.0,177855.0,1,False,0.10072796416579667,0.05,1422846.0
"Fixed 177828, designed",52,8,8,"D 0,1 -> 4,5",21,False,0.9999999965082123,177858.0,1,False,0.009441304630083448,0.05,1600704.0
"Fixed 177828, designed",52,9,12,"D 0,2 -> 4,6",21,True,2.371568497139265e-10,177858.0,1,False,0.009441304630083448,0.05,1778562.0
"Fixed 177828, designed",52,10,21,"D 1,3 -> 5,7",21,True,0.0,177855.0,1,False,0.018167337680942957,0.05,1956417.0
"Fixed 177828, designed",53,0,25,"D 2,3 -> 6,7",25,True,0.0,177855.0,1,False,0.31503606513167726,0.05,177855.0
"Fixed 177828, designed",53,1,18,"D 1,2 -> 4,7",15,True,0.0,177855.0,1,False,0.29681502172579394,0.05,355710.0
"Fixed 177828, designed",53,2,8,"D 0,1 -> 4,5",8,True,0.0,177854.0,1,False,0.3764697826210095,0.05,533564.0
"Fixed 177828, designed",53,3,15,"D 0,3 -> 5,6",15,True,0.0,177858.0,1,False,0.30026357217502075,0.05,711422.0
"Fixed 177828, designed",53,4,14,"D 0,3 -> 4,7",19,True,5.80789971671436e-10,177861.0,1,False,0.03758523474777508,0.05,889283.0
"Fixed 177828, designed",53,5,19,"D 1,2 -> 5,6",19,True,0.0,177852.0,1,False,0.0657125239206618,0.05,1067135.0
"Fixed 177828, designed",53,6,22,"D 2,3 -> 4,5",22,True,0.0,177853.0,1,False,0.043648521241327065,0.05,1244988.0
"Fixed 177828, designed",53,7,11,"D 0,1 -> 6,7",11,True,0.0,177855.0,1,False,0.10072796416579699,0.05,1422843.0
"Fixed 177828, designed",53,8,0,S 0 -> 4,21,False,1.0,177858.0,1,False,0.009441304483876924,0.05,1600701.0
"Fixed 177828, designed",53,9,5,S 2 -> 6,12,False,1.0,177858.0,1,False,0.009441304546048494,0.05,1778559.0
"Fixed 177828, designed",53,10,0,S 0 -> 4,12,False,1.0,177858.0,1,False,0.009441304546048494,0.05,1956417.0
"Fixed 177828, designed",53,11,14,"D 0,3 -> 4,7",12,False,0.9999999698250505,177858.0,1,False,0.009441304546048494,0.05,2134275.0
"Fixed 177828, designed",53,12,7,S 3 -> 7,12,False,1.0,177858.0,1,False,0.009441304546048494,0.05,2312133.0
"Fixed 177828, designed",53,13,21,"D 1,3 -> 5,7",12,True,6.400169283438117e-10,177858.0,1,False,0.009441304546048494,0.05,2489991.0
"Fixed 177828, designed",53,14,12,"D 0,2 -> 4,6",12,True,0.0,177859.0,1,False,0.018167337382862338,0.05,2667850.0
"Fixed 177828, designed",54,0,25,"D 2,3 -> 6,7",25,True,0.0,177855.0,1,False,0.31503606513167726,0.05,177855.0
"Fixed 177828, designed",54,1,15,"D 0,3 -> 5,6",15,True,0.0,177855.0,1,False,0.29681502172579394,0.05,355710.0
"Fixed 177828, designed",54,2,8,"D 0,1 -> 4,5",8,True,0.0,177853.0,1,False,0.3764697826210095,0.05,533563.0
"Fixed 177828, designed",54,3,18,"D 1,2 -> 4,7",18,True,0.0,177854.0,1,False,0.3002635722338174,0.05,711417.0
"Fixed 177828, designed",54,4,14,"D 0,3 -> 4,7",14,True,0.0,177861.0,1,False,0.03758523457422756,0.05,889278.0
"Fixed 177828, designed",54,5,19,"D 1,2 -> 5,6",19,True,0.0,177852.0,1,False,0.0657125239900671,0.05,1067130.0
"Fixed 177828, designed",54,6,11,"D 0,1 -> 6,7",22,False,0.044806582302531095,177853.0,1,False,0.04364852130558422,0.05,1244983.0
"Fixed 177828, designed",54,7,22,"D 2,3 -> 4,5",22,True,0.0,177858.0,1,False,0.06967473471683744,0.05,1422841.0
"Fixed 177828, designed",54,8,3,S 1 -> 7,12,False,1.0,177858.0,1,False,0.009441304763103292,0.05,1600699.0
"Fixed 177828, designed",54,9,21,"D 1,3 -> 5,7",12,False,2.6598964142365844e-09,177858.0,1,False,0.009441304763103292,0.05,1778557.0
"Fixed 177828, designed",54,10,12,"D 0,2 -> 4,6",12,True,0.0,177859.0,1,False,0.018167337649211208,0.05,1956416.0
"Fixed 177828, designed",55,0,25,"D 2,3 -> 6,7",25,True,0.0,177855.0,1,False,0.31503606513167726,0.05,177855.0
"Fixed 177828, designed",55,1,18,"D 1,2 -> 4,7",15,True,0.0,177855.0,1,False,0.29681502172579394,0.05,355710.0
"Fixed 177828, designed",55,2,8,"D 0,1 -> 4,5",8,True,0.0,177854.0,1,False,0.3764697826210095,0.05,533564.0
"Fixed 177828, designed",55,3,15,"D 0,3 -> 5,6",15,True,0.0,177858.0,1,False,0.30026357217502075,0.05,711422.0
"Fixed 177828, designed",55,4,14,"D 0,3 -> 4,7",19,True,5.80789971671436e-10,177861.0,1,False,0.03758523474777508,0.05,889283.0
"Fixed 177828, designed",55,5,19,"D 1,2 -> 5,6",19,True,0.0,177852.0,1,False,0.0657125239206618,0.05,1067135.0
"Fixed 177828, designed",55,6,11,"D 0,1 -> 6,7",22,False,0.044806582285133345,177853.0,1,False,0.043648521241327065,0.05,1244988.0
"Fixed 177828, designed",55,7,22,"D 2,3 -> 4,5",22,True,0.0,177858.0,1,False,0.06967473482297251,0.05,1422846.0
"Fixed 177828, designed",55,8,12,"D 0,2 -> 4,6",12,True,0.0,177858.0,1,False,0.009441304632724787,0.05,1600704.0
"Fixed 177828, designed",55,9,21,"D 1,3 -> 5,7",21,True,0.0,177855.0,1,False,0.01816733764921178,0.05,1778559.0
"Fixed 177828, designed",56,0,25,"D 2,3 -> 6,7",25,True,0.0,177855.0,1,False,0.31503606513167726,0.05,177855.0
"Fixed 177828, designed",56,1,15,"D 0,3 -> 5,6",15,True,0.0,177855.0,1,False,0.29681502172579394,0.05,355710.0
"Fixed 177828, designed",56,2,8,"D 0,1 -> 4,5",8,True,0.0,177853.0,1,False,0.3764697826210095,0.05,533563.0
"Fixed 177828, designed",56,3,18,"D 1,2 -> 4,7",18,True,0.0,177854.0,1,False,0.3002635722338174,0.05,711417.0
"Fixed 177828, designed",56,4,14,"D 0,3 -> 4,7",14,True,0.0,177861.0,1,False,0.03758523457422756,0.05,889278.0
"Fixed 177828, designed",56,5,19,"D 1,2 -> 5,6",19,True,0.0,177852.0,1,False,0.0657125239900671,0.05,1067130.0
"Fixed 177828, designed",56,6,22,"D 2,3 -> 4,5",22,True,0.0,177853.0,1,False,0.04364852130558422,0.05,1244983.0
"Fixed 177828, designed",56,7,11,"D 0,1 -> 6,7",11,True,0.0,177855.0,1,False,0.10072796416579655,0.05,1422838.0
"Fixed 177828, designed",56,8,12,"D 0,2 -> 4,6",21,False,1.6493607257750398e-08,177858.0,1,False,0.009441305047874061,0.05,1600696.0
"Fixed 177828, designed",56,9,21,"D 1,3 -> 5,7",21,True,0.0,177855.0,1,False,0.018167337650105482,0.05,1778551.0
"Fixed 177828, designed",57,0,25,"D 2,3 -> 6,7",25,True,0.0,177855.0,1,False,0.31503606513167726,0.05,177855.0
"Fixed 177828, designed",57,1,18,"D 1,2 -> 4,7",15,True,0.0,177855.0,1,False,0.29681502172579394,0.05,355710.0
"Fixed 177828, designed",57,2,8,"D 0,1 -> 4,5",8,True,0.0,177854.0,1,False,0.3764697826210095,0.05,533564.0
"Fixed 177828, designed",57,3,15,"D 0,3 -> 5,6",15,True,0.0,177858.0,1,False,0.30026357217502075,0.05,711422.0
"Fixed 177828, designed",57,4,19,"D 1,2 -> 5,6",19,True,0.0,177861.0,1,False,0.03758523474777508,0.05,889283.0
"Fixed 177828, designed",57,5,14,"D 0,3 -> 4,7",14,True,0.0,177860.0,1,False,0.06571252399006697,0.05,1067143.0
"Fixed 177828, designed",57,6,22,"D 2,3 -> 4,5",22,True,0.0,177853.0,1,False,0.043648521305584075,0.05,1244996.0
"Fixed 177828, designed",57,7,11,"D 0,1 -> 6,7",11,True,0.0,177855.0,1,False,0.10072796416579774,0.05,1422851.0
"Fixed 177828, designed",57,8,21,"D 1,3 -> 5,7",21,True,0.0,177858.0,1,False,0.009441304483876945,0.05,1600709.0
"Fixed 177828, designed",57,9,12,"D 0,2 -> 4,6",12,True,0.0,177859.0,1,False,0.018167337522397423,0.05,1778568.0
"Fixed 177828, designed",58,0,25,"D 2,3 -> 6,7",25,True,0.0,177855.0,1,False,0.31503606513167726,0.06,177855.0
"Fixed 177828, designed",58,1,15,"D 0,3 -> 5,6",15,True,0.0,177855.0,1,False,0.29681502172579394,0.05,355710.0
"Fixed 177828, designed",58,2,8,"D 0,1 -> 4,5",8,True,0.0,177853.0,1,False,0.3764697826210095,0.05,533563.0
"Fixed 177828, designed",58,3,18,"D 1,2 -> 4,7",18,True,0.0,177854.0,1,False,0.3002635722338174,0.05,711417.0
"Fixed 177828, designed",58,4,19,"D 1,2 -> 5,6",14,True,5.182410056647768e-12,177861.0,1,False,0.03758523457422756,0.05,889278.0
"Fixed 177828, designed",58,5,14,"D 0,3 -> 4,7",14,True,0.0,177860.0,1,False,0.06571252392066197,0.05,1067138.0
"Fixed 177828, designed",58,6,22,"D 2,3 -> 4,5",22,True,0.0,177853.0,1,False,0.04364852124132713,0.05,1244991.0
"Fixed 177828, designed",58,7,11,"D 0,1 -> 6,7",11,True,0.0,177855.0,1,False,0.10072796416579667,0.05,1422846.0
"Fixed 177828, designed",58,8,12,"D 0,2 -> 4,6",21,True,2.371568497139265e-10,177858.0,1,False,0.009441304630083448,0.05,1600704.0
"Fixed 177828, designed",58,9,21,"D 1,3 -> 5,7",21,True,0.0,177855.0,1,False,0.01816733759515189,0.05,1778559.0
"Fixed 177828, designed",59,0,25,"D 2,3 -> 6,7",25,True,0.0,177855.0,1,False,0.31503606513167726,0.05,177855.0
"Fixed 177828, designed",59,1,18,"D 1,2 -> 4,7",15,True,0.0,177855.0,1,False,0.29681502172579394,0.05,355710.0
"Fixed 177828, designed",59,2,8,"D 0,1 -> 4,5",8,True,0.0,177854.0,1,False,0.3764697826210095,0.05,533564.0
"Fixed 177828, designed",59,3,15,"D 0,3 -> 5,6",15,True,0.0,177858.0,1,False,0.30026357217502075,0.05,711422.0
"Fixed 177828, designed",59,4,19,"D 1,2 -> 5,6",19,True,0.0,177861.0,1,False,0.03758523474777508,0.05,889283.0
"Fixed 177828, designed",59,5,14,"D 0,3 -> 4,7",14,True,0.0,177860.0,1,False,0.06571252399006697,0.05,1067143.0
"Fixed 177828, designed",59,6,22,"D 2,3 -> 4,5",22,True,0.0,177853.0,1,False,0.043648521305584075,0.05,1244996.0
"Fixed 177828, designed",59,7,11,"D 0,1 -> 6,7",11,True,0.0,177855.0,1,False,0.10072796416579774,0.05,1422851.0
"Fixed 177828, designed",59,8,9,"D 0,1 -> 4,7",21,False,1.0,177858.0,1,False,0.009441304483876945,0.05,1600709.0
"Fixed 177828, designed",59,9,12,"D 0,2 -> 4,6",12,True,0.0,177858.0,1,False,0.00944130454604846,0.05,1778567.0
"Fixed 177828, designed",59,10,21,"D 1,3 -> 5,7",21,True,0.0,177855.0,1,False,0.018167337649212068,0.05,1956422.0
"Fixed 177828, designed",60,0,25,"D 2,3 -> 6,7",25,True,0.0,177855.0,1,False,0.31503606513167726,0.05,177855.0
"Fixed 177828, designed",60,1,18,"D 1,2 -> 4,7",15,True,0.0,177855.0,1,False,0.29681502172579394,0.05,355710.0
"Fixed 177828, designed",60,2,8,"D 0,1 -> 4,5",8,True,0.0,177854.0,1,False,0.3764697826210095,0.05,533564.0
"Fixed 177828, designed",60,3,15,"D 0,3 -> 5,6",15,True,0.0,177858.0,1,False,0.30026357217502075,0.05,711422.0
"Fixed 177828, designed",60,4,14,"D 0,3 -> 4,7",19,True,5.80789971671436e-10,177861.0,1,False,0.03758523474777508,0.05,889283.0
"Fixed 177828, designed",60,5,19,"D 1,2 -> 5,6",19,True,0.0,177852.0,1,False,0.0657125239206618,0.05,1067135.0
"Fixed 177828, designed",60,6,22,"D 2,3 -> 4,5",22,True,0.0,177853.0,1,False,0.043648521241327065,0.05,1244988.0
"Fixed 177828, designed",60,7,11,"D 0,1 -> 6,7",11,True,0.0,177855.0,1,False,0.10072796416579699,0.05,1422843.0
"Fixed 177828, designed",60,8,3,S 1 -> 7,21,False,1.0,177858.0,1,False,0.009441304483876924,0.05,1600701.0
"Fixed 177828, designed",60,9,12,"D 0,2 -> 4,6",12,True,0.0,177858.0,1,False,0.009441304546048494,0.05,1778559.0
"Fixed 177828, designed",60,10,21,"D 1,3 -> 5,7",21,True,0.0,177855.0,1,False,0.018167337649211975,0.05,1956414.0
"Fixed 177828, designed",61,0,25,"D 2,3 -> 6,7",25,True,0.0,177855.0,1,False,0.31503606513167726,0.05,177855.0
"Fixed 177828, designed",61,1,8,"D 0,1 -> 4,5",15,False,0.033311851350335986,177855.0,1,False,0.29681502172579394,0.05,355710.0
"Fixed 177828, designed",61,2,18,"D 1,2 -> 4,7",15,True,5.551115123125783e-16,177852.0,1,False,0.303713351808019,0.05,533562.0
"Fixed 177828, designed",61,3,15,"D 0,3 -> 5,6",15,True,0.0,177855.0,1,False,0.38824803810173447,0.05,711417.0
"Fixed 177828, designed",61,4,14,"D 0,3 -> 4,7",19,True,5.150813109366936e-11,177861.0,1,False,0.03758523456612009,0.05,889278.0
"Fixed 177828, designed",61,5,19,"D 1,2 -> 5,6",19,True,0.0,177852.0,1,False,0.06571252413529666,0.05,1067130.0
"Fixed 177828, designed",61,6,22,"D 2,3 -> 4,5",22,True,0.0,177853.0,1,False,0.04364852180125853,0.05,1244983.0
"Fixed 177828, designed",61,7,11,"D 0,1 -> 6,7",11,True,0.0,177855.0,1,False,0.10072796429211586,0.05,1422838.0
"Fixed 177828, designed",61,8,21,"D 1,3 -> 5,7",12,True,1.887379141862766e-15,177858.0,1,False,0.009441304132124781,0.05,1600696.0
"Fixed 177828, designed",61,9,7,S 3 -> 7,12,False,1.0,177859.0,1,False,0.018167337498859015,0.05,1778555.0
"Fixed 177828, designed",61,10,12,"D 0,2 -> 4,6",12,True,0.0,177859.0,1,False,0.018167337498859015,0.05,1956414.0
"Fixed 177828, designed",62,0,25,"D 2,3 -> 6,7",25,True,0.0,177855.0,1,False,0.31503606513167726,0.06,177855.0
"Fixed 177828, designed",62,1,15,"D 0,3 -> 5,6",15,True,0.0,177855.0,1,False,0.29681502172579394,0.05,355710.0
"Fixed 177828, designed",62,2,8,"D 0,1 -> 4,5",8,True,0.0,177853.0,1,False,0.3764697826210095,0.05,533563.0
"Fixed 177828, designed",62,3,18,"D 1,2 -> 4,7",18,True,0.0,177854.0,1,False,0.3002635722338174,0.05,711417.0
"Fixed 177828, designed",62,4,14,"D 0,3 -> 4,7",14,True,0.0,177861.0,1,False,0.03758523457422756,0.05,889278.0
"Fixed 177828, designed",62,5,19,"D 1,2 -> 5,6",19,True,0.0,177852.0,1,False,0.0657125239900671,0.05,1067130.0
"Fixed 177828, designed",62,6,22,"D 2,3 -> 4,5",22,True,0.0,177853.0,1,False,0.04364852130558422,0.05,1244983.0
"Fixed 177828, designed",62,7,11,"D 0,1 -> 6,7",11,True,0.0,177855.0,1,False,0.10072796416579655,0.05,1422838.0
"Fixed 177828, designed",62,8,10,"D 0,1 -> 5,6",21,False,1.0,177858.0,1,False,0.009441305047874061,0.05,1600696.0
"Fixed 177828, designed",62,9,2,S 1 -> 5,21,False,1.0,177858.0,1,False,0.00944130458544351,0.05,1778554.0
"Fixed 177828, designed",62,10,12,"D 0,2 -> 4,6",21,True,8.03115351999395e-11,177858.0,1,False,0.00944130458544351,0.05,1956412.0
"Fixed 177828, designed",62,11,21,"D 1,3 -> 5,7",21,True,0.0,177855.0,1,False,0.018167337650105034,0.05,2134267.0
"Fixed 177828, designed",63,0,25,"D 2,3 -> 6,7",25,True,0.0,177855.0,1,False,0.31503606513167726,0.05,177855.0
"Fixed 177828, designed",63,1,18,"D 1,2 -> 4,7",15,True,0.0,177855.0,1,False,0.29681502172579394,0.05,355710.0
"Fixed 177828, designed",63,2,8,"D 0,1 -> 4,5",8,True,0.0,177854.0,1,False,0.3764697826210095,0.05,533564.0
"Fixed 177828, designed",63,3,15,"D 0,3 -> 5,6",15,True,0.0,177858.0,1,False,0.30026357217502075,0.05,711422.0
"Fixed 177828, designed",63,4,19,"D 1,2 -> 5,6",19,True,0.0,177861.0,1,False,0.03758523474777508,0.06,889283.0
"Fixed 177828, designed",63,5,14,"D 0,3 -> 4,7",14,True,0.0,177860.0,1,False,0.06571252399006697,0.05,1067143.0
"Fixed 177828, designed",63,6,11,"D 0,1 -> 6,7",22,False,0.04480658230253376,177853.0,1,False,0.043648521305584075,0.05,1244996.0
"Fixed 177828, designed",63,7,22,"D 2,3 -> 4,5",22,True,0.0,177858.0,1,False,0.06967473471393487,0.05,1422854.0
"Fixed 177828, designed",63,8,0,S 0 -> 4,21,False,1.0,177858.0,1,False,0.009441304763103297,0.05,1600712.0
"Fixed 177828, designed",63,9,21,"D 1,3 -> 5,7",21,True,0.0,177858.0,1,False,0.009441304763103297,0.05,1778570.0
"Fixed 177828, designed",63,10,12,"D 0,2 -> 4,6",12,True,0.0,177859.0,1,False,0.01816733765010426,0.05,1956429.0
"Fixed 177828, designed",64,0,25,"D 2,3 -> 6,7",25,True,0.0,177855.0,1,False,0.31503606513167726,0.05,177855.0
"Fixed 177828, designed",64,1,15,"D 0,3 -> 5,6",15,True,0.0,177855.0,1,False,0.29681502172579394,0.05,355710.0
"Fixed 177828, designed",64,2,8,"D 0,1 -> 4,5",8,True,0.0,177853.0,1,False,0.3764697826210095,0.05,533563.0
"Fixed 177828, designed",64,3,18,"D 1,2 -> 4,7",18,True,0.0,177854.0,1,False,0.3002635722338174,0.06,711417.0
"Fixed 177828, designed",64,4,14,"D 0,3 -> 4,7",14,True,0.0,177861.0,1,False,0.03758523457422756,0.05,889278.0
"Fixed 177828, designed",64,5,19,"D 1,2 -> 5,6",19,True,0.0,177852.0,1,False,0.0657125239900671,0.05,1067130.0
"Fixed 177828, designed",64,6,22,"D 2,3 -> 4,5",22,True,0.0,177853.0,1,False,0.04364852130558422,0.05,1244983.0
"Fixed 177828, designed",64,7,11,"D 0,1 -> 6,7",11,True,0.0,177855.0,1,False,0.10072796416579655,0.05,1422838.0
"Fixed 177828, designed",64,8,25,"D 2,3 -> 6,7",21,False,0.9999980646564142,177858.0,1,False,0.009441305047874061,0.05,1600696.0
"Fixed 177828, designed",64,9,11,"D 0,1 -> 6,7",12,False,0.9999998057559306,177858.0,1,False,0.009441305645612227,0.05,1778554.0
"Fixed 177828, designed",64,10,12,"D 0,2 -> 4,6",12,True,0.0,177858.0,1,False,0.009441305322944814,0.05,1956412.0
"Fixed 177828, designed",64,11,21,"D 1,3 -> 5,7",21,True,0.0,177855.0,1,False,0.018167337674670624,0.05,2134267.0
"Fixed 177828, designed",65,0,25,"D 2,3 -> 6,7",25,True,0.0,177855.0,1,False,0.31503606513167726,0.05,177855.0
"Fixed 177828, designed",65,1,8,"D 0,1 -> 4,5",15,False,0.033311851350335986,177855.0,1,False,0.29681502172579394,0.05,355710.0
"Fixed 177828, designed",65,2,15,"D 0,3 -> 5,6",15,True,0.0,177852.0,1,False,0.303713351808019,0.05,533562.0
"Fixed 177828, designed",65,3,18,"D 1,2 -> 4,7",18,True,0.0,177850.0,1,False,0.38824803810173436,0.05,711412.0
"Fixed 177828, designed",65,4,14,"D 0,3 -> 4,7",14,True,0.0,177861.0,1,False,0.03758523456612019,0.05,889273.0
"Fixed 177828, designed",65,5,19,"D 1,2 -> 5,6",19,True,0.0,177852.0,1,False,0.0657125241352967,0.05,1067125.0
"Fixed 177828, designed",65,6,11,"D 0,1 -> 6,7",22,False,0.04480658474782895,177853.0,1,False,0.043648521856409134,0.05,1244978.0
"Fixed 177828, designed",65,7,22,"D 2,3 -> 4,5",22,True,0.0,177858.0,1,False,0.06967473568968069,0.05,1422836.0
"Fixed 177828, designed",65,8,12,"D 0,2 -> 4,6",12,True,6.661338147750939e-15,177858.0,1,False,0.00944130465202562,0.05,1600694.0
"Fixed 177828, designed",65,9,21,"D 1,3 -> 5,7",21,True,0.0,177855.0,1,False,0.018167337417688407,0.06,1778549.0
"Fixed 177828, designed",66,0,25,"D 2,3 -> 6,7",25,True,0.0,177855.0,1,False,0.31503606513167726,0.05,177855.0
"Fixed 177828, designed",66,1,15,"D 0,3 -> 5,6",15,True,0.0,177855.0,1,False,0.29681502172579394,0.05,355710.0
"Fixed 177828, designed",66,2,8,"D 0,1 -> 4,5",8,True,0.0,177853.0,1,False,0.3764697826210095,0.05,533563.0
"Fixed 177828, designed",66,3,18,"D 1,2 -> 4,7",18,True,0.0,177854.0,1,False,0.3002635722338174,0.05,711417.0
"Fixed 177828, designed",66,4,14,"D 0,3 -> 4,7",14,True,0.0,177861.0,1,False,0.03758523457422756,0.05,889278.0
"Fixed 177828, designed",66,5,19,"D 1,2 -> 5,6",19,True,0.0,177852.0,1,False,0.0657125239900671,0.05,1067130.0
"Fixed 177828, designed",66,6,22,"D 2,3 -> 4,5",22,True,0.0,177853.0,1,False,0.04364852130558422,0.05,1244983.0
"Fixed 177828, designed",66,7,11,"D 0,1 -> 6,7",11,True,0.0,177855.0,1,False,0.10072796416579655,0.05,1422838.0
"Fixed 177828, designed",66,8,3,S 1 -> 7,21,False,1.0,177858.0,1,False,0.009441305047874061,0.05,1600696.0
"Fixed 177828, designed",66,9,21,"D 1,3 -> 5,7",21,True,0.0,177858.0,1,False,0.00944130458544351,0.05,1778554.0
"Fixed 177828, designed",66,10,12,"D 0,2 -> 4,6",12,True,0.0,177859.0,1,False,0.018167337511205264,0.05,1956413.0
"Fixed 177828, designed",67,0,25,"D 2,3 -> 6,7",25,True,0.0,177855.0,1,False,0.31503606513167726,0.05,177855.0
"Fixed 177828, designed",67,1,18,"D 1,2 -> 4,7",15,True,0.0,177855.0,1,False,0.29681502172579394,0.05,355710.0
"Fixed 177828, designed",67,2,8,"D 0,1 -> 4,5",8,True,0.0,177854.0,1,False,0.3764697826210095,0.05,533564.0
"Fixed 177828, designed",67,3,15,"D 0,3 -> 5,6",15,True,0.0,177858.0,1,False,0.30026357217502075,0.05,711422.0
"Fixed 177828, designed",67,4,14,"D 0,3 -> 4,7",19,True,5.80789971671436e-10,177861.0,1,False,0.03758523474777508,0.05,889283.0
"Fixed 177828, designed",67,5,19,"D 1,2 -> 5,6",19,True,0.0,177852.0,1,False,0.0657125239206618,0.05,1067135.0
"Fixed 177828, designed",67,6,11,"D 0,1 -> 6,7",22,False,0.044806582285133345,177853.0,1,False,0.043648521241327065,0.05,1244988.0
"Fixed 177828, designed",67,7,22,"D 2,3 -> 4,5",22,True,0.0,177858.0,1,False,0.06967473482297251,0.05,1422846.0
"Fixed 177828, designed",67,8,11,"D 0,1 -> 6,7",12,False,0.9999999965742711,177858.0,1,False,0.009441304632724787,0.05,1600704.0
"Fixed 177828, designed",67,9,21,"D 1,3 -> 5,7",12,True,7.587165340439128e-10,177858.0,1,False,0.009441304632724787,0.05,1778562.0
"Fixed 177828, designed",67,10,12,"D 0,2 -> 4,6",12,True,0.0,177859.0,1,False,0.018167337688007525,0.05,1956421.0
"Fixed 177828, designed",68,0,25,"D 2,3 -> 6,7",25,True,0.0,177855.0,1,False,0.31503606513167726,0.05,177855.0
"Fixed 177828, designed",68,1,8,"D 0,1 -> 4,5",15,False,0.033311851350335986,177855.0,1,False,0.29681502172579394,0.05,355710.0
"Fixed 177828, designed",68,2,18,"D 1,2 -> 4,7",15,True,5.551115123125783e-16,177852.0,1,False,0.303713351808019,0.05,533562.0
"Fixed 177828, designed",68,3,15,"D 0,3 -> 5,6",15,True,0.0,177855.0,1,False,0.38824803810173447,0.05,711417.0
"Fixed 177828, designed",68,4,14,"D 0,3 -> 4,7",19,True,5.150813109366936e-11,177861.0,1,False,0.03758523456612009,0.05,889278.0
"Fixed 177828, designed",68,5,19,"D 1,2 -> 5,6",19,True,0.0,177852.0,1,False,0.06571252413529666,0.05,1067130.0
"Fixed 177828, designed",68,6,11,"D 0,1 -> 6,7",22,False,0.044806584461233534,177853.0,1,False,0.04364852180125853,0.05,1244983.0
"Fixed 177828, designed",68,7,22,"D 2,3 -> 4,5",22,True,0.0,177858.0,1,False,0.0696747355600191,0.05,1422841.0
"Fixed 177828, designed",68,8,1,S 0 -> 6,12,False,1.0,177858.0,1,False,0.009441304652025612,0.05,1600699.0
"Fixed 177828, designed",68,9,12,"D 0,2 -> 4,6",12,True,0.0,177858.0,1,False,0.009441304652025612,0.05,1778557.0
"Fixed 177828, designed",68,10,21,"D 1,3 -> 5,7",21,True,0.0,177855.0,1,False,0.018167337417688396,0.05,1956412.0
"Fixed 177828, designed",69,0,25,"D 2,3 -> 6,7",25,True,0.0,177855.0,1,False,0.31503606513167726,0.05,177855.0
"Fixed 177828, designed",69,1,15,"D 0,3 -> 5,6",15,True,0.0,177855.0,1,False,0.29681502172579394,0.05,355710.0
"Fixed 177828, designed",69,2,8,"D 0,1 -> 4,5",8,True,0.0,177853.0,1,False,0.3764697826210095,0.05,533563.0
"Fixed 177828, designed",69,3,18,"D 1,2 -> 4,7",18,True,0.0,177854.0,1,False,0.3002635722338174,0.05,711417.0
"Fixed 177828, designed",69,4,19,"D 1,2 -> 5,6",14,True,5.182410056647768e-12,177861.0,1,False,0.03758523457422756,0.05,889278.0
"Fixed 177828, designed",69,5,14,"D 0,3 -> 4,7",14,True,0.0,177860.0,1,False,0.06571252392066197,0.05,1067138.0
"Fixed 177828, designed",69,6,22,"D 2,3 -> 4,5",22,True,0.0,177853.0,1,False,0.04364852124132713,0.05,1244991.0
"Fixed 177828, designed",69,7,11,"D 0,1 -> 6,7",11,True,0.0,177855.0,1,False,0.10072796416579667,0.05,1422846.0
"Fixed 177828, designed",69,8,12,"D 0,2 -> 4,6",21,True,2.371568497139265e-10,177858.0,1,False,0.009441304630083448,0.05,1600704.0
"Fixed 177828, designed",69,9,21,"D 1,3 -> 5,7",21,True,0.0,177855.0,1,False,0.01816733759515189,0.05,1778559.0
"Fixed 177828, designed",70,0,25,"D 2,3 -> 6,7",25,True,0.0,177855.0,1,False,0.31503606513167726,0.05,177855.0
"Fixed 177828, designed",70,1,18,"D 1,2 -> 4,7",15,True,0.0,177855.0,1,False,0.29681502172579394,0.05,355710.0
"Fixed 177828, designed",70,2,8,"D 0,1 -> 4,5",8,True,0.0,177854.0,1,False,0.3764697826210095,0.05,533564.0
"Fixed 177828, designed",70,3,15,"D 0,3 -> 5,6",15,True,0.0,177858.0,1,False,0.30026357217502075,0.05,711422.0
"Fixed 177828, designed",70,4,14,"D 0,3 -> 4,7",19,True,5.80789971671436e-10,177861.0,1,False,0.03758523474777508,0.05,889283.0
"Fixed 177828, designed",70,5,19,"D 1,2 -> 5,6",19,True,0.0,177852.0,1,False,0.0657125239206618,0.05,1067135.0
"Fixed 177828, designed",70,6,22,"D 2,3 -> 4,5",22,True,0.0,177853.0,1,False,0.043648521241327065,0.05,1244988.0
"Fixed 177828, designed",70,7,11,"D 0,1 -> 6,7",11,True,0.0,177855.0,1,False,0.10072796416579699,0.05,1422843.0
"Fixed 177828, designed",70,8,21,"D 1,3 -> 5,7",21,True,0.0,177858.0,1,False,0.009441304483876924,0.05,1600701.0
"Fixed 177828, designed",70,9,12,"D 0,2 -> 4,6",12,True,0.0,177859.0,1,False,0.01816733748163215,0.05,1778560.0
"Fixed 177828, designed",71,0,25,"D 2,3 -> 6,7",25,True,0.0,177855.0,1,False,0.31503606513167726,0.05,177855.0
"Fixed 177828, designed",71,1,18,"D 1,2 -> 4,7",15,True,0.0,177855.0,1,False,0.29681502172579394,0.05,355710.0
"Fixed 177828, designed",71,2,8,"D 0,1 -> 4,5",8,True,0.0,177854.0,1,False,0.3764697826210095,0.05,533564.0
"Fixed 177828, designed",71,3,15,"D 0,3 -> 5,6",15,True,0.0,177858.0,1,False,0.30026357217502075,0.05,711422.0
"Fixed 177828, designed",71,4,19,"D 1,2 -> 5,6",19,True,0.0,177861.0,1,False,0.03758523474777508,0.05,889283.0
"Fixed 177828, designed",71,5,14,"D 0,3 -> 4,7",14,True,0.0,177860.0,1,False,0.06571252399006697,0.05,1067143.0
"Fixed 177828, designed",71,6,22,"D 2,3 -> 4,5",22,True,0.0,177853.0,1,False,0.043648521305584075,0.05,1244996.0
"Fixed 177828, designed",71,7,11,"D 0,1 -> 6,7",11,True,0.0,177855.0,1,False,0.10072796416579774,0.05,1422851.0
"Fixed 177828, designed",71,8,21,"D 1,3 -> 5,7",21,True,0.0,177858.0,1,False,0.009441304483876945,0.06,1600709.0
"Fixed 177828, designed",71,9,12,"D 0,2 -> 4,6",12,True,0.0,177859.0,1,False,0.018167337522397423,0.06,1778568.0
"Fixed 177828, designed",72,0,25,"D 2,3 -> 6,7",25,True,0.0,177855.0,1,False,0.31503606513167726,0.05,177855.0
"Fixed 177828, designed",72,1,18,"D 1,2 -> 4,7",15,True,0.0,177855.0,1,False,0.29681502172579394,0.05,355710.0
"Fixed 177828, designed",72,2,8,"D 0,1 -> 4,5",8,True,0.0,177854.0,1,False,0.3764697826210095,0.05,533564.0
"Fixed 177828, designed",72,3,15,"D 0,3 -> 5,6",15,True,0.0,177858.0,1,False,0.30026357217502075,0.05,711422.0
"Fixed 177828, designed",72,4,19,"D 1,2 -> 5,6",19,True,0.0,177861.0,1,False,0.03758523474777508,0.05,889283.0
"Fixed 177828, designed",72,5,14,"D 0,3 -> 4,7",14,True,0.0,177860.0,1,False,0.06571252399006697,0.05,1067143.0
"Fixed 177828, designed",72,6,11,"D 0,1 -> 6,7",22,False,0.04480658230253376,177853.0,1,False,0.043648521305584075,0.05,1244996.0
"Fixed 177828, designed",72,7,22,"D 2,3 -> 4,5",22,True,0.0,177858.0,1,False,0.06967473471393487,0.05,1422854.0
"Fixed 177828, designed",72,8,12,"D 0,2 -> 4,6",21,False,2.6598955260581647e-09,177858.0,1,False,0.009441304763103297,0.05,1600712.0
"Fixed 177828, designed",72,9,21,"D 1,3 -> 5,7",21,True,0.0,177855.0,1,False,0.018167337649211406,0.05,1778567.0
"Fixed 177828, designed",73,0,25,"D 2,3 -> 6,7",25,True,0.0,177855.0,1,False,0.31503606513167726,0.05,177855.0
"Fixed 177828, designed",73,1,15,"D 0,3 -> 5,6",15,True,0.0,177855.0,1,False,0.29681502172579394,0.05,355710.0
"Fixed 177828, designed",73,2,8,"D 0,1 -> 4,5",8,True,0.0,177853.0,1,False,0.3764697826210095,0.05,533563.0
"Fixed 177828, designed",73,3,18,"D 1,2 -> 4,7",18,True,0.0,177854.0,1,False,0.3002635722338174,0.05,711417.0
"Fixed 177828, designed",73,4,14,"D 0,3 -> 4,7",14,True,0.0,177861.0,1,False,0.03758523457422756,0.05,889278.0
"Fixed 177828, designed",73,5,19,"D 1,2 -> 5,6",19,True,0.0,177852.0,1,False,0.0657125239900671,0.05,1067130.0
"Fixed 177828, designed",73,6,11,"D 0,1 -> 6,7",22,False,0.044806582302531095,177853.0,1,False,0.04364852130558422,0.05,1244983.0
"Fixed 177828, designed",73,7,22,"D 2,3 -> 4,5",22,True,0.0,177858.0,1,False,0.06967473471683744,0.05,1422841.0
"Fixed 177828, designed",73,8,21,"D 1,3 -> 5,7",12,False,2.6598964142365844e-09,177858.0,1,False,0.009441304763103292,0.05,1600699.0
"Fixed 177828, designed",73,9,12,"D 0,2 -> 4,6",12,True,0.0,177859.0,1,False,0.018167337649211208,0.05,1778558.0
"Fixed 177828, designed",74,0,25,"D 2,3 -> 6,7",25,True,0.0,177855.0,1,False,0.31503606513167726,0.05,177855.0
"Fixed 177828, designed",74,1,8,"D 0,1 -> 4,5",15,False,0.033311851350335986,177855.0,1,False,0.29681502172579394,0.05,355710.0
"Fixed 177828, designed",74,2,15,"D 0,3 -> 5,6",15,True,0.0,177852.0,1,False,0.303713351808019,0.05,533562.0
"Fixed 177828, designed",74,3,18,"D 1,2 -> 4,7",18,True,0.0,177850.0,1,False,0.38824803810173436,0.05,711412.0
"Fixed 177828, designed",74,4,14,"D 0,3 -> 4,7",14,True,0.0,177861.0,1,False,0.03758523456612019,0.05,889273.0
"Fixed 177828, designed",74,5,19,"D 1,2 -> 5,6",19,True,0.0,177852.0,1,False,0.0657125241352967,0.05,1067125.0
"Fixed 177828, designed",74,6,22,"D 2,3 -> 4,5",22,True,0.0,177853.0,1,False,0.043648521856409134,0.05,1244978.0
"Fixed 177828, designed",74,7,11,"D 0,1 -> 6,7",11,True,0.0,177855.0,1,False,0.10072796429211578,0.05,1422833.0
"Fixed 177828, designed",74,8,19,"D 1,2 -> 5,6",12,False,0.9999999393247642,177858.0,1,False,0.009441304132124777,0.05,1600691.0
"Fixed 177828, designed",74,9,12,"D 0,2 -> 4,6",12,True,0.0,177858.0,1,False,0.009441304132124777,0.05,1778549.0
"Fixed 177828, designed",74,10,21,"D 1,3 -> 5,7",21,True,0.0,177855.0,1,False,0.018167336931880308,0.05,1956404.0
"Fixed 177828, designed",75,0,25,"D 2,3 -> 6,7",25,True,0.0,177855.0,1,False,0.31503606513167726,0.05,177855.0
"Fixed 177828, designed",75,1,18,"D 1,2 -> 4,7",15,True,0.0,177855.0,1,False,0.29681502172579394,0.05,355710.0
"Fixed 177828, designed",75,2,8,"D 0,1 -> 4,5",8,True,0.0,177854.0,1,False,0.3764697826210095,0.05,533564.0
"Fixed 177828, designed",75,3,15,"D 0,3 -> 5,6",15,True,0.0,177858.0,1,False,0.30026357217502075,0.05,711422.0
"Fixed 177828, designed",75,4,14,"D 0,3 -> 4,7",19,True,5.80789971671436e-10,177861.0,1,False,0.03758523474777508,0.05,889283.0
"Fixed 177828, designed",75,5,19,"D 1,2 -> 5,6",19,True,0.0,177852.0,1,False,0.0657125239206618,0.05,1067135.0
"Fixed 177828, designed",75,6,22,"D 2,3 -> 4,5",22,True,0.0,177853.0,1,False,0.043648521241327065,0.05,1244988.0
"Fixed 177828, designed",75,7,11,"D 0,1 -> 6,7",11,True,0.0,177855.0,1,False,0.10072796416579699,0.05,1422843.0
"Fixed 177828, designed",75,8,11,"D 0,1 -> 6,7",21,False,0.9999999513661534,177858.0,1,False,0.009441304483876924,0.05,1600701.0
"Fixed 177828, designed",75,9,20,"D 1,2 -> 6,7",12,False,1.0,177858.0,1,False,0.009441304535539524,0.05,1778559.0
"Fixed 177828, designed",75,10,5,S 2 -> 6,12,False,1.0,177858.0,1,False,0.009441304535539524,0.05,1956417.0
"Fixed 177828, designed",75,11,21,"D 1,3 -> 5,7",12,True,6.400174834553241e-10,177858.0,1,False,0.009441304535539524,0.05,2134275.0
"Fixed 177828, designed",75,12,12,"D 0,2 -> 4,6",12,True,0.0,177859.0,1,False,0.018167337812831502,0.05,2312134.0
"Fixed 177828, designed",76,0,25,"D 2,3 -> 6,7",25,True,0.0,177855.0,1,False,0.31503606513167726,0.05,177855.0
"Fixed 177828, designed",76,1,18,"D 1,2 -> 4,7",15,True,0.0,177855.0,1,False,0.29681502172579394,0.05,355710.0
"Fixed 177828, designed",76,2,8,"D 0,1 -> 4,5",8,True,0.0,177854.0,1,False,0.3764697826210095,0.05,533564.0
"Fixed 177828, designed",76,3,15,"D 0,3 -> 5,6",15,True,0.0,177858.0,1,False,0.30026357217502075,0.05,711422.0
"Fixed 177828, designed",76,4,19,"D 1,2 -> 5,6",19,True,0.0,177861.0,1,False,0.03758523474777508,0.05,889283.0
"Fixed 177828, designed",76,5,14,"D 0,3 -> 4,7",14,True,0.0,177860.0,1,False,0.06571252399006697,0.05,1067143.0
"Fixed 177828, designed",76,6,22,"D 2,3 -> 4,5",22,True,0.0,177853.0,1,False,0.043648521305584075,0.05,1244996.0
"Fixed 177828, designed",76,7,11,"D 0,1 -> 6,7",11,True,0.0,177855.0,1,False,0.10072796416579774,0.05,1422851.0
"Fixed 177828, designed",76,8,12,"D 0,2 -> 4,6",21,False,2.297271373130627e-09,177858.0,1,False,0.009441304483876945,0.05,1600709.0
"Fixed 177828, designed",76,9,21,"D 1,3 -> 5,7",21,True,0.0,177855.0,1,False,0.018167337649210517,0.05,1778564.0
"Fixed 177828, designed",77,0,25,"D 2,3 -> 6,7",25,True,0.0,177855.0,1,False,0.31503606513167726,0.05,177855.0
"Fixed 177828, designed",77,1,18,"D 1,2 -> 4,7",15,True,0.0,177855.0,1,False,0.29681502172579394,0.05,355710.0
"Fixed 177828, designed",77,2,8,"D 0,1 -> 4,5",8,True,0.0,177854.0,1,False,0.3764697826210095,0.05,533564.0
"Fixed 177828, designed",77,3,15,"D 0,3 -> 5,6",15,True,0.0,177858.0,1,False,0.30026357217502075,0.05,711422.0
"Fixed 177828, designed",77,4,19,"D 1,2 -> 5,6",19,True,0.0,177861.0,1,False,0.03758523474777508,0.05,889283.0
"Fixed 177828, designed",77,5,14,"D 0,3 -> 4,7",14,True,0.0,177860.0,1,False,0.06571252399006697,0.05,1067143.0
"Fixed 177828, designed",77,6,22,"D 2,3 -> 4,5",22,True,0.0,177853.0,1,False,0.043648521305584075,0.05,1244996.0
"Fixed 177828, designed",77,7,11,"D 0,1 -> 6,7",11,True,0.0,177855.0,1,False,0.10072796416579774,0.05,1422851.0
"Fixed 177828, designed",77,8,21,"D 1,3 -> 5,7",21,True,0.0,177858.0,1,False,0.009441304483876945,0.05,1600709.0
"Fixed 177828, designed",77,9,12,"D 0,2 -> 4,6",12,True,0.0,177859.0,1,False,0.018167337522397423,0.05,1778568.0
"Fixed 177828, designed",78,0,25,"D 2,3 -> 6,7",25,True,0.0,177855.0,1,False,0.31503606513167726,0.05,177855.0
"Fixed 177828, designed",78,1,15,"D 0,3 -> 5,6",15,True,0.0,177855.0,1,False,0.29681502172579394,0.05,355710.0
"Fixed 177828, designed",78,2,8,"D 0,1 -> 4,5",8,True,0.0,177853.0,1,False,0.3764697826210095,0.05,533563.0
"Fixed 177828, designed",78,3,18,"D 1,2 -> 4,7",18,True,0.0,177854.0,1,False,0.3002635722338174,0.05,711417.0
"Fixed 177828, designed",78,4,19,"D 1,2 -> 5,6",14,True,5.182410056647768e-12,177861.0,1,False,0.03758523457422756,0.05,889278.0
"Fixed 177828, designed",78,5,14,"D 0,3 -> 4,7",14,True,0.0,177860.0,1,False,0.06571252392066197,0.05,1067138.0
"Fixed 177828, designed",78,6,22,"D 2,3 -> 4,5",22,True,0.0,177853.0,1,False,0.04364852124132713,0.05,1244991.0
"Fixed 177828, designed",78,7,11,"D 0,1 -> 6,7",11,True,0.0,177855.0,1,False,0.10072796416579667,0.05,1422846.0
"Fixed 177828, designed",78,8,12,"D 0,2 -> 4,6",21,True,2.371568497139265e-10,177858.0,1,False,0.009441304630083448,0.05,1600704.0
"Fixed 177828, designed",78,9,21,"D 1,3 -> 5,7",21,True,0.0,177855.0,1,False,0.01816733759515189,0.05,1778559.0
"Fixed 177828, designed",79,0,25,"D 2,3 -> 6,7",25,True,0.0,177855.0,1,False,0.31503606513167726,0.05,177855.0
"Fixed 177828, designed",79,1,15,"D 0,3 -> 5,6",15,True,0.0,177855.0,1,False,0.29681502172579394,0.05,355710.0
"Fixed 177828, designed",79,2,8,"D 0,1 -> 4,5",8,True,0.0,177853.0,1,False,0.3764697826210095,0.05,533563.0
"Fixed 177828, designed",79,3,18,"D 1,2 -> 4,7",18,True,0.0,177854.0,1,False,0.3002635722338174,0.05,711417.0
"Fixed 177828, designed",79,4,14,"D 0,3 -> 4,7",14,True,0.0,177861.0,1,False,0.03758523457422756,0.05,889278.0
"Fixed 177828, designed",79,5,19,"D 1,2 -> 5,6",19,True,0.0,177852.0,1,False,0.0657125239900671,0.05,1067130.0
"Fixed 177828, designed",79,6,22,"D 2,3 -> 4,5",22,True,0.0,177853.0,1,False,0.04364852130558422,0.05,1244983.0
"Fixed 177828, designed",79,7,11,"D 0,1 -> 6,7",11,True,0.0,177855.0,1,False,0.10072796416579655,0.05,1422838.0
"Fixed 177828, designed",79,8,21,"D 1,3 -> 5,7",21,True,0.0,177858.0,1,False,0.009441305047874061,0.05,1600696.0
"Fixed 177828, designed",79,9,12,"D 0,2 -> 4,6",12,True,0.0,177859.0,1,False,0.018167337649213765,0.05,1778555.0
"Fixed 177828, designed",80,0,25,"D 2,3 -> 6,7",25,True,0.0,177855.0,1,False,0.31503606513167726,0.05,177855.0
"Fixed 177828, designed",80,1,15,"D 0,3 -> 5,6",15,True,0.0,177855.0,1,False,0.29681502172579394,0.05,355710.0
"Fixed 177828, designed",80,2,8,"D 0,1 -> 4,5",8,True,0.0,177853.0,1,False,0.3764697826210095,0.05,533563.0
"Fixed 177828, designed",80,3,18,"D 1,2 -> 4,7",18,True,0.0,177854.0,1,False,0.3002635722338174,0.05,711417.0
"Fixed 177828, designed",80,4,14,"D 0,3 -> 4,7",14,True,0.0,177861.0,1,False,0.03758523457422756,0.05,889278.0
"Fixed 177828, designed",80,5,19,"D 1,2 -> 5,6",19,True,0.0,177852.0,1,False,0.0657125239900671,0.05,1067130.0
"Fixed 177828, designed",80,6,22,"D 2,3 -> 4,5",22,True,0.0,177853.0,1,False,0.04364852130558422,0.05,1244983.0
"Fixed 177828, designed",80,7,11,"D 0,1 -> 6,7",11,True,0.0,177855.0,1,False,0.10072796416579655,0.05,1422838.0
"Fixed 177828, designed",80,8,15,"D 0,3 -> 5,6",21,False,0.9999996252707722,177858.0,1,False,0.009441305047874061,0.05,1600696.0
"Fixed 177828, designed",80,9,12,"D 0,2 -> 4,6",12,True,0.0,177858.0,1,False,0.009441304660468355,0.05,1778554.0
"Fixed 177828, designed",80,10,21,"D 1,3 -> 5,7",21,True,0.0,177855.0,1,False,0.018167337678604144,0.05,1956409.0
"Fixed 177828, designed",81,0,25,"D 2,3 -> 6,7",25,True,0.0,177855.0,1,False,0.31503606513167726,0.06,177855.0
"Fixed 177828, designed",81,1,15,"D 0,3 -> 5,6",15,True,0.0,177855.0,1,False,0.29681502172579394,0.05,355710.0
"Fixed 177828, designed",81,2,8,"D 0,1 -> 4,5",8,True,0.0,177853.0,1,False,0.3764697826210095,0.05,533563.0
"Fixed 177828, designed",81,3,18,"D 1,2 -> 4,7",18,True,0.0,177854.0,1,False,0.3002635722338174,0.05,711417.0
"Fixed 177828, designed",81,4,14,"D 0,3 -> 4,7",14,True,0.0,177861.0,1,False,0.03758523457422756,0.05,889278.0
"Fixed 177828, designed",81,5,19,"D 1,2 -> 5,6",19,True,0.0,177852.0,1,False,0.0657125239900671,0.05,1067130.0
"Fixed 177828, designed",81,6,11,"D 0,1 -> 6,7",22,False,0.044806582302531095,177853.0,1,False,0.04364852130558422,0.05,1244983.0
"Fixed 177828, designed",81,7,22,"D 2,3 -> 4,5",22,True,0.0,177858.0,1,False,0.06967473471683744,0.05,1422841.0
"Fixed 177828, designed",81,8,10,"D 0,1 -> 5,6",12,False,1.0,177858.0,1,False,0.009441304763103292,0.05,1600699.0
"Fixed 177828, designed",81,9,2,S 1 -> 5,12,False,1.0,177858.0,1,False,0.009441304763103292,0.05,1778557.0
"Fixed 177828, designed",81,10,0,S 0 -> 4,12,False,1.0,177858.0,1,False,0.009441304763103292,0.05,1956415.0
"Fixed 177828, designed",81,11,21,"D 1,3 -> 5,7",12,False,2.6598964142365844e-09,177858.0,1,False,0.009441304763103292,0.06,2134273.0
"Fixed 177828, designed",81,12,12,"D 0,2 -> 4,6",12,True,0.0,177859.0,1,False,0.018167337649211208,0.06,2312132.0
"Fixed 177828, designed",82,0,25,"D 2,3 -> 6,7",25,True,0.0,177855.0,1,False,0.31503606513167726,0.05,177855.0
"Fixed 177828, designed",82,1,18,"D 1,2 -> 4,7",15,True,0.0,177855.0,1,False,0.29681502172579394,0.05,355710.0
"Fixed 177828, designed",82,2,8,"D 0,1 -> 4,5",8,True,0.0,177854.0,1,False,0.3764697826210095,0.05,533564.0
"Fixed 177828, designed",82,3,15,"D 0,3 -> 5,6",15,True,0.0,177858.0,1,False,0.30026357217502075,0.05,711422.0
"Fixed 177828, designed",82,4,19,"D 1,2 -> 5,6",19,True,0.0,177861.0,1,False,0.03758523474777508,0.05,889283.0
"Fixed 177828, designed",82,5,14,"D 0,3 -> 4,7",14,True,0.0,177860.0,1,False,0.06571252399006697,0.05,1067143.0
"Fixed 177828, designed",82,6,11,"D 0,1 -> 6,7",22,False,0.04480658230253376,177853.0,1,False,0.043648521305584075,0.05,1244996.0
"Fixed 177828, designed",82,7,22,"D 2,3 -> 4,5",22,True,0.0,177858.0,1,False,0.06967473471393487,0.05,1422854.0
"Fixed 177828, designed",82,8,12,"D 0,2 -> 4,6",21,False,2.6598955260581647e-09,177858.0,1,False,0.009441304763103297,0.05,1600712.0
"Fixed 177828, designed",82,9,21,"D 1,3 -> 5,7",21,True,0.0,177855.0,1,False,0.018167337649211406,0.05,1778567.0
"Fixed 177828, designed",83,0,25,"D 2,3 -> 6,7",25,True,0.0,177855.0,1,False,0.31503606513167726,0.05,177855.0
"Fixed 177828, designed",83,1,15,"D 0,3 -> 5,6",15,True,0.0,177855.0,1,False,0.29681502172579394,0.05,355710.0
"Fixed 177828, designed",83,2,8,"D 0,1 -> 4,5",8,True,0.0,177853.0,1,False,0.3764697826210095,0.05,533563.0
"Fixed 177828, designed",83,3,18,"D 1,2 -> 4,7",18,True,0.0,177854.0,1,False,0.3002635722338174,0.05,711417.0
"Fixed 177828, designed",83,4,19,"D 1,2 -> 5,6",14,True,5.182410056647768e-12,177861.0,1,False,0.03758523457422756,0.05,889278.0
"Fixed 177828, designed",83,5,14,"D 0,3 -> 4,7",14,True,0.0,177860.0,1,False,0.06571252392066197,0.05,1067138.0
"Fixed 177828, designed",83,6,22,"D 2,3 -> 4,5",22,True,0.0,177853.0,1,False,0.04364852124132713,0.05,1244991.0
"Fixed 177828, designed",83,7,11,"D 0,1 -> 6,7",11,True,0.0,177855.0,1,False,0.10072796416579667,0.05,1422846.0
"Fixed 177828, designed",83,8,21,"D 1,3 -> 5,7",21,True,0.0,177858.0,1,False,0.009441304630083448,0.05,1600704.0
"Fixed 177828, designed",83,9,5,S 2 -> 6,12,False,1.0,177859.0,1,False,0.018167337649211367,0.05,1778563.0
"Fixed 177828, designed",83,10,12,"D 0,2 -> 4,6",12,True,0.0,177859.0,1,False,0.018167337649211367,0.05,1956422.0
"Fixed 177828, designed",84,0,25,"D 2,3 -> 6,7",25,True,0.0,177855.0,1,False,0.31503606513167726,0.05,177855.0
"Fixed 177828, designed",84,1,15,"D 0,3 -> 5,6",15,True,0.0,177855.0,1,False,0.29681502172579394,0.05,355710.0
"Fixed 177828, designed",84,2,8,"D 0,1 -> 4,5",8,True,0.0,177853.0,1,False,0.3764697826210095,0.05,533563.0
"Fixed 177828, designed",84,3,18,"D 1,2 -> 4,7",18,True,0.0,177854.0,1,False,0.3002635722338174,0.05,711417.0
"Fixed 177828, designed",84,4,19,"D 1,2 -> 5,6",14,True,5.182410056647768e-12,177861.0,1,False,0.03758523457422756,0.05,889278.0
"Fixed 177828, designed",84,5,14,"D 0,3 -> 4,7",14,True,0.0,177860.0,1,False,0.06571252392066197,0.05,1067138.0
"Fixed 177828, designed",84,6,22,"D 2,3 -> 4,5",22,True,0.0,177853.0,1,False,0.04364852124132713,0.05,1244991.0
"Fixed 177828, designed",84,7,11,"D 0,1 -> 6,7",11,True,0.0,177855.0,1,False,0.10072796416579667,0.05,1422846.0
"Fixed 177828, designed",84,8,4,S 2 -> 4,21,False,1.0,177858.0,1,False,0.009441304630083448,0.05,1600704.0
"Fixed 177828, designed",84,9,12,"D 0,2 -> 4,6",21,True,2.371568497139265e-10,177858.0,1,False,0.009441304630083448,0.05,1778562.0
"Fixed 177828, designed",84,10,21,"D 1,3 -> 5,7",21,True,0.0,177855.0,1,False,0.018167337481629908,0.05,1956417.0
"Fixed 177828, designed",85,0,25,"D 2,3 -> 6,7",25,True,0.0,177855.0,1,False,0.31503606513167726,0.05,177855.0
"Fixed 177828, designed",85,1,15,"D 0,3 -> 5,6",15,True,0.0,177855.0,1,False,0.29681502172579394,0.05,355710.0
"Fixed 177828, designed",85,2,8,"D 0,1 -> 4,5",8,True,0.0,177853.0,1,False,0.3764697826210095,0.05,533563.0
"Fixed 177828, designed",85,3,18,"D 1,2 -> 4,7",18,True,0.0,177854.0,1,False,0.3002635722338174,0.05,711417.0
"Fixed 177828, designed",85,4,19,"D 1,2 -> 5,6",14,True,5.182410056647768e-12,177861.0,1,False,0.03758523457422756,0.05,889278.0
"Fixed 177828, designed",85,5,14,"D 0,3 -> 4,7",14,True,0.0,177860.0,1,False,0.06571252392066197,0.05,1067138.0
"Fixed 177828, designed",85,6,11,"D 0,1 -> 6,7",22,False,0.044806582285143115,177853.0,1,False,0.04364852124132713,0.05,1244991.0
"Fixed 177828, designed",85,7,22,"D 2,3 -> 4,5",22,True,0.0,177858.0,1,False,0.06967473471393487,0.05,1422849.0
"Fixed 177828, designed",85,8,12,"D 0,2 -> 4,6",21,True,7.587118711072094e-10,177858.0,1,False,0.009441304632724919,0.05,1600707.0
"Fixed 177828, designed",85,9,21,"D 1,3 -> 5,7",21,True,0.0,177855.0,1,False,0.018167337481629672,0.05,1778562.0
"Fixed 177828, designed",86,0,25,"D 2,3 -> 6,7",25,True,0.0,177855.0,1,False,0.31503606513167726,0.05,177855.0
"Fixed 177828, designed",86,1,18,"D 1,2 -> 4,7",15,True,0.0,177855.0,1,False,0.29681502172579394,0.05,355710.0
"Fixed 177828, designed",86,2,8,"D 0,1 -> 4,5",8,True,0.0,177854.0,1,False,0.3764697826210095,0.05,533564.0
"Fixed 177828, designed",86,3,15,"D 0,3 -> 5,6",15,True,0.0,177858.0,1,False,0.30026357217502075,0.05,711422.0
"Fixed 177828, designed",86,4,14,"D 0,3 -> 4,7",19,True,5.80789971671436e-10,177861.0,1,False,0.03758523474777508,0.05,889283.0
"Fixed 177828, designed",86,5,19,"D 1,2 -> 5,6",19,True,0.0,177852.0,1,False,0.0657125239206618,0.05,1067135.0
"Fixed 177828, designed",86,6,22,"D 2,3 -> 4,5",22,True,0.0,177853.0,1,False,0.043648521241327065,0.05,1244988.0
"Fixed 177828, designed",86,7,11,"D 0,1 -> 6,7",11,True,0.0,177855.0,1,False,0.10072796416579699,0.05,1422843.0
"Fixed 177828, designed",86,8,12,"D 0,2 -> 4,6",21,False,2.297273260509769e-09,177858.0,1,False,0.009441304483876924,0.05,1600701.0
"Fixed 177828, designed",86,9,21,"D 1,3 -> 5,7",21,True,0.0,177855.0,1,False,0.018167337649210347,0.05,1778556.0
"Fixed 177828, designed",87,0,25,"D 2,3 -> 6,7",25,True,0.0,177855.0,1,False,0.31503606513167726,0.05,177855.0
"Fixed 177828, designed",87,1,18,"D 1,2 -> 4,7",15,True,0.0,177855.0,1,False,0.29681502172579394,0.05,355710.0
"Fixed 177828, designed",87,2,8,"D 0,1 -> 4,5",8,True,0.0,177854.0,1,False,0.3764697826210095,0.06,533564.0
"Fixed 177828, designed",87,3,15,"D 0,3 -> 5,6",15,True,0.0,177858.0,1,False,0.30026357217502075,0.05,711422.0
"Fixed 177828, designed",87,4,14,"D 0,3 -> 4,7",19,True,5.80789971671436e-10,177861.0,1,False,0.03758523474777508,0.05,889283.0
"Fixed 177828, designed",87,5,19,"D 1,2 -> 5,6",19,True,0.0,177852.0,1,False,0.0657125239206618,0.05,1067135.0
"Fixed 177828, designed",87,6,11,"D 0,1 -> 6,7",22,False,0.044806582285133345,177853.0,1,False,0.043648521241327065,0.05,1244988.0
"Fixed 177828, designed",87,7,22,"D 2,3 -> 4,5",22,True,0.0,177858.0,1,False,0.06967473482297251,0.05,1422846.0
"Fixed 177828, designed",87,8,2,S 1 -> 5,12,False,1.0,177858.0,1,False,0.009441304632724787,0.05,1600704.0
"Fixed 177828, designed",87,9,14,"D 0,3 -> 4,7",12,False,0.9999999753612613,177858.0,1,False,0.009441304632724787,0.05,1778562.0
"Fixed 177828, designed",87,10,19,"D 1,2 -> 5,6",12,False,0.9999999864832305,177858.0,1,False,0.009441304632724787,0.05,1956420.0
"Fixed 177828, designed",87,11,2,S 1 -> 5,12,False,1.0,177858.0,1,False,0.009441304632724787,0.06,2134278.0
"Fixed 177828, designed",87,12,21,"D 1,3 -> 5,7",12,True,7.587165340439128e-10,177858.0,1,False,0.009441304632724787,0.05,2312136.0
"Fixed 177828, designed",87,13,12,"D 0,2 -> 4,6",12,True,0.0,177859.0,1,False,0.018167337486049963,0.05,2489995.0
"Fixed 177828, designed",88,0,25,"D 2,3 -> 6,7",25,True,0.0,177855.0,1,False,0.31503606513167726,0.05,177855.0
"Fixed 177828, designed",88,1,15,"D 0,3 -> 5,6",15,True,0.0,177855.0,1,False,0.29681502172579394,0.05,355710.0
"Fixed 177828, designed",88,2,8,"D 0,1 -> 4,5",8,True,0.0,177853.0,1,False,0.3764697826210095,0.05,533563.0
"Fixed 177828, designed",88,3,18,"D 1,2 -> 4,7",18,True,0.0,177854.0,1,False,0.3002635722338174,0.05,711417.0
"Fixed 177828, designed",88,4,14,"D 0,3 -> 4,7",14,True,0.0,177861.0,1,False,0.03758523457422756,0.05,889278.0
"Fixed 177828, designed",88,5,19,"D 1,2 -> 5,6",19,True,0.0,177852.0,1,False,0.0657125239900671,0.05,1067130.0
"Fixed 177828, designed",88,6,22,"D 2,3 -> 4,5",22,True,0.0,177853.0,1,False,0.04364852130558422,0.05,1244983.0
"Fixed 177828, designed",88,7,11,"D 0,1 -> 6,7",11,True,0.0,177855.0,1,False,0.10072796416579655,0.05,1422838.0
"Fixed 177828, designed",88,8,12,"D 0,2 -> 4,6",21,False,1.6493607257750398e-08,177858.0,1,False,0.009441305047874061,0.06,1600696.0
"Fixed 177828, designed",88,9,21,"D 1,3 -> 5,7",21,True,0.0,177855.0,1,False,0.018167337650105482,0.05,1778551.0
"Fixed 177828, designed",89,0,25,"D 2,3 -> 6,7",25,True,0.0,177855.0,1,False,0.31503606513167726,0.05,177855.0
"Fixed 177828, designed",89,1,18,"D 1,2 -> 4,7",15,True,0.0,177855.0,1,False,0.29681502172579394,0.05,355710.0
"Fixed 177828, designed",89,2,8,"D 0,1 -> 4,5",8,True,0.0,177854.0,1,False,0.3764697826210095,0.05,533564.0
"Fixed 177828, designed",89,3,15,"D 0,3 -> 5,6",15,True,0.0,177858.0,1,False,0.30026357217502075,0.05,711422.0
"Fixed 177828, designed",89,4,14,"D 0,3 -> 4,7",19,True,5.80789971671436e-10,177861.0,1,False,0.03758523474777508,0.05,889283.0
"Fixed 177828, designed",89,5,19,"D 1,2 -> 5,6",19,True,0.0,177852.0,1,False,0.0657125239206618,0.05,1067135.0
"Fixed 177828, designed",89,6,22,"D 2,3 -> 4,5",22,True,0.0,177853.0,1,False,0.043648521241327065,0.05,1244988.0
"Fixed 177828, designed",89,7,11,"D 0,1 -> 6,7",11,True,0.0,177855.0,1,False,0.10072796416579699,0.05,1422843.0
"Fixed 177828, designed",89,8,5,S 2 -> 6,21,False,1.0,177858.0,1,False,0.009441304483876924,0.05,1600701.0
"Fixed 177828, designed",89,9,6,S 3 -> 5,12,False,1.0,177858.0,1,False,0.009441304546048494,0.05,1778559.0
"Fixed 177828, designed",89,10,5,S 2 -> 6,12,False,1.0,177858.0,1,False,0.009441304546048494,0.05,1956417.0
"Fixed 177828, designed",89,11,21,"D 1,3 -> 5,7",12,True,6.400169283438117e-10,177858.0,1,False,0.009441304546048494,0.05,2134275.0
"Fixed 177828, designed",89,12,12,"D 0,2 -> 4,6",12,True,0.0,177859.0,1,False,0.018167337499938888,0.05,2312134.0
"Fixed 177828, designed",90,0,25,"D 2,3 -> 6,7",25,True,0.0,177855.0,1,False,0.31503606513167726,0.06,177855.0
"Fixed 177828, designed",90,1,18,"D 1,2 -> 4,7",15,True,0.0,177855.0,1,False,0.29681502172579394,0.05,355710.0
"Fixed 177828, designed",90,2,8,"D 0,1 -> 4,5",8,True,0.0,177854.0,1,False,0.3764697826210095,0.05,533564.0
"Fixed 177828, designed",90,3,15,"D 0,3 -> 5,6",15,True,0.0,177858.0,1,False,0.30026357217502075,0.05,711422.0
"Fixed 177828, designed",90,4,19,"D 1,2 -> 5,6",19,True,0.0,177861.0,1,False,0.03758523474777508,0.05,889283.0
"Fixed 177828, designed",90,5,14,"D 0,3 -> 4,7",14,True,0.0,177860.0,1,False,0.06571252399006697,0.05,1067143.0
"Fixed 177828, designed",90,6,11,"D 0,1 -> 6,7",22,False,0.04480658230253376,177853.0,1,False,0.043648521305584075,0.05,1244996.0
"Fixed 177828, designed",90,7,22,"D 2,3 -> 4,5",22,True,0.0,177858.0,1,False,0.06967473471393487,0.05,1422854.0
"Fixed 177828, designed",90,8,11,"D 0,1 -> 6,7",21,False,0.9999999285078227,177858.0,1,False,0.009441304763103297,0.05,1600712.0
"Fixed 177828, designed",90,9,21,"D 1,3 -> 5,7",21,True,0.0,177858.0,1,False,0.009441304763103297,0.05,1778570.0
"Fixed 177828, designed",90,10,12,"D 0,2 -> 4,6",12,True,0.0,177859.0,1,False,0.0181673386857431,0.05,1956429.0
"Fixed 177828, designed",91,0,25,"D 2,3 -> 6,7",25,True,0.0,177855.0,1,False,0.31503606513167726,0.05,177855.0
"Fixed 177828, designed",91,1,15,"D 0,3 -> 5,6",15,True,0.0,177855.0,1,False,0.29681502172579394,0.05,355710.0
"Fixed 177828, designed",91,2,8,"D 0,1 -> 4,5",8,True,0.0,177853.0,1,False,0.3764697826210095,0.05,533563.0
"Fixed 177828, designed",91,3,18,"D 1,2 -> 4,7",18,True,0.0,177854.0,1,False,0.3002635722338174,0.05,711417.0
"Fixed 177828, designed",91,4,14,"D 0,3 -> 4,7",14,True,0.0,177861.0,1,False,0.03758523457422756,0.05,889278.0
"Fixed 177828, designed",91,5,19,"D 1,2 -> 5,6",19,True,0.0,177852.0,1,False,0.0657125239900671,0.05,1067130.0
"Fixed 177828, designed",91,6,22,"D 2,3 -> 4,5",22,True,0.0,177853.0,1,False,0.04364852130558422,0.05,1244983.0
"Fixed 177828, designed",91,7,11,"D 0,1 -> 6,7",11,True,0.0,177855.0,1,False,0.10072796416579655,0.05,1422838.0
"Fixed 177828, designed",91,8,0,S 0 -> 4,21,False,1.0,177858.0,1,False,0.009441305047874061,0.05,1600696.0
"Fixed 177828, designed",91,9,12,"D 0,2 -> 4,6",21,True,8.03115351999395e-11,177858.0,1,False,0.00944130458544351,0.05,1778554.0
"Fixed 177828, designed",91,10,21,"D 1,3 -> 5,7",21,True,0.0,177855.0,1,False,0.01816733765010512,0.05,1956409.0
"Fixed 177828, designed",92,0,25,"D 2,3 -> 6,7",25,True,0.0,177855.0,1,False,0.31503606513167726,0.05,177855.0
"Fixed 177828, designed",92,1,18,"D 1,2 -> 4,7",15,True,0.0,177855.0,1,False,0.29681502172579394,0.05,355710.0
"Fixed 177828, designed",92,2,8,"D 0,1 -> 4,5",8,True,0.0,177854.0,1,False,0.3764697826210095,0.05,533564.0
"Fixed 177828, designed",92,3,15,"D 0,3 -> 5,6",15,True,0.0,177858.0,1,False,0.30026357217502075,0.05,711422.0
"Fixed 177828, designed",92,4,14,"D 0,3 -> 4,7",19,True,5.80789971671436e-10,177861.0,1,False,0.03758523474777508,0.05,889283.0
"Fixed 177828, designed",92,5,19,"D 1,2 -> 5,6",19,True,0.0,177852.0,1,False,0.0657125239206618,0.05,1067135.0
"Fixed 177828, designed",92,6,22,"D 2,3 -> 4,5",22,True,0.0,177853.0,1,False,0.043648521241327065,0.05,1244988.0
"Fixed 177828, designed",92,7,11,"D 0,1 -> 6,7",11,True,0.0,177855.0,1,False,0.10072796416579699,0.05,1422843.0
"Fixed 177828, designed",92,8,5,S 2 -> 6,21,False,1.0,177858.0,1,False,0.009441304483876924,0.05,1600701.0
"Fixed 177828, designed",92,9,4,S 2 -> 4,12,False,1.0,177858.0,1,False,0.009441304546048494,0.05,1778559.0
"Fixed 177828, designed",92,10,12,"D 0,2 -> 4,6",12,True,0.0,177858.0,1,False,0.009441304546048494,0.05,1956417.0
"Fixed 177828, designed",92,11,21,"D 1,3 -> 5,7",21,True,0.0,177855.0,1,False,0.01816733764921205,0.05,2134272.0
"Fixed 177828, designed",93,0,25,"D 2,3 -> 6,7",25,True,0.0,177855.0,1,False,0.31503606513167726,0.05,177855.0
"Fixed 177828, designed",93,1,15,"D 0,3 -> 5,6",15,True,0.0,177855.0,1,False,0.29681502172579394,0.05,355710.0
"Fixed 177828, designed",93,2,8,"D 0,1 -> 4,5",8,True,0.0,177853.0,1,False,0.3764697826210095,0.05,533563.0
"Fixed 177828, designed",93,3,18,"D 1,2 -> 4,7",18,True,0.0,177854.0,1,False,0.3002635722338174,0.05,711417.0
"Fixed 177828, designed",93,4,14,"D 0,3 -> 4,7",14,True,0.0,177861.0,1,False,0.03758523457422756,0.05,889278.0
"Fixed 177828, designed",93,5,19,"D 1,2 -> 5,6",19,True,0.0,177852.0,1,False,0.0657125239900671,0.05,1067130.0
"Fixed 177828, designed",93,6,11,"D 0,1 -> 6,7",22,False,0.044806582302531095,177853.0,1,False,0.04364852130558422,0.05,1244983.0
"Fixed 177828, designed",93,7,22,"D 2,3 -> 4,5",22,True,0.0,177858.0,1,False,0.06967473471683744,0.05,1422841.0
"Fixed 177828, designed",93,8,1,S 0 -> 6,12,False,1.0,177858.0,1,False,0.009441304763103292,0.05,1600699.0
"Fixed 177828, designed",93,9,12,"D 0,2 -> 4,6",12,True,0.0,177858.0,1,False,0.009441304763103292,0.05,1778557.0
"Fixed 177828, designed",93,10,21,"D 1,3 -> 5,7",21,True,0.0,177855.0,1,False,0.018167337650104195,0.05,1956412.0
"Fixed 177828, designed",94,0,25,"D 2,3 -> 6,7",25,True,0.0,177855.0,1,False,0.31503606513167726,0.06,177855.0
"Fixed 177828, designed",94,1,15,"D 0,3 -> 5,6",15,True,0.0,177855.0,1,False,0.29681502172579394,0.05,355710.0
"Fixed 177828, designed",94,2,8,"D 0,1 -> 4,5",8,True,0.0,177853.0,1,False,0.3764697826210095,0.05,533563.0
"Fixed 177828, designed",94,3,18,"D 1,2 -> 4,7",18,True,0.0,177854.0,1,False,0.3002635722338174,0.05,711417.0
"Fixed 177828, designed",94,4,14,"D 0,3 -> 4,7",14,True,0.0,177861.0,1,False,0.03758523457422756,0.05,889278.0
"Fixed 177828, designed",94,5,19,"D 1,2 -> 5,6",19,True,0.0,177852.0,1,False,0.0657125239900671,0.05,1067130.0
"Fixed 177828, designed",94,6,11,"D 0,1 -> 6,7",22,False,0.044806582302531095,177853.0,1,False,0.04364852130558422,0.05,1244983.0
"Fixed 177828, designed",94,7,22,"D 2,3 -> 4,5",22,True,0.0,177858.0,1,False,0.06967473471683744,0.05,1422841.0
"Fixed 177828, designed",94,8,5,S 2 -> 6,12,False,1.0,177858.0,1,False,0.009441304763103292,0.05,1600699.0
"Fixed 177828, designed",94,9,12,"D 0,2 -> 4,6",12,True,0.0,177858.0,1,False,0.009441304763103292,0.05,1778557.0
"Fixed 177828, designed",94,10,21,"D 1,3 -> 5,7",21,True,0.0,177855.0,1,False,0.018167337650104195,0.05,1956412.0
"Fixed 177828, designed",95,0,25,"D 2,3 -> 6,7",25,True,0.0,177855.0,1,False,0.31503606513167726,0.05,177855.0
"Fixed 177828, designed",95,1,15,"D 0,3 -> 5,6",15,True,0.0,177855.0,1,False,0.29681502172579394,0.05,355710.0
"Fixed 177828, designed",95,2,8,"D 0,1 -> 4,5",8,True,0.0,177853.0,1,False,0.3764697826210095,0.05,533563.0
"Fixed 177828, designed",95,3,18,"D 1,2 -> 4,7",18,True,0.0,177854.0,1,False,0.3002635722338174,0.05,711417.0
"Fixed 177828, designed",95,4,19,"D 1,2 -> 5,6",14,True,5.182410056647768e-12,177861.0,1,False,0.03758523457422756,0.05,889278.0
"Fixed 177828, designed",95,5,14,"D 0,3 -> 4,7",14,True,0.0,177860.0,1,False,0.06571252392066197,0.05,1067138.0
"Fixed 177828, designed",95,6,22,"D 2,3 -> 4,5",22,True,0.0,177853.0,1,False,0.04364852124132713,0.05,1244991.0
"Fixed 177828, designed",95,7,11,"D 0,1 -> 6,7",11,True,0.0,177855.0,1,False,0.10072796416579667,0.05,1422846.0
"Fixed 177828, designed",95,8,12,"D 0,2 -> 4,6",21,True,2.371568497139265e-10,177858.0,1,False,0.009441304630083448,0.05,1600704.0
"Fixed 177828, designed",95,9,21,"D 1,3 -> 5,7",21,True,0.0,177855.0,1,False,0.01816733759515189,0.05,1778559.0
"Fixed 177828, pilot",0,0,25,"D 2,3 -> 6,7",25,True,0.0,177855.0,1,False,0.31503606513167726,0.11,177855.0
"Fixed 177828, pilot",0,1,15,"D 0,3 -> 5,6",15,True,0.0,177853.0,1,False,0.29681502172579394,0.11,355708.0
"Fixed 177828, pilot",0,2,8,"D 0,1 -> 4,5",8,True,0.0,177855.0,1,False,0.3764697826210095,0.11,533563.0
"Fixed 177828, pilot",0,3,18,"D 1,2 -> 4,7",18,True,0.0,177852.0,1,False,0.3002635722338174,0.11,711415.0
"Fixed 177828, pilot",0,4,19,"D 1,2 -> 5,6",14,True,5.182410056647768e-12,177855.0,1,False,0.03758523457422756,0.11,889270.0
"Fixed 177828, pilot",0,5,14,"D 0,3 -> 4,7",14,True,0.0,177854.0,1,False,0.06571252392066197,0.11,1067124.0
"Fixed 177828, pilot",0,6,22,"D 2,3 -> 4,5",22,True,0.0,177852.0,1,False,0.04364852124132713,0.11,1244976.0
"Fixed 177828, pilot",0,7,11,"D 0,1 -> 6,7",11,True,0.0,177853.0,1,False,0.10072796416579667,0.11,1422829.0
"Fixed 177828, pilot",0,8,12,"D 0,2 -> 4,6",21,True,2.371568497139265e-10,177853.0,1,False,0.009441304630083448,0.11,1600682.0
"Fixed 177828, pilot",0,9,21,"D 1,3 -> 5,7",21,True,0.0,177855.0,1,False,0.01816733759515189,0.11,1778537.0
"Fixed 177828, pilot",1,0,25,"D 2,3 -> 6,7",25,True,0.0,177852.0,1,False,0.31503606513167726,0.11,177852.0
"Fixed 177828, pilot",1,1,15,"D 0,3 -> 5,6",15,True,0.0,177852.0,1,False,0.29681502172579394,0.11,355704.0
"Fixed 177828, pilot",1,2,8,"D 0,1 -> 4,5",8,True,0.0,177855.0,1,False,0.3764697826210095,0.11,533559.0
"Fixed 177828, pilot",1,3,18,"D 1,2 -> 4,7",18,True,0.0,177857.0,1,False,0.3002635722338174,0.11,711416.0
"Fixed 177828, pilot",1,4,14,"D 0,3 -> 4,7",14,True,0.0,177856.0,1,False,0.03758523457422756,0.11,889272.0
"Fixed 177828, pilot",1,5,19,"D 1,2 -> 5,6",19,True,0.0,177855.0,1,False,0.0657125239900671,0.11,1067127.0
"Fixed 177828, pilot",1,6,11,"D 0,1 -> 6,7",22,False,0.044806582302531095,177854.0,1,False,0.04364852130558422,0.11,1244981.0
"Fixed 177828, pilot",1,7,22,"D 2,3 -> 4,5",22,True,0.0,177857.0,1,False,0.06967473471683744,0.11,1422838.0
"Fixed 177828, pilot",1,8,10,"D 0,1 -> 5,6",12,False,1.0,177857.0,1,False,0.009441304763103292,0.11,1600695.0
"Fixed 177828, pilot",1,9,5,S 2 -> 6,12,False,1.0,177858.0,1,False,0.009441304763103292,0.11,1778553.0
"Fixed 177828, pilot",1,10,6,S 3 -> 5,12,False,1.0,177855.0,1,False,0.009441304763103292,0.11,1956408.0
"Fixed 177828, pilot",1,11,12,"D 0,2 -> 4,6",12,True,0.0,177854.0,1,False,0.009441304763103292,0.11,2134262.0
"Fixed 177828, pilot",1,12,21,"D 1,3 -> 5,7",21,True,0.0,177854.0,1,False,0.018167337650104195,0.11,2312116.0
"Fixed 177828, pilot",2,0,25,"D 2,3 -> 6,7",25,True,0.0,177852.0,1,False,0.31503606513167726,0.13,177852.0
"Fixed 177828, pilot",2,1,18,"D 1,2 -> 4,7",15,True,0.0,177852.0,1,False,0.29681502172579394,0.11,355704.0
"Fixed 177828, pilot",2,2,8,"D 0,1 -> 4,5",8,True,0.0,177855.0,1,False,0.3764697826210095,0.11,533559.0
"Fixed 177828, pilot",2,3,15,"D 0,3 -> 5,6",15,True,0.0,177852.0,1,False,0.30026357217502075,0.11,711411.0
"Fixed 177828, pilot",2,4,19,"D 1,2 -> 5,6",19,True,0.0,177856.0,1,False,0.03758523474777508,0.12,889267.0
"Fixed 177828, pilot",2,5,14,"D 0,3 -> 4,7",14,True,0.0,177858.0,1,False,0.06571252399006697,0.11,1067125.0
"Fixed 177828, pilot",2,6,11,"D 0,1 -> 6,7",22,False,0.04480658230253376,177854.0,1,False,0.043648521305584075,0.11,1244979.0
"Fixed 177828, pilot",2,7,22,"D 2,3 -> 4,5",22,True,0.0,177855.0,1,False,0.06967473471393487,0.11,1422834.0
"Fixed 177828, pilot",2,8,16,"D 0,3 -> 6,7",21,False,1.0,177854.0,1,False,0.009441304763103297,0.11,1600688.0
"Fixed 177828, pilot",2,9,21,"D 1,3 -> 5,7",21,True,0.0,177856.0,1,False,0.009441304763103297,0.11,1778544.0
"Fixed 177828, pilot",2,10,12,"D 0,2 -> 4,6",12,True,0.0,177856.0,1,False,0.01816733765010426,0.11,1956400.0
"Fixed 177828, pilot",3,0,25,"D 2,3 -> 6,7",25,True,0.0,177852.0,1,False,0.31503606513167726,0.13,177852.0
"Fixed 177828, pilot",3,1,15,"D 0,3 -> 5,6",15,True,0.0,177852.0,1,False,0.29681502172579394,0.11,355704.0
"Fixed 177828, pilot",3,2,8,"D 0,1 -> 4,5",8,True,0.0,177854.0,1,False,0.3764697826210095,0.11,533558.0
"Fixed 177828, pilot",3,3,18,"D 1,2 -> 4,7",18,True,0.0,177854.0,1,False,0.3002635722338174,0.11,711412.0
"Fixed 177828, pilot",3,4,19,"D 1,2 -> 5,6",14,True,5.182410056647768e-12,177856.0,1,False,0.03758523457422756,0.11,889268.0
"Fixed 177828, pilot",3,5,14,"D 0,3 -> 4,7",14,True,0.0,177854.0,1,False,0.06571252392066197,0.11,1067122.0
"Fixed 177828, pilot",3,6,22,"D 2,3 -> 4,5",22,True,0.0,177852.0,1,False,0.04364852124132713,0.11,1244974.0
"Fixed 177828, pilot",3,7,11,"D 0,1 -> 6,7",11,True,0.0,177851.0,1,False,0.10072796416579667,0.11,1422825.0
"Fixed 177828, pilot",3,8,2,S 1 -> 5,21,False,1.0,177857.0,1,False,0.009441304630083448,0.11,1600682.0
"Fixed 177828, pilot",3,9,21,"D 1,3 -> 5,7",21,True,0.0,177854.0,1,False,0.009441304630083448,0.11,1778536.0
"Fixed 177828, pilot",3,10,12,"D 0,2 -> 4,6",12,True,0.0,177854.0,1,False,0.018167337649211367,0.11,1956390.0
"Fixed 177828, pilot",4,0,25,"D 2,3 -> 6,7",25,True,0.0,177852.0,1,False,0.31503606513167726,0.13,177852.0
"Fixed 177828, pilot",4,1,18,"D 1,2 -> 4,7",15,True,0.0,177853.0,1,False,0.29681502172579394,0.11,355705.0
"Fixed 177828, pilot",4,2,8,"D 0,1 -> 4,5",8,True,0.0,177854.0,1,False,0.3764697826210095,0.11,533559.0
"Fixed 177828, pilot",4,3,15,"D 0,3 -> 5,6",15,True,0.0,177853.0,1,False,0.30026357217502075,0.11,711412.0
"Fixed 177828, pilot",4,4,14,"D 0,3 -> 4,7",19,True,5.80789971671436e-10,177858.0,1,False,0.03758523474777508,0.12,889270.0
"Fixed 177828, pilot",4,5,19,"D 1,2 -> 5,6",19,True,0.0,177858.0,1,False,0.0657125239206618,0.11,1067128.0
"Fixed 177828, pilot",4,6,11,"D 0,1 -> 6,7",22,False,0.044806582285133345,177854.0,1,False,0.043648521241327065,0.11,1244982.0
"Fixed 177828, pilot",4,7,22,"D 2,3 -> 4,5",22,True,0.0,177852.0,1,False,0.06967473482297251,0.11,1422834.0
"Fixed 177828, pilot",4,8,12,"D 0,2 -> 4,6",12,True,0.0,177852.0,1,False,0.009441304632724787,0.12,1600686.0
"Fixed 177828, pilot",4,9,7,S 3 -> 7,21,False,1.0,177853.0,1,False,0.01816733764921178,0.12,1778539.0
"Fixed 177828, pilot",4,10,21,"D 1,3 -> 5,7",21,True,0.0,177852.0,1,False,0.01816733764921178,0.11,1956391.0
"Fixed 177828, pilot",5,0,25,"D 2,3 -> 6,7",25,True,0.0,177858.0,1,False,0.31503606513167726,0.13,177858.0
"Fixed 177828, pilot",5,1,15,"D 0,3 -> 5,6",15,True,0.0,177854.0,1,False,0.29681502172579394,0.11,355712.0
"Fixed 177828, pilot",5,2,8,"D 0,1 -> 4,5",8,True,0.0,177856.0,1,False,0.3764697826210095,0.11,533568.0
"Fixed 177828, pilot",5,3,18,"D 1,2 -> 4,7",18,True,0.0,177855.0,1,False,0.3002635722338174,0.11,711423.0
"Fixed 177828, pilot",5,4,19,"D 1,2 -> 5,6",14,True,5.182410056647768e-12,177853.0,1,False,0.03758523457422756,0.11,889276.0
"Fixed 177828, pilot",5,5,14,"D 0,3 -> 4,7",14,True,0.0,177854.0,1,False,0.06571252392066197,0.11,1067130.0
"Fixed 177828, pilot",5,6,22,"D 2,3 -> 4,5",22,True,0.0,177854.0,1,False,0.04364852124132713,0.11,1244984.0
"Fixed 177828, pilot",5,7,11,"D 0,1 -> 6,7",11,True,0.0,177855.0,1,False,0.10072796416579667,0.11,1422839.0
"Fixed 177828, pilot",5,8,12,"D 0,2 -> 4,6",21,True,2.371568497139265e-10,177855.0,1,False,0.009441304630083448,0.11,1600694.0
"Fixed 177828, pilot",5,9,21,"D 1,3 -> 5,7",21,True,0.0,177851.0,1,False,0.01816733759515189,0.11,1778545.0
"Fixed 177828, pilot",6,0,25,"D 2,3 -> 6,7",25,True,0.0,177852.0,1,False,0.31503606513167726,0.13,177852.0
"Fixed 177828, pilot",6,1,18,"D 1,2 -> 4,7",15,True,0.0,177854.0,1,False,0.29681502172579394,0.11,355706.0
"Fixed 177828, pilot",6,2,8,"D 0,1 -> 4,5",8,True,0.0,177855.0,1,False,0.3764697826210095,0.11,533561.0
"Fixed 177828, pilot",6,3,15,"D 0,3 -> 5,6",15,True,0.0,177856.0,1,False,0.30026357217502075,0.11,711417.0
"Fixed 177828, pilot",6,4,14,"D 0,3 -> 4,7",19,True,5.80789971671436e-10,177854.0,1,False,0.03758523474777508,0.12,889271.0
"Fixed 177828, pilot",6,5,19,"D 1,2 -> 5,6",19,True,0.0,177853.0,1,False,0.0657125239206618,0.11,1067124.0
"Fixed 177828, pilot",6,6,22,"D 2,3 -> 4,5",22,True,0.0,177853.0,1,False,0.043648521241327065,0.11,1244977.0
"Fixed 177828, pilot",6,7,11,"D 0,1 -> 6,7",11,True,0.0,177853.0,1,False,0.10072796416579699,0.11,1422830.0
"Fixed 177828, pilot",6,8,12,"D 0,2 -> 4,6",21,False,2.297273260509769e-09,177854.0,1,False,0.009441304483876924,0.11,1600684.0
"Fixed 177828, pilot",6,9,21,"D 1,3 -> 5,7",21,True,0.0,177853.0,1,False,0.018167337649210347,0.11,1778537.0
"Fixed 177828, pilot",7,0,25,"D 2,3 -> 6,7",25,True,0.0,177853.0,1,False,0.31503606513167726,0.13,177853.0
"Fixed 177828, pilot",7,1,18,"D 1,2 -> 4,7",15,True,0.0,177856.0,1,False,0.29681502172579394,0.11,355709.0
"Fixed 177828, pilot",7,2,8,"D 0,1 -> 4,5",8,True,0.0,177853.0,1,False,0.3764697826210095,0.11,533562.0
"Fixed 177828, pilot",7,3,15,"D 0,3 -> 5,6",15,True,0.0,177856.0,1,False,0.30026357217502075,0.11,711418.0
"Fixed 177828, pilot",7,4,14,"D 0,3 -> 4,7",19,True,5.80789971671436e-10,177854.0,1,False,0.03758523474777508,0.12,889272.0
"Fixed 177828, pilot",7,5,19,"D 1,2 -> 5,6",19,True,0.0,177857.0,1,False,0.0657125239206618,0.11,1067129.0
"Fixed 177828, pilot",7,6,22,"D 2,3 -> 4,5",22,True,0.0,177856.0,1,False,0.043648521241327065,0.11,1244985.0
"Fixed 177828, pilot",7,7,11,"D 0,1 -> 6,7",11,True,0.0,177850.0,1,False,0.10072796416579699,0.11,1422835.0
"Fixed 177828, pilot",7,8,12,"D 0,2 -> 4,6",21,False,2.297273260509769e-09,177855.0,1,False,0.009441304483876924,0.12,1600690.0
"Fixed 177828, pilot",7,9,21,"D 1,3 -> 5,7",21,True,0.0,177854.0,1,False,0.018167337649210347,0.11,1778544.0
"Fixed 177828, pilot",8,0,25,"D 2,3 -> 6,7",25,True,0.0,177854.0,1,False,0.31503606513167726,0.11,177854.0
"Fixed 177828, pilot",8,1,15,"D 0,3 -> 5,6",15,True,0.0,177857.0,1,False,0.29681502172579394,0.11,355711.0
"Fixed 177828, pilot",8,2,8,"D 0,1 -> 4,5",8,True,0.0,177855.0,1,False,0.3764697826210095,0.11,533566.0
"Fixed 177828, pilot",8,3,18,"D 1,2 -> 4,7",18,True,0.0,177855.0,1,False,0.3002635722338174,0.11,711421.0
"Fixed 177828, pilot",8,4,14,"D 0,3 -> 4,7",14,True,0.0,177857.0,1,False,0.03758523457422756,0.11,889278.0
"Fixed 177828, pilot",8,5,19,"D 1,2 -> 5,6",19,True,0.0,177857.0,1,False,0.0657125239900671,0.11,1067135.0
"Fixed 177828, pilot",8,6,22,"D 2,3 -> 4,5",22,True,0.0,177858.0,1,False,0.04364852130558422,0.11,1244993.0
"Fixed 177828, pilot",8,7,11,"D 0,1 -> 6,7",11,True,0.0,177854.0,1,False,0.10072796416579655,0.11,1422847.0
"Fixed 177828, pilot",8,8,1,S 0 -> 6,21,False,1.0,177853.0,1,False,0.009441305047874061,0.11,1600700.0
"Fixed 177828, pilot",8,9,19,"D 1,2 -> 5,6",21,False,0.9999999790475566,177853.0,1,False,0.00944130458544351,0.11,1778553.0
"Fixed 177828, pilot",8,10,19,"D 1,2 -> 5,6",21,False,0.9999999790475566,177853.0,1,False,0.00944130458544351,0.11,1956406.0
"Fixed 177828, pilot",8,11,4,S 2 -> 4,21,False,1.0,177856.0,1,False,0.00944130458544351,0.11,2134262.0
"Fixed 177828, pilot",8,12,12,"D 0,2 -> 4,6",21,True,8.03115351999395e-11,177856.0,1,False,0.00944130458544351,0.11,2312118.0
"Fixed 177828, pilot",8,13,21,"D 1,3 -> 5,7",21,True,0.0,177854.0,1,False,0.01816733769339116,0.11,2489972.0
"Fixed 177828, pilot",9,0,25,"D 2,3 -> 6,7",25,True,0.0,177853.0,1,False,0.31503606513167726,0.11,177853.0
"Fixed 177828, pilot",9,1,18,"D 1,2 -> 4,7",15,True,0.0,177852.0,1,False,0.29681502172579394,0.11,355705.0
"Fixed 177828, pilot",9,2,8,"D 0,1 -> 4,5",8,True,0.0,177854.0,1,False,0.3764697826210095,0.11,533559.0
"Fixed 177828, pilot",9,3,15,"D 0,3 -> 5,6",15,True,0.0,177851.0,1,False,0.30026357217502075,0.11,711410.0
"Fixed 177828, pilot",9,4,14,"D 0,3 -> 4,7",19,True,5.80789971671436e-10,177855.0,1,False,0.03758523474777508,0.12,889265.0
"Fixed 177828, pilot",9,5,19,"D 1,2 -> 5,6",19,True,0.0,177854.0,1,False,0.0657125239206618,0.11,1067119.0
"Fixed 177828, pilot",9,6,11,"D 0,1 -> 6,7",22,False,0.044806582285133345,177851.0,1,False,0.043648521241327065,0.11,1244970.0
"Fixed 177828, pilot",9,7,22,"D 2,3 -> 4,5",22,True,0.0,177854.0,1,False,0.06967473482297251,0.11,1422824.0
"Fixed 177828, pilot",9,8,21,"D 1,3 -> 5,7",12,True,7.587165340439128e-10,177855.0,1,False,0.009441304632724787,0.11,1600679.0
"Fixed 177828, pilot",9,9,12,"D 0,2 -> 4,6",12,True,0.0,177857.0,1,False,0.01816733748162963,0.11,1778536.0
"Fixed 177828, pilot",10,0,25,"D 2,3 -> 6,7",25,True,0.0,177853.0,1,False,0.31503606513167726,0.11,177853.0
"Fixed 177828, pilot",10,1,18,"D 1,2 -> 4,7",15,True,0.0,177854.0,1,False,0.29681502172579394,0.11,355707.0
"Fixed 177828, pilot",10,2,8,"D 0,1 -> 4,5",8,True,0.0,177856.0,1,False,0.3764697826210095,0.11,533563.0
"Fixed 177828, pilot",10,3,15,"D 0,3 -> 5,6",15,True,0.0,177857.0,1,False,0.30026357217502075,0.11,711420.0
"Fixed 177828, pilot",10,4,14,"D 0,3 -> 4,7",19,True,5.80789971671436e-10,177860.0,1,False,0.03758523474777508,0.12,889280.0
"Fixed 177828, pilot",10,5,19,"D 1,2 -> 5,6",19,True,0.0,177854.0,1,False,0.0657125239206618,0.11,1067134.0
"Fixed 177828, pilot",10,6,22,"D 2,3 -> 4,5",22,True,0.0,177853.0,1,False,0.043648521241327065,0.11,1244987.0
"Fixed 177828, pilot",10,7,11,"D 0,1 -> 6,7",11,True,0.0,177856.0,1,False,0.10072796416579699,0.11,1422843.0
"Fixed 177828, pilot",10,8,4,S 2 -> 4,21,False,1.0,177857.0,1,False,0.009441304483876924,0.11,1600700.0
"Fixed 177828, pilot",10,9,12,"D 0,2 -> 4,6",12,True,0.0,177856.0,1,False,0.009441304546048494,0.11,1778556.0
"Fixed 177828, pilot",10,10,21,"D 1,3 -> 5,7",21,True,0.0,177854.0,1,False,0.018167337649211975,0.11,1956410.0
"Fixed 177828, pilot",11,0,25,"D 2,3 -> 6,7",25,True,0.0,177851.0,1,False,0.31503606513167726,0.11,177851.0
"Fixed 177828, pilot",11,1,15,"D 0,3 -> 5,6",15,True,0.0,177852.0,1,False,0.29681502172579394,0.11,355703.0
"Fixed 177828, pilot",11,2,8,"D 0,1 -> 4,5",8,True,0.0,177856.0,1,False,0.3764697826210095,0.11,533559.0
"Fixed 177828, pilot",11,3,18,"D 1,2 -> 4,7",18,True,0.0,177852.0,1,False,0.3002635722338174,0.11,711411.0
"Fixed 177828, pilot",11,4,19,"D 1,2 -> 5,6",14,True,5.182410056647768e-12,177856.0,1,False,0.03758523457422756,0.11,889267.0
"Fixed 177828, pilot",11,5,14,"D 0,3 -> 4,7",14,True,0.0,177854.0,1,False,0.06571252392066197,0.11,1067121.0
"Fixed 177828, pilot",11,6,22,"D 2,3 -> 4,5",22,True,0.0,177856.0,1,False,0.04364852124132713,0.11,1244977.0
"Fixed 177828, pilot",11,7,11,"D 0,1 -> 6,7",11,True,0.0,177852.0,1,False,0.10072796416579667,0.11,1422829.0
"Fixed 177828, pilot",11,8,23,"D 2,3 -> 4,7",21,False,1.0,177853.0,1,False,0.009441304630083448,0.11,1600682.0
"Fixed 177828, pilot",11,9,12,"D 0,2 -> 4,6",21,True,2.371568497139265e-10,177857.0,1,False,0.009441304630083448,0.11,1778539.0
"Fixed 177828, pilot",11,10,21,"D 1,3 -> 5,7",21,True,0.0,177854.0,1,False,0.018167337481629908,0.11,1956393.0
"Fixed 177828, pilot",12,0,25,"D 2,3 -> 6,7",25,True,0.0,177852.0,1,False,0.31503606513167726,0.11,177852.0
"Fixed 177828, pilot",12,1,8,"D 0,1 -> 4,5",15,False,0.033311851350335986,177852.0,1,False,0.29681502172579394,0.11,355704.0
"Fixed 177828, pilot",12,2,18,"D 1,2 -> 4,7",15,True,5.551115123125783e-16,177852.0,1,False,0.303713351808019,0.11,533556.0
"Fixed 177828, pilot",12,3,15,"D 0,3 -> 5,6",15,True,0.0,177852.0,1,False,0.38824803810173447,0.11,711408.0
"Fixed 177828, pilot",12,4,19,"D 1,2 -> 5,6",19,True,0.0,177855.0,1,False,0.03758523456612009,0.11,889263.0
"Fixed 177828, pilot",12,5,14,"D 0,3 -> 4,7",14,True,0.0,177855.0,1,False,0.06571252413529677,0.11,1067118.0
"Fixed 177828, pilot",12,6,22,"D 2,3 -> 4,5",22,True,0.0,177851.0,1,False,0.04364852185640933,0.11,1244969.0
"Fixed 177828, pilot",12,7,11,"D 0,1 -> 6,7",11,True,0.0,177857.0,1,False,0.100727964292116,0.11,1422826.0
"Fixed 177828, pilot",12,8,25,"D 2,3 -> 6,7",12,False,0.9999984253983066,177852.0,1,False,0.009441304132124916,0.11,1600678.0
"Fixed 177828, pilot",12,9,7,S 3 -> 7,21,False,1.0,177855.0,1,False,0.009441304029109684,0.11,1778533.0
"Fixed 177828, pilot",12,10,4,S 2 -> 4,12,False,1.0,177856.0,1,False,0.009441304006550577,0.11,1956389.0
"Fixed 177828, pilot",12,11,12,"D 0,2 -> 4,6",12,True,1.6653345369377348e-15,177857.0,1,False,0.009441304006550577,0.11,2134246.0
"Fixed 177828, pilot",12,12,21,"D 1,3 -> 5,7",21,True,0.0,177858.0,1,False,0.01816733768030791,0.11,2312104.0
"Fixed 177828, pilot",13,0,25,"D 2,3 -> 6,7",25,True,0.0,177851.0,1,False,0.31503606513167726,0.11,177851.0
"Fixed 177828, pilot",13,1,18,"D 1,2 -> 4,7",15,True,0.0,177853.0,1,False,0.29681502172579394,0.11,355704.0
"Fixed 177828, pilot",13,2,8,"D 0,1 -> 4,5",8,True,0.0,177854.0,1,False,0.3764697826210095,0.11,533558.0
"Fixed 177828, pilot",13,3,15,"D 0,3 -> 5,6",15,True,0.0,177855.0,1,False,0.30026357217502075,0.12,711413.0
"Fixed 177828, pilot",13,4,19,"D 1,2 -> 5,6",19,True,0.0,177855.0,1,False,0.03758523474777508,0.11,889268.0
"Fixed 177828, pilot",13,5,14,"D 0,3 -> 4,7",14,True,0.0,177855.0,1,False,0.06571252399006697,0.11,1067123.0
"Fixed 177828, pilot",13,6,22,"D 2,3 -> 4,5",22,True,0.0,177854.0,1,False,0.043648521305584075,0.11,1244977.0
"Fixed 177828, pilot",13,7,11,"D 0,1 -> 6,7",11,True,0.0,177850.0,1,False,0.10072796416579774,0.12,1422827.0
"Fixed 177828, pilot",13,8,12,"D 0,2 -> 4,6",21,False,2.297271373130627e-09,177855.0,1,False,0.009441304483876945,0.12,1600682.0
"Fixed 177828, pilot",13,9,21,"D 1,3 -> 5,7",21,True,0.0,177855.0,1,False,0.018167337649210517,0.11,1778537.0
"Fixed 177828, pilot",14,0,25,"D 2,3 -> 6,7",25,True,0.0,177851.0,1,False,0.31503606513167726,0.11,177851.0
"Fixed 177828, pilot",14,1,18,"D 1,2 -> 4,7",15,True,0.0,177852.0,1,False,0.29681502172579394,0.11,355703.0
"Fixed 177828, pilot",14,2,8,"D 0,1 -> 4,5",8,True,0.0,177854.0,1,False,0.3764697826210095,0.11,533557.0
"Fixed 177828, pilot",14,3,15,"D 0,3 -> 5,6",15,True,0.0,177854.0,1,False,0.30026357217502075,0.11,711411.0
"Fixed 177828, pilot",14,4,19,"D 1,2 -> 5,6",19,True,0.0,177853.0,1,False,0.03758523474777508,0.11,889264.0
"Fixed 177828, pilot",14,5,14,"D 0,3 -> 4,7",14,True,0.0,177855.0,1,False,0.06571252399006697,0.11,1067119.0
"Fixed 177828, pilot",14,6,22,"D 2,3 -> 4,5",22,True,0.0,177852.0,1,False,0.043648521305584075,0.11,1244971.0
"Fixed 177828, pilot",14,7,11,"D 0,1 -> 6,7",11,True,0.0,177856.0,1,False,0.10072796416579774,0.11,1422827.0
"Fixed 177828, pilot",14,8,21,"D 1,3 -> 5,7",21,True,0.0,177852.0,1,False,0.009441304483876945,0.11,1600679.0
"Fixed 177828, pilot",14,9,12,"D 0,2 -> 4,6",12,True,0.0,177850.0,1,False,0.018167337522397423,0.11,1778529.0
"Fixed 177828, pilot",15,0,25,"D 2,3 -> 6,7",25,True,0.0,177851.0,1,False,0.31503606513167726,0.11,177851.0
"Fixed 177828, pilot",15,1,15,"D 0,3 -> 5,6",15,True,0.0,177854.0,1,False,0.29681502172579394,0.11,355705.0
"Fixed 177828, pilot",15,2,8,"D 0,1 -> 4,5",8,True,0.0,177857.0,1,False,0.3764697826210095,0.11,533562.0
"Fixed 177828, pilot",15,3,18,"D 1,2 -> 4,7",18,True,0.0,177854.0,1,False,0.3002635722338174,0.11,711416.0
"Fixed 177828, pilot",15,4,14,"D 0,3 -> 4,7",14,True,0.0,177857.0,1,False,0.03758523457422756,0.11,889273.0
"Fixed 177828, pilot",15,5,19,"D 1,2 -> 5,6",19,True,0.0,177854.0,1,False,0.0657125239900671,0.11,1067127.0
"Fixed 177828, pilot",15,6,22,"D 2,3 -> 4,5",22,True,0.0,177851.0,1,False,0.04364852130558422,0.11,1244978.0
"Fixed 177828, pilot",15,7,11,"D 0,1 -> 6,7",11,True,0.0,177853.0,1,False,0.10072796416579655,0.11,1422831.0
"Fixed 177828, pilot",15,8,21,"D 1,3 -> 5,7",21,True,0.0,177856.0,1,False,0.009441305047874061,0.11,1600687.0
"Fixed 177828, pilot",15,9,12,"D 0,2 -> 4,6",12,True,0.0,177855.0,1,False,0.018167337649213765,0.11,1778542.0
"Fixed 177828, pilot",16,0,25,"D 2,3 -> 6,7",25,True,0.0,177854.0,1,False,0.31503606513167726,0.11,177854.0
"Fixed 177828, pilot",16,1,15,"D 0,3 -> 5,6",15,True,0.0,177853.0,1,False,0.29681502172579394,0.11,355707.0
"Fixed 177828, pilot",16,2,8,"D 0,1 -> 4,5",8,True,0.0,177856.0,1,False,0.3764697826210095,0.11,533563.0
"Fixed 177828, pilot",16,3,18,"D 1,2 -> 4,7",18,True,0.0,177851.0,1,False,0.3002635722338174,0.12,711414.0
"Fixed 177828, pilot",16,4,19,"D 1,2 -> 5,6",14,True,5.182410056647768e-12,177853.0,1,False,0.03758523457422756,0.11,889267.0
"Fixed 177828, pilot",16,5,14,"D 0,3 -> 4,7",14,True,0.0,177854.0,1,False,0.06571252392066197,0.11,1067121.0
"Fixed 177828, pilot",16,6,22,"D 2,3 -> 4,5",22,True,0.0,177856.0,1,False,0.04364852124132713,0.11,1244977.0
"Fixed 177828, pilot",16,7,11,"D 0,1 -> 6,7",11,True,0.0,177853.0,1,False,0.10072796416579667,0.11,1422830.0
"Fixed 177828, pilot",16,8,7,S 3 -> 7,21,False,1.0,177855.0,1,False,0.009441304630083448,0.11,1600685.0
"Fixed 177828, pilot",16,9,21,"D 1,3 -> 5,7",21,True,0.0,177857.0,1,False,0.009441304630083448,0.11,1778542.0
"Fixed 177828, pilot",16,10,12,"D 0,2 -> 4,6",12,True,0.0,177855.0,1,False,0.018167337649211367,0.11,1956397.0
"Fixed 177828, pilot",17,0,25,"D 2,3 -> 6,7",25,True,0.0,177855.0,1,False,0.31503606513167726,0.11,177855.0
"Fixed 177828, pilot",17,1,18,"D 1,2 -> 4,7",15,True,0.0,177856.0,1,False,0.29681502172579394,0.11,355711.0
"Fixed 177828, pilot",17,2,8,"D 0,1 -> 4,5",8,True,0.0,177857.0,1,False,0.3764697826210095,0.11,533568.0
"Fixed 177828, pilot",17,3,15,"D 0,3 -> 5,6",15,True,0.0,177854.0,1,False,0.30026357217502075,0.11,711422.0
"Fixed 177828, pilot",17,4,19,"D 1,2 -> 5,6",19,True,0.0,177855.0,1,False,0.03758523474777508,0.11,889277.0
"Fixed 177828, pilot",17,5,14,"D 0,3 -> 4,7",14,True,0.0,177852.0,1,False,0.06571252399006697,0.11,1067129.0
"Fixed 177828, pilot",17,6,11,"D 0,1 -> 6,7",22,False,0.04480658230253376,177856.0,1,False,0.043648521305584075,0.11,1244985.0
"Fixed 177828, pilot",17,7,22,"D 2,3 -> 4,5",22,True,0.0,177853.0,1,False,0.06967473471393487,0.11,1422838.0
"Fixed 177828, pilot",17,8,21,"D 1,3 -> 5,7",21,True,0.0,177853.0,1,False,0.009441304763103297,0.11,1600691.0
"Fixed 177828, pilot",17,9,12,"D 0,2 -> 4,6",12,True,0.0,177857.0,1,False,0.01816733765010426,0.12,1778548.0
"Fixed 177828, pilot",18,0,25,"D 2,3 -> 6,7",25,True,0.0,177849.0,1,False,0.31503606513167726,0.11,177849.0
"Fixed 177828, pilot",18,1,18,"D 1,2 -> 4,7",15,True,0.0,177855.0,1,False,0.29681502172579394,0.11,355704.0
"Fixed 177828, pilot",18,2,8,"D 0,1 -> 4,5",8,True,0.0,177855.0,1,False,0.3764697826210095,0.11,533559.0
"Fixed 177828, pilot",18,3,15,"D 0,3 -> 5,6",15,True,0.0,177853.0,1,False,0.30026357217502075,0.11,711412.0
"Fixed 177828, pilot",18,4,19,"D 1,2 -> 5,6",19,True,0.0,177852.0,1,False,0.03758523474777508,0.11,889264.0
"Fixed 177828, pilot",18,5,14,"D 0,3 -> 4,7",14,True,0.0,177856.0,1,False,0.06571252399006697,0.11,1067120.0
"Fixed 177828, pilot",18,6,22,"D 2,3 -> 4,5",22,True,0.0,177857.0,1,False,0.043648521305584075,0.11,1244977.0
"Fixed 177828, pilot",18,7,11,"D 0,1 -> 6,7",11,True,0.0,177856.0,1,False,0.10072796416579774,0.11,1422833.0
"Fixed 177828, pilot",18,8,12,"D 0,2 -> 4,6",21,False,2.297271373130627e-09,177857.0,1,False,0.009441304483876945,0.11,1600690.0
"Fixed 177828, pilot",18,9,21,"D 1,3 -> 5,7",21,True,0.0,177851.0,1,False,0.018167337649210517,0.11,1778541.0
"Fixed 177828, pilot",19,0,25,"D 2,3 -> 6,7",25,True,0.0,177853.0,1,False,0.31503606513167726,0.11,177853.0
"Fixed 177828, pilot",19,1,18,"D 1,2 -> 4,7",15,True,0.0,177856.0,1,False,0.29681502172579394,0.11,355709.0
"Fixed 177828, pilot",19,2,8,"D 0,1 -> 4,5",8,True,0.0,177854.0,1,False,0.3764697826210095,0.11,533563.0
"Fixed 177828, pilot",19,3,15,"D 0,3 -> 5,6",15,True,0.0,177856.0,1,False,0.30026357217502075,0.11,711419.0
"Fixed 177828, pilot",19,4,19,"D 1,2 -> 5,6",19,True,0.0,177854.0,1,False,0.03758523474777508,0.11,889273.0
"Fixed 177828, pilot",19,5,14,"D 0,3 -> 4,7",14,True,0.0,177858.0,1,False,0.06571252399006697,0.11,1067131.0
"Fixed 177828, pilot",19,6,22,"D 2,3 -> 4,5",22,True,0.0,177855.0,1,False,0.043648521305584075,0.11,1244986.0
"Fixed 177828, pilot",19,7,11,"D 0,1 -> 6,7",11,True,0.0,177858.0,1,False,0.10072796416579774,0.11,1422844.0
"Fixed 177828, pilot",19,8,12,"D 0,2 -> 4,6",21,False,2.297271373130627e-09,177854.0,1,False,0.009441304483876945,0.11,1600698.0
"Fixed 177828, pilot",19,9,21,"D 1,3 -> 5,7",21,True,0.0,177857.0,1,False,0.018167337649210517,0.11,1778555.0
"Fixed 177828, pilot",20,0,25,"D 2,3 -> 6,7",25,True,0.0,177850.0,1,False,0.31503606513167726,0.11,177850.0
"Fixed 177828, pilot",20,1,15,"D 0,3 -> 5,6",15,True,0.0,177855.0,1,False,0.29681502172579394,0.11,355705.0
"Fixed 177828, pilot",20,2,8,"D 0,1 -> 4,5",8,True,0.0,177849.0,1,False,0.3764697826210095,0.11,533554.0
"Fixed 177828, pilot",20,3,18,"D 1,2 -> 4,7",18,True,0.0,177857.0,1,False,0.3002635722338174,0.11,711411.0
"Fixed 177828, pilot",20,4,19,"D 1,2 -> 5,6",14,True,5.182410056647768e-12,177851.0,1,False,0.03758523457422756,0.11,889262.0
"Fixed 177828, pilot",20,5,14,"D 0,3 -> 4,7",14,True,0.0,177856.0,1,False,0.06571252392066197,0.11,1067118.0
"Fixed 177828, pilot",20,6,22,"D 2,3 -> 4,5",22,True,0.0,177855.0,1,False,0.04364852124132713,0.11,1244973.0
"Fixed 177828, pilot",20,7,11,"D 0,1 -> 6,7",11,True,0.0,177852.0,1,False,0.10072796416579667,0.11,1422825.0
"Fixed 177828, pilot",20,8,12,"D 0,2 -> 4,6",21,True,2.371568497139265e-10,177857.0,1,False,0.009441304630083448,0.11,1600682.0
"Fixed 177828, pilot",20,9,21,"D 1,3 -> 5,7",21,True,0.0,177854.0,1,False,0.01816733759515189,0.11,1778536.0
"Fixed 177828, pilot",21,0,25,"D 2,3 -> 6,7",25,True,0.0,177855.0,1,False,0.31503606513167726,0.11,177855.0
"Fixed 177828, pilot",21,1,15,"D 0,3 -> 5,6",15,True,0.0,177855.0,1,False,0.29681502172579394,0.11,355710.0
"Fixed 177828, pilot",21,2,8,"D 0,1 -> 4,5",8,True,0.0,177858.0,1,False,0.3764697826210095,0.11,533568.0
"Fixed 177828, pilot",21,3,18,"D 1,2 -> 4,7",18,True,0.0,177853.0,1,False,0.3002635722338174,0.11,711421.0
"Fixed 177828, pilot",21,4,14,"D 0,3 -> 4,7",14,True,0.0,177853.0,1,False,0.03758523457422756,0.11,889274.0
"Fixed 177828, pilot",21,5,19,"D 1,2 -> 5,6",19,True,0.0,177855.0,1,False,0.0657125239900671,0.11,1067129.0
"Fixed 177828, pilot",21,6,22,"D 2,3 -> 4,5",22,True,0.0,177857.0,1,False,0.04364852130558422,0.11,1244986.0
"Fixed 177828, pilot",21,7,11,"D 0,1 -> 6,7",11,True,0.0,177853.0,1,False,0.10072796416579655,0.11,1422839.0
"Fixed 177828, pilot",21,8,4,S 2 -> 4,21,False,1.0,177857.0,1,False,0.009441305047874061,0.11,1600696.0
"Fixed 177828, pilot",21,9,21,"D 1,3 -> 5,7",21,True,0.0,177850.0,1,False,0.00944130458544351,0.11,1778546.0
"Fixed 177828, pilot",21,10,12,"D 0,2 -> 4,6",12,True,0.0,177854.0,1,False,0.018167337511205264,0.11,1956400.0
"Fixed 177828, pilot",22,0,25,"D 2,3 -> 6,7",25,True,0.0,177854.0,1,False,0.31503606513167726,0.11,177854.0
"Fixed 177828, pilot",22,1,15,"D 0,3 -> 5,6",15,True,0.0,177855.0,1,False,0.29681502172579394,0.11,355709.0
"Fixed 177828, pilot",22,2,8,"D 0,1 -> 4,5",8,True,0.0,177856.0,1,False,0.3764697826210095,0.12,533565.0
"Fixed 177828, pilot",22,3,18,"D 1,2 -> 4,7",18,True,0.0,177852.0,1,False,0.3002635722338174,0.11,711417.0
"Fixed 177828, pilot",22,4,14,"D 0,3 -> 4,7",14,True,0.0,177855.0,1,False,0.03758523457422756,0.11,889272.0
"Fixed 177828, pilot",22,5,19,"D 1,2 -> 5,6",19,True,0.0,177855.0,1,False,0.0657125239900671,0.11,1067127.0
"Fixed 177828, pilot",22,6,22,"D 2,3 -> 4,5",22,True,0.0,177851.0,1,False,0.04364852130558422,0.11,1244978.0
"Fixed 177828, pilot",22,7,11,"D 0,1 -> 6,7",11,True,0.0,177854.0,1,False,0.10072796416579655,0.11,1422832.0
"Fixed 177828, pilot",22,8,12,"D 0,2 -> 4,6",21,False,1.6493607257750398e-08,177855.0,1,False,0.009441305047874061,0.11,1600687.0
"Fixed 177828, pilot",22,9,21,"D 1,3 -> 5,7",21,True,0.0,177852.0,1,False,0.018167337650105482,0.11,1778539.0
"Fixed 177828, pilot",23,0,25,"D 2,3 -> 6,7",25,True,0.0,177854.0,1,False,0.31503606513167726,0.11,177854.0
"Fixed 177828, pilot",23,1,18,"D 1,2 -> 4,7",15,True,0.0,177854.0,1,False,0.29681502172579394,0.11,355708.0
"Fixed 177828, pilot",23,2,8,"D 0,1 -> 4,5",8,True,0.0,177855.0,1,False,0.3764697826210095,0.11,533563.0
"Fixed 177828, pilot",23,3,15,"D 0,3 -> 5,6",15,True,0.0,177851.0,1,False,0.30026357217502075,0.11,711414.0
"Fixed 177828, pilot",23,4,19,"D 1,2 -> 5,6",19,True,0.0,177855.0,1,False,0.03758523474777508,0.11,889269.0
"Fixed 177828, pilot",23,5,14,"D 0,3 -> 4,7",14,True,0.0,177855.0,1,False,0.06571252399006697,0.11,1067124.0
"Fixed 177828, pilot",23,6,22,"D 2,3 -> 4,5",22,True,0.0,177858.0,1,False,0.043648521305584075,0.11,1244982.0
"Fixed 177828, pilot",23,7,11,"D 0,1 -> 6,7",11,True,0.0,177855.0,1,False,0.10072796416579774,0.11,1422837.0
"Fixed 177828, pilot",23,8,12,"D 0,2 -> 4,6",21,False,2.297271373130627e-09,177853.0,1,False,0.009441304483876945,0.11,1600690.0
"Fixed 177828, pilot",23,9,21,"D 1,3 -> 5,7",21,True,0.0,177853.0,1,False,0.018167337649210517,0.11,1778543.0
"Fixed 177828, pilot",24,0,25,"D 2,3 -> 6,7",25,True,0.0,177853.0,1,False,0.31503606513167726,0.11,177853.0
"Fixed 177828, pilot",24,1,18,"D 1,2 -> 4,7",15,True,0.0,177854.0,1,False,0.29681502172579394,0.11,355707.0
"Fixed 177828, pilot",24,2,8,"D 0,1 -> 4,5",8,True,0.0,177855.0,1,False,0.3764697826210095,0.12,533562.0
"Fixed 177828, pilot",24,3,15,"D 0,3 -> 5,6",15,True,0.0,177855.0,1,False,0.30026357217502075,0.11,711417.0
"Fixed 177828, pilot",24,4,19,"D 1,2 -> 5,6",19,True,0.0,177853.0,1,False,0.03758523474777508,0.11,889270.0
"Fixed 177828, pilot",24,5,14,"D 0,3 -> 4,7",14,True,0.0,177859.0,1,False,0.06571252399006697,0.11,1067129.0
"Fixed 177828, pilot",24,6,11,"D 0,1 -> 6,7",22,False,0.04480658230253376,177858.0,1,False,0.043648521305584075,0.11,1244987.0
"Fixed 177828, pilot",24,7,22,"D 2,3 -> 4,5",22,True,0.0,177858.0,1,False,0.06967473471393487,0.11,1422845.0
"Fixed 177828, pilot",24,8,21,"D 1,3 -> 5,7",21,True,0.0,177855.0,1,False,0.009441304763103297,0.11,1600700.0
"Fixed 177828, pilot",24,9,12,"D 0,2 -> 4,6",12,True,0.0,177857.0,1,False,0.01816733765010426,0.11,1778557.0
"Fixed 177828, pilot",25,0,25,"D 2,3 -> 6,7",25,True,0.0,177852.0,1,False,0.31503606513167726,0.11,177852.0
"Fixed 177828, pilot",25,1,18,"D 1,2 -> 4,7",15,True,0.0,177851.0,1,False,0.29681502172579394,0.11,355703.0
"Fixed 177828, pilot",25,2,8,"D 0,1 -> 4,5",8,True,0.0,177853.0,1,False,0.3764697826210095,0.11,533556.0
"Fixed 177828, pilot",25,3,15,"D 0,3 -> 5,6",15,True,0.0,177855.0,1,False,0.30026357217502075,0.11,711411.0
"Fixed 177828, pilot",25,4,14,"D 0,3 -> 4,7",19,True,5.80789971671436e-10,177854.0,1,False,0.03758523474777508,0.11,889265.0
"Fixed 177828, pilot",25,5,19,"D 1,2 -> 5,6",19,True,0.0,177860.0,1,False,0.0657125239206618,0.11,1067125.0
"Fixed 177828, pilot",25,6,11,"D 0,1 -> 6,7",22,False,0.044806582285133345,177856.0,1,False,0.043648521241327065,0.11,1244981.0
"Fixed 177828, pilot",25,7,22,"D 2,3 -> 4,5",22,True,0.0,177854.0,1,False,0.06967473482297251,0.11,1422835.0
"Fixed 177828, pilot",25,8,21,"D 1,3 -> 5,7",12,True,7.587165340439128e-10,177856.0,1,False,0.009441304632724787,0.11,1600691.0
"Fixed 177828, pilot",25,9,12,"D 0,2 -> 4,6",12,True,0.0,177857.0,1,False,0.01816733748162963,0.11,1778548.0
"Fixed 177828, pilot",26,0,25,"D 2,3 -> 6,7",25,True,0.0,177852.0,1,False,0.31503606513167726,0.11,177852.0
"Fixed 177828, pilot",26,1,15,"D 0,3 -> 5,6",15,True,0.0,177853.0,1,False,0.29681502172579394,0.11,355705.0
"Fixed 177828, pilot",26,2,8,"D 0,1 -> 4,5",8,True,0.0,177855.0,1,False,0.3764697826210095,0.11,533560.0
"Fixed 177828, pilot",26,3,18,"D 1,2 -> 4,7",18,True,0.0,177853.0,1,False,0.3002635722338174,0.11,711413.0
"Fixed 177828, pilot",26,4,14,"D 0,3 -> 4,7",14,True,0.0,177856.0,1,False,0.03758523457422756,0.11,889269.0
"Fixed 177828, pilot",26,5,19,"D 1,2 -> 5,6",19,True,0.0,177858.0,1,False,0.0657125239900671,0.11,1067127.0
"Fixed 177828, pilot",26,6,11,"D 0,1 -> 6,7",22,False,0.044806582302531095,177857.0,1,False,0.04364852130558422,0.11,1244984.0
"Fixed 177828, pilot",26,7,22,"D 2,3 -> 4,5",22,True,0.0,177851.0,1,False,0.06967473471683744,0.11,1422835.0
"Fixed 177828, pilot",26,8,21,"D 1,3 -> 5,7",12,False,2.6598964142365844e-09,177854.0,1,False,0.009441304763103292,0.11,1600689.0
"Fixed 177828, pilot",26,9,12,"D 0,2 -> 4,6",12,True,0.0,177855.0,1,False,0.018167337649211208,0.11,1778544.0
"Fixed 177828, pilot",27,0,25,"D 2,3 -> 6,7",25,True,0.0,177850.0,1,False,0.31503606513167726,0.11,177850.0
"Fixed 177828, pilot",27,1,8,"D 0,1 -> 4,5",15,False,0.033311851350335986,177856.0,1,False,0.29681502172579394,0.11,355706.0
"Fixed 177828, pilot",27,2,18,"D 1,2 -> 4,7",15,True,5.551115123125783e-16,177852.0,1,False,0.303713351808019,0.11,533558.0
"Fixed 177828, pilot",27,3,15,"D 0,3 -> 5,6",15,True,0.0,177853.0,1,False,0.38824803810173447,0.11,711411.0
"Fixed 177828, pilot",27,4,14,"D 0,3 -> 4,7",19,True,5.150813109366936e-11,177850.0,1,False,0.03758523456612009,0.11,889261.0
"Fixed 177828, pilot",27,5,19,"D 1,2 -> 5,6",19,True,0.0,177857.0,1,False,0.06571252413529666,0.11,1067118.0
"Fixed 177828, pilot",27,6,22,"D 2,3 -> 4,5",22,True,0.0,177854.0,1,False,0.04364852180125853,0.11,1244972.0
"Fixed 177828, pilot",27,7,11,"D 0,1 -> 6,7",11,True,0.0,177855.0,1,False,0.10072796429211586,0.11,1422827.0
"Fixed 177828, pilot",27,8,1,S 0 -> 6,12,False,1.0,177858.0,1,False,0.009441304132124781,0.11,1600685.0
"Fixed 177828, pilot",27,9,2,S 1 -> 5,12,False,1.0,177854.0,1,False,0.009441304132124781,0.11,1778539.0
"Fixed 177828, pilot",27,10,16,"D 0,3 -> 6,7",12,False,1.0,177858.0,1,False,0.009441304132124781,0.11,1956397.0
"Fixed 177828, pilot",27,11,12,"D 0,2 -> 4,6",12,True,0.0,177849.0,1,False,0.009441304132124781,0.11,2134246.0
"Fixed 177828, pilot",27,12,21,"D 1,3 -> 5,7",21,True,0.0,177852.0,1,False,0.018167337677767716,0.11,2312098.0
"Fixed 177828, pilot",28,0,25,"D 2,3 -> 6,7",25,True,0.0,177852.0,1,False,0.31503606513167726,0.11,177852.0
"Fixed 177828, pilot",28,1,18,"D 1,2 -> 4,7",15,True,0.0,177856.0,1,False,0.29681502172579394,0.11,355708.0
"Fixed 177828, pilot",28,2,8,"D 0,1 -> 4,5",8,True,0.0,177857.0,1,False,0.3764697826210095,0.11,533565.0
"Fixed 177828, pilot",28,3,15,"D 0,3 -> 5,6",15,True,0.0,177852.0,1,False,0.30026357217502075,0.11,711417.0
"Fixed 177828, pilot",28,4,19,"D 1,2 -> 5,6",19,True,0.0,177855.0,1,False,0.03758523474777508,0.11,889272.0
"Fixed 177828, pilot",28,5,14,"D 0,3 -> 4,7",14,True,0.0,177855.0,1,False,0.06571252399006697,0.11,1067127.0
"Fixed 177828, pilot",28,6,11,"D 0,1 -> 6,7",22,False,0.04480658230253376,177856.0,1,False,0.043648521305584075,0.11,1244983.0
"Fixed 177828, pilot",28,7,22,"D 2,3 -> 4,5",22,True,0.0,177850.0,1,False,0.06967473471393487,0.11,1422833.0
"Fixed 177828, pilot",28,8,7,S 3 -> 7,21,False,1.0,177855.0,1,False,0.009441304763103297,0.11,1600688.0
"Fixed 177828, pilot",28,9,3,S 1 -> 7,21,False,1.0,177856.0,1,False,0.009441304763103297,0.11,1778544.0
"Fixed 177828, pilot",28,10,12,"D 0,2 -> 4,6",21,False,2.6598955260581647e-09,177855.0,1,False,0.009441304763103297,0.11,1956399.0
"Fixed 177828, pilot",28,11,2,S 1 -> 5,21,False,1.0,177854.0,1,False,0.018167337649211406,0.11,2134253.0
"Fixed 177828, pilot",28,12,21,"D 1,3 -> 5,7",21,True,0.0,177858.0,1,False,0.018167337649211406,0.11,2312111.0
"Fixed 177828, pilot",29,0,25,"D 2,3 -> 6,7",25,True,0.0,177853.0,1,False,0.31503606513167726,0.11,177853.0
"Fixed 177828, pilot",29,1,18,"D 1,2 -> 4,7",15,True,0.0,177855.0,1,False,0.29681502172579394,0.11,355708.0
"Fixed 177828, pilot",29,2,8,"D 0,1 -> 4,5",8,True,0.0,177853.0,1,False,0.3764697826210095,0.11,533561.0
"Fixed 177828, pilot",29,3,15,"D 0,3 -> 5,6",15,True,0.0,177855.0,1,False,0.30026357217502075,0.11,711416.0
"Fixed 177828, pilot",29,4,19,"D 1,2 -> 5,6",19,True,0.0,177855.0,1,False,0.03758523474777508,0.11,889271.0
"Fixed 177828, pilot",29,5,14,"D 0,3 -> 4,7",14,True,0.0,177861.0,1,False,0.06571252399006697,0.11,1067132.0
"Fixed 177828, pilot",29,6,11,"D 0,1 -> 6,7",22,False,0.04480658230253376,177852.0,1,False,0.043648521305584075,0.11,1244984.0
"Fixed 177828, pilot",29,7,22,"D 2,3 -> 4,5",22,True,0.0,177854.0,1,False,0.06967473471393487,0.11,1422838.0
"Fixed 177828, pilot",29,8,21,"D 1,3 -> 5,7",21,True,0.0,177853.0,1,False,0.009441304763103297,0.11,1600691.0
"Fixed 177828, pilot",29,9,12,"D 0,2 -> 4,6",12,True,0.0,177854.0,1,False,0.01816733765010426,0.11,1778545.0
"Fixed 177828, pilot",30,0,25,"D 2,3 -> 6,7",25,True,0.0,177855.0,1,False,0.31503606513167726,0.12,177855.0
"Fixed 177828, pilot",30,1,18,"D 1,2 -> 4,7",15,True,0.0,177853.0,1,False,0.29681502172579394,0.11,355708.0
"Fixed 177828, pilot",30,2,8,"D 0,1 -> 4,5",8,True,0.0,177855.0,1,False,0.3764697826210095,0.11,533563.0
"Fixed 177828, pilot",30,3,15,"D 0,3 -> 5,6",15,True,0.0,177854.0,1,False,0.30026357217502075,0.11,711417.0
"Fixed 177828, pilot",30,4,19,"D 1,2 -> 5,6",19,True,0.0,177855.0,1,False,0.03758523474777508,0.11,889272.0
"Fixed 177828, pilot",30,5,14,"D 0,3 -> 4,7",14,True,0.0,177856.0,1,False,0.06571252399006697,0.11,1067128.0
"Fixed 177828, pilot",30,6,11,"D 0,1 -> 6,7",22,False,0.04480658230253376,177854.0,1,False,0.043648521305584075,0.11,1244982.0
"Fixed 177828, pilot",30,7,22,"D 2,3 -> 4,5",22,True,0.0,177852.0,1,False,0.06967473471393487,0.11,1422834.0
"Fixed 177828, pilot",30,8,21,"D 1,3 -> 5,7",21,True,0.0,177853.0,1,False,0.009441304763103297,0.12,1600687.0
"Fixed 177828, pilot",30,9,12,"D 0,2 -> 4,6",12,True,0.0,177855.0,1,False,0.01816733765010426,0.11,1778542.0
"Fixed 177828, pilot",31,0,25,"D 2,3 -> 6,7",25,True,0.0,177851.0,1,False,0.31503606513167726,0.11,177851.0
"Fixed 177828, pilot",31,1,18,"D 1,2 -> 4,7",15,True,0.0,177854.0,1,False,0.29681502172579394,0.11,355705.0
"Fixed 177828, pilot",31,2,8,"D 0,1 -> 4,5",8,True,0.0,177854.0,1,False,0.3764697826210095,0.11,533559.0
"Fixed 177828, pilot",31,3,15,"D 0,3 -> 5,6",15,True,0.0,177857.0,1,False,0.30026357217502075,0.11,711416.0
"Fixed 177828, pilot",31,4,14,"D 0,3 -> 4,7",19,True,5.80789971671436e-10,177854.0,1,False,0.03758523474777508,0.11,889270.0
"Fixed 177828, pilot",31,5,19,"D 1,2 -> 5,6",19,True,0.0,177854.0,1,False,0.0657125239206618,0.11,1067124.0
"Fixed 177828, pilot",31,6,11,"D 0,1 -> 6,7",22,False,0.044806582285133345,177852.0,1,False,0.043648521241327065,0.11,1244976.0
"Fixed 177828, pilot",31,7,22,"D 2,3 -> 4,5",22,True,0.0,177855.0,1,False,0.06967473482297251,0.11,1422831.0
"Fixed 177828, pilot",31,8,12,"D 0,2 -> 4,6",12,True,0.0,177856.0,1,False,0.009441304632724787,0.11,1600687.0
"Fixed 177828, pilot",31,9,21,"D 1,3 -> 5,7",21,True,0.0,177854.0,1,False,0.01816733764921178,0.11,1778541.0
"Fixed 177828, pilot",32,0,25,"D 2,3 -> 6,7",25,True,0.0,177854.0,1,False,0.31503606513167726,0.11,177854.0
"Fixed 177828, pilot",32,1,15,"D 0,3 -> 5,6",15,True,0.0,177857.0,1,False,0.29681502172579394,0.11,355711.0
"Fixed 177828, pilot",32,2,8,"D 0,1 -> 4,5",8,True,0.0,177855.0,1,False,0.3764697826210095,0.11,533566.0
"Fixed 177828, pilot",32,3,18,"D 1,2 -> 4,7",18,True,0.0,177849.0,1,False,0.3002635722338174,0.11,711415.0
"Fixed 177828, pilot",32,4,19,"D 1,2 -> 5,6",14,True,5.182410056647768e-12,177857.0,1,False,0.03758523457422756,0.11,889272.0
"Fixed 177828, pilot",32,5,14,"D 0,3 -> 4,7",14,True,0.0,177856.0,1,False,0.06571252392066197,0.11,1067128.0
"Fixed 177828, pilot",32,6,22,"D 2,3 -> 4,5",22,True,0.0,177858.0,1,False,0.04364852124132713,0.12,1244986.0
"Fixed 177828, pilot",32,7,11,"D 0,1 -> 6,7",11,True,0.0,177855.0,1,False,0.10072796416579667,0.11,1422841.0
"Fixed 177828, pilot",32,8,21,"D 1,3 -> 5,7",21,True,0.0,177857.0,1,False,0.009441304630083448,0.11,1600698.0
"Fixed 177828, pilot",32,9,12,"D 0,2 -> 4,6",12,True,0.0,177855.0,1,False,0.018167337649211367,0.11,1778553.0
"Fixed 177828, pilot",33,0,25,"D 2,3 -> 6,7",25,True,0.0,177849.0,1,False,0.31503606513167726,0.11,177849.0
"Fixed 177828, pilot",33,1,18,"D 1,2 -> 4,7",15,True,0.0,177855.0,1,False,0.29681502172579394,0.11,355704.0
"Fixed 177828, pilot",33,2,8,"D 0,1 -> 4,5",8,True,0.0,177854.0,1,False,0.3764697826210095,0.11,533558.0
"Fixed 177828, pilot",33,3,15,"D 0,3 -> 5,6",15,True,0.0,177854.0,1,False,0.30026357217502075,0.11,711412.0
"Fixed 177828, pilot",33,4,19,"D 1,2 -> 5,6",19,True,0.0,177855.0,1,False,0.03758523474777508,0.11,889267.0
"Fixed 177828, pilot",33,5,14,"D 0,3 -> 4,7",14,True,0.0,177854.0,1,False,0.06571252399006697,0.11,1067121.0
"Fixed 177828, pilot",33,6,11,"D 0,1 -> 6,7",22,False,0.04480658230253376,177855.0,1,False,0.043648521305584075,0.11,1244976.0
"Fixed 177828, pilot",33,7,22,"D 2,3 -> 4,5",22,True,0.0,177855.0,1,False,0.06967473471393487,0.11,1422831.0
"Fixed 177828, pilot",33,8,12,"D 0,2 -> 4,6",21,False,2.6598955260581647e-09,177849.0,1,False,0.009441304763103297,0.11,1600680.0
"Fixed 177828, pilot",33,9,21,"D 1,3 -> 5,7",21,True,0.0,177857.0,1,False,0.018167337649211406,0.11,1778537.0
"Fixed 177828, pilot",34,0,25,"D 2,3 -> 6,7",25,True,0.0,177852.0,1,False,0.31503606513167726,0.11,177852.0
"Fixed 177828, pilot",34,1,15,"D 0,3 -> 5,6",15,True,0.0,177853.0,1,False,0.29681502172579394,0.11,355705.0
"Fixed 177828, pilot",34,2,8,"D 0,1 -> 4,5",8,True,0.0,177856.0,1,False,0.3764697826210095,0.11,533561.0
"Fixed 177828, pilot",34,3,18,"D 1,2 -> 4,7",18,True,0.0,177857.0,1,False,0.3002635722338174,0.11,711418.0
"Fixed 177828, pilot",34,4,14,"D 0,3 -> 4,7",14,True,0.0,177851.0,1,False,0.03758523457422756,0.11,889269.0
"Fixed 177828, pilot",34,5,19,"D 1,2 -> 5,6",19,True,0.0,177856.0,1,False,0.0657125239900671,0.11,1067125.0
"Fixed 177828, pilot",34,6,22,"D 2,3 -> 4,5",22,True,0.0,177853.0,1,False,0.04364852130558422,0.11,1244978.0
"Fixed 177828, pilot",34,7,11,"D 0,1 -> 6,7",11,True,0.0,177854.0,1,False,0.10072796416579655,0.11,1422832.0
"Fixed 177828, pilot",34,8,21,"D 1,3 -> 5,7",21,True,0.0,177852.0,1,False,0.009441305047874061,0.11,1600684.0
"Fixed 177828, pilot",34,9,12,"D 0,2 -> 4,6",12,True,0.0,177855.0,1,False,0.018167337649213765,0.11,1778539.0
"Fixed 177828, pilot",35,0,25,"D 2,3 -> 6,7",25,True,0.0,177855.0,1,False,0.31503606513167726,0.11,177855.0
"Fixed 177828, pilot",35,1,15,"D 0,3 -> 5,6",15,True,0.0,177857.0,1,False,0.29681502172579394,0.11,355712.0
"Fixed 177828, pilot",35,2,8,"D 0,1 -> 4,5",8,True,0.0,177856.0,1,False,0.3764697826210095,0.11,533568.0
"Fixed 177828, pilot",35,3,18,"D 1,2 -> 4,7",18,True,0.0,177860.0,1,False,0.3002635722338174,0.11,711428.0
"Fixed 177828, pilot",35,4,19,"D 1,2 -> 5,6",14,True,5.182410056647768e-12,177856.0,1,False,0.03758523457422756,0.11,889284.0
"Fixed 177828, pilot",35,5,14,"D 0,3 -> 4,7",14,True,0.0,177855.0,1,False,0.06571252392066197,0.11,1067139.0
"Fixed 177828, pilot",35,6,11,"D 0,1 -> 6,7",22,False,0.044806582285143115,177858.0,1,False,0.04364852124132713,0.11,1244997.0
"Fixed 177828, pilot",35,7,22,"D 2,3 -> 4,5",22,True,0.0,177855.0,1,False,0.06967473471393487,0.11,1422852.0
"Fixed 177828, pilot",35,8,12,"D 0,2 -> 4,6",21,True,7.587118711072094e-10,177853.0,1,False,0.009441304632724919,0.11,1600705.0
"Fixed 177828, pilot",35,9,21,"D 1,3 -> 5,7",21,True,0.0,177859.0,1,False,0.018167337481629672,0.11,1778564.0
"Fixed 177828, pilot",36,0,25,"D 2,3 -> 6,7",25,True,0.0,177853.0,1,False,0.31503606513167726,0.11,177853.0
"Fixed 177828, pilot",36,1,15,"D 0,3 -> 5,6",15,True,0.0,177857.0,1,False,0.29681502172579394,0.11,355710.0
"Fixed 177828, pilot",36,2,8,"D 0,1 -> 4,5",8,True,0.0,177856.0,1,False,0.3764697826210095,0.11,533566.0
"Fixed 177828, pilot",36,3,18,"D 1,2 -> 4,7",18,True,0.0,177856.0,1,False,0.3002635722338174,0.11,711422.0
"Fixed 177828, pilot",36,4,14,"D 0,3 -> 4,7",14,True,0.0,177854.0,1,False,0.03758523457422756,0.11,889276.0
"Fixed 177828, pilot",36,5,19,"D 1,2 -> 5,6",19,True,0.0,177850.0,1,False,0.0657125239900671,0.11,1067126.0
"Fixed 177828, pilot",36,6,11,"D 0,1 -> 6,7",22,False,0.044806582302531095,177854.0,1,False,0.04364852130558422,0.11,1244980.0
"Fixed 177828, pilot",36,7,22,"D 2,3 -> 4,5",22,True,0.0,177855.0,1,False,0.06967473471683744,0.11,1422835.0
"Fixed 177828, pilot",36,8,21,"D 1,3 -> 5,7",12,False,2.6598964142365844e-09,177854.0,1,False,0.009441304763103292,0.11,1600689.0
"Fixed 177828, pilot",36,9,12,"D 0,2 -> 4,6",12,True,0.0,177852.0,1,False,0.018167337649211208,0.11,1778541.0
"Fixed 177828, pilot",37,0,25,"D 2,3 -> 6,7",25,True,0.0,177852.0,1,False,0.31503606513167726,0.11,177852.0
"Fixed 177828, pilot",37,1,18,"D 1,2 -> 4,7",15,True,0.0,177855.0,1,False,0.29681502172579394,0.11,355707.0
"Fixed 177828, pilot",37,2,8,"D 0,1 -> 4,5",8,True,0.0,177856.0,1,False,0.3764697826210095,0.11,533563.0
"Fixed 177828, pilot",37,3,15,"D 0,3 -> 5,6",15,True,0.0,177855.0,1,False,0.30026357217502075,0.11,711418.0
"Fixed 177828, pilot",37,4,19,"D 1,2 -> 5,6",19,True,0.0,177854.0,1,False,0.03758523474777508,0.11,889272.0
"Fixed 177828, pilot",37,5,14,"D 0,3 -> 4,7",14,True,0.0,177851.0,1,False,0.06571252399006697,0.11,1067123.0
"Fixed 177828, pilot",37,6,11,"D 0,1 -> 6,7",22,False,0.04480658230253376,177854.0,1,False,0.043648521305584075,0.11,1244977.0
"Fixed 177828, pilot",37,7,22,"D 2,3 -> 4,5",22,True,0.0,177855.0,1,False,0.06967473471393487,0.11,1422832.0
"Fixed 177828, pilot",37,8,8,"D 0,1 -> 4,5",21,False,0.99999992771471,177858.0,1,False,0.009441304763103297,0.11,1600690.0
"Fixed 177828, pilot",37,9,14,"D 0,3 -> 4,7",21,False,0.9999999296083645,177854.0,1,False,0.009441304763103297,0.11,1778544.0
"Fixed 177828, pilot",37,10,6,S 3 -> 5,12,False,1.0,177855.0,1,False,0.009441304688210387,0.11,1956399.0
"Fixed 177828, pilot",37,11,21,"D 1,3 -> 5,7",12,True,4.0965397740677645e-10,177858.0,1,False,0.009441304688210387,0.11,2134257.0
"Fixed 177828, pilot",37,12,9,"D 0,1 -> 4,7",12,False,1.0,177856.0,1,False,0.01816733768332837,0.11,2312113.0
"Fixed 177828, pilot",37,13,12,"D 0,2 -> 4,6",12,True,0.0,177853.0,1,False,0.01816733768332837,0.11,2489966.0
"Fixed 177828, pilot",38,0,25,"D 2,3 -> 6,7",25,True,0.0,177855.0,1,False,0.31503606513167726,0.11,177855.0
"Fixed 177828, pilot",38,1,18,"D 1,2 -> 4,7",15,True,0.0,177857.0,1,False,0.29681502172579394,0.11,355712.0
"Fixed 177828, pilot",38,2,8,"D 0,1 -> 4,5",8,True,0.0,177856.0,1,False,0.3764697826210095,0.11,533568.0
"Fixed 177828, pilot",38,3,15,"D 0,3 -> 5,6",15,True,0.0,177855.0,1,False,0.30026357217502075,0.11,711423.0
"Fixed 177828, pilot",38,4,14,"D 0,3 -> 4,7",19,True,5.80789971671436e-10,177855.0,1,False,0.03758523474777508,0.11,889278.0
"Fixed 177828, pilot",38,5,19,"D 1,2 -> 5,6",19,True,0.0,177854.0,1,False,0.0657125239206618,0.11,1067132.0
"Fixed 177828, pilot",38,6,22,"D 2,3 -> 4,5",22,True,0.0,177856.0,1,False,0.043648521241327065,0.11,1244988.0
"Fixed 177828, pilot",38,7,11,"D 0,1 -> 6,7",11,True,0.0,177854.0,1,False,0.10072796416579699,0.11,1422842.0
"Fixed 177828, pilot",38,8,21,"D 1,3 -> 5,7",21,True,0.0,177856.0,1,False,0.009441304483876924,0.11,1600698.0
"Fixed 177828, pilot",38,9,12,"D 0,2 -> 4,6",12,True,0.0,177851.0,1,False,0.01816733748163215,0.11,1778549.0
"Fixed 177828, pilot",39,0,25,"D 2,3 -> 6,7",25,True,0.0,177853.0,1,False,0.31503606513167726,0.11,177853.0
"Fixed 177828, pilot",39,1,18,"D 1,2 -> 4,7",15,True,0.0,177860.0,1,False,0.29681502172579394,0.11,355713.0
"Fixed 177828, pilot",39,2,8,"D 0,1 -> 4,5",8,True,0.0,177859.0,1,False,0.3764697826210095,0.11,533572.0
"Fixed 177828, pilot",39,3,15,"D 0,3 -> 5,6",15,True,0.0,177851.0,1,False,0.30026357217502075,0.11,711423.0
"Fixed 177828, pilot",39,4,14,"D 0,3 -> 4,7",19,True,5.80789971671436e-10,177854.0,1,False,0.03758523474777508,0.11,889277.0
"Fixed 177828, pilot",39,5,19,"D 1,2 -> 5,6",19,True,0.0,177853.0,1,False,0.0657125239206618,0.11,1067130.0
"Fixed 177828, pilot",39,6,11,"D 0,1 -> 6,7",22,False,0.044806582285133345,177854.0,1,False,0.043648521241327065,0.11,1244984.0
"Fixed 177828, pilot",39,7,22,"D 2,3 -> 4,5",22,True,0.0,177854.0,1,False,0.06967473482297251,0.11,1422838.0
"Fixed 177828, pilot",39,8,21,"D 1,3 -> 5,7",12,True,7.587165340439128e-10,177856.0,1,False,0.009441304632724787,0.11,1600694.0
"Fixed 177828, pilot",39,9,12,"D 0,2 -> 4,6",12,True,0.0,177854.0,1,False,0.01816733748162963,0.11,1778548.0
"Fixed 177828, pilot",40,0,25,"D 2,3 -> 6,7",25,True,0.0,177852.0,1,False,0.31503606513167726,0.11,177852.0
"Fixed 177828, pilot",40,1,15,"D 0,3 -> 5,6",15,True,0.0,177858.0,1,False,0.29681502172579394,0.11,355710.0
"Fixed 177828, pilot",40,2,8,"D 0,1 -> 4,5",8,True,0.0,177856.0,1,False,0.3764697826210095,0.11,533566.0
"Fixed 177828, pilot",40,3,18,"D 1,2 -> 4,7",18,True,0.0,177854.0,1,False,0.3002635722338174,0.11,711420.0
"Fixed 177828, pilot",40,4,14,"D 0,3 -> 4,7",14,True,0.0,177854.0,1,False,0.03758523457422756,0.11,889274.0
"Fixed 177828, pilot",40,5,19,"D 1,2 -> 5,6",19,True,0.0,177851.0,1,False,0.0657125239900671,0.11,1067125.0
"Fixed 177828, pilot",40,6,22,"D 2,3 -> 4,5",22,True,0.0,177853.0,1,False,0.04364852130558422,0.11,1244978.0
"Fixed 177828, pilot",40,7,11,"D 0,1 -> 6,7",11,True,0.0,177852.0,1,False,0.10072796416579655,0.11,1422830.0
"Fixed 177828, pilot",40,8,21,"D 1,3 -> 5,7",21,True,0.0,177850.0,1,False,0.009441305047874061,0.11,1600680.0
"Fixed 177828, pilot",40,9,12,"D 0,2 -> 4,6",12,True,0.0,177854.0,1,False,0.018167337649213765,0.11,1778534.0
"Fixed 177828, pilot",41,0,25,"D 2,3 -> 6,7",25,True,0.0,177851.0,1,False,0.31503606513167726,0.11,177851.0
"Fixed 177828, pilot",41,1,15,"D 0,3 -> 5,6",15,True,0.0,177858.0,1,False,0.29681502172579394,0.11,355709.0
"Fixed 177828, pilot",41,2,8,"D 0,1 -> 4,5",8,True,0.0,177857.0,1,False,0.3764697826210095,0.11,533566.0
"Fixed 177828, pilot",41,3,18,"D 1,2 -> 4,7",18,True,0.0,177856.0,1,False,0.3002635722338174,0.11,711422.0
"Fixed 177828, pilot",41,4,19,"D 1,2 -> 5,6",14,True,5.182410056647768e-12,177849.0,1,False,0.03758523457422756,0.11,889271.0
"Fixed 177828, pilot",41,5,14,"D 0,3 -> 4,7",14,True,0.0,177852.0,1,False,0.06571252392066197,0.11,1067123.0
"Fixed 177828, pilot",41,6,22,"D 2,3 -> 4,5",22,True,0.0,177851.0,1,False,0.04364852124132713,0.11,1244974.0
"Fixed 177828, pilot",41,7,11,"D 0,1 -> 6,7",11,True,0.0,177855.0,1,False,0.10072796416579667,0.11,1422829.0
"Fixed 177828, pilot",41,8,21,"D 1,3 -> 5,7",21,True,0.0,177849.0,1,False,0.009441304630083448,0.11,1600678.0
"Fixed 177828, pilot",41,9,12,"D 0,2 -> 4,6",12,True,0.0,177856.0,1,False,0.018167337649211367,0.11,1778534.0
"Fixed 177828, pilot",42,0,25,"D 2,3 -> 6,7",25,True,0.0,177850.0,1,False,0.31503606513167726,0.11,177850.0
"Fixed 177828, pilot",42,1,18,"D 1,2 -> 4,7",15,True,0.0,177856.0,1,False,0.29681502172579394,0.11,355706.0
"Fixed 177828, pilot",42,2,8,"D 0,1 -> 4,5",8,True,0.0,177855.0,1,False,0.3764697826210095,0.11,533561.0
"Fixed 177828, pilot",42,3,15,"D 0,3 -> 5,6",15,True,0.0,177857.0,1,False,0.30026357217502075,0.11,711418.0
"Fixed 177828, pilot",42,4,19,"D 1,2 -> 5,6",19,True,0.0,177851.0,1,False,0.03758523474777508,0.11,889269.0
"Fixed 177828, pilot",42,5,14,"D 0,3 -> 4,7",14,True,0.0,177857.0,1,False,0.06571252399006697,0.11,1067126.0
"Fixed 177828, pilot",42,6,22,"D 2,3 -> 4,5",22,True,0.0,177858.0,1,False,0.043648521305584075,0.11,1244984.0
"Fixed 177828, pilot",42,7,11,"D 0,1 -> 6,7",11,True,0.0,177857.0,1,False,0.10072796416579774,0.11,1422841.0
"Fixed 177828, pilot",42,8,21,"D 1,3 -> 5,7",21,True,0.0,177854.0,1,False,0.009441304483876945,0.11,1600695.0
"Fixed 177828, pilot",42,9,12,"D 0,2 -> 4,6",12,True,0.0,177851.0,1,False,0.018167337522397423,0.11,1778546.0
"Fixed 177828, pilot",43,0,25,"D 2,3 -> 6,7",25,True,0.0,177853.0,1,False,0.31503606513167726,0.11,177853.0
"Fixed 177828, pilot",43,1,18,"D 1,2 -> 4,7",15,True,0.0,177855.0,1,False,0.29681502172579394,0.11,355708.0
"Fixed 177828, pilot",43,2,8,"D 0,1 -> 4,5",8,True,0.0,177856.0,1,False,0.3764697826210095,0.11,533564.0
"Fixed 177828, pilot",43,3,15,"D 0,3 -> 5,6",15,True,0.0,177856.0,1,False,0.30026357217502075,0.11,711420.0
"Fixed 177828, pilot",43,4,14,"D 0,3 -> 4,7",19,True,5.80789971671436e-10,177852.0,1,False,0.03758523474777508,0.11,889272.0
"Fixed 177828, pilot",43,5,19,"D 1,2 -> 5,6",19,True,0.0,177855.0,1,False,0.0657125239206618,0.11,1067127.0
"Fixed 177828, pilot",43,6,22,"D 2,3 -> 4,5",22,True,0.0,177855.0,1,False,0.043648521241327065,0.11,1244982.0
"Fixed 177828, pilot",43,7,11,"D 0,1 -> 6,7",11,True,0.0,177855.0,1,False,0.10072796416579699,0.11,1422837.0
"Fixed 177828, pilot",43,8,21,"D 1,3 -> 5,7",21,True,0.0,177853.0,1,False,0.009441304483876924,0.11,1600690.0
"Fixed 177828, pilot",43,9,12,"D 0,2 -> 4,6",12,True,0.0,177855.0,1,False,0.01816733748163215,0.11,1778545.0
"Fixed 177828, pilot",44,0,25,"D 2,3 -> 6,7",25,True,0.0,177858.0,1,False,0.31503606513167726,0.11,177858.0
"Fixed 177828, pilot",44,1,15,"D 0,3 -> 5,6",15,True,0.0,177854.0,1,False,0.29681502172579394,0.11,355712.0
"Fixed 177828, pilot",44,2,8,"D 0,1 -> 4,5",8,True,0.0,177851.0,1,False,0.3764697826210095,0.11,533563.0
"Fixed 177828, pilot",44,3,18,"D 1,2 -> 4,7",18,True,0.0,177852.0,1,False,0.3002635722338174,0.11,711415.0
"Fixed 177828, pilot",44,4,14,"D 0,3 -> 4,7",14,True,0.0,177856.0,1,False,0.03758523457422756,0.11,889271.0
"Fixed 177828, pilot",44,5,19,"D 1,2 -> 5,6",19,True,0.0,177853.0,1,False,0.0657125239900671,0.11,1067124.0
"Fixed 177828, pilot",44,6,22,"D 2,3 -> 4,5",22,True,0.0,177853.0,1,False,0.04364852130558422,0.11,1244977.0
"Fixed 177828, pilot",44,7,11,"D 0,1 -> 6,7",11,True,0.0,177854.0,1,False,0.10072796416579655,0.11,1422831.0
"Fixed 177828, pilot",44,8,0,S 0 -> 4,21,False,1.0,177854.0,1,False,0.009441305047874061,0.11,1600685.0
"Fixed 177828, pilot",44,9,2,S 1 -> 5,21,False,1.0,177858.0,1,False,0.00944130458544351,0.11,1778543.0
"Fixed 177828, pilot",44,10,12,"D 0,2 -> 4,6",21,True,8.03115351999395e-11,177853.0,1,False,0.00944130458544351,0.11,1956396.0
"Fixed 177828, pilot",44,11,21,"D 1,3 -> 5,7",21,True,0.0,177851.0,1,False,0.018167337650105034,0.11,2134247.0
"Fixed 177828, pilot",45,0,25,"D 2,3 -> 6,7",25,True,0.0,177849.0,1,False,0.31503606513167726,0.11,177849.0
"Fixed 177828, pilot",45,1,18,"D 1,2 -> 4,7",15,True,0.0,177856.0,1,False,0.29681502172579394,0.11,355705.0
"Fixed 177828, pilot",45,2,8,"D 0,1 -> 4,5",8,True,0.0,177854.0,1,False,0.3764697826210095,0.11,533559.0
"Fixed 177828, pilot",45,3,15,"D 0,3 -> 5,6",15,True,0.0,177858.0,1,False,0.30026357217502075,0.11,711417.0
"Fixed 177828, pilot",45,4,14,"D 0,3 -> 4,7",19,True,5.80789971671436e-10,177856.0,1,False,0.03758523474777508,0.11,889273.0
"Fixed 177828, pilot",45,5,19,"D 1,2 -> 5,6",19,True,0.0,177856.0,1,False,0.0657125239206618,0.11,1067129.0
"Fixed 177828, pilot",45,6,11,"D 0,1 -> 6,7",22,False,0.044806582285133345,177856.0,1,False,0.043648521241327065,0.11,1244985.0
"Fixed 177828, pilot",45,7,22,"D 2,3 -> 4,5",22,True,0.0,177857.0,1,False,0.06967473482297251,0.11,1422842.0
"Fixed 177828, pilot",45,8,18,"D 1,2 -> 4,7",12,False,0.999999996292982,177855.0,1,False,0.009441304632724787,0.11,1600697.0
"Fixed 177828, pilot",45,9,9,"D 0,1 -> 4,7",12,False,1.0,177851.0,1,False,0.009441304632724787,0.11,1778548.0
"Fixed 177828, pilot",45,10,21,"D 1,3 -> 5,7",12,True,7.587165340439128e-10,177854.0,1,False,0.009441304632724787,0.11,1956402.0
"Fixed 177828, pilot",45,11,12,"D 0,2 -> 4,6",12,True,0.0,177855.0,1,False,0.01816733767860483,0.11,2134257.0
"Fixed 177828, pilot",46,0,25,"D 2,3 -> 6,7",25,True,0.0,177851.0,1,False,0.31503606513167726,0.11,177851.0
"Fixed 177828, pilot",46,1,15,"D 0,3 -> 5,6",15,True,0.0,177855.0,1,False,0.29681502172579394,0.11,355706.0
"Fixed 177828, pilot",46,2,8,"D 0,1 -> 4,5",8,True,0.0,177851.0,1,False,0.3764697826210095,0.11,533557.0
"Fixed 177828, pilot",46,3,18,"D 1,2 -> 4,7",18,True,0.0,177856.0,1,False,0.3002635722338174,0.11,711413.0
"Fixed 177828, pilot",46,4,14,"D 0,3 -> 4,7",14,True,0.0,177853.0,1,False,0.03758523457422756,0.11,889266.0
"Fixed 177828, pilot",46,5,19,"D 1,2 -> 5,6",19,True,0.0,177853.0,1,False,0.0657125239900671,0.11,1067119.0
"Fixed 177828, pilot",46,6,11,"D 0,1 -> 6,7",22,False,0.044806582302531095,177855.0,1,False,0.04364852130558422,0.11,1244974.0
"Fixed 177828, pilot",46,7,22,"D 2,3 -> 4,5",22,True,0.0,177855.0,1,False,0.06967473471683744,0.11,1422829.0
"Fixed 177828, pilot",46,8,11,"D 0,1 -> 6,7",12,False,0.999999928507858,177858.0,1,False,0.009441304763103292,0.11,1600687.0
"Fixed 177828, pilot",46,9,12,"D 0,2 -> 4,6",12,True,0.0,177857.0,1,False,0.009441304763103292,0.11,1778544.0
"Fixed 177828, pilot",46,10,21,"D 1,3 -> 5,7",21,True,0.0,177856.0,1,False,0.018167337771086825,0.11,1956400.0
"Fixed 177828, pilot",47,0,25,"D 2,3 -> 6,7",25,True,0.0,177850.0,1,False,0.31503606513167726,0.11,177850.0
"Fixed 177828, pilot",47,1,15,"D 0,3 -> 5,6",15,True,0.0,177856.0,1,False,0.29681502172579394,0.11,355706.0
"Fixed 177828, pilot",47,2,8,"D 0,1 -> 4,5",8,True,0.0,177852.0,1,False,0.3764697826210095,0.11,533558.0
"Fixed 177828, pilot",47,3,18,"D 1,2 -> 4,7",18,True,0.0,177855.0,1,False,0.3002635722338174,0.11,711413.0
"Fixed 177828, pilot",47,4,19,"D 1,2 -> 5,6",14,True,5.182410056647768e-12,177854.0,1,False,0.03758523457422756,0.11,889267.0
"Fixed 177828, pilot",47,5,14,"D 0,3 -> 4,7",14,True,0.0,177855.0,1,False,0.06571252392066197,0.11,1067122.0
"Fixed 177828, pilot",47,6,22,"D 2,3 -> 4,5",22,True,0.0,177854.0,1,False,0.04364852124132713,0.11,1244976.0
"Fixed 177828, pilot",47,7,11,"D 0,1 -> 6,7",11,True,0.0,177851.0,1,False,0.10072796416579667,0.11,1422827.0
"Fixed 177828, pilot",47,8,12,"D 0,2 -> 4,6",21,True,2.371568497139265e-10,177856.0,1,False,0.009441304630083448,0.11,1600683.0
"Fixed 177828, pilot",47,9,21,"D 1,3 -> 5,7",21,True,0.0,177853.0,1,False,0.01816733759515189,0.11,1778536.0
"Fixed 177828, pilot",48,0,25,"D 2,3 -> 6,7",25,True,0.0,177851.0,1,False,0.31503606513167726,0.11,177851.0
"Fixed 177828, pilot",48,1,15,"D 0,3 -> 5,6",15,True,0.0,177854.0,1,False,0.29681502172579394,0.11,355705.0
"Fixed 177828, pilot",48,2,8,"D 0,1 -> 4,5",8,True,0.0,177855.0,1,False,0.3764697826210095,0.11,533560.0
"Fixed 177828, pilot",48,3,18,"D 1,2 -> 4,7",18,True,0.0,177855.0,1,False,0.3002635722338174,0.11,711415.0
"Fixed 177828, pilot",48,4,14,"D 0,3 -> 4,7",14,True,0.0,177856.0,1,False,0.03758523457422756,0.11,889271.0
"Fixed 177828, pilot",48,5,19,"D 1,2 -> 5,6",19,True,0.0,177852.0,1,False,0.0657125239900671,0.11,1067123.0
"Fixed 177828, pilot",48,6,22,"D 2,3 -> 4,5",22,True,0.0,177853.0,1,False,0.04364852130558422,0.11,1244976.0
"Fixed 177828, pilot",48,7,11,"D 0,1 -> 6,7",11,True,0.0,177856.0,1,False,0.10072796416579655,0.11,1422832.0
"Fixed 177828, pilot",48,8,3,S 1 -> 7,21,False,1.0,177851.0,1,False,0.009441305047874061,0.11,1600683.0
"Fixed 177828, pilot",48,9,22,"D 2,3 -> 4,5",21,False,0.9999999773584395,177851.0,1,False,0.00944130458544351,0.11,1778534.0
"Fixed 177828, pilot",48,10,12,"D 0,2 -> 4,6",21,True,8.03115351999395e-11,177854.0,1,False,0.00944130458544351,0.11,1956388.0
"Fixed 177828, pilot",48,11,21,"D 1,3 -> 5,7",21,True,0.0,177854.0,1,False,0.018167337709612486,0.11,2134242.0
"Fixed 177828, pilot",49,0,25,"D 2,3 -> 6,7",25,True,0.0,177854.0,1,False,0.31503606513167726,0.11,177854.0
"Fixed 177828, pilot",49,1,18,"D 1,2 -> 4,7",15,True,0.0,177855.0,1,False,0.29681502172579394,0.11,355709.0
"Fixed 177828, pilot",49,2,8,"D 0,1 -> 4,5",8,True,0.0,177856.0,1,False,0.3764697826210095,0.11,533565.0
"Fixed 177828, pilot",49,3,15,"D 0,3 -> 5,6",15,True,0.0,177858.0,1,False,0.30026357217502075,0.11,711423.0
"Fixed 177828, pilot",49,4,19,"D 1,2 -> 5,6",19,True,0.0,177851.0,1,False,0.03758523474777508,0.11,889274.0
"Fixed 177828, pilot",49,5,14,"D 0,3 -> 4,7",14,True,0.0,177855.0,1,False,0.06571252399006697,0.11,1067129.0
"Fixed 177828, pilot",49,6,22,"D 2,3 -> 4,5",22,True,0.0,177858.0,1,False,0.043648521305584075,0.11,1244987.0
"Fixed 177828, pilot",49,7,11,"D 0,1 -> 6,7",11,True,0.0,177851.0,1,False,0.10072796416579774,0.11,1422838.0
"Fixed 177828, pilot",49,8,7,S 3 -> 7,21,False,1.0,177857.0,1,False,0.009441304483876945,0.11,1600695.0
"Fixed 177828, pilot",49,9,11,"D 0,1 -> 6,7",12,False,0.9999999972400071,177852.0,1,False,0.00944130454604846,0.11,1778547.0
"Fixed 177828, pilot",49,10,6,S 3 -> 5,12,False,1.0,177859.0,1,False,0.00944130454604846,0.11,1956406.0
"Fixed 177828, pilot",49,11,3,S 1 -> 7,12,False,1.0,177855.0,1,False,0.00944130454604846,0.11,2134261.0
"Fixed 177828, pilot",49,12,0,S 0 -> 4,12,False,1.0,177854.0,1,False,0.00944130454604846,0.11,2312115.0
"Fixed 177828, pilot",49,13,12,"D 0,2 -> 4,6",12,True,0.0,177856.0,1,False,0.00944130454604846,0.11,2489971.0
"Fixed 177828, pilot",49,14,21,"D 1,3 -> 5,7",21,True,0.0,177853.0,1,False,0.01816733860316495,0.11,2667824.0
"Fixed 177828, pilot",50,0,25,"D 2,3 -> 6,7",25,True,0.0,177850.0,1,False,0.31503606513167726,0.11,177850.0
"Fixed 177828, pilot",50,1,15,"D 0,3 -> 5,6",15,True,0.0,177853.0,1,False,0.29681502172579394,0.11,355703.0
"Fixed 177828, pilot",50,2,8,"D 0,1 -> 4,5",8,True,0.0,177859.0,1,False,0.3764697826210095,0.11,533562.0
"Fixed 177828, pilot",50,3,18,"D 1,2 -> 4,7",18,True,0.0,177857.0,1,False,0.3002635722338174,0.11,711419.0
"Fixed 177828, pilot",50,4,14,"D 0,3 -> 4,7",14,True,0.0,177852.0,1,False,0.03758523457422756,0.11,889271.0
"Fixed 177828, pilot",50,5,19,"D 1,2 -> 5,6",19,True,0.0,177854.0,1,False,0.0657125239900671,0.11,1067125.0
"Fixed 177828, pilot",50,6,22,"D 2,3 -> 4,5",22,True,0.0,177857.0,1,False,0.04364852130558422,0.11,1244982.0
"Fixed 177828, pilot",50,7,11,"D 0,1 -> 6,7",11,True,0.0,177855.0,1,False,0.10072796416579655,0.11,1422837.0
"Fixed 177828, pilot",50,8,12,"D 0,2 -> 4,6",21,False,1.6493607257750398e-08,177855.0,1,False,0.009441305047874061,0.11,1600692.0
"Fixed 177828, pilot",50,9,21,"D 1,3 -> 5,7",21,True,0.0,177858.0,1,False,0.018167337650105482,0.11,1778550.0
"Fixed 177828, pilot",51,0,25,"D 2,3 -> 6,7",25,True,0.0,177853.0,1,False,0.31503606513167726,0.11,177853.0
"Fixed 177828, pilot",51,1,18,"D 1,2 -> 4,7",15,True,0.0,177854.0,1,False,0.29681502172579394,0.11,355707.0
"Fixed 177828, pilot",51,2,8,"D 0,1 -> 4,5",8,True,0.0,177851.0,1,False,0.3764697826210095,0.11,533558.0
"Fixed 177828, pilot",51,3,15,"D 0,3 -> 5,6",15,True,0.0,177854.0,1,False,0.30026357217502075,0.11,711412.0
"Fixed 177828, pilot",51,4,19,"D 1,2 -> 5,6",19,True,0.0,177856.0,1,False,0.03758523474777508,0.11,889268.0
"Fixed 177828, pilot",51,5,14,"D 0,3 -> 4,7",14,True,0.0,177857.0,1,False,0.06571252399006697,0.11,1067125.0
"Fixed 177828, pilot",51,6,22,"D 2,3 -> 4,5",22,True,0.0,177854.0,1,False,0.043648521305584075,0.11,1244979.0
"Fixed 177828, pilot",51,7,11,"D 0,1 -> 6,7",11,True,0.0,177859.0,1,False,0.10072796416579774,0.11,1422838.0
"Fixed 177828, pilot",51,8,22,"D 2,3 -> 4,5",21,False,0.9999998922017551,177857.0,1,False,0.009441304483876945,0.11,1600695.0
"Fixed 177828, pilot",51,9,21,"D 1,3 -> 5,7",21,True,0.0,177857.0,1,False,0.009441304515918968,0.11,1778552.0
"Fixed 177828, pilot",51,10,12,"D 0,2 -> 4,6",12,True,0.0,177852.0,1,False,0.01816733770961241,0.11,1956404.0
"Fixed 177828, pilot",52,0,25,"D 2,3 -> 6,7",25,True,0.0,177856.0,1,False,0.31503606513167726,0.11,177856.0
"Fixed 177828, pilot",52,1,18,"D 1,2 -> 4,7",15,True,0.0,177854.0,1,False,0.29681502172579394,0.11,355710.0
"Fixed 177828, pilot",52,2,8,"D 0,1 -> 4,5",8,True,0.0,177856.0,1,False,0.3764697826210095,0.11,533566.0
"Fixed 177828, pilot",52,3,15,"D 0,3 -> 5,6",15,True,0.0,177859.0,1,False,0.30026357217502075,0.11,711425.0
"Fixed 177828, pilot",52,4,14,"D 0,3 -> 4,7",19,True,5.80789971671436e-10,177853.0,1,False,0.03758523474777508,0.11,889278.0
"Fixed 177828, pilot",52,5,19,"D 1,2 -> 5,6",19,True,0.0,177857.0,1,False,0.0657125239206618,0.11,1067135.0
"Fixed 177828, pilot",52,6,22,"D 2,3 -> 4,5",22,True,0.0,177855.0,1,False,0.043648521241327065,0.11,1244990.0
"Fixed 177828, pilot",52,7,11,"D 0,1 -> 6,7",11,True,0.0,177854.0,1,False,0.10072796416579699,0.11,1422844.0
"Fixed 177828, pilot",52,8,9,"D 0,1 -> 4,7",21,False,1.0,177858.0,1,False,0.009441304483876924,0.11,1600702.0
"Fixed 177828, pilot",52,9,4,S 2 -> 4,12,False,1.0,177857.0,1,False,0.009441304546048494,0.11,1778559.0
"Fixed 177828, pilot",52,10,12,"D 0,2 -> 4,6",12,True,0.0,177851.0,1,False,0.009441304546048494,0.11,1956410.0
"Fixed 177828, pilot",52,11,21,"D 1,3 -> 5,7",21,True,0.0,177856.0,1,False,0.01816733764921205,0.11,2134266.0
"Fixed 177828, pilot",53,0,25,"D 2,3 -> 6,7",25,True,0.0,177854.0,1,False,0.31503606513167726,0.11,177854.0
"Fixed 177828, pilot",53,1,8,"D 0,1 -> 4,5",15,False,0.033311851350335986,177857.0,1,False,0.29681502172579394,0.11,355711.0
"Fixed 177828, pilot",53,2,15,"D 0,3 -> 5,6",15,True,0.0,177853.0,1,False,0.303713351808019,0.11,533564.0
"Fixed 177828, pilot",53,3,18,"D 1,2 -> 4,7",18,True,0.0,177853.0,1,False,0.38824803810173436,0.11,711417.0
"Fixed 177828, pilot",53,4,19,"D 1,2 -> 5,6",14,True,5.1515680610236814e-11,177858.0,1,False,0.03758523456612019,0.11,889275.0
"Fixed 177828, pilot",53,5,14,"D 0,3 -> 4,7",14,True,0.0,177856.0,1,False,0.06571252413529657,0.11,1067131.0
"Fixed 177828, pilot",53,6,22,"D 2,3 -> 4,5",22,True,0.0,177856.0,1,False,0.04364852179220628,0.11,1244987.0
"Fixed 177828, pilot",53,7,11,"D 0,1 -> 6,7",11,True,0.0,177855.0,1,False,0.10072796429211588,0.11,1422842.0
"Fixed 177828, pilot",53,8,4,S 2 -> 4,12,False,1.0,177853.0,1,False,0.009441304180829412,0.11,1600695.0
"Fixed 177828, pilot",53,9,12,"D 0,2 -> 4,6",12,True,0.0,177857.0,1,False,0.009441304180829412,0.11,1778552.0
"Fixed 177828, pilot",53,10,21,"D 1,3 -> 5,7",21,True,0.0,177855.0,1,False,0.018167337501591663,0.11,1956407.0
"Fixed 177828, pilot",54,0,25,"D 2,3 -> 6,7",25,True,0.0,177850.0,1,False,0.31503606513167726,0.11,177850.0
"Fixed 177828, pilot",54,1,18,"D 1,2 -> 4,7",15,True,0.0,177855.0,1,False,0.29681502172579394,0.11,355705.0
"Fixed 177828, pilot",54,2,8,"D 0,1 -> 4,5",8,True,0.0,177855.0,1,False,0.3764697826210095,0.11,533560.0
"Fixed 177828, pilot",54,3,15,"D 0,3 -> 5,6",15,True,0.0,177857.0,1,False,0.30026357217502075,0.11,711417.0
"Fixed 177828, pilot",54,4,19,"D 1,2 -> 5,6",19,True,0.0,177853.0,1,False,0.03758523474777508,0.11,889270.0
"Fixed 177828, pilot",54,5,14,"D 0,3 -> 4,7",14,True,0.0,177857.0,1,False,0.06571252399006697,0.11,1067127.0
"Fixed 177828, pilot",54,6,11,"D 0,1 -> 6,7",22,False,0.04480658230253376,177855.0,1,False,0.043648521305584075,0.11,1244982.0
"Fixed 177828, pilot",54,7,22,"D 2,3 -> 4,5",22,True,0.0,177858.0,1,False,0.06967473471393487,0.11,1422840.0
"Fixed 177828, pilot",54,8,21,"D 1,3 -> 5,7",21,True,0.0,177853.0,1,False,0.009441304763103297,0.11,1600693.0
"Fixed 177828, pilot",54,9,12,"D 0,2 -> 4,6",12,True,0.0,177856.0,1,False,0.01816733765010426,0.11,1778549.0
"Fixed 177828, pilot",55,0,25,"D 2,3 -> 6,7",25,True,0.0,177852.0,1,False,0.31503606513167726,0.11,177852.0
"Fixed 177828, pilot",55,1,15,"D 0,3 -> 5,6",15,True,0.0,177854.0,1,False,0.29681502172579394,0.11,355706.0
"Fixed 177828, pilot",55,2,8,"D 0,1 -> 4,5",8,True,0.0,177854.0,1,False,0.3764697826210095,0.11,533560.0
"Fixed 177828, pilot",55,3,18,"D 1,2 -> 4,7",18,True,0.0,177855.0,1,False,0.3002635722338174,0.11,711415.0
"Fixed 177828, pilot",55,4,14,"D 0,3 -> 4,7",14,True,0.0,177851.0,1,False,0.03758523457422756,0.11,889266.0
"Fixed 177828, pilot",55,5,19,"D 1,2 -> 5,6",19,True,0.0,177852.0,1,False,0.0657125239900671,0.11,1067118.0
"Fixed 177828, pilot",55,6,22,"D 2,3 -> 4,5",22,True,0.0,177855.0,1,False,0.04364852130558422,0.11,1244973.0
"Fixed 177828, pilot",55,7,11,"D 0,1 -> 6,7",11,True,0.0,177858.0,1,False,0.10072796416579655,0.11,1422831.0
"Fixed 177828, pilot",55,8,21,"D 1,3 -> 5,7",21,True,0.0,177853.0,1,False,0.009441305047874061,0.11,1600684.0
"Fixed 177828, pilot",55,9,12,"D 0,2 -> 4,6",12,True,0.0,177855.0,1,False,0.018167337649213765,0.11,1778539.0
"Fixed 177828, pilot",56,0,25,"D 2,3 -> 6,7",25,True,0.0,177851.0,1,False,0.31503606513167726,0.11,177851.0
"Fixed 177828, pilot",56,1,15,"D 0,3 -> 5,6",15,True,0.0,177855.0,1,False,0.29681502172579394,0.11,355706.0
"Fixed 177828, pilot",56,2,8,"D 0,1 -> 4,5",8,True,0.0,177853.0,1,False,0.3764697826210095,0.11,533559.0
"Fixed 177828, pilot",56,3,18,"D 1,2 -> 4,7",18,True,0.0,177856.0,1,False,0.3002635722338174,0.11,711415.0
"Fixed 177828, pilot",56,4,14,"D 0,3 -> 4,7",14,True,0.0,177857.0,1,False,0.03758523457422756,0.11,889272.0
"Fixed 177828, pilot",56,5,19,"D 1,2 -> 5,6",19,True,0.0,177857.0,1,False,0.0657125239900671,0.11,1067129.0
"Fixed 177828, pilot",56,6,11,"D 0,1 -> 6,7",22,False,0.044806582302531095,177851.0,1,False,0.04364852130558422,0.11,1244980.0
"Fixed 177828, pilot",56,7,22,"D 2,3 -> 4,5",22,True,0.0,177853.0,1,False,0.06967473471683744,0.11,1422833.0
"Fixed 177828, pilot",56,8,21,"D 1,3 -> 5,7",12,False,2.6598964142365844e-09,177855.0,1,False,0.009441304763103292,0.11,1600688.0
"Fixed 177828, pilot",56,9,12,"D 0,2 -> 4,6",12,True,0.0,177859.0,1,False,0.018167337649211208,0.11,1778547.0
"Fixed 177828, pilot",57,0,25,"D 2,3 -> 6,7",25,True,0.0,177852.0,1,False,0.31503606513167726,0.11,177852.0
"Fixed 177828, pilot",57,1,18,"D 1,2 -> 4,7",15,True,0.0,177857.0,1,False,0.29681502172579394,0.11,355709.0
"Fixed 177828, pilot",57,2,8,"D 0,1 -> 4,5",8,True,0.0,177853.0,1,False,0.3764697826210095,0.11,533562.0
"Fixed 177828, pilot",57,3,15,"D 0,3 -> 5,6",15,True,0.0,177859.0,1,False,0.30026357217502075,0.11,711421.0
"Fixed 177828, pilot",57,4,14,"D 0,3 -> 4,7",19,True,5.80789971671436e-10,177853.0,1,False,0.03758523474777508,0.11,889274.0
"Fixed 177828, pilot",57,5,19,"D 1,2 -> 5,6",19,True,0.0,177855.0,1,False,0.0657125239206618,0.11,1067129.0
"Fixed 177828, pilot",57,6,22,"D 2,3 -> 4,5",22,True,0.0,177852.0,1,False,0.043648521241327065,0.11,1244981.0
"Fixed 177828, pilot",57,7,11,"D 0,1 -> 6,7",11,True,0.0,177853.0,1,False,0.10072796416579699,0.11,1422834.0
"Fixed 177828, pilot",57,8,21,"D 1,3 -> 5,7",21,True,0.0,177856.0,1,False,0.009441304483876924,0.11,1600690.0
"Fixed 177828, pilot",57,9,12,"D 0,2 -> 4,6",12,True,0.0,177854.0,1,False,0.01816733748163215,0.11,1778544.0
"Fixed 177828, pilot",58,0,25,"D 2,3 -> 6,7",25,True,0.0,177853.0,1,False,0.31503606513167726,0.11,177853.0
"Fixed 177828, pilot",58,1,15,"D 0,3 -> 5,6",15,True,0.0,177851.0,1,False,0.29681502172579394,0.11,355704.0
"Fixed 177828, pilot",58,2,8,"D 0,1 -> 4,5",8,True,0.0,177855.0,1,False,0.3764697826210095,0.11,533559.0
"Fixed 177828, pilot",58,3,18,"D 1,2 -> 4,7",18,True,0.0,177853.0,1,False,0.3002635722338174,0.11,711412.0
"Fixed 177828, pilot",58,4,14,"D 0,3 -> 4,7",14,True,0.0,177856.0,1,False,0.03758523457422756,0.11,889268.0
"Fixed 177828, pilot",58,5,19,"D 1,2 -> 5,6",19,True,0.0,177852.0,1,False,0.0657125239900671,0.11,1067120.0
"Fixed 177828, pilot",58,6,22,"D 2,3 -> 4,5",22,True,0.0,177852.0,1,False,0.04364852130558422,0.11,1244972.0
"Fixed 177828, pilot",58,7,11,"D 0,1 -> 6,7",11,True,0.0,177850.0,1,False,0.10072796416579655,0.11,1422822.0
"Fixed 177828, pilot",58,8,12,"D 0,2 -> 4,6",21,False,1.6493607257750398e-08,177854.0,1,False,0.009441305047874061,0.11,1600676.0
"Fixed 177828, pilot",58,9,21,"D 1,3 -> 5,7",21,True,0.0,177853.0,1,False,0.018167337650105482,0.11,1778529.0
"Fixed 177828, pilot",59,0,25,"D 2,3 -> 6,7",25,True,0.0,177855.0,1,False,0.31503606513167726,0.11,177855.0
"Fixed 177828, pilot",59,1,18,"D 1,2 -> 4,7",15,True,0.0,177854.0,1,False,0.29681502172579394,0.11,355709.0
"Fixed 177828, pilot",59,2,8,"D 0,1 -> 4,5",8,True,0.0,177852.0,1,False,0.3764697826210095,0.11,533561.0
"Fixed 177828, pilot",59,3,15,"D 0,3 -> 5,6",15,True,0.0,177854.0,1,False,0.30026357217502075,0.11,711415.0
"Fixed 177828, pilot",59,4,19,"D 1,2 -> 5,6",19,True,0.0,177856.0,1,False,0.03758523474777508,0.11,889271.0
"Fixed 177828, pilot",59,5,14,"D 0,3 -> 4,7",14,True,0.0,177855.0,1,False,0.06571252399006697,0.11,1067126.0
"Fixed 177828, pilot",59,6,11,"D 0,1 -> 6,7",22,False,0.04480658230253376,177852.0,1,False,0.043648521305584075,0.11,1244978.0
"Fixed 177828, pilot",59,7,22,"D 2,3 -> 4,5",22,True,0.0,177855.0,1,False,0.06967473471393487,0.11,1422833.0
"Fixed 177828, pilot",59,8,21,"D 1,3 -> 5,7",21,True,0.0,177854.0,1,False,0.009441304763103297,0.11,1600687.0
"Fixed 177828, pilot",59,9,12,"D 0,2 -> 4,6",12,True,0.0,177852.0,1,False,0.01816733765010426,0.11,1778539.0
"Fixed 177828, pilot",60,0,25,"D 2,3 -> 6,7",25,True,0.0,177852.0,1,False,0.31503606513167726,0.11,177852.0
"Fixed 177828, pilot",60,1,18,"D 1,2 -> 4,7",15,True,0.0,177851.0,1,False,0.29681502172579394,0.11,355703.0
"Fixed 177828, pilot",60,2,8,"D 0,1 -> 4,5",8,True,0.0,177852.0,1,False,0.3764697826210095,0.11,533555.0
"Fixed 177828, pilot",60,3,15,"D 0,3 -> 5,6",15,True,0.0,177853.0,1,False,0.30026357217502075,0.11,711408.0
"Fixed 177828, pilot",60,4,14,"D 0,3 -> 4,7",19,True,5.80789971671436e-10,177855.0,1,False,0.03758523474777508,0.11,889263.0
"Fixed 177828, pilot",60,5,19,"D 1,2 -> 5,6",19,True,0.0,177853.0,1,False,0.0657125239206618,0.11,1067116.0
"Fixed 177828, pilot",60,6,22,"D 2,3 -> 4,5",22,True,0.0,177854.0,1,False,0.043648521241327065,0.11,1244970.0
"Fixed 177828, pilot",60,7,11,"D 0,1 -> 6,7",11,True,0.0,177852.0,1,False,0.10072796416579699,0.11,1422822.0
"Fixed 177828, pilot",60,8,21,"D 1,3 -> 5,7",21,True,0.0,177855.0,1,False,0.009441304483876924,0.11,1600677.0
"Fixed 177828, pilot",60,9,12,"D 0,2 -> 4,6",12,True,0.0,177852.0,1,False,0.01816733748163215,0.11,1778529.0
"Fixed 177828, pilot",61,0,25,"D 2,3 -> 6,7",25,True,0.0,177850.0,1,False,0.31503606513167726,0.11,177850.0
"Fixed 177828, pilot",61,1,18,"D 1,2 -> 4,7",15,True,0.0,177852.0,1,False,0.29681502172579394,0.11,355702.0
"Fixed 177828, pilot",61,2,8,"D 0,1 -> 4,5",8,True,0.0,177856.0,1,False,0.3764697826210095,0.11,533558.0
"Fixed 177828, pilot",61,3,15,"D 0,3 -> 5,6",15,True,0.0,177856.0,1,False,0.30026357217502075,0.11,711414.0
"Fixed 177828, pilot",61,4,14,"D 0,3 -> 4,7",19,True,5.80789971671436e-10,177855.0,1,False,0.03758523474777508,0.11,889269.0
"Fixed 177828, pilot",61,5,19,"D 1,2 -> 5,6",19,True,0.0,177856.0,1,False,0.0657125239206618,0.11,1067125.0
"Fixed 177828, pilot",61,6,22,"D 2,3 -> 4,5",22,True,0.0,177860.0,1,False,0.043648521241327065,0.11,1244985.0
"Fixed 177828, pilot",61,7,11,"D 0,1 -> 6,7",11,True,0.0,177853.0,1,False,0.10072796416579699,0.11,1422838.0
"Fixed 177828, pilot",61,8,9,"D 0,1 -> 4,7",21,False,1.0,177855.0,1,False,0.009441304483876924,0.11,1600693.0
"Fixed 177828, pilot",61,9,21,"D 1,3 -> 5,7",12,True,6.400169283438117e-10,177854.0,1,False,0.009441304546048494,0.11,1778547.0
"Fixed 177828, pilot",61,10,12,"D 0,2 -> 4,6",12,True,0.0,177853.0,1,False,0.018167337499938888,0.11,1956400.0
"Fixed 177828, pilot",62,0,25,"D 2,3 -> 6,7",25,True,0.0,177854.0,1,False,0.31503606513167726,0.11,177854.0
"Fixed 177828, pilot",62,1,18,"D 1,2 -> 4,7",15,True,0.0,177857.0,1,False,0.29681502172579394,0.11,355711.0
"Fixed 177828, pilot",62,2,8,"D 0,1 -> 4,5",8,True,0.0,177852.0,1,False,0.3764697826210095,0.11,533563.0
"Fixed 177828, pilot",62,3,15,"D 0,3 -> 5,6",15,True,0.0,177857.0,1,False,0.30026357217502075,0.11,711420.0
"Fixed 177828, pilot",62,4,19,"D 1,2 -> 5,6",19,True,0.0,177857.0,1,False,0.03758523474777508,0.11,889277.0
"Fixed 177828, pilot",62,5,14,"D 0,3 -> 4,7",14,True,0.0,177854.0,1,False,0.06571252399006697,0.11,1067131.0
"Fixed 177828, pilot",62,6,22,"D 2,3 -> 4,5",22,True,0.0,177854.0,1,False,0.043648521305584075,0.11,1244985.0
"Fixed 177828, pilot",62,7,11,"D 0,1 -> 6,7",11,True,0.0,177854.0,1,False,0.10072796416579774,0.11,1422839.0
"Fixed 177828, pilot",62,8,2,S 1 -> 5,21,False,1.0,177849.0,1,False,0.009441304483876945,0.11,1600688.0
"Fixed 177828, pilot",62,9,1,S 0 -> 6,12,False,1.0,177852.0,1,False,0.00944130454604846,0.11,1778540.0
"Fixed 177828, pilot",62,10,21,"D 1,3 -> 5,7",12,True,6.400112662063862e-10,177857.0,1,False,0.00944130454604846,0.11,1956397.0
"Fixed 177828, pilot",62,11,12,"D 0,2 -> 4,6",12,True,0.0,177850.0,1,False,0.018167337650105038,0.11,2134247.0
"Fixed 177828, pilot",63,0,25,"D 2,3 -> 6,7",25,True,0.0,177856.0,1,False,0.31503606513167726,0.11,177856.0
"Fixed 177828, pilot",63,1,15,"D 0,3 -> 5,6",15,True,0.0,177853.0,1,False,0.29681502172579394,0.11,355709.0
"Fixed 177828, pilot",63,2,8,"D 0,1 -> 4,5",8,True,0.0,177855.0,1,False,0.3764697826210095,0.11,533564.0
"Fixed 177828, pilot",63,3,18,"D 1,2 -> 4,7",18,True,0.0,177858.0,1,False,0.3002635722338174,0.11,711422.0
"Fixed 177828, pilot",63,4,14,"D 0,3 -> 4,7",14,True,0.0,177850.0,1,False,0.03758523457422756,0.11,889272.0
"Fixed 177828, pilot",63,5,19,"D 1,2 -> 5,6",19,True,0.0,177858.0,1,False,0.0657125239900671,0.11,1067130.0
"Fixed 177828, pilot",63,6,11,"D 0,1 -> 6,7",22,False,0.044806582302531095,177856.0,1,False,0.04364852130558422,0.11,1244986.0
"Fixed 177828, pilot",63,7,22,"D 2,3 -> 4,5",22,True,0.0,177856.0,1,False,0.06967473471683744,0.11,1422842.0
"Fixed 177828, pilot",63,8,12,"D 0,2 -> 4,6",12,True,0.0,177857.0,1,False,0.009441304763103292,0.11,1600699.0
"Fixed 177828, pilot",63,9,21,"D 1,3 -> 5,7",21,True,0.0,177853.0,1,False,0.018167337650104195,0.11,1778552.0
"Fixed 177828, pilot",64,0,25,"D 2,3 -> 6,7",25,True,0.0,177852.0,1,False,0.31503606513167726,0.11,177852.0
"Fixed 177828, pilot",64,1,15,"D 0,3 -> 5,6",15,True,0.0,177851.0,1,False,0.29681502172579394,0.11,355703.0
"Fixed 177828, pilot",64,2,8,"D 0,1 -> 4,5",8,True,0.0,177855.0,1,False,0.3764697826210095,0.11,533558.0
"Fixed 177828, pilot",64,3,18,"D 1,2 -> 4,7",18,True,0.0,177858.0,1,False,0.3002635722338174,0.11,711416.0
"Fixed 177828, pilot",64,4,14,"D 0,3 -> 4,7",14,True,0.0,177855.0,1,False,0.03758523457422756,0.11,889271.0
"Fixed 177828, pilot",64,5,19,"D 1,2 -> 5,6",19,True,0.0,177854.0,1,False,0.0657125239900671,0.11,1067125.0
"Fixed 177828, pilot",64,6,22,"D 2,3 -> 4,5",22,True,0.0,177856.0,1,False,0.04364852130558422,0.11,1244981.0
"Fixed 177828, pilot",64,7,11,"D 0,1 -> 6,7",11,True,0.0,177854.0,1,False,0.10072796416579655,0.11,1422835.0
"Fixed 177828, pilot",64,8,21,"D 1,3 -> 5,7",21,True,0.0,177857.0,1,False,0.009441305047874061,0.11,1600692.0
"Fixed 177828, pilot",64,9,12,"D 0,2 -> 4,6",12,True,0.0,177854.0,1,False,0.018167337649213765,0.11,1778546.0
"Fixed 177828, pilot",65,0,25,"D 2,3 -> 6,7",25,True,0.0,177850.0,1,False,0.31503606513167726,0.11,177850.0
"Fixed 177828, pilot",65,1,18,"D 1,2 -> 4,7",15,True,0.0,177851.0,1,False,0.29681502172579394,0.11,355701.0
"Fixed 177828, pilot",65,2,8,"D 0,1 -> 4,5",8,True,0.0,177856.0,1,False,0.3764697826210095,0.11,533557.0
"Fixed 177828, pilot",65,3,15,"D 0,3 -> 5,6",15,True,0.0,177858.0,1,False,0.30026357217502075,0.11,711415.0
"Fixed 177828, pilot",65,4,19,"D 1,2 -> 5,6",19,True,0.0,177853.0,1,False,0.03758523474777508,0.11,889268.0
"Fixed 177828, pilot",65,5,14,"D 0,3 -> 4,7",14,True,0.0,177856.0,1,False,0.06571252399006697,0.11,1067124.0
"Fixed 177828, pilot",65,6,22,"D 2,3 -> 4,5",22,True,0.0,177855.0,1,False,0.043648521305584075,0.11,1244979.0
"Fixed 177828, pilot",65,7,11,"D 0,1 -> 6,7",11,True,0.0,177859.0,1,False,0.10072796416579774,0.11,1422838.0
"Fixed 177828, pilot",65,8,21,"D 1,3 -> 5,7",21,True,0.0,177853.0,1,False,0.009441304483876945,0.11,1600691.0
"Fixed 177828, pilot",65,9,12,"D 0,2 -> 4,6",12,True,0.0,177854.0,1,False,0.018167337522397423,0.11,1778545.0
"Fixed 177828, pilot",66,0,25,"D 2,3 -> 6,7",25,True,0.0,177851.0,1,False,0.31503606513167726,0.11,177851.0
"Fixed 177828, pilot",66,1,18,"D 1,2 -> 4,7",15,True,0.0,177852.0,1,False,0.29681502172579394,0.11,355703.0
"Fixed 177828, pilot",66,2,8,"D 0,1 -> 4,5",8,True,0.0,177856.0,1,False,0.3764697826210095,0.11,533559.0
"Fixed 177828, pilot",66,3,15,"D 0,3 -> 5,6",15,True,0.0,177851.0,1,False,0.30026357217502075,0.11,711410.0
"Fixed 177828, pilot",66,4,14,"D 0,3 -> 4,7",19,True,5.80789971671436e-10,177855.0,1,False,0.03758523474777508,0.11,889265.0
"Fixed 177828, pilot",66,5,19,"D 1,2 -> 5,6",19,True,0.0,177854.0,1,False,0.0657125239206618,0.11,1067119.0
"Fixed 177828, pilot",66,6,11,"D 0,1 -> 6,7",22,False,0.044806582285133345,177855.0,1,False,0.043648521241327065,0.11,1244974.0
"Fixed 177828, pilot",66,7,22,"D 2,3 -> 4,5",22,True,0.0,177857.0,1,False,0.06967473482297251,0.11,1422831.0
"Fixed 177828, pilot",66,8,0,S 0 -> 4,12,False,1.0,177853.0,1,False,0.009441304632724787,0.11,1600684.0
"Fixed 177828, pilot",66,9,21,"D 1,3 -> 5,7",12,True,7.587165340439128e-10,177857.0,1,False,0.009441304632724787,0.11,1778541.0
"Fixed 177828, pilot",66,10,12,"D 0,2 -> 4,6",12,True,0.0,177856.0,1,False,0.01816733748162963,0.11,1956397.0
"Fixed 177828, pilot",67,0,25,"D 2,3 -> 6,7",25,True,0.0,177853.0,1,False,0.31503606513167726,0.11,177853.0
"Fixed 177828, pilot",67,1,18,"D 1,2 -> 4,7",15,True,0.0,177856.0,1,False,0.29681502172579394,0.11,355709.0
"Fixed 177828, pilot",67,2,8,"D 0,1 -> 4,5",8,True,0.0,177855.0,1,False,0.3764697826210095,0.11,533564.0
"Fixed 177828, pilot",67,3,15,"D 0,3 -> 5,6",15,True,0.0,177852.0,1,False,0.30026357217502075,0.11,711416.0
"Fixed 177828, pilot",67,4,19,"D 1,2 -> 5,6",19,True,0.0,177855.0,1,False,0.03758523474777508,0.11,889271.0
"Fixed 177828, pilot",67,5,14,"D 0,3 -> 4,7",14,True,0.0,177855.0,1,False,0.06571252399006697,0.11,1067126.0
"Fixed 177828, pilot",67,6,22,"D 2,3 -> 4,5",22,True,0.0,177851.0,1,False,0.043648521305584075,0.11,1244977.0
"Fixed 177828, pilot",67,7,11,"D 0,1 -> 6,7",11,True,0.0,177853.0,1,False,0.10072796416579774,0.11,1422830.0
"Fixed 177828, pilot",67,8,12,"D 0,2 -> 4,6",21,False,2.297271373130627e-09,177852.0,1,False,0.009441304483876945,0.11,1600682.0
"Fixed 177828, pilot",67,9,21,"D 1,3 -> 5,7",21,True,0.0,177851.0,1,False,0.018167337649210517,0.11,1778533.0
"Fixed 177828, pilot",68,0,25,"D 2,3 -> 6,7",25,True,0.0,177853.0,1,False,0.31503606513167726,0.11,177853.0
"Fixed 177828, pilot",68,1,15,"D 0,3 -> 5,6",15,True,0.0,177854.0,1,False,0.29681502172579394,0.11,355707.0
"Fixed 177828, pilot",68,2,8,"D 0,1 -> 4,5",8,True,0.0,177856.0,1,False,0.3764697826210095,0.11,533563.0
"Fixed 177828, pilot",68,3,18,"D 1,2 -> 4,7",18,True,0.0,177855.0,1,False,0.3002635722338174,0.11,711418.0
"Fixed 177828, pilot",68,4,14,"D 0,3 -> 4,7",14,True,0.0,177854.0,1,False,0.03758523457422756,0.11,889272.0
"Fixed 177828, pilot",68,5,19,"D 1,2 -> 5,6",19,True,0.0,177855.0,1,False,0.0657125239900671,0.11,1067127.0
"Fixed 177828, pilot",68,6,22,"D 2,3 -> 4,5",22,True,0.0,177856.0,1,False,0.04364852130558422,0.11,1244983.0
"Fixed 177828, pilot",68,7,11,"D 0,1 -> 6,7",11,True,0.0,177856.0,1,False,0.10072796416579655,0.11,1422839.0
"Fixed 177828, pilot",68,8,21,"D 1,3 -> 5,7",21,True,0.0,177857.0,1,False,0.009441305047874061,0.11,1600696.0
"Fixed 177828, pilot",68,9,9,"D 0,1 -> 4,7",12,False,1.0,177855.0,1,False,0.018167337649213765,0.11,1778551.0
"Fixed 177828, pilot",68,10,12,"D 0,2 -> 4,6",12,True,0.0,177854.0,1,False,0.018167337649213765,0.11,1956405.0
"Fixed 177828, pilot",69,0,25,"D 2,3 -> 6,7",25,True,0.0,177851.0,1,False,0.31503606513167726,0.11,177851.0
"Fixed 177828, pilot",69,1,18,"D 1,2 -> 4,7",15,True,0.0,177852.0,1,False,0.29681502172579394,0.11,355703.0
"Fixed 177828, pilot",69,2,8,"D 0,1 -> 4,5",8,True,0.0,177857.0,1,False,0.3764697826210095,0.11,533560.0
"Fixed 177828, pilot",69,3,15,"D 0,3 -> 5,6",15,True,0.0,177853.0,1,False,0.30026357217502075,0.11,711413.0
"Fixed 177828, pilot",69,4,19,"D 1,2 -> 5,6",19,True,0.0,177853.0,1,False,0.03758523474777508,0.11,889266.0
"Fixed 177828, pilot",69,5,14,"D 0,3 -> 4,7",14,True,0.0,177853.0,1,False,0.06571252399006697,0.11,1067119.0
"Fixed 177828, pilot",69,6,11,"D 0,1 -> 6,7",22,False,0.04480658230253376,177853.0,1,False,0.043648521305584075,0.11,1244972.0
"Fixed 177828, pilot",69,7,22,"D 2,3 -> 4,5",22,True,0.0,177857.0,1,False,0.06967473471393487,0.11,1422829.0
"Fixed 177828, pilot",69,8,12,"D 0,2 -> 4,6",21,False,2.6598955260581647e-09,177854.0,1,False,0.009441304763103297,0.11,1600683.0
"Fixed 177828, pilot",69,9,21,"D 1,3 -> 5,7",21,True,0.0,177855.0,1,False,0.018167337649211406,0.11,1778538.0
"Fixed 177828, pilot",70,0,25,"D 2,3 -> 6,7",25,True,0.0,177853.0,1,False,0.31503606513167726,0.11,177853.0
"Fixed 177828, pilot",70,1,15,"D 0,3 -> 5,6",15,True,0.0,177855.0,1,False,0.29681502172579394,0.11,355708.0
"Fixed 177828, pilot",70,2,8,"D 0,1 -> 4,5",8,True,0.0,177853.0,1,False,0.3764697826210095,0.11,533561.0
"Fixed 177828, pilot",70,3,18,"D 1,2 -> 4,7",18,True,0.0,177854.0,1,False,0.3002635722338174,0.11,711415.0
"Fixed 177828, pilot",70,4,19,"D 1,2 -> 5,6",14,True,5.182410056647768e-12,177855.0,1,False,0.03758523457422756,0.11,889270.0
"Fixed 177828, pilot",70,5,14,"D 0,3 -> 4,7",14,True,0.0,177858.0,1,False,0.06571252392066197,0.11,1067128.0
"Fixed 177828, pilot",70,6,22,"D 2,3 -> 4,5",22,True,0.0,177853.0,1,False,0.04364852124132713,0.11,1244981.0
"Fixed 177828, pilot",70,7,11,"D 0,1 -> 6,7",11,True,0.0,177855.0,1,False,0.10072796416579667,0.11,1422836.0
"Fixed 177828, pilot",70,8,12,"D 0,2 -> 4,6",21,True,2.371568497139265e-10,177854.0,1,False,0.009441304630083448,0.11,1600690.0
"Fixed 177828, pilot",70,9,21,"D 1,3 -> 5,7",21,True,0.0,177852.0,1,False,0.01816733759515189,0.11,1778542.0
"Fixed 177828, pilot",71,0,25,"D 2,3 -> 6,7",25,True,0.0,177853.0,1,False,0.31503606513167726,0.11,177853.0
"Fixed 177828, pilot",71,1,15,"D 0,3 -> 5,6",15,True,0.0,177856.0,1,False,0.29681502172579394,0.11,355709.0
"Fixed 177828, pilot",71,2,8,"D 0,1 -> 4,5",8,True,0.0,177855.0,1,False,0.3764697826210095,0.11,533564.0
"Fixed 177828, pilot",71,3,18,"D 1,2 -> 4,7",18,True,0.0,177852.0,1,False,0.3002635722338174,0.11,711416.0
"Fixed 177828, pilot",71,4,19,"D 1,2 -> 5,6",14,True,5.182410056647768e-12,177853.0,1,False,0.03758523457422756,0.11,889269.0
"Fixed 177828, pilot",71,5,14,"D 0,3 -> 4,7",14,True,0.0,177854.0,1,False,0.06571252392066197,0.11,1067123.0
"Fixed 177828, pilot",71,6,11,"D 0,1 -> 6,7",22,False,0.044806582285143115,177852.0,1,False,0.04364852124132713,0.11,1244975.0
"Fixed 177828, pilot",71,7,22,"D 2,3 -> 4,5",22,True,0.0,177853.0,1,False,0.06967473471393487,0.11,1422828.0
"Fixed 177828, pilot",71,8,20,"D 1,2 -> 6,7",21,False,1.0,177857.0,1,False,0.009441304632724919,0.11,1600685.0
"Fixed 177828, pilot",71,9,14,"D 0,3 -> 4,7",21,False,0.999999986483221,177854.0,1,False,0.009441304632724919,0.11,1778539.0
"Fixed 177828, pilot",71,10,1,S 0 -> 6,21,False,1.0,177859.0,1,False,0.009441304632724919,0.11,1956398.0
"Fixed 177828, pilot",71,11,21,"D 1,3 -> 5,7",21,True,0.0,177855.0,1,False,0.009441304632724919,0.11,2134253.0
"Fixed 177828, pilot",71,12,12,"D 0,2 -> 4,6",12,True,0.0,177858.0,1,False,0.018167337618534354,0.11,2312111.0
"Fixed 177828, pilot",72,0,25,"D 2,3 -> 6,7",25,True,0.0,177852.0,1,False,0.31503606513167726,0.11,177852.0
"Fixed 177828, pilot",72,1,15,"D 0,3 -> 5,6",15,True,0.0,177851.0,1,False,0.29681502172579394,0.11,355703.0
"Fixed 177828, pilot",72,2,8,"D 0,1 -> 4,5",8,True,0.0,177855.0,1,False,0.3764697826210095,0.11,533558.0
"Fixed 177828, pilot",72,3,18,"D 1,2 -> 4,7",18,True,0.0,177856.0,1,False,0.3002635722338174,0.11,711414.0
"Fixed 177828, pilot",72,4,19,"D 1,2 -> 5,6",14,True,5.182410056647768e-12,177858.0,1,False,0.03758523457422756,0.11,889272.0
"Fixed 177828, pilot",72,5,14,"D 0,3 -> 4,7",14,True,0.0,177853.0,1,False,0.06571252392066197,0.11,1067125.0
"Fixed 177828, pilot",72,6,11,"D 0,1 -> 6,7",22,False,0.044806582285143115,177855.0,1,False,0.04364852124132713,0.11,1244980.0
"Fixed 177828, pilot",72,7,22,"D 2,3 -> 4,5",22,True,0.0,177857.0,1,False,0.06967473471393487,0.11,1422837.0
"Fixed 177828, pilot",72,8,20,"D 1,2 -> 6,7",21,False,1.0,177854.0,1,False,0.009441304632724919,0.11,1600691.0
"Fixed 177828, pilot",72,9,6,S 3 -> 5,21,False,1.0,177852.0,1,False,0.009441304632724919,0.11,1778543.0
"Fixed 177828, pilot",72,10,20,"D 1,2 -> 6,7",21,False,1.0,177849.0,1,False,0.009441304632724919,0.11,1956392.0
"Fixed 177828, pilot",72,11,21,"D 1,3 -> 5,7",21,True,0.0,177859.0,1,False,0.009441304632724919,0.11,2134251.0
"Fixed 177828, pilot",72,12,12,"D 0,2 -> 4,6",12,True,0.0,177853.0,1,False,0.018167337649211596,0.11,2312104.0
"Fixed 177828, pilot",73,0,25,"D 2,3 -> 6,7",25,True,0.0,177852.0,1,False,0.31503606513167726,0.11,177852.0
"Fixed 177828, pilot",73,1,18,"D 1,2 -> 4,7",15,True,0.0,177857.0,1,False,0.29681502172579394,0.11,355709.0
"Fixed 177828, pilot",73,2,8,"D 0,1 -> 4,5",8,True,0.0,177853.0,1,False,0.3764697826210095,0.11,533562.0
"Fixed 177828, pilot",73,3,15,"D 0,3 -> 5,6",15,True,0.0,177855.0,1,False,0.30026357217502075,0.11,711417.0
"Fixed 177828, pilot",73,4,14,"D 0,3 -> 4,7",19,True,5.80789971671436e-10,177852.0,1,False,0.03758523474777508,0.11,889269.0
"Fixed 177828, pilot",73,5,19,"D 1,2 -> 5,6",19,True,0.0,177856.0,1,False,0.0657125239206618,0.11,1067125.0
"Fixed 177828, pilot",73,6,11,"D 0,1 -> 6,7",22,False,0.044806582285133345,177855.0,1,False,0.043648521241327065,0.11,1244980.0
"Fixed 177828, pilot",73,7,22,"D 2,3 -> 4,5",22,True,0.0,177855.0,1,False,0.06967473482297251,0.11,1422835.0
"Fixed 177828, pilot",73,8,12,"D 0,2 -> 4,6",12,True,0.0,177852.0,1,False,0.009441304632724787,0.11,1600687.0
"Fixed 177828, pilot",73,9,21,"D 1,3 -> 5,7",21,True,0.0,177852.0,1,False,0.01816733764921178,0.11,1778539.0
"Fixed 177828, pilot",74,0,25,"D 2,3 -> 6,7",25,True,0.0,177851.0,1,False,0.31503606513167726,0.11,177851.0
"Fixed 177828, pilot",74,1,18,"D 1,2 -> 4,7",15,True,0.0,177855.0,1,False,0.29681502172579394,0.11,355706.0
"Fixed 177828, pilot",74,2,8,"D 0,1 -> 4,5",8,True,0.0,177855.0,1,False,0.3764697826210095,0.11,533561.0
"Fixed 177828, pilot",74,3,15,"D 0,3 -> 5,6",15,True,0.0,177857.0,1,False,0.30026357217502075,0.11,711418.0
"Fixed 177828, pilot",74,4,14,"D 0,3 -> 4,7",19,True,5.80789971671436e-10,177856.0,1,False,0.03758523474777508,0.11,889274.0
"Fixed 177828, pilot",74,5,19,"D 1,2 -> 5,6",19,True,0.0,177852.0,1,False,0.0657125239206618,0.11,1067126.0
"Fixed 177828, pilot",74,6,22,"D 2,3 -> 4,5",22,True,0.0,177854.0,1,False,0.043648521241327065,0.11,1244980.0
"Fixed 177828, pilot",74,7,11,"D 0,1 -> 6,7",11,True,0.0,177853.0,1,False,0.10072796416579699,0.11,1422833.0
"Fixed 177828, pilot",74,8,1,S 0 -> 6,21,False,1.0,177855.0,1,False,0.009441304483876924,0.11,1600688.0
"Fixed 177828, pilot",74,9,11,"D 0,1 -> 6,7",12,False,0.9999999972399306,177854.0,1,False,0.009441304546048494,0.11,1778542.0
"Fixed 177828, pilot",74,10,0,S 0 -> 4,12,False,1.0,177852.0,1,False,0.009441304546048494,0.11,1956394.0
"Fixed 177828, pilot",74,11,21,"D 1,3 -> 5,7",12,True,6.400169283438117e-10,177854.0,1,False,0.009441304546048494,0.11,2134248.0
"Fixed 177828, pilot",74,12,12,"D 0,2 -> 4,6",12,True,0.0,177854.0,1,False,0.01816733785444203,0.11,2312102.0
"Fixed 177828, pilot",75,0,25,"D 2,3 -> 6,7",25,True,0.0,177850.0,1,False,0.31503606513167726,0.11,177850.0
"Fixed 177828, pilot",75,1,8,"D 0,1 -> 4,5",15,False,0.033311851350335986,177856.0,1,False,0.29681502172579394,0.11,355706.0
"Fixed 177828, pilot",75,2,15,"D 0,3 -> 5,6",15,True,0.0,177853.0,1,False,0.303713351808019,0.11,533559.0
"Fixed 177828, pilot",75,3,18,"D 1,2 -> 4,7",18,True,0.0,177852.0,1,False,0.38824803810173436,0.11,711411.0
"Fixed 177828, pilot",75,4,14,"D 0,3 -> 4,7",14,True,0.0,177854.0,1,False,0.03758523456612019,0.11,889265.0
"Fixed 177828, pilot",75,5,19,"D 1,2 -> 5,6",19,True,0.0,177855.0,1,False,0.0657125241352967,0.11,1067120.0
"Fixed 177828, pilot",75,6,11,"D 0,1 -> 6,7",22,False,0.04480658474782895,177858.0,1,False,0.043648521856409134,0.11,1244978.0
"Fixed 177828, pilot",75,7,22,"D 2,3 -> 4,5",22,True,0.0,177852.0,1,False,0.06967473568968069,0.11,1422830.0
"Fixed 177828, pilot",75,8,12,"D 0,2 -> 4,6",12,True,6.661338147750939e-15,177855.0,1,False,0.00944130465202562,0.11,1600685.0
"Fixed 177828, pilot",75,9,21,"D 1,3 -> 5,7",21,True,0.0,177856.0,1,False,0.018167337417688407,0.11,1778541.0
"Fixed 177828, pilot",76,0,25,"D 2,3 -> 6,7",25,True,0.0,177849.0,1,False,0.31503606513167726,0.11,177849.0
"Fixed 177828, pilot",76,1,15,"D 0,3 -> 5,6",15,True,0.0,177856.0,1,False,0.29681502172579394,0.11,355705.0
"Fixed 177828, pilot",76,2,8,"D 0,1 -> 4,5",8,True,0.0,177856.0,1,False,0.3764697826210095,0.11,533561.0
"Fixed 177828, pilot",76,3,18,"D 1,2 -> 4,7",18,True,0.0,177856.0,1,False,0.3002635722338174,0.11,711417.0
"Fixed 177828, pilot",76,4,14,"D 0,3 -> 4,7",14,True,0.0,177851.0,1,False,0.03758523457422756,0.11,889268.0
"Fixed 177828, pilot",76,5,19,"D 1,2 -> 5,6",19,True,0.0,177855.0,1,False,0.0657125239900671,0.11,1067123.0
"Fixed 177828, pilot",76,6,11,"D 0,1 -> 6,7",22,False,0.044806582302531095,177854.0,1,False,0.04364852130558422,0.11,1244977.0
"Fixed 177828, pilot",76,7,22,"D 2,3 -> 4,5",22,True,0.0,177853.0,1,False,0.06967473471683744,0.11,1422830.0
"Fixed 177828, pilot",76,8,21,"D 1,3 -> 5,7",12,False,2.6598964142365844e-09,177853.0,1,False,0.009441304763103292,0.11,1600683.0
"Fixed 177828, pilot",76,9,2,S 1 -> 5,12,False,1.0,177852.0,1,False,0.018167337649211208,0.11,1778535.0
"Fixed 177828, pilot",76,10,12,"D 0,2 -> 4,6",12,True,0.0,177854.0,1,False,0.018167337649211208,0.11,1956389.0
"Fixed 177828, pilot",77,0,25,"D 2,3 -> 6,7",25,True,0.0,177853.0,1,False,0.31503606513167726,0.11,177853.0
"Fixed 177828, pilot",77,1,18,"D 1,2 -> 4,7",15,True,0.0,177858.0,1,False,0.29681502172579394,0.11,355711.0
"Fixed 177828, pilot",77,2,8,"D 0,1 -> 4,5",8,True,0.0,177856.0,1,False,0.3764697826210095,0.11,533567.0
"Fixed 177828, pilot",77,3,15,"D 0,3 -> 5,6",15,True,0.0,177853.0,1,False,0.30026357217502075,0.11,711420.0
"Fixed 177828, pilot",77,4,19,"D 1,2 -> 5,6",19,True,0.0,177853.0,1,False,0.03758523474777508,0.11,889273.0
"Fixed 177828, pilot",77,5,14,"D 0,3 -> 4,7",14,True,0.0,177854.0,1,False,0.06571252399006697,0.11,1067127.0
"Fixed 177828, pilot",77,6,22,"D 2,3 -> 4,5",22,True,0.0,177859.0,1,False,0.043648521305584075,0.11,1244986.0
"Fixed 177828, pilot",77,7,11,"D 0,1 -> 6,7",11,True,0.0,177856.0,1,False,0.10072796416579774,0.11,1422842.0
"Fixed 177828, pilot",77,8,3,S 1 -> 7,21,False,1.0,177856.0,1,False,0.009441304483876945,0.11,1600698.0
"Fixed 177828, pilot",77,9,1,S 0 -> 6,12,False,1.0,177857.0,1,False,0.00944130454604846,0.11,1778555.0
"Fixed 177828, pilot",77,10,21,"D 1,3 -> 5,7",12,True,6.400112662063862e-10,177854.0,1,False,0.00944130454604846,0.11,1956409.0
"Fixed 177828, pilot",77,11,6,S 3 -> 5,12,False,1.0,177855.0,1,False,0.018167337650105038,0.11,2134264.0
"Fixed 177828, pilot",77,12,12,"D 0,2 -> 4,6",12,True,0.0,177857.0,1,False,0.018167337650105038,0.11,2312121.0
"Fixed 177828, pilot",78,0,14,"D 0,3 -> 4,7",25,False,0.052846754050403844,177851.0,1,False,0.31503606513167726,0.11,177851.0
"Fixed 177828, pilot",78,1,22,"D 2,3 -> 4,5",22,True,0.0,177853.0,1,False,0.2986379460442076,0.11,355704.0
"Fixed 177828, pilot",78,2,19,"D 1,2 -> 5,6",19,True,0.0,177858.0,1,False,0.35321992230088123,0.11,533562.0
"Fixed 177828, pilot",78,3,11,"D 0,1 -> 6,7",11,True,0.0,177856.0,1,False,0.22254279298159932,0.11,711418.0
"Fixed 177828, pilot",78,4,18,"D 1,2 -> 4,7",8,False,0.026297173989254685,177852.0,1,False,0.022746161137019386,0.11,889270.0
"Fixed 177828, pilot",78,5,15,"D 0,3 -> 5,6",15,True,0.0,177853.0,1,False,0.03866517257132855,0.11,1067123.0
"Fixed 177828, pilot",78,6,8,"D 0,1 -> 4,5",8,True,0.0,177857.0,1,False,0.03387932971003275,0.11,1244980.0
"Fixed 177828, pilot",78,7,25,"D 2,3 -> 6,7",25,True,0.0,177853.0,1,False,0.06140260804114101,0.11,1422833.0
"Fixed 177828, pilot",78,8,21,"D 1,3 -> 5,7",21,True,0.0,177854.0,1,False,0.00944130310652362,0.11,1600687.0
"Fixed 177828, pilot",78,9,12,"D 0,2 -> 4,6",12,True,0.0,177855.0,1,False,0.018167337655030334,0.11,1778542.0
"Fixed 177828, pilot",79,0,25,"D 2,3 -> 6,7",25,True,0.0,177856.0,1,False,0.31503606513167726,0.11,177856.0
"Fixed 177828, pilot",79,1,15,"D 0,3 -> 5,6",15,True,0.0,177851.0,1,False,0.29681502172579394,0.11,355707.0
"Fixed 177828, pilot",79,2,8,"D 0,1 -> 4,5",8,True,0.0,177857.0,1,False,0.3764697826210095,0.11,533564.0
"Fixed 177828, pilot",79,3,18,"D 1,2 -> 4,7",18,True,0.0,177856.0,1,False,0.3002635722338174,0.11,711420.0
"Fixed 177828, pilot",79,4,14,"D 0,3 -> 4,7",14,True,0.0,177852.0,1,False,0.03758523457422756,0.11,889272.0
"Fixed 177828, pilot",79,5,19,"D 1,2 -> 5,6",19,True,0.0,177858.0,1,False,0.0657125239900671,0.11,1067130.0
"Fixed 177828, pilot",79,6,22,"D 2,3 -> 4,5",22,True,0.0,177856.0,1,False,0.04364852130558422,0.11,1244986.0
"Fixed 177828, pilot",79,7,11,"D 0,1 -> 6,7",11,True,0.0,177854.0,1,False,0.10072796416579655,0.11,1422840.0
"Fixed 177828, pilot",79,8,7,S 3 -> 7,21,False,1.0,177856.0,1,False,0.009441305047874061,0.11,1600696.0
"Fixed 177828, pilot",79,9,21,"D 1,3 -> 5,7",21,True,0.0,177856.0,1,False,0.00944130458544351,0.11,1778552.0
"Fixed 177828, pilot",79,10,12,"D 0,2 -> 4,6",12,True,0.0,177857.0,1,False,0.018167337511205264,0.11,1956409.0
"Fixed 177828, pilot",80,0,25,"D 2,3 -> 6,7",25,True,0.0,177852.0,1,False,0.31503606513167726,0.11,177852.0
"Fixed 177828, pilot",80,1,15,"D 0,3 -> 5,6",15,True,0.0,177854.0,1,False,0.29681502172579394,0.11,355706.0
"Fixed 177828, pilot",80,2,8,"D 0,1 -> 4,5",8,True,0.0,177855.0,1,False,0.3764697826210095,0.11,533561.0
"Fixed 177828, pilot",80,3,18,"D 1,2 -> 4,7",18,True,0.0,177854.0,1,False,0.3002635722338174,0.11,711415.0
"Fixed 177828, pilot",80,4,14,"D 0,3 -> 4,7",14,True,0.0,177851.0,1,False,0.03758523457422756,0.11,889266.0
"Fixed 177828, pilot",80,5,19,"D 1,2 -> 5,6",19,True,0.0,177853.0,1,False,0.0657125239900671,0.11,1067119.0
"Fixed 177828, pilot",80,6,22,"D 2,3 -> 4,5",22,True,0.0,177853.0,1,False,0.04364852130558422,0.11,1244972.0
"Fixed 177828, pilot",80,7,11,"D 0,1 -> 6,7",11,True,0.0,177853.0,1,False,0.10072796416579655,0.11,1422825.0
"Fixed 177828, pilot",80,8,21,"D 1,3 -> 5,7",21,True,0.0,177851.0,1,False,0.009441305047874061,0.11,1600676.0
"Fixed 177828, pilot",80,9,12,"D 0,2 -> 4,6",12,True,0.0,177854.0,1,False,0.018167337649213765,0.11,1778530.0
"Fixed 177828, pilot",81,0,25,"D 2,3 -> 6,7",25,True,0.0,177854.0,1,False,0.31503606513167726,0.11,177854.0
"Fixed 177828, pilot",81,1,15,"D 0,3 -> 5,6",15,True,0.0,177851.0,1,False,0.29681502172579394,0.11,355705.0
"Fixed 177828, pilot",81,2,8,"D 0,1 -> 4,5",8,True,0.0,177857.0,1,False,0.3764697826210095,0.11,533562.0
"Fixed 177828, pilot",81,3,18,"D 1,2 -> 4,7",18,True,0.0,177854.0,1,False,0.3002635722338174,0.11,711416.0
"Fixed 177828, pilot",81,4,14,"D 0,3 -> 4,7",14,True,0.0,177855.0,1,False,0.03758523457422756,0.11,889271.0
"Fixed 177828, pilot",81,5,19,"D 1,2 -> 5,6",19,True,0.0,177854.0,1,False,0.0657125239900671,0.11,1067125.0
"Fixed 177828, pilot",81,6,22,"D 2,3 -> 4,5",22,True,0.0,177856.0,1,False,0.04364852130558422,0.11,1244981.0
"Fixed 177828, pilot",81,7,11,"D 0,1 -> 6,7",11,True,0.0,177854.0,1,False,0.10072796416579655,0.11,1422835.0
"Fixed 177828, pilot",81,8,0,S 0 -> 4,21,False,1.0,177856.0,1,False,0.009441305047874061,0.11,1600691.0
"Fixed 177828, pilot",81,9,21,"D 1,3 -> 5,7",21,True,0.0,177858.0,1,False,0.00944130458544351,0.11,1778549.0
"Fixed 177828, pilot",81,10,12,"D 0,2 -> 4,6",12,True,0.0,177856.0,1,False,0.018167337511205264,0.11,1956405.0
"Fixed 177828, pilot",82,0,25,"D 2,3 -> 6,7",25,True,0.0,177853.0,1,False,0.31503606513167726,0.11,177853.0
"Fixed 177828, pilot",82,1,15,"D 0,3 -> 5,6",15,True,0.0,177851.0,1,False,0.29681502172579394,0.11,355704.0
"Fixed 177828, pilot",82,2,8,"D 0,1 -> 4,5",8,True,0.0,177849.0,1,False,0.3764697826210095,0.11,533553.0
"Fixed 177828, pilot",82,3,18,"D 1,2 -> 4,7",18,True,0.0,177852.0,1,False,0.3002635722338174,0.11,711405.0
"Fixed 177828, pilot",82,4,19,"D 1,2 -> 5,6",14,True,5.182410056647768e-12,177856.0,1,False,0.03758523457422756,0.11,889261.0
"Fixed 177828, pilot",82,5,14,"D 0,3 -> 4,7",14,True,0.0,177854.0,1,False,0.06571252392066197,0.11,1067115.0
"Fixed 177828, pilot",82,6,22,"D 2,3 -> 4,5",22,True,0.0,177855.0,1,False,0.04364852124132713,0.11,1244970.0
"Fixed 177828, pilot",82,7,11,"D 0,1 -> 6,7",11,True,0.0,177855.0,1,False,0.10072796416579667,0.11,1422825.0
"Fixed 177828, pilot",82,8,3,S 1 -> 7,21,False,1.0,177856.0,1,False,0.009441304630083448,0.11,1600681.0
"Fixed 177828, pilot",82,9,9,"D 0,1 -> 4,7",21,False,1.0,177857.0,1,False,0.009441304630083448,0.11,1778538.0
"Fixed 177828, pilot",82,10,6,S 3 -> 5,21,False,1.0,177856.0,1,False,0.009441304630083448,0.11,1956394.0
"Fixed 177828, pilot",82,11,21,"D 1,3 -> 5,7",21,True,0.0,177855.0,1,False,0.009441304630083448,0.11,2134249.0
"Fixed 177828, pilot",82,12,12,"D 0,2 -> 4,6",12,True,0.0,177853.0,1,False,0.018167337649211367,0.11,2312102.0
"Fixed 177828, pilot",83,0,25,"D 2,3 -> 6,7",25,True,0.0,177852.0,1,False,0.31503606513167726,0.11,177852.0
"Fixed 177828, pilot",83,1,15,"D 0,3 -> 5,6",15,True,0.0,177852.0,1,False,0.29681502172579394,0.11,355704.0
"Fixed 177828, pilot",83,2,8,"D 0,1 -> 4,5",8,True,0.0,177856.0,1,False,0.3764697826210095,0.11,533560.0
"Fixed 177828, pilot",83,3,18,"D 1,2 -> 4,7",18,True,0.0,177855.0,1,False,0.3002635722338174,0.11,711415.0
"Fixed 177828, pilot",83,4,19,"D 1,2 -> 5,6",14,True,5.182410056647768e-12,177856.0,1,False,0.03758523457422756,0.11,889271.0
"Fixed 177828, pilot",83,5,14,"D 0,3 -> 4,7",14,True,0.0,177855.0,1,False,0.06571252392066197,0.11,1067126.0
"Fixed 177828, pilot",83,6,11,"D 0,1 -> 6,7",22,False,0.044806582285143115,177854.0,1,False,0.04364852124132713,0.11,1244980.0
"Fixed 177828, pilot",83,7,22,"D 2,3 -> 4,5",22,True,0.0,177851.0,1,False,0.06967473471393487,0.11,1422831.0
"Fixed 177828, pilot",83,8,23,"D 2,3 -> 4,7",21,False,1.0,177856.0,1,False,0.009441304632724919,0.11,1600687.0
"Fixed 177828, pilot",83,9,1,S 0 -> 6,21,False,1.0,177853.0,1,False,0.009441304632724919,0.11,1778540.0
"Fixed 177828, pilot",83,10,21,"D 1,3 -> 5,7",21,True,0.0,177855.0,1,False,0.009441304632724919,0.11,1956395.0
"Fixed 177828, pilot",83,11,12,"D 0,2 -> 4,6",12,True,0.0,177853.0,1,False,0.018167337649211596,0.11,2134248.0
"Fixed 177828, pilot",84,0,25,"D 2,3 -> 6,7",25,True,0.0,177853.0,1,False,0.31503606513167726,0.11,177853.0
"Fixed 177828, pilot",84,1,15,"D 0,3 -> 5,6",15,True,0.0,177853.0,1,False,0.29681502172579394,0.11,355706.0
"Fixed 177828, pilot",84,2,8,"D 0,1 -> 4,5",8,True,0.0,177856.0,1,False,0.3764697826210095,0.11,533562.0
"Fixed 177828, pilot",84,3,18,"D 1,2 -> 4,7",18,True,0.0,177854.0,1,False,0.3002635722338174,0.11,711416.0
"Fixed 177828, pilot",84,4,14,"D 0,3 -> 4,7",14,True,0.0,177856.0,1,False,0.03758523457422756,0.11,889272.0
"Fixed 177828, pilot",84,5,19,"D 1,2 -> 5,6",19,True,0.0,177852.0,1,False,0.0657125239900671,0.11,1067124.0
"Fixed 177828, pilot",84,6,11,"D 0,1 -> 6,7",22,False,0.044806582302531095,177854.0,1,False,0.04364852130558422,0.11,1244978.0
"Fixed 177828, pilot",84,7,22,"D 2,3 -> 4,5",22,True,0.0,177855.0,1,False,0.06967473471683744,0.11,1422833.0
"Fixed 177828, pilot",84,8,7,S 3 -> 7,12,False,1.0,177856.0,1,False,0.009441304763103292,0.11,1600689.0
"Fixed 177828, pilot",84,9,12,"D 0,2 -> 4,6",12,True,0.0,177855.0,1,False,0.009441304763103292,0.11,1778544.0
"Fixed 177828, pilot",84,10,21,"D 1,3 -> 5,7",21,True,0.0,177855.0,1,False,0.018167337650104195,0.11,1956399.0
"Fixed 177828, pilot",85,0,25,"D 2,3 -> 6,7",25,True,0.0,177854.0,1,False,0.31503606513167726,0.11,177854.0
"Fixed 177828, pilot",85,1,18,"D 1,2 -> 4,7",15,True,0.0,177856.0,1,False,0.29681502172579394,0.11,355710.0
"Fixed 177828, pilot",85,2,8,"D 0,1 -> 4,5",8,True,0.0,177857.0,1,False,0.3764697826210095,0.11,533567.0
"Fixed 177828, pilot",85,3,15,"D 0,3 -> 5,6",15,True,0.0,177855.0,1,False,0.30026357217502075,0.11,711422.0
"Fixed 177828, pilot",85,4,19,"D 1,2 -> 5,6",19,True,0.0,177853.0,1,False,0.03758523474777508,0.11,889275.0
"Fixed 177828, pilot",85,5,14,"D 0,3 -> 4,7",14,True,0.0,177853.0,1,False,0.06571252399006697,0.11,1067128.0
"Fixed 177828, pilot",85,6,22,"D 2,3 -> 4,5",22,True,0.0,177853.0,1,False,0.043648521305584075,0.11,1244981.0
"Fixed 177828, pilot",85,7,11,"D 0,1 -> 6,7",11,True,0.0,177852.0,1,False,0.10072796416579774,0.11,1422833.0
"Fixed 177828, pilot",85,8,12,"D 0,2 -> 4,6",21,False,2.297271373130627e-09,177852.0,1,False,0.009441304483876945,0.11,1600685.0
"Fixed 177828, pilot",85,9,21,"D 1,3 -> 5,7",21,True,0.0,177858.0,1,False,0.018167337649210517,0.11,1778543.0
"Fixed 177828, pilot",86,0,25,"D 2,3 -> 6,7",25,True,0.0,177851.0,1,False,0.31503606513167726,0.11,177851.0
"Fixed 177828, pilot",86,1,15,"D 0,3 -> 5,6",15,True,0.0,177858.0,1,False,0.29681502172579394,0.11,355709.0
"Fixed 177828, pilot",86,2,8,"D 0,1 -> 4,5",8,True,0.0,177854.0,1,False,0.3764697826210095,0.11,533563.0
"Fixed 177828, pilot",86,3,18,"D 1,2 -> 4,7",18,True,0.0,177857.0,1,False,0.3002635722338174,0.11,711420.0
"Fixed 177828, pilot",86,4,14,"D 0,3 -> 4,7",14,True,0.0,177856.0,1,False,0.03758523457422756,0.11,889276.0
"Fixed 177828, pilot",86,5,19,"D 1,2 -> 5,6",19,True,0.0,177856.0,1,False,0.0657125239900671,0.11,1067132.0
"Fixed 177828, pilot",86,6,22,"D 2,3 -> 4,5",22,True,0.0,177853.0,1,False,0.04364852130558422,0.11,1244985.0
"Fixed 177828, pilot",86,7,11,"D 0,1 -> 6,7",11,True,0.0,177853.0,1,False,0.10072796416579655,0.11,1422838.0
"Fixed 177828, pilot",86,8,12,"D 0,2 -> 4,6",21,False,1.6493607257750398e-08,177854.0,1,False,0.009441305047874061,0.11,1600692.0
"Fixed 177828, pilot",86,9,21,"D 1,3 -> 5,7",21,True,0.0,177857.0,1,False,0.018167337650105482,0.11,1778549.0
"Fixed 177828, pilot",87,0,25,"D 2,3 -> 6,7",25,True,0.0,177854.0,1,False,0.31503606513167726,0.11,177854.0
"Fixed 177828, pilot",87,1,18,"D 1,2 -> 4,7",15,True,0.0,177855.0,1,False,0.29681502172579394,0.11,355709.0
"Fixed 177828, pilot",87,2,8,"D 0,1 -> 4,5",8,True,0.0,177856.0,1,False,0.3764697826210095,0.11,533565.0
"Fixed 177828, pilot",87,3,15,"D 0,3 -> 5,6",15,True,0.0,177855.0,1,False,0.30026357217502075,0.11,711420.0
"Fixed 177828, pilot",87,4,19,"D 1,2 -> 5,6",19,True,0.0,177854.0,1,False,0.03758523474777508,0.11,889274.0
"Fixed 177828, pilot",87,5,14,"D 0,3 -> 4,7",14,True,0.0,177853.0,1,False,0.06571252399006697,0.11,1067127.0
"Fixed 177828, pilot",87,6,22,"D 2,3 -> 4,5",22,True,0.0,177857.0,1,False,0.043648521305584075,0.11,1244984.0
"Fixed 177828, pilot",87,7,11,"D 0,1 -> 6,7",11,True,0.0,177856.0,1,False,0.10072796416579774,0.11,1422840.0
"Fixed 177828, pilot",87,8,6,S 3 -> 5,21,False,1.0,177849.0,1,False,0.009441304483876945,0.11,1600689.0
"Fixed 177828, pilot",87,9,5,S 2 -> 6,12,False,1.0,177855.0,1,False,0.00944130454604846,0.11,1778544.0
"Fixed 177828, pilot",87,10,13,"D 0,3 -> 4,5",12,False,1.0,177854.0,1,False,0.00944130454604846,0.11,1956398.0
"Fixed 177828, pilot",87,11,14,"D 0,3 -> 4,7",12,False,0.999999969825121,177855.0,1,False,0.00944130454604846,0.11,2134253.0
"Fixed 177828, pilot",87,12,19,"D 1,2 -> 5,6",12,False,0.9999999992743589,177857.0,1,False,0.00944130454604846,0.11,2312110.0
"Fixed 177828, pilot",87,13,12,"D 0,2 -> 4,6",12,True,0.0,177855.0,1,False,0.00944130454604846,0.11,2489965.0
"Fixed 177828, pilot",87,14,21,"D 1,3 -> 5,7",21,True,0.0,177855.0,1,False,0.0181673437233742,0.11,2667820.0
"Fixed 177828, pilot",88,0,25,"D 2,3 -> 6,7",25,True,0.0,177852.0,1,False,0.31503606513167726,0.11,177852.0
"Fixed 177828, pilot",88,1,18,"D 1,2 -> 4,7",15,True,0.0,177856.0,1,False,0.29681502172579394,0.11,355708.0
"Fixed 177828, pilot",88,2,8,"D 0,1 -> 4,5",8,True,0.0,177855.0,1,False,0.3764697826210095,0.11,533563.0
"Fixed 177828, pilot",88,3,15,"D 0,3 -> 5,6",15,True,0.0,177852.0,1,False,0.30026357217502075,0.11,711415.0
"Fixed 177828, pilot",88,4,14,"D 0,3 -> 4,7",19,True,5.80789971671436e-10,177856.0,1,False,0.03758523474777508,0.11,889271.0
"Fixed 177828, pilot",88,5,19,"D 1,2 -> 5,6",19,True,0.0,177854.0,1,False,0.0657125239206618,0.11,1067125.0
"Fixed 177828, pilot",88,6,22,"D 2,3 -> 4,5",22,True,0.0,177854.0,1,False,0.043648521241327065,0.11,1244979.0
"Fixed 177828, pilot",88,7,11,"D 0,1 -> 6,7",11,True,0.0,177853.0,1,False,0.10072796416579699,0.11,1422832.0
"Fixed 177828, pilot",88,8,21,"D 1,3 -> 5,7",21,True,0.0,177854.0,1,False,0.009441304483876924,0.11,1600686.0
"Fixed 177828, pilot",88,9,12,"D 0,2 -> 4,6",12,True,0.0,177858.0,1,False,0.01816733748163215,0.11,1778544.0
"Fixed 177828, pilot",89,0,25,"D 2,3 -> 6,7",25,True,0.0,177855.0,1,False,0.31503606513167726,0.11,177855.0
"Fixed 177828, pilot",89,1,18,"D 1,2 -> 4,7",15,True,0.0,177854.0,1,False,0.29681502172579394,0.11,355709.0
"Fixed 177828, pilot",89,2,8,"D 0,1 -> 4,5",8,True,0.0,177855.0,1,False,0.3764697826210095,0.11,533564.0
"Fixed 177828, pilot",89,3,15,"D 0,3 -> 5,6",15,True,0.0,177855.0,1,False,0.30026357217502075,0.11,711419.0
"Fixed 177828, pilot",89,4,14,"D 0,3 -> 4,7",19,True,5.80789971671436e-10,177855.0,1,False,0.03758523474777508,0.11,889274.0
"Fixed 177828, pilot",89,5,19,"D 1,2 -> 5,6",19,True,0.0,177853.0,1,False,0.0657125239206618,0.11,1067127.0
"Fixed 177828, pilot",89,6,22,"D 2,3 -> 4,5",22,True,0.0,177859.0,1,False,0.043648521241327065,0.11,1244986.0
"Fixed 177828, pilot",89,7,11,"D 0,1 -> 6,7",11,True,0.0,177856.0,1,False,0.10072796416579699,0.11,1422842.0
"Fixed 177828, pilot",89,8,7,S 3 -> 7,21,False,1.0,177852.0,1,False,0.009441304483876924,0.11,1600694.0
"Fixed 177828, pilot",89,9,12,"D 0,2 -> 4,6",12,True,0.0,177851.0,1,False,0.009441304546048494,0.11,1778545.0
"Fixed 177828, pilot",89,10,1,S 0 -> 6,21,False,1.0,177851.0,1,False,0.018167337649211975,0.11,1956396.0
"Fixed 177828, pilot",89,11,4,S 2 -> 4,21,False,1.0,177853.0,1,False,0.018167337649211975,0.11,2134249.0
"Fixed 177828, pilot",89,12,21,"D 1,3 -> 5,7",21,True,0.0,177853.0,1,False,0.018167337649211975,0.11,2312102.0
"Fixed 177828, pilot",90,0,19,"D 1,2 -> 5,6",25,False,0.052846754050403844,177852.0,1,False,0.31503606513167726,0.11,177852.0
"Fixed 177828, pilot",90,1,22,"D 2,3 -> 4,5",22,True,0.0,177856.0,1,False,0.2986379460814117,0.11,355708.0
"Fixed 177828, pilot",90,2,14,"D 0,3 -> 4,7",14,True,0.0,177853.0,1,False,0.3532199223008815,0.11,533561.0
"Fixed 177828, pilot",90,3,11,"D 0,1 -> 6,7",11,True,0.0,177853.0,1,False,0.22254278935005609,0.11,711414.0
"Fixed 177828, pilot",90,4,8,"D 0,1 -> 4,5",8,True,0.0,177855.0,1,False,0.022746160639765003,0.11,889269.0
"Fixed 177828, pilot",90,5,25,"D 2,3 -> 6,7",25,True,0.0,177854.0,1,False,0.03848376642323219,0.11,1067123.0
"Fixed 177828, pilot",90,6,15,"D 0,3 -> 5,6",18,False,2.2407767863441563e-09,177853.0,1,False,0.033236707406942914,0.11,1244976.0
"Fixed 177828, pilot",90,7,18,"D 1,2 -> 4,7",18,True,0.0,177857.0,1,False,0.06135745120099229,0.11,1422833.0
"Fixed 177828, pilot",90,8,12,"D 0,2 -> 4,6",21,False,9.23169662936374e-09,177853.0,1,False,0.009441305254259569,0.11,1600686.0
"Fixed 177828, pilot",90,9,21,"D 1,3 -> 5,7",21,True,0.0,177852.0,1,False,0.018167337946901042,0.11,1778538.0
"Fixed 177828, pilot",91,0,25,"D 2,3 -> 6,7",25,True,0.0,177853.0,1,False,0.31503606513167726,0.11,177853.0
"Fixed 177828, pilot",91,1,15,"D 0,3 -> 5,6",15,True,0.0,177856.0,1,False,0.29681502172579394,0.11,355709.0
"Fixed 177828, pilot",91,2,8,"D 0,1 -> 4,5",8,True,0.0,177854.0,1,False,0.3764697826210095,0.11,533563.0
"Fixed 177828, pilot",91,3,18,"D 1,2 -> 4,7",18,True,0.0,177853.0,1,False,0.3002635722338174,0.11,711416.0
"Fixed 177828, pilot",91,4,14,"D 0,3 -> 4,7",14,True,0.0,177851.0,1,False,0.03758523457422756,0.11,889267.0
"Fixed 177828, pilot",91,5,19,"D 1,2 -> 5,6",19,True,0.0,177855.0,1,False,0.0657125239900671,0.11,1067122.0
"Fixed 177828, pilot",91,6,11,"D 0,1 -> 6,7",22,False,0.044806582302531095,177855.0,1,False,0.04364852130558422,0.11,1244977.0
"Fixed 177828, pilot",91,7,22,"D 2,3 -> 4,5",22,True,0.0,177853.0,1,False,0.06967473471683744,0.11,1422830.0
"Fixed 177828, pilot",91,8,21,"D 1,3 -> 5,7",12,False,2.6598964142365844e-09,177856.0,1,False,0.009441304763103292,0.11,1600686.0
"Fixed 177828, pilot",91,9,12,"D 0,2 -> 4,6",12,True,0.0,177855.0,1,False,0.018167337649211208,0.11,1778541.0
"Fixed 177828, pilot",92,0,25,"D 2,3 -> 6,7",25,True,0.0,177854.0,1,False,0.31503606513167726,0.11,177854.0
"Fixed 177828, pilot",92,1,15,"D 0,3 -> 5,6",15,True,0.0,177857.0,1,False,0.29681502172579394,0.11,355711.0
"Fixed 177828, pilot",92,2,8,"D 0,1 -> 4,5",8,True,0.0,177854.0,1,False,0.3764697826210095,0.11,533565.0
"Fixed 177828, pilot",92,3,18,"D 1,2 -> 4,7",18,True,0.0,177855.0,1,False,0.3002635722338174,0.11,711420.0
"Fixed 177828, pilot",92,4,14,"D 0,3 -> 4,7",14,True,0.0,177851.0,1,False,0.03758523457422756,0.11,889271.0
"Fixed 177828, pilot",92,5,19,"D 1,2 -> 5,6",19,True,0.0,177853.0,1,False,0.0657125239900671,0.11,1067124.0
"Fixed 177828, pilot",92,6,22,"D 2,3 -> 4,5",22,True,0.0,177859.0,1,False,0.04364852130558422,0.11,1244983.0
"Fixed 177828, pilot",92,7,11,"D 0,1 -> 6,7",11,True,0.0,177856.0,1,False,0.10072796416579655,0.11,1422839.0
"Fixed 177828, pilot",92,8,12,"D 0,2 -> 4,6",21,False,1.6493607257750398e-08,177855.0,1,False,0.009441305047874061,0.11,1600694.0
"Fixed 177828, pilot",92,9,21,"D 1,3 -> 5,7",21,True,0.0,177857.0,1,False,0.018167337650105482,0.11,1778551.0
"Fixed 177828, pilot",93,0,25,"D 2,3 -> 6,7",25,True,0.0,177853.0,1,False,0.31503606513167726,0.11,177853.0
"Fixed 177828, pilot",93,1,18,"D 1,2 -> 4,7",15,True,0.0,177855.0,1,False,0.29681502172579394,0.11,355708.0
"Fixed 177828, pilot",93,2,8,"D 0,1 -> 4,5",8,True,0.0,177856.0,1,False,0.3764697826210095,0.11,533564.0
"Fixed 177828, pilot",93,3,15,"D 0,3 -> 5,6",15,True,0.0,177853.0,1,False,0.30026357217502075,0.11,711417.0
"Fixed 177828, pilot",93,4,19,"D 1,2 -> 5,6",19,True,0.0,177855.0,1,False,0.03758523474777508,0.11,889272.0
"Fixed 177828, pilot",93,5,14,"D 0,3 -> 4,7",14,True,0.0,177858.0,1,False,0.06571252399006697,0.11,1067130.0
"Fixed 177828, pilot",93,6,11,"D 0,1 -> 6,7",22,False,0.04480658230253376,177854.0,1,False,0.043648521305584075,0.11,1244984.0
"Fixed 177828, pilot",93,7,22,"D 2,3 -> 4,5",22,True,0.0,177854.0,1,False,0.06967473471393487,0.11,1422838.0
"Fixed 177828, pilot",93,8,18,"D 1,2 -> 4,7",21,False,0.9999999966967992,177854.0,1,False,0.009441304763103297,0.11,1600692.0
"Fixed 177828, pilot",93,9,12,"D 0,2 -> 4,6",21,False,2.6598955260581647e-09,177855.0,1,False,0.009441304763103297,0.11,1778547.0
"Fixed 177828, pilot",93,10,21,"D 1,3 -> 5,7",21,True,0.0,177854.0,1,False,0.01816733767638861,0.11,1956401.0
"Fixed 177828, pilot",94,0,25,"D 2,3 -> 6,7",25,True,0.0,177851.0,1,False,0.31503606513167726,0.11,177851.0
"Fixed 177828, pilot",94,1,15,"D 0,3 -> 5,6",15,True,0.0,177854.0,1,False,0.29681502172579394,0.11,355705.0
"Fixed 177828, pilot",94,2,8,"D 0,1 -> 4,5",8,True,0.0,177855.0,1,False,0.3764697826210095,0.11,533560.0
"Fixed 177828, pilot",94,3,18,"D 1,2 -> 4,7",18,True,0.0,177853.0,1,False,0.3002635722338174,0.11,711413.0
"Fixed 177828, pilot",94,4,14,"D 0,3 -> 4,7",14,True,0.0,177856.0,1,False,0.03758523457422756,0.11,889269.0
"Fixed 177828, pilot",94,5,19,"D 1,2 -> 5,6",19,True,0.0,177851.0,1,False,0.0657125239900671,0.11,1067120.0
"Fixed 177828, pilot",94,6,22,"D 2,3 -> 4,5",22,True,0.0,177860.0,1,False,0.04364852130558422,0.11,1244980.0
"Fixed 177828, pilot",94,7,11,"D 0,1 -> 6,7",11,True,0.0,177855.0,1,False,0.10072796416579655,0.11,1422835.0
"Fixed 177828, pilot",94,8,0,S 0 -> 4,21,False,1.0,177856.0,1,False,0.009441305047874061,0.11,1600691.0
"Fixed 177828, pilot",94,9,0,S 0 -> 4,21,False,1.0,177851.0,1,False,0.00944130458544351,0.11,1778542.0
"Fixed 177828, pilot",94,10,8,"D 0,1 -> 4,5",21,False,0.9999999740746859,177854.0,1,False,0.00944130458544351,0.11,1956396.0
"Fixed 177828, pilot",94,11,12,"D 0,2 -> 4,6",21,True,8.03115351999395e-11,177856.0,1,False,0.00944130458544351,0.11,2134252.0
"Fixed 177828, pilot",94,12,21,"D 1,3 -> 5,7",21,True,0.0,177855.0,1,False,0.018167337618011987,0.11,2312107.0
"Fixed 177828, pilot",95,0,25,"D 2,3 -> 6,7",25,True,0.0,177851.0,1,False,0.31503606513167726,0.11,177851.0
"Fixed 177828, pilot",95,1,18,"D 1,2 -> 4,7",15,True,0.0,177853.0,1,False,0.29681502172579394,0.11,355704.0
"Fixed 177828, pilot",95,2,8,"D 0,1 -> 4,5",8,True,0.0,177851.0,1,False,0.3764697826210095,0.11,533555.0
"Fixed 177828, pilot",95,3,15,"D 0,3 -> 5,6",15,True,0.0,177856.0,1,False,0.30026357217502075,0.11,711411.0
"Fixed 177828, pilot",95,4,19,"D 1,2 -> 5,6",19,True,0.0,177856.0,1,False,0.03758523474777508,0.11,889267.0
"Fixed 177828, pilot",95,5,14,"D 0,3 -> 4,7",14,True,0.0,177857.0,1,False,0.06571252399006697,0.11,1067124.0
"Fixed 177828, pilot",95,6,11,"D 0,1 -> 6,7",22,False,0.04480658230253376,177854.0,1,False,0.043648521305584075,0.11,1244978.0
"Fixed 177828, pilot",95,7,22,"D 2,3 -> 4,5",22,True,0.0,177851.0,1,False,0.06967473471393487,0.11,1422829.0
"Fixed 177828, pilot",95,8,21,"D 1,3 -> 5,7",21,True,0.0,177856.0,1,False,0.009441304763103297,0.1,1600685.0
"Fixed 177828, pilot",95,9,12,"D 0,2 -> 4,6",12,True,0.0,177855.0,1,False,0.01816733765010426,0.1,1778540.0
"Fixed 237137, designed",0,0,25,"D 2,3 -> 6,7",25,True,0.0,237162.0,1,False,0.31503606513167726,0.06,237162.0
"Fixed 237137, designed",0,1,18,"D 1,2 -> 4,7",15,True,0.0,237165.0,1,False,0.29681502172579394,0.06,474327.0
"Fixed 237137, designed",0,2,8,"D 0,1 -> 4,5",8,True,0.0,237160.0,1,False,0.3764697826210095,0.05,711487.0
"Fixed 237137, designed",0,3,15,"D 0,3 -> 5,6",15,True,0.0,237162.0,1,False,0.30026357217502075,0.05,948649.0
"Fixed 237137, designed",0,4,14,"D 0,3 -> 4,7",19,True,5.80789971671436e-10,237165.0,1,False,0.03758523474777508,0.06,1185814.0
"Fixed 237137, designed",0,5,19,"D 1,2 -> 5,6",19,True,0.0,237163.0,1,False,0.0657125239206618,0.05,1422977.0
"Fixed 237137, designed",0,6,22,"D 2,3 -> 4,5",22,True,0.0,237163.0,1,False,0.043648521241327065,0.06,1660140.0
"Fixed 237137, designed",0,7,11,"D 0,1 -> 6,7",11,True,0.0,237165.0,1,False,0.10072796416579699,0.06,1897305.0
"Fixed 237137, designed",0,8,12,"D 0,2 -> 4,6",21,False,2.297273260509769e-09,237163.0,1,False,0.009441304483876924,0.05,2134468.0
"Fixed 237137, designed",0,9,21,"D 1,3 -> 5,7",21,True,0.0,237162.0,1,False,0.018167337649210347,0.05,2371630.0
"Fixed 237137, designed",1,0,25,"D 2,3 -> 6,7",25,True,0.0,237162.0,1,False,0.31503606513167726,0.06,237162.0
"Fixed 237137, designed",1,1,15,"D 0,3 -> 5,6",15,True,0.0,237165.0,1,False,0.29681502172579394,0.05,474327.0
"Fixed 237137, designed",1,2,8,"D 0,1 -> 4,5",8,True,0.0,237164.0,1,False,0.3764697826210095,0.05,711491.0
"Fixed 237137, designed",1,3,18,"D 1,2 -> 4,7",18,True,0.0,237164.0,1,False,0.3002635722338174,0.05,948655.0
"Fixed 237137, designed",1,4,19,"D 1,2 -> 5,6",14,True,5.182410056647768e-12,237165.0,1,False,0.03758523457422756,0.05,1185820.0
"Fixed 237137, designed",1,5,14,"D 0,3 -> 4,7",14,True,0.0,237164.0,1,False,0.06571252392066197,0.05,1422984.0
"Fixed 237137, designed",1,6,22,"D 2,3 -> 4,5",22,True,0.0,237163.0,1,False,0.04364852124132713,0.05,1660147.0
"Fixed 237137, designed",1,7,11,"D 0,1 -> 6,7",11,True,0.0,237165.0,1,False,0.10072796416579667,0.05,1897312.0
"Fixed 237137, designed",1,8,12,"D 0,2 -> 4,6",21,True,2.371568497139265e-10,237163.0,1,False,0.009441304630083448,0.06,2134475.0
"Fixed 237137, designed",1,9,21,"D 1,3 -> 5,7",21,True,0.0,237162.0,1,False,0.01816733759515189,0.06,2371637.0
"Fixed 237137, designed",2,0,25,"D 2,3 -> 6,7",25,True,0.0,237162.0,1,False,0.31503606513167726,0.06,237162.0
"Fixed 237137, designed",2,1,15,"D 0,3 -> 5,6",15,True,0.0,237165.0,1,False,0.29681502172579394,0.06,474327.0
"Fixed 237137, designed",2,2,8,"D 0,1 -> 4,5",8,True,0.0,237164.0,1,False,0.3764697826210095,0.05,711491.0
"Fixed 237137, designed",2,3,18,"D 1,2 -> 4,7",18,True,0.0,237164.0,1,False,0.3002635722338174,0.06,948655.0
"Fixed 237137, designed",2,4,14,"D 0,3 -> 4,7",14,True,0.0,237165.0,1,False,0.03758523457422756,0.05,1185820.0
"Fixed 237137, designed",2,5,19,"D 1,2 -> 5,6",19,True,0.0,237163.0,1,False,0.0657125239900671,0.05,1422983.0
"Fixed 237137, designed",2,6,11,"D 0,1 -> 6,7",22,False,0.044806582302531095,237163.0,1,False,0.04364852130558422,0.05,1660146.0
"Fixed 237137, designed",2,7,22,"D 2,3 -> 4,5",22,True,0.0,237163.0,1,False,0.06967473471683744,0.06,1897309.0
"Fixed 237137, designed",2,8,21,"D 1,3 -> 5,7",12,False,2.6598964142365844e-09,237163.0,1,False,0.009441304763103292,0.06,2134472.0
"Fixed 237137, designed",2,9,12,"D 0,2 -> 4,6",12,True,0.0,237162.0,1,False,0.018167337649211208,0.05,2371634.0
"Fixed 237137, designed",3,0,25,"D 2,3 -> 6,7",25,True,0.0,237162.0,1,False,0.31503606513167726,0.06,237162.0
"Fixed 237137, designed",3,1,18,"D 1,2 -> 4,7",15,True,0.0,237165.0,1,False,0.29681502172579394,0.06,474327.0
"Fixed 237137, designed",3,2,8,"D 0,1 -> 4,5",8,True,0.0,237160.0,1,False,0.3764697826210095,0.05,711487.0
"Fixed 237137, designed",3,3,15,"D 0,3 -> 5,6",15,True,0.0,237162.0,1,False,0.30026357217502075,0.05,948649.0
"Fixed 237137, designed",3,4,19,"D 1,2 -> 5,6",19,True,0.0,237165.0,1,False,0.03758523474777508,0.05,1185814.0
"Fixed 237137, designed",3,5,14,"D 0,3 -> 4,7",14,True,0.0,237164.0,1,False,0.06571252399006697,0.05,1422978.0
"Fixed 237137, designed",3,6,22,"D 2,3 -> 4,5",22,True,0.0,237163.0,1,False,0.043648521305584075,0.06,1660141.0
"Fixed 237137, designed",3,7,11,"D 0,1 -> 6,7",11,True,0.0,237165.0,1,False,0.10072796416579774,0.06,1897306.0
"Fixed 237137, designed",3,8,21,"D 1,3 -> 5,7",21,True,0.0,237163.0,1,False,0.009441304483876945,0.05,2134469.0
"Fixed 237137, designed",3,9,12,"D 0,2 -> 4,6",12,True,0.0,237162.0,1,False,0.018167337522397423,0.06,2371631.0
"Fixed 237137, designed",4,0,25,"D 2,3 -> 6,7",25,True,0.0,237162.0,1,False,0.31503606513167726,0.06,237162.0
"Fixed 237137, designed",4,1,15,"D 0,3 -> 5,6",15,True,0.0,237165.0,1,False,0.29681502172579394,0.06,474327.0
"Fixed 237137, designed",4,2,8,"D 0,1 -> 4,5",8,True,0.0,237164.0,1,False,0.3764697826210095,0.06,711491.0
"Fixed 237137, designed",4,3,18,"D 1,2 -> 4,7",18,True,0.0,237164.0,1,False,0.3002635722338174,0.06,948655.0
"Fixed 237137, designed",4,4,19,"D 1,2 -> 5,6",14,True,5.182410056647768e-12,237165.0,1,False,0.03758523457422756,0.05,1185820.0
"Fixed 237137, designed",4,5,14,"D 0,3 -> 4,7",14,True,0.0,237164.0,1,False,0.06571252392066197,0.05,1422984.0
"Fixed 237137, designed",4,6,22,"D 2,3 -> 4,5",22,True,0.0,237163.0,1,False,0.04364852124132713,0.05,1660147.0
"Fixed 237137, designed",4,7,11,"D 0,1 -> 6,7",11,True,0.0,237165.0,1,False,0.10072796416579667,0.06,1897312.0
"Fixed 237137, designed",4,8,21,"D 1,3 -> 5,7",21,True,0.0,237163.0,1,False,0.009441304630083448,0.06,2134475.0
"Fixed 237137, designed",4,9,12,"D 0,2 -> 4,6",12,True,0.0,237162.0,1,False,0.018167337649211367,0.05,2371637.0
"Fixed 237137, designed",5,0,25,"D 2,3 -> 6,7",25,True,0.0,237162.0,1,False,0.31503606513167726,0.06,237162.0
"Fixed 237137, designed",5,1,18,"D 1,2 -> 4,7",15,True,0.0,237165.0,1,False,0.29681502172579394,0.06,474327.0
"Fixed 237137, designed",5,2,8,"D 0,1 -> 4,5",8,True,0.0,237160.0,1,False,0.3764697826210095,0.05,711487.0
"Fixed 237137, designed",5,3,15,"D 0,3 -> 5,6",15,True,0.0,237162.0,1,False,0.30026357217502075,0.05,948649.0
"Fixed 237137, designed",5,4,14,"D 0,3 -> 4,7",19,True,5.80789971671436e-10,237165.0,1,False,0.03758523474777508,0.06,1185814.0
"Fixed 237137, designed",5,5,19,"D 1,2 -> 5,6",19,True,0.0,237163.0,1,False,0.0657125239206618,0.05,1422977.0
"Fixed 237137, designed",5,6,22,"D 2,3 -> 4,5",22,True,0.0,237163.0,1,False,0.043648521241327065,0.06,1660140.0
"Fixed 237137, designed",5,7,11,"D 0,1 -> 6,7",11,True,0.0,237165.0,1,False,0.10072796416579699,0.05,1897305.0
"Fixed 237137, designed",5,8,12,"D 0,2 -> 4,6",21,False,2.297273260509769e-09,237163.0,1,False,0.009441304483876924,0.05,2134468.0
"Fixed 237137, designed",5,9,21,"D 1,3 -> 5,7",21,True,0.0,237162.0,1,False,0.018167337649210347,0.05,2371630.0
"Fixed 237137, designed",6,0,25,"D 2,3 -> 6,7",25,True,0.0,237162.0,1,False,0.31503606513167726,0.06,237162.0
"Fixed 237137, designed",6,1,15,"D 0,3 -> 5,6",15,True,0.0,237165.0,1,False,0.29681502172579394,0.06,474327.0
"Fixed 237137, designed",6,2,8,"D 0,1 -> 4,5",8,True,0.0,237164.0,1,False,0.3764697826210095,0.05,711491.0
"Fixed 237137, designed",6,3,18,"D 1,2 -> 4,7",18,True,0.0,237164.0,1,False,0.3002635722338174,0.05,948655.0
"Fixed 237137, designed",6,4,19,"D 1,2 -> 5,6",14,True,5.182410056647768e-12,237165.0,1,False,0.03758523457422756,0.05,1185820.0
"Fixed 237137, designed",6,5,14,"D 0,3 -> 4,7",14,True,0.0,237164.0,1,False,0.06571252392066197,0.05,1422984.0
"Fixed 237137, designed",6,6,22,"D 2,3 -> 4,5",22,True,0.0,237163.0,1,False,0.04364852124132713,0.05,1660147.0
"Fixed 237137, designed",6,7,11,"D 0,1 -> 6,7",11,True,0.0,237165.0,1,False,0.10072796416579667,0.05,1897312.0
"Fixed 237137, designed",6,8,12,"D 0,2 -> 4,6",21,True,2.371568497139265e-10,237163.0,1,False,0.009441304630083448,0.05,2134475.0
"Fixed 237137, designed",6,9,21,"D 1,3 -> 5,7",21,True,0.0,237162.0,1,False,0.01816733759515189,0.05,2371637.0
"Fixed 237137, designed",7,0,25,"D 2,3 -> 6,7",25,True,0.0,237162.0,1,False,0.31503606513167726,0.06,237162.0
"Fixed 237137, designed",7,1,15,"D 0,3 -> 5,6",15,True,0.0,237165.0,1,False,0.29681502172579394,0.05,474327.0
"Fixed 237137, designed",7,2,8,"D 0,1 -> 4,5",8,True,0.0,237164.0,1,False,0.3764697826210095,0.05,711491.0
"Fixed 237137, designed",7,3,18,"D 1,2 -> 4,7",18,True,0.0,237164.0,1,False,0.3002635722338174,0.05,948655.0
"Fixed 237137, designed",7,4,14,"D 0,3 -> 4,7",14,True,0.0,237165.0,1,False,0.03758523457422756,0.05,1185820.0
"Fixed 237137, designed",7,5,19,"D 1,2 -> 5,6",19,True,0.0,237163.0,1,False,0.0657125239900671,0.05,1422983.0
"Fixed 237137, designed",7,6,22,"D 2,3 -> 4,5",22,True,0.0,237163.0,1,False,0.04364852130558422,0.05,1660146.0
"Fixed 237137, designed",7,7,11,"D 0,1 -> 6,7",11,True,0.0,237165.0,1,False,0.10072796416579655,0.05,1897311.0
"Fixed 237137, designed",7,8,12,"D 0,2 -> 4,6",21,False,1.6493607257750398e-08,237163.0,1,False,0.009441305047874061,0.06,2134474.0
"Fixed 237137, designed",7,9,21,"D 1,3 -> 5,7",21,True,0.0,237162.0,1,False,0.018167337650105482,0.06,2371636.0
"Fixed 237137, designed",8,0,25,"D 2,3 -> 6,7",25,True,0.0,237162.0,1,False,0.31503606513167726,0.05,237162.0
"Fixed 237137, designed",8,1,15,"D 0,3 -> 5,6",15,True,0.0,237165.0,1,False,0.29681502172579394,0.05,474327.0
"Fixed 237137, designed",8,2,8,"D 0,1 -> 4,5",8,True,0.0,237164.0,1,False,0.3764697826210095,0.05,711491.0
"Fixed 237137, designed",8,3,18,"D 1,2 -> 4,7",18,True,0.0,237164.0,1,False,0.3002635722338174,0.06,948655.0
"Fixed 237137, designed",8,4,14,"D 0,3 -> 4,7",14,True,0.0,237165.0,1,False,0.03758523457422756,0.05,1185820.0
"Fixed 237137, designed",8,5,19,"D 1,2 -> 5,6",19,True,0.0,237163.0,1,False,0.0657125239900671,0.05,1422983.0
"Fixed 237137, designed",8,6,11,"D 0,1 -> 6,7",22,False,0.044806582302531095,237163.0,1,False,0.04364852130558422,0.05,1660146.0
"Fixed 237137, designed",8,7,22,"D 2,3 -> 4,5",22,True,0.0,237163.0,1,False,0.06967473471683744,0.05,1897309.0
"Fixed 237137, designed",8,8,21,"D 1,3 -> 5,7",12,False,2.6598964142365844e-09,237163.0,1,False,0.009441304763103292,0.06,2134472.0
"Fixed 237137, designed",8,9,12,"D 0,2 -> 4,6",12,True,0.0,237162.0,1,False,0.018167337649211208,0.05,2371634.0
"Fixed 237137, designed",9,0,25,"D 2,3 -> 6,7",25,True,0.0,237162.0,1,False,0.31503606513167726,0.05,237162.0
"Fixed 237137, designed",9,1,18,"D 1,2 -> 4,7",15,True,0.0,237165.0,1,False,0.29681502172579394,0.05,474327.0
"Fixed 237137, designed",9,2,8,"D 0,1 -> 4,5",8,True,0.0,237160.0,1,False,0.3764697826210095,0.05,711487.0
"Fixed 237137, designed",9,3,15,"D 0,3 -> 5,6",15,True,0.0,237162.0,1,False,0.30026357217502075,0.05,948649.0
"Fixed 237137, designed",9,4,14,"D 0,3 -> 4,7",19,True,5.80789971671436e-10,237165.0,1,False,0.03758523474777508,0.06,1185814.0
"Fixed 237137, designed",9,5,19,"D 1,2 -> 5,6",19,True,0.0,237163.0,1,False,0.0657125239206618,0.05,1422977.0
"Fixed 237137, designed",9,6,11,"D 0,1 -> 6,7",22,False,0.044806582285133345,237163.0,1,False,0.043648521241327065,0.05,1660140.0
"Fixed 237137, designed",9,7,22,"D 2,3 -> 4,5",22,True,0.0,237163.0,1,False,0.06967473482297251,0.05,1897303.0
"Fixed 237137, designed",9,8,12,"D 0,2 -> 4,6",12,True,0.0,237163.0,1,False,0.009441304632724787,0.05,2134466.0
"Fixed 237137, designed",9,9,21,"D 1,3 -> 5,7",21,True,0.0,237162.0,1,False,0.01816733764921178,0.05,2371628.0
"Fixed 237137, designed",10,0,25,"D 2,3 -> 6,7",25,True,0.0,237162.0,1,False,0.31503606513167726,0.06,237162.0
"Fixed 237137, designed",10,1,15,"D 0,3 -> 5,6",15,True,0.0,237165.0,1,False,0.29681502172579394,0.06,474327.0
"Fixed 237137, designed",10,2,8,"D 0,1 -> 4,5",8,True,0.0,237164.0,1,False,0.3764697826210095,0.06,711491.0
"Fixed 237137, designed",10,3,18,"D 1,2 -> 4,7",18,True,0.0,237164.0,1,False,0.3002635722338174,0.06,948655.0
"Fixed 237137, designed",10,4,14,"D 0,3 -> 4,7",14,True,0.0,237165.0,1,False,0.03758523457422756,0.05,1185820.0
"Fixed 237137, designed",10,5,19,"D 1,2 -> 5,6",19,True,0.0,237163.0,1,False,0.0657125239900671,0.06,1422983.0
"Fixed 237137, designed",10,6,11,"D 0,1 -> 6,7",22,False,0.044806582302531095,237163.0,1,False,0.04364852130558422,0.06,1660146.0
"Fixed 237137, designed",10,7,22,"D 2,3 -> 4,5",22,True,0.0,237163.0,1,False,0.06967473471683744,0.06,1897309.0
"Fixed 237137, designed",10,8,4,S 2 -> 4,12,False,1.0,237163.0,1,False,0.009441304763103292,0.05,2134472.0
"Fixed 237137, designed",10,9,21,"D 1,3 -> 5,7",12,False,2.6598964142365844e-09,237163.0,1,False,0.009441304763103292,0.06,2371635.0
"Fixed 237137, designed",10,10,12,"D 0,2 -> 4,6",12,True,0.0,237162.0,1,False,0.018167337649211208,0.05,2608797.0
"Fixed 237137, designed",11,0,25,"D 2,3 -> 6,7",25,True,0.0,237162.0,1,False,0.31503606513167726,0.06,237162.0
"Fixed 237137, designed",11,1,15,"D 0,3 -> 5,6",15,True,0.0,237165.0,1,False,0.29681502172579394,0.06,474327.0
"Fixed 237137, designed",11,2,8,"D 0,1 -> 4,5",8,True,0.0,237164.0,1,False,0.3764697826210095,0.05,711491.0
"Fixed 237137, designed",11,3,18,"D 1,2 -> 4,7",18,True,0.0,237164.0,1,False,0.3002635722338174,0.06,948655.0
"Fixed 237137, designed",11,4,19,"D 1,2 -> 5,6",14,True,5.182410056647768e-12,237165.0,1,False,0.03758523457422756,0.05,1185820.0
"Fixed 237137, designed",11,5,14,"D 0,3 -> 4,7",14,True,0.0,237164.0,1,False,0.06571252392066197,0.05,1422984.0
"Fixed 237137, designed",11,6,11,"D 0,1 -> 6,7",22,False,0.044806582285143115,237163.0,1,False,0.04364852124132713,0.05,1660147.0
"Fixed 237137, designed",11,7,22,"D 2,3 -> 4,5",22,True,0.0,237163.0,1,False,0.06967473471393487,0.06,1897310.0
"Fixed 237137, designed",11,8,12,"D 0,2 -> 4,6",21,True,7.587118711072094e-10,237163.0,1,False,0.009441304632724919,0.05,2134473.0
"Fixed 237137, designed",11,9,21,"D 1,3 -> 5,7",21,True,0.0,237162.0,1,False,0.018167337481629672,0.06,2371635.0
"Fixed 237137, designed",12,0,25,"D 2,3 -> 6,7",25,True,0.0,237162.0,1,False,0.31503606513167726,0.06,237162.0
"Fixed 237137, designed",12,1,15,"D 0,3 -> 5,6",15,True,0.0,237165.0,1,False,0.29681502172579394,0.06,474327.0
"Fixed 237137, designed",12,2,8,"D 0,1 -> 4,5",8,True,0.0,237164.0,1,False,0.3764697826210095,0.06,711491.0
"Fixed 237137, designed",12,3,18,"D 1,2 -> 4,7",18,True,0.0,237164.0,1,False,0.3002635722338174,0.05,948655.0
"Fixed 237137, designed",12,4,14,"D 0,3 -> 4,7",14,True,0.0,237165.0,1,False,0.03758523457422756,0.05,1185820.0
"Fixed 237137, designed",12,5,19,"D 1,2 -> 5,6",19,True,0.0,237163.0,1,False,0.0657125239900671,0.05,1422983.0
"Fixed 237137, designed",12,6,11,"D 0,1 -> 6,7",22,False,0.044806582302531095,237163.0,1,False,0.04364852130558422,0.05,1660146.0
"Fixed 237137, designed",12,7,22,"D 2,3 -> 4,5",22,True,0.0,237163.0,1,False,0.06967473471683744,0.05,1897309.0
"Fixed 237137, designed",12,8,21,"D 1,3 -> 5,7",12,False,2.6598964142365844e-09,237163.0,1,False,0.009441304763103292,0.06,2134472.0
"Fixed 237137, designed",12,9,12,"D 0,2 -> 4,6",12,True,0.0,237162.0,1,False,0.018167337649211208,0.05,2371634.0
"Fixed 237137, designed",13,0,25,"D 2,3 -> 6,7",25,True,0.0,237162.0,1,False,0.31503606513167726,0.05,237162.0
"Fixed 237137, designed",13,1,18,"D 1,2 -> 4,7",15,True,0.0,237165.0,1,False,0.29681502172579394,0.05,474327.0
"Fixed 237137, designed",13,2,8,"D 0,1 -> 4,5",8,True,0.0,237160.0,1,False,0.3764697826210095,0.06,711487.0
"Fixed 237137, designed",13,3,15,"D 0,3 -> 5,6",15,True,0.0,237162.0,1,False,0.30026357217502075,0.05,948649.0
"Fixed 237137, designed",13,4,19,"D 1,2 -> 5,6",19,True,0.0,237165.0,1,False,0.03758523474777508,0.06,1185814.0
"Fixed 237137, designed",13,5,14,"D 0,3 -> 4,7",14,True,0.0,237164.0,1,False,0.06571252399006697,0.05,1422978.0
"Fixed 237137, designed",13,6,22,"D 2,3 -> 4,5",22,True,0.0,237163.0,1,False,0.043648521305584075,0.05,1660141.0
"Fixed 237137, designed",13,7,11,"D 0,1 -> 6,7",11,True,0.0,237165.0,1,False,0.10072796416579774,0.05,1897306.0
"Fixed 237137, designed",13,8,10,"D 0,1 -> 5,6",21,False,1.0,237163.0,1,False,0.009441304483876945,0.06,2134469.0
"Fixed 237137, designed",13,9,21,"D 1,3 -> 5,7",12,True,6.400112662063862e-10,237163.0,1,False,0.00944130454604846,0.05,2371632.0
"Fixed 237137, designed",13,10,12,"D 0,2 -> 4,6",12,True,0.0,237162.0,1,False,0.018167337650105007,0.05,2608794.0
"Fixed 237137, designed",14,0,25,"D 2,3 -> 6,7",25,True,0.0,237162.0,1,False,0.31503606513167726,0.06,237162.0
"Fixed 237137, designed",14,1,18,"D 1,2 -> 4,7",15,True,0.0,237165.0,1,False,0.29681502172579394,0.05,474327.0
"Fixed 237137, designed",14,2,8,"D 0,1 -> 4,5",8,True,0.0,237160.0,1,False,0.3764697826210095,0.05,711487.0
"Fixed 237137, designed",14,3,15,"D 0,3 -> 5,6",15,True,0.0,237162.0,1,False,0.30026357217502075,0.06,948649.0
"Fixed 237137, designed",14,4,19,"D 1,2 -> 5,6",19,True,0.0,237165.0,1,False,0.03758523474777508,0.06,1185814.0
"Fixed 237137, designed",14,5,14,"D 0,3 -> 4,7",14,True,0.0,237164.0,1,False,0.06571252399006697,0.05,1422978.0
"Fixed 237137, designed",14,6,22,"D 2,3 -> 4,5",22,True,0.0,237163.0,1,False,0.043648521305584075,0.05,1660141.0
"Fixed 237137, designed",14,7,11,"D 0,1 -> 6,7",11,True,0.0,237165.0,1,False,0.10072796416579774,0.05,1897306.0
"Fixed 237137, designed",14,8,21,"D 1,3 -> 5,7",21,True,0.0,237163.0,1,False,0.009441304483876945,0.06,2134469.0
"Fixed 237137, designed",14,9,12,"D 0,2 -> 4,6",12,True,0.0,237162.0,1,False,0.018167337522397423,0.06,2371631.0
"Fixed 237137, designed",15,0,25,"D 2,3 -> 6,7",25,True,0.0,237162.0,1,False,0.31503606513167726,0.05,237162.0
"Fixed 237137, designed",15,1,18,"D 1,2 -> 4,7",15,True,0.0,237165.0,1,False,0.29681502172579394,0.05,474327.0
"Fixed 237137, designed",15,2,8,"D 0,1 -> 4,5",8,True,0.0,237160.0,1,False,0.3764697826210095,0.05,711487.0
"Fixed 237137, designed",15,3,15,"D 0,3 -> 5,6",15,True,0.0,237162.0,1,False,0.30026357217502075,0.05,948649.0
"Fixed 237137, designed",15,4,14,"D 0,3 -> 4,7",19,True,5.80789971671436e-10,237165.0,1,False,0.03758523474777508,0.05,1185814.0
"Fixed 237137, designed",15,5,19,"D 1,2 -> 5,6",19,True,0.0,237163.0,1,False,0.0657125239206618,0.05,1422977.0
"Fixed 237137, designed",15,6,11,"D 0,1 -> 6,7",22,False,0.044806582285133345,237163.0,1,False,0.043648521241327065,0.05,1660140.0
"Fixed 237137, designed",15,7,22,"D 2,3 -> 4,5",22,True,0.0,237163.0,1,False,0.06967473482297251,0.05,1897303.0
"Fixed 237137, designed",15,8,12,"D 0,2 -> 4,6",12,True,0.0,237163.0,1,False,0.009441304632724787,0.05,2134466.0
"Fixed 237137, designed",15,9,21,"D 1,3 -> 5,7",21,True,0.0,237162.0,1,False,0.01816733764921178,0.05,2371628.0
"Fixed 237137, designed",16,0,25,"D 2,3 -> 6,7",25,True,0.0,237162.0,1,False,0.31503606513167726,0.05,237162.0
"Fixed 237137, designed",16,1,18,"D 1,2 -> 4,7",15,True,0.0,237165.0,1,False,0.29681502172579394,0.05,474327.0
"Fixed 237137, designed",16,2,8,"D 0,1 -> 4,5",8,True,0.0,237160.0,1,False,0.3764697826210095,0.05,711487.0
"Fixed 237137, designed",16,3,15,"D 0,3 -> 5,6",15,True,0.0,237162.0,1,False,0.30026357217502075,0.05,948649.0
"Fixed 237137, designed",16,4,19,"D 1,2 -> 5,6",19,True,0.0,237165.0,1,False,0.03758523474777508,0.05,1185814.0
"Fixed 237137, designed",16,5,14,"D 0,3 -> 4,7",14,True,0.0,237164.0,1,False,0.06571252399006697,0.05,1422978.0
"Fixed 237137, designed",16,6,22,"D 2,3 -> 4,5",22,True,0.0,237163.0,1,False,0.043648521305584075,0.05,1660141.0
"Fixed 237137, designed",16,7,11,"D 0,1 -> 6,7",11,True,0.0,237165.0,1,False,0.10072796416579774,0.05,1897306.0
"Fixed 237137, designed",16,8,21,"D 1,3 -> 5,7",21,True,0.0,237163.0,1,False,0.009441304483876945,0.05,2134469.0
"Fixed 237137, designed",16,9,12,"D 0,2 -> 4,6",12,True,0.0,237162.0,1,False,0.018167337522397423,0.05,2371631.0
"Fixed 237137, designed",17,0,25,"D 2,3 -> 6,7",25,True,0.0,237162.0,1,False,0.31503606513167726,0.05,237162.0
"Fixed 237137, designed",17,1,15,"D 0,3 -> 5,6",15,True,0.0,237165.0,1,False,0.29681502172579394,0.05,474327.0
"Fixed 237137, designed",17,2,8,"D 0,1 -> 4,5",8,True,0.0,237164.0,1,False,0.3764697826210095,0.05,711491.0
"Fixed 237137, designed",17,3,18,"D 1,2 -> 4,7",18,True,0.0,237164.0,1,False,0.3002635722338174,0.05,948655.0
"Fixed 237137, designed",17,4,14,"D 0,3 -> 4,7",14,True,0.0,237165.0,1,False,0.03758523457422756,0.05,1185820.0
"Fixed 237137, designed",17,5,19,"D 1,2 -> 5,6",19,True,0.0,237163.0,1,False,0.0657125239900671,0.05,1422983.0
"Fixed 237137, designed",17,6,22,"D 2,3 -> 4,5",22,True,0.0,237163.0,1,False,0.04364852130558422,0.05,1660146.0
"Fixed 237137, designed",17,7,11,"D 0,1 -> 6,7",11,True,0.0,237165.0,1,False,0.10072796416579655,0.05,1897311.0
"Fixed 237137, designed",17,8,21,"D 1,3 -> 5,7",21,True,0.0,237163.0,1,False,0.009441305047874061,0.05,2134474.0
"Fixed 237137, designed",17,9,12,"D 0,2 -> 4,6",12,True,0.0,237162.0,1,False,0.018167337649213765,0.05,2371636.0
"Fixed 237137, designed",18,0,25,"D 2,3 -> 6,7",25,True,0.0,237162.0,1,False,0.31503606513167726,0.06,237162.0
"Fixed 237137, designed",18,1,18,"D 1,2 -> 4,7",15,True,0.0,237165.0,1,False,0.29681502172579394,0.05,474327.0
"Fixed 237137, designed",18,2,8,"D 0,1 -> 4,5",8,True,0.0,237160.0,1,False,0.3764697826210095,0.05,711487.0
"Fixed 237137, designed",18,3,15,"D 0,3 -> 5,6",15,True,0.0,237162.0,1,False,0.30026357217502075,0.05,948649.0
"Fixed 237137, designed",18,4,19,"D 1,2 -> 5,6",19,True,0.0,237165.0,1,False,0.03758523474777508,0.05,1185814.0
"Fixed 237137, designed",18,5,14,"D 0,3 -> 4,7",14,True,0.0,237164.0,1,False,0.06571252399006697,0.05,1422978.0
"Fixed 237137, designed",18,6,22,"D 2,3 -> 4,5",22,True,0.0,237163.0,1,False,0.043648521305584075,0.05,1660141.0
"Fixed 237137, designed",18,7,11,"D 0,1 -> 6,7",11,True,0.0,237165.0,1,False,0.10072796416579774,0.05,1897306.0
"Fixed 237137, designed",18,8,21,"D 1,3 -> 5,7",21,True,0.0,237163.0,1,False,0.009441304483876945,0.05,2134469.0
"Fixed 237137, designed",18,9,12,"D 0,2 -> 4,6",12,True,0.0,237162.0,1,False,0.018167337522397423,0.06,2371631.0
"Fixed 237137, designed",19,0,14,"D 0,3 -> 4,7",25,False,0.052846754050403844,237162.0,1,False,0.31503606513167726,0.05,237162.0
"Fixed 237137, designed",19,1,19,"D 1,2 -> 5,6",22,False,0.0008388564376003993,237158.0,1,False,0.2986379460442076,0.05,474320.0
"Fixed 237137, designed",19,2,22,"D 2,3 -> 4,5",22,True,0.0,237162.0,1,False,0.30702477030875686,0.05,711482.0
"Fixed 237137, designed",19,3,11,"D 0,1 -> 6,7",11,True,0.0,237163.0,1,False,0.4010030866164432,0.05,948645.0
"Fixed 237137, designed",19,4,25,"D 2,3 -> 6,7",8,False,0.05487982572272754,237160.0,1,False,0.022746161139309492,0.05,1185805.0
"Fixed 237137, designed",19,5,8,"D 0,1 -> 4,5",8,True,0.0,237167.0,1,False,0.03970357881992619,0.05,1422972.0
"Fixed 237137, designed",19,6,18,"D 1,2 -> 4,7",15,True,2.1094237467877974e-15,237167.0,1,False,0.03323670728135371,0.05,1660139.0
"Fixed 237137, designed",19,7,15,"D 0,3 -> 5,6",15,True,0.0,237166.0,1,False,0.06135744842179989,0.05,1897305.0
"Fixed 237137, designed",19,8,4,S 2 -> 4,12,False,1.0,237163.0,1,False,0.009441304700262682,0.05,2134468.0
"Fixed 237137, designed",19,9,12,"D 0,2 -> 4,6",21,False,2.0683800228127325e-09,237163.0,1,False,0.009441305076366334,0.05,2371631.0
"Fixed 237137, designed",19,10,21,"D 1,3 -> 5,7",21,True,0.0,237162.0,1,False,0.01816733781007258,0.05,2608793.0
"Fixed 237137, designed",20,0,25,"D 2,3 -> 6,7",25,True,0.0,237162.0,1,False,0.31503606513167726,0.05,237162.0
"Fixed 237137, designed",20,1,15,"D 0,3 -> 5,6",15,True,0.0,237165.0,1,False,0.29681502172579394,0.05,474327.0
"Fixed 237137, designed",20,2,8,"D 0,1 -> 4,5",8,True,0.0,237164.0,1,False,0.3764697826210095,0.05,711491.0
"Fixed 237137, designed",20,3,18,"D 1,2 -> 4,7",18,True,0.0,237164.0,1,False,0.3002635722338174,0.05,948655.0
"Fixed 237137, designed",20,4,14,"D 0,3 -> 4,7",14,True,0.0,237165.0,1,False,0.03758523457422756,0.05,1185820.0
"Fixed 237137, designed",20,5,19,"D 1,2 -> 5,6",19,True,0.0,237163.0,1,False,0.0657125239900671,0.05,1422983.0
"Fixed 237137, designed",20,6,22,"D 2,3 -> 4,5",22,True,0.0,237163.0,1,False,0.04364852130558422,0.05,1660146.0
"Fixed 237137, designed",20,7,11,"D 0,1 -> 6,7",11,True,0.0,237165.0,1,False,0.10072796416579655,0.05,1897311.0
"Fixed 237137, designed",20,8,12,"D 0,2 -> 4,6",21,False,1.6493607257750398e-08,237163.0,1,False,0.009441305047874061,0.06,2134474.0
"Fixed 237137, designed",20,9,21,"D 1,3 -> 5,7",21,True,0.0,237162.0,1,False,0.018167337650105482,0.05,2371636.0
"Fixed 237137, designed",21,0,25,"D 2,3 -> 6,7",25,True,0.0,237162.0,1,False,0.31503606513167726,0.06,237162.0
"Fixed 237137, designed",21,1,18,"D 1,2 -> 4,7",15,True,0.0,237165.0,1,False,0.29681502172579394,0.05,474327.0
"Fixed 237137, designed",21,2,8,"D 0,1 -> 4,5",8,True,0.0,237160.0,1,False,0.3764697826210095,0.05,711487.0
"Fixed 237137, designed",21,3,15,"D 0,3 -> 5,6",15,True,0.0,237162.0,1,False,0.30026357217502075,0.05,948649.0
"Fixed 237137, designed",21,4,19,"D 1,2 -> 5,6",19,True,0.0,237165.0,1,False,0.03758523474777508,0.05,1185814.0
"Fixed 237137, designed",21,5,14,"D 0,3 -> 4,7",14,True,0.0,237164.0,1,False,0.06571252399006697,0.05,1422978.0
"Fixed 237137, designed",21,6,22,"D 2,3 -> 4,5",22,True,0.0,237163.0,1,False,0.043648521305584075,0.05,1660141.0
"Fixed 237137, designed",21,7,11,"D 0,1 -> 6,7",11,True,0.0,237165.0,1,False,0.10072796416579774,0.05,1897306.0
"Fixed 237137, designed",21,8,21,"D 1,3 -> 5,7",21,True,0.0,237163.0,1,False,0.009441304483876945,0.05,2134469.0
"Fixed 237137, designed",21,9,12,"D 0,2 -> 4,6",12,True,0.0,237162.0,1,False,0.018167337522397423,0.06,2371631.0
"Fixed 237137, designed",22,0,25,"D 2,3 -> 6,7",25,True,0.0,237162.0,1,False,0.31503606513167726,0.05,237162.0
"Fixed 237137, designed",22,1,15,"D 0,3 -> 5,6",15,True,0.0,237165.0,1,False,0.29681502172579394,0.05,474327.0
"Fixed 237137, designed",22,2,8,"D 0,1 -> 4,5",8,True,0.0,237164.0,1,False,0.3764697826210095,0.05,711491.0
"Fixed 237137, designed",22,3,18,"D 1,2 -> 4,7",18,True,0.0,237164.0,1,False,0.3002635722338174,0.05,948655.0
"Fixed 237137, designed",22,4,14,"D 0,3 -> 4,7",14,True,0.0,237165.0,1,False,0.03758523457422756,0.05,1185820.0
"Fixed 237137, designed",22,5,19,"D 1,2 -> 5,6",19,True,0.0,237163.0,1,False,0.0657125239900671,0.05,1422983.0
"Fixed 237137, designed",22,6,22,"D 2,3 -> 4,5",22,True,0.0,237163.0,1,False,0.04364852130558422,0.05,1660146.0
"Fixed 237137, designed",22,7,11,"D 0,1 -> 6,7",11,True,0.0,237165.0,1,False,0.10072796416579655,0.05,1897311.0
"Fixed 237137, designed",22,8,15,"D 0,3 -> 5,6",21,False,0.9999996252707722,237163.0,1,False,0.009441305047874061,0.05,2134474.0
"Fixed 237137, designed",22,9,19,"D 1,2 -> 5,6",12,False,0.9999999337066512,237163.0,1,False,0.009441304660468355,0.05,2371637.0
"Fixed 237137, designed",22,10,21,"D 1,3 -> 5,7",12,True,8.466873868684388e-10,237163.0,1,False,0.009441304603203225,0.05,2608800.0
"Fixed 237137, designed",22,11,12,"D 0,2 -> 4,6",12,True,0.0,237162.0,1,False,0.01816733786833457,0.05,2845962.0
"Fixed 237137, designed",23,0,25,"D 2,3 -> 6,7",25,True,0.0,237162.0,1,False,0.31503606513167726,0.05,237162.0
"Fixed 237137, designed",23,1,18,"D 1,2 -> 4,7",15,True,0.0,237165.0,1,False,0.29681502172579394,0.05,474327.0
"Fixed 237137, designed",23,2,8,"D 0,1 -> 4,5",8,True,0.0,237160.0,1,False,0.3764697826210095,0.05,711487.0
"Fixed 237137, designed",23,3,15,"D 0,3 -> 5,6",15,True,0.0,237162.0,1,False,0.30026357217502075,0.05,948649.0
"Fixed 237137, designed",23,4,14,"D 0,3 -> 4,7",19,True,5.80789971671436e-10,237165.0,1,False,0.03758523474777508,0.05,1185814.0
"Fixed 237137, designed",23,5,19,"D 1,2 -> 5,6",19,True,0.0,237163.0,1,False,0.0657125239206618,0.05,1422977.0
"Fixed 237137, designed",23,6,22,"D 2,3 -> 4,5",22,True,0.0,237163.0,1,False,0.043648521241327065,0.05,1660140.0
"Fixed 237137, designed",23,7,11,"D 0,1 -> 6,7",11,True,0.0,237165.0,1,False,0.10072796416579699,0.05,1897305.0
"Fixed 237137, designed",23,8,12,"D 0,2 -> 4,6",21,False,2.297273260509769e-09,237163.0,1,False,0.009441304483876924,0.05,2134468.0
"Fixed 237137, designed",23,9,21,"D 1,3 -> 5,7",21,True,0.0,237162.0,1,False,0.018167337649210347,0.05,2371630.0
"Fixed 237137, designed",24,0,25,"D 2,3 -> 6,7",25,True,0.0,237162.0,1,False,0.31503606513167726,0.06,237162.0
"Fixed 237137, designed",24,1,15,"D 0,3 -> 5,6",15,True,0.0,237165.0,1,False,0.29681502172579394,0.05,474327.0
"Fixed 237137, designed",24,2,8,"D 0,1 -> 4,5",8,True,0.0,237164.0,1,False,0.3764697826210095,0.06,711491.0
"Fixed 237137, designed",24,3,18,"D 1,2 -> 4,7",18,True,0.0,237164.0,1,False,0.3002635722338174,0.05,948655.0
"Fixed 237137, designed",24,4,14,"D 0,3 -> 4,7",14,True,0.0,237165.0,1,False,0.03758523457422756,0.05,1185820.0
"Fixed 237137, designed",24,5,19,"D 1,2 -> 5,6",19,True,0.0,237163.0,1,False,0.0657125239900671,0.05,1422983.0
"Fixed 237137, designed",24,6,22,"D 2,3 -> 4,5",22,True,0.0,237163.0,1,False,0.04364852130558422,0.05,1660146.0
"Fixed 237137, designed",24,7,11,"D 0,1 -> 6,7",11,True,0.0,237165.0,1,False,0.10072796416579655,0.05,1897311.0
"Fixed 237137, designed",24,8,21,"D 1,3 -> 5,7",21,True,0.0,237163.0,1,False,0.009441305047874061,0.06,2134474.0
"Fixed 237137, designed",24,9,12,"D 0,2 -> 4,6",12,True,0.0,237162.0,1,False,0.018167337649213765,0.05,2371636.0
"Fixed 237137, designed",25,0,25,"D 2,3 -> 6,7",25,True,0.0,237162.0,1,False,0.31503606513167726,0.05,237162.0
"Fixed 237137, designed",25,1,18,"D 1,2 -> 4,7",15,True,0.0,237165.0,1,False,0.29681502172579394,0.05,474327.0
"Fixed 237137, designed",25,2,8,"D 0,1 -> 4,5",8,True,0.0,237160.0,1,False,0.3764697826210095,0.05,711487.0
"Fixed 237137, designed",25,3,15,"D 0,3 -> 5,6",15,True,0.0,237162.0,1,False,0.30026357217502075,0.05,948649.0
"Fixed 237137, designed",25,4,14,"D 0,3 -> 4,7",19,True,5.80789971671436e-10,237165.0,1,False,0.03758523474777508,0.06,1185814.0
"Fixed 237137, designed",25,5,19,"D 1,2 -> 5,6",19,True,0.0,237163.0,1,False,0.0657125239206618,0.05,1422977.0
"Fixed 237137, designed",25,6,11,"D 0,1 -> 6,7",22,False,0.044806582285133345,237163.0,1,False,0.043648521241327065,0.05,1660140.0
"Fixed 237137, designed",25,7,22,"D 2,3 -> 4,5",22,True,0.0,237163.0,1,False,0.06967473482297251,0.05,1897303.0
"Fixed 237137, designed",25,8,12,"D 0,2 -> 4,6",12,True,0.0,237163.0,1,False,0.009441304632724787,0.05,2134466.0
"Fixed 237137, designed",25,9,21,"D 1,3 -> 5,7",21,True,0.0,237162.0,1,False,0.01816733764921178,0.05,2371628.0
"Fixed 237137, designed",26,0,25,"D 2,3 -> 6,7",25,True,0.0,237162.0,1,False,0.31503606513167726,0.05,237162.0
"Fixed 237137, designed",26,1,15,"D 0,3 -> 5,6",15,True,0.0,237165.0,1,False,0.29681502172579394,0.05,474327.0
"Fixed 237137, designed",26,2,8,"D 0,1 -> 4,5",8,True,0.0,237164.0,1,False,0.3764697826210095,0.05,711491.0
"Fixed 237137, designed",26,3,18,"D 1,2 -> 4,7",18,True,0.0,237164.0,1,False,0.3002635722338174,0.05,948655.0
"Fixed 237137, designed",26,4,14,"D 0,3 -> 4,7",14,True,0.0,237165.0,1,False,0.03758523457422756,0.05,1185820.0
"Fixed 237137, designed",26,5,19,"D 1,2 -> 5,6",19,True,0.0,237163.0,1,False,0.0657125239900671,0.05,1422983.0
"Fixed 237137, designed",26,6,22,"D 2,3 -> 4,5",22,True,0.0,237163.0,1,False,0.04364852130558422,0.05,1660146.0
"Fixed 237137, designed",26,7,11,"D 0,1 -> 6,7",11,True,0.0,237165.0,1,False,0.10072796416579655,0.05,1897311.0
"Fixed 237137, designed",26,8,12,"D 0,2 -> 4,6",21,False,1.6493607257750398e-08,237163.0,1,False,0.009441305047874061,0.05,2134474.0
"Fixed 237137, designed",26,9,21,"D 1,3 -> 5,7",21,True,0.0,237162.0,1,False,0.018167337650105482,0.05,2371636.0
"Fixed 237137, designed",27,0,25,"D 2,3 -> 6,7",25,True,0.0,237162.0,1,False,0.31503606513167726,0.05,237162.0
"Fixed 237137, designed",27,1,18,"D 1,2 -> 4,7",15,True,0.0,237165.0,1,False,0.29681502172579394,0.05,474327.0
"Fixed 237137, designed",27,2,8,"D 0,1 -> 4,5",8,True,0.0,237160.0,1,False,0.3764697826210095,0.05,711487.0
"Fixed 237137, designed",27,3,15,"D 0,3 -> 5,6",15,True,0.0,237162.0,1,False,0.30026357217502075,0.05,948649.0
"Fixed 237137, designed",27,4,19,"D 1,2 -> 5,6",19,True,0.0,237165.0,1,False,0.03758523474777508,0.05,1185814.0
"Fixed 237137, designed",27,5,14,"D 0,3 -> 4,7",14,True,0.0,237164.0,1,False,0.06571252399006697,0.05,1422978.0
"Fixed 237137, designed",27,6,11,"D 0,1 -> 6,7",22,False,0.04480658230253376,237163.0,1,False,0.043648521305584075,0.05,1660141.0
"Fixed 237137, designed",27,7,22,"D 2,3 -> 4,5",22,True,0.0,237163.0,1,False,0.06967473471393487,0.05,1897304.0
"Fixed 237137, designed",27,8,20,"D 1,2 -> 6,7",21,False,1.0,237163.0,1,False,0.009441304763103297,0.05,2134467.0
"Fixed 237137, designed",27,9,21,"D 1,3 -> 5,7",21,True,0.0,237163.0,1,False,0.009441304763103297,0.05,2371630.0
"Fixed 237137, designed",27,10,12,"D 0,2 -> 4,6",12,True,0.0,237162.0,1,False,0.01816733765010426,0.05,2608792.0
"Fixed 237137, designed",28,0,25,"D 2,3 -> 6,7",25,True,0.0,237162.0,1,False,0.31503606513167726,0.06,237162.0
"Fixed 237137, designed",28,1,18,"D 1,2 -> 4,7",15,True,0.0,237165.0,1,False,0.29681502172579394,0.05,474327.0
"Fixed 237137, designed",28,2,8,"D 0,1 -> 4,5",8,True,0.0,237160.0,1,False,0.3764697826210095,0.05,711487.0
"Fixed 237137, designed",28,3,15,"D 0,3 -> 5,6",15,True,0.0,237162.0,1,False,0.30026357217502075,0.05,948649.0
"Fixed 237137, designed",28,4,19,"D 1,2 -> 5,6",19,True,0.0,237165.0,1,False,0.03758523474777508,0.05,1185814.0
"Fixed 237137, designed",28,5,14,"D 0,3 -> 4,7",14,True,0.0,237164.0,1,False,0.06571252399006697,0.05,1422978.0
"Fixed 237137, designed",28,6,11,"D 0,1 -> 6,7",22,False,0.04480658230253376,237163.0,1,False,0.043648521305584075,0.05,1660141.0
"Fixed 237137, designed",28,7,22,"D 2,3 -> 4,5",22,True,0.0,237163.0,1,False,0.06967473471393487,0.05,1897304.0
"Fixed 237137, designed",28,8,10,"D 0,1 -> 5,6",21,False,1.0,237163.0,1,False,0.009441304763103297,0.05,2134467.0
"Fixed 237137, designed",28,9,9,"D 0,1 -> 4,7",21,False,1.0,237163.0,1,False,0.009441304763103297,0.05,2371630.0
"Fixed 237137, designed",28,10,12,"D 0,2 -> 4,6",21,False,2.6598955260581647e-09,237163.0,1,False,0.009441304763103297,0.05,2608793.0
"Fixed 237137, designed",28,11,21,"D 1,3 -> 5,7",21,True,0.0,237162.0,1,False,0.018167337649211406,0.05,2845955.0
"Fixed 237137, designed",29,0,25,"D 2,3 -> 6,7",25,True,0.0,237162.0,1,False,0.31503606513167726,0.05,237162.0
"Fixed 237137, designed",29,1,18,"D 1,2 -> 4,7",15,True,0.0,237165.0,1,False,0.29681502172579394,0.05,474327.0
"Fixed 237137, designed",29,2,8,"D 0,1 -> 4,5",8,True,0.0,237160.0,1,False,0.3764697826210095,0.05,711487.0
"Fixed 237137, designed",29,3,15,"D 0,3 -> 5,6",15,True,0.0,237162.0,1,False,0.30026357217502075,0.05,948649.0
"Fixed 237137, designed",29,4,14,"D 0,3 -> 4,7",19,True,5.80789971671436e-10,237165.0,1,False,0.03758523474777508,0.05,1185814.0
"Fixed 237137, designed",29,5,19,"D 1,2 -> 5,6",19,True,0.0,237163.0,1,False,0.0657125239206618,0.05,1422977.0
"Fixed 237137, designed",29,6,22,"D 2,3 -> 4,5",22,True,0.0,237163.0,1,False,0.043648521241327065,0.05,1660140.0
"Fixed 237137, designed",29,7,11,"D 0,1 -> 6,7",11,True,0.0,237165.0,1,False,0.10072796416579699,0.05,1897305.0
"Fixed 237137, designed",29,8,12,"D 0,2 -> 4,6",21,False,2.297273260509769e-09,237163.0,1,False,0.009441304483876924,0.05,2134468.0
"Fixed 237137, designed",29,9,21,"D 1,3 -> 5,7",21,True,0.0,237162.0,1,False,0.018167337649210347,0.05,2371630.0
"Fixed 237137, designed",30,0,25,"D 2,3 -> 6,7",25,True,0.0,237162.0,1,False,0.31503606513167726,0.05,237162.0
"Fixed 237137, designed",30,1,18,"D 1,2 -> 4,7",15,True,0.0,237165.0,1,False,0.29681502172579394,0.05,474327.0
"Fixed 237137, designed",30,2,8,"D 0,1 -> 4,5",8,True,0.0,237160.0,1,False,0.3764697826210095,0.05,711487.0
"Fixed 237137, designed",30,3,15,"D 0,3 -> 5,6",15,True,0.0,237162.0,1,False,0.30026357217502075,0.05,948649.0
"Fixed 237137, designed",30,4,19,"D 1,2 -> 5,6",19,True,0.0,237165.0,1,False,0.03758523474777508,0.05,1185814.0
"Fixed 237137, designed",30,5,14,"D 0,3 -> 4,7",14,True,0.0,237164.0,1,False,0.06571252399006697,0.05,1422978.0
"Fixed 237137, designed",30,6,22,"D 2,3 -> 4,5",22,True,0.0,237163.0,1,False,0.043648521305584075,0.05,1660141.0
"Fixed 237137, designed",30,7,11,"D 0,1 -> 6,7",11,True,0.0,237165.0,1,False,0.10072796416579774,0.05,1897306.0
"Fixed 237137, designed",30,8,12,"D 0,2 -> 4,6",21,False,2.297271373130627e-09,237163.0,1,False,0.009441304483876945,0.06,2134469.0
"Fixed 237137, designed",30,9,21,"D 1,3 -> 5,7",21,True,0.0,237162.0,1,False,0.018167337649210517,0.05,2371631.0
"Fixed 237137, designed",31,0,25,"D 2,3 -> 6,7",25,True,0.0,237162.0,1,False,0.31503606513167726,0.05,237162.0
"Fixed 237137, designed",31,1,18,"D 1,2 -> 4,7",15,True,0.0,237165.0,1,False,0.29681502172579394,0.05,474327.0
"Fixed 237137, designed",31,2,8,"D 0,1 -> 4,5",8,True,0.0,237160.0,1,False,0.3764697826210095,0.05,711487.0
"Fixed 237137, designed",31,3,15,"D 0,3 -> 5,6",15,True,0.0,237162.0,1,False,0.30026357217502075,0.05,948649.0
"Fixed 237137, designed",31,4,14,"D 0,3 -> 4,7",19,True,5.80789971671436e-10,237165.0,1,False,0.03758523474777508,0.05,1185814.0
"Fixed 237137, designed",31,5,19,"D 1,2 -> 5,6",19,True,0.0,237163.0,1,False,0.0657125239206618,0.05,1422977.0
"Fixed 237137, designed",31,6,22,"D 2,3 -> 4,5",22,True,0.0,237163.0,1,False,0.043648521241327065,0.05,1660140.0
"Fixed 237137, designed",31,7,11,"D 0,1 -> 6,7",11,True,0.0,237165.0,1,False,0.10072796416579699,0.05,1897305.0
"Fixed 237137, designed",31,8,21,"D 1,3 -> 5,7",21,True,0.0,237163.0,1,False,0.009441304483876924,0.05,2134468.0
"Fixed 237137, designed",31,9,12,"D 0,2 -> 4,6",12,True,0.0,237162.0,1,False,0.01816733748163215,0.05,2371630.0
"Fixed 237137, designed",32,0,25,"D 2,3 -> 6,7",25,True,0.0,237162.0,1,False,0.31503606513167726,0.06,237162.0
"Fixed 237137, designed",32,1,15,"D 0,3 -> 5,6",15,True,0.0,237165.0,1,False,0.29681502172579394,0.05,474327.0
"Fixed 237137, designed",32,2,8,"D 0,1 -> 4,5",8,True,0.0,237164.0,1,False,0.3764697826210095,0.05,711491.0
"Fixed 237137, designed",32,3,18,"D 1,2 -> 4,7",18,True,0.0,237164.0,1,False,0.3002635722338174,0.05,948655.0
"Fixed 237137, designed",32,4,14,"D 0,3 -> 4,7",14,True,0.0,237165.0,1,False,0.03758523457422756,0.05,1185820.0
"Fixed 237137, designed",32,5,19,"D 1,2 -> 5,6",19,True,0.0,237163.0,1,False,0.0657125239900671,0.05,1422983.0
"Fixed 237137, designed",32,6,11,"D 0,1 -> 6,7",22,False,0.044806582302531095,237163.0,1,False,0.04364852130558422,0.05,1660146.0
"Fixed 237137, designed",32,7,22,"D 2,3 -> 4,5",22,True,0.0,237163.0,1,False,0.06967473471683744,0.05,1897309.0
"Fixed 237137, designed",32,8,21,"D 1,3 -> 5,7",12,False,2.6598964142365844e-09,237163.0,1,False,0.009441304763103292,0.05,2134472.0
"Fixed 237137, designed",32,9,12,"D 0,2 -> 4,6",12,True,0.0,237162.0,1,False,0.018167337649211208,0.05,2371634.0
"Fixed 237137, designed",33,0,25,"D 2,3 -> 6,7",25,True,0.0,237162.0,1,False,0.31503606513167726,0.05,237162.0
"Fixed 237137, designed",33,1,15,"D 0,3 -> 5,6",15,True,0.0,237165.0,1,False,0.29681502172579394,0.05,474327.0
"Fixed 237137, designed",33,2,8,"D 0,1 -> 4,5",8,True,0.0,237164.0,1,False,0.3764697826210095,0.05,711491.0
"Fixed 237137, designed",33,3,18,"D 1,2 -> 4,7",18,True,0.0,237164.0,1,False,0.3002635722338174,0.05,948655.0
"Fixed 237137, designed",33,4,19,"D 1,2 -> 5,6",14,True,5.182410056647768e-12,237165.0,1,False,0.03758523457422756,0.05,1185820.0
"Fixed 237137, designed",33,5,14,"D 0,3 -> 4,7",14,True,0.0,237164.0,1,False,0.06571252392066197,0.05,1422984.0
"Fixed 237137, designed",33,6,11,"D 0,1 -> 6,7",22,False,0.044806582285143115,237163.0,1,False,0.04364852124132713,0.05,1660147.0
"Fixed 237137, designed",33,7,22,"D 2,3 -> 4,5",22,True,0.0,237163.0,1,False,0.06967473471393487,0.05,1897310.0
"Fixed 237137, designed",33,8,1,S 0 -> 6,21,False,1.0,237163.0,1,False,0.009441304632724919,0.05,2134473.0
"Fixed 237137, designed",33,9,21,"D 1,3 -> 5,7",21,True,0.0,237163.0,1,False,0.009441304632724919,0.05,2371636.0
"Fixed 237137, designed",33,10,12,"D 0,2 -> 4,6",12,True,0.0,237162.0,1,False,0.018167337649211596,0.05,2608798.0
"Fixed 237137, designed",34,0,25,"D 2,3 -> 6,7",25,True,0.0,237162.0,1,False,0.31503606513167726,0.05,237162.0
"Fixed 237137, designed",34,1,15,"D 0,3 -> 5,6",15,True,0.0,237165.0,1,False,0.29681502172579394,0.05,474327.0
"Fixed 237137, designed",34,2,8,"D 0,1 -> 4,5",8,True,0.0,237164.0,1,False,0.3764697826210095,0.05,711491.0
"Fixed 237137, designed",34,3,18,"D 1,2 -> 4,7",18,True,0.0,237164.0,1,False,0.3002635722338174,0.05,948655.0
"Fixed 237137, designed",34,4,14,"D 0,3 -> 4,7",14,True,0.0,237165.0,1,False,0.03758523457422756,0.05,1185820.0
"Fixed 237137, designed",34,5,19,"D 1,2 -> 5,6",19,True,0.0,237163.0,1,False,0.0657125239900671,0.05,1422983.0
"Fixed 237137, designed",34,6,22,"D 2,3 -> 4,5",22,True,0.0,237163.0,1,False,0.04364852130558422,0.05,1660146.0
"Fixed 237137, designed",34,7,11,"D 0,1 -> 6,7",11,True,0.0,237165.0,1,False,0.10072796416579655,0.05,1897311.0
"Fixed 237137, designed",34,8,16,"D 0,3 -> 6,7",21,False,1.0,237163.0,1,False,0.009441305047874061,0.05,2134474.0
"Fixed 237137, designed",34,9,2,S 1 -> 5,21,False,1.0,237163.0,1,False,0.00944130458544351,0.05,2371637.0
"Fixed 237137, designed",34,10,2,S 1 -> 5,21,False,1.0,237163.0,1,False,0.00944130458544351,0.05,2608800.0
"Fixed 237137, designed",34,11,12,"D 0,2 -> 4,6",21,True,8.03115351999395e-11,237163.0,1,False,0.00944130458544351,0.05,2845963.0
"Fixed 237137, designed",34,12,21,"D 1,3 -> 5,7",21,True,0.0,237162.0,1,False,0.018167337650105034,0.05,3083125.0
"Fixed 237137, designed",35,0,25,"D 2,3 -> 6,7",25,True,0.0,237162.0,1,False,0.31503606513167726,0.05,237162.0
"Fixed 237137, designed",35,1,15,"D 0,3 -> 5,6",15,True,0.0,237165.0,1,False,0.29681502172579394,0.05,474327.0
"Fixed 237137, designed",35,2,8,"D 0,1 -> 4,5",8,True,0.0,237164.0,1,False,0.3764697826210095,0.05,711491.0
"Fixed 237137, designed",35,3,18,"D 1,2 -> 4,7",18,True,0.0,237164.0,1,False,0.3002635722338174,0.05,948655.0
"Fixed 237137, designed",35,4,14,"D 0,3 -> 4,7",14,True,0.0,237165.0,1,False,0.03758523457422756,0.05,1185820.0
"Fixed 237137, designed",35,5,19,"D 1,2 -> 5,6",19,True,0.0,237163.0,1,False,0.0657125239900671,0.05,1422983.0
"Fixed 237137, designed",35,6,22,"D 2,3 -> 4,5",22,True,0.0,237163.0,1,False,0.04364852130558422,0.05,1660146.0
"Fixed 237137, designed",35,7,11,"D 0,1 -> 6,7",11,True,0.0,237165.0,1,False,0.10072796416579655,0.05,1897311.0
"Fixed 237137, designed",35,8,12,"D 0,2 -> 4,6",21,False,1.6493607257750398e-08,237163.0,1,False,0.009441305047874061,0.05,2134474.0
"Fixed 237137, designed",35,9,21,"D 1,3 -> 5,7",21,True,0.0,237162.0,1,False,0.018167337650105482,0.05,2371636.0
"Fixed 237137, designed",36,0,25,"D 2,3 -> 6,7",25,True,0.0,237162.0,1,False,0.31503606513167726,0.05,237162.0
"Fixed 237137, designed",36,1,15,"D 0,3 -> 5,6",15,True,0.0,237165.0,1,False,0.29681502172579394,0.05,474327.0
"Fixed 237137, designed",36,2,8,"D 0,1 -> 4,5",8,True,0.0,237164.0,1,False,0.3764697826210095,0.05,711491.0
"Fixed 237137, designed",36,3,18,"D 1,2 -> 4,7",18,True,0.0,237164.0,1,False,0.3002635722338174,0.05,948655.0
"Fixed 237137, designed",36,4,19,"D 1,2 -> 5,6",14,True,5.182410056647768e-12,237165.0,1,False,0.03758523457422756,0.05,1185820.0
"Fixed 237137, designed",36,5,14,"D 0,3 -> 4,7",14,True,0.0,237164.0,1,False,0.06571252392066197,0.05,1422984.0
"Fixed 237137, designed",36,6,22,"D 2,3 -> 4,5",22,True,0.0,237163.0,1,False,0.04364852124132713,0.05,1660147.0
"Fixed 237137, designed",36,7,11,"D 0,1 -> 6,7",11,True,0.0,237165.0,1,False,0.10072796416579667,0.05,1897312.0
"Fixed 237137, designed",36,8,12,"D 0,2 -> 4,6",21,True,2.371568497139265e-10,237163.0,1,False,0.009441304630083448,0.05,2134475.0
"Fixed 237137, designed",36,9,21,"D 1,3 -> 5,7",21,True,0.0,237162.0,1,False,0.01816733759515189,0.05,2371637.0
"Fixed 237137, designed",37,0,25,"D 2,3 -> 6,7",25,True,0.0,237162.0,1,False,0.31503606513167726,0.05,237162.0
"Fixed 237137, designed",37,1,18,"D 1,2 -> 4,7",15,True,0.0,237165.0,1,False,0.29681502172579394,0.05,474327.0
"Fixed 237137, designed",37,2,8,"D 0,1 -> 4,5",8,True,0.0,237160.0,1,False,0.3764697826210095,0.05,711487.0
"Fixed 237137, designed",37,3,15,"D 0,3 -> 5,6",15,True,0.0,237162.0,1,False,0.30026357217502075,0.05,948649.0
"Fixed 237137, designed",37,4,19,"D 1,2 -> 5,6",19,True,0.0,237165.0,1,False,0.03758523474777508,0.06,1185814.0
"Fixed 237137, designed",37,5,14,"D 0,3 -> 4,7",14,True,0.0,237164.0,1,False,0.06571252399006697,0.05,1422978.0
"Fixed 237137, designed",37,6,22,"D 2,3 -> 4,5",22,True,0.0,237163.0,1,False,0.043648521305584075,0.05,1660141.0
"Fixed 237137, designed",37,7,11,"D 0,1 -> 6,7",11,True,0.0,237165.0,1,False,0.10072796416579774,0.06,1897306.0
"Fixed 237137, designed",37,8,12,"D 0,2 -> 4,6",21,False,2.297271373130627e-09,237163.0,1,False,0.009441304483876945,0.06,2134469.0
"Fixed 237137, designed",37,9,21,"D 1,3 -> 5,7",21,True,0.0,237162.0,1,False,0.018167337649210517,0.06,2371631.0
"Fixed 237137, designed",38,0,25,"D 2,3 -> 6,7",25,True,0.0,237162.0,1,False,0.31503606513167726,0.05,237162.0
"Fixed 237137, designed",38,1,15,"D 0,3 -> 5,6",15,True,0.0,237165.0,1,False,0.29681502172579394,0.05,474327.0
"Fixed 237137, designed",38,2,8,"D 0,1 -> 4,5",8,True,0.0,237164.0,1,False,0.3764697826210095,0.05,711491.0
"Fixed 237137, designed",38,3,18,"D 1,2 -> 4,7",18,True,0.0,237164.0,1,False,0.3002635722338174,0.05,948655.0
"Fixed 237137, designed",38,4,14,"D 0,3 -> 4,7",14,True,0.0,237165.0,1,False,0.03758523457422756,0.05,1185820.0
"Fixed 237137, designed",38,5,19,"D 1,2 -> 5,6",19,True,0.0,237163.0,1,False,0.0657125239900671,0.05,1422983.0
"Fixed 237137, designed",38,6,22,"D 2,3 -> 4,5",22,True,0.0,237163.0,1,False,0.04364852130558422,0.05,1660146.0
"Fixed 237137, designed",38,7,11,"D 0,1 -> 6,7",11,True,0.0,237165.0,1,False,0.10072796416579655,0.05,1897311.0
"Fixed 237137, designed",38,8,21,"D 1,3 -> 5,7",21,True,0.0,237163.0,1,False,0.009441305047874061,0.06,2134474.0
"Fixed 237137, designed",38,9,12,"D 0,2 -> 4,6",12,True,0.0,237162.0,1,False,0.018167337649213765,0.05,2371636.0
"Fixed 237137, designed",39,0,25,"D 2,3 -> 6,7",25,True,0.0,237162.0,1,False,0.31503606513167726,0.06,237162.0
"Fixed 237137, designed",39,1,18,"D 1,2 -> 4,7",15,True,0.0,237165.0,1,False,0.29681502172579394,0.05,474327.0
"Fixed 237137, designed",39,2,8,"D 0,1 -> 4,5",8,True,0.0,237160.0,1,False,0.3764697826210095,0.05,711487.0
"Fixed 237137, designed",39,3,15,"D 0,3 -> 5,6",15,True,0.0,237162.0,1,False,0.30026357217502075,0.05,948649.0
"Fixed 237137, designed",39,4,19,"D 1,2 -> 5,6",19,True,0.0,237165.0,1,False,0.03758523474777508,0.05,1185814.0
"Fixed 237137, designed",39,5,14,"D 0,3 -> 4,7",14,True,0.0,237164.0,1,False,0.06571252399006697,0.05,1422978.0
"Fixed 237137, designed",39,6,22,"D 2,3 -> 4,5",22,True,0.0,237163.0,1,False,0.043648521305584075,0.05,1660141.0
"Fixed 237137, designed",39,7,11,"D 0,1 -> 6,7",11,True,0.0,237165.0,1,False,0.10072796416579774,0.06,1897306.0
"Fixed 237137, designed",39,8,21,"D 1,3 -> 5,7",21,True,0.0,237163.0,1,False,0.009441304483876945,0.06,2134469.0
"Fixed 237137, designed",39,9,12,"D 0,2 -> 4,6",12,True,0.0,237162.0,1,False,0.018167337522397423,0.06,2371631.0
"Fixed 237137, designed",40,0,25,"D 2,3 -> 6,7",25,True,0.0,237162.0,1,False,0.31503606513167726,0.05,237162.0
"Fixed 237137, designed",40,1,18,"D 1,2 -> 4,7",15,True,0.0,237165.0,1,False,0.29681502172579394,0.05,474327.0
"Fixed 237137, designed",40,2,8,"D 0,1 -> 4,5",8,True,0.0,237160.0,1,False,0.3764697826210095,0.05,711487.0
"Fixed 237137, designed",40,3,15,"D 0,3 -> 5,6",15,True,0.0,237162.0,1,False,0.30026357217502075,0.05,948649.0
"Fixed 237137, designed",40,4,19,"D 1,2 -> 5,6",19,True,0.0,237165.0,1,False,0.03758523474777508,0.05,1185814.0
"Fixed 237137, designed",40,5,14,"D 0,3 -> 4,7",14,True,0.0,237164.0,1,False,0.06571252399006697,0.05,1422978.0
"Fixed 237137, designed",40,6,22,"D 2,3 -> 4,5",22,True,0.0,237163.0,1,False,0.043648521305584075,0.05,1660141.0
"Fixed 237137, designed",40,7,11,"D 0,1 -> 6,7",11,True,0.0,237165.0,1,False,0.10072796416579774,0.05,1897306.0
"Fixed 237137, designed",40,8,21,"D 1,3 -> 5,7",21,True,0.0,237163.0,1,False,0.009441304483876945,0.06,2134469.0
"Fixed 237137, designed",40,9,12,"D 0,2 -> 4,6",12,True,0.0,237162.0,1,False,0.018167337522397423,0.05,2371631.0
"Fixed 237137, designed",41,0,25,"D 2,3 -> 6,7",25,True,0.0,237162.0,1,False,0.31503606513167726,0.05,237162.0
"Fixed 237137, designed",41,1,18,"D 1,2 -> 4,7",15,True,0.0,237165.0,1,False,0.29681502172579394,0.05,474327.0
"Fixed 237137, designed",41,2,8,"D 0,1 -> 4,5",8,True,0.0,237160.0,1,False,0.3764697826210095,0.05,711487.0
"Fixed 237137, designed",41,3,15,"D 0,3 -> 5,6",15,True,0.0,237162.0,1,False,0.30026357217502075,0.05,948649.0
"Fixed 237137, designed",41,4,19,"D 1,2 -> 5,6",19,True,0.0,237165.0,1,False,0.03758523474777508,0.05,1185814.0
"Fixed 237137, designed",41,5,14,"D 0,3 -> 4,7",14,True,0.0,237164.0,1,False,0.06571252399006697,0.05,1422978.0
"Fixed 237137, designed",41,6,22,"D 2,3 -> 4,5",22,True,0.0,237163.0,1,False,0.043648521305584075,0.05,1660141.0
"Fixed 237137, designed",41,7,11,"D 0,1 -> 6,7",11,True,0.0,237165.0,1,False,0.10072796416579774,0.05,1897306.0
"Fixed 237137, designed",41,8,12,"D 0,2 -> 4,6",21,False,2.297271373130627e-09,237163.0,1,False,0.009441304483876945,0.06,2134469.0
"Fixed 237137, designed",41,9,21,"D 1,3 -> 5,7",21,True,0.0,237162.0,1,False,0.018167337649210517,0.05,2371631.0
"Fixed 237137, designed",42,0,25,"D 2,3 -> 6,7",25,True,0.0,237162.0,1,False,0.31503606513167726,0.05,237162.0
"Fixed 237137, designed",42,1,18,"D 1,2 -> 4,7",15,True,0.0,237165.0,1,False,0.29681502172579394,0.05,474327.0
"Fixed 237137, designed",42,2,8,"D 0,1 -> 4,5",8,True,0.0,237160.0,1,False,0.3764697826210095,0.05,711487.0
"Fixed 237137, designed",42,3,15,"D 0,3 -> 5,6",15,True,0.0,237162.0,1,False,0.30026357217502075,0.05,948649.0
"Fixed 237137, designed",42,4,14,"D 0,3 -> 4,7",19,True,5.80789971671436e-10,237165.0,1,False,0.03758523474777508,0.05,1185814.0
"Fixed 237137, designed",42,5,19,"D 1,2 -> 5,6",19,True,0.0,237163.0,1,False,0.0657125239206618,0.05,1422977.0
"Fixed 237137, designed",42,6,11,"D 0,1 -> 6,7",22,False,0.044806582285133345,237163.0,1,False,0.043648521241327065,0.05,1660140.0
"Fixed 237137, designed",42,7,22,"D 2,3 -> 4,5",22,True,0.0,237163.0,1,False,0.06967473482297251,0.05,1897303.0
"Fixed 237137, designed",42,8,12,"D 0,2 -> 4,6",12,True,0.0,237163.0,1,False,0.009441304632724787,0.05,2134466.0
"Fixed 237137, designed",42,9,21,"D 1,3 -> 5,7",21,True,0.0,237162.0,1,False,0.01816733764921178,0.05,2371628.0
"Fixed 237137, designed",43,0,25,"D 2,3 -> 6,7",25,True,0.0,237162.0,1,False,0.31503606513167726,0.05,237162.0
"Fixed 237137, designed",43,1,18,"D 1,2 -> 4,7",15,True,0.0,237165.0,1,False,0.29681502172579394,0.05,474327.0
"Fixed 237137, designed",43,2,8,"D 0,1 -> 4,5",8,True,0.0,237160.0,1,False,0.3764697826210095,0.05,711487.0
"Fixed 237137, designed",43,3,15,"D 0,3 -> 5,6",15,True,0.0,237162.0,1,False,0.30026357217502075,0.05,948649.0
"Fixed 237137, designed",43,4,19,"D 1,2 -> 5,6",19,True,0.0,237165.0,1,False,0.03758523474777508,0.05,1185814.0
"Fixed 237137, designed",43,5,14,"D 0,3 -> 4,7",14,True,0.0,237164.0,1,False,0.06571252399006697,0.05,1422978.0
"Fixed 237137, designed",43,6,11,"D 0,1 -> 6,7",22,False,0.04480658230253376,237163.0,1,False,0.043648521305584075,0.05,1660141.0
"Fixed 237137, designed",43,7,22,"D 2,3 -> 4,5",22,True,0.0,237163.0,1,False,0.06967473471393487,0.05,1897304.0
"Fixed 237137, designed",43,8,2,S 1 -> 5,21,False,1.0,237163.0,1,False,0.009441304763103297,0.05,2134467.0
"Fixed 237137, designed",43,9,21,"D 1,3 -> 5,7",21,True,0.0,237163.0,1,False,0.009441304763103297,0.05,2371630.0
"Fixed 237137, designed",43,10,12,"D 0,2 -> 4,6",12,True,0.0,237162.0,1,False,0.01816733765010426,0.05,2608792.0
"Fixed 237137, designed",44,0,25,"D 2,3 -> 6,7",25,True,0.0,237162.0,1,False,0.31503606513167726,0.05,237162.0
"Fixed 237137, designed",44,1,15,"D 0,3 -> 5,6",15,True,0.0,237165.0,1,False,0.29681502172579394,0.05,474327.0
"Fixed 237137, designed",44,2,8,"D 0,1 -> 4,5",8,True,0.0,237164.0,1,False,0.3764697826210095,0.05,711491.0
"Fixed 237137, designed",44,3,18,"D 1,2 -> 4,7",18,True,0.0,237164.0,1,False,0.3002635722338174,0.05,948655.0
"Fixed 237137, designed",44,4,14,"D 0,3 -> 4,7",14,True,0.0,237165.0,1,False,0.03758523457422756,0.05,1185820.0
"Fixed 237137, designed",44,5,19,"D 1,2 -> 5,6",19,True,0.0,237163.0,1,False,0.0657125239900671,0.05,1422983.0
"Fixed 237137, designed",44,6,22,"D 2,3 -> 4,5",22,True,0.0,237163.0,1,False,0.04364852130558422,0.05,1660146.0
"Fixed 237137, designed",44,7,11,"D 0,1 -> 6,7",11,True,0.0,237165.0,1,False,0.10072796416579655,0.05,1897311.0
"Fixed 237137, designed",44,8,5,S 2 -> 6,21,False,1.0,237163.0,1,False,0.009441305047874061,0.05,2134474.0
"Fixed 237137, designed",44,9,12,"D 0,2 -> 4,6",21,True,8.03115351999395e-11,237163.0,1,False,0.00944130458544351,0.05,2371637.0
"Fixed 237137, designed",44,10,21,"D 1,3 -> 5,7",21,True,0.0,237162.0,1,False,0.01816733765010512,0.05,2608799.0
"Fixed 237137, designed",45,0,25,"D 2,3 -> 6,7",25,True,0.0,237162.0,1,False,0.31503606513167726,0.06,237162.0
"Fixed 237137, designed",45,1,18,"D 1,2 -> 4,7",15,True,0.0,237165.0,1,False,0.29681502172579394,0.05,474327.0
"Fixed 237137, designed",45,2,8,"D 0,1 -> 4,5",8,True,0.0,237160.0,1,False,0.3764697826210095,0.06,711487.0
"Fixed 237137, designed",45,3,15,"D 0,3 -> 5,6",15,True,0.0,237162.0,1,False,0.30026357217502075,0.05,948649.0
"Fixed 237137, designed",45,4,19,"D 1,2 -> 5,6",19,True,0.0,237165.0,1,False,0.03758523474777508,0.06,1185814.0
"Fixed 237137, designed",45,5,14,"D 0,3 -> 4,7",14,True,0.0,237164.0,1,False,0.06571252399006697,0.05,1422978.0
"Fixed 237137, designed",45,6,11,"D 0,1 -> 6,7",22,False,0.04480658230253376,237163.0,1,False,0.043648521305584075,0.05,1660141.0
"Fixed 237137, designed",45,7,22,"D 2,3 -> 4,5",22,True,0.0,237163.0,1,False,0.06967473471393487,0.05,1897304.0
"Fixed 237137, designed",45,8,12,"D 0,2 -> 4,6",21,False,2.6598955260581647e-09,237163.0,1,False,0.009441304763103297,0.05,2134467.0
"Fixed 237137, designed",45,9,21,"D 1,3 -> 5,7",21,True,0.0,237162.0,1,False,0.018167337649211406,0.05,2371629.0
"Fixed 237137, designed",46,0,25,"D 2,3 -> 6,7",25,True,0.0,237162.0,1,False,0.31503606513167726,0.05,237162.0
"Fixed 237137, designed",46,1,15,"D 0,3 -> 5,6",15,True,0.0,237165.0,1,False,0.29681502172579394,0.05,474327.0
"Fixed 237137, designed",46,2,8,"D 0,1 -> 4,5",8,True,0.0,237164.0,1,False,0.3764697826210095,0.05,711491.0
"Fixed 237137, designed",46,3,18,"D 1,2 -> 4,7",18,True,0.0,237164.0,1,False,0.3002635722338174,0.05,948655.0
"Fixed 237137, designed",46,4,14,"D 0,3 -> 4,7",14,True,0.0,237165.0,1,False,0.03758523457422756,0.05,1185820.0
"Fixed 237137, designed",46,5,19,"D 1,2 -> 5,6",19,True,0.0,237163.0,1,False,0.0657125239900671,0.05,1422983.0
"Fixed 237137, designed",46,6,11,"D 0,1 -> 6,7",22,False,0.044806582302531095,237163.0,1,False,0.04364852130558422,0.05,1660146.0
"Fixed 237137, designed",46,7,22,"D 2,3 -> 4,5",22,True,0.0,237163.0,1,False,0.06967473471683744,0.05,1897309.0
"Fixed 237137, designed",46,8,12,"D 0,2 -> 4,6",12,True,0.0,237163.0,1,False,0.009441304763103292,0.05,2134472.0
"Fixed 237137, designed",46,9,21,"D 1,3 -> 5,7",21,True,0.0,237162.0,1,False,0.018167337650104195,0.05,2371634.0
"Fixed 237137, designed",47,0,25,"D 2,3 -> 6,7",25,True,0.0,237162.0,1,False,0.31503606513167726,0.05,237162.0
"Fixed 237137, designed",47,1,15,"D 0,3 -> 5,6",15,True,0.0,237165.0,1,False,0.29681502172579394,0.05,474327.0
"Fixed 237137, designed",47,2,8,"D 0,1 -> 4,5",8,True,0.0,237164.0,1,False,0.3764697826210095,0.05,711491.0
"Fixed 237137, designed",47,3,18,"D 1,2 -> 4,7",18,True,0.0,237164.0,1,False,0.3002635722338174,0.05,948655.0
"Fixed 237137, designed",47,4,14,"D 0,3 -> 4,7",14,True,0.0,237165.0,1,False,0.03758523457422756,0.05,1185820.0
"Fixed 237137, designed",47,5,19,"D 1,2 -> 5,6",19,True,0.0,237163.0,1,False,0.0657125239900671,0.05,1422983.0
"Fixed 237137, designed",47,6,11,"D 0,1 -> 6,7",22,False,0.044806582302531095,237163.0,1,False,0.04364852130558422,0.05,1660146.0
"Fixed 237137, designed",47,7,22,"D 2,3 -> 4,5",22,True,0.0,237163.0,1,False,0.06967473471683744,0.05,1897309.0
"Fixed 237137, designed",47,8,12,"D 0,2 -> 4,6",12,True,0.0,237163.0,1,False,0.009441304763103292,0.05,2134472.0
"Fixed 237137, designed",47,9,21,"D 1,3 -> 5,7",21,True,0.0,237162.0,1,False,0.018167337650104195,0.05,2371634.0
"Fixed 237137, designed",48,0,25,"D 2,3 -> 6,7",25,True,0.0,237162.0,1,False,0.31503606513167726,0.05,237162.0
"Fixed 237137, designed",48,1,8,"D 0,1 -> 4,5",15,False,0.033311851350335986,237165.0,1,False,0.29681502172579394,0.05,474327.0
"Fixed 237137, designed",48,2,18,"D 1,2 -> 4,7",15,True,5.551115123125783e-16,237163.0,1,False,0.303713351808019,0.05,711490.0
"Fixed 237137, designed",48,3,15,"D 0,3 -> 5,6",15,True,0.0,237166.0,1,False,0.38824803810173447,0.05,948656.0
"Fixed 237137, designed",48,4,14,"D 0,3 -> 4,7",19,True,5.150813109366936e-11,237165.0,1,False,0.03758523456612009,0.05,1185821.0
"Fixed 237137, designed",48,5,19,"D 1,2 -> 5,6",19,True,0.0,237163.0,1,False,0.06571252413529666,0.05,1422984.0
"Fixed 237137, designed",48,6,11,"D 0,1 -> 6,7",22,False,0.044806584461233534,237163.0,1,False,0.04364852180125853,0.05,1660147.0
"Fixed 237137, designed",48,7,22,"D 2,3 -> 4,5",22,True,0.0,237163.0,1,False,0.0696747355600191,0.05,1897310.0
"Fixed 237137, designed",48,8,16,"D 0,3 -> 6,7",12,False,1.0,237163.0,1,False,0.009441304652025612,0.05,2134473.0
"Fixed 237137, designed",48,9,19,"D 1,2 -> 5,6",12,False,0.9999999998187229,237163.0,1,False,0.009441304652025612,0.05,2371636.0
"Fixed 237137, designed",48,10,21,"D 1,3 -> 5,7",12,True,3.3306690738754696e-15,237163.0,1,False,0.009441304652025612,0.05,2608799.0
"Fixed 237137, designed",48,11,12,"D 0,2 -> 4,6",12,True,0.0,237162.0,1,False,0.0181673378029478,0.05,2845961.0
"Fixed 237137, designed",49,0,25,"D 2,3 -> 6,7",25,True,0.0,237162.0,1,False,0.31503606513167726,0.05,237162.0
"Fixed 237137, designed",49,1,18,"D 1,2 -> 4,7",15,True,0.0,237165.0,1,False,0.29681502172579394,0.05,474327.0
"Fixed 237137, designed",49,2,8,"D 0,1 -> 4,5",8,True,0.0,237160.0,1,False,0.3764697826210095,0.05,711487.0
"Fixed 237137, designed",49,3,15,"D 0,3 -> 5,6",15,True,0.0,237162.0,1,False,0.30026357217502075,0.05,948649.0
"Fixed 237137, designed",49,4,19,"D 1,2 -> 5,6",19,True,0.0,237165.0,1,False,0.03758523474777508,0.06,1185814.0
"Fixed 237137, designed",49,5,14,"D 0,3 -> 4,7",14,True,0.0,237164.0,1,False,0.06571252399006697,0.05,1422978.0
"Fixed 237137, designed",49,6,22,"D 2,3 -> 4,5",22,True,0.0,237163.0,1,False,0.043648521305584075,0.05,1660141.0
"Fixed 237137, designed",49,7,11,"D 0,1 -> 6,7",11,True,0.0,237165.0,1,False,0.10072796416579774,0.05,1897306.0
"Fixed 237137, designed",49,8,9,"D 0,1 -> 4,7",21,False,1.0,237163.0,1,False,0.009441304483876945,0.05,2134469.0
"Fixed 237137, designed",49,9,5,S 2 -> 6,12,False,1.0,237163.0,1,False,0.00944130454604846,0.05,2371632.0
"Fixed 237137, designed",49,10,1,S 0 -> 6,12,False,1.0,237163.0,1,False,0.00944130454604846,0.05,2608795.0
"Fixed 237137, designed",49,11,12,"D 0,2 -> 4,6",12,True,0.0,237163.0,1,False,0.00944130454604846,0.05,2845958.0
"Fixed 237137, designed",49,12,21,"D 1,3 -> 5,7",21,True,0.0,237162.0,1,False,0.018167337649212068,0.05,3083120.0
"Fixed 237137, designed",50,0,25,"D 2,3 -> 6,7",25,True,0.0,237162.0,1,False,0.31503606513167726,0.05,237162.0
"Fixed 237137, designed",50,1,15,"D 0,3 -> 5,6",15,True,0.0,237165.0,1,False,0.29681502172579394,0.05,474327.0
"Fixed 237137, designed",50,2,8,"D 0,1 -> 4,5",8,True,0.0,237164.0,1,False,0.3764697826210095,0.05,711491.0
"Fixed 237137, designed",50,3,18,"D 1,2 -> 4,7",18,True,0.0,237164.0,1,False,0.3002635722338174,0.05,948655.0
"Fixed 237137, designed",50,4,14,"D 0,3 -> 4,7",14,True,0.0,237165.0,1,False,0.03758523457422756,0.05,1185820.0
"Fixed 237137, designed",50,5,19,"D 1,2 -> 5,6",19,True,0.0,237163.0,1,False,0.0657125239900671,0.05,1422983.0
"Fixed 237137, designed",50,6,11,"D 0,1 -> 6,7",22,False,0.044806582302531095,237163.0,1,False,0.04364852130558422,0.05,1660146.0
"Fixed 237137, designed",50,7,22,"D 2,3 -> 4,5",22,True,0.0,237163.0,1,False,0.06967473471683744,0.05,1897309.0
"Fixed 237137, designed",50,8,1,S 0 -> 6,12,False,1.0,237163.0,1,False,0.009441304763103292,0.05,2134472.0
"Fixed 237137, designed",50,9,21,"D 1,3 -> 5,7",12,False,2.6598964142365844e-09,237163.0,1,False,0.009441304763103292,0.05,2371635.0
"Fixed 237137, designed",50,10,12,"D 0,2 -> 4,6",12,True,0.0,237162.0,1,False,0.018167337649211208,0.05,2608797.0
"Fixed 237137, designed",51,0,25,"D 2,3 -> 6,7",25,True,0.0,237162.0,1,False,0.31503606513167726,0.05,237162.0
"Fixed 237137, designed",51,1,18,"D 1,2 -> 4,7",15,True,0.0,237165.0,1,False,0.29681502172579394,0.05,474327.0
"Fixed 237137, designed",51,2,8,"D 0,1 -> 4,5",8,True,0.0,237160.0,1,False,0.3764697826210095,0.05,711487.0
"Fixed 237137, designed",51,3,15,"D 0,3 -> 5,6",15,True,0.0,237162.0,1,False,0.30026357217502075,0.05,948649.0
"Fixed 237137, designed",51,4,19,"D 1,2 -> 5,6",19,True,0.0,237165.0,1,False,0.03758523474777508,0.05,1185814.0
"Fixed 237137, designed",51,5,14,"D 0,3 -> 4,7",14,True,0.0,237164.0,1,False,0.06571252399006697,0.05,1422978.0
"Fixed 237137, designed",51,6,11,"D 0,1 -> 6,7",22,False,0.04480658230253376,237163.0,1,False,0.043648521305584075,0.05,1660141.0
"Fixed 237137, designed",51,7,22,"D 2,3 -> 4,5",22,True,0.0,237163.0,1,False,0.06967473471393487,0.05,1897304.0
"Fixed 237137, designed",51,8,21,"D 1,3 -> 5,7",21,True,0.0,237163.0,1,False,0.009441304763103297,0.05,2134467.0
"Fixed 237137, designed",51,9,12,"D 0,2 -> 4,6",12,True,0.0,237162.0,1,False,0.01816733765010426,0.05,2371629.0
"Fixed 237137, designed",52,0,25,"D 2,3 -> 6,7",25,True,0.0,237162.0,1,False,0.31503606513167726,0.05,237162.0
"Fixed 237137, designed",52,1,18,"D 1,2 -> 4,7",15,True,0.0,237165.0,1,False,0.29681502172579394,0.05,474327.0
"Fixed 237137, designed",52,2,8,"D 0,1 -> 4,5",8,True,0.0,237160.0,1,False,0.3764697826210095,0.05,711487.0
"Fixed 237137, designed",52,3,15,"D 0,3 -> 5,6",15,True,0.0,237162.0,1,False,0.30026357217502075,0.05,948649.0
"Fixed 237137, designed",52,4,14,"D 0,3 -> 4,7",19,True,5.80789971671436e-10,237165.0,1,False,0.03758523474777508,0.05,1185814.0
"Fixed 237137, designed",52,5,19,"D 1,2 -> 5,6",19,True,0.0,237163.0,1,False,0.0657125239206618,0.05,1422977.0
"Fixed 237137, designed",52,6,22,"D 2,3 -> 4,5",22,True,0.0,237163.0,1,False,0.043648521241327065,0.05,1660140.0
"Fixed 237137, designed",52,7,11,"D 0,1 -> 6,7",11,True,0.0,237165.0,1,False,0.10072796416579699,0.05,1897305.0
"Fixed 237137, designed",52,8,16,"D 0,3 -> 6,7",21,False,1.0,237163.0,1,False,0.009441304483876924,0.05,2134468.0
"Fixed 237137, designed",52,9,12,"D 0,2 -> 4,6",12,True,0.0,237163.0,1,False,0.009441304546048494,0.05,2371631.0
"Fixed 237137, designed",52,10,21,"D 1,3 -> 5,7",21,True,0.0,237162.0,1,False,0.018167337649211975,0.05,2608793.0
"Fixed 237137, designed",53,0,25,"D 2,3 -> 6,7",25,True,0.0,237162.0,1,False,0.31503606513167726,0.05,237162.0
"Fixed 237137, designed",53,1,15,"D 0,3 -> 5,6",15,True,0.0,237165.0,1,False,0.29681502172579394,0.05,474327.0
"Fixed 237137, designed",53,2,8,"D 0,1 -> 4,5",8,True,0.0,237164.0,1,False,0.3764697826210095,0.05,711491.0
"Fixed 237137, designed",53,3,18,"D 1,2 -> 4,7",18,True,0.0,237164.0,1,False,0.3002635722338174,0.05,948655.0
"Fixed 237137, designed",53,4,19,"D 1,2 -> 5,6",14,True,5.182410056647768e-12,237165.0,1,False,0.03758523457422756,0.05,1185820.0
"Fixed 237137, designed",53,5,14,"D 0,3 -> 4,7",14,True,0.0,237164.0,1,False,0.06571252392066197,0.06,1422984.0
"Fixed 237137, designed",53,6,22,"D 2,3 -> 4,5",22,True,0.0,237163.0,1,False,0.04364852124132713,0.05,1660147.0
"Fixed 237137, designed",53,7,11,"D 0,1 -> 6,7",11,True,0.0,237165.0,1,False,0.10072796416579667,0.05,1897312.0
"Fixed 237137, designed",53,8,21,"D 1,3 -> 5,7",21,True,0.0,237163.0,1,False,0.009441304630083448,0.05,2134475.0
"Fixed 237137, designed",53,9,12,"D 0,2 -> 4,6",12,True,0.0,237162.0,1,False,0.018167337649211367,0.05,2371637.0
"Fixed 237137, designed",54,0,25,"D 2,3 -> 6,7",25,True,0.0,237162.0,1,False,0.31503606513167726,0.05,237162.0
"Fixed 237137, designed",54,1,15,"D 0,3 -> 5,6",15,True,0.0,237165.0,1,False,0.29681502172579394,0.05,474327.0
"Fixed 237137, designed",54,2,8,"D 0,1 -> 4,5",8,True,0.0,237164.0,1,False,0.3764697826210095,0.05,711491.0
"Fixed 237137, designed",54,3,18,"D 1,2 -> 4,7",18,True,0.0,237164.0,1,False,0.3002635722338174,0.05,948655.0
"Fixed 237137, designed",54,4,14,"D 0,3 -> 4,7",14,True,0.0,237165.0,1,False,0.03758523457422756,0.05,1185820.0
"Fixed 237137, designed",54,5,19,"D 1,2 -> 5,6",19,True,0.0,237163.0,1,False,0.0657125239900671,0.05,1422983.0
"Fixed 237137, designed",54,6,22,"D 2,3 -> 4,5",22,True,0.0,237163.0,1,False,0.04364852130558422,0.05,1660146.0
"Fixed 237137, designed",54,7,11,"D 0,1 -> 6,7",11,True,0.0,237165.0,1,False,0.10072796416579655,0.05,1897311.0
"Fixed 237137, designed",54,8,8,"D 0,1 -> 4,5",21,False,0.99999817737064,237163.0,1,False,0.009441305047874061,0.05,2134474.0
"Fixed 237137, designed",54,9,21,"D 1,3 -> 5,7",21,True,0.0,237163.0,1,False,0.009441304675372273,0.05,2371637.0
"Fixed 237137, designed",54,10,12,"D 0,2 -> 4,6",12,True,0.0,237162.0,1,False,0.01816733761723551,0.05,2608799.0
"Fixed 237137, designed",55,0,25,"D 2,3 -> 6,7",25,True,0.0,237162.0,1,False,0.31503606513167726,0.05,237162.0
"Fixed 237137, designed",55,1,18,"D 1,2 -> 4,7",15,True,0.0,237165.0,1,False,0.29681502172579394,0.05,474327.0
"Fixed 237137, designed",55,2,8,"D 0,1 -> 4,5",8,True,0.0,237160.0,1,False,0.3764697826210095,0.05,711487.0
"Fixed 237137, designed",55,3,15,"D 0,3 -> 5,6",15,True,0.0,237162.0,1,False,0.30026357217502075,0.05,948649.0
"Fixed 237137, designed",55,4,19,"D 1,2 -> 5,6",19,True,0.0,237165.0,1,False,0.03758523474777508,0.05,1185814.0
"Fixed 237137, designed",55,5,14,"D 0,3 -> 4,7",14,True,0.0,237164.0,1,False,0.06571252399006697,0.05,1422978.0
"Fixed 237137, designed",55,6,22,"D 2,3 -> 4,5",22,True,0.0,237163.0,1,False,0.043648521305584075,0.05,1660141.0
"Fixed 237137, designed",55,7,11,"D 0,1 -> 6,7",11,True,0.0,237165.0,1,False,0.10072796416579774,0.05,1897306.0
"Fixed 237137, designed",55,8,20,"D 1,2 -> 6,7",21,False,1.0,237163.0,1,False,0.009441304483876945,0.05,2134469.0
"Fixed 237137, designed",55,9,21,"D 1,3 -> 5,7",12,True,6.400112662063862e-10,237163.0,1,False,0.00944130454604846,0.05,2371632.0
"Fixed 237137, designed",55,10,12,"D 0,2 -> 4,6",12,True,0.0,237162.0,1,False,0.018167337650105007,0.05,2608794.0
"Fixed 237137, designed",56,0,25,"D 2,3 -> 6,7",25,True,0.0,237162.0,1,False,0.31503606513167726,0.05,237162.0
"Fixed 237137, designed",56,1,15,"D 0,3 -> 5,6",15,True,0.0,237165.0,1,False,0.29681502172579394,0.05,474327.0
"Fixed 237137, designed",56,2,8,"D 0,1 -> 4,5",8,True,0.0,237164.0,1,False,0.3764697826210095,0.05,711491.0
"Fixed 237137, designed",56,3,18,"D 1,2 -> 4,7",18,True,0.0,237164.0,1,False,0.3002635722338174,0.05,948655.0
"Fixed 237137, designed",56,4,14,"D 0,3 -> 4,7",14,True,0.0,237165.0,1,False,0.03758523457422756,0.05,1185820.0
"Fixed 237137, designed",56,5,19,"D 1,2 -> 5,6",19,True,0.0,237163.0,1,False,0.0657125239900671,0.05,1422983.0
"Fixed 237137, designed",56,6,22,"D 2,3 -> 4,5",22,True,0.0,237163.0,1,False,0.04364852130558422,0.05,1660146.0
"Fixed 237137, designed",56,7,11,"D 0,1 -> 6,7",11,True,0.0,237165.0,1,False,0.10072796416579655,0.05,1897311.0
"Fixed 237137, designed",56,8,6,S 3 -> 5,21,False,1.0,237163.0,1,False,0.009441305047874061,0.05,2134474.0
"Fixed 237137, designed",56,9,21,"D 1,3 -> 5,7",21,True,0.0,237163.0,1,False,0.00944130458544351,0.06,2371637.0
"Fixed 237137, designed",56,10,12,"D 0,2 -> 4,6",12,True,0.0,237162.0,1,False,0.018167337511205264,0.06,2608799.0
"Fixed 237137, designed",57,0,25,"D 2,3 -> 6,7",25,True,0.0,237162.0,1,False,0.31503606513167726,0.05,237162.0
"Fixed 237137, designed",57,1,15,"D 0,3 -> 5,6",15,True,0.0,237165.0,1,False,0.29681502172579394,0.05,474327.0
"Fixed 237137, designed",57,2,8,"D 0,1 -> 4,5",8,True,0.0,237164.0,1,False,0.3764697826210095,0.05,711491.0
"Fixed 237137, designed",57,3,18,"D 1,2 -> 4,7",18,True,0.0,237164.0,1,False,0.3002635722338174,0.05,948655.0
"Fixed 237137, designed",57,4,14,"D 0,3 -> 4,7",14,True,0.0,237165.0,1,False,0.03758523457422756,0.05,1185820.0
"Fixed 237137, designed",57,5,19,"D 1,2 -> 5,6",19,True,0.0,237163.0,1,False,0.0657125239900671,0.05,1422983.0
"Fixed 237137, designed",57,6,22,"D 2,3 -> 4,5",22,True,0.0,237163.0,1,False,0.04364852130558422,0.05,1660146.0
"Fixed 237137, designed",57,7,11,"D 0,1 -> 6,7",11,True,0.0,237165.0,1,False,0.10072796416579655,0.05,1897311.0
"Fixed 237137, designed",57,8,9,"D 0,1 -> 4,7",21,False,1.0,237163.0,1,False,0.009441305047874061,0.05,2134474.0
"Fixed 237137, designed",57,9,25,"D 2,3 -> 6,7",21,False,0.9999999855323989,237163.0,1,False,0.00944130458544351,0.05,2371637.0
"Fixed 237137, designed",57,10,12,"D 0,2 -> 4,6",21,True,8.03115351999395e-11,237163.0,1,False,0.00944130458544351,0.05,2608800.0
"Fixed 237137, designed",57,11,21,"D 1,3 -> 5,7",21,True,0.0,237162.0,1,False,0.018167337776914455,0.05,2845962.0
"Fixed 237137, designed",58,0,19,"D 1,2 -> 5,6",25,False,0.052846754050403844,237162.0,1,False,0.31503606513167726,0.05,237162.0
"Fixed 237137, designed",58,1,22,"D 2,3 -> 4,5",22,True,0.0,237168.0,1,False,0.2986379460814117,0.05,474330.0
"Fixed 237137, designed",58,2,14,"D 0,3 -> 4,7",14,True,0.0,237162.0,1,False,0.3532199223008815,0.05,711492.0
"Fixed 237137, designed",58,3,11,"D 0,1 -> 6,7",11,True,0.0,237166.0,1,False,0.22254278935005609,0.05,948658.0
"Fixed 237137, designed",58,4,15,"D 0,3 -> 5,6",8,False,0.026297156671435507,237160.0,1,False,0.022746160639765003,0.05,1185818.0
"Fixed 237137, designed",58,5,18,"D 1,2 -> 4,7",18,True,0.0,237164.0,1,False,0.03866517255362906,0.05,1422982.0
"Fixed 237137, designed",58,6,25,"D 2,3 -> 6,7",8,False,0.02250106349789338,237165.0,1,False,0.0338793291530661,0.05,1660147.0
"Fixed 237137, designed",58,7,8,"D 0,1 -> 4,5",8,True,0.0,237161.0,1,False,0.06334828991578093,0.05,1897308.0
"Fixed 237137, designed",58,8,0,S 0 -> 4,12,False,1.0,237163.0,1,False,0.009441304619564158,0.05,2134471.0
"Fixed 237137, designed",58,9,12,"D 0,2 -> 4,6",12,True,0.0,237163.0,1,False,0.009441304619564158,0.05,2371634.0
"Fixed 237137, designed",58,10,21,"D 1,3 -> 5,7",21,True,0.0,237162.0,1,False,0.01816733762865458,0.05,2608796.0
"Fixed 237137, designed",59,0,25,"D 2,3 -> 6,7",25,True,0.0,237162.0,1,False,0.31503606513167726,0.06,237162.0
"Fixed 237137, designed",59,1,18,"D 1,2 -> 4,7",15,True,0.0,237165.0,1,False,0.29681502172579394,0.05,474327.0
"Fixed 237137, designed",59,2,8,"D 0,1 -> 4,5",8,True,0.0,237160.0,1,False,0.3764697826210095,0.05,711487.0
"Fixed 237137, designed",59,3,15,"D 0,3 -> 5,6",15,True,0.0,237162.0,1,False,0.30026357217502075,0.05,948649.0
"Fixed 237137, designed",59,4,14,"D 0,3 -> 4,7",19,True,5.80789971671436e-10,237165.0,1,False,0.03758523474777508,0.06,1185814.0
"Fixed 237137, designed",59,5,19,"D 1,2 -> 5,6",19,True,0.0,237163.0,1,False,0.0657125239206618,0.05,1422977.0
"Fixed 237137, designed",59,6,11,"D 0,1 -> 6,7",22,False,0.044806582285133345,237163.0,1,False,0.043648521241327065,0.05,1660140.0
"Fixed 237137, designed",59,7,22,"D 2,3 -> 4,5",22,True,0.0,237163.0,1,False,0.06967473482297251,0.05,1897303.0
"Fixed 237137, designed",59,8,19,"D 1,2 -> 5,6",12,False,0.9999999864832305,237163.0,1,False,0.009441304632724787,0.05,2134466.0
"Fixed 237137, designed",59,9,21,"D 1,3 -> 5,7",12,True,7.587165340439128e-10,237163.0,1,False,0.009441304632724787,0.05,2371629.0
"Fixed 237137, designed",59,10,12,"D 0,2 -> 4,6",12,True,0.0,237162.0,1,False,0.01816733759725809,0.06,2608791.0
"Fixed 237137, designed",60,0,25,"D 2,3 -> 6,7",25,True,0.0,237162.0,1,False,0.31503606513167726,0.05,237162.0
"Fixed 237137, designed",60,1,8,"D 0,1 -> 4,5",15,False,0.033311851350335986,237165.0,1,False,0.29681502172579394,0.05,474327.0
"Fixed 237137, designed",60,2,18,"D 1,2 -> 4,7",15,True,5.551115123125783e-16,237163.0,1,False,0.303713351808019,0.05,711490.0
"Fixed 237137, designed",60,3,15,"D 0,3 -> 5,6",15,True,0.0,237166.0,1,False,0.38824803810173447,0.05,948656.0
"Fixed 237137, designed",60,4,14,"D 0,3 -> 4,7",19,True,5.150813109366936e-11,237165.0,1,False,0.03758523456612009,0.05,1185821.0
"Fixed 237137, designed",60,5,19,"D 1,2 -> 5,6",19,True,0.0,237163.0,1,False,0.06571252413529666,0.05,1422984.0
"Fixed 237137, designed",60,6,22,"D 2,3 -> 4,5",22,True,0.0,237163.0,1,False,0.04364852180125853,0.05,1660147.0
"Fixed 237137, designed",60,7,11,"D 0,1 -> 6,7",11,True,0.0,237165.0,1,False,0.10072796429211586,0.05,1897312.0
"Fixed 237137, designed",60,8,12,"D 0,2 -> 4,6",12,True,0.0,237163.0,1,False,0.009441304132124781,0.05,2134475.0
"Fixed 237137, designed",60,9,21,"D 1,3 -> 5,7",21,True,0.0,237162.0,1,False,0.018167337677767716,0.05,2371637.0
"Fixed 237137, designed",61,0,25,"D 2,3 -> 6,7",25,True,0.0,237162.0,1,False,0.31503606513167726,0.05,237162.0
"Fixed 237137, designed",61,1,15,"D 0,3 -> 5,6",15,True,0.0,237165.0,1,False,0.29681502172579394,0.05,474327.0
"Fixed 237137, designed",61,2,8,"D 0,1 -> 4,5",8,True,0.0,237164.0,1,False,0.3764697826210095,0.05,711491.0
"Fixed 237137, designed",61,3,18,"D 1,2 -> 4,7",18,True,0.0,237164.0,1,False,0.3002635722338174,0.05,948655.0
"Fixed 237137, designed",61,4,19,"D 1,2 -> 5,6",14,True,5.182410056647768e-12,237165.0,1,False,0.03758523457422756,0.05,1185820.0
"Fixed 237137, designed",61,5,14,"D 0,3 -> 4,7",14,True,0.0,237164.0,1,False,0.06571252392066197,0.05,1422984.0
"Fixed 237137, designed",61,6,22,"D 2,3 -> 4,5",22,True,0.0,237163.0,1,False,0.04364852124132713,0.05,1660147.0
"Fixed 237137, designed",61,7,11,"D 0,1 -> 6,7",11,True,0.0,237165.0,1,False,0.10072796416579667,0.05,1897312.0
"Fixed 237137, designed",61,8,12,"D 0,2 -> 4,6",21,True,2.371568497139265e-10,237163.0,1,False,0.009441304630083448,0.05,2134475.0
"Fixed 237137, designed",61,9,21,"D 1,3 -> 5,7",21,True,0.0,237162.0,1,False,0.01816733759515189,0.05,2371637.0
"Fixed 237137, designed",62,0,25,"D 2,3 -> 6,7",25,True,0.0,237162.0,1,False,0.31503606513167726,0.05,237162.0
"Fixed 237137, designed",62,1,15,"D 0,3 -> 5,6",15,True,0.0,237165.0,1,False,0.29681502172579394,0.05,474327.0
"Fixed 237137, designed",62,2,8,"D 0,1 -> 4,5",8,True,0.0,237164.0,1,False,0.3764697826210095,0.05,711491.0
"Fixed 237137, designed",62,3,18,"D 1,2 -> 4,7",18,True,0.0,237164.0,1,False,0.3002635722338174,0.05,948655.0
"Fixed 237137, designed",62,4,19,"D 1,2 -> 5,6",14,True,5.182410056647768e-12,237165.0,1,False,0.03758523457422756,0.05,1185820.0
"Fixed 237137, designed",62,5,14,"D 0,3 -> 4,7",14,True,0.0,237164.0,1,False,0.06571252392066197,0.05,1422984.0
"Fixed 237137, designed",62,6,22,"D 2,3 -> 4,5",22,True,0.0,237163.0,1,False,0.04364852124132713,0.05,1660147.0
"Fixed 237137, designed",62,7,11,"D 0,1 -> 6,7",11,True,0.0,237165.0,1,False,0.10072796416579667,0.05,1897312.0
"Fixed 237137, designed",62,8,12,"D 0,2 -> 4,6",21,True,2.371568497139265e-10,237163.0,1,False,0.009441304630083448,0.05,2134475.0
"Fixed 237137, designed",62,9,21,"D 1,3 -> 5,7",21,True,0.0,237162.0,1,False,0.01816733759515189,0.05,2371637.0
"Fixed 237137, designed",63,0,25,"D 2,3 -> 6,7",25,True,0.0,237162.0,1,False,0.31503606513167726,0.05,237162.0
"Fixed 237137, designed",63,1,15,"D 0,3 -> 5,6",15,True,0.0,237165.0,1,False,0.29681502172579394,0.05,474327.0
"Fixed 237137, designed",63,2,8,"D 0,1 -> 4,5",8,True,0.0,237164.0,1,False,0.3764697826210095,0.05,711491.0
"Fixed 237137, designed",63,3,18,"D 1,2 -> 4,7",18,True,0.0,237164.0,1,False,0.3002635722338174,0.05,948655.0
"Fixed 237137, designed",63,4,14,"D 0,3 -> 4,7",14,True,0.0,237165.0,1,False,0.03758523457422756,0.05,1185820.0
"Fixed 237137, designed",63,5,19,"D 1,2 -> 5,6",19,True,0.0,237163.0,1,False,0.0657125239900671,0.05,1422983.0
"Fixed 237137, designed",63,6,11,"D 0,1 -> 6,7",22,False,0.044806582302531095,237163.0,1,False,0.04364852130558422,0.05,1660146.0
"Fixed 237137, designed",63,7,22,"D 2,3 -> 4,5",22,True,0.0,237163.0,1,False,0.06967473471683744,0.05,1897309.0
"Fixed 237137, designed",63,8,12,"D 0,2 -> 4,6",12,True,0.0,237163.0,1,False,0.009441304763103292,0.05,2134472.0
"Fixed 237137, designed",63,9,21,"D 1,3 -> 5,7",21,True,0.0,237162.0,1,False,0.018167337650104195,0.05,2371634.0
"Fixed 237137, designed",64,0,25,"D 2,3 -> 6,7",25,True,0.0,237162.0,1,False,0.31503606513167726,0.05,237162.0
"Fixed 237137, designed",64,1,15,"D 0,3 -> 5,6",15,True,0.0,237165.0,1,False,0.29681502172579394,0.05,474327.0
"Fixed 237137, designed",64,2,8,"D 0,1 -> 4,5",8,True,0.0,237164.0,1,False,0.3764697826210095,0.05,711491.0
"Fixed 237137, designed",64,3,18,"D 1,2 -> 4,7",18,True,0.0,237164.0,1,False,0.3002635722338174,0.05,948655.0
"Fixed 237137, designed",64,4,19,"D 1,2 -> 5,6",14,True,5.182410056647768e-12,237165.0,1,False,0.03758523457422756,0.05,1185820.0
"Fixed 237137, designed",64,5,14,"D 0,3 -> 4,7",14,True,0.0,237164.0,1,False,0.06571252392066197,0.05,1422984.0
"Fixed 237137, designed",64,6,11,"D 0,1 -> 6,7",22,False,0.044806582285143115,237163.0,1,False,0.04364852124132713,0.05,1660147.0
"Fixed 237137, designed",64,7,22,"D 2,3 -> 4,5",22,True,0.0,237163.0,1,False,0.06967473471393487,0.05,1897310.0
"Fixed 237137, designed",64,8,3,S 1 -> 7,21,False,1.0,237163.0,1,False,0.009441304632724919,0.05,2134473.0
"Fixed 237137, designed",64,9,12,"D 0,2 -> 4,6",21,True,7.587118711072094e-10,237163.0,1,False,0.009441304632724919,0.05,2371636.0
"Fixed 237137, designed",64,10,21,"D 1,3 -> 5,7",21,True,0.0,237162.0,1,False,0.018167337501698376,0.05,2608798.0
"Fixed 237137, designed",65,0,25,"D 2,3 -> 6,7",25,True,0.0,237162.0,1,False,0.31503606513167726,0.05,237162.0
"Fixed 237137, designed",65,1,18,"D 1,2 -> 4,7",15,True,0.0,237165.0,1,False,0.29681502172579394,0.05,474327.0
"Fixed 237137, designed",65,2,8,"D 0,1 -> 4,5",8,True,0.0,237160.0,1,False,0.3764697826210095,0.05,711487.0
"Fixed 237137, designed",65,3,15,"D 0,3 -> 5,6",15,True,0.0,237162.0,1,False,0.30026357217502075,0.05,948649.0
"Fixed 237137, designed",65,4,19,"D 1,2 -> 5,6",19,True,0.0,237165.0,1,False,0.03758523474777508,0.05,1185814.0
"Fixed 237137, designed",65,5,14,"D 0,3 -> 4,7",14,True,0.0,237164.0,1,False,0.06571252399006697,0.05,1422978.0
"Fixed 237137, designed",65,6,11,"D 0,1 -> 6,7",22,False,0.04480658230253376,237163.0,1,False,0.043648521305584075,0.05,1660141.0
"Fixed 237137, designed",65,7,22,"D 2,3 -> 4,5",22,True,0.0,237163.0,1,False,0.06967473471393487,0.05,1897304.0
"Fixed 237137, designed",65,8,23,"D 2,3 -> 4,7",21,False,1.0,237163.0,1,False,0.009441304763103297,0.05,2134467.0
"Fixed 237137, designed",65,9,21,"D 1,3 -> 5,7",21,True,0.0,237163.0,1,False,0.009441304763103297,0.05,2371630.0
"Fixed 237137, designed",65,10,12,"D 0,2 -> 4,6",12,True,0.0,237162.0,1,False,0.01816733765010426,0.05,2608792.0
"Fixed 237137, designed",66,0,25,"D 2,3 -> 6,7",25,True,0.0,237162.0,1,False,0.31503606513167726,0.05,237162.0
"Fixed 237137, designed",66,1,18,"D 1,2 -> 4,7",15,True,0.0,237165.0,1,False,0.29681502172579394,0.05,474327.0
"Fixed 237137, designed",66,2,8,"D 0,1 -> 4,5",8,True,0.0,237160.0,1,False,0.3764697826210095,0.05,711487.0
"Fixed 237137, designed",66,3,15,"D 0,3 -> 5,6",15,True,0.0,237162.0,1,False,0.30026357217502075,0.05,948649.0
"Fixed 237137, designed",66,4,14,"D 0,3 -> 4,7",19,True,5.80789971671436e-10,237165.0,1,False,0.03758523474777508,0.05,1185814.0
"Fixed 237137, designed",66,5,19,"D 1,2 -> 5,6",19,True,0.0,237163.0,1,False,0.0657125239206618,0.05,1422977.0
"Fixed 237137, designed",66,6,22,"D 2,3 -> 4,5",22,True,0.0,237163.0,1,False,0.043648521241327065,0.05,1660140.0
"Fixed 237137, designed",66,7,11,"D 0,1 -> 6,7",11,True,0.0,237165.0,1,False,0.10072796416579699,0.05,1897305.0
"Fixed 237137, designed",66,8,12,"D 0,2 -> 4,6",21,False,2.297273260509769e-09,237163.0,1,False,0.009441304483876924,0.05,2134468.0
"Fixed 237137, designed",66,9,21,"D 1,3 -> 5,7",21,True,0.0,237162.0,1,False,0.018167337649210347,0.05,2371630.0
"Fixed 237137, designed",67,0,25,"D 2,3 -> 6,7",25,True,0.0,237162.0,1,False,0.31503606513167726,0.05,237162.0
"Fixed 237137, designed",67,1,15,"D 0,3 -> 5,6",15,True,0.0,237165.0,1,False,0.29681502172579394,0.05,474327.0
"Fixed 237137, designed",67,2,8,"D 0,1 -> 4,5",8,True,0.0,237164.0,1,False,0.3764697826210095,0.05,711491.0
"Fixed 237137, designed",67,3,18,"D 1,2 -> 4,7",18,True,0.0,237164.0,1,False,0.3002635722338174,0.05,948655.0
"Fixed 237137, designed",67,4,14,"D 0,3 -> 4,7",14,True,0.0,237165.0,1,False,0.03758523457422756,0.05,1185820.0
"Fixed 237137, designed",67,5,19,"D 1,2 -> 5,6",19,True,0.0,237163.0,1,False,0.0657125239900671,0.05,1422983.0
"Fixed 237137, designed",67,6,22,"D 2,3 -> 4,5",22,True,0.0,237163.0,1,False,0.04364852130558422,0.05,1660146.0
"Fixed 237137, designed",67,7,11,"D 0,1 -> 6,7",11,True,0.0,237165.0,1,False,0.10072796416579655,0.05,1897311.0
"Fixed 237137, designed",67,8,12,"D 0,2 -> 4,6",21,False,1.6493607257750398e-08,237163.0,1,False,0.009441305047874061,0.05,2134474.0
"Fixed 237137, designed",67,9,21,"D 1,3 -> 5,7",21,True,0.0,237162.0,1,False,0.018167337650105482,0.05,2371636.0
"Fixed 237137, designed",68,0,25,"D 2,3 -> 6,7",25,True,0.0,237162.0,1,False,0.31503606513167726,0.05,237162.0
"Fixed 237137, designed",68,1,15,"D 0,3 -> 5,6",15,True,0.0,237165.0,1,False,0.29681502172579394,0.05,474327.0
"Fixed 237137, designed",68,2,8,"D 0,1 -> 4,5",8,True,0.0,237164.0,1,False,0.3764697826210095,0.05,711491.0
"Fixed 237137, designed",68,3,18,"D 1,2 -> 4,7",18,True,0.0,237164.0,1,False,0.3002635722338174,0.05,948655.0
"Fixed 237137, designed",68,4,19,"D 1,2 -> 5,6",14,True,5.182410056647768e-12,237165.0,1,False,0.03758523457422756,0.05,1185820.0
"Fixed 237137, designed",68,5,14,"D 0,3 -> 4,7",14,True,0.0,237164.0,1,False,0.06571252392066197,0.05,1422984.0
"Fixed 237137, designed",68,6,22,"D 2,3 -> 4,5",22,True,0.0,237163.0,1,False,0.04364852124132713,0.05,1660147.0
"Fixed 237137, designed",68,7,11,"D 0,1 -> 6,7",11,True,0.0,237165.0,1,False,0.10072796416579667,0.05,1897312.0
"Fixed 237137, designed",68,8,12,"D 0,2 -> 4,6",21,True,2.371568497139265e-10,237163.0,1,False,0.009441304630083448,0.05,2134475.0
"Fixed 237137, designed",68,9,19,"D 1,2 -> 5,6",21,False,0.9867732022241001,237162.0,1,False,0.01816733759515189,0.05,2371637.0
"Fixed 237137, designed",69,0,25,"D 2,3 -> 6,7",25,True,0.0,237162.0,1,False,0.31503606513167726,0.05,237162.0
"Fixed 237137, designed",69,1,15,"D 0,3 -> 5,6",15,True,0.0,237165.0,1,False,0.29681502172579394,0.05,474327.0
"Fixed 237137, designed",69,2,8,"D 0,1 -> 4,5",8,True,0.0,237164.0,1,False,0.3764697826210095,0.05,711491.0
"Fixed 237137, designed",69,3,18,"D 1,2 -> 4,7",18,True,0.0,237164.0,1,False,0.3002635722338174,0.05,948655.0
"Fixed 237137, designed",69,4,14,"D 0,3 -> 4,7",14,True,0.0,237165.0,1,False,0.03758523457422756,0.05,1185820.0
"Fixed 237137, designed",69,5,19,"D 1,2 -> 5,6",19,True,0.0,237163.0,1,False,0.0657125239900671,0.05,1422983.0
"Fixed 237137, designed",69,6,11,"D 0,1 -> 6,7",22,False,0.044806582302531095,237163.0,1,False,0.04364852130558422,0.05,1660146.0
"Fixed 237137, designed",69,7,22,"D 2,3 -> 4,5",22,True,0.0,237163.0,1,False,0.06967473471683744,0.05,1897309.0
"Fixed 237137, designed",69,8,12,"D 0,2 -> 4,6",12,True,0.0,237163.0,1,False,0.009441304763103292,0.05,2134472.0
"Fixed 237137, designed",69,9,21,"D 1,3 -> 5,7",21,True,0.0,237162.0,1,False,0.018167337650104195,0.05,2371634.0
"Fixed 237137, designed",70,0,25,"D 2,3 -> 6,7",25,True,0.0,237162.0,1,False,0.31503606513167726,0.05,237162.0
"Fixed 237137, designed",70,1,18,"D 1,2 -> 4,7",15,True,0.0,237165.0,1,False,0.29681502172579394,0.05,474327.0
"Fixed 237137, designed",70,2,8,"D 0,1 -> 4,5",8,True,0.0,237160.0,1,False,0.3764697826210095,0.05,711487.0
"Fixed 237137, designed",70,3,15,"D 0,3 -> 5,6",15,True,0.0,237162.0,1,False,0.30026357217502075,0.05,948649.0
"Fixed 237137, designed",70,4,19,"D 1,2 -> 5,6",19,True,0.0,237165.0,1,False,0.03758523474777508,0.05,1185814.0
"Fixed 237137, designed",70,5,14,"D 0,3 -> 4,7",14,True,0.0,237164.0,1,False,0.06571252399006697,0.05,1422978.0
"Fixed 237137, designed",70,6,11,"D 0,1 -> 6,7",22,False,0.04480658230253376,237163.0,1,False,0.043648521305584075,0.05,1660141.0
"Fixed 237137, designed",70,7,22,"D 2,3 -> 4,5",22,True,0.0,237163.0,1,False,0.06967473471393487,0.05,1897304.0
"Fixed 237137, designed",70,8,10,"D 0,1 -> 5,6",21,False,1.0,237163.0,1,False,0.009441304763103297,0.05,2134467.0
"Fixed 237137, designed",70,9,9,"D 0,1 -> 4,7",21,False,1.0,237163.0,1,False,0.009441304763103297,0.05,2371630.0
"Fixed 237137, designed",70,10,21,"D 1,3 -> 5,7",21,True,0.0,237163.0,1,False,0.009441304763103297,0.05,2608793.0
"Fixed 237137, designed",70,11,12,"D 0,2 -> 4,6",12,True,0.0,237162.0,1,False,0.01816733765010426,0.05,2845955.0
"Fixed 237137, designed",71,0,25,"D 2,3 -> 6,7",25,True,0.0,237162.0,1,False,0.31503606513167726,0.05,237162.0
"Fixed 237137, designed",71,1,18,"D 1,2 -> 4,7",15,True,0.0,237165.0,1,False,0.29681502172579394,0.05,474327.0
"Fixed 237137, designed",71,2,8,"D 0,1 -> 4,5",8,True,0.0,237160.0,1,False,0.3764697826210095,0.05,711487.0
"Fixed 237137, designed",71,3,15,"D 0,3 -> 5,6",15,True,0.0,237162.0,1,False,0.30026357217502075,0.05,948649.0
"Fixed 237137, designed",71,4,14,"D 0,3 -> 4,7",19,True,5.80789971671436e-10,237165.0,1,False,0.03758523474777508,0.05,1185814.0
"Fixed 237137, designed",71,5,19,"D 1,2 -> 5,6",19,True,0.0,237163.0,1,False,0.0657125239206618,0.05,1422977.0
"Fixed 237137, designed",71,6,22,"D 2,3 -> 4,5",22,True,0.0,237163.0,1,False,0.043648521241327065,0.05,1660140.0
"Fixed 237137, designed",71,7,11,"D 0,1 -> 6,7",11,True,0.0,237165.0,1,False,0.10072796416579699,0.05,1897305.0
"Fixed 237137, designed",71,8,7,S 3 -> 7,21,False,1.0,237163.0,1,False,0.009441304483876924,0.05,2134468.0
"Fixed 237137, designed",71,9,12,"D 0,2 -> 4,6",12,True,0.0,237163.0,1,False,0.009441304546048494,0.05,2371631.0
"Fixed 237137, designed",71,10,21,"D 1,3 -> 5,7",21,True,0.0,237162.0,1,False,0.018167337649211975,0.05,2608793.0
"Fixed 237137, designed",72,0,25,"D 2,3 -> 6,7",25,True,0.0,237162.0,1,False,0.31503606513167726,0.05,237162.0
"Fixed 237137, designed",72,1,15,"D 0,3 -> 5,6",15,True,0.0,237165.0,1,False,0.29681502172579394,0.05,474327.0
"Fixed 237137, designed",72,2,8,"D 0,1 -> 4,5",8,True,0.0,237164.0,1,False,0.3764697826210095,0.05,711491.0
"Fixed 237137, designed",72,3,18,"D 1,2 -> 4,7",18,True,0.0,237164.0,1,False,0.3002635722338174,0.05,948655.0
"Fixed 237137, designed",72,4,19,"D 1,2 -> 5,6",14,True,5.182410056647768e-12,237165.0,1,False,0.03758523457422756,0.05,1185820.0
"Fixed 237137, designed",72,5,14,"D 0,3 -> 4,7",14,True,0.0,237164.0,1,False,0.06571252392066197,0.05,1422984.0
"Fixed 237137, designed",72,6,22,"D 2,3 -> 4,5",22,True,0.0,237163.0,1,False,0.04364852124132713,0.05,1660147.0
"Fixed 237137, designed",72,7,11,"D 0,1 -> 6,7",11,True,0.0,237165.0,1,False,0.10072796416579667,0.05,1897312.0
"Fixed 237137, designed",72,8,21,"D 1,3 -> 5,7",21,True,0.0,237163.0,1,False,0.009441304630083448,0.05,2134475.0
"Fixed 237137, designed",72,9,12,"D 0,2 -> 4,6",12,True,0.0,237162.0,1,False,0.018167337649211367,0.05,2371637.0
"Fixed 237137, designed",73,0,25,"D 2,3 -> 6,7",25,True,0.0,237162.0,1,False,0.31503606513167726,0.05,237162.0
"Fixed 237137, designed",73,1,18,"D 1,2 -> 4,7",15,True,0.0,237165.0,1,False,0.29681502172579394,0.05,474327.0
"Fixed 237137, designed",73,2,8,"D 0,1 -> 4,5",8,True,0.0,237160.0,1,False,0.3764697826210095,0.05,711487.0
"Fixed 237137, designed",73,3,15,"D 0,3 -> 5,6",15,True,0.0,237162.0,1,False,0.30026357217502075,0.05,948649.0
"Fixed 237137, designed",73,4,19,"D 1,2 -> 5,6",19,True,0.0,237165.0,1,False,0.03758523474777508,0.05,1185814.0
"Fixed 237137, designed",73,5,14,"D 0,3 -> 4,7",14,True,0.0,237164.0,1,False,0.06571252399006697,0.05,1422978.0
"Fixed 237137, designed",73,6,11,"D 0,1 -> 6,7",22,False,0.04480658230253376,237163.0,1,False,0.043648521305584075,0.05,1660141.0
"Fixed 237137, designed",73,7,22,"D 2,3 -> 4,5",22,True,0.0,237163.0,1,False,0.06967473471393487,0.05,1897304.0
"Fixed 237137, designed",73,8,12,"D 0,2 -> 4,6",21,False,2.6598955260581647e-09,237163.0,1,False,0.009441304763103297,0.05,2134467.0
"Fixed 237137, designed",73,9,21,"D 1,3 -> 5,7",21,True,0.0,237162.0,1,False,0.018167337649211406,0.05,2371629.0
"Fixed 237137, designed",74,0,25,"D 2,3 -> 6,7",25,True,0.0,237162.0,1,False,0.31503606513167726,0.06,237162.0
"Fixed 237137, designed",74,1,18,"D 1,2 -> 4,7",15,True,0.0,237165.0,1,False,0.29681502172579394,0.05,474327.0
"Fixed 237137, designed",74,2,8,"D 0,1 -> 4,5",8,True,0.0,237160.0,1,False,0.3764697826210095,0.05,711487.0
"Fixed 237137, designed",74,3,15,"D 0,3 -> 5,6",15,True,0.0,237162.0,1,False,0.30026357217502075,0.05,948649.0
"Fixed 237137, designed",74,4,19,"D 1,2 -> 5,6",19,True,0.0,237165.0,1,False,0.03758523474777508,0.06,1185814.0
"Fixed 237137, designed",74,5,14,"D 0,3 -> 4,7",14,True,0.0,237164.0,1,False,0.06571252399006697,0.05,1422978.0
"Fixed 237137, designed",74,6,22,"D 2,3 -> 4,5",22,True,0.0,237163.0,1,False,0.043648521305584075,0.06,1660141.0
"Fixed 237137, designed",74,7,11,"D 0,1 -> 6,7",11,True,0.0,237165.0,1,False,0.10072796416579774,0.05,1897306.0
"Fixed 237137, designed",74,8,19,"D 1,2 -> 5,6",21,False,0.9999999644488752,237163.0,1,False,0.009441304483876945,0.06,2134469.0
"Fixed 237137, designed",74,9,12,"D 0,2 -> 4,6",12,True,0.0,237163.0,1,False,0.009441304531544882,0.05,2371632.0
"Fixed 237137, designed",74,10,21,"D 1,3 -> 5,7",21,True,0.0,237162.0,1,False,0.01816733768607448,0.06,2608794.0
"Fixed 237137, designed",75,0,25,"D 2,3 -> 6,7",25,True,0.0,237162.0,1,False,0.31503606513167726,0.05,237162.0
"Fixed 237137, designed",75,1,18,"D 1,2 -> 4,7",15,True,0.0,237165.0,1,False,0.29681502172579394,0.05,474327.0
"Fixed 237137, designed",75,2,8,"D 0,1 -> 4,5",8,True,0.0,237160.0,1,False,0.3764697826210095,0.05,711487.0
"Fixed 237137, designed",75,3,15,"D 0,3 -> 5,6",15,True,0.0,237162.0,1,False,0.30026357217502075,0.05,948649.0
"Fixed 237137, designed",75,4,14,"D 0,3 -> 4,7",19,True,5.80789971671436e-10,237165.0,1,False,0.03758523474777508,0.05,1185814.0
"Fixed 237137, designed",75,5,19,"D 1,2 -> 5,6",19,True,0.0,237163.0,1,False,0.0657125239206618,0.05,1422977.0
"Fixed 237137, designed",75,6,11,"D 0,1 -> 6,7",22,False,0.044806582285133345,237163.0,1,False,0.043648521241327065,0.05,1660140.0
"Fixed 237137, designed",75,7,22,"D 2,3 -> 4,5",22,True,0.0,237163.0,1,False,0.06967473482297251,0.05,1897303.0
"Fixed 237137, designed",75,8,21,"D 1,3 -> 5,7",12,True,7.587165340439128e-10,237163.0,1,False,0.009441304632724787,0.05,2134466.0
"Fixed 237137, designed",75,9,12,"D 0,2 -> 4,6",12,True,0.0,237162.0,1,False,0.01816733748162963,0.06,2371628.0
"Fixed 237137, designed",76,0,25,"D 2,3 -> 6,7",25,True,0.0,237162.0,1,False,0.31503606513167726,0.05,237162.0
"Fixed 237137, designed",76,1,18,"D 1,2 -> 4,7",15,True,0.0,237165.0,1,False,0.29681502172579394,0.05,474327.0
"Fixed 237137, designed",76,2,8,"D 0,1 -> 4,5",8,True,0.0,237160.0,1,False,0.3764697826210095,0.05,711487.0
"Fixed 237137, designed",76,3,15,"D 0,3 -> 5,6",15,True,0.0,237162.0,1,False,0.30026357217502075,0.05,948649.0
"Fixed 237137, designed",76,4,19,"D 1,2 -> 5,6",19,True,0.0,237165.0,1,False,0.03758523474777508,0.06,1185814.0
"Fixed 237137, designed",76,5,14,"D 0,3 -> 4,7",14,True,0.0,237164.0,1,False,0.06571252399006697,0.05,1422978.0
"Fixed 237137, designed",76,6,11,"D 0,1 -> 6,7",22,False,0.04480658230253376,237163.0,1,False,0.043648521305584075,0.05,1660141.0
"Fixed 237137, designed",76,7,22,"D 2,3 -> 4,5",22,True,0.0,237163.0,1,False,0.06967473471393487,0.06,1897304.0
"Fixed 237137, designed",76,8,21,"D 1,3 -> 5,7",21,True,0.0,237163.0,1,False,0.009441304763103297,0.06,2134467.0
"Fixed 237137, designed",76,9,12,"D 0,2 -> 4,6",12,True,0.0,237162.0,1,False,0.01816733765010426,0.06,2371629.0
"Fixed 237137, designed",77,0,25,"D 2,3 -> 6,7",25,True,0.0,237162.0,1,False,0.31503606513167726,0.05,237162.0
"Fixed 237137, designed",77,1,15,"D 0,3 -> 5,6",15,True,0.0,237165.0,1,False,0.29681502172579394,0.05,474327.0
"Fixed 237137, designed",77,2,8,"D 0,1 -> 4,5",8,True,0.0,237164.0,1,False,0.3764697826210095,0.05,711491.0
"Fixed 237137, designed",77,3,18,"D 1,2 -> 4,7",18,True,0.0,237164.0,1,False,0.3002635722338174,0.05,948655.0
"Fixed 237137, designed",77,4,19,"D 1,2 -> 5,6",14,True,5.182410056647768e-12,237165.0,1,False,0.03758523457422756,0.05,1185820.0
"Fixed 237137, designed",77,5,14,"D 0,3 -> 4,7",14,True,0.0,237164.0,1,False,0.06571252392066197,0.05,1422984.0
"Fixed 237137, designed",77,6,22,"D 2,3 -> 4,5",22,True,0.0,237163.0,1,False,0.04364852124132713,0.05,1660147.0
"Fixed 237137, designed",77,7,11,"D 0,1 -> 6,7",11,True,0.0,237165.0,1,False,0.10072796416579667,0.05,1897312.0
"Fixed 237137, designed",77,8,12,"D 0,2 -> 4,6",21,True,2.371568497139265e-10,237163.0,1,False,0.009441304630083448,0.05,2134475.0
"Fixed 237137, designed",77,9,21,"D 1,3 -> 5,7",21,True,0.0,237162.0,1,False,0.01816733759515189,0.05,2371637.0
"Fixed 237137, designed",78,0,25,"D 2,3 -> 6,7",25,True,0.0,237162.0,1,False,0.31503606513167726,0.06,237162.0
"Fixed 237137, designed",78,1,15,"D 0,3 -> 5,6",15,True,0.0,237165.0,1,False,0.29681502172579394,0.06,474327.0
"Fixed 237137, designed",78,2,8,"D 0,1 -> 4,5",8,True,0.0,237164.0,1,False,0.3764697826210095,0.05,711491.0
"Fixed 237137, designed",78,3,18,"D 1,2 -> 4,7",18,True,0.0,237164.0,1,False,0.3002635722338174,0.05,948655.0
"Fixed 237137, designed",78,4,14,"D 0,3 -> 4,7",14,True,0.0,237165.0,1,False,0.03758523457422756,0.05,1185820.0
"Fixed 237137, designed",78,5,19,"D 1,2 -> 5,6",19,True,0.0,237163.0,1,False,0.0657125239900671,0.05,1422983.0
"Fixed 237137, designed",78,6,22,"D 2,3 -> 4,5",22,True,0.0,237163.0,1,False,0.04364852130558422,0.05,1660146.0
"Fixed 237137, designed",78,7,11,"D 0,1 -> 6,7",11,True,0.0,237165.0,1,False,0.10072796416579655,0.05,1897311.0
"Fixed 237137, designed",78,8,21,"D 1,3 -> 5,7",21,True,0.0,237163.0,1,False,0.009441305047874061,0.06,2134474.0
"Fixed 237137, designed",78,9,12,"D 0,2 -> 4,6",12,True,0.0,237162.0,1,False,0.018167337649213765,0.05,2371636.0
"Fixed 237137, designed",79,0,25,"D 2,3 -> 6,7",25,True,0.0,237162.0,1,False,0.31503606513167726,0.05,237162.0
"Fixed 237137, designed",79,1,15,"D 0,3 -> 5,6",15,True,0.0,237165.0,1,False,0.29681502172579394,0.05,474327.0
"Fixed 237137, designed",79,2,8,"D 0,1 -> 4,5",8,True,0.0,237164.0,1,False,0.3764697826210095,0.05,711491.0
"Fixed 237137, designed",79,3,18,"D 1,2 -> 4,7",18,True,0.0,237164.0,1,False,0.3002635722338174,0.05,948655.0
"Fixed 237137, designed",79,4,14,"D 0,3 -> 4,7",14,True,0.0,237165.0,1,False,0.03758523457422756,0.05,1185820.0
"Fixed 237137, designed",79,5,19,"D 1,2 -> 5,6",19,True,0.0,237163.0,1,False,0.0657125239900671,0.05,1422983.0
"Fixed 237137, designed",79,6,22,"D 2,3 -> 4,5",22,True,0.0,237163.0,1,False,0.04364852130558422,0.05,1660146.0
"Fixed 237137, designed",79,7,11,"D 0,1 -> 6,7",11,True,0.0,237165.0,1,False,0.10072796416579655,0.05,1897311.0
"Fixed 237137, designed",79,8,11,"D 0,1 -> 6,7",21,False,0.9999999126698192,237163.0,1,False,0.009441305047874061,0.05,2134474.0
"Fixed 237137, designed",79,9,21,"D 1,3 -> 5,7",12,False,5.289864102309139e-09,237163.0,1,False,0.009441304776015793,0.05,2371637.0
"Fixed 237137, designed",79,10,12,"D 0,2 -> 4,6",12,True,0.0,237162.0,1,False,0.018167337807092458,0.05,2608799.0
"Fixed 237137, designed",80,0,25,"D 2,3 -> 6,7",25,True,0.0,237162.0,1,False,0.31503606513167726,0.06,237162.0
"Fixed 237137, designed",80,1,18,"D 1,2 -> 4,7",15,True,0.0,237165.0,1,False,0.29681502172579394,0.05,474327.0
"Fixed 237137, designed",80,2,8,"D 0,1 -> 4,5",8,True,0.0,237160.0,1,False,0.3764697826210095,0.05,711487.0
"Fixed 237137, designed",80,3,15,"D 0,3 -> 5,6",15,True,0.0,237162.0,1,False,0.30026357217502075,0.05,948649.0
"Fixed 237137, designed",80,4,14,"D 0,3 -> 4,7",19,True,5.80789971671436e-10,237165.0,1,False,0.03758523474777508,0.06,1185814.0
"Fixed 237137, designed",80,5,19,"D 1,2 -> 5,6",19,True,0.0,237163.0,1,False,0.0657125239206618,0.05,1422977.0
"Fixed 237137, designed",80,6,11,"D 0,1 -> 6,7",22,False,0.044806582285133345,237163.0,1,False,0.043648521241327065,0.05,1660140.0
"Fixed 237137, designed",80,7,22,"D 2,3 -> 4,5",22,True,0.0,237163.0,1,False,0.06967473482297251,0.05,1897303.0
"Fixed 237137, designed",80,8,12,"D 0,2 -> 4,6",12,True,0.0,237163.0,1,False,0.009441304632724787,0.05,2134466.0
"Fixed 237137, designed",80,9,21,"D 1,3 -> 5,7",21,True,0.0,237162.0,1,False,0.01816733764921178,0.06,2371628.0
"Fixed 237137, designed",81,0,25,"D 2,3 -> 6,7",25,True,0.0,237162.0,1,False,0.31503606513167726,0.06,237162.0
"Fixed 237137, designed",81,1,18,"D 1,2 -> 4,7",15,True,0.0,237165.0,1,False,0.29681502172579394,0.05,474327.0
"Fixed 237137, designed",81,2,8,"D 0,1 -> 4,5",8,True,0.0,237160.0,1,False,0.3764697826210095,0.05,711487.0
"Fixed 237137, designed",81,3,15,"D 0,3 -> 5,6",15,True,0.0,237162.0,1,False,0.30026357217502075,0.05,948649.0
"Fixed 237137, designed",81,4,19,"D 1,2 -> 5,6",19,True,0.0,237165.0,1,False,0.03758523474777508,0.06,1185814.0
"Fixed 237137, designed",81,5,14,"D 0,3 -> 4,7",14,True,0.0,237164.0,1,False,0.06571252399006697,0.06,1422978.0
"Fixed 237137, designed",81,6,22,"D 2,3 -> 4,5",22,True,0.0,237163.0,1,False,0.043648521305584075,0.06,1660141.0
"Fixed 237137, designed",81,7,11,"D 0,1 -> 6,7",11,True,0.0,237165.0,1,False,0.10072796416579774,0.05,1897306.0
"Fixed 237137, designed",81,8,12,"D 0,2 -> 4,6",21,False,2.297271373130627e-09,237163.0,1,False,0.009441304483876945,0.06,2134469.0
"Fixed 237137, designed",81,9,21,"D 1,3 -> 5,7",21,True,0.0,237162.0,1,False,0.018167337649210517,0.06,2371631.0
"Fixed 237137, designed",82,0,25,"D 2,3 -> 6,7",25,True,0.0,237162.0,1,False,0.31503606513167726,0.05,237162.0
"Fixed 237137, designed",82,1,18,"D 1,2 -> 4,7",15,True,0.0,237165.0,1,False,0.29681502172579394,0.05,474327.0
"Fixed 237137, designed",82,2,8,"D 0,1 -> 4,5",8,True,0.0,237160.0,1,False,0.3764697826210095,0.05,711487.0
"Fixed 237137, designed",82,3,15,"D 0,3 -> 5,6",15,True,0.0,237162.0,1,False,0.30026357217502075,0.05,948649.0
"Fixed 237137, designed",82,4,14,"D 0,3 -> 4,7",19,True,5.80789971671436e-10,237165.0,1,False,0.03758523474777508,0.05,1185814.0
"Fixed 237137, designed",82,5,19,"D 1,2 -> 5,6",19,True,0.0,237163.0,1,False,0.0657125239206618,0.05,1422977.0
"Fixed 237137, designed",82,6,11,"D 0,1 -> 6,7",22,False,0.044806582285133345,237163.0,1,False,0.043648521241327065,0.05,1660140.0
"Fixed 237137, designed",82,7,22,"D 2,3 -> 4,5",22,True,0.0,237163.0,1,False,0.06967473482297251,0.05,1897303.0
"Fixed 237137, designed",82,8,21,"D 1,3 -> 5,7",12,True,7.587165340439128e-10,237163.0,1,False,0.009441304632724787,0.05,2134466.0
"Fixed 237137, designed",82,9,12,"D 0,2 -> 4,6",12,True,0.0,237162.0,1,False,0.01816733748162963,0.06,2371628.0
"Fixed 237137, designed",83,0,25,"D 2,3 -> 6,7",25,True,0.0,237162.0,1,False,0.31503606513167726,0.05,237162.0
"Fixed 237137, designed",83,1,15,"D 0,3 -> 5,6",15,True,0.0,237165.0,1,False,0.29681502172579394,0.05,474327.0
"Fixed 237137, designed",83,2,8,"D 0,1 -> 4,5",8,True,0.0,237164.0,1,False,0.3764697826210095,0.05,711491.0
"Fixed 237137, designed",83,3,18,"D 1,2 -> 4,7",18,True,0.0,237164.0,1,False,0.3002635722338174,0.05,948655.0
"Fixed 237137, designed",83,4,14,"D 0,3 -> 4,7",14,True,0.0,237165.0,1,False,0.03758523457422756,0.05,1185820.0
"Fixed 237137, designed",83,5,19,"D 1,2 -> 5,6",19,True,0.0,237163.0,1,False,0.0657125239900671,0.05,1422983.0
"Fixed 237137, designed",83,6,22,"D 2,3 -> 4,5",22,True,0.0,237163.0,1,False,0.04364852130558422,0.05,1660146.0
"Fixed 237137, designed",83,7,11,"D 0,1 -> 6,7",11,True,0.0,237165.0,1,False,0.10072796416579655,0.05,1897311.0
"Fixed 237137, designed",83,8,12,"D 0,2 -> 4,6",21,False,1.6493607257750398e-08,237163.0,1,False,0.009441305047874061,0.06,2134474.0
"Fixed 237137, designed",83,9,21,"D 1,3 -> 5,7",21,True,0.0,237162.0,1,False,0.018167337650105482,0.06,2371636.0
"Fixed 237137, designed",84,0,25,"D 2,3 -> 6,7",25,True,0.0,237162.0,1,False,0.31503606513167726,0.06,237162.0
"Fixed 237137, designed",84,1,18,"D 1,2 -> 4,7",15,True,0.0,237165.0,1,False,0.29681502172579394,0.05,474327.0
"Fixed 237137, designed",84,2,8,"D 0,1 -> 4,5",8,True,0.0,237160.0,1,False,0.3764697826210095,0.05,711487.0
"Fixed 237137, designed",84,3,15,"D 0,3 -> 5,6",15,True,0.0,237162.0,1,False,0.30026357217502075,0.05,948649.0
"Fixed 237137, designed",84,4,14,"D 0,3 -> 4,7",19,True,5.80789971671436e-10,237165.0,1,False,0.03758523474777508,0.05,1185814.0
"Fixed 237137, designed",84,5,19,"D 1,2 -> 5,6",19,True,0.0,237163.0,1,False,0.0657125239206618,0.05,1422977.0
"Fixed 237137, designed",84,6,11,"D 0,1 -> 6,7",22,False,0.044806582285133345,237163.0,1,False,0.043648521241327065,0.05,1660140.0
"Fixed 237137, designed",84,7,22,"D 2,3 -> 4,5",22,True,0.0,237163.0,1,False,0.06967473482297251,0.05,1897303.0
"Fixed 237137, designed",84,8,12,"D 0,2 -> 4,6",12,True,0.0,237163.0,1,False,0.009441304632724787,0.05,2134466.0
"Fixed 237137, designed",84,9,21,"D 1,3 -> 5,7",21,True,0.0,237162.0,1,False,0.01816733764921178,0.05,2371628.0
"Fixed 237137, designed",85,0,25,"D 2,3 -> 6,7",25,True,0.0,237162.0,1,False,0.31503606513167726,0.06,237162.0
"Fixed 237137, designed",85,1,18,"D 1,2 -> 4,7",15,True,0.0,237165.0,1,False,0.29681502172579394,0.05,474327.0
"Fixed 237137, designed",85,2,8,"D 0,1 -> 4,5",8,True,0.0,237160.0,1,False,0.3764697826210095,0.05,711487.0
"Fixed 237137, designed",85,3,15,"D 0,3 -> 5,6",15,True,0.0,237162.0,1,False,0.30026357217502075,0.05,948649.0
"Fixed 237137, designed",85,4,14,"D 0,3 -> 4,7",19,True,5.80789971671436e-10,237165.0,1,False,0.03758523474777508,0.06,1185814.0
"Fixed 237137, designed",85,5,19,"D 1,2 -> 5,6",19,True,0.0,237163.0,1,False,0.0657125239206618,0.05,1422977.0
"Fixed 237137, designed",85,6,11,"D 0,1 -> 6,7",22,False,0.044806582285133345,237163.0,1,False,0.043648521241327065,0.05,1660140.0
"Fixed 237137, designed",85,7,22,"D 2,3 -> 4,5",22,True,0.0,237163.0,1,False,0.06967473482297251,0.05,1897303.0
"Fixed 237137, designed",85,8,25,"D 2,3 -> 6,7",12,False,0.9999999919569151,237163.0,1,False,0.009441304632724787,0.05,2134466.0
"Fixed 237137, designed",85,9,10,"D 0,1 -> 5,6",12,False,1.0,237163.0,1,False,0.009441304632724787,0.05,2371629.0
"Fixed 237137, designed",85,10,21,"D 1,3 -> 5,7",12,True,7.587165340439128e-10,237163.0,1,False,0.009441304632724787,0.05,2608792.0
"Fixed 237137, designed",85,11,12,"D 0,2 -> 4,6",12,True,0.0,237162.0,1,False,0.018167337657989075,0.06,2845954.0
"Fixed 237137, designed",86,0,25,"D 2,3 -> 6,7",25,True,0.0,237162.0,1,False,0.31503606513167726,0.06,237162.0
"Fixed 237137, designed",86,1,18,"D 1,2 -> 4,7",15,True,0.0,237165.0,1,False,0.29681502172579394,0.05,474327.0
"Fixed 237137, designed",86,2,8,"D 0,1 -> 4,5",8,True,0.0,237160.0,1,False,0.3764697826210095,0.05,711487.0
"Fixed 237137, designed",86,3,15,"D 0,3 -> 5,6",15,True,0.0,237162.0,1,False,0.30026357217502075,0.05,948649.0
"Fixed 237137, designed",86,4,14,"D 0,3 -> 4,7",19,True,5.80789971671436e-10,237165.0,1,False,0.03758523474777508,0.05,1185814.0
"Fixed 237137, designed",86,5,19,"D 1,2 -> 5,6",19,True,0.0,237163.0,1,False,0.0657125239206618,0.05,1422977.0
"Fixed 237137, designed",86,6,11,"D 0,1 -> 6,7",22,False,0.044806582285133345,237163.0,1,False,0.043648521241327065,0.06,1660140.0
"Fixed 237137, designed",86,7,22,"D 2,3 -> 4,5",22,True,0.0,237163.0,1,False,0.06967473482297251,0.05,1897303.0
"Fixed 237137, designed",86,8,17,"D 1,2 -> 4,5",12,False,1.0,237163.0,1,False,0.009441304632724787,0.05,2134466.0
"Fixed 237137, designed",86,9,21,"D 1,3 -> 5,7",12,True,7.587165340439128e-10,237163.0,1,False,0.009441304632724787,0.05,2371629.0
"Fixed 237137, designed",86,10,12,"D 0,2 -> 4,6",12,True,0.0,237162.0,1,False,0.01816733748162963,0.05,2608791.0
"Fixed 237137, designed",87,0,25,"D 2,3 -> 6,7",25,True,0.0,237162.0,1,False,0.31503606513167726,0.05,237162.0
"Fixed 237137, designed",87,1,18,"D 1,2 -> 4,7",15,True,0.0,237165.0,1,False,0.29681502172579394,0.05,474327.0
"Fixed 237137, designed",87,2,8,"D 0,1 -> 4,5",8,True,0.0,237160.0,1,False,0.3764697826210095,0.05,711487.0
"Fixed 237137, designed",87,3,15,"D 0,3 -> 5,6",15,True,0.0,237162.0,1,False,0.30026357217502075,0.05,948649.0
"Fixed 237137, designed",87,4,19,"D 1,2 -> 5,6",19,True,0.0,237165.0,1,False,0.03758523474777508,0.05,1185814.0
"Fixed 237137, designed",87,5,14,"D 0,3 -> 4,7",14,True,0.0,237164.0,1,False,0.06571252399006697,0.05,1422978.0
"Fixed 237137, designed",87,6,22,"D 2,3 -> 4,5",22,True,0.0,237163.0,1,False,0.043648521305584075,0.05,1660141.0
"Fixed 237137, designed",87,7,11,"D 0,1 -> 6,7",11,True,0.0,237165.0,1,False,0.10072796416579774,0.05,1897306.0
"Fixed 237137, designed",87,8,21,"D 1,3 -> 5,7",21,True,0.0,237163.0,1,False,0.009441304483876945,0.06,2134469.0
"Fixed 237137, designed",87,9,12,"D 0,2 -> 4,6",12,True,0.0,237162.0,1,False,0.018167337522397423,0.05,2371631.0
"Fixed 237137, designed",88,0,25,"D 2,3 -> 6,7",25,True,0.0,237162.0,1,False,0.31503606513167726,0.06,237162.0
"Fixed 237137, designed",88,1,18,"D 1,2 -> 4,7",15,True,0.0,237165.0,1,False,0.29681502172579394,0.05,474327.0
"Fixed 237137, designed",88,2,8,"D 0,1 -> 4,5",8,True,0.0,237160.0,1,False,0.3764697826210095,0.05,711487.0
"Fixed 237137, designed",88,3,15,"D 0,3 -> 5,6",15,True,0.0,237162.0,1,False,0.30026357217502075,0.05,948649.0
"Fixed 237137, designed",88,4,14,"D 0,3 -> 4,7",19,True,5.80789971671436e-10,237165.0,1,False,0.03758523474777508,0.06,1185814.0
"Fixed 237137, designed",88,5,19,"D 1,2 -> 5,6",19,True,0.0,237163.0,1,False,0.0657125239206618,0.05,1422977.0
"Fixed 237137, designed",88,6,22,"D 2,3 -> 4,5",22,True,0.0,237163.0,1,False,0.043648521241327065,0.05,1660140.0
"Fixed 237137, designed",88,7,11,"D 0,1 -> 6,7",11,True,0.0,237165.0,1,False,0.10072796416579699,0.05,1897305.0
"Fixed 237137, designed",88,8,21,"D 1,3 -> 5,7",21,True,0.0,237163.0,1,False,0.009441304483876924,0.05,2134468.0
"Fixed 237137, designed",88,9,12,"D 0,2 -> 4,6",12,True,0.0,237162.0,1,False,0.01816733748163215,0.06,2371630.0
"Fixed 237137, designed",89,0,25,"D 2,3 -> 6,7",25,True,0.0,237162.0,1,False,0.31503606513167726,0.05,237162.0
"Fixed 237137, designed",89,1,18,"D 1,2 -> 4,7",15,True,0.0,237165.0,1,False,0.29681502172579394,0.05,474327.0
"Fixed 237137, designed",89,2,8,"D 0,1 -> 4,5",8,True,0.0,237160.0,1,False,0.3764697826210095,0.05,711487.0
"Fixed 237137, designed",89,3,15,"D 0,3 -> 5,6",15,True,0.0,237162.0,1,False,0.30026357217502075,0.05,948649.0
"Fixed 237137, designed",89,4,19,"D 1,2 -> 5,6",19,True,0.0,237165.0,1,False,0.03758523474777508,0.05,1185814.0
"Fixed 237137, designed",89,5,14,"D 0,3 -> 4,7",14,True,0.0,237164.0,1,False,0.06571252399006697,0.05,1422978.0
"Fixed 237137, designed",89,6,11,"D 0,1 -> 6,7",22,False,0.04480658230253376,237163.0,1,False,0.043648521305584075,0.05,1660141.0
"Fixed 237137, designed",89,7,22,"D 2,3 -> 4,5",22,True,0.0,237163.0,1,False,0.06967473471393487,0.05,1897304.0
"Fixed 237137, designed",89,8,12,"D 0,2 -> 4,6",21,False,2.6598955260581647e-09,237163.0,1,False,0.009441304763103297,0.05,2134467.0
"Fixed 237137, designed",89,9,21,"D 1,3 -> 5,7",21,True,0.0,237162.0,1,False,0.018167337649211406,0.05,2371629.0
"Fixed 237137, designed",90,0,25,"D 2,3 -> 6,7",25,True,0.0,237162.0,1,False,0.31503606513167726,0.06,237162.0
"Fixed 237137, designed",90,1,15,"D 0,3 -> 5,6",15,True,0.0,237165.0,1,False,0.29681502172579394,0.05,474327.0
"Fixed 237137, designed",90,2,8,"D 0,1 -> 4,5",8,True,0.0,237164.0,1,False,0.3764697826210095,0.05,711491.0
"Fixed 237137, designed",90,3,18,"D 1,2 -> 4,7",18,True,0.0,237164.0,1,False,0.3002635722338174,0.05,948655.0
"Fixed 237137, designed",90,4,14,"D 0,3 -> 4,7",14,True,0.0,237165.0,1,False,0.03758523457422756,0.05,1185820.0
"Fixed 237137, designed",90,5,19,"D 1,2 -> 5,6",19,True,0.0,237163.0,1,False,0.0657125239900671,0.05,1422983.0
"Fixed 237137, designed",90,6,11,"D 0,1 -> 6,7",22,False,0.044806582302531095,237163.0,1,False,0.04364852130558422,0.06,1660146.0
"Fixed 237137, designed",90,7,22,"D 2,3 -> 4,5",22,True,0.0,237163.0,1,False,0.06967473471683744,0.05,1897309.0
"Fixed 237137, designed",90,8,12,"D 0,2 -> 4,6",12,True,0.0,237163.0,1,False,0.009441304763103292,0.06,2134472.0
"Fixed 237137, designed",90,9,7,S 3 -> 7,21,False,1.0,237162.0,1,False,0.018167337650104195,0.06,2371634.0
"Fixed 237137, designed",90,10,21,"D 1,3 -> 5,7",21,True,0.0,237162.0,1,False,0.018167337650104195,0.05,2608796.0
"Fixed 237137, designed",91,0,25,"D 2,3 -> 6,7",25,True,0.0,237162.0,1,False,0.31503606513167726,0.06,237162.0
"Fixed 237137, designed",91,1,15,"D 0,3 -> 5,6",15,True,0.0,237165.0,1,False,0.29681502172579394,0.05,474327.0
"Fixed 237137, designed",91,2,8,"D 0,1 -> 4,5",8,True,0.0,237164.0,1,False,0.3764697826210095,0.05,711491.0
"Fixed 237137, designed",91,3,18,"D 1,2 -> 4,7",18,True,0.0,237164.0,1,False,0.3002635722338174,0.05,948655.0
"Fixed 237137, designed",91,4,14,"D 0,3 -> 4,7",14,True,0.0,237165.0,1,False,0.03758523457422756,0.05,1185820.0
"Fixed 237137, designed",91,5,19,"D 1,2 -> 5,6",19,True,0.0,237163.0,1,False,0.0657125239900671,0.05,1422983.0
"Fixed 237137, designed",91,6,22,"D 2,3 -> 4,5",22,True,0.0,237163.0,1,False,0.04364852130558422,0.05,1660146.0
"Fixed 237137, designed",91,7,11,"D 0,1 -> 6,7",11,True,0.0,237165.0,1,False,0.10072796416579655,0.05,1897311.0
"Fixed 237137, designed",91,8,12,"D 0,2 -> 4,6",21,False,1.6493607257750398e-08,237163.0,1,False,0.009441305047874061,0.05,2134474.0
"Fixed 237137, designed",91,9,21,"D 1,3 -> 5,7",21,True,0.0,237162.0,1,False,0.018167337650105482,0.05,2371636.0
"Fixed 237137, designed",92,0,25,"D 2,3 -> 6,7",25,True,0.0,237162.0,1,False,0.31503606513167726,0.05,237162.0
"Fixed 237137, designed",92,1,15,"D 0,3 -> 5,6",15,True,0.0,237165.0,1,False,0.29681502172579394,0.05,474327.0
"Fixed 237137, designed",92,2,8,"D 0,1 -> 4,5",8,True,0.0,237164.0,1,False,0.3764697826210095,0.05,711491.0
"Fixed 237137, designed",92,3,18,"D 1,2 -> 4,7",18,True,0.0,237164.0,1,False,0.3002635722338174,0.05,948655.0
"Fixed 237137, designed",92,4,14,"D 0,3 -> 4,7",14,True,0.0,237165.0,1,False,0.03758523457422756,0.05,1185820.0
"Fixed 237137, designed",92,5,19,"D 1,2 -> 5,6",19,True,0.0,237163.0,1,False,0.0657125239900671,0.05,1422983.0
"Fixed 237137, designed",92,6,22,"D 2,3 -> 4,5",22,True,0.0,237163.0,1,False,0.04364852130558422,0.05,1660146.0
"Fixed 237137, designed",92,7,11,"D 0,1 -> 6,7",11,True,0.0,237165.0,1,False,0.10072796416579655,0.05,1897311.0
"Fixed 237137, designed",92,8,12,"D 0,2 -> 4,6",21,False,1.6493607257750398e-08,237163.0,1,False,0.009441305047874061,0.05,2134474.0
"Fixed 237137, designed",92,9,21,"D 1,3 -> 5,7",21,True,0.0,237162.0,1,False,0.018167337650105482,0.05,2371636.0
"Fixed 237137, designed",93,0,25,"D 2,3 -> 6,7",25,True,0.0,237162.0,1,False,0.31503606513167726,0.06,237162.0
"Fixed 237137, designed",93,1,15,"D 0,3 -> 5,6",15,True,0.0,237165.0,1,False,0.29681502172579394,0.05,474327.0
"Fixed 237137, designed",93,2,8,"D 0,1 -> 4,5",8,True,0.0,237164.0,1,False,0.3764697826210095,0.05,711491.0
"Fixed 237137, designed",93,3,18,"D 1,2 -> 4,7",18,True,0.0,237164.0,1,False,0.3002635722338174,0.05,948655.0
"Fixed 237137, designed",93,4,14,"D 0,3 -> 4,7",14,True,0.0,237165.0,1,False,0.03758523457422756,0.05,1185820.0
"Fixed 237137, designed",93,5,19,"D 1,2 -> 5,6",19,True,0.0,237163.0,1,False,0.0657125239900671,0.05,1422983.0
"Fixed 237137, designed",93,6,22,"D 2,3 -> 4,5",22,True,0.0,237163.0,1,False,0.04364852130558422,0.05,1660146.0
"Fixed 237137, designed",93,7,11,"D 0,1 -> 6,7",11,True,0.0,237165.0,1,False,0.10072796416579655,0.05,1897311.0
"Fixed 237137, designed",93,8,5,S 2 -> 6,21,False,1.0,237163.0,1,False,0.009441305047874061,0.06,2134474.0
"Fixed 237137, designed",93,9,3,S 1 -> 7,21,False,1.0,237163.0,1,False,0.00944130458544351,0.05,2371637.0
"Fixed 237137, designed",93,10,21,"D 1,3 -> 5,7",21,True,0.0,237163.0,1,False,0.00944130458544351,0.05,2608800.0
"Fixed 237137, designed",93,11,12,"D 0,2 -> 4,6",12,True,0.0,237162.0,1,False,0.018167337511205264,0.06,2845962.0
"Fixed 237137, designed",94,0,25,"D 2,3 -> 6,7",25,True,0.0,237162.0,1,False,0.31503606513167726,0.05,237162.0
"Fixed 237137, designed",94,1,15,"D 0,3 -> 5,6",15,True,0.0,237165.0,1,False,0.29681502172579394,0.05,474327.0
"Fixed 237137, designed",94,2,8,"D 0,1 -> 4,5",8,True,0.0,237164.0,1,False,0.3764697826210095,0.05,711491.0
"Fixed 237137, designed",94,3,18,"D 1,2 -> 4,7",18,True,0.0,237164.0,1,False,0.3002635722338174,0.05,948655.0
"Fixed 237137, designed",94,4,19,"D 1,2 -> 5,6",14,True,5.182410056647768e-12,237165.0,1,False,0.03758523457422756,0.05,1185820.0
"Fixed 237137, designed",94,5,14,"D 0,3 -> 4,7",14,True,0.0,237164.0,1,False,0.06571252392066197,0.05,1422984.0
"Fixed 237137, designed",94,6,11,"D 0,1 -> 6,7",22,False,0.044806582285143115,237163.0,1,False,0.04364852124132713,0.05,1660147.0
"Fixed 237137, designed",94,7,22,"D 2,3 -> 4,5",22,True,0.0,237163.0,1,False,0.06967473471393487,0.05,1897310.0
"Fixed 237137, designed",94,8,1,S 0 -> 6,21,False,1.0,237163.0,1,False,0.009441304632724919,0.05,2134473.0
"Fixed 237137, designed",94,9,14,"D 0,3 -> 4,7",21,False,0.999999986483221,237163.0,1,False,0.009441304632724919,0.05,2371636.0
"Fixed 237137, designed",94,10,21,"D 1,3 -> 5,7",21,True,0.0,237163.0,1,False,0.009441304632724919,0.05,2608799.0
"Fixed 237137, designed",94,11,12,"D 0,2 -> 4,6",12,True,0.0,237162.0,1,False,0.018167337686074203,0.05,2845961.0
"Fixed 237137, designed",95,0,25,"D 2,3 -> 6,7",25,True,0.0,237162.0,1,False,0.31503606513167726,0.05,237162.0
"Fixed 237137, designed",95,1,15,"D 0,3 -> 5,6",15,True,0.0,237165.0,1,False,0.29681502172579394,0.05,474327.0
"Fixed 237137, designed",95,2,8,"D 0,1 -> 4,5",8,True,0.0,237164.0,1,False,0.3764697826210095,0.05,711491.0
"Fixed 237137, designed",95,3,18,"D 1,2 -> 4,7",18,True,0.0,237164.0,1,False,0.3002635722338174,0.05,948655.0
"Fixed 237137, designed",95,4,19,"D 1,2 -> 5,6",14,True,5.182410056647768e-12,237165.0,1,False,0.03758523457422756,0.05,1185820.0
"Fixed 237137, designed",95,5,14,"D 0,3 -> 4,7",14,True,0.0,237164.0,1,False,0.06571252392066197,0.05,1422984.0
"Fixed 237137, designed",95,6,22,"D 2,3 -> 4,5",22,True,0.0,237163.0,1,False,0.04364852124132713,0.05,1660147.0
"Fixed 237137, designed",95,7,11,"D 0,1 -> 6,7",11,True,0.0,237165.0,1,False,0.10072796416579667,0.05,1897312.0
"Fixed 237137, designed",95,8,24,"D 2,3 -> 5,6",21,False,1.0,237163.0,1,False,0.009441304630083448,0.05,2134475.0
"Fixed 237137, designed",95,9,21,"D 1,3 -> 5,7",21,True,0.0,237163.0,1,False,0.009441304630083448,0.05,2371638.0
"Fixed 237137, designed",95,10,12,"D 0,2 -> 4,6",12,True,0.0,237162.0,1,False,0.018167337649211367,0.05,2608800.0
"Fixed 237137, pilot",0,0,25,"D 2,3 -> 6,7",25,True,0.0,237162.0,1,False,0.31503606513167726,0.12,237162.0
"Fixed 237137, pilot",0,1,18,"D 1,2 -> 4,7",15,True,0.0,237159.0,1,False,0.29681502172579394,0.11,474321.0
"Fixed 237137, pilot",0,2,8,"D 0,1 -> 4,5",8,True,0.0,237163.0,1,False,0.3764697826210095,0.11,711484.0
"Fixed 237137, pilot",0,3,15,"D 0,3 -> 5,6",15,True,0.0,237161.0,1,False,0.30026357217502075,0.11,948645.0
"Fixed 237137, pilot",0,4,14,"D 0,3 -> 4,7",19,True,5.80789971671436e-10,237163.0,1,False,0.03758523474777508,0.11,1185808.0
"Fixed 237137, pilot",0,5,19,"D 1,2 -> 5,6",19,True,0.0,237164.0,1,False,0.0657125239206618,0.11,1422972.0
"Fixed 237137, pilot",0,6,22,"D 2,3 -> 4,5",22,True,0.0,237160.0,1,False,0.043648521241327065,0.11,1660132.0
"Fixed 237137, pilot",0,7,11,"D 0,1 -> 6,7",11,True,0.0,237164.0,1,False,0.10072796416579699,0.11,1897296.0
"Fixed 237137, pilot",0,8,12,"D 0,2 -> 4,6",21,False,2.297273260509769e-09,237163.0,1,False,0.009441304483876924,0.11,2134459.0
"Fixed 237137, pilot",0,9,21,"D 1,3 -> 5,7",21,True,0.0,237163.0,1,False,0.018167337649210347,0.11,2371622.0
"Fixed 237137, pilot",1,0,25,"D 2,3 -> 6,7",25,True,0.0,237161.0,1,False,0.31503606513167726,0.12,237161.0
"Fixed 237137, pilot",1,1,15,"D 0,3 -> 5,6",15,True,0.0,237162.0,1,False,0.29681502172579394,0.11,474323.0
"Fixed 237137, pilot",1,2,8,"D 0,1 -> 4,5",8,True,0.0,237161.0,1,False,0.3764697826210095,0.11,711484.0
"Fixed 237137, pilot",1,3,18,"D 1,2 -> 4,7",18,True,0.0,237163.0,1,False,0.3002635722338174,0.11,948647.0
"Fixed 237137, pilot",1,4,19,"D 1,2 -> 5,6",14,True,5.182410056647768e-12,237163.0,1,False,0.03758523457422756,0.11,1185810.0
"Fixed 237137, pilot",1,5,14,"D 0,3 -> 4,7",14,True,0.0,237163.0,1,False,0.06571252392066197,0.11,1422973.0
"Fixed 237137, pilot",1,6,22,"D 2,3 -> 4,5",22,True,0.0,237164.0,1,False,0.04364852124132713,0.11,1660137.0
"Fixed 237137, pilot",1,7,11,"D 0,1 -> 6,7",11,True,0.0,237166.0,1,False,0.10072796416579667,0.11,1897303.0
"Fixed 237137, pilot",1,8,16,"D 0,3 -> 6,7",21,False,1.0,237164.0,1,False,0.009441304630083448,0.11,2134467.0
"Fixed 237137, pilot",1,9,21,"D 1,3 -> 5,7",21,True,0.0,237162.0,1,False,0.009441304630083448,0.11,2371629.0
"Fixed 237137, pilot",1,10,12,"D 0,2 -> 4,6",12,True,0.0,237164.0,1,False,0.018167337649211367,0.11,2608793.0
"Fixed 237137, pilot",2,0,25,"D 2,3 -> 6,7",25,True,0.0,237161.0,1,False,0.31503606513167726,0.12,237161.0
"Fixed 237137, pilot",2,1,8,"D 0,1 -> 4,5",15,False,0.033311851350335986,237162.0,1,False,0.29681502172579394,0.11,474323.0
"Fixed 237137, pilot",2,2,15,"D 0,3 -> 5,6",15,True,0.0,237165.0,1,False,0.303713351808019,0.11,711488.0
"Fixed 237137, pilot",2,3,18,"D 1,2 -> 4,7",18,True,0.0,237162.0,1,False,0.38824803810173436,0.11,948650.0
"Fixed 237137, pilot",2,4,19,"D 1,2 -> 5,6",14,True,5.1515680610236814e-11,237164.0,1,False,0.03758523456612019,0.11,1185814.0
"Fixed 237137, pilot",2,5,14,"D 0,3 -> 4,7",14,True,0.0,237163.0,1,False,0.06571252413529657,0.11,1422977.0
"Fixed 237137, pilot",2,6,22,"D 2,3 -> 4,5",22,True,0.0,237164.0,1,False,0.04364852179220628,0.11,1660141.0
"Fixed 237137, pilot",2,7,11,"D 0,1 -> 6,7",11,True,0.0,237162.0,1,False,0.10072796429211588,0.11,1897303.0
"Fixed 237137, pilot",2,8,6,S 3 -> 5,12,False,1.0,237162.0,1,False,0.009441304180829412,0.11,2134465.0
"Fixed 237137, pilot",2,9,6,S 3 -> 5,12,False,1.0,237162.0,1,False,0.009441304180829412,0.11,2371627.0
"Fixed 237137, pilot",2,10,12,"D 0,2 -> 4,6",12,True,0.0,237160.0,1,False,0.009441304180829412,0.11,2608787.0
"Fixed 237137, pilot",2,11,21,"D 1,3 -> 5,7",21,True,0.0,237167.0,1,False,0.01816733741768866,0.11,2845954.0
"Fixed 237137, pilot",3,0,25,"D 2,3 -> 6,7",25,True,0.0,237164.0,1,False,0.31503606513167726,0.12,237164.0
"Fixed 237137, pilot",3,1,18,"D 1,2 -> 4,7",15,True,0.0,237167.0,1,False,0.29681502172579394,0.11,474331.0
"Fixed 237137, pilot",3,2,8,"D 0,1 -> 4,5",8,True,0.0,237164.0,1,False,0.3764697826210095,0.11,711495.0
"Fixed 237137, pilot",3,3,15,"D 0,3 -> 5,6",15,True,0.0,237167.0,1,False,0.30026357217502075,0.11,948662.0
"Fixed 237137, pilot",3,4,14,"D 0,3 -> 4,7",19,True,5.80789971671436e-10,237164.0,1,False,0.03758523474777508,0.11,1185826.0
"Fixed 237137, pilot",3,5,19,"D 1,2 -> 5,6",19,True,0.0,237162.0,1,False,0.0657125239206618,0.11,1422988.0
"Fixed 237137, pilot",3,6,22,"D 2,3 -> 4,5",22,True,0.0,237162.0,1,False,0.043648521241327065,0.11,1660150.0
"Fixed 237137, pilot",3,7,11,"D 0,1 -> 6,7",11,True,0.0,237164.0,1,False,0.10072796416579699,0.11,1897314.0
"Fixed 237137, pilot",3,8,21,"D 1,3 -> 5,7",21,True,0.0,237163.0,1,False,0.009441304483876924,0.11,2134477.0
"Fixed 237137, pilot",3,9,12,"D 0,2 -> 4,6",12,True,0.0,237166.0,1,False,0.01816733748163215,0.11,2371643.0
"Fixed 237137, pilot",4,0,25,"D 2,3 -> 6,7",25,True,0.0,237162.0,1,False,0.31503606513167726,0.12,237162.0
"Fixed 237137, pilot",4,1,15,"D 0,3 -> 5,6",15,True,0.0,237164.0,1,False,0.29681502172579394,0.11,474326.0
"Fixed 237137, pilot",4,2,8,"D 0,1 -> 4,5",8,True,0.0,237166.0,1,False,0.3764697826210095,0.11,711492.0
"Fixed 237137, pilot",4,3,18,"D 1,2 -> 4,7",18,True,0.0,237161.0,1,False,0.3002635722338174,0.11,948653.0
"Fixed 237137, pilot",4,4,14,"D 0,3 -> 4,7",14,True,0.0,237164.0,1,False,0.03758523457422756,0.11,1185817.0
"Fixed 237137, pilot",4,5,19,"D 1,2 -> 5,6",19,True,0.0,237164.0,1,False,0.0657125239900671,0.11,1422981.0
"Fixed 237137, pilot",4,6,22,"D 2,3 -> 4,5",22,True,0.0,237163.0,1,False,0.04364852130558422,0.11,1660144.0
"Fixed 237137, pilot",4,7,11,"D 0,1 -> 6,7",11,True,0.0,237164.0,1,False,0.10072796416579655,0.11,1897308.0
"Fixed 237137, pilot",4,8,12,"D 0,2 -> 4,6",21,False,1.6493607257750398e-08,237163.0,1,False,0.009441305047874061,0.11,2134471.0
"Fixed 237137, pilot",4,9,21,"D 1,3 -> 5,7",21,True,0.0,237165.0,1,False,0.018167337650105482,0.11,2371636.0
"Fixed 237137, pilot",5,0,25,"D 2,3 -> 6,7",25,True,0.0,237160.0,1,False,0.31503606513167726,0.12,237160.0
"Fixed 237137, pilot",5,1,15,"D 0,3 -> 5,6",15,True,0.0,237164.0,1,False,0.29681502172579394,0.11,474324.0
"Fixed 237137, pilot",5,2,8,"D 0,1 -> 4,5",8,True,0.0,237164.0,1,False,0.3764697826210095,0.11,711488.0
"Fixed 237137, pilot",5,3,18,"D 1,2 -> 4,7",18,True,0.0,237164.0,1,False,0.3002635722338174,0.11,948652.0
"Fixed 237137, pilot",5,4,14,"D 0,3 -> 4,7",14,True,0.0,237164.0,1,False,0.03758523457422756,0.11,1185816.0
"Fixed 237137, pilot",5,5,19,"D 1,2 -> 5,6",19,True,0.0,237163.0,1,False,0.0657125239900671,0.11,1422979.0
"Fixed 237137, pilot",5,6,11,"D 0,1 -> 6,7",22,False,0.044806582302531095,237163.0,1,False,0.04364852130558422,0.11,1660142.0
"Fixed 237137, pilot",5,7,22,"D 2,3 -> 4,5",22,True,0.0,237161.0,1,False,0.06967473471683744,0.11,1897303.0
"Fixed 237137, pilot",5,8,2,S 1 -> 5,12,False,1.0,237165.0,1,False,0.009441304763103292,0.11,2134468.0
"Fixed 237137, pilot",5,9,21,"D 1,3 -> 5,7",12,False,2.6598964142365844e-09,237163.0,1,False,0.009441304763103292,0.11,2371631.0
"Fixed 237137, pilot",5,10,12,"D 0,2 -> 4,6",12,True,0.0,237167.0,1,False,0.018167337649211208,0.11,2608798.0
"Fixed 237137, pilot",6,0,25,"D 2,3 -> 6,7",25,True,0.0,237160.0,1,False,0.31503606513167726,0.12,237160.0
"Fixed 237137, pilot",6,1,15,"D 0,3 -> 5,6",15,True,0.0,237167.0,1,False,0.29681502172579394,0.11,474327.0
"Fixed 237137, pilot",6,2,8,"D 0,1 -> 4,5",8,True,0.0,237161.0,1,False,0.3764697826210095,0.11,711488.0
"Fixed 237137, pilot",6,3,18,"D 1,2 -> 4,7",18,True,0.0,237164.0,1,False,0.3002635722338174,0.11,948652.0
"Fixed 237137, pilot",6,4,14,"D 0,3 -> 4,7",14,True,0.0,237162.0,1,False,0.03758523457422756,0.11,1185814.0
"Fixed 237137, pilot",6,5,19,"D 1,2 -> 5,6",19,True,0.0,237168.0,1,False,0.0657125239900671,0.11,1422982.0
"Fixed 237137, pilot",6,6,22,"D 2,3 -> 4,5",22,True,0.0,237163.0,1,False,0.04364852130558422,0.11,1660145.0
"Fixed 237137, pilot",6,7,11,"D 0,1 -> 6,7",11,True,0.0,237163.0,1,False,0.10072796416579655,0.11,1897308.0
"Fixed 237137, pilot",6,8,14,"D 0,3 -> 4,7",21,False,0.9999995417384261,237163.0,1,False,0.009441305047874061,0.11,2134471.0
"Fixed 237137, pilot",6,9,1,S 0 -> 6,12,False,1.0,237163.0,1,False,0.009441305056906598,0.11,2371634.0
"Fixed 237137, pilot",6,10,12,"D 0,2 -> 4,6",21,False,1.4340307830096322e-09,237163.0,1,False,0.0094413045936575,0.11,2608797.0
"Fixed 237137, pilot",6,11,21,"D 1,3 -> 5,7",21,True,0.0,237164.0,1,False,0.018167337672102237,0.11,2845961.0
"Fixed 237137, pilot",7,0,25,"D 2,3 -> 6,7",25,True,0.0,237164.0,1,False,0.31503606513167726,0.12,237164.0
"Fixed 237137, pilot",7,1,15,"D 0,3 -> 5,6",15,True,0.0,237161.0,1,False,0.29681502172579394,0.11,474325.0
"Fixed 237137, pilot",7,2,8,"D 0,1 -> 4,5",8,True,0.0,237164.0,1,False,0.3764697826210095,0.11,711489.0
"Fixed 237137, pilot",7,3,18,"D 1,2 -> 4,7",18,True,0.0,237160.0,1,False,0.3002635722338174,0.11,948649.0
"Fixed 237137, pilot",7,4,19,"D 1,2 -> 5,6",14,True,5.182410056647768e-12,237160.0,1,False,0.03758523457422756,0.11,1185809.0
"Fixed 237137, pilot",7,5,14,"D 0,3 -> 4,7",14,True,0.0,237166.0,1,False,0.06571252392066197,0.11,1422975.0
"Fixed 237137, pilot",7,6,22,"D 2,3 -> 4,5",22,True,0.0,237161.0,1,False,0.04364852124132713,0.11,1660136.0
"Fixed 237137, pilot",7,7,11,"D 0,1 -> 6,7",11,True,0.0,237166.0,1,False,0.10072796416579667,0.11,1897302.0
"Fixed 237137, pilot",7,8,7,S 3 -> 7,21,False,1.0,237166.0,1,False,0.009441304630083448,0.11,2134468.0
"Fixed 237137, pilot",7,9,21,"D 1,3 -> 5,7",21,True,0.0,237164.0,1,False,0.009441304630083448,0.11,2371632.0
"Fixed 237137, pilot",7,10,12,"D 0,2 -> 4,6",12,True,0.0,237159.0,1,False,0.018167337649211367,0.11,2608791.0
"Fixed 237137, pilot",8,0,25,"D 2,3 -> 6,7",25,True,0.0,237166.0,1,False,0.31503606513167726,0.11,237166.0
"Fixed 237137, pilot",8,1,18,"D 1,2 -> 4,7",15,True,0.0,237164.0,1,False,0.29681502172579394,0.11,474330.0
"Fixed 237137, pilot",8,2,8,"D 0,1 -> 4,5",8,True,0.0,237165.0,1,False,0.3764697826210095,0.11,711495.0
"Fixed 237137, pilot",8,3,15,"D 0,3 -> 5,6",15,True,0.0,237162.0,1,False,0.30026357217502075,0.11,948657.0
"Fixed 237137, pilot",8,4,19,"D 1,2 -> 5,6",19,True,0.0,237163.0,1,False,0.03758523474777508,0.11,1185820.0
"Fixed 237137, pilot",8,5,14,"D 0,3 -> 4,7",14,True,0.0,237161.0,1,False,0.06571252399006697,0.11,1422981.0
"Fixed 237137, pilot",8,6,22,"D 2,3 -> 4,5",22,True,0.0,237164.0,1,False,0.043648521305584075,0.11,1660145.0
"Fixed 237137, pilot",8,7,11,"D 0,1 -> 6,7",11,True,0.0,237162.0,1,False,0.10072796416579774,0.11,1897307.0
"Fixed 237137, pilot",8,8,25,"D 2,3 -> 6,7",21,False,0.999999861478396,237166.0,1,False,0.009441304483876945,0.11,2134473.0
"Fixed 237137, pilot",8,9,2,S 1 -> 5,21,False,1.0,237166.0,1,False,0.00944130448014558,0.11,2371639.0
"Fixed 237137, pilot",8,10,12,"D 0,2 -> 4,6",21,True,8.286266117707441e-10,237166.0,1,False,0.00944130448014558,0.11,2608805.0
"Fixed 237137, pilot",8,11,21,"D 1,3 -> 5,7",21,True,0.0,237160.0,1,False,0.018167337688031193,0.11,2845965.0
"Fixed 237137, pilot",9,0,25,"D 2,3 -> 6,7",25,True,0.0,237162.0,1,False,0.31503606513167726,0.11,237162.0
"Fixed 237137, pilot",9,1,18,"D 1,2 -> 4,7",15,True,0.0,237161.0,1,False,0.29681502172579394,0.11,474323.0
"Fixed 237137, pilot",9,2,8,"D 0,1 -> 4,5",8,True,0.0,237166.0,1,False,0.3764697826210095,0.11,711489.0
"Fixed 237137, pilot",9,3,15,"D 0,3 -> 5,6",15,True,0.0,237161.0,1,False,0.30026357217502075,0.11,948650.0
"Fixed 237137, pilot",9,4,14,"D 0,3 -> 4,7",19,True,5.80789971671436e-10,237160.0,1,False,0.03758523474777508,0.11,1185810.0
"Fixed 237137, pilot",9,5,19,"D 1,2 -> 5,6",19,True,0.0,237161.0,1,False,0.0657125239206618,0.11,1422971.0
"Fixed 237137, pilot",9,6,11,"D 0,1 -> 6,7",22,False,0.044806582285133345,237165.0,1,False,0.043648521241327065,0.11,1660136.0
"Fixed 237137, pilot",9,7,22,"D 2,3 -> 4,5",22,True,0.0,237163.0,1,False,0.06967473482297251,0.11,1897299.0
"Fixed 237137, pilot",9,8,12,"D 0,2 -> 4,6",12,True,0.0,237159.0,1,False,0.009441304632724787,0.11,2134458.0
"Fixed 237137, pilot",9,9,21,"D 1,3 -> 5,7",21,True,0.0,237167.0,1,False,0.01816733764921178,0.11,2371625.0
"Fixed 237137, pilot",10,0,25,"D 2,3 -> 6,7",25,True,0.0,237163.0,1,False,0.31503606513167726,0.11,237163.0
"Fixed 237137, pilot",10,1,18,"D 1,2 -> 4,7",15,True,0.0,237166.0,1,False,0.29681502172579394,0.11,474329.0
"Fixed 237137, pilot",10,2,8,"D 0,1 -> 4,5",8,True,0.0,237162.0,1,False,0.3764697826210095,0.11,711491.0
"Fixed 237137, pilot",10,3,15,"D 0,3 -> 5,6",15,True,0.0,237167.0,1,False,0.30026357217502075,0.11,948658.0
"Fixed 237137, pilot",10,4,14,"D 0,3 -> 4,7",19,True,5.80789971671436e-10,237162.0,1,False,0.03758523474777508,0.11,1185820.0
"Fixed 237137, pilot",10,5,19,"D 1,2 -> 5,6",19,True,0.0,237163.0,1,False,0.0657125239206618,0.11,1422983.0
"Fixed 237137, pilot",10,6,22,"D 2,3 -> 4,5",22,True,0.0,237164.0,1,False,0.043648521241327065,0.11,1660147.0
"Fixed 237137, pilot",10,7,11,"D 0,1 -> 6,7",11,True,0.0,237161.0,1,False,0.10072796416579699,0.11,1897308.0
"Fixed 237137, pilot",10,8,12,"D 0,2 -> 4,6",21,False,2.297273260509769e-09,237160.0,1,False,0.009441304483876924,0.11,2134468.0
"Fixed 237137, pilot",10,9,21,"D 1,3 -> 5,7",21,True,0.0,237167.0,1,False,0.018167337649210347,0.11,2371635.0
"Fixed 237137, pilot",11,0,25,"D 2,3 -> 6,7",25,True,0.0,237164.0,1,False,0.31503606513167726,0.11,237164.0
"Fixed 237137, pilot",11,1,18,"D 1,2 -> 4,7",15,True,0.0,237163.0,1,False,0.29681502172579394,0.11,474327.0
"Fixed 237137, pilot",11,2,8,"D 0,1 -> 4,5",8,True,0.0,237161.0,1,False,0.3764697826210095,0.11,711488.0
"Fixed 237137, pilot",11,3,15,"D 0,3 -> 5,6",15,True,0.0,237162.0,1,False,0.30026357217502075,0.11,948650.0
"Fixed 237137, pilot",11,4,19,"D 1,2 -> 5,6",19,True,0.0,237162.0,1,False,0.03758523474777508,0.11,1185812.0
"Fixed 237137, pilot",11,5,14,"D 0,3 -> 4,7",14,True,0.0,237167.0,1,False,0.06571252399006697,0.11,1422979.0
"Fixed 237137, pilot",11,6,11,"D 0,1 -> 6,7",22,False,0.04480658230253376,237164.0,1,False,0.043648521305584075,0.11,1660143.0
"Fixed 237137, pilot",11,7,22,"D 2,3 -> 4,5",22,True,0.0,237163.0,1,False,0.06967473471393487,0.11,1897306.0
"Fixed 237137, pilot",11,8,21,"D 1,3 -> 5,7",21,True,0.0,237162.0,1,False,0.009441304763103297,0.11,2134468.0
"Fixed 237137, pilot",11,9,12,"D 0,2 -> 4,6",12,True,0.0,237164.0,1,False,0.01816733765010426,0.11,2371632.0
"Fixed 237137, pilot",12,0,25,"D 2,3 -> 6,7",25,True,0.0,237165.0,1,False,0.31503606513167726,0.11,237165.0
"Fixed 237137, pilot",12,1,15,"D 0,3 -> 5,6",15,True,0.0,237165.0,1,False,0.29681502172579394,0.11,474330.0
"Fixed 237137, pilot",12,2,8,"D 0,1 -> 4,5",8,True,0.0,237162.0,1,False,0.3764697826210095,0.11,711492.0
"Fixed 237137, pilot",12,3,18,"D 1,2 -> 4,7",18,True,0.0,237160.0,1,False,0.3002635722338174,0.11,948652.0
"Fixed 237137, pilot",12,4,14,"D 0,3 -> 4,7",14,True,0.0,237167.0,1,False,0.03758523457422756,0.11,1185819.0
"Fixed 237137, pilot",12,5,19,"D 1,2 -> 5,6",19,True,0.0,237165.0,1,False,0.0657125239900671,0.11,1422984.0
"Fixed 237137, pilot",12,6,11,"D 0,1 -> 6,7",22,False,0.044806582302531095,237164.0,1,False,0.04364852130558422,0.11,1660148.0
"Fixed 237137, pilot",12,7,22,"D 2,3 -> 4,5",22,True,0.0,237162.0,1,False,0.06967473471683744,0.11,1897310.0
"Fixed 237137, pilot",12,8,21,"D 1,3 -> 5,7",12,False,2.6598964142365844e-09,237160.0,1,False,0.009441304763103292,0.11,2134470.0
"Fixed 237137, pilot",12,9,12,"D 0,2 -> 4,6",12,True,0.0,237165.0,1,False,0.018167337649211208,0.11,2371635.0
"Fixed 237137, pilot",13,0,25,"D 2,3 -> 6,7",25,True,0.0,237160.0,1,False,0.31503606513167726,0.11,237160.0
"Fixed 237137, pilot",13,1,8,"D 0,1 -> 4,5",15,False,0.033311851350335986,237166.0,1,False,0.29681502172579394,0.11,474326.0
"Fixed 237137, pilot",13,2,15,"D 0,3 -> 5,6",15,True,0.0,237164.0,1,False,0.303713351808019,0.11,711490.0
"Fixed 237137, pilot",13,3,18,"D 1,2 -> 4,7",18,True,0.0,237164.0,1,False,0.38824803810173436,0.11,948654.0
"Fixed 237137, pilot",13,4,14,"D 0,3 -> 4,7",14,True,0.0,237163.0,1,False,0.03758523456612019,0.11,1185817.0
"Fixed 237137, pilot",13,5,19,"D 1,2 -> 5,6",19,True,0.0,237163.0,1,False,0.0657125241352967,0.11,1422980.0
"Fixed 237137, pilot",13,6,22,"D 2,3 -> 4,5",22,True,0.0,237168.0,1,False,0.043648521856409134,0.11,1660148.0
"Fixed 237137, pilot",13,7,11,"D 0,1 -> 6,7",11,True,0.0,237166.0,1,False,0.10072796429211578,0.11,1897314.0
"Fixed 237137, pilot",13,8,12,"D 0,2 -> 4,6",12,True,0.0,237165.0,1,False,0.009441304132124777,0.11,2134479.0
"Fixed 237137, pilot",13,9,21,"D 1,3 -> 5,7",21,True,0.0,237160.0,1,False,0.0181673374389041,0.11,2371639.0
"Fixed 237137, pilot",14,0,25,"D 2,3 -> 6,7",25,True,0.0,237164.0,1,False,0.31503606513167726,0.11,237164.0
"Fixed 237137, pilot",14,1,18,"D 1,2 -> 4,7",15,True,0.0,237163.0,1,False,0.29681502172579394,0.11,474327.0
"Fixed 237137, pilot",14,2,8,"D 0,1 -> 4,5",8,True,0.0,237164.0,1,False,0.3764697826210095,0.11,711491.0
"Fixed 237137, pilot",14,3,15,"D 0,3 -> 5,6",15,True,0.0,237163.0,1,False,0.30026357217502075,0.11,948654.0
"Fixed 237137, pilot",14,4,14,"D 0,3 -> 4,7",19,True,5.80789971671436e-10,237163.0,1,False,0.03758523474777508,0.11,1185817.0
"Fixed 237137, pilot",14,5,19,"D 1,2 -> 5,6",19,True,0.0,237160.0,1,False,0.0657125239206618,0.11,1422977.0
"Fixed 237137, pilot",14,6,22,"D 2,3 -> 4,5",22,True,0.0,237164.0,1,False,0.043648521241327065,0.11,1660141.0
"Fixed 237137, pilot",14,7,11,"D 0,1 -> 6,7",11,True,0.0,237166.0,1,False,0.10072796416579699,0.11,1897307.0
"Fixed 237137, pilot",14,8,12,"D 0,2 -> 4,6",21,False,2.297273260509769e-09,237164.0,1,False,0.009441304483876924,0.11,2134471.0
"Fixed 237137, pilot",14,9,21,"D 1,3 -> 5,7",21,True,0.0,237162.0,1,False,0.018167337649210347,0.11,2371633.0
"Fixed 237137, pilot",15,0,25,"D 2,3 -> 6,7",25,True,0.0,237161.0,1,False,0.31503606513167726,0.11,237161.0
"Fixed 237137, pilot",15,1,18,"D 1,2 -> 4,7",15,True,0.0,237163.0,1,False,0.29681502172579394,0.11,474324.0
"Fixed 237137, pilot",15,2,8,"D 0,1 -> 4,5",8,True,0.0,237162.0,1,False,0.3764697826210095,0.11,711486.0
"Fixed 237137, pilot",15,3,15,"D 0,3 -> 5,6",15,True,0.0,237162.0,1,False,0.30026357217502075,0.11,948648.0
"Fixed 237137, pilot",15,4,19,"D 1,2 -> 5,6",19,True,0.0,237167.0,1,False,0.03758523474777508,0.11,1185815.0
"Fixed 237137, pilot",15,5,14,"D 0,3 -> 4,7",14,True,0.0,237165.0,1,False,0.06571252399006697,0.11,1422980.0
"Fixed 237137, pilot",15,6,11,"D 0,1 -> 6,7",22,False,0.04480658230253376,237161.0,1,False,0.043648521305584075,0.11,1660141.0
"Fixed 237137, pilot",15,7,22,"D 2,3 -> 4,5",22,True,0.0,237160.0,1,False,0.06967473471393487,0.11,1897301.0
"Fixed 237137, pilot",15,8,12,"D 0,2 -> 4,6",21,False,2.6598955260581647e-09,237163.0,1,False,0.009441304763103297,0.11,2134464.0
"Fixed 237137, pilot",15,9,21,"D 1,3 -> 5,7",21,True,0.0,237160.0,1,False,0.018167337649211406,0.11,2371624.0
"Fixed 237137, pilot",16,0,25,"D 2,3 -> 6,7",25,True,0.0,237161.0,1,False,0.31503606513167726,0.11,237161.0
"Fixed 237137, pilot",16,1,15,"D 0,3 -> 5,6",15,True,0.0,237160.0,1,False,0.29681502172579394,0.11,474321.0
"Fixed 237137, pilot",16,2,8,"D 0,1 -> 4,5",8,True,0.0,237161.0,1,False,0.3764697826210095,0.11,711482.0
"Fixed 237137, pilot",16,3,18,"D 1,2 -> 4,7",18,True,0.0,237162.0,1,False,0.3002635722338174,0.11,948644.0
"Fixed 237137, pilot",16,4,19,"D 1,2 -> 5,6",14,True,5.182410056647768e-12,237162.0,1,False,0.03758523457422756,0.11,1185806.0
"Fixed 237137, pilot",16,5,14,"D 0,3 -> 4,7",14,True,0.0,237164.0,1,False,0.06571252392066197,0.11,1422970.0
"Fixed 237137, pilot",16,6,11,"D 0,1 -> 6,7",22,False,0.044806582285143115,237165.0,1,False,0.04364852124132713,0.11,1660135.0
"Fixed 237137, pilot",16,7,22,"D 2,3 -> 4,5",22,True,0.0,237168.0,1,False,0.06967473471393487,0.11,1897303.0
"Fixed 237137, pilot",16,8,12,"D 0,2 -> 4,6",21,True,7.587118711072094e-10,237162.0,1,False,0.009441304632724919,0.11,2134465.0
"Fixed 237137, pilot",16,9,21,"D 1,3 -> 5,7",21,True,0.0,237162.0,1,False,0.018167337481629672,0.11,2371627.0
"Fixed 237137, pilot",17,0,25,"D 2,3 -> 6,7",25,True,0.0,237161.0,1,False,0.31503606513167726,0.11,237161.0
"Fixed 237137, pilot",17,1,15,"D 0,3 -> 5,6",15,True,0.0,237161.0,1,False,0.29681502172579394,0.11,474322.0
"Fixed 237137, pilot",17,2,8,"D 0,1 -> 4,5",8,True,0.0,237163.0,1,False,0.3764697826210095,0.11,711485.0
"Fixed 237137, pilot",17,3,18,"D 1,2 -> 4,7",18,True,0.0,237162.0,1,False,0.3002635722338174,0.11,948647.0
"Fixed 237137, pilot",17,4,19,"D 1,2 -> 5,6",14,True,5.182410056647768e-12,237165.0,1,False,0.03758523457422756,0.11,1185812.0
"Fixed 237137, pilot",17,5,14,"D 0,3 -> 4,7",14,True,0.0,237163.0,1,False,0.06571252392066197,0.11,1422975.0
"Fixed 237137, pilot",17,6,11,"D 0,1 -> 6,7",22,False,0.044806582285143115,237166.0,1,False,0.04364852124132713,0.11,1660141.0
"Fixed 237137, pilot",17,7,22,"D 2,3 -> 4,5",22,True,0.0,237164.0,1,False,0.06967473471393487,0.11,1897305.0
"Fixed 237137, pilot",17,8,18,"D 1,2 -> 4,7",21,False,0.9999999899943335,237165.0,1,False,0.009441304632724919,0.11,2134470.0
"Fixed 237137, pilot",17,9,8,"D 0,1 -> 4,5",21,False,0.9999999853713611,237165.0,1,False,0.009441304632724919,0.11,2371635.0
"Fixed 237137, pilot",17,10,21,"D 1,3 -> 5,7",21,True,0.0,237163.0,1,False,0.009441304632724919,0.11,2608798.0
"Fixed 237137, pilot",17,11,12,"D 0,2 -> 4,6",12,True,0.0,237164.0,1,False,0.01816733944443611,0.11,2845962.0
"Fixed 237137, pilot",18,0,25,"D 2,3 -> 6,7",25,True,0.0,237165.0,1,False,0.31503606513167726,0.11,237165.0
"Fixed 237137, pilot",18,1,15,"D 0,3 -> 5,6",15,True,0.0,237161.0,1,False,0.29681502172579394,0.11,474326.0
"Fixed 237137, pilot",18,2,8,"D 0,1 -> 4,5",8,True,0.0,237167.0,1,False,0.3764697826210095,0.11,711493.0
"Fixed 237137, pilot",18,3,18,"D 1,2 -> 4,7",18,True,0.0,237163.0,1,False,0.3002635722338174,0.11,948656.0
"Fixed 237137, pilot",18,4,14,"D 0,3 -> 4,7",14,True,0.0,237164.0,1,False,0.03758523457422756,0.11,1185820.0
"Fixed 237137, pilot",18,5,19,"D 1,2 -> 5,6",19,True,0.0,237164.0,1,False,0.0657125239900671,0.11,1422984.0
"Fixed 237137, pilot",18,6,22,"D 2,3 -> 4,5",22,True,0.0,237162.0,1,False,0.04364852130558422,0.11,1660146.0
"Fixed 237137, pilot",18,7,11,"D 0,1 -> 6,7",11,True,0.0,237164.0,1,False,0.10072796416579655,0.11,1897310.0
"Fixed 237137, pilot",18,8,12,"D 0,2 -> 4,6",21,False,1.6493607257750398e-08,237164.0,1,False,0.009441305047874061,0.11,2134474.0
"Fixed 237137, pilot",18,9,21,"D 1,3 -> 5,7",21,True,0.0,237162.0,1,False,0.018167337650105482,0.11,2371636.0
"Fixed 237137, pilot",19,0,25,"D 2,3 -> 6,7",25,True,0.0,237161.0,1,False,0.31503606513167726,0.12,237161.0
"Fixed 237137, pilot",19,1,18,"D 1,2 -> 4,7",15,True,0.0,237162.0,1,False,0.29681502172579394,0.11,474323.0
"Fixed 237137, pilot",19,2,8,"D 0,1 -> 4,5",8,True,0.0,237162.0,1,False,0.3764697826210095,0.11,711485.0
"Fixed 237137, pilot",19,3,15,"D 0,3 -> 5,6",15,True,0.0,237164.0,1,False,0.30026357217502075,0.11,948649.0
"Fixed 237137, pilot",19,4,11,"D 0,1 -> 6,7",19,False,0.356478614776494,237164.0,1,False,0.03758523474777508,0.11,1185813.0
"Fixed 237137, pilot",19,5,22,"D 2,3 -> 4,5",14,False,0.004491939885865492,237164.0,1,False,0.03912173614796322,0.11,1422977.0
"Fixed 237137, pilot",19,6,14,"D 0,3 -> 4,7",19,False,3.4659487502253228e-09,237166.0,1,False,0.054109015205618526,0.11,1660143.0
"Fixed 237137, pilot",19,7,19,"D 1,2 -> 5,6",19,True,0.0,237160.0,1,False,0.10242177985564906,0.11,1897303.0
"Fixed 237137, pilot",19,8,11,"D 0,1 -> 6,7",21,False,0.9999999945128782,237166.0,1,False,0.009441304591323321,0.11,2134469.0
"Fixed 237137, pilot",19,9,12,"D 0,2 -> 4,6",21,True,3.602984577355528e-11,237167.0,1,False,0.009441304591323321,0.11,2371636.0
"Fixed 237137, pilot",19,10,21,"D 1,3 -> 5,7",21,True,0.0,237166.0,1,False,0.018167337614655502,0.11,2608802.0
"Fixed 237137, pilot",20,0,25,"D 2,3 -> 6,7",25,True,0.0,237159.0,1,False,0.31503606513167726,0.11,237159.0
"Fixed 237137, pilot",20,1,15,"D 0,3 -> 5,6",15,True,0.0,237165.0,1,False,0.29681502172579394,0.11,474324.0
"Fixed 237137, pilot",20,2,8,"D 0,1 -> 4,5",8,True,0.0,237165.0,1,False,0.3764697826210095,0.11,711489.0
"Fixed 237137, pilot",20,3,18,"D 1,2 -> 4,7",18,True,0.0,237167.0,1,False,0.3002635722338174,0.11,948656.0
"Fixed 237137, pilot",20,4,19,"D 1,2 -> 5,6",14,True,5.182410056647768e-12,237165.0,1,False,0.03758523457422756,0.11,1185821.0
"Fixed 237137, pilot",20,5,14,"D 0,3 -> 4,7",14,True,0.0,237169.0,1,False,0.06571252392066197,0.11,1422990.0
"Fixed 237137, pilot",20,6,11,"D 0,1 -> 6,7",22,False,0.044806582285143115,237166.0,1,False,0.04364852124132713,0.11,1660156.0
"Fixed 237137, pilot",20,7,22,"D 2,3 -> 4,5",22,True,0.0,237162.0,1,False,0.06967473471393487,0.11,1897318.0
"Fixed 237137, pilot",20,8,21,"D 1,3 -> 5,7",21,True,0.0,237168.0,1,False,0.009441304632724919,0.11,2134486.0
"Fixed 237137, pilot",20,9,10,"D 0,1 -> 5,6",12,False,1.0,237162.0,1,False,0.018167337649211596,0.11,2371648.0
"Fixed 237137, pilot",20,10,12,"D 0,2 -> 4,6",12,True,0.0,237167.0,1,False,0.018167337649211596,0.11,2608815.0
"Fixed 237137, pilot",21,0,25,"D 2,3 -> 6,7",25,True,0.0,237162.0,1,False,0.31503606513167726,0.11,237162.0
"Fixed 237137, pilot",21,1,15,"D 0,3 -> 5,6",15,True,0.0,237162.0,1,False,0.29681502172579394,0.11,474324.0
"Fixed 237137, pilot",21,2,8,"D 0,1 -> 4,5",8,True,0.0,237164.0,1,False,0.3764697826210095,0.11,711488.0
"Fixed 237137, pilot",21,3,18,"D 1,2 -> 4,7",18,True,0.0,237167.0,1,False,0.3002635722338174,0.11,948655.0
"Fixed 237137, pilot",21,4,14,"D 0,3 -> 4,7",14,True,0.0,237162.0,1,False,0.03758523457422756,0.11,1185817.0
"Fixed 237137, pilot",21,5,19,"D 1,2 -> 5,6",19,True,0.0,237165.0,1,False,0.0657125239900671,0.11,1422982.0
"Fixed 237137, pilot",21,6,22,"D 2,3 -> 4,5",22,True,0.0,237161.0,1,False,0.04364852130558422,0.11,1660143.0
"Fixed 237137, pilot",21,7,11,"D 0,1 -> 6,7",11,True,0.0,237164.0,1,False,0.10072796416579655,0.11,1897307.0
"Fixed 237137, pilot",21,8,14,"D 0,3 -> 4,7",21,False,0.9999995417384261,237162.0,1,False,0.009441305047874061,0.11,2134469.0
"Fixed 237137, pilot",21,9,21,"D 1,3 -> 5,7",12,False,1.7238131588825922e-08,237163.0,1,False,0.009441305056906598,0.11,2371632.0
"Fixed 237137, pilot",21,10,12,"D 0,2 -> 4,6",12,True,0.0,237165.0,1,False,0.018167337686075938,0.11,2608797.0
"Fixed 237137, pilot",22,0,25,"D 2,3 -> 6,7",25,True,0.0,237162.0,1,False,0.31503606513167726,0.11,237162.0
"Fixed 237137, pilot",22,1,15,"D 0,3 -> 5,6",15,True,0.0,237164.0,1,False,0.29681502172579394,0.11,474326.0
"Fixed 237137, pilot",22,2,8,"D 0,1 -> 4,5",8,True,0.0,237160.0,1,False,0.3764697826210095,0.11,711486.0
"Fixed 237137, pilot",22,3,18,"D 1,2 -> 4,7",18,True,0.0,237167.0,1,False,0.3002635722338174,0.11,948653.0
"Fixed 237137, pilot",22,4,19,"D 1,2 -> 5,6",14,True,5.182410056647768e-12,237160.0,1,False,0.03758523457422756,0.11,1185813.0
"Fixed 237137, pilot",22,5,14,"D 0,3 -> 4,7",14,True,0.0,237163.0,1,False,0.06571252392066197,0.11,1422976.0
"Fixed 237137, pilot",22,6,22,"D 2,3 -> 4,5",22,True,0.0,237161.0,1,False,0.04364852124132713,0.11,1660137.0
"Fixed 237137, pilot",22,7,11,"D 0,1 -> 6,7",11,True,0.0,237162.0,1,False,0.10072796416579667,0.11,1897299.0
"Fixed 237137, pilot",22,8,12,"D 0,2 -> 4,6",21,True,2.371568497139265e-10,237166.0,1,False,0.009441304630083448,0.11,2134465.0
"Fixed 237137, pilot",22,9,21,"D 1,3 -> 5,7",21,True,0.0,237163.0,1,False,0.01816733759515189,0.11,2371628.0
"Fixed 237137, pilot",23,0,25,"D 2,3 -> 6,7",25,True,0.0,237159.0,1,False,0.31503606513167726,0.11,237159.0
"Fixed 237137, pilot",23,1,15,"D 0,3 -> 5,6",15,True,0.0,237164.0,1,False,0.29681502172579394,0.11,474323.0
"Fixed 237137, pilot",23,2,8,"D 0,1 -> 4,5",8,True,0.0,237165.0,1,False,0.3764697826210095,0.11,711488.0
"Fixed 237137, pilot",23,3,18,"D 1,2 -> 4,7",18,True,0.0,237161.0,1,False,0.3002635722338174,0.11,948649.0
"Fixed 237137, pilot",23,4,14,"D 0,3 -> 4,7",14,True,0.0,237166.0,1,False,0.03758523457422756,0.11,1185815.0
"Fixed 237137, pilot",23,5,19,"D 1,2 -> 5,6",19,True,0.0,237164.0,1,False,0.0657125239900671,0.11,1422979.0
"Fixed 237137, pilot",23,6,22,"D 2,3 -> 4,5",22,True,0.0,237164.0,1,False,0.04364852130558422,0.11,1660143.0
"Fixed 237137, pilot",23,7,11,"D 0,1 -> 6,7",11,True,0.0,237162.0,1,False,0.10072796416579655,0.11,1897305.0
"Fixed 237137, pilot",23,8,21,"D 1,3 -> 5,7",21,True,0.0,237163.0,1,False,0.009441305047874061,0.11,2134468.0
"Fixed 237137, pilot",23,9,12,"D 0,2 -> 4,6",12,True,0.0,237164.0,1,False,0.018167337649213765,0.11,2371632.0
"Fixed 237137, pilot",24,0,25,"D 2,3 -> 6,7",25,True,0.0,237160.0,1,False,0.31503606513167726,0.11,237160.0
"Fixed 237137, pilot",24,1,18,"D 1,2 -> 4,7",15,True,0.0,237164.0,1,False,0.29681502172579394,0.11,474324.0
"Fixed 237137, pilot",24,2,8,"D 0,1 -> 4,5",8,True,0.0,237166.0,1,False,0.3764697826210095,0.11,711490.0
"Fixed 237137, pilot",24,3,15,"D 0,3 -> 5,6",15,True,0.0,237168.0,1,False,0.30026357217502075,0.11,948658.0
"Fixed 237137, pilot",24,4,19,"D 1,2 -> 5,6",19,True,0.0,237166.0,1,False,0.03758523474777508,0.11,1185824.0
"Fixed 237137, pilot",24,5,14,"D 0,3 -> 4,7",14,True,0.0,237165.0,1,False,0.06571252399006697,0.11,1422989.0
"Fixed 237137, pilot",24,6,22,"D 2,3 -> 4,5",22,True,0.0,237160.0,1,False,0.043648521305584075,0.11,1660149.0
"Fixed 237137, pilot",24,7,11,"D 0,1 -> 6,7",11,True,0.0,237159.0,1,False,0.10072796416579774,0.11,1897308.0
"Fixed 237137, pilot",24,8,12,"D 0,2 -> 4,6",21,False,2.297271373130627e-09,237164.0,1,False,0.009441304483876945,0.11,2134472.0
"Fixed 237137, pilot",24,9,21,"D 1,3 -> 5,7",21,True,0.0,237161.0,1,False,0.018167337649210517,0.11,2371633.0
"Fixed 237137, pilot",25,0,25,"D 2,3 -> 6,7",25,True,0.0,237160.0,1,False,0.31503606513167726,0.11,237160.0
"Fixed 237137, pilot",25,1,15,"D 0,3 -> 5,6",15,True,0.0,237165.0,1,False,0.29681502172579394,0.11,474325.0
"Fixed 237137, pilot",25,2,8,"D 0,1 -> 4,5",8,True,0.0,237162.0,1,False,0.3764697826210095,0.11,711487.0
"Fixed 237137, pilot",25,3,18,"D 1,2 -> 4,7",18,True,0.0,237164.0,1,False,0.3002635722338174,0.11,948651.0
"Fixed 237137, pilot",25,4,19,"D 1,2 -> 5,6",14,True,5.182410056647768e-12,237162.0,1,False,0.03758523457422756,0.11,1185813.0
"Fixed 237137, pilot",25,5,14,"D 0,3 -> 4,7",14,True,0.0,237165.0,1,False,0.06571252392066197,0.11,1422978.0
"Fixed 237137, pilot",25,6,11,"D 0,1 -> 6,7",22,False,0.044806582285143115,237164.0,1,False,0.04364852124132713,0.11,1660142.0
"Fixed 237137, pilot",25,7,22,"D 2,3 -> 4,5",22,True,0.0,237160.0,1,False,0.06967473471393487,0.11,1897302.0
"Fixed 237137, pilot",25,8,1,S 0 -> 6,21,False,1.0,237163.0,1,False,0.009441304632724919,0.11,2134465.0
"Fixed 237137, pilot",25,9,12,"D 0,2 -> 4,6",21,True,7.587118711072094e-10,237166.0,1,False,0.009441304632724919,0.11,2371631.0
"Fixed 237137, pilot",25,10,21,"D 1,3 -> 5,7",21,True,0.0,237167.0,1,False,0.018167337501698376,0.11,2608798.0
"Fixed 237137, pilot",26,0,25,"D 2,3 -> 6,7",25,True,0.0,237159.0,1,False,0.31503606513167726,0.11,237159.0
"Fixed 237137, pilot",26,1,18,"D 1,2 -> 4,7",15,True,0.0,237162.0,1,False,0.29681502172579394,0.11,474321.0
"Fixed 237137, pilot",26,2,8,"D 0,1 -> 4,5",8,True,0.0,237166.0,1,False,0.3764697826210095,0.11,711487.0
"Fixed 237137, pilot",26,3,15,"D 0,3 -> 5,6",15,True,0.0,237162.0,1,False,0.30026357217502075,0.11,948649.0
"Fixed 237137, pilot",26,4,14,"D 0,3 -> 4,7",19,True,5.80789971671436e-10,237166.0,1,False,0.03758523474777508,0.11,1185815.0
"Fixed 237137, pilot",26,5,19,"D 1,2 -> 5,6",19,True,0.0,237163.0,1,False,0.0657125239206618,0.11,1422978.0
"Fixed 237137, pilot",26,6,22,"D 2,3 -> 4,5",22,True,0.0,237160.0,1,False,0.043648521241327065,0.11,1660138.0
"Fixed 237137, pilot",26,7,11,"D 0,1 -> 6,7",11,True,0.0,237165.0,1,False,0.10072796416579699,0.11,1897303.0
"Fixed 237137, pilot",26,8,12,"D 0,2 -> 4,6",21,False,2.297273260509769e-09,237162.0,1,False,0.009441304483876924,0.11,2134465.0
"Fixed 237137, pilot",26,9,21,"D 1,3 -> 5,7",21,True,0.0,237166.0,1,False,0.018167337649210347,0.11,2371631.0
"Fixed 237137, pilot",27,0,25,"D 2,3 -> 6,7",25,True,0.0,237161.0,1,False,0.31503606513167726,0.11,237161.0
"Fixed 237137, pilot",27,1,18,"D 1,2 -> 4,7",15,True,0.0,237162.0,1,False,0.29681502172579394,0.11,474323.0
"Fixed 237137, pilot",27,2,8,"D 0,1 -> 4,5",8,True,0.0,237162.0,1,False,0.3764697826210095,0.11,711485.0
"Fixed 237137, pilot",27,3,15,"D 0,3 -> 5,6",15,True,0.0,237166.0,1,False,0.30026357217502075,0.11,948651.0
"Fixed 237137, pilot",27,4,19,"D 1,2 -> 5,6",19,True,0.0,237164.0,1,False,0.03758523474777508,0.11,1185815.0
"Fixed 237137, pilot",27,5,14,"D 0,3 -> 4,7",14,True,0.0,237164.0,1,False,0.06571252399006697,0.11,1422979.0
"Fixed 237137, pilot",27,6,22,"D 2,3 -> 4,5",22,True,0.0,237167.0,1,False,0.043648521305584075,0.11,1660146.0
"Fixed 237137, pilot",27,7,11,"D 0,1 -> 6,7",11,True,0.0,237164.0,1,False,0.10072796416579774,0.11,1897310.0
"Fixed 237137, pilot",27,8,21,"D 1,3 -> 5,7",21,True,0.0,237164.0,1,False,0.009441304483876945,0.11,2134474.0
"Fixed 237137, pilot",27,9,12,"D 0,2 -> 4,6",12,True,0.0,237166.0,1,False,0.018167337522397423,0.11,2371640.0
"Fixed 237137, pilot",28,0,25,"D 2,3 -> 6,7",25,True,0.0,237163.0,1,False,0.31503606513167726,0.11,237163.0
"Fixed 237137, pilot",28,1,18,"D 1,2 -> 4,7",15,True,0.0,237161.0,1,False,0.29681502172579394,0.11,474324.0
"Fixed 237137, pilot",28,2,8,"D 0,1 -> 4,5",8,True,0.0,237164.0,1,False,0.3764697826210095,0.11,711488.0
"Fixed 237137, pilot",28,3,15,"D 0,3 -> 5,6",15,True,0.0,237161.0,1,False,0.30026357217502075,0.11,948649.0
"Fixed 237137, pilot",28,4,14,"D 0,3 -> 4,7",19,True,5.80789971671436e-10,237160.0,1,False,0.03758523474777508,0.11,1185809.0
"Fixed 237137, pilot",28,5,19,"D 1,2 -> 5,6",19,True,0.0,237163.0,1,False,0.0657125239206618,0.11,1422972.0
"Fixed 237137, pilot",28,6,22,"D 2,3 -> 4,5",22,True,0.0,237163.0,1,False,0.043648521241327065,0.11,1660135.0
"Fixed 237137, pilot",28,7,11,"D 0,1 -> 6,7",11,True,0.0,237160.0,1,False,0.10072796416579699,0.11,1897295.0
"Fixed 237137, pilot",28,8,12,"D 0,2 -> 4,6",21,False,2.297273260509769e-09,237164.0,1,False,0.009441304483876924,0.11,2134459.0
"Fixed 237137, pilot",28,9,21,"D 1,3 -> 5,7",21,True,0.0,237165.0,1,False,0.018167337649210347,0.11,2371624.0
"Fixed 237137, pilot",29,0,25,"D 2,3 -> 6,7",25,True,0.0,237163.0,1,False,0.31503606513167726,0.11,237163.0
"Fixed 237137, pilot",29,1,15,"D 0,3 -> 5,6",15,True,0.0,237166.0,1,False,0.29681502172579394,0.11,474329.0
"Fixed 237137, pilot",29,2,8,"D 0,1 -> 4,5",8,True,0.0,237168.0,1,False,0.3764697826210095,0.11,711497.0
"Fixed 237137, pilot",29,3,18,"D 1,2 -> 4,7",18,True,0.0,237164.0,1,False,0.3002635722338174,0.11,948661.0
"Fixed 237137, pilot",29,4,19,"D 1,2 -> 5,6",14,True,5.182410056647768e-12,237160.0,1,False,0.03758523457422756,0.11,1185821.0
"Fixed 237137, pilot",29,5,14,"D 0,3 -> 4,7",14,True,0.0,237163.0,1,False,0.06571252392066197,0.11,1422984.0
"Fixed 237137, pilot",29,6,22,"D 2,3 -> 4,5",22,True,0.0,237162.0,1,False,0.04364852124132713,0.11,1660146.0
"Fixed 237137, pilot",29,7,11,"D 0,1 -> 6,7",11,True,0.0,237166.0,1,False,0.10072796416579667,0.11,1897312.0
"Fixed 237137, pilot",29,8,1,S 0 -> 6,21,False,1.0,237163.0,1,False,0.009441304630083448,0.11,2134475.0
"Fixed 237137, pilot",29,9,12,"D 0,2 -> 4,6",21,True,2.371568497139265e-10,237162.0,1,False,0.009441304630083448,0.11,2371637.0
"Fixed 237137, pilot",29,10,21,"D 1,3 -> 5,7",21,True,0.0,237165.0,1,False,0.018167337481629908,0.11,2608802.0
"Fixed 237137, pilot",30,0,25,"D 2,3 -> 6,7",25,True,0.0,237162.0,1,False,0.31503606513167726,0.11,237162.0
"Fixed 237137, pilot",30,1,18,"D 1,2 -> 4,7",15,True,0.0,237165.0,1,False,0.29681502172579394,0.11,474327.0
"Fixed 237137, pilot",30,2,8,"D 0,1 -> 4,5",8,True,0.0,237160.0,1,False,0.3764697826210095,0.11,711487.0
"Fixed 237137, pilot",30,3,15,"D 0,3 -> 5,6",15,True,0.0,237161.0,1,False,0.30026357217502075,0.11,948648.0
"Fixed 237137, pilot",30,4,19,"D 1,2 -> 5,6",19,True,0.0,237164.0,1,False,0.03758523474777508,0.11,1185812.0
"Fixed 237137, pilot",30,5,14,"D 0,3 -> 4,7",14,True,0.0,237167.0,1,False,0.06571252399006697,0.11,1422979.0
"Fixed 237137, pilot",30,6,11,"D 0,1 -> 6,7",22,False,0.04480658230253376,237161.0,1,False,0.043648521305584075,0.11,1660140.0
"Fixed 237137, pilot",30,7,22,"D 2,3 -> 4,5",22,True,0.0,237163.0,1,False,0.06967473471393487,0.11,1897303.0
"Fixed 237137, pilot",30,8,12,"D 0,2 -> 4,6",21,False,2.6598955260581647e-09,237160.0,1,False,0.009441304763103297,0.11,2134463.0
"Fixed 237137, pilot",30,9,21,"D 1,3 -> 5,7",21,True,0.0,237163.0,1,False,0.018167337649211406,0.11,2371626.0
"Fixed 237137, pilot",31,0,25,"D 2,3 -> 6,7",25,True,0.0,237159.0,1,False,0.31503606513167726,0.11,237159.0
"Fixed 237137, pilot",31,1,15,"D 0,3 -> 5,6",15,True,0.0,237161.0,1,False,0.29681502172579394,0.11,474320.0
"Fixed 237137, pilot",31,2,8,"D 0,1 -> 4,5",8,True,0.0,237165.0,1,False,0.3764697826210095,0.11,711485.0
"Fixed 237137, pilot",31,3,18,"D 1,2 -> 4,7",18,True,0.0,237165.0,1,False,0.3002635722338174,0.11,948650.0
"Fixed 237137, pilot",31,4,14,"D 0,3 -> 4,7",14,True,0.0,237164.0,1,False,0.03758523457422756,0.11,1185814.0
"Fixed 237137, pilot",31,5,19,"D 1,2 -> 5,6",19,True,0.0,237162.0,1,False,0.0657125239900671,0.11,1422976.0
"Fixed 237137, pilot",31,6,22,"D 2,3 -> 4,5",22,True,0.0,237162.0,1,False,0.04364852130558422,0.11,1660138.0
"Fixed 237137, pilot",31,7,11,"D 0,1 -> 6,7",11,True,0.0,237161.0,1,False,0.10072796416579655,0.11,1897299.0
"Fixed 237137, pilot",31,8,12,"D 0,2 -> 4,6",21,False,1.6493607257750398e-08,237162.0,1,False,0.009441305047874061,0.11,2134461.0
"Fixed 237137, pilot",31,9,21,"D 1,3 -> 5,7",21,True,0.0,237164.0,1,False,0.018167337650105482,0.11,2371625.0
"Fixed 237137, pilot",32,0,25,"D 2,3 -> 6,7",25,True,0.0,237162.0,1,False,0.31503606513167726,0.11,237162.0
"Fixed 237137, pilot",32,1,15,"D 0,3 -> 5,6",15,True,0.0,237164.0,1,False,0.29681502172579394,0.11,474326.0
"Fixed 237137, pilot",32,2,8,"D 0,1 -> 4,5",8,True,0.0,237165.0,1,False,0.3764697826210095,0.11,711491.0
"Fixed 237137, pilot",32,3,18,"D 1,2 -> 4,7",18,True,0.0,237165.0,1,False,0.3002635722338174,0.11,948656.0
"Fixed 237137, pilot",32,4,19,"D 1,2 -> 5,6",14,True,5.182410056647768e-12,237160.0,1,False,0.03758523457422756,0.11,1185816.0
"Fixed 237137, pilot",32,5,14,"D 0,3 -> 4,7",14,True,0.0,237163.0,1,False,0.06571252392066197,0.11,1422979.0
"Fixed 237137, pilot",32,6,11,"D 0,1 -> 6,7",22,False,0.044806582285143115,237161.0,1,False,0.04364852124132713,0.11,1660140.0
"Fixed 237137, pilot",32,7,22,"D 2,3 -> 4,5",22,True,0.0,237164.0,1,False,0.06967473471393487,0.11,1897304.0
"Fixed 237137, pilot",32,8,21,"D 1,3 -> 5,7",21,True,0.0,237166.0,1,False,0.009441304632724919,0.11,2134470.0
"Fixed 237137, pilot",32,9,12,"D 0,2 -> 4,6",12,True,0.0,237164.0,1,False,0.018167337649211596,0.11,2371634.0
"Fixed 237137, pilot",33,0,25,"D 2,3 -> 6,7",25,True,0.0,237161.0,1,False,0.31503606513167726,0.11,237161.0
"Fixed 237137, pilot",33,1,18,"D 1,2 -> 4,7",15,True,0.0,237162.0,1,False,0.29681502172579394,0.11,474323.0
"Fixed 237137, pilot",33,2,8,"D 0,1 -> 4,5",8,True,0.0,237164.0,1,False,0.3764697826210095,0.11,711487.0
"Fixed 237137, pilot",33,3,15,"D 0,3 -> 5,6",15,True,0.0,237164.0,1,False,0.30026357217502075,0.11,948651.0
"Fixed 237137, pilot",33,4,19,"D 1,2 -> 5,6",19,True,0.0,237164.0,1,False,0.03758523474777508,0.11,1185815.0
"Fixed 237137, pilot",33,5,14,"D 0,3 -> 4,7",14,True,0.0,237164.0,1,False,0.06571252399006697,0.11,1422979.0
"Fixed 237137, pilot",33,6,22,"D 2,3 -> 4,5",22,True,0.0,237165.0,1,False,0.043648521305584075,0.11,1660144.0
"Fixed 237137, pilot",33,7,11,"D 0,1 -> 6,7",11,True,0.0,237166.0,1,False,0.10072796416579774,0.11,1897310.0
"Fixed 237137, pilot",33,8,12,"D 0,2 -> 4,6",21,False,2.297271373130627e-09,237163.0,1,False,0.009441304483876945,0.11,2134473.0
"Fixed 237137, pilot",33,9,21,"D 1,3 -> 5,7",21,True,0.0,237164.0,1,False,0.018167337649210517,0.11,2371637.0
"Fixed 237137, pilot",34,0,25,"D 2,3 -> 6,7",25,True,0.0,237158.0,1,False,0.31503606513167726,0.11,237158.0
"Fixed 237137, pilot",34,1,18,"D 1,2 -> 4,7",15,True,0.0,237163.0,1,False,0.29681502172579394,0.11,474321.0
"Fixed 237137, pilot",34,2,8,"D 0,1 -> 4,5",8,True,0.0,237159.0,1,False,0.3764697826210095,0.11,711480.0
"Fixed 237137, pilot",34,3,15,"D 0,3 -> 5,6",15,True,0.0,237167.0,1,False,0.30026357217502075,0.11,948647.0
"Fixed 237137, pilot",34,4,14,"D 0,3 -> 4,7",19,True,5.80789971671436e-10,237167.0,1,False,0.03758523474777508,0.11,1185814.0
"Fixed 237137, pilot",34,5,19,"D 1,2 -> 5,6",19,True,0.0,237165.0,1,False,0.0657125239206618,0.11,1422979.0
"Fixed 237137, pilot",34,6,22,"D 2,3 -> 4,5",22,True,0.0,237164.0,1,False,0.043648521241327065,0.11,1660143.0
"Fixed 237137, pilot",34,7,11,"D 0,1 -> 6,7",11,True,0.0,237163.0,1,False,0.10072796416579699,0.11,1897306.0
"Fixed 237137, pilot",34,8,5,S 2 -> 6,21,False,1.0,237161.0,1,False,0.009441304483876924,0.11,2134467.0
"Fixed 237137, pilot",34,9,6,S 3 -> 5,12,False,1.0,237167.0,1,False,0.009441304546048494,0.11,2371634.0
"Fixed 237137, pilot",34,10,21,"D 1,3 -> 5,7",12,True,6.400169283438117e-10,237164.0,1,False,0.009441304546048494,0.11,2608798.0
"Fixed 237137, pilot",34,11,12,"D 0,2 -> 4,6",12,True,0.0,237160.0,1,False,0.018167337499938888,0.11,2845958.0
"Fixed 237137, pilot",35,0,25,"D 2,3 -> 6,7",25,True,0.0,237161.0,1,False,0.31503606513167726,0.11,237161.0
"Fixed 237137, pilot",35,1,15,"D 0,3 -> 5,6",15,True,0.0,237163.0,1,False,0.29681502172579394,0.11,474324.0
"Fixed 237137, pilot",35,2,8,"D 0,1 -> 4,5",8,True,0.0,237159.0,1,False,0.3764697826210095,0.11,711483.0
"Fixed 237137, pilot",35,3,18,"D 1,2 -> 4,7",18,True,0.0,237165.0,1,False,0.3002635722338174,0.11,948648.0
"Fixed 237137, pilot",35,4,14,"D 0,3 -> 4,7",14,True,0.0,237162.0,1,False,0.03758523457422756,0.11,1185810.0
"Fixed 237137, pilot",35,5,19,"D 1,2 -> 5,6",19,True,0.0,237169.0,1,False,0.0657125239900671,0.11,1422979.0
"Fixed 237137, pilot",35,6,11,"D 0,1 -> 6,7",22,False,0.044806582302531095,237166.0,1,False,0.04364852130558422,0.11,1660145.0
"Fixed 237137, pilot",35,7,22,"D 2,3 -> 4,5",22,True,0.0,237163.0,1,False,0.06967473471683744,0.11,1897308.0
"Fixed 237137, pilot",35,8,12,"D 0,2 -> 4,6",12,True,0.0,237165.0,1,False,0.009441304763103292,0.11,2134473.0
"Fixed 237137, pilot",35,9,21,"D 1,3 -> 5,7",21,True,0.0,237164.0,1,False,0.018167337650104195,0.11,2371637.0
"Fixed 237137, pilot",36,0,25,"D 2,3 -> 6,7",25,True,0.0,237163.0,1,False,0.31503606513167726,0.11,237163.0
"Fixed 237137, pilot",36,1,18,"D 1,2 -> 4,7",15,True,0.0,237164.0,1,False,0.29681502172579394,0.11,474327.0
"Fixed 237137, pilot",36,2,8,"D 0,1 -> 4,5",8,True,0.0,237162.0,1,False,0.3764697826210095,0.11,711489.0
"Fixed 237137, pilot",36,3,15,"D 0,3 -> 5,6",15,True,0.0,237164.0,1,False,0.30026357217502075,0.11,948653.0
"Fixed 237137, pilot",36,4,19,"D 1,2 -> 5,6",19,True,0.0,237164.0,1,False,0.03758523474777508,0.11,1185817.0
"Fixed 237137, pilot",36,5,14,"D 0,3 -> 4,7",14,True,0.0,237162.0,1,False,0.06571252399006697,0.11,1422979.0
"Fixed 237137, pilot",36,6,22,"D 2,3 -> 4,5",22,True,0.0,237163.0,1,False,0.043648521305584075,0.11,1660142.0
"Fixed 237137, pilot",36,7,11,"D 0,1 -> 6,7",11,True,0.0,237162.0,1,False,0.10072796416579774,0.11,1897304.0
"Fixed 237137, pilot",36,8,21,"D 1,3 -> 5,7",21,True,0.0,237166.0,1,False,0.009441304483876945,0.11,2134470.0
"Fixed 237137, pilot",36,9,12,"D 0,2 -> 4,6",12,True,0.0,237162.0,1,False,0.018167337522397423,0.11,2371632.0
"Fixed 237137, pilot",37,0,25,"D 2,3 -> 6,7",25,True,0.0,237161.0,1,False,0.31503606513167726,0.11,237161.0
"Fixed 237137, pilot",37,1,15,"D 0,3 -> 5,6",15,True,0.0,237162.0,1,False,0.29681502172579394,0.11,474323.0
"Fixed 237137, pilot",37,2,8,"D 0,1 -> 4,5",8,True,0.0,237161.0,1,False,0.3764697826210095,0.11,711484.0
"Fixed 237137, pilot",37,3,18,"D 1,2 -> 4,7",18,True,0.0,237164.0,1,False,0.3002635722338174,0.11,948648.0
"Fixed 237137, pilot",37,4,14,"D 0,3 -> 4,7",14,True,0.0,237165.0,1,False,0.03758523457422756,0.11,1185813.0
"Fixed 237137, pilot",37,5,19,"D 1,2 -> 5,6",19,True,0.0,237165.0,1,False,0.0657125239900671,0.11,1422978.0
"Fixed 237137, pilot",37,6,22,"D 2,3 -> 4,5",22,True,0.0,237163.0,1,False,0.04364852130558422,0.11,1660141.0
"Fixed 237137, pilot",37,7,11,"D 0,1 -> 6,7",11,True,0.0,237162.0,1,False,0.10072796416579655,0.11,1897303.0
"Fixed 237137, pilot",37,8,21,"D 1,3 -> 5,7",21,True,0.0,237164.0,1,False,0.009441305047874061,0.11,2134467.0
"Fixed 237137, pilot",37,9,12,"D 0,2 -> 4,6",12,True,0.0,237161.0,1,False,0.018167337649213765,0.11,2371628.0
"Fixed 237137, pilot",38,0,25,"D 2,3 -> 6,7",25,True,0.0,237163.0,1,False,0.31503606513167726,0.11,237163.0
"Fixed 237137, pilot",38,1,15,"D 0,3 -> 5,6",15,True,0.0,237166.0,1,False,0.29681502172579394,0.11,474329.0
"Fixed 237137, pilot",38,2,8,"D 0,1 -> 4,5",8,True,0.0,237166.0,1,False,0.3764697826210095,0.11,711495.0
"Fixed 237137, pilot",38,3,18,"D 1,2 -> 4,7",18,True,0.0,237162.0,1,False,0.3002635722338174,0.11,948657.0
"Fixed 237137, pilot",38,4,19,"D 1,2 -> 5,6",14,True,5.182410056647768e-12,237163.0,1,False,0.03758523457422756,0.11,1185820.0
"Fixed 237137, pilot",38,5,14,"D 0,3 -> 4,7",14,True,0.0,237164.0,1,False,0.06571252392066197,0.11,1422984.0
"Fixed 237137, pilot",38,6,22,"D 2,3 -> 4,5",22,True,0.0,237164.0,1,False,0.04364852124132713,0.11,1660148.0
"Fixed 237137, pilot",38,7,11,"D 0,1 -> 6,7",11,True,0.0,237163.0,1,False,0.10072796416579667,0.11,1897311.0
"Fixed 237137, pilot",38,8,21,"D 1,3 -> 5,7",21,True,0.0,237162.0,1,False,0.009441304630083448,0.11,2134473.0
"Fixed 237137, pilot",38,9,12,"D 0,2 -> 4,6",12,True,0.0,237159.0,1,False,0.018167337649211367,0.11,2371632.0
"Fixed 237137, pilot",39,0,25,"D 2,3 -> 6,7",25,True,0.0,237162.0,1,False,0.31503606513167726,0.11,237162.0
"Fixed 237137, pilot",39,1,15,"D 0,3 -> 5,6",15,True,0.0,237167.0,1,False,0.29681502172579394,0.11,474329.0
"Fixed 237137, pilot",39,2,8,"D 0,1 -> 4,5",8,True,0.0,237164.0,1,False,0.3764697826210095,0.11,711493.0
"Fixed 237137, pilot",39,3,18,"D 1,2 -> 4,7",18,True,0.0,237164.0,1,False,0.3002635722338174,0.11,948657.0
"Fixed 237137, pilot",39,4,14,"D 0,3 -> 4,7",14,True,0.0,237163.0,1,False,0.03758523457422756,0.11,1185820.0
"Fixed 237137, pilot",39,5,19,"D 1,2 -> 5,6",19,True,0.0,237162.0,1,False,0.0657125239900671,0.11,1422982.0
"Fixed 237137, pilot",39,6,11,"D 0,1 -> 6,7",22,False,0.044806582302531095,237167.0,1,False,0.04364852130558422,0.11,1660149.0
"Fixed 237137, pilot",39,7,22,"D 2,3 -> 4,5",22,True,0.0,237161.0,1,False,0.06967473471683744,0.11,1897310.0
"Fixed 237137, pilot",39,8,12,"D 0,2 -> 4,6",12,True,0.0,237166.0,1,False,0.009441304763103292,0.11,2134476.0
"Fixed 237137, pilot",39,9,21,"D 1,3 -> 5,7",21,True,0.0,237166.0,1,False,0.018167337650104195,0.11,2371642.0
"Fixed 237137, pilot",40,0,25,"D 2,3 -> 6,7",25,True,0.0,237161.0,1,False,0.31503606513167726,0.11,237161.0
"Fixed 237137, pilot",40,1,18,"D 1,2 -> 4,7",15,True,0.0,237160.0,1,False,0.29681502172579394,0.11,474321.0
"Fixed 237137, pilot",40,2,8,"D 0,1 -> 4,5",8,True,0.0,237166.0,1,False,0.3764697826210095,0.11,711487.0
"Fixed 237137, pilot",40,3,15,"D 0,3 -> 5,6",15,True,0.0,237165.0,1,False,0.30026357217502075,0.11,948652.0
"Fixed 237137, pilot",40,4,19,"D 1,2 -> 5,6",19,True,0.0,237163.0,1,False,0.03758523474777508,0.11,1185815.0
"Fixed 237137, pilot",40,5,14,"D 0,3 -> 4,7",14,True,0.0,237165.0,1,False,0.06571252399006697,0.11,1422980.0
"Fixed 237137, pilot",40,6,11,"D 0,1 -> 6,7",22,False,0.04480658230253376,237165.0,1,False,0.043648521305584075,0.11,1660145.0
"Fixed 237137, pilot",40,7,22,"D 2,3 -> 4,5",22,True,0.0,237168.0,1,False,0.06967473471393487,0.11,1897313.0
"Fixed 237137, pilot",40,8,12,"D 0,2 -> 4,6",21,False,2.6598955260581647e-09,237164.0,1,False,0.009441304763103297,0.11,2134477.0
"Fixed 237137, pilot",40,9,21,"D 1,3 -> 5,7",21,True,0.0,237163.0,1,False,0.018167337649211406,0.11,2371640.0
"Fixed 237137, pilot",41,0,25,"D 2,3 -> 6,7",25,True,0.0,237160.0,1,False,0.31503606513167726,0.11,237160.0
"Fixed 237137, pilot",41,1,18,"D 1,2 -> 4,7",15,True,0.0,237165.0,1,False,0.29681502172579394,0.11,474325.0
"Fixed 237137, pilot",41,2,8,"D 0,1 -> 4,5",8,True,0.0,237163.0,1,False,0.3764697826210095,0.11,711488.0
"Fixed 237137, pilot",41,3,15,"D 0,3 -> 5,6",15,True,0.0,237162.0,1,False,0.30026357217502075,0.11,948650.0
"Fixed 237137, pilot",41,4,19,"D 1,2 -> 5,6",19,True,0.0,237165.0,1,False,0.03758523474777508,0.11,1185815.0
"Fixed 237137, pilot",41,5,14,"D 0,3 -> 4,7",14,True,0.0,237162.0,1,False,0.06571252399006697,0.11,1422977.0
"Fixed 237137, pilot",41,6,11,"D 0,1 -> 6,7",22,False,0.04480658230253376,237165.0,1,False,0.043648521305584075,0.11,1660142.0
"Fixed 237137, pilot",41,7,22,"D 2,3 -> 4,5",22,True,0.0,237162.0,1,False,0.06967473471393487,0.11,1897304.0
"Fixed 237137, pilot",41,8,21,"D 1,3 -> 5,7",21,True,0.0,237164.0,1,False,0.009441304763103297,0.11,2134468.0
"Fixed 237137, pilot",41,9,12,"D 0,2 -> 4,6",12,True,0.0,237161.0,1,False,0.01816733765010426,0.11,2371629.0
"Fixed 237137, pilot",42,0,25,"D 2,3 -> 6,7",25,True,0.0,237161.0,1,False,0.31503606513167726,0.11,237161.0
"Fixed 237137, pilot",42,1,15,"D 0,3 -> 5,6",15,True,0.0,237165.0,1,False,0.29681502172579394,0.11,474326.0
"Fixed 237137, pilot",42,2,8,"D 0,1 -> 4,5",8,True,0.0,237165.0,1,False,0.3764697826210095,0.11,711491.0
"Fixed 237137, pilot",42,3,18,"D 1,2 -> 4,7",18,True,0.0,237168.0,1,False,0.3002635722338174,0.11,948659.0
"Fixed 237137, pilot",42,4,14,"D 0,3 -> 4,7",14,True,0.0,237168.0,1,False,0.03758523457422756,0.11,1185827.0
"Fixed 237137, pilot",42,5,19,"D 1,2 -> 5,6",19,True,0.0,237164.0,1,False,0.0657125239900671,0.11,1422991.0
"Fixed 237137, pilot",42,6,11,"D 0,1 -> 6,7",22,False,0.044806582302531095,237164.0,1,False,0.04364852130558422,0.11,1660155.0
"Fixed 237137, pilot",42,7,22,"D 2,3 -> 4,5",22,True,0.0,237166.0,1,False,0.06967473471683744,0.11,1897321.0
"Fixed 237137, pilot",42,8,21,"D 1,3 -> 5,7",12,False,2.6598964142365844e-09,237163.0,1,False,0.009441304763103292,0.11,2134484.0
"Fixed 237137, pilot",42,9,12,"D 0,2 -> 4,6",12,True,0.0,237164.0,1,False,0.018167337649211208,0.11,2371648.0
"Fixed 237137, pilot",43,0,25,"D 2,3 -> 6,7",25,True,0.0,237163.0,1,False,0.31503606513167726,0.11,237163.0
"Fixed 237137, pilot",43,1,18,"D 1,2 -> 4,7",15,True,0.0,237160.0,1,False,0.29681502172579394,0.11,474323.0
"Fixed 237137, pilot",43,2,8,"D 0,1 -> 4,5",8,True,0.0,237163.0,1,False,0.3764697826210095,0.11,711486.0
"Fixed 237137, pilot",43,3,15,"D 0,3 -> 5,6",15,True,0.0,237163.0,1,False,0.30026357217502075,0.11,948649.0
"Fixed 237137, pilot",43,4,19,"D 1,2 -> 5,6",19,True,0.0,237162.0,1,False,0.03758523474777508,0.11,1185811.0
"Fixed 237137, pilot",43,5,14,"D 0,3 -> 4,7",14,True,0.0,237166.0,1,False,0.06571252399006697,0.11,1422977.0
"Fixed 237137, pilot",43,6,11,"D 0,1 -> 6,7",22,False,0.04480658230253376,237162.0,1,False,0.043648521305584075,0.11,1660139.0
"Fixed 237137, pilot",43,7,22,"D 2,3 -> 4,5",22,True,0.0,237162.0,1,False,0.06967473471393487,0.11,1897301.0
"Fixed 237137, pilot",43,8,12,"D 0,2 -> 4,6",21,False,2.6598955260581647e-09,237161.0,1,False,0.009441304763103297,0.11,2134462.0
"Fixed 237137, pilot",43,9,21,"D 1,3 -> 5,7",21,True,0.0,237161.0,1,False,0.018167337649211406,0.11,2371623.0
"Fixed 237137, pilot",44,0,25,"D 2,3 -> 6,7",25,True,0.0,237161.0,1,False,0.31503606513167726,0.11,237161.0
"Fixed 237137, pilot",44,1,18,"D 1,2 -> 4,7",15,True,0.0,237164.0,1,False,0.29681502172579394,0.11,474325.0
"Fixed 237137, pilot",44,2,8,"D 0,1 -> 4,5",8,True,0.0,237163.0,1,False,0.3764697826210095,0.11,711488.0
"Fixed 237137, pilot",44,3,15,"D 0,3 -> 5,6",15,True,0.0,237160.0,1,False,0.30026357217502075,0.11,948648.0
"Fixed 237137, pilot",44,4,19,"D 1,2 -> 5,6",19,True,0.0,237165.0,1,False,0.03758523474777508,0.11,1185813.0
"Fixed 237137, pilot",44,5,14,"D 0,3 -> 4,7",14,True,0.0,237166.0,1,False,0.06571252399006697,0.11,1422979.0
"Fixed 237137, pilot",44,6,22,"D 2,3 -> 4,5",22,True,0.0,237168.0,1,False,0.043648521305584075,0.11,1660147.0
"Fixed 237137, pilot",44,7,11,"D 0,1 -> 6,7",11,True,0.0,237165.0,1,False,0.10072796416579774,0.11,1897312.0
"Fixed 237137, pilot",44,8,21,"D 1,3 -> 5,7",21,True,0.0,237162.0,1,False,0.009441304483876945,0.11,2134474.0
"Fixed 237137, pilot",44,9,12,"D 0,2 -> 4,6",12,True,0.0,237169.0,1,False,0.018167337522397423,0.11,2371643.0
"Fixed 237137, pilot",45,0,25,"D 2,3 -> 6,7",25,True,0.0,237164.0,1,False,0.31503606513167726,0.11,237164.0
"Fixed 237137, pilot",45,1,18,"D 1,2 -> 4,7",15,True,0.0,237165.0,1,False,0.29681502172579394,0.11,474329.0
"Fixed 237137, pilot",45,2,8,"D 0,1 -> 4,5",8,True,0.0,237164.0,1,False,0.3764697826210095,0.11,711493.0
"Fixed 237137, pilot",45,3,15,"D 0,3 -> 5,6",15,True,0.0,237168.0,1,False,0.30026357217502075,0.11,948661.0
"Fixed 237137, pilot",45,4,14,"D 0,3 -> 4,7",19,True,5.80789971671436e-10,237163.0,1,False,0.03758523474777508,0.11,1185824.0
"Fixed 237137, pilot",45,5,19,"D 1,2 -> 5,6",19,True,0.0,237166.0,1,False,0.0657125239206618,0.11,1422990.0
"Fixed 237137, pilot",45,6,11,"D 0,1 -> 6,7",22,False,0.044806582285133345,237161.0,1,False,0.043648521241327065,0.11,1660151.0
"Fixed 237137, pilot",45,7,22,"D 2,3 -> 4,5",22,True,0.0,237168.0,1,False,0.06967473482297251,0.11,1897319.0
"Fixed 237137, pilot",45,8,12,"D 0,2 -> 4,6",12,True,0.0,237163.0,1,False,0.009441304632724787,0.11,2134482.0
"Fixed 237137, pilot",45,9,21,"D 1,3 -> 5,7",21,True,0.0,237162.0,1,False,0.01816733764921178,0.11,2371644.0
"Fixed 237137, pilot",46,0,25,"D 2,3 -> 6,7",25,True,0.0,237160.0,1,False,0.31503606513167726,0.11,237160.0
"Fixed 237137, pilot",46,1,15,"D 0,3 -> 5,6",15,True,0.0,237165.0,1,False,0.29681502172579394,0.11,474325.0
"Fixed 237137, pilot",46,2,8,"D 0,1 -> 4,5",8,True,0.0,237164.0,1,False,0.3764697826210095,0.11,711489.0
"Fixed 237137, pilot",46,3,18,"D 1,2 -> 4,7",18,True,0.0,237162.0,1,False,0.3002635722338174,0.11,948651.0
"Fixed 237137, pilot",46,4,14,"D 0,3 -> 4,7",14,True,0.0,237167.0,1,False,0.03758523457422756,0.11,1185818.0
"Fixed 237137, pilot",46,5,19,"D 1,2 -> 5,6",19,True,0.0,237164.0,1,False,0.0657125239900671,0.11,1422982.0
"Fixed 237137, pilot",46,6,22,"D 2,3 -> 4,5",22,True,0.0,237163.0,1,False,0.04364852130558422,0.11,1660145.0
"Fixed 237137, pilot",46,7,11,"D 0,1 -> 6,7",11,True,0.0,237165.0,1,False,0.10072796416579655,0.11,1897310.0
"Fixed 237137, pilot",46,8,12,"D 0,2 -> 4,6",21,False,1.6493607257750398e-08,237161.0,1,False,0.009441305047874061,0.11,2134471.0
"Fixed 237137, pilot",46,9,21,"D 1,3 -> 5,7",21,True,0.0,237161.0,1,False,0.018167337650105482,0.11,2371632.0
"Fixed 237137, pilot",47,0,25,"D 2,3 -> 6,7",25,True,0.0,237162.0,1,False,0.31503606513167726,0.11,237162.0
"Fixed 237137, pilot",47,1,15,"D 0,3 -> 5,6",15,True,0.0,237161.0,1,False,0.29681502172579394,0.11,474323.0
"Fixed 237137, pilot",47,2,8,"D 0,1 -> 4,5",8,True,0.0,237162.0,1,False,0.3764697826210095,0.11,711485.0
"Fixed 237137, pilot",47,3,18,"D 1,2 -> 4,7",18,True,0.0,237162.0,1,False,0.3002635722338174,0.11,948647.0
"Fixed 237137, pilot",47,4,19,"D 1,2 -> 5,6",14,True,5.182410056647768e-12,237163.0,1,False,0.03758523457422756,0.11,1185810.0
"Fixed 237137, pilot",47,5,14,"D 0,3 -> 4,7",14,True,0.0,237163.0,1,False,0.06571252392066197,0.11,1422973.0
"Fixed 237137, pilot",47,6,22,"D 2,3 -> 4,5",22,True,0.0,237164.0,1,False,0.04364852124132713,0.11,1660137.0
"Fixed 237137, pilot",47,7,11,"D 0,1 -> 6,7",11,True,0.0,237165.0,1,False,0.10072796416579667,0.11,1897302.0
"Fixed 237137, pilot",47,8,12,"D 0,2 -> 4,6",21,True,2.371568497139265e-10,237163.0,1,False,0.009441304630083448,0.11,2134465.0
"Fixed 237137, pilot",47,9,21,"D 1,3 -> 5,7",21,True,0.0,237163.0,1,False,0.01816733759515189,0.11,2371628.0
"Fixed 237137, pilot",48,0,25,"D 2,3 -> 6,7",25,True,0.0,237161.0,1,False,0.31503606513167726,0.11,237161.0
"Fixed 237137, pilot",48,1,18,"D 1,2 -> 4,7",15,True,0.0,237165.0,1,False,0.29681502172579394,0.11,474326.0
"Fixed 237137, pilot",48,2,8,"D 0,1 -> 4,5",8,True,0.0,237166.0,1,False,0.3764697826210095,0.11,711492.0
"Fixed 237137, pilot",48,3,15,"D 0,3 -> 5,6",15,True,0.0,237165.0,1,False,0.30026357217502075,0.11,948657.0
"Fixed 237137, pilot",48,4,19,"D 1,2 -> 5,6",19,True,0.0,237167.0,1,False,0.03758523474777508,0.11,1185824.0
"Fixed 237137, pilot",48,5,14,"D 0,3 -> 4,7",14,True,0.0,237160.0,1,False,0.06571252399006697,0.11,1422984.0
"Fixed 237137, pilot",48,6,22,"D 2,3 -> 4,5",22,True,0.0,237166.0,1,False,0.043648521305584075,0.11,1660150.0
"Fixed 237137, pilot",48,7,11,"D 0,1 -> 6,7",11,True,0.0,237161.0,1,False,0.10072796416579774,0.11,1897311.0
"Fixed 237137, pilot",48,8,18,"D 1,2 -> 4,7",21,False,0.999999980150763,237163.0,1,False,0.009441304483876945,0.11,2134474.0
"Fixed 237137, pilot",48,9,18,"D 1,2 -> 4,7",12,False,0.9999999829231223,237164.0,1,False,0.009441304549953022,0.11,2371638.0
"Fixed 237137, pilot",48,10,21,"D 1,3 -> 5,7",12,True,5.11177877804414e-10,237163.0,1,False,0.009441304549953022,0.11,2608801.0
"Fixed 237137, pilot",48,11,12,"D 0,2 -> 4,6",12,True,0.0,237161.0,1,False,0.018167337636327177,0.11,2845962.0
"Fixed 237137, pilot",49,0,25,"D 2,3 -> 6,7",25,True,0.0,237164.0,1,False,0.31503606513167726,0.11,237164.0
"Fixed 237137, pilot",49,1,15,"D 0,3 -> 5,6",15,True,0.0,237163.0,1,False,0.29681502172579394,0.11,474327.0
"Fixed 237137, pilot",49,2,8,"D 0,1 -> 4,5",8,True,0.0,237159.0,1,False,0.3764697826210095,0.11,711486.0
"Fixed 237137, pilot",49,3,18,"D 1,2 -> 4,7",18,True,0.0,237163.0,1,False,0.3002635722338174,0.11,948649.0
"Fixed 237137, pilot",49,4,19,"D 1,2 -> 5,6",14,True,5.182410056647768e-12,237163.0,1,False,0.03758523457422756,0.11,1185812.0
"Fixed 237137, pilot",49,5,14,"D 0,3 -> 4,7",14,True,0.0,237165.0,1,False,0.06571252392066197,0.11,1422977.0
"Fixed 237137, pilot",49,6,11,"D 0,1 -> 6,7",22,False,0.044806582285143115,237164.0,1,False,0.04364852124132713,0.11,1660141.0
"Fixed 237137, pilot",49,7,22,"D 2,3 -> 4,5",22,True,0.0,237163.0,1,False,0.06967473471393487,0.11,1897304.0
"Fixed 237137, pilot",49,8,20,"D 1,2 -> 6,7",21,False,1.0,237164.0,1,False,0.009441304632724919,0.11,2134468.0
"Fixed 237137, pilot",49,9,10,"D 0,1 -> 5,6",21,False,1.0,237162.0,1,False,0.009441304632724919,0.11,2371630.0
"Fixed 237137, pilot",49,10,22,"D 2,3 -> 4,5",21,False,0.9999999928686681,237163.0,1,False,0.009441304632724919,0.11,2608793.0
"Fixed 237137, pilot",49,11,12,"D 0,2 -> 4,6",21,True,7.587118711072094e-10,237164.0,1,False,0.009441304632724919,0.11,2845957.0
"Fixed 237137, pilot",49,12,21,"D 1,3 -> 5,7",21,True,0.0,237160.0,1,False,0.01816733770961262,0.11,3083117.0
"Fixed 237137, pilot",50,0,25,"D 2,3 -> 6,7",25,True,0.0,237159.0,1,False,0.31503606513167726,0.11,237159.0
"Fixed 237137, pilot",50,1,18,"D 1,2 -> 4,7",15,True,0.0,237166.0,1,False,0.29681502172579394,0.11,474325.0
"Fixed 237137, pilot",50,2,8,"D 0,1 -> 4,5",8,True,0.0,237161.0,1,False,0.3764697826210095,0.11,711486.0
"Fixed 237137, pilot",50,3,15,"D 0,3 -> 5,6",15,True,0.0,237160.0,1,False,0.30026357217502075,0.11,948646.0
"Fixed 237137, pilot",50,4,19,"D 1,2 -> 5,6",19,True,0.0,237162.0,1,False,0.03758523474777508,0.11,1185808.0
"Fixed 237137, pilot",50,5,14,"D 0,3 -> 4,7",14,True,0.0,237167.0,1,False,0.06571252399006697,0.11,1422975.0
"Fixed 237137, pilot",50,6,11,"D 0,1 -> 6,7",22,False,0.04480658230253376,237163.0,1,False,0.043648521305584075,0.11,1660138.0
"Fixed 237137, pilot",50,7,22,"D 2,3 -> 4,5",22,True,0.0,237162.0,1,False,0.06967473471393487,0.11,1897300.0
"Fixed 237137, pilot",50,8,12,"D 0,2 -> 4,6",21,False,2.6598955260581647e-09,237161.0,1,False,0.009441304763103297,0.11,2134461.0
"Fixed 237137, pilot",50,9,9,"D 0,1 -> 4,7",21,False,1.0,237164.0,1,False,0.018167337649211406,0.11,2371625.0
"Fixed 237137, pilot",50,10,21,"D 1,3 -> 5,7",21,True,0.0,237164.0,1,False,0.018167337649211406,0.11,2608789.0
"Fixed 237137, pilot",51,0,25,"D 2,3 -> 6,7",25,True,0.0,237165.0,1,False,0.31503606513167726,0.11,237165.0
"Fixed 237137, pilot",51,1,15,"D 0,3 -> 5,6",15,True,0.0,237164.0,1,False,0.29681502172579394,0.11,474329.0
"Fixed 237137, pilot",51,2,8,"D 0,1 -> 4,5",8,True,0.0,237164.0,1,False,0.3764697826210095,0.11,711493.0
"Fixed 237137, pilot",51,3,18,"D 1,2 -> 4,7",18,True,0.0,237166.0,1,False,0.3002635722338174,0.11,948659.0
"Fixed 237137, pilot",51,4,19,"D 1,2 -> 5,6",14,True,5.182410056647768e-12,237166.0,1,False,0.03758523457422756,0.11,1185825.0
"Fixed 237137, pilot",51,5,14,"D 0,3 -> 4,7",14,True,0.0,237164.0,1,False,0.06571252392066197,0.11,1422989.0
"Fixed 237137, pilot",51,6,11,"D 0,1 -> 6,7",22,False,0.044806582285143115,237166.0,1,False,0.04364852124132713,0.11,1660155.0
"Fixed 237137, pilot",51,7,22,"D 2,3 -> 4,5",22,True,0.0,237163.0,1,False,0.06967473471393487,0.11,1897318.0
"Fixed 237137, pilot",51,8,1,S 0 -> 6,21,False,1.0,237160.0,1,False,0.009441304632724919,0.11,2134478.0
"Fixed 237137, pilot",51,9,12,"D 0,2 -> 4,6",21,True,7.587118711072094e-10,237163.0,1,False,0.009441304632724919,0.11,2371641.0
"Fixed 237137, pilot",51,10,21,"D 1,3 -> 5,7",21,True,0.0,237164.0,1,False,0.018167337501698376,0.11,2608805.0
"Fixed 237137, pilot",52,0,25,"D 2,3 -> 6,7",25,True,0.0,237162.0,1,False,0.31503606513167726,0.11,237162.0
"Fixed 237137, pilot",52,1,15,"D 0,3 -> 5,6",15,True,0.0,237164.0,1,False,0.29681502172579394,0.11,474326.0
"Fixed 237137, pilot",52,2,8,"D 0,1 -> 4,5",8,True,0.0,237162.0,1,False,0.3764697826210095,0.11,711488.0
"Fixed 237137, pilot",52,3,18,"D 1,2 -> 4,7",18,True,0.0,237163.0,1,False,0.3002635722338174,0.11,948651.0
"Fixed 237137, pilot",52,4,14,"D 0,3 -> 4,7",14,True,0.0,237160.0,1,False,0.03758523457422756,0.11,1185811.0
"Fixed 237137, pilot",52,5,19,"D 1,2 -> 5,6",19,True,0.0,237160.0,1,False,0.0657125239900671,0.11,1422971.0
"Fixed 237137, pilot",52,6,22,"D 2,3 -> 4,5",22,True,0.0,237165.0,1,False,0.04364852130558422,0.11,1660136.0
"Fixed 237137, pilot",52,7,11,"D 0,1 -> 6,7",11,True,0.0,237165.0,1,False,0.10072796416579655,0.11,1897301.0
"Fixed 237137, pilot",52,8,12,"D 0,2 -> 4,6",21,False,1.6493607257750398e-08,237162.0,1,False,0.009441305047874061,0.11,2134463.0
"Fixed 237137, pilot",52,9,21,"D 1,3 -> 5,7",21,True,0.0,237162.0,1,False,0.018167337650105482,0.11,2371625.0
"Fixed 237137, pilot",53,0,25,"D 2,3 -> 6,7",25,True,0.0,237160.0,1,False,0.31503606513167726,0.11,237160.0
"Fixed 237137, pilot",53,1,18,"D 1,2 -> 4,7",15,True,0.0,237164.0,1,False,0.29681502172579394,0.11,474324.0
"Fixed 237137, pilot",53,2,8,"D 0,1 -> 4,5",8,True,0.0,237164.0,1,False,0.3764697826210095,0.11,711488.0
"Fixed 237137, pilot",53,3,15,"D 0,3 -> 5,6",15,True,0.0,237164.0,1,False,0.30026357217502075,0.11,948652.0
"Fixed 237137, pilot",53,4,19,"D 1,2 -> 5,6",19,True,0.0,237160.0,1,False,0.03758523474777508,0.11,1185812.0
"Fixed 237137, pilot",53,5,14,"D 0,3 -> 4,7",14,True,0.0,237164.0,1,False,0.06571252399006697,0.11,1422976.0
"Fixed 237137, pilot",53,6,22,"D 2,3 -> 4,5",22,True,0.0,237168.0,1,False,0.043648521305584075,0.11,1660144.0
"Fixed 237137, pilot",53,7,11,"D 0,1 -> 6,7",11,True,0.0,237165.0,1,False,0.10072796416579774,0.11,1897309.0
"Fixed 237137, pilot",53,8,23,"D 2,3 -> 4,7",21,False,1.0,237165.0,1,False,0.009441304483876945,0.11,2134474.0
"Fixed 237137, pilot",53,9,0,S 0 -> 4,12,False,1.0,237163.0,1,False,0.00944130454604846,0.11,2371637.0
"Fixed 237137, pilot",53,10,21,"D 1,3 -> 5,7",12,True,6.400112662063862e-10,237163.0,1,False,0.00944130454604846,0.11,2608800.0
"Fixed 237137, pilot",53,11,12,"D 0,2 -> 4,6",12,True,0.0,237161.0,1,False,0.018167337650105038,0.11,2845961.0
"Fixed 237137, pilot",54,0,25,"D 2,3 -> 6,7",25,True,0.0,237157.0,1,False,0.31503606513167726,0.11,237157.0
"Fixed 237137, pilot",54,1,18,"D 1,2 -> 4,7",15,True,0.0,237166.0,1,False,0.29681502172579394,0.11,474323.0
"Fixed 237137, pilot",54,2,8,"D 0,1 -> 4,5",8,True,0.0,237164.0,1,False,0.3764697826210095,0.11,711487.0
"Fixed 237137, pilot",54,3,15,"D 0,3 -> 5,6",15,True,0.0,237162.0,1,False,0.30026357217502075,0.11,948649.0
"Fixed 237137, pilot",54,4,19,"D 1,2 -> 5,6",19,True,0.0,237164.0,1,False,0.03758523474777508,0.11,1185813.0
"Fixed 237137, pilot",54,5,14,"D 0,3 -> 4,7",14,True,0.0,237163.0,1,False,0.06571252399006697,0.11,1422976.0
"Fixed 237137, pilot",54,6,22,"D 2,3 -> 4,5",22,True,0.0,237160.0,1,False,0.043648521305584075,0.11,1660136.0
"Fixed 237137, pilot",54,7,11,"D 0,1 -> 6,7",11,True,0.0,237165.0,1,False,0.10072796416579774,0.11,1897301.0
"Fixed 237137, pilot",54,8,24,"D 2,3 -> 5,6",21,False,1.0,237161.0,1,False,0.009441304483876945,0.11,2134462.0
"Fixed 237137, pilot",54,9,21,"D 1,3 -> 5,7",12,True,6.400112662063862e-10,237165.0,1,False,0.00944130454604846,0.11,2371627.0
"Fixed 237137, pilot",54,10,12,"D 0,2 -> 4,6",12,True,0.0,237162.0,1,False,0.018167337650105007,0.11,2608789.0
"Fixed 237137, pilot",55,0,25,"D 2,3 -> 6,7",25,True,0.0,237164.0,1,False,0.31503606513167726,0.11,237164.0
"Fixed 237137, pilot",55,1,18,"D 1,2 -> 4,7",15,True,0.0,237165.0,1,False,0.29681502172579394,0.11,474329.0
"Fixed 237137, pilot",55,2,8,"D 0,1 -> 4,5",8,True,0.0,237163.0,1,False,0.3764697826210095,0.11,711492.0
"Fixed 237137, pilot",55,3,15,"D 0,3 -> 5,6",15,True,0.0,237160.0,1,False,0.30026357217502075,0.11,948652.0
"Fixed 237137, pilot",55,4,19,"D 1,2 -> 5,6",19,True,0.0,237167.0,1,False,0.03758523474777508,0.11,1185819.0
"Fixed 237137, pilot",55,5,14,"D 0,3 -> 4,7",14,True,0.0,237168.0,1,False,0.06571252399006697,0.11,1422987.0
"Fixed 237137, pilot",55,6,11,"D 0,1 -> 6,7",22,False,0.04480658230253376,237161.0,1,False,0.043648521305584075,0.11,1660148.0
"Fixed 237137, pilot",55,7,22,"D 2,3 -> 4,5",22,True,0.0,237164.0,1,False,0.06967473471393487,0.11,1897312.0
"Fixed 237137, pilot",55,8,12,"D 0,2 -> 4,6",21,False,2.6598955260581647e-09,237165.0,1,False,0.009441304763103297,0.11,2134477.0
"Fixed 237137, pilot",55,9,21,"D 1,3 -> 5,7",21,True,0.0,237163.0,1,False,0.018167337649211406,0.11,2371640.0
"Fixed 237137, pilot",56,0,25,"D 2,3 -> 6,7",25,True,0.0,237164.0,1,False,0.31503606513167726,0.11,237164.0
"Fixed 237137, pilot",56,1,15,"D 0,3 -> 5,6",15,True,0.0,237163.0,1,False,0.29681502172579394,0.11,474327.0
"Fixed 237137, pilot",56,2,8,"D 0,1 -> 4,5",8,True,0.0,237164.0,1,False,0.3764697826210095,0.11,711491.0
"Fixed 237137, pilot",56,3,18,"D 1,2 -> 4,7",18,True,0.0,237164.0,1,False,0.3002635722338174,0.11,948655.0
"Fixed 237137, pilot",56,4,19,"D 1,2 -> 5,6",14,True,5.182410056647768e-12,237167.0,1,False,0.03758523457422756,0.11,1185822.0
"Fixed 237137, pilot",56,5,14,"D 0,3 -> 4,7",14,True,0.0,237160.0,1,False,0.06571252392066197,0.11,1422982.0
"Fixed 237137, pilot",56,6,11,"D 0,1 -> 6,7",22,False,0.044806582285143115,237165.0,1,False,0.04364852124132713,0.11,1660147.0
"Fixed 237137, pilot",56,7,22,"D 2,3 -> 4,5",22,True,0.0,237163.0,1,False,0.06967473471393487,0.11,1897310.0
"Fixed 237137, pilot",56,8,21,"D 1,3 -> 5,7",21,True,0.0,237163.0,1,False,0.009441304632724919,0.11,2134473.0
"Fixed 237137, pilot",56,9,12,"D 0,2 -> 4,6",12,True,0.0,237165.0,1,False,0.018167337649211596,0.11,2371638.0
"Fixed 237137, pilot",57,0,25,"D 2,3 -> 6,7",25,True,0.0,237161.0,1,False,0.31503606513167726,0.11,237161.0
"Fixed 237137, pilot",57,1,15,"D 0,3 -> 5,6",15,True,0.0,237159.0,1,False,0.29681502172579394,0.11,474320.0
"Fixed 237137, pilot",57,2,8,"D 0,1 -> 4,5",8,True,0.0,237161.0,1,False,0.3764697826210095,0.11,711481.0
"Fixed 237137, pilot",57,3,18,"D 1,2 -> 4,7",18,True,0.0,237165.0,1,False,0.3002635722338174,0.11,948646.0
"Fixed 237137, pilot",57,4,14,"D 0,3 -> 4,7",14,True,0.0,237166.0,1,False,0.03758523457422756,0.11,1185812.0
"Fixed 237137, pilot",57,5,19,"D 1,2 -> 5,6",19,True,0.0,237167.0,1,False,0.0657125239900671,0.11,1422979.0
"Fixed 237137, pilot",57,6,22,"D 2,3 -> 4,5",22,True,0.0,237164.0,1,False,0.04364852130558422,0.11,1660143.0
"Fixed 237137, pilot",57,7,11,"D 0,1 -> 6,7",11,True,0.0,237162.0,1,False,0.10072796416579655,0.11,1897305.0
"Fixed 237137, pilot",57,8,12,"D 0,2 -> 4,6",21,False,1.6493607257750398e-08,237165.0,1,False,0.009441305047874061,0.11,2134470.0
"Fixed 237137, pilot",57,9,21,"D 1,3 -> 5,7",21,True,0.0,237163.0,1,False,0.018167337650105482,0.11,2371633.0
"Fixed 237137, pilot",58,0,25,"D 2,3 -> 6,7",25,True,0.0,237164.0,1,False,0.31503606513167726,0.11,237164.0
"Fixed 237137, pilot",58,1,15,"D 0,3 -> 5,6",15,True,0.0,237168.0,1,False,0.29681502172579394,0.11,474332.0
"Fixed 237137, pilot",58,2,8,"D 0,1 -> 4,5",8,True,0.0,237166.0,1,False,0.3764697826210095,0.11,711498.0
"Fixed 237137, pilot",58,3,18,"D 1,2 -> 4,7",18,True,0.0,237166.0,1,False,0.3002635722338174,0.11,948664.0
"Fixed 237137, pilot",58,4,14,"D 0,3 -> 4,7",14,True,0.0,237161.0,1,False,0.03758523457422756,0.11,1185825.0
"Fixed 237137, pilot",58,5,19,"D 1,2 -> 5,6",19,True,0.0,237167.0,1,False,0.0657125239900671,0.11,1422992.0
"Fixed 237137, pilot",58,6,22,"D 2,3 -> 4,5",22,True,0.0,237165.0,1,False,0.04364852130558422,0.11,1660157.0
"Fixed 237137, pilot",58,7,11,"D 0,1 -> 6,7",11,True,0.0,237163.0,1,False,0.10072796416579655,0.11,1897320.0
"Fixed 237137, pilot",58,8,14,"D 0,3 -> 4,7",21,False,0.9999995417384261,237165.0,1,False,0.009441305047874061,0.11,2134485.0
"Fixed 237137, pilot",58,9,9,"D 0,1 -> 4,7",12,False,1.0,237164.0,1,False,0.009441305056906598,0.11,2371649.0
"Fixed 237137, pilot",58,10,9,"D 0,1 -> 4,7",21,False,1.0,237163.0,1,False,0.0094413045936575,0.11,2608812.0
"Fixed 237137, pilot",58,11,21,"D 1,3 -> 5,7",21,True,0.0,237164.0,1,False,0.0094413045936575,0.11,2845976.0
"Fixed 237137, pilot",58,12,12,"D 0,2 -> 4,6",12,True,0.0,237159.0,1,False,0.018167337551006336,0.11,3083135.0
"Fixed 237137, pilot",59,0,25,"D 2,3 -> 6,7",25,True,0.0,237161.0,1,False,0.31503606513167726,0.11,237161.0
"Fixed 237137, pilot",59,1,15,"D 0,3 -> 5,6",15,True,0.0,237166.0,1,False,0.29681502172579394,0.11,474327.0
"Fixed 237137, pilot",59,2,8,"D 0,1 -> 4,5",8,True,0.0,237162.0,1,False,0.3764697826210095,0.11,711489.0
"Fixed 237137, pilot",59,3,18,"D 1,2 -> 4,7",18,True,0.0,237165.0,1,False,0.3002635722338174,0.11,948654.0
"Fixed 237137, pilot",59,4,19,"D 1,2 -> 5,6",14,True,5.182410056647768e-12,237166.0,1,False,0.03758523457422756,0.11,1185820.0
"Fixed 237137, pilot",59,5,14,"D 0,3 -> 4,7",14,True,0.0,237161.0,1,False,0.06571252392066197,0.11,1422981.0
"Fixed 237137, pilot",59,6,22,"D 2,3 -> 4,5",22,True,0.0,237164.0,1,False,0.04364852124132713,0.11,1660145.0
"Fixed 237137, pilot",59,7,11,"D 0,1 -> 6,7",11,True,0.0,237164.0,1,False,0.10072796416579667,0.11,1897309.0
"Fixed 237137, pilot",59,8,12,"D 0,2 -> 4,6",21,True,2.371568497139265e-10,237160.0,1,False,0.009441304630083448,0.11,2134469.0
"Fixed 237137, pilot",59,9,21,"D 1,3 -> 5,7",21,True,0.0,237163.0,1,False,0.01816733759515189,0.11,2371632.0
"Fixed 237137, pilot",60,0,25,"D 2,3 -> 6,7",25,True,0.0,237164.0,1,False,0.31503606513167726,0.11,237164.0
"Fixed 237137, pilot",60,1,15,"D 0,3 -> 5,6",15,True,0.0,237162.0,1,False,0.29681502172579394,0.11,474326.0
"Fixed 237137, pilot",60,2,8,"D 0,1 -> 4,5",8,True,0.0,237163.0,1,False,0.3764697826210095,0.11,711489.0
"Fixed 237137, pilot",60,3,18,"D 1,2 -> 4,7",18,True,0.0,237161.0,1,False,0.3002635722338174,0.11,948650.0
"Fixed 237137, pilot",60,4,14,"D 0,3 -> 4,7",14,True,0.0,237161.0,1,False,0.03758523457422756,0.11,1185811.0
"Fixed 237137, pilot",60,5,19,"D 1,2 -> 5,6",19,True,0.0,237161.0,1,False,0.0657125239900671,0.11,1422972.0
"Fixed 237137, pilot",60,6,11,"D 0,1 -> 6,7",22,False,0.044806582302531095,237162.0,1,False,0.04364852130558422,0.11,1660134.0
"Fixed 237137, pilot",60,7,22,"D 2,3 -> 4,5",22,True,0.0,237162.0,1,False,0.06967473471683744,0.11,1897296.0
"Fixed 237137, pilot",60,8,12,"D 0,2 -> 4,6",12,True,0.0,237164.0,1,False,0.009441304763103292,0.11,2134460.0
"Fixed 237137, pilot",60,9,21,"D 1,3 -> 5,7",21,True,0.0,237163.0,1,False,0.018167337650104195,0.11,2371623.0
"Fixed 237137, pilot",61,0,25,"D 2,3 -> 6,7",25,True,0.0,237158.0,1,False,0.31503606513167726,0.11,237158.0
"Fixed 237137, pilot",61,1,18,"D 1,2 -> 4,7",15,True,0.0,237164.0,1,False,0.29681502172579394,0.11,474322.0
"Fixed 237137, pilot",61,2,8,"D 0,1 -> 4,5",8,True,0.0,237162.0,1,False,0.3764697826210095,0.11,711484.0
"Fixed 237137, pilot",61,3,15,"D 0,3 -> 5,6",15,True,0.0,237165.0,1,False,0.30026357217502075,0.11,948649.0
"Fixed 237137, pilot",61,4,14,"D 0,3 -> 4,7",19,True,5.80789971671436e-10,237163.0,1,False,0.03758523474777508,0.11,1185812.0
"Fixed 237137, pilot",61,5,19,"D 1,2 -> 5,6",19,True,0.0,237162.0,1,False,0.0657125239206618,0.11,1422974.0
"Fixed 237137, pilot",61,6,11,"D 0,1 -> 6,7",22,False,0.044806582285133345,237166.0,1,False,0.043648521241327065,0.11,1660140.0
"Fixed 237137, pilot",61,7,22,"D 2,3 -> 4,5",22,True,0.0,237161.0,1,False,0.06967473482297251,0.11,1897301.0
"Fixed 237137, pilot",61,8,12,"D 0,2 -> 4,6",12,True,0.0,237165.0,1,False,0.009441304632724787,0.11,2134466.0
"Fixed 237137, pilot",61,9,21,"D 1,3 -> 5,7",21,True,0.0,237165.0,1,False,0.01816733764921178,0.11,2371631.0
"Fixed 237137, pilot",62,0,25,"D 2,3 -> 6,7",25,True,0.0,237162.0,1,False,0.31503606513167726,0.11,237162.0
"Fixed 237137, pilot",62,1,15,"D 0,3 -> 5,6",15,True,0.0,237164.0,1,False,0.29681502172579394,0.11,474326.0
"Fixed 237137, pilot",62,2,8,"D 0,1 -> 4,5",8,True,0.0,237165.0,1,False,0.3764697826210095,0.11,711491.0
"Fixed 237137, pilot",62,3,18,"D 1,2 -> 4,7",18,True,0.0,237166.0,1,False,0.3002635722338174,0.11,948657.0
"Fixed 237137, pilot",62,4,19,"D 1,2 -> 5,6",14,True,5.182410056647768e-12,237164.0,1,False,0.03758523457422756,0.11,1185821.0
"Fixed 237137, pilot",62,5,14,"D 0,3 -> 4,7",14,True,0.0,237166.0,1,False,0.06571252392066197,0.11,1422987.0
"Fixed 237137, pilot",62,6,22,"D 2,3 -> 4,5",22,True,0.0,237165.0,1,False,0.04364852124132713,0.11,1660152.0
"Fixed 237137, pilot",62,7,11,"D 0,1 -> 6,7",11,True,0.0,237161.0,1,False,0.10072796416579667,0.11,1897313.0
"Fixed 237137, pilot",62,8,12,"D 0,2 -> 4,6",21,True,2.371568497139265e-10,237169.0,1,False,0.009441304630083448,0.11,2134482.0
"Fixed 237137, pilot",62,9,21,"D 1,3 -> 5,7",21,True,0.0,237162.0,1,False,0.01816733759515189,0.11,2371644.0
"Fixed 237137, pilot",63,0,25,"D 2,3 -> 6,7",25,True,0.0,237160.0,1,False,0.31503606513167726,0.11,237160.0
"Fixed 237137, pilot",63,1,18,"D 1,2 -> 4,7",15,True,0.0,237161.0,1,False,0.29681502172579394,0.11,474321.0
"Fixed 237137, pilot",63,2,8,"D 0,1 -> 4,5",8,True,0.0,237165.0,1,False,0.3764697826210095,0.11,711486.0
"Fixed 237137, pilot",63,3,15,"D 0,3 -> 5,6",15,True,0.0,237166.0,1,False,0.30026357217502075,0.11,948652.0
"Fixed 237137, pilot",63,4,14,"D 0,3 -> 4,7",19,True,5.80789971671436e-10,237165.0,1,False,0.03758523474777508,0.11,1185817.0
"Fixed 237137, pilot",63,5,19,"D 1,2 -> 5,6",19,True,0.0,237166.0,1,False,0.0657125239206618,0.11,1422983.0
"Fixed 237137, pilot",63,6,22,"D 2,3 -> 4,5",22,True,0.0,237161.0,1,False,0.043648521241327065,0.11,1660144.0
"Fixed 237137, pilot",63,7,11,"D 0,1 -> 6,7",11,True,0.0,237164.0,1,False,0.10072796416579699,0.11,1897308.0
"Fixed 237137, pilot",63,8,21,"D 1,3 -> 5,7",21,True,0.0,237164.0,1,False,0.009441304483876924,0.11,2134472.0
"Fixed 237137, pilot",63,9,12,"D 0,2 -> 4,6",12,True,0.0,237165.0,1,False,0.01816733748163215,0.11,2371637.0
"Fixed 237137, pilot",64,0,25,"D 2,3 -> 6,7",25,True,0.0,237159.0,1,False,0.31503606513167726,0.11,237159.0
"Fixed 237137, pilot",64,1,15,"D 0,3 -> 5,6",15,True,0.0,237165.0,1,False,0.29681502172579394,0.11,474324.0
"Fixed 237137, pilot",64,2,8,"D 0,1 -> 4,5",8,True,0.0,237162.0,1,False,0.3764697826210095,0.11,711486.0
"Fixed 237137, pilot",64,3,18,"D 1,2 -> 4,7",18,True,0.0,237161.0,1,False,0.3002635722338174,0.11,948647.0
"Fixed 237137, pilot",64,4,19,"D 1,2 -> 5,6",14,True,5.182410056647768e-12,237164.0,1,False,0.03758523457422756,0.11,1185811.0
"Fixed 237137, pilot",64,5,14,"D 0,3 -> 4,7",14,True,0.0,237164.0,1,False,0.06571252392066197,0.11,1422975.0
"Fixed 237137, pilot",64,6,11,"D 0,1 -> 6,7",22,False,0.044806582285143115,237164.0,1,False,0.04364852124132713,0.11,1660139.0
"Fixed 237137, pilot",64,7,22,"D 2,3 -> 4,5",22,True,0.0,237162.0,1,False,0.06967473471393487,0.11,1897301.0
"Fixed 237137, pilot",64,8,12,"D 0,2 -> 4,6",21,True,7.587118711072094e-10,237162.0,1,False,0.009441304632724919,0.11,2134463.0
"Fixed 237137, pilot",64,9,21,"D 1,3 -> 5,7",21,True,0.0,237162.0,1,False,0.018167337481629672,0.11,2371625.0
"Fixed 237137, pilot",65,0,25,"D 2,3 -> 6,7",25,True,0.0,237162.0,1,False,0.31503606513167726,0.11,237162.0
"Fixed 237137, pilot",65,1,18,"D 1,2 -> 4,7",15,True,0.0,237166.0,1,False,0.29681502172579394,0.11,474328.0
"Fixed 237137, pilot",65,2,8,"D 0,1 -> 4,5",8,True,0.0,237163.0,1,False,0.3764697826210095,0.11,711491.0
"Fixed 237137, pilot",65,3,15,"D 0,3 -> 5,6",15,True,0.0,237162.0,1,False,0.30026357217502075,0.11,948653.0
"Fixed 237137, pilot",65,4,14,"D 0,3 -> 4,7",19,True,5.80789971671436e-10,237163.0,1,False,0.03758523474777508,0.11,1185816.0
"Fixed 237137, pilot",65,5,19,"D 1,2 -> 5,6",19,True,0.0,237164.0,1,False,0.0657125239206618,0.11,1422980.0
"Fixed 237137, pilot",65,6,22,"D 2,3 -> 4,5",22,True,0.0,237164.0,1,False,0.043648521241327065,0.11,1660144.0
"Fixed 237137, pilot",65,7,11,"D 0,1 -> 6,7",11,True,0.0,237162.0,1,False,0.10072796416579699,0.11,1897306.0
"Fixed 237137, pilot",65,8,1,S 0 -> 6,21,False,1.0,237162.0,1,False,0.009441304483876924,0.11,2134468.0
"Fixed 237137, pilot",65,9,7,S 3 -> 7,12,False,1.0,237162.0,1,False,0.009441304546048494,0.11,2371630.0
"Fixed 237137, pilot",65,10,21,"D 1,3 -> 5,7",12,True,6.400169283438117e-10,237161.0,1,False,0.009441304546048494,0.11,2608791.0
"Fixed 237137, pilot",65,11,12,"D 0,2 -> 4,6",12,True,0.0,237164.0,1,False,0.018167337499938888,0.11,2845955.0
"Fixed 237137, pilot",66,0,25,"D 2,3 -> 6,7",25,True,0.0,237160.0,1,False,0.31503606513167726,0.11,237160.0
"Fixed 237137, pilot",66,1,18,"D 1,2 -> 4,7",15,True,0.0,237163.0,1,False,0.29681502172579394,0.11,474323.0
"Fixed 237137, pilot",66,2,8,"D 0,1 -> 4,5",8,True,0.0,237162.0,1,False,0.3764697826210095,0.11,711485.0
"Fixed 237137, pilot",66,3,15,"D 0,3 -> 5,6",15,True,0.0,237166.0,1,False,0.30026357217502075,0.11,948651.0
"Fixed 237137, pilot",66,4,14,"D 0,3 -> 4,7",19,True,5.80789971671436e-10,237165.0,1,False,0.03758523474777508,0.11,1185816.0
"Fixed 237137, pilot",66,5,19,"D 1,2 -> 5,6",19,True,0.0,237160.0,1,False,0.0657125239206618,0.11,1422976.0
"Fixed 237137, pilot",66,6,22,"D 2,3 -> 4,5",22,True,0.0,237167.0,1,False,0.043648521241327065,0.11,1660143.0
"Fixed 237137, pilot",66,7,11,"D 0,1 -> 6,7",11,True,0.0,237162.0,1,False,0.10072796416579699,0.11,1897305.0
"Fixed 237137, pilot",66,8,21,"D 1,3 -> 5,7",21,True,0.0,237166.0,1,False,0.009441304483876924,0.11,2134471.0
"Fixed 237137, pilot",66,9,12,"D 0,2 -> 4,6",12,True,0.0,237162.0,1,False,0.01816733748163215,0.11,2371633.0
"Fixed 237137, pilot",67,0,25,"D 2,3 -> 6,7",25,True,0.0,237161.0,1,False,0.31503606513167726,0.11,237161.0
"Fixed 237137, pilot",67,1,15,"D 0,3 -> 5,6",15,True,0.0,237161.0,1,False,0.29681502172579394,0.11,474322.0
"Fixed 237137, pilot",67,2,8,"D 0,1 -> 4,5",8,True,0.0,237164.0,1,False,0.3764697826210095,0.11,711486.0
"Fixed 237137, pilot",67,3,18,"D 1,2 -> 4,7",18,True,0.0,237163.0,1,False,0.3002635722338174,0.11,948649.0
"Fixed 237137, pilot",67,4,14,"D 0,3 -> 4,7",14,True,0.0,237164.0,1,False,0.03758523457422756,0.11,1185813.0
"Fixed 237137, pilot",67,5,19,"D 1,2 -> 5,6",19,True,0.0,237160.0,1,False,0.0657125239900671,0.11,1422973.0
"Fixed 237137, pilot",67,6,11,"D 0,1 -> 6,7",22,False,0.044806582302531095,237163.0,1,False,0.04364852130558422,0.11,1660136.0
"Fixed 237137, pilot",67,7,22,"D 2,3 -> 4,5",22,True,0.0,237164.0,1,False,0.06967473471683744,0.11,1897300.0
"Fixed 237137, pilot",67,8,21,"D 1,3 -> 5,7",12,False,2.6598964142365844e-09,237161.0,1,False,0.009441304763103292,0.11,2134461.0
"Fixed 237137, pilot",67,9,12,"D 0,2 -> 4,6",12,True,0.0,237163.0,1,False,0.018167337649211208,0.11,2371624.0
"Fixed 237137, pilot",68,0,25,"D 2,3 -> 6,7",25,True,0.0,237165.0,1,False,0.31503606513167726,0.11,237165.0
"Fixed 237137, pilot",68,1,18,"D 1,2 -> 4,7",15,True,0.0,237162.0,1,False,0.29681502172579394,0.11,474327.0
"Fixed 237137, pilot",68,2,8,"D 0,1 -> 4,5",8,True,0.0,237166.0,1,False,0.3764697826210095,0.11,711493.0
"Fixed 237137, pilot",68,3,15,"D 0,3 -> 5,6",15,True,0.0,237166.0,1,False,0.30026357217502075,0.11,948659.0
"Fixed 237137, pilot",68,4,19,"D 1,2 -> 5,6",19,True,0.0,237164.0,1,False,0.03758523474777508,0.11,1185823.0
"Fixed 237137, pilot",68,5,14,"D 0,3 -> 4,7",14,True,0.0,237165.0,1,False,0.06571252399006697,0.11,1422988.0
"Fixed 237137, pilot",68,6,22,"D 2,3 -> 4,5",22,True,0.0,237163.0,1,False,0.043648521305584075,0.11,1660151.0
"Fixed 237137, pilot",68,7,11,"D 0,1 -> 6,7",11,True,0.0,237167.0,1,False,0.10072796416579774,0.11,1897318.0
"Fixed 237137, pilot",68,8,21,"D 1,3 -> 5,7",21,True,0.0,237163.0,1,False,0.009441304483876945,0.11,2134481.0
"Fixed 237137, pilot",68,9,12,"D 0,2 -> 4,6",12,True,0.0,237163.0,1,False,0.018167337522397423,0.11,2371644.0
"Fixed 237137, pilot",69,0,25,"D 2,3 -> 6,7",25,True,0.0,237160.0,1,False,0.31503606513167726,0.11,237160.0
"Fixed 237137, pilot",69,1,18,"D 1,2 -> 4,7",15,True,0.0,237167.0,1,False,0.29681502172579394,0.11,474327.0
"Fixed 237137, pilot",69,2,8,"D 0,1 -> 4,5",8,True,0.0,237166.0,1,False,0.3764697826210095,0.11,711493.0
"Fixed 237137, pilot",69,3,15,"D 0,3 -> 5,6",15,True,0.0,237165.0,1,False,0.30026357217502075,0.11,948658.0
"Fixed 237137, pilot",69,4,19,"D 1,2 -> 5,6",19,True,0.0,237160.0,1,False,0.03758523474777508,0.11,1185818.0
"Fixed 237137, pilot",69,5,14,"D 0,3 -> 4,7",14,True,0.0,237166.0,1,False,0.06571252399006697,0.11,1422984.0
"Fixed 237137, pilot",69,6,22,"D 2,3 -> 4,5",22,True,0.0,237165.0,1,False,0.043648521305584075,0.11,1660149.0
"Fixed 237137, pilot",69,7,11,"D 0,1 -> 6,7",11,True,0.0,237159.0,1,False,0.10072796416579774,0.11,1897308.0
"Fixed 237137, pilot",69,8,9,"D 0,1 -> 4,7",21,False,1.0,237165.0,1,False,0.009441304483876945,0.11,2134473.0
"Fixed 237137, pilot",69,9,0,S 0 -> 4,12,False,1.0,237164.0,1,False,0.00944130454604846,0.1,2371637.0
"Fixed 237137, pilot",69,10,6,S 3 -> 5,12,False,1.0,237163.0,1,False,0.00944130454604846,0.11,2608800.0
"Fixed 237137, pilot",69,11,7,S 3 -> 7,12,False,1.0,237162.0,1,False,0.00944130454604846,0.11,2845962.0
"Fixed 237137, pilot",69,12,12,"D 0,2 -> 4,6",12,True,0.0,237164.0,1,False,0.00944130454604846,0.1,3083126.0
"Fixed 237137, pilot",69,13,21,"D 1,3 -> 5,7",21,True,0.0,237164.0,1,False,0.018167337649211964,0.11,3320290.0
"Fixed 237137, pilot",70,0,25,"D 2,3 -> 6,7",25,True,0.0,237161.0,1,False,0.31503606513167726,0.11,237161.0
"Fixed 237137, pilot",70,1,15,"D 0,3 -> 5,6",15,True,0.0,237166.0,1,False,0.29681502172579394,0.11,474327.0
"Fixed 237137, pilot",70,2,8,"D 0,1 -> 4,5",8,True,0.0,237164.0,1,False,0.3764697826210095,0.11,711491.0
"Fixed 237137, pilot",70,3,18,"D 1,2 -> 4,7",18,True,0.0,237163.0,1,False,0.3002635722338174,0.11,948654.0
"Fixed 237137, pilot",70,4,14,"D 0,3 -> 4,7",14,True,0.0,237163.0,1,False,0.03758523457422756,0.11,1185817.0
"Fixed 237137, pilot",70,5,19,"D 1,2 -> 5,6",19,True,0.0,237162.0,1,False,0.0657125239900671,0.11,1422979.0
"Fixed 237137, pilot",70,6,22,"D 2,3 -> 4,5",22,True,0.0,237164.0,1,False,0.04364852130558422,0.11,1660143.0
"Fixed 237137, pilot",70,7,11,"D 0,1 -> 6,7",11,True,0.0,237161.0,1,False,0.10072796416579655,0.11,1897304.0
"Fixed 237137, pilot",70,8,18,"D 1,2 -> 4,7",21,False,0.9999997626368479,237163.0,1,False,0.009441305047874061,0.11,2134467.0
"Fixed 237137, pilot",70,9,11,"D 0,1 -> 6,7",12,False,0.9999999943045609,237164.0,1,False,0.00944130456309997,0.11,2371631.0
"Fixed 237137, pilot",70,10,21,"D 1,3 -> 5,7",12,True,7.494105336292023e-10,237162.0,1,False,0.009441304572763593,0.11,2608793.0
"Fixed 237137, pilot",70,11,12,"D 0,2 -> 4,6",12,True,0.0,237163.0,1,False,0.01816734049689117,0.11,2845956.0
"Fixed 237137, pilot",71,0,25,"D 2,3 -> 6,7",25,True,0.0,237161.0,1,False,0.31503606513167726,0.11,237161.0
"Fixed 237137, pilot",71,1,15,"D 0,3 -> 5,6",15,True,0.0,237165.0,1,False,0.29681502172579394,0.11,474326.0
"Fixed 237137, pilot",71,2,8,"D 0,1 -> 4,5",8,True,0.0,237165.0,1,False,0.3764697826210095,0.11,711491.0
"Fixed 237137, pilot",71,3,18,"D 1,2 -> 4,7",18,True,0.0,237162.0,1,False,0.3002635722338174,0.11,948653.0
"Fixed 237137, pilot",71,4,14,"D 0,3 -> 4,7",14,True,0.0,237162.0,1,False,0.03758523457422756,0.11,1185815.0
"Fixed 237137, pilot",71,5,19,"D 1,2 -> 5,6",19,True,0.0,237164.0,1,False,0.0657125239900671,0.11,1422979.0
"Fixed 237137, pilot",71,6,22,"D 2,3 -> 4,5",22,True,0.0,237163.0,1,False,0.04364852130558422,0.11,1660142.0
"Fixed 237137, pilot",71,7,11,"D 0,1 -> 6,7",11,True,0.0,237163.0,1,False,0.10072796416579655,0.11,1897305.0
"Fixed 237137, pilot",71,8,12,"D 0,2 -> 4,6",21,False,1.6493607257750398e-08,237161.0,1,False,0.009441305047874061,0.11,2134466.0
"Fixed 237137, pilot",71,9,21,"D 1,3 -> 5,7",21,True,0.0,237163.0,1,False,0.018167337650105482,0.11,2371629.0
"Fixed 237137, pilot",72,0,25,"D 2,3 -> 6,7",25,True,0.0,237163.0,1,False,0.31503606513167726,0.11,237163.0
"Fixed 237137, pilot",72,1,15,"D 0,3 -> 5,6",15,True,0.0,237169.0,1,False,0.29681502172579394,0.11,474332.0
"Fixed 237137, pilot",72,2,8,"D 0,1 -> 4,5",8,True,0.0,237163.0,1,False,0.3764697826210095,0.11,711495.0
"Fixed 237137, pilot",72,3,18,"D 1,2 -> 4,7",18,True,0.0,237165.0,1,False,0.3002635722338174,0.11,948660.0
"Fixed 237137, pilot",72,4,19,"D 1,2 -> 5,6",14,True,5.182410056647768e-12,237160.0,1,False,0.03758523457422756,0.11,1185820.0
"Fixed 237137, pilot",72,5,14,"D 0,3 -> 4,7",14,True,0.0,237162.0,1,False,0.06571252392066197,0.11,1422982.0
"Fixed 237137, pilot",72,6,11,"D 0,1 -> 6,7",22,False,0.044806582285143115,237162.0,1,False,0.04364852124132713,0.1,1660144.0
"Fixed 237137, pilot",72,7,22,"D 2,3 -> 4,5",22,True,0.0,237159.0,1,False,0.06967473471393487,0.11,1897303.0
"Fixed 237137, pilot",72,8,10,"D 0,1 -> 5,6",21,False,1.0,237164.0,1,False,0.009441304632724919,0.11,2134467.0
"Fixed 237137, pilot",72,9,21,"D 1,3 -> 5,7",21,True,0.0,237162.0,1,False,0.009441304632724919,0.11,2371629.0
"Fixed 237137, pilot",72,10,12,"D 0,2 -> 4,6",12,True,0.0,237164.0,1,False,0.018167337649211596,0.11,2608793.0
"Fixed 237137, pilot",73,0,25,"D 2,3 -> 6,7",25,True,0.0,237161.0,1,False,0.31503606513167726,0.11,237161.0
"Fixed 237137, pilot",73,1,18,"D 1,2 -> 4,7",15,True,0.0,237163.0,1,False,0.29681502172579394,0.1,474324.0
"Fixed 237137, pilot",73,2,8,"D 0,1 -> 4,5",8,True,0.0,237162.0,1,False,0.3764697826210095,0.1,711486.0
"Fixed 237137, pilot",73,3,15,"D 0,3 -> 5,6",15,True,0.0,237165.0,1,False,0.30026357217502075,0.11,948651.0
"Fixed 237137, pilot",73,4,19,"D 1,2 -> 5,6",19,True,0.0,237165.0,1,False,0.03758523474777508,0.11,1185816.0
"Fixed 237137, pilot",73,5,14,"D 0,3 -> 4,7",14,True,0.0,237164.0,1,False,0.06571252399006697,0.11,1422980.0
"Fixed 237137, pilot",73,6,11,"D 0,1 -> 6,7",22,False,0.04480658230253376,237164.0,1,False,0.043648521305584075,0.11,1660144.0
"Fixed 237137, pilot",73,7,22,"D 2,3 -> 4,5",22,True,0.0,237161.0,1,False,0.06967473471393487,0.11,1897305.0
"Fixed 237137, pilot",73,8,12,"D 0,2 -> 4,6",21,False,2.6598955260581647e-09,237167.0,1,False,0.009441304763103297,0.11,2134472.0
"Fixed 237137, pilot",73,9,21,"D 1,3 -> 5,7",21,True,0.0,237161.0,1,False,0.018167337649211406,0.11,2371633.0
"Fixed 237137, pilot",74,0,25,"D 2,3 -> 6,7",25,True,0.0,237165.0,1,False,0.31503606513167726,0.11,237165.0
"Fixed 237137, pilot",74,1,18,"D 1,2 -> 4,7",15,True,0.0,237161.0,1,False,0.29681502172579394,0.11,474326.0
"Fixed 237137, pilot",74,2,8,"D 0,1 -> 4,5",8,True,0.0,237163.0,1,False,0.3764697826210095,0.11,711489.0
"Fixed 237137, pilot",74,3,15,"D 0,3 -> 5,6",15,True,0.0,237166.0,1,False,0.30026357217502075,0.11,948655.0
"Fixed 237137, pilot",74,4,19,"D 1,2 -> 5,6",19,True,0.0,237163.0,1,False,0.03758523474777508,0.11,1185818.0
"Fixed 237137, pilot",74,5,14,"D 0,3 -> 4,7",14,True,0.0,237164.0,1,False,0.06571252399006697,0.11,1422982.0
"Fixed 237137, pilot",74,6,22,"D 2,3 -> 4,5",22,True,0.0,237163.0,1,False,0.043648521305584075,0.11,1660145.0
"Fixed 237137, pilot",74,7,11,"D 0,1 -> 6,7",11,True,0.0,237163.0,1,False,0.10072796416579774,0.11,1897308.0
"Fixed 237137, pilot",74,8,5,S 2 -> 6,21,False,1.0,237167.0,1,False,0.009441304483876945,0.11,2134475.0
"Fixed 237137, pilot",74,9,12,"D 0,2 -> 4,6",12,True,0.0,237167.0,1,False,0.00944130454604846,0.11,2371642.0
"Fixed 237137, pilot",74,10,21,"D 1,3 -> 5,7",21,True,0.0,237162.0,1,False,0.018167337649212068,0.11,2608804.0
"Fixed 237137, pilot",75,0,25,"D 2,3 -> 6,7",25,True,0.0,237160.0,1,False,0.31503606513167726,0.11,237160.0
"Fixed 237137, pilot",75,1,15,"D 0,3 -> 5,6",15,True,0.0,237163.0,1,False,0.29681502172579394,0.11,474323.0
"Fixed 237137, pilot",75,2,8,"D 0,1 -> 4,5",8,True,0.0,237166.0,1,False,0.3764697826210095,0.11,711489.0
"Fixed 237137, pilot",75,3,18,"D 1,2 -> 4,7",18,True,0.0,237161.0,1,False,0.3002635722338174,0.11,948650.0
"Fixed 237137, pilot",75,4,14,"D 0,3 -> 4,7",14,True,0.0,237166.0,1,False,0.03758523457422756,0.11,1185816.0
"Fixed 237137, pilot",75,5,19,"D 1,2 -> 5,6",19,True,0.0,237165.0,1,False,0.0657125239900671,0.11,1422981.0
"Fixed 237137, pilot",75,6,22,"D 2,3 -> 4,5",22,True,0.0,237163.0,1,False,0.04364852130558422,0.11,1660144.0
"Fixed 237137, pilot",75,7,11,"D 0,1 -> 6,7",11,True,0.0,237166.0,1,False,0.10072796416579655,0.11,1897310.0
"Fixed 237137, pilot",75,8,21,"D 1,3 -> 5,7",21,True,0.0,237165.0,1,False,0.009441305047874061,0.11,2134475.0
"Fixed 237137, pilot",75,9,12,"D 0,2 -> 4,6",12,True,0.0,237166.0,1,False,0.018167337649213765,0.11,2371641.0
"Fixed 237137, pilot",76,0,25,"D 2,3 -> 6,7",25,True,0.0,237160.0,1,False,0.31503606513167726,0.11,237160.0
"Fixed 237137, pilot",76,1,18,"D 1,2 -> 4,7",15,True,0.0,237163.0,1,False,0.29681502172579394,0.11,474323.0
"Fixed 237137, pilot",76,2,8,"D 0,1 -> 4,5",8,True,0.0,237159.0,1,False,0.3764697826210095,0.11,711482.0
"Fixed 237137, pilot",76,3,15,"D 0,3 -> 5,6",15,True,0.0,237165.0,1,False,0.30026357217502075,0.11,948647.0
"Fixed 237137, pilot",76,4,14,"D 0,3 -> 4,7",19,True,5.80789971671436e-10,237163.0,1,False,0.03758523474777508,0.11,1185810.0
"Fixed 237137, pilot",76,5,19,"D 1,2 -> 5,6",19,True,0.0,237164.0,1,False,0.0657125239206618,0.11,1422974.0
"Fixed 237137, pilot",76,6,11,"D 0,1 -> 6,7",22,False,0.044806582285133345,237160.0,1,False,0.043648521241327065,0.11,1660134.0
"Fixed 237137, pilot",76,7,22,"D 2,3 -> 4,5",22,True,0.0,237161.0,1,False,0.06967473482297251,0.11,1897295.0
"Fixed 237137, pilot",76,8,13,"D 0,3 -> 4,5",12,False,1.0,237160.0,1,False,0.009441304632724787,0.11,2134455.0
"Fixed 237137, pilot",76,9,6,S 3 -> 5,12,False,1.0,237162.0,1,False,0.009441304632724787,0.11,2371617.0
"Fixed 237137, pilot",76,10,6,S 3 -> 5,12,False,1.0,237164.0,1,False,0.009441304632724787,0.11,2608781.0
"Fixed 237137, pilot",76,11,12,"D 0,2 -> 4,6",12,True,0.0,237164.0,1,False,0.009441304632724787,0.11,2845945.0
"Fixed 237137, pilot",76,12,21,"D 1,3 -> 5,7",21,True,0.0,237166.0,1,False,0.01816733764921178,0.11,3083111.0
"Fixed 237137, pilot",77,0,25,"D 2,3 -> 6,7",25,True,0.0,237162.0,1,False,0.31503606513167726,0.11,237162.0
"Fixed 237137, pilot",77,1,18,"D 1,2 -> 4,7",15,True,0.0,237163.0,1,False,0.29681502172579394,0.11,474325.0
"Fixed 237137, pilot",77,2,8,"D 0,1 -> 4,5",8,True,0.0,237164.0,1,False,0.3764697826210095,0.11,711489.0
"Fixed 237137, pilot",77,3,15,"D 0,3 -> 5,6",15,True,0.0,237160.0,1,False,0.30026357217502075,0.11,948649.0
"Fixed 237137, pilot",77,4,14,"D 0,3 -> 4,7",19,True,5.80789971671436e-10,237163.0,1,False,0.03758523474777508,0.11,1185812.0
"Fixed 237137, pilot",77,5,19,"D 1,2 -> 5,6",19,True,0.0,237165.0,1,False,0.0657125239206618,0.11,1422977.0
"Fixed 237137, pilot",77,6,11,"D 0,1 -> 6,7",22,False,0.044806582285133345,237159.0,1,False,0.043648521241327065,0.11,1660136.0
"Fixed 237137, pilot",77,7,22,"D 2,3 -> 4,5",22,True,0.0,237166.0,1,False,0.06967473482297251,0.11,1897302.0
"Fixed 237137, pilot",77,8,3,S 1 -> 7,12,False,1.0,237160.0,1,False,0.009441304632724787,0.11,2134462.0
"Fixed 237137, pilot",77,9,3,S 1 -> 7,12,False,1.0,237165.0,1,False,0.009441304632724787,0.11,2371627.0
"Fixed 237137, pilot",77,10,12,"D 0,2 -> 4,6",12,True,0.0,237165.0,1,False,0.009441304632724787,0.11,2608792.0
"Fixed 237137, pilot",77,11,21,"D 1,3 -> 5,7",21,True,0.0,237160.0,1,False,0.01816733764921178,0.11,2845952.0
"Fixed 237137, pilot",78,0,25,"D 2,3 -> 6,7",25,True,0.0,237167.0,1,False,0.31503606513167726,0.11,237167.0
"Fixed 237137, pilot",78,1,18,"D 1,2 -> 4,7",15,True,0.0,237160.0,1,False,0.29681502172579394,0.11,474327.0
"Fixed 237137, pilot",78,2,8,"D 0,1 -> 4,5",8,True,0.0,237161.0,1,False,0.3764697826210095,0.11,711488.0
"Fixed 237137, pilot",78,3,15,"D 0,3 -> 5,6",15,True,0.0,237161.0,1,False,0.30026357217502075,0.11,948649.0
"Fixed 237137, pilot",78,4,14,"D 0,3 -> 4,7",19,True,5.80789971671436e-10,237163.0,1,False,0.03758523474777508,0.11,1185812.0
"Fixed 237137, pilot",78,5,19,"D 1,2 -> 5,6",19,True,0.0,237164.0,1,False,0.0657125239206618,0.11,1422976.0
"Fixed 237137, pilot",78,6,22,"D 2,3 -> 4,5",22,True,0.0,237166.0,1,False,0.043648521241327065,0.11,1660142.0
"Fixed 237137, pilot",78,7,11,"D 0,1 -> 6,7",11,True,0.0,237167.0,1,False,0.10072796416579699,0.11,1897309.0
"Fixed 237137, pilot",78,8,21,"D 1,3 -> 5,7",21,True,0.0,237163.0,1,False,0.009441304483876924,0.11,2134472.0
"Fixed 237137, pilot",78,9,12,"D 0,2 -> 4,6",12,True,0.0,237162.0,1,False,0.01816733748163215,0.11,2371634.0
"Fixed 237137, pilot",79,0,25,"D 2,3 -> 6,7",25,True,0.0,237162.0,1,False,0.31503606513167726,0.11,237162.0
"Fixed 237137, pilot",79,1,18,"D 1,2 -> 4,7",15,True,0.0,237163.0,1,False,0.29681502172579394,0.11,474325.0
"Fixed 237137, pilot",79,2,8,"D 0,1 -> 4,5",8,True,0.0,237161.0,1,False,0.3764697826210095,0.11,711486.0
"Fixed 237137, pilot",79,3,15,"D 0,3 -> 5,6",15,True,0.0,237166.0,1,False,0.30026357217502075,0.11,948652.0
"Fixed 237137, pilot",79,4,14,"D 0,3 -> 4,7",19,True,5.80789971671436e-10,237164.0,1,False,0.03758523474777508,0.11,1185816.0
"Fixed 237137, pilot",79,5,19,"D 1,2 -> 5,6",19,True,0.0,237158.0,1,False,0.0657125239206618,0.11,1422974.0
"Fixed 237137, pilot",79,6,22,"D 2,3 -> 4,5",22,True,0.0,237163.0,1,False,0.043648521241327065,0.11,1660137.0
"Fixed 237137, pilot",79,7,11,"D 0,1 -> 6,7",11,True,0.0,237165.0,1,False,0.10072796416579699,0.11,1897302.0
"Fixed 237137, pilot",79,8,12,"D 0,2 -> 4,6",21,False,2.297273260509769e-09,237161.0,1,False,0.009441304483876924,0.11,2134463.0
"Fixed 237137, pilot",79,9,21,"D 1,3 -> 5,7",21,True,0.0,237162.0,1,False,0.018167337649210347,0.11,2371625.0
"Fixed 237137, pilot",80,0,25,"D 2,3 -> 6,7",25,True,0.0,237163.0,1,False,0.31503606513167726,0.11,237163.0
"Fixed 237137, pilot",80,1,15,"D 0,3 -> 5,6",15,True,0.0,237162.0,1,False,0.29681502172579394,0.11,474325.0
"Fixed 237137, pilot",80,2,8,"D 0,1 -> 4,5",8,True,0.0,237163.0,1,False,0.3764697826210095,0.11,711488.0
"Fixed 237137, pilot",80,3,18,"D 1,2 -> 4,7",18,True,0.0,237163.0,1,False,0.3002635722338174,0.11,948651.0
"Fixed 237137, pilot",80,4,14,"D 0,3 -> 4,7",14,True,0.0,237164.0,1,False,0.03758523457422756,0.11,1185815.0
"Fixed 237137, pilot",80,5,19,"D 1,2 -> 5,6",19,True,0.0,237164.0,1,False,0.0657125239900671,0.11,1422979.0
"Fixed 237137, pilot",80,6,11,"D 0,1 -> 6,7",22,False,0.044806582302531095,237162.0,1,False,0.04364852130558422,0.11,1660141.0
"Fixed 237137, pilot",80,7,22,"D 2,3 -> 4,5",22,True,0.0,237161.0,1,False,0.06967473471683744,0.11,1897302.0
"Fixed 237137, pilot",80,8,21,"D 1,3 -> 5,7",12,False,2.6598964142365844e-09,237163.0,1,False,0.009441304763103292,0.11,2134465.0
"Fixed 237137, pilot",80,9,12,"D 0,2 -> 4,6",12,True,0.0,237165.0,1,False,0.018167337649211208,0.11,2371630.0
"Fixed 237137, pilot",81,0,25,"D 2,3 -> 6,7",25,True,0.0,237160.0,1,False,0.31503606513167726,0.11,237160.0
"Fixed 237137, pilot",81,1,15,"D 0,3 -> 5,6",15,True,0.0,237166.0,1,False,0.29681502172579394,0.11,474326.0
"Fixed 237137, pilot",81,2,8,"D 0,1 -> 4,5",8,True,0.0,237164.0,1,False,0.3764697826210095,0.11,711490.0
"Fixed 237137, pilot",81,3,18,"D 1,2 -> 4,7",18,True,0.0,237165.0,1,False,0.3002635722338174,0.11,948655.0
"Fixed 237137, pilot",81,4,14,"D 0,3 -> 4,7",14,True,0.0,237163.0,1,False,0.03758523457422756,0.11,1185818.0
"Fixed 237137, pilot",81,5,19,"D 1,2 -> 5,6",19,True,0.0,237164.0,1,False,0.0657125239900671,0.11,1422982.0
"Fixed 237137, pilot",81,6,11,"D 0,1 -> 6,7",22,False,0.044806582302531095,237164.0,1,False,0.04364852130558422,0.11,1660146.0
"Fixed 237137, pilot",81,7,22,"D 2,3 -> 4,5",22,True,0.0,237161.0,1,False,0.06967473471683744,0.11,1897307.0
"Fixed 237137, pilot",81,8,2,S 1 -> 5,12,False,1.0,237164.0,1,False,0.009441304763103292,0.11,2134471.0
"Fixed 237137, pilot",81,9,21,"D 1,3 -> 5,7",12,False,2.6598964142365844e-09,237166.0,1,False,0.009441304763103292,0.11,2371637.0
"Fixed 237137, pilot",81,10,12,"D 0,2 -> 4,6",12,True,0.0,237165.0,1,False,0.018167337649211208,0.11,2608802.0
"Fixed 237137, pilot",82,0,25,"D 2,3 -> 6,7",25,True,0.0,237159.0,1,False,0.31503606513167726,0.11,237159.0
"Fixed 237137, pilot",82,1,15,"D 0,3 -> 5,6",15,True,0.0,237160.0,1,False,0.29681502172579394,0.11,474319.0
"Fixed 237137, pilot",82,2,8,"D 0,1 -> 4,5",8,True,0.0,237162.0,1,False,0.3764697826210095,0.11,711481.0
"Fixed 237137, pilot",82,3,18,"D 1,2 -> 4,7",18,True,0.0,237164.0,1,False,0.3002635722338174,0.11,948645.0
"Fixed 237137, pilot",82,4,19,"D 1,2 -> 5,6",14,True,5.182410056647768e-12,237166.0,1,False,0.03758523457422756,0.11,1185811.0
"Fixed 237137, pilot",82,5,14,"D 0,3 -> 4,7",14,True,0.0,237161.0,1,False,0.06571252392066197,0.11,1422972.0
"Fixed 237137, pilot",82,6,11,"D 0,1 -> 6,7",22,False,0.044806582285143115,237166.0,1,False,0.04364852124132713,0.11,1660138.0
"Fixed 237137, pilot",82,7,22,"D 2,3 -> 4,5",22,True,0.0,237163.0,1,False,0.06967473471393487,0.11,1897301.0
"Fixed 237137, pilot",82,8,19,"D 1,2 -> 5,6",21,False,0.9999999753612627,237165.0,1,False,0.009441304632724919,0.11,2134466.0
"Fixed 237137, pilot",82,9,12,"D 0,2 -> 4,6",21,True,7.587118711072094e-10,237164.0,1,False,0.009441304632724919,0.11,2371630.0
"Fixed 237137, pilot",82,10,21,"D 1,3 -> 5,7",21,True,0.0,237167.0,1,False,0.018167337685998104,0.11,2608797.0
"Fixed 237137, pilot",83,0,25,"D 2,3 -> 6,7",25,True,0.0,237161.0,1,False,0.31503606513167726,0.11,237161.0
"Fixed 237137, pilot",83,1,18,"D 1,2 -> 4,7",15,True,0.0,237164.0,1,False,0.29681502172579394,0.11,474325.0
"Fixed 237137, pilot",83,2,8,"D 0,1 -> 4,5",8,True,0.0,237163.0,1,False,0.3764697826210095,0.11,711488.0
"Fixed 237137, pilot",83,3,15,"D 0,3 -> 5,6",15,True,0.0,237164.0,1,False,0.30026357217502075,0.11,948652.0
"Fixed 237137, pilot",83,4,14,"D 0,3 -> 4,7",19,True,5.80789971671436e-10,237164.0,1,False,0.03758523474777508,0.11,1185816.0
"Fixed 237137, pilot",83,5,19,"D 1,2 -> 5,6",19,True,0.0,237158.0,1,False,0.0657125239206618,0.11,1422974.0
"Fixed 237137, pilot",83,6,11,"D 0,1 -> 6,7",22,False,0.044806582285133345,237161.0,1,False,0.043648521241327065,0.11,1660135.0
"Fixed 237137, pilot",83,7,22,"D 2,3 -> 4,5",22,True,0.0,237164.0,1,False,0.06967473482297251,0.11,1897299.0
"Fixed 237137, pilot",83,8,21,"D 1,3 -> 5,7",12,True,7.587165340439128e-10,237162.0,1,False,0.009441304632724787,0.11,2134461.0
"Fixed 237137, pilot",83,9,12,"D 0,2 -> 4,6",12,True,0.0,237166.0,1,False,0.01816733748162963,0.11,2371627.0
"Fixed 237137, pilot",84,0,25,"D 2,3 -> 6,7",25,True,0.0,237162.0,1,False,0.31503606513167726,0.11,237162.0
"Fixed 237137, pilot",84,1,15,"D 0,3 -> 5,6",15,True,0.0,237167.0,1,False,0.29681502172579394,0.11,474329.0
"Fixed 237137, pilot",84,2,8,"D 0,1 -> 4,5",8,True,0.0,237163.0,1,False,0.3764697826210095,0.11,711492.0
"Fixed 237137, pilot",84,3,18,"D 1,2 -> 4,7",18,True,0.0,237166.0,1,False,0.3002635722338174,0.11,948658.0
"Fixed 237137, pilot",84,4,14,"D 0,3 -> 4,7",14,True,0.0,237164.0,1,False,0.03758523457422756,0.11,1185822.0
"Fixed 237137, pilot",84,5,19,"D 1,2 -> 5,6",19,True,0.0,237162.0,1,False,0.0657125239900671,0.11,1422984.0
"Fixed 237137, pilot",84,6,22,"D 2,3 -> 4,5",22,True,0.0,237161.0,1,False,0.04364852130558422,0.11,1660145.0
"Fixed 237137, pilot",84,7,11,"D 0,1 -> 6,7",11,True,0.0,237164.0,1,False,0.10072796416579655,0.11,1897309.0
"Fixed 237137, pilot",84,8,12,"D 0,2 -> 4,6",21,False,1.6493607257750398e-08,237164.0,1,False,0.009441305047874061,0.11,2134473.0
"Fixed 237137, pilot",84,9,21,"D 1,3 -> 5,7",21,True,0.0,237161.0,1,False,0.018167337650105482,0.11,2371634.0
"Fixed 237137, pilot",85,0,25,"D 2,3 -> 6,7",25,True,0.0,237166.0,1,False,0.31503606513167726,0.11,237166.0
"Fixed 237137, pilot",85,1,15,"D 0,3 -> 5,6",15,True,0.0,237161.0,1,False,0.29681502172579394,0.11,474327.0
"Fixed 237137, pilot",85,2,8,"D 0,1 -> 4,5",8,True,0.0,237161.0,1,False,0.3764697826210095,0.11,711488.0
"Fixed 237137, pilot",85,3,18,"D 1,2 -> 4,7",18,True,0.0,237164.0,1,False,0.3002635722338174,0.11,948652.0
"Fixed 237137, pilot",85,4,19,"D 1,2 -> 5,6",14,True,5.182410056647768e-12,237162.0,1,False,0.03758523457422756,0.11,1185814.0
"Fixed 237137, pilot",85,5,14,"D 0,3 -> 4,7",14,True,0.0,237166.0,1,False,0.06571252392066197,0.11,1422980.0
"Fixed 237137, pilot",85,6,11,"D 0,1 -> 6,7",22,False,0.044806582285143115,237165.0,1,False,0.04364852124132713,0.11,1660145.0
"Fixed 237137, pilot",85,7,22,"D 2,3 -> 4,5",22,True,0.0,237164.0,1,False,0.06967473471393487,0.11,1897309.0
"Fixed 237137, pilot",85,8,21,"D 1,3 -> 5,7",21,True,0.0,237163.0,1,False,0.009441304632724919,0.11,2134472.0
"Fixed 237137, pilot",85,9,12,"D 0,2 -> 4,6",12,True,0.0,237168.0,1,False,0.018167337649211596,0.11,2371640.0
"Fixed 237137, pilot",86,0,25,"D 2,3 -> 6,7",25,True,0.0,237160.0,1,False,0.31503606513167726,0.11,237160.0
"Fixed 237137, pilot",86,1,18,"D 1,2 -> 4,7",15,True,0.0,237159.0,1,False,0.29681502172579394,0.11,474319.0
"Fixed 237137, pilot",86,2,8,"D 0,1 -> 4,5",8,True,0.0,237165.0,1,False,0.3764697826210095,0.11,711484.0
"Fixed 237137, pilot",86,3,15,"D 0,3 -> 5,6",15,True,0.0,237167.0,1,False,0.30026357217502075,0.11,948651.0
"Fixed 237137, pilot",86,4,19,"D 1,2 -> 5,6",19,True,0.0,237162.0,1,False,0.03758523474777508,0.11,1185813.0
"Fixed 237137, pilot",86,5,14,"D 0,3 -> 4,7",14,True,0.0,237165.0,1,False,0.06571252399006697,0.11,1422978.0
"Fixed 237137, pilot",86,6,22,"D 2,3 -> 4,5",22,True,0.0,237161.0,1,False,0.043648521305584075,0.11,1660139.0
"Fixed 237137, pilot",86,7,11,"D 0,1 -> 6,7",11,True,0.0,237165.0,1,False,0.10072796416579774,0.11,1897304.0
"Fixed 237137, pilot",86,8,12,"D 0,2 -> 4,6",21,False,2.297271373130627e-09,237166.0,1,False,0.009441304483876945,0.11,2134470.0
"Fixed 237137, pilot",86,9,21,"D 1,3 -> 5,7",21,True,0.0,237166.0,1,False,0.018167337649210517,0.11,2371636.0
"Fixed 237137, pilot",87,0,25,"D 2,3 -> 6,7",25,True,0.0,237159.0,1,False,0.31503606513167726,0.11,237159.0
"Fixed 237137, pilot",87,1,18,"D 1,2 -> 4,7",15,True,0.0,237164.0,1,False,0.29681502172579394,0.11,474323.0
"Fixed 237137, pilot",87,2,8,"D 0,1 -> 4,5",8,True,0.0,237162.0,1,False,0.3764697826210095,0.11,711485.0
"Fixed 237137, pilot",87,3,15,"D 0,3 -> 5,6",15,True,0.0,237163.0,1,False,0.30026357217502075,0.11,948648.0
"Fixed 237137, pilot",87,4,14,"D 0,3 -> 4,7",19,True,5.80789971671436e-10,237164.0,1,False,0.03758523474777508,0.11,1185812.0
"Fixed 237137, pilot",87,5,19,"D 1,2 -> 5,6",19,True,0.0,237163.0,1,False,0.0657125239206618,0.11,1422975.0
"Fixed 237137, pilot",87,6,22,"D 2,3 -> 4,5",22,True,0.0,237162.0,1,False,0.043648521241327065,0.11,1660137.0
"Fixed 237137, pilot",87,7,11,"D 0,1 -> 6,7",11,True,0.0,237162.0,1,False,0.10072796416579699,0.11,1897299.0
"Fixed 237137, pilot",87,8,12,"D 0,2 -> 4,6",21,False,2.297273260509769e-09,237162.0,1,False,0.009441304483876924,0.11,2134461.0
"Fixed 237137, pilot",87,9,21,"D 1,3 -> 5,7",21,True,0.0,237165.0,1,False,0.018167337649210347,0.11,2371626.0
"Fixed 237137, pilot",88,0,25,"D 2,3 -> 6,7",25,True,0.0,237158.0,1,False,0.31503606513167726,0.11,237158.0
"Fixed 237137, pilot",88,1,18,"D 1,2 -> 4,7",15,True,0.0,237163.0,1,False,0.29681502172579394,0.11,474321.0
"Fixed 237137, pilot",88,2,8,"D 0,1 -> 4,5",8,True,0.0,237164.0,1,False,0.3764697826210095,0.11,711485.0
"Fixed 237137, pilot",88,3,15,"D 0,3 -> 5,6",15,True,0.0,237160.0,1,False,0.30026357217502075,0.11,948645.0
"Fixed 237137, pilot",88,4,19,"D 1,2 -> 5,6",19,True,0.0,237163.0,1,False,0.03758523474777508,0.11,1185808.0
"Fixed 237137, pilot",88,5,14,"D 0,3 -> 4,7",14,True,0.0,237163.0,1,False,0.06571252399006697,0.11,1422971.0
"Fixed 237137, pilot",88,6,22,"D 2,3 -> 4,5",22,True,0.0,237166.0,1,False,0.043648521305584075,0.11,1660137.0
"Fixed 237137, pilot",88,7,11,"D 0,1 -> 6,7",11,True,0.0,237162.0,1,False,0.10072796416579774,0.11,1897299.0
"Fixed 237137, pilot",88,8,12,"D 0,2 -> 4,6",21,False,2.297271373130627e-09,237165.0,1,False,0.009441304483876945,0.11,2134464.0
"Fixed 237137, pilot",88,9,21,"D 1,3 -> 5,7",21,True,0.0,237162.0,1,False,0.018167337649210517,0.11,2371626.0
"Fixed 237137, pilot",89,0,25,"D 2,3 -> 6,7",25,True,0.0,237161.0,1,False,0.31503606513167726,0.11,237161.0
"Fixed 237137, pilot",89,1,15,"D 0,3 -> 5,6",15,True,0.0,237163.0,1,False,0.29681502172579394,0.11,474324.0
"Fixed 237137, pilot",89,2,8,"D 0,1 -> 4,5",8,True,0.0,237162.0,1,False,0.3764697826210095,0.11,711486.0
"Fixed 237137, pilot",89,3,18,"D 1,2 -> 4,7",18,True,0.0,237160.0,1,False,0.3002635722338174,0.11,948646.0
"Fixed 237137, pilot",89,4,14,"D 0,3 -> 4,7",14,True,0.0,237164.0,1,False,0.03758523457422756,0.11,1185810.0
"Fixed 237137, pilot",89,5,19,"D 1,2 -> 5,6",19,True,0.0,237162.0,1,False,0.0657125239900671,0.11,1422972.0
"Fixed 237137, pilot",89,6,11,"D 0,1 -> 6,7",22,False,0.044806582302531095,237161.0,1,False,0.04364852130558422,0.11,1660133.0
"Fixed 237137, pilot",89,7,22,"D 2,3 -> 4,5",22,True,0.0,237161.0,1,False,0.06967473471683744,0.11,1897294.0
"Fixed 237137, pilot",89,8,12,"D 0,2 -> 4,6",12,True,0.0,237167.0,1,False,0.009441304763103292,0.11,2134461.0
"Fixed 237137, pilot",89,9,21,"D 1,3 -> 5,7",21,True,0.0,237165.0,1,False,0.018167337650104195,0.11,2371626.0
"Fixed 237137, pilot",90,0,25,"D 2,3 -> 6,7",25,True,0.0,237161.0,1,False,0.31503606513167726,0.11,237161.0
"Fixed 237137, pilot",90,1,15,"D 0,3 -> 5,6",15,True,0.0,237161.0,1,False,0.29681502172579394,0.11,474322.0
"Fixed 237137, pilot",90,2,8,"D 0,1 -> 4,5",8,True,0.0,237163.0,1,False,0.3764697826210095,0.11,711485.0
"Fixed 237137, pilot",90,3,18,"D 1,2 -> 4,7",18,True,0.0,237163.0,1,False,0.3002635722338174,0.11,948648.0
"Fixed 237137, pilot",90,4,14,"D 0,3 -> 4,7",14,True,0.0,237163.0,1,False,0.03758523457422756,0.11,1185811.0
"Fixed 237137, pilot",90,5,19,"D 1,2 -> 5,6",19,True,0.0,237166.0,1,False,0.0657125239900671,0.11,1422977.0
"Fixed 237137, pilot",90,6,22,"D 2,3 -> 4,5",22,True,0.0,237159.0,1,False,0.04364852130558422,0.11,1660136.0
"Fixed 237137, pilot",90,7,11,"D 0,1 -> 6,7",11,True,0.0,237164.0,1,False,0.10072796416579655,0.11,1897300.0
"Fixed 237137, pilot",90,8,12,"D 0,2 -> 4,6",21,False,1.6493607257750398e-08,237161.0,1,False,0.009441305047874061,0.11,2134461.0
"Fixed 237137, pilot",90,9,21,"D 1,3 -> 5,7",21,True,0.0,237167.0,1,False,0.018167337650105482,0.11,2371628.0
"Fixed 237137, pilot",91,0,25,"D 2,3 -> 6,7",25,True,0.0,237158.0,1,False,0.31503606513167726,0.11,237158.0
"Fixed 237137, pilot",91,1,18,"D 1,2 -> 4,7",15,True,0.0,237166.0,1,False,0.29681502172579394,0.11,474324.0
"Fixed 237137, pilot",91,2,8,"D 0,1 -> 4,5",8,True,0.0,237163.0,1,False,0.3764697826210095,0.11,711487.0
"Fixed 237137, pilot",91,3,15,"D 0,3 -> 5,6",15,True,0.0,237159.0,1,False,0.30026357217502075,0.11,948646.0
"Fixed 237137, pilot",91,4,19,"D 1,2 -> 5,6",19,True,0.0,237163.0,1,False,0.03758523474777508,0.11,1185809.0
"Fixed 237137, pilot",91,5,14,"D 0,3 -> 4,7",14,True,0.0,237162.0,1,False,0.06571252399006697,0.11,1422971.0
"Fixed 237137, pilot",91,6,22,"D 2,3 -> 4,5",22,True,0.0,237164.0,1,False,0.043648521305584075,0.11,1660135.0
"Fixed 237137, pilot",91,7,11,"D 0,1 -> 6,7",11,True,0.0,237165.0,1,False,0.10072796416579774,0.11,1897300.0
"Fixed 237137, pilot",91,8,21,"D 1,3 -> 5,7",21,True,0.0,237164.0,1,False,0.009441304483876945,0.11,2134464.0
"Fixed 237137, pilot",91,9,12,"D 0,2 -> 4,6",12,True,0.0,237164.0,1,False,0.018167337522397423,0.11,2371628.0
"Fixed 237137, pilot",92,0,25,"D 2,3 -> 6,7",25,True,0.0,237163.0,1,False,0.31503606513167726,0.11,237163.0
"Fixed 237137, pilot",92,1,18,"D 1,2 -> 4,7",15,True,0.0,237163.0,1,False,0.29681502172579394,0.11,474326.0
"Fixed 237137, pilot",92,2,8,"D 0,1 -> 4,5",8,True,0.0,237163.0,1,False,0.3764697826210095,0.11,711489.0
"Fixed 237137, pilot",92,3,15,"D 0,3 -> 5,6",15,True,0.0,237163.0,1,False,0.30026357217502075,0.11,948652.0
"Fixed 237137, pilot",92,4,19,"D 1,2 -> 5,6",19,True,0.0,237167.0,1,False,0.03758523474777508,0.11,1185819.0
"Fixed 237137, pilot",92,5,14,"D 0,3 -> 4,7",14,True,0.0,237165.0,1,False,0.06571252399006697,0.11,1422984.0
"Fixed 237137, pilot",92,6,11,"D 0,1 -> 6,7",22,False,0.04480658230253376,237164.0,1,False,0.043648521305584075,0.11,1660148.0
"Fixed 237137, pilot",92,7,22,"D 2,3 -> 4,5",22,True,0.0,237166.0,1,False,0.06967473471393487,0.11,1897314.0
"Fixed 237137, pilot",92,8,3,S 1 -> 7,21,False,1.0,237168.0,1,False,0.009441304763103297,0.11,2134482.0
"Fixed 237137, pilot",92,9,9,"D 0,1 -> 4,7",21,False,1.0,237163.0,1,False,0.009441304763103297,0.11,2371645.0
"Fixed 237137, pilot",92,10,12,"D 0,2 -> 4,6",21,False,2.6598955260581647e-09,237164.0,1,False,0.009441304763103297,0.11,2608809.0
"Fixed 237137, pilot",92,11,21,"D 1,3 -> 5,7",21,True,0.0,237165.0,1,False,0.018167337649211406,0.11,2845974.0
"Fixed 237137, pilot",93,0,25,"D 2,3 -> 6,7",25,True,0.0,237164.0,1,False,0.31503606513167726,0.11,237164.0
"Fixed 237137, pilot",93,1,15,"D 0,3 -> 5,6",15,True,0.0,237165.0,1,False,0.29681502172579394,0.11,474329.0
"Fixed 237137, pilot",93,2,8,"D 0,1 -> 4,5",8,True,0.0,237165.0,1,False,0.3764697826210095,0.11,711494.0
"Fixed 237137, pilot",93,3,18,"D 1,2 -> 4,7",18,True,0.0,237159.0,1,False,0.3002635722338174,0.11,948653.0
"Fixed 237137, pilot",93,4,19,"D 1,2 -> 5,6",14,True,5.182410056647768e-12,237161.0,1,False,0.03758523457422756,0.11,1185814.0
"Fixed 237137, pilot",93,5,14,"D 0,3 -> 4,7",14,True,0.0,237161.0,1,False,0.06571252392066197,0.11,1422975.0
"Fixed 237137, pilot",93,6,22,"D 2,3 -> 4,5",22,True,0.0,237166.0,1,False,0.04364852124132713,0.11,1660141.0
"Fixed 237137, pilot",93,7,11,"D 0,1 -> 6,7",11,True,0.0,237164.0,1,False,0.10072796416579667,0.11,1897305.0
"Fixed 237137, pilot",93,8,21,"D 1,3 -> 5,7",21,True,0.0,237163.0,1,False,0.009441304630083448,0.11,2134468.0
"Fixed 237137, pilot",93,9,12,"D 0,2 -> 4,6",12,True,0.0,237165.0,1,False,0.018167337649211367,0.11,2371633.0
"Fixed 237137, pilot",94,0,25,"D 2,3 -> 6,7",25,True,0.0,237158.0,1,False,0.31503606513167726,0.11,237158.0
"Fixed 237137, pilot",94,1,18,"D 1,2 -> 4,7",15,True,0.0,237163.0,1,False,0.29681502172579394,0.11,474321.0
"Fixed 237137, pilot",94,2,8,"D 0,1 -> 4,5",8,True,0.0,237164.0,1,False,0.3764697826210095,0.11,711485.0
"Fixed 237137, pilot",94,3,15,"D 0,3 -> 5,6",15,True,0.0,237169.0,1,False,0.30026357217502075,0.11,948654.0
"Fixed 237137, pilot",94,4,19,"D 1,2 -> 5,6",19,True,0.0,237167.0,1,False,0.03758523474777508,0.11,1185821.0
"Fixed 237137, pilot",94,5,14,"D 0,3 -> 4,7",14,True,0.0,237163.0,1,False,0.06571252399006697,0.11,1422984.0
"Fixed 237137, pilot",94,6,22,"D 2,3 -> 4,5",22,True,0.0,237164.0,1,False,0.043648521305584075,0.11,1660148.0
"Fixed 237137, pilot",94,7,11,"D 0,1 -> 6,7",11,True,0.0,237162.0,1,False,0.10072796416579774,0.11,1897310.0
"Fixed 237137, pilot",94,8,12,"D 0,2 -> 4,6",21,False,2.297271373130627e-09,237162.0,1,False,0.009441304483876945,0.11,2134472.0
"Fixed 237137, pilot",94,9,21,"D 1,3 -> 5,7",21,True,0.0,237162.0,1,False,0.018167337649210517,0.11,2371634.0
"Fixed 237137, pilot",95,0,25,"D 2,3 -> 6,7",25,True,0.0,237162.0,1,False,0.31503606513167726,0.11,237162.0
"Fixed 237137, pilot",95,1,15,"D 0,3 -> 5,6",15,True,0.0,237165.0,1,False,0.29681502172579394,0.11,474327.0
"Fixed 237137, pilot",95,2,8,"D 0,1 -> 4,5",8,True,0.0,237163.0,1,False,0.3764697826210095,0.11,711490.0
"Fixed 237137, pilot",95,3,18,"D 1,2 -> 4,7",18,True,0.0,237162.0,1,False,0.3002635722338174,0.11,948652.0
"Fixed 237137, pilot",95,4,19,"D 1,2 -> 5,6",14,True,5.182410056647768e-12,237162.0,1,False,0.03758523457422756,0.11,1185814.0
"Fixed 237137, pilot",95,5,14,"D 0,3 -> 4,7",14,True,0.0,237163.0,1,False,0.06571252392066197,0.11,1422977.0
"Fixed 237137, pilot",95,6,22,"D 2,3 -> 4,5",22,True,0.0,237162.0,1,False,0.04364852124132713,0.11,1660139.0
"Fixed 237137, pilot",95,7,11,"D 0,1 -> 6,7",11,True,0.0,237166.0,1,False,0.10072796416579667,0.11,1897305.0
"Fixed 237137, pilot",95,8,21,"D 1,3 -> 5,7",21,True,0.0,237164.0,1,False,0.009441304630083448,0.11,2134469.0
"Fixed 237137, pilot",95,9,12,"D 0,2 -> 4,6",12,True,0.0,237165.0,1,False,0.018167337649211367,0.11,2371634.0
"Fixed 316228, designed",0,0,25,"D 2,3 -> 6,7",25,True,0.0,316256.0,1,False,0.31503606513167726,0.06,316256.0
"Fixed 316228, designed",0,1,15,"D 0,3 -> 5,6",15,True,0.0,316252.0,1,False,0.29681502172579394,0.06,632508.0
"Fixed 316228, designed",0,2,8,"D 0,1 -> 4,5",8,True,0.0,316258.0,1,False,0.3764697826210095,0.05,948766.0
"Fixed 316228, designed",0,3,18,"D 1,2 -> 4,7",18,True,0.0,316255.0,1,False,0.3002635722338174,0.06,1265021.0
"Fixed 316228, designed",0,4,19,"D 1,2 -> 5,6",14,True,5.182410056647768e-12,316250.0,1,False,0.03758523457422756,0.05,1581271.0
"Fixed 316228, designed",0,5,14,"D 0,3 -> 4,7",14,True,0.0,316252.0,1,False,0.06571252392066197,0.05,1897523.0
"Fixed 316228, designed",0,6,22,"D 2,3 -> 4,5",22,True,0.0,316253.0,1,False,0.04364852124132713,0.05,2213776.0
"Fixed 316228, designed",0,7,11,"D 0,1 -> 6,7",11,True,0.0,316254.0,1,False,0.10072796416579667,0.05,2530030.0
"Fixed 316228, designed",0,8,21,"D 1,3 -> 5,7",21,True,0.0,316254.0,1,False,0.009441304630083448,0.05,2846284.0
"Fixed 316228, designed",0,9,12,"D 0,2 -> 4,6",12,True,0.0,316253.0,1,False,0.018167337649211367,0.05,3162537.0
"Fixed 316228, designed",1,0,25,"D 2,3 -> 6,7",25,True,0.0,316256.0,1,False,0.31503606513167726,0.06,316256.0
"Fixed 316228, designed",1,1,15,"D 0,3 -> 5,6",15,True,0.0,316252.0,1,False,0.29681502172579394,0.06,632508.0
"Fixed 316228, designed",1,2,8,"D 0,1 -> 4,5",8,True,0.0,316258.0,1,False,0.3764697826210095,0.05,948766.0
"Fixed 316228, designed",1,3,18,"D 1,2 -> 4,7",18,True,0.0,316255.0,1,False,0.3002635722338174,0.05,1265021.0
"Fixed 316228, designed",1,4,14,"D 0,3 -> 4,7",14,True,0.0,316250.0,1,False,0.03758523457422756,0.05,1581271.0
"Fixed 316228, designed",1,5,19,"D 1,2 -> 5,6",19,True,0.0,316256.0,1,False,0.0657125239900671,0.05,1897527.0
"Fixed 316228, designed",1,6,22,"D 2,3 -> 4,5",22,True,0.0,316253.0,1,False,0.04364852130558422,0.05,2213780.0
"Fixed 316228, designed",1,7,11,"D 0,1 -> 6,7",11,True,0.0,316254.0,1,False,0.10072796416579655,0.05,2530034.0
"Fixed 316228, designed",1,8,12,"D 0,2 -> 4,6",21,False,1.6493607257750398e-08,316254.0,1,False,0.009441305047874061,0.05,2846288.0
"Fixed 316228, designed",1,9,21,"D 1,3 -> 5,7",21,True,0.0,316255.0,1,False,0.018167337650105482,0.05,3162543.0
"Fixed 316228, designed",2,0,25,"D 2,3 -> 6,7",25,True,0.0,316256.0,1,False,0.31503606513167726,0.06,316256.0
"Fixed 316228, designed",2,1,15,"D 0,3 -> 5,6",15,True,0.0,316252.0,1,False,0.29681502172579394,0.06,632508.0
"Fixed 316228, designed",2,2,8,"D 0,1 -> 4,5",8,True,0.0,316258.0,1,False,0.3764697826210095,0.05,948766.0
"Fixed 316228, designed",2,3,18,"D 1,2 -> 4,7",18,True,0.0,316255.0,1,False,0.3002635722338174,0.05,1265021.0
"Fixed 316228, designed",2,4,14,"D 0,3 -> 4,7",14,True,0.0,316250.0,1,False,0.03758523457422756,0.05,1581271.0
"Fixed 316228, designed",2,5,19,"D 1,2 -> 5,6",19,True,0.0,316256.0,1,False,0.0657125239900671,0.05,1897527.0
"Fixed 316228, designed",2,6,22,"D 2,3 -> 4,5",22,True,0.0,316253.0,1,False,0.04364852130558422,0.05,2213780.0
"Fixed 316228, designed",2,7,11,"D 0,1 -> 6,7",11,True,0.0,316254.0,1,False,0.10072796416579655,0.05,2530034.0
"Fixed 316228, designed",2,8,12,"D 0,2 -> 4,6",21,False,1.6493607257750398e-08,316254.0,1,False,0.009441305047874061,0.05,2846288.0
"Fixed 316228, designed",2,9,21,"D 1,3 -> 5,7",21,True,0.0,316255.0,1,False,0.018167337650105482,0.05,3162543.0
"Fixed 316228, designed",3,0,25,"D 2,3 -> 6,7",25,True,0.0,316256.0,1,False,0.31503606513167726,0.06,316256.0
"Fixed 316228, designed",3,1,15,"D 0,3 -> 5,6",15,True,0.0,316252.0,1,False,0.29681502172579394,0.06,632508.0
"Fixed 316228, designed",3,2,8,"D 0,1 -> 4,5",8,True,0.0,316258.0,1,False,0.3764697826210095,0.05,948766.0
"Fixed 316228, designed",3,3,18,"D 1,2 -> 4,7",18,True,0.0,316255.0,1,False,0.3002635722338174,0.05,1265021.0
"Fixed 316228, designed",3,4,14,"D 0,3 -> 4,7",14,True,0.0,316250.0,1,False,0.03758523457422756,0.05,1581271.0
"Fixed 316228, designed",3,5,19,"D 1,2 -> 5,6",19,True,0.0,316256.0,1,False,0.0657125239900671,0.05,1897527.0
"Fixed 316228, designed",3,6,22,"D 2,3 -> 4,5",22,True,0.0,316253.0,1,False,0.04364852130558422,0.05,2213780.0
"Fixed 316228, designed",3,7,11,"D 0,1 -> 6,7",11,True,0.0,316254.0,1,False,0.10072796416579655,0.05,2530034.0
"Fixed 316228, designed",3,8,2,S 1 -> 5,21,False,1.0,316254.0,1,False,0.009441305047874061,0.05,2846288.0
"Fixed 316228, designed",3,9,21,"D 1,3 -> 5,7",21,True,0.0,316254.0,1,False,0.00944130458544351,0.05,3162542.0
"Fixed 316228, designed",3,10,12,"D 0,2 -> 4,6",12,True,0.0,316253.0,1,False,0.018167337511205264,0.05,3478795.0
"Fixed 316228, designed",4,0,25,"D 2,3 -> 6,7",25,True,0.0,316256.0,1,False,0.31503606513167726,0.06,316256.0
"Fixed 316228, designed",4,1,18,"D 1,2 -> 4,7",15,True,0.0,316252.0,1,False,0.29681502172579394,0.06,632508.0
"Fixed 316228, designed",4,2,8,"D 0,1 -> 4,5",8,True,0.0,316252.0,1,False,0.3764697826210095,0.05,948760.0
"Fixed 316228, designed",4,3,15,"D 0,3 -> 5,6",15,True,0.0,316253.0,1,False,0.30026357217502075,0.05,1265013.0
"Fixed 316228, designed",4,4,14,"D 0,3 -> 4,7",19,True,5.80789971671436e-10,316250.0,1,False,0.03758523474777508,0.05,1581263.0
"Fixed 316228, designed",4,5,19,"D 1,2 -> 5,6",19,True,0.0,316256.0,1,False,0.0657125239206618,0.05,1897519.0
"Fixed 316228, designed",4,6,22,"D 2,3 -> 4,5",22,True,0.0,316253.0,1,False,0.043648521241327065,0.05,2213772.0
"Fixed 316228, designed",4,7,11,"D 0,1 -> 6,7",11,True,0.0,316254.0,1,False,0.10072796416579699,0.05,2530026.0
"Fixed 316228, designed",4,8,12,"D 0,2 -> 4,6",21,False,2.297273260509769e-09,316254.0,1,False,0.009441304483876924,0.05,2846280.0
"Fixed 316228, designed",4,9,21,"D 1,3 -> 5,7",21,True,0.0,316255.0,1,False,0.018167337649210347,0.05,3162535.0
"Fixed 316228, designed",5,0,25,"D 2,3 -> 6,7",25,True,0.0,316256.0,1,False,0.31503606513167726,0.06,316256.0
"Fixed 316228, designed",5,1,15,"D 0,3 -> 5,6",15,True,0.0,316252.0,1,False,0.29681502172579394,0.06,632508.0
"Fixed 316228, designed",5,2,8,"D 0,1 -> 4,5",8,True,0.0,316258.0,1,False,0.3764697826210095,0.05,948766.0
"Fixed 316228, designed",5,3,18,"D 1,2 -> 4,7",18,True,0.0,316255.0,1,False,0.3002635722338174,0.05,1265021.0
"Fixed 316228, designed",5,4,14,"D 0,3 -> 4,7",14,True,0.0,316250.0,1,False,0.03758523457422756,0.05,1581271.0
"Fixed 316228, designed",5,5,19,"D 1,2 -> 5,6",19,True,0.0,316256.0,1,False,0.0657125239900671,0.05,1897527.0
"Fixed 316228, designed",5,6,22,"D 2,3 -> 4,5",22,True,0.0,316253.0,1,False,0.04364852130558422,0.05,2213780.0
"Fixed 316228, designed",5,7,11,"D 0,1 -> 6,7",11,True,0.0,316254.0,1,False,0.10072796416579655,0.05,2530034.0
"Fixed 316228, designed",5,8,2,S 1 -> 5,21,False,1.0,316254.0,1,False,0.009441305047874061,0.06,2846288.0
"Fixed 316228, designed",5,9,8,"D 0,1 -> 4,5",21,False,0.9999999740746859,316254.0,1,False,0.00944130458544351,0.05,3162542.0
"Fixed 316228, designed",5,10,12,"D 0,2 -> 4,6",21,True,8.03115351999395e-11,316254.0,1,False,0.00944130458544351,0.05,3478796.0
"Fixed 316228, designed",5,11,21,"D 1,3 -> 5,7",21,True,0.0,316255.0,1,False,0.018167337618011987,0.05,3795051.0
"Fixed 316228, designed",6,0,25,"D 2,3 -> 6,7",25,True,0.0,316256.0,1,False,0.31503606513167726,0.06,316256.0
"Fixed 316228, designed",6,1,15,"D 0,3 -> 5,6",15,True,0.0,316252.0,1,False,0.29681502172579394,0.05,632508.0
"Fixed 316228, designed",6,2,8,"D 0,1 -> 4,5",8,True,0.0,316258.0,1,False,0.3764697826210095,0.05,948766.0
"Fixed 316228, designed",6,3,18,"D 1,2 -> 4,7",18,True,0.0,316255.0,1,False,0.3002635722338174,0.05,1265021.0
"Fixed 316228, designed",6,4,14,"D 0,3 -> 4,7",14,True,0.0,316250.0,1,False,0.03758523457422756,0.05,1581271.0
"Fixed 316228, designed",6,5,19,"D 1,2 -> 5,6",19,True,0.0,316256.0,1,False,0.0657125239900671,0.06,1897527.0
"Fixed 316228, designed",6,6,22,"D 2,3 -> 4,5",22,True,0.0,316253.0,1,False,0.04364852130558422,0.05,2213780.0
"Fixed 316228, designed",6,7,11,"D 0,1 -> 6,7",11,True,0.0,316254.0,1,False,0.10072796416579655,0.05,2530034.0
"Fixed 316228, designed",6,8,12,"D 0,2 -> 4,6",21,False,1.6493607257750398e-08,316254.0,1,False,0.009441305047874061,0.06,2846288.0
"Fixed 316228, designed",6,9,21,"D 1,3 -> 5,7",21,True,0.0,316255.0,1,False,0.018167337650105482,0.05,3162543.0
"Fixed 316228, designed",7,0,25,"D 2,3 -> 6,7",25,True,0.0,316256.0,1,False,0.31503606513167726,0.06,316256.0
"Fixed 316228, designed",7,1,18,"D 1,2 -> 4,7",15,True,0.0,316252.0,1,False,0.29681502172579394,0.06,632508.0
"Fixed 316228, designed",7,2,8,"D 0,1 -> 4,5",8,True,0.0,316252.0,1,False,0.3764697826210095,0.05,948760.0
"Fixed 316228, designed",7,3,15,"D 0,3 -> 5,6",15,True,0.0,316253.0,1,False,0.30026357217502075,0.05,1265013.0
"Fixed 316228, designed",7,4,19,"D 1,2 -> 5,6",19,True,0.0,316250.0,1,False,0.03758523474777508,0.05,1581263.0
"Fixed 316228, designed",7,5,14,"D 0,3 -> 4,7",14,True,0.0,316252.0,1,False,0.06571252399006697,0.05,1897515.0
"Fixed 316228, designed",7,6,22,"D 2,3 -> 4,5",22,True,0.0,316253.0,1,False,0.043648521305584075,0.05,2213768.0
"Fixed 316228, designed",7,7,11,"D 0,1 -> 6,7",11,True,0.0,316254.0,1,False,0.10072796416579774,0.06,2530022.0
"Fixed 316228, designed",7,8,8,"D 0,1 -> 4,5",21,False,0.9999999180305379,316254.0,1,False,0.009441304483876945,0.06,2846276.0
"Fixed 316228, designed",7,9,9,"D 0,1 -> 4,7",12,False,1.0,316254.0,1,False,0.009441304583354095,0.06,3162530.0
"Fixed 316228, designed",7,10,12,"D 0,2 -> 4,6",12,True,0.0,316254.0,1,False,0.009441304583354095,0.06,3478784.0
"Fixed 316228, designed",7,11,21,"D 1,3 -> 5,7",21,True,0.0,316255.0,1,False,0.018167337737955494,0.05,3795039.0
"Fixed 316228, designed",8,0,25,"D 2,3 -> 6,7",25,True,0.0,316256.0,1,False,0.31503606513167726,0.05,316256.0
"Fixed 316228, designed",8,1,15,"D 0,3 -> 5,6",15,True,0.0,316252.0,1,False,0.29681502172579394,0.05,632508.0
"Fixed 316228, designed",8,2,8,"D 0,1 -> 4,5",8,True,0.0,316258.0,1,False,0.3764697826210095,0.05,948766.0
"Fixed 316228, designed",8,3,18,"D 1,2 -> 4,7",18,True,0.0,316255.0,1,False,0.3002635722338174,0.05,1265021.0
"Fixed 316228, designed",8,4,14,"D 0,3 -> 4,7",14,True,0.0,316250.0,1,False,0.03758523457422756,0.05,1581271.0
"Fixed 316228, designed",8,5,19,"D 1,2 -> 5,6",19,True,0.0,316256.0,1,False,0.0657125239900671,0.05,1897527.0
"Fixed 316228, designed",8,6,11,"D 0,1 -> 6,7",22,False,0.044806582302531095,316253.0,1,False,0.04364852130558422,0.06,2213780.0
"Fixed 316228, designed",8,7,22,"D 2,3 -> 4,5",22,True,0.0,316255.0,1,False,0.06967473471683744,0.05,2530035.0
"Fixed 316228, designed",8,8,18,"D 1,2 -> 4,7",12,False,0.999999973223428,316254.0,1,False,0.009441304763103292,0.07,2846289.0
"Fixed 316228, designed",8,9,21,"D 1,3 -> 5,7",12,False,2.6598964142365844e-09,316254.0,1,False,0.009441304763103292,0.06,3162543.0
"Fixed 316228, designed",8,10,12,"D 0,2 -> 4,6",12,True,0.0,316253.0,1,False,0.018167337659242732,0.05,3478796.0
"Fixed 316228, designed",9,0,25,"D 2,3 -> 6,7",25,True,0.0,316256.0,1,False,0.31503606513167726,0.05,316256.0
"Fixed 316228, designed",9,1,18,"D 1,2 -> 4,7",15,True,0.0,316252.0,1,False,0.29681502172579394,0.05,632508.0
"Fixed 316228, designed",9,2,8,"D 0,1 -> 4,5",8,True,0.0,316252.0,1,False,0.3764697826210095,0.05,948760.0
"Fixed 316228, designed",9,3,15,"D 0,3 -> 5,6",15,True,0.0,316253.0,1,False,0.30026357217502075,0.05,1265013.0
"Fixed 316228, designed",9,4,14,"D 0,3 -> 4,7",19,True,5.80789971671436e-10,316250.0,1,False,0.03758523474777508,0.05,1581263.0
"Fixed 316228, designed",9,5,19,"D 1,2 -> 5,6",19,True,0.0,316256.0,1,False,0.0657125239206618,0.05,1897519.0
"Fixed 316228, designed",9,6,11,"D 0,1 -> 6,7",22,False,0.044806582285133345,316253.0,1,False,0.043648521241327065,0.05,2213772.0
"Fixed 316228, designed",9,7,22,"D 2,3 -> 4,5",22,True,0.0,316255.0,1,False,0.06967473482297251,0.05,2530027.0
"Fixed 316228, designed",9,8,21,"D 1,3 -> 5,7",12,True,7.587165340439128e-10,316254.0,1,False,0.009441304632724787,0.05,2846281.0
"Fixed 316228, designed",9,9,12,"D 0,2 -> 4,6",12,True,0.0,316253.0,1,False,0.01816733748162963,0.05,3162534.0
"Fixed 316228, designed",10,0,25,"D 2,3 -> 6,7",25,True,0.0,316256.0,1,False,0.31503606513167726,0.05,316256.0
"Fixed 316228, designed",10,1,15,"D 0,3 -> 5,6",15,True,0.0,316252.0,1,False,0.29681502172579394,0.05,632508.0
"Fixed 316228, designed",10,2,8,"D 0,1 -> 4,5",8,True,0.0,316258.0,1,False,0.3764697826210095,0.05,948766.0
"Fixed 316228, designed",10,3,18,"D 1,2 -> 4,7",18,True,0.0,316255.0,1,False,0.3002635722338174,0.05,1265021.0
"Fixed 316228, designed",10,4,19,"D 1,2 -> 5,6",14,True,5.182410056647768e-12,316250.0,1,False,0.03758523457422756,0.05,1581271.0
"Fixed 316228, designed",10,5,14,"D 0,3 -> 4,7",14,True,0.0,316252.0,1,False,0.06571252392066197,0.05,1897523.0
"Fixed 316228, designed",10,6,22,"D 2,3 -> 4,5",22,True,0.0,316253.0,1,False,0.04364852124132713,0.05,2213776.0
"Fixed 316228, designed",10,7,11,"D 0,1 -> 6,7",11,True,0.0,316254.0,1,False,0.10072796416579667,0.05,2530030.0
"Fixed 316228, designed",10,8,21,"D 1,3 -> 5,7",21,True,0.0,316254.0,1,False,0.009441304630083448,0.05,2846284.0
"Fixed 316228, designed",10,9,12,"D 0,2 -> 4,6",12,True,0.0,316253.0,1,False,0.018167337649211367,0.05,3162537.0
"Fixed 316228, designed",11,0,25,"D 2,3 -> 6,7",25,True,0.0,316256.0,1,False,0.31503606513167726,0.05,316256.0
"Fixed 316228, designed",11,1,15,"D 0,3 -> 5,6",15,True,0.0,316252.0,1,False,0.29681502172579394,0.05,632508.0
"Fixed 316228, designed",11,2,8,"D 0,1 -> 4,5",8,True,0.0,316258.0,1,False,0.3764697826210095,0.05,948766.0
"Fixed 316228, designed",11,3,18,"D 1,2 -> 4,7",18,True,0.0,316255.0,1,False,0.3002635722338174,0.05,1265021.0
"Fixed 316228, designed",11,4,14,"D 0,3 -> 4,7",14,True,0.0,316250.0,1,False,0.03758523457422756,0.05,1581271.0
"Fixed 316228, designed",11,5,19,"D 1,2 -> 5,6",19,True,0.0,316256.0,1,False,0.0657125239900671,0.06,1897527.0
"Fixed 316228, designed",11,6,22,"D 2,3 -> 4,5",22,True,0.0,316253.0,1,False,0.04364852130558422,0.05,2213780.0
"Fixed 316228, designed",11,7,11,"D 0,1 -> 6,7",11,True,0.0,316254.0,1,False,0.10072796416579655,0.05,2530034.0
"Fixed 316228, designed",11,8,21,"D 1,3 -> 5,7",21,True,0.0,316254.0,1,False,0.009441305047874061,0.05,2846288.0
"Fixed 316228, designed",11,9,12,"D 0,2 -> 4,6",12,True,0.0,316253.0,1,False,0.018167337649213765,0.05,3162541.0
"Fixed 316228, designed",12,0,25,"D 2,3 -> 6,7",25,True,0.0,316256.0,1,False,0.31503606513167726,0.05,316256.0
"Fixed 316228, designed",12,1,15,"D 0,3 -> 5,6",15,True,0.0,316252.0,1,False,0.29681502172579394,0.05,632508.0
"Fixed 316228, designed",12,2,8,"D 0,1 -> 4,5",8,True,0.0,316258.0,1,False,0.3764697826210095,0.05,948766.0
"Fixed 316228, designed",12,3,18,"D 1,2 -> 4,7",18,True,0.0,316255.0,1,False,0.3002635722338174,0.05,1265021.0
"Fixed 316228, designed",12,4,14,"D 0,3 -> 4,7",14,True,0.0,316250.0,1,False,0.03758523457422756,0.05,1581271.0
"Fixed 316228, designed",12,5,19,"D 1,2 -> 5,6",19,True,0.0,316256.0,1,False,0.0657125239900671,0.05,1897527.0
"Fixed 316228, designed",12,6,22,"D 2,3 -> 4,5",22,True,0.0,316253.0,1,False,0.04364852130558422,0.05,2213780.0
"Fixed 316228, designed",12,7,11,"D 0,1 -> 6,7",11,True,0.0,316254.0,1,False,0.10072796416579655,0.05,2530034.0
"Fixed 316228, designed",12,8,12,"D 0,2 -> 4,6",21,False,1.6493607257750398e-08,316254.0,1,False,0.009441305047874061,0.05,2846288.0
"Fixed 316228, designed",12,9,21,"D 1,3 -> 5,7",21,True,0.0,316255.0,1,False,0.018167337650105482,0.05,3162543.0
"Fixed 316228, designed",13,0,25,"D 2,3 -> 6,7",25,True,0.0,316256.0,1,False,0.31503606513167726,0.05,316256.0
"Fixed 316228, designed",13,1,18,"D 1,2 -> 4,7",15,True,0.0,316252.0,1,False,0.29681502172579394,0.05,632508.0
"Fixed 316228, designed",13,2,8,"D 0,1 -> 4,5",8,True,0.0,316252.0,1,False,0.3764697826210095,0.05,948760.0
"Fixed 316228, designed",13,3,15,"D 0,3 -> 5,6",15,True,0.0,316253.0,1,False,0.30026357217502075,0.05,1265013.0
"Fixed 316228, designed",13,4,14,"D 0,3 -> 4,7",19,True,5.80789971671436e-10,316250.0,1,False,0.03758523474777508,0.05,1581263.0
"Fixed 316228, designed",13,5,19,"D 1,2 -> 5,6",19,True,0.0,316256.0,1,False,0.0657125239206618,0.05,1897519.0
"Fixed 316228, designed",13,6,22,"D 2,3 -> 4,5",22,True,0.0,316253.0,1,False,0.043648521241327065,0.05,2213772.0
"Fixed 316228, designed",13,7,11,"D 0,1 -> 6,7",11,True,0.0,316254.0,1,False,0.10072796416579699,0.05,2530026.0
"Fixed 316228, designed",13,8,21,"D 1,3 -> 5,7",21,True,0.0,316254.0,1,False,0.009441304483876924,0.05,2846280.0
"Fixed 316228, designed",13,9,12,"D 0,2 -> 4,6",12,True,0.0,316253.0,1,False,0.01816733748163215,0.05,3162533.0
"Fixed 316228, designed",14,0,25,"D 2,3 -> 6,7",25,True,0.0,316256.0,1,False,0.31503606513167726,0.05,316256.0
"Fixed 316228, designed",14,1,18,"D 1,2 -> 4,7",15,True,0.0,316252.0,1,False,0.29681502172579394,0.05,632508.0
"Fixed 316228, designed",14,2,8,"D 0,1 -> 4,5",8,True,0.0,316252.0,1,False,0.3764697826210095,0.05,948760.0
"Fixed 316228, designed",14,3,15,"D 0,3 -> 5,6",15,True,0.0,316253.0,1,False,0.30026357217502075,0.05,1265013.0
"Fixed 316228, designed",14,4,19,"D 1,2 -> 5,6",19,True,0.0,316250.0,1,False,0.03758523474777508,0.05,1581263.0
"Fixed 316228, designed",14,5,14,"D 0,3 -> 4,7",14,True,0.0,316252.0,1,False,0.06571252399006697,0.05,1897515.0
"Fixed 316228, designed",14,6,22,"D 2,3 -> 4,5",22,True,0.0,316253.0,1,False,0.043648521305584075,0.05,2213768.0
"Fixed 316228, designed",14,7,11,"D 0,1 -> 6,7",11,True,0.0,316254.0,1,False,0.10072796416579774,0.05,2530022.0
"Fixed 316228, designed",14,8,21,"D 1,3 -> 5,7",21,True,0.0,316254.0,1,False,0.009441304483876945,0.05,2846276.0
"Fixed 316228, designed",14,9,12,"D 0,2 -> 4,6",12,True,0.0,316253.0,1,False,0.018167337522397423,0.05,3162529.0
"Fixed 316228, designed",15,0,25,"D 2,3 -> 6,7",25,True,0.0,316256.0,1,False,0.31503606513167726,0.06,316256.0
"Fixed 316228, designed",15,1,15,"D 0,3 -> 5,6",15,True,0.0,316252.0,1,False,0.29681502172579394,0.06,632508.0
"Fixed 316228, designed",15,2,8,"D 0,1 -> 4,5",8,True,0.0,316258.0,1,False,0.3764697826210095,0.05,948766.0
"Fixed 316228, designed",15,3,18,"D 1,2 -> 4,7",18,True,0.0,316255.0,1,False,0.3002635722338174,0.05,1265021.0
"Fixed 316228, designed",15,4,19,"D 1,2 -> 5,6",14,True,5.182410056647768e-12,316250.0,1,False,0.03758523457422756,0.05,1581271.0
"Fixed 316228, designed",15,5,14,"D 0,3 -> 4,7",14,True,0.0,316252.0,1,False,0.06571252392066197,0.05,1897523.0
"Fixed 316228, designed",15,6,22,"D 2,3 -> 4,5",22,True,0.0,316253.0,1,False,0.04364852124132713,0.05,2213776.0
"Fixed 316228, designed",15,7,11,"D 0,1 -> 6,7",11,True,0.0,316254.0,1,False,0.10072796416579667,0.05,2530030.0
"Fixed 316228, designed",15,8,12,"D 0,2 -> 4,6",21,True,2.371568497139265e-10,316254.0,1,False,0.009441304630083448,0.05,2846284.0
"Fixed 316228, designed",15,9,21,"D 1,3 -> 5,7",21,True,0.0,316255.0,1,False,0.01816733759515189,0.05,3162539.0
"Fixed 316228, designed",16,0,25,"D 2,3 -> 6,7",25,True,0.0,316256.0,1,False,0.31503606513167726,0.05,316256.0
"Fixed 316228, designed",16,1,15,"D 0,3 -> 5,6",15,True,0.0,316252.0,1,False,0.29681502172579394,0.05,632508.0
"Fixed 316228, designed",16,2,8,"D 0,1 -> 4,5",8,True,0.0,316258.0,1,False,0.3764697826210095,0.05,948766.0
"Fixed 316228, designed",16,3,18,"D 1,2 -> 4,7",18,True,0.0,316255.0,1,False,0.3002635722338174,0.05,1265021.0
"Fixed 316228, designed",16,4,19,"D 1,2 -> 5,6",14,True,5.182410056647768e-12,316250.0,1,False,0.03758523457422756,0.05,1581271.0
"Fixed 316228, designed",16,5,14,"D 0,3 -> 4,7",14,True,0.0,316252.0,1,False,0.06571252392066197,0.05,1897523.0
"Fixed 316228, designed",16,6,22,"D 2,3 -> 4,5",22,True,0.0,316253.0,1,False,0.04364852124132713,0.05,2213776.0
"Fixed 316228, designed",16,7,11,"D 0,1 -> 6,7",11,True,0.0,316254.0,1,False,0.10072796416579667,0.05,2530030.0
"Fixed 316228, designed",16,8,21,"D 1,3 -> 5,7",21,True,0.0,316254.0,1,False,0.009441304630083448,0.05,2846284.0
"Fixed 316228, designed",16,9,12,"D 0,2 -> 4,6",12,True,0.0,316253.0,1,False,0.018167337649211367,0.05,3162537.0
"Fixed 316228, designed",17,0,25,"D 2,3 -> 6,7",25,True,0.0,316256.0,1,False,0.31503606513167726,0.05,316256.0
"Fixed 316228, designed",17,1,15,"D 0,3 -> 5,6",15,True,0.0,316252.0,1,False,0.29681502172579394,0.05,632508.0
"Fixed 316228, designed",17,2,8,"D 0,1 -> 4,5",8,True,0.0,316258.0,1,False,0.3764697826210095,0.05,948766.0
"Fixed 316228, designed",17,3,18,"D 1,2 -> 4,7",18,True,0.0,316255.0,1,False,0.3002635722338174,0.05,1265021.0
"Fixed 316228, designed",17,4,19,"D 1,2 -> 5,6",14,True,5.182410056647768e-12,316250.0,1,False,0.03758523457422756,0.05,1581271.0
"Fixed 316228, designed",17,5,14,"D 0,3 -> 4,7",14,True,0.0,316252.0,1,False,0.06571252392066197,0.05,1897523.0
"Fixed 316228, designed",17,6,22,"D 2,3 -> 4,5",22,True,0.0,316253.0,1,False,0.04364852124132713,0.05,2213776.0
"Fixed 316228, designed",17,7,11,"D 0,1 -> 6,7",11,True,0.0,316254.0,1,False,0.10072796416579667,0.05,2530030.0
"Fixed 316228, designed",17,8,21,"D 1,3 -> 5,7",21,True,0.0,316254.0,1,False,0.009441304630083448,0.05,2846284.0
"Fixed 316228, designed",17,9,12,"D 0,2 -> 4,6",12,True,0.0,316253.0,1,False,0.018167337649211367,0.05,3162537.0
"Fixed 316228, designed",18,0,25,"D 2,3 -> 6,7",25,True,0.0,316256.0,1,False,0.31503606513167726,0.05,316256.0
"Fixed 316228, designed",18,1,18,"D 1,2 -> 4,7",15,True,0.0,316252.0,1,False,0.29681502172579394,0.05,632508.0
"Fixed 316228, designed",18,2,8,"D 0,1 -> 4,5",8,True,0.0,316252.0,1,False,0.3764697826210095,0.05,948760.0
"Fixed 316228, designed",18,3,15,"D 0,3 -> 5,6",15,True,0.0,316253.0,1,False,0.30026357217502075,0.05,1265013.0
"Fixed 316228, designed",18,4,19,"D 1,2 -> 5,6",19,True,0.0,316250.0,1,False,0.03758523474777508,0.05,1581263.0
"Fixed 316228, designed",18,5,14,"D 0,3 -> 4,7",14,True,0.0,316252.0,1,False,0.06571252399006697,0.05,1897515.0
"Fixed 316228, designed",18,6,22,"D 2,3 -> 4,5",22,True,0.0,316253.0,1,False,0.043648521305584075,0.05,2213768.0
"Fixed 316228, designed",18,7,11,"D 0,1 -> 6,7",11,True,0.0,316254.0,1,False,0.10072796416579774,0.05,2530022.0
"Fixed 316228, designed",18,8,12,"D 0,2 -> 4,6",21,False,2.297271373130627e-09,316254.0,1,False,0.009441304483876945,0.06,2846276.0
"Fixed 316228, designed",18,9,21,"D 1,3 -> 5,7",21,True,0.0,316255.0,1,False,0.018167337649210517,0.05,3162531.0
"Fixed 316228, designed",19,0,25,"D 2,3 -> 6,7",25,True,0.0,316256.0,1,False,0.31503606513167726,0.05,316256.0
"Fixed 316228, designed",19,1,18,"D 1,2 -> 4,7",15,True,0.0,316252.0,1,False,0.29681502172579394,0.05,632508.0
"Fixed 316228, designed",19,2,8,"D 0,1 -> 4,5",8,True,0.0,316252.0,1,False,0.3764697826210095,0.05,948760.0
"Fixed 316228, designed",19,3,15,"D 0,3 -> 5,6",15,True,0.0,316253.0,1,False,0.30026357217502075,0.05,1265013.0
"Fixed 316228, designed",19,4,19,"D 1,2 -> 5,6",19,True,0.0,316250.0,1,False,0.03758523474777508,0.05,1581263.0
"Fixed 316228, designed",19,5,14,"D 0,3 -> 4,7",14,True,0.0,316252.0,1,False,0.06571252399006697,0.05,1897515.0
"Fixed 316228, designed",19,6,11,"D 0,1 -> 6,7",22,False,0.04480658230253376,316253.0,1,False,0.043648521305584075,0.05,2213768.0
"Fixed 316228, designed",19,7,22,"D 2,3 -> 4,5",22,True,0.0,316255.0,1,False,0.06967473471393487,0.05,2530023.0
"Fixed 316228, designed",19,8,21,"D 1,3 -> 5,7",21,True,0.0,316254.0,1,False,0.009441304763103297,0.05,2846277.0
"Fixed 316228, designed",19,9,12,"D 0,2 -> 4,6",12,True,0.0,316253.0,1,False,0.01816733765010426,0.05,3162530.0
"Fixed 316228, designed",20,0,25,"D 2,3 -> 6,7",25,True,0.0,316256.0,1,False,0.31503606513167726,0.05,316256.0
"Fixed 316228, designed",20,1,15,"D 0,3 -> 5,6",15,True,0.0,316252.0,1,False,0.29681502172579394,0.05,632508.0
"Fixed 316228, designed",20,2,8,"D 0,1 -> 4,5",8,True,0.0,316258.0,1,False,0.3764697826210095,0.05,948766.0
"Fixed 316228, designed",20,3,18,"D 1,2 -> 4,7",18,True,0.0,316255.0,1,False,0.3002635722338174,0.05,1265021.0
"Fixed 316228, designed",20,4,19,"D 1,2 -> 5,6",14,True,5.182410056647768e-12,316250.0,1,False,0.03758523457422756,0.05,1581271.0
"Fixed 316228, designed",20,5,14,"D 0,3 -> 4,7",14,True,0.0,316252.0,1,False,0.06571252392066197,0.05,1897523.0
"Fixed 316228, designed",20,6,22,"D 2,3 -> 4,5",22,True,0.0,316253.0,1,False,0.04364852124132713,0.05,2213776.0
"Fixed 316228, designed",20,7,11,"D 0,1 -> 6,7",11,True,0.0,316254.0,1,False,0.10072796416579667,0.05,2530030.0
"Fixed 316228, designed",20,8,12,"D 0,2 -> 4,6",21,True,2.371568497139265e-10,316254.0,1,False,0.009441304630083448,0.05,2846284.0
"Fixed 316228, designed",20,9,21,"D 1,3 -> 5,7",21,True,0.0,316255.0,1,False,0.01816733759515189,0.05,3162539.0
"Fixed 316228, designed",21,0,25,"D 2,3 -> 6,7",25,True,0.0,316256.0,1,False,0.31503606513167726,0.05,316256.0
"Fixed 316228, designed",21,1,18,"D 1,2 -> 4,7",15,True,0.0,316252.0,1,False,0.29681502172579394,0.05,632508.0
"Fixed 316228, designed",21,2,8,"D 0,1 -> 4,5",8,True,0.0,316252.0,1,False,0.3764697826210095,0.05,948760.0
"Fixed 316228, designed",21,3,15,"D 0,3 -> 5,6",15,True,0.0,316253.0,1,False,0.30026357217502075,0.05,1265013.0
"Fixed 316228, designed",21,4,19,"D 1,2 -> 5,6",19,True,0.0,316250.0,1,False,0.03758523474777508,0.05,1581263.0
"Fixed 316228, designed",21,5,14,"D 0,3 -> 4,7",14,True,0.0,316252.0,1,False,0.06571252399006697,0.05,1897515.0
"Fixed 316228, designed",21,6,22,"D 2,3 -> 4,5",22,True,0.0,316253.0,1,False,0.043648521305584075,0.05,2213768.0
"Fixed 316228, designed",21,7,11,"D 0,1 -> 6,7",11,True,0.0,316254.0,1,False,0.10072796416579774,0.05,2530022.0
"Fixed 316228, designed",21,8,12,"D 0,2 -> 4,6",21,False,2.297271373130627e-09,316254.0,1,False,0.009441304483876945,0.05,2846276.0
"Fixed 316228, designed",21,9,21,"D 1,3 -> 5,7",21,True,0.0,316255.0,1,False,0.018167337649210517,0.05,3162531.0
"Fixed 316228, designed",22,0,25,"D 2,3 -> 6,7",25,True,0.0,316256.0,1,False,0.31503606513167726,0.05,316256.0
"Fixed 316228, designed",22,1,18,"D 1,2 -> 4,7",15,True,0.0,316252.0,1,False,0.29681502172579394,0.05,632508.0
"Fixed 316228, designed",22,2,8,"D 0,1 -> 4,5",8,True,0.0,316252.0,1,False,0.3764697826210095,0.05,948760.0
"Fixed 316228, designed",22,3,15,"D 0,3 -> 5,6",15,True,0.0,316253.0,1,False,0.30026357217502075,0.05,1265013.0
"Fixed 316228, designed",22,4,14,"D 0,3 -> 4,7",19,True,5.80789971671436e-10,316250.0,1,False,0.03758523474777508,0.05,1581263.0
"Fixed 316228, designed",22,5,19,"D 1,2 -> 5,6",19,True,0.0,316256.0,1,False,0.0657125239206618,0.05,1897519.0
"Fixed 316228, designed",22,6,22,"D 2,3 -> 4,5",22,True,0.0,316253.0,1,False,0.043648521241327065,0.05,2213772.0
"Fixed 316228, designed",22,7,11,"D 0,1 -> 6,7",11,True,0.0,316254.0,1,False,0.10072796416579699,0.05,2530026.0
"Fixed 316228, designed",22,8,21,"D 1,3 -> 5,7",21,True,0.0,316254.0,1,False,0.009441304483876924,0.05,2846280.0
"Fixed 316228, designed",22,9,12,"D 0,2 -> 4,6",12,True,0.0,316253.0,1,False,0.01816733748163215,0.05,3162533.0
"Fixed 316228, designed",23,0,25,"D 2,3 -> 6,7",25,True,0.0,316256.0,1,False,0.31503606513167726,0.05,316256.0
"Fixed 316228, designed",23,1,18,"D 1,2 -> 4,7",15,True,0.0,316252.0,1,False,0.29681502172579394,0.05,632508.0
"Fixed 316228, designed",23,2,8,"D 0,1 -> 4,5",8,True,0.0,316252.0,1,False,0.3764697826210095,0.05,948760.0
"Fixed 316228, designed",23,3,15,"D 0,3 -> 5,6",15,True,0.0,316253.0,1,False,0.30026357217502075,0.05,1265013.0
"Fixed 316228, designed",23,4,14,"D 0,3 -> 4,7",19,True,5.80789971671436e-10,316250.0,1,False,0.03758523474777508,0.05,1581263.0
"Fixed 316228, designed",23,5,19,"D 1,2 -> 5,6",19,True,0.0,316256.0,1,False,0.0657125239206618,0.05,1897519.0
"Fixed 316228, designed",23,6,22,"D 2,3 -> 4,5",22,True,0.0,316253.0,1,False,0.043648521241327065,0.05,2213772.0
"Fixed 316228, designed",23,7,11,"D 0,1 -> 6,7",11,True,0.0,316254.0,1,False,0.10072796416579699,0.05,2530026.0
"Fixed 316228, designed",23,8,21,"D 1,3 -> 5,7",21,True,0.0,316254.0,1,False,0.009441304483876924,0.05,2846280.0
"Fixed 316228, designed",23,9,12,"D 0,2 -> 4,6",12,True,0.0,316253.0,1,False,0.01816733748163215,0.05,3162533.0
"Fixed 316228, designed",24,0,25,"D 2,3 -> 6,7",25,True,0.0,316256.0,1,False,0.31503606513167726,0.05,316256.0
"Fixed 316228, designed",24,1,15,"D 0,3 -> 5,6",15,True,0.0,316252.0,1,False,0.29681502172579394,0.05,632508.0
"Fixed 316228, designed",24,2,8,"D 0,1 -> 4,5",8,True,0.0,316258.0,1,False,0.3764697826210095,0.05,948766.0
"Fixed 316228, designed",24,3,18,"D 1,2 -> 4,7",18,True,0.0,316255.0,1,False,0.3002635722338174,0.05,1265021.0
"Fixed 316228, designed",24,4,19,"D 1,2 -> 5,6",14,True,5.182410056647768e-12,316250.0,1,False,0.03758523457422756,0.05,1581271.0
"Fixed 316228, designed",24,5,14,"D 0,3 -> 4,7",14,True,0.0,316252.0,1,False,0.06571252392066197,0.05,1897523.0
"Fixed 316228, designed",24,6,22,"D 2,3 -> 4,5",22,True,0.0,316253.0,1,False,0.04364852124132713,0.05,2213776.0
"Fixed 316228, designed",24,7,11,"D 0,1 -> 6,7",11,True,0.0,316254.0,1,False,0.10072796416579667,0.05,2530030.0
"Fixed 316228, designed",24,8,1,S 0 -> 6,21,False,1.0,316254.0,1,False,0.009441304630083448,0.05,2846284.0
"Fixed 316228, designed",24,9,12,"D 0,2 -> 4,6",21,True,2.371568497139265e-10,316254.0,1,False,0.009441304630083448,0.05,3162538.0
"Fixed 316228, designed",24,10,21,"D 1,3 -> 5,7",21,True,0.0,316255.0,1,False,0.018167337481629908,0.05,3478793.0
"Fixed 316228, designed",25,0,25,"D 2,3 -> 6,7",25,True,0.0,316256.0,1,False,0.31503606513167726,0.05,316256.0
"Fixed 316228, designed",25,1,18,"D 1,2 -> 4,7",15,True,0.0,316252.0,1,False,0.29681502172579394,0.05,632508.0
"Fixed 316228, designed",25,2,8,"D 0,1 -> 4,5",8,True,0.0,316252.0,1,False,0.3764697826210095,0.05,948760.0
"Fixed 316228, designed",25,3,15,"D 0,3 -> 5,6",15,True,0.0,316253.0,1,False,0.30026357217502075,0.05,1265013.0
"Fixed 316228, designed",25,4,19,"D 1,2 -> 5,6",19,True,0.0,316250.0,1,False,0.03758523474777508,0.05,1581263.0
"Fixed 316228, designed",25,5,14,"D 0,3 -> 4,7",14,True,0.0,316252.0,1,False,0.06571252399006697,0.05,1897515.0
"Fixed 316228, designed",25,6,11,"D 0,1 -> 6,7",22,False,0.04480658230253376,316253.0,1,False,0.043648521305584075,0.05,2213768.0
"Fixed 316228, designed",25,7,22,"D 2,3 -> 4,5",22,True,0.0,316255.0,1,False,0.06967473471393487,0.05,2530023.0
"Fixed 316228, designed",25,8,8,"D 0,1 -> 4,5",21,False,0.99999992771471,316254.0,1,False,0.009441304763103297,0.05,2846277.0
"Fixed 316228, designed",25,9,21,"D 1,3 -> 5,7",21,True,0.0,316254.0,1,False,0.009441304763103297,0.05,3162531.0
"Fixed 316228, designed",25,10,12,"D 0,2 -> 4,6",12,True,0.0,316253.0,1,False,0.018167337618011613,0.05,3478784.0
"Fixed 316228, designed",26,0,25,"D 2,3 -> 6,7",25,True,0.0,316256.0,1,False,0.31503606513167726,0.05,316256.0
"Fixed 316228, designed",26,1,18,"D 1,2 -> 4,7",15,True,0.0,316252.0,1,False,0.29681502172579394,0.05,632508.0
"Fixed 316228, designed",26,2,8,"D 0,1 -> 4,5",8,True,0.0,316252.0,1,False,0.3764697826210095,0.05,948760.0
"Fixed 316228, designed",26,3,15,"D 0,3 -> 5,6",15,True,0.0,316253.0,1,False,0.30026357217502075,0.05,1265013.0
"Fixed 316228, designed",26,4,14,"D 0,3 -> 4,7",19,True,5.80789971671436e-10,316250.0,1,False,0.03758523474777508,0.05,1581263.0
"Fixed 316228, designed",26,5,19,"D 1,2 -> 5,6",19,True,0.0,316256.0,1,False,0.0657125239206618,0.05,1897519.0
"Fixed 316228, designed",26,6,11,"D 0,1 -> 6,7",22,False,0.044806582285133345,316253.0,1,False,0.043648521241327065,0.05,2213772.0
"Fixed 316228, designed",26,7,22,"D 2,3 -> 4,5",22,True,0.0,316255.0,1,False,0.06967473482297251,0.05,2530027.0
"Fixed 316228, designed",26,8,12,"D 0,2 -> 4,6",12,True,0.0,316254.0,1,False,0.009441304632724787,0.05,2846281.0
"Fixed 316228, designed",26,9,21,"D 1,3 -> 5,7",21,True,0.0,316255.0,1,False,0.01816733764921178,0.05,3162536.0
"Fixed 316228, designed",27,0,25,"D 2,3 -> 6,7",25,True,0.0,316256.0,1,False,0.31503606513167726,0.05,316256.0
"Fixed 316228, designed",27,1,18,"D 1,2 -> 4,7",15,True,0.0,316252.0,1,False,0.29681502172579394,0.05,632508.0
"Fixed 316228, designed",27,2,8,"D 0,1 -> 4,5",8,True,0.0,316252.0,1,False,0.3764697826210095,0.05,948760.0
"Fixed 316228, designed",27,3,15,"D 0,3 -> 5,6",15,True,0.0,316253.0,1,False,0.30026357217502075,0.05,1265013.0
"Fixed 316228, designed",27,4,14,"D 0,3 -> 4,7",19,True,5.80789971671436e-10,316250.0,1,False,0.03758523474777508,0.05,1581263.0
"Fixed 316228, designed",27,5,19,"D 1,2 -> 5,6",19,True,0.0,316256.0,1,False,0.0657125239206618,0.05,1897519.0
"Fixed 316228, designed",27,6,11,"D 0,1 -> 6,7",22,False,0.044806582285133345,316253.0,1,False,0.043648521241327065,0.05,2213772.0
"Fixed 316228, designed",27,7,22,"D 2,3 -> 4,5",22,True,0.0,316255.0,1,False,0.06967473482297251,0.05,2530027.0
"Fixed 316228, designed",27,8,12,"D 0,2 -> 4,6",12,True,0.0,316254.0,1,False,0.009441304632724787,0.05,2846281.0
"Fixed 316228, designed",27,9,21,"D 1,3 -> 5,7",21,True,0.0,316255.0,1,False,0.01816733764921178,0.06,3162536.0
"Fixed 316228, designed",28,0,25,"D 2,3 -> 6,7",25,True,0.0,316256.0,1,False,0.31503606513167726,0.05,316256.0
"Fixed 316228, designed",28,1,15,"D 0,3 -> 5,6",15,True,0.0,316252.0,1,False,0.29681502172579394,0.05,632508.0
"Fixed 316228, designed",28,2,8,"D 0,1 -> 4,5",8,True,0.0,316258.0,1,False,0.3764697826210095,0.05,948766.0
"Fixed 316228, designed",28,3,18,"D 1,2 -> 4,7",18,True,0.0,316255.0,1,False,0.3002635722338174,0.05,1265021.0
"Fixed 316228, designed",28,4,19,"D 1,2 -> 5,6",14,True,5.182410056647768e-12,316250.0,1,False,0.03758523457422756,0.05,1581271.0
"Fixed 316228, designed",28,5,14,"D 0,3 -> 4,7",14,True,0.0,316252.0,1,False,0.06571252392066197,0.05,1897523.0
"Fixed 316228, designed",28,6,22,"D 2,3 -> 4,5",22,True,0.0,316253.0,1,False,0.04364852124132713,0.05,2213776.0
"Fixed 316228, designed",28,7,11,"D 0,1 -> 6,7",11,True,0.0,316254.0,1,False,0.10072796416579667,0.05,2530030.0
"Fixed 316228, designed",28,8,21,"D 1,3 -> 5,7",21,True,0.0,316254.0,1,False,0.009441304630083448,0.05,2846284.0
"Fixed 316228, designed",28,9,12,"D 0,2 -> 4,6",12,True,0.0,316253.0,1,False,0.018167337649211367,0.06,3162537.0
"Fixed 316228, designed",29,0,25,"D 2,3 -> 6,7",25,True,0.0,316256.0,1,False,0.31503606513167726,0.06,316256.0
"Fixed 316228, designed",29,1,15,"D 0,3 -> 5,6",15,True,0.0,316252.0,1,False,0.29681502172579394,0.06,632508.0
"Fixed 316228, designed",29,2,8,"D 0,1 -> 4,5",8,True,0.0,316258.0,1,False,0.3764697826210095,0.05,948766.0
"Fixed 316228, designed",29,3,18,"D 1,2 -> 4,7",18,True,0.0,316255.0,1,False,0.3002635722338174,0.05,1265021.0
"Fixed 316228, designed",29,4,19,"D 1,2 -> 5,6",14,True,5.182410056647768e-12,316250.0,1,False,0.03758523457422756,0.05,1581271.0
"Fixed 316228, designed",29,5,14,"D 0,3 -> 4,7",14,True,0.0,316252.0,1,False,0.06571252392066197,0.05,1897523.0
"Fixed 316228, designed",29,6,22,"D 2,3 -> 4,5",22,True,0.0,316253.0,1,False,0.04364852124132713,0.05,2213776.0
"Fixed 316228, designed",29,7,11,"D 0,1 -> 6,7",11,True,0.0,316254.0,1,False,0.10072796416579667,0.05,2530030.0
"Fixed 316228, designed",29,8,21,"D 1,3 -> 5,7",21,True,0.0,316254.0,1,False,0.009441304630083448,0.05,2846284.0
"Fixed 316228, designed",29,9,12,"D 0,2 -> 4,6",12,True,0.0,316253.0,1,False,0.018167337649211367,0.05,3162537.0
"Fixed 316228, designed",30,0,25,"D 2,3 -> 6,7",25,True,0.0,316256.0,1,False,0.31503606513167726,0.05,316256.0
"Fixed 316228, designed",30,1,15,"D 0,3 -> 5,6",15,True,0.0,316252.0,1,False,0.29681502172579394,0.05,632508.0
"Fixed 316228, designed",30,2,8,"D 0,1 -> 4,5",8,True,0.0,316258.0,1,False,0.3764697826210095,0.05,948766.0
"Fixed 316228, designed",30,3,18,"D 1,2 -> 4,7",18,True,0.0,316255.0,1,False,0.3002635722338174,0.05,1265021.0
"Fixed 316228, designed",30,4,14,"D 0,3 -> 4,7",14,True,0.0,316250.0,1,False,0.03758523457422756,0.05,1581271.0
"Fixed 316228, designed",30,5,19,"D 1,2 -> 5,6",19,True,0.0,316256.0,1,False,0.0657125239900671,0.05,1897527.0
"Fixed 316228, designed",30,6,22,"D 2,3 -> 4,5",22,True,0.0,316253.0,1,False,0.04364852130558422,0.05,2213780.0
"Fixed 316228, designed",30,7,11,"D 0,1 -> 6,7",11,True,0.0,316254.0,1,False,0.10072796416579655,0.05,2530034.0
"Fixed 316228, designed",30,8,12,"D 0,2 -> 4,6",21,False,1.6493607257750398e-08,316254.0,1,False,0.009441305047874061,0.05,2846288.0
"Fixed 316228, designed",30,9,1,S 0 -> 6,21,False,1.0,316255.0,1,False,0.018167337650105482,0.05,3162543.0
"Fixed 316228, designed",30,10,21,"D 1,3 -> 5,7",21,True,0.0,316255.0,1,False,0.018167337650105482,0.05,3478798.0
"Fixed 316228, designed",31,0,25,"D 2,3 -> 6,7",25,True,0.0,316256.0,1,False,0.31503606513167726,0.05,316256.0
"Fixed 316228, designed",31,1,18,"D 1,2 -> 4,7",15,True,0.0,316252.0,1,False,0.29681502172579394,0.05,632508.0
"Fixed 316228, designed",31,2,8,"D 0,1 -> 4,5",8,True,0.0,316252.0,1,False,0.3764697826210095,0.05,948760.0
"Fixed 316228, designed",31,3,15,"D 0,3 -> 5,6",15,True,0.0,316253.0,1,False,0.30026357217502075,0.05,1265013.0
"Fixed 316228, designed",31,4,19,"D 1,2 -> 5,6",19,True,0.0,316250.0,1,False,0.03758523474777508,0.05,1581263.0
"Fixed 316228, designed",31,5,14,"D 0,3 -> 4,7",14,True,0.0,316252.0,1,False,0.06571252399006697,0.05,1897515.0
"Fixed 316228, designed",31,6,22,"D 2,3 -> 4,5",22,True,0.0,316253.0,1,False,0.043648521305584075,0.05,2213768.0
"Fixed 316228, designed",31,7,11,"D 0,1 -> 6,7",11,True,0.0,316254.0,1,False,0.10072796416579774,0.05,2530022.0
"Fixed 316228, designed",31,8,21,"D 1,3 -> 5,7",21,True,0.0,316254.0,1,False,0.009441304483876945,0.05,2846276.0
"Fixed 316228, designed",31,9,12,"D 0,2 -> 4,6",12,True,0.0,316253.0,1,False,0.018167337522397423,0.05,3162529.0
"Fixed 316228, designed",32,0,25,"D 2,3 -> 6,7",25,True,0.0,316256.0,1,False,0.31503606513167726,0.05,316256.0
"Fixed 316228, designed",32,1,15,"D 0,3 -> 5,6",15,True,0.0,316252.0,1,False,0.29681502172579394,0.05,632508.0
"Fixed 316228, designed",32,2,8,"D 0,1 -> 4,5",8,True,0.0,316258.0,1,False,0.3764697826210095,0.05,948766.0
"Fixed 316228, designed",32,3,18,"D 1,2 -> 4,7",18,True,0.0,316255.0,1,False,0.3002635722338174,0.05,1265021.0
"Fixed 316228, designed",32,4,14,"D 0,3 -> 4,7",14,True,0.0,316250.0,1,False,0.03758523457422756,0.05,1581271.0
"Fixed 316228, designed",32,5,19,"D 1,2 -> 5,6",19,True,0.0,316256.0,1,False,0.0657125239900671,0.05,1897527.0
"Fixed 316228, designed",32,6,11,"D 0,1 -> 6,7",22,False,0.044806582302531095,316253.0,1,False,0.04364852130558422,0.05,2213780.0
"Fixed 316228, designed",32,7,22,"D 2,3 -> 4,5",22,True,0.0,316255.0,1,False,0.06967473471683744,0.05,2530035.0
"Fixed 316228, designed",32,8,21,"D 1,3 -> 5,7",12,False,2.6598964142365844e-09,316254.0,1,False,0.009441304763103292,0.05,2846289.0
"Fixed 316228, designed",32,9,12,"D 0,2 -> 4,6",12,True,0.0,316253.0,1,False,0.018167337649211208,0.05,3162542.0
"Fixed 316228, designed",33,0,25,"D 2,3 -> 6,7",25,True,0.0,316256.0,1,False,0.31503606513167726,0.05,316256.0
"Fixed 316228, designed",33,1,15,"D 0,3 -> 5,6",15,True,0.0,316252.0,1,False,0.29681502172579394,0.05,632508.0
"Fixed 316228, designed",33,2,8,"D 0,1 -> 4,5",8,True,0.0,316258.0,1,False,0.3764697826210095,0.05,948766.0
"Fixed 316228, designed",33,3,18,"D 1,2 -> 4,7",18,True,0.0,316255.0,1,False,0.3002635722338174,0.05,1265021.0
"Fixed 316228, designed",33,4,14,"D 0,3 -> 4,7",14,True,0.0,316250.0,1,False,0.03758523457422756,0.05,1581271.0
"Fixed 316228, designed",33,5,19,"D 1,2 -> 5,6",19,True,0.0,316256.0,1,False,0.0657125239900671,0.05,1897527.0
"Fixed 316228, designed",33,6,11,"D 0,1 -> 6,7",22,False,0.044806582302531095,316253.0,1,False,0.04364852130558422,0.05,2213780.0
"Fixed 316228, designed",33,7,22,"D 2,3 -> 4,5",22,True,0.0,316255.0,1,False,0.06967473471683744,0.05,2530035.0
"Fixed 316228, designed",33,8,12,"D 0,2 -> 4,6",12,True,0.0,316254.0,1,False,0.009441304763103292,0.05,2846289.0
"Fixed 316228, designed",33,9,21,"D 1,3 -> 5,7",21,True,0.0,316255.0,1,False,0.018167337650104195,0.05,3162544.0
"Fixed 316228, designed",34,0,25,"D 2,3 -> 6,7",25,True,0.0,316256.0,1,False,0.31503606513167726,0.05,316256.0
"Fixed 316228, designed",34,1,18,"D 1,2 -> 4,7",15,True,0.0,316252.0,1,False,0.29681502172579394,0.05,632508.0
"Fixed 316228, designed",34,2,8,"D 0,1 -> 4,5",8,True,0.0,316252.0,1,False,0.3764697826210095,0.05,948760.0
"Fixed 316228, designed",34,3,15,"D 0,3 -> 5,6",15,True,0.0,316253.0,1,False,0.30026357217502075,0.05,1265013.0
"Fixed 316228, designed",34,4,14,"D 0,3 -> 4,7",19,True,5.80789971671436e-10,316250.0,1,False,0.03758523474777508,0.05,1581263.0
"Fixed 316228, designed",34,5,19,"D 1,2 -> 5,6",19,True,0.0,316256.0,1,False,0.0657125239206618,0.05,1897519.0
"Fixed 316228, designed",34,6,22,"D 2,3 -> 4,5",22,True,0.0,316253.0,1,False,0.043648521241327065,0.05,2213772.0
"Fixed 316228, designed",34,7,11,"D 0,1 -> 6,7",11,True,0.0,316254.0,1,False,0.10072796416579699,0.05,2530026.0
"Fixed 316228, designed",34,8,21,"D 1,3 -> 5,7",21,True,0.0,316254.0,1,False,0.009441304483876924,0.05,2846280.0
"Fixed 316228, designed",34,9,12,"D 0,2 -> 4,6",12,True,0.0,316253.0,1,False,0.01816733748163215,0.05,3162533.0
"Fixed 316228, designed",35,0,25,"D 2,3 -> 6,7",25,True,0.0,316256.0,1,False,0.31503606513167726,0.06,316256.0
"Fixed 316228, designed",35,1,15,"D 0,3 -> 5,6",15,True,0.0,316252.0,1,False,0.29681502172579394,0.06,632508.0
"Fixed 316228, designed",35,2,8,"D 0,1 -> 4,5",8,True,0.0,316258.0,1,False,0.3764697826210095,0.05,948766.0
"Fixed 316228, designed",35,3,18,"D 1,2 -> 4,7",18,True,0.0,316255.0,1,False,0.3002635722338174,0.05,1265021.0
"Fixed 316228, designed",35,4,19,"D 1,2 -> 5,6",14,True,5.182410056647768e-12,316250.0,1,False,0.03758523457422756,0.05,1581271.0
"Fixed 316228, designed",35,5,14,"D 0,3 -> 4,7",14,True,0.0,316252.0,1,False,0.06571252392066197,0.05,1897523.0
"Fixed 316228, designed",35,6,22,"D 2,3 -> 4,5",22,True,0.0,316253.0,1,False,0.04364852124132713,0.05,2213776.0
"Fixed 316228, designed",35,7,11,"D 0,1 -> 6,7",11,True,0.0,316254.0,1,False,0.10072796416579667,0.05,2530030.0
"Fixed 316228, designed",35,8,21,"D 1,3 -> 5,7",21,True,0.0,316254.0,1,False,0.009441304630083448,0.05,2846284.0
"Fixed 316228, designed",35,9,12,"D 0,2 -> 4,6",12,True,0.0,316253.0,1,False,0.018167337649211367,0.06,3162537.0
"Fixed 316228, designed",36,0,25,"D 2,3 -> 6,7",25,True,0.0,316256.0,1,False,0.31503606513167726,0.05,316256.0
"Fixed 316228, designed",36,1,18,"D 1,2 -> 4,7",15,True,0.0,316252.0,1,False,0.29681502172579394,0.05,632508.0
"Fixed 316228, designed",36,2,8,"D 0,1 -> 4,5",8,True,0.0,316252.0,1,False,0.3764697826210095,0.05,948760.0
"Fixed 316228, designed",36,3,15,"D 0,3 -> 5,6",15,True,0.0,316253.0,1,False,0.30026357217502075,0.05,1265013.0
"Fixed 316228, designed",36,4,14,"D 0,3 -> 4,7",19,True,5.80789971671436e-10,316250.0,1,False,0.03758523474777508,0.06,1581263.0
"Fixed 316228, designed",36,5,19,"D 1,2 -> 5,6",19,True,0.0,316256.0,1,False,0.0657125239206618,0.05,1897519.0
"Fixed 316228, designed",36,6,11,"D 0,1 -> 6,7",22,False,0.044806582285133345,316253.0,1,False,0.043648521241327065,0.05,2213772.0
"Fixed 316228, designed",36,7,22,"D 2,3 -> 4,5",22,True,0.0,316255.0,1,False,0.06967473482297251,0.07,2530027.0
"Fixed 316228, designed",36,8,21,"D 1,3 -> 5,7",12,True,7.587165340439128e-10,316254.0,1,False,0.009441304632724787,0.05,2846281.0
"Fixed 316228, designed",36,9,12,"D 0,2 -> 4,6",12,True,0.0,316253.0,1,False,0.01816733748162963,0.06,3162534.0
"Fixed 316228, designed",37,0,25,"D 2,3 -> 6,7",25,True,0.0,316256.0,1,False,0.31503606513167726,0.05,316256.0
"Fixed 316228, designed",37,1,18,"D 1,2 -> 4,7",15,True,0.0,316252.0,1,False,0.29681502172579394,0.05,632508.0
"Fixed 316228, designed",37,2,8,"D 0,1 -> 4,5",8,True,0.0,316252.0,1,False,0.3764697826210095,0.05,948760.0
"Fixed 316228, designed",37,3,15,"D 0,3 -> 5,6",15,True,0.0,316253.0,1,False,0.30026357217502075,0.05,1265013.0
"Fixed 316228, designed",37,4,14,"D 0,3 -> 4,7",19,True,5.80789971671436e-10,316250.0,1,False,0.03758523474777508,0.05,1581263.0
"Fixed 316228, designed",37,5,19,"D 1,2 -> 5,6",19,True,0.0,316256.0,1,False,0.0657125239206618,0.05,1897519.0
"Fixed 316228, designed",37,6,22,"D 2,3 -> 4,5",22,True,0.0,316253.0,1,False,0.043648521241327065,0.05,2213772.0
"Fixed 316228, designed",37,7,11,"D 0,1 -> 6,7",11,True,0.0,316254.0,1,False,0.10072796416579699,0.05,2530026.0
"Fixed 316228, designed",37,8,21,"D 1,3 -> 5,7",21,True,0.0,316254.0,1,False,0.009441304483876924,0.05,2846280.0
"Fixed 316228, designed",37,9,12,"D 0,2 -> 4,6",12,True,0.0,316253.0,1,False,0.01816733748163215,0.05,3162533.0
"Fixed 316228, designed",38,0,25,"D 2,3 -> 6,7",25,True,0.0,316256.0,1,False,0.31503606513167726,0.05,316256.0
"Fixed 316228, designed",38,1,18,"D 1,2 -> 4,7",15,True,0.0,316252.0,1,False,0.29681502172579394,0.05,632508.0
"Fixed 316228, designed",38,2,8,"D 0,1 -> 4,5",8,True,0.0,316252.0,1,False,0.3764697826210095,0.05,948760.0
"Fixed 316228, designed",38,3,15,"D 0,3 -> 5,6",15,True,0.0,316253.0,1,False,0.30026357217502075,0.05,1265013.0
"Fixed 316228, designed",38,4,14,"D 0,3 -> 4,7",19,True,5.80789971671436e-10,316250.0,1,False,0.03758523474777508,0.05,1581263.0
"Fixed 316228, designed",38,5,19,"D 1,2 -> 5,6",19,True,0.0,316256.0,1,False,0.0657125239206618,0.05,1897519.0
"Fixed 316228, designed",38,6,11,"D 0,1 -> 6,7",22,False,0.044806582285133345,316253.0,1,False,0.043648521241327065,0.05,2213772.0
"Fixed 316228, designed",38,7,22,"D 2,3 -> 4,5",22,True,0.0,316255.0,1,False,0.06967473482297251,0.05,2530027.0
"Fixed 316228, designed",38,8,21,"D 1,3 -> 5,7",12,True,7.587165340439128e-10,316254.0,1,False,0.009441304632724787,0.05,2846281.0
"Fixed 316228, designed",38,9,12,"D 0,2 -> 4,6",12,True,0.0,316253.0,1,False,0.01816733748162963,0.05,3162534.0
"Fixed 316228, designed",39,0,25,"D 2,3 -> 6,7",25,True,0.0,316256.0,1,False,0.31503606513167726,0.05,316256.0
"Fixed 316228, designed",39,1,15,"D 0,3 -> 5,6",15,True,0.0,316252.0,1,False,0.29681502172579394,0.05,632508.0
"Fixed 316228, designed",39,2,8,"D 0,1 -> 4,5",8,True,0.0,316258.0,1,False,0.3764697826210095,0.05,948766.0
"Fixed 316228, designed",39,3,18,"D 1,2 -> 4,7",18,True,0.0,316255.0,1,False,0.3002635722338174,0.05,1265021.0
"Fixed 316228, designed",39,4,19,"D 1,2 -> 5,6",14,True,5.182410056647768e-12,316250.0,1,False,0.03758523457422756,0.05,1581271.0
"Fixed 316228, designed",39,5,14,"D 0,3 -> 4,7",14,True,0.0,316252.0,1,False,0.06571252392066197,0.05,1897523.0
"Fixed 316228, designed",39,6,22,"D 2,3 -> 4,5",22,True,0.0,316253.0,1,False,0.04364852124132713,0.05,2213776.0
"Fixed 316228, designed",39,7,11,"D 0,1 -> 6,7",11,True,0.0,316254.0,1,False,0.10072796416579667,0.05,2530030.0
"Fixed 316228, designed",39,8,12,"D 0,2 -> 4,6",21,True,2.371568497139265e-10,316254.0,1,False,0.009441304630083448,0.05,2846284.0
"Fixed 316228, designed",39,9,21,"D 1,3 -> 5,7",21,True,0.0,316255.0,1,False,0.01816733759515189,0.05,3162539.0
"Fixed 316228, designed",40,0,25,"D 2,3 -> 6,7",25,True,0.0,316256.0,1,False,0.31503606513167726,0.05,316256.0
"Fixed 316228, designed",40,1,15,"D 0,3 -> 5,6",15,True,0.0,316252.0,1,False,0.29681502172579394,0.05,632508.0
"Fixed 316228, designed",40,2,8,"D 0,1 -> 4,5",8,True,0.0,316258.0,1,False,0.3764697826210095,0.05,948766.0
"Fixed 316228, designed",40,3,18,"D 1,2 -> 4,7",18,True,0.0,316255.0,1,False,0.3002635722338174,0.05,1265021.0
"Fixed 316228, designed",40,4,19,"D 1,2 -> 5,6",14,True,5.182410056647768e-12,316250.0,1,False,0.03758523457422756,0.05,1581271.0
"Fixed 316228, designed",40,5,14,"D 0,3 -> 4,7",14,True,0.0,316252.0,1,False,0.06571252392066197,0.05,1897523.0
"Fixed 316228, designed",40,6,22,"D 2,3 -> 4,5",22,True,0.0,316253.0,1,False,0.04364852124132713,0.05,2213776.0
"Fixed 316228, designed",40,7,11,"D 0,1 -> 6,7",11,True,0.0,316254.0,1,False,0.10072796416579667,0.05,2530030.0
"Fixed 316228, designed",40,8,7,S 3 -> 7,21,False,1.0,316254.0,1,False,0.009441304630083448,0.05,2846284.0
"Fixed 316228, designed",40,9,21,"D 1,3 -> 5,7",21,True,0.0,316254.0,1,False,0.009441304630083448,0.05,3162538.0
"Fixed 316228, designed",40,10,12,"D 0,2 -> 4,6",12,True,0.0,316253.0,1,False,0.018167337649211367,0.05,3478791.0
"Fixed 316228, designed",41,0,25,"D 2,3 -> 6,7",25,True,0.0,316256.0,1,False,0.31503606513167726,0.06,316256.0
"Fixed 316228, designed",41,1,18,"D 1,2 -> 4,7",15,True,0.0,316252.0,1,False,0.29681502172579394,0.06,632508.0
"Fixed 316228, designed",41,2,8,"D 0,1 -> 4,5",8,True,0.0,316252.0,1,False,0.3764697826210095,0.05,948760.0
"Fixed 316228, designed",41,3,15,"D 0,3 -> 5,6",15,True,0.0,316253.0,1,False,0.30026357217502075,0.05,1265013.0
"Fixed 316228, designed",41,4,19,"D 1,2 -> 5,6",19,True,0.0,316250.0,1,False,0.03758523474777508,0.05,1581263.0
"Fixed 316228, designed",41,5,14,"D 0,3 -> 4,7",14,True,0.0,316252.0,1,False,0.06571252399006697,0.05,1897515.0
"Fixed 316228, designed",41,6,11,"D 0,1 -> 6,7",22,False,0.04480658230253376,316253.0,1,False,0.043648521305584075,0.05,2213768.0
"Fixed 316228, designed",41,7,22,"D 2,3 -> 4,5",22,True,0.0,316255.0,1,False,0.06967473471393487,0.05,2530023.0
"Fixed 316228, designed",41,8,21,"D 1,3 -> 5,7",21,True,0.0,316254.0,1,False,0.009441304763103297,0.06,2846277.0
"Fixed 316228, designed",41,9,12,"D 0,2 -> 4,6",12,True,0.0,316253.0,1,False,0.01816733765010426,0.05,3162530.0
"Fixed 316228, designed",42,0,25,"D 2,3 -> 6,7",25,True,0.0,316256.0,1,False,0.31503606513167726,0.05,316256.0
"Fixed 316228, designed",42,1,18,"D 1,2 -> 4,7",15,True,0.0,316252.0,1,False,0.29681502172579394,0.05,632508.0
"Fixed 316228, designed",42,2,8,"D 0,1 -> 4,5",8,True,0.0,316252.0,1,False,0.3764697826210095,0.06,948760.0
"Fixed 316228, designed",42,3,15,"D 0,3 -> 5,6",15,True,0.0,316253.0,1,False,0.30026357217502075,0.05,1265013.0
"Fixed 316228, designed",42,4,14,"D 0,3 -> 4,7",19,True,5.80789971671436e-10,316250.0,1,False,0.03758523474777508,0.05,1581263.0
"Fixed 316228, designed",42,5,19,"D 1,2 -> 5,6",19,True,0.0,316256.0,1,False,0.0657125239206618,0.05,1897519.0
"Fixed 316228, designed",42,6,22,"D 2,3 -> 4,5",22,True,0.0,316253.0,1,False,0.043648521241327065,0.05,2213772.0
"Fixed 316228, designed",42,7,11,"D 0,1 -> 6,7",11,True,0.0,316254.0,1,False,0.10072796416579699,0.05,2530026.0
"Fixed 316228, designed",42,8,21,"D 1,3 -> 5,7",21,True,0.0,316254.0,1,False,0.009441304483876924,0.05,2846280.0
"Fixed 316228, designed",42,9,12,"D 0,2 -> 4,6",12,True,0.0,316253.0,1,False,0.01816733748163215,0.05,3162533.0
"Fixed 316228, designed",43,0,25,"D 2,3 -> 6,7",25,True,0.0,316256.0,1,False,0.31503606513167726,0.05,316256.0
"Fixed 316228, designed",43,1,18,"D 1,2 -> 4,7",15,True,0.0,316252.0,1,False,0.29681502172579394,0.05,632508.0
"Fixed 316228, designed",43,2,8,"D 0,1 -> 4,5",8,True,0.0,316252.0,1,False,0.3764697826210095,0.05,948760.0
"Fixed 316228, designed",43,3,15,"D 0,3 -> 5,6",15,True,0.0,316253.0,1,False,0.30026357217502075,0.05,1265013.0
"Fixed 316228, designed",43,4,19,"D 1,2 -> 5,6",19,True,0.0,316250.0,1,False,0.03758523474777508,0.05,1581263.0
"Fixed 316228, designed",43,5,14,"D 0,3 -> 4,7",14,True,0.0,316252.0,1,False,0.06571252399006697,0.05,1897515.0
"Fixed 316228, designed",43,6,22,"D 2,3 -> 4,5",22,True,0.0,316253.0,1,False,0.043648521305584075,0.05,2213768.0
"Fixed 316228, designed",43,7,11,"D 0,1 -> 6,7",11,True,0.0,316254.0,1,False,0.10072796416579774,0.05,2530022.0
"Fixed 316228, designed",43,8,20,"D 1,2 -> 6,7",21,False,1.0,316254.0,1,False,0.009441304483876945,0.05,2846276.0
"Fixed 316228, designed",43,9,12,"D 0,2 -> 4,6",12,True,0.0,316254.0,1,False,0.00944130454604846,0.05,3162530.0
"Fixed 316228, designed",43,10,21,"D 1,3 -> 5,7",21,True,0.0,316255.0,1,False,0.018167337649212068,0.05,3478785.0
"Fixed 316228, designed",44,0,25,"D 2,3 -> 6,7",25,True,0.0,316256.0,1,False,0.31503606513167726,0.05,316256.0
"Fixed 316228, designed",44,1,15,"D 0,3 -> 5,6",15,True,0.0,316252.0,1,False,0.29681502172579394,0.05,632508.0
"Fixed 316228, designed",44,2,8,"D 0,1 -> 4,5",8,True,0.0,316258.0,1,False,0.3764697826210095,0.05,948766.0
"Fixed 316228, designed",44,3,18,"D 1,2 -> 4,7",18,True,0.0,316255.0,1,False,0.3002635722338174,0.05,1265021.0
"Fixed 316228, designed",44,4,19,"D 1,2 -> 5,6",14,True,5.182410056647768e-12,316250.0,1,False,0.03758523457422756,0.05,1581271.0
"Fixed 316228, designed",44,5,14,"D 0,3 -> 4,7",14,True,0.0,316252.0,1,False,0.06571252392066197,0.05,1897523.0
"Fixed 316228, designed",44,6,22,"D 2,3 -> 4,5",22,True,0.0,316253.0,1,False,0.04364852124132713,0.05,2213776.0
"Fixed 316228, designed",44,7,11,"D 0,1 -> 6,7",11,True,0.0,316254.0,1,False,0.10072796416579667,0.06,2530030.0
"Fixed 316228, designed",44,8,21,"D 1,3 -> 5,7",21,True,0.0,316254.0,1,False,0.009441304630083448,0.05,2846284.0
"Fixed 316228, designed",44,9,12,"D 0,2 -> 4,6",12,True,0.0,316253.0,1,False,0.018167337649211367,0.05,3162537.0
"Fixed 316228, designed",45,0,25,"D 2,3 -> 6,7",25,True,0.0,316256.0,1,False,0.31503606513167726,0.05,316256.0
"Fixed 316228, designed",45,1,18,"D 1,2 -> 4,7",15,True,0.0,316252.0,1,False,0.29681502172579394,0.05,632508.0
"Fixed 316228, designed",45,2,8,"D 0,1 -> 4,5",8,True,0.0,316252.0,1,False,0.3764697826210095,0.05,948760.0
"Fixed 316228, designed",45,3,15,"D 0,3 -> 5,6",15,True,0.0,316253.0,1,False,0.30026357217502075,0.05,1265013.0
"Fixed 316228, designed",45,4,19,"D 1,2 -> 5,6",19,True,0.0,316250.0,1,False,0.03758523474777508,0.05,1581263.0
"Fixed 316228, designed",45,5,14,"D 0,3 -> 4,7",14,True,0.0,316252.0,1,False,0.06571252399006697,0.05,1897515.0
"Fixed 316228, designed",45,6,11,"D 0,1 -> 6,7",22,False,0.04480658230253376,316253.0,1,False,0.043648521305584075,0.05,2213768.0
"Fixed 316228, designed",45,7,22,"D 2,3 -> 4,5",22,True,0.0,316255.0,1,False,0.06967473471393487,0.05,2530023.0
"Fixed 316228, designed",45,8,12,"D 0,2 -> 4,6",21,False,2.6598955260581647e-09,316254.0,1,False,0.009441304763103297,0.05,2846277.0
"Fixed 316228, designed",45,9,21,"D 1,3 -> 5,7",21,True,0.0,316255.0,1,False,0.018167337649211406,0.05,3162532.0
"Fixed 316228, designed",46,0,25,"D 2,3 -> 6,7",25,True,0.0,316256.0,1,False,0.31503606513167726,0.05,316256.0
"Fixed 316228, designed",46,1,18,"D 1,2 -> 4,7",15,True,0.0,316252.0,1,False,0.29681502172579394,0.05,632508.0
"Fixed 316228, designed",46,2,8,"D 0,1 -> 4,5",8,True,0.0,316252.0,1,False,0.3764697826210095,0.05,948760.0
"Fixed 316228, designed",46,3,15,"D 0,3 -> 5,6",15,True,0.0,316253.0,1,False,0.30026357217502075,0.05,1265013.0
"Fixed 316228, designed",46,4,19,"D 1,2 -> 5,6",19,True,0.0,316250.0,1,False,0.03758523474777508,0.05,1581263.0
"Fixed 316228, designed",46,5,14,"D 0,3 -> 4,7",14,True,0.0,316252.0,1,False,0.06571252399006697,0.05,1897515.0
"Fixed 316228, designed",46,6,11,"D 0,1 -> 6,7",22,False,0.04480658230253376,316253.0,1,False,0.043648521305584075,0.05,2213768.0
"Fixed 316228, designed",46,7,22,"D 2,3 -> 4,5",22,True,0.0,316255.0,1,False,0.06967473471393487,0.05,2530023.0
"Fixed 316228, designed",46,8,12,"D 0,2 -> 4,6",21,False,2.6598955260581647e-09,316254.0,1,False,0.009441304763103297,0.05,2846277.0
"Fixed 316228, designed",46,9,21,"D 1,3 -> 5,7",21,True,0.0,316255.0,1,False,0.018167337649211406,0.05,3162532.0
"Fixed 316228, designed",47,0,25,"D 2,3 -> 6,7",25,True,0.0,316256.0,1,False,0.31503606513167726,0.05,316256.0
"Fixed 316228, designed",47,1,18,"D 1,2 -> 4,7",15,True,0.0,316252.0,1,False,0.29681502172579394,0.05,632508.0
"Fixed 316228, designed",47,2,8,"D 0,1 -> 4,5",8,True,0.0,316252.0,1,False,0.3764697826210095,0.05,948760.0
"Fixed 316228, designed",47,3,15,"D 0,3 -> 5,6",15,True,0.0,316253.0,1,False,0.30026357217502075,0.05,1265013.0
"Fixed 316228, designed",47,4,19,"D 1,2 -> 5,6",19,True,0.0,316250.0,1,False,0.03758523474777508,0.05,1581263.0
"Fixed 316228, designed",47,5,14,"D 0,3 -> 4,7",14,True,0.0,316252.0,1,False,0.06571252399006697,0.05,1897515.0
"Fixed 316228, designed",47,6,22,"D 2,3 -> 4,5",22,True,0.0,316253.0,1,False,0.043648521305584075,0.05,2213768.0
"Fixed 316228, designed",47,7,11,"D 0,1 -> 6,7",11,True,0.0,316254.0,1,False,0.10072796416579774,0.05,2530022.0
"Fixed 316228, designed",47,8,21,"D 1,3 -> 5,7",21,True,0.0,316254.0,1,False,0.009441304483876945,0.05,2846276.0
"Fixed 316228, designed",47,9,12,"D 0,2 -> 4,6",12,True,0.0,316253.0,1,False,0.018167337522397423,0.05,3162529.0
"Fixed 316228, designed",48,0,25,"D 2,3 -> 6,7",25,True,0.0,316256.0,1,False,0.31503606513167726,0.05,316256.0
"Fixed 316228, designed",48,1,15,"D 0,3 -> 5,6",15,True,0.0,316252.0,1,False,0.29681502172579394,0.05,632508.0
"Fixed 316228, designed",48,2,8,"D 0,1 -> 4,5",8,True,0.0,316258.0,1,False,0.3764697826210095,0.05,948766.0
"Fixed 316228, designed",48,3,18,"D 1,2 -> 4,7",18,True,0.0,316255.0,1,False,0.3002635722338174,0.05,1265021.0
"Fixed 316228, designed",48,4,19,"D 1,2 -> 5,6",14,True,5.182410056647768e-12,316250.0,1,False,0.03758523457422756,0.05,1581271.0
"Fixed 316228, designed",48,5,14,"D 0,3 -> 4,7",14,True,0.0,316252.0,1,False,0.06571252392066197,0.05,1897523.0
"Fixed 316228, designed",48,6,11,"D 0,1 -> 6,7",22,False,0.044806582285143115,316253.0,1,False,0.04364852124132713,0.05,2213776.0
"Fixed 316228, designed",48,7,22,"D 2,3 -> 4,5",22,True,0.0,316255.0,1,False,0.06967473471393487,0.05,2530031.0
"Fixed 316228, designed",48,8,21,"D 1,3 -> 5,7",21,True,0.0,316254.0,1,False,0.009441304632724919,0.05,2846285.0
"Fixed 316228, designed",48,9,12,"D 0,2 -> 4,6",12,True,0.0,316253.0,1,False,0.018167337649211596,0.05,3162538.0
"Fixed 316228, designed",49,0,25,"D 2,3 -> 6,7",25,True,0.0,316256.0,1,False,0.31503606513167726,0.06,316256.0
"Fixed 316228, designed",49,1,15,"D 0,3 -> 5,6",15,True,0.0,316252.0,1,False,0.29681502172579394,0.05,632508.0
"Fixed 316228, designed",49,2,8,"D 0,1 -> 4,5",8,True,0.0,316258.0,1,False,0.3764697826210095,0.05,948766.0
"Fixed 316228, designed",49,3,18,"D 1,2 -> 4,7",18,True,0.0,316255.0,1,False,0.3002635722338174,0.05,1265021.0
"Fixed 316228, designed",49,4,19,"D 1,2 -> 5,6",14,True,5.182410056647768e-12,316250.0,1,False,0.03758523457422756,0.05,1581271.0
"Fixed 316228, designed",49,5,14,"D 0,3 -> 4,7",14,True,0.0,316252.0,1,False,0.06571252392066197,0.05,1897523.0
"Fixed 316228, designed",49,6,22,"D 2,3 -> 4,5",22,True,0.0,316253.0,1,False,0.04364852124132713,0.05,2213776.0
"Fixed 316228, designed",49,7,11,"D 0,1 -> 6,7",11,True,0.0,316254.0,1,False,0.10072796416579667,0.05,2530030.0
"Fixed 316228, designed",49,8,21,"D 1,3 -> 5,7",21,True,0.0,316254.0,1,False,0.009441304630083448,0.05,2846284.0
"Fixed 316228, designed",49,9,12,"D 0,2 -> 4,6",12,True,0.0,316253.0,1,False,0.018167337649211367,0.05,3162537.0
"Fixed 316228, designed",50,0,25,"D 2,3 -> 6,7",25,True,0.0,316256.0,1,False,0.31503606513167726,0.05,316256.0
"Fixed 316228, designed",50,1,18,"D 1,2 -> 4,7",15,True,0.0,316252.0,1,False,0.29681502172579394,0.05,632508.0
"Fixed 316228, designed",50,2,8,"D 0,1 -> 4,5",8,True,0.0,316252.0,1,False,0.3764697826210095,0.05,948760.0
"Fixed 316228, designed",50,3,15,"D 0,3 -> 5,6",15,True,0.0,316253.0,1,False,0.30026357217502075,0.05,1265013.0
"Fixed 316228, designed",50,4,14,"D 0,3 -> 4,7",19,True,5.80789971671436e-10,316250.0,1,False,0.03758523474777508,0.05,1581263.0
"Fixed 316228, designed",50,5,19,"D 1,2 -> 5,6",19,True,0.0,316256.0,1,False,0.0657125239206618,0.05,1897519.0
"Fixed 316228, designed",50,6,22,"D 2,3 -> 4,5",22,True,0.0,316253.0,1,False,0.043648521241327065,0.05,2213772.0
"Fixed 316228, designed",50,7,11,"D 0,1 -> 6,7",11,True,0.0,316254.0,1,False,0.10072796416579699,0.05,2530026.0
"Fixed 316228, designed",50,8,21,"D 1,3 -> 5,7",21,True,0.0,316254.0,1,False,0.009441304483876924,0.05,2846280.0
"Fixed 316228, designed",50,9,12,"D 0,2 -> 4,6",12,True,0.0,316253.0,1,False,0.01816733748163215,0.05,3162533.0
"Fixed 316228, designed",51,0,25,"D 2,3 -> 6,7",25,True,0.0,316256.0,1,False,0.31503606513167726,0.05,316256.0
"Fixed 316228, designed",51,1,15,"D 0,3 -> 5,6",15,True,0.0,316252.0,1,False,0.29681502172579394,0.05,632508.0
"Fixed 316228, designed",51,2,8,"D 0,1 -> 4,5",8,True,0.0,316258.0,1,False,0.3764697826210095,0.05,948766.0
"Fixed 316228, designed",51,3,18,"D 1,2 -> 4,7",18,True,0.0,316255.0,1,False,0.3002635722338174,0.05,1265021.0
"Fixed 316228, designed",51,4,19,"D 1,2 -> 5,6",14,True,5.182410056647768e-12,316250.0,1,False,0.03758523457422756,0.05,1581271.0
"Fixed 316228, designed",51,5,14,"D 0,3 -> 4,7",14,True,0.0,316252.0,1,False,0.06571252392066197,0.05,1897523.0
"Fixed 316228, designed",51,6,22,"D 2,3 -> 4,5",22,True,0.0,316253.0,1,False,0.04364852124132713,0.05,2213776.0
"Fixed 316228, designed",51,7,11,"D 0,1 -> 6,7",11,True,0.0,316254.0,1,False,0.10072796416579667,0.05,2530030.0
"Fixed 316228, designed",51,8,12,"D 0,2 -> 4,6",21,True,2.371568497139265e-10,316254.0,1,False,0.009441304630083448,0.05,2846284.0
"Fixed 316228, designed",51,9,21,"D 1,3 -> 5,7",21,True,0.0,316255.0,1,False,0.01816733759515189,0.05,3162539.0
"Fixed 316228, designed",52,0,25,"D 2,3 -> 6,7",25,True,0.0,316256.0,1,False,0.31503606513167726,0.05,316256.0
"Fixed 316228, designed",52,1,18,"D 1,2 -> 4,7",15,True,0.0,316252.0,1,False,0.29681502172579394,0.05,632508.0
"Fixed 316228, designed",52,2,8,"D 0,1 -> 4,5",8,True,0.0,316252.0,1,False,0.3764697826210095,0.05,948760.0
"Fixed 316228, designed",52,3,15,"D 0,3 -> 5,6",15,True,0.0,316253.0,1,False,0.30026357217502075,0.05,1265013.0
"Fixed 316228, designed",52,4,19,"D 1,2 -> 5,6",19,True,0.0,316250.0,1,False,0.03758523474777508,0.05,1581263.0
"Fixed 316228, designed",52,5,14,"D 0,3 -> 4,7",14,True,0.0,316252.0,1,False,0.06571252399006697,0.05,1897515.0
"Fixed 316228, designed",52,6,22,"D 2,3 -> 4,5",22,True,0.0,316253.0,1,False,0.043648521305584075,0.05,2213768.0
"Fixed 316228, designed",52,7,11,"D 0,1 -> 6,7",11,True,0.0,316254.0,1,False,0.10072796416579774,0.05,2530022.0
"Fixed 316228, designed",52,8,12,"D 0,2 -> 4,6",21,False,2.297271373130627e-09,316254.0,1,False,0.009441304483876945,0.05,2846276.0
"Fixed 316228, designed",52,9,21,"D 1,3 -> 5,7",21,True,0.0,316255.0,1,False,0.018167337649210517,0.05,3162531.0
"Fixed 316228, designed",53,0,25,"D 2,3 -> 6,7",25,True,0.0,316256.0,1,False,0.31503606513167726,0.05,316256.0
"Fixed 316228, designed",53,1,15,"D 0,3 -> 5,6",15,True,0.0,316252.0,1,False,0.29681502172579394,0.05,632508.0
"Fixed 316228, designed",53,2,8,"D 0,1 -> 4,5",8,True,0.0,316258.0,1,False,0.3764697826210095,0.05,948766.0
"Fixed 316228, designed",53,3,18,"D 1,2 -> 4,7",18,True,0.0,316255.0,1,False,0.3002635722338174,0.05,1265021.0
"Fixed 316228, designed",53,4,14,"D 0,3 -> 4,7",14,True,0.0,316250.0,1,False,0.03758523457422756,0.05,1581271.0
"Fixed 316228, designed",53,5,19,"D 1,2 -> 5,6",19,True,0.0,316256.0,1,False,0.0657125239900671,0.05,1897527.0
"Fixed 316228, designed",53,6,22,"D 2,3 -> 4,5",22,True,0.0,316253.0,1,False,0.04364852130558422,0.06,2213780.0
"Fixed 316228, designed",53,7,11,"D 0,1 -> 6,7",11,True,0.0,316254.0,1,False,0.10072796416579655,0.05,2530034.0
"Fixed 316228, designed",53,8,12,"D 0,2 -> 4,6",21,False,1.6493607257750398e-08,316254.0,1,False,0.009441305047874061,0.05,2846288.0
"Fixed 316228, designed",53,9,21,"D 1,3 -> 5,7",21,True,0.0,316255.0,1,False,0.018167337650105482,0.05,3162543.0
"Fixed 316228, designed",54,0,25,"D 2,3 -> 6,7",25,True,0.0,316256.0,1,False,0.31503606513167726,0.05,316256.0
"Fixed 316228, designed",54,1,15,"D 0,3 -> 5,6",15,True,0.0,316252.0,1,False,0.29681502172579394,0.05,632508.0
"Fixed 316228, designed",54,2,8,"D 0,1 -> 4,5",8,True,0.0,316258.0,1,False,0.3764697826210095,0.05,948766.0
"Fixed 316228, designed",54,3,18,"D 1,2 -> 4,7",18,True,0.0,316255.0,1,False,0.3002635722338174,0.05,1265021.0
"Fixed 316228, designed",54,4,14,"D 0,3 -> 4,7",14,True,0.0,316250.0,1,False,0.03758523457422756,0.05,1581271.0
"Fixed 316228, designed",54,5,19,"D 1,2 -> 5,6",19,True,0.0,316256.0,1,False,0.0657125239900671,0.05,1897527.0
"Fixed 316228, designed",54,6,11,"D 0,1 -> 6,7",22,False,0.044806582302531095,316253.0,1,False,0.04364852130558422,0.05,2213780.0
"Fixed 316228, designed",54,7,22,"D 2,3 -> 4,5",22,True,0.0,316255.0,1,False,0.06967473471683744,0.05,2530035.0
"Fixed 316228, designed",54,8,12,"D 0,2 -> 4,6",12,True,0.0,316254.0,1,False,0.009441304763103292,0.05,2846289.0
"Fixed 316228, designed",54,9,21,"D 1,3 -> 5,7",21,True,0.0,316255.0,1,False,0.018167337650104195,0.05,3162544.0
"Fixed 316228, designed",55,0,25,"D 2,3 -> 6,7",25,True,0.0,316256.0,1,False,0.31503606513167726,0.05,316256.0
"Fixed 316228, designed",55,1,15,"D 0,3 -> 5,6",15,True,0.0,316252.0,1,False,0.29681502172579394,0.05,632508.0
"Fixed 316228, designed",55,2,8,"D 0,1 -> 4,5",8,True,0.0,316258.0,1,False,0.3764697826210095,0.05,948766.0
"Fixed 316228, designed",55,3,18,"D 1,2 -> 4,7",18,True,0.0,316255.0,1,False,0.3002635722338174,0.05,1265021.0
"Fixed 316228, designed",55,4,14,"D 0,3 -> 4,7",14,True,0.0,316250.0,1,False,0.03758523457422756,0.05,1581271.0
"Fixed 316228, designed",55,5,19,"D 1,2 -> 5,6",19,True,0.0,316256.0,1,False,0.0657125239900671,0.05,1897527.0
"Fixed 316228, designed",55,6,22,"D 2,3 -> 4,5",22,True,0.0,316253.0,1,False,0.04364852130558422,0.05,2213780.0
"Fixed 316228, designed",55,7,11,"D 0,1 -> 6,7",11,True,0.0,316254.0,1,False,0.10072796416579655,0.05,2530034.0
"Fixed 316228, designed",55,8,12,"D 0,2 -> 4,6",21,False,1.6493607257750398e-08,316254.0,1,False,0.009441305047874061,0.05,2846288.0
"Fixed 316228, designed",55,9,21,"D 1,3 -> 5,7",21,True,0.0,316255.0,1,False,0.018167337650105482,0.05,3162543.0
"Fixed 316228, designed",56,0,25,"D 2,3 -> 6,7",25,True,0.0,316256.0,1,False,0.31503606513167726,0.05,316256.0
"Fixed 316228, designed",56,1,15,"D 0,3 -> 5,6",15,True,0.0,316252.0,1,False,0.29681502172579394,0.05,632508.0
"Fixed 316228, designed",56,2,8,"D 0,1 -> 4,5",8,True,0.0,316258.0,1,False,0.3764697826210095,0.05,948766.0
"Fixed 316228, designed",56,3,18,"D 1,2 -> 4,7",18,True,0.0,316255.0,1,False,0.3002635722338174,0.05,1265021.0
"Fixed 316228, designed",56,4,19,"D 1,2 -> 5,6",14,True,5.182410056647768e-12,316250.0,1,False,0.03758523457422756,0.06,1581271.0
"Fixed 316228, designed",56,5,14,"D 0,3 -> 4,7",14,True,0.0,316252.0,1,False,0.06571252392066197,0.05,1897523.0
"Fixed 316228, designed",56,6,22,"D 2,3 -> 4,5",22,True,0.0,316253.0,1,False,0.04364852124132713,0.05,2213776.0
"Fixed 316228, designed",56,7,11,"D 0,1 -> 6,7",11,True,0.0,316254.0,1,False,0.10072796416579667,0.05,2530030.0
"Fixed 316228, designed",56,8,21,"D 1,3 -> 5,7",21,True,0.0,316254.0,1,False,0.009441304630083448,0.06,2846284.0
"Fixed 316228, designed",56,9,12,"D 0,2 -> 4,6",12,True,0.0,316253.0,1,False,0.018167337649211367,0.05,3162537.0
"Fixed 316228, designed",57,0,25,"D 2,3 -> 6,7",25,True,0.0,316256.0,1,False,0.31503606513167726,0.05,316256.0
"Fixed 316228, designed",57,1,18,"D 1,2 -> 4,7",15,True,0.0,316252.0,1,False,0.29681502172579394,0.05,632508.0
"Fixed 316228, designed",57,2,8,"D 0,1 -> 4,5",8,True,0.0,316252.0,1,False,0.3764697826210095,0.05,948760.0
"Fixed 316228, designed",57,3,15,"D 0,3 -> 5,6",15,True,0.0,316253.0,1,False,0.30026357217502075,0.05,1265013.0
"Fixed 316228, designed",57,4,19,"D 1,2 -> 5,6",19,True,0.0,316250.0,1,False,0.03758523474777508,0.05,1581263.0
"Fixed 316228, designed",57,5,14,"D 0,3 -> 4,7",14,True,0.0,316252.0,1,False,0.06571252399006697,0.05,1897515.0
"Fixed 316228, designed",57,6,11,"D 0,1 -> 6,7",22,False,0.04480658230253376,316253.0,1,False,0.043648521305584075,0.05,2213768.0
"Fixed 316228, designed",57,7,22,"D 2,3 -> 4,5",22,True,0.0,316255.0,1,False,0.06967473471393487,0.05,2530023.0
"Fixed 316228, designed",57,8,21,"D 1,3 -> 5,7",21,True,0.0,316254.0,1,False,0.009441304763103297,0.05,2846277.0
"Fixed 316228, designed",57,9,12,"D 0,2 -> 4,6",12,True,0.0,316253.0,1,False,0.01816733765010426,0.05,3162530.0
"Fixed 316228, designed",58,0,25,"D 2,3 -> 6,7",25,True,0.0,316256.0,1,False,0.31503606513167726,0.05,316256.0
"Fixed 316228, designed",58,1,18,"D 1,2 -> 4,7",15,True,0.0,316252.0,1,False,0.29681502172579394,0.05,632508.0
"Fixed 316228, designed",58,2,8,"D 0,1 -> 4,5",8,True,0.0,316252.0,1,False,0.3764697826210095,0.05,948760.0
"Fixed 316228, designed",58,3,15,"D 0,3 -> 5,6",15,True,0.0,316253.0,1,False,0.30026357217502075,0.05,1265013.0
"Fixed 316228, designed",58,4,14,"D 0,3 -> 4,7",19,True,5.80789971671436e-10,316250.0,1,False,0.03758523474777508,0.05,1581263.0
"Fixed 316228, designed",58,5,19,"D 1,2 -> 5,6",19,True,0.0,316256.0,1,False,0.0657125239206618,0.05,1897519.0
"Fixed 316228, designed",58,6,11,"D 0,1 -> 6,7",22,False,0.044806582285133345,316253.0,1,False,0.043648521241327065,0.05,2213772.0
"Fixed 316228, designed",58,7,22,"D 2,3 -> 4,5",22,True,0.0,316255.0,1,False,0.06967473482297251,0.05,2530027.0
"Fixed 316228, designed",58,8,12,"D 0,2 -> 4,6",12,True,0.0,316254.0,1,False,0.009441304632724787,0.05,2846281.0
"Fixed 316228, designed",58,9,21,"D 1,3 -> 5,7",21,True,0.0,316255.0,1,False,0.01816733764921178,0.05,3162536.0
"Fixed 316228, designed",59,0,25,"D 2,3 -> 6,7",25,True,0.0,316256.0,1,False,0.31503606513167726,0.05,316256.0
"Fixed 316228, designed",59,1,15,"D 0,3 -> 5,6",15,True,0.0,316252.0,1,False,0.29681502172579394,0.05,632508.0
"Fixed 316228, designed",59,2,8,"D 0,1 -> 4,5",8,True,0.0,316258.0,1,False,0.3764697826210095,0.05,948766.0
"Fixed 316228, designed",59,3,18,"D 1,2 -> 4,7",18,True,0.0,316255.0,1,False,0.3002635722338174,0.05,1265021.0
"Fixed 316228, designed",59,4,19,"D 1,2 -> 5,6",14,True,5.182410056647768e-12,316250.0,1,False,0.03758523457422756,0.05,1581271.0
"Fixed 316228, designed",59,5,14,"D 0,3 -> 4,7",14,True,0.0,316252.0,1,False,0.06571252392066197,0.05,1897523.0
"Fixed 316228, designed",59,6,22,"D 2,3 -> 4,5",22,True,0.0,316253.0,1,False,0.04364852124132713,0.05,2213776.0
"Fixed 316228, designed",59,7,11,"D 0,1 -> 6,7",11,True,0.0,316254.0,1,False,0.10072796416579667,0.05,2530030.0
"Fixed 316228, designed",59,8,21,"D 1,3 -> 5,7",21,True,0.0,316254.0,1,False,0.009441304630083448,0.05,2846284.0
"Fixed 316228, designed",59,9,12,"D 0,2 -> 4,6",12,True,0.0,316253.0,1,False,0.018167337649211367,0.05,3162537.0
"Fixed 316228, designed",60,0,25,"D 2,3 -> 6,7",25,True,0.0,316256.0,1,False,0.31503606513167726,0.05,316256.0
"Fixed 316228, designed",60,1,15,"D 0,3 -> 5,6",15,True,0.0,316252.0,1,False,0.29681502172579394,0.05,632508.0
"Fixed 316228, designed",60,2,8,"D 0,1 -> 4,5",8,True,0.0,316258.0,1,False,0.3764697826210095,0.05,948766.0
"Fixed 316228, designed",60,3,18,"D 1,2 -> 4,7",18,True,0.0,316255.0,1,False,0.3002635722338174,0.05,1265021.0
"Fixed 316228, designed",60,4,19,"D 1,2 -> 5,6",14,True,5.182410056647768e-12,316250.0,1,False,0.03758523457422756,0.05,1581271.0
"Fixed 316228, designed",60,5,14,"D 0,3 -> 4,7",14,True,0.0,316252.0,1,False,0.06571252392066197,0.05,1897523.0
"Fixed 316228, designed",60,6,11,"D 0,1 -> 6,7",22,False,0.044806582285143115,316253.0,1,False,0.04364852124132713,0.05,2213776.0
"Fixed 316228, designed",60,7,22,"D 2,3 -> 4,5",22,True,0.0,316255.0,1,False,0.06967473471393487,0.05,2530031.0
"Fixed 316228, designed",60,8,12,"D 0,2 -> 4,6",21,True,7.587118711072094e-10,316254.0,1,False,0.009441304632724919,0.05,2846285.0
"Fixed 316228, designed",60,9,21,"D 1,3 -> 5,7",21,True,0.0,316255.0,1,False,0.018167337481629672,0.05,3162540.0
"Fixed 316228, designed",61,0,25,"D 2,3 -> 6,7",25,True,0.0,316256.0,1,False,0.31503606513167726,0.05,316256.0
"Fixed 316228, designed",61,1,18,"D 1,2 -> 4,7",15,True,0.0,316252.0,1,False,0.29681502172579394,0.05,632508.0
"Fixed 316228, designed",61,2,8,"D 0,1 -> 4,5",8,True,0.0,316252.0,1,False,0.3764697826210095,0.05,948760.0
"Fixed 316228, designed",61,3,15,"D 0,3 -> 5,6",15,True,0.0,316253.0,1,False,0.30026357217502075,0.05,1265013.0
"Fixed 316228, designed",61,4,19,"D 1,2 -> 5,6",19,True,0.0,316250.0,1,False,0.03758523474777508,0.05,1581263.0
"Fixed 316228, designed",61,5,14,"D 0,3 -> 4,7",14,True,0.0,316252.0,1,False,0.06571252399006697,0.05,1897515.0
"Fixed 316228, designed",61,6,11,"D 0,1 -> 6,7",22,False,0.04480658230253376,316253.0,1,False,0.043648521305584075,0.06,2213768.0
"Fixed 316228, designed",61,7,22,"D 2,3 -> 4,5",22,True,0.0,316255.0,1,False,0.06967473471393487,0.05,2530023.0
"Fixed 316228, designed",61,8,12,"D 0,2 -> 4,6",21,False,2.6598955260581647e-09,316254.0,1,False,0.009441304763103297,0.05,2846277.0
"Fixed 316228, designed",61,9,21,"D 1,3 -> 5,7",21,True,0.0,316255.0,1,False,0.018167337649211406,0.05,3162532.0
"Fixed 316228, designed",62,0,25,"D 2,3 -> 6,7",25,True,0.0,316256.0,1,False,0.31503606513167726,0.05,316256.0
"Fixed 316228, designed",62,1,15,"D 0,3 -> 5,6",15,True,0.0,316252.0,1,False,0.29681502172579394,0.05,632508.0
"Fixed 316228, designed",62,2,8,"D 0,1 -> 4,5",8,True,0.0,316258.0,1,False,0.3764697826210095,0.05,948766.0
"Fixed 316228, designed",62,3,18,"D 1,2 -> 4,7",18,True,0.0,316255.0,1,False,0.3002635722338174,0.05,1265021.0
"Fixed 316228, designed",62,4,14,"D 0,3 -> 4,7",14,True,0.0,316250.0,1,False,0.03758523457422756,0.05,1581271.0
"Fixed 316228, designed",62,5,19,"D 1,2 -> 5,6",19,True,0.0,316256.0,1,False,0.0657125239900671,0.05,1897527.0
"Fixed 316228, designed",62,6,22,"D 2,3 -> 4,5",22,True,0.0,316253.0,1,False,0.04364852130558422,0.05,2213780.0
"Fixed 316228, designed",62,7,11,"D 0,1 -> 6,7",11,True,0.0,316254.0,1,False,0.10072796416579655,0.05,2530034.0
"Fixed 316228, designed",62,8,21,"D 1,3 -> 5,7",21,True,0.0,316254.0,1,False,0.009441305047874061,0.05,2846288.0
"Fixed 316228, designed",62,9,12,"D 0,2 -> 4,6",12,True,0.0,316253.0,1,False,0.018167337649213765,0.05,3162541.0
"Fixed 316228, designed",63,0,25,"D 2,3 -> 6,7",25,True,0.0,316256.0,1,False,0.31503606513167726,0.05,316256.0
"Fixed 316228, designed",63,1,18,"D 1,2 -> 4,7",15,True,0.0,316252.0,1,False,0.29681502172579394,0.05,632508.0
"Fixed 316228, designed",63,2,8,"D 0,1 -> 4,5",8,True,0.0,316252.0,1,False,0.3764697826210095,0.05,948760.0
"Fixed 316228, designed",63,3,15,"D 0,3 -> 5,6",15,True,0.0,316253.0,1,False,0.30026357217502075,0.05,1265013.0
"Fixed 316228, designed",63,4,19,"D 1,2 -> 5,6",19,True,0.0,316250.0,1,False,0.03758523474777508,0.05,1581263.0
"Fixed 316228, designed",63,5,14,"D 0,3 -> 4,7",14,True,0.0,316252.0,1,False,0.06571252399006697,0.05,1897515.0
"Fixed 316228, designed",63,6,22,"D 2,3 -> 4,5",22,True,0.0,316253.0,1,False,0.043648521305584075,0.05,2213768.0
"Fixed 316228, designed",63,7,11,"D 0,1 -> 6,7",11,True,0.0,316254.0,1,False,0.10072796416579774,0.05,2530022.0
"Fixed 316228, designed",63,8,24,"D 2,3 -> 5,6",21,False,1.0,316254.0,1,False,0.009441304483876945,0.05,2846276.0
"Fixed 316228, designed",63,9,21,"D 1,3 -> 5,7",12,True,6.400112662063862e-10,316254.0,1,False,0.00944130454604846,0.05,3162530.0
"Fixed 316228, designed",63,10,12,"D 0,2 -> 4,6",12,True,0.0,316253.0,1,False,0.018167337650105007,0.05,3478783.0
"Fixed 316228, designed",64,0,25,"D 2,3 -> 6,7",25,True,0.0,316256.0,1,False,0.31503606513167726,0.05,316256.0
"Fixed 316228, designed",64,1,18,"D 1,2 -> 4,7",15,True,0.0,316252.0,1,False,0.29681502172579394,0.05,632508.0
"Fixed 316228, designed",64,2,8,"D 0,1 -> 4,5",8,True,0.0,316252.0,1,False,0.3764697826210095,0.05,948760.0
"Fixed 316228, designed",64,3,15,"D 0,3 -> 5,6",15,True,0.0,316253.0,1,False,0.30026357217502075,0.05,1265013.0
"Fixed 316228, designed",64,4,14,"D 0,3 -> 4,7",19,True,5.80789971671436e-10,316250.0,1,False,0.03758523474777508,0.05,1581263.0
"Fixed 316228, designed",64,5,19,"D 1,2 -> 5,6",19,True,0.0,316256.0,1,False,0.0657125239206618,0.05,1897519.0
"Fixed 316228, designed",64,6,22,"D 2,3 -> 4,5",22,True,0.0,316253.0,1,False,0.043648521241327065,0.06,2213772.0
"Fixed 316228, designed",64,7,11,"D 0,1 -> 6,7",11,True,0.0,316254.0,1,False,0.10072796416579699,0.05,2530026.0
"Fixed 316228, designed",64,8,12,"D 0,2 -> 4,6",21,False,2.297273260509769e-09,316254.0,1,False,0.009441304483876924,0.05,2846280.0
"Fixed 316228, designed",64,9,21,"D 1,3 -> 5,7",21,True,0.0,316255.0,1,False,0.018167337649210347,0.05,3162535.0
"Fixed 316228, designed",65,0,25,"D 2,3 -> 6,7",25,True,0.0,316256.0,1,False,0.31503606513167726,0.05,316256.0
"Fixed 316228, designed",65,1,18,"D 1,2 -> 4,7",15,True,0.0,316252.0,1,False,0.29681502172579394,0.05,632508.0
"Fixed 316228, designed",65,2,8,"D 0,1 -> 4,5",8,True,0.0,316252.0,1,False,0.3764697826210095,0.05,948760.0
"Fixed 316228, designed",65,3,15,"D 0,3 -> 5,6",15,True,0.0,316253.0,1,False,0.30026357217502075,0.05,1265013.0
"Fixed 316228, designed",65,4,19,"D 1,2 -> 5,6",19,True,0.0,316250.0,1,False,0.03758523474777508,0.05,1581263.0
"Fixed 316228, designed",65,5,14,"D 0,3 -> 4,7",14,True,0.0,316252.0,1,False,0.06571252399006697,0.05,1897515.0
"Fixed 316228, designed",65,6,22,"D 2,3 -> 4,5",22,True,0.0,316253.0,1,False,0.043648521305584075,0.05,2213768.0
"Fixed 316228, designed",65,7,11,"D 0,1 -> 6,7",11,True,0.0,316254.0,1,False,0.10072796416579774,0.05,2530022.0
"Fixed 316228, designed",65,8,12,"D 0,2 -> 4,6",21,False,2.297271373130627e-09,316254.0,1,False,0.009441304483876945,0.05,2846276.0
"Fixed 316228, designed",65,9,21,"D 1,3 -> 5,7",21,True,0.0,316255.0,1,False,0.018167337649210517,0.05,3162531.0
"Fixed 316228, designed",66,0,25,"D 2,3 -> 6,7",25,True,0.0,316256.0,1,False,0.31503606513167726,0.05,316256.0
"Fixed 316228, designed",66,1,15,"D 0,3 -> 5,6",15,True,0.0,316252.0,1,False,0.29681502172579394,0.05,632508.0
"Fixed 316228, designed",66,2,8,"D 0,1 -> 4,5",8,True,0.0,316258.0,1,False,0.3764697826210095,0.05,948766.0
"Fixed 316228, designed",66,3,18,"D 1,2 -> 4,7",18,True,0.0,316255.0,1,False,0.3002635722338174,0.05,1265021.0
"Fixed 316228, designed",66,4,19,"D 1,2 -> 5,6",14,True,5.182410056647768e-12,316250.0,1,False,0.03758523457422756,0.05,1581271.0
"Fixed 316228, designed",66,5,14,"D 0,3 -> 4,7",14,True,0.0,316252.0,1,False,0.06571252392066197,0.05,1897523.0
"Fixed 316228, designed",66,6,11,"D 0,1 -> 6,7",22,False,0.044806582285143115,316253.0,1,False,0.04364852124132713,0.05,2213776.0
"Fixed 316228, designed",66,7,22,"D 2,3 -> 4,5",22,True,0.0,316255.0,1,False,0.06967473471393487,0.05,2530031.0
"Fixed 316228, designed",66,8,21,"D 1,3 -> 5,7",21,True,0.0,316254.0,1,False,0.009441304632724919,0.05,2846285.0
"Fixed 316228, designed",66,9,12,"D 0,2 -> 4,6",12,True,0.0,316253.0,1,False,0.018167337649211596,0.05,3162538.0
"Fixed 316228, designed",67,0,25,"D 2,3 -> 6,7",25,True,0.0,316256.0,1,False,0.31503606513167726,0.05,316256.0
"Fixed 316228, designed",67,1,8,"D 0,1 -> 4,5",15,False,0.033311851350335986,316252.0,1,False,0.29681502172579394,0.05,632508.0
"Fixed 316228, designed",67,2,15,"D 0,3 -> 5,6",15,True,0.0,316253.0,1,False,0.303713351808019,0.05,948761.0
"Fixed 316228, designed",67,3,18,"D 1,2 -> 4,7",18,True,0.0,316257.0,1,False,0.38824803810173436,0.06,1265018.0
"Fixed 316228, designed",67,4,14,"D 0,3 -> 4,7",14,True,0.0,316250.0,1,False,0.03758523456612019,0.06,1581268.0
"Fixed 316228, designed",67,5,19,"D 1,2 -> 5,6",19,True,0.0,316256.0,1,False,0.0657125241352967,0.05,1897524.0
"Fixed 316228, designed",67,6,22,"D 2,3 -> 4,5",22,True,0.0,316253.0,1,False,0.043648521856409134,0.06,2213777.0
"Fixed 316228, designed",67,7,11,"D 0,1 -> 6,7",11,True,0.0,316254.0,1,False,0.10072796429211578,0.06,2530031.0
"Fixed 316228, designed",67,8,21,"D 1,3 -> 5,7",12,True,3.1086244689504383e-15,316254.0,1,False,0.009441304132124777,0.06,2846285.0
"Fixed 316228, designed",67,9,12,"D 0,2 -> 4,6",12,True,0.0,316253.0,1,False,0.018167337461560934,0.05,3162538.0
"Fixed 316228, designed",68,0,25,"D 2,3 -> 6,7",25,True,0.0,316256.0,1,False,0.31503606513167726,0.05,316256.0
"Fixed 316228, designed",68,1,18,"D 1,2 -> 4,7",15,True,0.0,316252.0,1,False,0.29681502172579394,0.05,632508.0
"Fixed 316228, designed",68,2,8,"D 0,1 -> 4,5",8,True,0.0,316252.0,1,False,0.3764697826210095,0.05,948760.0
"Fixed 316228, designed",68,3,15,"D 0,3 -> 5,6",15,True,0.0,316253.0,1,False,0.30026357217502075,0.05,1265013.0
"Fixed 316228, designed",68,4,19,"D 1,2 -> 5,6",19,True,0.0,316250.0,1,False,0.03758523474777508,0.05,1581263.0
"Fixed 316228, designed",68,5,14,"D 0,3 -> 4,7",14,True,0.0,316252.0,1,False,0.06571252399006697,0.05,1897515.0
"Fixed 316228, designed",68,6,22,"D 2,3 -> 4,5",22,True,0.0,316253.0,1,False,0.043648521305584075,0.05,2213768.0
"Fixed 316228, designed",68,7,11,"D 0,1 -> 6,7",11,True,0.0,316254.0,1,False,0.10072796416579774,0.05,2530022.0
"Fixed 316228, designed",68,8,21,"D 1,3 -> 5,7",21,True,0.0,316254.0,1,False,0.009441304483876945,0.05,2846276.0
"Fixed 316228, designed",68,9,12,"D 0,2 -> 4,6",12,True,0.0,316253.0,1,False,0.018167337522397423,0.05,3162529.0
"Fixed 316228, designed",69,0,25,"D 2,3 -> 6,7",25,True,0.0,316256.0,1,False,0.31503606513167726,0.05,316256.0
"Fixed 316228, designed",69,1,18,"D 1,2 -> 4,7",15,True,0.0,316252.0,1,False,0.29681502172579394,0.05,632508.0
"Fixed 316228, designed",69,2,8,"D 0,1 -> 4,5",8,True,0.0,316252.0,1,False,0.3764697826210095,0.05,948760.0
"Fixed 316228, designed",69,3,15,"D 0,3 -> 5,6",15,True,0.0,316253.0,1,False,0.30026357217502075,0.05,1265013.0
"Fixed 316228, designed",69,4,19,"D 1,2 -> 5,6",19,True,0.0,316250.0,1,False,0.03758523474777508,0.05,1581263.0
"Fixed 316228, designed",69,5,14,"D 0,3 -> 4,7",14,True,0.0,316252.0,1,False,0.06571252399006697,0.05,1897515.0
"Fixed 316228, designed",69,6,22,"D 2,3 -> 4,5",22,True,0.0,316253.0,1,False,0.043648521305584075,0.05,2213768.0
"Fixed 316228, designed",69,7,11,"D 0,1 -> 6,7",11,True,0.0,316254.0,1,False,0.10072796416579774,0.05,2530022.0
"Fixed 316228, designed",69,8,12,"D 0,2 -> 4,6",21,False,2.297271373130627e-09,316254.0,1,False,0.009441304483876945,0.05,2846276.0
"Fixed 316228, designed",69,9,21,"D 1,3 -> 5,7",21,True,0.0,316255.0,1,False,0.018167337649210517,0.05,3162531.0
"Fixed 316228, designed",70,0,25,"D 2,3 -> 6,7",25,True,0.0,316256.0,1,False,0.31503606513167726,0.05,316256.0
"Fixed 316228, designed",70,1,15,"D 0,3 -> 5,6",15,True,0.0,316252.0,1,False,0.29681502172579394,0.05,632508.0
"Fixed 316228, designed",70,2,8,"D 0,1 -> 4,5",8,True,0.0,316258.0,1,False,0.3764697826210095,0.05,948766.0
"Fixed 316228, designed",70,3,18,"D 1,2 -> 4,7",18,True,0.0,316255.0,1,False,0.3002635722338174,0.05,1265021.0
"Fixed 316228, designed",70,4,19,"D 1,2 -> 5,6",14,True,5.182410056647768e-12,316250.0,1,False,0.03758523457422756,0.05,1581271.0
"Fixed 316228, designed",70,5,14,"D 0,3 -> 4,7",14,True,0.0,316252.0,1,False,0.06571252392066197,0.05,1897523.0
"Fixed 316228, designed",70,6,22,"D 2,3 -> 4,5",22,True,0.0,316253.0,1,False,0.04364852124132713,0.05,2213776.0
"Fixed 316228, designed",70,7,11,"D 0,1 -> 6,7",11,True,0.0,316254.0,1,False,0.10072796416579667,0.05,2530030.0
"Fixed 316228, designed",70,8,21,"D 1,3 -> 5,7",21,True,0.0,316254.0,1,False,0.009441304630083448,0.05,2846284.0
"Fixed 316228, designed",70,9,12,"D 0,2 -> 4,6",12,True,0.0,316253.0,1,False,0.018167337649211367,0.05,3162537.0
"Fixed 316228, designed",71,0,25,"D 2,3 -> 6,7",25,True,0.0,316256.0,1,False,0.31503606513167726,0.05,316256.0
"Fixed 316228, designed",71,1,15,"D 0,3 -> 5,6",15,True,0.0,316252.0,1,False,0.29681502172579394,0.05,632508.0
"Fixed 316228, designed",71,2,8,"D 0,1 -> 4,5",8,True,0.0,316258.0,1,False,0.3764697826210095,0.05,948766.0
"Fixed 316228, designed",71,3,18,"D 1,2 -> 4,7",18,True,0.0,316255.0,1,False,0.3002635722338174,0.05,1265021.0
"Fixed 316228, designed",71,4,19,"D 1,2 -> 5,6",14,True,5.182410056647768e-12,316250.0,1,False,0.03758523457422756,0.05,1581271.0
"Fixed 316228, designed",71,5,14,"D 0,3 -> 4,7",14,True,0.0,316252.0,1,False,0.06571252392066197,0.06,1897523.0
"Fixed 316228, designed",71,6,11,"D 0,1 -> 6,7",22,False,0.044806582285143115,316253.0,1,False,0.04364852124132713,0.05,2213776.0
"Fixed 316228, designed",71,7,22,"D 2,3 -> 4,5",22,True,0.0,316255.0,1,False,0.06967473471393487,0.05,2530031.0
"Fixed 316228, designed",71,8,12,"D 0,2 -> 4,6",21,True,7.587118711072094e-10,316254.0,1,False,0.009441304632724919,0.05,2846285.0
"Fixed 316228, designed",71,9,21,"D 1,3 -> 5,7",21,True,0.0,316255.0,1,False,0.018167337481629672,0.05,3162540.0
"Fixed 316228, designed",72,0,25,"D 2,3 -> 6,7",25,True,0.0,316256.0,1,False,0.31503606513167726,0.06,316256.0
"Fixed 316228, designed",72,1,15,"D 0,3 -> 5,6",15,True,0.0,316252.0,1,False,0.29681502172579394,0.05,632508.0
"Fixed 316228, designed",72,2,8,"D 0,1 -> 4,5",8,True,0.0,316258.0,1,False,0.3764697826210095,0.05,948766.0
"Fixed 316228, designed",72,3,18,"D 1,2 -> 4,7",18,True,0.0,316255.0,1,False,0.3002635722338174,0.05,1265021.0
"Fixed 316228, designed",72,4,19,"D 1,2 -> 5,6",14,True,5.182410056647768e-12,316250.0,1,False,0.03758523457422756,0.05,1581271.0
"Fixed 316228, designed",72,5,14,"D 0,3 -> 4,7",14,True,0.0,316252.0,1,False,0.06571252392066197,0.05,1897523.0
"Fixed 316228, designed",72,6,11,"D 0,1 -> 6,7",22,False,0.044806582285143115,316253.0,1,False,0.04364852124132713,0.05,2213776.0
"Fixed 316228, designed",72,7,22,"D 2,3 -> 4,5",22,True,0.0,316255.0,1,False,0.06967473471393487,0.05,2530031.0
"Fixed 316228, designed",72,8,21,"D 1,3 -> 5,7",21,True,0.0,316254.0,1,False,0.009441304632724919,0.05,2846285.0
"Fixed 316228, designed",72,9,12,"D 0,2 -> 4,6",12,True,0.0,316253.0,1,False,0.018167337649211596,0.05,3162538.0
"Fixed 316228, designed",73,0,25,"D 2,3 -> 6,7",25,True,0.0,316256.0,1,False,0.31503606513167726,0.05,316256.0
"Fixed 316228, designed",73,1,18,"D 1,2 -> 4,7",15,True,0.0,316252.0,1,False,0.29681502172579394,0.05,632508.0
"Fixed 316228, designed",73,2,8,"D 0,1 -> 4,5",8,True,0.0,316252.0,1,False,0.3764697826210095,0.05,948760.0
"Fixed 316228, designed",73,3,15,"D 0,3 -> 5,6",15,True,0.0,316253.0,1,False,0.30026357217502075,0.05,1265013.0
"Fixed 316228, designed",73,4,19,"D 1,2 -> 5,6",19,True,0.0,316250.0,1,False,0.03758523474777508,0.05,1581263.0
"Fixed 316228, designed",73,5,14,"D 0,3 -> 4,7",14,True,0.0,316252.0,1,False,0.06571252399006697,0.05,1897515.0
"Fixed 316228, designed",73,6,22,"D 2,3 -> 4,5",22,True,0.0,316253.0,1,False,0.043648521305584075,0.05,2213768.0
"Fixed 316228, designed",73,7,11,"D 0,1 -> 6,7",11,True,0.0,316254.0,1,False,0.10072796416579774,0.05,2530022.0
"Fixed 316228, designed",73,8,12,"D 0,2 -> 4,6",21,False,2.297271373130627e-09,316254.0,1,False,0.009441304483876945,0.05,2846276.0
"Fixed 316228, designed",73,9,21,"D 1,3 -> 5,7",21,True,0.0,316255.0,1,False,0.018167337649210517,0.05,3162531.0
"Fixed 316228, designed",74,0,25,"D 2,3 -> 6,7",25,True,0.0,316256.0,1,False,0.31503606513167726,0.05,316256.0
"Fixed 316228, designed",74,1,15,"D 0,3 -> 5,6",15,True,0.0,316252.0,1,False,0.29681502172579394,0.05,632508.0
"Fixed 316228, designed",74,2,8,"D 0,1 -> 4,5",8,True,0.0,316258.0,1,False,0.3764697826210095,0.05,948766.0
"Fixed 316228, designed",74,3,18,"D 1,2 -> 4,7",18,True,0.0,316255.0,1,False,0.3002635722338174,0.05,1265021.0
"Fixed 316228, designed",74,4,19,"D 1,2 -> 5,6",14,True,5.182410056647768e-12,316250.0,1,False,0.03758523457422756,0.05,1581271.0
"Fixed 316228, designed",74,5,14,"D 0,3 -> 4,7",14,True,0.0,316252.0,1,False,0.06571252392066197,0.05,1897523.0
"Fixed 316228, designed",74,6,22,"D 2,3 -> 4,5",22,True,0.0,316253.0,1,False,0.04364852124132713,0.05,2213776.0
"Fixed 316228, designed",74,7,11,"D 0,1 -> 6,7",11,True,0.0,316254.0,1,False,0.10072796416579667,0.05,2530030.0
"Fixed 316228, designed",74,8,12,"D 0,2 -> 4,6",21,True,2.371568497139265e-10,316254.0,1,False,0.009441304630083448,0.05,2846284.0
"Fixed 316228, designed",74,9,21,"D 1,3 -> 5,7",21,True,0.0,316255.0,1,False,0.01816733759515189,0.05,3162539.0
"Fixed 316228, designed",75,0,25,"D 2,3 -> 6,7",25,True,0.0,316256.0,1,False,0.31503606513167726,0.05,316256.0
"Fixed 316228, designed",75,1,15,"D 0,3 -> 5,6",15,True,0.0,316252.0,1,False,0.29681502172579394,0.05,632508.0
"Fixed 316228, designed",75,2,8,"D 0,1 -> 4,5",8,True,0.0,316258.0,1,False,0.3764697826210095,0.05,948766.0
"Fixed 316228, designed",75,3,18,"D 1,2 -> 4,7",18,True,0.0,316255.0,1,False,0.3002635722338174,0.06,1265021.0
"Fixed 316228, designed",75,4,14,"D 0,3 -> 4,7",14,True,0.0,316250.0,1,False,0.03758523457422756,0.06,1581271.0
"Fixed 316228, designed",75,5,19,"D 1,2 -> 5,6",19,True,0.0,316256.0,1,False,0.0657125239900671,0.05,1897527.0
"Fixed 316228, designed",75,6,22,"D 2,3 -> 4,5",22,True,0.0,316253.0,1,False,0.04364852130558422,0.05,2213780.0
"Fixed 316228, designed",75,7,11,"D 0,1 -> 6,7",11,True,0.0,316254.0,1,False,0.10072796416579655,0.05,2530034.0
"Fixed 316228, designed",75,8,21,"D 1,3 -> 5,7",21,True,0.0,316254.0,1,False,0.009441305047874061,0.05,2846288.0
"Fixed 316228, designed",75,9,12,"D 0,2 -> 4,6",12,True,0.0,316253.0,1,False,0.018167337649213765,0.05,3162541.0
"Fixed 316228, designed",76,0,25,"D 2,3 -> 6,7",25,True,0.0,316256.0,1,False,0.31503606513167726,0.05,316256.0
"Fixed 316228, designed",76,1,18,"D 1,2 -> 4,7",15,True,0.0,316252.0,1,False,0.29681502172579394,0.05,632508.0
"Fixed 316228, designed",76,2,8,"D 0,1 -> 4,5",8,True,0.0,316252.0,1,False,0.3764697826210095,0.05,948760.0
"Fixed 316228, designed",76,3,15,"D 0,3 -> 5,6",15,True,0.0,316253.0,1,False,0.30026357217502075,0.05,1265013.0
"Fixed 316228, designed",76,4,19,"D 1,2 -> 5,6",19,True,0.0,316250.0,1,False,0.03758523474777508,0.05,1581263.0
"Fixed 316228, designed",76,5,14,"D 0,3 -> 4,7",14,True,0.0,316252.0,1,False,0.06571252399006697,0.05,1897515.0
"Fixed 316228, designed",76,6,22,"D 2,3 -> 4,5",22,True,0.0,316253.0,1,False,0.043648521305584075,0.05,2213768.0
"Fixed 316228, designed",76,7,11,"D 0,1 -> 6,7",11,True,0.0,316254.0,1,False,0.10072796416579774,0.05,2530022.0
"Fixed 316228, designed",76,8,12,"D 0,2 -> 4,6",21,False,2.297271373130627e-09,316254.0,1,False,0.009441304483876945,0.05,2846276.0
"Fixed 316228, designed",76,9,21,"D 1,3 -> 5,7",21,True,0.0,316255.0,1,False,0.018167337649210517,0.05,3162531.0
"Fixed 316228, designed",77,0,25,"D 2,3 -> 6,7",25,True,0.0,316256.0,1,False,0.31503606513167726,0.05,316256.0
"Fixed 316228, designed",77,1,18,"D 1,2 -> 4,7",15,True,0.0,316252.0,1,False,0.29681502172579394,0.05,632508.0
"Fixed 316228, designed",77,2,8,"D 0,1 -> 4,5",8,True,0.0,316252.0,1,False,0.3764697826210095,0.05,948760.0
"Fixed 316228, designed",77,3,15,"D 0,3 -> 5,6",15,True,0.0,316253.0,1,False,0.30026357217502075,0.05,1265013.0
"Fixed 316228, designed",77,4,19,"D 1,2 -> 5,6",19,True,0.0,316250.0,1,False,0.03758523474777508,0.05,1581263.0
"Fixed 316228, designed",77,5,14,"D 0,3 -> 4,7",14,True,0.0,316252.0,1,False,0.06571252399006697,0.05,1897515.0
"Fixed 316228, designed",77,6,11,"D 0,1 -> 6,7",22,False,0.04480658230253376,316253.0,1,False,0.043648521305584075,0.05,2213768.0
"Fixed 316228, designed",77,7,22,"D 2,3 -> 4,5",22,True,0.0,316255.0,1,False,0.06967473471393487,0.05,2530023.0
"Fixed 316228, designed",77,8,21,"D 1,3 -> 5,7",21,True,0.0,316254.0,1,False,0.009441304763103297,0.05,2846277.0
"Fixed 316228, designed",77,9,12,"D 0,2 -> 4,6",12,True,0.0,316253.0,1,False,0.01816733765010426,0.05,3162530.0
"Fixed 316228, designed",78,0,25,"D 2,3 -> 6,7",25,True,0.0,316256.0,1,False,0.31503606513167726,0.05,316256.0
"Fixed 316228, designed",78,1,15,"D 0,3 -> 5,6",15,True,0.0,316252.0,1,False,0.29681502172579394,0.05,632508.0
"Fixed 316228, designed",78,2,8,"D 0,1 -> 4,5",8,True,0.0,316258.0,1,False,0.3764697826210095,0.05,948766.0
"Fixed 316228, designed",78,3,18,"D 1,2 -> 4,7",18,True,0.0,316255.0,1,False,0.3002635722338174,0.05,1265021.0
"Fixed 316228, designed",78,4,14,"D 0,3 -> 4,7",14,True,0.0,316250.0,1,False,0.03758523457422756,0.05,1581271.0
"Fixed 316228, designed",78,5,19,"D 1,2 -> 5,6",19,True,0.0,316256.0,1,False,0.0657125239900671,0.05,1897527.0
"Fixed 316228, designed",78,6,11,"D 0,1 -> 6,7",22,False,0.044806582302531095,316253.0,1,False,0.04364852130558422,0.05,2213780.0
"Fixed 316228, designed",78,7,22,"D 2,3 -> 4,5",22,True,0.0,316255.0,1,False,0.06967473471683744,0.05,2530035.0
"Fixed 316228, designed",78,8,12,"D 0,2 -> 4,6",12,True,0.0,316254.0,1,False,0.009441304763103292,0.06,2846289.0
"Fixed 316228, designed",78,9,21,"D 1,3 -> 5,7",21,True,0.0,316255.0,1,False,0.018167337650104195,0.06,3162544.0
"Fixed 316228, designed",79,0,25,"D 2,3 -> 6,7",25,True,0.0,316256.0,1,False,0.31503606513167726,0.05,316256.0
"Fixed 316228, designed",79,1,15,"D 0,3 -> 5,6",15,True,0.0,316252.0,1,False,0.29681502172579394,0.05,632508.0
"Fixed 316228, designed",79,2,8,"D 0,1 -> 4,5",8,True,0.0,316258.0,1,False,0.3764697826210095,0.05,948766.0
"Fixed 316228, designed",79,3,18,"D 1,2 -> 4,7",18,True,0.0,316255.0,1,False,0.3002635722338174,0.05,1265021.0
"Fixed 316228, designed",79,4,19,"D 1,2 -> 5,6",14,True,5.182410056647768e-12,316250.0,1,False,0.03758523457422756,0.05,1581271.0
"Fixed 316228, designed",79,5,14,"D 0,3 -> 4,7",14,True,0.0,316252.0,1,False,0.06571252392066197,0.05,1897523.0
"Fixed 316228, designed",79,6,11,"D 0,1 -> 6,7",22,False,0.044806582285143115,316253.0,1,False,0.04364852124132713,0.05,2213776.0
"Fixed 316228, designed",79,7,22,"D 2,3 -> 4,5",22,True,0.0,316255.0,1,False,0.06967473471393487,0.05,2530031.0
"Fixed 316228, designed",79,8,12,"D 0,2 -> 4,6",21,True,7.587118711072094e-10,316254.0,1,False,0.009441304632724919,0.05,2846285.0
"Fixed 316228, designed",79,9,21,"D 1,3 -> 5,7",21,True,0.0,316255.0,1,False,0.018167337481629672,0.05,3162540.0
"Fixed 316228, designed",80,0,25,"D 2,3 -> 6,7",25,True,0.0,316256.0,1,False,0.31503606513167726,0.05,316256.0
"Fixed 316228, designed",80,1,18,"D 1,2 -> 4,7",15,True,0.0,316252.0,1,False,0.29681502172579394,0.05,632508.0
"Fixed 316228, designed",80,2,8,"D 0,1 -> 4,5",8,True,0.0,316252.0,1,False,0.3764697826210095,0.05,948760.0
"Fixed 316228, designed",80,3,15,"D 0,3 -> 5,6",15,True,0.0,316253.0,1,False,0.30026357217502075,0.05,1265013.0
"Fixed 316228, designed",80,4,19,"D 1,2 -> 5,6",19,True,0.0,316250.0,1,False,0.03758523474777508,0.05,1581263.0
"Fixed 316228, designed",80,5,14,"D 0,3 -> 4,7",14,True,0.0,316252.0,1,False,0.06571252399006697,0.05,1897515.0
"Fixed 316228, designed",80,6,11,"D 0,1 -> 6,7",22,False,0.04480658230253376,316253.0,1,False,0.043648521305584075,0.05,2213768.0
"Fixed 316228, designed",80,7,22,"D 2,3 -> 4,5",22,True,0.0,316255.0,1,False,0.06967473471393487,0.05,2530023.0
"Fixed 316228, designed",80,8,12,"D 0,2 -> 4,6",21,False,2.6598955260581647e-09,316254.0,1,False,0.009441304763103297,0.05,2846277.0
"Fixed 316228, designed",80,9,21,"D 1,3 -> 5,7",21,True,0.0,316255.0,1,False,0.018167337649211406,0.05,3162532.0
"Fixed 316228, designed",81,0,25,"D 2,3 -> 6,7",25,True,0.0,316256.0,1,False,0.31503606513167726,0.05,316256.0
"Fixed 316228, designed",81,1,18,"D 1,2 -> 4,7",15,True,0.0,316252.0,1,False,0.29681502172579394,0.05,632508.0
"Fixed 316228, designed",81,2,8,"D 0,1 -> 4,5",8,True,0.0,316252.0,1,False,0.3764697826210095,0.05,948760.0
"Fixed 316228, designed",81,3,15,"D 0,3 -> 5,6",15,True,0.0,316253.0,1,False,0.30026357217502075,0.05,1265013.0
"Fixed 316228, designed",81,4,19,"D 1,2 -> 5,6",19,True,0.0,316250.0,1,False,0.03758523474777508,0.05,1581263.0
"Fixed 316228, designed",81,5,14,"D 0,3 -> 4,7",14,True,0.0,316252.0,1,False,0.06571252399006697,0.05,1897515.0
"Fixed 316228, designed",81,6,22,"D 2,3 -> 4,5",22,True,0.0,316253.0,1,False,0.043648521305584075,0.05,2213768.0
"Fixed 316228, designed",81,7,11,"D 0,1 -> 6,7",11,True,0.0,316254.0,1,False,0.10072796416579774,0.05,2530022.0
"Fixed 316228, designed",81,8,12,"D 0,2 -> 4,6",21,False,2.297271373130627e-09,316254.0,1,False,0.009441304483876945,0.05,2846276.0
"Fixed 316228, designed",81,9,21,"D 1,3 -> 5,7",21,True,0.0,316255.0,1,False,0.018167337649210517,0.05,3162531.0
"Fixed 316228, designed",82,0,25,"D 2,3 -> 6,7",25,True,0.0,316256.0,1,False,0.31503606513167726,0.05,316256.0
"Fixed 316228, designed",82,1,18,"D 1,2 -> 4,7",15,True,0.0,316252.0,1,False,0.29681502172579394,0.05,632508.0
"Fixed 316228, designed",82,2,8,"D 0,1 -> 4,5",8,True,0.0,316252.0,1,False,0.3764697826210095,0.05,948760.0
"Fixed 316228, designed",82,3,15,"D 0,3 -> 5,6",15,True,0.0,316253.0,1,False,0.30026357217502075,0.05,1265013.0
"Fixed 316228, designed",82,4,14,"D 0,3 -> 4,7",19,True,5.80789971671436e-10,316250.0,1,False,0.03758523474777508,0.05,1581263.0
"Fixed 316228, designed",82,5,19,"D 1,2 -> 5,6",19,True,0.0,316256.0,1,False,0.0657125239206618,0.05,1897519.0
"Fixed 316228, designed",82,6,11,"D 0,1 -> 6,7",22,False,0.044806582285133345,316253.0,1,False,0.043648521241327065,0.05,2213772.0
"Fixed 316228, designed",82,7,22,"D 2,3 -> 4,5",22,True,0.0,316255.0,1,False,0.06967473482297251,0.05,2530027.0
"Fixed 316228, designed",82,8,12,"D 0,2 -> 4,6",12,True,0.0,316254.0,1,False,0.009441304632724787,0.05,2846281.0
"Fixed 316228, designed",82,9,21,"D 1,3 -> 5,7",21,True,0.0,316255.0,1,False,0.01816733764921178,0.05,3162536.0
"Fixed 316228, designed",83,0,25,"D 2,3 -> 6,7",25,True,0.0,316256.0,1,False,0.31503606513167726,0.05,316256.0
"Fixed 316228, designed",83,1,15,"D 0,3 -> 5,6",15,True,0.0,316252.0,1,False,0.29681502172579394,0.05,632508.0
"Fixed 316228, designed",83,2,8,"D 0,1 -> 4,5",8,True,0.0,316258.0,1,False,0.3764697826210095,0.05,948766.0
"Fixed 316228, designed",83,3,18,"D 1,2 -> 4,7",18,True,0.0,316255.0,1,False,0.3002635722338174,0.06,1265021.0
"Fixed 316228, designed",83,4,19,"D 1,2 -> 5,6",14,True,5.182410056647768e-12,316250.0,1,False,0.03758523457422756,0.05,1581271.0
"Fixed 316228, designed",83,5,14,"D 0,3 -> 4,7",14,True,0.0,316252.0,1,False,0.06571252392066197,0.05,1897523.0
"Fixed 316228, designed",83,6,22,"D 2,3 -> 4,5",22,True,0.0,316253.0,1,False,0.04364852124132713,0.05,2213776.0
"Fixed 316228, designed",83,7,11,"D 0,1 -> 6,7",11,True,0.0,316254.0,1,False,0.10072796416579667,0.05,2530030.0
"Fixed 316228, designed",83,8,21,"D 1,3 -> 5,7",21,True,0.0,316254.0,1,False,0.009441304630083448,0.05,2846284.0
"Fixed 316228, designed",83,9,12,"D 0,2 -> 4,6",12,True,0.0,316253.0,1,False,0.018167337649211367,0.05,3162537.0
"Fixed 316228, designed",84,0,25,"D 2,3 -> 6,7",25,True,0.0,316256.0,1,False,0.31503606513167726,0.05,316256.0
"Fixed 316228, designed",84,1,18,"D 1,2 -> 4,7",15,True,0.0,316252.0,1,False,0.29681502172579394,0.05,632508.0
"Fixed 316228, designed",84,2,8,"D 0,1 -> 4,5",8,True,0.0,316252.0,1,False,0.3764697826210095,0.05,948760.0
"Fixed 316228, designed",84,3,15,"D 0,3 -> 5,6",15,True,0.0,316253.0,1,False,0.30026357217502075,0.05,1265013.0
"Fixed 316228, designed",84,4,19,"D 1,2 -> 5,6",19,True,0.0,316250.0,1,False,0.03758523474777508,0.05,1581263.0
"Fixed 316228, designed",84,5,14,"D 0,3 -> 4,7",14,True,0.0,316252.0,1,False,0.06571252399006697,0.05,1897515.0
"Fixed 316228, designed",84,6,22,"D 2,3 -> 4,5",22,True,0.0,316253.0,1,False,0.043648521305584075,0.05,2213768.0
"Fixed 316228, designed",84,7,11,"D 0,1 -> 6,7",11,True,0.0,316254.0,1,False,0.10072796416579774,0.05,2530022.0
"Fixed 316228, designed",84,8,12,"D 0,2 -> 4,6",21,False,2.297271373130627e-09,316254.0,1,False,0.009441304483876945,0.05,2846276.0
"Fixed 316228, designed",84,9,21,"D 1,3 -> 5,7",21,True,0.0,316255.0,1,False,0.018167337649210517,0.06,3162531.0
"Fixed 316228, designed",85,0,25,"D 2,3 -> 6,7",25,True,0.0,316256.0,1,False,0.31503606513167726,0.06,316256.0
"Fixed 316228, designed",85,1,18,"D 1,2 -> 4,7",15,True,0.0,316252.0,1,False,0.29681502172579394,0.05,632508.0
"Fixed 316228, designed",85,2,8,"D 0,1 -> 4,5",8,True,0.0,316252.0,1,False,0.3764697826210095,0.05,948760.0
"Fixed 316228, designed",85,3,15,"D 0,3 -> 5,6",15,True,0.0,316253.0,1,False,0.30026357217502075,0.05,1265013.0
"Fixed 316228, designed",85,4,19,"D 1,2 -> 5,6",19,True,0.0,316250.0,1,False,0.03758523474777508,0.05,1581263.0
"Fixed 316228, designed",85,5,14,"D 0,3 -> 4,7",14,True,0.0,316252.0,1,False,0.06571252399006697,0.05,1897515.0
"Fixed 316228, designed",85,6,22,"D 2,3 -> 4,5",22,True,0.0,316253.0,1,False,0.043648521305584075,0.05,2213768.0
"Fixed 316228, designed",85,7,11,"D 0,1 -> 6,7",11,True,0.0,316254.0,1,False,0.10072796416579774,0.05,2530022.0
"Fixed 316228, designed",85,8,7,S 3 -> 7,21,False,1.0,316254.0,1,False,0.009441304483876945,0.05,2846276.0
"Fixed 316228, designed",85,9,21,"D 1,3 -> 5,7",12,True,6.400112662063862e-10,316254.0,1,False,0.00944130454604846,0.05,3162530.0
"Fixed 316228, designed",85,10,12,"D 0,2 -> 4,6",12,True,0.0,316253.0,1,False,0.018167337650105007,0.05,3478783.0
"Fixed 316228, designed",86,0,25,"D 2,3 -> 6,7",25,True,0.0,316256.0,1,False,0.31503606513167726,0.05,316256.0
"Fixed 316228, designed",86,1,18,"D 1,2 -> 4,7",15,True,0.0,316252.0,1,False,0.29681502172579394,0.05,632508.0
"Fixed 316228, designed",86,2,8,"D 0,1 -> 4,5",8,True,0.0,316252.0,1,False,0.3764697826210095,0.05,948760.0
"Fixed 316228, designed",86,3,15,"D 0,3 -> 5,6",15,True,0.0,316253.0,1,False,0.30026357217502075,0.05,1265013.0
"Fixed 316228, designed",86,4,19,"D 1,2 -> 5,6",19,True,0.0,316250.0,1,False,0.03758523474777508,0.05,1581263.0
"Fixed 316228, designed",86,5,14,"D 0,3 -> 4,7",14,True,0.0,316252.0,1,False,0.06571252399006697,0.05,1897515.0
"Fixed 316228, designed",86,6,11,"D 0,1 -> 6,7",22,False,0.04480658230253376,316253.0,1,False,0.043648521305584075,0.05,2213768.0
"Fixed 316228, designed",86,7,22,"D 2,3 -> 4,5",22,True,0.0,316255.0,1,False,0.06967473471393487,0.05,2530023.0
"Fixed 316228, designed",86,8,12,"D 0,2 -> 4,6",21,False,2.6598955260581647e-09,316254.0,1,False,0.009441304763103297,0.05,2846277.0
"Fixed 316228, designed",86,9,7,S 3 -> 7,21,False,1.0,316255.0,1,False,0.018167337649211406,0.05,3162532.0
"Fixed 316228, designed",86,10,21,"D 1,3 -> 5,7",21,True,0.0,316255.0,1,False,0.018167337649211406,0.05,3478787.0
"Fixed 316228, designed",87,0,25,"D 2,3 -> 6,7",25,True,0.0,316256.0,1,False,0.31503606513167726,0.05,316256.0
"Fixed 316228, designed",87,1,18,"D 1,2 -> 4,7",15,True,0.0,316252.0,1,False,0.29681502172579394,0.05,632508.0
"Fixed 316228, designed",87,2,8,"D 0,1 -> 4,5",8,True,0.0,316252.0,1,False,0.3764697826210095,0.05,948760.0
"Fixed 316228, designed",87,3,15,"D 0,3 -> 5,6",15,True,0.0,316253.0,1,False,0.30026357217502075,0.05,1265013.0
"Fixed 316228, designed",87,4,19,"D 1,2 -> 5,6",19,True,0.0,316250.0,1,False,0.03758523474777508,0.05,1581263.0
"Fixed 316228, designed",87,5,14,"D 0,3 -> 4,7",14,True,0.0,316252.0,1,False,0.06571252399006697,0.05,1897515.0
"Fixed 316228, designed",87,6,22,"D 2,3 -> 4,5",22,True,0.0,316253.0,1,False,0.043648521305584075,0.05,2213768.0
"Fixed 316228, designed",87,7,11,"D 0,1 -> 6,7",11,True,0.0,316254.0,1,False,0.10072796416579774,0.05,2530022.0
"Fixed 316228, designed",87,8,21,"D 1,3 -> 5,7",21,True,0.0,316254.0,1,False,0.009441304483876945,0.05,2846276.0
"Fixed 316228, designed",87,9,12,"D 0,2 -> 4,6",12,True,0.0,316253.0,1,False,0.018167337522397423,0.05,3162529.0
"Fixed 316228, designed",88,0,25,"D 2,3 -> 6,7",25,True,0.0,316256.0,1,False,0.31503606513167726,0.05,316256.0
"Fixed 316228, designed",88,1,15,"D 0,3 -> 5,6",15,True,0.0,316252.0,1,False,0.29681502172579394,0.05,632508.0
"Fixed 316228, designed",88,2,8,"D 0,1 -> 4,5",8,True,0.0,316258.0,1,False,0.3764697826210095,0.05,948766.0
"Fixed 316228, designed",88,3,18,"D 1,2 -> 4,7",18,True,0.0,316255.0,1,False,0.3002635722338174,0.05,1265021.0
"Fixed 316228, designed",88,4,19,"D 1,2 -> 5,6",14,True,5.182410056647768e-12,316250.0,1,False,0.03758523457422756,0.05,1581271.0
"Fixed 316228, designed",88,5,14,"D 0,3 -> 4,7",14,True,0.0,316252.0,1,False,0.06571252392066197,0.05,1897523.0
"Fixed 316228, designed",88,6,22,"D 2,3 -> 4,5",22,True,0.0,316253.0,1,False,0.04364852124132713,0.05,2213776.0
"Fixed 316228, designed",88,7,11,"D 0,1 -> 6,7",11,True,0.0,316254.0,1,False,0.10072796416579667,0.05,2530030.0
"Fixed 316228, designed",88,8,21,"D 1,3 -> 5,7",21,True,0.0,316254.0,1,False,0.009441304630083448,0.05,2846284.0
"Fixed 316228, designed",88,9,12,"D 0,2 -> 4,6",12,True,0.0,316253.0,1,False,0.018167337649211367,0.05,3162537.0
"Fixed 316228, designed",89,0,25,"D 2,3 -> 6,7",25,True,0.0,316256.0,1,False,0.31503606513167726,0.05,316256.0
"Fixed 316228, designed",89,1,18,"D 1,2 -> 4,7",15,True,0.0,316252.0,1,False,0.29681502172579394,0.05,632508.0
"Fixed 316228, designed",89,2,8,"D 0,1 -> 4,5",8,True,0.0,316252.0,1,False,0.3764697826210095,0.05,948760.0
"Fixed 316228, designed",89,3,15,"D 0,3 -> 5,6",15,True,0.0,316253.0,1,False,0.30026357217502075,0.05,1265013.0
"Fixed 316228, designed",89,4,19,"D 1,2 -> 5,6",19,True,0.0,316250.0,1,False,0.03758523474777508,0.05,1581263.0
"Fixed 316228, designed",89,5,14,"D 0,3 -> 4,7",14,True,0.0,316252.0,1,False,0.06571252399006697,0.05,1897515.0
"Fixed 316228, designed",89,6,22,"D 2,3 -> 4,5",22,True,0.0,316253.0,1,False,0.043648521305584075,0.05,2213768.0
"Fixed 316228, designed",89,7,11,"D 0,1 -> 6,7",11,True,0.0,316254.0,1,False,0.10072796416579774,0.05,2530022.0
"Fixed 316228, designed",89,8,12,"D 0,2 -> 4,6",21,False,2.297271373130627e-09,316254.0,1,False,0.009441304483876945,0.05,2846276.0
"Fixed 316228, designed",89,9,21,"D 1,3 -> 5,7",21,True,0.0,316255.0,1,False,0.018167337649210517,0.05,3162531.0
"Fixed 316228, designed",90,0,25,"D 2,3 -> 6,7",25,True,0.0,316256.0,1,False,0.31503606513167726,0.05,316256.0
"Fixed 316228, designed",90,1,18,"D 1,2 -> 4,7",15,True,0.0,316252.0,1,False,0.29681502172579394,0.05,632508.0
"Fixed 316228, designed",90,2,8,"D 0,1 -> 4,5",8,True,0.0,316252.0,1,False,0.3764697826210095,0.05,948760.0
"Fixed 316228, designed",90,3,15,"D 0,3 -> 5,6",15,True,0.0,316253.0,1,False,0.30026357217502075,0.05,1265013.0
"Fixed 316228, designed",90,4,14,"D 0,3 -> 4,7",19,True,5.80789971671436e-10,316250.0,1,False,0.03758523474777508,0.05,1581263.0
"Fixed 316228, designed",90,5,19,"D 1,2 -> 5,6",19,True,0.0,316256.0,1,False,0.0657125239206618,0.05,1897519.0
"Fixed 316228, designed",90,6,11,"D 0,1 -> 6,7",22,False,0.044806582285133345,316253.0,1,False,0.043648521241327065,0.05,2213772.0
"Fixed 316228, designed",90,7,22,"D 2,3 -> 4,5",22,True,0.0,316255.0,1,False,0.06967473482297251,0.05,2530027.0
"Fixed 316228, designed",90,8,2,S 1 -> 5,12,False,1.0,316254.0,1,False,0.009441304632724787,0.05,2846281.0
"Fixed 316228, designed",90,9,12,"D 0,2 -> 4,6",12,True,0.0,316254.0,1,False,0.009441304632724787,0.05,3162535.0
"Fixed 316228, designed",90,10,21,"D 1,3 -> 5,7",21,True,0.0,316255.0,1,False,0.01816733764921178,0.06,3478790.0
"Fixed 316228, designed",91,0,25,"D 2,3 -> 6,7",25,True,0.0,316256.0,1,False,0.31503606513167726,0.05,316256.0
"Fixed 316228, designed",91,1,15,"D 0,3 -> 5,6",15,True,0.0,316252.0,1,False,0.29681502172579394,0.05,632508.0
"Fixed 316228, designed",91,2,8,"D 0,1 -> 4,5",8,True,0.0,316258.0,1,False,0.3764697826210095,0.05,948766.0
"Fixed 316228, designed",91,3,18,"D 1,2 -> 4,7",18,True,0.0,316255.0,1,False,0.3002635722338174,0.05,1265021.0
"Fixed 316228, designed",91,4,14,"D 0,3 -> 4,7",14,True,0.0,316250.0,1,False,0.03758523457422756,0.05,1581271.0
"Fixed 316228, designed",91,5,19,"D 1,2 -> 5,6",19,True,0.0,316256.0,1,False,0.0657125239900671,0.05,1897527.0
"Fixed 316228, designed",91,6,11,"D 0,1 -> 6,7",22,False,0.044806582302531095,316253.0,1,False,0.04364852130558422,0.05,2213780.0
"Fixed 316228, designed",91,7,22,"D 2,3 -> 4,5",22,True,0.0,316255.0,1,False,0.06967473471683744,0.05,2530035.0
"Fixed 316228, designed",91,8,5,S 2 -> 6,12,False,1.0,316254.0,1,False,0.009441304763103292,0.05,2846289.0
"Fixed 316228, designed",91,9,12,"D 0,2 -> 4,6",12,True,0.0,316254.0,1,False,0.009441304763103292,0.05,3162543.0
"Fixed 316228, designed",91,10,21,"D 1,3 -> 5,7",21,True,0.0,316255.0,1,False,0.018167337650104195,0.05,3478798.0
"Fixed 316228, designed",92,0,25,"D 2,3 -> 6,7",25,True,0.0,316256.0,1,False,0.31503606513167726,0.06,316256.0
"Fixed 316228, designed",92,1,18,"D 1,2 -> 4,7",15,True,0.0,316252.0,1,False,0.29681502172579394,0.05,632508.0
"Fixed 316228, designed",92,2,8,"D 0,1 -> 4,5",8,True,0.0,316252.0,1,False,0.3764697826210095,0.05,948760.0
"Fixed 316228, designed",92,3,15,"D 0,3 -> 5,6",15,True,0.0,316253.0,1,False,0.30026357217502075,0.05,1265013.0
"Fixed 316228, designed",92,4,19,"D 1,2 -> 5,6",19,True,0.0,316250.0,1,False,0.03758523474777508,0.05,1581263.0
"Fixed 316228, designed",92,5,14,"D 0,3 -> 4,7",14,True,0.0,316252.0,1,False,0.06571252399006697,0.05,1897515.0
"Fixed 316228, designed",92,6,22,"D 2,3 -> 4,5",22,True,0.0,316253.0,1,False,0.043648521305584075,0.05,2213768.0
"Fixed 316228, designed",92,7,11,"D 0,1 -> 6,7",11,True,0.0,316254.0,1,False,0.10072796416579774,0.05,2530022.0
"Fixed 316228, designed",92,8,21,"D 1,3 -> 5,7",21,True,0.0,316254.0,1,False,0.009441304483876945,0.05,2846276.0
"Fixed 316228, designed",92,9,12,"D 0,2 -> 4,6",12,True,0.0,316253.0,1,False,0.018167337522397423,0.05,3162529.0
"Fixed 316228, designed",93,0,25,"D 2,3 -> 6,7",25,True,0.0,316256.0,1,False,0.31503606513167726,0.05,316256.0
"Fixed 316228, designed",93,1,18,"D 1,2 -> 4,7",15,True,0.0,316252.0,1,False,0.29681502172579394,0.05,632508.0
"Fixed 316228, designed",93,2,8,"D 0,1 -> 4,5",8,True,0.0,316252.0,1,False,0.3764697826210095,0.05,948760.0
"Fixed 316228, designed",93,3,15,"D 0,3 -> 5,6",15,True,0.0,316253.0,1,False,0.30026357217502075,0.05,1265013.0
"Fixed 316228, designed",93,4,19,"D 1,2 -> 5,6",19,True,0.0,316250.0,1,False,0.03758523474777508,0.06,1581263.0
"Fixed 316228, designed",93,5,14,"D 0,3 -> 4,7",14,True,0.0,316252.0,1,False,0.06571252399006697,0.05,1897515.0
"Fixed 316228, designed",93,6,22,"D 2,3 -> 4,5",22,True,0.0,316253.0,1,False,0.043648521305584075,0.05,2213768.0
"Fixed 316228, designed",93,7,11,"D 0,1 -> 6,7",11,True,0.0,316254.0,1,False,0.10072796416579774,0.05,2530022.0
"Fixed 316228, designed",93,8,12,"D 0,2 -> 4,6",21,False,2.297271373130627e-09,316254.0,1,False,0.009441304483876945,0.05,2846276.0
"Fixed 316228, designed",93,9,21,"D 1,3 -> 5,7",21,True,0.0,316255.0,1,False,0.018167337649210517,0.05,3162531.0
"Fixed 316228, designed",94,0,25,"D 2,3 -> 6,7",25,True,0.0,316256.0,1,False,0.31503606513167726,0.05,316256.0
"Fixed 316228, designed",94,1,18,"D 1,2 -> 4,7",15,True,0.0,316252.0,1,False,0.29681502172579394,0.05,632508.0
"Fixed 316228, designed",94,2,8,"D 0,1 -> 4,5",8,True,0.0,316252.0,1,False,0.3764697826210095,0.05,948760.0
"Fixed 316228, designed",94,3,15,"D 0,3 -> 5,6",15,True,0.0,316253.0,1,False,0.30026357217502075,0.05,1265013.0
"Fixed 316228, designed",94,4,19,"D 1,2 -> 5,6",19,True,0.0,316250.0,1,False,0.03758523474777508,0.05,1581263.0
"Fixed 316228, designed",94,5,14,"D 0,3 -> 4,7",14,True,0.0,316252.0,1,False,0.06571252399006697,0.05,1897515.0
"Fixed 316228, designed",94,6,11,"D 0,1 -> 6,7",22,False,0.04480658230253376,316253.0,1,False,0.043648521305584075,0.05,2213768.0
"Fixed 316228, designed",94,7,22,"D 2,3 -> 4,5",22,True,0.0,316255.0,1,False,0.06967473471393487,0.05,2530023.0
"Fixed 316228, designed",94,8,21,"D 1,3 -> 5,7",21,True,0.0,316254.0,1,False,0.009441304763103297,0.05,2846277.0
"Fixed 316228, designed",94,9,12,"D 0,2 -> 4,6",12,True,0.0,316253.0,1,False,0.01816733765010426,0.05,3162530.0
"Fixed 316228, designed",95,0,25,"D 2,3 -> 6,7",25,True,0.0,316256.0,1,False,0.31503606513167726,0.05,316256.0
"Fixed 316228, designed",95,1,15,"D 0,3 -> 5,6",15,True,0.0,316252.0,1,False,0.29681502172579394,0.05,632508.0
"Fixed 316228, designed",95,2,8,"D 0,1 -> 4,5",8,True,0.0,316258.0,1,False,0.3764697826210095,0.05,948766.0
"Fixed 316228, designed",95,3,18,"D 1,2 -> 4,7",18,True,0.0,316255.0,1,False,0.3002635722338174,0.05,1265021.0
"Fixed 316228, designed",95,4,14,"D 0,3 -> 4,7",14,True,0.0,316250.0,1,False,0.03758523457422756,0.05,1581271.0
"Fixed 316228, designed",95,5,19,"D 1,2 -> 5,6",19,True,0.0,316256.0,1,False,0.0657125239900671,0.05,1897527.0
"Fixed 316228, designed",95,6,11,"D 0,1 -> 6,7",22,False,0.044806582302531095,316253.0,1,False,0.04364852130558422,0.05,2213780.0
"Fixed 316228, designed",95,7,22,"D 2,3 -> 4,5",22,True,0.0,316255.0,1,False,0.06967473471683744,0.05,2530035.0
"Fixed 316228, designed",95,8,12,"D 0,2 -> 4,6",12,True,0.0,316254.0,1,False,0.009441304763103292,0.05,2846289.0
"Fixed 316228, designed",95,9,21,"D 1,3 -> 5,7",21,True,0.0,316255.0,1,False,0.018167337650104195,0.05,3162544.0
"Fixed 316228, pilot",0,0,25,"D 2,3 -> 6,7",25,True,0.0,316255.0,1,False,0.31503606513167726,0.11,316255.0
"Fixed 316228, pilot",0,1,18,"D 1,2 -> 4,7",15,True,0.0,316256.0,1,False,0.29681502172579394,0.11,632511.0
"Fixed 316228, pilot",0,2,8,"D 0,1 -> 4,5",8,True,0.0,316256.0,1,False,0.3764697826210095,0.11,948767.0
"Fixed 316228, pilot",0,3,15,"D 0,3 -> 5,6",15,True,0.0,316258.0,1,False,0.30026357217502075,0.11,1265025.0
"Fixed 316228, pilot",0,4,14,"D 0,3 -> 4,7",19,True,5.80789971671436e-10,316252.0,1,False,0.03758523474777508,0.11,1581277.0
"Fixed 316228, pilot",0,5,19,"D 1,2 -> 5,6",19,True,0.0,316254.0,1,False,0.0657125239206618,0.11,1897531.0
"Fixed 316228, pilot",0,6,22,"D 2,3 -> 4,5",22,True,0.0,316254.0,1,False,0.043648521241327065,0.11,2213785.0
"Fixed 316228, pilot",0,7,11,"D 0,1 -> 6,7",11,True,0.0,316256.0,1,False,0.10072796416579699,0.11,2530041.0
"Fixed 316228, pilot",0,8,12,"D 0,2 -> 4,6",21,False,2.297273260509769e-09,316255.0,1,False,0.009441304483876924,0.1,2846296.0
"Fixed 316228, pilot",0,9,21,"D 1,3 -> 5,7",21,True,0.0,316256.0,1,False,0.018167337649210347,0.1,3162552.0
"Fixed 316228, pilot",1,0,25,"D 2,3 -> 6,7",25,True,0.0,316251.0,1,False,0.31503606513167726,0.11,316251.0
"Fixed 316228, pilot",1,1,18,"D 1,2 -> 4,7",15,True,0.0,316254.0,1,False,0.29681502172579394,0.11,632505.0
"Fixed 316228, pilot",1,2,8,"D 0,1 -> 4,5",8,True,0.0,316253.0,1,False,0.3764697826210095,0.11,948758.0
"Fixed 316228, pilot",1,3,15,"D 0,3 -> 5,6",15,True,0.0,316252.0,1,False,0.30026357217502075,0.11,1265010.0
"Fixed 316228, pilot",1,4,14,"D 0,3 -> 4,7",19,True,5.80789971671436e-10,316256.0,1,False,0.03758523474777508,0.11,1581266.0
"Fixed 316228, pilot",1,5,19,"D 1,2 -> 5,6",19,True,0.0,316253.0,1,False,0.0657125239206618,0.11,1897519.0
"Fixed 316228, pilot",1,6,22,"D 2,3 -> 4,5",22,True,0.0,316257.0,1,False,0.043648521241327065,0.11,2213776.0
"Fixed 316228, pilot",1,7,11,"D 0,1 -> 6,7",11,True,0.0,316255.0,1,False,0.10072796416579699,0.11,2530031.0
"Fixed 316228, pilot",1,8,21,"D 1,3 -> 5,7",21,True,0.0,316257.0,1,False,0.009441304483876924,0.11,2846288.0
"Fixed 316228, pilot",1,9,12,"D 0,2 -> 4,6",12,True,0.0,316255.0,1,False,0.01816733748163215,0.11,3162543.0
"Fixed 316228, pilot",2,0,25,"D 2,3 -> 6,7",25,True,0.0,316250.0,1,False,0.31503606513167726,0.11,316250.0
"Fixed 316228, pilot",2,1,18,"D 1,2 -> 4,7",15,True,0.0,316254.0,1,False,0.29681502172579394,0.11,632504.0
"Fixed 316228, pilot",2,2,8,"D 0,1 -> 4,5",8,True,0.0,316253.0,1,False,0.3764697826210095,0.11,948757.0
"Fixed 316228, pilot",2,3,15,"D 0,3 -> 5,6",15,True,0.0,316254.0,1,False,0.30026357217502075,0.11,1265011.0
"Fixed 316228, pilot",2,4,14,"D 0,3 -> 4,7",19,True,5.80789971671436e-10,316253.0,1,False,0.03758523474777508,0.11,1581264.0
"Fixed 316228, pilot",2,5,19,"D 1,2 -> 5,6",19,True,0.0,316253.0,1,False,0.0657125239206618,0.11,1897517.0
"Fixed 316228, pilot",2,6,11,"D 0,1 -> 6,7",22,False,0.044806582285133345,316252.0,1,False,0.043648521241327065,0.11,2213769.0
"Fixed 316228, pilot",2,7,22,"D 2,3 -> 4,5",22,True,0.0,316256.0,1,False,0.06967473482297251,0.11,2530025.0
"Fixed 316228, pilot",2,8,6,S 3 -> 5,12,False,1.0,316254.0,1,False,0.009441304632724787,0.11,2846279.0
"Fixed 316228, pilot",2,9,21,"D 1,3 -> 5,7",12,True,7.587165340439128e-10,316251.0,1,False,0.009441304632724787,0.11,3162530.0
"Fixed 316228, pilot",2,10,12,"D 0,2 -> 4,6",12,True,0.0,316254.0,1,False,0.01816733748162963,0.11,3478784.0
"Fixed 316228, pilot",3,0,25,"D 2,3 -> 6,7",25,True,0.0,316251.0,1,False,0.31503606513167726,0.11,316251.0
"Fixed 316228, pilot",3,1,18,"D 1,2 -> 4,7",15,True,0.0,316258.0,1,False,0.29681502172579394,0.11,632509.0
"Fixed 316228, pilot",3,2,8,"D 0,1 -> 4,5",8,True,0.0,316255.0,1,False,0.3764697826210095,0.11,948764.0
"Fixed 316228, pilot",3,3,15,"D 0,3 -> 5,6",15,True,0.0,316253.0,1,False,0.30026357217502075,0.11,1265017.0
"Fixed 316228, pilot",3,4,19,"D 1,2 -> 5,6",19,True,0.0,316256.0,1,False,0.03758523474777508,0.11,1581273.0
"Fixed 316228, pilot",3,5,14,"D 0,3 -> 4,7",14,True,0.0,316259.0,1,False,0.06571252399006697,0.11,1897532.0
"Fixed 316228, pilot",3,6,11,"D 0,1 -> 6,7",22,False,0.04480658230253376,316255.0,1,False,0.043648521305584075,0.11,2213787.0
"Fixed 316228, pilot",3,7,22,"D 2,3 -> 4,5",22,True,0.0,316255.0,1,False,0.06967473471393487,0.11,2530042.0
"Fixed 316228, pilot",3,8,12,"D 0,2 -> 4,6",21,False,2.6598955260581647e-09,316255.0,1,False,0.009441304763103297,0.11,2846297.0
"Fixed 316228, pilot",3,9,21,"D 1,3 -> 5,7",21,True,0.0,316253.0,1,False,0.018167337649211406,0.11,3162550.0
"Fixed 316228, pilot",4,0,25,"D 2,3 -> 6,7",25,True,0.0,316254.0,1,False,0.31503606513167726,0.11,316254.0
"Fixed 316228, pilot",4,1,18,"D 1,2 -> 4,7",15,True,0.0,316253.0,1,False,0.29681502172579394,0.11,632507.0
"Fixed 316228, pilot",4,2,8,"D 0,1 -> 4,5",8,True,0.0,316252.0,1,False,0.3764697826210095,0.11,948759.0
"Fixed 316228, pilot",4,3,15,"D 0,3 -> 5,6",15,True,0.0,316257.0,1,False,0.30026357217502075,0.11,1265016.0
"Fixed 316228, pilot",4,4,14,"D 0,3 -> 4,7",19,True,5.80789971671436e-10,316256.0,1,False,0.03758523474777508,0.11,1581272.0
"Fixed 316228, pilot",4,5,19,"D 1,2 -> 5,6",19,True,0.0,316253.0,1,False,0.0657125239206618,0.11,1897525.0
"Fixed 316228, pilot",4,6,22,"D 2,3 -> 4,5",22,True,0.0,316253.0,1,False,0.043648521241327065,0.11,2213778.0
"Fixed 316228, pilot",4,7,11,"D 0,1 -> 6,7",11,True,0.0,316256.0,1,False,0.10072796416579699,0.11,2530034.0
"Fixed 316228, pilot",4,8,21,"D 1,3 -> 5,7",21,True,0.0,316255.0,1,False,0.009441304483876924,0.11,2846289.0
"Fixed 316228, pilot",4,9,12,"D 0,2 -> 4,6",12,True,0.0,316253.0,1,False,0.01816733748163215,0.11,3162542.0
"Fixed 316228, pilot",5,0,25,"D 2,3 -> 6,7",25,True,0.0,316256.0,1,False,0.31503606513167726,0.11,316256.0
"Fixed 316228, pilot",5,1,15,"D 0,3 -> 5,6",15,True,0.0,316256.0,1,False,0.29681502172579394,0.11,632512.0
"Fixed 316228, pilot",5,2,8,"D 0,1 -> 4,5",8,True,0.0,316257.0,1,False,0.3764697826210095,0.11,948769.0
"Fixed 316228, pilot",5,3,18,"D 1,2 -> 4,7",18,True,0.0,316257.0,1,False,0.3002635722338174,0.11,1265026.0
"Fixed 316228, pilot",5,4,14,"D 0,3 -> 4,7",14,True,0.0,316258.0,1,False,0.03758523457422756,0.11,1581284.0
"Fixed 316228, pilot",5,5,19,"D 1,2 -> 5,6",19,True,0.0,316252.0,1,False,0.0657125239900671,0.11,1897536.0
"Fixed 316228, pilot",5,6,22,"D 2,3 -> 4,5",22,True,0.0,316255.0,1,False,0.04364852130558422,0.11,2213791.0
"Fixed 316228, pilot",5,7,11,"D 0,1 -> 6,7",11,True,0.0,316256.0,1,False,0.10072796416579655,0.11,2530047.0
"Fixed 316228, pilot",5,8,21,"D 1,3 -> 5,7",21,True,0.0,316254.0,1,False,0.009441305047874061,0.1,2846301.0
"Fixed 316228, pilot",5,9,12,"D 0,2 -> 4,6",12,True,0.0,316254.0,1,False,0.018167337649213765,0.11,3162555.0
"Fixed 316228, pilot",6,0,25,"D 2,3 -> 6,7",25,True,0.0,316254.0,1,False,0.31503606513167726,0.11,316254.0
"Fixed 316228, pilot",6,1,18,"D 1,2 -> 4,7",15,True,0.0,316258.0,1,False,0.29681502172579394,0.11,632512.0
"Fixed 316228, pilot",6,2,8,"D 0,1 -> 4,5",8,True,0.0,316253.0,1,False,0.3764697826210095,0.11,948765.0
"Fixed 316228, pilot",6,3,15,"D 0,3 -> 5,6",15,True,0.0,316255.0,1,False,0.30026357217502075,0.11,1265020.0
"Fixed 316228, pilot",6,4,19,"D 1,2 -> 5,6",19,True,0.0,316253.0,1,False,0.03758523474777508,0.11,1581273.0
"Fixed 316228, pilot",6,5,14,"D 0,3 -> 4,7",14,True,0.0,316254.0,1,False,0.06571252399006697,0.11,1897527.0
"Fixed 316228, pilot",6,6,11,"D 0,1 -> 6,7",22,False,0.04480658230253376,316254.0,1,False,0.043648521305584075,0.11,2213781.0
"Fixed 316228, pilot",6,7,22,"D 2,3 -> 4,5",22,True,0.0,316259.0,1,False,0.06967473471393487,0.11,2530040.0
"Fixed 316228, pilot",6,8,12,"D 0,2 -> 4,6",21,False,2.6598955260581647e-09,316252.0,1,False,0.009441304763103297,0.11,2846292.0
"Fixed 316228, pilot",6,9,21,"D 1,3 -> 5,7",21,True,0.0,316256.0,1,False,0.018167337649211406,0.11,3162548.0
"Fixed 316228, pilot",7,0,25,"D 2,3 -> 6,7",25,True,0.0,316251.0,1,False,0.31503606513167726,0.12,316251.0
"Fixed 316228, pilot",7,1,15,"D 0,3 -> 5,6",15,True,0.0,316255.0,1,False,0.29681502172579394,0.11,632506.0
"Fixed 316228, pilot",7,2,8,"D 0,1 -> 4,5",8,True,0.0,316255.0,1,False,0.3764697826210095,0.11,948761.0
"Fixed 316228, pilot",7,3,18,"D 1,2 -> 4,7",18,True,0.0,316257.0,1,False,0.3002635722338174,0.11,1265018.0
"Fixed 316228, pilot",7,4,19,"D 1,2 -> 5,6",14,True,5.182410056647768e-12,316256.0,1,False,0.03758523457422756,0.11,1581274.0
"Fixed 316228, pilot",7,5,14,"D 0,3 -> 4,7",14,True,0.0,316254.0,1,False,0.06571252392066197,0.11,1897528.0
"Fixed 316228, pilot",7,6,22,"D 2,3 -> 4,5",22,True,0.0,316254.0,1,False,0.04364852124132713,0.11,2213782.0
"Fixed 316228, pilot",7,7,11,"D 0,1 -> 6,7",11,True,0.0,316257.0,1,False,0.10072796416579667,0.11,2530039.0
"Fixed 316228, pilot",7,8,12,"D 0,2 -> 4,6",21,True,2.371568497139265e-10,316255.0,1,False,0.009441304630083448,0.11,2846294.0
"Fixed 316228, pilot",7,9,21,"D 1,3 -> 5,7",21,True,0.0,316254.0,1,False,0.01816733759515189,0.11,3162548.0
"Fixed 316228, pilot",8,0,25,"D 2,3 -> 6,7",25,True,0.0,316250.0,1,False,0.31503606513167726,0.1,316250.0
"Fixed 316228, pilot",8,1,18,"D 1,2 -> 4,7",15,True,0.0,316253.0,1,False,0.29681502172579394,0.11,632503.0
"Fixed 316228, pilot",8,2,8,"D 0,1 -> 4,5",8,True,0.0,316252.0,1,False,0.3764697826210095,0.11,948755.0
"Fixed 316228, pilot",8,3,15,"D 0,3 -> 5,6",15,True,0.0,316256.0,1,False,0.30026357217502075,0.11,1265011.0
"Fixed 316228, pilot",8,4,19,"D 1,2 -> 5,6",19,True,0.0,316255.0,1,False,0.03758523474777508,0.11,1581266.0
"Fixed 316228, pilot",8,5,14,"D 0,3 -> 4,7",14,True,0.0,316255.0,1,False,0.06571252399006697,0.11,1897521.0
"Fixed 316228, pilot",8,6,22,"D 2,3 -> 4,5",22,True,0.0,316251.0,1,False,0.043648521305584075,0.11,2213772.0
"Fixed 316228, pilot",8,7,11,"D 0,1 -> 6,7",11,True,0.0,316254.0,1,False,0.10072796416579774,0.11,2530026.0
"Fixed 316228, pilot",8,8,12,"D 0,2 -> 4,6",21,False,2.297271373130627e-09,316259.0,1,False,0.009441304483876945,0.11,2846285.0
"Fixed 316228, pilot",8,9,21,"D 1,3 -> 5,7",21,True,0.0,316254.0,1,False,0.018167337649210517,0.11,3162539.0
"Fixed 316228, pilot",9,0,25,"D 2,3 -> 6,7",25,True,0.0,316253.0,1,False,0.31503606513167726,0.11,316253.0
"Fixed 316228, pilot",9,1,15,"D 0,3 -> 5,6",15,True,0.0,316256.0,1,False,0.29681502172579394,0.11,632509.0
"Fixed 316228, pilot",9,2,8,"D 0,1 -> 4,5",8,True,0.0,316253.0,1,False,0.3764697826210095,0.11,948762.0
"Fixed 316228, pilot",9,3,18,"D 1,2 -> 4,7",18,True,0.0,316258.0,1,False,0.3002635722338174,0.11,1265020.0
"Fixed 316228, pilot",9,4,19,"D 1,2 -> 5,6",14,True,5.182410056647768e-12,316254.0,1,False,0.03758523457422756,0.11,1581274.0
"Fixed 316228, pilot",9,5,14,"D 0,3 -> 4,7",14,True,0.0,316254.0,1,False,0.06571252392066197,0.11,1897528.0
"Fixed 316228, pilot",9,6,22,"D 2,3 -> 4,5",22,True,0.0,316253.0,1,False,0.04364852124132713,0.11,2213781.0
"Fixed 316228, pilot",9,7,11,"D 0,1 -> 6,7",11,True,0.0,316251.0,1,False,0.10072796416579667,0.11,2530032.0
"Fixed 316228, pilot",9,8,1,S 0 -> 6,21,False,1.0,316257.0,1,False,0.009441304630083448,0.11,2846289.0
"Fixed 316228, pilot",9,9,15,"D 0,3 -> 5,6",21,False,0.9999999992823342,316253.0,1,False,0.009441304630083448,0.11,3162542.0
"Fixed 316228, pilot",9,10,21,"D 1,3 -> 5,7",21,True,0.0,316254.0,1,False,0.009441304630083448,0.11,3478796.0
"Fixed 316228, pilot",9,11,12,"D 0,2 -> 4,6",12,True,0.0,316252.0,1,False,0.01816733775281578,0.11,3795048.0
"Fixed 316228, pilot",10,0,25,"D 2,3 -> 6,7",25,True,0.0,316251.0,1,False,0.31503606513167726,0.11,316251.0
"Fixed 316228, pilot",10,1,18,"D 1,2 -> 4,7",15,True,0.0,316254.0,1,False,0.29681502172579394,0.11,632505.0
"Fixed 316228, pilot",10,2,8,"D 0,1 -> 4,5",8,True,0.0,316258.0,1,False,0.3764697826210095,0.11,948763.0
"Fixed 316228, pilot",10,3,15,"D 0,3 -> 5,6",15,True,0.0,316256.0,1,False,0.30026357217502075,0.11,1265019.0
"Fixed 316228, pilot",10,4,19,"D 1,2 -> 5,6",19,True,0.0,316253.0,1,False,0.03758523474777508,0.11,1581272.0
"Fixed 316228, pilot",10,5,14,"D 0,3 -> 4,7",14,True,0.0,316255.0,1,False,0.06571252399006697,0.11,1897527.0
"Fixed 316228, pilot",10,6,22,"D 2,3 -> 4,5",22,True,0.0,316254.0,1,False,0.043648521305584075,0.11,2213781.0
"Fixed 316228, pilot",10,7,11,"D 0,1 -> 6,7",11,True,0.0,316255.0,1,False,0.10072796416579774,0.11,2530036.0
"Fixed 316228, pilot",10,8,2,S 1 -> 5,21,False,1.0,316253.0,1,False,0.009441304483876945,0.11,2846289.0
"Fixed 316228, pilot",10,9,21,"D 1,3 -> 5,7",12,True,6.400112662063862e-10,316256.0,1,False,0.00944130454604846,0.11,3162545.0
"Fixed 316228, pilot",10,10,12,"D 0,2 -> 4,6",12,True,0.0,316254.0,1,False,0.018167337650105007,0.1,3478799.0
"Fixed 316228, pilot",11,0,25,"D 2,3 -> 6,7",25,True,0.0,316252.0,1,False,0.31503606513167726,0.11,316252.0
"Fixed 316228, pilot",11,1,15,"D 0,3 -> 5,6",15,True,0.0,316253.0,1,False,0.29681502172579394,0.11,632505.0
"Fixed 316228, pilot",11,2,8,"D 0,1 -> 4,5",8,True,0.0,316258.0,1,False,0.3764697826210095,0.11,948763.0
"Fixed 316228, pilot",11,3,18,"D 1,2 -> 4,7",18,True,0.0,316254.0,1,False,0.3002635722338174,0.11,1265017.0
"Fixed 316228, pilot",11,4,14,"D 0,3 -> 4,7",14,True,0.0,316257.0,1,False,0.03758523457422756,0.11,1581274.0
"Fixed 316228, pilot",11,5,19,"D 1,2 -> 5,6",19,True,0.0,316254.0,1,False,0.0657125239900671,0.11,1897528.0
"Fixed 316228, pilot",11,6,22,"D 2,3 -> 4,5",22,True,0.0,316250.0,1,False,0.04364852130558422,0.11,2213778.0
"Fixed 316228, pilot",11,7,11,"D 0,1 -> 6,7",11,True,0.0,316255.0,1,False,0.10072796416579655,0.1,2530033.0
"Fixed 316228, pilot",11,8,21,"D 1,3 -> 5,7",21,True,0.0,316256.0,1,False,0.009441305047874061,0.11,2846289.0
"Fixed 316228, pilot",11,9,12,"D 0,2 -> 4,6",12,True,0.0,316253.0,1,False,0.018167337649213765,0.11,3162542.0
"Fixed 316228, pilot",12,0,25,"D 2,3 -> 6,7",25,True,0.0,316251.0,1,False,0.31503606513167726,0.11,316251.0
"Fixed 316228, pilot",12,1,15,"D 0,3 -> 5,6",15,True,0.0,316256.0,1,False,0.29681502172579394,0.11,632507.0
"Fixed 316228, pilot",12,2,8,"D 0,1 -> 4,5",8,True,0.0,316257.0,1,False,0.3764697826210095,0.11,948764.0
"Fixed 316228, pilot",12,3,18,"D 1,2 -> 4,7",18,True,0.0,316254.0,1,False,0.3002635722338174,0.11,1265018.0
"Fixed 316228, pilot",12,4,19,"D 1,2 -> 5,6",14,True,5.182410056647768e-12,316254.0,1,False,0.03758523457422756,0.11,1581272.0
"Fixed 316228, pilot",12,5,14,"D 0,3 -> 4,7",14,True,0.0,316254.0,1,False,0.06571252392066197,0.11,1897526.0
"Fixed 316228, pilot",12,6,22,"D 2,3 -> 4,5",22,True,0.0,316256.0,1,False,0.04364852124132713,0.11,2213782.0
"Fixed 316228, pilot",12,7,11,"D 0,1 -> 6,7",11,True,0.0,316251.0,1,False,0.10072796416579667,0.11,2530033.0
"Fixed 316228, pilot",12,8,21,"D 1,3 -> 5,7",21,True,0.0,316252.0,1,False,0.009441304630083448,0.1,2846285.0
"Fixed 316228, pilot",12,9,12,"D 0,2 -> 4,6",12,True,0.0,316253.0,1,False,0.018167337649211367,0.11,3162538.0
"Fixed 316228, pilot",13,0,25,"D 2,3 -> 6,7",25,True,0.0,316256.0,1,False,0.31503606513167726,0.11,316256.0
"Fixed 316228, pilot",13,1,15,"D 0,3 -> 5,6",15,True,0.0,316255.0,1,False,0.29681502172579394,0.11,632511.0
"Fixed 316228, pilot",13,2,8,"D 0,1 -> 4,5",8,True,0.0,316252.0,1,False,0.3764697826210095,0.11,948763.0
"Fixed 316228, pilot",13,3,18,"D 1,2 -> 4,7",18,True,0.0,316254.0,1,False,0.3002635722338174,0.11,1265017.0
"Fixed 316228, pilot",13,4,19,"D 1,2 -> 5,6",14,True,5.182410056647768e-12,316258.0,1,False,0.03758523457422756,0.1,1581275.0
"Fixed 316228, pilot",13,5,14,"D 0,3 -> 4,7",14,True,0.0,316253.0,1,False,0.06571252392066197,0.1,1897528.0
"Fixed 316228, pilot",13,6,22,"D 2,3 -> 4,5",22,True,0.0,316256.0,1,False,0.04364852124132713,0.1,2213784.0
"Fixed 316228, pilot",13,7,11,"D 0,1 -> 6,7",11,True,0.0,316252.0,1,False,0.10072796416579667,0.11,2530036.0
"Fixed 316228, pilot",13,8,21,"D 1,3 -> 5,7",21,True,0.0,316252.0,1,False,0.009441304630083448,0.11,2846288.0
"Fixed 316228, pilot",13,9,12,"D 0,2 -> 4,6",12,True,0.0,316251.0,1,False,0.018167337649211367,0.11,3162539.0
"Fixed 316228, pilot",14,0,25,"D 2,3 -> 6,7",25,True,0.0,316250.0,1,False,0.31503606513167726,0.11,316250.0
"Fixed 316228, pilot",14,1,18,"D 1,2 -> 4,7",15,True,0.0,316257.0,1,False,0.29681502172579394,0.11,632507.0
"Fixed 316228, pilot",14,2,8,"D 0,1 -> 4,5",8,True,0.0,316255.0,1,False,0.3764697826210095,0.11,948762.0
"Fixed 316228, pilot",14,3,15,"D 0,3 -> 5,6",15,True,0.0,316252.0,1,False,0.30026357217502075,0.11,1265014.0
"Fixed 316228, pilot",14,4,19,"D 1,2 -> 5,6",19,True,0.0,316256.0,1,False,0.03758523474777508,0.11,1581270.0
"Fixed 316228, pilot",14,5,14,"D 0,3 -> 4,7",14,True,0.0,316257.0,1,False,0.06571252399006697,0.11,1897527.0
"Fixed 316228, pilot",14,6,11,"D 0,1 -> 6,7",22,False,0.04480658230253376,316256.0,1,False,0.043648521305584075,0.11,2213783.0
"Fixed 316228, pilot",14,7,22,"D 2,3 -> 4,5",22,True,0.0,316256.0,1,False,0.06967473471393487,0.11,2530039.0
"Fixed 316228, pilot",14,8,21,"D 1,3 -> 5,7",21,True,0.0,316254.0,1,False,0.009441304763103297,0.11,2846293.0
"Fixed 316228, pilot",14,9,12,"D 0,2 -> 4,6",12,True,0.0,316252.0,1,False,0.01816733765010426,0.11,3162545.0
"Fixed 316228, pilot",15,0,25,"D 2,3 -> 6,7",25,True,0.0,316254.0,1,False,0.31503606513167726,0.11,316254.0
"Fixed 316228, pilot",15,1,18,"D 1,2 -> 4,7",15,True,0.0,316250.0,1,False,0.29681502172579394,0.11,632504.0
"Fixed 316228, pilot",15,2,8,"D 0,1 -> 4,5",8,True,0.0,316253.0,1,False,0.3764697826210095,0.12,948757.0
"Fixed 316228, pilot",15,3,15,"D 0,3 -> 5,6",15,True,0.0,316250.0,1,False,0.30026357217502075,0.11,1265007.0
"Fixed 316228, pilot",15,4,19,"D 1,2 -> 5,6",19,True,0.0,316254.0,1,False,0.03758523474777508,0.11,1581261.0
"Fixed 316228, pilot",15,5,14,"D 0,3 -> 4,7",14,True,0.0,316252.0,1,False,0.06571252399006697,0.1,1897513.0
"Fixed 316228, pilot",15,6,22,"D 2,3 -> 4,5",22,True,0.0,316254.0,1,False,0.043648521305584075,0.11,2213767.0
"Fixed 316228, pilot",15,7,11,"D 0,1 -> 6,7",11,True,0.0,316255.0,1,False,0.10072796416579774,0.11,2530022.0
"Fixed 316228, pilot",15,8,21,"D 1,3 -> 5,7",21,True,0.0,316253.0,1,False,0.009441304483876945,0.11,2846275.0
"Fixed 316228, pilot",15,9,12,"D 0,2 -> 4,6",12,True,0.0,316253.0,1,False,0.018167337522397423,0.12,3162528.0
"Fixed 316228, pilot",16,0,25,"D 2,3 -> 6,7",25,True,0.0,316253.0,1,False,0.31503606513167726,0.11,316253.0
"Fixed 316228, pilot",16,1,15,"D 0,3 -> 5,6",15,True,0.0,316256.0,1,False,0.29681502172579394,0.1,632509.0
"Fixed 316228, pilot",16,2,8,"D 0,1 -> 4,5",8,True,0.0,316255.0,1,False,0.3764697826210095,0.1,948764.0
"Fixed 316228, pilot",16,3,18,"D 1,2 -> 4,7",18,True,0.0,316253.0,1,False,0.3002635722338174,0.1,1265017.0
"Fixed 316228, pilot",16,4,19,"D 1,2 -> 5,6",14,True,5.182410056647768e-12,316255.0,1,False,0.03758523457422756,0.1,1581272.0
"Fixed 316228, pilot",16,5,14,"D 0,3 -> 4,7",14,True,0.0,316253.0,1,False,0.06571252392066197,0.1,1897525.0
"Fixed 316228, pilot",16,6,11,"D 0,1 -> 6,7",22,False,0.044806582285143115,316255.0,1,False,0.04364852124132713,0.1,2213780.0
"Fixed 316228, pilot",16,7,22,"D 2,3 -> 4,5",22,True,0.0,316254.0,1,False,0.06967473471393487,0.11,2530034.0
"Fixed 316228, pilot",16,8,1,S 0 -> 6,21,False,1.0,316258.0,1,False,0.009441304632724919,0.11,2846292.0
"Fixed 316228, pilot",16,9,21,"D 1,3 -> 5,7",21,True,0.0,316258.0,1,False,0.009441304632724919,0.11,3162550.0
"Fixed 316228, pilot",16,10,12,"D 0,2 -> 4,6",12,True,0.0,316254.0,1,False,0.018167337649211596,0.11,3478804.0
"Fixed 316228, pilot",17,0,25,"D 2,3 -> 6,7",25,True,0.0,316251.0,1,False,0.31503606513167726,0.11,316251.0
"Fixed 316228, pilot",17,1,15,"D 0,3 -> 5,6",15,True,0.0,316255.0,1,False,0.29681502172579394,0.11,632506.0
"Fixed 316228, pilot",17,2,8,"D 0,1 -> 4,5",8,True,0.0,316254.0,1,False,0.3764697826210095,0.11,948760.0
"Fixed 316228, pilot",17,3,18,"D 1,2 -> 4,7",18,True,0.0,316252.0,1,False,0.3002635722338174,0.11,1265012.0
"Fixed 316228, pilot",17,4,19,"D 1,2 -> 5,6",14,True,5.182410056647768e-12,316256.0,1,False,0.03758523457422756,0.11,1581268.0
"Fixed 316228, pilot",17,5,14,"D 0,3 -> 4,7",14,True,0.0,316259.0,1,False,0.06571252392066197,0.11,1897527.0
"Fixed 316228, pilot",17,6,11,"D 0,1 -> 6,7",22,False,0.044806582285143115,316253.0,1,False,0.04364852124132713,0.11,2213780.0
"Fixed 316228, pilot",17,7,22,"D 2,3 -> 4,5",22,True,0.0,316255.0,1,False,0.06967473471393487,0.1,2530035.0
"Fixed 316228, pilot",17,8,21,"D 1,3 -> 5,7",21,True,0.0,316257.0,1,False,0.009441304632724919,0.1,2846292.0
"Fixed 316228, pilot",17,9,12,"D 0,2 -> 4,6",12,True,0.0,316251.0,1,False,0.018167337649211596,0.1,3162543.0
"Fixed 316228, pilot",18,0,25,"D 2,3 -> 6,7",25,True,0.0,316252.0,1,False,0.31503606513167726,0.1,316252.0
"Fixed 316228, pilot",18,1,15,"D 0,3 -> 5,6",15,True,0.0,316252.0,1,False,0.29681502172579394,0.1,632504.0
"Fixed 316228, pilot",18,2,8,"D 0,1 -> 4,5",8,True,0.0,316253.0,1,False,0.3764697826210095,0.1,948757.0
"Fixed 316228, pilot",18,3,18,"D 1,2 -> 4,7",18,True,0.0,316253.0,1,False,0.3002635722338174,0.1,1265010.0
"Fixed 316228, pilot",18,4,19,"D 1,2 -> 5,6",14,True,5.182410056647768e-12,316255.0,1,False,0.03758523457422756,0.1,1581265.0
"Fixed 316228, pilot",18,5,14,"D 0,3 -> 4,7",14,True,0.0,316256.0,1,False,0.06571252392066197,0.1,1897521.0
"Fixed 316228, pilot",18,6,22,"D 2,3 -> 4,5",22,True,0.0,316256.0,1,False,0.04364852124132713,0.11,2213777.0
"Fixed 316228, pilot",18,7,11,"D 0,1 -> 6,7",11,True,0.0,316256.0,1,False,0.10072796416579667,0.11,2530033.0
"Fixed 316228, pilot",18,8,21,"D 1,3 -> 5,7",21,True,0.0,316255.0,1,False,0.009441304630083448,0.11,2846288.0
"Fixed 316228, pilot",18,9,12,"D 0,2 -> 4,6",12,True,0.0,316258.0,1,False,0.018167337649211367,0.11,3162546.0
"Fixed 316228, pilot",19,0,25,"D 2,3 -> 6,7",25,True,0.0,316252.0,1,False,0.31503606513167726,0.11,316252.0
"Fixed 316228, pilot",19,1,15,"D 0,3 -> 5,6",15,True,0.0,316253.0,1,False,0.29681502172579394,0.11,632505.0
"Fixed 316228, pilot",19,2,8,"D 0,1 -> 4,5",8,True,0.0,316257.0,1,False,0.3764697826210095,0.11,948762.0
"Fixed 316228, pilot",19,3,18,"D 1,2 -> 4,7",18,True,0.0,316257.0,1,False,0.3002635722338174,0.11,1265019.0
"Fixed 316228, pilot",19,4,14,"D 0,3 -> 4,7",14,True,0.0,316253.0,1,False,0.03758523457422756,0.1,1581272.0
"Fixed 316228, pilot",19,5,19,"D 1,2 -> 5,6",19,True,0.0,316257.0,1,False,0.0657125239900671,0.1,1897529.0
"Fixed 316228, pilot",19,6,11,"D 0,1 -> 6,7",22,False,0.044806582302531095,316256.0,1,False,0.04364852130558422,0.1,2213785.0
"Fixed 316228, pilot",19,7,22,"D 2,3 -> 4,5",22,True,0.0,316255.0,1,False,0.06967473471683744,0.1,2530040.0
"Fixed 316228, pilot",19,8,12,"D 0,2 -> 4,6",12,True,0.0,316253.0,1,False,0.009441304763103292,0.1,2846293.0
"Fixed 316228, pilot",19,9,21,"D 1,3 -> 5,7",21,True,0.0,316254.0,1,False,0.018167337650104195,0.1,3162547.0
"Fixed 316228, pilot",20,0,25,"D 2,3 -> 6,7",25,True,0.0,316251.0,1,False,0.31503606513167726,0.11,316251.0
"Fixed 316228, pilot",20,1,15,"D 0,3 -> 5,6",15,True,0.0,316255.0,1,False,0.29681502172579394,0.11,632506.0
"Fixed 316228, pilot",20,2,8,"D 0,1 -> 4,5",8,True,0.0,316256.0,1,False,0.3764697826210095,0.1,948762.0
"Fixed 316228, pilot",20,3,18,"D 1,2 -> 4,7",18,True,0.0,316252.0,1,False,0.3002635722338174,0.11,1265014.0
"Fixed 316228, pilot",20,4,19,"D 1,2 -> 5,6",14,True,5.182410056647768e-12,316258.0,1,False,0.03758523457422756,0.1,1581272.0
"Fixed 316228, pilot",20,5,14,"D 0,3 -> 4,7",14,True,0.0,316254.0,1,False,0.06571252392066197,0.1,1897526.0
"Fixed 316228, pilot",20,6,22,"D 2,3 -> 4,5",22,True,0.0,316257.0,1,False,0.04364852124132713,0.1,2213783.0
"Fixed 316228, pilot",20,7,11,"D 0,1 -> 6,7",11,True,0.0,316257.0,1,False,0.10072796416579667,0.1,2530040.0
"Fixed 316228, pilot",20,8,21,"D 1,3 -> 5,7",21,True,0.0,316257.0,1,False,0.009441304630083448,0.11,2846297.0
"Fixed 316228, pilot",20,9,12,"D 0,2 -> 4,6",12,True,0.0,316257.0,1,False,0.018167337649211367,0.1,3162554.0
"Fixed 316228, pilot",21,0,25,"D 2,3 -> 6,7",25,True,0.0,316253.0,1,False,0.31503606513167726,0.1,316253.0
"Fixed 316228, pilot",21,1,15,"D 0,3 -> 5,6",15,True,0.0,316255.0,1,False,0.29681502172579394,0.1,632508.0
"Fixed 316228, pilot",21,2,8,"D 0,1 -> 4,5",8,True,0.0,316251.0,1,False,0.3764697826210095,0.1,948759.0
"Fixed 316228, pilot",21,3,18,"D 1,2 -> 4,7",18,True,0.0,316256.0,1,False,0.3002635722338174,0.1,1265015.0
"Fixed 316228, pilot",21,4,19,"D 1,2 -> 5,6",14,True,5.182410056647768e-12,316252.0,1,False,0.03758523457422756,0.11,1581267.0
"Fixed 316228, pilot",21,5,14,"D 0,3 -> 4,7",14,True,0.0,316254.0,1,False,0.06571252392066197,0.11,1897521.0
"Fixed 316228, pilot",21,6,11,"D 0,1 -> 6,7",22,False,0.044806582285143115,316257.0,1,False,0.04364852124132713,0.11,2213778.0
"Fixed 316228, pilot",21,7,22,"D 2,3 -> 4,5",22,True,0.0,316254.0,1,False,0.06967473471393487,0.11,2530032.0
"Fixed 316228, pilot",21,8,11,"D 0,1 -> 6,7",21,False,0.9999999965742887,316254.0,1,False,0.009441304632724919,0.11,2846286.0
"Fixed 316228, pilot",21,9,21,"D 1,3 -> 5,7",21,True,0.0,316251.0,1,False,0.009441304632724919,0.11,3162537.0
"Fixed 316228, pilot",21,10,12,"D 0,2 -> 4,6",12,True,0.0,316255.0,1,False,0.01816733777954395,0.11,3478792.0
"Fixed 316228, pilot",22,0,25,"D 2,3 -> 6,7",25,True,0.0,316255.0,1,False,0.31503606513167726,0.11,316255.0
"Fixed 316228, pilot",22,1,15,"D 0,3 -> 5,6",15,True,0.0,316252.0,1,False,0.29681502172579394,0.11,632507.0
"Fixed 316228, pilot",22,2,8,"D 0,1 -> 4,5",8,True,0.0,316255.0,1,False,0.3764697826210095,0.11,948762.0
"Fixed 316228, pilot",22,3,18,"D 1,2 -> 4,7",18,True,0.0,316257.0,1,False,0.3002635722338174,0.11,1265019.0
"Fixed 316228, pilot",22,4,14,"D 0,3 -> 4,7",14,True,0.0,316253.0,1,False,0.03758523457422756,0.1,1581272.0
"Fixed 316228, pilot",22,5,19,"D 1,2 -> 5,6",19,True,0.0,316255.0,1,False,0.0657125239900671,0.1,1897527.0
"Fixed 316228, pilot",22,6,11,"D 0,1 -> 6,7",22,False,0.044806582302531095,316256.0,1,False,0.04364852130558422,0.1,2213783.0
"Fixed 316228, pilot",22,7,22,"D 2,3 -> 4,5",22,True,0.0,316254.0,1,False,0.06967473471683744,0.1,2530037.0
"Fixed 316228, pilot",22,8,12,"D 0,2 -> 4,6",12,True,0.0,316255.0,1,False,0.009441304763103292,0.11,2846292.0
"Fixed 316228, pilot",22,9,21,"D 1,3 -> 5,7",21,True,0.0,316257.0,1,False,0.018167337650104195,0.1,3162549.0
"Fixed 316228, pilot",23,0,25,"D 2,3 -> 6,7",25,True,0.0,316251.0,1,False,0.31503606513167726,0.11,316251.0
"Fixed 316228, pilot",23,1,15,"D 0,3 -> 5,6",15,True,0.0,316255.0,1,False,0.29681502172579394,0.1,632506.0
"Fixed 316228, pilot",23,2,8,"D 0,1 -> 4,5",8,True,0.0,316257.0,1,False,0.3764697826210095,0.1,948763.0
"Fixed 316228, pilot",23,3,18,"D 1,2 -> 4,7",18,True,0.0,316257.0,1,False,0.3002635722338174,0.1,1265020.0
"Fixed 316228, pilot",23,4,14,"D 0,3 -> 4,7",14,True,0.0,316256.0,1,False,0.03758523457422756,0.1,1581276.0
"Fixed 316228, pilot",23,5,19,"D 1,2 -> 5,6",19,True,0.0,316254.0,1,False,0.0657125239900671,0.1,1897530.0
"Fixed 316228, pilot",23,6,22,"D 2,3 -> 4,5",22,True,0.0,316256.0,1,False,0.04364852130558422,0.1,2213786.0
"Fixed 316228, pilot",23,7,11,"D 0,1 -> 6,7",11,True,0.0,316252.0,1,False,0.10072796416579655,0.11,2530038.0
"Fixed 316228, pilot",23,8,21,"D 1,3 -> 5,7",21,True,0.0,316254.0,1,False,0.009441305047874061,0.11,2846292.0
"Fixed 316228, pilot",23,9,12,"D 0,2 -> 4,6",12,True,0.0,316253.0,1,False,0.018167337649213765,0.11,3162545.0
"Fixed 316228, pilot",24,0,25,"D 2,3 -> 6,7",25,True,0.0,316252.0,1,False,0.31503606513167726,0.11,316252.0
"Fixed 316228, pilot",24,1,18,"D 1,2 -> 4,7",15,True,0.0,316258.0,1,False,0.29681502172579394,0.11,632510.0
"Fixed 316228, pilot",24,2,8,"D 0,1 -> 4,5",8,True,0.0,316254.0,1,False,0.3764697826210095,0.11,948764.0
"Fixed 316228, pilot",24,3,15,"D 0,3 -> 5,6",15,True,0.0,316259.0,1,False,0.30026357217502075,0.11,1265023.0
"Fixed 316228, pilot",24,4,14,"D 0,3 -> 4,7",19,True,5.80789971671436e-10,316258.0,1,False,0.03758523474777508,0.11,1581281.0
"Fixed 316228, pilot",24,5,19,"D 1,2 -> 5,6",19,True,0.0,316257.0,1,False,0.0657125239206618,0.11,1897538.0
"Fixed 316228, pilot",24,6,11,"D 0,1 -> 6,7",22,False,0.044806582285133345,316254.0,1,False,0.043648521241327065,0.11,2213792.0
"Fixed 316228, pilot",24,7,22,"D 2,3 -> 4,5",22,True,0.0,316254.0,1,False,0.06967473482297251,0.11,2530046.0
"Fixed 316228, pilot",24,8,21,"D 1,3 -> 5,7",12,True,7.587165340439128e-10,316254.0,1,False,0.009441304632724787,0.11,2846300.0
"Fixed 316228, pilot",24,9,12,"D 0,2 -> 4,6",12,True,0.0,316253.0,1,False,0.01816733748162963,0.11,3162553.0
"Fixed 316228, pilot",25,0,25,"D 2,3 -> 6,7",25,True,0.0,316253.0,1,False,0.31503606513167726,0.11,316253.0
"Fixed 316228, pilot",25,1,15,"D 0,3 -> 5,6",15,True,0.0,316258.0,1,False,0.29681502172579394,0.1,632511.0
"Fixed 316228, pilot",25,2,8,"D 0,1 -> 4,5",8,True,0.0,316258.0,1,False,0.3764697826210095,0.11,948769.0
"Fixed 316228, pilot",25,3,18,"D 1,2 -> 4,7",18,True,0.0,316256.0,1,False,0.3002635722338174,0.11,1265025.0
"Fixed 316228, pilot",25,4,19,"D 1,2 -> 5,6",14,True,5.182410056647768e-12,316255.0,1,False,0.03758523457422756,0.1,1581280.0
"Fixed 316228, pilot",25,5,14,"D 0,3 -> 4,7",14,True,0.0,316254.0,1,False,0.06571252392066197,0.11,1897534.0
"Fixed 316228, pilot",25,6,22,"D 2,3 -> 4,5",22,True,0.0,316252.0,1,False,0.04364852124132713,0.11,2213786.0
"Fixed 316228, pilot",25,7,11,"D 0,1 -> 6,7",11,True,0.0,316252.0,1,False,0.10072796416579667,0.11,2530038.0
"Fixed 316228, pilot",25,8,12,"D 0,2 -> 4,6",21,True,2.371568497139265e-10,316256.0,1,False,0.009441304630083448,0.11,2846294.0
"Fixed 316228, pilot",25,9,21,"D 1,3 -> 5,7",21,True,0.0,316257.0,1,False,0.01816733759515189,0.11,3162551.0
"Fixed 316228, pilot",26,0,25,"D 2,3 -> 6,7",25,True,0.0,316250.0,1,False,0.31503606513167726,0.1,316250.0
"Fixed 316228, pilot",26,1,18,"D 1,2 -> 4,7",15,True,0.0,316256.0,1,False,0.29681502172579394,0.1,632506.0
"Fixed 316228, pilot",26,2,8,"D 0,1 -> 4,5",8,True,0.0,316254.0,1,False,0.3764697826210095,0.11,948760.0
"Fixed 316228, pilot",26,3,15,"D 0,3 -> 5,6",15,True,0.0,316251.0,1,False,0.30026357217502075,0.11,1265011.0
"Fixed 316228, pilot",26,4,19,"D 1,2 -> 5,6",19,True,0.0,316254.0,1,False,0.03758523474777508,0.11,1581265.0
"Fixed 316228, pilot",26,5,14,"D 0,3 -> 4,7",14,True,0.0,316257.0,1,False,0.06571252399006697,0.11,1897522.0
"Fixed 316228, pilot",26,6,22,"D 2,3 -> 4,5",22,True,0.0,316255.0,1,False,0.043648521305584075,0.11,2213777.0
"Fixed 316228, pilot",26,7,11,"D 0,1 -> 6,7",11,True,0.0,316256.0,1,False,0.10072796416579774,0.11,2530033.0
"Fixed 316228, pilot",26,8,21,"D 1,3 -> 5,7",21,True,0.0,316252.0,1,False,0.009441304483876945,0.11,2846285.0
"Fixed 316228, pilot",26,9,12,"D 0,2 -> 4,6",12,True,0.0,316261.0,1,False,0.018167337522397423,0.11,3162546.0
"Fixed 316228, pilot",27,0,25,"D 2,3 -> 6,7",25,True,0.0,316253.0,1,False,0.31503606513167726,0.1,316253.0
"Fixed 316228, pilot",27,1,18,"D 1,2 -> 4,7",15,True,0.0,316253.0,1,False,0.29681502172579394,0.11,632506.0
"Fixed 316228, pilot",27,2,8,"D 0,1 -> 4,5",8,True,0.0,316253.0,1,False,0.3764697826210095,0.11,948759.0
"Fixed 316228, pilot",27,3,15,"D 0,3 -> 5,6",15,True,0.0,316255.0,1,False,0.30026357217502075,0.11,1265014.0
"Fixed 316228, pilot",27,4,14,"D 0,3 -> 4,7",19,True,5.80789971671436e-10,316253.0,1,False,0.03758523474777508,0.11,1581267.0
"Fixed 316228, pilot",27,5,19,"D 1,2 -> 5,6",19,True,0.0,316256.0,1,False,0.0657125239206618,0.11,1897523.0
"Fixed 316228, pilot",27,6,22,"D 2,3 -> 4,5",22,True,0.0,316254.0,1,False,0.043648521241327065,0.11,2213777.0
"Fixed 316228, pilot",27,7,11,"D 0,1 -> 6,7",11,True,0.0,316256.0,1,False,0.10072796416579699,0.11,2530033.0
"Fixed 316228, pilot",27,8,21,"D 1,3 -> 5,7",21,True,0.0,316252.0,1,False,0.009441304483876924,0.11,2846285.0
"Fixed 316228, pilot",27,9,12,"D 0,2 -> 4,6",12,True,0.0,316256.0,1,False,0.01816733748163215,0.11,3162541.0
"Fixed 316228, pilot",28,0,25,"D 2,3 -> 6,7",25,True,0.0,316251.0,1,False,0.31503606513167726,0.11,316251.0
"Fixed 316228, pilot",28,1,15,"D 0,3 -> 5,6",15,True,0.0,316253.0,1,False,0.29681502172579394,0.11,632504.0
"Fixed 316228, pilot",28,2,8,"D 0,1 -> 4,5",8,True,0.0,316251.0,1,False,0.3764697826210095,0.11,948755.0
"Fixed 316228, pilot",28,3,18,"D 1,2 -> 4,7",18,True,0.0,316252.0,1,False,0.3002635722338174,0.11,1265007.0
"Fixed 316228, pilot",28,4,14,"D 0,3 -> 4,7",14,True,0.0,316252.0,1,False,0.03758523457422756,0.11,1581259.0
"Fixed 316228, pilot",28,5,19,"D 1,2 -> 5,6",19,True,0.0,316257.0,1,False,0.0657125239900671,0.11,1897516.0
"Fixed 316228, pilot",28,6,11,"D 0,1 -> 6,7",22,False,0.044806582302531095,316256.0,1,False,0.04364852130558422,0.11,2213772.0
"Fixed 316228, pilot",28,7,22,"D 2,3 -> 4,5",22,True,0.0,316257.0,1,False,0.06967473471683744,0.11,2530029.0
"Fixed 316228, pilot",28,8,21,"D 1,3 -> 5,7",12,False,2.6598964142365844e-09,316257.0,1,False,0.009441304763103292,0.11,2846286.0
"Fixed 316228, pilot",28,9,12,"D 0,2 -> 4,6",12,True,0.0,316254.0,1,False,0.018167337649211208,0.11,3162540.0
"Fixed 316228, pilot",29,0,25,"D 2,3 -> 6,7",25,True,0.0,316251.0,1,False,0.31503606513167726,0.11,316251.0
"Fixed 316228, pilot",29,1,18,"D 1,2 -> 4,7",15,True,0.0,316254.0,1,False,0.29681502172579394,0.11,632505.0
"Fixed 316228, pilot",29,2,8,"D 0,1 -> 4,5",8,True,0.0,316252.0,1,False,0.3764697826210095,0.11,948757.0
"Fixed 316228, pilot",29,3,15,"D 0,3 -> 5,6",15,True,0.0,316256.0,1,False,0.30026357217502075,0.11,1265013.0
"Fixed 316228, pilot",29,4,14,"D 0,3 -> 4,7",19,True,5.80789971671436e-10,316255.0,1,False,0.03758523474777508,0.11,1581268.0
"Fixed 316228, pilot",29,5,19,"D 1,2 -> 5,6",19,True,0.0,316252.0,1,False,0.0657125239206618,0.11,1897520.0
"Fixed 316228, pilot",29,6,11,"D 0,1 -> 6,7",22,False,0.044806582285133345,316254.0,1,False,0.043648521241327065,0.11,2213774.0
"Fixed 316228, pilot",29,7,22,"D 2,3 -> 4,5",22,True,0.0,316257.0,1,False,0.06967473482297251,0.11,2530031.0
"Fixed 316228, pilot",29,8,12,"D 0,2 -> 4,6",12,True,0.0,316258.0,1,False,0.009441304632724787,0.11,2846289.0
"Fixed 316228, pilot",29,9,21,"D 1,3 -> 5,7",21,True,0.0,316252.0,1,False,0.01816733764921178,0.11,3162541.0
"Fixed 316228, pilot",30,0,25,"D 2,3 -> 6,7",25,True,0.0,316252.0,1,False,0.31503606513167726,0.11,316252.0
"Fixed 316228, pilot",30,1,15,"D 0,3 -> 5,6",15,True,0.0,316256.0,1,False,0.29681502172579394,0.11,632508.0
"Fixed 316228, pilot",30,2,8,"D 0,1 -> 4,5",8,True,0.0,316258.0,1,False,0.3764697826210095,0.11,948766.0
"Fixed 316228, pilot",30,3,18,"D 1,2 -> 4,7",18,True,0.0,316253.0,1,False,0.3002635722338174,0.11,1265019.0
"Fixed 316228, pilot",30,4,14,"D 0,3 -> 4,7",14,True,0.0,316254.0,1,False,0.03758523457422756,0.11,1581273.0
"Fixed 316228, pilot",30,5,19,"D 1,2 -> 5,6",19,True,0.0,316256.0,1,False,0.0657125239900671,0.11,1897529.0
"Fixed 316228, pilot",30,6,22,"D 2,3 -> 4,5",22,True,0.0,316255.0,1,False,0.04364852130558422,0.11,2213784.0
"Fixed 316228, pilot",30,7,11,"D 0,1 -> 6,7",11,True,0.0,316255.0,1,False,0.10072796416579655,0.11,2530039.0
"Fixed 316228, pilot",30,8,21,"D 1,3 -> 5,7",21,True,0.0,316257.0,1,False,0.009441305047874061,0.11,2846296.0
"Fixed 316228, pilot",30,9,12,"D 0,2 -> 4,6",12,True,0.0,316253.0,1,False,0.018167337649213765,0.11,3162549.0
"Fixed 316228, pilot",31,0,25,"D 2,3 -> 6,7",25,True,0.0,316252.0,1,False,0.31503606513167726,0.11,316252.0
"Fixed 316228, pilot",31,1,18,"D 1,2 -> 4,7",15,True,0.0,316254.0,1,False,0.29681502172579394,0.11,632506.0
"Fixed 316228, pilot",31,2,8,"D 0,1 -> 4,5",8,True,0.0,316256.0,1,False,0.3764697826210095,0.11,948762.0
"Fixed 316228, pilot",31,3,15,"D 0,3 -> 5,6",15,True,0.0,316253.0,1,False,0.30026357217502075,0.11,1265015.0
"Fixed 316228, pilot",31,4,14,"D 0,3 -> 4,7",19,True,5.80789971671436e-10,316258.0,1,False,0.03758523474777508,0.11,1581273.0
"Fixed 316228, pilot",31,5,19,"D 1,2 -> 5,6",19,True,0.0,316254.0,1,False,0.0657125239206618,0.11,1897527.0
"Fixed 316228, pilot",31,6,22,"D 2,3 -> 4,5",22,True,0.0,316257.0,1,False,0.043648521241327065,0.11,2213784.0
"Fixed 316228, pilot",31,7,11,"D 0,1 -> 6,7",11,True,0.0,316255.0,1,False,0.10072796416579699,0.11,2530039.0
"Fixed 316228, pilot",31,8,21,"D 1,3 -> 5,7",21,True,0.0,316252.0,1,False,0.009441304483876924,0.11,2846291.0
"Fixed 316228, pilot",31,9,12,"D 0,2 -> 4,6",12,True,0.0,316254.0,1,False,0.01816733748163215,0.11,3162545.0
"Fixed 316228, pilot",32,0,25,"D 2,3 -> 6,7",25,True,0.0,316252.0,1,False,0.31503606513167726,0.11,316252.0
"Fixed 316228, pilot",32,1,15,"D 0,3 -> 5,6",15,True,0.0,316258.0,1,False,0.29681502172579394,0.11,632510.0
"Fixed 316228, pilot",32,2,8,"D 0,1 -> 4,5",8,True,0.0,316253.0,1,False,0.3764697826210095,0.11,948763.0
"Fixed 316228, pilot",32,3,18,"D 1,2 -> 4,7",18,True,0.0,316257.0,1,False,0.3002635722338174,0.11,1265020.0
"Fixed 316228, pilot",32,4,19,"D 1,2 -> 5,6",14,True,5.182410056647768e-12,316252.0,1,False,0.03758523457422756,0.11,1581272.0
"Fixed 316228, pilot",32,5,14,"D 0,3 -> 4,7",14,True,0.0,316255.0,1,False,0.06571252392066197,0.11,1897527.0
"Fixed 316228, pilot",32,6,22,"D 2,3 -> 4,5",22,True,0.0,316255.0,1,False,0.04364852124132713,0.11,2213782.0
"Fixed 316228, pilot",32,7,11,"D 0,1 -> 6,7",11,True,0.0,316256.0,1,False,0.10072796416579667,0.11,2530038.0
"Fixed 316228, pilot",32,8,12,"D 0,2 -> 4,6",21,True,2.371568497139265e-10,316253.0,1,False,0.009441304630083448,0.11,2846291.0
"Fixed 316228, pilot",32,9,21,"D 1,3 -> 5,7",21,True,0.0,316255.0,1,False,0.01816733759515189,0.11,3162546.0
"Fixed 316228, pilot",33,0,25,"D 2,3 -> 6,7",25,True,0.0,316254.0,1,False,0.31503606513167726,0.11,316254.0
"Fixed 316228, pilot",33,1,18,"D 1,2 -> 4,7",15,True,0.0,316254.0,1,False,0.29681502172579394,0.11,632508.0
"Fixed 316228, pilot",33,2,8,"D 0,1 -> 4,5",8,True,0.0,316255.0,1,False,0.3764697826210095,0.11,948763.0
"Fixed 316228, pilot",33,3,15,"D 0,3 -> 5,6",15,True,0.0,316254.0,1,False,0.30026357217502075,0.11,1265017.0
"Fixed 316228, pilot",33,4,19,"D 1,2 -> 5,6",19,True,0.0,316258.0,1,False,0.03758523474777508,0.11,1581275.0
"Fixed 316228, pilot",33,5,14,"D 0,3 -> 4,7",14,True,0.0,316255.0,1,False,0.06571252399006697,0.11,1897530.0
"Fixed 316228, pilot",33,6,22,"D 2,3 -> 4,5",22,True,0.0,316258.0,1,False,0.043648521305584075,0.11,2213788.0
"Fixed 316228, pilot",33,7,11,"D 0,1 -> 6,7",11,True,0.0,316259.0,1,False,0.10072796416579774,0.11,2530047.0
"Fixed 316228, pilot",33,8,21,"D 1,3 -> 5,7",21,True,0.0,316251.0,1,False,0.009441304483876945,0.11,2846298.0
"Fixed 316228, pilot",33,9,12,"D 0,2 -> 4,6",12,True,0.0,316252.0,1,False,0.018167337522397423,0.11,3162550.0
"Fixed 316228, pilot",34,0,25,"D 2,3 -> 6,7",25,True,0.0,316249.0,1,False,0.31503606513167726,0.11,316249.0
"Fixed 316228, pilot",34,1,15,"D 0,3 -> 5,6",15,True,0.0,316252.0,1,False,0.29681502172579394,0.11,632501.0
"Fixed 316228, pilot",34,2,8,"D 0,1 -> 4,5",8,True,0.0,316254.0,1,False,0.3764697826210095,0.11,948755.0
"Fixed 316228, pilot",34,3,18,"D 1,2 -> 4,7",18,True,0.0,316252.0,1,False,0.3002635722338174,0.11,1265007.0
"Fixed 316228, pilot",34,4,14,"D 0,3 -> 4,7",14,True,0.0,316257.0,1,False,0.03758523457422756,0.11,1581264.0
"Fixed 316228, pilot",34,5,19,"D 1,2 -> 5,6",19,True,0.0,316256.0,1,False,0.0657125239900671,0.11,1897520.0
"Fixed 316228, pilot",34,6,11,"D 0,1 -> 6,7",22,False,0.044806582302531095,316257.0,1,False,0.04364852130558422,0.11,2213777.0
"Fixed 316228, pilot",34,7,22,"D 2,3 -> 4,5",22,True,0.0,316255.0,1,False,0.06967473471683744,0.11,2530032.0
"Fixed 316228, pilot",34,8,12,"D 0,2 -> 4,6",12,True,0.0,316256.0,1,False,0.009441304763103292,0.11,2846288.0
"Fixed 316228, pilot",34,9,21,"D 1,3 -> 5,7",21,True,0.0,316255.0,1,False,0.018167337650104195,0.11,3162543.0
"Fixed 316228, pilot",35,0,25,"D 2,3 -> 6,7",25,True,0.0,316252.0,1,False,0.31503606513167726,0.11,316252.0
"Fixed 316228, pilot",35,1,15,"D 0,3 -> 5,6",15,True,0.0,316253.0,1,False,0.29681502172579394,0.11,632505.0
"Fixed 316228, pilot",35,2,8,"D 0,1 -> 4,5",8,True,0.0,316254.0,1,False,0.3764697826210095,0.11,948759.0
"Fixed 316228, pilot",35,3,18,"D 1,2 -> 4,7",18,True,0.0,316253.0,1,False,0.3002635722338174,0.11,1265012.0
"Fixed 316228, pilot",35,4,14,"D 0,3 -> 4,7",14,True,0.0,316254.0,1,False,0.03758523457422756,0.11,1581266.0
"Fixed 316228, pilot",35,5,19,"D 1,2 -> 5,6",19,True,0.0,316256.0,1,False,0.0657125239900671,0.11,1897522.0
"Fixed 316228, pilot",35,6,22,"D 2,3 -> 4,5",22,True,0.0,316257.0,1,False,0.04364852130558422,0.11,2213779.0
"Fixed 316228, pilot",35,7,11,"D 0,1 -> 6,7",11,True,0.0,316256.0,1,False,0.10072796416579655,0.11,2530035.0
"Fixed 316228, pilot",35,8,21,"D 1,3 -> 5,7",21,True,0.0,316255.0,1,False,0.009441305047874061,0.11,2846290.0
"Fixed 316228, pilot",35,9,12,"D 0,2 -> 4,6",12,True,0.0,316252.0,1,False,0.018167337649213765,0.11,3162542.0
"Fixed 316228, pilot",36,0,25,"D 2,3 -> 6,7",25,True,0.0,316248.0,1,False,0.31503606513167726,0.11,316248.0
"Fixed 316228, pilot",36,1,18,"D 1,2 -> 4,7",15,True,0.0,316254.0,1,False,0.29681502172579394,0.11,632502.0
"Fixed 316228, pilot",36,2,8,"D 0,1 -> 4,5",8,True,0.0,316258.0,1,False,0.3764697826210095,0.11,948760.0
"Fixed 316228, pilot",36,3,15,"D 0,3 -> 5,6",15,True,0.0,316258.0,1,False,0.30026357217502075,0.11,1265018.0
"Fixed 316228, pilot",36,4,14,"D 0,3 -> 4,7",19,True,5.80789971671436e-10,316254.0,1,False,0.03758523474777508,0.11,1581272.0
"Fixed 316228, pilot",36,5,19,"D 1,2 -> 5,6",19,True,0.0,316258.0,1,False,0.0657125239206618,0.11,1897530.0
"Fixed 316228, pilot",36,6,22,"D 2,3 -> 4,5",22,True,0.0,316253.0,1,False,0.043648521241327065,0.11,2213783.0
"Fixed 316228, pilot",36,7,11,"D 0,1 -> 6,7",11,True,0.0,316253.0,1,False,0.10072796416579699,0.11,2530036.0
"Fixed 316228, pilot",36,8,23,"D 2,3 -> 4,7",21,False,1.0,316255.0,1,False,0.009441304483876924,0.11,2846291.0
"Fixed 316228, pilot",36,9,21,"D 1,3 -> 5,7",12,True,6.400169283438117e-10,316252.0,1,False,0.009441304546048494,0.11,3162543.0
"Fixed 316228, pilot",36,10,12,"D 0,2 -> 4,6",12,True,0.0,316256.0,1,False,0.018167337499938888,0.11,3478799.0
"Fixed 316228, pilot",37,0,25,"D 2,3 -> 6,7",25,True,0.0,316254.0,1,False,0.31503606513167726,0.11,316254.0
"Fixed 316228, pilot",37,1,8,"D 0,1 -> 4,5",15,False,0.033311851350335986,316255.0,1,False,0.29681502172579394,0.11,632509.0
"Fixed 316228, pilot",37,2,15,"D 0,3 -> 5,6",15,True,0.0,316255.0,1,False,0.303713351808019,0.11,948764.0
"Fixed 316228, pilot",37,3,18,"D 1,2 -> 4,7",18,True,0.0,316256.0,1,False,0.38824803810173436,0.11,1265020.0
"Fixed 316228, pilot",37,4,14,"D 0,3 -> 4,7",14,True,0.0,316253.0,1,False,0.03758523456612019,0.11,1581273.0
"Fixed 316228, pilot",37,5,19,"D 1,2 -> 5,6",19,True,0.0,316256.0,1,False,0.0657125241352967,0.11,1897529.0
"Fixed 316228, pilot",37,6,22,"D 2,3 -> 4,5",22,True,0.0,316253.0,1,False,0.043648521856409134,0.11,2213782.0
"Fixed 316228, pilot",37,7,11,"D 0,1 -> 6,7",11,True,0.0,316252.0,1,False,0.10072796429211578,0.11,2530034.0
"Fixed 316228, pilot",37,8,5,S 2 -> 6,12,False,1.0,316256.0,1,False,0.009441304132124777,0.11,2846290.0
"Fixed 316228, pilot",37,9,21,"D 1,3 -> 5,7",12,True,3.1086244689504383e-15,316256.0,1,False,0.009441304132124777,0.11,3162546.0
"Fixed 316228, pilot",37,10,12,"D 0,2 -> 4,6",12,True,0.0,316253.0,1,False,0.018167337461560934,0.11,3478799.0
"Fixed 316228, pilot",38,0,25,"D 2,3 -> 6,7",25,True,0.0,316253.0,1,False,0.31503606513167726,0.11,316253.0
"Fixed 316228, pilot",38,1,18,"D 1,2 -> 4,7",15,True,0.0,316257.0,1,False,0.29681502172579394,0.11,632510.0
"Fixed 316228, pilot",38,2,8,"D 0,1 -> 4,5",8,True,0.0,316251.0,1,False,0.3764697826210095,0.11,948761.0
"Fixed 316228, pilot",38,3,15,"D 0,3 -> 5,6",15,True,0.0,316253.0,1,False,0.30026357217502075,0.11,1265014.0
"Fixed 316228, pilot",38,4,19,"D 1,2 -> 5,6",19,True,0.0,316255.0,1,False,0.03758523474777508,0.11,1581269.0
"Fixed 316228, pilot",38,5,14,"D 0,3 -> 4,7",14,True,0.0,316255.0,1,False,0.06571252399006697,0.11,1897524.0
"Fixed 316228, pilot",38,6,22,"D 2,3 -> 4,5",22,True,0.0,316254.0,1,False,0.043648521305584075,0.11,2213778.0
"Fixed 316228, pilot",38,7,11,"D 0,1 -> 6,7",11,True,0.0,316255.0,1,False,0.10072796416579774,0.11,2530033.0
"Fixed 316228, pilot",38,8,12,"D 0,2 -> 4,6",21,False,2.297271373130627e-09,316256.0,1,False,0.009441304483876945,0.11,2846289.0
"Fixed 316228, pilot",38,9,21,"D 1,3 -> 5,7",21,True,0.0,316250.0,1,False,0.018167337649210517,0.11,3162539.0
"Fixed 316228, pilot",39,0,25,"D 2,3 -> 6,7",25,True,0.0,316251.0,1,False,0.31503606513167726,0.11,316251.0
"Fixed 316228, pilot",39,1,15,"D 0,3 -> 5,6",15,True,0.0,316253.0,1,False,0.29681502172579394,0.11,632504.0
"Fixed 316228, pilot",39,2,8,"D 0,1 -> 4,5",8,True,0.0,316255.0,1,False,0.3764697826210095,0.11,948759.0
"Fixed 316228, pilot",39,3,18,"D 1,2 -> 4,7",18,True,0.0,316253.0,1,False,0.3002635722338174,0.11,1265012.0
"Fixed 316228, pilot",39,4,14,"D 0,3 -> 4,7",14,True,0.0,316257.0,1,False,0.03758523457422756,0.11,1581269.0
"Fixed 316228, pilot",39,5,19,"D 1,2 -> 5,6",19,True,0.0,316257.0,1,False,0.0657125239900671,0.11,1897526.0
"Fixed 316228, pilot",39,6,22,"D 2,3 -> 4,5",22,True,0.0,316253.0,1,False,0.04364852130558422,0.11,2213779.0
"Fixed 316228, pilot",39,7,11,"D 0,1 -> 6,7",11,True,0.0,316254.0,1,False,0.10072796416579655,0.11,2530033.0
"Fixed 316228, pilot",39,8,21,"D 1,3 -> 5,7",21,True,0.0,316251.0,1,False,0.009441305047874061,0.11,2846284.0
"Fixed 316228, pilot",39,9,12,"D 0,2 -> 4,6",12,True,0.0,316253.0,1,False,0.018167337649213765,0.11,3162537.0
"Fixed 316228, pilot",40,0,25,"D 2,3 -> 6,7",25,True,0.0,316255.0,1,False,0.31503606513167726,0.11,316255.0
"Fixed 316228, pilot",40,1,18,"D 1,2 -> 4,7",15,True,0.0,316255.0,1,False,0.29681502172579394,0.11,632510.0
"Fixed 316228, pilot",40,2,8,"D 0,1 -> 4,5",8,True,0.0,316251.0,1,False,0.3764697826210095,0.11,948761.0
"Fixed 316228, pilot",40,3,15,"D 0,3 -> 5,6",15,True,0.0,316257.0,1,False,0.30026357217502075,0.11,1265018.0
"Fixed 316228, pilot",40,4,14,"D 0,3 -> 4,7",19,True,5.80789971671436e-10,316252.0,1,False,0.03758523474777508,0.11,1581270.0
"Fixed 316228, pilot",40,5,19,"D 1,2 -> 5,6",19,True,0.0,316258.0,1,False,0.0657125239206618,0.11,1897528.0
"Fixed 316228, pilot",40,6,22,"D 2,3 -> 4,5",22,True,0.0,316253.0,1,False,0.043648521241327065,0.11,2213781.0
"Fixed 316228, pilot",40,7,11,"D 0,1 -> 6,7",11,True,0.0,316254.0,1,False,0.10072796416579699,0.11,2530035.0
"Fixed 316228, pilot",40,8,21,"D 1,3 -> 5,7",21,True,0.0,316256.0,1,False,0.009441304483876924,0.11,2846291.0
"Fixed 316228, pilot",40,9,12,"D 0,2 -> 4,6",12,True,0.0,316254.0,1,False,0.01816733748163215,0.11,3162545.0
"Fixed 316228, pilot",41,0,25,"D 2,3 -> 6,7",25,True,0.0,316254.0,1,False,0.31503606513167726,0.11,316254.0
"Fixed 316228, pilot",41,1,15,"D 0,3 -> 5,6",15,True,0.0,316255.0,1,False,0.29681502172579394,0.11,632509.0
"Fixed 316228, pilot",41,2,8,"D 0,1 -> 4,5",8,True,0.0,316256.0,1,False,0.3764697826210095,0.11,948765.0
"Fixed 316228, pilot",41,3,18,"D 1,2 -> 4,7",18,True,0.0,316253.0,1,False,0.3002635722338174,0.11,1265018.0
"Fixed 316228, pilot",41,4,19,"D 1,2 -> 5,6",14,True,5.182410056647768e-12,316249.0,1,False,0.03758523457422756,0.11,1581267.0
"Fixed 316228, pilot",41,5,14,"D 0,3 -> 4,7",14,True,0.0,316256.0,1,False,0.06571252392066197,0.11,1897523.0
"Fixed 316228, pilot",41,6,11,"D 0,1 -> 6,7",22,False,0.044806582285143115,316257.0,1,False,0.04364852124132713,0.11,2213780.0
"Fixed 316228, pilot",41,7,22,"D 2,3 -> 4,5",22,True,0.0,316256.0,1,False,0.06967473471393487,0.11,2530036.0
"Fixed 316228, pilot",41,8,12,"D 0,2 -> 4,6",21,True,7.587118711072094e-10,316254.0,1,False,0.009441304632724919,0.11,2846290.0
"Fixed 316228, pilot",41,9,21,"D 1,3 -> 5,7",21,True,0.0,316255.0,1,False,0.018167337481629672,0.11,3162545.0
"Fixed 316228, pilot",42,0,25,"D 2,3 -> 6,7",25,True,0.0,316254.0,1,False,0.31503606513167726,0.11,316254.0
"Fixed 316228, pilot",42,1,15,"D 0,3 -> 5,6",15,True,0.0,316251.0,1,False,0.29681502172579394,0.11,632505.0
"Fixed 316228, pilot",42,2,8,"D 0,1 -> 4,5",8,True,0.0,316257.0,1,False,0.3764697826210095,0.11,948762.0
"Fixed 316228, pilot",42,3,18,"D 1,2 -> 4,7",18,True,0.0,316254.0,1,False,0.3002635722338174,0.11,1265016.0
"Fixed 316228, pilot",42,4,19,"D 1,2 -> 5,6",14,True,5.182410056647768e-12,316254.0,1,False,0.03758523457422756,0.11,1581270.0
"Fixed 316228, pilot",42,5,14,"D 0,3 -> 4,7",14,True,0.0,316256.0,1,False,0.06571252392066197,0.11,1897526.0
"Fixed 316228, pilot",42,6,22,"D 2,3 -> 4,5",22,True,0.0,316255.0,1,False,0.04364852124132713,0.11,2213781.0
"Fixed 316228, pilot",42,7,11,"D 0,1 -> 6,7",11,True,0.0,316254.0,1,False,0.10072796416579667,0.11,2530035.0
"Fixed 316228, pilot",42,8,12,"D 0,2 -> 4,6",21,True,2.371568497139265e-10,316256.0,1,False,0.009441304630083448,0.11,2846291.0
"Fixed 316228, pilot",42,9,21,"D 1,3 -> 5,7",21,True,0.0,316254.0,1,False,0.01816733759515189,0.11,3162545.0
"Fixed 316228, pilot",43,0,25,"D 2,3 -> 6,7",25,True,0.0,316254.0,1,False,0.31503606513167726,0.11,316254.0
"Fixed 316228, pilot",43,1,15,"D 0,3 -> 5,6",15,True,0.0,316254.0,1,False,0.29681502172579394,0.11,632508.0
"Fixed 316228, pilot",43,2,8,"D 0,1 -> 4,5",8,True,0.0,316253.0,1,False,0.3764697826210095,0.11,948761.0
"Fixed 316228, pilot",43,3,18,"D 1,2 -> 4,7",18,True,0.0,316256.0,1,False,0.3002635722338174,0.11,1265017.0
"Fixed 316228, pilot",43,4,14,"D 0,3 -> 4,7",14,True,0.0,316251.0,1,False,0.03758523457422756,0.11,1581268.0
"Fixed 316228, pilot",43,5,19,"D 1,2 -> 5,6",19,True,0.0,316254.0,1,False,0.0657125239900671,0.11,1897522.0
"Fixed 316228, pilot",43,6,22,"D 2,3 -> 4,5",22,True,0.0,316255.0,1,False,0.04364852130558422,0.11,2213777.0
"Fixed 316228, pilot",43,7,11,"D 0,1 -> 6,7",11,True,0.0,316256.0,1,False,0.10072796416579655,0.11,2530033.0
"Fixed 316228, pilot",43,8,12,"D 0,2 -> 4,6",21,False,1.6493607257750398e-08,316254.0,1,False,0.009441305047874061,0.11,2846287.0
"Fixed 316228, pilot",43,9,21,"D 1,3 -> 5,7",21,True,0.0,316252.0,1,False,0.018167337650105482,0.11,3162539.0
"Fixed 316228, pilot",44,0,25,"D 2,3 -> 6,7",25,True,0.0,316254.0,1,False,0.31503606513167726,0.11,316254.0
"Fixed 316228, pilot",44,1,18,"D 1,2 -> 4,7",15,True,0.0,316253.0,1,False,0.29681502172579394,0.11,632507.0
"Fixed 316228, pilot",44,2,8,"D 0,1 -> 4,5",8,True,0.0,316257.0,1,False,0.3764697826210095,0.11,948764.0
"Fixed 316228, pilot",44,3,15,"D 0,3 -> 5,6",15,True,0.0,316254.0,1,False,0.30026357217502075,0.11,1265018.0
"Fixed 316228, pilot",44,4,14,"D 0,3 -> 4,7",19,True,5.80789971671436e-10,316253.0,1,False,0.03758523474777508,0.11,1581271.0
"Fixed 316228, pilot",44,5,19,"D 1,2 -> 5,6",19,True,0.0,316254.0,1,False,0.0657125239206618,0.11,1897525.0
"Fixed 316228, pilot",44,6,11,"D 0,1 -> 6,7",22,False,0.044806582285133345,316253.0,1,False,0.043648521241327065,0.11,2213778.0
"Fixed 316228, pilot",44,7,22,"D 2,3 -> 4,5",22,True,0.0,316252.0,1,False,0.06967473482297251,0.11,2530030.0
"Fixed 316228, pilot",44,8,12,"D 0,2 -> 4,6",12,True,0.0,316253.0,1,False,0.009441304632724787,0.11,2846283.0
"Fixed 316228, pilot",44,9,21,"D 1,3 -> 5,7",21,True,0.0,316256.0,1,False,0.01816733764921178,0.11,3162539.0
"Fixed 316228, pilot",45,0,25,"D 2,3 -> 6,7",25,True,0.0,316252.0,1,False,0.31503606513167726,0.11,316252.0
"Fixed 316228, pilot",45,1,15,"D 0,3 -> 5,6",15,True,0.0,316253.0,1,False,0.29681502172579394,0.11,632505.0
"Fixed 316228, pilot",45,2,8,"D 0,1 -> 4,5",8,True,0.0,316255.0,1,False,0.3764697826210095,0.11,948760.0
"Fixed 316228, pilot",45,3,18,"D 1,2 -> 4,7",18,True,0.0,316253.0,1,False,0.3002635722338174,0.11,1265013.0
"Fixed 316228, pilot",45,4,14,"D 0,3 -> 4,7",14,True,0.0,316254.0,1,False,0.03758523457422756,0.11,1581267.0
"Fixed 316228, pilot",45,5,19,"D 1,2 -> 5,6",19,True,0.0,316255.0,1,False,0.0657125239900671,0.11,1897522.0
"Fixed 316228, pilot",45,6,11,"D 0,1 -> 6,7",22,False,0.044806582302531095,316254.0,1,False,0.04364852130558422,0.11,2213776.0
"Fixed 316228, pilot",45,7,22,"D 2,3 -> 4,5",22,True,0.0,316253.0,1,False,0.06967473471683744,0.11,2530029.0
"Fixed 316228, pilot",45,8,12,"D 0,2 -> 4,6",12,True,0.0,316255.0,1,False,0.009441304763103292,0.11,2846284.0
"Fixed 316228, pilot",45,9,21,"D 1,3 -> 5,7",21,True,0.0,316252.0,1,False,0.018167337650104195,0.11,3162536.0
"Fixed 316228, pilot",46,0,25,"D 2,3 -> 6,7",25,True,0.0,316256.0,1,False,0.31503606513167726,0.11,316256.0
"Fixed 316228, pilot",46,1,15,"D 0,3 -> 5,6",15,True,0.0,316254.0,1,False,0.29681502172579394,0.11,632510.0
"Fixed 316228, pilot",46,2,8,"D 0,1 -> 4,5",8,True,0.0,316253.0,1,False,0.3764697826210095,0.11,948763.0
"Fixed 316228, pilot",46,3,18,"D 1,2 -> 4,7",18,True,0.0,316254.0,1,False,0.3002635722338174,0.11,1265017.0
"Fixed 316228, pilot",46,4,19,"D 1,2 -> 5,6",14,True,5.182410056647768e-12,316255.0,1,False,0.03758523457422756,0.11,1581272.0
"Fixed 316228, pilot",46,5,14,"D 0,3 -> 4,7",14,True,0.0,316257.0,1,False,0.06571252392066197,0.11,1897529.0
"Fixed 316228, pilot",46,6,22,"D 2,3 -> 4,5",22,True,0.0,316257.0,1,False,0.04364852124132713,0.11,2213786.0
"Fixed 316228, pilot",46,7,11,"D 0,1 -> 6,7",11,True,0.0,316255.0,1,False,0.10072796416579667,0.11,2530041.0
"Fixed 316228, pilot",46,8,21,"D 1,3 -> 5,7",21,True,0.0,316253.0,1,False,0.009441304630083448,0.11,2846294.0
"Fixed 316228, pilot",46,9,12,"D 0,2 -> 4,6",12,True,0.0,316256.0,1,False,0.018167337649211367,0.11,3162550.0
"Fixed 316228, pilot",47,0,25,"D 2,3 -> 6,7",25,True,0.0,316251.0,1,False,0.31503606513167726,0.11,316251.0
"Fixed 316228, pilot",47,1,18,"D 1,2 -> 4,7",15,True,0.0,316258.0,1,False,0.29681502172579394,0.11,632509.0
"Fixed 316228, pilot",47,2,8,"D 0,1 -> 4,5",8,True,0.0,316255.0,1,False,0.3764697826210095,0.11,948764.0
"Fixed 316228, pilot",47,3,15,"D 0,3 -> 5,6",15,True,0.0,316252.0,1,False,0.30026357217502075,0.11,1265016.0
"Fixed 316228, pilot",47,4,19,"D 1,2 -> 5,6",19,True,0.0,316255.0,1,False,0.03758523474777508,0.11,1581271.0
"Fixed 316228, pilot",47,5,14,"D 0,3 -> 4,7",14,True,0.0,316255.0,1,False,0.06571252399006697,0.11,1897526.0
"Fixed 316228, pilot",47,6,22,"D 2,3 -> 4,5",22,True,0.0,316257.0,1,False,0.043648521305584075,0.11,2213783.0
"Fixed 316228, pilot",47,7,11,"D 0,1 -> 6,7",11,True,0.0,316255.0,1,False,0.10072796416579774,0.11,2530038.0
"Fixed 316228, pilot",47,8,2,S 1 -> 5,21,False,1.0,316256.0,1,False,0.009441304483876945,0.11,2846294.0
"Fixed 316228, pilot",47,9,7,S 3 -> 7,12,False,1.0,316257.0,1,False,0.00944130454604846,0.11,3162551.0
"Fixed 316228, pilot",47,10,1,S 0 -> 6,12,False,1.0,316256.0,1,False,0.00944130454604846,0.11,3478807.0
"Fixed 316228, pilot",47,11,12,"D 0,2 -> 4,6",12,True,0.0,316257.0,1,False,0.00944130454604846,0.11,3795064.0
"Fixed 316228, pilot",47,12,21,"D 1,3 -> 5,7",21,True,0.0,316252.0,1,False,0.018167337649212068,0.11,4111316.0
"Fixed 316228, pilot",48,0,25,"D 2,3 -> 6,7",25,True,0.0,316253.0,1,False,0.31503606513167726,0.11,316253.0
"Fixed 316228, pilot",48,1,15,"D 0,3 -> 5,6",15,True,0.0,316255.0,1,False,0.29681502172579394,0.11,632508.0
"Fixed 316228, pilot",48,2,8,"D 0,1 -> 4,5",8,True,0.0,316258.0,1,False,0.3764697826210095,0.11,948766.0
"Fixed 316228, pilot",48,3,18,"D 1,2 -> 4,7",18,True,0.0,316255.0,1,False,0.3002635722338174,0.11,1265021.0
"Fixed 316228, pilot",48,4,14,"D 0,3 -> 4,7",14,True,0.0,316257.0,1,False,0.03758523457422756,0.11,1581278.0
"Fixed 316228, pilot",48,5,19,"D 1,2 -> 5,6",19,True,0.0,316256.0,1,False,0.0657125239900671,0.11,1897534.0
"Fixed 316228, pilot",48,6,11,"D 0,1 -> 6,7",22,False,0.044806582302531095,316254.0,1,False,0.04364852130558422,0.11,2213788.0
"Fixed 316228, pilot",48,7,22,"D 2,3 -> 4,5",22,True,0.0,316253.0,1,False,0.06967473471683744,0.11,2530041.0
"Fixed 316228, pilot",48,8,12,"D 0,2 -> 4,6",12,True,0.0,316252.0,1,False,0.009441304763103292,0.11,2846293.0
"Fixed 316228, pilot",48,9,21,"D 1,3 -> 5,7",21,True,0.0,316253.0,1,False,0.018167337650104195,0.11,3162546.0
"Fixed 316228, pilot",49,0,25,"D 2,3 -> 6,7",25,True,0.0,316253.0,1,False,0.31503606513167726,0.11,316253.0
"Fixed 316228, pilot",49,1,18,"D 1,2 -> 4,7",15,True,0.0,316253.0,1,False,0.29681502172579394,0.11,632506.0
"Fixed 316228, pilot",49,2,8,"D 0,1 -> 4,5",8,True,0.0,316255.0,1,False,0.3764697826210095,0.11,948761.0
"Fixed 316228, pilot",49,3,15,"D 0,3 -> 5,6",15,True,0.0,316252.0,1,False,0.30026357217502075,0.11,1265013.0
"Fixed 316228, pilot",49,4,19,"D 1,2 -> 5,6",19,True,0.0,316255.0,1,False,0.03758523474777508,0.11,1581268.0
"Fixed 316228, pilot",49,5,14,"D 0,3 -> 4,7",14,True,0.0,316252.0,1,False,0.06571252399006697,0.11,1897520.0
"Fixed 316228, pilot",49,6,11,"D 0,1 -> 6,7",22,False,0.04480658230253376,316253.0,1,False,0.043648521305584075,0.11,2213773.0
"Fixed 316228, pilot",49,7,22,"D 2,3 -> 4,5",22,True,0.0,316254.0,1,False,0.06967473471393487,0.11,2530027.0
"Fixed 316228, pilot",49,8,12,"D 0,2 -> 4,6",21,False,2.6598955260581647e-09,316255.0,1,False,0.009441304763103297,0.11,2846282.0
"Fixed 316228, pilot",49,9,21,"D 1,3 -> 5,7",21,True,0.0,316254.0,1,False,0.018167337649211406,0.11,3162536.0
"Fixed 316228, pilot",50,0,25,"D 2,3 -> 6,7",25,True,0.0,316252.0,1,False,0.31503606513167726,0.11,316252.0
"Fixed 316228, pilot",50,1,15,"D 0,3 -> 5,6",15,True,0.0,316255.0,1,False,0.29681502172579394,0.11,632507.0
"Fixed 316228, pilot",50,2,8,"D 0,1 -> 4,5",8,True,0.0,316251.0,1,False,0.3764697826210095,0.11,948758.0
"Fixed 316228, pilot",50,3,18,"D 1,2 -> 4,7",18,True,0.0,316255.0,1,False,0.3002635722338174,0.11,1265013.0
"Fixed 316228, pilot",50,4,19,"D 1,2 -> 5,6",14,True,5.182410056647768e-12,316254.0,1,False,0.03758523457422756,0.11,1581267.0
"Fixed 316228, pilot",50,5,14,"D 0,3 -> 4,7",14,True,0.0,316256.0,1,False,0.06571252392066197,0.11,1897523.0
"Fixed 316228, pilot",50,6,11,"D 0,1 -> 6,7",22,False,0.044806582285143115,316258.0,1,False,0.04364852124132713,0.11,2213781.0
"Fixed 316228, pilot",50,7,22,"D 2,3 -> 4,5",22,True,0.0,316254.0,1,False,0.06967473471393487,0.11,2530035.0
"Fixed 316228, pilot",50,8,12,"D 0,2 -> 4,6",21,True,7.587118711072094e-10,316252.0,1,False,0.009441304632724919,0.11,2846287.0
"Fixed 316228, pilot",50,9,21,"D 1,3 -> 5,7",21,True,0.0,316257.0,1,False,0.018167337481629672,0.11,3162544.0
"Fixed 316228, pilot",51,0,25,"D 2,3 -> 6,7",25,True,0.0,316250.0,1,False,0.31503606513167726,0.11,316250.0
"Fixed 316228, pilot",51,1,8,"D 0,1 -> 4,5",15,False,0.033311851350335986,316253.0,1,False,0.29681502172579394,0.11,632503.0
"Fixed 316228, pilot",51,2,18,"D 1,2 -> 4,7",15,True,5.551115123125783e-16,316254.0,1,False,0.303713351808019,0.11,948757.0
"Fixed 316228, pilot",51,3,15,"D 0,3 -> 5,6",15,True,0.0,316256.0,1,False,0.38824803810173447,0.11,1265013.0
"Fixed 316228, pilot",51,4,14,"D 0,3 -> 4,7",19,True,5.150813109366936e-11,316255.0,1,False,0.03758523456612009,0.11,1581268.0
"Fixed 316228, pilot",51,5,19,"D 1,2 -> 5,6",19,True,0.0,316252.0,1,False,0.06571252413529666,0.11,1897520.0
"Fixed 316228, pilot",51,6,22,"D 2,3 -> 4,5",22,True,0.0,316253.0,1,False,0.04364852180125853,0.11,2213773.0
"Fixed 316228, pilot",51,7,11,"D 0,1 -> 6,7",11,True,0.0,316253.0,1,False,0.10072796429211586,0.11,2530026.0
"Fixed 316228, pilot",51,8,12,"D 0,2 -> 4,6",12,True,0.0,316251.0,1,False,0.009441304132124781,0.11,2846277.0
"Fixed 316228, pilot",51,9,21,"D 1,3 -> 5,7",21,True,0.0,316252.0,1,False,0.018167337677767716,0.11,3162529.0
"Fixed 316228, pilot",52,0,25,"D 2,3 -> 6,7",25,True,0.0,316254.0,1,False,0.31503606513167726,0.11,316254.0
"Fixed 316228, pilot",52,1,18,"D 1,2 -> 4,7",15,True,0.0,316254.0,1,False,0.29681502172579394,0.11,632508.0
"Fixed 316228, pilot",52,2,8,"D 0,1 -> 4,5",8,True,0.0,316255.0,1,False,0.3764697826210095,0.11,948763.0
"Fixed 316228, pilot",52,3,15,"D 0,3 -> 5,6",15,True,0.0,316256.0,1,False,0.30026357217502075,0.11,1265019.0
"Fixed 316228, pilot",52,4,14,"D 0,3 -> 4,7",19,True,5.80789971671436e-10,316257.0,1,False,0.03758523474777508,0.11,1581276.0
"Fixed 316228, pilot",52,5,19,"D 1,2 -> 5,6",19,True,0.0,316255.0,1,False,0.0657125239206618,0.11,1897531.0
"Fixed 316228, pilot",52,6,11,"D 0,1 -> 6,7",22,False,0.044806582285133345,316254.0,1,False,0.043648521241327065,0.11,2213785.0
"Fixed 316228, pilot",52,7,22,"D 2,3 -> 4,5",22,True,0.0,316254.0,1,False,0.06967473482297251,0.11,2530039.0
"Fixed 316228, pilot",52,8,21,"D 1,3 -> 5,7",12,True,7.587165340439128e-10,316253.0,1,False,0.009441304632724787,0.11,2846292.0
"Fixed 316228, pilot",52,9,12,"D 0,2 -> 4,6",12,True,0.0,316255.0,1,False,0.01816733748162963,0.11,3162547.0
"Fixed 316228, pilot",53,0,25,"D 2,3 -> 6,7",25,True,0.0,316252.0,1,False,0.31503606513167726,0.11,316252.0
"Fixed 316228, pilot",53,1,15,"D 0,3 -> 5,6",15,True,0.0,316252.0,1,False,0.29681502172579394,0.11,632504.0
"Fixed 316228, pilot",53,2,8,"D 0,1 -> 4,5",8,True,0.0,316256.0,1,False,0.3764697826210095,0.11,948760.0
"Fixed 316228, pilot",53,3,18,"D 1,2 -> 4,7",18,True,0.0,316252.0,1,False,0.3002635722338174,0.11,1265012.0
"Fixed 316228, pilot",53,4,19,"D 1,2 -> 5,6",14,True,5.182410056647768e-12,316251.0,1,False,0.03758523457422756,0.11,1581263.0
"Fixed 316228, pilot",53,5,14,"D 0,3 -> 4,7",14,True,0.0,316252.0,1,False,0.06571252392066197,0.11,1897515.0
"Fixed 316228, pilot",53,6,22,"D 2,3 -> 4,5",22,True,0.0,316253.0,1,False,0.04364852124132713,0.11,2213768.0
"Fixed 316228, pilot",53,7,11,"D 0,1 -> 6,7",11,True,0.0,316256.0,1,False,0.10072796416579667,0.11,2530024.0
"Fixed 316228, pilot",53,8,11,"D 0,1 -> 6,7",21,False,0.9999999980937906,316255.0,1,False,0.009441304630083448,0.11,2846279.0
"Fixed 316228, pilot",53,9,21,"D 1,3 -> 5,7",21,True,0.0,316256.0,1,False,0.009441304630083448,0.11,3162535.0
"Fixed 316228, pilot",53,10,12,"D 0,2 -> 4,6",12,True,0.0,316254.0,1,False,0.018167338603149782,0.11,3478789.0
"Fixed 316228, pilot",54,0,25,"D 2,3 -> 6,7",25,True,0.0,316252.0,1,False,0.31503606513167726,0.11,316252.0
"Fixed 316228, pilot",54,1,18,"D 1,2 -> 4,7",15,True,0.0,316253.0,1,False,0.29681502172579394,0.11,632505.0
"Fixed 316228, pilot",54,2,8,"D 0,1 -> 4,5",8,True,0.0,316258.0,1,False,0.3764697826210095,0.11,948763.0
"Fixed 316228, pilot",54,3,15,"D 0,3 -> 5,6",15,True,0.0,316256.0,1,False,0.30026357217502075,0.11,1265019.0
"Fixed 316228, pilot",54,4,19,"D 1,2 -> 5,6",19,True,0.0,316256.0,1,False,0.03758523474777508,0.11,1581275.0
"Fixed 316228, pilot",54,5,14,"D 0,3 -> 4,7",14,True,0.0,316254.0,1,False,0.06571252399006697,0.11,1897529.0
"Fixed 316228, pilot",54,6,22,"D 2,3 -> 4,5",22,True,0.0,316254.0,1,False,0.043648521305584075,0.11,2213783.0
"Fixed 316228, pilot",54,7,11,"D 0,1 -> 6,7",11,True,0.0,316254.0,1,False,0.10072796416579774,0.11,2530037.0
"Fixed 316228, pilot",54,8,21,"D 1,3 -> 5,7",21,True,0.0,316254.0,1,False,0.009441304483876945,0.11,2846291.0
"Fixed 316228, pilot",54,9,12,"D 0,2 -> 4,6",12,True,0.0,316251.0,1,False,0.018167337522397423,0.11,3162542.0
"Fixed 316228, pilot",55,0,25,"D 2,3 -> 6,7",25,True,0.0,316250.0,1,False,0.31503606513167726,0.11,316250.0
"Fixed 316228, pilot",55,1,18,"D 1,2 -> 4,7",15,True,0.0,316253.0,1,False,0.29681502172579394,0.11,632503.0
"Fixed 316228, pilot",55,2,8,"D 0,1 -> 4,5",8,True,0.0,316258.0,1,False,0.3764697826210095,0.11,948761.0
"Fixed 316228, pilot",55,3,15,"D 0,3 -> 5,6",15,True,0.0,316258.0,1,False,0.30026357217502075,0.11,1265019.0
"Fixed 316228, pilot",55,4,14,"D 0,3 -> 4,7",19,True,5.80789971671436e-10,316255.0,1,False,0.03758523474777508,0.11,1581274.0
"Fixed 316228, pilot",55,5,19,"D 1,2 -> 5,6",19,True,0.0,316252.0,1,False,0.0657125239206618,0.11,1897526.0
"Fixed 316228, pilot",55,6,22,"D 2,3 -> 4,5",22,True,0.0,316256.0,1,False,0.043648521241327065,0.11,2213782.0
"Fixed 316228, pilot",55,7,11,"D 0,1 -> 6,7",11,True,0.0,316253.0,1,False,0.10072796416579699,0.11,2530035.0
"Fixed 316228, pilot",55,8,12,"D 0,2 -> 4,6",21,False,2.297273260509769e-09,316254.0,1,False,0.009441304483876924,0.11,2846289.0
"Fixed 316228, pilot",55,9,21,"D 1,3 -> 5,7",21,True,0.0,316256.0,1,False,0.018167337649210347,0.11,3162545.0
"Fixed 316228, pilot",56,0,25,"D 2,3 -> 6,7",25,True,0.0,316252.0,1,False,0.31503606513167726,0.11,316252.0
"Fixed 316228, pilot",56,1,18,"D 1,2 -> 4,7",15,True,0.0,316253.0,1,False,0.29681502172579394,0.11,632505.0
"Fixed 316228, pilot",56,2,8,"D 0,1 -> 4,5",8,True,0.0,316253.0,1,False,0.3764697826210095,0.11,948758.0
"Fixed 316228, pilot",56,3,15,"D 0,3 -> 5,6",15,True,0.0,316254.0,1,False,0.30026357217502075,0.11,1265012.0
"Fixed 316228, pilot",56,4,14,"D 0,3 -> 4,7",19,True,5.80789971671436e-10,316254.0,1,False,0.03758523474777508,0.11,1581266.0
"Fixed 316228, pilot",56,5,19,"D 1,2 -> 5,6",19,True,0.0,316259.0,1,False,0.0657125239206618,0.11,1897525.0
"Fixed 316228, pilot",56,6,11,"D 0,1 -> 6,7",22,False,0.044806582285133345,316258.0,1,False,0.043648521241327065,0.11,2213783.0
"Fixed 316228, pilot",56,7,22,"D 2,3 -> 4,5",22,True,0.0,316257.0,1,False,0.06967473482297251,0.11,2530040.0
"Fixed 316228, pilot",56,8,12,"D 0,2 -> 4,6",12,True,0.0,316256.0,1,False,0.009441304632724787,0.11,2846296.0
"Fixed 316228, pilot",56,9,21,"D 1,3 -> 5,7",21,True,0.0,316252.0,1,False,0.01816733764921178,0.11,3162548.0
"Fixed 316228, pilot",57,0,25,"D 2,3 -> 6,7",25,True,0.0,316253.0,1,False,0.31503606513167726,0.11,316253.0
"Fixed 316228, pilot",57,1,15,"D 0,3 -> 5,6",15,True,0.0,316252.0,1,False,0.29681502172579394,0.11,632505.0
"Fixed 316228, pilot",57,2,8,"D 0,1 -> 4,5",8,True,0.0,316254.0,1,False,0.3764697826210095,0.11,948759.0
"Fixed 316228, pilot",57,3,18,"D 1,2 -> 4,7",18,True,0.0,316252.0,1,False,0.3002635722338174,0.11,1265011.0
"Fixed 316228, pilot",57,4,19,"D 1,2 -> 5,6",14,True,5.182410056647768e-12,316251.0,1,False,0.03758523457422756,0.11,1581262.0
"Fixed 316228, pilot",57,5,14,"D 0,3 -> 4,7",14,True,0.0,316253.0,1,False,0.06571252392066197,0.11,1897515.0
"Fixed 316228, pilot",57,6,22,"D 2,3 -> 4,5",22,True,0.0,316253.0,1,False,0.04364852124132713,0.11,2213768.0
"Fixed 316228, pilot",57,7,11,"D 0,1 -> 6,7",11,True,0.0,316253.0,1,False,0.10072796416579667,0.11,2530021.0
"Fixed 316228, pilot",57,8,12,"D 0,2 -> 4,6",21,True,2.371568497139265e-10,316251.0,1,False,0.009441304630083448,0.11,2846272.0
"Fixed 316228, pilot",57,9,21,"D 1,3 -> 5,7",21,True,0.0,316252.0,1,False,0.01816733759515189,0.11,3162524.0
"Fixed 316228, pilot",58,0,25,"D 2,3 -> 6,7",25,True,0.0,316255.0,1,False,0.31503606513167726,0.11,316255.0
"Fixed 316228, pilot",58,1,18,"D 1,2 -> 4,7",15,True,0.0,316256.0,1,False,0.29681502172579394,0.11,632511.0
"Fixed 316228, pilot",58,2,8,"D 0,1 -> 4,5",8,True,0.0,316253.0,1,False,0.3764697826210095,0.11,948764.0
"Fixed 316228, pilot",58,3,15,"D 0,3 -> 5,6",15,True,0.0,316252.0,1,False,0.30026357217502075,0.11,1265016.0
"Fixed 316228, pilot",58,4,19,"D 1,2 -> 5,6",19,True,0.0,316255.0,1,False,0.03758523474777508,0.11,1581271.0
"Fixed 316228, pilot",58,5,14,"D 0,3 -> 4,7",14,True,0.0,316253.0,1,False,0.06571252399006697,0.11,1897524.0
"Fixed 316228, pilot",58,6,11,"D 0,1 -> 6,7",22,False,0.04480658230253376,316253.0,1,False,0.043648521305584075,0.11,2213777.0
"Fixed 316228, pilot",58,7,22,"D 2,3 -> 4,5",22,True,0.0,316256.0,1,False,0.06967473471393487,0.11,2530033.0
"Fixed 316228, pilot",58,8,21,"D 1,3 -> 5,7",21,True,0.0,316252.0,1,False,0.009441304763103297,0.11,2846285.0
"Fixed 316228, pilot",58,9,12,"D 0,2 -> 4,6",12,True,0.0,316255.0,1,False,0.01816733765010426,0.11,3162540.0
"Fixed 316228, pilot",59,0,25,"D 2,3 -> 6,7",25,True,0.0,316253.0,1,False,0.31503606513167726,0.11,316253.0
"Fixed 316228, pilot",59,1,18,"D 1,2 -> 4,7",15,True,0.0,316251.0,1,False,0.29681502172579394,0.11,632504.0
"Fixed 316228, pilot",59,2,8,"D 0,1 -> 4,5",8,True,0.0,316256.0,1,False,0.3764697826210095,0.11,948760.0
"Fixed 316228, pilot",59,3,15,"D 0,3 -> 5,6",15,True,0.0,316255.0,1,False,0.30026357217502075,0.11,1265015.0
"Fixed 316228, pilot",59,4,14,"D 0,3 -> 4,7",19,True,5.80789971671436e-10,316257.0,1,False,0.03758523474777508,0.11,1581272.0
"Fixed 316228, pilot",59,5,19,"D 1,2 -> 5,6",19,True,0.0,316257.0,1,False,0.0657125239206618,0.11,1897529.0
"Fixed 316228, pilot",59,6,22,"D 2,3 -> 4,5",22,True,0.0,316253.0,1,False,0.043648521241327065,0.11,2213782.0
"Fixed 316228, pilot",59,7,11,"D 0,1 -> 6,7",11,True,0.0,316258.0,1,False,0.10072796416579699,0.11,2530040.0
"Fixed 316228, pilot",59,8,12,"D 0,2 -> 4,6",21,False,2.297273260509769e-09,316254.0,1,False,0.009441304483876924,0.11,2846294.0
"Fixed 316228, pilot",59,9,21,"D 1,3 -> 5,7",21,True,0.0,316254.0,1,False,0.018167337649210347,0.11,3162548.0
"Fixed 316228, pilot",60,0,25,"D 2,3 -> 6,7",25,True,0.0,316254.0,1,False,0.31503606513167726,0.11,316254.0
"Fixed 316228, pilot",60,1,15,"D 0,3 -> 5,6",15,True,0.0,316256.0,1,False,0.29681502172579394,0.11,632510.0
"Fixed 316228, pilot",60,2,8,"D 0,1 -> 4,5",8,True,0.0,316251.0,1,False,0.3764697826210095,0.11,948761.0
"Fixed 316228, pilot",60,3,18,"D 1,2 -> 4,7",18,True,0.0,316254.0,1,False,0.3002635722338174,0.11,1265015.0
"Fixed 316228, pilot",60,4,14,"D 0,3 -> 4,7",14,True,0.0,316256.0,1,False,0.03758523457422756,0.11,1581271.0
"Fixed 316228, pilot",60,5,19,"D 1,2 -> 5,6",19,True,0.0,316256.0,1,False,0.0657125239900671,0.11,1897527.0
"Fixed 316228, pilot",60,6,22,"D 2,3 -> 4,5",22,True,0.0,316253.0,1,False,0.04364852130558422,0.11,2213780.0
"Fixed 316228, pilot",60,7,11,"D 0,1 -> 6,7",11,True,0.0,316251.0,1,False,0.10072796416579655,0.11,2530031.0
"Fixed 316228, pilot",60,8,0,S 0 -> 4,21,False,1.0,316253.0,1,False,0.009441305047874061,0.11,2846284.0
"Fixed 316228, pilot",60,9,6,S 3 -> 5,21,False,1.0,316250.0,1,False,0.00944130458544351,0.11,3162534.0
"Fixed 316228, pilot",60,10,12,"D 0,2 -> 4,6",21,True,8.03115351999395e-11,316255.0,1,False,0.00944130458544351,0.11,3478789.0
"Fixed 316228, pilot",60,11,21,"D 1,3 -> 5,7",21,True,0.0,316255.0,1,False,0.018167337650105034,0.11,3795044.0
"Fixed 316228, pilot",61,0,25,"D 2,3 -> 6,7",25,True,0.0,316252.0,1,False,0.31503606513167726,0.11,316252.0
"Fixed 316228, pilot",61,1,15,"D 0,3 -> 5,6",15,True,0.0,316256.0,1,False,0.29681502172579394,0.11,632508.0
"Fixed 316228, pilot",61,2,8,"D 0,1 -> 4,5",8,True,0.0,316254.0,1,False,0.3764697826210095,0.11,948762.0
"Fixed 316228, pilot",61,3,18,"D 1,2 -> 4,7",18,True,0.0,316255.0,1,False,0.3002635722338174,0.11,1265017.0
"Fixed 316228, pilot",61,4,14,"D 0,3 -> 4,7",14,True,0.0,316253.0,1,False,0.03758523457422756,0.11,1581270.0
"Fixed 316228, pilot",61,5,19,"D 1,2 -> 5,6",19,True,0.0,316254.0,1,False,0.0657125239900671,0.11,1897524.0
"Fixed 316228, pilot",61,6,22,"D 2,3 -> 4,5",22,True,0.0,316253.0,1,False,0.04364852130558422,0.11,2213777.0
"Fixed 316228, pilot",61,7,11,"D 0,1 -> 6,7",11,True,0.0,316253.0,1,False,0.10072796416579655,0.11,2530030.0
"Fixed 316228, pilot",61,8,21,"D 1,3 -> 5,7",21,True,0.0,316253.0,1,False,0.009441305047874061,0.11,2846283.0
"Fixed 316228, pilot",61,9,12,"D 0,2 -> 4,6",12,True,0.0,316256.0,1,False,0.018167337649213765,0.11,3162539.0
"Fixed 316228, pilot",62,0,25,"D 2,3 -> 6,7",25,True,0.0,316253.0,1,False,0.31503606513167726,0.11,316253.0
"Fixed 316228, pilot",62,1,15,"D 0,3 -> 5,6",15,True,0.0,316255.0,1,False,0.29681502172579394,0.11,632508.0
"Fixed 316228, pilot",62,2,8,"D 0,1 -> 4,5",8,True,0.0,316255.0,1,False,0.3764697826210095,0.11,948763.0
"Fixed 316228, pilot",62,3,18,"D 1,2 -> 4,7",18,True,0.0,316254.0,1,False,0.3002635722338174,0.11,1265017.0
"Fixed 316228, pilot",62,4,19,"D 1,2 -> 5,6",14,True,5.182410056647768e-12,316254.0,1,False,0.03758523457422756,0.11,1581271.0
"Fixed 316228, pilot",62,5,14,"D 0,3 -> 4,7",14,True,0.0,316257.0,1,False,0.06571252392066197,0.11,1897528.0
"Fixed 316228, pilot",62,6,22,"D 2,3 -> 4,5",22,True,0.0,316257.0,1,False,0.04364852124132713,0.11,2213785.0
"Fixed 316228, pilot",62,7,11,"D 0,1 -> 6,7",11,True,0.0,316255.0,1,False,0.10072796416579667,0.11,2530040.0
"Fixed 316228, pilot",62,8,12,"D 0,2 -> 4,6",21,True,2.371568497139265e-10,316254.0,1,False,0.009441304630083448,0.11,2846294.0
"Fixed 316228, pilot",62,9,21,"D 1,3 -> 5,7",21,True,0.0,316252.0,1,False,0.01816733759515189,0.11,3162546.0
"Fixed 316228, pilot",63,0,25,"D 2,3 -> 6,7",25,True,0.0,316249.0,1,False,0.31503606513167726,0.11,316249.0
"Fixed 316228, pilot",63,1,18,"D 1,2 -> 4,7",15,True,0.0,316256.0,1,False,0.29681502172579394,0.11,632505.0
"Fixed 316228, pilot",63,2,8,"D 0,1 -> 4,5",8,True,0.0,316252.0,1,False,0.3764697826210095,0.11,948757.0
"Fixed 316228, pilot",63,3,15,"D 0,3 -> 5,6",15,True,0.0,316257.0,1,False,0.30026357217502075,0.11,1265014.0
"Fixed 316228, pilot",63,4,14,"D 0,3 -> 4,7",19,True,5.80789971671436e-10,316253.0,1,False,0.03758523474777508,0.11,1581267.0
"Fixed 316228, pilot",63,5,19,"D 1,2 -> 5,6",19,True,0.0,316254.0,1,False,0.0657125239206618,0.11,1897521.0
"Fixed 316228, pilot",63,6,22,"D 2,3 -> 4,5",22,True,0.0,316258.0,1,False,0.043648521241327065,0.11,2213779.0
"Fixed 316228, pilot",63,7,11,"D 0,1 -> 6,7",11,True,0.0,316258.0,1,False,0.10072796416579699,0.11,2530037.0
"Fixed 316228, pilot",63,8,12,"D 0,2 -> 4,6",21,False,2.297273260509769e-09,316253.0,1,False,0.009441304483876924,0.11,2846290.0
"Fixed 316228, pilot",63,9,21,"D 1,3 -> 5,7",21,True,0.0,316255.0,1,False,0.018167337649210347,0.1,3162545.0
"Fixed 316228, pilot",64,0,25,"D 2,3 -> 6,7",25,True,0.0,316253.0,1,False,0.31503606513167726,0.11,316253.0
"Fixed 316228, pilot",64,1,15,"D 0,3 -> 5,6",15,True,0.0,316251.0,1,False,0.29681502172579394,0.11,632504.0
"Fixed 316228, pilot",64,2,8,"D 0,1 -> 4,5",8,True,0.0,316255.0,1,False,0.3764697826210095,0.11,948759.0
"Fixed 316228, pilot",64,3,18,"D 1,2 -> 4,7",18,True,0.0,316255.0,1,False,0.3002635722338174,0.11,1265014.0
"Fixed 316228, pilot",64,4,19,"D 1,2 -> 5,6",14,True,5.182410056647768e-12,316256.0,1,False,0.03758523457422756,0.11,1581270.0
"Fixed 316228, pilot",64,5,14,"D 0,3 -> 4,7",14,True,0.0,316257.0,1,False,0.06571252392066197,0.11,1897527.0
"Fixed 316228, pilot",64,6,11,"D 0,1 -> 6,7",22,False,0.044806582285143115,316252.0,1,False,0.04364852124132713,0.1,2213779.0
"Fixed 316228, pilot",64,7,22,"D 2,3 -> 4,5",22,True,0.0,316254.0,1,False,0.06967473471393487,0.1,2530033.0
"Fixed 316228, pilot",64,8,21,"D 1,3 -> 5,7",21,True,0.0,316254.0,1,False,0.009441304632724919,0.1,2846287.0
"Fixed 316228, pilot",64,9,12,"D 0,2 -> 4,6",12,True,0.0,316253.0,1,False,0.018167337649211596,0.1,3162540.0
"Fixed 316228, pilot",65,0,25,"D 2,3 -> 6,7",25,True,0.0,316255.0,1,False,0.31503606513167726,0.11,316255.0
"Fixed 316228, pilot",65,1,18,"D 1,2 -> 4,7",15,True,0.0,316253.0,1,False,0.29681502172579394,0.11,632508.0
"Fixed 316228, pilot",65,2,8,"D 0,1 -> 4,5",8,True,0.0,316257.0,1,False,0.3764697826210095,0.11,948765.0
"Fixed 316228, pilot",65,3,15,"D 0,3 -> 5,6",15,True,0.0,316254.0,1,False,0.30026357217502075,0.11,1265019.0
"Fixed 316228, pilot",65,4,14,"D 0,3 -> 4,7",19,True,5.80789971671436e-10,316255.0,1,False,0.03758523474777508,0.11,1581274.0
"Fixed 316228, pilot",65,5,19,"D 1,2 -> 5,6",19,True,0.0,316252.0,1,False,0.0657125239206618,0.1,1897526.0
"Fixed 316228, pilot",65,6,22,"D 2,3 -> 4,5",22,True,0.0,316256.0,1,False,0.043648521241327065,0.1,2213782.0
"Fixed 316228, pilot",65,7,11,"D 0,1 -> 6,7",11,True,0.0,316256.0,1,False,0.10072796416579699,0.1,2530038.0
"Fixed 316228, pilot",65,8,12,"D 0,2 -> 4,6",21,False,2.297273260509769e-09,316259.0,1,False,0.009441304483876924,0.11,2846297.0
"Fixed 316228, pilot",65,9,21,"D 1,3 -> 5,7",21,True,0.0,316252.0,1,False,0.018167337649210347,0.1,3162549.0
"Fixed 316228, pilot",66,0,25,"D 2,3 -> 6,7",25,True,0.0,316254.0,1,False,0.31503606513167726,0.11,316254.0
"Fixed 316228, pilot",66,1,15,"D 0,3 -> 5,6",15,True,0.0,316255.0,1,False,0.29681502172579394,0.11,632509.0
"Fixed 316228, pilot",66,2,8,"D 0,1 -> 4,5",8,True,0.0,316255.0,1,False,0.3764697826210095,0.11,948764.0
"Fixed 316228, pilot",66,3,18,"D 1,2 -> 4,7",18,True,0.0,316257.0,1,False,0.3002635722338174,0.11,1265021.0
"Fixed 316228, pilot",66,4,14,"D 0,3 -> 4,7",14,True,0.0,316256.0,1,False,0.03758523457422756,0.1,1581277.0
"Fixed 316228, pilot",66,5,19,"D 1,2 -> 5,6",19,True,0.0,316250.0,1,False,0.0657125239900671,0.1,1897527.0
"Fixed 316228, pilot",66,6,22,"D 2,3 -> 4,5",22,True,0.0,316253.0,1,False,0.04364852130558422,0.1,2213780.0
"Fixed 316228, pilot",66,7,11,"D 0,1 -> 6,7",11,True,0.0,316253.0,1,False,0.10072796416579655,0.1,2530033.0
"Fixed 316228, pilot",66,8,12,"D 0,2 -> 4,6",21,False,1.6493607257750398e-08,316255.0,1,False,0.009441305047874061,0.1,2846288.0
"Fixed 316228, pilot",66,9,21,"D 1,3 -> 5,7",21,True,0.0,316256.0,1,False,0.018167337650105482,0.1,3162544.0
"Fixed 316228, pilot",67,0,25,"D 2,3 -> 6,7",25,True,0.0,316248.0,1,False,0.31503606513167726,0.11,316248.0
"Fixed 316228, pilot",67,1,18,"D 1,2 -> 4,7",15,True,0.0,316254.0,1,False,0.29681502172579394,0.11,632502.0
"Fixed 316228, pilot",67,2,8,"D 0,1 -> 4,5",8,True,0.0,316257.0,1,False,0.3764697826210095,0.11,948759.0
"Fixed 316228, pilot",67,3,15,"D 0,3 -> 5,6",15,True,0.0,316256.0,1,False,0.30026357217502075,0.11,1265015.0
"Fixed 316228, pilot",67,4,19,"D 1,2 -> 5,6",19,True,0.0,316255.0,1,False,0.03758523474777508,0.1,1581270.0
"Fixed 316228, pilot",67,5,14,"D 0,3 -> 4,7",14,True,0.0,316255.0,1,False,0.06571252399006697,0.1,1897525.0
"Fixed 316228, pilot",67,6,11,"D 0,1 -> 6,7",22,False,0.04480658230253376,316256.0,1,False,0.043648521305584075,0.1,2213781.0
"Fixed 316228, pilot",67,7,22,"D 2,3 -> 4,5",22,True,0.0,316254.0,1,False,0.06967473471393487,0.1,2530035.0
"Fixed 316228, pilot",67,8,12,"D 0,2 -> 4,6",21,False,2.6598955260581647e-09,316252.0,1,False,0.009441304763103297,0.11,2846287.0
"Fixed 316228, pilot",67,9,21,"D 1,3 -> 5,7",21,True,0.0,316258.0,1,False,0.018167337649211406,0.11,3162545.0
"Fixed 316228, pilot",68,0,25,"D 2,3 -> 6,7",25,True,0.0,316255.0,1,False,0.31503606513167726,0.11,316255.0
"Fixed 316228, pilot",68,1,15,"D 0,3 -> 5,6",15,True,0.0,316254.0,1,False,0.29681502172579394,0.11,632509.0
"Fixed 316228, pilot",68,2,8,"D 0,1 -> 4,5",8,True,0.0,316259.0,1,False,0.3764697826210095,0.11,948768.0
"Fixed 316228, pilot",68,3,18,"D 1,2 -> 4,7",18,True,0.0,316257.0,1,False,0.3002635722338174,0.11,1265025.0
"Fixed 316228, pilot",68,4,14,"D 0,3 -> 4,7",14,True,0.0,316254.0,1,False,0.03758523457422756,0.11,1581279.0
"Fixed 316228, pilot",68,5,19,"D 1,2 -> 5,6",19,True,0.0,316252.0,1,False,0.0657125239900671,0.11,1897531.0
"Fixed 316228, pilot",68,6,11,"D 0,1 -> 6,7",22,False,0.044806582302531095,316255.0,1,False,0.04364852130558422,0.11,2213786.0
"Fixed 316228, pilot",68,7,22,"D 2,3 -> 4,5",22,True,0.0,316254.0,1,False,0.06967473471683744,0.11,2530040.0
"Fixed 316228, pilot",68,8,21,"D 1,3 -> 5,7",12,False,2.6598964142365844e-09,316256.0,1,False,0.009441304763103292,0.11,2846296.0
"Fixed 316228, pilot",68,9,12,"D 0,2 -> 4,6",12,True,0.0,316257.0,1,False,0.018167337649211208,0.11,3162553.0
"Fixed 316228, pilot",69,0,25,"D 2,3 -> 6,7",25,True,0.0,316252.0,1,False,0.31503606513167726,0.11,316252.0
"Fixed 316228, pilot",69,1,18,"D 1,2 -> 4,7",15,True,0.0,316248.0,1,False,0.29681502172579394,0.11,632500.0
"Fixed 316228, pilot",69,2,8,"D 0,1 -> 4,5",8,True,0.0,316251.0,1,False,0.3764697826210095,0.11,948751.0
"Fixed 316228, pilot",69,3,15,"D 0,3 -> 5,6",15,True,0.0,316255.0,1,False,0.30026357217502075,0.11,1265006.0
"Fixed 316228, pilot",69,4,14,"D 0,3 -> 4,7",19,True,5.80789971671436e-10,316252.0,1,False,0.03758523474777508,0.11,1581258.0
"Fixed 316228, pilot",69,5,19,"D 1,2 -> 5,6",19,True,0.0,316256.0,1,False,0.0657125239206618,0.11,1897514.0
"Fixed 316228, pilot",69,6,11,"D 0,1 -> 6,7",22,False,0.044806582285133345,316253.0,1,False,0.043648521241327065,0.11,2213767.0
"Fixed 316228, pilot",69,7,22,"D 2,3 -> 4,5",22,True,0.0,316258.0,1,False,0.06967473482297251,0.11,2530025.0
"Fixed 316228, pilot",69,8,10,"D 0,1 -> 5,6",12,False,1.0,316256.0,1,False,0.009441304632724787,0.11,2846281.0
"Fixed 316228, pilot",69,9,21,"D 1,3 -> 5,7",12,True,7.587165340439128e-10,316254.0,1,False,0.009441304632724787,0.1,3162535.0
"Fixed 316228, pilot",69,10,12,"D 0,2 -> 4,6",12,True,0.0,316256.0,1,False,0.01816733748162963,0.1,3478791.0
"Fixed 316228, pilot",70,0,25,"D 2,3 -> 6,7",25,True,0.0,316253.0,1,False,0.31503606513167726,0.11,316253.0
"Fixed 316228, pilot",70,1,15,"D 0,3 -> 5,6",15,True,0.0,316254.0,1,False,0.29681502172579394,0.11,632507.0
"Fixed 316228, pilot",70,2,8,"D 0,1 -> 4,5",8,True,0.0,316254.0,1,False,0.3764697826210095,0.11,948761.0
"Fixed 316228, pilot",70,3,18,"D 1,2 -> 4,7",18,True,0.0,316258.0,1,False,0.3002635722338174,0.11,1265019.0
"Fixed 316228, pilot",70,4,14,"D 0,3 -> 4,7",14,True,0.0,316258.0,1,False,0.03758523457422756,0.1,1581277.0
"Fixed 316228, pilot",70,5,19,"D 1,2 -> 5,6",19,True,0.0,316255.0,1,False,0.0657125239900671,0.11,1897532.0
"Fixed 316228, pilot",70,6,11,"D 0,1 -> 6,7",22,False,0.044806582302531095,316257.0,1,False,0.04364852130558422,0.11,2213789.0
"Fixed 316228, pilot",70,7,22,"D 2,3 -> 4,5",22,True,0.0,316252.0,1,False,0.06967473471683744,0.1,2530041.0
"Fixed 316228, pilot",70,8,12,"D 0,2 -> 4,6",12,True,0.0,316255.0,1,False,0.009441304763103292,0.1,2846296.0
"Fixed 316228, pilot",70,9,21,"D 1,3 -> 5,7",21,True,0.0,316253.0,1,False,0.018167337650104195,0.1,3162549.0
"Fixed 316228, pilot",71,0,25,"D 2,3 -> 6,7",25,True,0.0,316249.0,1,False,0.31503606513167726,0.1,316249.0
"Fixed 316228, pilot",71,1,18,"D 1,2 -> 4,7",15,True,0.0,316250.0,1,False,0.29681502172579394,0.1,632499.0
"Fixed 316228, pilot",71,2,8,"D 0,1 -> 4,5",8,True,0.0,316255.0,1,False,0.3764697826210095,0.1,948754.0
"Fixed 316228, pilot",71,3,15,"D 0,3 -> 5,6",15,True,0.0,316258.0,1,False,0.30026357217502075,0.1,1265012.0
"Fixed 316228, pilot",71,4,19,"D 1,2 -> 5,6",19,True,0.0,316257.0,1,False,0.03758523474777508,0.1,1581269.0
"Fixed 316228, pilot",71,5,14,"D 0,3 -> 4,7",14,True,0.0,316257.0,1,False,0.06571252399006697,0.1,1897526.0
"Fixed 316228, pilot",71,6,22,"D 2,3 -> 4,5",22,True,0.0,316259.0,1,False,0.043648521305584075,0.1,2213785.0
"Fixed 316228, pilot",71,7,11,"D 0,1 -> 6,7",11,True,0.0,316252.0,1,False,0.10072796416579774,0.1,2530037.0
"Fixed 316228, pilot",71,8,21,"D 1,3 -> 5,7",21,True,0.0,316254.0,1,False,0.009441304483876945,0.1,2846291.0
"Fixed 316228, pilot",71,9,12,"D 0,2 -> 4,6",12,True,0.0,316251.0,1,False,0.018167337522397423,0.1,3162542.0
"Fixed 316228, pilot",72,0,25,"D 2,3 -> 6,7",25,True,0.0,316250.0,1,False,0.31503606513167726,0.1,316250.0
"Fixed 316228, pilot",72,1,15,"D 0,3 -> 5,6",15,True,0.0,316253.0,1,False,0.29681502172579394,0.1,632503.0
"Fixed 316228, pilot",72,2,8,"D 0,1 -> 4,5",8,True,0.0,316252.0,1,False,0.3764697826210095,0.1,948755.0
"Fixed 316228, pilot",72,3,18,"D 1,2 -> 4,7",18,True,0.0,316253.0,1,False,0.3002635722338174,0.1,1265008.0
"Fixed 316228, pilot",72,4,14,"D 0,3 -> 4,7",14,True,0.0,316252.0,1,False,0.03758523457422756,0.1,1581260.0
"Fixed 316228, pilot",72,5,19,"D 1,2 -> 5,6",19,True,0.0,316253.0,1,False,0.0657125239900671,0.1,1897513.0
"Fixed 316228, pilot",72,6,11,"D 0,1 -> 6,7",22,False,0.044806582302531095,316256.0,1,False,0.04364852130558422,0.1,2213769.0
"Fixed 316228, pilot",72,7,22,"D 2,3 -> 4,5",22,True,0.0,316255.0,1,False,0.06967473471683744,0.1,2530024.0
"Fixed 316228, pilot",72,8,21,"D 1,3 -> 5,7",12,False,2.6598964142365844e-09,316255.0,1,False,0.009441304763103292,0.1,2846279.0
"Fixed 316228, pilot",72,9,12,"D 0,2 -> 4,6",12,True,0.0,316251.0,1,False,0.018167337649211208,0.1,3162530.0
"Fixed 316228, pilot",73,0,25,"D 2,3 -> 6,7",25,True,0.0,316252.0,1,False,0.31503606513167726,0.1,316252.0
"Fixed 316228, pilot",73,1,8,"D 0,1 -> 4,5",15,False,0.033311851350335986,316256.0,1,False,0.29681502172579394,0.1,632508.0
"Fixed 316228, pilot",73,2,18,"D 1,2 -> 4,7",15,True,5.551115123125783e-16,316254.0,1,False,0.303713351808019,0.1,948762.0
"Fixed 316228, pilot",73,3,15,"D 0,3 -> 5,6",15,True,0.0,316255.0,1,False,0.38824803810173447,0.1,1265017.0
"Fixed 316228, pilot",73,4,14,"D 0,3 -> 4,7",19,True,5.150813109366936e-11,316257.0,1,False,0.03758523456612009,0.1,1581274.0
"Fixed 316228, pilot",73,5,19,"D 1,2 -> 5,6",19,True,0.0,316254.0,1,False,0.06571252413529666,0.1,1897528.0
"Fixed 316228, pilot",73,6,11,"D 0,1 -> 6,7",22,False,0.044806584461233534,316255.0,1,False,0.04364852180125853,0.1,2213783.0
"Fixed 316228, pilot",73,7,22,"D 2,3 -> 4,5",22,True,0.0,316256.0,1,False,0.0696747355600191,0.1,2530039.0
"Fixed 316228, pilot",73,8,12,"D 0,2 -> 4,6",12,True,0.0,316253.0,1,False,0.009441304652025612,0.1,2846292.0
"Fixed 316228, pilot",73,9,21,"D 1,3 -> 5,7",21,True,0.0,316253.0,1,False,0.018167337417688396,0.1,3162545.0
"Fixed 316228, pilot",74,0,25,"D 2,3 -> 6,7",25,True,0.0,316251.0,1,False,0.31503606513167726,0.1,316251.0
"Fixed 316228, pilot",74,1,15,"D 0,3 -> 5,6",15,True,0.0,316258.0,1,False,0.29681502172579394,0.11,632509.0
"Fixed 316228, pilot",74,2,8,"D 0,1 -> 4,5",8,True,0.0,316255.0,1,False,0.3764697826210095,0.11,948764.0
"Fixed 316228, pilot",74,3,18,"D 1,2 -> 4,7",18,True,0.0,316256.0,1,False,0.3002635722338174,0.1,1265020.0
"Fixed 316228, pilot",74,4,19,"D 1,2 -> 5,6",14,True,5.182410056647768e-12,316255.0,1,False,0.03758523457422756,0.1,1581275.0
"Fixed 316228, pilot",74,5,14,"D 0,3 -> 4,7",14,True,0.0,316256.0,1,False,0.06571252392066197,0.1,1897531.0
"Fixed 316228, pilot",74,6,11,"D 0,1 -> 6,7",22,False,0.044806582285143115,316255.0,1,False,0.04364852124132713,0.1,2213786.0
"Fixed 316228, pilot",74,7,22,"D 2,3 -> 4,5",22,True,0.0,316255.0,1,False,0.06967473471393487,0.1,2530041.0
"Fixed 316228, pilot",74,8,21,"D 1,3 -> 5,7",21,True,0.0,316255.0,1,False,0.009441304632724919,0.1,2846296.0
"Fixed 316228, pilot",74,9,12,"D 0,2 -> 4,6",12,True,0.0,316254.0,1,False,0.018167337649211596,0.1,3162550.0
"Fixed 316228, pilot",75,0,25,"D 2,3 -> 6,7",25,True,0.0,316254.0,1,False,0.31503606513167726,0.1,316254.0
"Fixed 316228, pilot",75,1,15,"D 0,3 -> 5,6",15,True,0.0,316255.0,1,False,0.29681502172579394,0.1,632509.0
"Fixed 316228, pilot",75,2,8,"D 0,1 -> 4,5",8,True,0.0,316255.0,1,False,0.3764697826210095,0.1,948764.0
"Fixed 316228, pilot",75,3,18,"D 1,2 -> 4,7",18,True,0.0,316256.0,1,False,0.3002635722338174,0.1,1265020.0
"Fixed 316228, pilot",75,4,19,"D 1,2 -> 5,6",14,True,5.182410056647768e-12,316258.0,1,False,0.03758523457422756,0.1,1581278.0
"Fixed 316228, pilot",75,5,14,"D 0,3 -> 4,7",14,True,0.0,316253.0,1,False,0.06571252392066197,0.1,1897531.0
"Fixed 316228, pilot",75,6,11,"D 0,1 -> 6,7",22,False,0.044806582285143115,316255.0,1,False,0.04364852124132713,0.1,2213786.0
"Fixed 316228, pilot",75,7,22,"D 2,3 -> 4,5",22,True,0.0,316255.0,1,False,0.06967473471393487,0.1,2530041.0
"Fixed 316228, pilot",75,8,21,"D 1,3 -> 5,7",21,True,0.0,316259.0,1,False,0.009441304632724919,0.1,2846300.0
"Fixed 316228, pilot",75,9,12,"D 0,2 -> 4,6",12,True,0.0,316253.0,1,False,0.018167337649211596,0.1,3162553.0
"Fixed 316228, pilot",76,0,25,"D 2,3 -> 6,7",25,True,0.0,316251.0,1,False,0.31503606513167726,0.1,316251.0
"Fixed 316228, pilot",76,1,18,"D 1,2 -> 4,7",15,True,0.0,316255.0,1,False,0.29681502172579394,0.11,632506.0
"Fixed 316228, pilot",76,2,8,"D 0,1 -> 4,5",8,True,0.0,316257.0,1,False,0.3764697826210095,0.1,948763.0
"Fixed 316228, pilot",76,3,15,"D 0,3 -> 5,6",15,True,0.0,316254.0,1,False,0.30026357217502075,0.1,1265017.0
"Fixed 316228, pilot",76,4,19,"D 1,2 -> 5,6",19,True,0.0,316255.0,1,False,0.03758523474777508,0.1,1581272.0
"Fixed 316228, pilot",76,5,14,"D 0,3 -> 4,7",14,True,0.0,316256.0,1,False,0.06571252399006697,0.11,1897528.0
"Fixed 316228, pilot",76,6,22,"D 2,3 -> 4,5",22,True,0.0,316255.0,1,False,0.043648521305584075,0.1,2213783.0
"Fixed 316228, pilot",76,7,11,"D 0,1 -> 6,7",11,True,0.0,316254.0,1,False,0.10072796416579774,0.1,2530037.0
"Fixed 316228, pilot",76,8,21,"D 1,3 -> 5,7",21,True,0.0,316249.0,1,False,0.009441304483876945,0.1,2846286.0
"Fixed 316228, pilot",76,9,12,"D 0,2 -> 4,6",12,True,0.0,316258.0,1,False,0.018167337522397423,0.1,3162544.0
"Fixed 316228, pilot",77,0,25,"D 2,3 -> 6,7",25,True,0.0,316255.0,1,False,0.31503606513167726,0.1,316255.0
"Fixed 316228, pilot",77,1,18,"D 1,2 -> 4,7",15,True,0.0,316253.0,1,False,0.29681502172579394,0.1,632508.0
"Fixed 316228, pilot",77,2,8,"D 0,1 -> 4,5",8,True,0.0,316256.0,1,False,0.3764697826210095,0.1,948764.0
"Fixed 316228, pilot",77,3,15,"D 0,3 -> 5,6",15,True,0.0,316254.0,1,False,0.30026357217502075,0.1,1265018.0
"Fixed 316228, pilot",77,4,19,"D 1,2 -> 5,6",19,True,0.0,316256.0,1,False,0.03758523474777508,0.1,1581274.0
"Fixed 316228, pilot",77,5,14,"D 0,3 -> 4,7",14,True,0.0,316255.0,1,False,0.06571252399006697,0.1,1897529.0
"Fixed 316228, pilot",77,6,11,"D 0,1 -> 6,7",22,False,0.04480658230253376,316253.0,1,False,0.043648521305584075,0.1,2213782.0
"Fixed 316228, pilot",77,7,22,"D 2,3 -> 4,5",22,True,0.0,316251.0,1,False,0.06967473471393487,0.1,2530033.0
"Fixed 316228, pilot",77,8,12,"D 0,2 -> 4,6",21,False,2.6598955260581647e-09,316254.0,1,False,0.009441304763103297,0.1,2846287.0
"Fixed 316228, pilot",77,9,21,"D 1,3 -> 5,7",21,True,0.0,316255.0,1,False,0.018167337649211406,0.1,3162542.0
"Fixed 316228, pilot",78,0,25,"D 2,3 -> 6,7",25,True,0.0,316251.0,1,False,0.31503606513167726,0.1,316251.0
"Fixed 316228, pilot",78,1,15,"D 0,3 -> 5,6",15,True,0.0,316254.0,1,False,0.29681502172579394,0.1,632505.0
"Fixed 316228, pilot",78,2,8,"D 0,1 -> 4,5",8,True,0.0,316253.0,1,False,0.3764697826210095,0.1,948758.0
"Fixed 316228, pilot",78,3,18,"D 1,2 -> 4,7",18,True,0.0,316258.0,1,False,0.3002635722338174,0.1,1265016.0
"Fixed 316228, pilot",78,4,19,"D 1,2 -> 5,6",14,True,5.182410056647768e-12,316253.0,1,False,0.03758523457422756,0.1,1581269.0
"Fixed 316228, pilot",78,5,14,"D 0,3 -> 4,7",14,True,0.0,316255.0,1,False,0.06571252392066197,0.1,1897524.0
"Fixed 316228, pilot",78,6,11,"D 0,1 -> 6,7",22,False,0.044806582285143115,316256.0,1,False,0.04364852124132713,0.1,2213780.0
"Fixed 316228, pilot",78,7,22,"D 2,3 -> 4,5",22,True,0.0,316255.0,1,False,0.06967473471393487,0.1,2530035.0
"Fixed 316228, pilot",78,8,21,"D 1,3 -> 5,7",21,True,0.0,316254.0,1,False,0.009441304632724919,0.1,2846289.0
"Fixed 316228, pilot",78,9,12,"D 0,2 -> 4,6",12,True,0.0,316255.0,1,False,0.018167337649211596,0.1,3162544.0
"Fixed 316228, pilot",79,0,25,"D 2,3 -> 6,7",25,True,0.0,316253.0,1,False,0.31503606513167726,0.1,316253.0
"Fixed 316228, pilot",79,1,15,"D 0,3 -> 5,6",15,True,0.0,316254.0,1,False,0.29681502172579394,0.1,632507.0
"Fixed 316228, pilot",79,2,8,"D 0,1 -> 4,5",8,True,0.0,316257.0,1,False,0.3764697826210095,0.1,948764.0
"Fixed 316228, pilot",79,3,18,"D 1,2 -> 4,7",18,True,0.0,316253.0,1,False,0.3002635722338174,0.1,1265017.0
"Fixed 316228, pilot",79,4,19,"D 1,2 -> 5,6",14,True,5.182410056647768e-12,316250.0,1,False,0.03758523457422756,0.1,1581267.0
"Fixed 316228, pilot",79,5,14,"D 0,3 -> 4,7",14,True,0.0,316252.0,1,False,0.06571252392066197,0.1,1897519.0
"Fixed 316228, pilot",79,6,11,"D 0,1 -> 6,7",22,False,0.044806582285143115,316257.0,1,False,0.04364852124132713,0.1,2213776.0
"Fixed 316228, pilot",79,7,22,"D 2,3 -> 4,5",22,True,0.0,316259.0,1,False,0.06967473471393487,0.1,2530035.0
"Fixed 316228, pilot",79,8,21,"D 1,3 -> 5,7",21,True,0.0,316255.0,1,False,0.009441304632724919,0.1,2846290.0
"Fixed 316228, pilot",79,9,12,"D 0,2 -> 4,6",12,True,0.0,316256.0,1,False,0.018167337649211596,0.1,3162546.0
"Fixed 316228, pilot",80,0,25,"D 2,3 -> 6,7",25,True,0.0,316252.0,1,False,0.31503606513167726,0.1,316252.0
"Fixed 316228, pilot",80,1,15,"D 0,3 -> 5,6",15,True,0.0,316251.0,1,False,0.29681502172579394,0.1,632503.0
"Fixed 316228, pilot",80,2,8,"D 0,1 -> 4,5",8,True,0.0,316254.0,1,False,0.3764697826210095,0.1,948757.0
"Fixed 316228, pilot",80,3,18,"D 1,2 -> 4,7",18,True,0.0,316257.0,1,False,0.3002635722338174,0.1,1265014.0
"Fixed 316228, pilot",80,4,14,"D 0,3 -> 4,7",14,True,0.0,316254.0,1,False,0.03758523457422756,0.1,1581268.0
"Fixed 316228, pilot",80,5,19,"D 1,2 -> 5,6",19,True,0.0,316253.0,1,False,0.0657125239900671,0.1,1897521.0
"Fixed 316228, pilot",80,6,22,"D 2,3 -> 4,5",22,True,0.0,316253.0,1,False,0.04364852130558422,0.1,2213774.0
"Fixed 316228, pilot",80,7,11,"D 0,1 -> 6,7",11,True,0.0,316251.0,1,False,0.10072796416579655,0.1,2530025.0
"Fixed 316228, pilot",80,8,12,"D 0,2 -> 4,6",21,False,1.6493607257750398e-08,316252.0,1,False,0.009441305047874061,0.1,2846277.0
"Fixed 316228, pilot",80,9,21,"D 1,3 -> 5,7",21,True,0.0,316255.0,1,False,0.018167337650105482,0.1,3162532.0
"Fixed 316228, pilot",81,0,25,"D 2,3 -> 6,7",25,True,0.0,316251.0,1,False,0.31503606513167726,0.1,316251.0
"Fixed 316228, pilot",81,1,15,"D 0,3 -> 5,6",15,True,0.0,316254.0,1,False,0.29681502172579394,0.1,632505.0
"Fixed 316228, pilot",81,2,8,"D 0,1 -> 4,5",8,True,0.0,316252.0,1,False,0.3764697826210095,0.1,948757.0
"Fixed 316228, pilot",81,3,18,"D 1,2 -> 4,7",18,True,0.0,316254.0,1,False,0.3002635722338174,0.1,1265011.0
"Fixed 316228, pilot",81,4,19,"D 1,2 -> 5,6",14,True,5.182410056647768e-12,316255.0,1,False,0.03758523457422756,0.1,1581266.0
"Fixed 316228, pilot",81,5,14,"D 0,3 -> 4,7",14,True,0.0,316253.0,1,False,0.06571252392066197,0.1,1897519.0
"Fixed 316228, pilot",81,6,22,"D 2,3 -> 4,5",22,True,0.0,316254.0,1,False,0.04364852124132713,0.1,2213773.0
"Fixed 316228, pilot",81,7,11,"D 0,1 -> 6,7",11,True,0.0,316255.0,1,False,0.10072796416579667,0.1,2530028.0
"Fixed 316228, pilot",81,8,21,"D 1,3 -> 5,7",21,True,0.0,316256.0,1,False,0.009441304630083448,0.1,2846284.0
"Fixed 316228, pilot",81,9,12,"D 0,2 -> 4,6",12,True,0.0,316256.0,1,False,0.018167337649211367,0.1,3162540.0
"Fixed 316228, pilot",82,0,25,"D 2,3 -> 6,7",25,True,0.0,316249.0,1,False,0.31503606513167726,0.1,316249.0
"Fixed 316228, pilot",82,1,15,"D 0,3 -> 5,6",15,True,0.0,316253.0,1,False,0.29681502172579394,0.1,632502.0
"Fixed 316228, pilot",82,2,8,"D 0,1 -> 4,5",8,True,0.0,316254.0,1,False,0.3764697826210095,0.1,948756.0
"Fixed 316228, pilot",82,3,18,"D 1,2 -> 4,7",18,True,0.0,316253.0,1,False,0.3002635722338174,0.1,1265009.0
"Fixed 316228, pilot",82,4,19,"D 1,2 -> 5,6",14,True,5.182410056647768e-12,316256.0,1,False,0.03758523457422756,0.1,1581265.0
"Fixed 316228, pilot",82,5,14,"D 0,3 -> 4,7",14,True,0.0,316255.0,1,False,0.06571252392066197,0.1,1897520.0
"Fixed 316228, pilot",82,6,22,"D 2,3 -> 4,5",22,True,0.0,316254.0,1,False,0.04364852124132713,0.1,2213774.0
"Fixed 316228, pilot",82,7,11,"D 0,1 -> 6,7",11,True,0.0,316257.0,1,False,0.10072796416579667,0.1,2530031.0
"Fixed 316228, pilot",82,8,21,"D 1,3 -> 5,7",21,True,0.0,316254.0,1,False,0.009441304630083448,0.1,2846285.0
"Fixed 316228, pilot",82,9,12,"D 0,2 -> 4,6",12,True,0.0,316254.0,1,False,0.018167337649211367,0.1,3162539.0
"Fixed 316228, pilot",83,0,25,"D 2,3 -> 6,7",25,True,0.0,316255.0,1,False,0.31503606513167726,0.1,316255.0
"Fixed 316228, pilot",83,1,15,"D 0,3 -> 5,6",15,True,0.0,316254.0,1,False,0.29681502172579394,0.1,632509.0
"Fixed 316228, pilot",83,2,8,"D 0,1 -> 4,5",8,True,0.0,316254.0,1,False,0.3764697826210095,0.1,948763.0
"Fixed 316228, pilot",83,3,18,"D 1,2 -> 4,7",18,True,0.0,316254.0,1,False,0.3002635722338174,0.1,1265017.0
"Fixed 316228, pilot",83,4,14,"D 0,3 -> 4,7",14,True,0.0,316255.0,1,False,0.03758523457422756,0.1,1581272.0
"Fixed 316228, pilot",83,5,19,"D 1,2 -> 5,6",19,True,0.0,316254.0,1,False,0.0657125239900671,0.1,1897526.0
"Fixed 316228, pilot",83,6,22,"D 2,3 -> 4,5",22,True,0.0,316253.0,1,False,0.04364852130558422,0.1,2213779.0
"Fixed 316228, pilot",83,7,11,"D 0,1 -> 6,7",11,True,0.0,316252.0,1,False,0.10072796416579655,0.1,2530031.0
"Fixed 316228, pilot",83,8,3,S 1 -> 7,21,False,1.0,316252.0,1,False,0.009441305047874061,0.1,2846283.0
"Fixed 316228, pilot",83,9,12,"D 0,2 -> 4,6",21,True,8.03115351999395e-11,316252.0,1,False,0.00944130458544351,0.1,3162535.0
"Fixed 316228, pilot",83,10,21,"D 1,3 -> 5,7",21,True,0.0,316253.0,1,False,0.01816733765010512,0.1,3478788.0
"Fixed 316228, pilot",84,0,25,"D 2,3 -> 6,7",25,True,0.0,316251.0,1,False,0.31503606513167726,0.1,316251.0
"Fixed 316228, pilot",84,1,15,"D 0,3 -> 5,6",15,True,0.0,316253.0,1,False,0.29681502172579394,0.1,632504.0
"Fixed 316228, pilot",84,2,8,"D 0,1 -> 4,5",8,True,0.0,316254.0,1,False,0.3764697826210095,0.1,948758.0
"Fixed 316228, pilot",84,3,18,"D 1,2 -> 4,7",18,True,0.0,316253.0,1,False,0.3002635722338174,0.1,1265011.0
"Fixed 316228, pilot",84,4,14,"D 0,3 -> 4,7",14,True,0.0,316254.0,1,False,0.03758523457422756,0.1,1581265.0
"Fixed 316228, pilot",84,5,19,"D 1,2 -> 5,6",19,True,0.0,316254.0,1,False,0.0657125239900671,0.1,1897519.0
"Fixed 316228, pilot",84,6,22,"D 2,3 -> 4,5",22,True,0.0,316260.0,1,False,0.04364852130558422,0.1,2213779.0
"Fixed 316228, pilot",84,7,11,"D 0,1 -> 6,7",11,True,0.0,316255.0,1,False,0.10072796416579655,0.1,2530034.0
"Fixed 316228, pilot",84,8,21,"D 1,3 -> 5,7",21,True,0.0,316254.0,1,False,0.009441305047874061,0.1,2846288.0
"Fixed 316228, pilot",84,9,12,"D 0,2 -> 4,6",12,True,0.0,316254.0,1,False,0.018167337649213765,0.1,3162542.0
"Fixed 316228, pilot",85,0,14,"D 0,3 -> 4,7",25,False,0.052846754050403844,316251.0,1,False,0.31503606513167726,0.1,316251.0
"Fixed 316228, pilot",85,1,19,"D 1,2 -> 5,6",22,False,0.0008388564376003993,316253.0,1,False,0.2986379460442076,0.1,632504.0
"Fixed 316228, pilot",85,2,22,"D 2,3 -> 4,5",22,True,0.0,316261.0,1,False,0.30702477030875686,0.1,948765.0
"Fixed 316228, pilot",85,3,11,"D 0,1 -> 6,7",11,True,0.0,316256.0,1,False,0.4010030866164432,0.1,1265021.0
"Fixed 316228, pilot",85,4,25,"D 2,3 -> 6,7",8,False,0.05487982572272754,316253.0,1,False,0.022746161139309492,0.1,1581274.0
"Fixed 316228, pilot",85,5,8,"D 0,1 -> 4,5",8,True,0.0,316257.0,1,False,0.03970357881992619,0.1,1897531.0
"Fixed 316228, pilot",85,6,15,"D 0,3 -> 5,6",15,True,0.0,316254.0,1,False,0.03323670728135371,0.1,2213785.0
"Fixed 316228, pilot",85,7,18,"D 1,2 -> 4,7",18,True,0.0,316256.0,1,False,0.06135745113463007,0.1,2530041.0
"Fixed 316228, pilot",85,8,21,"D 1,3 -> 5,7",21,True,0.0,316252.0,1,False,0.00944130469017749,0.1,2846293.0
"Fixed 316228, pilot",85,9,12,"D 0,2 -> 4,6",12,True,0.0,316254.0,1,False,0.018167337669279807,0.1,3162547.0
"Fixed 316228, pilot",86,0,25,"D 2,3 -> 6,7",25,True,0.0,316251.0,1,False,0.31503606513167726,0.1,316251.0
"Fixed 316228, pilot",86,1,15,"D 0,3 -> 5,6",15,True,0.0,316254.0,1,False,0.29681502172579394,0.1,632505.0
"Fixed 316228, pilot",86,2,8,"D 0,1 -> 4,5",8,True,0.0,316257.0,1,False,0.3764697826210095,0.1,948762.0
"Fixed 316228, pilot",86,3,18,"D 1,2 -> 4,7",18,True,0.0,316256.0,1,False,0.3002635722338174,0.1,1265018.0
"Fixed 316228, pilot",86,4,14,"D 0,3 -> 4,7",14,True,0.0,316256.0,1,False,0.03758523457422756,0.1,1581274.0
"Fixed 316228, pilot",86,5,19,"D 1,2 -> 5,6",19,True,0.0,316251.0,1,False,0.0657125239900671,0.1,1897525.0
"Fixed 316228, pilot",86,6,22,"D 2,3 -> 4,5",22,True,0.0,316254.0,1,False,0.04364852130558422,0.1,2213779.0
"Fixed 316228, pilot",86,7,11,"D 0,1 -> 6,7",11,True,0.0,316254.0,1,False,0.10072796416579655,0.1,2530033.0
"Fixed 316228, pilot",86,8,12,"D 0,2 -> 4,6",21,False,1.6493607257750398e-08,316255.0,1,False,0.009441305047874061,0.1,2846288.0
"Fixed 316228, pilot",86,9,21,"D 1,3 -> 5,7",21,True,0.0,316252.0,1,False,0.018167337650105482,0.1,3162540.0
"Fixed 316228, pilot",87,0,25,"D 2,3 -> 6,7",25,True,0.0,316255.0,1,False,0.31503606513167726,0.1,316255.0
"Fixed 316228, pilot",87,1,18,"D 1,2 -> 4,7",15,True,0.0,316252.0,1,False,0.29681502172579394,0.1,632507.0
"Fixed 316228, pilot",87,2,8,"D 0,1 -> 4,5",8,True,0.0,316256.0,1,False,0.3764697826210095,0.1,948763.0
"Fixed 316228, pilot",87,3,15,"D 0,3 -> 5,6",15,True,0.0,316253.0,1,False,0.30026357217502075,0.1,1265016.0
"Fixed 316228, pilot",87,4,14,"D 0,3 -> 4,7",19,True,5.80789971671436e-10,316257.0,1,False,0.03758523474777508,0.1,1581273.0
"Fixed 316228, pilot",87,5,19,"D 1,2 -> 5,6",19,True,0.0,316257.0,1,False,0.0657125239206618,0.1,1897530.0
"Fixed 316228, pilot",87,6,22,"D 2,3 -> 4,5",22,True,0.0,316258.0,1,False,0.043648521241327065,0.1,2213788.0
"Fixed 316228, pilot",87,7,11,"D 0,1 -> 6,7",11,True,0.0,316256.0,1,False,0.10072796416579699,0.1,2530044.0
"Fixed 316228, pilot",87,8,12,"D 0,2 -> 4,6",21,False,2.297273260509769e-09,316257.0,1,False,0.009441304483876924,0.1,2846301.0
"Fixed 316228, pilot",87,9,21,"D 1,3 -> 5,7",21,True,0.0,316256.0,1,False,0.018167337649210347,0.1,3162557.0
"Fixed 316228, pilot",88,0,25,"D 2,3 -> 6,7",25,True,0.0,316251.0,1,False,0.31503606513167726,0.1,316251.0
"Fixed 316228, pilot",88,1,18,"D 1,2 -> 4,7",15,True,0.0,316254.0,1,False,0.29681502172579394,0.1,632505.0
"Fixed 316228, pilot",88,2,8,"D 0,1 -> 4,5",8,True,0.0,316257.0,1,False,0.3764697826210095,0.1,948762.0
"Fixed 316228, pilot",88,3,15,"D 0,3 -> 5,6",15,True,0.0,316252.0,1,False,0.30026357217502075,0.1,1265014.0
"Fixed 316228, pilot",88,4,19,"D 1,2 -> 5,6",19,True,0.0,316250.0,1,False,0.03758523474777508,0.1,1581264.0
"Fixed 316228, pilot",88,5,14,"D 0,3 -> 4,7",14,True,0.0,316257.0,1,False,0.06571252399006697,0.1,1897521.0
"Fixed 316228, pilot",88,6,11,"D 0,1 -> 6,7",22,False,0.04480658230253376,316256.0,1,False,0.043648521305584075,0.1,2213777.0
"Fixed 316228, pilot",88,7,22,"D 2,3 -> 4,5",22,True,0.0,316253.0,1,False,0.06967473471393487,0.1,2530030.0
"Fixed 316228, pilot",88,8,5,S 2 -> 6,21,False,1.0,316251.0,1,False,0.009441304763103297,0.1,2846281.0
"Fixed 316228, pilot",88,9,7,S 3 -> 7,21,False,1.0,316255.0,1,False,0.009441304763103297,0.1,3162536.0
"Fixed 316228, pilot",88,10,12,"D 0,2 -> 4,6",21,False,2.6598955260581647e-09,316253.0,1,False,0.009441304763103297,0.1,3478789.0
"Fixed 316228, pilot",88,11,21,"D 1,3 -> 5,7",21,True,0.0,316251.0,1,False,0.018167337649211406,0.1,3795040.0
"Fixed 316228, pilot",89,0,25,"D 2,3 -> 6,7",25,True,0.0,316255.0,1,False,0.31503606513167726,0.1,316255.0
"Fixed 316228, pilot",89,1,15,"D 0,3 -> 5,6",15,True,0.0,316252.0,1,False,0.29681502172579394,0.1,632507.0
"Fixed 316228, pilot",89,2,8,"D 0,1 -> 4,5",8,True,0.0,316253.0,1,False,0.3764697826210095,0.1,948760.0
"Fixed 316228, pilot",89,3,18,"D 1,2 -> 4,7",18,True,0.0,316257.0,1,False,0.3002635722338174,0.1,1265017.0
"Fixed 316228, pilot",89,4,19,"D 1,2 -> 5,6",14,True,5.182410056647768e-12,316256.0,1,False,0.03758523457422756,0.1,1581273.0
"Fixed 316228, pilot",89,5,14,"D 0,3 -> 4,7",14,True,0.0,316255.0,1,False,0.06571252392066197,0.1,1897528.0
"Fixed 316228, pilot",89,6,22,"D 2,3 -> 4,5",22,True,0.0,316254.0,1,False,0.04364852124132713,0.1,2213782.0
"Fixed 316228, pilot",89,7,11,"D 0,1 -> 6,7",11,True,0.0,316256.0,1,False,0.10072796416579667,0.1,2530038.0
"Fixed 316228, pilot",89,8,12,"D 0,2 -> 4,6",21,True,2.371568497139265e-10,316253.0,1,False,0.009441304630083448,0.1,2846291.0
"Fixed 316228, pilot",89,9,21,"D 1,3 -> 5,7",21,True,0.0,316256.0,1,False,0.01816733759515189,0.1,3162547.0
"Fixed 316228, pilot",90,0,25,"D 2,3 -> 6,7",25,True,0.0,316252.0,1,False,0.31503606513167726,0.1,316252.0
"Fixed 316228, pilot",90,1,15,"D 0,3 -> 5,6",15,True,0.0,316249.0,1,False,0.29681502172579394,0.1,632501.0
"Fixed 316228, pilot",90,2,8,"D 0,1 -> 4,5",8,True,0.0,316254.0,1,False,0.3764697826210095,0.1,948755.0
"Fixed 316228, pilot",90,3,18,"D 1,2 -> 4,7",18,True,0.0,316255.0,1,False,0.3002635722338174,0.1,1265010.0
"Fixed 316228, pilot",90,4,19,"D 1,2 -> 5,6",14,True,5.182410056647768e-12,316254.0,1,False,0.03758523457422756,0.1,1581264.0
"Fixed 316228, pilot",90,5,14,"D 0,3 -> 4,7",14,True,0.0,316253.0,1,False,0.06571252392066197,0.1,1897517.0
"Fixed 316228, pilot",90,6,22,"D 2,3 -> 4,5",22,True,0.0,316254.0,1,False,0.04364852124132713,0.1,2213771.0
"Fixed 316228, pilot",90,7,11,"D 0,1 -> 6,7",11,True,0.0,316253.0,1,False,0.10072796416579667,0.1,2530024.0
"Fixed 316228, pilot",90,8,12,"D 0,2 -> 4,6",21,True,2.371568497139265e-10,316253.0,1,False,0.009441304630083448,0.1,2846277.0
"Fixed 316228, pilot",90,9,21,"D 1,3 -> 5,7",21,True,0.0,316259.0,1,False,0.01816733759515189,0.1,3162536.0
"Fixed 316228, pilot",91,0,25,"D 2,3 -> 6,7",25,True,0.0,316253.0,1,False,0.31503606513167726,0.1,316253.0
"Fixed 316228, pilot",91,1,18,"D 1,2 -> 4,7",15,True,0.0,316255.0,1,False,0.29681502172579394,0.1,632508.0
"Fixed 316228, pilot",91,2,8,"D 0,1 -> 4,5",8,True,0.0,316254.0,1,False,0.3764697826210095,0.1,948762.0
"Fixed 316228, pilot",91,3,15,"D 0,3 -> 5,6",15,True,0.0,316255.0,1,False,0.30026357217502075,0.1,1265017.0
"Fixed 316228, pilot",91,4,14,"D 0,3 -> 4,7",19,True,5.80789971671436e-10,316253.0,1,False,0.03758523474777508,0.1,1581270.0
"Fixed 316228, pilot",91,5,19,"D 1,2 -> 5,6",19,True,0.0,316259.0,1,False,0.0657125239206618,0.1,1897529.0
"Fixed 316228, pilot",91,6,22,"D 2,3 -> 4,5",22,True,0.0,316254.0,1,False,0.043648521241327065,0.1,2213783.0
"Fixed 316228, pilot",91,7,11,"D 0,1 -> 6,7",11,True,0.0,316254.0,1,False,0.10072796416579699,0.1,2530037.0
"Fixed 316228, pilot",91,8,21,"D 1,3 -> 5,7",21,True,0.0,316254.0,1,False,0.009441304483876924,0.1,2846291.0
"Fixed 316228, pilot",91,9,12,"D 0,2 -> 4,6",12,True,0.0,316252.0,1,False,0.01816733748163215,0.1,3162543.0
"Fixed 316228, pilot",92,0,25,"D 2,3 -> 6,7",25,True,0.0,316252.0,1,False,0.31503606513167726,0.1,316252.0
"Fixed 316228, pilot",92,1,18,"D 1,2 -> 4,7",15,True,0.0,316253.0,1,False,0.29681502172579394,0.1,632505.0
"Fixed 316228, pilot",92,2,8,"D 0,1 -> 4,5",8,True,0.0,316253.0,1,False,0.3764697826210095,0.1,948758.0
"Fixed 316228, pilot",92,3,15,"D 0,3 -> 5,6",15,True,0.0,316253.0,1,False,0.30026357217502075,0.1,1265011.0
"Fixed 316228, pilot",92,4,14,"D 0,3 -> 4,7",19,True,5.80789971671436e-10,316252.0,1,False,0.03758523474777508,0.1,1581263.0
"Fixed 316228, pilot",92,5,19,"D 1,2 -> 5,6",19,True,0.0,316255.0,1,False,0.0657125239206618,0.1,1897518.0
"Fixed 316228, pilot",92,6,22,"D 2,3 -> 4,5",22,True,0.0,316254.0,1,False,0.043648521241327065,0.1,2213772.0
"Fixed 316228, pilot",92,7,11,"D 0,1 -> 6,7",11,True,0.0,316255.0,1,False,0.10072796416579699,0.1,2530027.0
"Fixed 316228, pilot",92,8,21,"D 1,3 -> 5,7",21,True,0.0,316256.0,1,False,0.009441304483876924,0.1,2846283.0
"Fixed 316228, pilot",92,9,12,"D 0,2 -> 4,6",12,True,0.0,316255.0,1,False,0.01816733748163215,0.1,3162538.0
"Fixed 316228, pilot",93,0,25,"D 2,3 -> 6,7",25,True,0.0,316258.0,1,False,0.31503606513167726,0.1,316258.0
"Fixed 316228, pilot",93,1,18,"D 1,2 -> 4,7",15,True,0.0,316258.0,1,False,0.29681502172579394,0.1,632516.0
"Fixed 316228, pilot",93,2,8,"D 0,1 -> 4,5",8,True,0.0,316256.0,1,False,0.3764697826210095,0.1,948772.0
"Fixed 316228, pilot",93,3,15,"D 0,3 -> 5,6",15,True,0.0,316253.0,1,False,0.30026357217502075,0.1,1265025.0
"Fixed 316228, pilot",93,4,14,"D 0,3 -> 4,7",19,True,5.80789971671436e-10,316254.0,1,False,0.03758523474777508,0.1,1581279.0
"Fixed 316228, pilot",93,5,19,"D 1,2 -> 5,6",19,True,0.0,316255.0,1,False,0.0657125239206618,0.1,1897534.0
"Fixed 316228, pilot",93,6,22,"D 2,3 -> 4,5",22,True,0.0,316256.0,1,False,0.043648521241327065,0.1,2213790.0
"Fixed 316228, pilot",93,7,11,"D 0,1 -> 6,7",11,True,0.0,316256.0,1,False,0.10072796416579699,0.1,2530046.0
"Fixed 316228, pilot",93,8,21,"D 1,3 -> 5,7",21,True,0.0,316256.0,1,False,0.009441304483876924,0.1,2846302.0
"Fixed 316228, pilot",93,9,12,"D 0,2 -> 4,6",12,True,0.0,316250.0,1,False,0.01816733748163215,0.1,3162552.0
"Fixed 316228, pilot",94,0,25,"D 2,3 -> 6,7",25,True,0.0,316257.0,1,False,0.31503606513167726,0.1,316257.0
"Fixed 316228, pilot",94,1,18,"D 1,2 -> 4,7",15,True,0.0,316253.0,1,False,0.29681502172579394,0.1,632510.0
"Fixed 316228, pilot",94,2,8,"D 0,1 -> 4,5",8,True,0.0,316251.0,1,False,0.3764697826210095,0.1,948761.0
"Fixed 316228, pilot",94,3,15,"D 0,3 -> 5,6",15,True,0.0,316253.0,1,False,0.30026357217502075,0.1,1265014.0
"Fixed 316228, pilot",94,4,14,"D 0,3 -> 4,7",19,True,5.80789971671436e-10,316257.0,1,False,0.03758523474777508,0.1,1581271.0
"Fixed 316228, pilot",94,5,19,"D 1,2 -> 5,6",19,True,0.0,316255.0,1,False,0.0657125239206618,0.1,1897526.0
"Fixed 316228, pilot",94,6,22,"D 2,3 -> 4,5",22,True,0.0,316258.0,1,False,0.043648521241327065,0.1,2213784.0
"Fixed 316228, pilot",94,7,11,"D 0,1 -> 6,7",11,True,0.0,316255.0,1,False,0.10072796416579699,0.1,2530039.0
"Fixed 316228, pilot",94,8,21,"D 1,3 -> 5,7",21,True,0.0,316255.0,1,False,0.009441304483876924,0.1,2846294.0
"Fixed 316228, pilot",94,9,12,"D 0,2 -> 4,6",12,True,0.0,316258.0,1,False,0.01816733748163215,0.1,3162552.0
"Fixed 316228, pilot",95,0,25,"D 2,3 -> 6,7",25,True,0.0,316254.0,1,False,0.31503606513167726,0.1,316254.0
"Fixed 316228, pilot",95,1,15,"D 0,3 -> 5,6",15,True,0.0,316252.0,1,False,0.29681502172579394,0.1,632506.0
"Fixed 316228, pilot",95,2,8,"D 0,1 -> 4,5",8,True,0.0,316253.0,1,False,0.3764697826210095,0.1,948759.0
"Fixed 316228, pilot",95,3,18,"D 1,2 -> 4,7",18,True,0.0,316257.0,1,False,0.3002635722338174,0.1,1265016.0
"Fixed 316228, pilot",95,4,14,"D 0,3 -> 4,7",14,True,0.0,316257.0,1,False,0.03758523457422756,0.1,1581273.0
"Fixed 316228, pilot",95,5,19,"D 1,2 -> 5,6",19,True,0.0,316254.0,1,False,0.0657125239900671,0.1,1897527.0
"Fixed 316228, pilot",95,6,22,"D 2,3 -> 4,5",22,True,0.0,316254.0,1,False,0.04364852130558422,0.1,2213781.0
"Fixed 316228, pilot",95,7,11,"D 0,1 -> 6,7",11,True,0.0,316252.0,1,False,0.10072796416579655,0.1,2530033.0
"Fixed 316228, pilot",95,8,21,"D 1,3 -> 5,7",21,True,0.0,316256.0,1,False,0.009441305047874061,0.1,2846289.0
"Fixed 316228, pilot",95,9,12,"D 0,2 -> 4,6",12,True,0.0,316259.0,1,False,0.018167337649213765,0.1,3162548.0
