method,trajectory,iteration,selected,selected_label,exact_best_arm,exact_best,shortfall,shots,rounds,stopped_rho,max_abs_gradient,seconds,cumulative_shots
II-0 safe,0,0,25,"D 2,3 -> 6,7",25,True,0.0,93108.0,48,True,0.29531587325194003,8.4,93108.0
II-0 safe,0,1,8,"D 0,1 -> 4,5",8,True,0.0,84428.0,48,True,0.2737764969440218,8.93,177536.0
II-0 safe,0,2,14,"D 0,3 -> 4,7",14,True,0.0,92267.0,49,True,0.2614613407499898,9.14,269803.0
II-0 safe,0,3,19,"D 1,2 -> 5,6",19,True,0.0,20458.0,38,True,0.26928064290338416,7.44,290261.0
II-0 safe,0,4,18,"D 1,2 -> 4,7",15,True,3.217870414573554e-11,587680.0,56,True,0.14778566443177055,9.3,877941.0
II-0 safe,0,5,15,"D 0,3 -> 5,6",15,True,0.0,250034.0,52,True,0.16438742674117973,9.39,1127975.0
II-0 safe,0,6,22,"D 2,3 -> 4,5",22,True,0.0,402111.0,55,True,0.13858467441607844,9.86,1530086.0
II-0 safe,0,7,11,"D 0,1 -> 6,7",11,True,0.0,21495.0,38,True,0.2616556682498229,7.02,1551581.0
II-0 safe,0,8,21,"D 1,3 -> 5,7",21,True,0.0,704023.0,61,True,0.08399911024612945,11.18,2255604.0
II-0 safe,0,9,12,"D 0,2 -> 4,6",12,True,0.0,64587.0,45,False,0.09923512021932947,9.53,2320191.0
II-0 safe,1,0,25,"D 2,3 -> 6,7",25,True,0.0,43848.0,44,True,0.29531587325194003,7.56,43848.0
II-0 safe,1,1,8,"D 0,1 -> 4,5",8,True,0.0,173329.0,52,True,0.2737764969440218,8.83,217177.0
II-0 safe,1,2,14,"D 0,3 -> 4,7",14,True,0.0,86606.0,49,True,0.2614613407499898,8.97,303783.0
II-0 safe,1,3,19,"D 1,2 -> 5,6",19,True,0.0,41058.0,43,True,0.26928064290338416,9.16,344841.0
II-0 safe,1,4,15,"D 0,3 -> 5,6",15,True,0.0,476254.0,55,True,0.14778566443177055,10.38,821095.0
II-0 safe,1,5,18,"D 1,2 -> 4,7",18,True,0.0,113855.0,48,True,0.16438742686495894,9.14,934950.0
II-0 safe,1,6,22,"D 2,3 -> 4,5",22,True,0.0,395380.0,55,True,0.1385846744160791,9.85,1330330.0
II-0 safe,1,7,11,"D 0,1 -> 6,7",11,True,0.0,15524.0,36,False,0.261655668249823,6.64,1345854.0
II-0 safe,1,8,12,"D 0,2 -> 4,6",12,True,0.0,479498.0,59,True,0.08399911025322548,10.94,1825352.0
II-0 safe,1,9,21,"D 1,3 -> 5,7",21,True,0.0,43623.0,42,True,0.09923512071237658,8.48,1868975.0
II-0 safe,2,0,25,"D 2,3 -> 6,7",25,True,0.0,171577.0,51,True,0.29531587325194003,8.77,171577.0
II-0 safe,2,1,8,"D 0,1 -> 4,5",8,True,0.0,143586.0,51,True,0.2737764969440218,9.02,315163.0
II-0 safe,2,2,19,"D 1,2 -> 5,6",14,True,0.0,69136.0,47,True,0.2614613407499898,9.16,384299.0
II-0 safe,2,3,14,"D 0,3 -> 4,7",14,True,0.0,22409.0,39,True,0.26928064290338416,8.28,406708.0
II-0 safe,2,4,15,"D 0,3 -> 5,6",18,True,3.218003641336509e-11,588239.0,56,True,0.14778566443177055,9.77,994947.0
II-0 safe,2,5,18,"D 1,2 -> 4,7",18,True,0.0,203977.0,51,True,0.16438742681818638,9.1,1198924.0
II-0 safe,2,6,22,"D 2,3 -> 4,5",22,True,0.0,261486.0,53,True,0.1385846744160783,9.78,1460410.0
II-0 safe,2,7,11,"D 0,1 -> 6,7",11,True,0.0,19923.0,38,True,0.2616556682498229,6.74,1480333.0
II-0 safe,2,8,12,"D 0,2 -> 4,6",12,True,0.0,610941.0,60,True,0.08399911022480253,11.53,2091274.0
II-0 safe,2,9,21,"D 1,3 -> 5,7",21,True,0.0,63718.0,43,False,0.0992351202178451,9.32,2154992.0
II-0 safe,3,0,25,"D 2,3 -> 6,7",25,True,0.0,96314.0,48,True,0.29531587325194003,8.48,96314.0
II-0 safe,3,1,14,"D 0,3 -> 4,7",8,False,0.02977635664401035,174108.0,52,True,0.2737764969440218,8.86,270422.0
II-0 safe,3,2,8,"D 0,1 -> 4,5",8,True,0.0,102252.0,50,True,0.273723917099883,8.97,372674.0
II-0 safe,3,3,19,"D 1,2 -> 5,6",19,True,0.0,18231.0,37,True,0.2656902546602413,8.09,390905.0
II-0 safe,3,4,18,"D 1,2 -> 4,7",18,True,0.0,477121.0,55,True,0.14778566443566707,9.45,868026.0
II-0 safe,3,5,15,"D 0,3 -> 5,6",15,True,0.0,462028.0,55,True,0.1643874266778641,9.15,1330054.0
II-0 safe,3,6,22,"D 2,3 -> 4,5",22,True,0.0,397164.0,55,True,0.13858467441829297,10.39,1727218.0
II-0 safe,3,7,11,"D 0,1 -> 6,7",11,True,0.0,10905.0,34,False,0.26165566829392,6.14,1738123.0
II-0 safe,3,8,12,"D 0,2 -> 4,6",21,True,9.784618670849454e-10,704032.0,61,True,0.0839991099196342,11.67,2442155.0
II-0 safe,3,9,21,"D 1,3 -> 5,7",21,True,0.0,28578.0,38,True,0.09923512023711176,8.25,2470733.0
II-0 safe,4,0,25,"D 2,3 -> 6,7",25,True,0.0,62158.0,46,True,0.29531587325194003,8.25,62158.0
II-0 safe,4,1,19,"D 1,2 -> 5,6",8,False,0.02977635664401035,141506.0,51,True,0.2737764969440218,9.6,203664.0
II-0 safe,4,2,8,"D 0,1 -> 4,5",8,True,0.0,148463.0,52,True,0.273723917099883,10.72,352127.0
II-0 safe,4,3,14,"D 0,3 -> 4,7",14,True,0.0,30053.0,40,True,0.2656902546602413,8.85,382180.0
II-0 safe,4,4,15,"D 0,3 -> 5,6",15,True,0.0,473141.0,55,True,0.14778566443566704,10.77,855321.0
II-0 safe,4,5,18,"D 1,2 -> 4,7",18,True,0.0,304139.0,53,True,0.1643874266778641,11.19,1159460.0
II-0 safe,4,6,11,"D 0,1 -> 6,7",22,False,0.007766562524054388,268115.0,53,True,0.13858467441829297,10.47,1427575.0
II-0 safe,4,7,22,"D 2,3 -> 4,5",22,True,0.0,30020.0,40,False,0.14705347400335994,8.97,1457595.0
II-0 safe,4,8,12,"D 0,2 -> 4,6",21,True,1.4531154057806361e-10,859223.0,62,True,0.08399911032037892,11.09,2316818.0
II-0 safe,4,9,21,"D 1,3 -> 5,7",21,True,0.0,76280.0,47,False,0.09923512022413175,9.68,2393098.0
II-0 safe,5,0,25,"D 2,3 -> 6,7",25,True,0.0,113729.0,49,True,0.29531587325194003,9.01,113729.0
II-0 safe,5,1,14,"D 0,3 -> 4,7",8,False,0.02977635664401035,92771.0,49,True,0.2737764969440218,9.0,206500.0
II-0 safe,5,2,8,"D 0,1 -> 4,5",8,True,0.0,122118.0,52,True,0.273723917099883,9.9,328618.0
II-0 safe,5,3,19,"D 1,2 -> 5,6",19,True,0.0,23935.0,40,True,0.2656902546602413,8.53,352553.0
II-0 safe,5,4,18,"D 1,2 -> 4,7",18,True,0.0,115597.0,48,True,0.14778566443566707,9.74,468150.0
II-0 safe,5,5,15,"D 0,3 -> 5,6",15,True,0.0,205398.0,51,True,0.1643874266778641,10.06,673548.0
II-0 safe,5,6,22,"D 2,3 -> 4,5",22,True,0.0,81886.0,47,True,0.13858467441829297,10.55,755434.0
II-0 safe,5,7,11,"D 0,1 -> 6,7",11,True,0.0,12682.0,35,True,0.26165566829392,6.87,768116.0
II-0 safe,5,8,21,"D 1,3 -> 5,7",21,True,0.0,87544.0,49,True,0.0839991099196342,10.62,855660.0
II-0 safe,5,9,12,"D 0,2 -> 4,6",12,True,0.0,74703.0,43,False,0.09923512022414653,9.84,930363.0
II-0 safe,6,0,25,"D 2,3 -> 6,7",25,True,0.0,52131.0,45,True,0.29531587325194003,8.35,52131.0
II-0 safe,6,1,8,"D 0,1 -> 4,5",8,True,0.0,95200.0,49,True,0.2737764969440218,9.69,147331.0
II-0 safe,6,2,19,"D 1,2 -> 5,6",14,True,0.0,36318.0,43,True,0.2614613407499898,10.25,183649.0
II-0 safe,6,3,14,"D 0,3 -> 4,7",14,True,0.0,36263.0,42,True,0.26928064290338416,9.33,219912.0
II-0 safe,6,4,18,"D 1,2 -> 4,7",18,True,0.0,480317.0,55,True,0.14778566443177055,10.9,700229.0
II-0 safe,6,5,15,"D 0,3 -> 5,6",15,True,0.0,167408.0,50,True,0.16438742667786324,10.06,867637.0
II-0 safe,6,6,22,"D 2,3 -> 4,5",22,True,0.0,322812.0,54,True,0.13858467461098167,10.16,1190449.0
II-0 safe,6,7,11,"D 0,1 -> 6,7",11,True,0.0,13178.0,34,True,0.2616556682498228,6.71,1203627.0
II-0 safe,6,8,12,"D 0,2 -> 4,6",12,True,0.0,707486.0,61,True,0.08399911025677623,11.93,1911113.0
II-0 safe,6,9,21,"D 1,3 -> 5,7",21,True,0.0,58975.0,42,False,0.0992351207123887,9.08,1970088.0
II-0 safe,7,0,25,"D 2,3 -> 6,7",25,True,0.0,93064.0,48,True,0.29531587325194003,8.76,93064.0
II-0 safe,7,1,8,"D 0,1 -> 4,5",8,True,0.0,78904.0,48,True,0.2737764969440218,8.92,171968.0
II-0 safe,7,2,19,"D 1,2 -> 5,6",14,True,0.0,139827.0,51,True,0.2614613407499898,9.45,311795.0
II-0 safe,7,3,14,"D 0,3 -> 4,7",14,True,0.0,22561.0,38,True,0.26928064290338416,8.26,334356.0
II-0 safe,7,4,18,"D 1,2 -> 4,7",18,True,0.0,482642.0,55,True,0.14778566443177055,10.49,816998.0
II-0 safe,7,5,15,"D 0,3 -> 5,6",15,True,0.0,139268.0,49,True,0.16438742667786324,8.98,956266.0
II-0 safe,7,6,11,"D 0,1 -> 6,7",22,False,0.00776656215243321,122032.0,49,True,0.13858467461098167,9.21,1078298.0
II-0 safe,7,7,22,"D 2,3 -> 4,5",22,True,0.0,21707.0,37,True,0.1470534733864861,6.88,1100005.0
II-0 safe,7,8,21,"D 1,3 -> 5,7",12,True,3.774758283725532e-15,1057385.0,63,True,0.08399910507879133,11.33,2157390.0
II-0 safe,7,9,12,"D 0,2 -> 4,6",12,True,0.0,74923.0,43,True,0.09923512022048761,9.29,2232313.0
II-0 safe,8,0,25,"D 2,3 -> 6,7",25,True,0.0,96769.0,48,True,0.29531587325194003,8.56,96769.0
II-0 safe,8,1,14,"D 0,3 -> 4,7",8,False,0.02977635664401035,80262.0,48,True,0.2737764969440218,8.58,177031.0
II-0 safe,8,2,19,"D 1,2 -> 5,6",8,False,0.01731551336722037,120727.0,52,True,0.273723917099883,9.17,297758.0
II-0 safe,8,3,8,"D 0,1 -> 4,5",8,True,0.0,32908.0,41,True,0.2711066368328403,8.53,330666.0
II-0 safe,8,4,15,"D 0,3 -> 5,6",15,True,0.0,591710.0,56,True,0.1477856644347817,10.61,922376.0
II-0 safe,8,5,18,"D 1,2 -> 4,7",18,True,0.0,97187.0,47,True,0.16438742670295362,9.31,1019563.0
II-0 safe,8,6,11,"D 0,1 -> 6,7",22,False,0.007766562492042439,489319.0,56,True,0.13858467451005313,10.16,1508882.0
II-0 safe,8,7,22,"D 2,3 -> 4,5",22,True,0.0,24677.0,38,True,0.1470534733854464,7.82,1533559.0
II-0 safe,8,8,21,"D 1,3 -> 5,7",12,True,3.6637359812630166e-15,369819.0,58,True,0.08399910996749355,9.05,1903378.0
II-0 safe,8,9,12,"D 0,2 -> 4,6",12,True,0.0,37642.0,40,False,0.09923512013769847,8.31,1941020.0
II-0 safe,9,0,25,"D 2,3 -> 6,7",25,True,0.0,116840.0,49,True,0.29531587325194003,8.62,116840.0
II-0 safe,9,1,8,"D 0,1 -> 4,5",8,True,0.0,116353.0,50,True,0.2737764969440218,8.48,233193.0
II-0 safe,9,2,19,"D 1,2 -> 5,6",14,True,0.0,57623.0,47,True,0.2614613407499898,8.89,290816.0
II-0 safe,9,3,14,"D 0,3 -> 4,7",14,True,0.0,20520.0,38,True,0.26928064290338416,7.87,311336.0
II-0 safe,9,4,15,"D 0,3 -> 5,6",18,True,3.218003641336509e-11,174204.0,50,True,0.14778566443177055,9.54,485540.0
II-0 safe,9,5,18,"D 1,2 -> 4,7",18,True,0.0,77917.0,46,True,0.16438742681818638,8.84,563457.0
II-0 safe,9,6,11,"D 0,1 -> 6,7",22,False,0.007766562526816623,392336.0,55,True,0.1385846744160783,9.54,955793.0
II-0 safe,9,7,22,"D 2,3 -> 4,5",22,True,0.0,26522.0,37,True,0.14705347338648614,7.51,982315.0
II-0 safe,9,8,21,"D 1,3 -> 5,7",12,True,7.771561172376096e-16,498165.0,59,True,0.0839991038956951,11.11,1480480.0
II-0 safe,9,9,12,"D 0,2 -> 4,6",12,True,0.0,64977.0,44,True,0.09923512021383377,9.28,1545457.0
II-0 safe,10,0,25,"D 2,3 -> 6,7",25,True,0.0,76110.0,47,True,0.29531587325194003,8.55,76110.0
II-0 safe,10,1,8,"D 0,1 -> 4,5",8,True,0.0,40809.0,44,True,0.2737764969440218,8.88,116919.0
II-0 safe,10,2,14,"D 0,3 -> 4,7",14,True,0.0,20482.0,41,True,0.2614613407499898,8.58,137401.0
II-0 safe,10,3,19,"D 1,2 -> 5,6",19,True,0.0,25378.0,40,True,0.26928064290338416,8.44,162779.0
II-0 safe,10,4,18,"D 1,2 -> 4,7",15,True,3.217870414573554e-11,479232.0,55,True,0.14778566443177055,10.79,642011.0
II-0 safe,10,5,15,"D 0,3 -> 5,6",15,True,0.0,60261.0,44,True,0.16438742674117973,9.39,702272.0
II-0 safe,10,6,22,"D 2,3 -> 4,5",22,True,0.0,315200.0,54,True,0.13858467441607844,11.3,1017472.0
II-0 safe,10,7,11,"D 0,1 -> 6,7",11,True,0.0,15085.0,35,False,0.2616556682498229,7.07,1032557.0
II-0 safe,10,8,12,"D 0,2 -> 4,6",21,True,1.3322676295501878e-15,861547.0,62,True,0.08399911024612945,11.47,1894104.0
II-0 safe,10,9,21,"D 1,3 -> 5,7",21,True,0.0,66704.0,42,True,0.09923512071236461,9.54,1960808.0
II-0 safe,11,0,25,"D 2,3 -> 6,7",25,True,0.0,115089.0,49,True,0.29531587325194003,8.91,115089.0
II-0 safe,11,1,14,"D 0,3 -> 4,7",8,False,0.02977635664401035,66664.0,47,True,0.2737764969440218,9.09,181753.0
II-0 safe,11,2,8,"D 0,1 -> 4,5",8,True,0.0,15532.0,39,True,0.273723917099883,9.32,197285.0
II-0 safe,11,3,19,"D 1,2 -> 5,6",19,True,0.0,20582.0,39,True,0.2656902546602413,8.5,217867.0
II-0 safe,11,4,15,"D 0,3 -> 5,6",18,True,1.4876988529977098e-14,700628.0,57,True,0.14778566443566707,10.83,918495.0
II-0 safe,11,5,18,"D 1,2 -> 4,7",18,True,0.0,250001.0,52,True,0.16438742667786413,10.86,1168496.0
II-0 safe,11,6,22,"D 2,3 -> 4,5",22,True,0.0,179838.0,51,True,0.13858467441634612,10.85,1348334.0
II-0 safe,11,7,11,"D 0,1 -> 6,7",11,True,0.0,13328.0,35,True,0.26165566709455224,6.83,1361662.0
II-0 safe,11,8,21,"D 1,3 -> 5,7",21,True,0.0,180800.0,53,True,0.08399911024598242,11.47,1542462.0
II-0 safe,11,9,12,"D 0,2 -> 4,6",12,True,0.0,51503.0,41,True,0.09923512072076296,8.76,1593965.0
II-0 safe,12,0,25,"D 2,3 -> 6,7",25,True,0.0,77083.0,47,True,0.29531587325194003,8.03,77083.0
II-0 safe,12,1,8,"D 0,1 -> 4,5",8,True,0.0,66634.0,47,True,0.2737764969440218,7.66,143717.0
II-0 safe,12,2,14,"D 0,3 -> 4,7",14,True,0.0,19957.0,39,True,0.2614613407499898,7.06,163674.0
II-0 safe,12,3,19,"D 1,2 -> 5,6",19,True,0.0,35409.0,42,True,0.26928064290338416,7.52,199083.0
II-0 safe,12,4,18,"D 1,2 -> 4,7",15,True,3.217870414573554e-11,479088.0,55,True,0.14778566443177055,9.68,678171.0
II-0 safe,12,5,15,"D 0,3 -> 5,6",15,True,0.0,174062.0,50,True,0.16438742674117973,9.08,852233.0
II-0 safe,12,6,11,"D 0,1 -> 6,7",22,False,0.007766562526819398,140314.0,50,True,0.13858467441607844,7.82,992547.0
II-0 safe,12,7,22,"D 2,3 -> 4,5",22,True,0.0,19334.0,36,True,0.1470534733864861,7.94,1011881.0
II-0 safe,12,8,12,"D 0,2 -> 4,6",12,True,1.1102230246251565e-16,338238.0,57,True,0.08399910523063336,10.32,1350119.0
II-0 safe,12,9,21,"D 1,3 -> 5,7",21,True,0.0,62418.0,43,False,0.09923512022048907,7.7,1412537.0
II-0 safe,13,0,25,"D 2,3 -> 6,7",25,True,0.0,46653.0,44,True,0.29531587325194003,7.63,46653.0
II-0 safe,13,1,8,"D 0,1 -> 4,5",8,True,0.0,58438.0,46,True,0.2737764969440218,8.07,105091.0
II-0 safe,13,2,19,"D 1,2 -> 5,6",14,True,0.0,103942.0,50,True,0.2614613407499898,8.07,209033.0
II-0 safe,13,3,14,"D 0,3 -> 4,7",14,True,0.0,33874.0,42,True,0.26928064290338416,8.39,242907.0
II-0 safe,13,4,18,"D 1,2 -> 4,7",18,True,0.0,320098.0,53,True,0.14778566443177055,9.54,563005.0
II-0 safe,13,5,15,"D 0,3 -> 5,6",15,True,0.0,204478.0,51,True,0.16438742667786324,8.71,767483.0
II-0 safe,13,6,22,"D 2,3 -> 4,5",22,True,0.0,142975.0,50,True,0.13858467461098167,8.6,910458.0
II-0 safe,13,7,11,"D 0,1 -> 6,7",11,True,0.0,9802.0,33,False,0.2616556682498228,6.55,920260.0
II-0 safe,13,8,21,"D 1,3 -> 5,7",12,True,7.438494264988549e-14,333744.0,57,True,0.08399911025677623,9.68,1254004.0
II-0 safe,13,9,12,"D 0,2 -> 4,6",12,True,0.0,95074.0,44,True,0.09923512022281779,9.28,1349078.0
II-0 safe,14,0,25,"D 2,3 -> 6,7",25,True,0.0,68745.0,46,True,0.29531587325194003,7.75,68745.0
II-0 safe,14,1,8,"D 0,1 -> 4,5",8,True,0.0,29107.0,42,True,0.2737764969440218,7.28,97852.0
II-0 safe,14,2,19,"D 1,2 -> 5,6",14,True,0.0,41686.0,44,True,0.2614613407499898,7.98,139538.0
II-0 safe,14,3,14,"D 0,3 -> 4,7",14,True,0.0,45761.0,43,True,0.26928064290338416,7.83,185299.0
II-0 safe,14,4,11,"D 0,1 -> 6,7",18,False,0.049448769732284625,725637.0,57,True,0.14778566443177055,9.8,910936.0
II-0 safe,14,5,22,"D 2,3 -> 4,5",22,True,0.0,68109.0,49,True,0.14937752509657326,9.14,979045.0
II-0 safe,14,6,18,"D 1,2 -> 4,7",18,True,0.0,1235841.0,62,True,0.07720987283593503,12.18,2214886.0
II-0 safe,14,7,15,"D 0,3 -> 5,6",15,True,0.0,143585.0,51,True,0.09248982847413303,9.89,2358471.0
II-0 safe,14,8,21,"D 1,3 -> 5,7",21,True,0.0,701418.0,61,True,0.0839991094295343,10.17,3059889.0
II-0 safe,14,9,12,"D 0,2 -> 4,6",12,True,0.0,33377.0,42,False,0.09923512022376055,7.61,3093266.0
II-0 safe,15,0,25,"D 2,3 -> 6,7",25,True,0.0,67225.0,46,True,0.29531587325194003,7.84,67225.0
II-0 safe,15,1,8,"D 0,1 -> 4,5",8,True,0.0,58642.0,46,True,0.2737764969440218,7.95,125867.0
II-0 safe,15,2,19,"D 1,2 -> 5,6",14,True,0.0,135064.0,51,True,0.2614613407499898,8.63,260931.0
II-0 safe,15,3,14,"D 0,3 -> 4,7",14,True,0.0,14811.0,35,True,0.26928064290338416,7.34,275742.0
II-0 safe,15,4,15,"D 0,3 -> 5,6",18,True,3.218003641336509e-11,390537.0,54,True,0.14778566443177055,9.51,666279.0
II-0 safe,15,5,18,"D 1,2 -> 4,7",18,True,0.0,308657.0,53,True,0.16438742681818638,8.64,974936.0
II-0 safe,15,6,22,"D 2,3 -> 4,5",22,True,0.0,326024.0,54,True,0.1385846744160783,9.35,1300960.0
II-0 safe,15,7,11,"D 0,1 -> 6,7",11,True,0.0,19677.0,37,False,0.2616556682498229,7.23,1320637.0
II-0 safe,15,8,12,"D 0,2 -> 4,6",12,True,0.0,567453.0,60,True,0.08399911022480253,9.71,1888090.0
II-0 safe,15,9,21,"D 1,3 -> 5,7",21,True,0.0,94047.0,44,False,0.0992351202178451,8.97,1982137.0
II-0 safe,16,0,25,"D 2,3 -> 6,7",25,True,0.0,93459.0,48,True,0.29531587325194003,7.87,93459.0
II-0 safe,16,1,14,"D 0,3 -> 4,7",8,False,0.02977635664401035,171625.0,52,True,0.2737764969440218,7.99,265084.0
II-0 safe,16,2,8,"D 0,1 -> 4,5",8,True,0.0,103519.0,51,True,0.273723917099883,8.99,368603.0
II-0 safe,16,3,19,"D 1,2 -> 5,6",19,True,0.0,23101.0,41,True,0.2656902546602413,8.12,391704.0
II-0 safe,16,4,18,"D 1,2 -> 4,7",18,True,0.0,890457.0,58,True,0.14778566443566707,9.67,1282161.0
II-0 safe,16,5,15,"D 0,3 -> 5,6",15,True,0.0,250833.0,52,True,0.1643874266778641,8.25,1532994.0
II-0 safe,16,6,11,"D 0,1 -> 6,7",22,False,0.00776656252405461,397619.0,55,True,0.13858467441829297,9.81,1930613.0
II-0 safe,16,7,22,"D 2,3 -> 4,5",22,True,0.0,30562.0,38,False,0.14705347399023028,7.17,1961175.0
II-0 safe,16,8,21,"D 1,3 -> 5,7",21,True,0.0,853445.0,62,True,0.08399910992871015,8.75,2814620.0
II-0 safe,16,9,12,"D 0,2 -> 4,6",12,True,0.0,84022.0,43,True,0.0992351202241321,9.86,2898642.0
II-0 safe,17,0,25,"D 2,3 -> 6,7",25,True,0.0,104494.0,49,True,0.29531587325194003,8.11,104494.0
II-0 safe,17,1,14,"D 0,3 -> 4,7",8,False,0.02977635664401035,67293.0,47,True,0.2737764969440218,8.45,171787.0
II-0 safe,17,2,8,"D 0,1 -> 4,5",8,True,0.0,60878.0,48,True,0.273723917099883,9.02,232665.0
II-0 safe,17,3,19,"D 1,2 -> 5,6",19,True,0.0,27287.0,42,True,0.2656902546602413,9.34,259952.0
II-0 safe,17,4,18,"D 1,2 -> 4,7",18,True,0.0,723049.0,57,True,0.14778566443566707,10.24,983001.0
II-0 safe,17,5,15,"D 0,3 -> 5,6",15,True,0.0,56450.0,44,True,0.1643874266778641,8.56,1039451.0
II-0 safe,17,6,22,"D 2,3 -> 4,5",22,True,0.0,58954.0,45,True,0.13858467441829297,9.56,1098405.0
II-0 safe,17,7,11,"D 0,1 -> 6,7",11,True,0.0,17624.0,36,True,0.26165566829392,7.46,1116029.0
II-0 safe,17,8,21,"D 1,3 -> 5,7",21,True,0.0,74795.0,45,True,0.0839991099196342,8.91,1190824.0
II-0 safe,17,9,12,"D 0,2 -> 4,6",12,True,0.0,43920.0,40,True,0.09923512022414653,8.4,1234744.0
II-0 safe,18,0,25,"D 2,3 -> 6,7",25,True,0.0,29093.0,42,True,0.29531587325194003,7.47,29093.0
II-0 safe,18,1,8,"D 0,1 -> 4,5",8,True,0.0,48655.0,45,True,0.2737764969440218,8.0,77748.0
II-0 safe,18,2,19,"D 1,2 -> 5,6",14,True,0.0,56004.0,46,True,0.2614613407499898,8.43,133752.0
II-0 safe,18,3,14,"D 0,3 -> 4,7",14,True,0.0,18891.0,36,True,0.26928064290338416,7.86,152643.0
II-0 safe,18,4,18,"D 1,2 -> 4,7",18,True,0.0,722881.0,57,True,0.14778566443177055,9.89,875524.0
II-0 safe,18,5,15,"D 0,3 -> 5,6",15,True,0.0,203951.0,51,True,0.16438742667786324,8.08,1079475.0
II-0 safe,18,6,11,"D 0,1 -> 6,7",22,False,0.00776656215243321,266305.0,53,True,0.13858467461098167,9.41,1345780.0
II-0 safe,18,7,22,"D 2,3 -> 4,5",22,True,0.0,26376.0,41,True,0.1470534733864861,7.58,1372156.0
II-0 safe,18,8,21,"D 1,3 -> 5,7",12,True,3.774758283725532e-15,862640.0,62,True,0.08399910507879133,9.94,2234796.0
II-0 safe,18,9,12,"D 0,2 -> 4,6",12,True,0.0,31997.0,39,True,0.09923512022048761,7.63,2266793.0
II-0 safe,19,0,25,"D 2,3 -> 6,7",25,True,0.0,90347.0,48,True,0.29531587325194003,7.52,90347.0
II-0 safe,19,1,19,"D 1,2 -> 5,6",8,False,0.02977635664401035,68872.0,47,True,0.2737764969440218,8.38,159219.0
II-0 safe,19,2,8,"D 0,1 -> 4,5",8,True,0.0,16849.0,36,True,0.273723917099883,7.45,176068.0
II-0 safe,19,3,14,"D 0,3 -> 4,7",14,True,0.0,32119.0,42,True,0.2656902546602413,8.46,208187.0
II-0 safe,19,4,15,"D 0,3 -> 5,6",15,True,0.0,589014.0,56,True,0.14778566443566704,9.58,797201.0
II-0 safe,19,5,18,"D 1,2 -> 4,7",18,True,0.0,135745.0,49,True,0.1643874266778641,8.32,932946.0
II-0 safe,19,6,11,"D 0,1 -> 6,7",22,False,0.007766562524054388,212721.0,52,True,0.13858467441829297,8.92,1145667.0
II-0 safe,19,7,22,"D 2,3 -> 4,5",22,True,0.0,18385.0,37,True,0.14705347400335994,6.89,1164052.0
II-0 safe,19,8,12,"D 0,2 -> 4,6",21,True,1.4531154057806361e-10,185684.0,54,True,0.08399911032037892,8.44,1349736.0
II-0 safe,19,9,21,"D 1,3 -> 5,7",21,True,0.0,43336.0,42,True,0.09923512022413175,7.94,1393072.0
II-0 safe,20,0,25,"D 2,3 -> 6,7",25,True,0.0,96782.0,48,True,0.29531587325194003,8.63,96782.0
II-0 safe,20,1,14,"D 0,3 -> 4,7",8,False,0.02977635664401035,77980.0,48,True,0.2737764969440218,8.86,174762.0
II-0 safe,20,2,19,"D 1,2 -> 5,6",8,False,0.01731551336722037,120735.0,52,True,0.273723917099883,9.42,295497.0
II-0 safe,20,3,8,"D 0,1 -> 4,5",8,True,0.0,24254.0,38,True,0.2711066368328403,8.11,319751.0
II-0 safe,20,4,18,"D 1,2 -> 4,7",15,True,1.6653345369377348e-15,728113.0,57,True,0.1477856644347817,10.42,1047864.0
II-0 safe,20,5,15,"D 0,3 -> 5,6",15,True,0.0,309742.0,53,True,0.16438742667786288,10.85,1357606.0
II-0 safe,20,6,22,"D 2,3 -> 4,5",22,True,0.0,178640.0,51,True,0.1385846734729594,9.2,1536246.0
II-0 safe,20,7,11,"D 0,1 -> 6,7",11,True,0.0,16936.0,36,True,0.261655667934112,6.84,1553182.0
II-0 safe,20,8,12,"D 0,2 -> 4,6",21,True,1.8375301280570966e-12,103783.0,48,True,0.08399911025960649,10.17,1656965.0
II-0 safe,20,9,21,"D 1,3 -> 5,7",21,True,0.0,69206.0,44,False,0.09923512097996322,9.03,1726171.0
II-0 safe,21,0,25,"D 2,3 -> 6,7",25,True,0.0,141283.0,50,True,0.29531587325194003,8.87,141283.0
II-0 safe,21,1,19,"D 1,2 -> 5,6",8,False,0.02977635664401035,171913.0,52,True,0.2737764969440218,9.3,313196.0
II-0 safe,21,2,8,"D 0,1 -> 4,5",8,True,0.0,147314.0,52,True,0.273723917099883,9.45,460510.0
II-0 safe,21,3,14,"D 0,3 -> 4,7",14,True,0.0,25570.0,39,True,0.2656902546602413,7.71,486080.0
II-0 safe,21,4,15,"D 0,3 -> 5,6",15,True,0.0,477132.0,55,True,0.14778566443566704,9.76,963212.0
II-0 safe,21,5,18,"D 1,2 -> 4,7",18,True,0.0,112730.0,48,True,0.1643874266778641,10.04,1075942.0
II-0 safe,21,6,22,"D 2,3 -> 4,5",22,True,0.0,116523.0,49,True,0.13858467441829297,8.32,1192465.0
II-0 safe,21,7,11,"D 0,1 -> 6,7",11,True,0.0,27951.0,40,False,0.26165566829392006,7.71,1220416.0
II-0 safe,21,8,12,"D 0,2 -> 4,6",12,True,0.0,468686.0,59,True,0.08399911024636116,10.33,1689102.0
II-0 safe,21,9,21,"D 1,3 -> 5,7",21,True,0.0,53248.0,42,True,0.09923512071042805,8.41,1742350.0
II-0 safe,22,0,25,"D 2,3 -> 6,7",25,True,0.0,50196.0,46,True,0.29531587325194003,7.8,50196.0
II-0 safe,22,1,8,"D 0,1 -> 4,5",8,True,0.0,141131.0,51,True,0.2737764969440218,8.71,191327.0
II-0 safe,22,2,19,"D 1,2 -> 5,6",14,True,0.0,27048.0,42,True,0.2614613407499898,8.38,218375.0
II-0 safe,22,3,14,"D 0,3 -> 4,7",14,True,0.0,16810.0,37,True,0.26928064290338416,7.93,235185.0
II-0 safe,22,4,15,"D 0,3 -> 5,6",18,True,3.218003641336509e-11,317562.0,53,True,0.14778566443177055,9.51,552747.0
II-0 safe,22,5,18,"D 1,2 -> 4,7",18,True,0.0,78819.0,46,True,0.16438742681818638,10.68,631566.0
II-0 safe,22,6,22,"D 2,3 -> 4,5",22,True,0.0,321794.0,54,True,0.1385846744160783,8.9,953360.0
II-0 safe,22,7,11,"D 0,1 -> 6,7",11,True,0.0,13872.0,35,False,0.2616556682498229,6.84,967232.0
II-0 safe,22,8,21,"D 1,3 -> 5,7",12,True,4.440892098500626e-15,264849.0,56,True,0.08399911022480253,10.15,1232081.0
II-0 safe,22,9,12,"D 0,2 -> 4,6",12,True,0.0,98821.0,45,False,0.09923511910083822,9.36,1330902.0
II-0 safe,23,0,25,"D 2,3 -> 6,7",25,True,0.0,78433.0,47,True,0.29531587325194003,8.28,78433.0
II-0 safe,23,1,8,"D 0,1 -> 4,5",8,True,0.0,48875.0,45,True,0.2737764969440218,9.05,127308.0
II-0 safe,23,2,14,"D 0,3 -> 4,7",14,True,0.0,74371.0,48,True,0.2614613407499898,9.7,201679.0
II-0 safe,23,3,19,"D 1,2 -> 5,6",19,True,0.0,22658.0,38,True,0.26928064290338416,7.95,224337.0
II-0 safe,23,4,18,"D 1,2 -> 4,7",15,True,3.217870414573554e-11,386120.0,54,True,0.14778566443177055,8.86,610457.0
II-0 safe,23,5,15,"D 0,3 -> 5,6",15,True,0.0,167551.0,50,True,0.16438742674117973,10.11,778008.0
II-0 safe,23,6,22,"D 2,3 -> 4,5",22,True,0.0,318100.0,54,True,0.13858467441607844,8.53,1096108.0
II-0 safe,23,7,11,"D 0,1 -> 6,7",11,True,0.0,11876.0,34,False,0.2616556682498229,6.11,1107984.0
II-0 safe,23,8,12,"D 0,2 -> 4,6",21,True,1.3322676295501878e-15,711745.0,61,True,0.08399911024612945,10.03,1819729.0
II-0 safe,23,9,21,"D 1,3 -> 5,7",21,True,0.0,66052.0,43,True,0.09923512071236461,9.44,1885781.0
II-0 safe,24,0,25,"D 2,3 -> 6,7",25,True,0.0,115246.0,49,True,0.29531587325194003,7.88,115246.0
II-0 safe,24,1,19,"D 1,2 -> 5,6",8,False,0.02977635664401035,175564.0,52,True,0.2737764969440218,8.08,290810.0
II-0 safe,24,2,8,"D 0,1 -> 4,5",8,True,0.0,55505.0,46,True,0.273723917099883,7.69,346315.0
II-0 safe,24,3,14,"D 0,3 -> 4,7",14,True,0.0,23433.0,39,True,0.2656902546602413,7.18,369748.0
II-0 safe,24,4,15,"D 0,3 -> 5,6",15,True,0.0,211487.0,55,True,0.14778566443566704,9.57,581235.0
II-0 safe,24,5,18,"D 1,2 -> 4,7",18,True,0.0,305890.0,53,True,0.1643874266778641,9.22,887125.0
II-0 safe,24,6,22,"D 2,3 -> 4,5",22,True,0.0,34784.0,41,True,0.13858467441829297,6.87,921909.0
II-0 safe,24,7,11,"D 0,1 -> 6,7",11,True,0.0,14921.0,36,True,0.26165566829392006,6.42,936830.0
II-0 safe,24,8,21,"D 1,3 -> 5,7",12,True,4.840572387365683e-13,860141.0,62,True,0.08399911024636116,9.36,1796971.0
II-0 safe,24,9,12,"D 0,2 -> 4,6",12,True,0.0,66469.0,42,True,0.09923512023710764,8.15,1863440.0
II-0 safe,25,0,25,"D 2,3 -> 6,7",25,True,0.0,114337.0,49,True,0.29531587325194003,7.58,114337.0
II-0 safe,25,1,8,"D 0,1 -> 4,5",8,True,0.0,78676.0,48,True,0.2737764969440218,7.94,193013.0
II-0 safe,25,2,19,"D 1,2 -> 5,6",14,True,0.0,81317.0,49,True,0.2614613407499898,7.19,274330.0
II-0 safe,25,3,14,"D 0,3 -> 4,7",14,True,0.0,33016.0,43,True,0.26928064290338416,7.72,307346.0
II-0 safe,25,4,15,"D 0,3 -> 5,6",18,True,3.218003641336509e-11,173332.0,54,True,0.14778566443177055,8.16,480678.0
II-0 safe,25,5,18,"D 1,2 -> 4,7",18,True,0.0,138003.0,49,True,0.16438742681818638,8.09,618681.0
II-0 safe,25,6,11,"D 0,1 -> 6,7",22,False,0.007766562526816623,25051.0,38,True,0.1385846744160783,6.47,643732.0
II-0 safe,25,7,22,"D 2,3 -> 4,5",22,True,0.0,32925.0,38,True,0.14705347338648614,6.66,676657.0
II-0 safe,25,8,21,"D 1,3 -> 5,7",12,True,7.771561172376096e-16,713381.0,61,True,0.0839991038956951,9.9,1390038.0
II-0 safe,25,9,12,"D 0,2 -> 4,6",12,True,0.0,68667.0,43,True,0.09923512021383377,7.9,1458705.0
II-0 safe,26,0,25,"D 2,3 -> 6,7",25,True,0.0,63530.0,46,True,0.29531587325194003,7.41,63530.0
II-0 safe,26,1,8,"D 0,1 -> 4,5",8,True,0.0,95845.0,49,True,0.2737764969440218,8.79,159375.0
II-0 safe,26,2,19,"D 1,2 -> 5,6",14,True,0.0,64659.0,47,True,0.2614613407499898,7.65,224034.0
II-0 safe,26,3,14,"D 0,3 -> 4,7",14,True,0.0,24209.0,39,True,0.26928064290338416,7.53,248243.0
II-0 safe,26,4,18,"D 1,2 -> 4,7",18,True,0.0,215901.0,51,True,0.14778566443177055,8.35,464144.0
II-0 safe,26,5,15,"D 0,3 -> 5,6",15,True,0.0,209128.0,51,True,0.16438742667786324,8.91,673272.0
II-0 safe,26,6,22,"D 2,3 -> 4,5",22,True,0.0,318680.0,54,True,0.13858467461098167,7.9,991952.0
II-0 safe,26,7,11,"D 0,1 -> 6,7",11,True,0.0,12963.0,34,True,0.2616556682498228,5.77,1004915.0
II-0 safe,26,8,21,"D 1,3 -> 5,7",12,True,7.438494264988549e-14,710597.0,61,True,0.08399911025677623,9.68,1715512.0
II-0 safe,26,9,12,"D 0,2 -> 4,6",12,True,0.0,91934.0,44,False,0.09923512022281779,8.4,1807446.0
II-0 safe,27,0,25,"D 2,3 -> 6,7",25,True,0.0,68134.0,46,True,0.29531587325194003,7.38,68134.0
II-0 safe,27,1,8,"D 0,1 -> 4,5",8,True,0.0,71134.0,47,True,0.2737764969440218,8.5,139268.0
II-0 safe,27,2,19,"D 1,2 -> 5,6",14,True,0.0,118776.0,50,True,0.2614613407499898,7.61,258044.0
II-0 safe,27,3,14,"D 0,3 -> 4,7",14,True,0.0,36199.0,42,True,0.26928064290338416,7.53,294243.0
II-0 safe,27,4,18,"D 1,2 -> 4,7",18,True,0.0,480173.0,55,True,0.14778566443177055,8.89,774416.0
II-0 safe,27,5,15,"D 0,3 -> 5,6",15,True,0.0,21258.0,37,True,0.16438742667786324,6.86,795674.0
II-0 safe,27,6,22,"D 2,3 -> 4,5",22,True,0.0,321522.0,54,True,0.13858467461098167,7.8,1117196.0
II-0 safe,27,7,11,"D 0,1 -> 6,7",11,True,0.0,12462.0,34,False,0.2616556682498228,5.83,1129658.0
II-0 safe,27,8,12,"D 0,2 -> 4,6",12,True,0.0,190843.0,54,True,0.08399911025677623,9.12,1320501.0
II-0 safe,27,9,21,"D 1,3 -> 5,7",21,True,0.0,79150.0,45,False,0.0992351207123887,7.8,1399651.0
II-0 safe,28,0,25,"D 2,3 -> 6,7",25,True,0.0,74455.0,48,True,0.29531587325194003,7.98,74455.0
II-0 safe,28,1,8,"D 0,1 -> 4,5",8,True,0.0,92797.0,49,True,0.2737764969440218,9.34,167252.0
II-0 safe,28,2,19,"D 1,2 -> 5,6",14,True,0.0,58197.0,46,True,0.2614613407499898,8.81,225449.0
II-0 safe,28,3,14,"D 0,3 -> 4,7",14,True,0.0,20102.0,38,True,0.26928064290338416,6.7,245551.0
II-0 safe,28,4,18,"D 1,2 -> 4,7",18,True,0.0,721792.0,57,True,0.14778566443177055,9.12,967343.0
II-0 safe,28,5,15,"D 0,3 -> 5,6",15,True,0.0,167061.0,50,True,0.16438742667786324,7.76,1134404.0
II-0 safe,28,6,22,"D 2,3 -> 4,5",22,True,0.0,317357.0,54,True,0.13858467461098167,8.08,1451761.0
II-0 safe,28,7,11,"D 0,1 -> 6,7",11,True,0.0,15761.0,36,True,0.2616556682498228,6.67,1467522.0
II-0 safe,28,8,12,"D 0,2 -> 4,6",12,True,0.0,463807.0,59,True,0.08399911025677623,9.38,1931329.0
II-0 safe,28,9,21,"D 1,3 -> 5,7",21,True,0.0,99470.0,44,False,0.0992351207123887,9.16,2030799.0
II-0 safe,29,0,25,"D 2,3 -> 6,7",25,True,0.0,43009.0,44,True,0.29531587325194003,6.72,43009.0
II-0 safe,29,1,8,"D 0,1 -> 4,5",8,True,0.0,176677.0,52,True,0.2737764969440218,9.47,219686.0
II-0 safe,29,2,19,"D 1,2 -> 5,6",14,True,0.0,83816.0,49,True,0.2614613407499898,7.65,303502.0
II-0 safe,29,3,14,"D 0,3 -> 4,7",14,True,0.0,40788.0,41,True,0.26928064290338416,8.02,344290.0
II-0 safe,29,4,15,"D 0,3 -> 5,6",18,True,3.218003641336509e-11,589414.0,56,True,0.14778566443177055,9.1,933704.0
II-0 safe,29,5,18,"D 1,2 -> 4,7",18,True,0.0,170971.0,50,True,0.16438742681818638,7.53,1104675.0
II-0 safe,29,6,22,"D 2,3 -> 4,5",22,True,0.0,395411.0,55,True,0.1385846744160783,7.94,1500086.0
II-0 safe,29,7,11,"D 0,1 -> 6,7",11,True,0.0,20120.0,37,True,0.2616556682498229,6.53,1520206.0
II-0 safe,29,8,12,"D 0,2 -> 4,6",12,True,0.0,162512.0,53,True,0.08399911022480253,9.27,1682718.0
II-0 safe,29,9,21,"D 1,3 -> 5,7",21,True,0.0,44569.0,45,False,0.0992351202178451,7.95,1727287.0
II-0 safe,30,0,25,"D 2,3 -> 6,7",25,True,0.0,54639.0,46,True,0.29531587325194003,6.96,54639.0
II-0 safe,30,1,8,"D 0,1 -> 4,5",8,True,0.0,56329.0,46,True,0.2737764969440218,8.18,110968.0
II-0 safe,30,2,14,"D 0,3 -> 4,7",14,True,0.0,123726.0,50,True,0.2614613407499898,8.37,234694.0
II-0 safe,30,3,19,"D 1,2 -> 5,6",19,True,0.0,20253.0,38,True,0.26928064290338416,7.28,254947.0
II-0 safe,30,4,15,"D 0,3 -> 5,6",15,True,0.0,588636.0,56,True,0.14778566443177055,8.98,843583.0
II-0 safe,30,5,18,"D 1,2 -> 4,7",18,True,0.0,76453.0,46,True,0.16438742686495894,7.08,920036.0
II-0 safe,30,6,22,"D 2,3 -> 4,5",22,True,0.0,181380.0,51,True,0.1385846744160791,7.61,1101416.0
II-0 safe,30,7,11,"D 0,1 -> 6,7",11,True,0.0,12365.0,34,True,0.261655668249823,5.84,1113781.0
II-0 safe,30,8,12,"D 0,2 -> 4,6",12,True,0.0,253958.0,56,True,0.08399911025322548,8.79,1367739.0
II-0 safe,30,9,21,"D 1,3 -> 5,7",21,True,0.0,45228.0,43,False,0.09923512071237658,7.69,1412967.0
II-0 safe,31,0,25,"D 2,3 -> 6,7",25,True,0.0,56495.0,45,True,0.29531587325194003,7.59,56495.0
II-0 safe,31,1,8,"D 0,1 -> 4,5",8,True,0.0,173453.0,52,True,0.2737764969440218,8.68,229948.0
II-0 safe,31,2,14,"D 0,3 -> 4,7",14,True,0.0,130010.0,51,True,0.2614613407499898,8.54,359958.0
II-0 safe,31,3,19,"D 1,2 -> 5,6",19,True,0.0,21444.0,37,True,0.26928064290338416,6.92,381402.0
II-0 safe,31,4,15,"D 0,3 -> 5,6",15,True,0.0,588132.0,56,True,0.14778566443177055,8.82,969534.0
II-0 safe,31,5,18,"D 1,2 -> 4,7",18,True,0.0,165517.0,50,True,0.16438742686495894,7.65,1135051.0
II-0 safe,31,6,11,"D 0,1 -> 6,7",22,False,0.0077665625268157346,216472.0,52,True,0.1385846744160791,7.81,1351523.0
II-0 safe,31,7,22,"D 2,3 -> 4,5",22,True,0.0,19193.0,37,False,0.14705347338648608,6.63,1370716.0
II-0 safe,31,8,21,"D 1,3 -> 5,7",12,True,0.0,702320.0,61,True,0.0839991058892081,9.65,2073036.0
II-0 safe,31,9,12,"D 0,2 -> 4,6",12,True,0.0,55468.0,42,True,0.09923512022281945,8.18,2128504.0
II-0 safe,32,0,25,"D 2,3 -> 6,7",25,True,0.0,63521.0,46,True,0.29531587325194003,8.6,63521.0
II-0 safe,32,1,8,"D 0,1 -> 4,5",8,True,0.0,59368.0,48,True,0.2737764969440218,9.23,122889.0
II-0 safe,32,2,14,"D 0,3 -> 4,7",14,True,0.0,132295.0,51,True,0.2614613407499898,8.22,255184.0
II-0 safe,32,3,19,"D 1,2 -> 5,6",19,True,0.0,22179.0,38,True,0.26928064290338416,7.22,277363.0
II-0 safe,32,4,15,"D 0,3 -> 5,6",15,True,0.0,480539.0,55,True,0.14778566443177055,8.67,757902.0
II-0 safe,32,5,18,"D 1,2 -> 4,7",18,True,0.0,252345.0,52,True,0.16438742686495894,7.93,1010247.0
II-0 safe,32,6,11,"D 0,1 -> 6,7",22,False,0.0077665625268157346,324628.0,54,True,0.1385846744160791,8.35,1334875.0
II-0 safe,32,7,22,"D 2,3 -> 4,5",22,True,0.0,41810.0,41,True,0.14705347338648608,7.93,1376685.0
II-0 safe,32,8,12,"D 0,2 -> 4,6",12,True,7.771561172376096e-16,709432.0,61,True,0.0839991058892081,9.62,2086117.0
II-0 safe,32,9,21,"D 1,3 -> 5,7",21,True,0.0,42647.0,41,False,0.09923512022280494,8.66,2128764.0
II-0 safe,33,0,25,"D 2,3 -> 6,7",25,True,0.0,40337.0,44,True,0.29531587325194003,8.23,40337.0
II-0 safe,33,1,8,"D 0,1 -> 4,5",8,True,0.0,80764.0,48,True,0.2737764969440218,9.11,121101.0
II-0 safe,33,2,14,"D 0,3 -> 4,7",14,True,0.0,112401.0,50,True,0.2614613407499898,8.23,233502.0
II-0 safe,33,3,19,"D 1,2 -> 5,6",19,True,0.0,10565.0,36,True,0.26928064290338416,6.84,244067.0
II-0 safe,33,4,18,"D 1,2 -> 4,7",15,True,3.217870414573554e-11,389876.0,54,True,0.14778566443177055,8.56,633943.0
II-0 safe,33,5,15,"D 0,3 -> 5,6",15,True,0.0,80429.0,46,True,0.16438742674117973,7.7,714372.0
II-0 safe,33,6,11,"D 0,1 -> 6,7",22,False,0.007766562526819398,392271.0,55,True,0.13858467441607844,7.54,1106643.0
II-0 safe,33,7,22,"D 2,3 -> 4,5",22,True,0.0,23799.0,38,True,0.1470534733864861,7.18,1130442.0
II-0 safe,33,8,12,"D 0,2 -> 4,6",12,True,1.1102230246251565e-16,706532.0,61,True,0.08399910523063336,10.03,1836974.0
II-0 safe,33,9,21,"D 1,3 -> 5,7",21,True,0.0,58212.0,42,False,0.09923512022048907,8.59,1895186.0
II-0 safe,34,0,25,"D 2,3 -> 6,7",25,True,0.0,74360.0,46,True,0.29531587325194003,8.66,74360.0
II-0 safe,34,1,19,"D 1,2 -> 5,6",8,False,0.02977635664401035,120964.0,50,True,0.2737764969440218,9.86,195324.0
II-0 safe,34,2,14,"D 0,3 -> 4,7",8,False,0.017315513367220592,147408.0,52,True,0.273723917099883,8.35,342732.0
II-0 safe,34,3,8,"D 0,1 -> 4,5",8,True,0.0,24020.0,38,True,0.27110663681707586,7.47,366752.0
II-0 safe,34,4,18,"D 1,2 -> 4,7",18,True,0.0,387456.0,54,True,0.1477856644347827,7.78,754208.0
II-0 safe,34,5,15,"D 0,3 -> 5,6",15,True,0.0,114816.0,48,True,0.1643874266778626,7.88,869024.0
II-0 safe,34,6,22,"D 2,3 -> 4,5",22,True,0.0,24931.0,37,True,0.13858467409796973,6.77,893955.0
II-0 safe,34,7,11,"D 0,1 -> 6,7",11,True,0.0,13587.0,35,True,0.26165566831029735,6.36,907542.0
II-0 safe,34,8,21,"D 1,3 -> 5,7",12,True,2.4424906541753444e-15,577788.0,60,True,0.08399910908290927,10.03,1485330.0
II-0 safe,34,9,12,"D 0,2 -> 4,6",12,True,0.0,67003.0,43,False,0.09923512013769557,9.9,1552333.0
II-0 safe,35,0,25,"D 2,3 -> 6,7",25,True,0.0,53823.0,45,True,0.29531587325194003,8.13,53823.0
II-0 safe,35,1,8,"D 0,1 -> 4,5",8,True,0.0,144149.0,51,True,0.2737764969440218,9.51,197972.0
II-0 safe,35,2,19,"D 1,2 -> 5,6",14,True,0.0,87680.0,49,True,0.2614613407499898,7.77,285652.0
II-0 safe,35,3,14,"D 0,3 -> 4,7",14,True,0.0,22043.0,39,True,0.26928064290338416,7.0,307695.0
II-0 safe,35,4,18,"D 1,2 -> 4,7",18,True,0.0,724903.0,57,True,0.14778566443177055,8.42,1032598.0
II-0 safe,35,5,15,"D 0,3 -> 5,6",15,True,0.0,81933.0,46,True,0.16438742667786324,7.63,1114531.0
II-0 safe,35,6,11,"D 0,1 -> 6,7",22,False,0.00776656215243321,36953.0,41,True,0.13858467461098167,7.23,1151484.0
II-0 safe,35,7,22,"D 2,3 -> 4,5",22,True,0.0,27409.0,39,False,0.1470534733864861,6.98,1178893.0
II-0 safe,35,8,21,"D 1,3 -> 5,7",12,True,3.774758283725532e-15,695696.0,61,True,0.08399910507879133,9.66,1874589.0
II-0 safe,35,9,12,"D 0,2 -> 4,6",12,True,0.0,84599.0,43,True,0.09923512022048761,10.68,1959188.0
II-0 safe,36,0,25,"D 2,3 -> 6,7",25,True,0.0,169871.0,51,True,0.29531587325194003,7.47,169871.0
II-0 safe,36,1,8,"D 0,1 -> 4,5",8,True,0.0,139875.0,51,True,0.2737764969440218,7.68,309746.0
II-0 safe,36,2,19,"D 1,2 -> 5,6",14,True,0.0,98485.0,49,True,0.2614613407499898,7.68,408231.0
II-0 safe,36,3,14,"D 0,3 -> 4,7",14,True,0.0,17220.0,39,True,0.26928064290338416,7.37,425451.0
II-0 safe,36,4,18,"D 1,2 -> 4,7",18,True,0.0,478184.0,55,True,0.14778566443177055,8.54,903635.0
II-0 safe,36,5,15,"D 0,3 -> 5,6",15,True,0.0,78032.0,46,True,0.16438742667786324,7.51,981667.0
II-0 safe,36,6,22,"D 2,3 -> 4,5",22,True,0.0,398495.0,55,True,0.13858467461098167,8.24,1380162.0
II-0 safe,36,7,11,"D 0,1 -> 6,7",11,True,0.0,14397.0,35,True,0.2616556682498228,6.2,1394559.0
II-0 safe,36,8,21,"D 1,3 -> 5,7",12,True,7.438494264988549e-14,512912.0,59,True,0.08399911025677623,10.77,1907471.0
II-0 safe,36,9,12,"D 0,2 -> 4,6",12,True,0.0,30305.0,39,False,0.09923512022281779,7.66,1937776.0
II-0 safe,37,0,25,"D 2,3 -> 6,7",25,True,0.0,115194.0,49,True,0.29531587325194003,7.38,115194.0
II-0 safe,37,1,8,"D 0,1 -> 4,5",8,True,0.0,140555.0,51,True,0.2737764969440218,7.79,255749.0
II-0 safe,37,2,14,"D 0,3 -> 4,7",14,True,0.0,104487.0,50,True,0.2614613407499898,8.23,360236.0
II-0 safe,37,3,19,"D 1,2 -> 5,6",19,True,0.0,16467.0,35,True,0.26928064290338416,6.68,376703.0
II-0 safe,37,4,15,"D 0,3 -> 5,6",15,True,0.0,258813.0,52,True,0.14778566443177055,8.08,635516.0
II-0 safe,37,5,18,"D 1,2 -> 4,7",18,True,0.0,115005.0,48,True,0.16438742686495894,8.06,750521.0
II-0 safe,37,6,11,"D 0,1 -> 6,7",22,False,0.0077665625268157346,120909.0,49,True,0.1385846744160791,8.13,871430.0
II-0 safe,37,7,22,"D 2,3 -> 4,5",22,True,0.0,23876.0,38,False,0.14705347338648608,7.23,895306.0
II-0 safe,37,8,21,"D 1,3 -> 5,7",12,True,0.0,468120.0,59,True,0.0839991058892081,9.73,1363426.0
II-0 safe,37,9,12,"D 0,2 -> 4,6",12,True,0.0,63743.0,44,False,0.09923512022281945,8.69,1427169.0
II-0 safe,38,0,25,"D 2,3 -> 6,7",25,True,0.0,28759.0,41,True,0.29531587325194003,6.5,28759.0
II-0 safe,38,1,8,"D 0,1 -> 4,5",8,True,0.0,96759.0,49,True,0.2737764969440218,7.57,125518.0
II-0 safe,38,2,14,"D 0,3 -> 4,7",14,True,0.0,27353.0,42,True,0.2614613407499898,7.1,152871.0
II-0 safe,38,3,19,"D 1,2 -> 5,6",19,True,0.0,23395.0,40,True,0.26928064290338416,7.5,176266.0
II-0 safe,38,4,15,"D 0,3 -> 5,6",15,True,0.0,721702.0,57,True,0.14778566443177055,8.59,897968.0
II-0 safe,38,5,18,"D 1,2 -> 4,7",18,True,0.0,201714.0,51,True,0.16438742686495894,7.55,1099682.0
II-0 safe,38,6,22,"D 2,3 -> 4,5",22,True,0.0,265998.0,53,True,0.1385846744160791,8.31,1365680.0
II-0 safe,38,7,11,"D 0,1 -> 6,7",11,True,0.0,13996.0,35,False,0.261655668249823,6.26,1379676.0
II-0 safe,38,8,12,"D 0,2 -> 4,6",12,True,0.0,386003.0,58,True,0.08399911025322548,9.5,1765679.0
II-0 safe,38,9,21,"D 1,3 -> 5,7",21,True,0.0,86350.0,45,True,0.09923512071237658,9.72,1852029.0
II-0 safe,39,0,25,"D 2,3 -> 6,7",25,True,0.0,93523.0,48,True,0.29531587325194003,7.11,93523.0
II-0 safe,39,1,8,"D 0,1 -> 4,5",8,True,0.0,93114.0,49,True,0.2737764969440218,7.59,186637.0
II-0 safe,39,2,14,"D 0,3 -> 4,7",14,True,0.0,69330.0,47,True,0.2614613407499898,7.88,255967.0
II-0 safe,39,3,19,"D 1,2 -> 5,6",19,True,0.0,26054.0,39,True,0.26928064290338416,7.38,282021.0
II-0 safe,39,4,15,"D 0,3 -> 5,6",15,True,0.0,589856.0,56,True,0.14778566443177055,8.63,871877.0
II-0 safe,39,5,18,"D 1,2 -> 4,7",18,True,0.0,94151.0,47,True,0.16438742686495894,7.85,966028.0
II-0 safe,39,6,22,"D 2,3 -> 4,5",22,True,0.0,322626.0,54,True,0.1385846744160791,7.88,1288654.0
II-0 safe,39,7,11,"D 0,1 -> 6,7",11,True,0.0,12677.0,35,True,0.261655668249823,5.97,1301331.0
II-0 safe,39,8,21,"D 1,3 -> 5,7",12,True,1.7763568394002505e-15,856189.0,62,True,0.08399911025322548,9.75,2157520.0
II-0 safe,39,9,12,"D 0,2 -> 4,6",12,True,0.0,77190.0,43,False,0.09923512064724334,9.09,2234710.0
II-0 safe,40,0,25,"D 2,3 -> 6,7",25,True,0.0,79452.0,47,True,0.29531587325194003,7.38,79452.0
II-0 safe,40,1,8,"D 0,1 -> 4,5",8,True,0.0,144393.0,51,True,0.2737764969440218,8.11,223845.0
II-0 safe,40,2,19,"D 1,2 -> 5,6",14,True,0.0,95204.0,49,True,0.2614613407499898,7.67,319049.0
II-0 safe,40,3,14,"D 0,3 -> 4,7",14,True,0.0,12133.0,33,True,0.26928064290338416,5.99,331182.0
II-0 safe,40,4,15,"D 0,3 -> 5,6",18,True,3.218003641336509e-11,479271.0,55,True,0.14778566443177055,8.3,810453.0
II-0 safe,40,5,18,"D 1,2 -> 4,7",18,True,0.0,167113.0,50,True,0.16438742681818638,8.0,977566.0
II-0 safe,40,6,22,"D 2,3 -> 4,5",22,True,0.0,320391.0,54,True,0.1385846744160783,8.14,1297957.0
II-0 safe,40,7,11,"D 0,1 -> 6,7",11,True,0.0,9757.0,33,False,0.2616556682498229,6.42,1307714.0
II-0 safe,40,8,21,"D 1,3 -> 5,7",12,True,4.440892098500626e-15,244994.0,55,True,0.08399911022480253,10.11,1552708.0
II-0 safe,40,9,12,"D 0,2 -> 4,6",12,True,0.0,78252.0,43,True,0.09923511910083822,7.94,1630960.0
II-0 safe,41,0,25,"D 2,3 -> 6,7",25,True,0.0,102847.0,49,True,0.29531587325194003,7.56,102847.0
II-0 safe,41,1,19,"D 1,2 -> 5,6",8,False,0.02977635664401035,142966.0,51,True,0.2737764969440218,8.65,245813.0
II-0 safe,41,2,8,"D 0,1 -> 4,5",8,True,0.0,79358.0,49,True,0.273723917099883,7.41,325171.0
II-0 safe,41,3,14,"D 0,3 -> 4,7",14,True,0.0,34341.0,44,True,0.2656902546602413,7.24,359512.0
II-0 safe,41,4,18,"D 1,2 -> 4,7",15,True,1.354472090042691e-14,386486.0,54,True,0.14778566443566704,8.16,745998.0
II-0 safe,41,5,15,"D 0,3 -> 5,6",15,True,0.0,309022.0,53,True,0.16438742667786413,8.13,1055020.0
II-0 safe,41,6,22,"D 2,3 -> 4,5",22,True,0.0,122973.0,49,True,0.1385846743270885,8.3,1177993.0
II-0 safe,41,7,11,"D 0,1 -> 6,7",11,True,0.0,14642.0,35,True,0.2616556678428319,7.09,1192635.0
II-0 safe,41,8,12,"D 0,2 -> 4,6",12,True,0.0,857204.0,62,True,0.08399911024658364,10.9,2049839.0
II-0 safe,41,9,21,"D 1,3 -> 5,7",21,True,0.0,58961.0,42,False,0.09923512072076304,6.02,2108800.0
II-0 safe,42,0,25,"D 2,3 -> 6,7",25,True,0.0,94857.0,48,True,0.29531587325194003,8.18,94857.0
II-0 safe,42,1,8,"D 0,1 -> 4,5",8,True,0.0,65617.0,47,True,0.2737764969440218,7.82,160474.0
II-0 safe,42,2,19,"D 1,2 -> 5,6",14,True,0.0,54120.0,46,True,0.2614613407499898,6.63,214594.0
II-0 safe,42,3,14,"D 0,3 -> 4,7",14,True,0.0,24869.0,40,True,0.26928064290338416,6.45,239463.0
II-0 safe,42,4,18,"D 1,2 -> 4,7",18,True,0.0,261199.0,52,True,0.14778566443177055,8.45,500662.0
II-0 safe,42,5,15,"D 0,3 -> 5,6",15,True,0.0,118128.0,48,True,0.16438742667786324,7.96,618790.0
II-0 safe,42,6,22,"D 2,3 -> 4,5",22,True,0.0,217512.0,52,True,0.13858467461098167,8.26,836302.0
II-0 safe,42,7,11,"D 0,1 -> 6,7",11,True,0.0,13670.0,35,False,0.2616556682498228,6.31,849972.0
II-0 safe,42,8,12,"D 0,2 -> 4,6",12,True,0.0,573753.0,60,True,0.08399911025677623,9.91,1423725.0
II-0 safe,42,9,21,"D 1,3 -> 5,7",21,True,0.0,96132.0,44,True,0.0992351207123887,7.56,1519857.0
II-0 safe,43,0,25,"D 2,3 -> 6,7",25,True,0.0,75053.0,47,True,0.29531587325194003,7.31,75053.0
II-0 safe,43,1,14,"D 0,3 -> 4,7",8,False,0.02977635664401035,115507.0,50,True,0.2737764969440218,7.84,190560.0
II-0 safe,43,2,8,"D 0,1 -> 4,5",8,True,0.0,67793.0,49,True,0.273723917099883,7.44,258353.0
II-0 safe,43,3,19,"D 1,2 -> 5,6",19,True,0.0,24965.0,39,True,0.2656902546602413,7.41,283318.0
II-0 safe,43,4,15,"D 0,3 -> 5,6",18,True,1.4876988529977098e-14,314642.0,53,True,0.14778566443566707,8.55,597960.0
II-0 safe,43,5,18,"D 1,2 -> 4,7",18,True,0.0,312438.0,53,True,0.16438742667786413,9.22,910398.0
II-0 safe,43,6,22,"D 2,3 -> 4,5",22,True,0.0,394094.0,55,True,0.13858467441634612,8.55,1304492.0
II-0 safe,43,7,11,"D 0,1 -> 6,7",11,True,0.0,20620.0,38,False,0.26165566709455224,6.82,1325112.0
II-0 safe,43,8,21,"D 1,3 -> 5,7",21,True,0.0,409741.0,58,True,0.08399911024598242,10.36,1734853.0
II-0 safe,43,9,12,"D 0,2 -> 4,6",12,True,0.0,97396.0,45,True,0.09923512072076296,7.12,1832249.0
II-0 safe,44,0,25,"D 2,3 -> 6,7",25,True,0.0,170892.0,51,True,0.29531587325194003,8.73,170892.0
II-0 safe,44,1,8,"D 0,1 -> 4,5",8,True,0.0,144410.0,51,True,0.2737764969440218,7.95,315302.0
II-0 safe,44,2,14,"D 0,3 -> 4,7",14,True,0.0,131344.0,51,True,0.2614613407499898,8.18,446646.0
II-0 safe,44,3,19,"D 1,2 -> 5,6",19,True,0.0,32027.0,42,True,0.26928064290338416,7.93,478673.0
II-0 safe,44,4,18,"D 1,2 -> 4,7",15,True,3.217870414573554e-11,724773.0,57,True,0.14778566443177055,8.76,1203446.0
II-0 safe,44,5,15,"D 0,3 -> 5,6",15,True,0.0,379839.0,54,True,0.16438742674117973,8.32,1583285.0
II-0 safe,44,6,22,"D 2,3 -> 4,5",22,True,0.0,99361.0,48,True,0.13858467441607844,8.47,1682646.0
II-0 safe,44,7,11,"D 0,1 -> 6,7",11,True,0.0,13889.0,36,False,0.2616556682498229,6.33,1696535.0
II-0 safe,44,8,21,"D 1,3 -> 5,7",21,True,0.0,406295.0,58,True,0.08399911024612945,7.07,2102830.0
II-0 safe,44,9,12,"D 0,2 -> 4,6",12,True,0.0,54324.0,44,False,0.09923512021932947,3.71,2157154.0
II-0 safe,45,0,25,"D 2,3 -> 6,7",25,True,0.0,61984.0,46,True,0.29531587325194003,7.65,61984.0
II-0 safe,45,1,8,"D 0,1 -> 4,5",8,True,0.0,119025.0,50,True,0.2737764969440218,8.56,181009.0
II-0 safe,45,2,14,"D 0,3 -> 4,7",14,True,0.0,51653.0,46,True,0.2614613407499898,7.57,232662.0
II-0 safe,45,3,19,"D 1,2 -> 5,6",19,True,0.0,30024.0,42,True,0.26928064290338416,7.69,262686.0
II-0 safe,45,4,18,"D 1,2 -> 4,7",15,True,3.217870414573554e-11,141001.0,49,True,0.14778566443177055,8.09,403687.0
II-0 safe,45,5,15,"D 0,3 -> 5,6",15,True,0.0,114318.0,48,True,0.16438742674117973,8.1,518005.0
II-0 safe,45,6,22,"D 2,3 -> 4,5",22,True,0.0,145632.0,50,True,0.13858467441607844,8.04,663637.0
II-0 safe,45,7,11,"D 0,1 -> 6,7",11,True,0.0,14618.0,36,False,0.2616556682498229,6.21,678255.0
II-0 safe,45,8,12,"D 0,2 -> 4,6",21,True,1.3322676295501878e-15,106909.0,49,True,0.08399911024612945,7.48,785164.0
II-0 safe,45,9,21,"D 1,3 -> 5,7",21,True,0.0,33843.0,40,True,0.09923512071236461,3.68,819007.0
II-0 safe,46,0,25,"D 2,3 -> 6,7",25,True,0.0,54624.0,45,True,0.29531587325194003,8.43,54624.0
II-0 safe,46,1,8,"D 0,1 -> 4,5",8,True,0.0,121665.0,50,True,0.2737764969440218,8.15,176289.0
II-0 safe,46,2,14,"D 0,3 -> 4,7",14,True,0.0,39917.0,44,True,0.2614613407499898,7.55,216206.0
II-0 safe,46,3,19,"D 1,2 -> 5,6",19,True,0.0,43707.0,45,False,0.26928064290338416,8.0,259913.0
II-0 safe,46,4,15,"D 0,3 -> 5,6",15,True,0.0,318059.0,53,True,0.14778566443177055,8.64,577972.0
II-0 safe,46,5,18,"D 1,2 -> 4,7",18,True,0.0,68021.0,45,True,0.16438742686495894,8.43,645993.0
II-0 safe,46,6,22,"D 2,3 -> 4,5",22,True,0.0,260712.0,53,True,0.1385846744160791,8.81,906705.0
II-0 safe,46,7,11,"D 0,1 -> 6,7",11,True,0.0,13417.0,35,True,0.261655668249823,6.29,920122.0
II-0 safe,46,8,21,"D 1,3 -> 5,7",12,True,1.7763568394002505e-15,1049160.0,63,True,0.08399911025322548,6.77,1969282.0
II-0 safe,46,9,12,"D 0,2 -> 4,6",12,True,0.0,43378.0,43,False,0.09923512064724334,3.45,2012660.0
II-0 safe,47,0,25,"D 2,3 -> 6,7",25,True,0.0,140250.0,50,True,0.29531587325194003,8.55,140250.0
II-0 safe,47,1,8,"D 0,1 -> 4,5",8,True,0.0,146698.0,51,True,0.2737764969440218,8.68,286948.0
II-0 safe,47,2,14,"D 0,3 -> 4,7",14,True,0.0,79007.0,48,True,0.2614613407499898,7.57,365955.0
II-0 safe,47,3,19,"D 1,2 -> 5,6",19,True,0.0,27510.0,41,True,0.26928064290338416,7.23,393465.0
II-0 safe,47,4,15,"D 0,3 -> 5,6",15,True,0.0,890746.0,58,True,0.14778566443177055,9.61,1284211.0
II-0 safe,47,5,18,"D 1,2 -> 4,7",18,True,0.0,249318.0,52,True,0.16438742686495894,8.79,1533529.0
II-0 safe,47,6,11,"D 0,1 -> 6,7",22,False,0.0077665625268157346,220719.0,52,True,0.1385846744160791,8.93,1754248.0
II-0 safe,47,7,22,"D 2,3 -> 4,5",22,True,0.0,27093.0,38,False,0.14705347338648608,6.69,1781341.0
II-0 safe,47,8,21,"D 1,3 -> 5,7",12,True,0.0,715512.0,61,True,0.0839991058892081,5.44,2496853.0
II-0 safe,47,9,12,"D 0,2 -> 4,6",12,True,0.0,66366.0,43,False,0.09923512022281945,3.13,2563219.0
"II-A data, safe",0,0,25,"D 2,3 -> 6,7",25,True,0.0,95627.0,51,True,0.29531587325194003,13.35,95627.0
"II-A data, safe",0,1,19,"D 1,2 -> 5,6",8,False,0.02977635664401035,26890.0,44,True,0.2737764969440218,10.74,122517.0
"II-A data, safe",0,2,8,"D 0,1 -> 4,5",8,True,0.0,41862.0,47,True,0.273723917099883,10.63,164379.0
"II-A data, safe",0,3,14,"D 0,3 -> 4,7",14,True,0.0,18708.0,41,True,0.2656902546602413,9.64,183087.0
"II-A data, safe",0,4,15,"D 0,3 -> 5,6",15,True,0.0,207953.0,53,True,0.14778566443566704,13.75,391040.0
"II-A data, safe",0,5,18,"D 1,2 -> 4,7",18,True,0.0,27055.0,42,True,0.1643874266778641,10.08,418095.0
"II-A data, safe",0,6,11,"D 0,1 -> 6,7",22,False,0.007766562524054388,138650.0,51,True,0.13858467441829297,12.47,556745.0
"II-A data, safe",0,7,22,"D 2,3 -> 4,5",22,True,0.0,19822.0,39,False,0.14705347400335994,9.85,576567.0
"II-A data, safe",0,8,21,"D 1,3 -> 5,7",21,True,0.0,379063.0,61,True,0.08399911032037892,14.54,955630.0
"II-A data, safe",0,9,12,"D 0,2 -> 4,6",12,True,0.0,39234.0,43,True,0.09923512098280152,11.89,994864.0
"II-A data, safe",1,0,25,"D 2,3 -> 6,7",25,True,0.0,32675.0,45,True,0.29531587325194003,11.63,32675.0
"II-A data, safe",1,1,8,"D 0,1 -> 4,5",8,True,0.0,110610.0,52,True,0.2737764969440218,12.62,143285.0
"II-A data, safe",1,2,19,"D 1,2 -> 5,6",14,True,0.0,74313.0,51,True,0.2614613407499898,12.5,217598.0
"II-A data, safe",1,3,14,"D 0,3 -> 4,7",14,True,0.0,14773.0,39,True,0.26928064290338416,10.81,232371.0
"II-A data, safe",1,4,18,"D 1,2 -> 4,7",18,True,0.0,406054.0,56,True,0.14778566443177055,14.41,638425.0
"II-A data, safe",1,5,15,"D 0,3 -> 5,6",15,True,0.0,96257.0,49,True,0.16438742667786324,12.3,734682.0
"II-A data, safe",1,6,22,"D 2,3 -> 4,5",22,True,0.0,142063.0,51,True,0.13858467461098167,11.86,876745.0
"II-A data, safe",1,7,11,"D 0,1 -> 6,7",11,True,0.0,13813.0,36,False,0.2616556682498228,9.66,890558.0
"II-A data, safe",1,8,12,"D 0,2 -> 4,6",12,True,0.0,270713.0,59,True,0.08399911025677623,15.96,1161271.0
"II-A data, safe",1,9,21,"D 1,3 -> 5,7",21,True,0.0,49197.0,46,False,0.0992351207123887,13.33,1210468.0
"II-A data, safe",2,0,25,"D 2,3 -> 6,7",25,True,0.0,32762.0,45,True,0.29531587325194003,11.1,32762.0
"II-A data, safe",2,1,8,"D 0,1 -> 4,5",8,True,0.0,89403.0,51,True,0.2737764969440218,12.91,122165.0
"II-A data, safe",2,2,14,"D 0,3 -> 4,7",14,True,0.0,40050.0,47,True,0.2614613407499898,11.41,162215.0
"II-A data, safe",2,3,19,"D 1,2 -> 5,6",19,True,0.0,20959.0,40,False,0.26928064290338416,10.57,183174.0
"II-A data, safe",2,4,15,"D 0,3 -> 5,6",15,True,0.0,247862.0,54,True,0.14778566443177055,12.87,431036.0
"II-A data, safe",2,5,18,"D 1,2 -> 4,7",18,True,0.0,24740.0,40,True,0.16438742686495894,10.43,455776.0
"II-A data, safe",2,6,22,"D 2,3 -> 4,5",22,True,0.0,308139.0,55,True,0.1385846744160791,12.93,763915.0
"II-A data, safe",2,7,11,"D 0,1 -> 6,7",11,True,0.0,12302.0,35,False,0.261655668249823,8.54,776217.0
"II-A data, safe",2,8,12,"D 0,2 -> 4,6",12,True,0.0,318031.0,60,True,0.08399911025322548,14.66,1094248.0
"II-A data, safe",2,9,21,"D 1,3 -> 5,7",21,True,0.0,33209.0,42,False,0.09923512071237658,11.45,1127457.0
"II-A data, safe",3,0,25,"D 2,3 -> 6,7",25,True,0.0,53644.0,48,True,0.29531587325194003,13.35,53644.0
"II-A data, safe",3,1,14,"D 0,3 -> 4,7",8,False,0.02977635664401035,78885.0,50,True,0.2737764969440218,12.56,132529.0
"II-A data, safe",3,2,19,"D 1,2 -> 5,6",8,False,0.01731551336722037,16840.0,41,True,0.273723917099883,10.1,149369.0
"II-A data, safe",3,3,8,"D 0,1 -> 4,5",8,True,0.0,13011.0,35,True,0.2711066368328403,9.77,162380.0
"II-A data, safe",3,4,11,"D 0,1 -> 6,7",15,False,0.04944876936186304,207206.0,53,True,0.1477856644347817,13.56,369586.0
"II-A data, safe",3,5,15,"D 0,3 -> 5,6",22,False,0.013275651511228004,94670.0,54,True,0.14937752510054494,13.23,464256.0
"II-A data, safe",3,6,18,"D 1,2 -> 4,7",18,True,0.0,57907.0,51,True,0.16428719192552518,12.32,522163.0
"II-A data, safe",3,7,22,"D 2,3 -> 4,5",22,True,0.0,19843.0,38,False,0.14709714010543212,10.18,542006.0
"II-A data, safe",3,8,12,"D 0,2 -> 4,6",12,True,0.0,387518.0,61,True,0.08399911069965661,15.3,929524.0
"II-A data, safe",3,9,21,"D 1,3 -> 5,7",21,True,0.0,33546.0,43,False,0.09923512022293346,12.34,963070.0
"II-A data, safe",4,0,25,"D 2,3 -> 6,7",25,True,0.0,29193.0,44,True,0.29531587325194003,11.52,29193.0
"II-A data, safe",4,1,8,"D 0,1 -> 4,5",8,True,0.0,50301.0,48,True,0.2737764969440218,12.33,79494.0
"II-A data, safe",4,2,14,"D 0,3 -> 4,7",14,True,0.0,62952.0,50,True,0.2614613407499898,11.52,142446.0
"II-A data, safe",4,3,19,"D 1,2 -> 5,6",19,True,0.0,15035.0,40,True,0.26928064290338416,10.39,157481.0
"II-A data, safe",4,4,18,"D 1,2 -> 4,7",15,True,3.217870414573554e-11,370493.0,56,True,0.14778566443177055,14.6,527974.0
"II-A data, safe",4,5,15,"D 0,3 -> 5,6",15,True,0.0,92681.0,49,True,0.16438742674117973,13.34,620655.0
"II-A data, safe",4,6,22,"D 2,3 -> 4,5",22,True,0.0,306622.0,54,True,0.13858467441607844,12.88,927277.0
"II-A data, safe",4,7,11,"D 0,1 -> 6,7",11,True,0.0,10037.0,34,False,0.2616556682498229,8.39,937314.0
"II-A data, safe",4,8,12,"D 0,2 -> 4,6",21,True,1.3322676295501878e-15,215183.0,58,True,0.08399911024612945,15.09,1152497.0
"II-A data, safe",4,9,21,"D 1,3 -> 5,7",21,True,0.0,29508.0,42,True,0.09923512071236461,11.47,1182005.0
"II-A data, safe",5,0,25,"D 2,3 -> 6,7",25,True,0.0,68961.0,49,True,0.29531587325194003,12.69,68961.0
"II-A data, safe",5,1,8,"D 0,1 -> 4,5",8,True,0.0,63899.0,49,True,0.2737764969440218,11.64,132860.0
"II-A data, safe",5,2,19,"D 1,2 -> 5,6",14,True,0.0,54373.0,49,True,0.2614613407499898,12.48,187233.0
"II-A data, safe",5,3,14,"D 0,3 -> 4,7",14,True,0.0,12233.0,38,True,0.26928064290338416,9.38,199466.0
"II-A data, safe",5,4,15,"D 0,3 -> 5,6",18,True,3.218003641336509e-11,312747.0,55,True,0.14778566443177055,14.02,512213.0
"II-A data, safe",5,5,18,"D 1,2 -> 4,7",18,True,0.0,39916.0,44,True,0.16438742681818638,11.64,552129.0
"II-A data, safe",5,6,11,"D 0,1 -> 6,7",22,False,0.007766562526816623,310961.0,55,True,0.1385846744160783,12.96,863090.0
"II-A data, safe",5,7,22,"D 2,3 -> 4,5",22,True,0.0,15127.0,37,False,0.14705347338648614,9.96,878217.0
"II-A data, safe",5,8,12,"D 0,2 -> 4,6",12,True,0.0,30499.0,44,True,0.0839991038956951,10.95,908716.0
"II-A data, safe",5,9,21,"D 1,3 -> 5,7",21,True,0.0,71552.0,47,True,0.09923512071236314,13.51,980268.0
"II-A data, safe",6,0,25,"D 2,3 -> 6,7",25,True,0.0,17547.0,41,True,0.29531587325194003,11.14,17547.0
"II-A data, safe",6,1,8,"D 0,1 -> 4,5",8,True,0.0,36562.0,46,True,0.2737764969440218,12.09,54109.0
"II-A data, safe",6,2,14,"D 0,3 -> 4,7",14,True,0.0,36620.0,46,True,0.2614613407499898,12.66,90729.0
"II-A data, safe",6,3,19,"D 1,2 -> 5,6",19,True,0.0,16405.0,39,True,0.26928064290338416,11.0,107134.0
"II-A data, safe",6,4,15,"D 0,3 -> 5,6",15,True,0.0,258350.0,54,True,0.14778566443177055,13.72,365484.0
"II-A data, safe",6,5,18,"D 1,2 -> 4,7",18,True,0.0,80613.0,48,True,0.16438742686495894,11.69,446097.0
"II-A data, safe",6,6,11,"D 0,1 -> 6,7",22,False,0.0077665625268157346,255084.0,54,True,0.1385846744160791,13.08,701181.0
"II-A data, safe",6,7,22,"D 2,3 -> 4,5",22,True,0.0,15334.0,38,True,0.14705347338648608,10.44,716515.0
"II-A data, safe",6,8,12,"D 0,2 -> 4,6",12,True,7.771561172376096e-16,215991.0,58,True,0.0839991058892081,15.08,932506.0
"II-A data, safe",6,9,21,"D 1,3 -> 5,7",21,True,0.0,45297.0,44,True,0.09923512022280494,12.71,977803.0
"II-A data, safe",7,0,25,"D 2,3 -> 6,7",25,True,0.0,80268.0,50,True,0.29531587325194003,12.85,80268.0
"II-A data, safe",7,1,8,"D 0,1 -> 4,5",8,True,0.0,73797.0,50,True,0.2737764969440218,12.14,154065.0
"II-A data, safe",7,2,14,"D 0,3 -> 4,7",14,True,0.0,78055.0,51,True,0.2614613407499898,11.79,232120.0
"II-A data, safe",7,3,19,"D 1,2 -> 5,6",19,True,0.0,15641.0,40,True,0.26928064290338416,10.13,247761.0
"II-A data, safe",7,4,18,"D 1,2 -> 4,7",15,True,3.217870414573554e-11,307293.0,55,True,0.14778566443177055,14.18,555054.0
"II-A data, safe",7,5,15,"D 0,3 -> 5,6",15,True,0.0,94532.0,49,True,0.16438742674117973,12.43,649586.0
"II-A data, safe",7,6,22,"D 2,3 -> 4,5",22,True,0.0,208587.0,53,True,0.13858467441607844,12.41,858173.0
"II-A data, safe",7,7,11,"D 0,1 -> 6,7",11,True,0.0,12654.0,35,True,0.2616556682498229,8.84,870827.0
"II-A data, safe",7,8,21,"D 1,3 -> 5,7",21,True,0.0,375521.0,61,True,0.08399911024612945,13.04,1246348.0
"II-A data, safe",7,9,12,"D 0,2 -> 4,6",12,True,0.0,34336.0,42,True,0.09923512021932947,11.61,1280684.0
"II-A data, safe",8,0,25,"D 2,3 -> 6,7",25,True,0.0,46694.0,47,True,0.29531587325194003,12.13,46694.0
"II-A data, safe",8,1,8,"D 0,1 -> 4,5",8,True,0.0,37067.0,46,True,0.2737764969440218,11.49,83761.0
"II-A data, safe",8,2,19,"D 1,2 -> 5,6",14,True,0.0,48518.0,48,True,0.2614613407499898,12.32,132279.0
"II-A data, safe",8,3,14,"D 0,3 -> 4,7",14,True,0.0,12983.0,38,True,0.26928064290338416,9.64,145262.0
"II-A data, safe",8,4,15,"D 0,3 -> 5,6",18,True,3.218003641336509e-11,208787.0,53,True,0.14778566443177055,13.76,354049.0
"II-A data, safe",8,5,18,"D 1,2 -> 4,7",18,True,0.0,80429.0,48,True,0.16438742681818638,12.7,434478.0
"II-A data, safe",8,6,22,"D 2,3 -> 4,5",22,True,0.0,381517.0,56,True,0.1385846744160783,13.37,815995.0
"II-A data, safe",8,7,11,"D 0,1 -> 6,7",11,True,0.0,11783.0,35,False,0.2616556682498229,8.99,827778.0
"II-A data, safe",8,8,21,"D 1,3 -> 5,7",12,True,4.440892098500626e-15,315829.0,60,True,0.08399911022480253,14.7,1143607.0
"II-A data, safe",8,9,12,"D 0,2 -> 4,6",12,True,0.0,48180.0,44,True,0.09923511910083822,13.12,1191787.0
"II-A data, safe",9,0,25,"D 2,3 -> 6,7",25,True,0.0,55417.0,48,True,0.29531587325194003,11.98,55417.0
"II-A data, safe",9,1,8,"D 0,1 -> 4,5",8,True,0.0,60451.0,49,True,0.2737764969440218,11.98,115868.0
"II-A data, safe",9,2,14,"D 0,3 -> 4,7",14,True,0.0,65424.0,50,True,0.2614613407499898,11.78,181292.0
"II-A data, safe",9,3,19,"D 1,2 -> 5,6",19,True,0.0,15568.0,37,True,0.26928064290338416,9.65,196860.0
"II-A data, safe",9,4,18,"D 1,2 -> 4,7",15,True,3.217870414573554e-11,257655.0,54,True,0.14778566443177055,12.92,454515.0
"II-A data, safe",9,5,15,"D 0,3 -> 5,6",15,True,0.0,54965.0,46,True,0.16438742674117973,11.4,509480.0
"II-A data, safe",9,6,11,"D 0,1 -> 6,7",22,False,0.007766562526819398,168521.0,52,True,0.13858467441607844,12.13,678001.0
"II-A data, safe",9,7,22,"D 2,3 -> 4,5",22,True,0.0,22006.0,39,False,0.1470534733864861,10.05,700007.0
"II-A data, safe",9,8,21,"D 1,3 -> 5,7",12,True,0.0,316097.0,60,True,0.08399910523063336,15.02,1016104.0
"II-A data, safe",9,9,12,"D 0,2 -> 4,6",12,True,0.0,25334.0,42,True,0.09923512022048964,10.92,1041438.0
"II-A data, safe",10,0,25,"D 2,3 -> 6,7",25,True,0.0,66271.0,49,True,0.29531587325194003,13.22,66271.0
"II-A data, safe",10,1,19,"D 1,2 -> 5,6",8,False,0.02977635664401035,105765.0,52,True,0.2737764969440218,13.25,172036.0
"II-A data, safe",10,2,8,"D 0,1 -> 4,5",8,True,0.0,41564.0,47,True,0.273723917099883,11.11,213600.0
"II-A data, safe",10,3,14,"D 0,3 -> 4,7",14,True,0.0,18255.0,41,False,0.2656902546602413,10.86,231855.0
"II-A data, safe",10,4,18,"D 1,2 -> 4,7",15,True,1.354472090042691e-14,475894.0,57,True,0.14778566443566704,13.69,707749.0
"II-A data, safe",10,5,15,"D 0,3 -> 5,6",15,True,0.0,97164.0,49,True,0.16438742667786413,12.65,804913.0
"II-A data, safe",10,6,22,"D 2,3 -> 4,5",22,True,0.0,64176.0,47,True,0.1385846743270885,12.27,869089.0
"II-A data, safe",10,7,11,"D 0,1 -> 6,7",11,True,0.0,10646.0,34,False,0.2616556678428319,8.75,879735.0
"II-A data, safe",10,8,12,"D 0,2 -> 4,6",12,True,0.0,325221.0,60,True,0.08399911024658364,15.64,1204956.0
"II-A data, safe",10,9,21,"D 1,3 -> 5,7",21,True,0.0,23629.0,40,True,0.09923512072076304,11.28,1228585.0
"II-A data, safe",11,0,25,"D 2,3 -> 6,7",25,True,0.0,54832.0,48,True,0.29531587325194003,12.03,54832.0
"II-A data, safe",11,1,8,"D 0,1 -> 4,5",8,True,0.0,106552.0,52,True,0.2737764969440218,12.35,161384.0
"II-A data, safe",11,2,19,"D 1,2 -> 5,6",14,True,0.0,57063.0,49,True,0.2614613407499898,11.46,218447.0
"II-A data, safe",11,3,14,"D 0,3 -> 4,7",14,True,0.0,17588.0,39,True,0.26928064290338416,9.95,236035.0
"II-A data, safe",11,4,18,"D 1,2 -> 4,7",18,True,0.0,172138.0,52,True,0.14778566443177055,13.4,408173.0
"II-A data, safe",11,5,15,"D 0,3 -> 5,6",15,True,0.0,78974.0,48,True,0.16438742667786324,11.83,487147.0
"II-A data, safe",11,6,11,"D 0,1 -> 6,7",22,False,0.00776656215243321,201900.0,53,True,0.13858467461098167,12.53,689047.0
"II-A data, safe",11,7,22,"D 2,3 -> 4,5",22,True,0.0,18522.0,39,False,0.1470534733864861,9.66,707569.0
"II-A data, safe",11,8,21,"D 1,3 -> 5,7",12,True,3.774758283725532e-15,67212.0,48,True,0.08399910507879133,13.76,774781.0
"II-A data, safe",11,9,12,"D 0,2 -> 4,6",12,True,0.0,28512.0,41,True,0.09923512022048761,10.82,803293.0
"II-A data, safe",12,0,25,"D 2,3 -> 6,7",25,True,0.0,47646.0,47,True,0.29531587325194003,11.14,47646.0
"II-A data, safe",12,1,8,"D 0,1 -> 4,5",8,True,0.0,74482.0,50,True,0.2737764969440218,11.97,122128.0
"II-A data, safe",12,2,19,"D 1,2 -> 5,6",14,True,0.0,38425.0,47,True,0.2614613407499898,11.49,160553.0
"II-A data, safe",12,3,14,"D 0,3 -> 4,7",14,True,0.0,16281.0,38,True,0.26928064290338416,9.27,176834.0
"II-A data, safe",12,4,15,"D 0,3 -> 5,6",18,True,3.218003641336509e-11,171844.0,52,True,0.14778566443177055,12.6,348678.0
"II-A data, safe",12,5,18,"D 1,2 -> 4,7",18,True,0.0,144051.0,51,True,0.16438742681818638,11.92,492729.0
"II-A data, safe",12,6,11,"D 0,1 -> 6,7",22,False,0.007766562526816623,168545.0,52,True,0.1385846744160783,12.6,661274.0
"II-A data, safe",12,7,22,"D 2,3 -> 4,5",22,True,0.0,16445.0,38,True,0.14705347338648614,9.9,677719.0
"II-A data, safe",12,8,21,"D 1,3 -> 5,7",12,True,7.771561172376096e-16,212475.0,58,True,0.0839991038956951,15.03,890194.0
"II-A data, safe",12,9,12,"D 0,2 -> 4,6",12,True,0.0,29237.0,42,False,0.09923512021383377,11.09,919431.0
"II-A data, safe",13,0,25,"D 2,3 -> 6,7",25,True,0.0,56185.0,48,True,0.29531587325194003,11.53,56185.0
"II-A data, safe",13,1,14,"D 0,3 -> 4,7",8,False,0.02977635664401035,63164.0,49,True,0.2737764969440218,11.21,119349.0
"II-A data, safe",13,2,19,"D 1,2 -> 5,6",8,False,0.01731551336722037,28926.0,45,True,0.273723917099883,10.48,148275.0
"II-A data, safe",13,3,8,"D 0,1 -> 4,5",8,True,0.0,22447.0,40,False,0.2711066368328403,9.62,170722.0
"II-A data, safe",13,4,18,"D 1,2 -> 4,7",15,True,1.6653345369377348e-15,290173.0,55,True,0.1477856644347817,12.63,460895.0
"II-A data, safe",13,5,15,"D 0,3 -> 5,6",15,True,0.0,115344.0,50,True,0.16438742667786288,11.95,576239.0
"II-A data, safe",13,6,22,"D 2,3 -> 4,5",22,True,0.0,115867.0,50,True,0.1385846734729594,11.93,692106.0
"II-A data, safe",13,7,11,"D 0,1 -> 6,7",11,True,0.0,11728.0,35,True,0.261655667934112,8.63,703834.0
"II-A data, safe",13,8,21,"D 1,3 -> 5,7",21,True,0.0,263937.0,59,True,0.08399911025960649,13.9,967771.0
"II-A data, safe",13,9,12,"D 0,2 -> 4,6",12,True,0.0,43198.0,45,False,0.0992351201376945,12.23,1010969.0
"II-A data, safe",14,0,25,"D 2,3 -> 6,7",25,True,0.0,55622.0,48,True,0.29531587325194003,11.19,55622.0
"II-A data, safe",14,1,8,"D 0,1 -> 4,5",8,True,0.0,52431.0,48,True,0.2737764969440218,11.24,108053.0
"II-A data, safe",14,2,19,"D 1,2 -> 5,6",14,True,0.0,65673.0,50,True,0.2614613407499898,12.12,173726.0
"II-A data, safe",14,3,14,"D 0,3 -> 4,7",14,True,0.0,16491.0,40,True,0.26928064290338416,9.12,190217.0
"II-A data, safe",14,4,15,"D 0,3 -> 5,6",18,True,3.218003641336509e-11,316966.0,55,True,0.14778566443177055,13.18,507183.0
"II-A data, safe",14,5,18,"D 1,2 -> 4,7",18,True,0.0,215807.0,53,True,0.16438742681818638,12.75,722990.0
"II-A data, safe",14,6,11,"D 0,1 -> 6,7",22,False,0.007766562526816623,211717.0,53,True,0.1385846744160783,11.89,934707.0
"II-A data, safe",14,7,22,"D 2,3 -> 4,5",22,True,0.0,15178.0,37,True,0.14705347338648614,9.83,949885.0
"II-A data, safe",14,8,12,"D 0,2 -> 4,6",12,True,0.0,145104.0,56,True,0.0839991038956951,14.36,1094989.0
"II-A data, safe",14,9,21,"D 1,3 -> 5,7",21,True,0.0,26717.0,42,True,0.09923512071236314,11.51,1121706.0
"II-A data, safe",15,0,25,"D 2,3 -> 6,7",25,True,0.0,56211.0,48,True,0.29531587325194003,10.6,56211.0
"II-A data, safe",15,1,19,"D 1,2 -> 5,6",8,False,0.02977635664401035,89458.0,51,True,0.2737764969440218,11.61,145669.0
"II-A data, safe",15,2,14,"D 0,3 -> 4,7",8,False,0.017315513367220592,73926.0,50,True,0.273723917099883,11.03,219595.0
"II-A data, safe",15,3,8,"D 0,1 -> 4,5",8,True,0.0,25023.0,41,True,0.27110663681707586,10.02,244618.0
"II-A data, safe",15,4,18,"D 1,2 -> 4,7",18,True,0.0,384679.0,56,True,0.1477856644347827,11.92,629297.0
"II-A data, safe",15,5,15,"D 0,3 -> 5,6",15,True,0.0,72823.0,47,True,0.1643874266778626,11.41,702120.0
"II-A data, safe",15,6,22,"D 2,3 -> 4,5",22,True,0.0,168907.0,52,True,0.13858467409796973,12.1,871027.0
"II-A data, safe",15,7,11,"D 0,1 -> 6,7",11,True,0.0,12643.0,35,True,0.26165566831029735,8.65,883670.0
"II-A data, safe",15,8,21,"D 1,3 -> 5,7",12,True,2.4424906541753444e-15,210848.0,58,True,0.08399910908290927,14.84,1094518.0
"II-A data, safe",15,9,12,"D 0,2 -> 4,6",12,True,0.0,50163.0,45,True,0.09923512013769557,13.27,1144681.0
"II-A data, safe",16,0,25,"D 2,3 -> 6,7",25,True,0.0,55620.0,48,True,0.29531587325194003,11.42,55620.0
"II-A data, safe",16,1,19,"D 1,2 -> 5,6",8,False,0.02977635664401035,51051.0,48,True,0.2737764969440218,11.51,106671.0
"II-A data, safe",16,2,8,"D 0,1 -> 4,5",8,True,0.0,23228.0,42,True,0.273723917099883,10.29,129899.0
"II-A data, safe",16,3,14,"D 0,3 -> 4,7",14,True,0.0,24663.0,41,True,0.2656902546602413,9.85,154562.0
"II-A data, safe",16,4,15,"D 0,3 -> 5,6",15,True,0.0,316875.0,55,True,0.14778566443566704,12.38,471437.0
"II-A data, safe",16,5,18,"D 1,2 -> 4,7",18,True,0.0,101273.0,49,True,0.1643874266778641,12.01,572710.0
"II-A data, safe",16,6,22,"D 2,3 -> 4,5",22,True,0.0,30313.0,42,True,0.13858467441829297,10.26,603023.0
"II-A data, safe",16,7,11,"D 0,1 -> 6,7",11,True,0.0,7353.0,31,True,0.26165566829392006,7.32,610376.0
"II-A data, safe",16,8,12,"D 0,2 -> 4,6",12,True,0.0,312816.0,60,True,0.08399911024636116,14.58,923192.0
"II-A data, safe",16,9,21,"D 1,3 -> 5,7",21,True,0.0,31543.0,41,True,0.09923512071042805,11.75,954735.0
"II-A data, safe",17,0,25,"D 2,3 -> 6,7",25,True,0.0,66259.0,49,True,0.29531587325194003,11.08,66259.0
"II-A data, safe",17,1,19,"D 1,2 -> 5,6",8,False,0.02977635664401035,93866.0,51,True,0.2737764969440218,11.87,160125.0
"II-A data, safe",17,2,8,"D 0,1 -> 4,5",8,True,0.0,78003.0,50,True,0.273723917099883,11.11,238128.0
"II-A data, safe",17,3,14,"D 0,3 -> 4,7",14,True,0.0,13175.0,35,True,0.2656902546602413,9.08,251303.0
"II-A data, safe",17,4,18,"D 1,2 -> 4,7",15,True,1.354472090042691e-14,315243.0,55,True,0.14778566443566704,12.94,566546.0
"II-A data, safe",17,5,15,"D 0,3 -> 5,6",15,True,0.0,48624.0,45,True,0.16438742667786413,11.23,615170.0
"II-A data, safe",17,6,11,"D 0,1 -> 6,7",22,False,0.007766562553050971,253219.0,54,True,0.1385846743270885,12.91,868389.0
"II-A data, safe",17,7,22,"D 2,3 -> 4,5",22,True,0.0,17633.0,38,True,0.14705347395216467,9.82,886022.0
"II-A data, safe",17,8,12,"D 0,2 -> 4,6",21,True,9.968537106885833e-11,257842.0,59,True,0.08399911029395625,14.54,1143864.0
"II-A data, safe",17,9,21,"D 1,3 -> 5,7",21,True,0.0,22087.0,41,True,0.09923512022413242,10.67,1165951.0
"II-A data, safe",18,0,25,"D 2,3 -> 6,7",25,True,0.0,81482.0,50,True,0.29531587325194003,12.78,81482.0
"II-A data, safe",18,1,8,"D 0,1 -> 4,5",8,True,0.0,60573.0,49,True,0.2737764969440218,12.63,142055.0
"II-A data, safe",18,2,14,"D 0,3 -> 4,7",14,True,0.0,17583.0,41,True,0.2614613407499898,10.1,159638.0
"II-A data, safe",18,3,19,"D 1,2 -> 5,6",19,True,0.0,16210.0,41,True,0.26928064290338416,9.63,175848.0
"II-A data, safe",18,4,18,"D 1,2 -> 4,7",15,True,3.217870414573554e-11,469245.0,57,True,0.14778566443177055,14.63,645093.0
"II-A data, safe",18,5,15,"D 0,3 -> 5,6",15,True,0.0,70025.0,47,True,0.16438742674117973,12.19,715118.0
"II-A data, safe",18,6,11,"D 0,1 -> 6,7",22,False,0.007766562526819398,207808.0,53,True,0.13858467441607844,12.22,922926.0
"II-A data, safe",18,7,22,"D 2,3 -> 4,5",22,True,0.0,16329.0,37,True,0.1470534733864861,10.99,939255.0
"II-A data, safe",18,8,21,"D 1,3 -> 5,7",12,True,0.0,484090.0,62,True,0.08399910523063336,16.36,1423345.0
"II-A data, safe",18,9,12,"D 0,2 -> 4,6",12,True,0.0,38257.0,44,True,0.09923512022048964,12.62,1461602.0
"II-A data, safe",19,0,25,"D 2,3 -> 6,7",25,True,0.0,76835.0,50,True,0.29531587325194003,11.66,76835.0
"II-A data, safe",19,1,8,"D 0,1 -> 4,5",8,True,0.0,90220.0,51,True,0.2737764969440218,13.18,167055.0
"II-A data, safe",19,2,19,"D 1,2 -> 5,6",14,True,0.0,24256.0,44,True,0.2614613407499898,10.74,191311.0
"II-A data, safe",19,3,14,"D 0,3 -> 4,7",14,True,0.0,22053.0,42,True,0.26928064290338416,10.27,213364.0
"II-A data, safe",19,4,11,"D 0,1 -> 6,7",18,False,0.049448769732284625,309174.0,55,True,0.14778566443177055,13.86,522538.0
"II-A data, safe",19,5,22,"D 2,3 -> 4,5",22,True,0.0,142623.0,56,True,0.14937752509657326,13.54,665161.0
"II-A data, safe",19,6,15,"D 0,3 -> 5,6",18,True,0.0,412822.0,60,True,0.07720987283593503,17.26,1077983.0
"II-A data, safe",19,7,18,"D 1,2 -> 4,7",18,True,0.0,164018.0,55,True,0.09248982615038175,15.2,1242001.0
"II-A data, safe",19,8,21,"D 1,3 -> 5,7",12,False,1.5980994305664353e-09,260892.0,59,True,0.08399910928439416,14.74,1502893.0
"II-A data, safe",19,9,12,"D 0,2 -> 4,6",12,True,0.0,21144.0,39,False,0.0992351202151402,11.09,1524037.0
"II-A data, safe",20,0,25,"D 2,3 -> 6,7",25,True,0.0,66381.0,49,True,0.29531587325194003,12.15,66381.0
"II-A data, safe",20,1,8,"D 0,1 -> 4,5",8,True,0.0,86354.0,51,True,0.2737764969440218,12.99,152735.0
"II-A data, safe",20,2,19,"D 1,2 -> 5,6",14,True,0.0,29217.0,45,True,0.2614613407499898,11.04,181952.0
"II-A data, safe",20,3,14,"D 0,3 -> 4,7",14,True,0.0,18326.0,39,True,0.26928064290338416,10.27,200278.0
"II-A data, safe",20,4,15,"D 0,3 -> 5,6",18,True,3.218003641336509e-11,200668.0,52,True,0.14778566443177055,13.07,400946.0
"II-A data, safe",20,5,18,"D 1,2 -> 4,7",18,True,0.0,79757.0,48,True,0.16438742681818638,12.01,480703.0
"II-A data, safe",20,6,22,"D 2,3 -> 4,5",22,True,0.0,64494.0,47,True,0.1385846744160783,11.51,545197.0
"II-A data, safe",20,7,11,"D 0,1 -> 6,7",11,True,0.0,13568.0,36,False,0.2616556682498229,9.76,558765.0
"II-A data, safe",20,8,12,"D 0,2 -> 4,6",12,True,0.0,124424.0,55,True,0.08399911022480253,14.79,683189.0
"II-A data, safe",20,9,21,"D 1,3 -> 5,7",21,True,0.0,34229.0,43,False,0.0992351202178451,12.47,717418.0
"II-A data, safe",21,0,25,"D 2,3 -> 6,7",25,True,0.0,56228.0,48,True,0.29531587325194003,11.64,56228.0
"II-A data, safe",21,1,8,"D 0,1 -> 4,5",8,True,0.0,74727.0,50,True,0.2737764969440218,12.4,130955.0
"II-A data, safe",21,2,19,"D 1,2 -> 5,6",14,True,0.0,45887.0,48,True,0.2614613407499898,11.18,176842.0
"II-A data, safe",21,3,14,"D 0,3 -> 4,7",14,True,0.0,25939.0,41,True,0.26928064290338416,11.11,202781.0
"II-A data, safe",21,4,15,"D 0,3 -> 5,6",18,True,3.218003641336509e-11,312272.0,55,True,0.14778566443177055,13.6,515053.0
"II-A data, safe",21,5,18,"D 1,2 -> 4,7",18,True,0.0,146850.0,51,True,0.16438742681818638,11.99,661903.0
"II-A data, safe",21,6,22,"D 2,3 -> 4,5",22,True,0.0,41109.0,44,True,0.1385846744160783,11.15,703012.0
"II-A data, safe",21,7,11,"D 0,1 -> 6,7",11,True,0.0,10733.0,35,False,0.2616556682498229,9.43,713745.0
"II-A data, safe",21,8,21,"D 1,3 -> 5,7",12,True,4.440892098500626e-15,487831.0,62,True,0.08399911022480253,16.96,1201576.0
"II-A data, safe",21,9,12,"D 0,2 -> 4,6",12,True,0.0,22110.0,41,True,0.09923511910083822,10.81,1223686.0
"II-A data, safe",22,0,25,"D 2,3 -> 6,7",25,True,0.0,44802.0,47,True,0.29531587325194003,11.06,44802.0
"II-A data, safe",22,1,8,"D 0,1 -> 4,5",8,True,0.0,50740.0,48,True,0.2737764969440218,12.08,95542.0
"II-A data, safe",22,2,19,"D 1,2 -> 5,6",14,True,0.0,14325.0,37,True,0.2614613407499898,9.82,109867.0
"II-A data, safe",22,3,14,"D 0,3 -> 4,7",14,True,0.0,19806.0,40,True,0.26928064290338416,10.44,129673.0
"II-A data, safe",22,4,18,"D 1,2 -> 4,7",18,True,0.0,453064.0,57,True,0.14778566443177055,13.74,582737.0
"II-A data, safe",22,5,15,"D 0,3 -> 5,6",15,True,0.0,80896.0,48,True,0.16438742667786324,12.52,663633.0
"II-A data, safe",22,6,11,"D 0,1 -> 6,7",22,False,0.00776656215243321,253447.0,54,True,0.13858467461098167,11.98,917080.0
"II-A data, safe",22,7,22,"D 2,3 -> 4,5",22,True,0.0,15926.0,37,False,0.1470534733864861,10.14,933006.0
"II-A data, safe",22,8,12,"D 0,2 -> 4,6",12,True,0.0,473900.0,62,True,0.08399910507879133,15.95,1406906.0
"II-A data, safe",22,9,21,"D 1,3 -> 5,7",21,True,0.0,25254.0,42,True,0.09923512022197756,11.88,1432160.0
"II-A data, safe",23,0,25,"D 2,3 -> 6,7",25,True,0.0,46953.0,47,True,0.29531587325194003,11.04,46953.0
"II-A data, safe",23,1,8,"D 0,1 -> 4,5",8,True,0.0,72027.0,50,True,0.2737764969440218,12.86,118980.0
"II-A data, safe",23,2,14,"D 0,3 -> 4,7",14,True,0.0,66602.0,50,True,0.2614613407499898,11.58,185582.0
"II-A data, safe",23,3,19,"D 1,2 -> 5,6",19,True,0.0,21751.0,41,True,0.26928064290338416,9.61,207333.0
"II-A data, safe",23,4,18,"D 1,2 -> 4,7",15,True,3.217870414573554e-11,137684.0,56,True,0.14778566443177055,12.85,345017.0
"II-A data, safe",23,5,15,"D 0,3 -> 5,6",15,True,0.0,94956.0,49,True,0.16438742674117973,12.43,439973.0
"II-A data, safe",23,6,11,"D 0,1 -> 6,7",22,False,0.007766562526819398,212466.0,53,True,0.13858467441607844,12.35,652439.0
"II-A data, safe",23,7,22,"D 2,3 -> 4,5",22,True,0.0,16535.0,38,True,0.1470534733864861,10.92,668974.0
"II-A data, safe",23,8,12,"D 0,2 -> 4,6",12,True,1.1102230246251565e-16,404415.0,61,True,0.08399910523063336,16.57,1073389.0
"II-A data, safe",23,9,21,"D 1,3 -> 5,7",21,True,0.0,46490.0,44,False,0.09923512022048907,12.51,1119879.0
"II-A data, safe",24,0,25,"D 2,3 -> 6,7",25,True,0.0,47451.0,47,True,0.29531587325194003,11.63,47451.0
"II-A data, safe",24,1,8,"D 0,1 -> 4,5",8,True,0.0,89080.0,51,True,0.2737764969440218,11.17,136531.0
"II-A data, safe",24,2,19,"D 1,2 -> 5,6",14,True,0.0,56648.0,49,True,0.2614613407499898,11.15,193179.0
"II-A data, safe",24,3,14,"D 0,3 -> 4,7",14,True,0.0,14645.0,37,True,0.26928064290338416,9.03,207824.0
"II-A data, safe",24,4,15,"D 0,3 -> 5,6",18,True,3.218003641336509e-11,312712.0,55,True,0.14778566443177055,12.58,520536.0
"II-A data, safe",24,5,18,"D 1,2 -> 4,7",18,True,0.0,47555.0,45,True,0.16438742681818638,11.1,568091.0
"II-A data, safe",24,6,22,"D 2,3 -> 4,5",22,True,0.0,65609.0,47,True,0.1385846744160783,11.12,633700.0
"II-A data, safe",24,7,11,"D 0,1 -> 6,7",11,True,0.0,16781.0,38,True,0.2616556682498229,9.57,650481.0
"II-A data, safe",24,8,12,"D 0,2 -> 4,6",12,True,0.0,380695.0,61,True,0.08399911022480253,14.6,1031176.0
"II-A data, safe",24,9,21,"D 1,3 -> 5,7",21,True,0.0,60155.0,46,False,0.0992351202178451,12.88,1091331.0
"II-A data, safe",25,0,25,"D 2,3 -> 6,7",25,True,0.0,57578.0,48,True,0.29531587325194003,10.74,57578.0
"II-A data, safe",25,1,8,"D 0,1 -> 4,5",8,True,0.0,50782.0,48,True,0.2737764969440218,11.16,108360.0
"II-A data, safe",25,2,19,"D 1,2 -> 5,6",14,True,0.0,45564.0,48,True,0.2614613407499898,10.33,153924.0
"II-A data, safe",25,3,14,"D 0,3 -> 4,7",14,True,0.0,14607.0,38,True,0.26928064290338416,8.57,168531.0
"II-A data, safe",25,4,15,"D 0,3 -> 5,6",18,True,3.218003641336509e-11,254318.0,54,True,0.14778566443177055,12.83,422849.0
"II-A data, safe",25,5,18,"D 1,2 -> 4,7",18,True,0.0,176675.0,52,True,0.16438742681818638,12.98,599524.0
"II-A data, safe",25,6,22,"D 2,3 -> 4,5",22,True,0.0,114169.0,50,True,0.1385846744160783,11.36,713693.0
"II-A data, safe",25,7,11,"D 0,1 -> 6,7",11,True,0.0,12732.0,36,True,0.2616556682498229,8.69,726425.0
"II-A data, safe",25,8,21,"D 1,3 -> 5,7",12,True,4.440892098500626e-15,469770.0,62,True,0.08399911022480253,14.8,1196195.0
"II-A data, safe",25,9,12,"D 0,2 -> 4,6",12,True,0.0,32606.0,43,True,0.09923511910083822,11.13,1228801.0
"II-A data, safe",26,0,25,"D 2,3 -> 6,7",25,True,0.0,37174.0,46,True,0.29531587325194003,10.02,37174.0
"II-A data, safe",26,1,8,"D 0,1 -> 4,5",8,True,0.0,88112.0,51,True,0.2737764969440218,11.18,125286.0
"II-A data, safe",26,2,14,"D 0,3 -> 4,7",14,True,0.0,32805.0,46,True,0.2614613407499898,11.05,158091.0
"II-A data, safe",26,3,19,"D 1,2 -> 5,6",19,True,0.0,15253.0,37,False,0.26928064290338416,8.83,173344.0
"II-A data, safe",26,4,15,"D 0,3 -> 5,6",15,True,0.0,263102.0,54,True,0.14778566443177055,12.75,436446.0
"II-A data, safe",26,5,18,"D 1,2 -> 4,7",18,True,0.0,174391.0,52,True,0.16438742686495894,12.64,610837.0
"II-A data, safe",26,6,22,"D 2,3 -> 4,5",22,True,0.0,252019.0,54,True,0.1385846744160791,11.95,862856.0
"II-A data, safe",26,7,11,"D 0,1 -> 6,7",11,True,0.0,12063.0,35,True,0.261655668249823,9.08,874919.0
"II-A data, safe",26,8,21,"D 1,3 -> 5,7",12,True,1.7763568394002505e-15,488075.0,62,True,0.08399911025322548,15.13,1362994.0
"II-A data, safe",26,9,12,"D 0,2 -> 4,6",12,True,0.0,30387.0,41,True,0.09923512064724334,11.18,1393381.0
"II-A data, safe",27,0,25,"D 2,3 -> 6,7",25,True,0.0,40636.0,46,True,0.29531587325194003,10.47,40636.0
"II-A data, safe",27,1,8,"D 0,1 -> 4,5",8,True,0.0,19238.0,42,True,0.2737764969440218,9.46,59874.0
"II-A data, safe",27,2,19,"D 1,2 -> 5,6",14,True,0.0,30268.0,45,True,0.2614613407499898,10.73,90142.0
"II-A data, safe",27,3,14,"D 0,3 -> 4,7",14,True,0.0,13485.0,38,True,0.26928064290338416,8.47,103627.0
"II-A data, safe",27,4,15,"D 0,3 -> 5,6",18,True,3.218003641336509e-11,141162.0,51,True,0.14778566443177055,12.88,244789.0
"II-A data, safe",27,5,18,"D 1,2 -> 4,7",18,True,0.0,96876.0,49,True,0.16438742681818638,12.54,341665.0
"II-A data, safe",27,6,11,"D 0,1 -> 6,7",22,False,0.007766562526816623,254435.0,54,True,0.1385846744160783,11.72,596100.0
"II-A data, safe",27,7,22,"D 2,3 -> 4,5",22,True,0.0,19837.0,39,False,0.14705347338648614,9.98,615937.0
"II-A data, safe",27,8,12,"D 0,2 -> 4,6",12,True,0.0,308125.0,60,True,0.0839991038956951,13.52,924062.0
"II-A data, safe",27,9,21,"D 1,3 -> 5,7",21,True,0.0,44542.0,44,False,0.09923512071236314,12.02,968604.0
"II-A data, safe",28,0,25,"D 2,3 -> 6,7",25,True,0.0,40489.0,46,True,0.29531587325194003,10.09,40489.0
"II-A data, safe",28,1,8,"D 0,1 -> 4,5",8,True,0.0,60024.0,49,True,0.2737764969440218,11.02,100513.0
"II-A data, safe",28,2,14,"D 0,3 -> 4,7",14,True,0.0,21947.0,43,True,0.2614613407499898,10.39,122460.0
"II-A data, safe",28,3,19,"D 1,2 -> 5,6",19,True,0.0,10223.0,35,True,0.26928064290338416,8.62,132683.0
"II-A data, safe",28,4,15,"D 0,3 -> 5,6",15,True,0.0,210332.0,53,True,0.14778566443177055,12.69,343015.0
"II-A data, safe",28,5,18,"D 1,2 -> 4,7",18,True,0.0,66607.0,47,True,0.16438742686495894,11.65,409622.0
"II-A data, safe",28,6,11,"D 0,1 -> 6,7",22,False,0.0077665625268157346,310542.0,55,True,0.1385846744160791,12.59,720164.0
"II-A data, safe",28,7,22,"D 2,3 -> 4,5",22,True,0.0,19979.0,38,True,0.14705347338648608,9.7,740143.0
"II-A data, safe",28,8,21,"D 1,3 -> 5,7",12,True,0.0,105212.0,54,True,0.0839991058892081,13.7,845355.0
"II-A data, safe",28,9,12,"D 0,2 -> 4,6",12,True,0.0,28116.0,43,True,0.09923512022281945,11.35,873471.0
"II-A data, safe",29,0,25,"D 2,3 -> 6,7",25,True,0.0,21314.0,43,True,0.29531587325194003,9.43,21314.0
"II-A data, safe",29,1,8,"D 0,1 -> 4,5",8,True,0.0,107125.0,52,True,0.2737764969440218,11.8,128439.0
"II-A data, safe",29,2,14,"D 0,3 -> 4,7",14,True,0.0,28409.0,45,True,0.2614613407499898,9.95,156848.0
"II-A data, safe",29,3,19,"D 1,2 -> 5,6",19,True,0.0,15798.0,40,True,0.26928064290338416,9.37,172646.0
"II-A data, safe",29,4,18,"D 1,2 -> 4,7",15,True,3.217870414573554e-11,171995.0,52,True,0.14778566443177055,12.22,344641.0
"II-A data, safe",29,5,15,"D 0,3 -> 5,6",15,True,0.0,66364.0,47,True,0.16438742674117973,11.25,411005.0
"II-A data, safe",29,6,11,"D 0,1 -> 6,7",22,False,0.007766562526819398,254310.0,54,True,0.13858467441607844,11.72,665315.0
"II-A data, safe",29,7,22,"D 2,3 -> 4,5",22,True,0.0,14808.0,38,True,0.1470534733864861,9.95,680123.0
"II-A data, safe",29,8,21,"D 1,3 -> 5,7",12,True,0.0,262124.0,59,True,0.08399910523063336,14.56,942247.0
"II-A data, safe",29,9,12,"D 0,2 -> 4,6",12,True,0.0,25091.0,42,False,0.09923512022048964,11.66,967338.0
"II-A data, safe",30,0,25,"D 2,3 -> 6,7",25,True,0.0,45247.0,47,True,0.29531587325194003,10.69,45247.0
"II-A data, safe",30,1,8,"D 0,1 -> 4,5",8,True,0.0,74586.0,50,True,0.2737764969440218,11.34,119833.0
"II-A data, safe",30,2,19,"D 1,2 -> 5,6",14,True,0.0,22901.0,43,True,0.2614613407499898,10.42,142734.0
"II-A data, safe",30,3,14,"D 0,3 -> 4,7",14,True,0.0,16867.0,38,False,0.26928064290338416,10.07,159601.0
"II-A data, safe",30,4,18,"D 1,2 -> 4,7",18,True,0.0,171546.0,52,True,0.14778566443177055,13.52,331147.0
"II-A data, safe",30,5,15,"D 0,3 -> 5,6",15,True,0.0,64815.0,47,True,0.16438742667786324,11.39,395962.0
"II-A data, safe",30,6,22,"D 2,3 -> 4,5",22,True,0.0,114925.0,50,True,0.13858467461098167,11.42,510887.0
"II-A data, safe",30,7,11,"D 0,1 -> 6,7",11,True,0.0,18874.0,39,False,0.2616556682498228,10.12,529761.0
"II-A data, safe",30,8,12,"D 0,2 -> 4,6",12,True,0.0,321092.0,60,True,0.08399911025677623,16.11,850853.0
"II-A data, safe",30,9,21,"D 1,3 -> 5,7",21,True,0.0,34873.0,42,False,0.0992351207123887,12.82,885726.0
"II-A data, safe",31,0,25,"D 2,3 -> 6,7",25,True,0.0,35466.0,45,True,0.29531587325194003,11.21,35466.0
"II-A data, safe",31,1,8,"D 0,1 -> 4,5",8,True,0.0,105810.0,52,True,0.2737764969440218,11.96,141276.0
"II-A data, safe",31,2,19,"D 1,2 -> 5,6",14,True,0.0,54619.0,49,True,0.2614613407499898,10.99,195895.0
"II-A data, safe",31,3,14,"D 0,3 -> 4,7",14,True,0.0,19159.0,41,True,0.26928064290338416,9.81,215054.0
"II-A data, safe",31,4,18,"D 1,2 -> 4,7",18,True,0.0,470187.0,57,True,0.14778566443177055,14.49,685241.0
"II-A data, safe",31,5,15,"D 0,3 -> 5,6",15,True,0.0,39387.0,44,True,0.16438742667786324,11.3,724628.0
"II-A data, safe",31,6,11,"D 0,1 -> 6,7",22,False,0.00776656215243321,382822.0,56,True,0.13858467461098167,12.8,1107450.0
"II-A data, safe",31,7,22,"D 2,3 -> 4,5",22,True,0.0,16226.0,37,False,0.1470534733864861,10.07,1123676.0
"II-A data, safe",31,8,12,"D 0,2 -> 4,6",12,True,0.0,318700.0,60,True,0.08399910507879133,15.0,1442376.0
"II-A data, safe",31,9,21,"D 1,3 -> 5,7",21,True,0.0,28992.0,41,True,0.09923512022197756,12.0,1471368.0
"II-A data, safe",32,0,25,"D 2,3 -> 6,7",25,True,0.0,22792.0,42,True,0.29531587325194003,10.32,22792.0
"II-A data, safe",32,1,8,"D 0,1 -> 4,5",8,True,0.0,91889.0,51,True,0.2737764969440218,11.74,114681.0
"II-A data, safe",32,2,14,"D 0,3 -> 4,7",14,True,0.0,57211.0,49,True,0.2614613407499898,11.64,171892.0
"II-A data, safe",32,3,19,"D 1,2 -> 5,6",19,True,0.0,19826.0,41,True,0.26928064290338416,10.51,191718.0
"II-A data, safe",32,4,18,"D 1,2 -> 4,7",15,True,3.217870414573554e-11,101065.0,49,True,0.14778566443177055,13.09,292783.0
"II-A data, safe",32,5,15,"D 0,3 -> 5,6",15,True,0.0,113208.0,50,True,0.16438742674117973,12.42,405991.0
"II-A data, safe",32,6,22,"D 2,3 -> 4,5",22,True,0.0,469944.0,57,True,0.13858467441607844,12.92,875935.0
"II-A data, safe",32,7,11,"D 0,1 -> 6,7",11,True,0.0,7741.0,33,True,0.2616556682498229,7.99,883676.0
"II-A data, safe",32,8,12,"D 0,2 -> 4,6",21,True,1.3322676295501878e-15,471098.0,62,True,0.08399911024612945,15.48,1354774.0
"II-A data, safe",32,9,21,"D 1,3 -> 5,7",21,True,0.0,30252.0,43,False,0.09923512071236461,12.18,1385026.0
"II-A data, safe",33,0,25,"D 2,3 -> 6,7",25,True,0.0,66344.0,49,True,0.29531587325194003,11.33,66344.0
"II-A data, safe",33,1,8,"D 0,1 -> 4,5",8,True,0.0,43441.0,47,True,0.2737764969440218,11.06,109785.0
"II-A data, safe",33,2,19,"D 1,2 -> 5,6",14,True,0.0,42704.0,48,True,0.2614613407499898,10.49,152489.0
"II-A data, safe",33,3,14,"D 0,3 -> 4,7",14,True,0.0,17663.0,40,True,0.26928064290338416,10.35,170152.0
"II-A data, safe",33,4,15,"D 0,3 -> 5,6",18,True,3.218003641336509e-11,312797.0,55,True,0.14778566443177055,13.67,482949.0
"II-A data, safe",33,5,18,"D 1,2 -> 4,7",18,True,0.0,101105.0,49,True,0.16438742681818638,11.49,584054.0
"II-A data, safe",33,6,11,"D 0,1 -> 6,7",22,False,0.007766562526816623,171764.0,52,True,0.1385846744160783,12.21,755818.0
"II-A data, safe",33,7,22,"D 2,3 -> 4,5",22,True,0.0,17811.0,38,True,0.14705347338648614,10.29,773629.0
"II-A data, safe",33,8,12,"D 0,2 -> 4,6",12,True,0.0,94250.0,54,True,0.0839991038956951,13.05,867879.0
"II-A data, safe",33,9,21,"D 1,3 -> 5,7",21,True,0.0,40787.0,43,False,0.09923512071236314,14.05,908666.0
"II-A data, safe",34,0,25,"D 2,3 -> 6,7",25,True,0.0,28079.0,44,True,0.29531587325194003,10.4,28079.0
"II-A data, safe",34,1,8,"D 0,1 -> 4,5",8,True,0.0,28779.0,44,True,0.2737764969440218,10.82,56858.0
"II-A data, safe",34,2,14,"D 0,3 -> 4,7",14,True,0.0,22744.0,43,True,0.2614613407499898,10.37,79602.0
"II-A data, safe",34,3,19,"D 1,2 -> 5,6",19,True,0.0,11634.0,34,True,0.26928064290338416,9.61,91236.0
"II-A data, safe",34,4,11,"D 0,1 -> 6,7",15,False,0.04944876973228385,311429.0,55,True,0.14778566443177055,14.2,402665.0
"II-A data, safe",34,5,22,"D 2,3 -> 4,5",22,True,0.0,138834.0,56,True,0.14937752509657323,13.42,541499.0
"II-A data, safe",34,6,18,"D 1,2 -> 4,7",15,True,1.2212453270876722e-15,230773.0,57,True,0.07720987283593504,16.29,772272.0
"II-A data, safe",34,7,15,"D 0,3 -> 5,6",15,True,0.0,180305.0,56,True,0.0924898258148914,15.05,952577.0
"II-A data, safe",34,8,12,"D 0,2 -> 4,6",21,True,9.350298313393068e-12,140952.0,56,True,0.08399911023172611,14.1,1093529.0
"II-A data, safe",34,9,21,"D 1,3 -> 5,7",21,True,0.0,60299.0,45,False,0.099235120221915,14.21,1153828.0
"II-A data, safe",35,0,25,"D 2,3 -> 6,7",25,True,0.0,46195.0,47,True,0.29531587325194003,11.3,46195.0
"II-A data, safe",35,1,8,"D 0,1 -> 4,5",8,True,0.0,73398.0,50,True,0.2737764969440218,11.37,119593.0
"II-A data, safe",35,2,19,"D 1,2 -> 5,6",14,True,0.0,69142.0,50,True,0.2614613407499898,12.03,188735.0
"II-A data, safe",35,3,14,"D 0,3 -> 4,7",14,True,0.0,18040.0,39,True,0.26928064290338416,10.49,206775.0
"II-A data, safe",35,4,18,"D 1,2 -> 4,7",18,True,0.0,474461.0,57,True,0.14778566443177055,13.44,681236.0
"II-A data, safe",35,5,15,"D 0,3 -> 5,6",15,True,0.0,81352.0,48,True,0.16438742667786324,11.7,762588.0
"II-A data, safe",35,6,22,"D 2,3 -> 4,5",22,True,0.0,310689.0,55,True,0.13858467461098167,13.48,1073277.0
"II-A data, safe",35,7,11,"D 0,1 -> 6,7",11,True,0.0,12173.0,35,True,0.2616556682498228,9.28,1085450.0
"II-A data, safe",35,8,21,"D 1,3 -> 5,7",12,True,7.438494264988549e-14,469012.0,62,True,0.08399911025677623,16.16,1554462.0
"II-A data, safe",35,9,12,"D 0,2 -> 4,6",12,True,0.0,62884.0,46,False,0.09923512022281779,14.34,1617346.0
"II-A data, safe",36,0,25,"D 2,3 -> 6,7",25,True,0.0,83140.0,50,True,0.29531587325194003,11.94,83140.0
"II-A data, safe",36,1,8,"D 0,1 -> 4,5",8,True,0.0,37130.0,46,True,0.2737764969440218,10.9,120270.0
"II-A data, safe",36,2,19,"D 1,2 -> 5,6",14,True,0.0,42140.0,47,True,0.2614613407499898,10.35,162410.0
"II-A data, safe",36,3,14,"D 0,3 -> 4,7",14,True,0.0,21525.0,42,True,0.26928064290338416,9.71,183935.0
"II-A data, safe",36,4,18,"D 1,2 -> 4,7",18,True,0.0,385255.0,56,True,0.14778566443177055,13.71,569190.0
"II-A data, safe",36,5,15,"D 0,3 -> 5,6",15,True,0.0,203358.0,53,True,0.16438742667786324,12.48,772548.0
"II-A data, safe",36,6,22,"D 2,3 -> 4,5",22,True,0.0,114400.0,50,True,0.13858467461098167,11.54,886948.0
"II-A data, safe",36,7,11,"D 0,1 -> 6,7",11,True,0.0,13999.0,36,False,0.2616556682498228,9.55,900947.0
"II-A data, safe",36,8,12,"D 0,2 -> 4,6",12,True,0.0,80256.0,53,True,0.08399911025677623,12.97,981203.0
"II-A data, safe",36,9,21,"D 1,3 -> 5,7",21,True,0.0,29781.0,42,True,0.0992351207123887,11.28,1010984.0
"II-A data, safe",37,0,25,"D 2,3 -> 6,7",25,True,0.0,54878.0,48,True,0.29531587325194003,11.53,54878.0
"II-A data, safe",37,1,19,"D 1,2 -> 5,6",8,False,0.02977635664401035,35112.0,46,True,0.2737764969440218,10.44,89990.0
"II-A data, safe",37,2,8,"D 0,1 -> 4,5",8,True,0.0,93177.0,51,True,0.273723917099883,11.56,183167.0
"II-A data, safe",37,3,14,"D 0,3 -> 4,7",14,True,0.0,17401.0,38,True,0.2656902546602413,9.11,200568.0
"II-A data, safe",37,4,22,"D 2,3 -> 4,5",15,False,0.04249544022445495,306305.0,55,True,0.14778566443566704,13.53,506873.0
"II-A data, safe",37,5,11,"D 0,1 -> 6,7",11,True,0.0,11735.0,35,False,0.251227256664803,8.46,518608.0
"II-A data, safe",37,6,18,"D 1,2 -> 4,7",15,True,1.6591383822373018e-10,409199.0,60,True,0.0772098729595306,16.5,927807.0
"II-A data, safe",37,7,15,"D 0,3 -> 5,6",15,True,0.0,174548.0,56,True,0.0924898287645934,15.04,1102355.0
"II-A data, safe",37,8,12,"D 0,2 -> 4,6",21,True,2.141620214501927e-13,260358.0,59,True,0.08399911019104458,12.93,1362713.0
"II-A data, safe",37,9,21,"D 1,3 -> 5,7",21,True,0.0,54354.0,45,False,0.09923512019472024,10.59,1417067.0
"II-A data, safe",38,0,25,"D 2,3 -> 6,7",25,True,0.0,46962.0,47,True,0.29531587325194003,11.02,46962.0
"II-A data, safe",38,1,8,"D 0,1 -> 4,5",8,True,0.0,54423.0,48,True,0.2737764969440218,11.82,101385.0
"II-A data, safe",38,2,19,"D 1,2 -> 5,6",14,True,0.0,30983.0,45,True,0.2614613407499898,10.79,132368.0
"II-A data, safe",38,3,14,"D 0,3 -> 4,7",14,True,0.0,12667.0,37,True,0.26928064290338416,9.31,145035.0
"II-A data, safe",38,4,18,"D 1,2 -> 4,7",18,True,0.0,99193.0,50,True,0.14778566443177055,12.77,244228.0
"II-A data, safe",38,5,15,"D 0,3 -> 5,6",15,True,0.0,95634.0,49,True,0.16438742667786324,12.43,339862.0
"II-A data, safe",38,6,22,"D 2,3 -> 4,5",22,True,0.0,206352.0,53,True,0.13858467461098167,12.97,546214.0
"II-A data, safe",38,7,11,"D 0,1 -> 6,7",11,True,0.0,10401.0,34,True,0.2616556682498228,9.97,556615.0
"II-A data, safe",38,8,21,"D 1,3 -> 5,7",12,True,7.438494264988549e-14,130671.0,55,True,0.08399911025677623,15.19,687286.0
"II-A data, safe",38,9,12,"D 0,2 -> 4,6",12,True,0.0,32409.0,43,True,0.09923512022281779,11.49,719695.0
"II-A data, safe",39,0,25,"D 2,3 -> 6,7",25,True,0.0,56227.0,48,True,0.29531587325194003,11.63,56227.0
"II-A data, safe",39,1,8,"D 0,1 -> 4,5",8,True,0.0,17283.0,39,True,0.2737764969440218,9.91,73510.0
"II-A data, safe",39,2,14,"D 0,3 -> 4,7",14,True,0.0,65911.0,50,True,0.2614613407499898,11.38,139421.0
"II-A data, safe",39,3,19,"D 1,2 -> 5,6",19,True,0.0,12942.0,35,True,0.26928064290338416,8.79,152363.0
"II-A data, safe",39,4,15,"D 0,3 -> 5,6",15,True,0.0,385096.0,56,True,0.14778566443177055,12.92,537459.0
"II-A data, safe",39,5,18,"D 1,2 -> 4,7",18,True,0.0,15537.0,37,True,0.16438742686495894,9.71,552996.0
"II-A data, safe",39,6,11,"D 0,1 -> 6,7",22,False,0.0077665625268157346,77937.0,48,True,0.1385846744160791,10.93,630933.0
"II-A data, safe",39,7,22,"D 2,3 -> 4,5",22,True,0.0,17730.0,38,False,0.14705347338648608,9.52,648663.0
"II-A data, safe",39,8,21,"D 1,3 -> 5,7",12,True,0.0,257108.0,59,True,0.0839991058892081,14.28,905771.0
"II-A data, safe",39,9,12,"D 0,2 -> 4,6",12,True,0.0,50314.0,45,False,0.09923512022281945,13.17,956085.0
"II-A data, safe",40,0,25,"D 2,3 -> 6,7",25,True,0.0,53564.0,48,True,0.29531587325194003,11.55,53564.0
"II-A data, safe",40,1,8,"D 0,1 -> 4,5",8,True,0.0,65689.0,49,True,0.2737764969440218,12.19,119253.0
"II-A data, safe",40,2,19,"D 1,2 -> 5,6",14,True,0.0,53211.0,49,True,0.2614613407499898,11.0,172464.0
"II-A data, safe",40,3,14,"D 0,3 -> 4,7",14,True,0.0,22138.0,41,True,0.26928064290338416,9.76,194602.0
"II-A data, safe",40,4,18,"D 1,2 -> 4,7",18,True,0.0,174276.0,52,True,0.14778566443177055,12.05,368878.0
"II-A data, safe",40,5,15,"D 0,3 -> 5,6",15,True,0.0,136577.0,51,True,0.16438742667786324,12.19,505455.0
"II-A data, safe",40,6,22,"D 2,3 -> 4,5",22,True,0.0,301423.0,55,True,0.13858467461098167,12.15,806878.0
"II-A data, safe",40,7,11,"D 0,1 -> 6,7",11,True,0.0,13669.0,36,False,0.2616556682498228,10.07,820547.0
"II-A data, safe",40,8,21,"D 1,3 -> 5,7",12,True,7.438494264988549e-14,308633.0,60,True,0.08399911025677623,13.68,1129180.0
"II-A data, safe",40,9,12,"D 0,2 -> 4,6",12,True,0.0,59775.0,45,True,0.09923512022281779,12.38,1188955.0
"II-A data, safe",41,0,25,"D 2,3 -> 6,7",25,True,0.0,39198.0,46,True,0.29531587325194003,10.86,39198.0
"II-A data, safe",41,1,8,"D 0,1 -> 4,5",8,True,0.0,72255.0,50,True,0.2737764969440218,11.59,111453.0
"II-A data, safe",41,2,14,"D 0,3 -> 4,7",14,True,0.0,17534.0,40,True,0.2614613407499898,10.13,128987.0
"II-A data, safe",41,3,19,"D 1,2 -> 5,6",19,True,0.0,19215.0,40,False,0.26928064290338416,9.42,148202.0
"II-A data, safe",41,4,18,"D 1,2 -> 4,7",15,True,3.217870414573554e-11,373448.0,56,True,0.14778566443177055,13.68,521650.0
"II-A data, safe",41,5,15,"D 0,3 -> 5,6",15,True,0.0,137655.0,51,True,0.16438742674117973,11.5,659305.0
"II-A data, safe",41,6,11,"D 0,1 -> 6,7",22,False,0.007766562526819398,113089.0,50,True,0.13858467441607844,11.42,772394.0
"II-A data, safe",41,7,22,"D 2,3 -> 4,5",22,True,0.0,14519.0,37,True,0.1470534733864861,10.28,786913.0
"II-A data, safe",41,8,12,"D 0,2 -> 4,6",12,True,1.1102230246251565e-16,65329.0,50,True,0.08399910523063336,13.21,852242.0
"II-A data, safe",41,9,21,"D 1,3 -> 5,7",21,True,0.0,58576.0,45,False,0.09923512022048907,12.24,910818.0
"II-A data, safe",42,0,25,"D 2,3 -> 6,7",25,True,0.0,64968.0,49,True,0.29531587325194003,12.31,64968.0
"II-A data, safe",42,1,8,"D 0,1 -> 4,5",8,True,0.0,73081.0,50,True,0.2737764969440218,11.48,138049.0
"II-A data, safe",42,2,14,"D 0,3 -> 4,7",14,True,0.0,58742.0,49,True,0.2614613407499898,11.45,196791.0
"II-A data, safe",42,3,19,"D 1,2 -> 5,6",19,True,0.0,18692.0,38,True,0.26928064290338416,10.16,215483.0
"II-A data, safe",42,4,11,"D 0,1 -> 6,7",15,False,0.04944876973228385,389456.0,56,True,0.14778566443177055,13.19,604939.0
"II-A data, safe",42,5,22,"D 2,3 -> 4,5",22,True,0.0,95732.0,54,True,0.14937752509657323,13.0,700671.0
"II-A data, safe",42,6,18,"D 1,2 -> 4,7",15,True,1.2212453270876722e-15,503154.0,61,True,0.07720987283593504,18.0,1203825.0
"II-A data, safe",42,7,15,"D 0,3 -> 5,6",15,True,0.0,121753.0,54,True,0.0924898258148914,14.22,1325578.0
"II-A data, safe",42,8,12,"D 0,2 -> 4,6",21,True,9.350298313393068e-12,468673.0,62,True,0.08399911023172611,10.41,1794251.0
"II-A data, safe",42,9,21,"D 1,3 -> 5,7",21,True,0.0,32302.0,42,True,0.099235120221915,5.37,1826553.0
"II-A data, safe",43,0,25,"D 2,3 -> 6,7",25,True,0.0,47184.0,47,True,0.29531587325194003,11.32,47184.0
"II-A data, safe",43,1,8,"D 0,1 -> 4,5",8,True,0.0,38153.0,46,True,0.2737764969440218,10.89,85337.0
"II-A data, safe",43,2,19,"D 1,2 -> 5,6",14,True,0.0,29527.0,45,True,0.2614613407499898,10.5,114864.0
"II-A data, safe",43,3,14,"D 0,3 -> 4,7",14,True,0.0,10556.0,35,True,0.26928064290338416,8.87,125420.0
"II-A data, safe",43,4,18,"D 1,2 -> 4,7",18,True,0.0,388010.0,56,True,0.14778566443177055,13.29,513430.0
"II-A data, safe",43,5,15,"D 0,3 -> 5,6",15,True,0.0,207171.0,53,True,0.16438742667786324,13.61,720601.0
"II-A data, safe",43,6,22,"D 2,3 -> 4,5",22,True,0.0,139865.0,51,True,0.13858467461098167,12.43,860466.0
"II-A data, safe",43,7,11,"D 0,1 -> 6,7",11,True,0.0,8783.0,33,True,0.2616556682498228,8.7,869249.0
"II-A data, safe",43,8,12,"D 0,2 -> 4,6",12,True,0.0,19354.0,40,False,0.08399911025677623,9.57,888603.0
"II-A data, safe",43,9,21,"D 1,3 -> 5,7",21,True,0.0,49761.0,44,False,0.0992351207123887,8.27,938364.0
"II-A data, safe",44,0,25,"D 2,3 -> 6,7",25,True,0.0,28854.0,44,True,0.29531587325194003,10.5,28854.0
"II-A data, safe",44,1,8,"D 0,1 -> 4,5",8,True,0.0,31389.0,45,True,0.2737764969440218,10.96,60243.0
"II-A data, safe",44,2,14,"D 0,3 -> 4,7",14,True,0.0,68024.0,50,True,0.2614613407499898,12.08,128267.0
"II-A data, safe",44,3,19,"D 1,2 -> 5,6",19,True,0.0,10676.0,34,True,0.26928064290338416,8.77,138943.0
"II-A data, safe",44,4,11,"D 0,1 -> 6,7",15,False,0.04944876973228385,113502.0,50,True,0.14778566443177055,12.02,252445.0
"II-A data, safe",44,5,15,"D 0,3 -> 5,6",22,False,0.013275651476614025,141522.0,56,True,0.14937752509657323,14.08,393967.0
"II-A data, safe",44,6,18,"D 1,2 -> 4,7",18,True,0.0,15269.0,39,True,0.16428719232489103,10.77,409236.0
"II-A data, safe",44,7,22,"D 2,3 -> 4,5",22,True,0.0,15032.0,37,True,0.14709714011915315,9.79,424268.0
"II-A data, safe",44,8,21,"D 1,3 -> 5,7",12,True,2.3092638912203256e-14,267462.0,59,True,0.0839991041599322,13.44,691730.0
"II-A data, safe",44,9,12,"D 0,2 -> 4,6",12,True,0.0,48483.0,44,True,0.09923512078221551,6.85,740213.0
"II-A data, safe",45,0,25,"D 2,3 -> 6,7",25,True,0.0,55735.0,48,True,0.29531587325194003,11.19,55735.0
"II-A data, safe",45,1,8,"D 0,1 -> 4,5",8,True,0.0,92573.0,51,True,0.2737764969440218,12.43,148308.0
"II-A data, safe",45,2,14,"D 0,3 -> 4,7",14,True,0.0,74612.0,51,True,0.2614613407499898,11.97,222920.0
"II-A data, safe",45,3,19,"D 1,2 -> 5,6",19,True,0.0,16692.0,39,True,0.26928064290338416,9.71,239612.0
"II-A data, safe",45,4,15,"D 0,3 -> 5,6",15,True,0.0,371897.0,56,True,0.14778566443177055,14.8,611509.0
"II-A data, safe",45,5,18,"D 1,2 -> 4,7",18,True,0.0,41803.0,44,True,0.16438742686495894,11.92,653312.0
"II-A data, safe",45,6,22,"D 2,3 -> 4,5",22,True,0.0,16507.0,37,True,0.1385846744160791,10.42,669819.0
"II-A data, safe",45,7,11,"D 0,1 -> 6,7",11,True,0.0,9010.0,33,True,0.261655668249823,8.38,678829.0
"II-A data, safe",45,8,12,"D 0,2 -> 4,6",12,True,0.0,279541.0,59,True,0.08399911025322548,12.99,958370.0
"II-A data, safe",45,9,21,"D 1,3 -> 5,7",21,True,0.0,62046.0,46,False,0.09923512071237658,7.27,1020416.0
"II-A data, safe",46,0,25,"D 2,3 -> 6,7",25,True,0.0,46475.0,47,True,0.29531587325194003,11.22,46475.0
"II-A data, safe",46,1,14,"D 0,3 -> 4,7",8,False,0.02977635664401035,88601.0,51,True,0.2737764969440218,12.38,135076.0
"II-A data, safe",46,2,8,"D 0,1 -> 4,5",8,True,0.0,21730.0,42,True,0.273723917099883,10.3,156806.0
"II-A data, safe",46,3,19,"D 1,2 -> 5,6",19,True,0.0,14526.0,39,True,0.2656902546602413,9.48,171332.0
"II-A data, safe",46,4,15,"D 0,3 -> 5,6",18,True,1.4876988529977098e-14,209420.0,53,True,0.14778566443566707,13.65,380752.0
"II-A data, safe",46,5,18,"D 1,2 -> 4,7",18,True,0.0,117394.0,50,True,0.16438742667786413,12.48,498146.0
"II-A data, safe",46,6,22,"D 2,3 -> 4,5",22,True,0.0,210410.0,53,True,0.13858467441634612,12.39,708556.0
"II-A data, safe",46,7,11,"D 0,1 -> 6,7",11,True,0.0,10702.0,34,False,0.26165566709455224,7.95,719258.0
"II-A data, safe",46,8,21,"D 1,3 -> 5,7",21,True,0.0,318205.0,60,True,0.08399911024598242,10.22,1037463.0
"II-A data, safe",46,9,12,"D 0,2 -> 4,6",12,True,0.0,48256.0,45,False,0.09923512072076296,5.54,1085719.0
"II-A data, safe",47,0,25,"D 2,3 -> 6,7",25,True,0.0,65093.0,49,True,0.29531587325194003,11.41,65093.0
"II-A data, safe",47,1,8,"D 0,1 -> 4,5",8,True,0.0,53121.0,48,True,0.2737764969440218,11.81,118214.0
"II-A data, safe",47,2,14,"D 0,3 -> 4,7",14,True,0.0,65826.0,50,True,0.2614613407499898,11.64,184040.0
"II-A data, safe",47,3,19,"D 1,2 -> 5,6",19,True,0.0,16247.0,41,True,0.26928064290338416,9.72,200287.0
"II-A data, safe",47,4,15,"D 0,3 -> 5,6",15,True,0.0,316032.0,55,True,0.14778566443177055,14.71,516319.0
"II-A data, safe",47,5,18,"D 1,2 -> 4,7",18,True,0.0,144352.0,51,True,0.16438742686495894,12.67,660671.0
"II-A data, safe",47,6,22,"D 2,3 -> 4,5",22,True,0.0,253896.0,54,True,0.1385846744160791,12.11,914567.0
"II-A data, safe",47,7,11,"D 0,1 -> 6,7",11,True,0.0,8956.0,33,False,0.261655668249823,6.53,923523.0
"II-A data, safe",47,8,12,"D 0,2 -> 4,6",12,True,0.0,389678.0,61,True,0.08399911025322548,7.75,1313201.0
"II-A data, safe",47,9,21,"D 1,3 -> 5,7",21,True,0.0,34647.0,42,True,0.09923512071237658,4.08,1347848.0
"II-A data, contrast",0,0,25,"D 2,3 -> 6,7",25,True,0.0,77924.0,51,True,0.29531587325194003,17.28,77924.0
"II-A data, contrast",0,1,19,"D 1,2 -> 5,6",8,False,0.02977635664401035,111656.0,54,True,0.2737764969440218,19.5,189580.0
"II-A data, contrast",0,2,14,"D 0,3 -> 4,7",8,False,0.017315513367220592,56612.0,50,True,0.273723917099883,17.32,246192.0
"II-A data, contrast",0,3,8,"D 0,1 -> 4,5",8,True,0.0,15529.0,41,False,0.27110663681707586,13.31,261721.0
"II-A data, contrast",0,4,18,"D 1,2 -> 4,7",18,True,0.0,221580.0,57,True,0.1477856644347827,18.2,483301.0
"II-A data, contrast",0,5,15,"D 0,3 -> 5,6",15,True,0.0,79394.0,52,True,0.1643874266778626,19.11,562695.0
"II-A data, contrast",0,6,22,"D 2,3 -> 4,5",22,True,0.0,269018.0,54,True,0.13858467409796973,22.05,831713.0
"II-A data, contrast",0,7,11,"D 0,1 -> 6,7",11,True,0.0,13249.0,38,True,0.26165566831029735,18.37,844962.0
"II-A data, contrast",0,8,12,"D 0,2 -> 4,6",12,True,0.0,209525.0,58,True,0.08399910908290927,20.78,1054487.0
"II-A data, contrast",0,9,21,"D 1,3 -> 5,7",21,True,0.0,34952.0,47,True,0.09923512013769835,21.52,1089439.0
"II-A data, contrast",1,0,25,"D 2,3 -> 6,7",25,True,0.0,62651.0,50,True,0.29531587325194003,17.67,62651.0
"II-A data, contrast",1,1,14,"D 0,3 -> 4,7",8,False,0.02977635664401035,40741.0,48,True,0.2737764969440218,22.67,103392.0
"II-A data, contrast",1,2,8,"D 0,1 -> 4,5",8,True,0.0,47415.0,50,True,0.273723917099883,14.83,150807.0
"II-A data, contrast",1,3,19,"D 1,2 -> 5,6",19,True,0.0,15183.0,41,True,0.2656902546602413,12.26,165990.0
"II-A data, contrast",1,4,18,"D 1,2 -> 4,7",18,True,0.0,83155.0,52,True,0.14778566443566707,16.29,249145.0
"II-A data, contrast",1,5,15,"D 0,3 -> 5,6",15,True,0.0,56720.0,50,True,0.1643874266778641,19.49,305865.0
"II-A data, contrast",1,6,22,"D 2,3 -> 4,5",22,True,0.0,192276.0,59,True,0.13858467441829297,23.25,498141.0
"II-A data, contrast",1,7,11,"D 0,1 -> 6,7",11,True,0.0,13913.0,38,True,0.26165566829392,16.54,512054.0
"II-A data, contrast",1,8,12,"D 0,2 -> 4,6",21,True,9.784618670849454e-10,515679.0,63,True,0.0839991099196342,23.92,1027733.0
"II-A data, contrast",1,9,21,"D 1,3 -> 5,7",21,True,0.0,53191.0,49,False,0.09923512023711176,20.09,1080924.0
"II-A data, contrast",2,0,25,"D 2,3 -> 6,7",25,True,0.0,19470.0,44,True,0.29531587325194003,20.04,19470.0
"II-A data, contrast",2,1,19,"D 1,2 -> 5,6",8,False,0.02977635664401035,64105.0,51,True,0.2737764969440218,20.03,83575.0
"II-A data, contrast",2,2,8,"D 0,1 -> 4,5",8,True,0.0,105006.0,52,True,0.273723917099883,17.08,188581.0
"II-A data, contrast",2,3,14,"D 0,3 -> 4,7",14,True,0.0,29678.0,45,True,0.2656902546602413,15.45,218259.0
"II-A data, contrast",2,4,15,"D 0,3 -> 5,6",15,True,0.0,208145.0,57,True,0.14778566443566704,21.23,426404.0
"II-A data, contrast",2,5,18,"D 1,2 -> 4,7",18,True,0.0,59393.0,50,True,0.1643874266778641,19.37,485797.0
"II-A data, contrast",2,6,11,"D 0,1 -> 6,7",22,False,0.007766562524054388,201963.0,52,True,0.13858467441829297,21.52,687760.0
"II-A data, contrast",2,7,22,"D 2,3 -> 4,5",22,True,0.0,17935.0,44,True,0.14705347400335994,18.94,705695.0
"II-A data, contrast",2,8,21,"D 1,3 -> 5,7",21,True,0.0,379088.0,61,True,0.08399911032037892,26.22,1084783.0
"II-A data, contrast",2,9,12,"D 0,2 -> 4,6",12,True,0.0,43567.0,48,False,0.09923512098280152,20.88,1128350.0
"II-A data, contrast",3,0,25,"D 2,3 -> 6,7",25,True,0.0,20099.0,44,True,0.29531587325194003,15.78,20099.0
"II-A data, contrast",3,1,8,"D 0,1 -> 4,5",8,True,0.0,96178.0,53,True,0.2737764969440218,19.02,116277.0
"II-A data, contrast",3,2,14,"D 0,3 -> 4,7",14,True,0.0,28404.0,46,True,0.2614613407499898,19.52,144681.0
"II-A data, contrast",3,3,19,"D 1,2 -> 5,6",19,True,0.0,16656.0,42,True,0.26928064290338416,15.54,161337.0
"II-A data, contrast",3,4,18,"D 1,2 -> 4,7",15,True,3.217870414573554e-11,45413.0,50,True,0.14778566443177055,20.45,206750.0
"II-A data, contrast",3,5,15,"D 0,3 -> 5,6",15,True,0.0,44726.0,49,True,0.16438742674117973,19.07,251476.0
"II-A data, contrast",3,6,22,"D 2,3 -> 4,5",22,True,0.0,457422.0,56,True,0.13858467441607844,21.23,708898.0
"II-A data, contrast",3,7,11,"D 0,1 -> 6,7",11,True,0.0,18252.0,40,False,0.2616556682498229,16.92,727150.0
"II-A data, contrast",3,8,21,"D 1,3 -> 5,7",21,True,0.0,278399.0,60,True,0.08399911024612945,23.53,1005549.0
"II-A data, contrast",3,9,12,"D 0,2 -> 4,6",12,True,0.0,35572.0,47,True,0.09923512021932947,21.94,1041121.0
"II-A data, contrast",4,0,25,"D 2,3 -> 6,7",25,True,0.0,68606.0,51,True,0.29531587325194003,18.59,68606.0
"II-A data, contrast",4,1,8,"D 0,1 -> 4,5",8,True,0.0,39080.0,49,True,0.2737764969440218,17.43,107686.0
"II-A data, contrast",4,2,14,"D 0,3 -> 4,7",14,True,0.0,42269.0,48,True,0.2614613407499898,17.47,149955.0
"II-A data, contrast",4,3,19,"D 1,2 -> 5,6",19,True,0.0,16163.0,42,True,0.26928064290338416,13.67,166118.0
"II-A data, contrast",4,4,18,"D 1,2 -> 4,7",15,True,3.217870414573554e-11,269196.0,58,True,0.14778566443177055,20.48,435314.0
"II-A data, contrast",4,5,15,"D 0,3 -> 5,6",15,True,0.0,48116.0,49,True,0.16438742674117973,16.94,483430.0
"II-A data, contrast",4,6,22,"D 2,3 -> 4,5",22,True,0.0,278551.0,54,True,0.13858467441607844,18.26,761981.0
"II-A data, contrast",4,7,11,"D 0,1 -> 6,7",11,True,0.0,18997.0,40,False,0.2616556682498229,17.97,780978.0
"II-A data, contrast",4,8,12,"D 0,2 -> 4,6",21,True,1.3322676295501878e-15,569664.0,62,True,0.08399911024612945,21.26,1350642.0
"II-A data, contrast",4,9,21,"D 1,3 -> 5,7",21,True,0.0,32410.0,46,True,0.09923512071236461,21.9,1383052.0
"II-A data, contrast",5,0,25,"D 2,3 -> 6,7",25,True,0.0,35715.0,47,True,0.29531587325194003,14.53,35715.0
"II-A data, contrast",5,1,8,"D 0,1 -> 4,5",8,True,0.0,95772.0,52,True,0.2737764969440218,16.93,131487.0
"II-A data, contrast",5,2,14,"D 0,3 -> 4,7",14,True,0.0,71682.0,50,True,0.2614613407499898,13.3,203169.0
"II-A data, contrast",5,3,19,"D 1,2 -> 5,6",19,True,0.0,17884.0,43,True,0.26928064290338416,11.83,221053.0
"II-A data, contrast",5,4,18,"D 1,2 -> 4,7",15,True,3.217870414573554e-11,217336.0,57,True,0.14778566443177055,20.82,438389.0
"II-A data, contrast",5,5,15,"D 0,3 -> 5,6",15,True,0.0,117890.0,54,True,0.16438742674117973,18.45,556279.0
"II-A data, contrast",5,6,11,"D 0,1 -> 6,7",22,False,0.007766562526819398,174725.0,52,True,0.13858467441607844,17.75,731004.0
"II-A data, contrast",5,7,22,"D 2,3 -> 4,5",22,True,0.0,16946.0,44,True,0.1470534733864861,17.8,747950.0
"II-A data, contrast",5,8,12,"D 0,2 -> 4,6",12,True,1.1102230246251565e-16,584044.0,63,True,0.08399910523063336,23.2,1331994.0
"II-A data, contrast",5,9,21,"D 1,3 -> 5,7",21,True,0.0,38723.0,47,True,0.09923512022048907,22.64,1370717.0
"II-A data, contrast",6,0,25,"D 2,3 -> 6,7",25,True,0.0,24500.0,45,True,0.29531587325194003,16.56,24500.0
"II-A data, contrast",6,1,8,"D 0,1 -> 4,5",8,True,0.0,72434.0,51,True,0.2737764969440218,15.75,96934.0
"II-A data, contrast",6,2,19,"D 1,2 -> 5,6",14,True,0.0,75159.0,52,True,0.2614613407499898,17.47,172093.0
"II-A data, contrast",6,3,14,"D 0,3 -> 4,7",14,True,0.0,21478.0,44,True,0.26928064290338416,16.52,193571.0
"II-A data, contrast",6,4,15,"D 0,3 -> 5,6",18,True,3.218003641336509e-11,222080.0,57,True,0.14778566443177055,23.96,415651.0
"II-A data, contrast",6,5,18,"D 1,2 -> 4,7",18,True,0.0,49670.0,49,True,0.16438742681818638,19.9,465321.0
"II-A data, contrast",6,6,11,"D 0,1 -> 6,7",22,False,0.007766562526816623,348939.0,55,True,0.1385846744160783,18.25,814260.0
"II-A data, contrast",6,7,22,"D 2,3 -> 4,5",22,True,0.0,15583.0,44,False,0.14705347338648614,19.14,829843.0
"II-A data, contrast",6,8,12,"D 0,2 -> 4,6",12,True,0.0,166283.0,57,True,0.0839991038956951,27.98,996126.0
"II-A data, contrast",6,9,21,"D 1,3 -> 5,7",21,True,0.0,40169.0,47,True,0.09923512071236314,20.46,1036295.0
"II-A data, contrast",7,0,25,"D 2,3 -> 6,7",25,True,0.0,62310.0,50,True,0.29531587325194003,17.0,62310.0
"II-A data, contrast",7,1,8,"D 0,1 -> 4,5",8,True,0.0,82554.0,51,True,0.2737764969440218,20.65,144864.0
"II-A data, contrast",7,2,19,"D 1,2 -> 5,6",14,True,0.0,26110.0,46,True,0.2614613407499898,13.88,170974.0
"II-A data, contrast",7,3,14,"D 0,3 -> 4,7",14,True,0.0,17196.0,41,True,0.26928064290338416,14.63,188170.0
"II-A data, contrast",7,4,18,"D 1,2 -> 4,7",18,True,0.0,329267.0,59,True,0.14778566443177055,22.77,517437.0
"II-A data, contrast",7,5,15,"D 0,3 -> 5,6",15,True,0.0,264348.0,55,True,0.16438742667786324,22.2,781785.0
"II-A data, contrast",7,6,22,"D 2,3 -> 4,5",22,True,0.0,20025.0,44,True,0.13858467461098167,18.63,801810.0
"II-A data, contrast",7,7,11,"D 0,1 -> 6,7",11,True,0.0,16745.0,39,False,0.2616556682498228,14.08,818555.0
"II-A data, contrast",7,8,12,"D 0,2 -> 4,6",12,True,0.0,275934.0,59,True,0.08399911025677623,20.56,1094489.0
"II-A data, contrast",7,9,21,"D 1,3 -> 5,7",21,True,0.0,32868.0,47,False,0.0992351207123887,18.51,1127357.0
"II-A data, contrast",8,0,25,"D 2,3 -> 6,7",25,True,0.0,75104.0,51,True,0.29531587325194003,15.5,75104.0
"II-A data, contrast",8,1,8,"D 0,1 -> 4,5",8,True,0.0,23800.0,46,True,0.2737764969440218,15.44,98904.0
"II-A data, contrast",8,2,19,"D 1,2 -> 5,6",14,True,0.0,57993.0,50,True,0.2614613407499898,19.88,156897.0
"II-A data, contrast",8,3,14,"D 0,3 -> 4,7",14,True,0.0,13900.0,41,True,0.26928064290338416,17.56,170797.0
"II-A data, contrast",8,4,18,"D 1,2 -> 4,7",18,True,0.0,221543.0,57,True,0.14778566443177055,20.3,392340.0
"II-A data, contrast",8,5,15,"D 0,3 -> 5,6",15,True,0.0,12867.0,40,True,0.16438742667786324,15.28,405207.0
"II-A data, contrast",8,6,22,"D 2,3 -> 4,5",22,True,0.0,71150.0,54,True,0.13858467461098167,23.4,476357.0
"II-A data, contrast",8,7,11,"D 0,1 -> 6,7",11,True,0.0,13671.0,38,False,0.2616556682498228,15.85,490028.0
"II-A data, contrast",8,8,12,"D 0,2 -> 4,6",12,True,0.0,288459.0,60,True,0.08399911025677623,23.46,778487.0
"II-A data, contrast",8,9,21,"D 1,3 -> 5,7",21,True,0.0,20923.0,43,True,0.0992351207123887,16.39,799410.0
"II-A data, contrast",9,0,25,"D 2,3 -> 6,7",25,True,0.0,91546.0,51,True,0.29531587325194003,16.49,91546.0
"II-A data, contrast",9,1,14,"D 0,3 -> 4,7",8,False,0.02977635664401035,64184.0,50,True,0.2737764969440218,17.29,155730.0
"II-A data, contrast",9,2,19,"D 1,2 -> 5,6",8,False,0.01731551336722037,16744.0,41,True,0.273723917099883,12.78,172474.0
"II-A data, contrast",9,3,8,"D 0,1 -> 4,5",8,True,0.0,21061.0,41,True,0.2711066368328403,13.72,193535.0
"II-A data, contrast",9,4,22,"D 2,3 -> 4,5",15,False,0.04249544021653462,188223.0,59,True,0.1477856644347817,22.2,381758.0
"II-A data, contrast",9,5,11,"D 0,1 -> 6,7",11,True,0.0,19037.0,40,False,0.2512272563353436,18.19,400795.0
"II-A data, contrast",9,6,18,"D 1,2 -> 4,7",15,True,3.4416913763379853e-15,462360.0,62,True,0.0772098728987082,29.22,863155.0
"II-A data, contrast",9,7,15,"D 0,3 -> 5,6",15,True,0.0,148184.0,57,True,0.09248982868587742,20.99,1011339.0
"II-A data, contrast",9,8,12,"D 0,2 -> 4,6",12,True,0.0,310079.0,60,True,0.08399910966134454,21.8,1321418.0
"II-A data, contrast",9,9,21,"D 1,3 -> 5,7",21,True,0.0,25644.0,45,True,0.09923512021017436,18.14,1347062.0
"II-A data, contrast",10,0,25,"D 2,3 -> 6,7",25,True,0.0,41711.0,48,True,0.29531587325194003,17.1,41711.0
"II-A data, contrast",10,1,19,"D 1,2 -> 5,6",8,False,0.02977635664401035,61110.0,50,True,0.2737764969440218,17.49,102821.0
"II-A data, contrast",10,2,8,"D 0,1 -> 4,5",8,True,0.0,60164.0,49,True,0.273723917099883,16.32,162985.0
"II-A data, contrast",10,3,14,"D 0,3 -> 4,7",14,True,0.0,33942.0,47,True,0.2656902546602413,17.38,196927.0
"II-A data, contrast",10,4,18,"D 1,2 -> 4,7",15,True,1.354472090042691e-14,226848.0,57,True,0.14778566443566704,21.13,423775.0
"II-A data, contrast",10,5,15,"D 0,3 -> 5,6",15,True,0.0,139779.0,55,True,0.16438742667786413,20.55,563554.0
"II-A data, contrast",10,6,22,"D 2,3 -> 4,5",22,True,0.0,124867.0,57,True,0.1385846743270885,21.59,688421.0
"II-A data, contrast",10,7,11,"D 0,1 -> 6,7",11,True,0.0,16486.0,39,False,0.2616556678428319,16.76,704907.0
"II-A data, contrast",10,8,21,"D 1,3 -> 5,7",12,True,7.94031507211912e-13,327433.0,60,True,0.08399911024658364,21.03,1032340.0
"II-A data, contrast",10,9,12,"D 0,2 -> 4,6",12,True,0.0,24751.0,45,True,0.09923512119918886,21.54,1057091.0
"II-A data, contrast",11,0,25,"D 2,3 -> 6,7",25,True,0.0,82212.0,51,True,0.29531587325194003,18.43,82212.0
"II-A data, contrast",11,1,19,"D 1,2 -> 5,6",8,False,0.02977635664401035,64423.0,51,True,0.2737764969440218,15.91,146635.0
"II-A data, contrast",11,2,14,"D 0,3 -> 4,7",8,False,0.017315513367220592,36794.0,47,True,0.273723917099883,15.49,183429.0
"II-A data, contrast",11,3,8,"D 0,1 -> 4,5",8,True,0.0,13499.0,39,False,0.27110663681707586,12.08,196928.0
"II-A data, contrast",11,4,18,"D 1,2 -> 4,7",18,True,0.0,179928.0,56,True,0.1477856644347827,20.69,376856.0
"II-A data, contrast",11,5,15,"D 0,3 -> 5,6",15,True,0.0,40192.0,48,True,0.1643874266778626,16.26,417048.0
"II-A data, contrast",11,6,22,"D 2,3 -> 4,5",22,True,0.0,186293.0,59,True,0.13858467409796973,22.79,603341.0
"II-A data, contrast",11,7,11,"D 0,1 -> 6,7",11,True,0.0,17826.0,39,True,0.26165566831029735,13.73,621167.0
"II-A data, contrast",11,8,21,"D 1,3 -> 5,7",12,True,2.4424906541753444e-15,696774.0,65,True,0.08399910908290927,22.79,1317941.0
"II-A data, contrast",11,9,12,"D 0,2 -> 4,6",12,True,0.0,25716.0,45,True,0.09923512013769557,18.37,1343657.0
"II-A data, contrast",12,0,25,"D 2,3 -> 6,7",25,True,0.0,46232.0,49,True,0.29531587325194003,16.88,46232.0
"II-A data, contrast",12,1,14,"D 0,3 -> 4,7",8,False,0.02977635664401035,99899.0,53,True,0.2737764969440218,20.38,146131.0
"II-A data, contrast",12,2,8,"D 0,1 -> 4,5",8,True,0.0,56250.0,51,True,0.273723917099883,12.95,202381.0
"II-A data, contrast",12,3,19,"D 1,2 -> 5,6",19,True,0.0,11903.0,39,True,0.2656902546602413,11.24,214284.0
"II-A data, contrast",12,4,15,"D 0,3 -> 5,6",18,True,1.4876988529977098e-14,93111.0,53,True,0.14778566443566707,21.7,307395.0
"II-A data, contrast",12,5,18,"D 1,2 -> 4,7",18,True,0.0,157737.0,55,True,0.16438742667786413,21.47,465132.0
"II-A data, contrast",12,6,11,"D 0,1 -> 6,7",22,False,0.007766562527151688,758878.0,59,True,0.13858467441634612,20.88,1224010.0
"II-A data, contrast",12,7,22,"D 2,3 -> 4,5",22,True,0.0,15920.0,45,False,0.1470534735033902,17.03,1239930.0
"II-A data, contrast",12,8,21,"D 1,3 -> 5,7",21,True,0.0,341855.0,61,True,0.08399911022532881,21.99,1581785.0
"II-A data, contrast",12,9,12,"D 0,2 -> 4,6",12,True,0.0,36166.0,47,True,0.09923512022413306,19.9,1617951.0
"II-A data, contrast",13,0,25,"D 2,3 -> 6,7",25,True,0.0,56444.0,50,True,0.29531587325194003,23.29,56444.0
"II-A data, contrast",13,1,8,"D 0,1 -> 4,5",8,True,0.0,92277.0,53,True,0.2737764969440218,15.2,148721.0
"II-A data, contrast",13,2,19,"D 1,2 -> 5,6",14,True,0.0,33215.0,46,True,0.2614613407499898,19.71,181936.0
"II-A data, contrast",13,3,14,"D 0,3 -> 4,7",14,True,0.0,13510.0,40,True,0.26928064290338416,17.89,195446.0
"II-A data, contrast",13,4,15,"D 0,3 -> 5,6",18,True,3.218003641336509e-11,144173.0,55,True,0.14778566443177055,21.52,339619.0
"II-A data, contrast",13,5,18,"D 1,2 -> 4,7",18,True,0.0,80099.0,51,True,0.16438742681818638,17.1,419718.0
"II-A data, contrast",13,6,22,"D 2,3 -> 4,5",22,True,0.0,230249.0,60,True,0.1385846744160783,22.48,649967.0
"II-A data, contrast",13,7,11,"D 0,1 -> 6,7",11,True,0.0,15231.0,38,True,0.2616556682498229,14.62,665198.0
"II-A data, contrast",13,8,21,"D 1,3 -> 5,7",12,True,4.440892098500626e-15,242357.0,58,True,0.08399911022480253,23.14,907555.0
"II-A data, contrast",13,9,12,"D 0,2 -> 4,6",12,True,0.0,27959.0,47,False,0.09923511910083822,16.94,935514.0
"II-A data, contrast",14,0,25,"D 2,3 -> 6,7",25,True,0.0,85033.0,52,True,0.29531587325194003,19.09,85033.0
"II-A data, contrast",14,1,19,"D 1,2 -> 5,6",8,False,0.02977635664401035,44022.0,49,True,0.2737764969440218,16.42,129055.0
"II-A data, contrast",14,2,14,"D 0,3 -> 4,7",8,False,0.017315513367220592,58389.0,49,True,0.273723917099883,14.15,187444.0
"II-A data, contrast",14,3,8,"D 0,1 -> 4,5",8,True,0.0,12878.0,39,False,0.27110663681707586,11.53,200322.0
"II-A data, contrast",14,4,18,"D 1,2 -> 4,7",18,True,0.0,125970.0,54,True,0.1477856644347827,22.95,326292.0
"II-A data, contrast",14,5,15,"D 0,3 -> 5,6",15,True,0.0,78781.0,52,True,0.1643874266778626,17.21,405073.0
"II-A data, contrast",14,6,22,"D 2,3 -> 4,5",22,True,0.0,235926.0,60,True,0.13858467409796973,23.24,640999.0
"II-A data, contrast",14,7,11,"D 0,1 -> 6,7",11,True,0.0,19869.0,40,True,0.26165566831029735,15.82,660868.0
"II-A data, contrast",14,8,12,"D 0,2 -> 4,6",12,True,0.0,289308.0,60,True,0.08399910908290927,22.01,950176.0
"II-A data, contrast",14,9,21,"D 1,3 -> 5,7",21,True,0.0,33809.0,45,True,0.09923512013769835,14.76,983985.0
"II-A data, contrast",15,0,25,"D 2,3 -> 6,7",25,True,0.0,33731.0,47,True,0.29531587325194003,16.89,33731.0
"II-A data, contrast",15,1,14,"D 0,3 -> 4,7",8,False,0.02977635664401035,65458.0,50,True,0.2737764969440218,18.29,99189.0
"II-A data, contrast",15,2,8,"D 0,1 -> 4,5",8,True,0.0,30206.0,47,True,0.273723917099883,12.98,129395.0
"II-A data, contrast",15,3,19,"D 1,2 -> 5,6",19,True,0.0,11600.0,36,True,0.2656902546602413,10.29,140995.0
"II-A data, contrast",15,4,15,"D 0,3 -> 5,6",18,True,1.4876988529977098e-14,212893.0,57,True,0.14778566443566707,20.61,353888.0
"II-A data, contrast",15,5,18,"D 1,2 -> 4,7",18,True,0.0,127020.0,54,True,0.16438742667786413,19.23,480908.0
"II-A data, contrast",15,6,22,"D 2,3 -> 4,5",22,True,0.0,253719.0,54,True,0.13858467441634612,20.69,734627.0
"II-A data, contrast",15,7,11,"D 0,1 -> 6,7",11,True,0.0,15926.0,39,False,0.26165566709455224,16.51,750553.0
"II-A data, contrast",15,8,12,"D 0,2 -> 4,6",21,True,7.760458942129844e-14,162398.0,57,True,0.08399911024598242,22.54,912951.0
"II-A data, contrast",15,9,21,"D 1,3 -> 5,7",21,True,0.0,41274.0,47,True,0.0992351202371078,16.4,954225.0
"II-A data, contrast",16,0,25,"D 2,3 -> 6,7",25,True,0.0,47969.0,49,True,0.29531587325194003,20.93,47969.0
"II-A data, contrast",16,1,8,"D 0,1 -> 4,5",8,True,0.0,87513.0,52,True,0.2737764969440218,21.06,135482.0
"II-A data, contrast",16,2,19,"D 1,2 -> 5,6",14,True,0.0,38089.0,48,True,0.2614613407499898,17.01,173571.0
"II-A data, contrast",16,3,14,"D 0,3 -> 4,7",14,True,0.0,11141.0,40,True,0.26928064290338416,16.43,184712.0
"II-A data, contrast",16,4,15,"D 0,3 -> 5,6",18,True,3.218003641336509e-11,169245.0,56,True,0.14778566443177055,23.7,353957.0
"II-A data, contrast",16,5,18,"D 1,2 -> 4,7",18,True,0.0,42913.0,48,True,0.16438742681818638,15.11,396870.0
"II-A data, contrast",16,6,11,"D 0,1 -> 6,7",22,False,0.007766562526816623,212168.0,53,True,0.1385846744160783,19.19,609038.0
"II-A data, contrast",16,7,22,"D 2,3 -> 4,5",22,True,0.0,16538.0,43,True,0.14705347338648614,19.68,625576.0
"II-A data, contrast",16,8,12,"D 0,2 -> 4,6",12,True,0.0,289860.0,60,True,0.0839991038956951,25.83,915436.0
"II-A data, contrast",16,9,21,"D 1,3 -> 5,7",21,True,0.0,42771.0,50,True,0.09923512071236314,21.42,958207.0
"II-A data, contrast",17,0,25,"D 2,3 -> 6,7",25,True,0.0,50392.0,49,True,0.29531587325194003,17.04,50392.0
"II-A data, contrast",17,1,8,"D 0,1 -> 4,5",8,True,0.0,19578.0,44,True,0.2737764969440218,13.65,69970.0
"II-A data, contrast",17,2,14,"D 0,3 -> 4,7",14,True,0.0,90783.0,51,True,0.2614613407499898,15.76,160753.0
"II-A data, contrast",17,3,19,"D 1,2 -> 5,6",19,True,0.0,22495.0,44,True,0.26928064290338416,13.26,183248.0
"II-A data, contrast",17,4,18,"D 1,2 -> 4,7",15,True,3.217870414573554e-11,23319.0,45,True,0.14778566443177055,17.09,206567.0
"II-A data, contrast",17,5,15,"D 0,3 -> 5,6",15,True,0.0,98812.0,53,True,0.16438742674117973,19.12,305379.0
"II-A data, contrast",17,6,11,"D 0,1 -> 6,7",22,False,0.007766562526819398,142583.0,51,True,0.13858467441607844,18.0,447962.0
"II-A data, contrast",17,7,22,"D 2,3 -> 4,5",22,True,0.0,17864.0,44,True,0.1470534733864861,19.15,465826.0
"II-A data, contrast",17,8,12,"D 0,2 -> 4,6",12,True,1.1102230246251565e-16,1561581.0,67,True,0.08399910523063336,25.29,2027407.0
"II-A data, contrast",17,9,21,"D 1,3 -> 5,7",21,True,0.0,35546.0,47,True,0.09923512022048907,17.54,2062953.0
"II-A data, contrast",18,0,25,"D 2,3 -> 6,7",25,True,0.0,28307.0,46,True,0.29531587325194003,15.3,28307.0
"II-A data, contrast",18,1,8,"D 0,1 -> 4,5",8,True,0.0,83231.0,52,True,0.2737764969440218,15.8,111538.0
"II-A data, contrast",18,2,14,"D 0,3 -> 4,7",14,True,0.0,70808.0,50,True,0.2614613407499898,17.08,182346.0
"II-A data, contrast",18,3,19,"D 1,2 -> 5,6",19,True,0.0,13393.0,39,True,0.26928064290338416,13.08,195739.0
"II-A data, contrast",18,4,15,"D 0,3 -> 5,6",15,True,0.0,316815.0,59,True,0.14778566443177055,23.29,512554.0
"II-A data, contrast",18,5,18,"D 1,2 -> 4,7",18,True,0.0,124358.0,54,True,0.16438742686495894,20.19,636912.0
"II-A data, contrast",18,6,22,"D 2,3 -> 4,5",22,True,0.0,732431.0,59,True,0.1385846744160791,22.76,1369343.0
"II-A data, contrast",18,7,11,"D 0,1 -> 6,7",11,True,0.0,20145.0,40,False,0.261655668249823,16.91,1389488.0
"II-A data, contrast",18,8,21,"D 1,3 -> 5,7",12,True,1.7763568394002505e-15,704681.0,63,True,0.08399911025322548,22.51,2094169.0
"II-A data, contrast",18,9,12,"D 0,2 -> 4,6",12,True,0.0,39835.0,48,True,0.09923512064724334,18.76,2134004.0
"II-A data, contrast",19,0,25,"D 2,3 -> 6,7",25,True,0.0,75089.0,50,True,0.29531587325194003,21.01,75089.0
"II-A data, contrast",19,1,8,"D 0,1 -> 4,5",8,True,0.0,94597.0,51,True,0.2737764969440218,20.06,169686.0
"II-A data, contrast",19,2,14,"D 0,3 -> 4,7",14,True,0.0,19268.0,43,True,0.2614613407499898,16.19,188954.0
"II-A data, contrast",19,3,19,"D 1,2 -> 5,6",19,True,0.0,11880.0,37,True,0.26928064290338416,12.98,200834.0
"II-A data, contrast",19,4,15,"D 0,3 -> 5,6",15,True,0.0,373883.0,56,True,0.14778566443177055,19.7,574717.0
"II-A data, contrast",19,5,18,"D 1,2 -> 4,7",18,True,0.0,151620.0,55,True,0.16438742686495894,20.13,726337.0
"II-A data, contrast",19,6,11,"D 0,1 -> 6,7",22,False,0.0077665625268157346,587279.0,58,True,0.1385846744160791,22.54,1313616.0
"II-A data, contrast",19,7,22,"D 2,3 -> 4,5",22,True,0.0,19781.0,44,False,0.14705347338648608,20.38,1333397.0
"II-A data, contrast",19,8,12,"D 0,2 -> 4,6",12,True,7.771561172376096e-16,131199.0,56,True,0.0839991058892081,26.12,1464596.0
"II-A data, contrast",19,9,21,"D 1,3 -> 5,7",21,True,0.0,32327.0,46,False,0.09923512022280494,21.75,1496923.0
"II-A data, contrast",20,0,25,"D 2,3 -> 6,7",25,True,0.0,55888.0,50,True,0.29531587325194003,16.06,55888.0
"II-A data, contrast",20,1,8,"D 0,1 -> 4,5",8,True,0.0,43121.0,48,True,0.2737764969440218,15.77,99009.0
"II-A data, contrast",20,2,14,"D 0,3 -> 4,7",14,True,0.0,23978.0,45,True,0.2614613407499898,15.63,122987.0
"II-A data, contrast",20,3,19,"D 1,2 -> 5,6",19,True,0.0,26632.0,45,True,0.26928064290338416,15.03,149619.0
"II-A data, contrast",20,4,15,"D 0,3 -> 5,6",15,True,0.0,39469.0,49,True,0.14778566443177055,19.47,189088.0
"II-A data, contrast",20,5,18,"D 1,2 -> 4,7",18,True,0.0,37167.0,47,True,0.16438742686495894,16.62,226255.0
"II-A data, contrast",20,6,22,"D 2,3 -> 4,5",22,True,0.0,182313.0,52,True,0.1385846744160791,17.47,408568.0
"II-A data, contrast",20,7,11,"D 0,1 -> 6,7",11,True,0.0,16485.0,39,True,0.261655668249823,13.69,425053.0
"II-A data, contrast",20,8,12,"D 0,2 -> 4,6",12,True,0.0,472130.0,62,True,0.08399911025322548,26.2,897183.0
"II-A data, contrast",20,9,21,"D 1,3 -> 5,7",21,True,0.0,35381.0,45,True,0.09923512071237658,15.73,932564.0
"II-A data, contrast",21,0,25,"D 2,3 -> 6,7",25,True,0.0,70128.0,51,True,0.29531587325194003,16.95,70128.0
"II-A data, contrast",21,1,8,"D 0,1 -> 4,5",8,True,0.0,26715.0,47,True,0.2737764969440218,17.03,96843.0
"II-A data, contrast",21,2,19,"D 1,2 -> 5,6",14,True,0.0,54578.0,50,True,0.2614613407499898,19.74,151421.0
"II-A data, contrast",21,3,14,"D 0,3 -> 4,7",14,True,0.0,9897.0,39,False,0.26928064290338416,19.75,161318.0
"II-A data, contrast",21,4,15,"D 0,3 -> 5,6",18,True,3.218003641336509e-11,139726.0,55,True,0.14778566443177055,18.5,301044.0
"II-A data, contrast",21,5,18,"D 1,2 -> 4,7",18,True,0.0,71415.0,51,True,0.16438742681818638,19.86,372459.0
"II-A data, contrast",21,6,11,"D 0,1 -> 6,7",22,False,0.007766562526816623,171855.0,52,True,0.1385846744160783,22.19,544314.0
"II-A data, contrast",21,7,22,"D 2,3 -> 4,5",22,True,0.0,15009.0,42,True,0.14705347338648614,18.41,559323.0
"II-A data, contrast",21,8,21,"D 1,3 -> 5,7",12,True,7.771561172376096e-16,567187.0,63,True,0.0839991038956951,20.5,1126510.0
"II-A data, contrast",21,9,12,"D 0,2 -> 4,6",12,True,0.0,40222.0,49,False,0.09923512021383377,20.19,1166732.0
"II-A data, contrast",22,0,25,"D 2,3 -> 6,7",25,True,0.0,66455.0,50,True,0.29531587325194003,18.57,66455.0
"II-A data, contrast",22,1,8,"D 0,1 -> 4,5",8,True,0.0,39218.0,49,True,0.2737764969440218,17.14,105673.0
"II-A data, contrast",22,2,19,"D 1,2 -> 5,6",14,True,0.0,22915.0,45,True,0.2614613407499898,16.02,128588.0
"II-A data, contrast",22,3,14,"D 0,3 -> 4,7",14,True,0.0,28764.0,46,True,0.26928064290338416,18.31,157352.0
"II-A data, contrast",22,4,18,"D 1,2 -> 4,7",18,True,0.0,47782.0,49,True,0.14778566443177055,20.31,205134.0
"II-A data, contrast",22,5,15,"D 0,3 -> 5,6",15,True,0.0,20232.0,44,True,0.16438742667786324,15.48,225366.0
"II-A data, contrast",22,6,22,"D 2,3 -> 4,5",22,True,0.0,103994.0,56,True,0.13858467461098167,22.05,329360.0
"II-A data, contrast",22,7,11,"D 0,1 -> 6,7",11,True,0.0,18724.0,40,False,0.2616556682498228,16.87,348084.0
"II-A data, contrast",22,8,12,"D 0,2 -> 4,6",12,True,0.0,418605.0,62,True,0.08399911025677623,21.61,766689.0
"II-A data, contrast",22,9,21,"D 1,3 -> 5,7",21,True,0.0,41709.0,46,True,0.0992351207123887,16.18,808398.0
"II-A data, contrast",23,0,14,"D 0,3 -> 4,7",25,False,0.0893425940562621,118456.0,52,True,0.29531587325194003,19.22,118456.0
"II-A data, contrast",23,1,25,"D 2,3 -> 6,7",25,True,0.0,19326.0,43,True,0.29167881405003626,16.88,137782.0
"II-A data, contrast",23,2,8,"D 0,1 -> 4,5",8,True,0.0,40148.0,49,True,0.27372391709714144,16.54,177930.0
"II-A data, contrast",23,3,19,"D 1,2 -> 5,6",19,True,0.0,12813.0,39,True,0.26569025466350993,14.09,190743.0
"II-A data, contrast",23,4,18,"D 1,2 -> 4,7",18,True,0.0,120693.0,54,True,0.1477856644356388,21.85,311436.0
"II-A data, contrast",23,5,15,"D 0,3 -> 5,6",15,True,0.0,57583.0,50,True,0.16438742667786424,18.21,369019.0
"II-A data, contrast",23,6,22,"D 2,3 -> 4,5",22,True,0.0,497159.0,57,True,0.13858467665718058,18.67,866178.0
"II-A data, contrast",23,7,11,"D 0,1 -> 6,7",11,True,0.0,16193.0,39,True,0.2616556674248753,17.4,882371.0
"II-A data, contrast",23,8,12,"D 0,2 -> 4,6",21,True,1.8442780636007683e-10,538522.0,63,True,0.08399911032746105,23.53,1420893.0
"II-A data, contrast",23,9,21,"D 1,3 -> 5,7",21,True,0.0,28179.0,46,True,0.09923512022194386,18.54,1449072.0
"II-A data, contrast",24,0,25,"D 2,3 -> 6,7",25,True,0.0,68152.0,51,True,0.29531587325194003,18.53,68152.0
"II-A data, contrast",24,1,14,"D 0,3 -> 4,7",8,False,0.02977635664401035,101183.0,52,True,0.2737764969440218,15.95,169335.0
"II-A data, contrast",24,2,19,"D 1,2 -> 5,6",8,False,0.01731551336722037,34925.0,48,True,0.273723917099883,15.16,204260.0
"II-A data, contrast",24,3,8,"D 0,1 -> 4,5",8,True,0.0,19819.0,43,True,0.2711066368328403,19.34,224079.0
"II-A data, contrast",24,4,15,"D 0,3 -> 5,6",15,True,0.0,223014.0,57,True,0.1477856644347817,21.23,447093.0
"II-A data, contrast",24,5,18,"D 1,2 -> 4,7",18,True,0.0,21444.0,43,True,0.16438742670295362,17.95,468537.0
"II-A data, contrast",24,6,11,"D 0,1 -> 6,7",22,False,0.007766562492042439,138708.0,51,True,0.13858467451005313,23.18,607245.0
"II-A data, contrast",24,7,22,"D 2,3 -> 4,5",22,True,0.0,16600.0,44,False,0.1470534733854464,17.57,623845.0
"II-A data, contrast",24,8,12,"D 0,2 -> 4,6",12,True,0.0,629719.0,64,True,0.08399910996749355,24.21,1253564.0
"II-A data, contrast",24,9,21,"D 1,3 -> 5,7",21,True,0.0,41162.0,48,False,0.09923512018051152,24.4,1294726.0
"II-A data, contrast",25,0,25,"D 2,3 -> 6,7",25,True,0.0,30456.0,46,True,0.29531587325194003,18.67,30456.0
"II-A data, contrast",25,1,19,"D 1,2 -> 5,6",8,False,0.02977635664401035,67134.0,51,True,0.2737764969440218,15.27,97590.0
"II-A data, contrast",25,2,8,"D 0,1 -> 4,5",8,True,0.0,32703.0,47,True,0.273723917099883,14.56,130293.0
"II-A data, contrast",25,3,14,"D 0,3 -> 4,7",14,True,0.0,12771.0,40,False,0.2656902546602413,14.87,143064.0
"II-A data, contrast",25,4,15,"D 0,3 -> 5,6",15,True,0.0,266273.0,56,True,0.14778566443566704,19.32,409337.0
"II-A data, contrast",25,5,18,"D 1,2 -> 4,7",18,True,0.0,102797.0,49,True,0.1643874266778641,15.83,512134.0
"II-A data, contrast",25,6,22,"D 2,3 -> 4,5",22,True,0.0,102957.0,56,True,0.13858467441829297,21.78,615091.0
"II-A data, contrast",25,7,11,"D 0,1 -> 6,7",11,True,0.0,19772.0,40,False,0.26165566829392006,15.8,634863.0
"II-A data, contrast",25,8,21,"D 1,3 -> 5,7",12,True,4.840572387365683e-13,447612.0,62,True,0.08399911024636116,23.98,1082475.0
"II-A data, contrast",25,9,12,"D 0,2 -> 4,6",12,True,0.0,22351.0,44,True,0.09923512023710764,16.13,1104826.0
"II-A data, contrast",26,0,25,"D 2,3 -> 6,7",25,True,0.0,70166.0,51,True,0.29531587325194003,15.87,70166.0
"II-A data, contrast",26,1,8,"D 0,1 -> 4,5",8,True,0.0,66089.0,51,True,0.2737764969440218,16.24,136255.0
"II-A data, contrast",26,2,14,"D 0,3 -> 4,7",14,True,0.0,74519.0,50,True,0.2614613407499898,17.26,210774.0
"II-A data, contrast",26,3,19,"D 1,2 -> 5,6",19,True,0.0,15326.0,40,True,0.26928064290338416,12.72,226100.0
"II-A data, contrast",26,4,18,"D 1,2 -> 4,7",15,True,3.217870414573554e-11,265758.0,58,True,0.14778566443177055,21.06,491858.0
"II-A data, contrast",26,5,15,"D 0,3 -> 5,6",15,True,0.0,104754.0,52,True,0.16438742674117973,17.46,596612.0
"II-A data, contrast",26,6,22,"D 2,3 -> 4,5",22,True,0.0,55690.0,52,True,0.13858467441607844,16.93,652302.0
"II-A data, contrast",26,7,11,"D 0,1 -> 6,7",11,True,0.0,14849.0,38,True,0.2616556682498229,15.56,667151.0
"II-A data, contrast",26,8,12,"D 0,2 -> 4,6",21,True,1.3322676295501878e-15,604204.0,63,True,0.08399911024612945,23.68,1271355.0
"II-A data, contrast",26,9,21,"D 1,3 -> 5,7",21,True,0.0,36761.0,48,True,0.09923512071236461,16.81,1308116.0
"II-A data, contrast",27,0,25,"D 2,3 -> 6,7",25,True,0.0,99638.0,52,True,0.29531587325194003,17.5,99638.0
"II-A data, contrast",27,1,8,"D 0,1 -> 4,5",8,True,0.0,38877.0,48,True,0.2737764969440218,18.81,138515.0
"II-A data, contrast",27,2,14,"D 0,3 -> 4,7",14,True,0.0,35890.0,47,True,0.2614613407499898,18.57,174405.0
"II-A data, contrast",27,3,19,"D 1,2 -> 5,6",19,True,0.0,18724.0,43,True,0.26928064290338416,12.63,193129.0
"II-A data, contrast",27,4,15,"D 0,3 -> 5,6",15,True,0.0,133306.0,55,True,0.14778566443177055,20.16,326435.0
"II-A data, contrast",27,5,18,"D 1,2 -> 4,7",18,True,0.0,59402.0,50,True,0.16438742686495894,18.4,385837.0
"II-A data, contrast",27,6,22,"D 2,3 -> 4,5",22,True,0.0,171251.0,58,True,0.1385846744160791,24.89,557088.0
"II-A data, contrast",27,7,11,"D 0,1 -> 6,7",11,True,0.0,16208.0,39,False,0.261655668249823,14.41,573296.0
"II-A data, contrast",27,8,12,"D 0,2 -> 4,6",12,True,0.0,190865.0,58,True,0.08399911025322548,23.54,764161.0
"II-A data, contrast",27,9,21,"D 1,3 -> 5,7",21,True,0.0,41722.0,48,True,0.09923512071237658,21.87,805883.0
"II-A data, contrast",28,0,25,"D 2,3 -> 6,7",25,True,0.0,69617.0,50,True,0.29531587325194003,18.92,69617.0
"II-A data, contrast",28,1,8,"D 0,1 -> 4,5",8,True,0.0,60181.0,50,True,0.2737764969440218,18.32,129798.0
"II-A data, contrast",28,2,19,"D 1,2 -> 5,6",14,True,0.0,92484.0,51,True,0.2614613407499898,19.14,222282.0
"II-A data, contrast",28,3,14,"D 0,3 -> 4,7",14,True,0.0,26644.0,46,True,0.26928064290338416,16.82,248926.0
"II-A data, contrast",28,4,18,"D 1,2 -> 4,7",18,True,0.0,183922.0,56,True,0.14778566443177055,22.15,432848.0
"II-A data, contrast",28,5,15,"D 0,3 -> 5,6",15,True,0.0,82623.0,52,True,0.16438742667786324,21.73,515471.0
"II-A data, contrast",28,6,11,"D 0,1 -> 6,7",22,False,0.00776656215243321,175499.0,52,True,0.13858467461098167,21.14,690970.0
"II-A data, contrast",28,7,22,"D 2,3 -> 4,5",22,True,0.0,15879.0,45,False,0.1470534733864861,19.04,706849.0
"II-A data, contrast",28,8,21,"D 1,3 -> 5,7",12,True,3.774758283725532e-15,428833.0,61,True,0.08399910507879133,26.33,1135682.0
"II-A data, contrast",28,9,12,"D 0,2 -> 4,6",12,True,0.0,32261.0,46,True,0.09923512022048761,18.66,1167943.0
"II-A data, contrast",29,0,25,"D 2,3 -> 6,7",25,True,0.0,90566.0,52,True,0.29531587325194003,17.89,90566.0
"II-A data, contrast",29,1,8,"D 0,1 -> 4,5",8,True,0.0,74190.0,51,True,0.2737764969440218,15.73,164756.0
"II-A data, contrast",29,2,19,"D 1,2 -> 5,6",14,True,0.0,22518.0,45,True,0.2614613407499898,14.17,187274.0
"II-A data, contrast",29,3,14,"D 0,3 -> 4,7",14,True,0.0,20816.0,42,True,0.26928064290338416,14.81,208090.0
"II-A data, contrast",29,4,15,"D 0,3 -> 5,6",18,True,3.218003641336509e-11,208591.0,57,True,0.14778566443177055,20.46,416681.0
"II-A data, contrast",29,5,18,"D 1,2 -> 4,7",18,True,0.0,25415.0,45,True,0.16438742681818638,17.97,442096.0
"II-A data, contrast",29,6,22,"D 2,3 -> 4,5",22,True,0.0,101599.0,56,True,0.1385846744160783,22.92,543695.0
"II-A data, contrast",29,7,11,"D 0,1 -> 6,7",11,True,0.0,21154.0,41,True,0.2616556682498229,16.3,564849.0
"II-A data, contrast",29,8,12,"D 0,2 -> 4,6",12,True,0.0,476231.0,62,True,0.08399911022480253,23.7,1041080.0
"II-A data, contrast",29,9,21,"D 1,3 -> 5,7",21,True,0.0,32489.0,46,False,0.0992351202178451,20.79,1073569.0
"II-A data, contrast",30,0,25,"D 2,3 -> 6,7",25,True,0.0,52698.0,49,True,0.29531587325194003,17.5,52698.0
"II-A data, contrast",30,1,19,"D 1,2 -> 5,6",8,False,0.02977635664401035,117168.0,53,True,0.2737764969440218,18.55,169866.0
"II-A data, contrast",30,2,14,"D 0,3 -> 4,7",8,False,0.017315513367220592,126507.0,54,True,0.273723917099883,17.67,296373.0
"II-A data, contrast",30,3,8,"D 0,1 -> 4,5",8,True,0.0,13551.0,40,True,0.27110663681707586,14.69,309924.0
"II-A data, contrast",30,4,15,"D 0,3 -> 5,6",18,True,1.3322676295501878e-14,167174.0,56,True,0.1477856644347827,20.58,477098.0
"II-A data, contrast",30,5,18,"D 1,2 -> 4,7",18,True,0.0,184876.0,56,True,0.16438742667786296,18.1,661974.0
"II-A data, contrast",30,6,11,"D 0,1 -> 6,7",22,False,0.007766562523511045,128015.0,50,True,0.13858467441680275,20.47,789989.0
"II-A data, contrast",30,7,22,"D 2,3 -> 4,5",22,True,0.0,12581.0,42,False,0.14705347338544633,17.2,802570.0
"II-A data, contrast",30,8,12,"D 0,2 -> 4,6",21,True,1.3322676295501878e-15,194299.0,58,True,0.0839991099674934,26.16,996869.0
"II-A data, contrast",30,9,21,"D 1,3 -> 5,7",21,True,0.0,42049.0,48,True,0.09923512022332659,17.67,1038918.0
"II-A data, contrast",31,0,25,"D 2,3 -> 6,7",25,True,0.0,56272.0,50,True,0.29531587325194003,20.54,56272.0
"II-A data, contrast",31,1,8,"D 0,1 -> 4,5",8,True,0.0,56041.0,50,True,0.2737764969440218,15.89,112313.0
"II-A data, contrast",31,2,19,"D 1,2 -> 5,6",14,True,0.0,51583.0,49,True,0.2614613407499898,17.56,163896.0
"II-A data, contrast",31,3,14,"D 0,3 -> 4,7",14,True,0.0,13770.0,40,True,0.26928064290338416,16.99,177666.0
"II-A data, contrast",31,4,15,"D 0,3 -> 5,6",18,True,3.218003641336509e-11,137851.0,55,True,0.14778566443177055,17.61,315517.0
"II-A data, contrast",31,5,18,"D 1,2 -> 4,7",18,True,0.0,60283.0,50,True,0.16438742681818638,20.27,375800.0
"II-A data, contrast",31,6,11,"D 0,1 -> 6,7",22,False,0.007766562526816623,262373.0,61,True,0.1385846744160783,22.06,638173.0
"II-A data, contrast",31,7,22,"D 2,3 -> 4,5",22,True,0.0,19155.0,44,False,0.14705347338648614,17.53,657328.0
"II-A data, contrast",31,8,12,"D 0,2 -> 4,6",12,True,0.0,366100.0,61,True,0.0839991038956951,21.82,1023428.0
"II-A data, contrast",31,9,21,"D 1,3 -> 5,7",21,True,0.0,46466.0,49,False,0.09923512071236314,19.19,1069894.0
"II-A data, contrast",32,0,25,"D 2,3 -> 6,7",25,True,0.0,69369.0,51,True,0.29531587325194003,16.75,69369.0
"II-A data, contrast",32,1,8,"D 0,1 -> 4,5",8,True,0.0,62184.0,49,True,0.2737764969440218,15.48,131553.0
"II-A data, contrast",32,2,14,"D 0,3 -> 4,7",14,True,0.0,62525.0,50,True,0.2614613407499898,19.26,194078.0
"II-A data, contrast",32,3,19,"D 1,2 -> 5,6",19,True,0.0,21179.0,44,True,0.26928064290338416,13.5,215257.0
"II-A data, contrast",32,4,18,"D 1,2 -> 4,7",15,True,3.217870414573554e-11,151015.0,55,True,0.14778566443177055,20.04,366272.0
"II-A data, contrast",32,5,15,"D 0,3 -> 5,6",15,True,0.0,119143.0,53,True,0.16438742674117973,18.88,485415.0
"II-A data, contrast",32,6,22,"D 2,3 -> 4,5",22,True,0.0,385972.0,56,True,0.13858467441607844,23.96,871387.0
"II-A data, contrast",32,7,11,"D 0,1 -> 6,7",11,True,0.0,13483.0,38,True,0.2616556682498229,17.85,884870.0
"II-A data, contrast",32,8,21,"D 1,3 -> 5,7",21,True,0.0,174668.0,58,True,0.08399911024612945,21.48,1059538.0
"II-A data, contrast",32,9,12,"D 0,2 -> 4,6",12,True,0.0,30579.0,46,True,0.09923512021932947,22.21,1090117.0
"II-A data, contrast",33,0,25,"D 2,3 -> 6,7",25,True,0.0,38872.0,47,True,0.29531587325194003,19.07,38872.0
"II-A data, contrast",33,1,14,"D 0,3 -> 4,7",8,False,0.02977635664401035,125123.0,53,True,0.2737764969440218,17.78,163995.0
"II-A data, contrast",33,2,8,"D 0,1 -> 4,5",8,True,0.0,34778.0,48,True,0.273723917099883,14.39,198773.0
"II-A data, contrast",33,3,19,"D 1,2 -> 5,6",19,True,0.0,25873.0,46,True,0.2656902546602413,15.99,224646.0
"II-A data, contrast",33,4,15,"D 0,3 -> 5,6",18,True,1.4876988529977098e-14,453442.0,61,True,0.14778566443566707,18.22,678088.0
"II-A data, contrast",33,5,18,"D 1,2 -> 4,7",18,True,0.0,50544.0,48,True,0.16438742667786413,20.35,728632.0
"II-A data, contrast",33,6,22,"D 2,3 -> 4,5",22,True,0.0,1109894.0,61,True,0.13858467441634612,21.46,1838526.0
"II-A data, contrast",33,7,11,"D 0,1 -> 6,7",11,True,0.0,16286.0,39,False,0.26165566709455224,17.31,1854812.0
"II-A data, contrast",33,8,21,"D 1,3 -> 5,7",21,True,0.0,63634.0,50,True,0.08399911024598242,17.59,1918446.0
"II-A data, contrast",33,9,12,"D 0,2 -> 4,6",12,True,0.0,38931.0,48,True,0.09923512072076296,19.59,1957377.0
"II-A data, contrast",34,0,25,"D 2,3 -> 6,7",25,True,0.0,34656.0,47,True,0.29531587325194003,17.54,34656.0
"II-A data, contrast",34,1,14,"D 0,3 -> 4,7",8,False,0.02977635664401035,85562.0,51,True,0.2737764969440218,17.08,120218.0
"II-A data, contrast",34,2,19,"D 1,2 -> 5,6",8,False,0.01731551336722037,95163.0,53,True,0.273723917099883,17.93,215381.0
"II-A data, contrast",34,3,8,"D 0,1 -> 4,5",8,True,0.0,35337.0,44,True,0.2711066368328403,19.37,250718.0
"II-A data, contrast",34,4,15,"D 0,3 -> 5,6",15,True,0.0,263284.0,56,True,0.1477856644347817,24.02,514002.0
"II-A data, contrast",34,5,18,"D 1,2 -> 4,7",18,True,0.0,59728.0,50,True,0.16438742670295362,18.35,573730.0
"II-A data, contrast",34,6,11,"D 0,1 -> 6,7",22,False,0.007766562492042439,911972.0,60,True,0.13858467451005313,22.62,1485702.0
"II-A data, contrast",34,7,22,"D 2,3 -> 4,5",22,True,0.0,17443.0,45,True,0.1470534733854464,19.77,1503145.0
"II-A data, contrast",34,8,12,"D 0,2 -> 4,6",12,True,0.0,488451.0,61,True,0.08399910996749355,22.9,1991596.0
"II-A data, contrast",34,9,21,"D 1,3 -> 5,7",21,True,0.0,31664.0,46,True,0.09923512018051152,18.34,2023260.0
"II-A data, contrast",35,0,25,"D 2,3 -> 6,7",25,True,0.0,46039.0,48,True,0.29531587325194003,19.6,46039.0
"II-A data, contrast",35,1,8,"D 0,1 -> 4,5",8,True,0.0,27969.0,46,True,0.2737764969440218,16.11,74008.0
"II-A data, contrast",35,2,14,"D 0,3 -> 4,7",14,True,0.0,12563.0,39,True,0.2614613407499898,12.84,86571.0
"II-A data, contrast",35,3,19,"D 1,2 -> 5,6",19,True,0.0,13170.0,38,True,0.26928064290338416,12.72,99741.0
"II-A data, contrast",35,4,15,"D 0,3 -> 5,6",15,True,0.0,91163.0,53,True,0.14778566443177055,20.26,190904.0
"II-A data, contrast",35,5,18,"D 1,2 -> 4,7",18,True,0.0,44028.0,48,True,0.16438742686495894,18.07,234932.0
"II-A data, contrast",35,6,11,"D 0,1 -> 6,7",22,False,0.0077665625268157346,226468.0,53,True,0.1385846744160791,23.4,461400.0
"II-A data, contrast",35,7,22,"D 2,3 -> 4,5",22,True,0.0,18460.0,45,False,0.14705347338648608,18.67,479860.0
"II-A data, contrast",35,8,12,"D 0,2 -> 4,6",12,True,7.771561172376096e-16,660153.0,63,True,0.0839991058892081,24.59,1140013.0
"II-A data, contrast",35,9,21,"D 1,3 -> 5,7",21,True,0.0,48576.0,49,False,0.09923512022280494,18.18,1188589.0
"II-A data, contrast",36,0,25,"D 2,3 -> 6,7",25,True,0.0,59371.0,50,True,0.29531587325194003,18.17,59371.0
"II-A data, contrast",36,1,14,"D 0,3 -> 4,7",8,False,0.02977635664401035,104838.0,52,True,0.2737764969440218,17.99,164209.0
"II-A data, contrast",36,2,8,"D 0,1 -> 4,5",8,True,0.0,27887.0,47,True,0.273723917099883,14.16,192096.0
"II-A data, contrast",36,3,19,"D 1,2 -> 5,6",19,True,0.0,23878.0,45,True,0.2656902546602413,13.4,215974.0
"II-A data, contrast",36,4,15,"D 0,3 -> 5,6",18,True,1.4876988529977098e-14,31456.0,44,True,0.14778566443566707,18.52,247430.0
"II-A data, contrast",36,5,18,"D 1,2 -> 4,7",18,True,0.0,50402.0,49,True,0.16438742667786413,16.79,297832.0
"II-A data, contrast",36,6,22,"D 2,3 -> 4,5",22,True,0.0,279082.0,61,True,0.13858467441634612,20.41,576914.0
"II-A data, contrast",36,7,11,"D 0,1 -> 6,7",11,True,0.0,13980.0,38,False,0.26165566709455224,15.21,590894.0
"II-A data, contrast",36,8,21,"D 1,3 -> 5,7",21,True,0.0,589187.0,63,True,0.08399911024598242,24.47,1180081.0
"II-A data, contrast",36,9,12,"D 0,2 -> 4,6",12,True,0.0,26596.0,45,True,0.09923512072076296,19.95,1206677.0
"II-A data, contrast",37,0,25,"D 2,3 -> 6,7",25,True,0.0,70529.0,50,True,0.29531587325194003,16.88,70529.0
"II-A data, contrast",37,1,8,"D 0,1 -> 4,5",8,True,0.0,125312.0,54,True,0.2737764969440218,16.28,195841.0
"II-A data, contrast",37,2,19,"D 1,2 -> 5,6",14,True,0.0,60269.0,49,True,0.2614613407499898,15.71,256110.0
"II-A data, contrast",37,3,14,"D 0,3 -> 4,7",14,True,0.0,31695.0,44,True,0.26928064290338416,16.6,287805.0
"II-A data, contrast",37,4,15,"D 0,3 -> 5,6",18,True,3.218003641336509e-11,203358.0,57,True,0.14778566443177055,23.7,491163.0
"II-A data, contrast",37,5,18,"D 1,2 -> 4,7",18,True,0.0,31057.0,48,True,0.16438742681818638,16.13,522220.0
"II-A data, contrast",37,6,11,"D 0,1 -> 6,7",22,False,0.007766562526816623,127509.0,50,True,0.1385846744160783,19.55,649729.0
"II-A data, contrast",37,7,22,"D 2,3 -> 4,5",22,True,0.0,16681.0,44,False,0.14705347338648614,18.76,666410.0
"II-A data, contrast",37,8,21,"D 1,3 -> 5,7",12,True,7.771561172376096e-16,27789.0,47,True,0.0839991038956951,19.85,694199.0
"II-A data, contrast",37,9,12,"D 0,2 -> 4,6",12,True,0.0,33377.0,47,False,0.09923512021383377,19.6,727576.0
"II-A data, contrast",38,0,25,"D 2,3 -> 6,7",25,True,0.0,27992.0,46,True,0.29531587325194003,16.62,27992.0
"II-A data, contrast",38,1,19,"D 1,2 -> 5,6",8,False,0.02977635664401035,90123.0,52,True,0.2737764969440218,15.22,118115.0
"II-A data, contrast",38,2,8,"D 0,1 -> 4,5",8,True,0.0,131472.0,53,True,0.273723917099883,15.9,249587.0
"II-A data, contrast",38,3,14,"D 0,3 -> 4,7",14,True,0.0,9154.0,32,True,0.2656902546602413,11.59,258741.0
"II-A data, contrast",38,4,15,"D 0,3 -> 5,6",15,True,0.0,349589.0,59,True,0.14778566443566704,24.0,608330.0
"II-A data, contrast",38,5,18,"D 1,2 -> 4,7",18,True,0.0,22475.0,44,True,0.1643874266778641,17.97,630805.0
"II-A data, contrast",38,6,11,"D 0,1 -> 6,7",22,False,0.007766562524054388,207382.0,53,True,0.13858467441829297,21.48,838187.0
"II-A data, contrast",38,7,22,"D 2,3 -> 4,5",22,True,0.0,17135.0,44,False,0.14705347400335994,20.3,855322.0
"II-A data, contrast",38,8,12,"D 0,2 -> 4,6",21,True,1.4531154057806361e-10,199857.0,58,True,0.08399911032037892,26.03,1055179.0
"II-A data, contrast",38,9,21,"D 1,3 -> 5,7",21,True,0.0,44069.0,49,True,0.09923512022413175,17.67,1099248.0
"II-A data, contrast",39,0,25,"D 2,3 -> 6,7",25,True,0.0,109639.0,52,True,0.29531587325194003,19.9,109639.0
"II-A data, contrast",39,1,19,"D 1,2 -> 5,6",8,False,0.02977635664401035,88142.0,51,True,0.2737764969440218,15.29,197781.0
"II-A data, contrast",39,2,8,"D 0,1 -> 4,5",8,True,0.0,91113.0,53,True,0.273723917099883,19.61,288894.0
"II-A data, contrast",39,3,14,"D 0,3 -> 4,7",14,True,0.0,20656.0,40,True,0.2656902546602413,16.28,309550.0
"II-A data, contrast",39,4,18,"D 1,2 -> 4,7",15,True,1.354472090042691e-14,154541.0,55,True,0.14778566443566704,19.79,464091.0
"II-A data, contrast",39,5,15,"D 0,3 -> 5,6",15,True,0.0,24920.0,45,True,0.16438742667786413,16.43,489011.0
"II-A data, contrast",39,6,11,"D 0,1 -> 6,7",22,False,0.007766562553050971,92029.0,49,True,0.1385846743270885,20.78,581040.0
"II-A data, contrast",39,7,22,"D 2,3 -> 4,5",22,True,0.0,24560.0,37,False,0.14705347395216467,14.55,605600.0
"II-A data, contrast",39,8,21,"D 1,3 -> 5,7",21,True,0.0,95622.0,55,True,0.08399911029395625,19.03,701222.0
"II-A data, contrast",39,9,12,"D 0,2 -> 4,6",12,True,0.0,32942.0,47,True,0.0992351211978033,18.01,734164.0
"II-A data, contrast",40,0,25,"D 2,3 -> 6,7",25,True,0.0,81682.0,51,True,0.29531587325194003,17.3,81682.0
"II-A data, contrast",40,1,8,"D 0,1 -> 4,5",8,True,0.0,105487.0,53,True,0.2737764969440218,15.78,187169.0
"II-A data, contrast",40,2,19,"D 1,2 -> 5,6",14,True,0.0,90918.0,53,True,0.2614613407499898,14.61,278087.0
"II-A data, contrast",40,3,14,"D 0,3 -> 4,7",14,True,0.0,28973.0,46,True,0.26928064290338416,18.16,307060.0
"II-A data, contrast",40,4,18,"D 1,2 -> 4,7",18,True,0.0,148787.0,55,True,0.14778566443177055,20.86,455847.0
"II-A data, contrast",40,5,15,"D 0,3 -> 5,6",15,True,0.0,38614.0,48,True,0.16438742667786324,16.02,494461.0
"II-A data, contrast",40,6,22,"D 2,3 -> 4,5",22,True,0.0,176073.0,59,True,0.13858467461098167,23.08,670534.0
"II-A data, contrast",40,7,11,"D 0,1 -> 6,7",11,True,0.0,19281.0,40,False,0.2616556682498228,16.02,689815.0
"II-A data, contrast",40,8,21,"D 1,3 -> 5,7",12,True,7.438494264988549e-14,349466.0,61,True,0.08399911025677623,23.11,1039281.0
"II-A data, contrast",40,9,12,"D 0,2 -> 4,6",12,True,0.0,23535.0,45,False,0.09923512022281779,14.77,1062816.0
"II-A data, contrast",41,0,25,"D 2,3 -> 6,7",25,True,0.0,42720.0,48,True,0.29531587325194003,21.35,42720.0
"II-A data, contrast",41,1,19,"D 1,2 -> 5,6",8,False,0.02977635664401035,63469.0,51,True,0.2737764969440218,18.68,106189.0
"II-A data, contrast",41,2,14,"D 0,3 -> 4,7",8,False,0.017315513367220592,83835.0,52,True,0.273723917099883,15.94,190024.0
"II-A data, contrast",41,3,8,"D 0,1 -> 4,5",8,True,0.0,11859.0,38,True,0.27110663681707586,12.5,201883.0
"II-A data, contrast",41,4,15,"D 0,3 -> 5,6",18,True,1.3322676295501878e-14,170726.0,56,True,0.1477856644347827,23.77,372609.0
"II-A data, contrast",41,5,18,"D 1,2 -> 4,7",18,True,0.0,43072.0,48,True,0.16438742667786296,18.86,415681.0
"II-A data, contrast",41,6,22,"D 2,3 -> 4,5",22,True,0.0,167315.0,58,True,0.13858467441680275,18.44,582996.0
"II-A data, contrast",41,7,11,"D 0,1 -> 6,7",11,True,0.0,22009.0,41,True,0.26165566834804327,18.05,605005.0
"II-A data, contrast",41,8,12,"D 0,2 -> 4,6",12,True,0.0,115876.0,55,True,0.08399911025953015,24.92,720881.0
"II-A data, contrast",41,9,21,"D 1,3 -> 5,7",21,True,0.0,37924.0,46,True,0.09923512013769517,11.04,758805.0
"II-A data, contrast",42,0,25,"D 2,3 -> 6,7",25,True,0.0,50038.0,49,True,0.29531587325194003,16.1,50038.0
"II-A data, contrast",42,1,8,"D 0,1 -> 4,5",8,True,0.0,36168.0,48,True,0.2737764969440218,14.37,86206.0
"II-A data, contrast",42,2,19,"D 1,2 -> 5,6",14,True,0.0,109698.0,54,True,0.2614613407499898,16.53,195904.0
"II-A data, contrast",42,3,14,"D 0,3 -> 4,7",14,True,0.0,22480.0,37,True,0.26928064290338416,17.22,218384.0
"II-A data, contrast",42,4,18,"D 1,2 -> 4,7",18,True,0.0,1113270.0,61,True,0.14778566443177055,23.56,1331654.0
"II-A data, contrast",42,5,15,"D 0,3 -> 5,6",15,True,0.0,19630.0,43,True,0.16438742667786324,17.27,1351284.0
"II-A data, contrast",42,6,22,"D 2,3 -> 4,5",22,True,0.0,158468.0,58,True,0.13858467461098167,19.21,1509752.0
"II-A data, contrast",42,7,11,"D 0,1 -> 6,7",11,True,0.0,15907.0,39,False,0.2616556682498228,19.81,1525659.0
"II-A data, contrast",42,8,12,"D 0,2 -> 4,6",12,True,0.0,56474.0,51,True,0.08399911025677623,18.52,1582133.0
"II-A data, contrast",42,9,21,"D 1,3 -> 5,7",21,True,0.0,30760.0,46,True,0.0992351207123887,14.15,1612893.0
"II-A data, contrast",43,0,25,"D 2,3 -> 6,7",25,True,0.0,37248.0,47,True,0.29531587325194003,14.81,37248.0
"II-A data, contrast",43,1,8,"D 0,1 -> 4,5",8,True,0.0,75686.0,52,True,0.2737764969440218,16.44,112934.0
"II-A data, contrast",43,2,19,"D 1,2 -> 5,6",14,True,0.0,30484.0,47,True,0.2614613407499898,13.58,143418.0
"II-A data, contrast",43,3,14,"D 0,3 -> 4,7",14,True,0.0,20967.0,44,True,0.26928064290338416,16.35,164385.0
"II-A data, contrast",43,4,18,"D 1,2 -> 4,7",18,True,0.0,230273.0,57,True,0.14778566443177055,24.02,394658.0
"II-A data, contrast",43,5,15,"D 0,3 -> 5,6",15,True,0.0,172958.0,56,True,0.16438742667786324,20.67,567616.0
"II-A data, contrast",43,6,22,"D 2,3 -> 4,5",22,True,0.0,180017.0,52,True,0.13858467461098167,19.35,747633.0
"II-A data, contrast",43,7,11,"D 0,1 -> 6,7",11,True,0.0,18629.0,40,False,0.2616556682498228,19.03,766262.0
"II-A data, contrast",43,8,12,"D 0,2 -> 4,6",12,True,0.0,437511.0,62,True,0.08399911025677623,19.84,1203773.0
"II-A data, contrast",43,9,21,"D 1,3 -> 5,7",21,True,0.0,23008.0,45,False,0.0992351207123887,12.89,1226781.0
"II-A data, contrast",44,0,25,"D 2,3 -> 6,7",25,True,0.0,33217.0,46,True,0.29531587325194003,16.76,33217.0
"II-A data, contrast",44,1,8,"D 0,1 -> 4,5",8,True,0.0,48489.0,50,True,0.2737764969440218,17.88,81706.0
"II-A data, contrast",44,2,19,"D 1,2 -> 5,6",14,True,0.0,21002.0,44,True,0.2614613407499898,15.66,102708.0
"II-A data, contrast",44,3,14,"D 0,3 -> 4,7",14,True,0.0,24283.0,45,True,0.26928064290338416,18.67,126991.0
"II-A data, contrast",44,4,18,"D 1,2 -> 4,7",18,True,0.0,189249.0,56,True,0.14778566443177055,26.01,316240.0
"II-A data, contrast",44,5,15,"D 0,3 -> 5,6",15,True,0.0,142496.0,55,True,0.16438742667786324,18.12,458736.0
"II-A data, contrast",44,6,11,"D 0,1 -> 6,7",22,False,0.00776656215243321,211108.0,53,True,0.13858467461098167,21.83,669844.0
"II-A data, contrast",44,7,22,"D 2,3 -> 4,5",22,True,0.0,16457.0,43,False,0.1470534733864861,18.38,686301.0
"II-A data, contrast",44,8,12,"D 0,2 -> 4,6",12,True,0.0,73051.0,52,True,0.08399910507879133,18.96,759352.0
"II-A data, contrast",44,9,21,"D 1,3 -> 5,7",21,True,0.0,26978.0,46,False,0.09923512022197756,8.92,786330.0
"II-A data, contrast",45,0,25,"D 2,3 -> 6,7",25,True,0.0,71473.0,51,True,0.29531587325194003,21.08,71473.0
"II-A data, contrast",45,1,14,"D 0,3 -> 4,7",8,False,0.02977635664401035,125225.0,53,True,0.2737764969440218,15.53,196698.0
"II-A data, contrast",45,2,8,"D 0,1 -> 4,5",8,True,0.0,20115.0,45,True,0.273723917099883,13.53,216813.0
"II-A data, contrast",45,3,19,"D 1,2 -> 5,6",19,True,0.0,10201.0,37,True,0.2656902546602413,12.64,227014.0
"II-A data, contrast",45,4,15,"D 0,3 -> 5,6",18,True,1.4876988529977098e-14,394517.0,56,True,0.14778566443566707,24.67,621531.0
"II-A data, contrast",45,5,18,"D 1,2 -> 4,7",18,True,0.0,71092.0,50,True,0.16438742667786413,18.41,692623.0
"II-A data, contrast",45,6,22,"D 2,3 -> 4,5",22,True,0.0,274431.0,61,True,0.13858467441634612,20.99,967054.0
"II-A data, contrast",45,7,11,"D 0,1 -> 6,7",11,True,0.0,16083.0,39,True,0.26165566709455224,18.97,983137.0
"II-A data, contrast",45,8,21,"D 1,3 -> 5,7",21,True,0.0,232311.0,59,True,0.08399911024598242,16.93,1215448.0
"II-A data, contrast",45,9,12,"D 0,2 -> 4,6",12,True,0.0,31112.0,46,True,0.09923512072076296,13.15,1246560.0
"II-A data, contrast",46,0,25,"D 2,3 -> 6,7",25,True,0.0,44264.0,49,True,0.29531587325194003,16.21,44264.0
"II-A data, contrast",46,1,8,"D 0,1 -> 4,5",8,True,0.0,141701.0,54,True,0.2737764969440218,17.41,185965.0
"II-A data, contrast",46,2,19,"D 1,2 -> 5,6",14,True,0.0,90634.0,53,True,0.2614613407499898,17.92,276599.0
"II-A data, contrast",46,3,14,"D 0,3 -> 4,7",14,True,0.0,15753.0,41,True,0.26928064290338416,16.28,292352.0
"II-A data, contrast",46,4,18,"D 1,2 -> 4,7",18,True,0.0,112353.0,55,True,0.14778566443177055,21.33,404705.0
"II-A data, contrast",46,5,15,"D 0,3 -> 5,6",15,True,0.0,50635.0,47,True,0.16438742667786324,20.68,455340.0
"II-A data, contrast",46,6,22,"D 2,3 -> 4,5",22,True,0.0,21427.0,45,True,0.13858467461098167,20.44,476767.0
"II-A data, contrast",46,7,11,"D 0,1 -> 6,7",11,True,0.0,16405.0,39,True,0.2616556682498228,16.87,493172.0
"II-A data, contrast",46,8,12,"D 0,2 -> 4,6",12,True,0.0,51601.0,51,True,0.08399911025677623,17.92,544773.0
"II-A data, contrast",46,9,21,"D 1,3 -> 5,7",21,True,0.0,39892.0,48,False,0.0992351207123887,10.38,584665.0
"II-A data, contrast",47,0,25,"D 2,3 -> 6,7",25,True,0.0,100167.0,53,True,0.29531587325194003,18.41,100167.0
"II-A data, contrast",47,1,8,"D 0,1 -> 4,5",8,True,0.0,69126.0,52,True,0.2737764969440218,17.19,169293.0
"II-A data, contrast",47,2,14,"D 0,3 -> 4,7",14,True,0.0,96178.0,52,True,0.2614613407499898,19.1,265471.0
"II-A data, contrast",47,3,19,"D 1,2 -> 5,6",19,True,0.0,27064.0,46,True,0.26928064290338416,13.41,292535.0
"II-A data, contrast",47,4,15,"D 0,3 -> 5,6",15,True,0.0,271317.0,58,True,0.14778566443177055,23.32,563852.0
"II-A data, contrast",47,5,18,"D 1,2 -> 4,7",18,True,0.0,153439.0,55,True,0.16438742686495894,23.35,717291.0
"II-A data, contrast",47,6,22,"D 2,3 -> 4,5",22,True,0.0,129322.0,57,True,0.1385846744160791,19.95,846613.0
"II-A data, contrast",47,7,11,"D 0,1 -> 6,7",11,True,0.0,13327.0,38,False,0.261655668249823,12.71,859940.0
"II-A data, contrast",47,8,12,"D 0,2 -> 4,6",12,True,0.0,122856.0,55,True,0.08399911025322548,13.71,982796.0
"II-A data, contrast",47,9,21,"D 1,3 -> 5,7",21,True,0.0,23995.0,45,True,0.09923512071237658,4.88,1006791.0
