method,trajectory,iteration,selected,selected_label,exact_best_arm,exact_best,shortfall,shots,rounds,stopped_rho,max_abs_gradient,seconds,cumulative_shots
"Fixed 1000, designed",0,0,30,"D 0,1 -> 9,10",91,False,1.0,1725.0,1,False,0.24318730437372557,2.75,1725.0
"Fixed 1000, designed",0,1,18,"D 0,1 -> 4,9",91,False,1.0,1725.0,1,False,0.24318730437372557,2.67,3450.0
"Fixed 1000, designed",0,2,60,"D 1,2 -> 5,10",91,False,0.9574172473197158,1725.0,1,False,0.24318730437372557,2.66,5175.0
"Fixed 1000, designed",0,3,1,S 0 -> 6,91,False,1.0,1725.0,1,False,0.24315139024878285,2.57,6900.0
"Fixed 1000, designed",0,4,19,"D 0,1 -> 4,11",91,False,0.9789207618402187,1725.0,1,False,0.24315139024878285,2.53,8625.0
"Fixed 1000, designed",0,5,17,"D 0,1 -> 4,7",91,False,1.0,1725.0,1,False,0.24315133906304454,2.49,10350.0
"Fixed 1000, designed",0,6,27,"D 0,1 -> 7,10",91,False,1.0,1725.0,1,False,0.24315133905012182,2.5,12075.0
"Fixed 1000, designed",0,7,28,"D 0,1 -> 8,9",91,False,0.9195701565632425,1725.0,1,False,0.24315133903785557,2.47,13800.0
"Fixed 1000, designed",0,8,22,"D 0,1 -> 5,10",91,False,0.9809852593563396,1725.0,1,False,0.24315133996224633,2.46,15525.0
"Fixed 1000, designed",0,9,38,"D 0,3 -> 4,5",91,False,0.9904299415043962,1725.0,1,False,0.24315157144087673,2.45,17250.0
"Fixed 1000, designed",0,10,3,S 0 -> 10,91,False,0.9990019315634504,1725.0,1,False,0.24315149909235084,2.51,18975.0
"Fixed 1000, designed",0,11,24,"D 0,1 -> 6,9",91,False,1.0,1725.0,1,False,0.24315152102255977,2.42,20700.0
"Fixed 1000, designed",0,12,30,"D 0,1 -> 9,10",91,False,1.0,1725.0,1,False,0.24315152102255977,2.39,22425.0
"Fixed 1000, designed",0,13,29,"D 0,1 -> 8,11",91,False,1.0,1725.0,1,False,0.24315152102255977,2.36,24150.0
"Fixed 1000, designed",0,14,31,"D 0,1 -> 10,11",91,False,0.9250258181489524,1725.0,1,False,0.24315152102255977,2.43,25875.0
"Fixed 1000, designed",0,15,25,"D 0,1 -> 6,11",91,False,1.0,1725.0,1,False,0.24311851918953234,2.53,27600.0
"Fixed 1000, designed",1,0,2,S 0 -> 8,91,False,1.0,1725.0,1,False,0.24318730437372557,2.65,1725.0
"Fixed 1000, designed",1,1,7,S 1 -> 11,91,False,0.9999999924381954,1725.0,1,False,0.24318730437372557,2.55,3450.0
"Fixed 1000, designed",1,2,63,"D 1,2 -> 6,11",91,False,1.0,1725.0,1,False,0.24318730437392957,2.55,5175.0
"Fixed 1000, designed",1,3,19,"D 0,1 -> 4,11",91,False,0.9789237608959468,1725.0,1,False,0.24318730437392957,2.54,6900.0
"Fixed 1000, designed",1,4,4,S 1 -> 5,91,False,0.9999759012593792,1725.0,1,False,0.24318726654671718,2.55,8625.0
"Fixed 1000, designed",1,5,20,"D 0,1 -> 5,6",91,False,1.0,1725.0,1,False,0.24318726656378523,2.46,10350.0
"Fixed 1000, designed",1,6,60,"D 1,2 -> 5,10",91,False,0.9574067732785428,1725.0,1,False,0.24318726656378523,2.45,12075.0
"Fixed 1000, designed",1,7,22,"D 0,1 -> 5,10",91,False,0.980853226921405,1725.0,1,False,0.24315128538130204,2.45,13800.0
"Fixed 1000, designed",1,8,65,"D 1,2 -> 7,10",91,False,1.0,1725.0,1,False,0.24315151356956555,2.49,15525.0
"Fixed 1000, designed",1,9,6,S 1 -> 9,91,False,1.0,1725.0,1,False,0.24315151356956555,2.44,17250.0
"Fixed 1000, designed",1,10,27,"D 0,1 -> 7,10",91,False,1.0,1725.0,1,False,0.24315151356956555,2.53,18975.0
"Fixed 1000, designed",1,11,17,"D 0,1 -> 4,7",91,False,1.0,1725.0,1,False,0.24315151356956555,2.44,20700.0
"Fixed 1000, designed",1,12,37,"D 0,2 -> 8,10",91,False,1.0,1725.0,1,False,0.24315151356956555,2.41,22425.0
"Fixed 1000, designed",1,13,71,"D 1,3 -> 5,9",91,False,1.0,1725.0,1,False,0.24315151356956555,2.56,24150.0
"Fixed 1000, designed",1,14,38,"D 0,3 -> 4,5",91,False,0.990419175765441,1725.0,1,False,0.24315151356956555,2.74,25875.0
"Fixed 1000, designed",1,15,62,"D 1,2 -> 6,9",91,False,1.0,1725.0,1,False,0.2431514392181626,2.75,27600.0
"Fixed 1000, designed",2,0,1,S 0 -> 6,91,False,1.0,1725.0,1,False,0.24318730437372557,2.77,1725.0
"Fixed 1000, designed",2,1,1,S 0 -> 6,91,False,1.0,1725.0,1,False,0.24318730437372557,2.66,3450.0
"Fixed 1000, designed",2,2,60,"D 1,2 -> 5,10",91,False,0.9574172473197158,1725.0,1,False,0.24318730437372557,2.65,5175.0
"Fixed 1000, designed",2,3,23,"D 0,1 -> 6,7",91,False,0.9195443278875011,1725.0,1,False,0.24315139024878285,2.57,6900.0
"Fixed 1000, designed",2,4,71,"D 1,3 -> 5,9",91,False,1.0,1725.0,1,False,0.24315139065271638,2.56,8625.0
"Fixed 1000, designed",2,5,60,"D 1,2 -> 5,10",91,False,0.99999999863382,1725.0,1,False,0.2431513906535613,2.51,10350.0
"Fixed 1000, designed",2,6,1,S 0 -> 6,91,False,1.0,1725.0,1,False,0.2431513906535613,2.58,12075.0
"Fixed 1000, designed",2,7,31,"D 0,1 -> 10,11",91,False,0.9241179395870891,1725.0,1,False,0.2431513906535613,2.52,13800.0
"Fixed 1000, designed",2,8,47,"D 0,3 -> 6,11",91,False,1.0,1725.0,1,False,0.24311801913470515,2.5,15525.0
"Fixed 1000, designed",2,9,20,"D 0,1 -> 5,6",91,False,1.0,1725.0,1,False,0.24311801913470515,2.51,17250.0
"Fixed 1000, designed",2,10,6,S 1 -> 9,91,False,1.0,1725.0,1,False,0.24311801913470515,2.5,18975.0
"Fixed 1000, designed",2,11,7,S 1 -> 11,91,False,0.9982363308779768,1725.0,1,False,0.24311801913470515,2.48,20700.0
"Fixed 1000, designed",2,12,71,"D 1,3 -> 5,9",91,False,1.0,1725.0,1,False,0.24311801051127624,2.49,22425.0
"Fixed 1000, designed",2,13,29,"D 0,1 -> 8,11",91,False,1.0,1725.0,1,False,0.24311801051127624,2.42,24150.0
"Fixed 1000, designed",2,14,22,"D 0,1 -> 5,10",91,False,0.9824455491233514,1725.0,1,False,0.24311801051127624,2.46,25875.0
"Fixed 1000, designed",2,15,27,"D 0,1 -> 7,10",91,False,1.0,1725.0,1,False,0.24311841023824124,2.51,27600.0
"Fixed 1000, designed",3,0,31,"D 0,1 -> 10,11",91,False,0.9238414219292242,1725.0,1,False,0.24318730437372557,2.66,1725.0
"Fixed 1000, designed",3,1,24,"D 0,1 -> 6,9",91,False,1.0,1725.0,1,False,0.2431536556295291,2.54,3450.0
"Fixed 1000, designed",3,2,59,"D 1,2 -> 5,8",91,False,1.0,1725.0,1,False,0.2431536556295291,2.57,5175.0
"Fixed 1000, designed",3,3,50,"D 0,3 -> 8,9",91,False,0.9361803711542077,1725.0,1,False,0.2431536556295291,2.55,6900.0
"Fixed 1000, designed",3,4,64,"D 1,2 -> 7,8",91,False,1.0,1725.0,1,False,0.24315077102375396,2.54,8625.0
"Fixed 1000, designed",3,5,74,"D 1,3 -> 7,11",91,False,1.0,1725.0,1,False,0.24315077102375396,2.44,10350.0
"Fixed 1000, designed",3,6,64,"D 1,2 -> 7,8",91,False,1.0,1725.0,1,False,0.24315077102375396,2.44,12075.0
"Fixed 1000, designed",3,7,43,"D 0,3 -> 5,8",91,False,1.0,1725.0,1,False,0.24315077102375396,2.44,13800.0
"Fixed 1000, designed",3,8,39,"D 0,3 -> 4,7",91,False,1.0,1725.0,1,False,0.24315077102375396,2.44,15525.0
"Fixed 1000, designed",3,9,51,"D 0,3 -> 8,11",91,False,1.0,1725.0,1,False,0.24315077102375396,2.46,17250.0
"Fixed 1000, designed",3,10,30,"D 0,1 -> 9,10",91,False,1.0,1725.0,1,False,0.24315077102375396,2.43,18975.0
"Fixed 1000, designed",3,11,16,"D 0,1 -> 4,5",91,False,0.8256181395890567,1725.0,1,False,0.24315077102375396,2.48,20700.0
"Fixed 1000, designed",3,12,21,"D 0,1 -> 5,8",91,False,1.0,1725.0,1,False,0.2431523500130171,2.41,22425.0
"Fixed 1000, designed",3,13,28,"D 0,1 -> 8,9",91,False,0.9185667047241415,1725.0,1,False,0.2431523500130176,2.39,24150.0
"Fixed 1000, designed",3,14,23,"D 0,1 -> 6,7",91,False,0.9213072531349629,1725.0,1,False,0.24315240854217446,2.48,25875.0
"Fixed 1000, designed",3,15,5,S 1 -> 7,91,False,1.0,1725.0,1,False,0.2431526241331371,2.47,27600.0
"Fixed 1000, designed",4,0,19,"D 0,1 -> 4,11",91,False,0.9789237613416715,1725.0,1,False,0.24318730437372557,2.64,1725.0
"Fixed 1000, designed",4,1,60,"D 1,2 -> 5,10",91,False,0.9574172473197158,1725.0,1,False,0.24318725313184614,2.48,3450.0
"Fixed 1000, designed",4,2,6,S 1 -> 9,91,False,1.0,1725.0,1,False,0.24315133956293788,2.46,5175.0
"Fixed 1000, designed",4,3,56,"D 1,2 -> 4,9",91,False,1.0,1725.0,1,False,0.2431513390554094,2.46,6900.0
"Fixed 1000, designed",4,4,23,"D 0,1 -> 6,7",91,False,0.9195701565873552,1725.0,1,False,0.2431513390433219,2.46,8625.0
"Fixed 1000, designed",4,5,30,"D 0,1 -> 9,10",91,False,1.0,1725.0,1,False,0.24315133992770716,2.46,10350.0
"Fixed 1000, designed",4,6,45,"D 0,3 -> 6,7",91,False,0.9348843177274666,1725.0,1,False,0.24315133992770716,2.47,12075.0
"Fixed 1000, designed",4,7,72,"D 1,3 -> 5,11",91,False,0.9864600688964331,1725.0,1,False,0.24314828339882177,2.47,13800.0
"Fixed 1000, designed",4,8,36,"D 0,2 -> 6,10",91,False,1.0,1725.0,1,False,0.24314113919060648,2.45,15525.0
"Fixed 1000, designed",4,9,30,"D 0,1 -> 9,10",91,False,1.0,1725.0,1,False,0.24314113918391445,2.45,17250.0
"Fixed 1000, designed",4,10,52,"D 0,3 -> 9,10",91,False,1.0,1725.0,1,False,0.24314113918391445,2.4,18975.0
"Fixed 1000, designed",4,11,72,"D 1,3 -> 5,11",91,False,0.9999999999875189,1725.0,1,False,0.24314113918391445,2.46,20700.0
"Fixed 1000, designed",4,12,63,"D 1,2 -> 6,11",91,False,1.0,1725.0,1,False,0.24314113918391445,2.39,22425.0
"Fixed 1000, designed",4,13,75,"D 1,3 -> 9,11",91,False,1.0,1725.0,1,False,0.24314113918391445,2.44,24150.0
"Fixed 1000, designed",4,14,40,"D 0,3 -> 4,9",91,False,1.0,1725.0,1,False,0.24314113918391445,2.54,25875.0
"Fixed 1000, designed",4,15,0,S 0 -> 4,91,False,0.9989941850295734,1725.0,1,False,0.24314113918391445,2.5,27600.0
"Fixed 1000, designed",5,0,25,"D 0,1 -> 6,11",91,False,1.0,1725.0,1,False,0.24318730437372557,2.76,1725.0
"Fixed 1000, designed",5,1,35,"D 0,2 -> 6,8",91,False,1.0,1725.0,1,False,0.24318730437372557,2.66,3450.0
"Fixed 1000, designed",5,2,68,"D 1,2 -> 9,10",91,False,1.0,1725.0,1,False,0.24318730437372557,2.64,5175.0
"Fixed 1000, designed",5,3,21,"D 0,1 -> 5,8",91,False,1.0,1725.0,1,False,0.24318730437372557,2.58,6900.0
"Fixed 1000, designed",5,4,32,"D 0,2 -> 4,6",91,False,1.0,1725.0,1,False,0.24318730437372557,2.55,8625.0
"Fixed 1000, designed",5,5,33,"D 0,2 -> 4,8",91,False,1.0,1725.0,1,False,0.24318730437372557,2.51,10350.0
"Fixed 1000, designed",5,6,20,"D 0,1 -> 5,6",91,False,1.0,1725.0,1,False,0.24318730437372557,2.58,12075.0
"Fixed 1000, designed",5,7,28,"D 0,1 -> 8,9",91,False,0.9195557764466735,1725.0,1,False,0.24318730437372557,2.5,13800.0
"Fixed 1000, designed",5,8,69,"D 1,2 -> 10,11",91,False,0.970239069570766,1725.0,1,False,0.2431873043737256,2.48,15525.0
"Fixed 1000, designed",5,9,72,"D 1,3 -> 5,11",91,False,0.9850600763143742,1725.0,1,False,0.24316977531065817,2.52,17250.0
"Fixed 1000, designed",5,10,19,"D 0,1 -> 4,11",91,False,0.9789228464123992,1725.0,1,False,0.24316147928034518,2.49,18975.0
"Fixed 1000, designed",5,11,50,"D 0,3 -> 8,9",91,False,0.9348922210676085,1725.0,1,False,0.24316140897155863,2.47,20700.0
"Fixed 1000, designed",5,12,32,"D 0,2 -> 4,6",91,False,1.0,1725.0,1,False,0.2431583667851915,2.5,22425.0
"Fixed 1000, designed",5,13,57,"D 1,2 -> 4,11",91,False,0.9722764596930664,1725.0,1,False,0.24315836676733296,2.41,24150.0
"Fixed 1000, designed",5,14,21,"D 0,1 -> 5,8",91,False,1.0,1725.0,1,False,0.24314961646070518,2.48,25875.0
"Fixed 1000, designed",5,15,25,"D 0,1 -> 6,11",91,False,1.0,1725.0,1,False,0.24314961646070518,2.47,27600.0
"Fixed 1000, designed",6,0,28,"D 0,1 -> 8,9",91,False,0.9195557764466735,1725.0,1,False,0.24318730437372557,2.49,1725.0
"Fixed 1000, designed",6,1,18,"D 0,1 -> 4,9",91,False,1.0,1725.0,1,False,0.2431873043737256,2.44,3450.0
"Fixed 1000, designed",6,2,69,"D 1,2 -> 10,11",91,False,0.970239069570766,1725.0,1,False,0.2431873043737256,2.43,5175.0
"Fixed 1000, designed",6,3,23,"D 0,1 -> 6,7",91,False,0.9197982004757449,1725.0,1,False,0.24316977531065817,2.43,6900.0
"Fixed 1000, designed",6,4,72,"D 1,3 -> 5,11",91,False,0.9850601211697744,1725.0,1,False,0.24316973358562888,2.43,8625.0
"Fixed 1000, designed",6,5,69,"D 1,2 -> 10,11",91,False,0.9999999992456314,1725.0,1,False,0.24316143847135036,2.45,10350.0
"Fixed 1000, designed",6,6,41,"D 0,3 -> 4,11",91,False,0.9575557302054417,1725.0,1,False,0.24316143847135036,2.45,12075.0
"Fixed 1000, designed",6,7,68,"D 1,2 -> 9,10",91,False,1.0,1725.0,1,False,0.24312587623415238,2.46,13800.0
"Fixed 1000, designed",6,8,0,S 0 -> 4,91,False,0.9978958994353175,1725.0,1,False,0.24312587598529709,2.5,15525.0
"Fixed 1000, designed",6,9,67,"D 1,2 -> 8,11",91,False,1.0,1725.0,1,False,0.2431257814470366,2.48,17250.0
"Fixed 1000, designed",6,10,51,"D 0,3 -> 8,11",91,False,1.0,1725.0,1,False,0.24312578146678004,2.53,18975.0
"Fixed 1000, designed",6,11,19,"D 0,1 -> 4,11",91,False,0.9807226128485216,1725.0,1,False,0.24312578146678004,2.53,20700.0
"Fixed 1000, designed",6,12,28,"D 0,1 -> 8,9",91,False,0.9999999983269772,1725.0,1,False,0.24312598981118821,2.42,22425.0
"Fixed 1000, designed",6,13,55,"D 1,2 -> 4,7",91,False,1.0,1725.0,1,False,0.24312598981118821,2.39,24150.0
"Fixed 1000, designed",6,14,41,"D 0,3 -> 4,11",91,False,0.9999999961305138,1725.0,1,False,0.24312598981118821,2.48,25875.0
"Fixed 1000, designed",6,15,51,"D 0,3 -> 8,11",91,False,1.0,1725.0,1,False,0.24312598981118821,2.53,27600.0
"Fixed 1000, designed",7,0,27,"D 0,1 -> 7,10",91,False,1.0,1725.0,1,False,0.24318730437372557,2.64,1725.0
"Fixed 1000, designed",7,1,41,"D 0,3 -> 4,11",91,False,0.9574172473197158,1725.0,1,False,0.24318730437372557,2.53,3450.0
"Fixed 1000, designed",7,2,18,"D 0,1 -> 4,9",91,False,1.0,1725.0,1,False,0.24315139024878285,2.52,5175.0
"Fixed 1000, designed",7,3,38,"D 0,3 -> 4,5",91,False,0.9904785285787471,1725.0,1,False,0.24315139024878285,2.52,6900.0
"Fixed 1000, designed",7,4,69,"D 1,2 -> 10,11",91,False,0.9702346785816135,1725.0,1,False,0.24315133439957876,2.54,8625.0
"Fixed 1000, designed",7,5,63,"D 1,2 -> 6,11",91,False,1.0,1725.0,1,False,0.2431338474961118,2.49,10350.0
"Fixed 1000, designed",7,6,25,"D 0,1 -> 6,11",91,False,1.0,1725.0,1,False,0.2431338474961118,2.51,12075.0
"Fixed 1000, designed",7,7,57,"D 1,2 -> 4,11",91,False,0.9725087901252956,1725.0,1,False,0.2431338474961118,2.48,13800.0
"Fixed 1000, designed",7,8,66,"D 1,2 -> 8,9",91,False,0.9362994624448636,1725.0,1,False,0.24312572419855566,2.5,15525.0
"Fixed 1000, designed",7,9,20,"D 0,1 -> 5,6",91,False,1.0,1725.0,1,False,0.24312307909801253,2.44,17250.0
"Fixed 1000, designed",7,10,44,"D 0,3 -> 5,10",91,False,0.9740744492954297,1725.0,1,False,0.24312307909801253,2.51,18975.0
"Fixed 1000, designed",7,11,72,"D 1,3 -> 5,11",91,False,0.9845641035975692,1725.0,1,False,0.24311649602730664,2.44,20700.0
"Fixed 1000, designed",7,12,30,"D 0,1 -> 9,10",91,False,1.0,1725.0,1,False,0.243107893679747,2.43,22425.0
"Fixed 1000, designed",7,13,35,"D 0,2 -> 6,8",91,False,1.0,1725.0,1,False,0.243107893679747,2.41,24150.0
"Fixed 1000, designed",7,14,52,"D 0,3 -> 9,10",91,False,1.0,1725.0,1,False,0.243107893679747,2.49,25875.0
"Fixed 1000, designed",7,15,73,"D 1,3 -> 7,9",91,False,1.0,1725.0,1,False,0.243107893679747,2.5,27600.0
"Fixed 1000, designed",8,0,40,"D 0,3 -> 4,9",91,False,1.0,1725.0,1,False,0.24318730437372557,2.57,1725.0
"Fixed 1000, designed",8,1,57,"D 1,2 -> 4,11",91,False,0.973271699475823,1725.0,1,False,0.24318730437372557,2.51,3450.0
"Fixed 1000, designed",8,2,23,"D 0,1 -> 6,7",91,False,0.9195535071774247,1725.0,1,False,0.24317989320160047,2.53,5175.0
"Fixed 1000, designed",8,3,61,"D 1,2 -> 6,7",91,False,0.9348094705687722,1725.0,1,False,0.2431798932895976,2.54,6900.0
"Fixed 1000, designed",8,4,70,"D 1,3 -> 5,7",91,False,1.0,1725.0,1,False,0.24317677257235992,2.57,8625.0
"Fixed 1000, designed",8,5,61,"D 1,2 -> 6,7",91,False,0.9999999998965948,1725.0,1,False,0.24317677257235992,2.51,10350.0
"Fixed 1000, designed",8,6,18,"D 0,1 -> 4,9",91,False,1.0,1725.0,1,False,0.24317677257235992,2.54,12075.0
"Fixed 1000, designed",8,7,19,"D 0,1 -> 4,11",91,False,0.980227035547039,1725.0,1,False,0.24317677257235992,2.51,13800.0
"Fixed 1000, designed",8,8,49,"D 0,3 -> 7,10",91,False,1.0,1725.0,1,False,0.24317682915894184,2.52,15525.0
"Fixed 1000, designed",8,9,70,"D 1,3 -> 5,7",91,False,1.0,1725.0,1,False,0.24317682916064104,2.5,17250.0
"Fixed 1000, designed",8,10,75,"D 1,3 -> 9,11",91,False,1.0,1725.0,1,False,0.2431768291611286,2.5,18975.0
"Fixed 1000, designed",8,11,20,"D 0,1 -> 5,6",91,False,1.0,1725.0,1,False,0.2431768291611286,2.53,20700.0
"Fixed 1000, designed",8,12,19,"D 0,1 -> 4,11",91,False,0.9999999836293406,1725.0,1,False,0.2431768291611286,2.47,22425.0
"Fixed 1000, designed",8,13,40,"D 0,3 -> 4,9",91,False,1.0,1725.0,1,False,0.2431768291611286,2.46,24150.0
"Fixed 1000, designed",8,14,5,S 1 -> 7,91,False,1.0,1725.0,1,False,0.2431768291611286,2.51,25875.0
"Fixed 1000, designed",8,15,21,"D 0,1 -> 5,8",91,False,1.0,1725.0,1,False,0.2431768291611286,2.54,27600.0
"Fixed 1000, designed",9,0,26,"D 0,1 -> 7,8",91,False,1.0,1725.0,1,False,0.24318730437372557,2.56,1725.0
"Fixed 1000, designed",9,1,24,"D 0,1 -> 6,9",91,False,1.0,1725.0,1,False,0.24318730437372557,2.51,3450.0
"Fixed 1000, designed",9,2,59,"D 1,2 -> 5,8",91,False,1.0,1725.0,1,False,0.24318730437372557,2.51,5175.0
"Fixed 1000, designed",9,3,64,"D 1,2 -> 7,8",91,False,1.0,1725.0,1,False,0.24318730437372557,2.53,6900.0
"Fixed 1000, designed",9,4,59,"D 1,2 -> 5,8",91,False,1.0,1725.0,1,False,0.24318730437372557,2.55,8625.0
"Fixed 1000, designed",9,5,49,"D 0,3 -> 7,10",91,False,1.0,1725.0,1,False,0.24318730437372557,2.52,10350.0
"Fixed 1000, designed",9,6,6,S 1 -> 9,91,False,1.0,1725.0,1,False,0.24318730437372557,2.55,12075.0
"Fixed 1000, designed",9,7,68,"D 1,2 -> 9,10",91,False,1.0,1725.0,1,False,0.24318730437372557,2.51,13800.0
"Fixed 1000, designed",9,8,20,"D 0,1 -> 5,6",91,False,1.0,1725.0,1,False,0.24318730437372557,2.51,15525.0
"Fixed 1000, designed",9,9,33,"D 0,2 -> 4,8",91,False,1.0,1725.0,1,False,0.24318730437372557,2.46,17250.0
"Fixed 1000, designed",9,10,21,"D 0,1 -> 5,8",91,False,1.0,1725.0,1,False,0.24318730437372557,2.47,18975.0
"Fixed 1000, designed",9,11,6,S 1 -> 9,91,False,1.0,1725.0,1,False,0.24318730437372557,2.49,20700.0
"Fixed 1000, designed",9,12,67,"D 1,2 -> 8,11",91,False,1.0,1725.0,1,False,0.24318730437372557,2.45,22425.0
"Fixed 1000, designed",9,13,17,"D 0,1 -> 4,7",91,False,1.0,1725.0,1,False,0.24318730437372557,2.56,24150.0
"Fixed 1000, designed",9,14,43,"D 0,3 -> 5,8",91,False,1.0,1725.0,1,False,0.24318730437372557,2.54,25875.0
"Fixed 1000, designed",9,15,58,"D 1,2 -> 5,6",91,False,1.0,1725.0,1,False,0.24318730437372557,2.61,27600.0
"Fixed 1000, designed",10,0,23,"D 0,1 -> 6,7",91,False,0.9195557764466734,1725.0,1,False,0.24318730437372557,2.74,1725.0
"Fixed 1000, designed",10,1,36,"D 0,2 -> 6,10",91,False,1.0,1725.0,1,False,0.2431873043737256,2.64,3450.0
"Fixed 1000, designed",10,2,24,"D 0,1 -> 6,9",91,False,1.0,1725.0,1,False,0.2431873043737256,2.66,5175.0
"Fixed 1000, designed",10,3,69,"D 1,2 -> 10,11",91,False,0.970239069570766,1725.0,1,False,0.2431873043737256,2.49,6900.0
"Fixed 1000, designed",10,4,60,"D 1,2 -> 5,10",91,False,0.957340621855526,1725.0,1,False,0.2431697753106582,2.45,8625.0
"Fixed 1000, designed",10,5,68,"D 1,2 -> 9,10",91,False,1.0,1725.0,1,False,0.243133728149165,2.5,10350.0
"Fixed 1000, designed",10,6,45,"D 0,3 -> 6,7",91,False,0.9348818936551627,1725.0,1,False,0.243133728149165,2.55,12075.0
"Fixed 1000, designed",10,7,58,"D 1,2 -> 5,6",91,False,1.0,1725.0,1,False,0.24313068349221562,2.5,13800.0
"Fixed 1000, designed",10,8,70,"D 1,3 -> 5,7",91,False,1.0,1725.0,1,False,0.24313068349221562,2.5,15525.0
"Fixed 1000, designed",10,9,20,"D 0,1 -> 5,6",91,False,1.0,1725.0,1,False,0.24313068349221562,2.53,17250.0
"Fixed 1000, designed",10,10,69,"D 1,2 -> 10,11",91,False,0.9999999999797895,1725.0,1,False,0.24313068349221562,2.51,18975.0
"Fixed 1000, designed",10,11,69,"D 1,2 -> 10,11",91,False,0.9999999999797895,1725.0,1,False,0.24313068349221562,2.58,20700.0
"Fixed 1000, designed",10,12,17,"D 0,1 -> 4,7",91,False,1.0,1725.0,1,False,0.24313068349221562,2.44,22425.0
"Fixed 1000, designed",10,13,68,"D 1,2 -> 9,10",91,False,1.0,1725.0,1,False,0.24313068349221562,2.37,24150.0
"Fixed 1000, designed",10,14,60,"D 1,2 -> 5,10",91,False,0.9999999999672571,1725.0,1,False,0.24313068349221562,2.54,25875.0
"Fixed 1000, designed",10,15,18,"D 0,1 -> 4,9",91,False,1.0,1725.0,1,False,0.24313068349221562,2.53,27600.0
"Fixed 1000, designed",11,0,25,"D 0,1 -> 6,11",91,False,1.0,1725.0,1,False,0.24318730437372557,2.76,1725.0
"Fixed 1000, designed",11,1,19,"D 0,1 -> 4,11",91,False,0.9789237613416715,1725.0,1,False,0.24318730437372557,2.69,3450.0
"Fixed 1000, designed",11,2,17,"D 0,1 -> 4,7",91,False,1.0,1725.0,1,False,0.24318725313184614,2.62,5175.0
"Fixed 1000, designed",11,3,25,"D 0,1 -> 6,11",91,False,1.0,1725.0,1,False,0.24318725313184614,2.5,6900.0
"Fixed 1000, designed",11,4,73,"D 1,3 -> 7,9",91,False,1.0,1725.0,1,False,0.24318725313184614,2.48,8625.0
"Fixed 1000, designed",11,5,42,"D 0,3 -> 5,6",91,False,1.0,1725.0,1,False,0.24318725313184614,2.52,10350.0
"Fixed 1000, designed",11,6,28,"D 0,1 -> 8,9",91,False,0.9195816015054895,1725.0,1,False,0.24318725313184614,2.48,12075.0
"Fixed 1000, designed",11,7,57,"D 1,2 -> 4,11",91,False,0.9736332635852417,1725.0,1,False,0.24318725361956592,2.47,13800.0
"Fixed 1000, designed",11,8,29,"D 0,1 -> 8,11",91,False,1.0,1725.0,1,False,0.2431799496290279,2.48,15525.0
"Fixed 1000, designed",11,9,6,S 1 -> 9,91,False,1.0,1725.0,1,False,0.2431799496290279,2.48,17250.0
"Fixed 1000, designed",11,10,4,S 1 -> 5,91,False,0.9992477308808526,1725.0,1,False,0.2431799496290279,2.47,18975.0
"Fixed 1000, designed",11,11,6,S 1 -> 9,91,False,1.0,1725.0,1,False,0.2431799507823257,2.46,20700.0
"Fixed 1000, designed",11,12,62,"D 1,2 -> 6,9",91,False,1.0,1725.0,1,False,0.2431799507823257,2.39,22425.0
"Fixed 1000, designed",11,13,29,"D 0,1 -> 8,11",91,False,1.0,1725.0,1,False,0.2431799507823257,2.4,24150.0
"Fixed 1000, designed",11,14,55,"D 1,2 -> 4,7",91,False,1.0,1725.0,1,False,0.2431799507823257,2.48,25875.0
"Fixed 1000, designed",11,15,69,"D 1,2 -> 10,11",91,False,0.9692915488234142,1725.0,1,False,0.2431799507823257,2.43,27600.0
"Fixed 1000, designed",12,0,41,"D 0,3 -> 4,11",91,False,0.9574172473197158,1725.0,1,False,0.24318730437372557,2.52,1725.0
"Fixed 1000, designed",12,1,73,"D 1,3 -> 7,9",91,False,1.0,1725.0,1,False,0.24315139024878285,2.44,3450.0
"Fixed 1000, designed",12,2,30,"D 0,1 -> 9,10",91,False,1.0,1725.0,1,False,0.24315139024878285,2.43,5175.0
"Fixed 1000, designed",12,3,2,S 0 -> 8,91,False,1.0,1725.0,1,False,0.24315139024878285,2.45,6900.0
"Fixed 1000, designed",12,4,25,"D 0,1 -> 6,11",91,False,1.0,1725.0,1,False,0.24315139024878285,2.43,8625.0
"Fixed 1000, designed",12,5,33,"D 0,2 -> 4,8",91,False,1.0,1725.0,1,False,0.24315139024878285,2.42,10350.0
"Fixed 1000, designed",12,6,69,"D 1,2 -> 10,11",91,False,0.9702347391580239,1725.0,1,False,0.24315139024878285,2.44,12075.0
"Fixed 1000, designed",12,7,7,S 1 -> 11,91,False,0.9986494797243429,1725.0,1,False,0.24313390333170867,2.45,13800.0
"Fixed 1000, designed",12,8,31,"D 0,1 -> 10,11",91,False,0.9226819708374628,1725.0,1,False,0.2431338140286054,2.46,15525.0
"Fixed 1000, designed",12,9,21,"D 0,1 -> 5,8",91,False,1.0,1725.0,1,False,0.24309891299616435,2.45,17250.0
"Fixed 1000, designed",12,10,64,"D 1,2 -> 7,8",91,False,1.0,1725.0,1,False,0.24309891299616435,2.44,18975.0
"Fixed 1000, designed",12,11,48,"D 0,3 -> 7,8",91,False,1.0,1725.0,1,False,0.24309891299616435,2.54,20700.0
"Fixed 1000, designed",12,12,28,"D 0,1 -> 8,9",91,False,0.9197467908233612,1725.0,1,False,0.24309891299616435,2.47,22425.0
"Fixed 1000, designed",12,13,22,"D 0,1 -> 5,10",91,False,0.980702424320048,1725.0,1,False,0.24309910904060317,2.49,24150.0
"Fixed 1000, designed",12,14,7,S 1 -> 11,91,False,0.9999966044956251,1725.0,1,False,0.24309926917973604,2.59,25875.0
"Fixed 1000, designed",12,15,40,"D 0,3 -> 4,9",91,False,1.0,1725.0,1,False,0.24309926220027292,2.53,27600.0
"Fixed 1000, designed",13,0,55,"D 1,2 -> 4,7",91,False,1.0,1725.0,1,False,0.24318730437372557,2.65,1725.0
"Fixed 1000, designed",13,1,37,"D 0,2 -> 8,10",91,False,1.0,1725.0,1,False,0.24318730437372557,2.5,3450.0
"Fixed 1000, designed",13,2,38,"D 0,3 -> 4,5",91,False,0.9904029254757726,1725.0,1,False,0.24318730437372557,2.42,5175.0
"Fixed 1000, designed",13,3,45,"D 0,3 -> 6,7",91,False,0.9360068400915978,1725.0,1,False,0.24318723161189013,2.43,6900.0
"Fixed 1000, designed",13,4,42,"D 0,3 -> 5,6",91,False,1.0,1725.0,1,False,0.2431843094317225,2.45,8625.0
"Fixed 1000, designed",13,5,72,"D 1,3 -> 5,11",91,False,0.9841326367932913,1725.0,1,False,0.2431843094317225,2.42,10350.0
"Fixed 1000, designed",13,6,4,S 1 -> 5,91,False,0.9996842420977403,1725.0,1,False,0.243175179243756,2.42,12075.0
"Fixed 1000, designed",13,7,4,S 1 -> 5,91,False,0.9999999999867728,1725.0,1,False,0.2431751728890768,2.42,13800.0
"Fixed 1000, designed",13,8,19,"D 0,1 -> 4,11",91,False,0.9789431440038976,1725.0,1,False,0.2431751728890768,2.42,15525.0
"Fixed 1000, designed",13,9,24,"D 0,1 -> 6,9",91,False,1.0,1725.0,1,False,0.24317511986358986,2.43,17250.0
"Fixed 1000, designed",13,10,24,"D 0,1 -> 6,9",91,False,1.0,1725.0,1,False,0.2431751198625355,2.46,18975.0
"Fixed 1000, designed",13,11,1,S 0 -> 6,91,False,1.0,1725.0,1,False,0.2431751198625355,2.7,20700.0
"Fixed 1000, designed",13,12,31,"D 0,1 -> 10,11",91,False,0.9243074620585202,1725.0,1,False,0.2431751198625355,2.73,22425.0
"Fixed 1000, designed",13,13,60,"D 1,2 -> 5,10",91,False,0.9582884273662464,1725.0,1,False,0.24314164680303532,2.42,24150.0
"Fixed 1000, designed",13,14,27,"D 0,1 -> 7,10",91,False,1.0,1725.0,1,False,0.24310765996835126,2.49,25875.0
"Fixed 1000, designed",13,15,22,"D 0,1 -> 5,10",91,False,0.9824672517180243,1725.0,1,False,0.2431076598322153,2.52,27600.0
"Fixed 1000, designed",14,0,69,"D 1,2 -> 10,11",91,False,0.9702389746499549,1725.0,1,False,0.24318730437372557,2.63,1725.0
"Fixed 1000, designed",14,1,48,"D 0,3 -> 7,8",91,False,1.0,1725.0,1,False,0.24316981716098146,2.49,3450.0
"Fixed 1000, designed",14,2,5,S 1 -> 7,91,False,1.0,1725.0,1,False,0.24316981708083635,2.45,5175.0
"Fixed 1000, designed",14,3,21,"D 0,1 -> 5,8",91,False,1.0,1725.0,1,False,0.24316981708083635,2.48,6900.0
"Fixed 1000, designed",14,4,68,"D 1,2 -> 9,10",91,False,1.0,1725.0,1,False,0.24316981708083635,2.45,8625.0
"Fixed 1000, designed",14,5,51,"D 0,3 -> 8,11",91,False,1.0,1725.0,1,False,0.24316981708083635,2.51,10350.0
"Fixed 1000, designed",14,6,28,"D 0,1 -> 8,9",91,False,0.9195501764464242,1725.0,1,False,0.24316981708083635,2.48,12075.0
"Fixed 1000, designed",14,7,30,"D 0,1 -> 9,10",91,False,1.0,1725.0,1,False,0.24316977517201935,2.48,13800.0
"Fixed 1000, designed",14,8,28,"D 0,1 -> 8,9",91,False,0.9999999988861696,1725.0,1,False,0.24316977517201935,2.5,15525.0
"Fixed 1000, designed",14,9,24,"D 0,1 -> 6,9",91,False,1.0,1725.0,1,False,0.24316977517201935,2.49,17250.0
"Fixed 1000, designed",14,10,6,S 1 -> 9,91,False,1.0,1725.0,1,False,0.24316977517201935,2.39,18975.0
"Fixed 1000, designed",14,11,20,"D 0,1 -> 5,6",91,False,1.0,1725.0,1,False,0.24316977517201935,2.44,20700.0
"Fixed 1000, designed",14,12,33,"D 0,2 -> 4,8",91,False,1.0,1725.0,1,False,0.24316977517201935,2.39,22425.0
"Fixed 1000, designed",14,13,23,"D 0,1 -> 6,7",91,False,0.9197982001532743,1725.0,1,False,0.24316977517201935,2.48,24150.0
"Fixed 1000, designed",14,14,31,"D 0,1 -> 10,11",91,False,0.9231060548152836,1725.0,1,False,0.2431697336285533,2.49,25875.0
"Fixed 1000, designed",14,15,47,"D 0,3 -> 6,11",91,False,1.0,1725.0,1,False,0.24313520194920377,2.54,27600.0
"Fixed 1000, designed",15,0,66,"D 1,2 -> 8,9",91,False,0.9361890435024381,1725.0,1,False,0.24318730437372557,2.54,1725.0
"Fixed 1000, designed",15,1,26,"D 0,1 -> 7,8",91,False,1.0,1725.0,1,False,0.2431844191686683,2.55,3450.0
"Fixed 1000, designed",15,2,36,"D 0,2 -> 6,10",91,False,1.0,1725.0,1,False,0.2431844191686683,2.53,5175.0
"Fixed 1000, designed",15,3,26,"D 0,1 -> 7,8",91,False,1.0,1725.0,1,False,0.2431844191686683,2.53,6900.0
"Fixed 1000, designed",15,4,64,"D 1,2 -> 7,8",91,False,1.0,1725.0,1,False,0.2431844191686683,2.49,8625.0
"Fixed 1000, designed",15,5,75,"D 1,3 -> 9,11",91,False,1.0,1725.0,1,False,0.2431844191686683,2.43,10350.0
"Fixed 1000, designed",15,6,64,"D 1,2 -> 7,8",91,False,1.0,1725.0,1,False,0.2431844191686683,2.4,12075.0
"Fixed 1000, designed",15,7,6,S 1 -> 9,91,False,1.0,1725.0,1,False,0.2431844191686683,2.4,13800.0
"Fixed 1000, designed",15,8,59,"D 1,2 -> 5,8",91,False,1.0,1725.0,1,False,0.2431844191686683,2.39,15525.0
"Fixed 1000, designed",15,9,39,"D 0,3 -> 4,7",91,False,1.0,1725.0,1,False,0.2431844191686683,2.36,17250.0
"Fixed 1000, designed",15,10,5,S 1 -> 7,91,False,1.0,1725.0,1,False,0.2431844191686683,2.37,18975.0
"Fixed 1000, designed",15,11,7,S 1 -> 11,91,False,0.9995876763519882,1725.0,1,False,0.2431844191686683,2.41,20700.0
"Fixed 1000, designed",15,12,21,"D 0,1 -> 5,8",91,False,1.0,1725.0,1,False,0.2431844299387019,2.34,22425.0
"Fixed 1000, designed",15,13,70,"D 1,3 -> 5,7",91,False,1.0,1725.0,1,False,0.2431844299387019,2.32,24150.0
"Fixed 1000, designed",15,14,53,"D 0,3 -> 10,11",91,False,0.9702399053721167,1725.0,1,False,0.2431844299387019,2.22,25875.0
"Fixed 1000, designed",15,15,16,"D 0,1 -> 4,5",91,False,0.8248761544962915,1725.0,1,False,0.2431669444625554,2.16,27600.0
"Fixed 1000, designed",16,0,17,"D 0,1 -> 4,7",91,False,1.0,1725.0,1,False,0.24318730437372557,2.47,1725.0
"Fixed 1000, designed",16,1,7,S 1 -> 11,91,False,0.9999999924381954,1725.0,1,False,0.24318730437372557,2.51,3450.0
"Fixed 1000, designed",16,2,28,"D 0,1 -> 8,9",91,False,0.9195557764331902,1725.0,1,False,0.24318730437392957,2.5,5175.0
"Fixed 1000, designed",16,3,20,"D 0,1 -> 5,6",91,False,1.0,1725.0,1,False,0.2431873059941369,2.47,6900.0
"Fixed 1000, designed",16,4,23,"D 0,1 -> 6,7",91,False,0.9198036900388568,1725.0,1,False,0.2431873059941369,2.42,8625.0
"Fixed 1000, designed",16,5,61,"D 1,2 -> 6,7",91,False,0.9348994251578073,1725.0,1,False,0.24318730759941473,2.31,10350.0
"Fixed 1000, designed",16,6,71,"D 1,3 -> 5,9",91,False,1.0,1725.0,1,False,0.24318426511220306,2.29,12075.0
"Fixed 1000, designed",16,7,29,"D 0,1 -> 8,11",91,False,1.0,1725.0,1,False,0.24318426511220306,2.27,13800.0
"Fixed 1000, designed",16,8,21,"D 0,1 -> 5,8",91,False,1.0,1725.0,1,False,0.24318426511220306,2.26,15525.0
"Fixed 1000, designed",16,9,60,"D 1,2 -> 5,10",91,False,0.957207374384823,1725.0,1,False,0.24318426511220306,2.28,17250.0
"Fixed 1000, designed",16,10,27,"D 0,1 -> 7,10",91,False,1.0,1725.0,1,False,0.24314816181095353,2.33,18975.0
"Fixed 1000, designed",16,11,68,"D 1,2 -> 9,10",91,False,1.0,1725.0,1,False,0.24314816181095353,2.29,20700.0
"Fixed 1000, designed",16,12,50,"D 0,3 -> 8,9",91,False,0.9348897304804797,1725.0,1,False,0.24314816181095353,2.3,22425.0
"Fixed 1000, designed",16,13,39,"D 0,3 -> 4,7",91,False,1.0,1725.0,1,False,0.24314510769662429,2.22,24150.0
"Fixed 1000, designed",16,14,24,"D 0,1 -> 6,9",91,False,1.0,1725.0,1,False,0.24314510769170916,2.13,25875.0
"Fixed 1000, designed",16,15,30,"D 0,1 -> 9,10",91,False,1.0,1725.0,1,False,0.24314510769170916,2.3,27600.0
"Fixed 1000, designed",17,0,71,"D 1,3 -> 5,9",91,False,1.0,1725.0,1,False,0.24318730437372557,2.55,1725.0
"Fixed 1000, designed",17,1,0,S 0 -> 4,91,False,0.9999999934472216,1725.0,1,False,0.24318730437372557,2.56,3450.0
"Fixed 1000, designed",17,2,48,"D 0,3 -> 7,8",91,False,1.0,1725.0,1,False,0.24318730437372557,2.56,5175.0
"Fixed 1000, designed",17,3,7,S 1 -> 11,91,False,0.9999999924221656,1725.0,1,False,0.24318730437372557,2.57,6900.0
"Fixed 1000, designed",17,4,52,"D 0,3 -> 9,10",91,False,1.0,1725.0,1,False,0.24318730437393002,2.49,8625.0
"Fixed 1000, designed",17,5,29,"D 0,1 -> 8,11",91,False,1.0,1725.0,1,False,0.24318730437393002,2.41,10350.0
"Fixed 1000, designed",17,6,38,"D 0,3 -> 4,5",91,False,0.9904029256353679,1725.0,1,False,0.24318730437393002,2.35,12075.0
"Fixed 1000, designed",17,7,32,"D 0,2 -> 4,6",91,False,1.0,1725.0,1,False,0.24318723075488122,2.39,13800.0
"Fixed 1000, designed",17,8,19,"D 0,1 -> 4,11",91,False,0.9789442691836387,1725.0,1,False,0.24318723075299523,2.38,15525.0
"Fixed 1000, designed",17,9,54,"D 1,2 -> 4,5",91,False,0.990445374943311,1725.0,1,False,0.24318719276081102,2.45,17250.0
"Fixed 1000, designed",17,10,41,"D 0,3 -> 4,11",91,False,0.9577571739745627,1725.0,1,False,0.24318712691275765,2.37,18975.0
"Fixed 1000, designed",17,11,36,"D 0,2 -> 6,10",91,False,1.0,1725.0,1,False,0.24315143241594922,2.33,20700.0
"Fixed 1000, designed",17,12,51,"D 0,3 -> 8,11",91,False,1.0,1725.0,1,False,0.24315143241594922,2.31,22425.0
"Fixed 1000, designed",17,13,62,"D 1,2 -> 6,9",91,False,1.0,1725.0,1,False,0.24315143241594922,2.24,24150.0
"Fixed 1000, designed",17,14,60,"D 1,2 -> 5,10",91,False,0.9574087059142213,1725.0,1,False,0.24315143241594922,2.15,25875.0
"Fixed 1000, designed",17,15,35,"D 0,2 -> 6,8",91,False,1.0,1725.0,1,False,0.2431155217260348,2.25,27600.0
"Fixed 1000, designed",18,0,62,"D 1,2 -> 6,9",91,False,1.0,1725.0,1,False,0.24318730437372557,2.6,1725.0
"Fixed 1000, designed",18,1,53,"D 0,3 -> 10,11",91,False,0.9702389746499549,1725.0,1,False,0.24318730437372557,2.55,3450.0
"Fixed 1000, designed",18,2,50,"D 0,3 -> 8,9",91,False,0.9363914880752244,1725.0,1,False,0.24316981716098146,2.57,5175.0
"Fixed 1000, designed",18,3,25,"D 0,1 -> 6,11",91,False,1.0,1725.0,1,False,0.24316723445978783,2.51,6900.0
"Fixed 1000, designed",18,4,62,"D 1,2 -> 6,9",91,False,1.0,1725.0,1,False,0.24316723445978783,2.39,8625.0
"Fixed 1000, designed",18,5,60,"D 1,2 -> 5,10",91,False,0.9574138276331852,1725.0,1,False,0.24316723445978783,2.34,10350.0
"Fixed 1000, designed",18,6,28,"D 0,1 -> 8,9",91,False,0.9170520004607096,1725.0,1,False,0.24313132141619687,2.36,12075.0
"Fixed 1000, designed",18,7,0,S 0 -> 4,91,False,0.9997841396481085,1725.0,1,False,0.24313111594411968,2.38,13800.0
"Fixed 1000, designed",18,8,30,"D 0,1 -> 9,10",91,False,1.0,1725.0,1,False,0.24313111880032579,2.36,15525.0
"Fixed 1000, designed",18,9,2,S 0 -> 8,91,False,1.0,1725.0,1,False,0.24313111880032579,2.38,17250.0
"Fixed 1000, designed",18,10,55,"D 1,2 -> 4,7",91,False,1.0,1725.0,1,False,0.24313111880032579,2.39,18975.0
"Fixed 1000, designed",18,11,16,"D 0,1 -> 4,5",91,False,0.8255929409428665,1725.0,1,False,0.24313111880032579,2.37,20700.0
"Fixed 1000, designed",18,12,18,"D 0,1 -> 4,9",91,False,1.0,1725.0,1,False,0.24313150519640817,2.32,22425.0
"Fixed 1000, designed",18,13,71,"D 1,3 -> 5,9",91,False,1.0,1725.0,1,False,0.24313150519640817,2.25,24150.0
"Fixed 1000, designed",18,14,30,"D 0,1 -> 9,10",91,False,1.0,1725.0,1,False,0.24313150519640817,2.18,25875.0
"Fixed 1000, designed",18,15,31,"D 0,1 -> 10,11",91,False,0.9247912706129452,1725.0,1,False,0.24313150519640817,2.16,27600.0
"Fixed 1000, designed",19,0,30,"D 0,1 -> 9,10",91,False,1.0,1725.0,1,False,0.24318730437372557,2.45,1725.0
"Fixed 1000, designed",19,1,20,"D 0,1 -> 5,6",91,False,1.0,1725.0,1,False,0.24318730437372557,2.47,3450.0
"Fixed 1000, designed",19,2,63,"D 1,2 -> 6,11",91,False,1.0,1725.0,1,False,0.24318730437372557,2.45,5175.0
"Fixed 1000, designed",19,3,3,S 0 -> 10,91,False,0.9999999924381955,1725.0,1,False,0.24318730437372557,2.43,6900.0
"Fixed 1000, designed",19,4,42,"D 0,3 -> 5,6",91,False,1.0,1725.0,1,False,0.24318730437392957,2.35,8625.0
"Fixed 1000, designed",19,5,28,"D 0,1 -> 8,9",91,False,0.9195557764331902,1725.0,1,False,0.24318730437392957,2.29,10350.0
"Fixed 1000, designed",19,6,62,"D 1,2 -> 6,9",91,False,1.0,1725.0,1,False,0.2431873059941369,2.28,12075.0
"Fixed 1000, designed",19,7,47,"D 0,3 -> 6,11",91,False,1.0,1725.0,1,False,0.2431873059941369,2.31,13800.0
"Fixed 1000, designed",19,8,39,"D 0,3 -> 4,7",91,False,1.0,1725.0,1,False,0.2431873059941369,2.27,15525.0
"Fixed 1000, designed",19,9,26,"D 0,1 -> 7,8",91,False,1.0,1725.0,1,False,0.2431873059941369,2.32,17250.0
"Fixed 1000, designed",19,10,29,"D 0,1 -> 8,11",91,False,1.0,1725.0,1,False,0.2431873059941369,2.3,18975.0
"Fixed 1000, designed",19,11,2,S 0 -> 8,91,False,1.0,1725.0,1,False,0.2431873059941369,2.3,20700.0
"Fixed 1000, designed",19,12,64,"D 1,2 -> 7,8",91,False,1.0,1725.0,1,False,0.2431873059941369,2.29,22425.0
"Fixed 1000, designed",19,13,22,"D 0,1 -> 5,10",91,False,0.9790207574183575,1725.0,1,False,0.2431873059941369,2.26,24150.0
"Fixed 1000, designed",19,14,17,"D 0,1 -> 4,7",91,False,1.0,1725.0,1,False,0.24318726853511985,2.2,25875.0
"Fixed 1000, designed",19,15,25,"D 0,1 -> 6,11",91,False,1.0,1725.0,1,False,0.2431872685349443,2.12,27600.0
"Fixed 1000, designed",20,0,61,"D 1,2 -> 6,7",91,False,0.936189043502438,1725.0,1,False,0.24318730437372557,2.52,1725.0
"Fixed 1000, designed",20,1,19,"D 0,1 -> 4,11",91,False,0.9789237613416715,1725.0,1,False,0.2431844191686683,2.54,3450.0
"Fixed 1000, designed",20,2,43,"D 0,3 -> 5,8",91,False,1.0,1725.0,1,False,0.2431843679315103,2.53,5175.0
"Fixed 1000, designed",20,3,70,"D 1,3 -> 5,7",91,False,1.0,1725.0,1,False,0.2431843679315103,2.53,6900.0
"Fixed 1000, designed",20,4,39,"D 0,3 -> 4,7",91,False,1.0,1725.0,1,False,0.2431843679315103,2.43,8625.0
"Fixed 1000, designed",20,5,18,"D 0,1 -> 4,9",91,False,1.0,1725.0,1,False,0.2431843679315103,2.36,10350.0
"Fixed 1000, designed",20,6,43,"D 0,3 -> 5,8",91,False,1.0,1725.0,1,False,0.2431843679315103,2.32,12075.0
"Fixed 1000, designed",20,7,63,"D 1,2 -> 6,11",91,False,1.0,1725.0,1,False,0.2431843679315103,2.34,13800.0
"Fixed 1000, designed",20,8,65,"D 1,2 -> 7,10",91,False,1.0,1725.0,1,False,0.2431843679315103,2.34,15525.0
"Fixed 1000, designed",20,9,5,S 1 -> 7,91,False,1.0,1725.0,1,False,0.2431843679315103,2.36,17250.0
"Fixed 1000, designed",20,10,5,S 1 -> 7,91,False,1.0,1725.0,1,False,0.2431843679315103,2.37,18975.0
"Fixed 1000, designed",20,11,69,"D 1,2 -> 10,11",91,False,0.9706806485728614,1725.0,1,False,0.2431843679315103,2.35,20700.0
"Fixed 1000, designed",20,12,62,"D 1,2 -> 6,9",91,False,1.0,1725.0,1,False,0.24316716568002938,2.3,22425.0
"Fixed 1000, designed",20,13,28,"D 0,1 -> 8,9",91,False,0.9195761982563644,1725.0,1,False,0.24316716568002938,2.28,24150.0
"Fixed 1000, designed",20,14,7,S 1 -> 11,91,False,0.999420952550395,1725.0,1,False,0.2431671250674718,2.18,25875.0
"Fixed 1000, designed",20,15,27,"D 0,1 -> 7,10",91,False,1.0,1725.0,1,False,0.24316708494382858,2.24,27600.0
"Fixed 1000, designed",21,0,19,"D 0,1 -> 4,11",91,False,0.9789237613416715,1725.0,1,False,0.24318730437372557,2.49,1725.0
"Fixed 1000, designed",21,1,60,"D 1,2 -> 5,10",91,False,0.9574172473197158,1725.0,1,False,0.24318725313184614,2.5,3450.0
"Fixed 1000, designed",21,2,47,"D 0,3 -> 6,11",91,False,1.0,1725.0,1,False,0.24315133956293788,2.48,5175.0
"Fixed 1000, designed",21,3,57,"D 1,2 -> 4,11",91,False,0.9747430023809546,1725.0,1,False,0.2431513390554094,2.49,6900.0
"Fixed 1000, designed",21,4,32,"D 0,2 -> 4,6",91,False,1.0,1725.0,1,False,0.24314495635667988,2.36,8625.0
"Fixed 1000, designed",21,5,1,S 0 -> 6,91,False,1.0,1725.0,1,False,0.24314495635667988,2.32,10350.0
"Fixed 1000, designed",21,6,7,S 1 -> 11,91,False,0.9972245644936435,1725.0,1,False,0.24314495635667988,2.32,12075.0
"Fixed 1000, designed",21,7,53,"D 0,3 -> 10,11",91,False,0.9702345057075591,1725.0,1,False,0.2431449560289619,2.3,13800.0
"Fixed 1000, designed",21,8,38,"D 0,3 -> 4,5",91,False,0.9896938913012033,1725.0,1,False,0.2431274695258803,2.42,15525.0
"Fixed 1000, designed",21,9,57,"D 1,2 -> 4,11",91,False,0.9999999477698883,1725.0,1,False,0.24312721476757326,2.35,17250.0
"Fixed 1000, designed",21,10,71,"D 1,3 -> 5,9",91,False,1.0,1725.0,1,False,0.24312721476444865,2.31,18975.0
"Fixed 1000, designed",21,11,39,"D 0,3 -> 4,7",91,False,1.0,1725.0,1,False,0.24312721476444865,2.32,20700.0
"Fixed 1000, designed",21,12,61,"D 1,2 -> 6,7",91,False,0.9359473407143368,1725.0,1,False,0.24312721476444865,2.27,22425.0
"Fixed 1000, designed",21,13,71,"D 1,3 -> 5,9",91,False,1.0,1725.0,1,False,0.24312409179113048,2.22,24150.0
"Fixed 1000, designed",21,14,41,"D 0,3 -> 4,11",91,False,0.9577886700404263,1725.0,1,False,0.24312409179113048,2.1,25875.0
"Fixed 1000, designed",21,15,16,"D 0,1 -> 4,5",91,False,0.8257594458476377,1725.0,1,False,0.24308847656134636,2.24,27600.0
"Fixed 1000, designed",22,0,18,"D 0,1 -> 4,9",91,False,1.0,1725.0,1,False,0.24318730437372557,2.54,1725.0
"Fixed 1000, designed",22,1,67,"D 1,2 -> 8,11",91,False,1.0,1725.0,1,False,0.24318730437372557,2.54,3450.0
"Fixed 1000, designed",22,2,41,"D 0,3 -> 4,11",91,False,0.9574172473197158,1725.0,1,False,0.24318730437372557,2.5,5175.0
"Fixed 1000, designed",22,3,7,S 1 -> 11,91,False,0.999768036328523,1725.0,1,False,0.24315139024878285,2.49,6900.0
"Fixed 1000, designed",22,4,18,"D 0,1 -> 4,9",91,False,1.0,1725.0,1,False,0.24315139539649774,2.36,8625.0
"Fixed 1000, designed",22,5,20,"D 0,1 -> 5,6",91,False,1.0,1725.0,1,False,0.24315139539649774,2.34,10350.0
"Fixed 1000, designed",22,6,29,"D 0,1 -> 8,11",91,False,1.0,1725.0,1,False,0.24315139539649774,2.31,12075.0
"Fixed 1000, designed",22,7,23,"D 0,1 -> 6,7",91,False,0.9195439139391042,1725.0,1,False,0.24315139539649774,2.34,13800.0
"Fixed 1000, designed",22,8,27,"D 0,1 -> 7,10",91,False,1.0,1725.0,1,False,0.24315139711847822,2.42,15525.0
"Fixed 1000, designed",22,9,29,"D 0,1 -> 8,11",91,False,1.0,1725.0,1,False,0.24315139711847822,2.33,17250.0
"Fixed 1000, designed",22,10,18,"D 0,1 -> 4,9",91,False,1.0,1725.0,1,False,0.24315139711847822,2.3,18975.0
"Fixed 1000, designed",22,11,19,"D 0,1 -> 4,11",91,False,0.9807492593191208,1725.0,1,False,0.24315139711847822,2.29,20700.0
"Fixed 1000, designed",22,12,2,S 0 -> 8,91,False,1.0,1725.0,1,False,0.24315164028090483,2.25,22425.0
"Fixed 1000, designed",22,13,64,"D 1,2 -> 7,8",91,False,1.0,1725.0,1,False,0.24315164028090483,2.22,24150.0
"Fixed 1000, designed",22,14,51,"D 0,3 -> 8,11",91,False,1.0,1725.0,1,False,0.24315164028090483,2.2,25875.0
"Fixed 1000, designed",22,15,2,S 0 -> 8,91,False,1.0,1725.0,1,False,0.24315164028090483,2.25,27600.0
"Fixed 1000, designed",23,0,0,S 0 -> 4,91,False,0.9999999934472216,1725.0,1,False,0.24318730437372557,2.48,1725.0
"Fixed 1000, designed",23,1,17,"D 0,1 -> 4,7",91,False,1.0,1725.0,1,False,0.24318730437372557,2.46,3450.0
"Fixed 1000, designed",23,2,6,S 1 -> 9,91,False,1.0,1725.0,1,False,0.24318730437372557,2.43,5175.0
"Fixed 1000, designed",23,3,27,"D 0,1 -> 7,10",91,False,1.0,1725.0,1,False,0.24318730437372557,2.42,6900.0
"Fixed 1000, designed",23,4,24,"D 0,1 -> 6,9",91,False,1.0,1725.0,1,False,0.24318730437372557,2.31,8625.0
"Fixed 1000, designed",23,5,69,"D 1,2 -> 10,11",91,False,0.9702389746499549,1725.0,1,False,0.24318730437372557,2.28,10350.0
"Fixed 1000, designed",23,6,17,"D 0,1 -> 4,7",91,False,1.0,1725.0,1,False,0.24316981700572948,2.28,12075.0
"Fixed 1000, designed",23,7,65,"D 1,2 -> 7,10",91,False,1.0,1725.0,1,False,0.24316981700572948,2.27,13800.0
"Fixed 1000, designed",23,8,23,"D 0,1 -> 6,7",91,False,0.919550188297512,1725.0,1,False,0.24316981700572948,2.32,15525.0
"Fixed 1000, designed",23,9,21,"D 0,1 -> 5,8",91,False,1.0,1725.0,1,False,0.24316977583726168,2.32,17250.0
"Fixed 1000, designed",23,10,1,S 0 -> 6,91,False,1.0,1725.0,1,False,0.24316977583726168,2.36,18975.0
"Fixed 1000, designed",23,11,34,"D 0,2 -> 4,10",91,False,0.9841097938516571,1725.0,1,False,0.24316977583726168,2.33,20700.0
"Fixed 1000, designed",23,12,60,"D 1,2 -> 5,10",91,False,0.9574906149077519,1725.0,1,False,0.2431606187501466,2.27,22425.0
"Fixed 1000, designed",23,13,18,"D 0,1 -> 4,9",91,False,1.0,1725.0,1,False,0.2431249403092143,2.24,24150.0
"Fixed 1000, designed",23,14,21,"D 0,1 -> 5,8",91,False,1.0,1725.0,1,False,0.24312494000989035,2.19,25875.0
"Fixed 1000, designed",23,15,74,"D 1,3 -> 7,11",91,False,1.0,1725.0,1,False,0.2431249399549946,2.26,27600.0
"Fixed 1000, designed",24,0,68,"D 1,2 -> 9,10",91,False,1.0,1725.0,1,False,0.24318730437372557,2.56,1725.0
"Fixed 1000, designed",24,1,22,"D 0,1 -> 5,10",91,False,0.9789237613416715,1725.0,1,False,0.24318730437372557,2.56,3450.0
"Fixed 1000, designed",24,2,5,S 1 -> 7,91,False,1.0,1725.0,1,False,0.24318725313251685,2.55,5175.0
"Fixed 1000, designed",24,3,7,S 1 -> 11,91,False,0.9999759431191138,1725.0,1,False,0.24318725313251685,2.56,6900.0
"Fixed 1000, designed",24,4,57,"D 1,2 -> 4,11",91,False,0.9732705134935187,1725.0,1,False,0.2431872537794608,2.36,8625.0
"Fixed 1000, designed",24,5,26,"D 0,1 -> 7,8",91,False,1.0,1725.0,1,False,0.24317985803752337,2.37,10350.0
"Fixed 1000, designed",24,6,37,"D 0,2 -> 8,10",91,False,1.0,1725.0,1,False,0.24317985803752337,2.33,12075.0
"Fixed 1000, designed",24,7,21,"D 0,1 -> 5,8",91,False,1.0,1725.0,1,False,0.24317985803752337,2.32,13800.0
"Fixed 1000, designed",24,8,28,"D 0,1 -> 8,9",91,False,0.9195767946647607,1725.0,1,False,0.24317985803752337,2.3,15525.0
"Fixed 1000, designed",24,9,0,S 0 -> 4,91,False,0.9997744986428305,1725.0,1,False,0.24317985923128843,2.29,17250.0
"Fixed 1000, designed",24,10,42,"D 0,3 -> 5,6",91,False,1.0,1725.0,1,False,0.24317985928573366,2.3,18975.0
"Fixed 1000, designed",24,11,52,"D 0,3 -> 9,10",91,False,1.0,1725.0,1,False,0.2431798592832018,2.3,20700.0
"Fixed 1000, designed",24,12,27,"D 0,1 -> 7,10",91,False,1.0,1725.0,1,False,0.24317985928149577,2.27,22425.0
"Fixed 1000, designed",24,13,38,"D 0,3 -> 4,5",91,False,0.9904057424695618,1725.0,1,False,0.2431798592811348,2.22,24150.0
"Fixed 1000, designed",24,14,67,"D 1,2 -> 8,11",91,False,1.0,1725.0,1,False,0.24317978508868504,2.13,25875.0
"Fixed 1000, designed",24,15,36,"D 0,2 -> 6,10",91,False,1.0,1725.0,1,False,0.24317978508868504,2.24,27600.0
"Fixed 1000, designed",25,0,35,"D 0,2 -> 6,8",91,False,1.0,1725.0,1,False,0.24318730437372557,2.53,1725.0
"Fixed 1000, designed",25,1,17,"D 0,1 -> 4,7",91,False,1.0,1725.0,1,False,0.24318730437372557,2.54,3450.0
"Fixed 1000, designed",25,2,7,S 1 -> 11,91,False,0.9999999924381954,1725.0,1,False,0.24318730437372557,2.49,5175.0
"Fixed 1000, designed",25,3,41,"D 0,3 -> 4,11",91,False,0.9574172472795391,1725.0,1,False,0.24318730437392957,2.5,6900.0
"Fixed 1000, designed",25,4,21,"D 0,1 -> 5,8",91,False,1.0,1725.0,1,False,0.243151395391143,2.39,8625.0
"Fixed 1000, designed",25,5,64,"D 1,2 -> 7,8",91,False,1.0,1725.0,1,False,0.243151395391143,2.28,10350.0
"Fixed 1000, designed",25,6,31,"D 0,1 -> 10,11",91,False,0.923868460964892,1725.0,1,False,0.243151395391143,2.31,12075.0
"Fixed 1000, designed",25,7,51,"D 0,3 -> 8,11",91,False,1.0,1725.0,1,False,0.24311779763062755,2.31,13800.0
"Fixed 1000, designed",25,8,69,"D 1,2 -> 10,11",91,False,0.9690211168495844,1725.0,1,False,0.24311779763062755,2.33,15525.0
"Fixed 1000, designed",25,9,57,"D 1,2 -> 4,11",91,False,0.9725692806818013,1725.0,1,False,0.24309891950694157,2.29,17250.0
"Fixed 1000, designed",25,10,6,S 1 -> 9,91,False,1.0,1725.0,1,False,0.2430908721764077,2.25,18975.0
"Fixed 1000, designed",25,11,72,"D 1,3 -> 5,11",91,False,0.9847224166713104,1725.0,1,False,0.2430908721764077,2.29,20700.0
"Fixed 1000, designed",25,12,27,"D 0,1 -> 7,10",91,False,1.0,1725.0,1,False,0.2430823690752629,2.27,22425.0
"Fixed 1000, designed",25,13,25,"D 0,1 -> 6,11",91,False,1.0,1725.0,1,False,0.2430823690752629,2.17,24150.0
"Fixed 1000, designed",25,14,39,"D 0,3 -> 4,7",91,False,1.0,1725.0,1,False,0.2430823690752629,2.09,25875.0
"Fixed 1000, designed",25,15,63,"D 1,2 -> 6,11",91,False,1.0,1725.0,1,False,0.2430823690752629,2.22,27600.0
"Fixed 1000, designed",26,0,18,"D 0,1 -> 4,9",91,False,1.0,1725.0,1,False,0.24318730437372557,2.5,1725.0
"Fixed 1000, designed",26,1,30,"D 0,1 -> 9,10",91,False,1.0,1725.0,1,False,0.24318730437372557,2.46,3450.0
"Fixed 1000, designed",26,2,19,"D 0,1 -> 4,11",91,False,0.9789237613416715,1725.0,1,False,0.24318730437372557,2.46,5175.0
"Fixed 1000, designed",26,3,61,"D 1,2 -> 6,7",91,False,0.936189043502438,1725.0,1,False,0.24318725313184614,2.46,6900.0
"Fixed 1000, designed",26,4,53,"D 0,3 -> 10,11",91,False,0.9702300212725972,1725.0,1,False,0.24318436792854525,2.32,8625.0
"Fixed 1000, designed",26,5,71,"D 1,3 -> 5,9",91,False,1.0,1725.0,1,False,0.24316687866234446,2.32,10350.0
"Fixed 1000, designed",26,6,59,"D 1,2 -> 5,8",91,False,1.0,1725.0,1,False,0.24316687866234446,2.33,12075.0
"Fixed 1000, designed",26,7,3,S 0 -> 10,91,False,0.9984376195794356,1725.0,1,False,0.24316687866234446,2.31,13800.0
"Fixed 1000, designed",26,8,19,"D 0,1 -> 4,11",91,False,0.9999999995929774,1725.0,1,False,0.24316676788044453,2.36,15525.0
"Fixed 1000, designed",26,9,69,"D 1,2 -> 10,11",91,False,0.9708050654124102,1725.0,1,False,0.24316676788044453,2.34,17250.0
"Fixed 1000, designed",26,10,25,"D 0,1 -> 6,11",91,False,1.0,1725.0,1,False,0.24314971398297744,2.3,18975.0
"Fixed 1000, designed",26,11,60,"D 1,2 -> 5,10",91,False,0.9571545137405408,1725.0,1,False,0.24314971397946056,2.3,20700.0
"Fixed 1000, designed",26,12,69,"D 1,2 -> 10,11",91,False,0.99999999056229,1725.0,1,False,0.2431135130118766,2.25,22425.0
"Fixed 1000, designed",26,13,64,"D 1,2 -> 7,8",91,False,1.0,1725.0,1,False,0.24311351268658804,2.21,24150.0
"Fixed 1000, designed",26,14,30,"D 0,1 -> 9,10",91,False,1.0,1725.0,1,False,0.24311351268658804,2.11,25875.0
"Fixed 1000, designed",26,15,52,"D 0,3 -> 9,10",91,False,1.0,1725.0,1,False,0.24311351268658804,2.27,27600.0
"Fixed 1000, designed",27,0,58,"D 1,2 -> 5,6",91,False,1.0,1725.0,1,False,0.24318730437372557,2.57,1725.0
"Fixed 1000, designed",27,1,60,"D 1,2 -> 5,10",91,False,0.9574172473197158,1725.0,1,False,0.24318730437372557,2.54,3450.0
"Fixed 1000, designed",27,2,44,"D 0,3 -> 5,10",91,False,0.9734682698620895,1725.0,1,False,0.24315139024878285,2.55,5175.0
"Fixed 1000, designed",27,3,21,"D 0,1 -> 5,8",91,False,1.0,1725.0,1,False,0.24314415155256727,2.5,6900.0
"Fixed 1000, designed",27,4,18,"D 0,1 -> 4,9",91,False,1.0,1725.0,1,False,0.24314415155256727,2.44,8625.0
"Fixed 1000, designed",27,5,40,"D 0,3 -> 4,9",91,False,1.0,1725.0,1,False,0.24314415155256727,2.4,10350.0
"Fixed 1000, designed",27,6,26,"D 0,1 -> 7,8",91,False,1.0,1725.0,1,False,0.24314415155256727,2.43,12075.0
"Fixed 1000, designed",27,7,39,"D 0,3 -> 4,7",91,False,1.0,1725.0,1,False,0.24314415155256727,2.38,13800.0
"Fixed 1000, designed",27,8,61,"D 1,2 -> 6,7",91,False,0.9360476557321549,1725.0,1,False,0.24314415155256727,2.35,15525.0
"Fixed 1000, designed",27,9,39,"D 0,3 -> 4,7",91,False,1.0,1725.0,1,False,0.24314108565954856,2.25,17250.0
"Fixed 1000, designed",27,10,42,"D 0,3 -> 5,6",91,False,1.0,1725.0,1,False,0.24314108565954856,2.25,18975.0
"Fixed 1000, designed",27,11,46,"D 0,3 -> 6,9",91,False,1.0,1725.0,1,False,0.24314108565954856,2.21,20700.0
"Fixed 1000, designed",27,12,51,"D 0,3 -> 8,11",91,False,1.0,1725.0,1,False,0.24314108565954856,2.23,22425.0
"Fixed 1000, designed",27,13,3,S 0 -> 10,91,False,0.9983873552238944,1725.0,1,False,0.24314108565954856,2.25,24150.0
"Fixed 1000, designed",27,14,66,"D 1,2 -> 8,9",91,False,0.9365259374630247,1725.0,1,False,0.2431411100052969,2.13,25875.0
"Fixed 1000, designed",27,15,41,"D 0,3 -> 4,11",91,False,0.958090137078699,1725.0,1,False,0.24313813244035484,2.31,27600.0
"Fixed 1000, designed",28,0,70,"D 1,3 -> 5,7",91,False,1.0,1725.0,1,False,0.24318730437372557,2.64,1725.0
"Fixed 1000, designed",28,1,63,"D 1,2 -> 6,11",91,False,1.0,1725.0,1,False,0.24318730437372557,2.51,3450.0
"Fixed 1000, designed",28,2,58,"D 1,2 -> 5,6",91,False,1.0,1725.0,1,False,0.24318730437372557,2.5,5175.0
"Fixed 1000, designed",28,3,28,"D 0,1 -> 8,9",91,False,0.9195557764466735,1725.0,1,False,0.24318730437372557,2.48,6900.0
"Fixed 1000, designed",28,4,0,S 0 -> 4,91,False,0.9998457069711613,1725.0,1,False,0.2431873043737256,2.34,8625.0
"Fixed 1000, designed",28,5,19,"D 0,1 -> 4,11",91,False,0.979021339139781,1725.0,1,False,0.24318730437372557,2.34,10350.0
"Fixed 1000, designed",28,6,27,"D 0,1 -> 7,10",91,False,1.0,1725.0,1,False,0.2431872535874319,2.33,12075.0
"Fixed 1000, designed",28,7,41,"D 0,3 -> 4,11",91,False,0.9577471690401842,1725.0,1,False,0.24318725358727153,2.3,13800.0
"Fixed 1000, designed",28,8,41,"D 0,3 -> 4,11",91,False,0.9999996727460206,1725.0,1,False,0.24315155148043416,2.41,15525.0
"Fixed 1000, designed",28,9,27,"D 0,1 -> 7,10",91,False,1.0,1725.0,1,False,0.24315155144675918,2.43,17250.0
"Fixed 1000, designed",28,10,1,S 0 -> 6,91,False,1.0,1725.0,1,False,0.24315155144675918,2.34,18975.0
"Fixed 1000, designed",28,11,39,"D 0,3 -> 4,7",91,False,1.0,1725.0,1,False,0.24315155144675918,2.27,20700.0
"Fixed 1000, designed",28,12,20,"D 0,1 -> 5,6",91,False,1.0,1725.0,1,False,0.24315155144675918,2.17,22425.0
"Fixed 1000, designed",28,13,41,"D 0,3 -> 4,11",91,False,0.9999997113524938,1725.0,1,False,0.24315155144675918,2.13,24150.0
"Fixed 1000, designed",28,14,48,"D 0,3 -> 7,8",91,False,1.0,1725.0,1,False,0.24315155144675918,2.31,25875.0
"Fixed 1000, designed",28,15,51,"D 0,3 -> 8,11",91,False,1.0,1725.0,1,False,0.24315155144675918,2.25,27600.0
"Fixed 1000, designed",29,0,74,"D 1,3 -> 7,11",91,False,1.0,1725.0,1,False,0.24318730437372557,2.76,1725.0
"Fixed 1000, designed",29,1,25,"D 0,1 -> 6,11",91,False,1.0,1725.0,1,False,0.24318730437372557,2.77,3450.0
"Fixed 1000, designed",29,2,19,"D 0,1 -> 4,11",91,False,0.9789237613416715,1725.0,1,False,0.24318730437372557,2.77,5175.0
"Fixed 1000, designed",29,3,5,S 1 -> 7,91,False,1.0,1725.0,1,False,0.24318725313184614,2.68,6900.0
"Fixed 1000, designed",29,4,74,"D 1,3 -> 7,11",91,False,1.0,1725.0,1,False,0.24318725313184614,2.59,8625.0
"Fixed 1000, designed",29,5,22,"D 0,1 -> 5,10",91,False,0.979143659936628,1725.0,1,False,0.24318725313184614,2.57,10350.0
"Fixed 1000, designed",29,6,38,"D 0,3 -> 4,5",91,False,0.9904320909280168,1725.0,1,False,0.2431872039955444,2.57,12075.0
"Fixed 1000, designed",29,7,2,S 0 -> 8,91,False,1.0,1725.0,1,False,0.24318713184154153,2.57,13800.0
"Fixed 1000, designed",29,8,36,"D 0,2 -> 6,10",91,False,1.0,1725.0,1,False,0.24318713184165638,2.59,15525.0
"Fixed 1000, designed",29,9,73,"D 1,3 -> 7,9",91,False,1.0,1725.0,1,False,0.24318713184157897,2.53,17250.0
"Fixed 1000, designed",29,10,18,"D 0,1 -> 4,9",91,False,1.0,1725.0,1,False,0.24318713184157897,2.55,18975.0
"Fixed 1000, designed",29,11,69,"D 1,2 -> 10,11",91,False,0.9702029336885734,1725.0,1,False,0.24318713184157897,2.51,20700.0
"Fixed 1000, designed",29,12,36,"D 0,2 -> 6,10",91,False,1.0,1725.0,1,False,0.2431696221945522,2.48,22425.0
"Fixed 1000, designed",29,13,59,"D 1,2 -> 5,8",91,False,1.0,1725.0,1,False,0.2431696221945522,2.39,24150.0
"Fixed 1000, designed",29,14,6,S 1 -> 9,91,False,1.0,1725.0,1,False,0.2431696221945522,2.56,25875.0
"Fixed 1000, designed",29,15,17,"D 0,1 -> 4,7",91,False,1.0,1725.0,1,False,0.2431696221945522,2.45,27600.0
"Fixed 1000, uniform",0,0,19,"D 0,1 -> 4,11",91,False,0.9789237613416715,1960.0,1,False,0.24318730437372557,2.43,1960.0
"Fixed 1000, uniform",0,1,18,"D 0,1 -> 4,9",91,False,1.0,1960.0,1,False,0.24318725313184614,2.46,3920.0
"Fixed 1000, uniform",0,2,5,S 1 -> 7,91,False,1.0,1960.0,1,False,0.24318725313184614,2.41,5880.0
"Fixed 1000, uniform",0,3,19,"D 0,1 -> 4,11",91,False,0.9999999999999806,1960.0,1,False,0.24318725313184614,2.36,7840.0
"Fixed 1000, uniform",0,4,19,"D 0,1 -> 4,11",91,False,0.9999999999999806,1960.0,1,False,0.24318725313184614,2.28,9800.0
"Fixed 1000, uniform",0,5,19,"D 0,1 -> 4,11",91,False,0.9999999999999806,1960.0,1,False,0.24318725313184614,2.22,11760.0
"Fixed 1000, uniform",0,6,26,"D 0,1 -> 7,8",91,False,1.0,1960.0,1,False,0.24318725313184614,2.21,13720.0
"Fixed 1000, uniform",0,7,38,"D 0,3 -> 4,5",91,False,0.9904237949142917,1960.0,1,False,0.24318725313184614,2.23,15680.0
"Fixed 1000, uniform",0,8,4,S 1 -> 5,91,False,0.999959291812072,1960.0,1,False,0.24318718080645696,2.21,17640.0
"Fixed 1000, uniform",0,9,19,"D 0,1 -> 4,11",91,False,0.9999999287220827,1960.0,1,False,0.24318718080645696,2.27,19600.0
"Fixed 1000, uniform",0,10,21,"D 0,1 -> 5,8",91,False,1.0,1960.0,1,False,0.24318718080645696,2.26,21560.0
"Fixed 1000, uniform",0,11,16,"D 0,1 -> 4,5",91,False,0.8255081985968439,1960.0,1,False,0.24318718080645696,2.17,23520.0
"Fixed 1000, uniform",0,12,34,"D 0,2 -> 4,10",91,False,0.9845321092225897,1960.0,1,False,0.2431869964487993,2.31,25480.0
"Fixed 1000, uniform",0,13,19,"D 0,1 -> 4,11",91,False,0.999999999999488,1960.0,1,False,0.24317810790553115,2.3,27440.0
"Fixed 1000, uniform",0,14,18,"D 0,1 -> 4,9",91,False,1.0,1960.0,1,False,0.24317810790553115,2.27,29400.0
"Fixed 1000, uniform",0,15,17,"D 0,1 -> 4,7",91,False,1.0,1960.0,1,False,0.24317810790553115,2.28,31360.0
"Fixed 1000, uniform",1,0,5,S 1 -> 7,91,False,1.0,1960.0,1,False,0.24318730437372557,2.44,1960.0
"Fixed 1000, uniform",1,1,5,S 1 -> 7,91,False,1.0,1960.0,1,False,0.24318730437372557,2.48,3920.0
"Fixed 1000, uniform",1,2,23,"D 0,1 -> 6,7",91,False,0.9195557764466734,1960.0,1,False,0.24318730437372557,2.4,5880.0
"Fixed 1000, uniform",1,3,19,"D 0,1 -> 4,11",91,False,0.9790243029303501,1960.0,1,False,0.2431873043737256,2.31,7840.0
"Fixed 1000, uniform",1,4,5,S 1 -> 7,91,False,1.0,1960.0,1,False,0.24318725362016388,2.27,9800.0
"Fixed 1000, uniform",1,5,18,"D 0,1 -> 4,9",91,False,1.0,1960.0,1,False,0.24318725362016388,2.25,11760.0
"Fixed 1000, uniform",1,6,26,"D 0,1 -> 7,8",91,False,1.0,1960.0,1,False,0.24318725362016388,2.26,13720.0
"Fixed 1000, uniform",1,7,16,"D 0,1 -> 4,5",91,False,0.8257008240962891,1960.0,1,False,0.24318725362016388,2.3,15680.0
"Fixed 1000, uniform",1,8,17,"D 0,1 -> 4,7",91,False,1.0,1960.0,1,False,0.24318702294821365,2.27,17640.0
"Fixed 1000, uniform",1,9,25,"D 0,1 -> 6,11",91,False,1.0,1960.0,1,False,0.24318702294821365,2.26,19600.0
"Fixed 1000, uniform",1,10,4,S 1 -> 5,91,False,0.9952706756049061,1960.0,1,False,0.24318702294821365,2.27,21560.0
"Fixed 1000, uniform",1,11,25,"D 0,1 -> 6,11",91,False,1.0,1960.0,1,False,0.2431870226982693,2.15,23520.0
"Fixed 1000, uniform",1,12,19,"D 0,1 -> 4,11",91,False,0.9999999743402914,1960.0,1,False,0.2431870226982693,2.28,25480.0
"Fixed 1000, uniform",1,13,28,"D 0,1 -> 8,9",91,False,0.9211075027128355,1960.0,1,False,0.2431870226982693,2.28,27440.0
"Fixed 1000, uniform",1,14,19,"D 0,1 -> 4,11",91,False,0.9999999999988692,1960.0,1,False,0.24318702504490777,2.29,29400.0
"Fixed 1000, uniform",1,15,31,"D 0,1 -> 10,11",91,False,0.9266243399715869,1960.0,1,False,0.24318702504490777,2.28,31360.0
"Fixed 1000, uniform",2,0,16,"D 0,1 -> 4,5",91,False,0.8248878159252171,1960.0,1,False,0.24318730437372557,2.44,1960.0
"Fixed 1000, uniform",2,1,29,"D 0,1 -> 8,11",91,False,1.0,1960.0,1,False,0.24318730437372557,2.48,3920.0
"Fixed 1000, uniform",2,2,28,"D 0,1 -> 8,9",91,False,0.9208674957935769,1960.0,1,False,0.24318730437372557,2.43,5880.0
"Fixed 1000, uniform",2,3,19,"D 0,1 -> 4,11",91,False,0.9808919868027834,1960.0,1,False,0.24318730437372557,2.37,7840.0
"Fixed 1000, uniform",2,4,1,S 0 -> 6,91,False,1.0,1960.0,1,False,0.24318702294964611,2.36,9800.0
"Fixed 1000, uniform",2,5,28,"D 0,1 -> 8,9",91,False,0.9999999993538071,1960.0,1,False,0.24318702294888145,2.33,11760.0
"Fixed 1000, uniform",2,6,24,"D 0,1 -> 6,9",91,False,1.0,1960.0,1,False,0.2431870229482135,2.28,13720.0
"Fixed 1000, uniform",2,7,1,S 0 -> 6,91,False,1.0,1960.0,1,False,0.2431870229482135,2.25,15680.0
"Fixed 1000, uniform",2,8,18,"D 0,1 -> 4,9",91,False,1.0,1960.0,1,False,0.2431870229482135,2.24,17640.0
"Fixed 1000, uniform",2,9,18,"D 0,1 -> 4,9",91,False,1.0,1960.0,1,False,0.2431870229482135,2.27,19600.0
"Fixed 1000, uniform",2,10,19,"D 0,1 -> 4,11",91,False,0.9999999999814014,1960.0,1,False,0.2431870229482135,2.18,21560.0
"Fixed 1000, uniform",2,11,34,"D 0,2 -> 4,10",91,False,0.9843002152115549,1960.0,1,False,0.2431870229482135,2.06,23520.0
"Fixed 1000, uniform",2,12,24,"D 0,1 -> 6,9",91,False,1.0,1960.0,1,False,0.2431780041353426,2.23,25480.0
"Fixed 1000, uniform",2,13,16,"D 0,1 -> 4,5",91,False,0.9999999993613766,1960.0,1,False,0.2431780041353426,2.22,27440.0
"Fixed 1000, uniform",2,14,18,"D 0,1 -> 4,9",91,False,1.0,1960.0,1,False,0.2431780041353426,2.24,29400.0
"Fixed 1000, uniform",2,15,28,"D 0,1 -> 8,9",91,False,0.999999982852764,1960.0,1,False,0.2431780041353426,2.25,31360.0
"Fixed 1000, uniform",3,0,20,"D 0,1 -> 5,6",91,False,1.0,1960.0,1,False,0.24318730437372557,2.39,1960.0
"Fixed 1000, uniform",3,1,1,S 0 -> 6,91,False,1.0,1960.0,1,False,0.24318730437372557,2.38,3920.0
"Fixed 1000, uniform",3,2,26,"D 0,1 -> 7,8",91,False,1.0,1960.0,1,False,0.24318730437372557,2.42,5880.0
"Fixed 1000, uniform",3,3,29,"D 0,1 -> 8,11",91,False,1.0,1960.0,1,False,0.24318730437372557,2.35,7840.0
"Fixed 1000, uniform",3,4,5,S 1 -> 7,91,False,1.0,1960.0,1,False,0.24318730437372557,2.37,9800.0
"Fixed 1000, uniform",3,5,2,S 0 -> 8,91,False,1.0,1960.0,1,False,0.24318730437372557,2.34,11760.0
"Fixed 1000, uniform",3,6,18,"D 0,1 -> 4,9",91,False,1.0,1960.0,1,False,0.24318730437372557,2.33,13720.0
"Fixed 1000, uniform",3,7,31,"D 0,1 -> 10,11",91,False,0.9238414219292242,1960.0,1,False,0.24318730437372557,2.28,15680.0
"Fixed 1000, uniform",3,8,25,"D 0,1 -> 6,11",91,False,1.0,1960.0,1,False,0.2431536556295291,2.26,17640.0
"Fixed 1000, uniform",3,9,34,"D 0,2 -> 4,10",91,False,0.9841013170718755,1960.0,1,False,0.2431536556295291,2.29,19600.0
"Fixed 1000, uniform",3,10,24,"D 0,1 -> 6,9",91,False,1.0,1960.0,1,False,0.24314449815367653,2.2,21560.0
"Fixed 1000, uniform",3,11,30,"D 0,1 -> 9,10",91,False,1.0,1960.0,1,False,0.24314449815367653,2.15,23520.0
"Fixed 1000, uniform",3,12,18,"D 0,1 -> 4,9",91,False,1.0,1960.0,1,False,0.24314449815367653,2.23,25480.0
"Fixed 1000, uniform",3,13,28,"D 0,1 -> 8,9",91,False,0.9197566684456467,1960.0,1,False,0.24314449815367653,2.29,27440.0
"Fixed 1000, uniform",3,14,21,"D 0,1 -> 5,8",91,False,1.0,1960.0,1,False,0.24314472989642913,2.25,29400.0
"Fixed 1000, uniform",3,15,31,"D 0,1 -> 10,11",91,False,0.9999999994204993,1960.0,1,False,0.24314472989642913,2.31,31360.0
"Fixed 1000, uniform",4,0,5,S 1 -> 7,91,False,1.0,1960.0,1,False,0.24318730437372557,2.31,1960.0
"Fixed 1000, uniform",4,1,18,"D 0,1 -> 4,9",91,False,1.0,1960.0,1,False,0.24318730437372557,2.32,3920.0
"Fixed 1000, uniform",4,2,5,S 1 -> 7,91,False,1.0,1960.0,1,False,0.24318730437372557,2.32,5880.0
"Fixed 1000, uniform",4,3,18,"D 0,1 -> 4,9",91,False,1.0,1960.0,1,False,0.24318730437372557,2.24,7840.0
"Fixed 1000, uniform",4,4,19,"D 0,1 -> 4,11",91,False,0.9789237613416715,1960.0,1,False,0.24318730437372557,2.23,9800.0
"Fixed 1000, uniform",4,5,34,"D 0,2 -> 4,10",91,False,0.9841318866073433,1960.0,1,False,0.24318725313184614,2.26,11760.0
"Fixed 1000, uniform",4,6,5,S 1 -> 7,91,False,1.0,1960.0,1,False,0.24317812249553092,2.24,13720.0
"Fixed 1000, uniform",4,7,5,S 1 -> 7,91,False,1.0,1960.0,1,False,0.24317812249553092,2.25,15680.0
"Fixed 1000, uniform",4,8,28,"D 0,1 -> 8,9",91,False,0.9195786736316526,1960.0,1,False,0.24317812249553092,2.23,17640.0
"Fixed 1000, uniform",4,9,38,"D 0,3 -> 4,5",91,False,0.9909450587943706,1960.0,1,False,0.2431781231239524,2.22,19600.0
"Fixed 1000, uniform",4,10,18,"D 0,1 -> 4,9",91,False,1.0,1960.0,1,False,0.24317824129041687,2.21,21560.0
"Fixed 1000, uniform",4,11,17,"D 0,1 -> 4,7",91,False,1.0,1960.0,1,False,0.24317824129041687,2.12,23520.0
"Fixed 1000, uniform",4,12,18,"D 0,1 -> 4,9",91,False,1.0,1960.0,1,False,0.24317824129041687,2.33,25480.0
"Fixed 1000, uniform",4,13,29,"D 0,1 -> 8,11",91,False,1.0,1960.0,1,False,0.24317824129041687,2.34,27440.0
"Fixed 1000, uniform",4,14,16,"D 0,1 -> 4,5",91,False,0.826113631490205,1960.0,1,False,0.24317824129041687,2.3,29400.0
"Fixed 1000, uniform",4,15,29,"D 0,1 -> 8,11",91,False,1.0,1960.0,1,False,0.2431781087384679,2.3,31360.0
"Fixed 1000, uniform",5,0,71,"D 1,3 -> 5,9",91,False,1.0,1960.0,1,False,0.24318730437372557,2.31,1960.0
"Fixed 1000, uniform",5,1,23,"D 0,1 -> 6,7",91,False,0.9195557764466734,1960.0,1,False,0.24318730437372557,2.3,3920.0
"Fixed 1000, uniform",5,2,4,S 1 -> 5,91,False,0.9998457069711614,1960.0,1,False,0.2431873043737256,2.24,5880.0
"Fixed 1000, uniform",5,3,16,"D 0,1 -> 4,5",91,False,0.825472812011534,1960.0,1,False,0.2431873043737256,2.23,7840.0
"Fixed 1000, uniform",5,4,18,"D 0,1 -> 4,9",91,False,1.0,1960.0,1,False,0.2431873043737256,2.23,9800.0
"Fixed 1000, uniform",5,5,16,"D 0,1 -> 4,5",91,False,0.999999998569915,1960.0,1,False,0.2431873043737256,2.21,11760.0
"Fixed 1000, uniform",5,6,29,"D 0,1 -> 8,11",91,False,1.0,1960.0,1,False,0.2431873043737256,2.24,13720.0
"Fixed 1000, uniform",5,7,23,"D 0,1 -> 6,7",91,False,0.999999999992936,1960.0,1,False,0.2431873043737256,2.26,15680.0
"Fixed 1000, uniform",5,8,4,S 1 -> 5,91,False,0.9999815826386547,1960.0,1,False,0.2431873043737256,2.21,17640.0
"Fixed 1000, uniform",5,9,18,"D 0,1 -> 4,9",91,False,1.0,1960.0,1,False,0.24318730437372568,2.21,19600.0
"Fixed 1000, uniform",5,10,24,"D 0,1 -> 6,9",91,False,1.0,1960.0,1,False,0.24318730437372568,2.18,21560.0
"Fixed 1000, uniform",5,11,19,"D 0,1 -> 4,11",91,False,0.980816827909127,1960.0,1,False,0.24318730437372568,2.1,23520.0
"Fixed 1000, uniform",5,12,16,"D 0,1 -> 4,5",91,False,0.9999999999940596,1960.0,1,False,0.24318702068683196,2.21,25480.0
"Fixed 1000, uniform",5,13,23,"D 0,1 -> 6,7",91,False,0.9999999999548245,1960.0,1,False,0.24318702068683196,2.18,27440.0
"Fixed 1000, uniform",5,14,19,"D 0,1 -> 4,11",91,False,0.9999999991349079,1960.0,1,False,0.24318702068683196,2.2,29400.0
"Fixed 1000, uniform",5,15,5,S 1 -> 7,91,False,1.0,1960.0,1,False,0.24318702068683196,2.19,31360.0
"Fixed 1000, uniform",6,0,38,"D 0,3 -> 4,5",91,False,0.9904029254757726,1960.0,1,False,0.24318730437372557,2.29,1960.0
"Fixed 1000, uniform",6,1,19,"D 0,1 -> 4,11",91,False,0.978948629869799,1960.0,1,False,0.24318723161189013,2.28,3920.0
"Fixed 1000, uniform",6,2,19,"D 0,1 -> 4,11",91,False,0.9999998947748511,1960.0,1,False,0.24318718080692805,2.33,5880.0
"Fixed 1000, uniform",6,3,28,"D 0,1 -> 8,9",91,False,0.9195815709679993,1960.0,1,False,0.24318718080692805,2.27,7840.0
"Fixed 1000, uniform",6,4,19,"D 0,1 -> 4,11",91,False,0.9999999999793557,1960.0,1,False,0.24318718129254893,2.28,9800.0
"Fixed 1000, uniform",6,5,24,"D 0,1 -> 6,9",91,False,1.0,1960.0,1,False,0.24318718129254893,2.27,11760.0
"Fixed 1000, uniform",6,6,16,"D 0,1 -> 4,5",91,False,0.8261051646031696,1960.0,1,False,0.24318718129254893,2.24,13720.0
"Fixed 1000, uniform",6,7,4,S 1 -> 5,91,False,0.9952394483688697,1960.0,1,False,0.24318699910776523,2.27,15680.0
"Fixed 1000, uniform",6,8,34,"D 0,2 -> 4,10",91,False,0.9845317452032238,1960.0,1,False,0.2431869986316144,2.3,17640.0
"Fixed 1000, uniform",6,9,20,"D 0,1 -> 5,6",91,False,1.0,1960.0,1,False,0.2431781098616532,2.29,19600.0
"Fixed 1000, uniform",6,10,19,"D 0,1 -> 4,11",91,False,0.9999999999981948,1960.0,1,False,0.2431781098616532,2.23,21560.0
"Fixed 1000, uniform",6,11,16,"D 0,1 -> 4,5",91,False,0.9999985620766986,1960.0,1,False,0.2431781098616532,2.1,23520.0
"Fixed 1000, uniform",6,12,38,"D 0,3 -> 4,5",91,False,0.999999999404325,1960.0,1,False,0.24317799457750033,2.23,25480.0
"Fixed 1000, uniform",6,13,16,"D 0,1 -> 4,5",91,False,0.9999999999441246,1960.0,1,False,0.24317799457750033,2.23,27440.0
"Fixed 1000, uniform",6,14,17,"D 0,1 -> 4,7",91,False,1.0,1960.0,1,False,0.24317799457750033,2.21,29400.0
"Fixed 1000, uniform",6,15,25,"D 0,1 -> 6,11",91,False,1.0,1960.0,1,False,0.24317799457750033,2.2,31360.0
"Fixed 1000, uniform",7,0,19,"D 0,1 -> 4,11",91,False,0.9789237613416715,1960.0,1,False,0.24318730437372557,2.43,1960.0
"Fixed 1000, uniform",7,1,28,"D 0,1 -> 8,9",91,False,0.9195816015054895,1960.0,1,False,0.24318725313184614,2.42,3920.0
"Fixed 1000, uniform",7,2,38,"D 0,3 -> 4,5",91,False,0.990423725915808,1960.0,1,False,0.24318725361956592,2.4,5880.0
"Fixed 1000, uniform",7,3,5,S 1 -> 7,91,False,1.0,1960.0,1,False,0.24318718129361158,2.42,7840.0
"Fixed 1000, uniform",7,4,19,"D 0,1 -> 4,11",91,False,0.9999999992906767,1960.0,1,False,0.24318718129361158,2.41,9800.0
"Fixed 1000, uniform",7,5,25,"D 0,1 -> 6,11",91,False,1.0,1960.0,1,False,0.2431871812936053,2.41,11760.0
"Fixed 1000, uniform",7,6,4,S 1 -> 5,91,False,0.9998049755691121,1960.0,1,False,0.2431871812936053,2.39,13720.0
"Fixed 1000, uniform",7,7,19,"D 0,1 -> 4,11",91,False,0.9999999946153153,1960.0,1,False,0.2431871812781504,2.36,15680.0
"Fixed 1000, uniform",7,8,28,"D 0,1 -> 8,9",91,False,0.9999999970428611,1960.0,1,False,0.2431871812781504,2.37,17640.0
"Fixed 1000, uniform",7,9,5,S 1 -> 7,91,False,1.0,1960.0,1,False,0.2431871812781504,2.31,19600.0
"Fixed 1000, uniform",7,10,16,"D 0,1 -> 4,5",91,False,0.8260920032414198,1960.0,1,False,0.2431871812781504,2.29,21560.0
"Fixed 1000, uniform",7,11,19,"D 0,1 -> 4,11",91,False,0.999999999999999,1960.0,1,False,0.2431869986891878,2.27,23520.0
"Fixed 1000, uniform",7,12,18,"D 0,1 -> 4,9",91,False,1.0,1960.0,1,False,0.2431869986891878,2.25,25480.0
"Fixed 1000, uniform",7,13,18,"D 0,1 -> 4,9",91,False,1.0,1960.0,1,False,0.2431869986891878,2.29,27440.0
"Fixed 1000, uniform",7,14,20,"D 0,1 -> 5,6",91,False,1.0,1960.0,1,False,0.2431869986891878,2.33,29400.0
"Fixed 1000, uniform",7,15,5,S 1 -> 7,91,False,1.0,1960.0,1,False,0.2431869986891878,2.34,31360.0
"Fixed 1000, uniform",8,0,2,S 0 -> 8,91,False,1.0,1960.0,1,False,0.24318730437372557,2.26,1960.0
"Fixed 1000, uniform",8,1,5,S 1 -> 7,91,False,1.0,1960.0,1,False,0.24318730437372557,2.23,3920.0
"Fixed 1000, uniform",8,2,23,"D 0,1 -> 6,7",91,False,0.9195557764466734,1960.0,1,False,0.24318730437372557,2.22,5880.0
"Fixed 1000, uniform",8,3,21,"D 0,1 -> 5,8",91,False,1.0,1960.0,1,False,0.2431873043737256,2.21,7840.0
"Fixed 1000, uniform",8,4,24,"D 0,1 -> 6,9",91,False,1.0,1960.0,1,False,0.2431873043737256,2.23,9800.0
"Fixed 1000, uniform",8,5,18,"D 0,1 -> 4,9",91,False,1.0,1960.0,1,False,0.2431873043737256,2.2,11760.0
"Fixed 1000, uniform",8,6,18,"D 0,1 -> 4,9",91,False,1.0,1960.0,1,False,0.2431873043737256,2.21,13720.0
"Fixed 1000, uniform",8,7,18,"D 0,1 -> 4,9",91,False,1.0,1960.0,1,False,0.2431873043737256,2.21,15680.0
"Fixed 1000, uniform",8,8,18,"D 0,1 -> 4,9",91,False,1.0,1960.0,1,False,0.2431873043737256,2.2,17640.0
"Fixed 1000, uniform",8,9,38,"D 0,3 -> 4,5",91,False,0.9904029560850035,1960.0,1,False,0.2431873043737256,2.22,19600.0
"Fixed 1000, uniform",8,10,16,"D 0,1 -> 4,5",91,False,0.8258887273566381,1960.0,1,False,0.24318723161342123,2.17,21560.0
"Fixed 1000, uniform",8,11,25,"D 0,1 -> 6,11",91,False,1.0,1960.0,1,False,0.24318727977680768,2.15,23520.0
"Fixed 1000, uniform",8,12,24,"D 0,1 -> 6,9",91,False,1.0,1960.0,1,False,0.24318727977680768,2.25,25480.0
"Fixed 1000, uniform",8,13,16,"D 0,1 -> 4,5",91,False,1.0,1960.0,1,False,0.24318727977680768,2.24,27440.0
"Fixed 1000, uniform",8,14,18,"D 0,1 -> 4,9",91,False,1.0,1960.0,1,False,0.24318727977680768,2.25,29400.0
"Fixed 1000, uniform",8,15,16,"D 0,1 -> 4,5",91,False,1.0,1960.0,1,False,0.24318727977680768,2.26,31360.0
"Fixed 1000, uniform",9,0,34,"D 0,2 -> 4,10",91,False,0.9841455478438927,1960.0,1,False,0.24318730437372557,2.29,1960.0
"Fixed 1000, uniform",9,1,27,"D 0,1 -> 7,10",91,False,1.0,1960.0,1,False,0.24317818188228252,2.23,3920.0
"Fixed 1000, uniform",9,2,18,"D 0,1 -> 4,9",91,False,1.0,1960.0,1,False,0.24317818188228252,2.21,5880.0
"Fixed 1000, uniform",9,3,4,S 1 -> 5,91,False,0.9999991281081764,1960.0,1,False,0.24317818188228252,2.19,7840.0
"Fixed 1000, uniform",9,4,18,"D 0,1 -> 4,9",91,False,1.0,1960.0,1,False,0.2431781818821495,2.19,9800.0
"Fixed 1000, uniform",9,5,4,S 1 -> 5,91,False,0.999999990141458,1960.0,1,False,0.2431781818821495,2.19,11760.0
"Fixed 1000, uniform",9,6,29,"D 0,1 -> 8,11",91,False,1.0,1960.0,1,False,0.2431781818822046,2.26,13720.0
"Fixed 1000, uniform",9,7,34,"D 0,2 -> 4,10",91,False,0.9999999999856171,1960.0,1,False,0.24317818188221452,2.23,15680.0
"Fixed 1000, uniform",9,8,34,"D 0,2 -> 4,10",91,False,0.9999999999856171,1960.0,1,False,0.24317818188221452,2.24,17640.0
"Fixed 1000, uniform",9,9,28,"D 0,1 -> 8,9",91,False,0.9195528230378192,1960.0,1,False,0.24317818188221452,2.24,19600.0
"Fixed 1000, uniform",9,10,18,"D 0,1 -> 4,9",91,False,1.0,1960.0,1,False,0.24317818199471958,2.21,21560.0
"Fixed 1000, uniform",9,11,4,S 1 -> 5,91,False,0.9999999999946926,1960.0,1,False,0.24317818199471958,2.17,23520.0
"Fixed 1000, uniform",9,12,19,"D 0,1 -> 4,11",91,False,0.9789981077124571,1960.0,1,False,0.24317818199471958,2.28,25480.0
"Fixed 1000, uniform",9,13,19,"D 0,1 -> 4,11",91,False,0.9999999962768179,1960.0,1,False,0.24317812313573792,2.28,27440.0
"Fixed 1000, uniform",9,14,16,"D 0,1 -> 4,5",91,False,0.8257220445318976,1960.0,1,False,0.24317812313573792,2.25,29400.0
"Fixed 1000, uniform",9,15,38,"D 0,3 -> 4,5",91,False,0.9938184591152663,1960.0,1,False,0.24317800534455303,2.27,31360.0
"Fixed 1000, uniform",10,0,34,"D 0,2 -> 4,10",91,False,0.9841455478438927,1960.0,1,False,0.24318730437372557,2.42,1960.0
"Fixed 1000, uniform",10,1,18,"D 0,1 -> 4,9",91,False,1.0,1960.0,1,False,0.24317818188228252,2.47,3920.0
"Fixed 1000, uniform",10,2,20,"D 0,1 -> 5,6",91,False,1.0,1960.0,1,False,0.24317818188228252,2.4,5880.0
"Fixed 1000, uniform",10,3,19,"D 0,1 -> 4,11",91,False,0.9788972892421588,1960.0,1,False,0.24317818188228252,2.36,7840.0
"Fixed 1000, uniform",10,4,19,"D 0,1 -> 4,11",91,False,0.9999998925466195,1960.0,1,False,0.24317812249665538,2.34,9800.0
"Fixed 1000, uniform",10,5,34,"D 0,2 -> 4,10",91,False,0.9999999991757815,1960.0,1,False,0.24317812249597098,2.34,11760.0
"Fixed 1000, uniform",10,6,4,S 1 -> 5,91,False,0.9999850902881396,1960.0,1,False,0.24317812249582893,2.3,13720.0
"Fixed 1000, uniform",10,7,19,"D 0,1 -> 4,11",91,False,0.9999999922029583,1960.0,1,False,0.24317812249438192,2.29,15680.0
"Fixed 1000, uniform",10,8,24,"D 0,1 -> 6,9",91,False,1.0,1960.0,1,False,0.24317812249438192,2.3,17640.0
"Fixed 1000, uniform",10,9,27,"D 0,1 -> 7,10",91,False,1.0,1960.0,1,False,0.24317812249438192,2.28,19600.0
"Fixed 1000, uniform",10,10,19,"D 0,1 -> 4,11",91,False,0.9999999922029583,1960.0,1,False,0.24317812249438192,2.27,21560.0
"Fixed 1000, uniform",10,11,19,"D 0,1 -> 4,11",91,False,0.9999999976445898,1960.0,1,False,0.24317812249438772,2.2,23520.0
"Fixed 1000, uniform",10,12,16,"D 0,1 -> 4,5",91,False,0.8251382589967506,1960.0,1,False,0.24317812249438772,2.3,25480.0
"Fixed 1000, uniform",10,13,4,S 1 -> 5,91,False,0.9999805170578501,1960.0,1,False,0.24317800318924715,2.31,27440.0
"Fixed 1000, uniform",10,14,29,"D 0,1 -> 8,11",91,False,1.0,1960.0,1,False,0.24317790318903343,2.3,29400.0
"Fixed 1000, uniform",10,15,1,S 0 -> 6,91,False,1.0,1960.0,1,False,0.24317790318903343,2.31,31360.0
"Fixed 1000, uniform",11,0,34,"D 0,2 -> 4,10",91,False,0.9841455478438927,1960.0,1,False,0.24318730437372557,2.23,1960.0
"Fixed 1000, uniform",11,1,23,"D 0,1 -> 6,7",91,False,0.9195528186661538,1960.0,1,False,0.24317818188228252,2.23,3920.0
"Fixed 1000, uniform",11,2,26,"D 0,1 -> 7,8",91,False,1.0,1960.0,1,False,0.24317818199321284,2.23,5880.0
"Fixed 1000, uniform",11,3,18,"D 0,1 -> 4,9",91,False,1.0,1960.0,1,False,0.24317818199321284,2.21,7840.0
"Fixed 1000, uniform",11,4,23,"D 0,1 -> 6,7",91,False,0.9999999170465304,1960.0,1,False,0.24317818199321284,2.2,9800.0
"Fixed 1000, uniform",11,5,20,"D 0,1 -> 5,6",91,False,1.0,1960.0,1,False,0.24317818198294597,2.19,11760.0
"Fixed 1000, uniform",11,6,5,S 1 -> 7,91,False,1.0,1960.0,1,False,0.24317818198294597,2.2,13720.0
"Fixed 1000, uniform",11,7,4,S 1 -> 5,91,False,0.9998465666674465,1960.0,1,False,0.24317818198294597,2.2,15680.0
"Fixed 1000, uniform",11,8,16,"D 0,1 -> 4,5",91,False,0.825503229490812,1960.0,1,False,0.24317818199469424,2.21,17640.0
"Fixed 1000, uniform",11,9,5,S 1 -> 7,91,False,1.0,1960.0,1,False,0.24317829477241307,2.23,19600.0
"Fixed 1000, uniform",11,10,28,"D 0,1 -> 8,9",91,False,0.9210826940866392,1960.0,1,False,0.24317829477241307,2.24,21560.0
"Fixed 1000, uniform",11,11,23,"D 0,1 -> 6,7",91,False,0.9999999999359153,1960.0,1,False,0.24317829453743556,2.17,23520.0
"Fixed 1000, uniform",11,12,18,"D 0,1 -> 4,9",91,False,1.0,1960.0,1,False,0.24317829453743556,2.31,25480.0
"Fixed 1000, uniform",11,13,25,"D 0,1 -> 6,11",91,False,1.0,1960.0,1,False,0.24317829453743556,2.28,27440.0
"Fixed 1000, uniform",11,14,30,"D 0,1 -> 9,10",91,False,1.0,1960.0,1,False,0.24317829453743556,2.29,29400.0
"Fixed 1000, uniform",11,15,23,"D 0,1 -> 6,7",91,False,0.9999999999359153,1960.0,1,False,0.24317829453743556,2.29,31360.0
"Fixed 1000, uniform",12,0,20,"D 0,1 -> 5,6",91,False,1.0,1960.0,1,False,0.24318730437372557,2.48,1960.0
"Fixed 1000, uniform",12,1,18,"D 0,1 -> 4,9",91,False,1.0,1960.0,1,False,0.24318730437372557,2.46,3920.0
"Fixed 1000, uniform",12,2,29,"D 0,1 -> 8,11",91,False,1.0,1960.0,1,False,0.24318730437372557,2.47,5880.0
"Fixed 1000, uniform",12,3,4,S 1 -> 5,91,False,0.9999999934472215,1960.0,1,False,0.24318730437372557,2.4,7840.0
"Fixed 1000, uniform",12,4,19,"D 0,1 -> 4,11",91,False,0.978923761330198,1960.0,1,False,0.24318730437372557,2.41,9800.0
"Fixed 1000, uniform",12,5,18,"D 0,1 -> 4,9",91,False,1.0,1960.0,1,False,0.24318725313172815,2.41,11760.0
"Fixed 1000, uniform",12,6,34,"D 0,2 -> 4,10",91,False,0.9841318864342078,1960.0,1,False,0.24318725313172815,2.4,13720.0
"Fixed 1000, uniform",12,7,23,"D 0,1 -> 6,7",91,False,0.9195787482223666,1960.0,1,False,0.24317812250829474,2.4,15680.0
"Fixed 1000, uniform",12,8,19,"D 0,1 -> 4,11",91,False,0.999999999988961,1960.0,1,False,0.24317812313925785,2.38,17640.0
"Fixed 1000, uniform",12,9,4,S 1 -> 5,91,False,0.9999999999725984,1960.0,1,False,0.24317812313925785,2.37,19600.0
"Fixed 1000, uniform",12,10,16,"D 0,1 -> 4,5",91,False,0.8257220444926636,1960.0,1,False,0.24317812313925785,2.32,21560.0
"Fixed 1000, uniform",12,11,18,"D 0,1 -> 4,9",91,False,1.0,1960.0,1,False,0.24317800536245657,2.32,23520.0
"Fixed 1000, uniform",12,12,19,"D 0,1 -> 4,11",91,False,0.9999999999972955,1960.0,1,False,0.24317800536245657,2.33,25480.0
"Fixed 1000, uniform",12,13,19,"D 0,1 -> 4,11",91,False,0.9999999999972955,1960.0,1,False,0.24317800536245657,2.36,27440.0
"Fixed 1000, uniform",12,14,16,"D 0,1 -> 4,5",91,False,0.9999999999999973,1960.0,1,False,0.24317800536245657,2.41,29400.0
"Fixed 1000, uniform",12,15,16,"D 0,1 -> 4,5",91,False,0.9999999999999973,1960.0,1,False,0.24317800536245657,2.34,31360.0
"Fixed 1000, uniform",13,0,19,"D 0,1 -> 4,11",91,False,0.9789237613416715,1960.0,1,False,0.24318730437372557,2.45,1960.0
"Fixed 1000, uniform",13,1,34,"D 0,2 -> 4,10",91,False,0.9841318866073433,1960.0,1,False,0.24318725313184614,2.37,3920.0
"Fixed 1000, uniform",13,2,16,"D 0,1 -> 4,5",91,False,0.8251372497963404,1960.0,1,False,0.24317812249553092,2.4,5880.0
"Fixed 1000, uniform",13,3,23,"D 0,1 -> 6,7",91,False,0.9208863317247159,1960.0,1,False,0.24317800198086173,2.42,7840.0
"Fixed 1000, uniform",13,4,18,"D 0,1 -> 4,9",91,False,1.0,1960.0,1,False,0.2431780040496111,2.38,9800.0
"Fixed 1000, uniform",13,5,28,"D 0,1 -> 8,9",91,False,0.9211257567589244,1960.0,1,False,0.2431780040496111,2.37,11760.0
"Fixed 1000, uniform",13,6,20,"D 0,1 -> 5,6",91,False,1.0,1960.0,1,False,0.24317800623556957,2.33,13720.0
"Fixed 1000, uniform",13,7,31,"D 0,1 -> 10,11",91,False,0.9266104589461961,1960.0,1,False,0.24317800623556957,2.3,15680.0
"Fixed 1000, uniform",13,8,20,"D 0,1 -> 5,6",91,False,1.0,1960.0,1,False,0.24314653886094548,2.33,17640.0
"Fixed 1000, uniform",13,9,19,"D 0,1 -> 4,11",91,False,0.9999999999459974,1960.0,1,False,0.24314653886094548,2.35,19600.0
"Fixed 1000, uniform",13,10,16,"D 0,1 -> 4,5",91,False,0.9999999998775422,1960.0,1,False,0.24314653886094548,2.33,21560.0
"Fixed 1000, uniform",13,11,5,S 1 -> 7,91,False,1.0,1960.0,1,False,0.24314653886094548,2.43,23520.0
"Fixed 1000, uniform",13,12,20,"D 0,1 -> 5,6",91,False,1.0,1960.0,1,False,0.24314653886094548,2.41,25480.0
"Fixed 1000, uniform",13,13,4,S 1 -> 5,91,False,0.9950764384053263,1960.0,1,False,0.24314653886094548,2.37,27440.0
"Fixed 1000, uniform",13,14,20,"D 0,1 -> 5,6",91,False,1.0,1960.0,1,False,0.24314653844218428,2.4,29400.0
"Fixed 1000, uniform",13,15,23,"D 0,1 -> 6,7",91,False,0.9999999979370754,1960.0,1,False,0.24314653844218428,2.34,31360.0
"Fixed 1000, uniform",14,0,55,"D 1,2 -> 4,7",91,False,1.0,1960.0,1,False,0.24318730437372557,2.29,1960.0
"Fixed 1000, uniform",14,1,18,"D 0,1 -> 4,9",91,False,1.0,1960.0,1,False,0.24318730437372557,2.27,3920.0
"Fixed 1000, uniform",14,2,24,"D 0,1 -> 6,9",91,False,1.0,1960.0,1,False,0.24318730437372557,2.28,5880.0
"Fixed 1000, uniform",14,3,34,"D 0,2 -> 4,10",91,False,0.9841455478438927,1960.0,1,False,0.24318730437372557,2.24,7840.0
"Fixed 1000, uniform",14,4,28,"D 0,1 -> 8,9",91,False,0.9195528186661539,1960.0,1,False,0.24317818188228252,2.27,9800.0
"Fixed 1000, uniform",14,5,23,"D 0,1 -> 6,7",91,False,0.919800848519087,1960.0,1,False,0.2431781819932128,2.25,11760.0
"Fixed 1000, uniform",14,6,16,"D 0,1 -> 4,5",91,False,0.8261054025118774,1960.0,1,False,0.24317818212501843,2.26,13720.0
"Fixed 1000, uniform",14,7,27,"D 0,1 -> 7,10",91,False,1.0,1960.0,1,False,0.24317829304514543,2.25,15680.0
"Fixed 1000, uniform",14,8,20,"D 0,1 -> 5,6",91,False,1.0,1960.0,1,False,0.24317829304514543,2.25,17640.0
"Fixed 1000, uniform",14,9,18,"D 0,1 -> 4,9",91,False,1.0,1960.0,1,False,0.24317829304514543,2.24,19600.0
"Fixed 1000, uniform",14,10,38,"D 0,3 -> 4,5",91,False,0.9938148495170565,1960.0,1,False,0.24317829304514543,2.18,21560.0
"Fixed 1000, uniform",14,11,18,"D 0,1 -> 4,9",91,False,1.0,1960.0,1,False,0.2431783973523094,2.18,23520.0
"Fixed 1000, uniform",14,12,34,"D 0,2 -> 4,10",91,False,0.999999999659121,1960.0,1,False,0.2431783973523094,2.29,25480.0
"Fixed 1000, uniform",14,13,18,"D 0,1 -> 4,9",91,False,1.0,1960.0,1,False,0.2431783973523094,2.28,27440.0
"Fixed 1000, uniform",14,14,30,"D 0,1 -> 9,10",91,False,1.0,1960.0,1,False,0.2431783973523094,2.29,29400.0
"Fixed 1000, uniform",14,15,5,S 1 -> 7,91,False,1.0,1960.0,1,False,0.2431783973523094,2.33,31360.0
"Fixed 1000, uniform",15,0,18,"D 0,1 -> 4,9",91,False,1.0,1960.0,1,False,0.24318730437372557,2.21,1960.0
"Fixed 1000, uniform",15,1,16,"D 0,1 -> 4,5",91,False,0.8248878159252171,1960.0,1,False,0.24318730437372557,2.2,3920.0
"Fixed 1000, uniform",15,2,23,"D 0,1 -> 6,7",91,False,0.9208674957935769,1960.0,1,False,0.24318730437372557,2.24,5880.0
"Fixed 1000, uniform",15,3,19,"D 0,1 -> 4,11",91,False,0.9808919868027834,1960.0,1,False,0.24318730437372557,2.24,7840.0
"Fixed 1000, uniform",15,4,19,"D 0,1 -> 4,11",91,False,0.9999999999800666,1960.0,1,False,0.24318702294821334,2.27,9800.0
"Fixed 1000, uniform",15,5,16,"D 0,1 -> 4,5",91,False,0.999999999999807,1960.0,1,False,0.24318702294821334,2.27,11760.0
"Fixed 1000, uniform",15,6,25,"D 0,1 -> 6,11",91,False,1.0,1960.0,1,False,0.24318702294821334,2.23,13720.0
"Fixed 1000, uniform",15,7,38,"D 0,3 -> 4,5",91,False,0.9933252805284443,1960.0,1,False,0.24318702294821334,2.24,15680.0
"Fixed 1000, uniform",15,8,16,"D 0,1 -> 4,5",91,False,0.9999999999560047,1960.0,1,False,0.24318699910779412,2.24,17640.0
"Fixed 1000, uniform",15,9,17,"D 0,1 -> 4,7",91,False,1.0,1960.0,1,False,0.24318699910779412,2.24,19600.0
"Fixed 1000, uniform",15,10,19,"D 0,1 -> 4,11",91,False,0.9999999993469193,1960.0,1,False,0.24318699910779412,2.2,21560.0
"Fixed 1000, uniform",15,11,16,"D 0,1 -> 4,5",91,False,0.9999999999560047,1960.0,1,False,0.24318699910779412,2.22,23520.0
"Fixed 1000, uniform",15,12,19,"D 0,1 -> 4,11",91,False,0.9999999993469193,1960.0,1,False,0.24318699910779412,2.23,25480.0
"Fixed 1000, uniform",15,13,34,"D 0,2 -> 4,10",91,False,0.9845297511790453,1960.0,1,False,0.24318699910779412,2.11,27440.0
"Fixed 1000, uniform",15,14,25,"D 0,1 -> 6,11",91,False,1.0,1960.0,1,False,0.24317810875168958,2.17,29400.0
"Fixed 1000, uniform",15,15,18,"D 0,1 -> 4,9",91,False,1.0,1960.0,1,False,0.2431781087501465,2.41,31360.0
"Fixed 1000, uniform",16,0,16,"D 0,1 -> 4,5",91,False,0.8248878159252171,1960.0,1,False,0.24318730437372557,2.19,1960.0
"Fixed 1000, uniform",16,1,38,"D 0,3 -> 4,5",91,False,0.9933194022279416,1960.0,1,False,0.24318730437372557,2.22,3920.0
"Fixed 1000, uniform",16,2,16,"D 0,1 -> 4,5",91,False,0.9999999998938391,1960.0,1,False,0.24318727990001832,2.21,5880.0
"Fixed 1000, uniform",16,3,34,"D 0,2 -> 4,10",91,False,0.9845430513279725,1960.0,1,False,0.24318727990001832,2.26,7840.0
"Fixed 1000, uniform",16,4,23,"D 0,1 -> 6,7",91,False,0.9208624372901939,1960.0,1,False,0.24317839773751768,2.2,9800.0
"Fixed 1000, uniform",16,5,26,"D 0,1 -> 7,8",91,False,1.0,1960.0,1,False,0.2431783975392352,2.2,11760.0
"Fixed 1000, uniform",16,6,19,"D 0,1 -> 4,11",91,False,0.9808790707807026,1960.0,1,False,0.2431783975392352,2.23,13720.0
"Fixed 1000, uniform",16,7,19,"D 0,1 -> 4,11",91,False,0.9999999493010531,1960.0,1,False,0.24317810874982318,2.24,15680.0
"Fixed 1000, uniform",16,8,24,"D 0,1 -> 6,9",91,False,1.0,1960.0,1,False,0.24317810874982318,2.23,17640.0
"Fixed 1000, uniform",16,9,23,"D 0,1 -> 6,7",91,False,0.9999999999074255,1960.0,1,False,0.24317810874982318,2.21,19600.0
"Fixed 1000, uniform",16,10,23,"D 0,1 -> 6,7",91,False,0.9999999999074255,1960.0,1,False,0.24317810874982318,2.17,21560.0
"Fixed 1000, uniform",16,11,19,"D 0,1 -> 4,11",91,False,0.9999999645205281,1960.0,1,False,0.24317810874891826,2.25,23520.0
"Fixed 1000, uniform",16,12,5,S 1 -> 7,91,False,1.0,1960.0,1,False,0.24317810874891826,2.19,25480.0
"Fixed 1000, uniform",16,13,34,"D 0,2 -> 4,10",91,False,0.9999999829011125,1960.0,1,False,0.24317810874891826,2.13,27440.0
"Fixed 1000, uniform",16,14,26,"D 0,1 -> 7,8",91,False,1.0,1960.0,1,False,0.24317810874204188,2.24,29400.0
"Fixed 1000, uniform",16,15,20,"D 0,1 -> 5,6",91,False,1.0,1960.0,1,False,0.24317810874204188,2.23,31360.0
"Fixed 1000, uniform",17,0,19,"D 0,1 -> 4,11",91,False,0.9789237613416715,1960.0,1,False,0.24318730437372557,2.21,1960.0
"Fixed 1000, uniform",17,1,16,"D 0,1 -> 4,5",91,False,0.825106619103556,1960.0,1,False,0.24318725313184614,2.26,3920.0
"Fixed 1000, uniform",17,2,34,"D 0,2 -> 4,10",91,False,0.9843006675704351,1960.0,1,False,0.24318702057197827,2.26,5880.0
"Fixed 1000, uniform",17,3,28,"D 0,1 -> 8,9",91,False,0.9208863317147585,1960.0,1,False,0.2431780019967145,2.26,7840.0
"Fixed 1000, uniform",17,4,18,"D 0,1 -> 4,9",91,False,1.0,1960.0,1,False,0.24317800412065516,2.22,9800.0
"Fixed 1000, uniform",17,5,16,"D 0,1 -> 4,5",91,False,0.9999999998419671,1960.0,1,False,0.24317800412006288,2.25,11760.0
"Fixed 1000, uniform",17,6,4,S 1 -> 5,91,False,0.9952750978668334,1960.0,1,False,0.24317800412006288,2.25,13720.0
"Fixed 1000, uniform",17,7,23,"D 0,1 -> 6,7",91,False,0.9211044108231207,1960.0,1,False,0.24317800502997486,2.28,15680.0
"Fixed 1000, uniform",17,8,25,"D 0,1 -> 6,11",91,False,1.0,1960.0,1,False,0.24317800715347082,2.26,17640.0
"Fixed 1000, uniform",17,9,4,S 1 -> 5,91,False,0.9999999994344742,1960.0,1,False,0.24317800715347082,2.23,19600.0
"Fixed 1000, uniform",17,10,16,"D 0,1 -> 4,5",91,False,0.9999985317699234,1960.0,1,False,0.24317800714202714,2.19,21560.0
"Fixed 1000, uniform",17,11,4,S 1 -> 5,91,False,0.9999998179676958,1960.0,1,False,0.2431779011360659,2.24,23520.0
"Fixed 1000, uniform",17,12,24,"D 0,1 -> 6,9",91,False,1.0,1960.0,1,False,0.24317790114339755,2.22,25480.0
"Fixed 1000, uniform",17,13,23,"D 0,1 -> 6,7",91,False,0.999999802142426,1960.0,1,False,0.24317790114500873,2.14,27440.0
"Fixed 1000, uniform",17,14,18,"D 0,1 -> 4,9",91,False,1.0,1960.0,1,False,0.24317790114500873,2.26,29400.0
"Fixed 1000, uniform",17,15,30,"D 0,1 -> 9,10",91,False,1.0,1960.0,1,False,0.24317790114500873,2.18,31360.0
"Fixed 1000, uniform",18,0,19,"D 0,1 -> 4,11",91,False,0.9789237613416715,1960.0,1,False,0.24318730437372557,2.26,1960.0
"Fixed 1000, uniform",18,1,29,"D 0,1 -> 8,11",91,False,1.0,1960.0,1,False,0.24318725313184614,2.28,3920.0
"Fixed 1000, uniform",18,2,26,"D 0,1 -> 7,8",91,False,1.0,1960.0,1,False,0.24318725313184614,2.3,5880.0
"Fixed 1000, uniform",18,3,31,"D 0,1 -> 10,11",91,False,0.924334751657486,1960.0,1,False,0.24318725313184614,2.26,7840.0
"Fixed 1000, uniform",18,4,18,"D 0,1 -> 4,9",91,False,1.0,1960.0,1,False,0.24315381639378905,2.25,9800.0
"Fixed 1000, uniform",18,5,29,"D 0,1 -> 8,11",91,False,1.0,1960.0,1,False,0.24315381639378905,2.2,11760.0
"Fixed 1000, uniform",18,6,34,"D 0,2 -> 4,10",91,False,0.9840890077986381,1960.0,1,False,0.24315381639378905,2.22,13720.0
"Fixed 1000, uniform",18,7,5,S 1 -> 7,91,False,1.0,1960.0,1,False,0.24314465183016523,2.22,15680.0
"Fixed 1000, uniform",18,8,16,"D 0,1 -> 4,5",91,False,0.8258461124028462,1960.0,1,False,0.24314465183016523,2.25,17640.0
"Fixed 1000, uniform",18,9,16,"D 0,1 -> 4,5",91,False,0.9999999999999988,1960.0,1,False,0.24314610571925693,2.19,19600.0
"Fixed 1000, uniform",18,10,28,"D 0,1 -> 8,9",91,False,0.9210771113361111,1960.0,1,False,0.24314610571925693,2.12,21560.0
"Fixed 1000, uniform",18,11,2,S 0 -> 8,91,False,1.0,1960.0,1,False,0.2431463232792529,2.15,23520.0
"Fixed 1000, uniform",18,12,18,"D 0,1 -> 4,9",91,False,1.0,1960.0,1,False,0.2431463232792529,2.25,25480.0
"Fixed 1000, uniform",18,13,19,"D 0,1 -> 4,11",91,False,0.9999999985124037,1960.0,1,False,0.2431463232792529,2.18,27440.0
"Fixed 1000, uniform",18,14,23,"D 0,1 -> 6,7",91,False,0.9213153986943201,1960.0,1,False,0.2431463232792529,2.21,29400.0
"Fixed 1000, uniform",18,15,18,"D 0,1 -> 4,9",91,False,1.0,1960.0,1,False,0.24314653885764811,2.27,31360.0
"Fixed 1000, uniform",19,0,18,"D 0,1 -> 4,9",91,False,1.0,1960.0,1,False,0.24318730437372557,2.24,1960.0
"Fixed 1000, uniform",19,1,19,"D 0,1 -> 4,11",91,False,0.9789237613416715,1960.0,1,False,0.24318730437372557,2.25,3920.0
"Fixed 1000, uniform",19,2,19,"D 0,1 -> 4,11",91,False,0.9999999999999806,1960.0,1,False,0.24318725313184614,2.24,5880.0
"Fixed 1000, uniform",19,3,38,"D 0,3 -> 4,5",91,False,0.9904237949142917,1960.0,1,False,0.24318725313184614,2.28,7840.0
"Fixed 1000, uniform",19,4,25,"D 0,1 -> 6,11",91,False,1.0,1960.0,1,False,0.24318718080648477,2.29,9800.0
"Fixed 1000, uniform",19,5,17,"D 0,1 -> 4,7",91,False,1.0,1960.0,1,False,0.24318718080648477,2.26,11760.0
"Fixed 1000, uniform",19,6,16,"D 0,1 -> 4,5",91,False,0.8255109557831901,1960.0,1,False,0.24318718080648477,2.23,13720.0
"Fixed 1000, uniform",19,7,4,S 1 -> 5,91,False,0.9953764294466559,1960.0,1,False,0.24318699685681108,2.23,15680.0
"Fixed 1000, uniform",19,8,19,"D 0,1 -> 4,11",91,False,0.9999999999978731,1960.0,1,False,0.24318699639273364,2.22,17640.0
"Fixed 1000, uniform",19,9,18,"D 0,1 -> 4,9",91,False,1.0,1960.0,1,False,0.24318699639273364,2.22,19600.0
"Fixed 1000, uniform",19,10,19,"D 0,1 -> 4,11",91,False,0.9999999999978731,1960.0,1,False,0.24318699639273364,2.2,21560.0
"Fixed 1000, uniform",19,11,19,"D 0,1 -> 4,11",91,False,0.9999999999978731,1960.0,1,False,0.24318699639273364,2.24,23520.0
"Fixed 1000, uniform",19,12,23,"D 0,1 -> 6,7",91,False,0.920866369458102,1960.0,1,False,0.24318699639273364,2.19,25480.0
"Fixed 1000, uniform",19,13,20,"D 0,1 -> 5,6",91,False,1.0,1960.0,1,False,0.24318699863161472,2.15,27440.0
"Fixed 1000, uniform",19,14,34,"D 0,2 -> 4,10",91,False,0.984531745203221,1960.0,1,False,0.24318699863161472,2.21,29400.0
"Fixed 1000, uniform",19,15,2,S 0 -> 8,91,False,1.0,1960.0,1,False,0.24317810986164906,2.26,31360.0
"Fixed 1000, uniform",20,0,50,"D 0,3 -> 8,9",91,False,0.9361890435024381,1960.0,1,False,0.24318730437372557,2.25,1960.0
"Fixed 1000, uniform",20,1,23,"D 0,1 -> 6,7",91,False,0.9195557764466734,1960.0,1,False,0.2431844191686683,2.3,3920.0
"Fixed 1000, uniform",20,2,5,S 1 -> 7,91,False,1.0,1960.0,1,False,0.24318441922128403,2.28,5880.0
"Fixed 1000, uniform",20,3,18,"D 0,1 -> 4,9",91,False,1.0,1960.0,1,False,0.24318441922149625,2.28,7840.0
"Fixed 1000, uniform",20,4,1,S 0 -> 6,91,False,1.0,1960.0,1,False,0.24318441922149625,2.25,9800.0
"Fixed 1000, uniform",20,5,19,"D 0,1 -> 4,11",91,False,0.9790243023917542,1960.0,1,False,0.24318441922149625,2.23,11760.0
"Fixed 1000, uniform",20,6,34,"D 0,2 -> 4,10",91,False,0.9841320023948997,1960.0,1,False,0.24318436847344865,2.23,13720.0
"Fixed 1000, uniform",20,7,16,"D 0,1 -> 4,5",91,False,0.8257314729409684,1960.0,1,False,0.2431752382179701,2.23,15680.0
"Fixed 1000, uniform",20,8,20,"D 0,1 -> 5,6",91,False,1.0,1960.0,1,False,0.24317511945683182,2.26,17640.0
"Fixed 1000, uniform",20,9,29,"D 0,1 -> 8,11",91,False,1.0,1960.0,1,False,0.24317511945683182,2.26,19600.0
"Fixed 1000, uniform",20,10,4,S 1 -> 5,91,False,0.9952875080071237,1960.0,1,False,0.24317511945683182,2.23,21560.0
"Fixed 1000, uniform",20,11,18,"D 0,1 -> 4,9",91,False,1.0,1960.0,1,False,0.2431751204977617,2.27,23520.0
"Fixed 1000, uniform",20,12,28,"D 0,1 -> 8,9",91,False,0.9186108956266352,1960.0,1,False,0.24317512050668622,2.14,25480.0
"Fixed 1000, uniform",20,13,5,S 1 -> 7,91,False,1.0,1960.0,1,False,0.24317495722881466,2.15,27440.0
"Fixed 1000, uniform",20,14,27,"D 0,1 -> 7,10",91,False,1.0,1960.0,1,False,0.24317495722881466,2.24,29400.0
"Fixed 1000, uniform",20,15,17,"D 0,1 -> 4,7",91,False,1.0,1960.0,1,False,0.24317495722881466,2.28,31360.0
"Fixed 1000, uniform",21,0,19,"D 0,1 -> 4,11",91,False,0.9789237613416715,1960.0,1,False,0.24318730437372557,2.33,1960.0
"Fixed 1000, uniform",21,1,16,"D 0,1 -> 4,5",91,False,0.825106619103556,1960.0,1,False,0.24318725313184614,2.33,3920.0
"Fixed 1000, uniform",21,2,34,"D 0,2 -> 4,10",91,False,0.9843006675704351,1960.0,1,False,0.24318702057197827,2.33,5880.0
"Fixed 1000, uniform",21,3,16,"D 0,1 -> 4,5",91,False,0.9999999982507167,1960.0,1,False,0.2431780019967145,2.38,7840.0
"Fixed 1000, uniform",21,4,17,"D 0,1 -> 4,7",91,False,1.0,1960.0,1,False,0.2431780019967145,2.33,9800.0
"Fixed 1000, uniform",21,5,23,"D 0,1 -> 6,7",91,False,0.9208863317147585,1960.0,1,False,0.2431780019967145,2.33,11760.0
"Fixed 1000, uniform",21,6,50,"D 0,3 -> 8,9",91,False,0.93618783611754,1960.0,1,False,0.2431780041000709,2.33,13720.0
"Fixed 1000, uniform",21,7,25,"D 0,1 -> 6,11",91,False,1.0,1960.0,1,False,0.24317511955767465,2.28,15680.0
"Fixed 1000, uniform",21,8,23,"D 0,1 -> 6,7",91,False,0.9999998269250734,1960.0,1,False,0.24317511947317258,2.26,17640.0
"Fixed 1000, uniform",21,9,19,"D 0,1 -> 4,11",91,False,0.9999999919232573,1960.0,1,False,0.24317511944227457,2.26,19600.0
"Fixed 1000, uniform",21,10,29,"D 0,1 -> 8,11",91,False,1.0,1960.0,1,False,0.24317511944227457,2.32,21560.0
"Fixed 1000, uniform",21,11,28,"D 0,1 -> 8,9",91,False,0.9186315534180274,1960.0,1,False,0.24317511944227457,2.34,23520.0
"Fixed 1000, uniform",21,12,18,"D 0,1 -> 4,9",91,False,1.0,1960.0,1,False,0.2431749561506072,2.18,25480.0
"Fixed 1000, uniform",21,13,2,S 0 -> 8,91,False,1.0,1960.0,1,False,0.2431749561506072,2.3,27440.0
"Fixed 1000, uniform",21,14,19,"D 0,1 -> 4,11",91,False,0.9999999999960173,1960.0,1,False,0.2431749561506072,2.31,29400.0
"Fixed 1000, uniform",21,15,19,"D 0,1 -> 4,11",91,False,0.9999999999960173,1960.0,1,False,0.2431749561506072,2.18,31360.0
"Fixed 1000, uniform",22,0,23,"D 0,1 -> 6,7",91,False,0.9195557764466734,1960.0,1,False,0.24318730437372557,2.24,1960.0
"Fixed 1000, uniform",22,1,23,"D 0,1 -> 6,7",91,False,0.9999999999837929,1960.0,1,False,0.2431873043737256,2.27,3920.0
"Fixed 1000, uniform",22,2,20,"D 0,1 -> 5,6",91,False,1.0,1960.0,1,False,0.2431873043737256,2.25,5880.0
"Fixed 1000, uniform",22,3,17,"D 0,1 -> 4,7",91,False,1.0,1960.0,1,False,0.2431873043737256,2.27,7840.0
"Fixed 1000, uniform",22,4,5,S 1 -> 7,91,False,1.0,1960.0,1,False,0.2431873043737256,2.25,9800.0
"Fixed 1000, uniform",22,5,16,"D 0,1 -> 4,5",91,False,0.8254832568704625,1960.0,1,False,0.2431873043737256,2.25,11760.0
"Fixed 1000, uniform",22,6,16,"D 0,1 -> 4,5",91,False,0.9999999878021248,1960.0,1,False,0.2431873043737256,2.23,13720.0
"Fixed 1000, uniform",22,7,17,"D 0,1 -> 4,7",91,False,1.0,1960.0,1,False,0.2431873043737256,2.24,15680.0
"Fixed 1000, uniform",22,8,20,"D 0,1 -> 5,6",91,False,1.0,1960.0,1,False,0.2431873043737256,2.23,17640.0
"Fixed 1000, uniform",22,9,34,"D 0,2 -> 4,10",91,False,0.9843128075592945,1960.0,1,False,0.2431873043737256,2.17,19600.0
"Fixed 1000, uniform",22,10,17,"D 0,1 -> 4,7",91,False,1.0,1960.0,1,False,0.24317829331732516,2.19,21560.0
"Fixed 1000, uniform",22,11,18,"D 0,1 -> 4,9",91,False,1.0,1960.0,1,False,0.24317829331732516,2.24,23520.0
"Fixed 1000, uniform",22,12,28,"D 0,1 -> 8,9",91,False,0.9211039437947525,1960.0,1,False,0.24317829331732516,2.17,25480.0
"Fixed 1000, uniform",22,13,5,S 1 -> 7,91,False,1.0,1960.0,1,False,0.24317829304377547,2.16,27440.0
"Fixed 1000, uniform",22,14,28,"D 0,1 -> 8,9",91,False,0.9999999994919617,1960.0,1,False,0.24317829304377547,2.22,29400.0
"Fixed 1000, uniform",22,15,19,"D 0,1 -> 4,11",91,False,0.980957545080194,1960.0,1,False,0.24317829304377547,2.21,31360.0
"Fixed 1000, uniform",23,0,34,"D 0,2 -> 4,10",91,False,0.9841455478438927,1960.0,1,False,0.24318730437372557,2.29,1960.0
"Fixed 1000, uniform",23,1,25,"D 0,1 -> 6,11",91,False,1.0,1960.0,1,False,0.24317818188228252,2.29,3920.0
"Fixed 1000, uniform",23,2,28,"D 0,1 -> 8,9",91,False,0.9195528186661539,1960.0,1,False,0.24317818188228252,2.28,5880.0
"Fixed 1000, uniform",23,3,16,"D 0,1 -> 4,5",91,False,0.8255136083833945,1960.0,1,False,0.2431781819932128,2.28,7840.0
"Fixed 1000, uniform",23,4,22,"D 0,1 -> 5,10",91,False,0.9808827038964414,1960.0,1,False,0.2431782933173491,2.28,9800.0
"Fixed 1000, uniform",23,5,29,"D 0,1 -> 8,11",91,False,1.0,1960.0,1,False,0.24317800933553665,2.27,11760.0
"Fixed 1000, uniform",23,6,18,"D 0,1 -> 4,9",91,False,1.0,1960.0,1,False,0.24317800933553665,2.27,13720.0
"Fixed 1000, uniform",23,7,19,"D 0,1 -> 4,11",91,False,0.9810627785592921,1960.0,1,False,0.24317800933553665,2.31,15680.0
"Fixed 1000, uniform",23,8,4,S 1 -> 5,91,False,0.995143408401704,1960.0,1,False,0.24317772737826535,2.28,17640.0
"Fixed 1000, uniform",23,9,18,"D 0,1 -> 4,9",91,False,1.0,1960.0,1,False,0.24317772629057618,2.21,19600.0
"Fixed 1000, uniform",23,10,18,"D 0,1 -> 4,9",91,False,1.0,1960.0,1,False,0.243177726289319,2.17,21560.0
"Fixed 1000, uniform",23,11,19,"D 0,1 -> 4,11",91,False,0.9999999880934707,1960.0,1,False,0.24317772628091947,2.31,23520.0
"Fixed 1000, uniform",23,12,18,"D 0,1 -> 4,9",91,False,1.0,1960.0,1,False,0.24317772628091947,2.16,25480.0
"Fixed 1000, uniform",23,13,34,"D 0,2 -> 4,10",91,False,0.999999987784812,1960.0,1,False,0.24317772628091947,2.26,27440.0
"Fixed 1000, uniform",23,14,16,"D 0,1 -> 4,5",91,False,0.9999985767996448,1960.0,1,False,0.24317772628091947,2.28,29400.0
"Fixed 1000, uniform",23,15,17,"D 0,1 -> 4,7",91,False,1.0,1960.0,1,False,0.24317762320175604,2.09,31360.0
"Fixed 1000, uniform",24,0,34,"D 0,2 -> 4,10",91,False,0.9841455478438927,1960.0,1,False,0.24318730437372557,2.28,1960.0
"Fixed 1000, uniform",24,1,1,S 0 -> 6,91,False,1.0,1960.0,1,False,0.24317818188228252,2.3,3920.0
"Fixed 1000, uniform",24,2,16,"D 0,1 -> 4,5",91,False,0.8249181454753707,1960.0,1,False,0.24317818188228252,2.28,5880.0
"Fixed 1000, uniform",24,3,23,"D 0,1 -> 6,7",91,False,0.9208643481986997,1960.0,1,False,0.24317829359248977,2.28,7840.0
"Fixed 1000, uniform",24,4,16,"D 0,1 -> 4,5",91,False,0.9999999996627438,1960.0,1,False,0.2431782933225238,2.26,9800.0
"Fixed 1000, uniform",24,5,18,"D 0,1 -> 4,9",91,False,1.0,1960.0,1,False,0.2431782933225238,2.24,11760.0
"Fixed 1000, uniform",24,6,16,"D 0,1 -> 4,5",91,False,0.9999999996627438,1960.0,1,False,0.2431782933225238,2.25,13720.0
"Fixed 1000, uniform",24,7,4,S 1 -> 5,91,False,0.9952576256075026,1960.0,1,False,0.24317829332227428,2.22,15680.0
"Fixed 1000, uniform",24,8,38,"D 0,3 -> 4,5",91,False,0.9938018494408711,1960.0,1,False,0.243178294407553,2.21,17640.0
"Fixed 1000, uniform",24,9,16,"D 0,1 -> 4,5",91,False,0.9999985935728531,1960.0,1,False,0.24317839888691897,2.16,19600.0
"Fixed 1000, uniform",24,10,29,"D 0,1 -> 8,11",91,False,1.0,1960.0,1,False,0.24317828871142635,2.13,21560.0
"Fixed 1000, uniform",24,11,18,"D 0,1 -> 4,9",91,False,1.0,1960.0,1,False,0.24317828871142635,2.18,23520.0
"Fixed 1000, uniform",24,12,16,"D 0,1 -> 4,5",91,False,0.9999999855617859,1960.0,1,False,0.24317828871142635,2.14,25480.0
"Fixed 1000, uniform",24,13,23,"D 0,1 -> 6,7",91,False,0.9999999809208473,1960.0,1,False,0.24317828871667804,2.12,27440.0
"Fixed 1000, uniform",24,14,1,S 0 -> 6,91,False,1.0,1960.0,1,False,0.24317828871667804,2.23,29400.0
"Fixed 1000, uniform",24,15,18,"D 0,1 -> 4,9",91,False,1.0,1960.0,1,False,0.24317828871667804,2.23,31360.0
"Fixed 1000, uniform",25,0,26,"D 0,1 -> 7,8",91,False,1.0,1960.0,1,False,0.24318730437372557,2.3,1960.0
"Fixed 1000, uniform",25,1,27,"D 0,1 -> 7,10",91,False,1.0,1960.0,1,False,0.24318730437372557,2.33,3920.0
"Fixed 1000, uniform",25,2,34,"D 0,2 -> 4,10",91,False,0.9841455478438927,1960.0,1,False,0.24318730437372557,2.32,5880.0
"Fixed 1000, uniform",25,3,5,S 1 -> 7,91,False,1.0,1960.0,1,False,0.24317818188228252,2.29,7840.0
"Fixed 1000, uniform",25,4,17,"D 0,1 -> 4,7",91,False,1.0,1960.0,1,False,0.24317818188228252,2.3,9800.0
"Fixed 1000, uniform",25,5,34,"D 0,2 -> 4,10",91,False,0.9999999999999833,1960.0,1,False,0.24317818188228252,2.29,11760.0
"Fixed 1000, uniform",25,6,28,"D 0,1 -> 8,9",91,False,0.9195528186661539,1960.0,1,False,0.24317818188228252,2.27,13720.0
"Fixed 1000, uniform",25,7,5,S 1 -> 7,91,False,1.0,1960.0,1,False,0.24317818198387203,2.27,15680.0
"Fixed 1000, uniform",25,8,19,"D 0,1 -> 4,11",91,False,0.9789978347834903,1960.0,1,False,0.24317818198387203,2.28,17640.0
"Fixed 1000, uniform",25,9,19,"D 0,1 -> 4,11",91,False,0.9999999999854471,1960.0,1,False,0.24317812312397283,2.18,19600.0
"Fixed 1000, uniform",25,10,5,S 1 -> 7,91,False,1.0,1960.0,1,False,0.24317812312397283,2.15,21560.0
"Fixed 1000, uniform",25,11,5,S 1 -> 7,91,False,1.0,1960.0,1,False,0.24317812312397283,2.22,23520.0
"Fixed 1000, uniform",25,12,0,S 0 -> 4,91,False,0.9994269238396906,1960.0,1,False,0.24317812312397283,2.14,25480.0
"Fixed 1000, uniform",25,13,16,"D 0,1 -> 4,5",91,False,0.8256927963459831,1960.0,1,False,0.24317811157862623,2.18,27440.0
"Fixed 1000, uniform",25,14,17,"D 0,1 -> 4,7",91,False,1.0,1960.0,1,False,0.24317789973474346,2.26,29400.0
"Fixed 1000, uniform",25,15,19,"D 0,1 -> 4,11",91,False,0.9999998815518113,1960.0,1,False,0.24317789973474346,2.23,31360.0
"Fixed 1000, uniform",26,0,18,"D 0,1 -> 4,9",91,False,1.0,1960.0,1,False,0.24318730437372557,2.29,1960.0
"Fixed 1000, uniform",26,1,4,S 1 -> 5,91,False,0.9999999934472215,1960.0,1,False,0.24318730437372557,2.29,3920.0
"Fixed 1000, uniform",26,2,19,"D 0,1 -> 4,11",91,False,0.978923761330198,1960.0,1,False,0.24318730437372557,2.27,5880.0
"Fixed 1000, uniform",26,3,27,"D 0,1 -> 7,10",91,False,1.0,1960.0,1,False,0.24318725313172815,2.26,7840.0
"Fixed 1000, uniform",26,4,68,"D 1,2 -> 9,10",91,False,1.0,1960.0,1,False,0.24318725313172815,2.24,9800.0
"Fixed 1000, uniform",26,5,19,"D 0,1 -> 4,11",91,False,0.999999999999275,1960.0,1,False,0.24318725313172815,2.22,11760.0
"Fixed 1000, uniform",26,6,16,"D 0,1 -> 4,5",91,False,0.8251075578607773,1960.0,1,False,0.24318725313172815,2.25,13720.0
"Fixed 1000, uniform",26,7,21,"D 0,1 -> 5,8",91,False,1.0,1960.0,1,False,0.24318702033688686,2.25,15680.0
"Fixed 1000, uniform",26,8,16,"D 0,1 -> 4,5",91,False,0.9999999976919859,1960.0,1,False,0.24318702033688686,2.25,17640.0
"Fixed 1000, uniform",26,9,19,"D 0,1 -> 4,11",91,False,0.9999999998993624,1960.0,1,False,0.24318702033688686,2.26,19600.0
"Fixed 1000, uniform",26,10,34,"D 0,2 -> 4,10",91,False,0.9843021588894098,1960.0,1,False,0.24318702033688686,2.23,21560.0
"Fixed 1000, uniform",26,11,28,"D 0,1 -> 8,9",91,False,0.9208657010660923,1960.0,1,False,0.2431780030968732,2.26,23520.0
"Fixed 1000, uniform",26,12,5,S 1 -> 7,91,False,1.0,1960.0,1,False,0.24317800522357938,2.1,25480.0
"Fixed 1000, uniform",26,13,18,"D 0,1 -> 4,9",91,False,1.0,1960.0,1,False,0.24317800522357938,2.2,27440.0
"Fixed 1000, uniform",26,14,27,"D 0,1 -> 7,10",91,False,1.0,1960.0,1,False,0.24317800522357938,2.29,29400.0
"Fixed 1000, uniform",26,15,19,"D 0,1 -> 4,11",91,False,0.9999999988824958,1960.0,1,False,0.24317800522357938,2.22,31360.0
"Fixed 1000, uniform",27,0,34,"D 0,2 -> 4,10",91,False,0.9841455478438927,1960.0,1,False,0.24318730437372557,2.32,1960.0
"Fixed 1000, uniform",27,1,20,"D 0,1 -> 5,6",91,False,1.0,1960.0,1,False,0.24317818188228252,2.35,3920.0
"Fixed 1000, uniform",27,2,28,"D 0,1 -> 8,9",91,False,0.9195528186661539,1960.0,1,False,0.24317818188228252,2.38,5880.0
"Fixed 1000, uniform",27,3,18,"D 0,1 -> 4,9",91,False,1.0,1960.0,1,False,0.2431781819932128,2.38,7840.0
"Fixed 1000, uniform",27,4,19,"D 0,1 -> 4,11",91,False,0.9789978348014144,1960.0,1,False,0.24317818198945165,2.42,9800.0
"Fixed 1000, uniform",27,5,2,S 0 -> 8,91,False,1.0,1960.0,1,False,0.24317812312397288,2.36,11760.0
"Fixed 1000, uniform",27,6,18,"D 0,1 -> 4,9",91,False,1.0,1960.0,1,False,0.24317812312397288,2.33,13720.0
"Fixed 1000, uniform",27,7,22,"D 0,1 -> 5,10",91,False,0.979234330760563,1960.0,1,False,0.24317812312397288,2.33,15680.0
"Fixed 1000, uniform",27,8,38,"D 0,3 -> 4,5",91,False,0.9909534570850398,1960.0,1,False,0.24317807194889463,2.34,17640.0
"Fixed 1000, uniform",27,9,18,"D 0,1 -> 4,9",91,False,1.0,1960.0,1,False,0.24317819012396835,2.32,19600.0
"Fixed 1000, uniform",27,10,24,"D 0,1 -> 6,9",91,False,1.0,1960.0,1,False,0.24317819012404315,2.28,21560.0
"Fixed 1000, uniform",27,11,23,"D 0,1 -> 6,7",91,False,0.9198516207655009,1960.0,1,False,0.24317819012404315,2.37,23520.0
"Fixed 1000, uniform",27,12,16,"D 0,1 -> 4,5",91,False,0.8269157220366448,1960.0,1,False,0.24317819107857808,2.21,25480.0
"Fixed 1000, uniform",27,13,19,"D 0,1 -> 4,11",91,False,0.9999999993922277,1960.0,1,False,0.2431778368403989,2.26,27440.0
"Fixed 1000, uniform",27,14,18,"D 0,1 -> 4,9",91,False,1.0,1960.0,1,False,0.2431778368403989,2.32,29400.0
"Fixed 1000, uniform",27,15,22,"D 0,1 -> 5,10",91,False,0.9999999993922462,1960.0,1,False,0.2431778368403989,2.26,31360.0
"Fixed 1000, uniform",28,0,24,"D 0,1 -> 6,9",91,False,1.0,1960.0,1,False,0.24318730437372557,2.32,1960.0
"Fixed 1000, uniform",28,1,38,"D 0,3 -> 4,5",91,False,0.9904029254757726,1960.0,1,False,0.24318730437372557,2.28,3920.0
"Fixed 1000, uniform",28,2,23,"D 0,1 -> 6,7",91,False,0.9195557764466734,1960.0,1,False,0.24318723161189013,2.32,5880.0
"Fixed 1000, uniform",28,3,5,S 1 -> 7,91,False,1.0,1960.0,1,False,0.2431872316127328,2.29,7840.0
"Fixed 1000, uniform",28,4,19,"D 0,1 -> 4,11",91,False,0.9790491711838069,1960.0,1,False,0.24318723161306963,2.29,9800.0
"Fixed 1000, uniform",28,5,5,S 1 -> 7,91,False,1.0,1960.0,1,False,0.24318718129351136,2.3,11760.0
"Fixed 1000, uniform",28,6,16,"D 0,1 -> 4,5",91,False,0.8261051619000256,1960.0,1,False,0.24318718129351136,2.31,13720.0
"Fixed 1000, uniform",28,7,18,"D 0,1 -> 4,9",91,False,1.0,1960.0,1,False,0.24318699910776512,2.34,15680.0
"Fixed 1000, uniform",28,8,16,"D 0,1 -> 4,5",91,False,0.999999999999996,1960.0,1,False,0.24318699910776512,2.3,17640.0
"Fixed 1000, uniform",28,9,19,"D 0,1 -> 4,11",91,False,0.999999999999997,1960.0,1,False,0.24318699910776512,2.29,19600.0
"Fixed 1000, uniform",28,10,24,"D 0,1 -> 6,9",91,False,1.0,1960.0,1,False,0.24318699910776512,2.27,21560.0
"Fixed 1000, uniform",28,11,28,"D 0,1 -> 8,9",91,False,0.9211267436779684,1960.0,1,False,0.24318699910776512,2.29,23520.0
"Fixed 1000, uniform",28,12,5,S 1 -> 7,91,False,1.0,1960.0,1,False,0.24318700133516816,2.2,25480.0
"Fixed 1000, uniform",28,13,28,"D 0,1 -> 8,9",91,False,0.9999999986802812,1960.0,1,False,0.24318700133516816,2.35,27440.0
"Fixed 1000, uniform",28,14,18,"D 0,1 -> 4,9",91,False,1.0,1960.0,1,False,0.24318700133516816,2.38,29400.0
"Fixed 1000, uniform",28,15,16,"D 0,1 -> 4,5",91,False,0.9999999999755063,1960.0,1,False,0.24318700133516816,2.37,31360.0
"Fixed 1000, uniform",29,0,28,"D 0,1 -> 8,9",91,False,0.9195557764466735,1960.0,1,False,0.24318730437372557,2.32,1960.0
"Fixed 1000, uniform",29,1,38,"D 0,3 -> 4,5",91,False,0.9904029560850035,1960.0,1,False,0.2431873043737256,2.31,3920.0
"Fixed 1000, uniform",29,2,2,S 0 -> 8,91,False,1.0,1960.0,1,False,0.24318723161342123,2.3,5880.0
"Fixed 1000, uniform",29,3,23,"D 0,1 -> 6,7",91,False,0.9198037970015208,1960.0,1,False,0.24318723161342123,2.28,7840.0
"Fixed 1000, uniform",29,4,24,"D 0,1 -> 6,9",91,False,1.0,1960.0,1,False,0.24318723161472713,2.24,9800.0
"Fixed 1000, uniform",29,5,34,"D 0,2 -> 4,10",91,False,0.9844758307400792,1960.0,1,False,0.24318723161472713,2.25,11760.0
"Fixed 1000, uniform",29,6,18,"D 0,1 -> 4,9",91,False,1.0,1960.0,1,False,0.24317830025529424,2.26,13720.0
"Fixed 1000, uniform",29,7,19,"D 0,1 -> 4,11",91,False,0.9791218279578532,1960.0,1,False,0.2431783002488744,2.25,15680.0
"Fixed 1000, uniform",29,8,18,"D 0,1 -> 4,9",91,False,1.0,1960.0,1,False,0.24317824188046772,2.25,17640.0
"Fixed 1000, uniform",29,9,24,"D 0,1 -> 6,9",91,False,1.0,1960.0,1,False,0.2431782418908823,2.26,19600.0
"Fixed 1000, uniform",29,10,29,"D 0,1 -> 8,11",91,False,1.0,1960.0,1,False,0.2431782418908823,2.28,21560.0
"Fixed 1000, uniform",29,11,5,S 1 -> 7,91,False,1.0,1960.0,1,False,0.2431782418908823,2.21,23520.0
"Fixed 1000, uniform",29,12,5,S 1 -> 7,91,False,1.0,1960.0,1,False,0.2431782418908823,2.16,25480.0
"Fixed 1000, uniform",29,13,38,"D 0,3 -> 4,5",91,False,0.9999999772620074,1960.0,1,False,0.2431782418908823,2.33,27440.0
"Fixed 1000, uniform",29,14,23,"D 0,1 -> 6,7",91,False,0.9999999999985449,1960.0,1,False,0.24317824189647283,2.31,29400.0
"Fixed 1000, uniform",29,15,25,"D 0,1 -> 6,11",91,False,1.0,1960.0,1,False,0.24317824189647283,2.15,31360.0
"Fixed 3162, designed",0,0,24,"D 0,1 -> 6,9",91,False,1.0,3725.0,1,False,0.24318730437372557,2.33,3725.0
"Fixed 3162, designed",0,1,66,"D 1,2 -> 8,9",91,False,0.9361890435024381,3725.0,1,False,0.24318730437372557,2.21,7450.0
"Fixed 3162, designed",0,2,2,S 0 -> 8,91,False,1.0,3725.0,1,False,0.2431844191686683,2.25,11175.0
"Fixed 3162, designed",0,3,1,S 0 -> 6,91,False,1.0,3725.0,1,False,0.2431844191686683,2.24,14900.0
"Fixed 3162, designed",0,4,51,"D 0,3 -> 8,11",91,False,1.0,3725.0,1,False,0.2431844191686683,2.21,18625.0
"Fixed 3162, designed",0,5,21,"D 0,1 -> 5,8",91,False,1.0,3725.0,1,False,0.2431844191686683,2.21,22350.0
"Fixed 3162, designed",0,6,56,"D 1,2 -> 4,9",91,False,1.0,3725.0,1,False,0.2431844191686683,2.28,26075.0
"Fixed 3162, designed",0,7,65,"D 1,2 -> 7,10",91,False,1.0,3725.0,1,False,0.2431844191686683,2.26,29800.0
"Fixed 3162, designed",0,8,69,"D 1,2 -> 10,11",91,False,0.9707087958089167,3725.0,1,False,0.2431844191686683,2.2,33525.0
"Fixed 3162, designed",0,9,51,"D 0,3 -> 8,11",91,False,1.0,3725.0,1,False,0.24316723445978958,2.33,37250.0
"Fixed 3162, designed",0,10,41,"D 0,3 -> 4,11",91,False,0.9574138276331855,3725.0,1,False,0.24316723445978958,2.19,40975.0
"Fixed 3162, designed",0,11,49,"D 0,3 -> 7,10",91,False,1.0,3725.0,1,False,0.24313132180860833,2.17,44700.0
"Fixed 3162, designed",0,12,19,"D 0,1 -> 4,11",91,False,0.9805729796959737,3725.0,1,False,0.24313132135795265,2.3,48425.0
"Fixed 3162, designed",0,13,57,"D 1,2 -> 4,11",91,False,0.9726634759493673,3725.0,1,False,0.2431315403519116,2.24,52150.0
"Fixed 3162, designed",0,14,38,"D 0,3 -> 4,5",91,False,0.9904948639160629,3725.0,1,False,0.24312344212358097,2.24,55875.0
"Fixed 3162, designed",0,15,62,"D 1,2 -> 6,9",91,False,1.0,3725.0,1,False,0.24312338628915758,2.38,59600.0
"Fixed 3162, designed",1,0,44,"D 0,3 -> 5,10",91,False,0.973271699475823,3725.0,1,False,0.24318730437372557,2.39,3725.0
"Fixed 3162, designed",1,1,62,"D 1,2 -> 6,9",91,False,1.0,3725.0,1,False,0.24317989320160047,2.25,7450.0
"Fixed 3162, designed",1,2,67,"D 1,2 -> 8,11",91,False,1.0,3725.0,1,False,0.24317989320160047,2.27,11175.0
"Fixed 3162, designed",1,3,19,"D 0,1 -> 4,11",91,False,0.9789231667973008,3725.0,1,False,0.24317989320160047,2.23,14900.0
"Fixed 3162, designed",1,4,16,"D 0,1 -> 4,5",91,False,0.8251298944676286,3725.0,1,False,0.2431798419830052,2.22,18625.0
"Fixed 3162, designed",1,5,26,"D 0,1 -> 7,8",91,False,1.0,3725.0,1,False,0.24317967013087408,2.28,22350.0
"Fixed 3162, designed",1,6,21,"D 0,1 -> 5,8",91,False,1.0,3725.0,1,False,0.24317967013087408,2.36,26075.0
"Fixed 3162, designed",1,7,28,"D 0,1 -> 8,9",91,False,0.9208870268508597,3725.0,1,False,0.24317967013087408,2.34,29800.0
"Fixed 3162, designed",1,8,47,"D 0,3 -> 6,11",91,False,1.0,3725.0,1,False,0.24317967238869104,2.27,33525.0
"Fixed 3162, designed",1,9,33,"D 0,2 -> 4,8",91,False,1.0,3725.0,1,False,0.24317967238869104,2.29,37250.0
"Fixed 3162, designed",1,10,51,"D 0,3 -> 8,11",91,False,1.0,3725.0,1,False,0.24317967238869104,2.36,40975.0
"Fixed 3162, designed",1,11,35,"D 0,2 -> 6,8",91,False,1.0,3725.0,1,False,0.24317967238869104,2.32,44700.0
"Fixed 3162, designed",1,12,25,"D 0,1 -> 6,11",91,False,1.0,3725.0,1,False,0.24317967238869104,2.3,48425.0
"Fixed 3162, designed",1,13,46,"D 0,3 -> 6,9",91,False,1.0,3725.0,1,False,0.24317967238869104,2.3,52150.0
"Fixed 3162, designed",1,14,74,"D 1,3 -> 7,11",91,False,1.0,3725.0,1,False,0.24317967238869104,2.31,55875.0
"Fixed 3162, designed",1,15,64,"D 1,2 -> 7,8",91,False,1.0,3725.0,1,False,0.24317967238869104,2.27,59600.0
"Fixed 3162, designed",2,0,1,S 0 -> 6,91,False,1.0,3725.0,1,False,0.24318730437372557,2.43,3725.0
"Fixed 3162, designed",2,1,18,"D 0,1 -> 4,9",91,False,1.0,3725.0,1,False,0.24318730437372557,2.37,7450.0
"Fixed 3162, designed",2,2,53,"D 0,3 -> 10,11",91,False,0.9702389746499549,3725.0,1,False,0.24318730437372557,2.35,11175.0
"Fixed 3162, designed",2,3,18,"D 0,1 -> 4,9",91,False,1.0,3725.0,1,False,0.24316981716098146,2.22,14900.0
"Fixed 3162, designed",2,4,0,S 0 -> 4,91,False,0.9993531623638311,3725.0,1,False,0.24316981708083635,2.22,18625.0
"Fixed 3162, designed",2,5,22,"D 0,1 -> 5,10",91,False,0.9788281031766797,3725.0,1,False,0.24316980800318713,2.19,22350.0
"Fixed 3162, designed",2,6,19,"D 0,1 -> 4,11",91,False,0.9791274439221782,3725.0,1,False,0.2431697389675476,2.3,26075.0
"Fixed 3162, designed",2,7,62,"D 1,2 -> 6,9",91,False,1.0,3725.0,1,False,0.24316968688031582,2.24,29800.0
"Fixed 3162, designed",2,8,19,"D 0,1 -> 4,11",91,False,0.9999999999941143,3725.0,1,False,0.24316968688031582,2.24,33525.0
"Fixed 3162, designed",2,9,60,"D 1,2 -> 5,10",91,False,0.95775742585082,3725.0,1,False,0.24316968688031582,2.22,37250.0
"Fixed 3162, designed",2,10,36,"D 0,2 -> 6,10",91,False,1.0,3725.0,1,False,0.24313405783745157,2.26,40975.0
"Fixed 3162, designed",2,11,1,S 0 -> 6,91,False,1.0,3725.0,1,False,0.24313405742842245,2.25,44700.0
"Fixed 3162, designed",2,12,37,"D 0,2 -> 8,10",91,False,1.0,3725.0,1,False,0.24313405739746946,2.31,48425.0
"Fixed 3162, designed",2,13,26,"D 0,1 -> 7,8",91,False,1.0,3725.0,1,False,0.24313405738419067,2.25,52150.0
"Fixed 3162, designed",2,14,39,"D 0,3 -> 4,7",91,False,1.0,3725.0,1,False,0.24313405738419067,2.25,55875.0
"Fixed 3162, designed",2,15,46,"D 0,3 -> 6,9",91,False,1.0,3725.0,1,False,0.24313405738419067,2.23,59600.0
"Fixed 3162, designed",3,0,35,"D 0,2 -> 6,8",91,False,1.0,3725.0,1,False,0.24318730437372557,2.39,3725.0
"Fixed 3162, designed",3,1,69,"D 1,2 -> 10,11",91,False,0.9702389746499549,3725.0,1,False,0.24318730437372557,2.27,7450.0
"Fixed 3162, designed",3,2,7,S 1 -> 11,91,False,0.9984177269858054,3725.0,1,False,0.24316981716098146,2.25,11175.0
"Fixed 3162, designed",3,3,21,"D 0,1 -> 5,8",91,False,1.0,3725.0,1,False,0.24316970478168934,2.26,14900.0
"Fixed 3162, designed",3,4,25,"D 0,1 -> 6,11",91,False,1.0,3725.0,1,False,0.24316970478168934,2.23,18625.0
"Fixed 3162, designed",3,5,65,"D 1,2 -> 7,10",91,False,1.0,3725.0,1,False,0.24316970478168934,2.21,22350.0
"Fixed 3162, designed",3,6,7,S 1 -> 11,91,False,0.9999999999479515,3725.0,1,False,0.24316970478168934,2.32,26075.0
"Fixed 3162, designed",3,7,56,"D 1,2 -> 4,9",91,False,1.0,3725.0,1,False,0.24316970478168934,2.25,29800.0
"Fixed 3162, designed",3,8,17,"D 0,1 -> 4,7",91,False,1.0,3725.0,1,False,0.24316970478168934,2.21,33525.0
"Fixed 3162, designed",3,9,1,S 0 -> 6,91,False,1.0,3725.0,1,False,0.24316970478168934,2.21,37250.0
"Fixed 3162, designed",3,10,41,"D 0,3 -> 4,11",91,False,0.9574227033447447,3725.0,1,False,0.24316970478168934,2.2,40975.0
"Fixed 3162, designed",3,11,44,"D 0,3 -> 5,10",91,False,0.9743777520683299,3725.0,1,False,0.24313381399052028,2.2,44700.0
"Fixed 3162, designed",3,12,50,"D 0,3 -> 8,9",91,False,0.9359640519385912,3725.0,1,False,0.2431273295690632,2.34,48425.0
"Fixed 3162, designed",3,13,19,"D 0,1 -> 4,11",91,False,0.9806300785547428,3725.0,1,False,0.2431242079818123,2.37,52150.0
"Fixed 3162, designed",3,14,23,"D 0,1 -> 6,7",91,False,0.9195621198807091,3725.0,1,False,0.2431244560206886,2.37,55875.0
"Fixed 3162, designed",3,15,74,"D 1,3 -> 7,11",91,False,1.0,3725.0,1,False,0.24312441776425994,2.37,59600.0
"Fixed 3162, designed",4,0,22,"D 0,1 -> 5,10",91,False,0.9789237613416715,3725.0,1,False,0.24318730437372557,2.41,3725.0
"Fixed 3162, designed",4,1,21,"D 0,1 -> 5,8",91,False,1.0,3725.0,1,False,0.24318725313251685,2.28,7450.0
"Fixed 3162, designed",4,2,64,"D 1,2 -> 7,8",91,False,1.0,3725.0,1,False,0.24318725313251685,2.25,11175.0
"Fixed 3162, designed",4,3,22,"D 0,1 -> 5,10",91,False,0.9999998620674447,3725.0,1,False,0.24318725313251685,2.28,14900.0
"Fixed 3162, designed",4,4,28,"D 0,1 -> 8,9",91,False,0.9195816013364785,3725.0,1,False,0.24318725313251685,2.25,18625.0
"Fixed 3162, designed",4,5,21,"D 0,1 -> 5,8",91,False,1.0,3725.0,1,False,0.24318725361956597,2.25,22350.0
"Fixed 3162, designed",4,6,71,"D 1,3 -> 5,9",91,False,1.0,3725.0,1,False,0.24318725361956597,2.34,26075.0
"Fixed 3162, designed",4,7,7,S 1 -> 11,91,False,0.9999159315653896,3725.0,1,False,0.24318725361956597,2.28,29800.0
"Fixed 3162, designed",4,8,41,"D 0,3 -> 4,11",91,False,0.9574169363858919,3725.0,1,False,0.24318725588164405,2.26,33525.0
"Fixed 3162, designed",4,9,4,S 1 -> 5,91,False,0.9997063798384545,3725.0,1,False,0.24315134699449725,2.21,37250.0
"Fixed 3162, designed",4,10,31,"D 0,1 -> 10,11",91,False,0.9246006672440983,3725.0,1,False,0.2431513467949938,2.19,40975.0
"Fixed 3162, designed",4,11,3,S 0 -> 10,91,False,0.9977804706800747,3725.0,1,False,0.24311818878248534,2.2,44700.0
"Fixed 3162, designed",4,12,71,"D 1,3 -> 5,9",91,False,1.0,3725.0,1,False,0.24311817820207793,2.23,48425.0
"Fixed 3162, designed",4,13,34,"D 0,2 -> 4,10",91,False,0.9864653257849924,3725.0,1,False,0.24311817820207793,2.22,52150.0
"Fixed 3162, designed",4,14,49,"D 0,3 -> 7,10",91,False,1.0,3725.0,1,False,0.24311102573784976,2.25,55875.0
"Fixed 3162, designed",4,15,72,"D 1,3 -> 5,11",91,False,0.9845006305908649,3725.0,1,False,0.24311102573784976,2.25,59600.0
"Fixed 3162, designed",5,0,26,"D 0,1 -> 7,8",91,False,1.0,3725.0,1,False,0.24318730437372557,2.41,3725.0
"Fixed 3162, designed",5,1,49,"D 0,3 -> 7,10",91,False,1.0,3725.0,1,False,0.24318730437372557,2.28,7450.0
"Fixed 3162, designed",5,2,46,"D 0,3 -> 6,9",91,False,1.0,3725.0,1,False,0.24318730437372557,2.26,11175.0
"Fixed 3162, designed",5,3,16,"D 0,1 -> 4,5",91,False,0.8248878159252171,3725.0,1,False,0.24318730437372557,2.22,14900.0
"Fixed 3162, designed",5,4,25,"D 0,1 -> 6,11",91,False,1.0,3725.0,1,False,0.24318730437372557,2.2,18625.0
"Fixed 3162, designed",5,5,41,"D 0,3 -> 4,11",91,False,0.9576591442072769,3725.0,1,False,0.24318730437372557,2.21,22350.0
"Fixed 3162, designed",5,6,3,S 0 -> 10,91,False,0.9991345017270367,3725.0,1,False,0.2431516967815078,2.28,26075.0
"Fixed 3162, designed",5,7,50,"D 0,3 -> 8,9",91,False,0.9360456213530992,3725.0,1,False,0.24315170249896279,2.26,29800.0
"Fixed 3162, designed",5,8,57,"D 1,2 -> 4,11",91,False,0.9735413170799182,3725.0,1,False,0.24314863902345754,2.22,33525.0
"Fixed 3162, designed",5,9,69,"D 1,2 -> 10,11",91,False,0.969297387916983,3725.0,1,False,0.24314146253349075,2.23,37250.0
"Fixed 3162, designed",5,10,5,S 1 -> 7,91,False,1.0,3725.0,1,False,0.24312311489801142,2.22,40975.0
"Fixed 3162, designed",5,11,29,"D 0,1 -> 8,11",91,False,1.0,3725.0,1,False,0.24312311489239502,2.24,44700.0
"Fixed 3162, designed",5,12,47,"D 0,3 -> 6,11",91,False,1.0,3725.0,1,False,0.24312311488701102,2.32,48425.0
"Fixed 3162, designed",5,13,57,"D 1,2 -> 4,11",91,False,0.9999999943136172,3725.0,1,False,0.24312311488701102,2.27,52150.0
"Fixed 3162, designed",5,14,17,"D 0,1 -> 4,7",91,False,1.0,3725.0,1,False,0.24312311488701102,2.26,55875.0
"Fixed 3162, designed",5,15,72,"D 1,3 -> 5,11",91,False,0.9848839905600335,3725.0,1,False,0.24312311488701102,2.21,59600.0
"Fixed 3162, designed",6,0,19,"D 0,1 -> 4,11",91,False,0.9789237613416715,3725.0,1,False,0.24318730437372557,2.36,3725.0
"Fixed 3162, designed",6,1,27,"D 0,1 -> 7,10",91,False,1.0,3725.0,1,False,0.24318725313184614,2.3,7450.0
"Fixed 3162, designed",6,2,55,"D 1,2 -> 4,7",91,False,1.0,3725.0,1,False,0.24318725313184614,2.28,11175.0
"Fixed 3162, designed",6,3,28,"D 0,1 -> 8,9",91,False,0.9195816015054895,3725.0,1,False,0.24318725313184614,2.25,14900.0
"Fixed 3162, designed",6,4,48,"D 0,3 -> 7,8",91,False,1.0,3725.0,1,False,0.24318725361956592,2.24,18625.0
"Fixed 3162, designed",6,5,62,"D 1,2 -> 6,9",91,False,1.0,3725.0,1,False,0.24318725361956592,2.16,22350.0
"Fixed 3162, designed",6,6,46,"D 0,3 -> 6,9",91,False,1.0,3725.0,1,False,0.24318725361956592,2.24,26075.0
"Fixed 3162, designed",6,7,4,S 1 -> 5,91,False,0.9998595397512754,3725.0,1,False,0.24318725361956592,2.25,29800.0
"Fixed 3162, designed",6,8,61,"D 1,2 -> 6,7",91,False,0.9361876217510019,3725.0,1,False,0.2431872536207637,2.19,33525.0
"Fixed 3162, designed",6,9,29,"D 0,1 -> 8,11",91,False,1.0,3725.0,1,False,0.24318436761079892,2.17,37250.0
"Fixed 3162, designed",6,10,3,S 0 -> 10,91,False,0.9999215809273992,3725.0,1,False,0.24318436761079892,2.2,40975.0
"Fixed 3162, designed",6,11,19,"D 0,1 -> 4,11",91,False,0.9999999292919342,3725.0,1,False,0.2431843697252363,2.33,44700.0
"Fixed 3162, designed",6,12,16,"D 0,1 -> 4,5",91,False,0.8256449448701787,3725.0,1,False,0.2431843697252363,2.33,48425.0
"Fixed 3162, designed",6,13,28,"D 0,1 -> 8,9",91,False,0.9999999998034373,3725.0,1,False,0.24318413067646988,2.3,52150.0
"Fixed 3162, designed",6,14,60,"D 1,2 -> 5,10",91,False,0.9572206319120404,3725.0,1,False,0.24318413067774353,2.3,55875.0
"Fixed 3162, designed",6,15,43,"D 0,3 -> 5,8",91,False,1.0,3725.0,1,False,0.24314809645114147,2.34,59600.0
"Fixed 3162, designed",7,0,61,"D 1,2 -> 6,7",91,False,0.936189043502438,3725.0,1,False,0.24318730437372557,2.31,3725.0
"Fixed 3162, designed",7,1,32,"D 0,2 -> 4,6",91,False,1.0,3725.0,1,False,0.2431844191686683,2.25,7450.0
"Fixed 3162, designed",7,2,38,"D 0,3 -> 4,5",91,False,0.990402811613511,3725.0,1,False,0.2431844191686683,2.27,11175.0
"Fixed 3162, designed",7,3,41,"D 0,3 -> 4,11",91,False,0.957434877394713,3725.0,1,False,0.2431843464088298,2.28,14900.0
"Fixed 3162, designed",7,4,53,"D 0,3 -> 10,11",91,False,0.9698615520984125,3725.0,1,False,0.2431484498590364,2.28,18625.0
"Fixed 3162, designed",7,5,46,"D 0,3 -> 6,9",91,False,1.0,3725.0,1,False,0.24313065233437606,2.28,22350.0
"Fixed 3162, designed",7,6,20,"D 0,1 -> 5,6",91,False,1.0,3725.0,1,False,0.24313065233437606,2.28,26075.0
"Fixed 3162, designed",7,7,49,"D 0,3 -> 7,10",91,False,1.0,3725.0,1,False,0.24313065233437606,2.23,29800.0
"Fixed 3162, designed",7,8,72,"D 1,3 -> 5,11",91,False,0.9845044315245297,3725.0,1,False,0.24313065233437606,2.19,33525.0
"Fixed 3162, designed",7,9,1,S 0 -> 6,91,False,1.0,3725.0,1,False,0.2431218598593881,2.19,37250.0
"Fixed 3162, designed",7,10,40,"D 0,3 -> 4,9",91,False,1.0,3725.0,1,False,0.2431218598593881,2.19,40975.0
"Fixed 3162, designed",7,11,72,"D 1,3 -> 5,11",91,False,0.99999999990413,3725.0,1,False,0.2431218598593881,2.13,44700.0
"Fixed 3162, designed",7,12,51,"D 0,3 -> 8,11",91,False,1.0,3725.0,1,False,0.2431218598593881,2.22,48425.0
"Fixed 3162, designed",7,13,45,"D 0,3 -> 6,7",91,False,0.9363549880521498,3725.0,1,False,0.2431218598593881,2.19,52150.0
"Fixed 3162, designed",7,14,65,"D 1,2 -> 7,10",91,False,1.0,3725.0,1,False,0.24311910076920926,2.25,55875.0
"Fixed 3162, designed",7,15,54,"D 1,2 -> 4,5",91,False,0.9898233147243991,3725.0,1,False,0.24311910076920926,2.28,59600.0
"Fixed 3162, designed",8,0,66,"D 1,2 -> 8,9",91,False,0.9361890435024381,3725.0,1,False,0.24318730437372557,2.42,3725.0
"Fixed 3162, designed",8,1,24,"D 0,1 -> 6,9",91,False,1.0,3725.0,1,False,0.2431844191686683,2.34,7450.0
"Fixed 3162, designed",8,2,70,"D 1,3 -> 5,7",91,False,1.0,3725.0,1,False,0.2431844191686683,2.36,11175.0
"Fixed 3162, designed",8,3,5,S 1 -> 7,91,False,1.0,3725.0,1,False,0.2431844191686683,2.25,14900.0
"Fixed 3162, designed",8,4,20,"D 0,1 -> 5,6",91,False,1.0,3725.0,1,False,0.2431844191686683,2.25,18625.0
"Fixed 3162, designed",8,5,60,"D 1,2 -> 5,10",91,False,0.9572234625385023,3725.0,1,False,0.2431844191686683,2.18,22350.0
"Fixed 3162, designed",8,6,18,"D 0,1 -> 4,9",91,False,1.0,3725.0,1,False,0.24314832432857472,2.26,26075.0
"Fixed 3162, designed",8,7,21,"D 0,1 -> 5,8",91,False,1.0,3725.0,1,False,0.24314832432857472,2.21,29800.0
"Fixed 3162, designed",8,8,66,"D 1,2 -> 8,9",91,False,0.9999999999999828,3725.0,1,False,0.24314832432857472,2.19,33525.0
"Fixed 3162, designed",8,9,21,"D 0,1 -> 5,8",91,False,1.0,3725.0,1,False,0.24314832432857472,2.2,37250.0
"Fixed 3162, designed",8,10,59,"D 1,2 -> 5,8",91,False,1.0,3725.0,1,False,0.24314832432857472,2.16,40975.0
"Fixed 3162, designed",8,11,52,"D 0,3 -> 9,10",91,False,1.0,3725.0,1,False,0.24314832432857472,2.15,44700.0
"Fixed 3162, designed",8,12,30,"D 0,1 -> 9,10",91,False,1.0,3725.0,1,False,0.24314832432857472,2.23,48425.0
"Fixed 3162, designed",8,13,35,"D 0,2 -> 6,8",91,False,1.0,3725.0,1,False,0.24314832432857472,2.2,52150.0
"Fixed 3162, designed",8,14,71,"D 1,3 -> 5,9",91,False,1.0,3725.0,1,False,0.24314832432857472,2.22,55875.0
"Fixed 3162, designed",8,15,37,"D 0,2 -> 8,10",91,False,1.0,3725.0,1,False,0.24314832432857472,2.25,59600.0
"Fixed 3162, designed",9,0,53,"D 0,3 -> 10,11",91,False,0.9702389746499549,3725.0,1,False,0.24318730437372557,2.43,3725.0
"Fixed 3162, designed",9,1,49,"D 0,3 -> 7,10",91,False,1.0,3725.0,1,False,0.24316981716098146,2.33,7450.0
"Fixed 3162, designed",9,2,19,"D 0,1 -> 4,11",91,False,0.9788938760779,3725.0,1,False,0.24316981708083635,2.35,11175.0
"Fixed 3162, designed",9,3,49,"D 0,3 -> 7,10",91,False,1.0,3725.0,1,False,0.2431697604264518,2.27,14900.0
"Fixed 3162, designed",9,4,27,"D 0,1 -> 7,10",91,False,1.0,3725.0,1,False,0.2431697604264518,2.24,18625.0
"Fixed 3162, designed",9,5,26,"D 0,1 -> 7,8",91,False,1.0,3725.0,1,False,0.2431697604264518,2.23,22350.0
"Fixed 3162, designed",9,6,66,"D 1,2 -> 8,9",91,False,0.9361844532216258,3725.0,1,False,0.2431697604264518,2.29,26075.0
"Fixed 3162, designed",9,7,43,"D 0,3 -> 5,8",91,False,1.0,3725.0,1,False,0.243166878701998,2.28,29800.0
"Fixed 3162, designed",9,8,26,"D 0,1 -> 7,8",91,False,1.0,3725.0,1,False,0.24316687867423917,2.26,33525.0
"Fixed 3162, designed",9,9,63,"D 1,2 -> 6,11",91,False,1.0,3725.0,1,False,0.24316687867124823,2.18,37250.0
"Fixed 3162, designed",9,10,28,"D 0,1 -> 8,9",91,False,0.9170816070789021,3725.0,1,False,0.24316687867034992,2.16,40975.0
"Fixed 3162, designed",9,11,61,"D 1,2 -> 6,7",91,False,0.9366725250897878,3725.0,1,False,0.24316666465742282,2.23,44700.0
"Fixed 3162, designed",9,12,74,"D 1,3 -> 7,11",91,False,1.0,3725.0,1,False,0.2431638707190395,2.27,48425.0
"Fixed 3162, designed",9,13,3,S 0 -> 10,91,False,0.9984910242507554,3725.0,1,False,0.2431638707190395,2.3,52150.0
"Fixed 3162, designed",9,14,65,"D 1,2 -> 7,10",91,False,1.0,3725.0,1,False,0.24316376361518321,2.27,55875.0
"Fixed 3162, designed",9,15,25,"D 0,1 -> 6,11",91,False,1.0,3725.0,1,False,0.24316376361518321,2.29,59600.0
"Fixed 3162, designed",10,0,46,"D 0,3 -> 6,9",91,False,1.0,3725.0,1,False,0.24318730437372557,2.41,3725.0
"Fixed 3162, designed",10,1,54,"D 1,2 -> 4,5",91,False,0.9904029254757726,3725.0,1,False,0.24318730437372557,2.36,7450.0
"Fixed 3162, designed",10,2,7,S 1 -> 11,91,False,0.9997751336292883,3725.0,1,False,0.24318723161189013,2.35,11175.0
"Fixed 3162, designed",10,3,5,S 1 -> 7,91,False,1.0,3725.0,1,False,0.24318723757234934,2.25,14900.0
"Fixed 3162, designed",10,4,46,"D 0,3 -> 6,9",91,False,1.0,3725.0,1,False,0.24318723757234934,2.24,18625.0
"Fixed 3162, designed",10,5,44,"D 0,3 -> 5,10",91,False,0.9732717001391307,3725.0,1,False,0.24318723757234934,2.17,22350.0
"Fixed 3162, designed",10,6,21,"D 0,1 -> 5,8",91,False,1.0,3725.0,1,False,0.24317982682522454,2.25,26075.0
"Fixed 3162, designed",10,7,57,"D 1,2 -> 4,11",91,False,0.9729591261184585,3725.0,1,False,0.24317982682522454,2.25,29800.0
"Fixed 3162, designed",10,8,58,"D 1,2 -> 5,6",91,False,1.0,3725.0,1,False,0.24317231965612787,2.24,33525.0
"Fixed 3162, designed",10,9,70,"D 1,3 -> 5,7",91,False,1.0,3725.0,1,False,0.24317231965612787,2.21,37250.0
"Fixed 3162, designed",10,10,37,"D 0,2 -> 8,10",91,False,1.0,3725.0,1,False,0.24317231965612787,2.18,40975.0
"Fixed 3162, designed",10,11,24,"D 0,1 -> 6,9",91,False,1.0,3725.0,1,False,0.24317231965612787,2.2,44700.0
"Fixed 3162, designed",10,12,34,"D 0,2 -> 4,10",91,False,0.9832598648269741,3725.0,1,False,0.24317231965612787,2.26,48425.0
"Fixed 3162, designed",10,13,4,S 1 -> 5,91,False,0.9990635567691273,3725.0,1,False,0.243162510074791,2.23,52150.0
"Fixed 3162, designed",10,14,67,"D 1,2 -> 8,11",91,False,1.0,3725.0,1,False,0.243162510406075,2.22,55875.0
"Fixed 3162, designed",10,15,31,"D 0,1 -> 10,11",91,False,0.9239064720111211,3725.0,1,False,0.243162510406075,2.23,59600.0
"Fixed 3162, designed",11,0,43,"D 0,3 -> 5,8",91,False,1.0,3725.0,1,False,0.24318730437372557,2.29,3725.0
"Fixed 3162, designed",11,1,22,"D 0,1 -> 5,10",91,False,0.9789237613416715,3725.0,1,False,0.24318730437372557,2.17,7450.0
"Fixed 3162, designed",11,2,63,"D 1,2 -> 6,11",91,False,1.0,3725.0,1,False,0.24318725313251685,2.18,11175.0
"Fixed 3162, designed",11,3,73,"D 1,3 -> 7,9",91,False,1.0,3725.0,1,False,0.24318725313251685,2.15,14900.0
"Fixed 3162, designed",11,4,63,"D 1,2 -> 6,11",91,False,1.0,3725.0,1,False,0.24318725313251685,2.15,18625.0
"Fixed 3162, designed",11,5,54,"D 1,2 -> 4,5",91,False,0.9904237947777125,3725.0,1,False,0.24318725313251685,2.12,22350.0
"Fixed 3162, designed",11,6,46,"D 0,3 -> 6,9",91,False,1.0,3725.0,1,False,0.2431871808064569,2.19,26075.0
"Fixed 3162, designed",11,7,7,S 1 -> 11,91,False,0.9997516009878605,3725.0,1,False,0.2431871808064569,2.19,29800.0
"Fixed 3162, designed",11,8,5,S 1 -> 7,91,False,1.0,3725.0,1,False,0.24318718738351394,2.15,33525.0
"Fixed 3162, designed",11,9,4,S 1 -> 5,91,False,0.9996237537191336,3725.0,1,False,0.24318718738353176,2.14,37250.0
"Fixed 3162, designed",11,10,46,"D 0,3 -> 6,9",91,False,1.0,3725.0,1,False,0.24318718695765615,2.14,40975.0
"Fixed 3162, designed",11,11,1,S 0 -> 6,91,False,1.0,3725.0,1,False,0.24318718695765615,2.14,44700.0
"Fixed 3162, designed",11,12,18,"D 0,1 -> 4,9",91,False,1.0,3725.0,1,False,0.24318718695765615,2.25,48425.0
"Fixed 3162, designed",11,13,36,"D 0,2 -> 6,10",91,False,1.0,3725.0,1,False,0.24318718695765615,2.28,52150.0
"Fixed 3162, designed",11,14,52,"D 0,3 -> 9,10",91,False,1.0,3725.0,1,False,0.24318718695765615,2.3,55875.0
"Fixed 3162, designed",11,15,25,"D 0,1 -> 6,11",91,False,1.0,3725.0,1,False,0.24318718695765615,2.37,59600.0
"Fixed 3162, designed",12,0,1,S 0 -> 6,91,False,1.0,3725.0,1,False,0.24318730437372557,2.27,3725.0
"Fixed 3162, designed",12,1,41,"D 0,3 -> 4,11",91,False,0.9574172473197158,3725.0,1,False,0.24318730437372557,2.19,7450.0
"Fixed 3162, designed",12,2,46,"D 0,3 -> 6,9",91,False,1.0,3725.0,1,False,0.24315139024878285,2.19,11175.0
"Fixed 3162, designed",12,3,71,"D 1,3 -> 5,9",91,False,1.0,3725.0,1,False,0.24315139024878285,2.19,14900.0
"Fixed 3162, designed",12,4,0,S 0 -> 4,91,False,0.998192722584578,3725.0,1,False,0.24315139024878285,2.22,18625.0
"Fixed 3162, designed",12,5,67,"D 1,2 -> 8,11",91,False,1.0,3725.0,1,False,0.2431513003628717,2.19,22350.0
"Fixed 3162, designed",12,6,54,"D 1,2 -> 4,5",91,False,0.990391054493099,3725.0,1,False,0.2431513003628717,2.26,26075.0
"Fixed 3162, designed",12,7,51,"D 0,3 -> 8,11",91,False,1.0,3725.0,1,False,0.24315122473682196,2.23,29800.0
"Fixed 3162, designed",12,8,35,"D 0,2 -> 6,8",91,False,1.0,3725.0,1,False,0.24315122473682196,2.21,33525.0
"Fixed 3162, designed",12,9,25,"D 0,1 -> 6,11",91,False,1.0,3725.0,1,False,0.24315122473682196,2.2,37250.0
"Fixed 3162, designed",12,10,66,"D 1,2 -> 8,9",91,False,0.935997165469741,3725.0,1,False,0.24315122473682196,2.22,40975.0
"Fixed 3162, designed",12,11,28,"D 0,1 -> 8,9",91,False,0.9170326312270558,3725.0,1,False,0.24314830329880707,2.2,44700.0
"Fixed 3162, designed",12,12,25,"D 0,1 -> 6,11",91,False,1.0,3725.0,1,False,0.2431481253912311,2.31,48425.0
"Fixed 3162, designed",12,13,16,"D 0,1 -> 4,5",91,False,0.8259392192916755,3725.0,1,False,0.2431481254009962,2.3,52150.0
"Fixed 3162, designed",12,14,60,"D 1,2 -> 5,10",91,False,0.9574612835665604,3725.0,1,False,0.24314826996687552,2.26,55875.0
"Fixed 3162, designed",12,15,0,S 0 -> 4,91,False,0.999971285678758,3725.0,1,False,0.24311247146693268,2.28,59600.0
"Fixed 3162, designed",13,0,47,"D 0,3 -> 6,11",91,False,1.0,3725.0,1,False,0.24318730437372557,2.41,3725.0
"Fixed 3162, designed",13,1,72,"D 1,3 -> 5,11",91,False,0.9841455478438927,3725.0,1,False,0.24318730437372557,2.28,7450.0
"Fixed 3162, designed",13,2,64,"D 1,2 -> 7,8",91,False,1.0,3725.0,1,False,0.24317818188228252,2.26,11175.0
"Fixed 3162, designed",13,3,30,"D 0,1 -> 9,10",91,False,1.0,3725.0,1,False,0.24317818188228252,2.24,14900.0
"Fixed 3162, designed",13,4,59,"D 1,2 -> 5,8",91,False,1.0,3725.0,1,False,0.24317818188228252,2.23,18625.0
"Fixed 3162, designed",13,5,28,"D 0,1 -> 8,9",91,False,0.9195528186661539,3725.0,1,False,0.24317818188228252,2.14,22350.0
"Fixed 3162, designed",13,6,43,"D 0,3 -> 5,8",91,False,1.0,3725.0,1,False,0.2431781819932128,2.24,26075.0
"Fixed 3162, designed",13,7,59,"D 1,2 -> 5,8",91,False,1.0,3725.0,1,False,0.24317818198945165,2.24,29800.0
"Fixed 3162, designed",13,8,17,"D 0,1 -> 4,7",91,False,1.0,3725.0,1,False,0.24317818198441318,2.17,33525.0
"Fixed 3162, designed",13,9,62,"D 1,2 -> 6,9",91,False,1.0,3725.0,1,False,0.24317818198441318,2.15,37250.0
"Fixed 3162, designed",13,10,62,"D 1,2 -> 6,9",91,False,1.0,3725.0,1,False,0.24317818198441318,2.15,40975.0
"Fixed 3162, designed",13,11,47,"D 0,3 -> 6,11",91,False,1.0,3725.0,1,False,0.24317818198441318,2.14,44700.0
"Fixed 3162, designed",13,12,34,"D 0,2 -> 4,10",91,False,0.9841450036613708,3725.0,1,False,0.24317818198441318,2.24,48425.0
"Fixed 3162, designed",13,13,49,"D 0,3 -> 7,10",91,False,1.0,3725.0,1,False,0.24316905963521293,2.19,52150.0
"Fixed 3162, designed",13,14,40,"D 0,3 -> 4,9",91,False,1.0,3725.0,1,False,0.2431690596287377,2.19,55875.0
"Fixed 3162, designed",13,15,70,"D 1,3 -> 5,7",91,False,1.0,3725.0,1,False,0.2431690596287377,2.2,59600.0
"Fixed 3162, designed",14,0,69,"D 1,2 -> 10,11",91,False,0.9702389746499549,3725.0,1,False,0.24318730437372557,2.38,3725.0
"Fixed 3162, designed",14,1,31,"D 0,1 -> 10,11",91,False,0.9226198552101413,3725.0,1,False,0.24316981716098146,2.24,7450.0
"Fixed 3162, designed",14,2,62,"D 1,2 -> 6,9",91,False,1.0,3725.0,1,False,0.24313481871011888,2.23,11175.0
"Fixed 3162, designed",14,3,43,"D 0,3 -> 5,8",91,False,1.0,3725.0,1,False,0.24313481871011888,2.21,14900.0
"Fixed 3162, designed",14,4,44,"D 0,3 -> 5,10",91,False,0.9733388327472356,3725.0,1,False,0.24313481871011888,2.22,18625.0
"Fixed 3162, designed",14,5,69,"D 1,2 -> 10,11",91,False,0.9999999999921861,3725.0,1,False,0.2431274609147567,2.21,22350.0
"Fixed 3162, designed",14,6,27,"D 0,1 -> 7,10",91,False,1.0,3725.0,1,False,0.2431274609147567,2.26,26075.0
"Fixed 3162, designed",14,7,21,"D 0,1 -> 5,8",91,False,1.0,3725.0,1,False,0.2431274609147567,2.27,29800.0
"Fixed 3162, designed",14,8,22,"D 0,1 -> 5,10",91,False,0.9817960992638136,3725.0,1,False,0.2431274609147567,2.22,33525.0
"Fixed 3162, designed",14,9,2,S 0 -> 8,91,False,1.0,3725.0,1,False,0.24312770726782715,2.24,37250.0
"Fixed 3162, designed",14,10,40,"D 0,3 -> 4,9",91,False,1.0,3725.0,1,False,0.24312770726782715,2.19,40975.0
"Fixed 3162, designed",14,11,57,"D 1,2 -> 4,11",91,False,0.9723379013673531,3725.0,1,False,0.24312770726782715,2.17,44700.0
"Fixed 3162, designed",14,12,75,"D 1,3 -> 9,11",91,False,1.0,3725.0,1,False,0.2431194248546983,2.25,48425.0
"Fixed 3162, designed",14,13,29,"D 0,1 -> 8,11",91,False,1.0,3725.0,1,False,0.24311942485515833,2.36,52150.0
"Fixed 3162, designed",14,14,53,"D 0,3 -> 10,11",91,False,0.968135834761655,3725.0,1,False,0.24311942485515833,2.42,55875.0
"Fixed 3162, designed",14,15,36,"D 0,2 -> 6,10",91,False,1.0,3725.0,1,False,0.2430998149388121,2.36,59600.0
"Fixed 3162, designed",15,0,41,"D 0,3 -> 4,11",91,False,0.9574172473197158,3725.0,1,False,0.24318730437372557,2.17,3725.0
"Fixed 3162, designed",15,1,49,"D 0,3 -> 7,10",91,False,1.0,3725.0,1,False,0.24315139024878285,2.19,7450.0
"Fixed 3162, designed",15,2,1,S 0 -> 6,91,False,1.0,3725.0,1,False,0.24315139024878285,2.17,11175.0
"Fixed 3162, designed",15,3,30,"D 0,1 -> 9,10",91,False,1.0,3725.0,1,False,0.24315139024878285,2.17,14900.0
"Fixed 3162, designed",15,4,0,S 0 -> 4,91,False,0.998192722584578,3725.0,1,False,0.24315139024878285,2.19,18625.0
"Fixed 3162, designed",15,5,53,"D 0,3 -> 10,11",91,False,0.9701664099031057,3725.0,1,False,0.2431513003628717,2.2,22350.0
"Fixed 3162, designed",15,6,23,"D 0,1 -> 6,7",91,False,0.9195328360696261,3725.0,1,False,0.2431337283846212,2.16,26075.0
"Fixed 3162, designed",15,7,63,"D 1,2 -> 6,11",91,False,1.0,3725.0,1,False,0.24313368122801357,2.12,29800.0
"Fixed 3162, designed",15,8,34,"D 0,2 -> 4,10",91,False,0.9873651154885847,3725.0,1,False,0.24313368122801357,2.11,33525.0
"Fixed 3162, designed",15,9,7,S 1 -> 11,91,False,0.9998022219540562,3725.0,1,False,0.24312725863893808,2.1,37250.0
"Fixed 3162, designed",15,10,53,"D 0,3 -> 10,11",91,False,0.9999999571795072,3725.0,1,False,0.24312726341015656,2.04,40975.0
"Fixed 3162, designed",15,11,56,"D 1,2 -> 4,9",91,False,1.0,3725.0,1,False,0.24312726341015656,2.02,44700.0
"Fixed 3162, designed",15,12,5,S 1 -> 7,91,False,1.0,3725.0,1,False,0.24312726341015656,2.1,48425.0
"Fixed 3162, designed",15,13,32,"D 0,2 -> 4,6",91,False,1.0,3725.0,1,False,0.24312726341015656,2.07,52150.0
"Fixed 3162, designed",15,14,22,"D 0,1 -> 5,10",91,False,0.9789228136737015,3725.0,1,False,0.24312726341015656,2.06,55875.0
"Fixed 3162, designed",15,15,22,"D 0,1 -> 5,10",91,False,0.9999999323379885,3725.0,1,False,0.2431271944892961,2.06,59600.0
"Fixed 3162, designed",16,0,42,"D 0,3 -> 5,6",91,False,1.0,3725.0,1,False,0.24318730437372557,2.26,3725.0
"Fixed 3162, designed",16,1,0,S 0 -> 4,91,False,0.9999999934472216,3725.0,1,False,0.24318730437372557,2.25,7450.0
"Fixed 3162, designed",16,2,70,"D 1,3 -> 5,7",91,False,1.0,3725.0,1,False,0.24318730437372557,2.22,11175.0
"Fixed 3162, designed",16,3,27,"D 0,1 -> 7,10",91,False,1.0,3725.0,1,False,0.24318730437372557,2.23,14900.0
"Fixed 3162, designed",16,4,67,"D 1,2 -> 8,11",91,False,1.0,3725.0,1,False,0.24318730437372557,2.19,18625.0
"Fixed 3162, designed",16,5,50,"D 0,3 -> 8,9",91,False,0.9361890435782549,3725.0,1,False,0.24318730437372557,2.21,22350.0
"Fixed 3162, designed",16,6,2,S 0 -> 8,91,False,1.0,3725.0,1,False,0.24318441845006145,2.24,26075.0
"Fixed 3162, designed",16,7,28,"D 0,1 -> 8,9",91,False,0.9170577610611554,3725.0,1,False,0.24318441845006145,2.2,29800.0
"Fixed 3162, designed",16,8,63,"D 1,2 -> 6,11",91,False,1.0,3725.0,1,False,0.24318424949482442,2.21,33525.0
"Fixed 3162, designed",16,9,75,"D 1,3 -> 9,11",91,False,1.0,3725.0,1,False,0.24318424949482442,2.19,37250.0
"Fixed 3162, designed",16,10,2,S 0 -> 8,91,False,1.0,3725.0,1,False,0.24318424949482442,2.14,40975.0
"Fixed 3162, designed",16,11,29,"D 0,1 -> 8,11",91,False,1.0,3725.0,1,False,0.24318424949482442,2.11,44700.0
"Fixed 3162, designed",16,12,38,"D 0,3 -> 4,5",91,False,0.9892104983346469,3725.0,1,False,0.24318424949482442,2.22,48425.0
"Fixed 3162, designed",16,13,46,"D 0,3 -> 6,9",91,False,1.0,3725.0,1,False,0.2431841338032658,2.13,52150.0
"Fixed 3162, designed",16,14,53,"D 0,3 -> 10,11",91,False,0.9704531920696038,3725.0,1,False,0.2431841338032658,2.1,55875.0
"Fixed 3162, designed",16,15,68,"D 1,2 -> 9,10",91,False,1.0,3725.0,1,False,0.24316671975889453,2.08,59600.0
"Fixed 3162, designed",17,0,16,"D 0,1 -> 4,5",91,False,0.8248878159252171,3725.0,1,False,0.24318730437372557,2.26,3725.0
"Fixed 3162, designed",17,1,23,"D 0,1 -> 6,7",91,False,0.9208674957935769,3725.0,1,False,0.24318730437372557,2.3,7450.0
"Fixed 3162, designed",17,2,38,"D 0,3 -> 4,5",91,False,0.9933096668613818,3725.0,1,False,0.24318730437372557,2.25,11175.0
"Fixed 3162, designed",17,3,0,S 0 -> 4,91,False,0.9951004176770474,3725.0,1,False,0.24318727977682572,2.24,14900.0
"Fixed 3162, designed",17,4,33,"D 0,2 -> 4,8",91,False,1.0,3725.0,1,False,0.24318727876270463,2.23,18625.0
"Fixed 3162, designed",17,5,64,"D 1,2 -> 7,8",91,False,1.0,3725.0,1,False,0.24318727876270463,2.23,22350.0
"Fixed 3162, designed",17,6,36,"D 0,2 -> 6,10",91,False,1.0,3725.0,1,False,0.24318727876270463,2.21,26075.0
"Fixed 3162, designed",17,7,47,"D 0,3 -> 6,11",91,False,1.0,3725.0,1,False,0.24318727876270463,2.19,29800.0
"Fixed 3162, designed",17,8,30,"D 0,1 -> 9,10",91,False,1.0,3725.0,1,False,0.24318727876270463,2.16,33525.0
"Fixed 3162, designed",17,9,53,"D 0,3 -> 10,11",91,False,0.970175143489293,3725.0,1,False,0.24318727876270463,2.16,37250.0
"Fixed 3162, designed",17,10,31,"D 0,1 -> 10,11",91,False,0.9247221030157917,3725.0,1,False,0.24316969307863853,2.03,40975.0
"Fixed 3162, designed",17,11,20,"D 0,1 -> 5,6",91,False,1.0,3725.0,1,False,0.24313651961201999,2.13,44700.0
"Fixed 3162, designed",17,12,28,"D 0,1 -> 8,9",91,False,0.9212753552866213,3725.0,1,False,0.24313651961201999,2.15,48425.0
"Fixed 3162, designed",17,13,41,"D 0,3 -> 4,11",91,False,0.9574133673248499,3725.0,1,False,0.24313669809526067,2.15,52150.0
"Fixed 3162, designed",17,14,5,S 1 -> 7,91,False,1.0,3725.0,1,False,0.24310081713249654,2.11,55875.0
"Fixed 3162, designed",17,15,36,"D 0,2 -> 6,10",91,False,1.0,3725.0,1,False,0.2431008168991964,2.09,59600.0
"Fixed 3162, designed",18,0,1,S 0 -> 6,91,False,1.0,3725.0,1,False,0.24318730437372557,2.26,3725.0
"Fixed 3162, designed",18,1,21,"D 0,1 -> 5,8",91,False,1.0,3725.0,1,False,0.24318730437372557,2.26,7450.0
"Fixed 3162, designed",18,2,25,"D 0,1 -> 6,11",91,False,1.0,3725.0,1,False,0.24318730437372557,2.19,11175.0
"Fixed 3162, designed",18,3,67,"D 1,2 -> 8,11",91,False,1.0,3725.0,1,False,0.24318730437372557,2.15,14900.0
"Fixed 3162, designed",18,4,29,"D 0,1 -> 8,11",91,False,1.0,3725.0,1,False,0.24318730437372557,2.15,18625.0
"Fixed 3162, designed",18,5,4,S 1 -> 5,91,False,0.9999999934472215,3725.0,1,False,0.24318730437372557,2.15,22350.0
"Fixed 3162, designed",18,6,29,"D 0,1 -> 8,11",91,False,1.0,3725.0,1,False,0.24318730437372557,2.16,26075.0
"Fixed 3162, designed",18,7,17,"D 0,1 -> 4,7",91,False,1.0,3725.0,1,False,0.24318730437372557,2.16,29800.0
"Fixed 3162, designed",18,8,2,S 0 -> 8,91,False,1.0,3725.0,1,False,0.24318730437372557,2.14,33525.0
"Fixed 3162, designed",18,9,31,"D 0,1 -> 10,11",91,False,0.9238414219491479,3725.0,1,False,0.24318730437372557,2.17,37250.0
"Fixed 3162, designed",18,10,62,"D 1,2 -> 6,9",91,False,1.0,3725.0,1,False,0.24315365555684124,2.12,40975.0
"Fixed 3162, designed",18,11,39,"D 0,3 -> 4,7",91,False,1.0,3725.0,1,False,0.24315365555684124,2.15,44700.0
"Fixed 3162, designed",18,12,30,"D 0,1 -> 9,10",91,False,1.0,3725.0,1,False,0.24315365555684124,2.17,48425.0
"Fixed 3162, designed",18,13,57,"D 1,2 -> 4,11",91,False,0.973337669916849,3725.0,1,False,0.24315365555684124,2.22,52150.0
"Fixed 3162, designed",18,14,0,S 0 -> 4,91,False,0.9998439605349062,3725.0,1,False,0.24314629716883174,2.15,55875.0
"Fixed 3162, designed",18,15,21,"D 0,1 -> 5,8",91,False,1.0,3725.0,1,False,0.2431462970617754,2.12,59600.0
"Fixed 3162, designed",19,0,75,"D 1,3 -> 9,11",91,False,1.0,3725.0,1,False,0.24318730437372557,2.38,3725.0
"Fixed 3162, designed",19,1,40,"D 0,3 -> 4,9",91,False,1.0,3725.0,1,False,0.24318730437372557,2.38,7450.0
"Fixed 3162, designed",19,2,16,"D 0,1 -> 4,5",91,False,0.8248878159252171,3725.0,1,False,0.24318730437372557,2.26,11175.0
"Fixed 3162, designed",19,3,42,"D 0,3 -> 5,6",91,False,1.0,3725.0,1,False,0.24318730437372557,2.26,14900.0
"Fixed 3162, designed",19,4,32,"D 0,2 -> 4,6",91,False,1.0,3725.0,1,False,0.24318730437372557,2.22,18625.0
"Fixed 3162, designed",19,5,32,"D 0,2 -> 4,6",91,False,1.0,3725.0,1,False,0.24318730437372557,2.18,22350.0
"Fixed 3162, designed",19,6,34,"D 0,2 -> 4,10",91,False,0.9843133211423476,3725.0,1,False,0.24318730437372557,2.18,26075.0
"Fixed 3162, designed",19,7,60,"D 1,2 -> 5,10",91,False,0.9578071509045656,3725.0,1,False,0.2431782936011412,2.12,29800.0
"Fixed 3162, designed",19,8,45,"D 0,3 -> 6,7",91,False,0.9361784590203748,3725.0,1,False,0.24314304873777684,2.13,33525.0
"Fixed 3162, designed",19,9,54,"D 1,2 -> 4,5",91,False,0.9933714246401275,3725.0,1,False,0.24314016509206013,2.07,37250.0
"Fixed 3162, designed",19,10,49,"D 0,3 -> 7,10",91,False,1.0,3725.0,1,False,0.24314014648814958,2.06,40975.0
"Fixed 3162, designed",19,11,42,"D 0,3 -> 5,6",91,False,1.0,3725.0,1,False,0.24314014648814958,2.09,44700.0
"Fixed 3162, designed",19,12,2,S 0 -> 8,91,False,1.0,3725.0,1,False,0.24314014648814958,2.1,48425.0
"Fixed 3162, designed",19,13,28,"D 0,1 -> 8,9",91,False,0.920850138998497,3725.0,1,False,0.24314014648814958,2.12,52150.0
"Fixed 3162, designed",19,14,74,"D 1,3 -> 7,11",91,False,1.0,3725.0,1,False,0.24314014552481164,2.08,55875.0
"Fixed 3162, designed",19,15,45,"D 0,3 -> 6,7",91,False,0.99999999910648,3725.0,1,False,0.24314014552481164,2.06,59600.0
"Fixed 3162, designed",20,0,43,"D 0,3 -> 5,8",91,False,1.0,3725.0,1,False,0.24318730437372557,2.4,3725.0
"Fixed 3162, designed",20,1,30,"D 0,1 -> 9,10",91,False,1.0,3725.0,1,False,0.24318730437372557,2.29,7450.0
"Fixed 3162, designed",20,2,16,"D 0,1 -> 4,5",91,False,0.8248878159252171,3725.0,1,False,0.24318730437372557,2.28,11175.0
"Fixed 3162, designed",20,3,2,S 0 -> 8,91,False,1.0,3725.0,1,False,0.24318730437372557,2.16,14900.0
"Fixed 3162, designed",20,4,38,"D 0,3 -> 4,5",91,False,0.9933194022279416,3725.0,1,False,0.24318730437372557,2.18,18625.0
"Fixed 3162, designed",20,5,61,"D 1,2 -> 6,7",91,False,0.9361897528156146,3725.0,1,False,0.24318727990001832,2.17,22350.0
"Fixed 3162, designed",20,6,22,"D 0,1 -> 5,10",91,False,0.9808034709203667,3725.0,1,False,0.24318439473696807,2.17,26075.0
"Fixed 3162, designed",20,7,60,"D 1,2 -> 5,10",91,False,0.9577790529602043,3725.0,1,False,0.24318411143124102,2.2,29800.0
"Fixed 3162, designed",20,8,65,"D 1,2 -> 7,10",91,False,1.0,3725.0,1,False,0.24314860139299763,2.2,33525.0
"Fixed 3162, designed",20,9,20,"D 0,1 -> 5,6",91,False,1.0,3725.0,1,False,0.24314860139299763,2.13,37250.0
"Fixed 3162, designed",20,10,37,"D 0,2 -> 8,10",91,False,1.0,3725.0,1,False,0.24314860139299763,2.16,40975.0
"Fixed 3162, designed",20,11,24,"D 0,1 -> 6,9",91,False,1.0,3725.0,1,False,0.24314860139299763,2.17,44700.0
"Fixed 3162, designed",20,12,71,"D 1,3 -> 5,9",91,False,1.0,3725.0,1,False,0.24314860139299763,2.18,48425.0
"Fixed 3162, designed",20,13,69,"D 1,2 -> 10,11",91,False,0.9705854300547828,3725.0,1,False,0.24314860139299763,2.17,52150.0
"Fixed 3162, designed",20,14,6,S 1 -> 9,91,False,1.0,3725.0,1,False,0.24313129530042307,2.14,55875.0
"Fixed 3162, designed",20,15,50,"D 0,3 -> 8,9",91,False,0.9360481203159361,3725.0,1,False,0.24313129520751645,2.11,59600.0
"Fixed 3162, designed",21,0,63,"D 1,2 -> 6,11",91,False,1.0,3725.0,1,False,0.24318730437372557,2.3,3725.0
"Fixed 3162, designed",21,1,39,"D 0,3 -> 4,7",91,False,1.0,3725.0,1,False,0.24318730437372557,2.23,7450.0
"Fixed 3162, designed",21,2,61,"D 1,2 -> 6,7",91,False,0.936189043502438,3725.0,1,False,0.24318730437372557,2.22,11175.0
"Fixed 3162, designed",21,3,57,"D 1,2 -> 4,11",91,False,0.9730779146946096,3725.0,1,False,0.2431844191686683,2.21,14900.0
"Fixed 3162, designed",21,4,72,"D 1,3 -> 5,11",91,False,0.9833839167490666,3725.0,1,False,0.2431769426861288,2.19,18625.0
"Fixed 3162, designed",21,5,53,"D 0,3 -> 10,11",91,False,0.9702175259236075,3725.0,1,False,0.24316722999355767,2.17,22350.0
"Fixed 3162, designed",21,6,3,S 0 -> 10,91,False,0.9984133552977399,3725.0,1,False,0.24314971563529414,2.13,26075.0
"Fixed 3162, designed",21,7,49,"D 0,3 -> 7,10",91,False,1.0,3725.0,1,False,0.2431496018386956,2.14,29800.0
"Fixed 3162, designed",21,8,64,"D 1,2 -> 7,8",91,False,1.0,3725.0,1,False,0.2431496018386956,2.21,33525.0
"Fixed 3162, designed",21,9,18,"D 0,1 -> 4,9",91,False,1.0,3725.0,1,False,0.2431496018386956,2.12,37250.0
"Fixed 3162, designed",21,10,26,"D 0,1 -> 7,8",91,False,1.0,3725.0,1,False,0.2431496018386956,2.09,40975.0
"Fixed 3162, designed",21,11,7,S 1 -> 11,91,False,0.9985977924197328,3725.0,1,False,0.2431496018386956,2.2,44700.0
"Fixed 3162, designed",21,12,30,"D 0,1 -> 9,10",91,False,1.0,3725.0,1,False,0.24314964020135799,2.16,48425.0
"Fixed 3162, designed",21,13,30,"D 0,1 -> 9,10",91,False,1.0,3725.0,1,False,0.24314964020135799,2.18,52150.0
"Fixed 3162, designed",21,14,4,S 1 -> 5,91,False,0.9984230630956896,3725.0,1,False,0.24314964020135799,2.13,55875.0
"Fixed 3162, designed",21,15,73,"D 1,3 -> 7,9",91,False,1.0,3725.0,1,False,0.2431496129227027,2.03,59600.0
"Fixed 3162, designed",22,0,71,"D 1,3 -> 5,9",91,False,1.0,3725.0,1,False,0.24318730437372557,2.2,3725.0
"Fixed 3162, designed",22,1,28,"D 0,1 -> 8,9",91,False,0.9195557764466735,3725.0,1,False,0.24318730437372557,2.21,7450.0
"Fixed 3162, designed",22,2,55,"D 1,2 -> 4,7",91,False,1.0,3725.0,1,False,0.2431873043737256,2.25,11175.0
"Fixed 3162, designed",22,3,24,"D 0,1 -> 6,9",91,False,1.0,3725.0,1,False,0.2431873043737256,2.24,14900.0
"Fixed 3162, designed",22,4,3,S 0 -> 10,91,False,0.9999398470509321,3725.0,1,False,0.2431873043737256,2.22,18625.0
"Fixed 3162, designed",22,5,39,"D 0,3 -> 4,7",91,False,1.0,3725.0,1,False,0.24318730599412444,2.22,22350.0
"Fixed 3162, designed",22,6,25,"D 0,1 -> 6,11",91,False,1.0,3725.0,1,False,0.24318730599412944,2.2,26075.0
"Fixed 3162, designed",22,7,30,"D 0,1 -> 9,10",91,False,1.0,3725.0,1,False,0.24318730599412944,2.14,29800.0
"Fixed 3162, designed",22,8,73,"D 1,3 -> 7,9",91,False,1.0,3725.0,1,False,0.24318730599412944,2.13,33525.0
"Fixed 3162, designed",22,9,47,"D 0,3 -> 6,11",91,False,1.0,3725.0,1,False,0.24318730599412944,2.2,37250.0
"Fixed 3162, designed",22,10,3,S 0 -> 10,91,False,0.9999999997224276,3725.0,1,False,0.24318730599412944,2.03,40975.0
"Fixed 3162, designed",22,11,58,"D 1,2 -> 5,6",91,False,1.0,3725.0,1,False,0.24318730599412944,2.08,44700.0
"Fixed 3162, designed",22,12,54,"D 1,2 -> 4,5",91,False,0.9904029561490325,3725.0,1,False,0.24318730599412944,2.09,48425.0
"Fixed 3162, designed",22,13,19,"D 0,1 -> 4,11",91,False,0.9790343830828142,3725.0,1,False,0.24318723323308317,2.14,52150.0
"Fixed 3162, designed",22,14,41,"D 0,3 -> 4,11",91,False,0.9577588085465405,3725.0,1,False,0.24318718330174213,2.09,55875.0
"Fixed 3162, designed",22,15,28,"D 0,1 -> 8,9",91,False,0.9999999814160301,3725.0,1,False,0.24315155773615305,2.09,59600.0
"Fixed 3162, designed",23,0,17,"D 0,1 -> 4,7",91,False,1.0,3725.0,1,False,0.24318730437372557,2.34,3725.0
"Fixed 3162, designed",23,1,69,"D 1,2 -> 10,11",91,False,0.9702389746499549,3725.0,1,False,0.24318730437372557,2.31,7450.0
"Fixed 3162, designed",23,2,64,"D 1,2 -> 7,8",91,False,1.0,3725.0,1,False,0.24316981716098146,2.24,11175.0
"Fixed 3162, designed",23,3,29,"D 0,1 -> 8,11",91,False,1.0,3725.0,1,False,0.24316981708083635,2.24,14900.0
"Fixed 3162, designed",23,4,31,"D 0,1 -> 10,11",91,False,0.9226198497847579,3725.0,1,False,0.24316981708083635,2.24,18625.0
"Fixed 3162, designed",23,5,59,"D 1,2 -> 5,8",91,False,1.0,3725.0,1,False,0.24313481871011888,2.22,22350.0
"Fixed 3162, designed",23,6,24,"D 0,1 -> 6,9",91,False,1.0,3725.0,1,False,0.24313481871011888,2.22,26075.0
"Fixed 3162, designed",23,7,3,S 0 -> 10,91,False,0.9993665134097627,3725.0,1,False,0.24313481871011888,2.14,29800.0
"Fixed 3162, designed",23,8,73,"D 1,3 -> 7,9",91,False,1.0,3725.0,1,False,0.2431348297553418,2.13,33525.0
"Fixed 3162, designed",23,9,28,"D 0,1 -> 8,9",91,False,0.9197560422662844,3725.0,1,False,0.24313482976173798,2.14,37250.0
"Fixed 3162, designed",23,10,2,S 0 -> 8,91,False,1.0,3725.0,1,False,0.24313502338599,2.17,40975.0
"Fixed 3162, designed",23,11,68,"D 1,2 -> 9,10",91,False,1.0,3725.0,1,False,0.24313502338599,2.3,44700.0
"Fixed 3162, designed",23,12,27,"D 0,1 -> 7,10",91,False,1.0,3725.0,1,False,0.24313502338599,2.22,48425.0
"Fixed 3162, designed",23,13,22,"D 0,1 -> 5,10",91,False,0.980664328017802,3725.0,1,False,0.24313502338599,2.19,52150.0
"Fixed 3162, designed",23,14,18,"D 0,1 -> 4,9",91,False,1.0,3725.0,1,False,0.2431351907792332,2.12,55875.0
"Fixed 3162, designed",23,15,38,"D 0,3 -> 4,5",91,False,0.9903827153783341,3725.0,1,False,0.2431351907818543,2.08,59600.0
"Fixed 3162, designed",24,0,2,S 0 -> 8,91,False,1.0,3725.0,1,False,0.24318730437372557,2.28,3725.0
"Fixed 3162, designed",24,1,56,"D 1,2 -> 4,9",91,False,1.0,3725.0,1,False,0.24318730437372557,2.29,7450.0
"Fixed 3162, designed",24,2,5,S 1 -> 7,91,False,1.0,3725.0,1,False,0.24318730437372557,2.25,11175.0
"Fixed 3162, designed",24,3,54,"D 1,2 -> 4,5",91,False,0.9904029254757726,3725.0,1,False,0.24318730437372557,2.22,14900.0
"Fixed 3162, designed",24,4,42,"D 0,3 -> 5,6",91,False,1.0,3725.0,1,False,0.24318723161189013,2.19,18625.0
"Fixed 3162, designed",24,5,25,"D 0,1 -> 6,11",91,False,1.0,3725.0,1,False,0.24318723161189013,2.18,22350.0
"Fixed 3162, designed",24,6,49,"D 0,3 -> 7,10",91,False,1.0,3725.0,1,False,0.24318723161189013,2.21,26075.0
"Fixed 3162, designed",24,7,23,"D 0,1 -> 6,7",91,False,0.9195557764466734,3725.0,1,False,0.24318723161189013,2.2,29800.0
"Fixed 3162, designed",24,8,61,"D 1,2 -> 6,7",91,False,0.9347138091990788,3725.0,1,False,0.2431872316127328,2.22,33525.0
"Fixed 3162, designed",24,9,42,"D 0,3 -> 5,6",91,False,1.0,3725.0,1,False,0.24318413969693806,2.13,37250.0
"Fixed 3162, designed",24,10,22,"D 0,1 -> 5,10",91,False,0.9790554056571839,3725.0,1,False,0.24318413969693806,2.03,40975.0
"Fixed 3162, designed",24,11,41,"D 0,3 -> 4,11",91,False,0.9574129314531824,3725.0,1,False,0.24318408954144602,2.09,44700.0
"Fixed 3162, designed",24,12,31,"D 0,1 -> 10,11",91,False,0.9246159299535898,3725.0,1,False,0.24314817319234394,2.11,48425.0
"Fixed 3162, designed",24,13,24,"D 0,1 -> 6,9",91,False,1.0,3725.0,1,False,0.24311501973282898,2.17,52150.0
"Fixed 3162, designed",24,14,36,"D 0,2 -> 6,10",91,False,1.0,3725.0,1,False,0.24311501973282898,2.18,55875.0
"Fixed 3162, designed",24,15,46,"D 0,3 -> 6,9",91,False,1.0,3725.0,1,False,0.24311501973282898,2.13,59600.0
"Fixed 3162, designed",25,0,4,S 1 -> 5,91,False,0.9999999934472215,3725.0,1,False,0.24318730437372557,2.29,3725.0
"Fixed 3162, designed",25,1,26,"D 0,1 -> 7,8",91,False,1.0,3725.0,1,False,0.24318730437372557,2.27,7450.0
"Fixed 3162, designed",25,2,46,"D 0,3 -> 6,9",91,False,1.0,3725.0,1,False,0.24318730437372557,2.24,11175.0
"Fixed 3162, designed",25,3,63,"D 1,2 -> 6,11",91,False,1.0,3725.0,1,False,0.24318730437372557,2.23,14900.0
"Fixed 3162, designed",25,4,43,"D 0,3 -> 5,8",91,False,1.0,3725.0,1,False,0.24318730437372557,2.2,18625.0
"Fixed 3162, designed",25,5,4,S 1 -> 5,91,False,0.9999999999999999,3725.0,1,False,0.24318730437372557,2.22,22350.0
"Fixed 3162, designed",25,6,53,"D 0,3 -> 10,11",91,False,0.9702389746499549,3725.0,1,False,0.24318730437372557,2.21,26075.0
"Fixed 3162, designed",25,7,57,"D 1,2 -> 4,11",91,False,0.973269895317552,3725.0,1,False,0.243169817005789,2.26,29800.0
"Fixed 3162, designed",25,8,71,"D 1,3 -> 5,9",91,False,1.0,3725.0,1,False,0.24316240971700495,2.24,33525.0
"Fixed 3162, designed",25,9,17,"D 0,1 -> 4,7",91,False,1.0,3725.0,1,False,0.24316240970345074,2.09,37250.0
"Fixed 3162, designed",25,10,64,"D 1,2 -> 7,8",91,False,1.0,3725.0,1,False,0.24316240968413402,2.18,40975.0
"Fixed 3162, designed",25,11,26,"D 0,1 -> 7,8",91,False,1.0,3725.0,1,False,0.24316240968413402,2.16,44700.0
"Fixed 3162, designed",25,12,19,"D 0,1 -> 4,11",91,False,0.9800864622389235,3725.0,1,False,0.24316240968413402,2.13,48425.0
"Fixed 3162, designed",25,13,49,"D 0,3 -> 7,10",91,False,1.0,3725.0,1,False,0.24316246103747638,2.12,52150.0
"Fixed 3162, designed",25,14,44,"D 0,3 -> 5,10",91,False,0.9723096976668425,3725.0,1,False,0.2431624610195683,2.15,55875.0
"Fixed 3162, designed",25,15,0,S 0 -> 4,91,False,0.9998090384396224,3725.0,1,False,0.24315415751420794,2.09,59600.0
"Fixed 3162, designed",26,0,33,"D 0,2 -> 4,8",91,False,1.0,3725.0,1,False,0.24318730437372557,2.29,3725.0
"Fixed 3162, designed",26,1,37,"D 0,2 -> 8,10",91,False,1.0,3725.0,1,False,0.24318730437372557,2.27,7450.0
"Fixed 3162, designed",26,2,7,S 1 -> 11,91,False,0.9999999924381954,3725.0,1,False,0.24318730437372557,2.24,11175.0
"Fixed 3162, designed",26,3,38,"D 0,3 -> 4,5",91,False,0.9904029254757807,3725.0,1,False,0.24318730437392957,2.23,14900.0
"Fixed 3162, designed",26,4,59,"D 1,2 -> 5,8",91,False,1.0,3725.0,1,False,0.2431872316103276,2.21,18625.0
"Fixed 3162, designed",26,5,69,"D 1,2 -> 10,11",91,False,0.9702389623579954,3725.0,1,False,0.2431872316103276,2.24,22350.0
"Fixed 3162, designed",26,6,66,"D 1,2 -> 8,9",91,False,0.9364021671182531,3725.0,1,False,0.2431696463760985,2.25,26075.0
"Fixed 3162, designed",26,7,37,"D 0,2 -> 8,10",91,False,1.0,3725.0,1,False,0.24316709186132482,2.25,29800.0
"Fixed 3162, designed",26,8,50,"D 0,3 -> 8,9",91,False,0.936298550570958,3725.0,1,False,0.24316709186132482,2.26,33525.0
"Fixed 3162, designed",26,9,55,"D 1,2 -> 4,7",91,False,1.0,3725.0,1,False,0.24316422800497972,2.09,37250.0
"Fixed 3162, designed",26,10,0,S 0 -> 4,91,False,0.9990690528930629,3725.0,1,False,0.2431642279848246,2.05,40975.0
"Fixed 3162, designed",26,11,72,"D 1,3 -> 5,11",91,False,0.9850101044131652,3725.0,1,False,0.24316423052129374,2.12,44700.0
"Fixed 3162, designed",26,12,56,"D 1,2 -> 4,9",91,False,1.0,3725.0,1,False,0.24315588302422303,2.17,48425.0
"Fixed 3162, designed",26,13,38,"D 0,3 -> 4,5",91,False,0.9999998281595103,3725.0,1,False,0.24315588302422303,2.17,52150.0
"Fixed 3162, designed",26,14,1,S 0 -> 6,91,False,1.0,3725.0,1,False,0.24315588302422303,2.11,55875.0
"Fixed 3162, designed",26,15,29,"D 0,1 -> 8,11",91,False,1.0,3725.0,1,False,0.24315588302422303,2.02,59600.0
"Fixed 3162, designed",27,0,43,"D 0,3 -> 5,8",91,False,1.0,3725.0,1,False,0.24318730437372557,2.25,3725.0
"Fixed 3162, designed",27,1,38,"D 0,3 -> 4,5",91,False,0.9904029254757726,3725.0,1,False,0.24318730437372557,2.21,7450.0
"Fixed 3162, designed",27,2,59,"D 1,2 -> 5,8",91,False,1.0,3725.0,1,False,0.24318723161189013,2.16,11175.0
"Fixed 3162, designed",27,3,22,"D 0,1 -> 5,10",91,False,0.9789340096876182,3725.0,1,False,0.24318723161189013,2.19,14900.0
"Fixed 3162, designed",27,4,39,"D 0,3 -> 4,7",91,False,1.0,3725.0,1,False,0.24318718055057117,2.17,18625.0
"Fixed 3162, designed",27,5,75,"D 1,3 -> 9,11",91,False,1.0,3725.0,1,False,0.24318718055057117,2.21,22350.0
"Fixed 3162, designed",27,6,73,"D 1,3 -> 7,9",91,False,1.0,3725.0,1,False,0.24318718055057117,2.21,26075.0
"Fixed 3162, designed",27,7,47,"D 0,3 -> 6,11",91,False,1.0,3725.0,1,False,0.24318718055057117,2.22,29800.0
"Fixed 3162, designed",27,8,37,"D 0,2 -> 8,10",91,False,1.0,3725.0,1,False,0.24318718055057117,2.16,33525.0
"Fixed 3162, designed",27,9,30,"D 0,1 -> 9,10",91,False,1.0,3725.0,1,False,0.24318718055057117,2.09,37250.0
"Fixed 3162, designed",27,10,19,"D 0,1 -> 4,11",91,False,0.9791683984102888,3725.0,1,False,0.24318718055057117,2.15,40975.0
"Fixed 3162, designed",27,11,61,"D 1,2 -> 6,7",91,False,0.9361890245259379,3725.0,1,False,0.2431871318417497,2.2,44700.0
"Fixed 3162, designed",27,12,0,S 0 -> 4,91,False,0.9996467317897454,3725.0,1,False,0.24318424665706972,2.15,48425.0
"Fixed 3162, designed",27,13,53,"D 0,3 -> 10,11",91,False,0.969949548603312,3725.0,1,False,0.24318424650341453,2.14,52150.0
"Fixed 3162, designed",27,14,5,S 1 -> 7,91,False,1.0,3725.0,1,False,0.24316655425342854,2.19,55875.0
"Fixed 3162, designed",27,15,69,"D 1,2 -> 10,11",91,False,0.970803012801177,3725.0,1,False,0.24316655425342854,2.08,59600.0
"Fixed 3162, designed",28,0,34,"D 0,2 -> 4,10",91,False,0.9841455478438927,3725.0,1,False,0.24318730437372557,2.22,3725.0
"Fixed 3162, designed",28,1,49,"D 0,3 -> 7,10",91,False,1.0,3725.0,1,False,0.24317818188228252,2.23,7450.0
"Fixed 3162, designed",28,2,29,"D 0,1 -> 8,11",91,False,1.0,3725.0,1,False,0.24317818188228252,2.22,11175.0
"Fixed 3162, designed",28,3,44,"D 0,3 -> 5,10",91,False,0.9728373335838294,3725.0,1,False,0.24317818188228252,2.19,14900.0
"Fixed 3162, designed",28,4,34,"D 0,2 -> 4,10",91,False,0.9999999999999947,3725.0,1,False,0.24317018383148678,2.2,18625.0
"Fixed 3162, designed",28,5,16,"D 0,1 -> 4,5",91,False,0.8249432824962871,3725.0,1,False,0.24317018383148678,2.18,22350.0
"Fixed 3162, designed",28,6,33,"D 0,2 -> 4,8",91,False,1.0,3725.0,1,False,0.2431703605267729,2.16,26075.0
"Fixed 3162, designed",28,7,61,"D 1,2 -> 6,7",91,False,0.936185635428033,3725.0,1,False,0.2431703605267729,2.18,29800.0
"Fixed 3162, designed",28,8,22,"D 0,1 -> 5,10",91,False,0.9819968271943322,3725.0,1,False,0.24316747628800703,2.2,33525.0
"Fixed 3162, designed",28,9,4,S 1 -> 5,91,False,0.9944922250732663,3725.0,1,False,0.2431673075274631,2.13,37250.0
"Fixed 3162, designed",28,10,7,S 1 -> 11,91,False,0.9998053246211234,3725.0,1,False,0.2431673025518517,2.07,40975.0
"Fixed 3162, designed",28,11,29,"D 0,1 -> 8,11",91,False,1.0,3725.0,1,False,0.24316730729222305,2.18,44700.0
"Fixed 3162, designed",28,12,3,S 0 -> 10,91,False,0.9986557117332817,3725.0,1,False,0.24316730729222305,2.12,48425.0
"Fixed 3162, designed",28,13,54,"D 1,2 -> 4,5",91,False,0.9920327112232881,3725.0,1,False,0.2431673422523016,2.18,52150.0
"Fixed 3162, designed",28,14,40,"D 0,3 -> 4,9",91,False,1.0,3725.0,1,False,0.24316727450422612,2.12,55875.0
"Fixed 3162, designed",28,15,31,"D 0,1 -> 10,11",91,False,0.9261314768011507,3725.0,1,False,0.24316727443272307,2.05,59600.0
"Fixed 3162, designed",29,0,64,"D 1,2 -> 7,8",91,False,1.0,3725.0,1,False,0.24318730437372557,2.21,3725.0
"Fixed 3162, designed",29,1,72,"D 1,3 -> 5,11",91,False,0.9841455478438927,3725.0,1,False,0.24318730437372557,2.19,7450.0
"Fixed 3162, designed",29,2,47,"D 0,3 -> 6,11",91,False,1.0,3725.0,1,False,0.24317818188228252,2.21,11175.0
"Fixed 3162, designed",29,3,69,"D 1,2 -> 10,11",91,False,0.970759098689337,3725.0,1,False,0.24317818188228252,2.18,14900.0
"Fixed 3162, designed",29,4,43,"D 0,3 -> 5,8",91,False,1.0,3725.0,1,False,0.24316152033231364,2.19,18625.0
"Fixed 3162, designed",29,5,34,"D 0,2 -> 4,10",91,False,0.9841124492198859,3725.0,1,False,0.24316152033231364,2.19,22350.0
"Fixed 3162, designed",29,6,27,"D 0,1 -> 7,10",91,False,1.0,3725.0,1,False,0.243152368732624,2.17,26075.0
"Fixed 3162, designed",29,7,23,"D 0,1 -> 6,7",91,False,0.919544511187773,3725.0,1,False,0.243152368732624,2.13,29800.0
"Fixed 3162, designed",29,8,33,"D 0,2 -> 4,8",91,False,1.0,3725.0,1,False,0.24315232770910555,2.13,33525.0
"Fixed 3162, designed",29,9,47,"D 0,3 -> 6,11",91,False,1.0,3725.0,1,False,0.24315232776172746,2.06,37250.0
"Fixed 3162, designed",29,10,3,S 0 -> 10,91,False,0.9996263296963119,3725.0,1,False,0.24315232776172746,2.01,40975.0
"Fixed 3162, designed",29,11,23,"D 0,1 -> 6,7",91,False,0.9999999882766029,3725.0,1,False,0.2431523143431291,2.17,44700.0
"Fixed 3162, designed",29,12,29,"D 0,1 -> 8,11",91,False,1.0,3725.0,1,False,0.2431523143619424,2.14,48425.0
"Fixed 3162, designed",29,13,39,"D 0,3 -> 4,7",91,False,1.0,3725.0,1,False,0.2431523143619424,2.08,52150.0
"Fixed 3162, designed",29,14,65,"D 1,2 -> 7,10",91,False,1.0,3725.0,1,False,0.2431523143619424,2.07,55875.0
"Fixed 3162, designed",29,15,71,"D 1,3 -> 5,9",91,False,1.0,3725.0,1,False,0.2431523143619424,2.06,59600.0
"Fixed 3162, uniform",0,0,22,"D 0,1 -> 5,10",91,False,0.9789237613416715,3920.0,1,False,0.24318730437372557,2.05,3920.0
"Fixed 3162, uniform",0,1,18,"D 0,1 -> 4,9",91,False,1.0,3920.0,1,False,0.24318725313251685,2.02,7840.0
"Fixed 3162, uniform",0,2,5,S 1 -> 7,91,False,1.0,3920.0,1,False,0.24318725313251685,2.02,11760.0
"Fixed 3162, uniform",0,3,4,S 1 -> 5,91,False,0.999847786874434,3920.0,1,False,0.24318725313251685,2.01,15680.0
"Fixed 3162, uniform",0,4,19,"D 0,1 -> 4,11",91,False,0.9791439568750844,3920.0,1,False,0.24318725311758635,2.09,19600.0
"Fixed 3162, uniform",0,5,28,"D 0,1 -> 8,9",91,False,0.9196062092846038,3920.0,1,False,0.2431872039841118,2.05,23520.0
"Fixed 3162, uniform",0,6,69,"D 1,2 -> 10,11",91,False,0.9702100647574697,3920.0,1,False,0.24318720492651072,2.08,27440.0
"Fixed 3162, uniform",0,7,18,"D 0,1 -> 4,9",91,False,1.0,3920.0,1,False,0.24316964818514358,2.09,31360.0
"Fixed 3162, uniform",0,8,4,S 1 -> 5,91,False,0.9999999999778921,3920.0,1,False,0.24316964818514358,2.07,35280.0
"Fixed 3162, uniform",0,9,34,"D 0,2 -> 4,10",91,False,0.9840946120633837,3920.0,1,False,0.24316964818514358,2.09,39200.0
"Fixed 3162, uniform",0,10,16,"D 0,1 -> 4,5",91,False,0.8259579745178467,3920.0,1,False,0.24316048527810094,2.03,43120.0
"Fixed 3162, uniform",0,11,72,"D 1,3 -> 5,11",91,False,0.9851303262368656,3920.0,1,False,0.24316021984255232,2.09,47040.0
"Fixed 3162, uniform",0,12,19,"D 0,1 -> 4,11",91,False,0.9999995795587027,3920.0,1,False,0.24315195786730018,2.11,50960.0
"Fixed 3162, uniform",0,13,19,"D 0,1 -> 4,11",91,False,0.9999999974153885,3920.0,1,False,0.25212080042637264,2.09,54880.0
"Fixed 3162, uniform",0,14,28,"D 0,1 -> 8,9",91,False,0.9963891195856863,3920.0,1,False,0.25212080042637264,2.13,58800.0
"Fixed 3162, uniform",0,15,19,"D 0,1 -> 4,11",91,False,0.9999999999424123,3920.0,1,False,0.2521206836612492,2.17,62720.0
"Fixed 3162, uniform",1,0,18,"D 0,1 -> 4,9",91,False,1.0,3920.0,1,False,0.24318730437372557,2.1,3920.0
"Fixed 3162, uniform",1,1,4,S 1 -> 5,91,False,0.9999999934472215,3920.0,1,False,0.24318730437372557,2.03,7840.0
"Fixed 3162, uniform",1,2,1,S 0 -> 6,91,False,1.0,3920.0,1,False,0.24318730437372557,2.07,11760.0
"Fixed 3162, uniform",1,3,23,"D 0,1 -> 6,7",91,False,0.9195557764795292,3920.0,1,False,0.24318730437372557,2.01,15680.0
"Fixed 3162, uniform",1,4,16,"D 0,1 -> 4,5",91,False,0.825472811996141,3920.0,1,False,0.24318730437372557,2.1,19600.0
"Fixed 3162, uniform",1,5,28,"D 0,1 -> 8,9",91,False,0.9210858099461744,3920.0,1,False,0.24318730437372552,2.07,23520.0
"Fixed 3162, uniform",1,6,16,"D 0,1 -> 4,5",91,False,1.0,3920.0,1,False,0.24318730437372546,2.13,27440.0
"Fixed 3162, uniform",1,7,18,"D 0,1 -> 4,9",91,False,1.0,3920.0,1,False,0.24318730437372546,2.1,31360.0
"Fixed 3162, uniform",1,8,20,"D 0,1 -> 5,6",91,False,1.0,3920.0,1,False,0.24318730437372546,2.11,35280.0
"Fixed 3162, uniform",1,9,34,"D 0,2 -> 4,10",91,False,0.9843138174577304,3920.0,1,False,0.24318730437372546,2.12,39200.0
"Fixed 3162, uniform",1,10,23,"D 0,1 -> 6,7",91,False,0.9999999999647545,3920.0,1,False,0.24317829443216707,2.08,43120.0
"Fixed 3162, uniform",1,11,4,S 1 -> 5,91,False,0.9999800895310853,3920.0,1,False,0.24317829443216707,2.09,47040.0
"Fixed 3162, uniform",1,12,16,"D 0,1 -> 4,5",91,False,0.9999999999110227,3920.0,1,False,0.24317822118574878,2.09,50960.0
"Fixed 3162, uniform",1,13,16,"D 0,1 -> 4,5",91,False,0.9999999999110227,3920.0,1,False,0.24317822118574878,2.08,54880.0
"Fixed 3162, uniform",1,14,34,"D 0,2 -> 4,10",91,False,0.9999999999914463,3920.0,1,False,0.24317822118574878,2.13,58800.0
"Fixed 3162, uniform",1,15,18,"D 0,1 -> 4,9",91,False,1.0,3920.0,1,False,0.24317822118574878,2.13,62720.0
"Fixed 3162, uniform",2,0,34,"D 0,2 -> 4,10",91,False,0.9841455478438927,3920.0,1,False,0.24318730437372557,2.1,3920.0
"Fixed 3162, uniform",2,1,26,"D 0,1 -> 7,8",91,False,1.0,3920.0,1,False,0.24317818188228252,2.11,7840.0
"Fixed 3162, uniform",2,2,18,"D 0,1 -> 4,9",91,False,1.0,3920.0,1,False,0.24317818188228252,2.12,11760.0
"Fixed 3162, uniform",2,3,34,"D 0,2 -> 4,10",91,False,0.9999999999999833,3920.0,1,False,0.24317818188228252,2.07,15680.0
"Fixed 3162, uniform",2,4,34,"D 0,2 -> 4,10",91,False,0.9999999999999833,3920.0,1,False,0.24317818188228252,2.1,19600.0
"Fixed 3162, uniform",2,5,19,"D 0,1 -> 4,11",91,False,0.9788972892421588,3920.0,1,False,0.24317818188228252,2.11,23520.0
"Fixed 3162, uniform",2,6,18,"D 0,1 -> 4,9",91,False,1.0,3920.0,1,False,0.24317812249553103,2.16,27440.0
"Fixed 3162, uniform",2,7,18,"D 0,1 -> 4,9",91,False,1.0,3920.0,1,False,0.24317812249553103,2.18,31360.0
"Fixed 3162, uniform",2,8,17,"D 0,1 -> 4,7",91,False,1.0,3920.0,1,False,0.24317812249553103,2.19,35280.0
"Fixed 3162, uniform",2,9,18,"D 0,1 -> 4,9",91,False,1.0,3920.0,1,False,0.24317812249553103,2.18,39200.0
"Fixed 3162, uniform",2,10,18,"D 0,1 -> 4,9",91,False,1.0,3920.0,1,False,0.24317812249553103,2.19,43120.0
"Fixed 3162, uniform",2,11,18,"D 0,1 -> 4,9",91,False,1.0,3920.0,1,False,0.24317812249553103,2.16,47040.0
"Fixed 3162, uniform",2,12,45,"D 0,3 -> 6,7",91,False,0.9361866952724461,3920.0,1,False,0.24317812249553103,2.1,50960.0
"Fixed 3162, uniform",2,13,34,"D 0,2 -> 4,10",91,False,0.9999999636410272,3920.0,1,False,0.24317523749530917,2.13,54880.0
"Fixed 3162, uniform",2,14,38,"D 0,3 -> 4,5",91,False,0.9897977397787763,3920.0,1,False,0.24317523749530917,2.16,58800.0
"Fixed 3162, uniform",2,15,19,"D 0,1 -> 4,11",91,False,1.0,3920.0,1,False,0.24317534383260236,2.16,62720.0
"Fixed 3162, uniform",3,0,16,"D 0,1 -> 4,5",91,False,0.8248878159252171,3920.0,1,False,0.24318730437372557,2.07,3920.0
"Fixed 3162, uniform",3,1,16,"D 0,1 -> 4,5",91,False,0.999999999192111,3920.0,1,False,0.24318730437372557,2.12,7840.0
"Fixed 3162, uniform",3,2,16,"D 0,1 -> 4,5",91,False,0.999999999192111,3920.0,1,False,0.24318730437372557,2.12,11760.0
"Fixed 3162, uniform",3,3,18,"D 0,1 -> 4,9",91,False,1.0,3920.0,1,False,0.24318730437372557,2.08,15680.0
"Fixed 3162, uniform",3,4,4,S 1 -> 5,91,False,0.9953902715417223,3920.0,1,False,0.24318730437372557,2.07,19600.0
"Fixed 3162, uniform",3,5,64,"D 1,2 -> 7,8",91,False,1.0,3920.0,1,False,0.24318730437372552,2.09,23520.0
"Fixed 3162, uniform",3,6,23,"D 0,1 -> 6,7",91,False,0.9208466215146166,3920.0,1,False,0.24318730437372552,2.09,27440.0
"Fixed 3162, uniform",3,7,4,S 1 -> 5,91,False,0.9999999999616862,3920.0,1,False,0.24318730437372546,2.1,31360.0
"Fixed 3162, uniform",3,8,5,S 1 -> 7,91,False,1.0,3920.0,1,False,0.24318730437372546,2.13,35280.0
"Fixed 3162, uniform",3,9,24,"D 0,1 -> 6,9",91,False,1.0,3920.0,1,False,0.24318730437372546,2.11,39200.0
"Fixed 3162, uniform",3,10,16,"D 0,1 -> 4,5",91,False,0.9999987114893627,3920.0,1,False,0.24318730437372546,2.08,43120.0
"Fixed 3162, uniform",3,11,4,S 1 -> 5,91,False,0.99999992774536,3920.0,1,False,0.24318730437372557,2.16,47040.0
"Fixed 3162, uniform",3,12,34,"D 0,2 -> 4,10",91,False,0.9842303071583622,3920.0,1,False,0.24318730437372577,2.26,50960.0
"Fixed 3162, uniform",3,13,2,S 0 -> 8,91,False,1.0,3920.0,1,False,0.24317822336377384,2.25,54880.0
"Fixed 3162, uniform",3,14,29,"D 0,1 -> 8,11",91,False,1.0,3920.0,1,False,0.24317822336377384,2.25,58800.0
"Fixed 3162, uniform",3,15,27,"D 0,1 -> 7,10",91,False,1.0,3920.0,1,False,0.24317822336377384,2.22,62720.0
"Fixed 3162, uniform",4,0,26,"D 0,1 -> 7,8",91,False,1.0,3920.0,1,False,0.24318730437372557,2.06,3920.0
"Fixed 3162, uniform",4,1,28,"D 0,1 -> 8,9",91,False,0.9195557764466735,3920.0,1,False,0.24318730437372557,2.0,7840.0
"Fixed 3162, uniform",4,2,34,"D 0,2 -> 4,10",91,False,0.9841455984106136,3920.0,1,False,0.2431873043737256,2.0,11760.0
"Fixed 3162, uniform",4,3,19,"D 0,1 -> 4,11",91,False,0.9789978348338895,3920.0,1,False,0.2431781820019798,2.01,15680.0
"Fixed 3162, uniform",4,4,1,S 0 -> 6,91,False,1.0,3920.0,1,False,0.24317812312362166,2.1,19600.0
"Fixed 3162, uniform",4,5,29,"D 0,1 -> 8,11",91,False,1.0,3920.0,1,False,0.24317812312362166,2.09,23520.0
"Fixed 3162, uniform",4,6,16,"D 0,1 -> 4,5",91,False,0.8257314765729671,3920.0,1,False,0.24317812312362166,2.1,27440.0
"Fixed 3162, uniform",4,7,18,"D 0,1 -> 4,9",91,False,1.0,3920.0,1,False,0.24317800411917306,2.07,31360.0
"Fixed 3162, uniform",4,8,72,"D 1,3 -> 5,11",91,False,0.9843048519548386,3920.0,1,False,0.24317800411917306,2.06,35280.0
"Fixed 3162, uniform",4,9,34,"D 0,2 -> 4,10",91,False,0.9999999503228204,3920.0,1,False,0.24316898562459216,2.05,39200.0
"Fixed 3162, uniform",4,10,19,"D 0,1 -> 4,11",91,False,0.9999997284508544,3920.0,1,False,0.24316898562459216,2.02,43120.0
"Fixed 3162, uniform",4,11,16,"D 0,1 -> 4,5",91,False,0.9999992748500441,3920.0,1,False,0.2431689855892225,2.11,47040.0
"Fixed 3162, uniform",4,12,18,"D 0,1 -> 4,9",91,False,1.0,3920.0,1,False,0.2431689855874722,2.11,50960.0
"Fixed 3162, uniform",4,13,4,S 1 -> 5,79,False,0.9908787464206046,3920.0,1,False,0.1299777882000522,2.11,54880.0
"Fixed 3162, uniform",4,14,18,"D 0,1 -> 4,9",79,False,1.0,3920.0,1,False,0.1299800959798409,2.13,58800.0
"Fixed 3162, uniform",4,15,5,S 1 -> 7,79,False,1.0,3920.0,1,False,0.1299800959798409,2.13,62720.0
"Fixed 3162, uniform",5,0,4,S 1 -> 5,91,False,0.9999999934472215,3920.0,1,False,0.24318730437372557,2.07,3920.0
"Fixed 3162, uniform",5,1,34,"D 0,2 -> 4,10",91,False,0.9841455478438927,3920.0,1,False,0.24318730437372557,2.04,7840.0
"Fixed 3162, uniform",5,2,18,"D 0,1 -> 4,9",91,False,1.0,3920.0,1,False,0.24317818188728707,2.05,11760.0
"Fixed 3162, uniform",5,3,0,S 0 -> 4,91,False,0.9997331002259638,3920.0,1,False,0.2431781818814771,2.08,15680.0
"Fixed 3162, uniform",5,4,29,"D 0,1 -> 8,11",91,False,1.0,3920.0,1,False,0.24317817653609158,2.13,19600.0
"Fixed 3162, uniform",5,5,16,"D 0,1 -> 4,5",91,False,0.824900489038881,3920.0,1,False,0.24317817653609158,2.08,23520.0
"Fixed 3162, uniform",5,6,23,"D 0,1 -> 6,7",91,False,0.9208220574093591,3920.0,1,False,0.24317819896416557,2.09,27440.0
"Fixed 3162, uniform",5,7,21,"D 0,1 -> 5,8",91,False,1.0,3920.0,1,False,0.24317819601615367,2.09,31360.0
"Fixed 3162, uniform",5,8,23,"D 0,1 -> 6,7",91,False,0.9999999784024507,3920.0,1,False,0.2431781960167244,2.13,35280.0
"Fixed 3162, uniform",5,9,19,"D 0,1 -> 4,11",91,False,0.9807853464082608,3920.0,1,False,0.2431781960167244,2.12,39200.0
"Fixed 3162, uniform",5,10,63,"D 1,2 -> 6,11",91,False,1.0,3920.0,1,False,0.24317790171799028,2.09,43120.0
"Fixed 3162, uniform",5,11,18,"D 0,1 -> 4,9",91,False,1.0,3920.0,1,False,0.24317790172187115,2.17,47040.0
"Fixed 3162, uniform",5,12,19,"D 0,1 -> 4,11",91,False,0.9999999885633408,3920.0,1,False,0.24317790172187115,2.18,50960.0
"Fixed 3162, uniform",5,13,18,"D 0,1 -> 4,9",91,False,1.0,3920.0,1,False,0.24317790172187115,2.15,54880.0
"Fixed 3162, uniform",5,14,16,"D 0,1 -> 4,5",91,False,0.9999999999460886,3920.0,1,False,0.24317790172187115,2.12,58800.0
"Fixed 3162, uniform",5,15,21,"D 0,1 -> 5,8",91,False,1.0,3920.0,1,False,0.24317790172187115,2.12,62720.0
"Fixed 3162, uniform",6,0,25,"D 0,1 -> 6,11",91,False,1.0,3920.0,1,False,0.24318730437372557,2.14,3920.0
"Fixed 3162, uniform",6,1,29,"D 0,1 -> 8,11",91,False,1.0,3920.0,1,False,0.24318730437372557,2.16,7840.0
"Fixed 3162, uniform",6,2,16,"D 0,1 -> 4,5",91,False,0.8248878159252171,3920.0,1,False,0.24318730437372557,2.1,11760.0
"Fixed 3162, uniform",6,3,28,"D 0,1 -> 8,9",91,False,0.9208674957935769,3920.0,1,False,0.24318730437372557,2.06,15680.0
"Fixed 3162, uniform",6,4,16,"D 0,1 -> 4,5",91,False,0.999999999999166,3920.0,1,False,0.24318730437372557,2.09,19600.0
"Fixed 3162, uniform",6,5,18,"D 0,1 -> 4,9",91,False,1.0,3920.0,1,False,0.24318730437372557,2.1,23520.0
"Fixed 3162, uniform",6,6,5,S 1 -> 7,91,False,1.0,3920.0,1,False,0.24318730437372557,2.09,27440.0
"Fixed 3162, uniform",6,7,38,"D 0,3 -> 4,5",91,False,0.9933096668613818,3920.0,1,False,0.24318730437372557,2.08,31360.0
"Fixed 3162, uniform",6,8,34,"D 0,2 -> 4,10",91,False,0.9845428706863593,3920.0,1,False,0.24318727977682655,2.09,35280.0
"Fixed 3162, uniform",6,9,18,"D 0,1 -> 4,9",91,False,1.0,3920.0,1,False,0.24317839755045778,2.1,39200.0
"Fixed 3162, uniform",6,10,18,"D 0,1 -> 4,9",91,False,1.0,3920.0,1,False,0.24317839755045778,2.06,43120.0
"Fixed 3162, uniform",6,11,1,S 0 -> 6,91,False,1.0,3920.0,1,False,0.24317839755045778,2.13,47040.0
"Fixed 3162, uniform",6,12,18,"D 0,1 -> 4,9",91,False,1.0,3920.0,1,False,0.24317839755045778,2.16,50960.0
"Fixed 3162, uniform",6,13,34,"D 0,2 -> 4,10",91,False,0.9999999897291718,3920.0,1,False,0.24317839755045778,2.11,54880.0
"Fixed 3162, uniform",6,14,41,"D 0,3 -> 4,11",91,False,0.9585109552914959,3920.0,1,False,0.24317839755045778,2.11,58800.0
"Fixed 3162, uniform",6,15,34,"D 0,2 -> 4,10",91,False,0.9999999816240289,3920.0,1,False,0.24314474958572652,2.13,62720.0
"Fixed 3162, uniform",7,0,18,"D 0,1 -> 4,9",91,False,1.0,3920.0,1,False,0.24318730437372557,2.14,3920.0
"Fixed 3162, uniform",7,1,16,"D 0,1 -> 4,5",91,False,0.8248878159252171,3920.0,1,False,0.24318730437372557,2.15,7840.0
"Fixed 3162, uniform",7,2,19,"D 0,1 -> 4,11",91,False,0.9807993624009327,3920.0,1,False,0.24318730437372557,2.1,11760.0
"Fixed 3162, uniform",7,3,25,"D 0,1 -> 6,11",91,False,1.0,3920.0,1,False,0.24318702057199426,2.06,15680.0
"Fixed 3162, uniform",7,4,19,"D 0,1 -> 4,11",91,False,0.9999999999999828,3920.0,1,False,0.24318702057199426,2.13,19600.0
"Fixed 3162, uniform",7,5,18,"D 0,1 -> 4,9",91,False,1.0,3920.0,1,False,0.24318702057199426,2.12,23520.0
"Fixed 3162, uniform",7,6,38,"D 0,3 -> 4,5",91,False,0.9933350888617353,3920.0,1,False,0.24318702057199426,2.09,27440.0
"Fixed 3162, uniform",7,7,17,"D 0,1 -> 4,7",91,False,1.0,3920.0,1,False,0.24318699685682832,2.1,31360.0
"Fixed 3162, uniform",7,8,5,S 1 -> 7,91,False,1.0,3920.0,1,False,0.24318699685682832,2.15,35280.0
"Fixed 3162, uniform",7,9,38,"D 0,3 -> 4,5",91,False,0.9999999979038492,3920.0,1,False,0.24318699685682832,2.17,39200.0
"Fixed 3162, uniform",7,10,19,"D 0,1 -> 4,11",91,False,0.9999999999221156,3920.0,1,False,0.24318699685682832,2.15,43120.0
"Fixed 3162, uniform",7,11,21,"D 0,1 -> 5,8",91,False,1.0,3920.0,1,False,0.24318699685682832,2.13,47040.0
"Fixed 3162, uniform",7,12,4,S 1 -> 5,91,False,0.9953764294602359,3920.0,1,False,0.24318699685682832,2.19,50960.0
"Fixed 3162, uniform",7,13,19,"D 0,1 -> 4,11",91,False,0.9999999997314123,3920.0,1,False,0.24318699639279,2.18,54880.0
"Fixed 3162, uniform",7,14,25,"D 0,1 -> 6,11",91,False,1.0,3920.0,1,False,0.24318699639279,2.2,58800.0
"Fixed 3162, uniform",7,15,5,S 1 -> 7,91,False,1.0,3920.0,1,False,0.24318699639279,2.2,62720.0
"Fixed 3162, uniform",8,0,34,"D 0,2 -> 4,10",91,False,0.9841455478438927,3920.0,1,False,0.24318730437372557,2.08,3920.0
"Fixed 3162, uniform",8,1,17,"D 0,1 -> 4,7",91,False,1.0,3920.0,1,False,0.24317818188228252,2.02,7840.0
"Fixed 3162, uniform",8,2,19,"D 0,1 -> 4,11",91,False,0.9788972892421588,3920.0,1,False,0.24317818188228252,2.06,11760.0
"Fixed 3162, uniform",8,3,19,"D 0,1 -> 4,11",91,False,0.9999998925466195,3920.0,1,False,0.24317812249665538,2.09,15680.0
"Fixed 3162, uniform",8,4,28,"D 0,1 -> 8,9",91,False,0.9195786736420076,3920.0,1,False,0.24317812249597098,2.16,19600.0
"Fixed 3162, uniform",8,5,5,S 1 -> 7,91,False,1.0,3920.0,1,False,0.24317812312393441,2.09,23520.0
"Fixed 3162, uniform",8,6,30,"D 0,1 -> 9,10",91,False,1.0,3920.0,1,False,0.24317812312393441,2.1,27440.0
"Fixed 3162, uniform",8,7,27,"D 0,1 -> 7,10",91,False,1.0,3920.0,1,False,0.24317812312393441,2.09,31360.0
"Fixed 3162, uniform",8,8,34,"D 0,2 -> 4,10",91,False,0.9999999999342977,3920.0,1,False,0.24317812312393441,2.14,35280.0
"Fixed 3162, uniform",8,9,18,"D 0,1 -> 4,9",91,False,1.0,3920.0,1,False,0.24317812312393441,2.08,39200.0
"Fixed 3162, uniform",8,10,16,"D 0,1 -> 4,5",91,False,0.8257314770571529,3920.0,1,False,0.24317812312393441,2.03,43120.0
"Fixed 3162, uniform",8,11,17,"D 0,1 -> 4,7",91,False,1.0,3920.0,1,False,0.24317800411917312,2.08,47040.0
"Fixed 3162, uniform",8,12,34,"D 0,2 -> 4,10",91,False,0.9999999999999811,3920.0,1,False,0.24317800411917312,2.08,50960.0
"Fixed 3162, uniform",8,13,18,"D 0,1 -> 4,9",91,False,1.0,3920.0,1,False,0.24317800411917312,2.07,54880.0
"Fixed 3162, uniform",8,14,27,"D 0,1 -> 7,10",91,False,1.0,3920.0,1,False,0.24317800411917312,2.32,58800.0
"Fixed 3162, uniform",8,15,19,"D 0,1 -> 4,11",91,False,0.9999999999999947,3920.0,1,False,0.24317800411917312,2.35,62720.0
"Fixed 3162, uniform",9,0,28,"D 0,1 -> 8,9",91,False,0.9195557764466735,3920.0,1,False,0.24318730437372557,2.07,3920.0
"Fixed 3162, uniform",9,1,34,"D 0,2 -> 4,10",91,False,0.9841455984106136,3920.0,1,False,0.2431873043737256,2.12,7840.0
"Fixed 3162, uniform",9,2,34,"D 0,2 -> 4,10",91,False,0.9999999696472466,3920.0,1,False,0.2431781820019798,2.11,11760.0
"Fixed 3162, uniform",9,3,18,"D 0,1 -> 4,9",91,False,1.0,3920.0,1,False,0.2431781820019798,2.08,15680.0
"Fixed 3162, uniform",9,4,4,S 1 -> 5,91,False,0.9998465666723553,3920.0,1,False,0.2431781820019798,2.15,19600.0
"Fixed 3162, uniform",9,5,18,"D 0,1 -> 4,9",91,False,1.0,3920.0,1,False,0.24317818198858276,2.16,23520.0
"Fixed 3162, uniform",9,6,16,"D 0,1 -> 4,5",91,False,0.8255032294735902,3920.0,1,False,0.2431781819941209,2.22,27440.0
"Fixed 3162, uniform",9,7,34,"D 0,2 -> 4,10",91,False,0.99999999989027,3920.0,1,False,0.2431782947720231,2.2,31360.0
"Fixed 3162, uniform",9,8,18,"D 0,1 -> 4,9",91,False,1.0,3920.0,1,False,0.2431782947720231,2.29,35280.0
"Fixed 3162, uniform",9,9,18,"D 0,1 -> 4,9",91,False,1.0,3920.0,1,False,0.2431782947720231,2.13,39200.0
"Fixed 3162, uniform",9,10,19,"D 0,1 -> 4,11",91,False,0.9808773212621354,3920.0,1,False,0.2431782947720231,2.1,43120.0
"Fixed 3162, uniform",9,11,5,S 1 -> 7,91,False,1.0,3920.0,1,False,0.24317800536245987,2.13,47040.0
"Fixed 3162, uniform",9,12,28,"D 0,1 -> 8,9",91,False,0.9999999999978357,3920.0,1,False,0.24317800536245987,2.12,50960.0
"Fixed 3162, uniform",9,13,23,"D 0,1 -> 6,7",91,False,0.921104572797988,3920.0,1,False,0.24317800536245987,2.17,54880.0
"Fixed 3162, uniform",9,14,5,S 1 -> 7,91,False,1.0,3920.0,1,False,0.24317800751262986,2.19,58800.0
"Fixed 3162, uniform",9,15,1,S 0 -> 6,91,False,1.0,3920.0,1,False,0.24317800751262986,2.2,62720.0
"Fixed 3162, uniform",10,0,19,"D 0,1 -> 4,11",91,False,0.9789237613416715,3920.0,1,False,0.24318730437372557,2.09,3920.0
"Fixed 3162, uniform",10,1,38,"D 0,3 -> 4,5",91,False,0.9904237949142917,3920.0,1,False,0.24318725313184614,2.21,7840.0
"Fixed 3162, uniform",10,2,24,"D 0,1 -> 6,9",91,False,1.0,3920.0,1,False,0.2431871808064569,2.11,11760.0
"Fixed 3162, uniform",10,3,18,"D 0,1 -> 4,9",91,False,1.0,3920.0,1,False,0.2431871808064569,2.04,15680.0
"Fixed 3162, uniform",10,4,18,"D 0,1 -> 4,9",91,False,1.0,3920.0,1,False,0.2431871808064569,2.08,19600.0
"Fixed 3162, uniform",10,5,5,S 1 -> 7,91,False,1.0,3920.0,1,False,0.2431871808064569,2.08,23520.0
"Fixed 3162, uniform",10,6,34,"D 0,2 -> 4,10",91,False,0.984461375206684,3920.0,1,False,0.2431871808064569,2.08,27440.0
"Fixed 3162, uniform",10,7,24,"D 0,1 -> 6,9",91,False,1.0,3920.0,1,False,0.24317824066859406,2.11,31360.0
"Fixed 3162, uniform",10,8,18,"D 0,1 -> 4,9",91,False,1.0,3920.0,1,False,0.24317824066422924,2.13,35280.0
"Fixed 3162, uniform",10,9,25,"D 0,1 -> 6,11",91,False,1.0,3920.0,1,False,0.24317824066422924,2.13,39200.0
"Fixed 3162, uniform",10,10,16,"D 0,1 -> 4,5",91,False,0.8255194042702304,3920.0,1,False,0.24317824066422924,2.08,43120.0
"Fixed 3162, uniform",10,11,30,"D 0,1 -> 9,10",91,False,1.0,3920.0,1,False,0.24317810651840702,2.12,47040.0
"Fixed 3162, uniform",10,12,34,"D 0,2 -> 4,10",91,False,0.9999999999999988,3920.0,1,False,0.24317810651840702,2.12,50960.0
"Fixed 3162, uniform",10,13,31,"D 0,1 -> 10,11",91,False,0.9261464189476015,3920.0,1,False,0.24317810651840702,2.13,54880.0
"Fixed 3162, uniform",10,14,23,"D 0,1 -> 6,7",91,False,0.9210751928138573,3920.0,1,False,0.24314620801771364,2.15,58800.0
"Fixed 3162, uniform",10,15,23,"D 0,1 -> 6,7",91,False,0.9999999731144059,3920.0,1,False,0.24314642569092015,2.12,62720.0
"Fixed 3162, uniform",11,0,19,"D 0,1 -> 4,11",91,False,0.9789237613416715,3920.0,1,False,0.24318730437372557,2.09,3920.0
"Fixed 3162, uniform",11,1,28,"D 0,1 -> 8,9",91,False,0.9195816015054895,3920.0,1,False,0.24318725313184614,2.15,7840.0
"Fixed 3162, uniform",11,2,23,"D 0,1 -> 6,7",91,False,0.919829419420619,3920.0,1,False,0.24318725361956592,2.21,11760.0
"Fixed 3162, uniform",11,3,5,S 1 -> 7,91,False,1.0,3920.0,1,False,0.2431872541019729,2.14,15680.0
"Fixed 3162, uniform",11,4,34,"D 0,2 -> 4,10",91,False,0.9841321170359507,3920.0,1,False,0.2431872541019729,2.16,19600.0
"Fixed 3162, uniform",11,5,16,"D 0,1 -> 4,5",91,False,0.8263220461131133,3920.0,1,False,0.2431781237445818,2.16,23520.0
"Fixed 3162, uniform",11,6,4,S 1 -> 5,91,False,0.9951389792305135,3920.0,1,False,0.24317800623471927,2.16,27440.0
"Fixed 3162, uniform",11,7,29,"D 0,1 -> 8,11",91,False,1.0,3920.0,1,False,0.24317800713110177,2.14,31360.0
"Fixed 3162, uniform",11,8,23,"D 0,1 -> 6,7",91,False,0.9999999999950526,3920.0,1,False,0.24317800713110177,2.14,35280.0
"Fixed 3162, uniform",11,9,29,"D 0,1 -> 8,11",91,False,1.0,3920.0,1,False,0.24317800713110177,2.2,39200.0
"Fixed 3162, uniform",11,10,16,"D 0,1 -> 4,5",91,False,0.999998530793289,3920.0,1,False,0.24317800713110177,2.2,43120.0
"Fixed 3162, uniform",11,11,38,"D 0,3 -> 4,5",91,False,0.9936899548638635,3920.0,1,False,0.2431779011405039,2.19,47040.0
"Fixed 3162, uniform",11,12,34,"D 0,2 -> 4,10",91,False,0.9999999623916984,3920.0,1,False,0.243177994958853,2.22,50960.0
"Fixed 3162, uniform",11,13,18,"D 0,1 -> 4,9",91,False,1.0,3920.0,1,False,0.243177994958853,2.23,54880.0
"Fixed 3162, uniform",11,14,19,"D 0,1 -> 4,11",91,False,0.9999999997826243,3920.0,1,False,0.243177994958853,2.24,58800.0
"Fixed 3162, uniform",11,15,16,"D 0,1 -> 4,5",91,False,0.9999999850496306,3920.0,1,False,0.2431779949295526,2.29,62720.0
"Fixed 3162, uniform",12,0,28,"D 0,1 -> 8,9",91,False,0.9195557764466735,3920.0,1,False,0.24318730437372557,2.12,3920.0
"Fixed 3162, uniform",12,1,34,"D 0,2 -> 4,10",91,False,0.9841455984106136,3920.0,1,False,0.2431873043737256,2.1,7840.0
"Fixed 3162, uniform",12,2,1,S 0 -> 6,91,False,1.0,3920.0,1,False,0.2431781820019798,2.09,11760.0
"Fixed 3162, uniform",12,3,18,"D 0,1 -> 4,9",91,False,1.0,3920.0,1,False,0.2431781820019798,2.09,15680.0
"Fixed 3162, uniform",12,4,63,"D 1,2 -> 6,11",91,False,1.0,3920.0,1,False,0.2431781820019798,2.15,19600.0
"Fixed 3162, uniform",12,5,18,"D 0,1 -> 4,9",91,False,1.0,3920.0,1,False,0.2431781820019798,2.13,23520.0
"Fixed 3162, uniform",12,6,19,"D 0,1 -> 4,11",91,False,0.9789978348338895,3920.0,1,False,0.2431781820019798,2.17,27440.0
"Fixed 3162, uniform",12,7,18,"D 0,1 -> 4,9",91,False,1.0,3920.0,1,False,0.24317812312362166,2.12,31360.0
"Fixed 3162, uniform",12,8,19,"D 0,1 -> 4,11",91,False,0.9999999523136918,3920.0,1,False,0.24317812312362166,2.14,35280.0
"Fixed 3162, uniform",12,9,4,S 1 -> 5,91,False,0.9998605869420427,3920.0,1,False,0.24317812312359674,2.12,39200.0
"Fixed 3162, uniform",12,10,18,"D 0,1 -> 4,9",91,False,1.0,3920.0,1,False,0.24317812313058076,2.1,43120.0
"Fixed 3162, uniform",12,11,29,"D 0,1 -> 8,11",91,False,1.0,3920.0,1,False,0.24317812313244774,2.13,47040.0
"Fixed 3162, uniform",12,12,41,"D 0,3 -> 4,11",91,False,0.9586239226184445,3920.0,1,False,0.24317812313261408,2.12,50960.0
"Fixed 3162, uniform",12,13,34,"D 0,2 -> 4,10",91,False,0.9999999933174175,3920.0,1,False,0.24314446548877028,2.14,54880.0
"Fixed 3162, uniform",12,14,18,"D 0,1 -> 4,9",91,False,1.0,3920.0,1,False,0.24314446548877028,2.15,58800.0
"Fixed 3162, uniform",12,15,27,"D 0,1 -> 7,10",91,False,1.0,3920.0,1,False,0.24314446548877028,2.17,62720.0
"Fixed 3162, uniform",13,0,18,"D 0,1 -> 4,9",91,False,1.0,3920.0,1,False,0.24318730437372557,2.02,3920.0
"Fixed 3162, uniform",13,1,23,"D 0,1 -> 6,7",91,False,0.9195557764466734,3920.0,1,False,0.24318730437372557,2.06,7840.0
"Fixed 3162, uniform",13,2,19,"D 0,1 -> 4,11",91,False,0.9790243029303501,3920.0,1,False,0.2431873043737256,2.06,11760.0
"Fixed 3162, uniform",13,3,41,"D 0,3 -> 4,11",91,False,0.9577608795607156,3920.0,1,False,0.24318725362016388,2.06,15680.0
"Fixed 3162, uniform",13,4,41,"D 0,3 -> 4,11",91,False,0.9999999919979203,3920.0,1,False,0.24315162335097368,2.16,19600.0
"Fixed 3162, uniform",13,5,21,"D 0,1 -> 5,8",91,False,1.0,3920.0,1,False,0.24315162335560903,2.19,23520.0
"Fixed 3162, uniform",13,6,4,S 1 -> 5,91,False,0.9998633487534274,3920.0,1,False,0.24315162335560903,2.17,27440.0
"Fixed 3162, uniform",13,7,23,"D 0,1 -> 6,7",91,False,0.9999999890898968,3920.0,1,False,0.24315162338618437,2.19,31360.0
"Fixed 3162, uniform",13,8,19,"D 0,1 -> 4,11",91,False,0.9999999916486949,3920.0,1,False,0.24315162338618437,2.19,35280.0
"Fixed 3162, uniform",13,9,23,"D 0,1 -> 6,7",91,False,0.9999999999029067,3920.0,1,False,0.2431516233868751,2.19,39200.0
"Fixed 3162, uniform",13,10,16,"D 0,1 -> 4,5",91,False,0.825790263643698,3920.0,1,False,0.2431516233868751,2.12,43120.0
"Fixed 3162, uniform",13,11,16,"D 0,1 -> 4,5",91,False,0.9999999999807012,3920.0,1,False,0.2431516944640138,2.24,47040.0
"Fixed 3162, uniform",13,12,31,"D 0,1 -> 10,11",91,False,0.9263855282405874,3920.0,1,False,0.2431516944640138,2.23,50960.0
"Fixed 3162, uniform",13,13,4,S 1 -> 5,91,False,0.999974067419338,3920.0,1,False,0.2431200460840387,2.22,54880.0
"Fixed 3162, uniform",13,14,19,"D 0,1 -> 4,11",91,False,0.999999954330401,3920.0,1,False,0.2431197188455023,2.13,58800.0
"Fixed 3162, uniform",13,15,24,"D 0,1 -> 6,9",91,False,1.0,3920.0,1,False,0.2431197188455023,2.14,62720.0
"Fixed 3162, uniform",14,0,18,"D 0,1 -> 4,9",91,False,1.0,3920.0,1,False,0.24318730437372557,2.02,3920.0
"Fixed 3162, uniform",14,1,19,"D 0,1 -> 4,11",91,False,0.9789237613416715,3920.0,1,False,0.24318730437372557,2.0,7840.0
"Fixed 3162, uniform",14,2,2,S 0 -> 8,91,False,1.0,3920.0,1,False,0.24318725313184614,1.98,11760.0
"Fixed 3162, uniform",14,3,16,"D 0,1 -> 4,5",91,False,0.825106619103556,3920.0,1,False,0.24318725313184614,2.01,15680.0
"Fixed 3162, uniform",14,4,4,S 1 -> 5,91,False,0.99540760991094,3920.0,1,False,0.24318702057197827,2.06,19600.0
"Fixed 3162, uniform",14,5,16,"D 0,1 -> 4,5",91,False,0.9999987537890862,3920.0,1,False,0.24318702032685968,2.04,23520.0
"Fixed 3162, uniform",14,6,30,"D 0,1 -> 9,10",91,False,1.0,3920.0,1,False,0.24318701836355333,2.06,27440.0
"Fixed 3162, uniform",14,7,16,"D 0,1 -> 4,5",91,False,0.9999999989137663,3920.0,1,False,0.24318701836356338,2.07,31360.0
"Fixed 3162, uniform",14,8,4,S 1 -> 5,91,False,0.9999999993799579,3920.0,1,False,0.24318701836356993,2.06,35280.0
"Fixed 3162, uniform",14,9,34,"D 0,2 -> 4,10",91,False,0.984218147998525,3920.0,1,False,0.24318701836356993,2.05,39200.0
"Fixed 3162, uniform",14,10,23,"D 0,1 -> 6,7",91,False,0.9208436204461228,3920.0,1,False,0.24317792965724538,2.01,43120.0
"Fixed 3162, uniform",14,11,0,S 0 -> 4,91,False,0.9999999532066353,3920.0,1,False,0.24317792983630962,2.07,47040.0
"Fixed 3162, uniform",14,12,28,"D 0,1 -> 8,9",91,False,0.9210819600934367,3920.0,1,False,0.2431779298358676,2.08,50960.0
"Fixed 3162, uniform",14,13,18,"D 0,1 -> 4,9",91,False,1.0,3920.0,1,False,0.2431779295694955,2.13,54880.0
"Fixed 3162, uniform",14,14,19,"D 0,1 -> 4,11",91,False,0.999999889335764,3920.0,1,False,0.24317792964156898,2.14,58800.0
"Fixed 3162, uniform",14,15,18,"D 0,1 -> 4,9",91,False,1.0,3920.0,1,False,0.2431779296405994,2.12,62720.0
"Fixed 3162, uniform",15,0,23,"D 0,1 -> 6,7",91,False,0.9195557764466734,3920.0,1,False,0.24318730437372557,2.14,3920.0
"Fixed 3162, uniform",15,1,7,S 1 -> 11,91,False,0.9999398470509321,3920.0,1,False,0.2431873043737256,2.08,7840.0
"Fixed 3162, uniform",15,2,5,S 1 -> 7,91,False,1.0,3920.0,1,False,0.2431873059941171,2.08,11760.0
"Fixed 3162, uniform",15,3,4,S 1 -> 5,91,False,0.999846914366289,3920.0,1,False,0.24318730599411828,2.08,15680.0
"Fixed 3162, uniform",15,4,5,S 1 -> 7,91,False,1.0,3920.0,1,False,0.2431873059000603,2.08,19600.0
"Fixed 3162, uniform",15,5,16,"D 0,1 -> 4,5",91,False,0.8254729822246069,3920.0,1,False,0.2431873059000603,2.04,23520.0
"Fixed 3162, uniform",15,6,18,"D 0,1 -> 4,9",91,False,1.0,3920.0,1,False,0.24318730030566246,2.06,27440.0
"Fixed 3162, uniform",15,7,38,"D 0,3 -> 4,5",91,False,0.9932875636128368,3920.0,1,False,0.24318730030566246,2.11,31360.0
"Fixed 3162, uniform",15,8,20,"D 0,1 -> 5,6",91,False,1.0,3920.0,1,False,0.24318727556715192,2.15,35280.0
"Fixed 3162, uniform",15,9,29,"D 0,1 -> 8,11",91,False,1.0,3920.0,1,False,0.24318727556715192,2.04,39200.0
"Fixed 3162, uniform",15,10,1,S 0 -> 6,91,False,1.0,3920.0,1,False,0.24318727556715192,2.06,43120.0
"Fixed 3162, uniform",15,11,26,"D 0,1 -> 7,8",91,False,1.0,3920.0,1,False,0.24318727556715192,2.11,47040.0
"Fixed 3162, uniform",15,12,18,"D 0,1 -> 4,9",91,False,1.0,3920.0,1,False,0.24318727556715192,2.1,50960.0
"Fixed 3162, uniform",15,13,18,"D 0,1 -> 4,9",91,False,1.0,3920.0,1,False,0.24318727556715192,2.1,54880.0
"Fixed 3162, uniform",15,14,24,"D 0,1 -> 6,9",91,False,1.0,3920.0,1,False,0.24318727556715192,2.15,58800.0
"Fixed 3162, uniform",15,15,18,"D 0,1 -> 4,9",91,False,1.0,3920.0,1,False,0.24318727556715192,2.12,62720.0
"Fixed 3162, uniform",16,0,20,"D 0,1 -> 5,6",91,False,1.0,3920.0,1,False,0.24318730437372557,2.36,3920.0
"Fixed 3162, uniform",16,1,24,"D 0,1 -> 6,9",91,False,1.0,3920.0,1,False,0.24318730437372557,2.24,7840.0
"Fixed 3162, uniform",16,2,30,"D 0,1 -> 9,10",91,False,1.0,3920.0,1,False,0.24318730437372557,2.14,11760.0
"Fixed 3162, uniform",16,3,38,"D 0,3 -> 4,5",91,False,0.9904029254757726,3920.0,1,False,0.24318730437372557,2.19,15680.0
"Fixed 3162, uniform",16,4,25,"D 0,1 -> 6,11",91,False,1.0,3920.0,1,False,0.24318723161189013,2.19,19600.0
"Fixed 3162, uniform",16,5,18,"D 0,1 -> 4,9",91,False,1.0,3920.0,1,False,0.24318723161189013,2.25,23520.0
"Fixed 3162, uniform",16,6,18,"D 0,1 -> 4,9",91,False,1.0,3920.0,1,False,0.24318723161189013,2.14,27440.0
"Fixed 3162, uniform",16,7,16,"D 0,1 -> 4,5",91,False,0.8252932912353667,3920.0,1,False,0.24318723161189013,2.06,31360.0
"Fixed 3162, uniform",16,8,41,"D 0,3 -> 4,11",91,False,0.9576713905291292,3920.0,1,False,0.24318727989999867,2.03,35280.0
"Fixed 3162, uniform",16,9,18,"D 0,1 -> 4,9",91,False,1.0,3920.0,1,False,0.24315168337196502,1.98,39200.0
"Fixed 3162, uniform",16,10,28,"D 0,1 -> 8,9",91,False,0.9208531774096905,3920.0,1,False,0.24315168337196502,2.06,43120.0
"Fixed 3162, uniform",16,11,41,"D 0,3 -> 4,11",91,False,0.9999999400158955,3920.0,1,False,0.24315168258146466,2.13,47040.0
"Fixed 3162, uniform",16,12,1,S 0 -> 6,91,False,1.0,3920.0,1,False,0.2431516825930147,2.13,50960.0
"Fixed 3162, uniform",16,13,22,"D 0,1 -> 5,10",91,False,0.9808918497551098,3920.0,1,False,0.2431516825930147,2.08,54880.0
"Fixed 3162, uniform",16,14,18,"D 0,1 -> 4,9",91,False,1.0,3920.0,1,False,0.2431514015284954,2.11,58800.0
"Fixed 3162, uniform",16,15,34,"D 0,2 -> 4,10",91,False,0.9868407011095439,3920.0,1,False,0.2431514015284954,2.1,62720.0
"Fixed 3162, uniform",17,0,4,S 1 -> 5,91,False,0.9999999934472215,3920.0,1,False,0.24318730437372557,2.12,3920.0
"Fixed 3162, uniform",17,1,29,"D 0,1 -> 8,11",91,False,1.0,3920.0,1,False,0.24318730437372557,2.12,7840.0
"Fixed 3162, uniform",17,2,1,S 0 -> 6,91,False,1.0,3920.0,1,False,0.24318730437372557,2.13,11760.0
"Fixed 3162, uniform",17,3,18,"D 0,1 -> 4,9",91,False,1.0,3920.0,1,False,0.24318730437372557,2.15,15680.0
"Fixed 3162, uniform",17,4,23,"D 0,1 -> 6,7",91,False,0.9195557764795292,3920.0,1,False,0.24318730437372557,2.16,19600.0
"Fixed 3162, uniform",17,5,31,"D 0,1 -> 10,11",91,False,0.9240847929599182,3920.0,1,False,0.24318730437372557,2.17,23520.0
"Fixed 3162, uniform",17,6,16,"D 0,1 -> 4,5",91,False,0.8261938530473062,3920.0,1,False,0.24315388692673331,2.19,27440.0
"Fixed 3162, uniform",17,7,4,S 1 -> 5,91,False,0.9999814218998311,3920.0,1,False,0.24315545042082054,2.24,31360.0
"Fixed 3162, uniform",17,8,18,"D 0,1 -> 4,9",91,False,1.0,3920.0,1,False,0.24315544933217137,2.16,35280.0
"Fixed 3162, uniform",17,9,19,"D 0,1 -> 4,11",91,False,0.9824506872307402,3920.0,1,False,0.24315544933217137,2.12,39200.0
"Fixed 3162, uniform",17,10,5,S 1 -> 7,91,False,1.0,3920.0,1,False,0.24315537215350805,2.11,43120.0
"Fixed 3162, uniform",17,11,20,"D 0,1 -> 5,6",91,False,1.0,3920.0,1,False,0.24315537215350805,2.18,47040.0
"Fixed 3162, uniform",17,12,18,"D 0,1 -> 4,9",91,False,1.0,3920.0,1,False,0.24315537215350805,2.19,50960.0
"Fixed 3162, uniform",17,13,4,S 1 -> 5,91,False,0.9999999837244302,3920.0,1,False,0.24315537215350805,2.18,54880.0
"Fixed 3162, uniform",17,14,5,S 1 -> 7,91,False,1.0,3920.0,1,False,0.24315537215350805,2.23,58800.0
"Fixed 3162, uniform",17,15,28,"D 0,1 -> 8,9",91,False,0.9212753911743792,3920.0,1,False,0.24315537215350805,2.19,62720.0
"Fixed 3162, uniform",18,0,38,"D 0,3 -> 4,5",91,False,0.9904029254757726,3920.0,1,False,0.24318730437372557,2.26,3920.0
"Fixed 3162, uniform",18,1,4,S 1 -> 5,91,False,0.999945339808611,3920.0,1,False,0.24318723161189013,2.27,7840.0
"Fixed 3162, uniform",18,2,4,S 1 -> 5,91,False,0.9999999997053352,3920.0,1,False,0.24318723160738967,2.23,11760.0
"Fixed 3162, uniform",18,3,18,"D 0,1 -> 4,9",91,False,1.0,3920.0,1,False,0.24318723160708286,2.26,15680.0
"Fixed 3162, uniform",18,4,4,S 1 -> 5,91,False,0.9999999998311876,3920.0,1,False,0.24318723160708286,2.25,19600.0
"Fixed 3162, uniform",18,5,19,"D 0,1 -> 4,11",91,False,0.9789487264017376,3920.0,1,False,0.24318723160708286,2.1,23520.0
"Fixed 3162, uniform",18,6,38,"D 0,3 -> 4,5",91,False,0.9999999978432085,3920.0,1,False,0.24318718080343443,2.2,27440.0
"Fixed 3162, uniform",18,7,5,S 1 -> 7,91,False,1.0,3920.0,1,False,0.24318718080336113,2.2,31360.0
"Fixed 3162, uniform",18,8,41,"D 0,3 -> 4,11",91,False,0.9577800844515587,3920.0,1,False,0.24318718080336113,2.1,35280.0
"Fixed 3162, uniform",18,9,38,"D 0,3 -> 4,5",91,False,0.9999999999066863,3920.0,1,False,0.2431515680999833,2.15,39200.0
"Fixed 3162, uniform",18,10,18,"D 0,1 -> 4,9",91,False,1.0,3920.0,1,False,0.24315156810828029,2.16,43120.0
"Fixed 3162, uniform",18,11,18,"D 0,1 -> 4,9",91,False,1.0,3920.0,1,False,0.24315156810828029,2.2,47040.0
"Fixed 3162, uniform",18,12,34,"D 0,2 -> 4,10",91,False,0.986760453307942,3920.0,1,False,0.24315156810828029,2.21,50960.0
"Fixed 3162, uniform",18,13,23,"D 0,1 -> 6,7",91,False,0.9195657050764715,3920.0,1,False,0.24314458285514587,2.16,54880.0
"Fixed 3162, uniform",18,14,19,"D 0,1 -> 4,11",91,False,0.9999999907050686,3920.0,1,False,0.24314458220938714,2.16,58800.0
"Fixed 3162, uniform",18,15,41,"D 0,3 -> 4,11",91,False,0.9999998955672087,3920.0,1,False,0.24314458224091376,2.15,62720.0
"Fixed 3162, uniform",19,0,1,S 0 -> 6,91,False,1.0,3920.0,1,False,0.24318730437372557,2.1,3920.0
"Fixed 3162, uniform",19,1,34,"D 0,2 -> 4,10",91,False,0.9841455478438927,3920.0,1,False,0.24318730437372557,2.11,7840.0
"Fixed 3162, uniform",19,2,16,"D 0,1 -> 4,5",91,False,0.8249181454753707,3920.0,1,False,0.24317818188228252,2.14,11760.0
"Fixed 3162, uniform",19,3,18,"D 0,1 -> 4,9",91,False,1.0,3920.0,1,False,0.24317829359248977,2.13,15680.0
"Fixed 3162, uniform",19,4,27,"D 0,1 -> 7,10",91,False,1.0,3920.0,1,False,0.24317829359248977,2.11,19600.0
"Fixed 3162, uniform",19,5,28,"D 0,1 -> 8,9",91,False,0.9208643481986998,3920.0,1,False,0.24317829359248977,2.07,23520.0
"Fixed 3162, uniform",19,6,34,"D 0,2 -> 4,10",91,False,0.9999999911651359,3920.0,1,False,0.24317829332252383,2.1,27440.0
"Fixed 3162, uniform",19,7,26,"D 0,1 -> 7,8",91,False,1.0,3920.0,1,False,0.24317829332252383,2.12,31360.0
"Fixed 3162, uniform",19,8,63,"D 1,2 -> 6,11",91,False,1.0,3920.0,1,False,0.24317829332252383,2.03,35280.0
"Fixed 3162, uniform",19,9,30,"D 0,1 -> 9,10",91,False,1.0,3920.0,1,False,0.24317829332252383,2.01,39200.0
"Fixed 3162, uniform",19,10,34,"D 0,2 -> 4,10",91,False,0.9999999911651359,3920.0,1,False,0.24317829332252383,2.12,43120.0
"Fixed 3162, uniform",19,11,26,"D 0,1 -> 7,8",91,False,1.0,3920.0,1,False,0.24317829332252383,2.13,47040.0
"Fixed 3162, uniform",19,12,5,S 1 -> 7,91,False,1.0,3920.0,1,False,0.24317829332252383,2.14,50960.0
"Fixed 3162, uniform",19,13,38,"D 0,3 -> 4,5",91,False,0.9938245140086414,3920.0,1,False,0.24317829332252383,2.15,54880.0
"Fixed 3162, uniform",19,14,34,"D 0,2 -> 4,10",91,False,0.9999999954209775,3920.0,1,False,0.2431783975417384,2.15,58800.0
"Fixed 3162, uniform",19,15,30,"D 0,1 -> 9,10",91,False,1.0,3920.0,1,False,0.2431783975417384,2.13,62720.0
"Fixed 3162, uniform",20,0,5,S 1 -> 7,91,False,1.0,3920.0,1,False,0.24318730437372557,2.11,3920.0
"Fixed 3162, uniform",20,1,18,"D 0,1 -> 4,9",91,False,1.0,3920.0,1,False,0.24318730437372557,2.11,7840.0
"Fixed 3162, uniform",20,2,0,S 0 -> 4,91,False,0.9999999934472216,3920.0,1,False,0.24318730437372557,2.13,11760.0
"Fixed 3162, uniform",20,3,34,"D 0,2 -> 4,10",91,False,0.9841455479614624,3920.0,1,False,0.24318730437372557,2.13,15680.0
"Fixed 3162, uniform",20,4,63,"D 1,2 -> 6,11",91,False,1.0,3920.0,1,False,0.2431781780235823,2.1,19600.0
"Fixed 3162, uniform",20,5,5,S 1 -> 7,91,False,1.0,3920.0,1,False,0.2431781780235823,2.08,23520.0
"Fixed 3162, uniform",20,6,16,"D 0,1 -> 4,5",91,False,0.8249000678522361,3920.0,1,False,0.2431781780235823,2.15,27440.0
"Fixed 3162, uniform",20,7,38,"D 0,3 -> 4,5",91,False,0.9937240991850024,3920.0,1,False,0.24317822369511863,2.15,31360.0
"Fixed 3162, uniform",20,8,19,"D 0,1 -> 4,11",91,False,0.980693976531034,3920.0,1,False,0.24317831668966017,2.08,35280.0
"Fixed 3162, uniform",20,9,18,"D 0,1 -> 4,9",91,False,1.0,3920.0,1,False,0.24317802107689557,2.19,39200.0
"Fixed 3162, uniform",20,10,18,"D 0,1 -> 4,9",91,False,1.0,3920.0,1,False,0.2431780210813268,2.17,43120.0
"Fixed 3162, uniform",20,11,17,"D 0,1 -> 4,7",91,False,1.0,3920.0,1,False,0.2431780210813268,2.2,47040.0
"Fixed 3162, uniform",20,12,1,S 0 -> 6,91,False,1.0,3920.0,1,False,0.2431780210813268,2.19,50960.0
"Fixed 3162, uniform",20,13,41,"D 0,3 -> 4,11",91,False,0.9586014436717291,3920.0,1,False,0.2431780210813268,2.28,54880.0
"Fixed 3162, uniform",20,14,25,"D 0,1 -> 6,11",91,False,1.0,3920.0,1,False,0.24314440018873443,2.28,58800.0
"Fixed 3162, uniform",20,15,18,"D 0,1 -> 4,9",91,False,1.0,3920.0,1,False,0.24314440018873443,2.27,62720.0
"Fixed 3162, uniform",21,0,28,"D 0,1 -> 8,9",91,False,0.9195557764466735,3920.0,1,False,0.24318730437372557,2.15,3920.0
"Fixed 3162, uniform",21,1,18,"D 0,1 -> 4,9",91,False,1.0,3920.0,1,False,0.2431873043737256,2.23,7840.0
"Fixed 3162, uniform",21,2,18,"D 0,1 -> 4,9",91,False,1.0,3920.0,1,False,0.2431873043737256,2.24,11760.0
"Fixed 3162, uniform",21,3,29,"D 0,1 -> 8,11",91,False,1.0,3920.0,1,False,0.2431873043737256,2.27,15680.0
"Fixed 3162, uniform",21,4,16,"D 0,1 -> 4,5",91,False,0.8254832568704625,3920.0,1,False,0.2431873043737256,2.2,19600.0
"Fixed 3162, uniform",21,5,23,"D 0,1 -> 6,7",91,False,0.9211070820134566,3920.0,1,False,0.24318730437372554,2.22,23520.0
"Fixed 3162, uniform",21,6,17,"D 0,1 -> 4,7",91,False,1.0,3920.0,1,False,0.24318730437372557,2.18,27440.0
"Fixed 3162, uniform",21,7,25,"D 0,1 -> 6,11",91,False,1.0,3920.0,1,False,0.24318730437372557,2.17,31360.0
"Fixed 3162, uniform",21,8,1,S 0 -> 6,91,False,1.0,3920.0,1,False,0.24318730437372557,2.04,35280.0
"Fixed 3162, uniform",21,9,23,"D 0,1 -> 6,7",91,False,1.0,3920.0,1,False,0.24318730437372557,2.09,39200.0
"Fixed 3162, uniform",21,10,23,"D 0,1 -> 6,7",91,False,1.0,3920.0,1,False,0.24318730437372557,2.1,43120.0
"Fixed 3162, uniform",21,11,34,"D 0,2 -> 4,10",91,False,0.9843122967747482,3920.0,1,False,0.24318730437372557,2.1,47040.0
"Fixed 3162, uniform",21,12,23,"D 0,1 -> 6,7",91,False,0.9999996698122223,3920.0,1,False,0.24317829306098676,2.09,50960.0
"Fixed 3162, uniform",21,13,18,"D 0,1 -> 4,9",91,False,1.0,3920.0,1,False,0.24317829305901784,2.12,54880.0
"Fixed 3162, uniform",21,14,18,"D 0,1 -> 4,9",91,False,1.0,3920.0,1,False,0.24317829305901784,2.17,58800.0
"Fixed 3162, uniform",21,15,16,"D 0,1 -> 4,5",91,False,0.9999999952003998,3920.0,1,False,0.24317829305901784,2.1,62720.0
"Fixed 3162, uniform",22,0,20,"D 0,1 -> 5,6",91,False,1.0,3920.0,1,False,0.24318730437372557,2.09,3920.0
"Fixed 3162, uniform",22,1,31,"D 0,1 -> 10,11",91,False,0.9238414219292242,3920.0,1,False,0.24318730437372557,2.08,7840.0
"Fixed 3162, uniform",22,2,34,"D 0,2 -> 4,10",91,False,0.9841013170718755,3920.0,1,False,0.2431536556295291,2.08,11760.0
"Fixed 3162, uniform",22,3,17,"D 0,1 -> 4,7",91,False,1.0,3920.0,1,False,0.24314449815367653,2.1,15680.0
"Fixed 3162, uniform",22,4,18,"D 0,1 -> 4,9",91,False,1.0,3920.0,1,False,0.24314449815367653,2.14,19600.0
"Fixed 3162, uniform",22,5,28,"D 0,1 -> 8,9",91,False,0.9197566684456467,3920.0,1,False,0.24314449815367653,2.01,23520.0
"Fixed 3162, uniform",22,6,16,"D 0,1 -> 4,5",91,False,0.8262405137308543,3920.0,1,False,0.24314472989642913,2.13,27440.0
"Fixed 3162, uniform",22,7,3,S 0 -> 10,91,False,0.999705222165485,3920.0,1,False,0.24314640579825494,2.11,31360.0
"Fixed 3162, uniform",22,8,23,"D 0,1 -> 6,7",91,False,0.9212959898611032,3920.0,1,False,0.24314641283863359,2.05,35280.0
"Fixed 3162, uniform",22,9,38,"D 0,3 -> 4,5",91,False,0.9937953254708253,3920.0,1,False,0.24314662919859203,2.05,39200.0
"Fixed 3162, uniform",22,10,38,"D 0,3 -> 4,5",91,False,0.9999999987739079,3920.0,1,False,0.2431467351030325,2.15,43120.0
"Fixed 3162, uniform",22,11,31,"D 0,1 -> 10,11",91,False,0.9999999363200005,3920.0,1,False,0.24314673508234957,2.16,47040.0
"Fixed 3162, uniform",22,12,19,"D 0,1 -> 4,11",91,False,0.9825996194377357,3920.0,1,False,0.24314673508234957,2.11,50960.0
"Fixed 3162, uniform",22,13,28,"D 0,1 -> 8,9",91,False,0.9999999887880866,3920.0,1,False,0.2431466538772586,2.12,54880.0
"Fixed 3162, uniform",22,14,19,"D 0,1 -> 4,11",91,False,0.9999999581457941,3920.0,1,False,0.2431466538772586,2.11,58800.0
"Fixed 3162, uniform",22,15,69,"D 1,2 -> 10,11",91,False,0.9689763257954501,3920.0,1,False,0.2431466538772586,2.07,62720.0
"Fixed 3162, uniform",23,0,23,"D 0,1 -> 6,7",91,False,0.9195557764466734,3920.0,1,False,0.24318730437372557,2.14,3920.0
"Fixed 3162, uniform",23,1,19,"D 0,1 -> 4,11",91,False,0.9790243029303501,3920.0,1,False,0.2431873043737256,2.18,7840.0
"Fixed 3162, uniform",23,2,28,"D 0,1 -> 8,9",91,False,0.9198294192580468,3920.0,1,False,0.24318725362016388,2.22,11760.0
"Fixed 3162, uniform",23,3,5,S 1 -> 7,91,False,1.0,3920.0,1,False,0.24318725410197295,2.23,15680.0
"Fixed 3162, uniform",23,4,31,"D 0,1 -> 10,11",91,False,0.9248160766472583,3920.0,1,False,0.24318725410197295,2.26,19600.0
"Fixed 3162, uniform",23,5,34,"D 0,2 -> 4,10",91,False,0.9840895254951202,3920.0,1,False,0.24315427441730603,2.16,23520.0
"Fixed 3162, uniform",23,6,19,"D 0,1 -> 4,11",91,False,0.9999999998954527,3920.0,1,False,0.24314511037509112,2.23,27440.0
"Fixed 3162, uniform",23,7,16,"D 0,1 -> 4,5",91,False,0.8270236373462216,3920.0,1,False,0.24314511035881034,2.18,31360.0
"Fixed 3162, uniform",23,8,4,S 1 -> 5,91,False,0.9950764384006985,3920.0,1,False,0.24314653886022977,2.11,35280.0
"Fixed 3162, uniform",23,9,29,"D 0,1 -> 8,11",91,False,1.0,3920.0,1,False,0.2431465384488556,2.23,39200.0
"Fixed 3162, uniform",23,10,17,"D 0,1 -> 4,7",91,False,1.0,3920.0,1,False,0.2431465384488556,2.28,43120.0
"Fixed 3162, uniform",23,11,28,"D 0,1 -> 8,9",91,False,0.9999999569378728,3920.0,1,False,0.2431465384488556,2.29,47040.0
"Fixed 3162, uniform",23,12,28,"D 0,1 -> 8,9",91,False,0.9999999959790546,3920.0,1,False,0.24314653843365483,2.28,50960.0
"Fixed 3162, uniform",23,13,18,"D 0,1 -> 4,9",91,False,1.0,3920.0,1,False,0.24314653843365483,2.29,54880.0
"Fixed 3162, uniform",23,14,16,"D 0,1 -> 4,5",91,False,0.9999984992517437,3920.0,1,False,0.24314653843365483,2.24,58800.0
"Fixed 3162, uniform",23,15,18,"D 0,1 -> 4,9",91,False,1.0,3920.0,1,False,0.2431464311472472,2.06,62720.0
"Fixed 3162, uniform",24,0,44,"D 0,3 -> 5,10",91,False,0.973271699475823,3920.0,1,False,0.24318730437372557,2.2,3920.0
"Fixed 3162, uniform",24,1,34,"D 0,2 -> 4,10",91,False,0.9833893935194046,3920.0,1,False,0.24317989320160047,2.15,7840.0
"Fixed 3162, uniform",24,2,23,"D 0,1 -> 6,7",91,False,0.919550367268411,3920.0,1,False,0.24317018383148675,2.14,11760.0
"Fixed 3162, uniform",24,3,16,"D 0,1 -> 4,5",91,False,0.8255387621307397,3920.0,1,False,0.24317018402612922,2.18,15680.0
"Fixed 3162, uniform",24,4,5,S 1 -> 7,91,False,1.0,3920.0,1,False,0.24317036013099538,2.14,19600.0
"Fixed 3162, uniform",24,5,38,"D 0,3 -> 4,5",91,False,0.9930101824505254,3920.0,1,False,0.24317036013099538,2.2,23520.0
"Fixed 3162, uniform",24,6,18,"D 0,1 -> 4,9",91,False,1.0,3920.0,1,False,0.24317040696205447,2.22,27440.0
"Fixed 3162, uniform",24,7,19,"D 0,1 -> 4,11",91,False,0.9808787132448208,3920.0,1,False,0.24317040696205447,2.19,31360.0
"Fixed 3162, uniform",24,8,19,"D 0,1 -> 4,11",91,False,0.9999999579218292,3920.0,1,False,0.24317011827482862,2.09,35280.0
"Fixed 3162, uniform",24,9,19,"D 0,1 -> 4,11",91,False,0.9999999723568559,3920.0,1,False,0.24317011822995038,2.17,39200.0
"Fixed 3162, uniform",24,10,16,"D 0,1 -> 4,5",91,False,0.9999999991732079,3920.0,1,False,0.24317011823120002,2.2,43120.0
"Fixed 3162, uniform",24,11,30,"D 0,1 -> 9,10",91,False,1.0,3920.0,1,False,0.24317011823120002,2.2,47040.0
"Fixed 3162, uniform",24,12,16,"D 0,1 -> 4,5",91,False,0.9999999991732079,3920.0,1,False,0.24317011823120002,2.2,50960.0
"Fixed 3162, uniform",24,13,24,"D 0,1 -> 6,9",91,False,1.0,3920.0,1,False,0.24317011823120002,2.16,54880.0
"Fixed 3162, uniform",24,14,68,"D 1,2 -> 9,10",91,False,1.0,3920.0,1,False,0.24317011823120002,2.18,58800.0
"Fixed 3162, uniform",24,15,16,"D 0,1 -> 4,5",91,False,0.9999999991732079,3920.0,1,False,0.24317011823120002,2.15,62720.0
"Fixed 3162, uniform",25,0,19,"D 0,1 -> 4,11",91,False,0.9789237613416715,3920.0,1,False,0.24318730437372557,2.17,3920.0
"Fixed 3162, uniform",25,1,23,"D 0,1 -> 6,7",91,False,0.9195816015054894,3920.0,1,False,0.24318725313184614,2.18,7840.0
"Fixed 3162, uniform",25,2,18,"D 0,1 -> 4,9",91,False,1.0,3920.0,1,False,0.24318725361956592,2.15,11760.0
"Fixed 3162, uniform",25,3,38,"D 0,3 -> 4,5",91,False,0.990423725915808,3920.0,1,False,0.24318725361956592,2.14,15680.0
"Fixed 3162, uniform",25,4,38,"D 0,3 -> 4,5",91,False,0.9999999941768734,3920.0,1,False,0.24318718129360256,2.09,19600.0
"Fixed 3162, uniform",25,5,5,S 1 -> 7,91,False,1.0,3920.0,1,False,0.24318718129360256,2.12,23520.0
"Fixed 3162, uniform",25,6,18,"D 0,1 -> 4,9",91,False,1.0,3920.0,1,False,0.24318718129360256,2.13,27440.0
"Fixed 3162, uniform",25,7,18,"D 0,1 -> 4,9",91,False,1.0,3920.0,1,False,0.24318718129360256,2.12,31360.0
"Fixed 3162, uniform",25,8,34,"D 0,2 -> 4,10",91,False,0.9844614904098598,3920.0,1,False,0.24318718129360256,2.1,35280.0
"Fixed 3162, uniform",25,9,18,"D 0,1 -> 4,9",91,False,1.0,3920.0,1,False,0.2431782413034026,2.12,39200.0
"Fixed 3162, uniform",25,10,38,"D 0,3 -> 4,5",91,False,0.9999999992540537,3920.0,1,False,0.2431782413034026,2.13,43120.0
"Fixed 3162, uniform",25,11,4,S 1 -> 5,91,False,0.9998088982553519,3920.0,1,False,0.2431782413034026,2.12,47040.0
"Fixed 3162, uniform",25,12,16,"D 0,1 -> 4,5",91,False,0.826100747647603,3920.0,1,False,0.24317824129490323,2.14,50960.0
"Fixed 3162, uniform",25,13,5,S 1 -> 7,91,False,1.0,3920.0,1,False,0.24317811026616998,2.15,54880.0
"Fixed 3162, uniform",25,14,34,"D 0,2 -> 4,10",91,False,0.9999999995514558,3920.0,1,False,0.24317811026616998,2.14,58800.0
"Fixed 3162, uniform",25,15,38,"D 0,3 -> 4,5",91,False,0.999999999926651,3920.0,1,False,0.24317811026616998,2.1,62720.0
"Fixed 3162, uniform",26,0,20,"D 0,1 -> 5,6",91,False,1.0,3920.0,1,False,0.24318730437372557,2.24,3920.0
"Fixed 3162, uniform",26,1,29,"D 0,1 -> 8,11",91,False,1.0,3920.0,1,False,0.24318730437372557,2.25,7840.0
"Fixed 3162, uniform",26,2,69,"D 1,2 -> 10,11",91,False,0.9702389746499549,3920.0,1,False,0.24318730437372557,2.28,11760.0
"Fixed 3162, uniform",26,3,19,"D 0,1 -> 4,11",91,False,0.9788292878731836,3920.0,1,False,0.24316981716098146,2.3,15680.0
"Fixed 3162, uniform",26,4,16,"D 0,1 -> 4,5",91,False,0.8250953988211073,3920.0,1,False,0.243169748189793,2.18,19600.0
"Fixed 3162, uniform",26,5,23,"D 0,1 -> 6,7",91,False,0.9208840494545301,3920.0,1,False,0.24316953084408333,2.29,23520.0
"Fixed 3162, uniform",26,6,41,"D 0,3 -> 4,11",91,False,0.9579696800776518,3920.0,1,False,0.24316949208698477,2.18,27440.0
"Fixed 3162, uniform",26,7,26,"D 0,1 -> 7,8",91,False,1.0,3920.0,1,False,0.2431341640515421,2.09,31360.0
"Fixed 3162, uniform",26,8,0,S 0 -> 4,91,False,0.9933518197842987,3920.0,1,False,0.24313416373899763,2.05,35280.0
"Fixed 3162, uniform",26,9,34,"D 0,2 -> 4,10",91,False,0.986454868536332,3920.0,1,False,0.24313386325141026,2.11,39200.0
"Fixed 3162, uniform",26,10,19,"D 0,1 -> 4,11",91,False,0.9999996049425215,3920.0,1,False,0.24312668402366278,2.09,43120.0
"Fixed 3162, uniform",26,11,34,"D 0,2 -> 4,10",91,False,0.9999999985189117,3920.0,1,False,0.2431266172024119,2.1,47040.0
"Fixed 3162, uniform",26,12,19,"D 0,1 -> 4,11",91,False,0.999999999484293,3920.0,1,False,0.2431266172024119,2.09,50960.0
"Fixed 3162, uniform",26,13,20,"D 0,1 -> 5,6",91,False,1.0,3920.0,1,False,0.2431266172024119,2.14,54880.0
"Fixed 3162, uniform",26,14,2,S 0 -> 8,91,False,1.0,3920.0,1,False,0.2431266172024119,2.14,58800.0
"Fixed 3162, uniform",26,15,5,S 1 -> 7,91,False,1.0,3920.0,1,False,0.2431266172024119,2.09,62720.0
"Fixed 3162, uniform",27,0,28,"D 0,1 -> 8,9",91,False,0.9195557764466735,3920.0,1,False,0.24318730437372557,2.11,3920.0
"Fixed 3162, uniform",27,1,18,"D 0,1 -> 4,9",91,False,1.0,3920.0,1,False,0.2431873043737256,2.11,7840.0
"Fixed 3162, uniform",27,2,20,"D 0,1 -> 5,6",91,False,1.0,3920.0,1,False,0.2431873043737256,2.09,11760.0
"Fixed 3162, uniform",27,3,38,"D 0,3 -> 4,5",91,False,0.9904029560850035,3920.0,1,False,0.2431873043737256,2.08,15680.0
"Fixed 3162, uniform",27,4,18,"D 0,1 -> 4,9",91,False,1.0,3920.0,1,False,0.24318723161342123,2.02,19600.0
"Fixed 3162, uniform",27,5,64,"D 1,2 -> 7,8",91,False,1.0,3920.0,1,False,0.24318723161342123,2.19,23520.0
"Fixed 3162, uniform",27,6,18,"D 0,1 -> 4,9",91,False,1.0,3920.0,1,False,0.24318723161342123,2.15,27440.0
"Fixed 3162, uniform",27,7,19,"D 0,1 -> 4,11",91,False,0.9790491711721596,3920.0,1,False,0.24318723161342123,2.11,31360.0
"Fixed 3162, uniform",27,8,19,"D 0,1 -> 4,11",91,False,0.9999999999993254,3920.0,1,False,0.2431871812935113,2.06,35280.0
"Fixed 3162, uniform",27,9,29,"D 0,1 -> 8,11",91,False,1.0,3920.0,1,False,0.2431871812935113,2.18,39200.0
"Fixed 3162, uniform",27,10,38,"D 0,3 -> 4,5",91,False,0.9999999999999986,3920.0,1,False,0.2431871812935113,2.17,43120.0
"Fixed 3162, uniform",27,11,18,"D 0,1 -> 4,9",91,False,1.0,3920.0,1,False,0.2431871812935113,2.14,47040.0
"Fixed 3162, uniform",27,12,41,"D 0,3 -> 4,11",91,False,0.9577785755692172,3920.0,1,False,0.2431871812935113,2.14,50960.0
"Fixed 3162, uniform",27,13,38,"D 0,3 -> 4,5",91,False,0.9999999959456684,3920.0,1,False,0.24315156792882514,2.09,54880.0
"Fixed 3162, uniform",27,14,18,"D 0,1 -> 4,9",91,False,1.0,3920.0,1,False,0.24315156792882514,2.09,58800.0
"Fixed 3162, uniform",27,15,20,"D 0,1 -> 5,6",91,False,1.0,3920.0,1,False,0.24315156792882514,2.07,62720.0
"Fixed 3162, uniform",28,0,38,"D 0,3 -> 4,5",91,False,0.9904029254757726,3920.0,1,False,0.24318730437372557,2.11,3920.0
"Fixed 3162, uniform",28,1,34,"D 0,2 -> 4,10",91,False,0.9844757377116733,3920.0,1,False,0.24318723161189013,2.13,7840.0
"Fixed 3162, uniform",28,2,17,"D 0,1 -> 4,7",91,False,1.0,3920.0,1,False,0.2431783000577495,2.18,11760.0
"Fixed 3162, uniform",28,3,5,S 1 -> 7,91,False,1.0,3920.0,1,False,0.2431783000577495,2.1,15680.0
"Fixed 3162, uniform",28,4,24,"D 0,1 -> 6,9",91,False,1.0,3920.0,1,False,0.2431783000577495,2.13,19600.0
"Fixed 3162, uniform",28,5,5,S 1 -> 7,91,False,1.0,3920.0,1,False,0.2431783000577495,2.13,23520.0
"Fixed 3162, uniform",28,6,28,"D 0,1 -> 8,9",91,False,0.9195528769937199,3920.0,1,False,0.2431783000577495,2.08,27440.0
"Fixed 3162, uniform",28,7,28,"D 0,1 -> 8,9",91,False,0.9999999987083383,3920.0,1,False,0.24317830014671907,2.05,31360.0
"Fixed 3162, uniform",28,8,38,"D 0,3 -> 4,5",91,False,0.9999999914767684,3920.0,1,False,0.24317830014671907,2.11,35280.0
"Fixed 3162, uniform",28,9,5,S 1 -> 7,91,False,1.0,3920.0,1,False,0.24317830014671907,2.1,39200.0
"Fixed 3162, uniform",28,10,19,"D 0,1 -> 4,11",91,False,0.979021901885701,3920.0,1,False,0.24317830014671907,2.08,43120.0
"Fixed 3162, uniform",28,11,41,"D 0,3 -> 4,11",91,False,0.9586237138483268,3920.0,1,False,0.24317824129041854,2.1,47040.0
"Fixed 3162, uniform",28,12,60,"D 1,2 -> 5,10",91,False,0.9575372329174356,3920.0,1,False,0.24314458240180015,2.11,50960.0
"Fixed 3162, uniform",28,13,16,"D 0,1 -> 4,5",91,False,0.8263233552665995,3920.0,1,False,0.24310899634837793,2.12,54880.0
"Fixed 3162, uniform",28,14,23,"D 0,1 -> 6,7",91,False,0.9210983616202216,3920.0,1,False,0.24310945321807703,2.11,58800.0
"Fixed 3162, uniform",28,15,18,"D 0,1 -> 4,9",91,False,1.0,3920.0,1,False,0.2431094530175931,2.02,62720.0
"Fixed 3162, uniform",29,0,18,"D 0,1 -> 4,9",91,False,1.0,3920.0,1,False,0.24318730437372557,2.14,3920.0
"Fixed 3162, uniform",29,1,5,S 1 -> 7,91,False,1.0,3920.0,1,False,0.24318730437372557,2.17,7840.0
"Fixed 3162, uniform",29,2,38,"D 0,3 -> 4,5",91,False,0.9904029254757726,3920.0,1,False,0.24318730437372557,2.17,11760.0
"Fixed 3162, uniform",29,3,19,"D 0,1 -> 4,11",91,False,0.978948629869799,3920.0,1,False,0.24318723161189013,2.05,15680.0
"Fixed 3162, uniform",29,4,34,"D 0,2 -> 4,10",91,False,0.9844613753657586,3920.0,1,False,0.24318718080692805,2.07,19600.0
"Fixed 3162, uniform",29,5,19,"D 0,1 -> 4,11",91,False,0.9999999999795295,3920.0,1,False,0.2431782406685948,2.07,23520.0
"Fixed 3162, uniform",29,6,16,"D 0,1 -> 4,5",91,False,0.8255194042478992,3920.0,1,False,0.2431782406685948,1.99,27440.0
"Fixed 3162, uniform",29,7,19,"D 0,1 -> 4,11",91,False,0.9999999998850206,3920.0,1,False,0.24317810651839142,1.98,31360.0
"Fixed 3162, uniform",29,8,26,"D 0,1 -> 7,8",91,False,1.0,3920.0,1,False,0.24317810651839142,2.11,35280.0
"Fixed 3162, uniform",29,9,5,S 1 -> 7,91,False,1.0,3920.0,1,False,0.24317810651839142,2.08,39200.0
"Fixed 3162, uniform",29,10,21,"D 0,1 -> 5,8",91,False,1.0,3920.0,1,False,0.24317810651839142,2.12,43120.0
"Fixed 3162, uniform",29,11,16,"D 0,1 -> 4,5",91,False,0.9999999999786361,3920.0,1,False,0.24317810651839142,2.12,47040.0
"Fixed 3162, uniform",29,12,34,"D 0,2 -> 4,10",91,False,0.9999999999800261,3920.0,1,False,0.24317810651839142,2.1,50960.0
"Fixed 3162, uniform",29,13,28,"D 0,1 -> 8,9",91,False,0.9208844104529009,3920.0,1,False,0.24317810651839142,2.12,54880.0
"Fixed 3162, uniform",29,14,5,S 1 -> 7,91,False,1.0,3920.0,1,False,0.24317810873846787,2.06,58800.0
"Fixed 3162, uniform",29,15,4,S 1 -> 5,91,False,0.9952461744894613,3920.0,1,False,0.24317810873846787,2.01,62720.0
"Fixed 10000, designed",0,0,58,"D 1,2 -> 5,6",91,False,1.0,10495.0,1,False,0.24318730437372557,2.26,10495.0
"Fixed 10000, designed",0,1,73,"D 1,3 -> 7,9",91,False,1.0,10495.0,1,False,0.24318730437372557,2.26,20990.0
"Fixed 10000, designed",0,2,47,"D 0,3 -> 6,11",91,False,1.0,10495.0,1,False,0.24318730437372557,2.29,31485.0
"Fixed 10000, designed",0,3,41,"D 0,3 -> 4,11",91,False,0.9574172473197158,10495.0,1,False,0.24318730437372557,2.16,41980.0
"Fixed 10000, designed",0,4,46,"D 0,3 -> 6,9",91,False,1.0,10495.0,1,False,0.24315139024878285,2.09,52475.0
"Fixed 10000, designed",0,5,1,S 0 -> 6,91,False,1.0,10495.0,1,False,0.24315139024878285,2.09,62970.0
"Fixed 10000, designed",0,6,0,S 0 -> 4,91,False,0.998192722584578,10495.0,1,False,0.24315139024878285,2.14,73465.0
"Fixed 10000, designed",0,7,67,"D 1,2 -> 8,11",91,False,1.0,10495.0,1,False,0.2431513003628717,2.18,83960.0
"Fixed 10000, designed",0,8,58,"D 1,2 -> 5,6",91,False,1.0,10495.0,1,False,0.2431513003628717,2.16,94455.0
"Fixed 10000, designed",0,9,24,"D 0,1 -> 6,9",91,False,1.0,10495.0,1,False,0.2431513003628717,2.14,104950.0
"Fixed 10000, designed",0,10,51,"D 0,3 -> 8,11",91,False,1.0,10495.0,1,False,0.2431513003628717,2.13,115445.0
"Fixed 10000, designed",0,11,59,"D 1,2 -> 5,8",91,False,1.0,10495.0,1,False,0.2431513003628717,2.11,125940.0
"Fixed 10000, designed",0,12,61,"D 1,2 -> 6,7",91,False,0.9361795948572246,10495.0,1,False,0.2431513003628717,2.14,136435.0
"Fixed 10000, designed",0,13,31,"D 0,1 -> 10,11",91,False,0.9238686433748878,10495.0,1,False,0.24314841651385327,2.12,146930.0
"Fixed 10000, designed",0,14,47,"D 0,3 -> 6,11",91,False,1.0,10495.0,1,False,0.24311480861717005,2.1,157425.0
"Fixed 10000, designed",0,15,25,"D 0,1 -> 6,11",91,False,1.0,10495.0,1,False,0.24311480861717005,2.12,167920.0
"Fixed 10000, designed",1,0,68,"D 1,2 -> 9,10",91,False,1.0,10495.0,1,False,0.24318730437372557,2.24,10495.0
"Fixed 10000, designed",1,1,38,"D 0,3 -> 4,5",91,False,0.9904029254757726,10495.0,1,False,0.24318730437372557,2.14,20990.0
"Fixed 10000, designed",1,2,66,"D 1,2 -> 8,9",91,False,0.9361890244101434,10495.0,1,False,0.24318723161189013,2.13,31485.0
"Fixed 10000, designed",1,3,25,"D 0,1 -> 6,11",91,False,1.0,10495.0,1,False,0.24318434641198372,2.11,41980.0
"Fixed 10000, designed",1,4,1,S 0 -> 6,91,False,1.0,10495.0,1,False,0.24318434641028586,2.14,52475.0
"Fixed 10000, designed",1,5,43,"D 0,3 -> 5,8",91,False,1.0,10495.0,1,False,0.24318434641022543,2.08,62970.0
"Fixed 10000, designed",1,6,34,"D 0,2 -> 4,10",91,False,0.984475734005777,10495.0,1,False,0.24318434641022543,2.19,73465.0
"Fixed 10000, designed",1,7,2,S 0 -> 8,91,False,1.0,10495.0,1,False,0.24317541505652263,2.17,83960.0
"Fixed 10000, designed",1,8,50,"D 0,3 -> 8,9",91,False,0.9363116183848669,10495.0,1,False,0.24317541505652263,2.13,94455.0
"Fixed 10000, designed",1,9,39,"D 0,3 -> 4,7",91,False,1.0,10495.0,1,False,0.24317257189129457,2.12,104950.0
"Fixed 10000, designed",1,10,0,S 0 -> 4,91,False,0.9988208038750066,10495.0,1,False,0.24317257189129457,2.11,115445.0
"Fixed 10000, designed",1,11,29,"D 0,1 -> 8,11",91,False,1.0,10495.0,1,False,0.2431725473905058,2.16,125940.0
"Fixed 10000, designed",1,12,74,"D 1,3 -> 7,11",91,False,1.0,10495.0,1,False,0.2431725473905058,2.13,136435.0
"Fixed 10000, designed",1,13,27,"D 0,1 -> 7,10",91,False,1.0,10495.0,1,False,0.2431725473905058,2.12,146930.0
"Fixed 10000, designed",1,14,7,S 1 -> 11,91,False,0.9995963937034773,10495.0,1,False,0.2431725473905058,2.11,157425.0
"Fixed 10000, designed",1,15,58,"D 1,2 -> 5,6",91,False,1.0,10495.0,1,False,0.24317255751783204,2.09,167920.0
"Fixed 10000, designed",2,0,58,"D 1,2 -> 5,6",91,False,1.0,10495.0,1,False,0.24318730437372557,2.21,10495.0
"Fixed 10000, designed",2,1,62,"D 1,2 -> 6,9",91,False,1.0,10495.0,1,False,0.24318730437372557,2.2,20990.0
"Fixed 10000, designed",2,2,46,"D 0,3 -> 6,9",91,False,1.0,10495.0,1,False,0.24318730437372557,2.16,31485.0
"Fixed 10000, designed",2,3,44,"D 0,3 -> 5,10",91,False,0.973271699475823,10495.0,1,False,0.24318730437372557,2.12,41980.0
"Fixed 10000, designed",2,4,53,"D 0,3 -> 10,11",91,False,0.9692877511067695,10495.0,1,False,0.24317989320160047,2.07,52475.0
"Fixed 10000, designed",2,5,40,"D 0,3 -> 4,9",91,False,1.0,10495.0,1,False,0.24316151235439587,2.09,62970.0
"Fixed 10000, designed",2,6,21,"D 0,1 -> 5,8",91,False,1.0,10495.0,1,False,0.24316151235439587,2.17,73465.0
"Fixed 10000, designed",2,7,70,"D 1,3 -> 5,7",91,False,1.0,10495.0,1,False,0.24316151235439587,2.19,83960.0
"Fixed 10000, designed",2,8,47,"D 0,3 -> 6,11",91,False,1.0,10495.0,1,False,0.24316151235439587,2.14,94455.0
"Fixed 10000, designed",2,9,33,"D 0,2 -> 4,8",91,False,1.0,10495.0,1,False,0.24316151235439587,2.09,104950.0
"Fixed 10000, designed",2,10,60,"D 1,2 -> 5,10",91,False,0.9575477444956454,10495.0,1,False,0.24316151235439587,2.11,115445.0
"Fixed 10000, designed",2,11,20,"D 0,1 -> 5,6",91,False,1.0,10495.0,1,False,0.2431257799822348,2.12,125940.0
"Fixed 10000, designed",2,12,16,"D 0,1 -> 4,5",91,False,0.8250162218734555,10495.0,1,False,0.2431257799822348,2.1,136435.0
"Fixed 10000, designed",2,13,21,"D 0,1 -> 5,8",91,False,1.0,10495.0,1,False,0.24312616433511258,2.11,146930.0
"Fixed 10000, designed",2,14,40,"D 0,3 -> 4,9",91,False,1.0,10495.0,1,False,0.24312616433511258,2.1,157425.0
"Fixed 10000, designed",2,15,3,S 0 -> 10,91,False,0.999909830826004,10495.0,1,False,0.24312616433511258,2.12,167920.0
"Fixed 10000, designed",3,0,68,"D 1,2 -> 9,10",91,False,1.0,10495.0,1,False,0.24318730437372557,2.17,10495.0
"Fixed 10000, designed",3,1,41,"D 0,3 -> 4,11",91,False,0.9574172473197158,10495.0,1,False,0.24318730437372557,2.21,20990.0
"Fixed 10000, designed",3,2,31,"D 0,1 -> 10,11",91,False,0.9238740679795217,10495.0,1,False,0.24315139024878285,2.25,31485.0
"Fixed 10000, designed",3,3,27,"D 0,1 -> 7,10",91,False,1.0,10495.0,1,False,0.2431177873821108,2.27,41980.0
"Fixed 10000, designed",3,4,29,"D 0,1 -> 8,11",91,False,1.0,10495.0,1,False,0.2431177873821108,2.16,52475.0
"Fixed 10000, designed",3,5,1,S 0 -> 6,91,False,1.0,10495.0,1,False,0.2431177873821108,2.13,62970.0
"Fixed 10000, designed",3,6,56,"D 1,2 -> 4,9",91,False,1.0,10495.0,1,False,0.2431177873821108,2.19,73465.0
"Fixed 10000, designed",3,7,28,"D 0,1 -> 8,9",91,False,0.9197480352873434,10495.0,1,False,0.2431177873821108,2.19,83960.0
"Fixed 10000, designed",3,8,19,"D 0,1 -> 4,11",91,False,0.9824480354646916,10495.0,1,False,0.24311801918252368,2.18,94455.0
"Fixed 10000, designed",3,9,75,"D 1,3 -> 9,11",91,False,1.0,10495.0,1,False,0.2431184188661899,2.19,104950.0
"Fixed 10000, designed",3,10,64,"D 1,2 -> 7,8",91,False,1.0,10495.0,1,False,0.2431184188661899,2.17,115445.0
"Fixed 10000, designed",3,11,18,"D 0,1 -> 4,9",91,False,1.0,10495.0,1,False,0.2431184188661899,2.2,125940.0
"Fixed 10000, designed",3,12,63,"D 1,2 -> 6,11",91,False,1.0,10495.0,1,False,0.2431184188661899,2.19,136435.0
"Fixed 10000, designed",3,13,20,"D 0,1 -> 5,6",91,False,1.0,10495.0,1,False,0.2431184188661899,2.2,146930.0
"Fixed 10000, designed",3,14,22,"D 0,1 -> 5,10",91,False,0.9808781448804683,10495.0,1,False,0.2431184188661899,2.19,157425.0
"Fixed 10000, designed",3,15,46,"D 0,3 -> 6,9",91,False,1.0,10495.0,1,False,0.24311857308895854,2.15,167920.0
"Fixed 10000, designed",4,0,65,"D 1,2 -> 7,10",91,False,1.0,10495.0,1,False,0.24318730437372557,2.21,10495.0
"Fixed 10000, designed",4,1,19,"D 0,1 -> 4,11",91,False,0.9789237613416715,10495.0,1,False,0.24318730437372557,2.18,20990.0
"Fixed 10000, designed",4,2,62,"D 1,2 -> 6,9",91,False,1.0,10495.0,1,False,0.24318725313184614,2.17,31485.0
"Fixed 10000, designed",4,3,22,"D 0,1 -> 5,10",91,False,0.979143659936628,10495.0,1,False,0.24318725313184614,2.12,41980.0
"Fixed 10000, designed",4,4,75,"D 1,3 -> 9,11",91,False,1.0,10495.0,1,False,0.2431872039955444,2.09,52475.0
"Fixed 10000, designed",4,5,26,"D 0,1 -> 7,8",91,False,1.0,10495.0,1,False,0.2431872039955444,2.07,62970.0
"Fixed 10000, designed",4,6,68,"D 1,2 -> 9,10",91,False,1.0,10495.0,1,False,0.2431872039955444,2.12,73465.0
"Fixed 10000, designed",4,7,1,S 0 -> 6,91,False,1.0,10495.0,1,False,0.2431872039955444,2.13,83960.0
"Fixed 10000, designed",4,8,45,"D 0,3 -> 6,7",91,False,0.9361890435024381,10495.0,1,False,0.2431872039955444,2.12,94455.0
"Fixed 10000, designed",4,9,26,"D 0,1 -> 7,8",91,False,1.0,10495.0,1,False,0.2431843187998204,2.08,104950.0
"Fixed 10000, designed",4,10,6,S 1 -> 9,91,False,1.0,10495.0,1,False,0.2431843187998204,2.1,115445.0
"Fixed 10000, designed",4,11,58,"D 1,2 -> 5,6",91,False,1.0,10495.0,1,False,0.2431843187998204,2.09,125940.0
"Fixed 10000, designed",4,12,25,"D 0,1 -> 6,11",91,False,1.0,10495.0,1,False,0.2431843187998204,2.08,136435.0
"Fixed 10000, designed",4,13,32,"D 0,2 -> 4,6",91,False,1.0,10495.0,1,False,0.2431843187998204,2.11,146930.0
"Fixed 10000, designed",4,14,37,"D 0,2 -> 8,10",91,False,1.0,10495.0,1,False,0.2431843187998204,2.12,157425.0
"Fixed 10000, designed",4,15,30,"D 0,1 -> 9,10",91,False,1.0,10495.0,1,False,0.2431843187998204,2.1,167920.0
"Fixed 10000, designed",5,0,49,"D 0,3 -> 7,10",91,False,1.0,10495.0,1,False,0.24318730437372557,2.13,10495.0
"Fixed 10000, designed",5,1,34,"D 0,2 -> 4,10",91,False,0.9841455478438927,10495.0,1,False,0.24318730437372557,2.16,20990.0
"Fixed 10000, designed",5,2,67,"D 1,2 -> 8,11",91,False,1.0,10495.0,1,False,0.24317818188228252,2.16,31485.0
"Fixed 10000, designed",5,3,69,"D 1,2 -> 10,11",91,False,0.9702196821091454,10495.0,1,False,0.24317818188228252,2.2,41980.0
"Fixed 10000, designed",5,4,40,"D 0,3 -> 4,9",91,False,1.0,10495.0,1,False,0.24316066476680603,2.2,52475.0
"Fixed 10000, designed",5,5,43,"D 0,3 -> 5,8",91,False,1.0,10495.0,1,False,0.24316066476680603,2.18,62970.0
"Fixed 10000, designed",5,6,74,"D 1,3 -> 7,11",91,False,1.0,10495.0,1,False,0.24316066476680603,2.19,73465.0
"Fixed 10000, designed",5,7,52,"D 0,3 -> 9,10",91,False,1.0,10495.0,1,False,0.24316066476680603,2.22,83960.0
"Fixed 10000, designed",5,8,61,"D 1,2 -> 6,7",91,False,0.9363892699669837,10495.0,1,False,0.24316066476680603,2.25,94455.0
"Fixed 10000, designed",5,9,43,"D 0,3 -> 5,8",91,False,1.0,10495.0,1,False,0.24315808275183434,2.22,104950.0
"Fixed 10000, designed",5,10,61,"D 1,2 -> 6,7",91,False,0.9999999999802677,10495.0,1,False,0.24315808275183434,2.23,115445.0
"Fixed 10000, designed",5,11,4,S 1 -> 5,91,False,0.9999533798121845,10495.0,1,False,0.24315808275183434,2.22,125940.0
"Fixed 10000, designed",5,12,38,"D 0,3 -> 4,5",91,False,0.9909237697785086,10495.0,1,False,0.2431580832215101,2.21,136435.0
"Fixed 10000, designed",5,13,16,"D 0,1 -> 4,5",91,False,0.8252828452120085,10495.0,1,False,0.2431582024802575,2.17,146930.0
"Fixed 10000, designed",5,14,4,S 1 -> 5,91,False,0.9999805125445848,10495.0,1,False,0.2431583766945875,2.17,157425.0
"Fixed 10000, designed",5,15,32,"D 0,2 -> 4,6",91,False,1.0,10495.0,1,False,0.24315828064546363,2.18,167920.0
"Fixed 10000, designed",6,0,55,"D 1,2 -> 4,7",91,False,1.0,10495.0,1,False,0.24318730437372557,2.12,10495.0
"Fixed 10000, designed",6,1,23,"D 0,1 -> 6,7",91,False,0.9195557764466734,10495.0,1,False,0.24318730437372557,2.16,20990.0
"Fixed 10000, designed",6,2,16,"D 0,1 -> 4,5",91,False,0.8254832568704625,10495.0,1,False,0.2431873043737256,2.17,31485.0
"Fixed 10000, designed",6,3,38,"D 0,3 -> 4,5",91,False,0.9933096670399636,10495.0,1,False,0.24318730437372554,2.17,41980.0
"Fixed 10000, designed",6,4,60,"D 1,2 -> 5,10",91,False,0.9576580736419006,10495.0,1,False,0.24318727977681381,2.11,52475.0
"Fixed 10000, designed",6,5,65,"D 1,2 -> 7,10",91,False,1.0,10495.0,1,False,0.24315167103999188,2.13,62970.0
"Fixed 10000, designed",6,6,30,"D 0,1 -> 9,10",91,False,1.0,10495.0,1,False,0.24315167103999188,2.15,73465.0
"Fixed 10000, designed",6,7,54,"D 1,2 -> 4,5",91,False,0.9934111347502251,10495.0,1,False,0.24315167103999188,2.18,83960.0
"Fixed 10000, designed",6,8,34,"D 0,2 -> 4,10",91,False,0.9849354852181476,10495.0,1,False,0.2431516579443711,2.21,94455.0
"Fixed 10000, designed",6,9,51,"D 0,3 -> 8,11",91,False,1.0,10495.0,1,False,0.24314313127253262,2.24,104950.0
"Fixed 10000, designed",6,10,19,"D 0,1 -> 4,11",91,False,0.9808795799223127,10495.0,1,False,0.2431431312711588,2.21,115445.0
"Fixed 10000, designed",6,11,33,"D 0,2 -> 4,8",91,False,1.0,10495.0,1,False,0.24314284284607374,2.21,125940.0
"Fixed 10000, designed",6,12,74,"D 1,3 -> 7,11",91,False,1.0,10495.0,1,False,0.24314284290031682,2.21,136435.0
"Fixed 10000, designed",6,13,57,"D 1,2 -> 4,11",91,False,0.9745020094914082,10495.0,1,False,0.24314284291682625,2.17,146930.0
"Fixed 10000, designed",6,14,54,"D 1,2 -> 4,5",91,False,0.9999999964628795,10495.0,1,False,0.2431363629938046,2.15,157425.0
"Fixed 10000, designed",6,15,53,"D 0,3 -> 10,11",91,False,0.9705566848128252,10495.0,1,False,0.24313636299186395,2.12,167920.0
"Fixed 10000, designed",7,0,22,"D 0,1 -> 5,10",91,False,0.9789237613416715,10495.0,1,False,0.24318730437372557,2.22,10495.0
"Fixed 10000, designed",7,1,21,"D 0,1 -> 5,8",91,False,1.0,10495.0,1,False,0.24318725313251685,2.21,20990.0
"Fixed 10000, designed",7,2,71,"D 1,3 -> 5,9",91,False,1.0,10495.0,1,False,0.24318725313251685,2.16,31485.0
"Fixed 10000, designed",7,3,52,"D 0,3 -> 9,10",91,False,1.0,10495.0,1,False,0.24318725313251685,2.14,41980.0
"Fixed 10000, designed",7,4,27,"D 0,1 -> 7,10",91,False,1.0,10495.0,1,False,0.24318725313251685,2.11,52475.0
"Fixed 10000, designed",7,5,70,"D 1,3 -> 5,7",91,False,1.0,10495.0,1,False,0.24318725313251685,2.12,62970.0
"Fixed 10000, designed",7,6,69,"D 1,2 -> 10,11",91,False,0.9702303743892217,10495.0,1,False,0.24318725313251685,2.21,73465.0
"Fixed 10000, designed",7,7,71,"D 1,3 -> 5,9",91,False,1.0,10495.0,1,False,0.2431697604267604,2.2,83960.0
"Fixed 10000, designed",7,8,18,"D 0,1 -> 4,9",91,False,1.0,10495.0,1,False,0.2431697604267604,2.17,94455.0
"Fixed 10000, designed",7,9,21,"D 0,1 -> 5,8",91,False,1.0,10495.0,1,False,0.2431697604267604,2.12,104950.0
"Fixed 10000, designed",7,10,27,"D 0,1 -> 7,10",91,False,1.0,10495.0,1,False,0.2431697604267604,2.13,115445.0
"Fixed 10000, designed",7,11,74,"D 1,3 -> 7,11",91,False,1.0,10495.0,1,False,0.2431697604267604,2.13,125940.0
"Fixed 10000, designed",7,12,1,S 0 -> 6,91,False,1.0,10495.0,1,False,0.2431697604267604,2.14,136435.0
"Fixed 10000, designed",7,13,28,"D 0,1 -> 8,9",91,False,0.9195760364715707,10495.0,1,False,0.2431697604267604,2.13,146930.0
"Fixed 10000, designed",7,14,63,"D 1,2 -> 6,11",91,False,1.0,10495.0,1,False,0.2431697190970078,2.11,157425.0
"Fixed 10000, designed",7,15,60,"D 1,2 -> 5,10",91,False,0.957684586794471,10495.0,1,False,0.2431697190970078,2.12,167920.0
"Fixed 10000, designed",8,0,70,"D 1,3 -> 5,7",91,False,1.0,10495.0,1,False,0.24318730437372557,2.24,10495.0
"Fixed 10000, designed",8,1,59,"D 1,2 -> 5,8",91,False,1.0,10495.0,1,False,0.24318730437372557,2.1,20990.0
"Fixed 10000, designed",8,2,24,"D 0,1 -> 6,9",91,False,1.0,10495.0,1,False,0.24318730437372557,2.15,31485.0
"Fixed 10000, designed",8,3,57,"D 1,2 -> 4,11",91,False,0.973271699475823,10495.0,1,False,0.24318730437372557,2.15,41980.0
"Fixed 10000, designed",8,4,60,"D 1,2 -> 5,10",91,False,0.9581373182343513,10495.0,1,False,0.24317989320160047,2.1,52475.0
"Fixed 10000, designed",8,5,29,"D 0,1 -> 8,11",91,False,1.0,10495.0,1,False,0.24314490850221854,2.1,62970.0
"Fixed 10000, designed",8,6,52,"D 0,3 -> 9,10",91,False,1.0,10495.0,1,False,0.24314490850221854,2.14,73465.0
"Fixed 10000, designed",8,7,58,"D 1,2 -> 5,6",91,False,1.0,10495.0,1,False,0.24314490850221854,2.13,83960.0
"Fixed 10000, designed",8,8,5,S 1 -> 7,91,False,1.0,10495.0,1,False,0.24314490850221854,2.11,94455.0
"Fixed 10000, designed",8,9,40,"D 0,3 -> 4,9",91,False,1.0,10495.0,1,False,0.24314490850221854,2.08,104950.0
"Fixed 10000, designed",8,10,36,"D 0,2 -> 6,10",91,False,1.0,10495.0,1,False,0.24314490850221854,2.08,115445.0
"Fixed 10000, designed",8,11,71,"D 1,3 -> 5,9",91,False,1.0,10495.0,1,False,0.24314490850221854,2.08,125940.0
"Fixed 10000, designed",8,12,43,"D 0,3 -> 5,8",91,False,1.0,10495.0,1,False,0.24314490850221854,2.07,136435.0
"Fixed 10000, designed",8,13,0,S 0 -> 4,91,False,0.9999210750519385,10495.0,1,False,0.24314490850221854,2.06,146930.0
"Fixed 10000, designed",8,14,32,"D 0,2 -> 4,6",91,False,1.0,10495.0,1,False,0.24314490855919157,2.04,157425.0
"Fixed 10000, designed",8,15,54,"D 1,2 -> 4,5",91,False,0.9896831128326079,10495.0,1,False,0.24314490855919157,2.06,167920.0
"Fixed 10000, designed",9,0,36,"D 0,2 -> 6,10",91,False,1.0,10495.0,1,False,0.24318730437372557,2.26,10495.0
"Fixed 10000, designed",9,1,45,"D 0,3 -> 6,7",91,False,0.9361890435024381,10495.0,1,False,0.24318730437372557,2.25,20990.0
"Fixed 10000, designed",9,2,57,"D 1,2 -> 4,11",91,False,0.9732713823641096,10495.0,1,False,0.2431844191686683,2.26,31485.0
"Fixed 10000, designed",9,3,47,"D 0,3 -> 6,11",91,False,1.0,10495.0,1,False,0.24317700817388127,2.14,41980.0
"Fixed 10000, designed",9,4,5,S 1 -> 7,91,False,1.0,10495.0,1,False,0.24317700817388127,2.12,52475.0
"Fixed 10000, designed",9,5,49,"D 0,3 -> 7,10",91,False,1.0,10495.0,1,False,0.24317700817388127,2.13,62970.0
"Fixed 10000, designed",9,6,54,"D 1,2 -> 4,5",91,False,0.9895753331692907,10495.0,1,False,0.24317700817388127,2.23,73465.0
"Fixed 10000, designed",9,7,27,"D 0,1 -> 7,10",91,False,1.0,10495.0,1,False,0.2431768247266463,2.19,83960.0
"Fixed 10000, designed",9,8,53,"D 0,3 -> 10,11",91,False,0.9707079239908629,10495.0,1,False,0.2431768247267108,2.19,94455.0
"Fixed 10000, designed",9,9,37,"D 0,2 -> 8,10",91,False,1.0,10495.0,1,False,0.2431596402175578,2.17,104950.0
"Fixed 10000, designed",9,10,31,"D 0,1 -> 10,11",91,False,0.9227061686950653,10495.0,1,False,0.2431596402175578,2.17,115445.0
"Fixed 10000, designed",9,11,70,"D 1,3 -> 5,7",91,False,1.0,10495.0,1,False,0.24312470701884598,2.15,125940.0
"Fixed 10000, designed",9,12,52,"D 0,3 -> 9,10",91,False,1.0,10495.0,1,False,0.24312470699983946,2.09,136435.0
"Fixed 10000, designed",9,13,73,"D 1,3 -> 7,9",91,False,1.0,10495.0,1,False,0.24312470693974358,2.08,146930.0
"Fixed 10000, designed",9,14,66,"D 1,2 -> 8,9",91,False,0.9358897607993827,10495.0,1,False,0.24312470693974358,2.08,157425.0
"Fixed 10000, designed",9,15,69,"D 1,2 -> 10,11",91,False,0.9682725376477643,10495.0,1,False,0.24312171059553794,2.09,167920.0
"Fixed 10000, designed",10,0,55,"D 1,2 -> 4,7",91,False,1.0,10495.0,1,False,0.24318730437372557,2.28,10495.0
"Fixed 10000, designed",10,1,39,"D 0,3 -> 4,7",91,False,1.0,10495.0,1,False,0.24318730437372557,2.24,20990.0
"Fixed 10000, designed",10,2,3,S 0 -> 10,91,False,0.9999999924381955,10495.0,1,False,0.24318730437372557,2.28,31485.0
"Fixed 10000, designed",10,3,74,"D 1,3 -> 7,11",91,False,1.0,10495.0,1,False,0.24318730437392957,2.16,41980.0
"Fixed 10000, designed",10,4,55,"D 1,2 -> 4,7",91,False,1.0,10495.0,1,False,0.24318730437392957,2.1,52475.0
"Fixed 10000, designed",10,5,0,S 0 -> 4,91,False,0.999999993295423,10495.0,1,False,0.24318730437392957,2.09,62970.0
"Fixed 10000, designed",10,6,67,"D 1,2 -> 8,11",91,False,1.0,10495.0,1,False,0.24318730437392957,2.15,73465.0
"Fixed 10000, designed",10,7,36,"D 0,2 -> 6,10",91,False,1.0,10495.0,1,False,0.24318730437392957,2.16,83960.0
"Fixed 10000, designed",10,8,29,"D 0,1 -> 8,11",91,False,1.0,10495.0,1,False,0.24318730437392957,2.15,94455.0
"Fixed 10000, designed",10,9,29,"D 0,1 -> 8,11",91,False,1.0,10495.0,1,False,0.24318730437392957,2.13,104950.0
"Fixed 10000, designed",10,10,68,"D 1,2 -> 9,10",91,False,1.0,10495.0,1,False,0.24318730437392957,2.16,115445.0
"Fixed 10000, designed",10,11,75,"D 1,3 -> 9,11",91,False,1.0,10495.0,1,False,0.24318730437392957,2.13,125940.0
"Fixed 10000, designed",10,12,46,"D 0,3 -> 6,9",91,False,1.0,10495.0,1,False,0.24318730437392957,2.17,136435.0
"Fixed 10000, designed",10,13,17,"D 0,1 -> 4,7",91,False,1.0,10495.0,1,False,0.24318730437392957,2.14,146930.0
"Fixed 10000, designed",10,14,0,S 0 -> 4,91,False,0.9999999999999999,10495.0,1,False,0.24318730437392957,2.08,157425.0
"Fixed 10000, designed",10,15,51,"D 0,3 -> 8,11",91,False,1.0,10495.0,1,False,0.24318730437392957,2.08,167920.0
"Fixed 10000, designed",11,0,52,"D 0,3 -> 9,10",91,False,1.0,10495.0,1,False,0.24318730437372557,2.15,10495.0
"Fixed 10000, designed",11,1,61,"D 1,2 -> 6,7",91,False,0.936189043502438,10495.0,1,False,0.24318730437372557,2.16,20990.0
"Fixed 10000, designed",11,2,53,"D 0,3 -> 10,11",91,False,0.9702386215571821,10495.0,1,False,0.2431844191686683,2.17,31485.0
"Fixed 10000, designed",11,3,24,"D 0,1 -> 6,9",91,False,1.0,10495.0,1,False,0.24316693542450873,2.14,41980.0
"Fixed 10000, designed",11,4,62,"D 1,2 -> 6,9",91,False,1.0,10495.0,1,False,0.24316693542450873,2.09,52475.0
"Fixed 10000, designed",11,5,4,S 1 -> 5,91,False,0.9993155953055916,10495.0,1,False,0.24316693542450873,2.12,62970.0
"Fixed 10000, designed",11,6,1,S 0 -> 6,91,False,1.0,10495.0,1,False,0.24316693757473923,2.23,73465.0
"Fixed 10000, designed",11,7,48,"D 0,3 -> 7,8",91,False,1.0,10495.0,1,False,0.24316693757473923,2.15,83960.0
"Fixed 10000, designed",11,8,70,"D 1,3 -> 5,7",91,False,1.0,10495.0,1,False,0.24316693757473923,2.15,94455.0
"Fixed 10000, designed",11,9,26,"D 0,1 -> 7,8",91,False,1.0,10495.0,1,False,0.24316693757473923,2.15,104950.0
"Fixed 10000, designed",11,10,20,"D 0,1 -> 5,6",91,False,1.0,10495.0,1,False,0.24316693757473923,2.16,115445.0
"Fixed 10000, designed",11,11,70,"D 1,3 -> 5,7",91,False,1.0,10495.0,1,False,0.24316693757473923,2.17,125940.0
"Fixed 10000, designed",11,12,71,"D 1,3 -> 5,9",91,False,1.0,10495.0,1,False,0.24316693757473923,2.17,136435.0
"Fixed 10000, designed",11,13,63,"D 1,2 -> 6,11",91,False,1.0,10495.0,1,False,0.24316693757473923,2.18,146930.0
"Fixed 10000, designed",11,14,31,"D 0,1 -> 10,11",91,False,0.9226178602847486,10495.0,1,False,0.24316693757473923,2.15,157425.0
"Fixed 10000, designed",11,15,69,"D 1,2 -> 10,11",91,False,0.9695747398281621,10495.0,1,False,0.24313193924452267,2.22,167920.0
"Fixed 10000, designed",12,0,50,"D 0,3 -> 8,9",91,False,0.9361890435024381,10495.0,1,False,0.24318730437372557,2.24,10495.0
"Fixed 10000, designed",12,1,21,"D 0,1 -> 5,8",91,False,1.0,10495.0,1,False,0.2431844191686683,2.2,20990.0
"Fixed 10000, designed",12,2,36,"D 0,2 -> 6,10",91,False,1.0,10495.0,1,False,0.2431844191686683,2.21,31485.0
"Fixed 10000, designed",12,3,67,"D 1,2 -> 8,11",91,False,1.0,10495.0,1,False,0.2431844191686683,2.21,41980.0
"Fixed 10000, designed",12,4,66,"D 1,2 -> 8,9",91,False,0.9364864143427776,10495.0,1,False,0.2431844191686683,2.14,52475.0
"Fixed 10000, designed",12,5,25,"D 0,1 -> 6,11",91,False,1.0,10495.0,1,False,0.24318158757266867,2.13,62970.0
"Fixed 10000, designed",12,6,19,"D 0,1 -> 4,11",91,False,0.9789237613416715,10495.0,1,False,0.24318158757266867,2.16,73465.0
"Fixed 10000, designed",12,7,17,"D 0,1 -> 4,7",91,False,1.0,10495.0,1,False,0.2431815363389528,2.16,83960.0
"Fixed 10000, designed",12,8,21,"D 0,1 -> 5,8",91,False,1.0,10495.0,1,False,0.24318153633954584,2.16,94455.0
"Fixed 10000, designed",12,9,38,"D 0,3 -> 4,5",91,False,0.9892815560778764,10495.0,1,False,0.24318153633954584,2.15,104950.0
"Fixed 10000, designed",12,10,4,S 1 -> 5,91,False,0.9992815100113165,10495.0,1,False,0.24318142739732096,2.14,115445.0
"Fixed 10000, designed",12,11,74,"D 1,3 -> 7,11",91,False,1.0,10495.0,1,False,0.24318142660737568,2.13,125940.0
"Fixed 10000, designed",12,12,33,"D 0,2 -> 4,8",91,False,1.0,10495.0,1,False,0.24318142660737568,2.14,136435.0
"Fixed 10000, designed",12,13,35,"D 0,2 -> 6,8",91,False,1.0,10495.0,1,False,0.24318142660737568,2.11,146930.0
"Fixed 10000, designed",12,14,26,"D 0,1 -> 7,8",91,False,1.0,10495.0,1,False,0.24318142660737568,2.13,157425.0
"Fixed 10000, designed",12,15,3,S 0 -> 10,91,False,0.9993182850188663,10495.0,1,False,0.24318142660737568,2.15,167920.0
"Fixed 10000, designed",13,0,30,"D 0,1 -> 9,10",91,False,1.0,10495.0,1,False,0.24318730437372557,2.26,10495.0
"Fixed 10000, designed",13,1,54,"D 1,2 -> 4,5",91,False,0.9904029254757726,10495.0,1,False,0.24318730437372557,2.13,20990.0
"Fixed 10000, designed",13,2,19,"D 0,1 -> 4,11",91,False,0.9789340096876182,10495.0,1,False,0.24318723161189013,2.12,31485.0
"Fixed 10000, designed",13,3,0,S 0 -> 4,91,False,0.9997931397638922,10495.0,1,False,0.24318718055059615,2.11,41980.0
"Fixed 10000, designed",13,4,44,"D 0,3 -> 5,10",91,False,0.9732667636590454,10495.0,1,False,0.24318718051220603,2.08,52475.0
"Fixed 10000, designed",13,5,31,"D 0,1 -> 10,11",91,False,0.9243987308727024,10495.0,1,False,0.24317977059024812,2.09,62970.0
"Fixed 10000, designed",13,6,62,"D 1,2 -> 6,9",91,False,1.0,10495.0,1,False,0.24314638528975108,2.13,73465.0
"Fixed 10000, designed",13,7,29,"D 0,1 -> 8,11",91,False,1.0,10495.0,1,False,0.24314638531076507,2.2,83960.0
"Fixed 10000, designed",13,8,41,"D 0,3 -> 4,11",91,False,0.958436970245239,10495.0,1,False,0.24314638530027927,2.16,94455.0
"Fixed 10000, designed",13,9,1,S 0 -> 6,91,False,1.0,10495.0,1,False,0.24311159503230728,2.17,104950.0
"Fixed 10000, designed",13,10,74,"D 1,3 -> 7,11",91,False,1.0,10495.0,1,False,0.24311159503379737,2.13,115445.0
"Fixed 10000, designed",13,11,45,"D 0,3 -> 6,7",91,False,0.9359302785888093,10495.0,1,False,0.24311159503379737,2.14,125940.0
"Fixed 10000, designed",13,12,0,S 0 -> 4,91,False,0.9999998421574521,10495.0,1,False,0.24310844459986033,2.14,136435.0
"Fixed 10000, designed",13,13,17,"D 0,1 -> 4,7",91,False,1.0,10495.0,1,False,0.24310336086596365,2.11,146930.0
"Fixed 10000, designed",13,14,62,"D 1,2 -> 6,9",91,False,1.0,10495.0,1,False,0.24310336100656246,2.12,157425.0
"Fixed 10000, designed",13,15,65,"D 1,2 -> 7,10",91,False,1.0,10495.0,1,False,0.24310336100656246,2.09,167920.0
"Fixed 10000, designed",14,0,20,"D 0,1 -> 5,6",91,False,1.0,10495.0,1,False,0.24318730437372557,2.21,10495.0
"Fixed 10000, designed",14,1,0,S 0 -> 4,91,False,0.9999999934472216,10495.0,1,False,0.24318730437372557,2.18,20990.0
"Fixed 10000, designed",14,2,21,"D 0,1 -> 5,8",91,False,1.0,10495.0,1,False,0.24318730437372557,2.23,31485.0
"Fixed 10000, designed",14,3,1,S 0 -> 6,91,False,1.0,10495.0,1,False,0.24318730437372557,2.2,41980.0
"Fixed 10000, designed",14,4,18,"D 0,1 -> 4,9",91,False,1.0,10495.0,1,False,0.24318730437372557,2.19,52475.0
"Fixed 10000, designed",14,5,53,"D 0,3 -> 10,11",91,False,0.9702389744877842,10495.0,1,False,0.24318730437372557,2.18,62970.0
"Fixed 10000, designed",14,6,16,"D 0,1 -> 4,5",91,False,0.8249194553684656,10495.0,1,False,0.24316980811335867,2.23,73465.0
"Fixed 10000, designed",14,7,16,"D 0,1 -> 4,5",91,False,0.9999999999999999,10495.0,1,False,0.24316988689923036,2.23,83960.0
"Fixed 10000, designed",14,8,48,"D 0,3 -> 7,8",91,False,1.0,10495.0,1,False,0.24316988689923036,2.2,94455.0
"Fixed 10000, designed",14,9,64,"D 1,2 -> 7,8",91,False,1.0,10495.0,1,False,0.24316988689923036,2.21,104950.0
"Fixed 10000, designed",14,10,2,S 0 -> 8,91,False,1.0,10495.0,1,False,0.24316988689923036,2.3,115445.0
"Fixed 10000, designed",14,11,69,"D 1,2 -> 10,11",91,False,0.9703674913587118,10495.0,1,False,0.24316988689923036,2.26,125940.0
"Fixed 10000, designed",14,12,48,"D 0,3 -> 7,8",91,False,1.0,10495.0,1,False,0.24315258950211543,2.14,136435.0
"Fixed 10000, designed",14,13,37,"D 0,2 -> 8,10",91,False,1.0,10495.0,1,False,0.24315258950211543,2.13,146930.0
"Fixed 10000, designed",14,14,26,"D 0,1 -> 7,8",91,False,1.0,10495.0,1,False,0.24315258950211543,2.12,157425.0
"Fixed 10000, designed",14,15,4,S 1 -> 5,91,False,0.996084655613179,10495.0,1,False,0.24315258950211543,2.13,167920.0
"Fixed 10000, designed",15,0,3,S 0 -> 10,91,False,0.9999999924381955,10495.0,1,False,0.24318730437372557,2.08,10495.0
"Fixed 10000, designed",15,1,71,"D 1,3 -> 5,9",91,False,1.0,10495.0,1,False,0.24318730437392957,2.15,20990.0
"Fixed 10000, designed",15,2,64,"D 1,2 -> 7,8",91,False,1.0,10495.0,1,False,0.24318730437392957,2.12,31485.0
"Fixed 10000, designed",15,3,28,"D 0,1 -> 8,9",91,False,0.9195557764331902,10495.0,1,False,0.24318730437392957,2.15,41980.0
"Fixed 10000, designed",15,4,29,"D 0,1 -> 8,11",91,False,1.0,10495.0,1,False,0.2431873059941369,2.13,52475.0
"Fixed 10000, designed",15,5,50,"D 0,3 -> 8,9",91,False,0.9348956272482175,10495.0,1,False,0.2431873059941369,2.08,62970.0
"Fixed 10000, designed",15,6,50,"D 0,3 -> 8,9",91,False,0.999999999965087,10495.0,1,False,0.24318426301287172,2.04,73465.0
"Fixed 10000, designed",15,7,34,"D 0,2 -> 4,10",91,False,0.9841558864075879,10495.0,1,False,0.24318426301287172,2.06,83960.0
"Fixed 10000, designed",15,8,42,"D 0,3 -> 5,6",91,False,1.0,10495.0,1,False,0.24317513362310225,2.11,94455.0
"Fixed 10000, designed",15,9,18,"D 0,1 -> 4,9",91,False,1.0,10495.0,1,False,0.2431751336222984,2.12,104950.0
"Fixed 10000, designed",15,10,71,"D 1,3 -> 5,9",91,False,1.0,10495.0,1,False,0.2431751336212889,2.08,115445.0
"Fixed 10000, designed",15,11,16,"D 0,1 -> 4,5",91,False,0.8255326574672122,10495.0,1,False,0.24317513360648088,2.12,125940.0
"Fixed 10000, designed",15,12,70,"D 1,3 -> 5,7",91,False,1.0,10495.0,1,False,0.2431752434023045,2.14,136435.0
"Fixed 10000, designed",15,13,38,"D 0,3 -> 4,5",91,False,0.9926527609831655,10495.0,1,False,0.2431752434023045,2.12,146930.0
"Fixed 10000, designed",15,14,55,"D 1,2 -> 4,7",91,False,1.0,10495.0,1,False,0.2431753545383268,2.12,157425.0
"Fixed 10000, designed",15,15,38,"D 0,3 -> 4,5",91,False,0.9999999997711037,10495.0,1,False,0.2431753545383268,2.1,167920.0
"Fixed 10000, designed",16,0,39,"D 0,3 -> 4,7",91,False,1.0,10495.0,1,False,0.24318730437372557,2.06,10495.0
"Fixed 10000, designed",16,1,23,"D 0,1 -> 6,7",91,False,0.9195557764466734,10495.0,1,False,0.24318730437372557,2.04,20990.0
"Fixed 10000, designed",16,2,17,"D 0,1 -> 4,7",91,False,1.0,10495.0,1,False,0.2431873043737256,2.05,31485.0
"Fixed 10000, designed",16,3,39,"D 0,3 -> 4,7",91,False,1.0,10495.0,1,False,0.2431873043737256,2.05,41980.0
"Fixed 10000, designed",16,4,52,"D 0,3 -> 9,10",91,False,1.0,10495.0,1,False,0.2431873043737256,2.07,52475.0
"Fixed 10000, designed",16,5,6,S 1 -> 9,91,False,1.0,10495.0,1,False,0.2431873043737256,2.06,62970.0
"Fixed 10000, designed",16,6,68,"D 1,2 -> 9,10",91,False,1.0,10495.0,1,False,0.2431873043737256,2.06,73465.0
"Fixed 10000, designed",16,7,16,"D 0,1 -> 4,5",91,False,0.8254832568704625,10495.0,1,False,0.2431873043737256,2.09,83960.0
"Fixed 10000, designed",16,8,2,S 0 -> 8,91,False,1.0,10495.0,1,False,0.24318730437372554,2.11,94455.0
"Fixed 10000, designed",16,9,49,"D 0,3 -> 7,10",91,False,1.0,10495.0,1,False,0.24318730437372554,2.1,104950.0
"Fixed 10000, designed",16,10,73,"D 1,3 -> 7,9",91,False,1.0,10495.0,1,False,0.24318730437372554,2.1,115445.0
"Fixed 10000, designed",16,11,68,"D 1,2 -> 9,10",91,False,1.0,10495.0,1,False,0.24318730437372554,2.12,125940.0
"Fixed 10000, designed",16,12,19,"D 0,1 -> 4,11",91,False,0.980891986917595,10495.0,1,False,0.24318730437372554,2.08,136435.0
"Fixed 10000, designed",16,13,53,"D 0,3 -> 10,11",91,False,0.970231695800731,10495.0,1,False,0.24318702294892489,2.07,146930.0
"Fixed 10000, designed",16,14,51,"D 0,3 -> 8,11",91,False,1.0,10495.0,1,False,0.24316950410923843,2.09,157425.0
"Fixed 10000, designed",16,15,44,"D 0,3 -> 5,10",91,False,0.9723860687420276,10495.0,1,False,0.2431695039905166,2.11,167920.0
"Fixed 10000, designed",17,0,34,"D 0,2 -> 4,10",91,False,0.9841455478438927,10495.0,1,False,0.24318730437372557,2.11,10495.0
"Fixed 10000, designed",17,1,33,"D 0,2 -> 4,8",91,False,1.0,10495.0,1,False,0.24317818188228252,2.14,20990.0
"Fixed 10000, designed",17,2,19,"D 0,1 -> 4,11",91,False,0.9788972892421588,10495.0,1,False,0.24317818188228252,2.11,31485.0
"Fixed 10000, designed",17,3,58,"D 1,2 -> 5,6",91,False,1.0,10495.0,1,False,0.24317812249665538,2.09,41980.0
"Fixed 10000, designed",17,4,18,"D 0,1 -> 4,9",91,False,1.0,10495.0,1,False,0.24317812249665538,2.08,52475.0
"Fixed 10000, designed",17,5,38,"D 0,3 -> 4,5",91,False,0.9909451355328629,10495.0,1,False,0.24317812249665538,2.07,62970.0
"Fixed 10000, designed",17,6,60,"D 1,2 -> 5,10",91,False,0.9575640675261817,10495.0,1,False,0.2431782406642227,2.04,73465.0
"Fixed 10000, designed",17,7,3,S 0 -> 10,91,False,0.9998623826564963,10495.0,1,False,0.2431426904598998,2.06,83960.0
"Fixed 10000, designed",17,8,57,"D 1,2 -> 4,11",91,False,0.9746755558782129,10495.0,1,False,0.24314269462282764,2.09,94455.0
"Fixed 10000, designed",17,9,22,"D 0,1 -> 5,10",91,False,0.9808329207865083,10495.0,1,False,0.24313622739322072,2.09,104950.0
"Fixed 10000, designed",17,10,4,S 1 -> 5,91,False,0.9974794284503344,10495.0,1,False,0.24313646775667072,2.17,115445.0
"Fixed 10000, designed",17,11,6,S 1 -> 9,91,False,1.0,10495.0,1,False,0.2431363495896309,2.16,125940.0
"Fixed 10000, designed",17,12,47,"D 0,3 -> 6,11",91,False,1.0,10495.0,1,False,0.2431363497635715,2.18,136435.0
"Fixed 10000, designed",17,13,91,"D 2,3 -> 10,11",91,True,0.0,10495.0,1,False,0.24313634977677615,2.14,146930.0
"Fixed 10000, designed",17,14,55,"D 1,2 -> 4,7",79,False,1.0,10474.0,1,False,0.16103579977454446,2.11,157404.0
"Fixed 10000, designed",17,15,0,S 0 -> 4,79,False,0.9903575488788114,10474.0,1,False,0.16103579977454446,2.16,167878.0
"Fixed 10000, designed",18,0,72,"D 1,3 -> 5,11",91,False,0.9841455478438927,10495.0,1,False,0.24318730437372557,2.09,10495.0
"Fixed 10000, designed",18,1,47,"D 0,3 -> 6,11",91,False,1.0,10495.0,1,False,0.24317818188228252,2.1,20990.0
"Fixed 10000, designed",18,2,39,"D 0,3 -> 4,7",91,False,1.0,10495.0,1,False,0.24317818188228252,2.08,31485.0
"Fixed 10000, designed",18,3,28,"D 0,1 -> 8,9",91,False,0.9195528186661539,10495.0,1,False,0.24317818188228252,2.07,41980.0
"Fixed 10000, designed",18,4,43,"D 0,3 -> 5,8",91,False,1.0,10495.0,1,False,0.2431781819932128,2.04,52475.0
"Fixed 10000, designed",18,5,64,"D 1,2 -> 7,8",91,False,1.0,10495.0,1,False,0.24317818198945165,2.03,62970.0
"Fixed 10000, designed",18,6,72,"D 1,3 -> 5,11",91,False,0.9999999995836802,10495.0,1,False,0.24317818198441318,2.0,73465.0
"Fixed 10000, designed",18,7,1,S 0 -> 6,91,False,1.0,10495.0,1,False,0.24317818198441318,2.04,83960.0
"Fixed 10000, designed",18,8,43,"D 0,3 -> 5,8",91,False,1.0,10495.0,1,False,0.24317818198441318,2.07,94455.0
"Fixed 10000, designed",18,9,45,"D 0,3 -> 6,7",91,False,0.9361869008494671,10495.0,1,False,0.24317818198441318,2.1,104950.0
"Fixed 10000, designed",18,10,39,"D 0,3 -> 4,7",91,False,1.0,10495.0,1,False,0.24317529700064586,2.1,115445.0
"Fixed 10000, designed",18,11,58,"D 1,2 -> 5,6",91,False,1.0,10495.0,1,False,0.24317529707802063,2.08,125940.0
"Fixed 10000, designed",18,12,38,"D 0,3 -> 4,5",91,False,0.9892370278640943,10495.0,1,False,0.24317529707802063,2.06,136435.0
"Fixed 10000, designed",18,13,47,"D 0,3 -> 6,11",91,False,1.0,10495.0,1,False,0.24317517940122527,2.07,146930.0
"Fixed 10000, designed",18,14,54,"D 1,2 -> 4,5",91,False,0.9909769619648175,10495.0,1,False,0.24317517940122527,2.09,157425.0
"Fixed 10000, designed",18,15,16,"D 0,1 -> 4,5",91,False,0.8263476764221485,10495.0,1,False,0.24317529811217786,2.12,167920.0
"Fixed 10000, designed",19,0,16,"D 0,1 -> 4,5",91,False,0.8248878159252171,10495.0,1,False,0.24318730437372557,2.12,10495.0
"Fixed 10000, designed",19,1,59,"D 1,2 -> 5,8",91,False,1.0,10495.0,1,False,0.24318730437372557,2.12,20990.0
"Fixed 10000, designed",19,2,18,"D 0,1 -> 4,9",91,False,1.0,10495.0,1,False,0.24318730437372557,2.13,31485.0
"Fixed 10000, designed",19,3,4,S 1 -> 5,91,False,0.9953902715417223,10495.0,1,False,0.24318730437372557,2.11,41980.0
"Fixed 10000, designed",19,4,22,"D 0,1 -> 5,10",91,False,0.9807140476277804,10495.0,1,False,0.2431873043737256,2.11,52475.0
"Fixed 10000, designed",19,5,7,S 1 -> 11,91,False,0.9997991641522669,10495.0,1,False,0.24318701857210823,2.08,62970.0
"Fixed 10000, designed",19,6,21,"D 0,1 -> 5,8",91,False,1.0,10495.0,1,False,0.2431870135641597,2.07,73465.0
"Fixed 10000, designed",19,7,66,"D 1,2 -> 8,9",91,False,0.9361362314556775,10495.0,1,False,0.24318701356417047,2.12,83960.0
"Fixed 10000, designed",19,8,24,"D 0,1 -> 6,9",91,False,1.0,10495.0,1,False,0.24318413233548256,2.08,94455.0
"Fixed 10000, designed",19,9,73,"D 1,3 -> 7,9",91,False,1.0,10495.0,1,False,0.24318413233548256,2.11,104950.0
"Fixed 10000, designed",19,10,25,"D 0,1 -> 6,11",91,False,1.0,10495.0,1,False,0.24318413233548256,2.14,115445.0
"Fixed 10000, designed",19,11,53,"D 0,3 -> 10,11",91,False,0.9702137065328983,10495.0,1,False,0.24318413233548256,2.19,125940.0
"Fixed 10000, designed",19,12,7,S 1 -> 11,91,False,0.999999987066613,10495.0,1,False,0.2431666680821761,2.2,136435.0
"Fixed 10000, designed",19,13,3,S 0 -> 10,91,False,0.9987537748801195,10495.0,1,False,0.24316666808896026,2.15,146930.0
"Fixed 10000, designed",19,14,7,S 1 -> 11,91,False,0.9999999909651317,10495.0,1,False,0.24316658150769282,2.16,157425.0
"Fixed 10000, designed",19,15,20,"D 0,1 -> 5,6",91,False,1.0,10495.0,1,False,0.24316658150769282,2.11,167920.0
"Fixed 10000, designed",20,0,5,S 1 -> 7,91,False,1.0,10495.0,1,False,0.24318730437372557,2.15,10495.0
"Fixed 10000, designed",20,1,63,"D 1,2 -> 6,11",91,False,1.0,10495.0,1,False,0.24318730437372557,2.22,20990.0
"Fixed 10000, designed",20,2,61,"D 1,2 -> 6,7",91,False,0.936189043502438,10495.0,1,False,0.24318730437372557,2.24,31485.0
"Fixed 10000, designed",20,3,42,"D 0,3 -> 5,6",91,False,1.0,10495.0,1,False,0.2431844191686683,2.16,41980.0
"Fixed 10000, designed",20,4,5,S 1 -> 7,91,False,1.0,10495.0,1,False,0.2431844191686683,2.11,52475.0
"Fixed 10000, designed",20,5,18,"D 0,1 -> 4,9",91,False,1.0,10495.0,1,False,0.2431844191686683,2.15,62970.0
"Fixed 10000, designed",20,6,33,"D 0,2 -> 4,8",91,False,1.0,10495.0,1,False,0.2431844191686683,2.18,73465.0
"Fixed 10000, designed",20,7,73,"D 1,3 -> 7,9",91,False,1.0,10495.0,1,False,0.2431844191686683,2.22,83960.0
"Fixed 10000, designed",20,8,17,"D 0,1 -> 4,7",91,False,1.0,10495.0,1,False,0.2431844191686683,2.16,94455.0
"Fixed 10000, designed",20,9,5,S 1 -> 7,91,False,1.0,10495.0,1,False,0.2431844191686683,2.17,104950.0
"Fixed 10000, designed",20,10,41,"D 0,3 -> 4,11",91,False,0.9574167421065373,10495.0,1,False,0.2431844191686683,2.18,115445.0
"Fixed 10000, designed",20,11,20,"D 0,1 -> 5,6",91,False,1.0,10495.0,1,False,0.24314850572228053,2.16,125940.0
"Fixed 10000, designed",20,12,57,"D 1,2 -> 4,11",91,False,0.973274455556858,10495.0,1,False,0.24314850572228053,2.25,136435.0
"Fixed 10000, designed",20,13,57,"D 1,2 -> 4,11",91,False,0.9999999064256052,10495.0,1,False,0.2431412026367316,2.2,146930.0
"Fixed 10000, designed",20,14,38,"D 0,3 -> 4,5",91,False,0.9904778998447114,10495.0,1,False,0.2431412026080667,2.2,157425.0
"Fixed 10000, designed",20,15,27,"D 0,1 -> 7,10",91,False,1.0,10495.0,1,False,0.2431411467313661,2.14,167920.0
"Fixed 10000, designed",21,0,34,"D 0,2 -> 4,10",91,False,0.9841455478438927,10495.0,1,False,0.24318730437372557,2.09,10495.0
"Fixed 10000, designed",21,1,41,"D 0,3 -> 4,11",91,False,0.958279131939521,10495.0,1,False,0.24317818188228252,2.1,20990.0
"Fixed 10000, designed",21,2,66,"D 1,2 -> 8,9",91,False,0.936177778651508,10495.0,1,False,0.24314424807413482,2.11,31485.0
"Fixed 10000, designed",21,3,25,"D 0,1 -> 6,11",91,False,1.0,10495.0,1,False,0.24314136369204284,2.08,41980.0
"Fixed 10000, designed",21,4,18,"D 0,1 -> 4,9",91,False,1.0,10495.0,1,False,0.24314136369204284,2.06,52475.0
"Fixed 10000, designed",21,5,67,"D 1,2 -> 8,11",91,False,1.0,10495.0,1,False,0.24314136369204284,2.02,62970.0
"Fixed 10000, designed",21,6,17,"D 0,1 -> 4,7",91,False,1.0,10495.0,1,False,0.24314136369204284,1.99,73465.0
"Fixed 10000, designed",21,7,43,"D 0,3 -> 5,8",91,False,1.0,10495.0,1,False,0.24314136369204284,2.06,83960.0
"Fixed 10000, designed",21,8,33,"D 0,2 -> 4,8",91,False,1.0,10495.0,1,False,0.24314136369204284,2.07,94455.0
"Fixed 10000, designed",21,9,42,"D 0,3 -> 5,6",91,False,1.0,10495.0,1,False,0.24314136369204284,2.09,104950.0
"Fixed 10000, designed",21,10,21,"D 0,1 -> 5,8",91,False,1.0,10495.0,1,False,0.24314136369204284,2.08,115445.0
"Fixed 10000, designed",21,11,24,"D 0,1 -> 6,9",91,False,1.0,10495.0,1,False,0.24314136369204284,2.07,125940.0
"Fixed 10000, designed",21,12,56,"D 1,2 -> 4,9",91,False,1.0,10495.0,1,False,0.24314136369204284,2.08,136435.0
"Fixed 10000, designed",21,13,68,"D 1,2 -> 9,10",91,False,1.0,10495.0,1,False,0.24314136369204284,2.08,146930.0
"Fixed 10000, designed",21,14,40,"D 0,3 -> 4,9",91,False,1.0,10495.0,1,False,0.24314136369204284,2.07,157425.0
"Fixed 10000, designed",21,15,61,"D 1,2 -> 6,7",91,False,0.936655723432901,10495.0,1,False,0.24314136369204284,2.05,167920.0
"Fixed 10000, designed",22,0,33,"D 0,2 -> 4,8",91,False,1.0,10495.0,1,False,0.24318730437372557,2.12,10495.0
"Fixed 10000, designed",22,1,24,"D 0,1 -> 6,9",91,False,1.0,10495.0,1,False,0.24318730437372557,2.13,20990.0
"Fixed 10000, designed",22,2,64,"D 1,2 -> 7,8",91,False,1.0,10495.0,1,False,0.24318730437372557,2.15,31485.0
"Fixed 10000, designed",22,3,18,"D 0,1 -> 4,9",91,False,1.0,10495.0,1,False,0.24318730437372557,2.13,41980.0
"Fixed 10000, designed",22,4,64,"D 1,2 -> 7,8",91,False,1.0,10495.0,1,False,0.24318730437372557,2.07,52475.0
"Fixed 10000, designed",22,5,41,"D 0,3 -> 4,11",91,False,0.9574172473197158,10495.0,1,False,0.24318730437372557,2.05,62970.0
"Fixed 10000, designed",22,6,21,"D 0,1 -> 5,8",91,False,1.0,10495.0,1,False,0.24315139024878285,2.03,73465.0
"Fixed 10000, designed",22,7,51,"D 0,3 -> 8,11",91,False,1.0,10495.0,1,False,0.24315139024878285,2.13,83960.0
"Fixed 10000, designed",22,8,44,"D 0,3 -> 5,10",91,False,0.9743797409224031,10495.0,1,False,0.24315139024878285,2.12,94455.0
"Fixed 10000, designed",22,9,35,"D 0,2 -> 6,8",91,False,1.0,10495.0,1,False,0.24314490852371637,2.14,104950.0
"Fixed 10000, designed",22,10,29,"D 0,1 -> 8,11",91,False,1.0,10495.0,1,False,0.24314490852371637,2.13,115445.0
"Fixed 10000, designed",22,11,31,"D 0,1 -> 10,11",91,False,0.9239371376167038,10495.0,1,False,0.24314490852371637,2.12,125940.0
"Fixed 10000, designed",22,12,43,"D 0,3 -> 5,8",91,False,1.0,10495.0,1,False,0.24311135414567253,2.13,136435.0
"Fixed 10000, designed",22,13,21,"D 0,1 -> 5,8",91,False,1.0,10495.0,1,False,0.24311135414567253,2.13,146930.0
"Fixed 10000, designed",22,14,40,"D 0,3 -> 4,9",91,False,1.0,10495.0,1,False,0.24311135414567253,2.12,157425.0
"Fixed 10000, designed",22,15,42,"D 0,3 -> 5,6",91,False,1.0,10495.0,1,False,0.24311135414567253,2.12,167920.0
"Fixed 10000, designed",23,0,73,"D 1,3 -> 7,9",91,False,1.0,10495.0,1,False,0.24318730437372557,2.07,10495.0
"Fixed 10000, designed",23,1,75,"D 1,3 -> 9,11",91,False,1.0,10495.0,1,False,0.24318730437372557,2.09,20990.0
"Fixed 10000, designed",23,2,57,"D 1,2 -> 4,11",91,False,0.973271699475823,10495.0,1,False,0.24318730437372557,2.06,31485.0
"Fixed 10000, designed",23,3,47,"D 0,3 -> 6,11",91,False,1.0,10495.0,1,False,0.24317989320160047,2.08,41980.0
"Fixed 10000, designed",23,4,64,"D 1,2 -> 7,8",91,False,1.0,10495.0,1,False,0.24317989320160047,2.09,52475.0
"Fixed 10000, designed",23,5,66,"D 1,2 -> 8,9",91,False,0.9361025366940523,10495.0,1,False,0.24317989320160047,2.08,62970.0
"Fixed 10000, designed",23,6,47,"D 0,3 -> 6,11",91,False,1.0,10495.0,1,False,0.2431769426492384,1.99,73465.0
"Fixed 10000, designed",23,7,18,"D 0,1 -> 4,9",91,False,1.0,10495.0,1,False,0.2431769426492384,2.11,83960.0
"Fixed 10000, designed",23,8,56,"D 1,2 -> 4,9",91,False,1.0,10495.0,1,False,0.2431769426492384,2.12,94455.0
"Fixed 10000, designed",23,9,24,"D 0,1 -> 6,9",91,False,1.0,10495.0,1,False,0.2431769426492384,2.11,104950.0
"Fixed 10000, designed",23,10,59,"D 1,2 -> 5,8",91,False,1.0,10495.0,1,False,0.2431769426492384,2.16,115445.0
"Fixed 10000, designed",23,11,58,"D 1,2 -> 5,6",91,False,1.0,10495.0,1,False,0.2431769426492384,2.11,125940.0
"Fixed 10000, designed",23,12,5,S 1 -> 7,91,False,1.0,10495.0,1,False,0.2431769426492384,2.12,136435.0
"Fixed 10000, designed",23,13,68,"D 1,2 -> 9,10",91,False,1.0,10495.0,1,False,0.2431769426492384,2.1,146930.0
"Fixed 10000, designed",23,14,68,"D 1,2 -> 9,10",91,False,1.0,10495.0,1,False,0.2431769426492384,2.09,157425.0
"Fixed 10000, designed",23,15,75,"D 1,3 -> 9,11",91,False,1.0,10495.0,1,False,0.2431769426492384,2.08,167920.0
"Fixed 10000, designed",24,0,34,"D 0,2 -> 4,10",91,False,0.9841455478438927,10495.0,1,False,0.24318730437372557,2.1,10495.0
"Fixed 10000, designed",24,1,3,S 0 -> 10,91,False,0.9996543221669845,10495.0,1,False,0.24317818188228252,2.09,20990.0
"Fixed 10000, designed",24,2,54,"D 1,2 -> 4,5",91,False,0.9903843830077272,10495.0,1,False,0.24317816979505982,2.09,31485.0
"Fixed 10000, designed",24,3,24,"D 0,1 -> 6,9",91,False,1.0,10495.0,1,False,0.24317808999850132,2.08,41980.0
"Fixed 10000, designed",24,4,73,"D 1,3 -> 7,9",91,False,1.0,10495.0,1,False,0.24317808999850132,2.05,52475.0
"Fixed 10000, designed",24,5,51,"D 0,3 -> 8,11",91,False,1.0,10495.0,1,False,0.24317808999850132,2.01,62970.0
"Fixed 10000, designed",24,6,35,"D 0,2 -> 6,8",91,False,1.0,10495.0,1,False,0.24317808999850132,2.05,73465.0
"Fixed 10000, designed",24,7,1,S 0 -> 6,91,False,1.0,10495.0,1,False,0.24317808999850132,2.11,83960.0
"Fixed 10000, designed",24,8,61,"D 1,2 -> 6,7",91,False,0.9360041368788512,10495.0,1,False,0.24317808999850132,2.09,94455.0
"Fixed 10000, designed",24,9,1,S 0 -> 6,91,False,1.0,10495.0,1,False,0.24317516707567158,2.12,104950.0
"Fixed 10000, designed",24,10,74,"D 1,3 -> 7,11",91,False,1.0,10495.0,1,False,0.24317516707567158,2.14,115445.0
"Fixed 10000, designed",24,11,42,"D 0,3 -> 5,6",91,False,1.0,10495.0,1,False,0.24317516707567158,2.13,125940.0
"Fixed 10000, designed",24,12,75,"D 1,3 -> 9,11",91,False,1.0,10495.0,1,False,0.24317516707567158,2.14,136435.0
"Fixed 10000, designed",24,13,49,"D 0,3 -> 7,10",91,False,1.0,10495.0,1,False,0.24317516707567158,2.13,146930.0
"Fixed 10000, designed",24,14,49,"D 0,3 -> 7,10",91,False,1.0,10495.0,1,False,0.24317516707567158,2.13,157425.0
"Fixed 10000, designed",24,15,68,"D 1,2 -> 9,10",91,False,1.0,10495.0,1,False,0.24317516707567158,2.09,167920.0
"Fixed 10000, designed",25,0,29,"D 0,1 -> 8,11",91,False,1.0,10495.0,1,False,0.24318730437372557,2.08,10495.0
"Fixed 10000, designed",25,1,31,"D 0,1 -> 10,11",91,False,0.9238414219292242,10495.0,1,False,0.24318730437372557,2.1,20990.0
"Fixed 10000, designed",25,2,38,"D 0,3 -> 4,5",91,False,0.9904016211672834,10495.0,1,False,0.2431536556295291,2.11,31485.0
"Fixed 10000, designed",25,3,22,"D 0,1 -> 5,10",91,False,0.9806229841407664,10495.0,1,False,0.2431535828830007,2.09,41980.0
"Fixed 10000, designed",25,4,1,S 0 -> 6,91,False,1.0,10495.0,1,False,0.24315374370477907,2.08,52475.0
"Fixed 10000, designed",25,5,66,"D 1,2 -> 8,9",91,False,0.9361804037676357,10495.0,1,False,0.24315374370477907,2.07,62970.0
"Fixed 10000, designed",25,6,30,"D 0,1 -> 9,10",91,False,1.0,10495.0,1,False,0.2431508590611474,2.04,73465.0
"Fixed 10000, designed",25,7,45,"D 0,3 -> 6,7",91,False,0.9359975846709244,10495.0,1,False,0.2431508590492136,2.11,83960.0
"Fixed 10000, designed",25,8,55,"D 1,2 -> 4,7",91,False,1.0,10495.0,1,False,0.24314793769046905,2.03,94455.0
"Fixed 10000, designed",25,9,17,"D 0,1 -> 4,7",91,False,1.0,10495.0,1,False,0.24314793769046905,2.06,104950.0
"Fixed 10000, designed",25,10,0,S 0 -> 4,91,False,0.9989973666192558,10495.0,1,False,0.24314793769046905,2.07,115445.0
"Fixed 10000, designed",25,11,3,S 0 -> 10,91,False,0.9981794057649063,10495.0,1,False,0.2431479353316034,2.07,125940.0
"Fixed 10000, designed",25,12,4,S 1 -> 5,91,False,0.9990643065192568,10495.0,1,False,0.24314796055308605,2.07,136435.0
"Fixed 10000, designed",25,13,60,"D 1,2 -> 5,10",91,False,0.9575135531566762,10495.0,1,False,0.2431479588390537,2.07,146930.0
"Fixed 10000, designed",25,14,32,"D 0,2 -> 4,6",91,False,1.0,10495.0,1,False,0.24311204959003418,2.09,157425.0
"Fixed 10000, designed",25,15,38,"D 0,3 -> 4,5",91,False,0.9999999749801961,10495.0,1,False,0.24311204959003418,2.07,167920.0
"Fixed 10000, designed",26,0,43,"D 0,3 -> 5,8",91,False,1.0,10495.0,1,False,0.24318730437372557,2.16,10495.0
"Fixed 10000, designed",26,1,64,"D 1,2 -> 7,8",91,False,1.0,10495.0,1,False,0.24318730437372557,2.14,20990.0
"Fixed 10000, designed",26,2,5,S 1 -> 7,91,False,1.0,10495.0,1,False,0.24318730437372557,2.14,31485.0
"Fixed 10000, designed",26,3,44,"D 0,3 -> 5,10",91,False,0.973271699475823,10495.0,1,False,0.24318730437372557,2.11,41980.0
"Fixed 10000, designed",26,4,37,"D 0,2 -> 8,10",91,False,1.0,10495.0,1,False,0.24317989320160047,2.08,52475.0
"Fixed 10000, designed",26,5,39,"D 0,3 -> 4,7",91,False,1.0,10495.0,1,False,0.24317989320160047,2.03,62970.0
"Fixed 10000, designed",26,6,61,"D 1,2 -> 6,7",91,False,0.9361870987940337,10495.0,1,False,0.24317989320160047,2.05,73465.0
"Fixed 10000, designed",26,7,49,"D 0,3 -> 7,10",91,False,1.0,10495.0,1,False,0.2431770081450519,2.1,83960.0
"Fixed 10000, designed",26,8,5,S 1 -> 7,91,False,1.0,10495.0,1,False,0.2431770081450519,2.11,94455.0
"Fixed 10000, designed",26,9,19,"D 0,1 -> 4,11",91,False,0.9789231668012712,10495.0,1,False,0.2431770081450519,2.1,104950.0
"Fixed 10000, designed",26,10,36,"D 0,2 -> 6,10",91,False,1.0,10495.0,1,False,0.24317695690732558,2.1,115445.0
"Fixed 10000, designed",26,11,73,"D 1,3 -> 7,9",91,False,1.0,10495.0,1,False,0.243176956908719,2.11,125940.0
"Fixed 10000, designed",26,12,26,"D 0,1 -> 7,8",91,False,1.0,10495.0,1,False,0.243176956908719,2.1,136435.0
"Fixed 10000, designed",26,13,55,"D 1,2 -> 4,7",91,False,1.0,10495.0,1,False,0.243176956908719,2.1,146930.0
"Fixed 10000, designed",26,14,63,"D 1,2 -> 6,11",91,False,1.0,10495.0,1,False,0.243176956908719,2.09,157425.0
"Fixed 10000, designed",26,15,41,"D 0,3 -> 4,11",91,False,0.9584816852543421,10495.0,1,False,0.243176956908719,2.1,167920.0
"Fixed 10000, designed",27,0,16,"D 0,1 -> 4,5",91,False,0.8248878159252171,10495.0,1,False,0.24318730437372557,2.13,10495.0
"Fixed 10000, designed",27,1,41,"D 0,3 -> 4,11",91,False,0.9576591442072769,10495.0,1,False,0.24318730437372557,2.11,20990.0
"Fixed 10000, designed",27,2,19,"D 0,1 -> 4,11",91,False,0.9825302760887302,10495.0,1,False,0.2431516967815078,2.11,31485.0
"Fixed 10000, designed",27,3,61,"D 1,2 -> 6,7",91,False,0.9361805341543891,10495.0,1,False,0.24315169119129124,2.11,41980.0
"Fixed 10000, designed",27,4,27,"D 0,1 -> 7,10",91,False,1.0,10495.0,1,False,0.24314880708103218,2.1,52475.0
"Fixed 10000, designed",27,5,42,"D 0,3 -> 5,6",91,False,1.0,10495.0,1,False,0.24314880708103218,2.07,62970.0
"Fixed 10000, designed",27,6,47,"D 0,3 -> 6,11",91,False,1.0,10495.0,1,False,0.24314880708103218,2.09,73465.0
"Fixed 10000, designed",27,7,40,"D 0,3 -> 4,9",91,False,1.0,10495.0,1,False,0.24314880708103218,2.07,83960.0
"Fixed 10000, designed",27,8,27,"D 0,1 -> 7,10",91,False,1.0,10495.0,1,False,0.24314880708103218,2.11,94455.0
"Fixed 10000, designed",27,9,52,"D 0,3 -> 9,10",91,False,1.0,10495.0,1,False,0.24314880708103218,2.12,104950.0
"Fixed 10000, designed",27,10,67,"D 1,2 -> 8,11",91,False,1.0,10495.0,1,False,0.24314880708103218,2.11,115445.0
"Fixed 10000, designed",27,11,61,"D 1,2 -> 6,7",91,False,0.9999998754813486,10495.0,1,False,0.24314880708103218,2.09,125940.0
"Fixed 10000, designed",27,12,61,"D 1,2 -> 6,7",91,False,0.9999998754813486,10495.0,1,False,0.24314880708103218,2.09,136435.0
"Fixed 10000, designed",27,13,57,"D 1,2 -> 4,11",91,False,0.9736473179813571,10495.0,1,False,0.24314880708284317,2.1,146930.0
"Fixed 10000, designed",27,14,48,"D 0,3 -> 7,8",91,False,1.0,10495.0,1,False,0.2431416479478656,2.1,157425.0
"Fixed 10000, designed",27,15,44,"D 0,3 -> 5,10",91,False,0.97443037209156,10495.0,1,False,0.2431416479478656,2.09,167920.0
"Fixed 10000, designed",28,0,64,"D 1,2 -> 7,8",91,False,1.0,10495.0,1,False,0.24318730437372557,2.21,10495.0
"Fixed 10000, designed",28,1,60,"D 1,2 -> 5,10",91,False,0.9574172473197158,10495.0,1,False,0.24318730437372557,2.17,20990.0
"Fixed 10000, designed",28,2,74,"D 1,3 -> 7,11",91,False,1.0,10495.0,1,False,0.24315139024878285,2.24,31485.0
"Fixed 10000, designed",28,3,42,"D 0,3 -> 5,6",91,False,1.0,10495.0,1,False,0.24315139024878285,2.17,41980.0
"Fixed 10000, designed",28,4,23,"D 0,1 -> 6,7",91,False,0.9195443278875011,10495.0,1,False,0.24315139024878285,2.13,52475.0
"Fixed 10000, designed",28,5,67,"D 1,2 -> 8,11",91,False,1.0,10495.0,1,False,0.24315139065271638,2.1,62970.0
"Fixed 10000, designed",28,6,74,"D 1,3 -> 7,11",91,False,1.0,10495.0,1,False,0.2431513906535613,2.1,73465.0
"Fixed 10000, designed",28,7,31,"D 0,1 -> 10,11",91,False,0.9241179395870891,10495.0,1,False,0.2431513906535613,2.23,83960.0
"Fixed 10000, designed",28,8,58,"D 1,2 -> 5,6",91,False,1.0,10495.0,1,False,0.2431180191347052,2.22,94455.0
"Fixed 10000, designed",28,9,61,"D 1,2 -> 6,7",91,False,0.934750911621393,10495.0,1,False,0.2431180191347052,2.22,104950.0
"Fixed 10000, designed",28,10,65,"D 1,2 -> 7,10",91,False,1.0,10495.0,1,False,0.24311478915754492,2.2,115445.0
"Fixed 10000, designed",28,11,54,"D 1,2 -> 4,5",91,False,0.9893036394785633,10495.0,1,False,0.24311478915754492,2.14,125940.0
"Fixed 10000, designed",28,12,48,"D 0,3 -> 7,8",91,False,1.0,10495.0,1,False,0.24311469707184502,2.14,136435.0
"Fixed 10000, designed",28,13,29,"D 0,1 -> 8,11",91,False,1.0,10495.0,1,False,0.24311469706125105,2.19,146930.0
"Fixed 10000, designed",28,14,30,"D 0,1 -> 9,10",91,False,1.0,10495.0,1,False,0.24311469706125105,2.16,157425.0
"Fixed 10000, designed",28,15,21,"D 0,1 -> 5,8",91,False,1.0,10495.0,1,False,0.24311469706125105,2.2,167920.0
"Fixed 10000, designed",29,0,36,"D 0,2 -> 6,10",91,False,1.0,10495.0,1,False,0.24318730437372557,2.07,10495.0
"Fixed 10000, designed",29,1,26,"D 0,1 -> 7,8",91,False,1.0,10495.0,1,False,0.24318730437372557,2.08,20990.0
"Fixed 10000, designed",29,2,42,"D 0,3 -> 5,6",91,False,1.0,10495.0,1,False,0.24318730437372557,2.07,31485.0
"Fixed 10000, designed",29,3,45,"D 0,3 -> 6,7",91,False,0.9361890435024381,10495.0,1,False,0.24318730437372557,2.05,41980.0
"Fixed 10000, designed",29,4,69,"D 1,2 -> 10,11",91,False,0.9702386215571821,10495.0,1,False,0.2431844191686683,2.04,52475.0
"Fixed 10000, designed",29,5,57,"D 1,2 -> 4,11",91,False,0.9723121127497926,10495.0,1,False,0.24316693542450873,2.03,62970.0
"Fixed 10000, designed",29,6,16,"D 0,1 -> 4,5",91,False,0.824899356143708,10495.0,1,False,0.24315863091589,2.03,73465.0
"Fixed 10000, designed",29,7,49,"D 0,3 -> 7,10",91,False,1.0,10495.0,1,False,0.24315871073517592,2.1,83960.0
"Fixed 10000, designed",29,8,43,"D 0,3 -> 5,8",91,False,1.0,10495.0,1,False,0.24315871074105808,2.09,94455.0
"Fixed 10000, designed",29,9,38,"D 0,3 -> 4,5",91,False,0.9921645650792746,10495.0,1,False,0.24315871074105808,2.12,104950.0
"Fixed 10000, designed",29,10,1,S 0 -> 6,91,False,1.0,10495.0,1,False,0.2431586589761002,2.11,115445.0
"Fixed 10000, designed",29,11,20,"D 0,1 -> 5,6",91,False,1.0,10495.0,1,False,0.24315865898450134,2.09,125940.0
"Fixed 10000, designed",29,12,0,S 0 -> 4,91,False,0.9944330029512432,10495.0,1,False,0.24315865898450134,2.09,136435.0
"Fixed 10000, designed",29,13,30,"D 0,1 -> 9,10",91,False,1.0,10495.0,1,False,0.24315867850110925,2.08,146930.0
"Fixed 10000, designed",29,14,58,"D 1,2 -> 5,6",91,False,1.0,10495.0,1,False,0.24315867851684636,2.1,157425.0
"Fixed 10000, designed",29,15,40,"D 0,3 -> 4,9",91,False,1.0,10495.0,1,False,0.24315867851684636,2.08,167920.0
"Fixed 10000, uniform",0,0,34,"D 0,2 -> 4,10",91,False,0.9841455478438927,10780.0,1,False,0.24318730437372557,2.17,10780.0
"Fixed 10000, uniform",0,1,64,"D 1,2 -> 7,8",91,False,1.0,10780.0,1,False,0.24317818188228252,2.06,21560.0
"Fixed 10000, uniform",0,2,16,"D 0,1 -> 4,5",91,False,0.8249181454753707,10780.0,1,False,0.24317818188228252,2.2,32340.0
"Fixed 10000, uniform",0,3,18,"D 0,1 -> 4,9",91,False,1.0,10780.0,1,False,0.24317829359248977,2.11,43120.0
"Fixed 10000, uniform",0,4,25,"D 0,1 -> 6,11",91,False,1.0,10780.0,1,False,0.24317829359248977,2.08,53900.0
"Fixed 10000, uniform",0,5,38,"D 0,3 -> 4,5",91,False,0.9938342370741753,10780.0,1,False,0.24317829359248977,2.04,64680.0
"Fixed 10000, uniform",0,6,4,S 1 -> 5,91,False,0.9953655908683562,10780.0,1,False,0.24317839773761094,2.06,75460.0
"Fixed 10000, uniform",0,7,19,"D 0,1 -> 4,11",91,False,0.980797740106334,10780.0,1,False,0.24317839903359637,2.08,86240.0
"Fixed 10000, uniform",0,8,19,"D 0,1 -> 4,11",91,False,0.9999999997441621,10780.0,1,False,0.24317810760979197,2.12,97020.0
"Fixed 10000, uniform",0,9,18,"D 0,1 -> 4,9",91,False,1.0,10780.0,1,False,0.24317810760979197,2.15,107800.0
"Fixed 10000, uniform",0,10,16,"D 0,1 -> 4,5",91,False,0.9999986396355465,10780.0,1,False,0.24317810760979197,2.07,118580.0
"Fixed 10000, uniform",0,11,18,"D 0,1 -> 4,9",91,False,1.0,10780.0,1,False,0.24317799532780007,2.05,129360.0
"Fixed 10000, uniform",0,12,19,"D 0,1 -> 4,11",91,False,0.9999999768138892,10780.0,1,False,0.24317799532780007,2.06,140140.0
"Fixed 10000, uniform",0,13,20,"D 0,1 -> 5,6",91,False,1.0,10780.0,1,False,0.24317799532757034,2.05,150920.0
"Fixed 10000, uniform",0,14,30,"D 0,1 -> 9,10",91,False,1.0,10780.0,1,False,0.24317799532680767,2.07,161700.0
"Fixed 10000, uniform",0,15,19,"D 0,1 -> 4,11",91,False,0.9999999946336323,10780.0,1,False,0.24317799532680767,2.07,172480.0
"Fixed 10000, uniform",1,0,18,"D 0,1 -> 4,9",91,False,1.0,10780.0,1,False,0.24318730437372557,2.16,10780.0
"Fixed 10000, uniform",1,1,38,"D 0,3 -> 4,5",91,False,0.9904029254757726,10780.0,1,False,0.24318730437372557,2.09,21560.0
"Fixed 10000, uniform",1,2,17,"D 0,1 -> 4,7",91,False,1.0,10780.0,1,False,0.24318723161189013,2.14,32340.0
"Fixed 10000, uniform",1,3,18,"D 0,1 -> 4,9",91,False,1.0,10780.0,1,False,0.24318723161189013,2.15,43120.0
"Fixed 10000, uniform",1,4,20,"D 0,1 -> 5,6",91,False,1.0,10780.0,1,False,0.24318723161189013,2.17,53900.0
"Fixed 10000, uniform",1,5,23,"D 0,1 -> 6,7",91,False,0.9195557764466734,10780.0,1,False,0.24318723161189013,2.13,64680.0
"Fixed 10000, uniform",1,6,34,"D 0,2 -> 4,10",91,False,0.9844757858397268,10780.0,1,False,0.2431872316127328,2.16,75460.0
"Fixed 10000, uniform",1,7,29,"D 0,1 -> 8,11",91,False,1.0,10780.0,1,False,0.24317830015030845,2.12,86240.0
"Fixed 10000, uniform",1,8,34,"D 0,2 -> 4,10",91,False,0.9999999879773699,10780.0,1,False,0.24317830015030845,2.11,97020.0
"Fixed 10000, uniform",1,9,38,"D 0,3 -> 4,5",91,False,0.9999999996526543,10780.0,1,False,0.24317830015030845,2.1,107800.0
"Fixed 10000, uniform",1,10,1,S 0 -> 6,91,False,1.0,10780.0,1,False,0.24317830014932412,2.11,118580.0
"Fixed 10000, uniform",1,11,19,"D 0,1 -> 4,11",91,False,0.9790219018819186,10780.0,1,False,0.24317830014932412,2.09,129360.0
"Fixed 10000, uniform",1,12,16,"D 0,1 -> 4,5",91,False,0.8261136309581241,10780.0,1,False,0.24317824127433008,2.09,140140.0
"Fixed 10000, uniform",1,13,19,"D 0,1 -> 4,11",91,False,0.9999999999999999,10780.0,1,False,0.24317810873846785,2.06,150920.0
"Fixed 10000, uniform",1,14,18,"D 0,1 -> 4,9",91,False,1.0,10780.0,1,False,0.24317810873846785,2.07,161700.0
"Fixed 10000, uniform",1,15,19,"D 0,1 -> 4,11",91,False,0.9999999999999999,10780.0,1,False,0.24317810873846785,2.08,172480.0
"Fixed 10000, uniform",2,0,18,"D 0,1 -> 4,9",91,False,1.0,10780.0,1,False,0.24318730437372557,2.07,10780.0
"Fixed 10000, uniform",2,1,18,"D 0,1 -> 4,9",91,False,1.0,10780.0,1,False,0.24318730437372557,1.94,21560.0
"Fixed 10000, uniform",2,2,4,S 1 -> 5,91,False,0.9999999934472215,10780.0,1,False,0.24318730437372557,1.98,32340.0
"Fixed 10000, uniform",2,3,24,"D 0,1 -> 6,9",91,False,1.0,10780.0,1,False,0.24318730437372557,2.01,43120.0
"Fixed 10000, uniform",2,4,18,"D 0,1 -> 4,9",91,False,1.0,10780.0,1,False,0.24318730437372557,2.04,53900.0
"Fixed 10000, uniform",2,5,28,"D 0,1 -> 8,9",91,False,0.9195557764795292,10780.0,1,False,0.24318730437372557,2.02,64680.0
"Fixed 10000, uniform",2,6,24,"D 0,1 -> 6,9",91,False,1.0,10780.0,1,False,0.24318730437372557,2.0,75460.0
"Fixed 10000, uniform",2,7,41,"D 0,3 -> 4,11",91,False,0.957417383137189,10780.0,1,False,0.24318730437372557,1.99,86240.0
"Fixed 10000, uniform",2,8,23,"D 0,1 -> 6,7",91,False,0.9197916411292331,10780.0,1,False,0.2431513906379226,1.99,97020.0
"Fixed 10000, uniform",2,9,38,"D 0,3 -> 4,5",91,False,0.9904768276893259,10780.0,1,False,0.24315139113471884,2.0,107800.0
"Fixed 10000, uniform",2,10,19,"D 0,1 -> 4,11",91,False,0.9808908585161675,10780.0,1,False,0.2431513352299277,1.99,118580.0
"Fixed 10000, uniform",2,11,38,"D 0,3 -> 4,5",91,False,0.9999999313229685,10780.0,1,False,0.24315156696554605,2.0,129360.0
"Fixed 10000, uniform",2,12,28,"D 0,1 -> 8,9",91,False,0.999999999120173,10780.0,1,False,0.2431515669673022,2.0,140140.0
"Fixed 10000, uniform",2,13,38,"D 0,3 -> 4,5",91,False,0.9999999715512645,10780.0,1,False,0.2431515669673022,2.07,150920.0
"Fixed 10000, uniform",2,14,21,"D 0,1 -> 5,8",91,False,1.0,10780.0,1,False,0.2431515669673022,2.05,161700.0
"Fixed 10000, uniform",2,15,18,"D 0,1 -> 4,9",91,False,1.0,10780.0,1,False,0.2431515669673022,2.05,172480.0
"Fixed 10000, uniform",3,0,18,"D 0,1 -> 4,9",91,False,1.0,10780.0,1,False,0.24318730437372557,2.21,10780.0
"Fixed 10000, uniform",3,1,7,S 1 -> 11,91,False,0.9999999924381954,10780.0,1,False,0.24318730437372557,2.07,21560.0
"Fixed 10000, uniform",3,2,5,S 1 -> 7,91,False,1.0,10780.0,1,False,0.24318730437392957,2.07,32340.0
"Fixed 10000, uniform",3,3,69,"D 1,2 -> 10,11",91,False,0.9702389750697158,10780.0,1,False,0.24318730437392957,2.1,43120.0
"Fixed 10000, uniform",3,4,17,"D 0,1 -> 4,7",91,False,1.0,10780.0,1,False,0.24316971916700963,2.09,53900.0
"Fixed 10000, uniform",3,5,5,S 1 -> 7,91,False,1.0,10780.0,1,False,0.24316971916700963,2.06,64680.0
"Fixed 10000, uniform",3,6,18,"D 0,1 -> 4,9",91,False,1.0,10780.0,1,False,0.24316971916700963,2.09,75460.0
"Fixed 10000, uniform",3,7,19,"D 0,1 -> 4,11",91,False,0.9789225495492715,10780.0,1,False,0.24316971916700963,2.07,86240.0
"Fixed 10000, uniform",3,8,19,"D 0,1 -> 4,11",91,False,0.9999999999999056,10780.0,1,False,0.24316968240220085,2.1,97020.0
"Fixed 10000, uniform",3,9,29,"D 0,1 -> 8,11",91,False,1.0,10780.0,1,False,0.24316968240220085,2.07,107800.0
"Fixed 10000, uniform",3,10,16,"D 0,1 -> 4,5",91,False,0.8250929658236383,10780.0,1,False,0.24316968240220085,2.08,118580.0
"Fixed 10000, uniform",3,11,28,"D 0,1 -> 8,9",91,False,0.9208861827974072,10780.0,1,False,0.2431694558054544,2.08,129360.0
"Fixed 10000, uniform",3,12,25,"D 0,1 -> 6,11",91,False,1.0,10780.0,1,False,0.24316942045757617,2.05,140140.0
"Fixed 10000, uniform",3,13,23,"D 0,1 -> 6,7",91,False,0.9211254947102779,10780.0,1,False,0.24316942045757617,2.05,150920.0
"Fixed 10000, uniform",3,14,16,"D 0,1 -> 4,5",91,False,0.9999999999999999,10780.0,1,False,0.24316938531862028,2.08,161700.0
"Fixed 10000, uniform",3,15,16,"D 0,1 -> 4,5",91,False,0.9999999999999999,10780.0,1,False,0.24316938531862028,2.01,172480.0
"Fixed 10000, uniform",4,0,18,"D 0,1 -> 4,9",91,False,1.0,10780.0,1,False,0.24318730437372557,2.22,10780.0
"Fixed 10000, uniform",4,1,28,"D 0,1 -> 8,9",91,False,0.9195557764466735,10780.0,1,False,0.24318730437372557,2.06,21560.0
"Fixed 10000, uniform",4,2,21,"D 0,1 -> 5,8",91,False,1.0,10780.0,1,False,0.2431873043737256,2.04,32340.0
"Fixed 10000, uniform",4,3,20,"D 0,1 -> 5,6",91,False,1.0,10780.0,1,False,0.2431873043737256,2.07,43120.0
"Fixed 10000, uniform",4,4,4,S 1 -> 5,91,False,0.9998457069711614,10780.0,1,False,0.2431873043737256,2.01,53900.0
"Fixed 10000, uniform",4,5,4,S 1 -> 5,91,False,0.9999999999624609,10780.0,1,False,0.24318730437372557,2.02,64680.0
"Fixed 10000, uniform",4,6,18,"D 0,1 -> 4,9",91,False,1.0,10780.0,1,False,0.24318730437372557,2.0,75460.0
"Fixed 10000, uniform",4,7,23,"D 0,1 -> 6,7",91,False,0.919803025736604,10780.0,1,False,0.24318730437372557,2.02,86240.0
"Fixed 10000, uniform",4,8,29,"D 0,1 -> 8,11",91,False,1.0,10780.0,1,False,0.24318730437372554,2.02,97020.0
"Fixed 10000, uniform",4,9,16,"D 0,1 -> 4,5",91,False,0.8260542157258625,10780.0,1,False,0.24318730437372554,2.01,107800.0
"Fixed 10000, uniform",4,10,19,"D 0,1 -> 4,11",91,False,0.9809961702184309,10780.0,1,False,0.24318730437372563,2.03,118580.0
"Fixed 10000, uniform",4,11,2,S 0 -> 8,91,False,1.0,10780.0,1,False,0.2431870250569655,2.05,129360.0
"Fixed 10000, uniform",4,12,34,"D 0,2 -> 4,10",91,False,0.9843013367117599,10780.0,1,False,0.2431870250569655,2.1,140140.0
"Fixed 10000, uniform",4,13,2,S 0 -> 8,91,False,1.0,10780.0,1,False,0.24317800742543133,2.08,150920.0
"Fixed 10000, uniform",4,14,18,"D 0,1 -> 4,9",91,False,1.0,10780.0,1,False,0.24317800742222848,2.06,161700.0
"Fixed 10000, uniform",4,15,19,"D 0,1 -> 4,11",91,False,0.9999999696527967,10780.0,1,False,0.2431780074193628,2.06,172480.0
"Fixed 10000, uniform",5,0,16,"D 0,1 -> 4,5",91,False,0.8248878159252171,10780.0,1,False,0.24318730437372557,2.16,10780.0
"Fixed 10000, uniform",5,1,28,"D 0,1 -> 8,9",91,False,0.9208674957935769,10780.0,1,False,0.24318730437372557,2.07,21560.0
"Fixed 10000, uniform",5,2,16,"D 0,1 -> 4,5",91,False,0.999999999999166,10780.0,1,False,0.24318730437372557,2.14,32340.0
"Fixed 10000, uniform",5,3,16,"D 0,1 -> 4,5",91,False,0.999999999999166,10780.0,1,False,0.24318730437372557,2.16,43120.0
"Fixed 10000, uniform",5,4,28,"D 0,1 -> 8,9",91,False,0.9999999999020717,10780.0,1,False,0.24318730437372557,2.16,53900.0
"Fixed 10000, uniform",5,5,18,"D 0,1 -> 4,9",91,False,1.0,10780.0,1,False,0.24318730437372557,2.12,64680.0
"Fixed 10000, uniform",5,6,63,"D 1,2 -> 6,11",91,False,1.0,10780.0,1,False,0.24318730437372557,2.08,75460.0
"Fixed 10000, uniform",5,7,19,"D 0,1 -> 4,11",91,False,0.9808919868027834,10780.0,1,False,0.24318730437372557,2.06,86240.0
"Fixed 10000, uniform",5,8,18,"D 0,1 -> 4,9",91,False,1.0,10780.0,1,False,0.24318702294982042,2.09,97020.0
"Fixed 10000, uniform",5,9,4,S 1 -> 5,91,False,0.9952706755448018,10780.0,1,False,0.24318702294982042,2.06,107800.0
"Fixed 10000, uniform",5,10,34,"D 0,2 -> 4,10",91,False,0.9843014216781265,10780.0,1,False,0.24318702269780187,2.07,118580.0
"Fixed 10000, uniform",5,11,28,"D 0,1 -> 8,9",91,False,0.9999999999926197,10780.0,1,False,0.24317800499039338,2.07,129360.0
"Fixed 10000, uniform",5,12,28,"D 0,1 -> 8,9",91,False,0.9999999999926197,10780.0,1,False,0.24317800499039338,2.08,140140.0
"Fixed 10000, uniform",5,13,18,"D 0,1 -> 4,9",91,False,1.0,10780.0,1,False,0.24317800499039338,2.07,150920.0
"Fixed 10000, uniform",5,14,19,"D 0,1 -> 4,11",91,False,0.9999999999979591,10780.0,1,False,0.24317800499039338,2.06,161700.0
"Fixed 10000, uniform",5,15,2,S 0 -> 8,91,False,1.0,10780.0,1,False,0.24317800499039338,2.11,172480.0
"Fixed 10000, uniform",6,0,38,"D 0,3 -> 4,5",91,False,0.9904029254757726,10780.0,1,False,0.24318730437372557,2.21,10780.0
"Fixed 10000, uniform",6,1,38,"D 0,3 -> 4,5",91,False,0.9999999999999986,10780.0,1,False,0.24318723161189013,2.07,21560.0
"Fixed 10000, uniform",6,2,23,"D 0,1 -> 6,7",91,False,0.9195557764466734,10780.0,1,False,0.24318723161189013,2.06,32340.0
"Fixed 10000, uniform",6,3,18,"D 0,1 -> 4,9",91,False,1.0,10780.0,1,False,0.2431872316133131,2.08,43120.0
"Fixed 10000, uniform",6,4,18,"D 0,1 -> 4,9",91,False,1.0,10780.0,1,False,0.2431872316133131,2.1,53900.0
"Fixed 10000, uniform",6,5,19,"D 0,1 -> 4,11",91,False,0.9790491711632897,10780.0,1,False,0.2431872316133131,2.05,64680.0
"Fixed 10000, uniform",6,6,34,"D 0,2 -> 4,10",91,False,0.9844614907081085,10780.0,1,False,0.2431871812940244,2.04,75460.0
"Fixed 10000, uniform",6,7,34,"D 0,2 -> 4,10",91,False,0.9999999746635548,10780.0,1,False,0.2431782413052612,2.07,86240.0
"Fixed 10000, uniform",6,8,18,"D 0,1 -> 4,9",91,False,1.0,10780.0,1,False,0.24317824129055543,2.05,97020.0
"Fixed 10000, uniform",6,9,23,"D 0,1 -> 6,7",91,False,0.9999999984279911,10780.0,1,False,0.24317824129055543,2.05,107800.0
"Fixed 10000, uniform",6,10,34,"D 0,2 -> 4,10",91,False,0.9999999997433313,10780.0,1,False,0.24317824129055543,2.06,118580.0
"Fixed 10000, uniform",6,11,18,"D 0,1 -> 4,9",91,False,1.0,10780.0,1,False,0.24317824129055543,2.08,129360.0
"Fixed 10000, uniform",6,12,16,"D 0,1 -> 4,5",91,False,0.8261136314155827,10780.0,1,False,0.24317824129055543,2.02,140140.0
"Fixed 10000, uniform",6,13,41,"D 0,3 -> 4,11",91,False,0.9588244805825421,10780.0,1,False,0.24317810873846774,2.04,150920.0
"Fixed 10000, uniform",6,14,19,"D 0,1 -> 4,11",91,False,0.9999999744884798,10780.0,1,False,0.24314473030588357,2.08,161700.0
"Fixed 10000, uniform",6,15,19,"D 0,1 -> 4,11",91,False,0.9999999744884798,10780.0,1,False,0.24314473030588357,2.03,172480.0
"Fixed 10000, uniform",7,0,18,"D 0,1 -> 4,9",91,False,1.0,10780.0,1,False,0.24318730437372557,2.14,10780.0
"Fixed 10000, uniform",7,1,19,"D 0,1 -> 4,11",91,False,0.9789237613416715,10780.0,1,False,0.24318730437372557,2.05,21560.0
"Fixed 10000, uniform",7,2,5,S 1 -> 7,91,False,1.0,10780.0,1,False,0.24318725313184614,2.07,32340.0
"Fixed 10000, uniform",7,3,18,"D 0,1 -> 4,9",91,False,1.0,10780.0,1,False,0.24318725313184614,2.01,43120.0
"Fixed 10000, uniform",7,4,38,"D 0,3 -> 4,5",91,False,0.9904237949142917,10780.0,1,False,0.24318725313184614,2.02,53900.0
"Fixed 10000, uniform",7,5,29,"D 0,1 -> 8,11",91,False,1.0,10780.0,1,False,0.2431871808064569,2.01,64680.0
"Fixed 10000, uniform",7,6,41,"D 0,3 -> 4,11",91,False,0.9577800868789208,10780.0,1,False,0.2431871808064569,2.0,75460.0
"Fixed 10000, uniform",7,7,1,S 0 -> 6,91,False,1.0,10780.0,1,False,0.24315156810241773,2.02,86240.0
"Fixed 10000, uniform",7,8,16,"D 0,1 -> 4,5",91,False,0.8256063879601542,10780.0,1,False,0.24315156810241773,2.01,97020.0
"Fixed 10000, uniform",7,9,23,"D 0,1 -> 6,7",91,False,0.9208732386311907,10780.0,1,False,0.24315167824537903,2.01,107800.0
"Fixed 10000, uniform",7,10,41,"D 0,3 -> 4,11",91,False,0.9999999764949128,10780.0,1,False,0.2431516784745759,2.02,118580.0
"Fixed 10000, uniform",7,11,18,"D 0,1 -> 4,9",91,False,1.0,10780.0,1,False,0.2431516784745759,2.05,129360.0
"Fixed 10000, uniform",7,12,18,"D 0,1 -> 4,9",91,False,1.0,10780.0,1,False,0.2431516784745759,2.02,140140.0
"Fixed 10000, uniform",7,13,38,"D 0,3 -> 4,5",91,False,0.9999999788251167,10780.0,1,False,0.2431516784745759,2.03,150920.0
"Fixed 10000, uniform",7,14,7,S 1 -> 11,91,False,0.9994055092497073,10780.0,1,False,0.24315167847163777,2.02,161700.0
"Fixed 10000, uniform",7,15,19,"D 0,1 -> 4,11",91,False,0.9999997875528767,10780.0,1,False,0.24315169139864218,2.03,172480.0
"Fixed 10000, uniform",8,0,41,"D 0,3 -> 4,11",91,False,0.9574172473197158,10780.0,1,False,0.24318730437372557,2.14,10780.0
"Fixed 10000, uniform",8,1,26,"D 0,1 -> 7,8",91,False,1.0,10780.0,1,False,0.24315139024878285,2.06,21560.0
"Fixed 10000, uniform",8,2,34,"D 0,2 -> 4,10",91,False,0.9864642321870518,10780.0,1,False,0.24315139024878285,2.06,32340.0
"Fixed 10000, uniform",8,3,30,"D 0,1 -> 9,10",91,False,1.0,10780.0,1,False,0.2431442480741364,2.07,43120.0
"Fixed 10000, uniform",8,4,4,S 1 -> 5,91,False,0.9999937113171518,10780.0,1,False,0.2431442480741364,2.06,53900.0
"Fixed 10000, uniform",8,5,29,"D 0,1 -> 8,11",91,False,1.0,10780.0,1,False,0.24314424807413643,2.03,64680.0
"Fixed 10000, uniform",8,6,34,"D 0,2 -> 4,10",91,False,0.9999999993735145,10780.0,1,False,0.24314424807413643,2.03,75460.0
"Fixed 10000, uniform",8,7,38,"D 0,3 -> 4,5",91,False,0.9909232626881191,10780.0,1,False,0.24314424807413643,2.03,86240.0
"Fixed 10000, uniform",8,8,18,"D 0,1 -> 4,9",91,False,1.0,10780.0,1,False,0.2431443653795728,2.03,97020.0
"Fixed 10000, uniform",8,9,17,"D 0,1 -> 4,7",91,False,1.0,10780.0,1,False,0.24314436535927958,2.02,107800.0
"Fixed 10000, uniform",8,10,18,"D 0,1 -> 4,9",91,False,1.0,10780.0,1,False,0.24314436535927958,2.06,118580.0
"Fixed 10000, uniform",8,11,16,"D 0,1 -> 4,5",91,False,0.8254093925317177,10780.0,1,False,0.24314436535927958,2.0,129360.0
"Fixed 10000, uniform",8,12,38,"D 0,3 -> 4,5",91,False,0.9999999907768404,10780.0,1,False,0.24314475483230158,2.04,140140.0
"Fixed 10000, uniform",8,13,19,"D 0,1 -> 4,11",91,False,0.9825022703278625,10780.0,1,False,0.24314475483035744,2.05,150920.0
"Fixed 10000, uniform",8,14,19,"D 0,1 -> 4,11",91,False,0.9999999693298983,10780.0,1,False,0.2431447340160393,2.11,161700.0
"Fixed 10000, uniform",8,15,41,"D 0,3 -> 4,11",91,False,0.9999999986266879,10780.0,1,False,0.2431447340160393,2.07,172480.0
"Fixed 10000, uniform",9,0,4,S 1 -> 5,91,False,0.9999999934472215,10780.0,1,False,0.24318730437372557,2.01,10780.0
"Fixed 10000, uniform",9,1,4,S 1 -> 5,91,False,0.9999999999999999,10780.0,1,False,0.24318730437372557,1.96,21560.0
"Fixed 10000, uniform",9,2,16,"D 0,1 -> 4,5",91,False,0.8248878163690514,10780.0,1,False,0.24318730437372557,1.99,32340.0
"Fixed 10000, uniform",9,3,25,"D 0,1 -> 6,11",91,False,1.0,10780.0,1,False,0.24318730437372557,1.97,43120.0
"Fixed 10000, uniform",9,4,6,S 1 -> 9,91,False,1.0,10780.0,1,False,0.24318730437372557,1.98,53900.0
"Fixed 10000, uniform",9,5,18,"D 0,1 -> 4,9",91,False,1.0,10780.0,1,False,0.24318730437372557,1.98,64680.0
"Fixed 10000, uniform",9,6,20,"D 0,1 -> 5,6",91,False,1.0,10780.0,1,False,0.24318730437372557,1.99,75460.0
"Fixed 10000, uniform",9,7,28,"D 0,1 -> 8,9",91,False,0.9208467745105408,10780.0,1,False,0.24318730437372557,2.01,86240.0
"Fixed 10000, uniform",9,8,20,"D 0,1 -> 5,6",91,False,1.0,10780.0,1,False,0.24318730437372557,1.99,97020.0
"Fixed 10000, uniform",9,9,16,"D 0,1 -> 4,5",91,False,0.9999999999870544,10780.0,1,False,0.24318730437372557,1.99,107800.0
"Fixed 10000, uniform",9,10,26,"D 0,1 -> 7,8",91,False,1.0,10780.0,1,False,0.24318730437372557,1.99,118580.0
"Fixed 10000, uniform",9,11,34,"D 0,2 -> 4,10",91,False,0.9843142898160737,10780.0,1,False,0.24318730437372557,2.0,129360.0
"Fixed 10000, uniform",9,12,34,"D 0,2 -> 4,10",91,False,0.9999999730976338,10780.0,1,False,0.24317829468555824,1.99,140140.0
"Fixed 10000, uniform",9,13,0,S 0 -> 4,91,False,0.995048313424045,10780.0,1,False,0.24317829468555824,2.01,150920.0
"Fixed 10000, uniform",9,14,28,"D 0,1 -> 8,9",91,False,0.9999999996576627,10780.0,1,False,0.24317819590877857,2.03,161700.0
"Fixed 10000, uniform",9,15,41,"D 0,3 -> 4,11",91,False,0.958293712407052,10780.0,1,False,0.24317819590877857,2.03,172480.0
"Fixed 10000, uniform",10,0,34,"D 0,2 -> 4,10",91,False,0.9841455478438927,10780.0,1,False,0.24318730437372557,2.02,10780.0
"Fixed 10000, uniform",10,1,19,"D 0,1 -> 4,11",91,False,0.9788972892421588,10780.0,1,False,0.24317818188228252,1.95,21560.0
"Fixed 10000, uniform",10,2,22,"D 0,1 -> 5,10",91,False,0.9791348658416631,10780.0,1,False,0.24317812249665538,1.93,32340.0
"Fixed 10000, uniform",10,3,18,"D 0,1 -> 4,9",91,False,1.0,10780.0,1,False,0.24317807085528026,1.95,43120.0
"Fixed 10000, uniform",10,4,34,"D 0,2 -> 4,10",91,False,0.9999999955981859,10780.0,1,False,0.24317807085528026,1.97,53900.0
"Fixed 10000, uniform",10,5,38,"D 0,3 -> 4,5",91,False,0.9909535738034952,10780.0,1,False,0.24317807084808934,2.04,64680.0
"Fixed 10000, uniform",10,6,28,"D 0,1 -> 8,9",91,False,0.919603992346584,10780.0,1,False,0.24317818901853216,2.04,75460.0
"Fixed 10000, uniform",10,7,18,"D 0,1 -> 4,9",91,False,1.0,10780.0,1,False,0.24317819012072317,2.03,86240.0
"Fixed 10000, uniform",10,8,38,"D 0,3 -> 4,5",91,False,0.9999999868580093,10780.0,1,False,0.243178190128997,2.03,97020.0
"Fixed 10000, uniform",10,9,38,"D 0,3 -> 4,5",91,False,0.9999999868580093,10780.0,1,False,0.243178190128997,2.04,107800.0
"Fixed 10000, uniform",10,10,18,"D 0,1 -> 4,9",91,False,1.0,10780.0,1,False,0.243178190128997,2.07,118580.0
"Fixed 10000, uniform",10,11,41,"D 0,3 -> 4,11",91,False,0.9586203965190059,10780.0,1,False,0.243178190128997,2.04,129360.0
"Fixed 10000, uniform",10,12,16,"D 0,1 -> 4,5",91,False,0.8264192236601469,10780.0,1,False,0.2431445286540787,2.05,140140.0
"Fixed 10000, uniform",10,13,19,"D 0,1 -> 4,11",91,False,0.9999999994340028,10780.0,1,False,0.24314445050593245,2.06,150920.0
"Fixed 10000, uniform",10,14,16,"D 0,1 -> 4,5",91,False,0.9999999988681182,10780.0,1,False,0.24314445050593245,2.05,161700.0
"Fixed 10000, uniform",10,15,19,"D 0,1 -> 4,11",91,False,0.9999999994340028,10780.0,1,False,0.24314445050593245,2.06,172480.0
"Fixed 10000, uniform",11,0,18,"D 0,1 -> 4,9",91,False,1.0,10780.0,1,False,0.24318730437372557,2.04,10780.0
"Fixed 10000, uniform",11,1,5,S 1 -> 7,91,False,1.0,10780.0,1,False,0.24318730437372557,2.01,21560.0
"Fixed 10000, uniform",11,2,19,"D 0,1 -> 4,11",91,False,0.9789237613416715,10780.0,1,False,0.24318730437372557,1.98,32340.0
"Fixed 10000, uniform",11,3,16,"D 0,1 -> 4,5",91,False,0.825106619103556,10780.0,1,False,0.24318725313184614,1.98,43120.0
"Fixed 10000, uniform",11,4,39,"D 0,3 -> 4,7",91,False,1.0,10780.0,1,False,0.24318702057197827,1.98,53900.0
"Fixed 10000, uniform",11,5,24,"D 0,1 -> 6,9",91,False,1.0,10780.0,1,False,0.24318702057197827,2.01,64680.0
"Fixed 10000, uniform",11,6,38,"D 0,3 -> 4,5",91,False,0.9933350890462004,10780.0,1,False,0.24318702057197827,1.99,75460.0
"Fixed 10000, uniform",11,7,19,"D 0,1 -> 4,11",91,False,0.9999999995570186,10780.0,1,False,0.24318699685682124,2.0,86240.0
"Fixed 10000, uniform",11,8,18,"D 0,1 -> 4,9",91,False,1.0,10780.0,1,False,0.24318699685682124,2.0,97020.0
"Fixed 10000, uniform",11,9,18,"D 0,1 -> 4,9",91,False,1.0,10780.0,1,False,0.24318699685682124,2.02,107800.0
"Fixed 10000, uniform",11,10,26,"D 0,1 -> 7,8",91,False,1.0,10780.0,1,False,0.24318699685682124,2.02,118580.0
"Fixed 10000, uniform",11,11,53,"D 0,3 -> 10,11",91,False,0.9700494762061435,10780.0,1,False,0.24318699685682124,2.04,129360.0
"Fixed 10000, uniform",11,12,18,"D 0,1 -> 4,9",91,False,1.0,10780.0,1,False,0.243169389751216,2.01,140140.0
"Fixed 10000, uniform",11,13,18,"D 0,1 -> 4,9",91,False,1.0,10780.0,1,False,0.243169389751216,1.99,150920.0
"Fixed 10000, uniform",11,14,31,"D 0,1 -> 10,11",91,False,0.9249414805980779,10780.0,1,False,0.243169389751216,1.99,161700.0
"Fixed 10000, uniform",11,15,18,"D 0,1 -> 4,9",91,False,1.0,10780.0,1,False,0.24313620738753122,2.0,172480.0
"Fixed 10000, uniform",12,0,72,"D 1,3 -> 5,11",91,False,0.9841455478438927,10780.0,1,False,0.24318730437372557,2.09,10780.0
"Fixed 10000, uniform",12,1,19,"D 0,1 -> 4,11",91,False,0.978914699811676,10780.0,1,False,0.24317818188228252,2.03,21560.0
"Fixed 10000, uniform",12,2,60,"D 1,2 -> 5,10",91,False,0.9582793712228932,10780.0,1,False,0.2431781280196987,2.01,32340.0
"Fixed 10000, uniform",12,3,18,"D 0,1 -> 4,9",91,False,1.0,10780.0,1,False,0.2431441947765813,2.04,43120.0
"Fixed 10000, uniform",12,4,29,"D 0,1 -> 8,11",91,False,1.0,10780.0,1,False,0.2431441947765813,2.0,53900.0
"Fixed 10000, uniform",12,5,27,"D 0,1 -> 7,10",91,False,1.0,10780.0,1,False,0.2431441947765813,2.0,64680.0
"Fixed 10000, uniform",12,6,16,"D 0,1 -> 4,5",91,False,0.8252480673214938,10780.0,1,False,0.2431441947765813,2.0,75460.0
"Fixed 10000, uniform",12,7,18,"D 0,1 -> 4,9",91,False,1.0,10780.0,1,False,0.2431443606609181,2.01,86240.0
"Fixed 10000, uniform",12,8,25,"D 0,1 -> 6,11",91,False,1.0,10780.0,1,False,0.2431443606609181,2.01,97020.0
"Fixed 10000, uniform",12,9,18,"D 0,1 -> 4,9",91,False,1.0,10780.0,1,False,0.2431443606609181,2.01,107800.0
"Fixed 10000, uniform",12,10,25,"D 0,1 -> 6,11",91,False,1.0,10780.0,1,False,0.2431443606609181,2.02,118580.0
"Fixed 10000, uniform",12,11,28,"D 0,1 -> 8,9",91,False,0.9208747514508991,10780.0,1,False,0.2431443606609181,2.0,129360.0
"Fixed 10000, uniform",12,12,19,"D 0,1 -> 4,11",91,False,0.99999999454347,10780.0,1,False,0.24314436218340893,2.01,140140.0
"Fixed 10000, uniform",12,13,18,"D 0,1 -> 4,9",91,False,1.0,10780.0,1,False,0.24314436218340893,2.02,150920.0
"Fixed 10000, uniform",12,14,31,"D 0,1 -> 10,11",91,False,0.9264146645592147,10780.0,1,False,0.24314436218340893,2.03,161700.0
"Fixed 10000, uniform",12,15,18,"D 0,1 -> 4,9",91,False,1.0,10780.0,1,False,0.24311272475428913,2.03,172480.0
"Fixed 10000, uniform",13,0,5,S 1 -> 7,91,False,1.0,10780.0,1,False,0.24318730437372557,2.19,10780.0
"Fixed 10000, uniform",13,1,17,"D 0,1 -> 4,7",91,False,1.0,10780.0,1,False,0.24318730437372557,2.08,21560.0
"Fixed 10000, uniform",13,2,41,"D 0,3 -> 4,11",91,False,0.9574172473197158,10780.0,1,False,0.24318730437372557,2.14,32340.0
"Fixed 10000, uniform",13,3,19,"D 0,1 -> 4,11",91,False,0.9806658774781787,10780.0,1,False,0.24315139024878285,2.16,43120.0
"Fixed 10000, uniform",13,4,38,"D 0,3 -> 4,5",91,False,0.9904971231660495,10780.0,1,False,0.24315162394675066,2.14,53900.0
"Fixed 10000, uniform",13,5,18,"D 0,1 -> 4,9",91,False,1.0,10780.0,1,False,0.24315156810242983,2.13,64680.0
"Fixed 10000, uniform",13,6,16,"D 0,1 -> 4,5",91,False,0.8256063879601137,10780.0,1,False,0.24315156810242983,2.12,75460.0
"Fixed 10000, uniform",13,7,18,"D 0,1 -> 4,9",91,False,1.0,10780.0,1,False,0.24315167829059967,2.14,86240.0
"Fixed 10000, uniform",13,8,19,"D 0,1 -> 4,11",91,False,0.9999999974418667,10780.0,1,False,0.24315167829059967,2.13,97020.0
"Fixed 10000, uniform",13,9,2,S 0 -> 8,91,False,1.0,10780.0,1,False,0.24315167827220097,2.12,107800.0
"Fixed 10000, uniform",13,10,28,"D 0,1 -> 8,9",91,False,0.9208732386214404,10780.0,1,False,0.24315167826877565,2.09,118580.0
"Fixed 10000, uniform",13,11,5,S 1 -> 7,91,False,1.0,10780.0,1,False,0.24315167845807026,2.13,129360.0
"Fixed 10000, uniform",13,12,26,"D 0,1 -> 7,8",91,False,1.0,10780.0,1,False,0.24315167845807026,2.12,140140.0
"Fixed 10000, uniform",13,13,5,S 1 -> 7,91,False,1.0,10780.0,1,False,0.24315167845807026,2.08,150920.0
"Fixed 10000, uniform",13,14,20,"D 0,1 -> 5,6",91,False,1.0,10780.0,1,False,0.24315167845807026,2.11,161700.0
"Fixed 10000, uniform",13,15,19,"D 0,1 -> 4,11",91,False,0.999999999767032,10780.0,1,False,0.24315167845807026,2.03,172480.0
"Fixed 10000, uniform",14,0,4,S 1 -> 5,91,False,0.9999999934472215,10780.0,1,False,0.24318730437372557,2.19,10780.0
"Fixed 10000, uniform",14,1,16,"D 0,1 -> 4,5",91,False,0.8248878163690514,10780.0,1,False,0.24318730437372557,2.07,21560.0
"Fixed 10000, uniform",14,2,18,"D 0,1 -> 4,9",91,False,1.0,10780.0,1,False,0.24318730437372552,2.13,32340.0
"Fixed 10000, uniform",14,3,5,S 1 -> 7,91,False,1.0,10780.0,1,False,0.24318730437372552,2.17,43120.0
"Fixed 10000, uniform",14,4,27,"D 0,1 -> 7,10",91,False,1.0,10780.0,1,False,0.24318730437372552,2.14,53900.0
"Fixed 10000, uniform",14,5,34,"D 0,2 -> 4,10",91,False,0.9843147645334983,10780.0,1,False,0.24318730437372552,2.11,64680.0
"Fixed 10000, uniform",14,6,18,"D 0,1 -> 4,9",91,False,1.0,10780.0,1,False,0.2431782949130928,2.13,75460.0
"Fixed 10000, uniform",14,7,28,"D 0,1 -> 8,9",91,False,0.9208436494455147,10780.0,1,False,0.2431782949130928,2.21,86240.0
"Fixed 10000, uniform",14,8,18,"D 0,1 -> 4,9",91,False,1.0,10780.0,1,False,0.2431782948087324,2.14,97020.0
"Fixed 10000, uniform",14,9,23,"D 0,1 -> 6,7",91,False,0.9210826940576193,10780.0,1,False,0.24317829471064403,2.05,107800.0
"Fixed 10000, uniform",14,10,34,"D 0,2 -> 4,10",91,False,0.999999853301228,10780.0,1,False,0.2431782945180873,2.04,118580.0
"Fixed 10000, uniform",14,11,17,"D 0,1 -> 4,7",91,False,1.0,10780.0,1,False,0.2431782945180873,2.04,129360.0
"Fixed 10000, uniform",14,12,1,S 0 -> 6,91,False,1.0,10780.0,1,False,0.2431782945180873,2.05,140140.0
"Fixed 10000, uniform",14,13,19,"D 0,1 -> 4,11",91,False,0.9809697545680482,10780.0,1,False,0.2431782945180873,2.05,150920.0
"Fixed 10000, uniform",14,14,18,"D 0,1 -> 4,9",91,False,1.0,10780.0,1,False,0.24317800741115367,2.09,161700.0
"Fixed 10000, uniform",14,15,16,"D 0,1 -> 4,5",91,False,0.999999998861867,10780.0,1,False,0.24317800741115367,2.06,172480.0
"Fixed 10000, uniform",15,0,18,"D 0,1 -> 4,9",91,False,1.0,10780.0,1,False,0.24318730437372557,1.99,10780.0
"Fixed 10000, uniform",15,1,19,"D 0,1 -> 4,11",91,False,0.9789237613416715,10780.0,1,False,0.24318730437372557,2.0,21560.0
"Fixed 10000, uniform",15,2,21,"D 0,1 -> 5,8",91,False,1.0,10780.0,1,False,0.24318725313184614,2.03,32340.0
"Fixed 10000, uniform",15,3,19,"D 0,1 -> 4,11",91,False,0.9999999999999806,10780.0,1,False,0.24318725313184614,2.02,43120.0
"Fixed 10000, uniform",15,4,16,"D 0,1 -> 4,5",91,False,0.825106619103556,10780.0,1,False,0.24318725313184614,1.96,53900.0
"Fixed 10000, uniform",15,5,31,"D 0,1 -> 10,11",91,False,0.9261745131162807,10780.0,1,False,0.24318702057199432,1.88,64680.0
"Fixed 10000, uniform",15,6,17,"D 0,1 -> 4,7",91,False,1.0,10780.0,1,False,0.24315515806718555,1.9,75460.0
"Fixed 10000, uniform",15,7,19,"D 0,1 -> 4,11",91,False,0.9999999999974968,10780.0,1,False,0.24315515806718555,1.86,86240.0
"Fixed 10000, uniform",15,8,18,"D 0,1 -> 4,9",91,False,1.0,10780.0,1,False,0.24315515806718555,1.86,97020.0
"Fixed 10000, uniform",15,9,23,"D 0,1 -> 6,7",91,False,0.9210801740505681,10780.0,1,False,0.24315515806718555,1.85,107800.0
"Fixed 10000, uniform",15,10,16,"D 0,1 -> 4,5",91,False,0.9999999995265001,10780.0,1,False,0.24315537578491783,1.86,118580.0
"Fixed 10000, uniform",15,11,25,"D 0,1 -> 6,11",91,False,1.0,10780.0,1,False,0.24315537578444013,1.85,129360.0
"Fixed 10000, uniform",15,12,18,"D 0,1 -> 4,9",91,False,1.0,10780.0,1,False,0.24315537578444013,1.86,140140.0
"Fixed 10000, uniform",15,13,34,"D 0,2 -> 4,10",91,False,0.9842578965329462,10780.0,1,False,0.24315537578444013,1.87,150920.0
"Fixed 10000, uniform",15,14,18,"D 0,1 -> 4,9",91,False,1.0,10780.0,1,False,0.24314632332127706,1.88,161700.0
"Fixed 10000, uniform",15,15,29,"D 0,1 -> 8,11",91,False,1.0,10780.0,1,False,0.24314632332127706,1.87,172480.0
"Fixed 10000, uniform",16,0,7,S 1 -> 11,91,False,0.9999999924381954,10780.0,1,False,0.24318730437372557,2.01,10780.0
"Fixed 10000, uniform",16,1,29,"D 0,1 -> 8,11",91,False,1.0,10780.0,1,False,0.24318730437392957,1.99,21560.0
"Fixed 10000, uniform",16,2,18,"D 0,1 -> 4,9",91,False,1.0,10780.0,1,False,0.24318730437392957,2.01,32340.0
"Fixed 10000, uniform",16,3,23,"D 0,1 -> 6,7",91,False,0.9195557764331902,10780.0,1,False,0.24318730437392957,2.0,43120.0
"Fixed 10000, uniform",16,4,18,"D 0,1 -> 4,9",91,False,1.0,10780.0,1,False,0.24318730599413693,1.95,53900.0
"Fixed 10000, uniform",16,5,20,"D 0,1 -> 5,6",91,False,1.0,10780.0,1,False,0.24318730599413693,1.88,64680.0
"Fixed 10000, uniform",16,6,7,S 1 -> 11,91,False,1.0,10780.0,1,False,0.24318730599413693,1.87,75460.0
"Fixed 10000, uniform",16,7,16,"D 0,1 -> 4,5",91,False,0.8254833554030087,10780.0,1,False,0.24318730599413693,1.85,86240.0
"Fixed 10000, uniform",16,8,26,"D 0,1 -> 7,8",91,False,1.0,10780.0,1,False,0.2431873027761545,1.86,97020.0
"Fixed 10000, uniform",16,9,17,"D 0,1 -> 4,7",91,False,1.0,10780.0,1,False,0.2431873027761545,1.85,107800.0
"Fixed 10000, uniform",16,10,2,S 0 -> 8,91,False,1.0,10780.0,1,False,0.2431873027761545,1.85,118580.0
"Fixed 10000, uniform",16,11,23,"D 0,1 -> 6,7",91,False,0.9999999999999746,10780.0,1,False,0.2431873027761545,1.86,129360.0
"Fixed 10000, uniform",16,12,19,"D 0,1 -> 4,11",91,False,0.9808954727517196,10780.0,1,False,0.2431873027761545,1.85,140140.0
"Fixed 10000, uniform",16,13,18,"D 0,1 -> 4,9",91,False,1.0,10780.0,1,False,0.24318703329845787,1.84,150920.0
"Fixed 10000, uniform",16,14,25,"D 0,1 -> 6,11",91,False,1.0,10780.0,1,False,0.24318703329845787,1.84,161700.0
"Fixed 10000, uniform",16,15,19,"D 0,1 -> 4,11",91,False,0.9999999999998066,10780.0,1,False,0.24318703329845787,1.85,172480.0
"Fixed 10000, uniform",17,0,16,"D 0,1 -> 4,5",91,False,0.8248878159252171,10780.0,1,False,0.24318730437372557,2.01,10780.0
"Fixed 10000, uniform",17,1,34,"D 0,2 -> 4,10",91,False,0.9843133211423476,10780.0,1,False,0.24318730437372557,2.02,21560.0
"Fixed 10000, uniform",17,2,38,"D 0,3 -> 4,5",91,False,0.9938342365889347,10780.0,1,False,0.2431782936011412,2.06,32340.0
"Fixed 10000, uniform",17,3,18,"D 0,1 -> 4,9",91,False,1.0,10780.0,1,False,0.2431783977377141,2.03,43120.0
"Fixed 10000, uniform",17,4,18,"D 0,1 -> 4,9",91,False,1.0,10780.0,1,False,0.2431783977377141,1.94,53900.0
"Fixed 10000, uniform",17,5,18,"D 0,1 -> 4,9",91,False,1.0,10780.0,1,False,0.2431783977377141,1.93,64680.0
"Fixed 10000, uniform",17,6,16,"D 0,1 -> 4,5",91,False,0.9999999997485804,10780.0,1,False,0.2431783977377141,1.93,75460.0
"Fixed 10000, uniform",17,7,4,S 1 -> 5,91,False,0.9953655908647634,10780.0,1,False,0.2431783977377141,1.86,86240.0
"Fixed 10000, uniform",17,8,29,"D 0,1 -> 8,11",91,False,1.0,10780.0,1,False,0.2431783990222138,1.88,97020.0
"Fixed 10000, uniform",17,9,2,S 0 -> 8,91,False,1.0,10780.0,1,False,0.2431783990222138,1.86,107800.0
"Fixed 10000, uniform",17,10,38,"D 0,3 -> 4,5",91,False,0.9999999974631402,10780.0,1,False,0.2431783990222138,1.86,118580.0
"Fixed 10000, uniform",17,11,5,S 1 -> 7,91,False,1.0,10780.0,1,False,0.2431783990222138,1.86,129360.0
"Fixed 10000, uniform",17,12,19,"D 0,1 -> 4,11",91,False,0.9807977400690551,10780.0,1,False,0.2431783990222138,1.85,140140.0
"Fixed 10000, uniform",17,13,16,"D 0,1 -> 4,5",91,False,0.9999986390412442,10780.0,1,False,0.24317810754562713,1.86,150920.0
"Fixed 10000, uniform",17,14,69,"D 1,2 -> 10,11",91,False,0.9703055212956724,10780.0,1,False,0.24317799532585568,1.85,161700.0
"Fixed 10000, uniform",17,15,18,"D 0,1 -> 4,9",91,False,1.0,10780.0,1,False,0.243160561519269,1.85,172480.0
"Fixed 10000, uniform",18,0,18,"D 0,1 -> 4,9",91,False,1.0,10780.0,1,False,0.24318730437372557,2.11,10780.0
"Fixed 10000, uniform",18,1,18,"D 0,1 -> 4,9",91,False,1.0,10780.0,1,False,0.24318730437372557,2.13,21560.0
"Fixed 10000, uniform",18,2,19,"D 0,1 -> 4,11",91,False,0.9789237613416715,10780.0,1,False,0.24318730437372557,2.1,32340.0
"Fixed 10000, uniform",18,3,18,"D 0,1 -> 4,9",91,False,1.0,10780.0,1,False,0.24318725313184614,2.13,43120.0
"Fixed 10000, uniform",18,4,5,S 1 -> 7,91,False,1.0,10780.0,1,False,0.24318725313184614,2.1,53900.0
"Fixed 10000, uniform",18,5,38,"D 0,3 -> 4,5",91,False,0.9904237949142917,10780.0,1,False,0.24318725313184614,2.04,64680.0
"Fixed 10000, uniform",18,6,41,"D 0,3 -> 4,11",91,False,0.9577800868789208,10780.0,1,False,0.2431871808064569,1.94,75460.0
"Fixed 10000, uniform",18,7,28,"D 0,1 -> 8,9",91,False,0.9195680947548751,10780.0,1,False,0.24315156810241773,1.91,86240.0
"Fixed 10000, uniform",18,8,16,"D 0,1 -> 4,5",91,False,0.8262006950537375,10780.0,1,False,0.24315156751276396,1.89,97020.0
"Fixed 10000, uniform",18,9,0,S 0 -> 4,91,False,0.9932003474979619,10780.0,1,False,0.24315167845397367,1.88,107800.0
"Fixed 10000, uniform",18,10,1,S 0 -> 6,91,False,1.0,10780.0,1,False,0.24315133972426248,1.9,118580.0
"Fixed 10000, uniform",18,11,18,"D 0,1 -> 4,9",91,False,1.0,10780.0,1,False,0.24315133972426248,1.92,129360.0
"Fixed 10000, uniform",18,12,20,"D 0,1 -> 5,6",91,False,1.0,10780.0,1,False,0.24315133972426248,1.92,140140.0
"Fixed 10000, uniform",18,13,20,"D 0,1 -> 5,6",91,False,1.0,10780.0,1,False,0.24315133972426248,1.92,150920.0
"Fixed 10000, uniform",18,14,1,S 0 -> 6,91,False,1.0,10780.0,1,False,0.24315133972426248,1.92,161700.0
"Fixed 10000, uniform",18,15,19,"D 0,1 -> 4,11",91,False,0.9999997593200358,10780.0,1,False,0.24315133972426248,1.91,172480.0
"Fixed 10000, uniform",19,0,18,"D 0,1 -> 4,9",91,False,1.0,10780.0,1,False,0.24318730437372557,2.02,10780.0
"Fixed 10000, uniform",19,1,34,"D 0,2 -> 4,10",91,False,0.9841455478438927,10780.0,1,False,0.24318730437372557,2.03,21560.0
"Fixed 10000, uniform",19,2,28,"D 0,1 -> 8,9",91,False,0.9195528186661539,10780.0,1,False,0.24317818188228252,2.0,32340.0
"Fixed 10000, uniform",19,3,38,"D 0,3 -> 4,5",91,False,0.9909238152725706,10780.0,1,False,0.2431781819932128,1.99,43120.0
"Fixed 10000, uniform",19,4,18,"D 0,1 -> 4,9",91,False,1.0,10780.0,1,False,0.24317830014331238,1.94,53900.0
"Fixed 10000, uniform",19,5,38,"D 0,3 -> 4,5",91,False,0.9999999975891067,10780.0,1,False,0.24317830014325897,1.88,64680.0
"Fixed 10000, uniform",19,6,3,S 0 -> 10,91,False,0.999934174507726,10780.0,1,False,0.24317830014325897,1.89,75460.0
"Fixed 10000, uniform",19,7,18,"D 0,1 -> 4,9",91,False,1.0,10780.0,1,False,0.24317829783652617,1.99,86240.0
"Fixed 10000, uniform",19,8,23,"D 0,1 -> 6,7",91,False,0.9198010234862237,10780.0,1,False,0.24317829783652617,1.93,97020.0
"Fixed 10000, uniform",19,9,19,"D 0,1 -> 4,11",91,False,0.97912184416234,10780.0,1,False,0.24317830003081953,1.92,107800.0
"Fixed 10000, uniform",19,10,16,"D 0,1 -> 4,5",91,False,0.8267042436505787,10780.0,1,False,0.24317824249153494,1.86,118580.0
"Fixed 10000, uniform",19,11,18,"D 0,1 -> 4,9",91,False,1.0,10780.0,1,False,0.2431781049132739,1.86,129360.0
"Fixed 10000, uniform",19,12,19,"D 0,1 -> 4,11",91,False,0.9999999999526301,10780.0,1,False,0.2431781049132739,1.88,140140.0
"Fixed 10000, uniform",19,13,23,"D 0,1 -> 6,7",91,False,0.999999999960177,10780.0,1,False,0.2431781049132739,1.88,150920.0
"Fixed 10000, uniform",19,14,69,"D 1,2 -> 10,11",91,False,0.9701934931553882,10780.0,1,False,0.2431781049132739,1.9,161700.0
"Fixed 10000, uniform",19,15,19,"D 0,1 -> 4,11",91,False,0.9999997497291976,10780.0,1,False,0.2431604983689156,1.9,172480.0
"Fixed 10000, uniform",20,0,38,"D 0,3 -> 4,5",91,False,0.9904029254757726,10780.0,1,False,0.24318730437372557,2.0,10780.0
"Fixed 10000, uniform",20,1,16,"D 0,1 -> 4,5",91,False,0.8252932912353667,10780.0,1,False,0.24318723161189013,2.0,21560.0
"Fixed 10000, uniform",20,2,19,"D 0,1 -> 4,11",91,False,0.9808136601901337,10780.0,1,False,0.24318727989999867,2.0,32340.0
"Fixed 10000, uniform",20,3,16,"D 0,1 -> 4,5",91,False,0.9999999999999934,10780.0,1,False,0.24318699685681103,1.98,43120.0
"Fixed 10000, uniform",20,4,41,"D 0,3 -> 4,11",91,False,0.9579852714833502,10780.0,1,False,0.24318699685681103,1.92,53900.0
"Fixed 10000, uniform",20,5,19,"D 0,1 -> 4,11",91,False,0.9999999999992436,10780.0,1,False,0.2431516782479155,1.89,64680.0
"Fixed 10000, uniform",20,6,41,"D 0,3 -> 4,11",91,False,0.99999999998146,10780.0,1,False,0.2431516782479155,1.88,75460.0
"Fixed 10000, uniform",20,7,16,"D 0,1 -> 4,5",91,False,0.9999999999999373,10780.0,1,False,0.2431516782479155,1.88,86240.0
"Fixed 10000, uniform",20,8,25,"D 0,1 -> 6,11",91,False,1.0,10780.0,1,False,0.2431516782479155,1.87,97020.0
"Fixed 10000, uniform",20,9,34,"D 0,2 -> 4,10",91,False,0.9868176557590136,10780.0,1,False,0.2431516782479155,1.86,107800.0
"Fixed 10000, uniform",20,10,18,"D 0,1 -> 4,9",91,False,1.0,10780.0,1,False,0.24314472971145257,1.85,118580.0
"Fixed 10000, uniform",20,11,23,"D 0,1 -> 6,7",91,False,0.92087098795401,10780.0,1,False,0.24314472971145257,1.85,129360.0
"Fixed 10000, uniform",20,12,25,"D 0,1 -> 6,11",91,False,1.0,10780.0,1,False,0.2431447299356363,1.85,140140.0
"Fixed 10000, uniform",20,13,29,"D 0,1 -> 8,11",91,False,1.0,10780.0,1,False,0.2431447299356363,1.85,150920.0
"Fixed 10000, uniform",20,14,5,S 1 -> 7,91,False,1.0,10780.0,1,False,0.2431447299356363,1.85,161700.0
"Fixed 10000, uniform",20,15,34,"D 0,2 -> 4,10",91,False,0.9999999874817057,10780.0,1,False,0.2431447299356363,1.84,172480.0
"Fixed 10000, uniform",21,0,4,S 1 -> 5,91,False,0.9999999934472215,10780.0,1,False,0.24318730437372557,2.01,10780.0
"Fixed 10000, uniform",21,1,17,"D 0,1 -> 4,7",91,False,1.0,10780.0,1,False,0.24318730437372557,2.06,21560.0
"Fixed 10000, uniform",21,2,34,"D 0,2 -> 4,10",91,False,0.9841455478438927,10780.0,1,False,0.24318730437372557,2.05,32340.0
"Fixed 10000, uniform",21,3,30,"D 0,1 -> 9,10",91,False,1.0,10780.0,1,False,0.24317818188728707,2.03,43120.0
"Fixed 10000, uniform",21,4,25,"D 0,1 -> 6,11",91,False,1.0,10780.0,1,False,0.2431781818814771,1.92,53900.0
"Fixed 10000, uniform",21,5,53,"D 0,3 -> 10,11",91,False,0.9707590987343663,10780.0,1,False,0.2431781818814771,1.9,64680.0
"Fixed 10000, uniform",21,6,34,"D 0,2 -> 4,10",91,False,0.9999999996168236,10780.0,1,False,0.24316152031805788,1.97,75460.0
"Fixed 10000, uniform",21,7,30,"D 0,1 -> 9,10",91,False,1.0,10780.0,1,False,0.24316152031805788,1.87,86240.0
"Fixed 10000, uniform",21,8,34,"D 0,2 -> 4,10",91,False,0.9999999996168236,10780.0,1,False,0.24316152031805788,1.85,97020.0
"Fixed 10000, uniform",21,9,41,"D 0,3 -> 4,11",91,False,0.9581547454625222,10780.0,1,False,0.2431615203187133,1.86,107800.0
"Fixed 10000, uniform",21,10,19,"D 0,1 -> 4,11",91,False,0.9805900743374555,10780.0,1,False,0.2431273707995565,1.86,118580.0
"Fixed 10000, uniform",21,11,38,"D 0,3 -> 4,5",91,False,0.9901931531494845,10780.0,1,False,0.24312758527172676,1.86,129360.0
"Fixed 10000, uniform",21,12,1,S 0 -> 6,91,False,1.0,10780.0,1,False,0.24312754048701438,1.85,140140.0
"Fixed 10000, uniform",21,13,28,"D 0,1 -> 8,9",91,False,0.9195602687213827,10780.0,1,False,0.24312754048701438,1.85,150920.0
"Fixed 10000, uniform",21,14,23,"D 0,1 -> 6,7",91,False,0.9198073649694128,10780.0,1,False,0.24312749892532737,1.86,161700.0
"Fixed 10000, uniform",21,15,16,"D 0,1 -> 4,5",91,False,0.8267924913984024,10780.0,1,False,0.2431274577097005,1.85,172480.0
"Fixed 10000, uniform",22,0,20,"D 0,1 -> 5,6",91,False,1.0,10780.0,1,False,0.24318730437372557,2.02,10780.0
"Fixed 10000, uniform",22,1,63,"D 1,2 -> 6,11",91,False,1.0,10780.0,1,False,0.24318730437372557,2.05,21560.0
"Fixed 10000, uniform",22,2,18,"D 0,1 -> 4,9",91,False,1.0,10780.0,1,False,0.24318730437372557,2.07,32340.0
"Fixed 10000, uniform",22,3,38,"D 0,3 -> 4,5",91,False,0.9904029254757726,10780.0,1,False,0.24318730437372557,2.07,43120.0
"Fixed 10000, uniform",22,4,18,"D 0,1 -> 4,9",91,False,1.0,10780.0,1,False,0.24318723161189013,1.9,53900.0
"Fixed 10000, uniform",22,5,21,"D 0,1 -> 5,8",91,False,1.0,10780.0,1,False,0.24318723161189013,1.89,64680.0
"Fixed 10000, uniform",22,6,20,"D 0,1 -> 5,6",91,False,1.0,10780.0,1,False,0.24318723161189013,1.9,75460.0
"Fixed 10000, uniform",22,7,69,"D 1,2 -> 10,11",91,False,0.9702389657454297,10780.0,1,False,0.24318723161189013,1.85,86240.0
"Fixed 10000, uniform",22,8,22,"D 0,1 -> 5,10",91,False,0.9789041249739983,10780.0,1,False,0.24316974434460534,1.87,97020.0
"Fixed 10000, uniform",22,9,21,"D 0,1 -> 5,8",91,False,1.0,10780.0,1,False,0.24316968801803582,1.85,107800.0
"Fixed 10000, uniform",22,10,23,"D 0,1 -> 6,7",91,False,0.9195760239769917,10780.0,1,False,0.24316968801803582,1.85,118580.0
"Fixed 10000, uniform",22,11,27,"D 0,1 -> 7,10",91,False,1.0,10780.0,1,False,0.2431696466881783,1.85,129360.0
"Fixed 10000, uniform",22,12,19,"D 0,1 -> 4,11",91,False,0.9791736756455668,10780.0,1,False,0.2431696466881783,1.85,140140.0
"Fixed 10000, uniform",22,13,24,"D 0,1 -> 6,9",91,False,1.0,10780.0,1,False,0.2431695812165309,1.85,150920.0
"Fixed 10000, uniform",22,14,34,"D 0,2 -> 4,10",91,False,0.9844238479549988,10780.0,1,False,0.243169581237411,1.86,161700.0
"Fixed 10000, uniform",22,15,16,"D 0,1 -> 4,5",91,False,0.8263154738684816,10780.0,1,False,0.24316060885206758,1.85,172480.0
"Fixed 10000, uniform",23,0,19,"D 0,1 -> 4,11",91,False,0.9789237613416715,10780.0,1,False,0.24318730437372557,2.05,10780.0
"Fixed 10000, uniform",23,1,25,"D 0,1 -> 6,11",91,False,1.0,10780.0,1,False,0.24318725313184614,2.05,21560.0
"Fixed 10000, uniform",23,2,27,"D 0,1 -> 7,10",91,False,1.0,10780.0,1,False,0.24318725313184614,2.03,32340.0
"Fixed 10000, uniform",23,3,18,"D 0,1 -> 4,9",91,False,1.0,10780.0,1,False,0.24318725313184614,2.03,43120.0
"Fixed 10000, uniform",23,4,19,"D 0,1 -> 4,11",91,False,0.9999999999999806,10780.0,1,False,0.24318725313184614,1.95,53900.0
"Fixed 10000, uniform",23,5,34,"D 0,2 -> 4,10",91,False,0.9841318866073433,10780.0,1,False,0.24318725313184614,1.9,64680.0
"Fixed 10000, uniform",23,6,16,"D 0,1 -> 4,5",91,False,0.825137249775654,10780.0,1,False,0.2431781225019468,1.87,75460.0
"Fixed 10000, uniform",23,7,23,"D 0,1 -> 6,7",91,False,0.9208863317247159,10780.0,1,False,0.24317800198086173,1.86,86240.0
"Fixed 10000, uniform",23,8,18,"D 0,1 -> 4,9",91,False,1.0,10780.0,1,False,0.24317800412059792,1.86,97020.0
"Fixed 10000, uniform",23,9,17,"D 0,1 -> 4,7",91,False,1.0,10780.0,1,False,0.24317800412059792,1.87,107800.0
"Fixed 10000, uniform",23,10,25,"D 0,1 -> 6,11",91,False,1.0,10780.0,1,False,0.24317800412059792,1.86,118580.0
"Fixed 10000, uniform",23,11,17,"D 0,1 -> 4,7",91,False,1.0,10780.0,1,False,0.24317800412059792,1.86,129360.0
"Fixed 10000, uniform",23,12,16,"D 0,1 -> 4,5",91,False,0.9999999998704036,10780.0,1,False,0.24317800412059792,1.86,140140.0
"Fixed 10000, uniform",23,13,34,"D 0,2 -> 4,10",91,False,0.9999999975663967,10780.0,1,False,0.24317800412059792,1.87,150920.0
"Fixed 10000, uniform",23,14,18,"D 0,1 -> 4,9",91,False,1.0,10780.0,1,False,0.24317800411986673,1.86,161700.0
"Fixed 10000, uniform",23,15,5,S 1 -> 7,91,False,1.0,10780.0,1,False,0.24317800411986673,1.84,172480.0
"Fixed 10000, uniform",24,0,16,"D 0,1 -> 4,5",91,False,0.8248878159252171,10780.0,1,False,0.24318730437372557,2.04,10780.0
"Fixed 10000, uniform",24,1,19,"D 0,1 -> 4,11",91,False,0.9807993624009327,10780.0,1,False,0.24318730437372557,2.05,21560.0
"Fixed 10000, uniform",24,2,45,"D 0,3 -> 6,7",91,False,0.936189965611948,10780.0,1,False,0.24318702057199426,2.03,32340.0
"Fixed 10000, uniform",24,3,28,"D 0,1 -> 8,9",91,False,0.9208894439199753,10780.0,1,False,0.24318413568614822,2.03,43120.0
"Fixed 10000, uniform",24,4,18,"D 0,1 -> 4,9",91,False,1.0,10780.0,1,False,0.24318413805816827,1.97,53900.0
"Fixed 10000, uniform",24,5,25,"D 0,1 -> 6,11",91,False,1.0,10780.0,1,False,0.24318413805836248,1.93,64680.0
"Fixed 10000, uniform",24,6,38,"D 0,3 -> 4,5",91,False,0.9921779881145714,10780.0,1,False,0.24318413805885208,1.88,75460.0
"Fixed 10000, uniform",24,7,28,"D 0,1 -> 8,9",91,False,0.9999999536841252,10780.0,1,False,0.24318408954038154,1.88,86240.0
"Fixed 10000, uniform",24,8,5,S 1 -> 7,91,False,1.0,10780.0,1,False,0.24318408954038154,1.87,97020.0
"Fixed 10000, uniform",24,9,41,"D 0,3 -> 4,11",91,False,0.9577909332723997,10780.0,1,False,0.24318408954038154,1.87,107800.0
"Fixed 10000, uniform",24,10,19,"D 0,1 -> 4,11",91,False,0.9999999882784283,10780.0,1,False,0.24314859077565,1.87,118580.0
"Fixed 10000, uniform",24,11,5,S 1 -> 7,91,False,1.0,10780.0,1,False,0.2431485904916777,1.86,129360.0
"Fixed 10000, uniform",24,12,20,"D 0,1 -> 5,6",91,False,1.0,10780.0,1,False,0.2431485904916777,1.87,140140.0
"Fixed 10000, uniform",24,13,38,"D 0,3 -> 4,5",91,False,0.9999999993471117,10780.0,1,False,0.2431485904916777,1.87,150920.0
"Fixed 10000, uniform",24,14,18,"D 0,1 -> 4,9",91,False,1.0,10780.0,1,False,0.2431485904916777,1.87,161700.0
"Fixed 10000, uniform",24,15,28,"D 0,1 -> 8,9",91,False,0.9999999896892189,10780.0,1,False,0.2431485904916777,1.89,172480.0
"Fixed 10000, uniform",25,0,16,"D 0,1 -> 4,5",91,False,0.8248878159252171,10780.0,1,False,0.24318730437372557,2.03,10780.0
"Fixed 10000, uniform",25,1,5,S 1 -> 7,91,False,1.0,10780.0,1,False,0.24318730437372557,2.03,21560.0
"Fixed 10000, uniform",25,2,4,S 1 -> 5,91,False,0.9953902715417223,10780.0,1,False,0.24318730437372557,2.05,32340.0
"Fixed 10000, uniform",25,3,23,"D 0,1 -> 6,7",91,False,0.9208466215145069,10780.0,1,False,0.2431873043737256,2.05,43120.0
"Fixed 10000, uniform",25,4,28,"D 0,1 -> 8,9",91,False,0.9210856536926845,10780.0,1,False,0.2431873043737255,1.97,53900.0
"Fixed 10000, uniform",25,5,34,"D 0,2 -> 4,10",91,False,0.9843134822771684,10780.0,1,False,0.2431873043737255,1.93,64680.0
"Fixed 10000, uniform",25,6,23,"D 0,1 -> 6,7",91,False,0.9999999781839983,10780.0,1,False,0.2431782941764783,1.92,75460.0
"Fixed 10000, uniform",25,7,38,"D 0,3 -> 4,5",91,False,0.9937915340367786,10780.0,1,False,0.2431782941726082,1.9,86240.0
"Fixed 10000, uniform",25,8,19,"D 0,1 -> 4,11",91,False,0.9809832026600067,10780.0,1,False,0.24317839876066957,1.87,97020.0
"Fixed 10000, uniform",25,9,5,S 1 -> 7,91,False,1.0,10780.0,1,False,0.2431781120295905,1.86,107800.0
"Fixed 10000, uniform",25,10,34,"D 0,2 -> 4,10",91,False,0.9999998936615799,10780.0,1,False,0.2431781120295905,1.87,118580.0
"Fixed 10000, uniform",25,11,31,"D 0,1 -> 10,11",91,False,0.9265960966630795,10780.0,1,False,0.24317811205851975,1.86,129360.0
"Fixed 10000, uniform",25,12,18,"D 0,1 -> 4,9",91,False,1.0,10780.0,1,False,0.24314664113016335,1.86,140140.0
"Fixed 10000, uniform",25,13,5,S 1 -> 7,91,False,1.0,10780.0,1,False,0.24314664113016335,1.86,150920.0
"Fixed 10000, uniform",25,14,18,"D 0,1 -> 4,9",91,False,1.0,10780.0,1,False,0.24314664113016335,1.85,161700.0
"Fixed 10000, uniform",25,15,16,"D 0,1 -> 4,5",91,False,0.9999984496474476,10780.0,1,False,0.24314664113016335,1.83,172480.0
"Fixed 10000, uniform",26,0,0,S 0 -> 4,91,False,0.9999999934472216,10780.0,1,False,0.24318730437372557,2.08,10780.0
"Fixed 10000, uniform",26,1,28,"D 0,1 -> 8,9",91,False,0.9195557764795292,10780.0,1,False,0.24318730437372557,2.08,21560.0
"Fixed 10000, uniform",26,2,4,S 1 -> 5,91,False,0.9998488362189335,10780.0,1,False,0.24318730437372557,2.08,32340.0
"Fixed 10000, uniform",26,3,3,S 0 -> 10,91,False,0.999943525985971,10780.0,1,False,0.2431873043737256,2.06,43120.0
"Fixed 10000, uniform",26,4,19,"D 0,1 -> 4,11",91,False,0.9790215284015257,10780.0,1,False,0.24318730589201437,1.93,53900.0
"Fixed 10000, uniform",26,5,23,"D 0,1 -> 6,7",91,False,0.9198271126340829,10780.0,1,False,0.243187255654475,1.94,64680.0
"Fixed 10000, uniform",26,6,19,"D 0,1 -> 4,11",91,False,0.9999999995632315,10780.0,1,False,0.24318725760901497,1.87,75460.0
"Fixed 10000, uniform",26,7,21,"D 0,1 -> 5,8",91,False,1.0,10780.0,1,False,0.24318725760901497,1.86,86240.0
"Fixed 10000, uniform",26,8,23,"D 0,1 -> 6,7",91,False,0.9999999938761388,10780.0,1,False,0.24318725760901497,1.86,97020.0
"Fixed 10000, uniform",26,9,41,"D 0,3 -> 4,11",91,False,0.9577361670888922,10780.0,1,False,0.24318725760901497,1.87,107800.0
"Fixed 10000, uniform",26,10,22,"D 0,1 -> 5,10",91,False,0.9792570839749674,10780.0,1,False,0.24315155211624365,1.87,118580.0
"Fixed 10000, uniform",26,11,34,"D 0,2 -> 4,10",91,False,0.9864324088228185,10780.0,1,False,0.24315150337163302,1.86,129360.0
"Fixed 10000, uniform",26,12,29,"D 0,1 -> 8,11",91,False,1.0,10780.0,1,False,0.2431443221362022,1.87,140140.0
"Fixed 10000, uniform",26,13,21,"D 0,1 -> 5,8",91,False,1.0,10780.0,1,False,0.24314432216165405,1.86,150920.0
"Fixed 10000, uniform",26,14,16,"D 0,1 -> 4,5",91,False,0.8264421344719545,10780.0,1,False,0.24314432221613527,1.86,161700.0
"Fixed 10000, uniform",26,15,5,S 1 -> 7,91,False,1.0,10780.0,1,False,0.24314404617828086,1.86,172480.0
"Fixed 10000, uniform",27,0,34,"D 0,2 -> 4,10",91,False,0.9841455478438927,10780.0,1,False,0.24318730437372557,2.09,10780.0
"Fixed 10000, uniform",27,1,18,"D 0,1 -> 4,9",91,False,1.0,10780.0,1,False,0.24317818188228252,2.08,21560.0
"Fixed 10000, uniform",27,2,41,"D 0,3 -> 4,11",91,False,0.958279131939521,10780.0,1,False,0.24317818188228252,2.03,32340.0
"Fixed 10000, uniform",27,3,19,"D 0,1 -> 4,11",91,False,0.9806130157400349,10780.0,1,False,0.24314424807413482,2.03,43120.0
"Fixed 10000, uniform",27,4,18,"D 0,1 -> 4,9",91,False,1.0,10780.0,1,False,0.24314446588586355,1.96,53900.0
"Fixed 10000, uniform",27,5,18,"D 0,1 -> 4,9",91,False,1.0,10780.0,1,False,0.24314446588586355,1.93,64680.0
"Fixed 10000, uniform",27,6,23,"D 0,1 -> 6,7",91,False,0.9195658450879418,10780.0,1,False,0.24314446588586355,1.94,75460.0
"Fixed 10000, uniform",27,7,23,"D 0,1 -> 6,7",91,False,1.0,10780.0,1,False,0.24314446544867419,1.99,86240.0
"Fixed 10000, uniform",27,8,7,S 1 -> 11,91,False,0.9992476440094585,10780.0,1,False,0.24314446544867419,1.87,97020.0
"Fixed 10000, uniform",27,9,18,"D 0,1 -> 4,9",91,False,1.0,10780.0,1,False,0.24314448169267325,1.87,107800.0
"Fixed 10000, uniform",27,10,18,"D 0,1 -> 4,9",91,False,1.0,10780.0,1,False,0.24314448169267325,1.87,118580.0
"Fixed 10000, uniform",27,11,4,S 1 -> 5,91,False,0.9998791180993599,10780.0,1,False,0.24314448169267325,1.87,129360.0
"Fixed 10000, uniform",27,12,18,"D 0,1 -> 4,9",91,False,1.0,10780.0,1,False,0.24314448162395913,1.87,140140.0
"Fixed 10000, uniform",27,13,25,"D 0,1 -> 6,11",91,False,1.0,10780.0,1,False,0.24314448162395913,1.89,150920.0
"Fixed 10000, uniform",27,14,20,"D 0,1 -> 5,6",91,False,1.0,10780.0,1,False,0.24314448162395913,1.88,161700.0
"Fixed 10000, uniform",27,15,28,"D 0,1 -> 8,9",91,False,0.9198118228617093,10780.0,1,False,0.24314448162395913,1.85,172480.0
"Fixed 10000, uniform",28,0,28,"D 0,1 -> 8,9",91,False,0.9195557764466735,10780.0,1,False,0.24318730437372557,2.05,10780.0
"Fixed 10000, uniform",28,1,38,"D 0,3 -> 4,5",91,False,0.9904029560850035,10780.0,1,False,0.2431873043737256,2.03,21560.0
"Fixed 10000, uniform",28,2,19,"D 0,1 -> 4,11",91,False,0.9790491711721596,10780.0,1,False,0.24318723161342123,2.05,32340.0
"Fixed 10000, uniform",28,3,31,"D 0,1 -> 10,11",91,False,0.924575576449903,10780.0,1,False,0.2431871812935113,2.0,43120.0
"Fixed 10000, uniform",28,4,16,"D 0,1 -> 4,5",91,False,0.8268101814024612,10780.0,1,False,0.24315397389656576,1.88,53900.0
"Fixed 10000, uniform",28,5,4,S 1 -> 5,91,False,0.9951768800572155,10780.0,1,False,0.24315534909476402,1.88,64680.0
"Fixed 10000, uniform",28,6,23,"D 0,1 -> 6,7",91,False,0.9212945706458229,10780.0,1,False,0.2431553473931347,1.87,75460.0
"Fixed 10000, uniform",28,7,18,"D 0,1 -> 4,9",91,False,1.0,10780.0,1,False,0.24315556299143953,1.9,86240.0
"Fixed 10000, uniform",28,8,18,"D 0,1 -> 4,9",91,False,1.0,10780.0,1,False,0.24315556299143953,1.87,97020.0
"Fixed 10000, uniform",28,9,18,"D 0,1 -> 4,9",91,False,1.0,10780.0,1,False,0.24315556299143953,1.87,107800.0
"Fixed 10000, uniform",28,10,17,"D 0,1 -> 4,7",91,False,1.0,10780.0,1,False,0.24315556299143953,1.88,118580.0
"Fixed 10000, uniform",28,11,1,S 0 -> 6,91,False,1.0,10780.0,1,False,0.24315556299143953,1.87,129360.0
"Fixed 10000, uniform",28,12,18,"D 0,1 -> 4,9",91,False,1.0,10780.0,1,False,0.24315556299143953,1.86,140140.0
"Fixed 10000, uniform",28,13,38,"D 0,3 -> 4,5",91,False,0.9999998813687371,10780.0,1,False,0.24315556299143953,1.86,150920.0
"Fixed 10000, uniform",28,14,23,"D 0,1 -> 6,7",91,False,0.9999997496866497,10780.0,1,False,0.24315556299143953,1.86,161700.0
"Fixed 10000, uniform",28,15,18,"D 0,1 -> 4,9",91,False,1.0,10780.0,1,False,0.24315556297413468,1.86,172480.0
"Fixed 10000, uniform",29,0,18,"D 0,1 -> 4,9",91,False,1.0,10780.0,1,False,0.24318730437372557,2.08,10780.0
"Fixed 10000, uniform",29,1,4,S 1 -> 5,91,False,0.9999999934472215,10780.0,1,False,0.24318730437372557,2.08,21560.0
"Fixed 10000, uniform",29,2,41,"D 0,3 -> 4,11",91,False,0.9574172473197158,10780.0,1,False,0.24318730437372557,2.08,32340.0
"Fixed 10000, uniform",29,3,17,"D 0,1 -> 4,7",91,False,1.0,10780.0,1,False,0.2431513902463638,2.11,43120.0
"Fixed 10000, uniform",29,4,7,S 1 -> 11,91,False,0.9997679081151851,10780.0,1,False,0.2431513902463638,2.03,53900.0
"Fixed 10000, uniform",29,5,34,"D 0,2 -> 4,10",91,False,0.9864643028934272,10780.0,1,False,0.24315139534812136,2.0,64680.0
"Fixed 10000, uniform",29,6,18,"D 0,1 -> 4,9",91,False,1.0,10780.0,1,False,0.24314425295622427,1.94,75460.0
"Fixed 10000, uniform",29,7,19,"D 0,1 -> 4,11",91,False,0.9805996198022348,10780.0,1,False,0.2431442529552456,1.87,86240.0
"Fixed 10000, uniform",29,8,19,"D 0,1 -> 4,11",91,False,0.9999999747440165,10780.0,1,False,0.24314448089825355,1.84,97020.0
"Fixed 10000, uniform",29,9,34,"D 0,2 -> 4,10",91,False,0.9999999937987823,10780.0,1,False,0.2431444808994832,1.85,107800.0
"Fixed 10000, uniform",29,10,5,S 1 -> 7,91,False,1.0,10780.0,1,False,0.24314448090018628,1.85,118580.0
"Fixed 10000, uniform",29,11,24,"D 0,1 -> 6,9",91,False,1.0,10780.0,1,False,0.24314448090018628,1.86,129360.0
"Fixed 10000, uniform",29,12,18,"D 0,1 -> 4,9",91,False,1.0,10780.0,1,False,0.24314448090018628,1.84,140140.0
"Fixed 10000, uniform",29,13,18,"D 0,1 -> 4,9",91,False,1.0,10780.0,1,False,0.24314448090018628,1.85,150920.0
"Fixed 10000, uniform",29,14,20,"D 0,1 -> 5,6",91,False,1.0,10780.0,1,False,0.24314448090018628,1.84,161700.0
"Fixed 10000, uniform",29,15,5,S 1 -> 7,91,False,1.0,10780.0,1,False,0.24314448090018628,1.85,172480.0
