method,trajectory,iteration,selected,selected_label,exact_best_arm,exact_best,shortfall,shots,rounds,stopped_rho,max_abs_gradient,seconds,cumulative_shots
"Fixed 1000000, designed",0,0,91,"D 2,3 -> 10,11",91,True,0.0,1000503.0,1,False,0.24318730437372557,2.32,1000503.0
"Fixed 1000000, designed",0,1,79,"D 2,3 -> 4,11",79,True,0.0,1000472.0,1,False,0.16102697871065078,2.21,2000975.0
"Fixed 1000000, designed",0,2,76,"D 2,3 -> 4,5",82,False,0.024066516365316204,1000487.0,1,False,0.12998218947189707,2.22,3001462.0
"Fixed 1000000, designed",0,3,82,"D 2,3 -> 5,10",82,True,0.0,1000512.0,1,False,0.15572199591416286,2.2,4001974.0
"Fixed 1000000, designed",0,4,26,"D 0,1 -> 7,8",12,False,1.0,1000499.0,1,False,0.038065025112214046,2.21,5002473.0
"Fixed 1000000, designed",0,5,23,"D 0,1 -> 6,7",12,False,0.486063287211818,1000499.0,1,False,0.038065025112214046,2.21,6002972.0
"Fixed 1000000, designed",0,6,16,"D 0,1 -> 4,5",8,False,0.12899713671161206,1000503.0,1,False,0.038065329770956974,2.18,7003475.0
"Fixed 1000000, designed",0,7,51,"D 0,3 -> 8,11",12,False,1.0,1000495.0,1,False,0.03794658656186467,2.2,8003970.0
"Fixed 1000000, designed",0,8,28,"D 0,1 -> 8,9",12,False,0.49181156443802754,1000495.0,1,False,0.0379465856464558,2.21,9004465.0
"Fixed 1000000, designed",0,9,34,"D 0,2 -> 4,10",8,False,0.995812499025579,1000494.0,1,False,0.03794770543535225,2.21,10004959.0
"Fixed 1000000, designed",0,10,35,"D 0,2 -> 6,8",12,False,1.0,1000494.0,1,False,0.037948010322547646,2.21,11005453.0
"Fixed 1000000, designed",0,11,33,"D 0,2 -> 4,8",12,False,1.0,1000494.0,1,False,0.037948010322547646,2.23,12005947.0
"Fixed 1000000, designed",0,12,45,"D 0,3 -> 6,7",12,False,0.6641765849674419,1000494.0,1,False,0.037948010322547646,2.24,13006441.0
"Fixed 1000000, designed",0,13,2,S 0 -> 8,12,False,1.0,1000495.0,1,False,0.03800313431623451,2.18,14006936.0
"Fixed 1000000, designed",0,14,33,"D 0,2 -> 4,8",12,False,1.0,1000495.0,1,False,0.03800313431623451,2.16,15007431.0
"Fixed 1000000, designed",0,15,53,"D 0,3 -> 10,11",12,False,0.8321570351574178,1000495.0,1,False,0.03800313431623451,2.13,16007926.0
"Fixed 1000000, designed",1,0,91,"D 2,3 -> 10,11",91,True,0.0,1000503.0,1,False,0.24318730437372557,2.33,1000503.0
"Fixed 1000000, designed",1,1,79,"D 2,3 -> 4,11",79,True,0.0,1000472.0,1,False,0.16102697871065078,2.19,2000975.0
"Fixed 1000000, designed",1,2,76,"D 2,3 -> 4,5",82,False,0.024066516365316204,1000487.0,1,False,0.12998218947189707,2.16,3001462.0
"Fixed 1000000, designed",1,3,82,"D 2,3 -> 5,10",82,True,0.0,1000512.0,1,False,0.15572199591416286,2.19,4001974.0
"Fixed 1000000, designed",1,4,16,"D 0,1 -> 4,5",12,False,0.12598115105696928,1000499.0,1,False,0.038065025112214046,2.21,5002473.0
"Fixed 1000000, designed",1,5,31,"D 0,1 -> 10,11",12,False,0.7175538410327091,1000495.0,1,False,0.03794550904773174,2.16,6002968.0
"Fixed 1000000, designed",1,6,55,"D 1,2 -> 4,7",8,False,1.0,1000495.0,1,False,0.037944233016877014,2.17,7003463.0
"Fixed 1000000, designed",1,7,52,"D 0,3 -> 9,10",8,False,1.0,1000495.0,1,False,0.037944233016877014,2.16,8003958.0
"Fixed 1000000, designed",1,8,66,"D 1,2 -> 8,9",8,False,0.6707361391479734,1000495.0,1,False,0.037944233016877014,2.18,9004453.0
"Fixed 1000000, designed",1,9,62,"D 1,2 -> 6,9",8,False,1.0,1000495.0,1,False,0.03799705271587608,2.14,10004948.0
"Fixed 1000000, designed",1,10,36,"D 0,2 -> 6,10",8,False,1.0,1000495.0,1,False,0.03799705271587608,2.18,11005443.0
"Fixed 1000000, designed",1,11,51,"D 0,3 -> 8,11",8,False,1.0,1000495.0,1,False,0.03799705271587608,2.14,12005938.0
"Fixed 1000000, designed",1,12,50,"D 0,3 -> 8,9",8,False,0.672666934490231,1000495.0,1,False,0.03799705271587608,2.14,13006433.0
"Fixed 1000000, designed",1,13,28,"D 0,1 -> 8,9",12,False,0.46629686202857623,1000492.0,1,False,0.03799174948869115,2.16,14006925.0
"Fixed 1000000, designed",1,14,35,"D 0,2 -> 6,8",12,False,1.0,1000492.0,1,False,0.037995080104890014,2.18,15007417.0
"Fixed 1000000, designed",1,15,74,"D 1,3 -> 7,11",12,False,1.0,1000492.0,1,False,0.03799506549917461,2.19,16007909.0
"Fixed 1000000, designed",2,0,91,"D 2,3 -> 10,11",91,True,0.0,1000503.0,1,False,0.24318730437372557,2.35,1000503.0
"Fixed 1000000, designed",2,1,82,"D 2,3 -> 5,10",79,True,2.220446049250313e-16,1000472.0,1,False,0.16102697871065078,2.26,2000975.0
"Fixed 1000000, designed",2,2,79,"D 2,3 -> 4,11",79,True,0.0,1000477.0,1,False,0.12998218965087896,2.3,3001452.0
"Fixed 1000000, designed",2,3,76,"D 2,3 -> 4,5",76,True,0.0,1000495.0,1,False,0.1560411524745777,2.36,4001947.0
"Fixed 1000000, designed",2,4,2,S 0 -> 8,8,False,1.0,1000499.0,1,False,0.038065010303649234,2.36,5002446.0
"Fixed 1000000, designed",2,5,66,"D 1,2 -> 8,9",8,False,0.6718113927335927,1000499.0,1,False,0.038065010303649234,2.31,6002945.0
"Fixed 1000000, designed",2,6,50,"D 0,3 -> 8,9",8,False,0.6737344423756759,1000497.0,1,False,0.03811782566906654,2.3,7003442.0
"Fixed 1000000, designed",2,7,31,"D 0,1 -> 10,11",8,False,0.6644585003527217,1000496.0,1,False,0.03811251684484435,2.33,8003938.0
"Fixed 1000000, designed",2,8,28,"D 0,1 -> 8,9",12,False,0.4624176741079944,1000496.0,1,False,0.03811084752789971,2.32,9004434.0
"Fixed 1000000, designed",2,9,44,"D 0,3 -> 5,10",8,False,0.8210910446161024,1000495.0,1,False,0.038113336464386624,2.34,10004929.0
"Fixed 1000000, designed",2,10,71,"D 1,3 -> 5,9",12,False,1.0,1000498.0,1,False,0.03816096938177181,2.34,11005427.0
"Fixed 1000000, designed",2,11,16,"D 0,1 -> 4,5",12,False,0.15086059315284528,1000498.0,1,False,0.03816096938177181,2.33,12005925.0
"Fixed 1000000, designed",2,12,27,"D 0,1 -> 7,10",12,False,1.0,1000491.0,1,False,0.038042665854077326,2.31,13006416.0
"Fixed 1000000, designed",2,13,68,"D 1,2 -> 9,10",12,False,1.0,1000491.0,1,False,0.03804266588565661,2.31,14006907.0
"Fixed 1000000, designed",2,14,40,"D 0,3 -> 4,9",12,False,1.0,1000491.0,1,False,0.03804266588565661,2.31,15007398.0
"Fixed 1000000, designed",2,15,64,"D 1,2 -> 7,8",12,False,1.0,1000491.0,1,False,0.03804266588565661,2.3,16007889.0
"Fixed 1000000, designed",3,0,91,"D 2,3 -> 10,11",91,True,0.0,1000503.0,1,False,0.24318730437372557,2.44,1000503.0
"Fixed 1000000, designed",3,1,82,"D 2,3 -> 5,10",79,True,2.220446049250313e-16,1000472.0,1,False,0.16102697871065078,2.37,2000975.0
"Fixed 1000000, designed",3,2,79,"D 2,3 -> 4,11",79,True,0.0,1000477.0,1,False,0.12998218965087896,2.33,3001452.0
"Fixed 1000000, designed",3,3,76,"D 2,3 -> 4,5",76,True,0.0,1000495.0,1,False,0.1560411524745777,2.25,4001947.0
"Fixed 1000000, designed",3,4,62,"D 1,2 -> 6,9",8,False,1.0,1000499.0,1,False,0.038065010303649234,2.2,5002446.0
"Fixed 1000000, designed",3,5,61,"D 1,2 -> 6,7",8,False,0.6718113927335925,1000499.0,1,False,0.038065010303649234,2.19,6002945.0
"Fixed 1000000, designed",3,6,39,"D 0,3 -> 4,7",8,False,1.0,1000495.0,1,False,0.03811782566906654,2.22,7003440.0
"Fixed 1000000, designed",3,7,56,"D 1,2 -> 4,9",8,False,1.0,1000495.0,1,False,0.03811782566906654,2.18,8003935.0
"Fixed 1000000, designed",3,8,16,"D 0,1 -> 4,5",8,False,0.12717747872062768,1000495.0,1,False,0.03811782566906654,2.17,9004430.0
"Fixed 1000000, designed",3,9,25,"D 0,1 -> 6,11",8,False,1.0,1000493.0,1,False,0.037998327282540614,2.18,10004923.0
"Fixed 1000000, designed",3,10,46,"D 0,3 -> 6,9",8,False,1.0,1000493.0,1,False,0.037998327282540614,2.16,11005416.0
"Fixed 1000000, designed",3,11,68,"D 1,2 -> 9,10",8,False,1.0,1000493.0,1,False,0.037998327282540614,2.2,12005909.0
"Fixed 1000000, designed",3,12,74,"D 1,3 -> 7,11",8,False,1.0,1000493.0,1,False,0.037998327282540614,2.21,13006402.0
"Fixed 1000000, designed",3,13,24,"D 0,1 -> 6,9",8,False,1.0,1000493.0,1,False,0.037998327282540614,2.24,14006895.0
"Fixed 1000000, designed",3,14,42,"D 0,3 -> 5,6",8,False,1.0,1000493.0,1,False,0.037998327282540614,2.21,15007388.0
"Fixed 1000000, designed",3,15,58,"D 1,2 -> 5,6",8,False,1.0,1000493.0,1,False,0.037998327282540614,2.23,16007881.0
"Fixed 1000000, designed",4,0,91,"D 2,3 -> 10,11",91,True,0.0,1000503.0,1,False,0.24318730437372557,2.31,1000503.0
"Fixed 1000000, designed",4,1,79,"D 2,3 -> 4,11",79,True,0.0,1000472.0,1,False,0.16102697871065078,2.29,2000975.0
"Fixed 1000000, designed",4,2,76,"D 2,3 -> 4,5",82,False,0.024066516365316204,1000487.0,1,False,0.12998218947189707,2.3,3001462.0
"Fixed 1000000, designed",4,3,82,"D 2,3 -> 5,10",82,True,0.0,1000512.0,1,False,0.15572199591416286,2.28,4001974.0
"Fixed 1000000, designed",4,4,50,"D 0,3 -> 8,9",12,False,0.6718115192894138,1000499.0,1,False,0.038065025112214046,2.28,5002473.0
"Fixed 1000000, designed",4,5,43,"D 0,3 -> 5,8",12,False,1.0,1000497.0,1,False,0.03811782587959038,2.26,6002970.0
"Fixed 1000000, designed",4,6,28,"D 0,1 -> 8,9",12,False,0.4742311995207128,1000497.0,1,False,0.03811782587959038,2.22,7003467.0
"Fixed 1000000, designed",4,7,53,"D 0,3 -> 10,11",12,False,0.8325197853635037,1000497.0,1,False,0.0381204935803451,2.25,8003964.0
"Fixed 1000000, designed",4,8,23,"D 0,1 -> 6,7",12,False,0.48882941122140333,1000498.0,1,False,0.038138714212400664,2.24,9004462.0
"Fixed 1000000, designed",4,9,53,"D 0,3 -> 10,11",12,False,0.9998402503915192,1000501.0,1,False,0.038138991366286235,2.22,10004963.0
"Fixed 1000000, designed",4,10,71,"D 1,3 -> 5,9",12,False,1.0,1000500.0,1,False,0.03812921705374463,2.23,11005463.0
"Fixed 1000000, designed",4,11,34,"D 0,2 -> 4,10",12,False,0.9998923121383482,1000500.0,1,False,0.03812921705374463,2.21,12005963.0
"Fixed 1000000, designed",4,12,50,"D 0,3 -> 8,9",12,False,0.9998913151858421,1000500.0,1,False,0.038129212071247406,2.28,13006463.0
"Fixed 1000000, designed",4,13,17,"D 0,1 -> 4,7",12,False,1.0,1000500.0,1,False,0.03813105186604194,2.33,14006963.0
"Fixed 1000000, designed",4,14,55,"D 1,2 -> 4,7",12,False,1.0,1000500.0,1,False,0.03813105186604194,2.27,15007463.0
"Fixed 1000000, designed",4,15,31,"D 0,1 -> 10,11",12,False,0.66066857223923,1000500.0,1,False,0.03813105186604194,2.33,16007963.0
"Fixed 1000000, designed",5,0,91,"D 2,3 -> 10,11",91,True,0.0,1000503.0,1,False,0.24318730437372557,2.44,1000503.0
"Fixed 1000000, designed",5,1,82,"D 2,3 -> 5,10",79,True,2.220446049250313e-16,1000472.0,1,False,0.16102697871065078,2.37,2000975.0
"Fixed 1000000, designed",5,2,76,"D 2,3 -> 4,5",79,False,0.024066513654290578,1000477.0,1,False,0.12998218965087896,2.31,3001452.0
"Fixed 1000000, designed",5,3,79,"D 2,3 -> 4,11",79,True,0.0,1000488.0,1,False,0.15572199872464462,2.24,4001940.0
"Fixed 1000000, designed",5,4,66,"D 1,2 -> 8,9",8,False,0.6718114708117454,1000499.0,1,False,0.03806501943588732,2.25,5002439.0
"Fixed 1000000, designed",5,5,45,"D 0,3 -> 6,7",8,False,0.6722572874509347,1000497.0,1,False,0.03811782636367871,2.23,6002936.0
"Fixed 1000000, designed",5,6,23,"D 0,1 -> 6,7",8,False,0.4741681984970735,1000497.0,1,False,0.03811293657488773,2.24,7003433.0
"Fixed 1000000, designed",5,7,66,"D 1,2 -> 8,9",12,False,0.9999986825346382,1000499.0,1,False,0.038115605385743524,2.29,8003932.0
"Fixed 1000000, designed",5,8,30,"D 0,1 -> 9,10",12,False,1.0,1000499.0,1,False,0.038115605385743524,2.3,9004431.0
"Fixed 1000000, designed",5,9,5,S 1 -> 7,12,False,1.0,1000499.0,1,False,0.038115605385743524,2.27,10004930.0
"Fixed 1000000, designed",5,10,50,"D 0,3 -> 8,9",12,False,0.6761294332727508,1000499.0,1,False,0.038115605385743524,2.24,11005429.0
"Fixed 1000000, designed",5,11,35,"D 0,2 -> 6,8",12,False,1.0,1000495.0,1,False,0.038167229494406915,2.22,12005924.0
"Fixed 1000000, designed",5,12,71,"D 1,3 -> 5,9",12,False,1.0,1000495.0,1,False,0.038167229494406915,2.23,13006419.0
"Fixed 1000000, designed",5,13,70,"D 1,3 -> 5,7",12,False,1.0,1000495.0,1,False,0.038167229494406915,2.23,14006914.0
"Fixed 1000000, designed",5,14,16,"D 0,1 -> 4,5",12,False,0.13135305055520607,1000495.0,1,False,0.038167229494406915,2.25,15007409.0
"Fixed 1000000, designed",5,15,7,S 1 -> 11,12,False,0.9587820851705232,1000493.0,1,False,0.03804849792622525,2.24,16007902.0
"Fixed 1000000, designed",6,0,91,"D 2,3 -> 10,11",91,True,0.0,1000503.0,1,False,0.24318730437372557,2.44,1000503.0
"Fixed 1000000, designed",6,1,79,"D 2,3 -> 4,11",79,True,0.0,1000472.0,1,False,0.16102697871065078,2.37,2000975.0
"Fixed 1000000, designed",6,2,76,"D 2,3 -> 4,5",82,False,0.024066516365316204,1000487.0,1,False,0.12998218947189707,2.32,3001462.0
"Fixed 1000000, designed",6,3,82,"D 2,3 -> 5,10",82,True,0.0,1000512.0,1,False,0.15572199591416286,2.33,4001974.0
"Fixed 1000000, designed",6,4,60,"D 1,2 -> 5,10",12,False,0.8167919905452777,1000499.0,1,False,0.038065025112214046,2.31,5002473.0
"Fixed 1000000, designed",6,5,50,"D 0,3 -> 8,9",8,False,0.6716962819910978,1000498.0,1,False,0.0380739500788244,2.31,6002971.0
"Fixed 1000000, designed",6,6,0,S 0 -> 4,12,False,0.9775280962468538,1000497.0,1,False,0.038125999783928714,2.31,7003468.0
"Fixed 1000000, designed",6,7,45,"D 0,3 -> 6,7",12,False,0.6742841344860881,1000497.0,1,False,0.03812627796109895,2.28,8003965.0
"Fixed 1000000, designed",6,8,39,"D 0,3 -> 4,7",12,False,1.0,1000497.0,1,False,0.03817855909284054,2.29,9004462.0
"Fixed 1000000, designed",6,9,39,"D 0,3 -> 4,7",12,False,1.0,1000497.0,1,False,0.03817855909284054,2.27,10004959.0
"Fixed 1000000, designed",6,10,58,"D 1,2 -> 5,6",12,False,1.0,1000497.0,1,False,0.03817855909284054,2.25,11005456.0
"Fixed 1000000, designed",6,11,29,"D 0,1 -> 8,11",12,False,1.0,1000497.0,1,False,0.03817855909284054,2.23,12005953.0
"Fixed 1000000, designed",6,12,58,"D 1,2 -> 5,6",12,False,1.0,1000497.0,1,False,0.03817855909284054,2.23,13006450.0
"Fixed 1000000, designed",6,13,16,"D 0,1 -> 4,5",12,False,0.12742764817337193,1000497.0,1,False,0.03817855909284054,2.23,14006947.0
"Fixed 1000000, designed",6,14,86,"D 2,3 -> 7,8",12,False,1.0,1000493.0,1,False,0.03805873661425383,2.21,15007440.0
"Fixed 1000000, designed",6,15,55,"D 1,2 -> 4,7",12,False,1.0,1000493.0,1,False,0.038058737119489816,2.24,16007933.0
"Fixed 1000000, designed",7,0,91,"D 2,3 -> 10,11",91,True,0.0,1000503.0,1,False,0.24318730437372557,2.45,1000503.0
"Fixed 1000000, designed",7,1,79,"D 2,3 -> 4,11",79,True,0.0,1000472.0,1,False,0.16102697871065078,2.27,2000975.0
"Fixed 1000000, designed",7,2,76,"D 2,3 -> 4,5",82,False,0.024066516365316204,1000487.0,1,False,0.12998218947189707,2.24,3001462.0
"Fixed 1000000, designed",7,3,82,"D 2,3 -> 5,10",82,True,0.0,1000512.0,1,False,0.15572199591416286,2.34,4001974.0
"Fixed 1000000, designed",7,4,28,"D 0,1 -> 8,9",12,False,0.48606328721181846,1000499.0,1,False,0.038065025112214046,2.27,5002473.0
"Fixed 1000000, designed",7,5,25,"D 0,1 -> 6,11",8,False,1.0,1000499.0,1,False,0.03806532169506669,2.21,6002972.0
"Fixed 1000000, designed",7,6,52,"D 0,3 -> 9,10",12,False,1.0,1000499.0,1,False,0.038065331781183015,2.22,7003471.0
"Fixed 1000000, designed",7,7,4,S 1 -> 5,12,False,0.9795449049404877,1000499.0,1,False,0.038065331781183015,2.2,8003970.0
"Fixed 1000000, designed",7,8,24,"D 0,1 -> 6,9",8,False,1.0,1000499.0,1,False,0.038065516894480664,2.18,9004469.0
"Fixed 1000000, designed",7,9,16,"D 0,1 -> 4,5",8,False,0.1277226300370341,1000499.0,1,False,0.03806551692419753,2.26,10004968.0
"Fixed 1000000, designed",7,10,12,S 3 -> 5,8,False,0.00012529220956680742,1000493.0,1,False,0.037946353974956853,2.23,11005461.0
"Fixed 1000000, designed",7,11,75,"D 1,3 -> 9,11",11,False,1.0,1000498.0,1,False,0.0330048002596034,2.25,12005959.0
"Fixed 1000000, designed",7,12,7,S 1 -> 11,11,False,0.8900524984077379,1000498.0,1,False,0.0330048002596034,2.25,13006457.0
"Fixed 1000000, designed",7,13,24,"D 0,1 -> 6,9",11,False,1.0,1000499.0,1,False,0.033031525191421274,2.24,14006956.0
"Fixed 1000000, designed",7,14,20,"D 0,1 -> 5,6",11,False,1.0,1000499.0,1,False,0.033031525191421274,2.24,15007455.0
"Fixed 1000000, designed",7,15,0,S 0 -> 4,11,False,0.9589776759320349,1000499.0,1,False,0.033031525191421274,2.24,16007954.0
"Fixed 1000000, designed",8,0,91,"D 2,3 -> 10,11",91,True,0.0,1000503.0,1,False,0.24318730437372557,2.44,1000503.0
"Fixed 1000000, designed",8,1,82,"D 2,3 -> 5,10",79,True,2.220446049250313e-16,1000472.0,1,False,0.16102697871065078,2.31,2000975.0
"Fixed 1000000, designed",8,2,79,"D 2,3 -> 4,11",79,True,0.0,1000477.0,1,False,0.12998218965087896,2.34,3001452.0
"Fixed 1000000, designed",8,3,76,"D 2,3 -> 4,5",76,True,0.0,1000495.0,1,False,0.1560411524745777,2.34,4001947.0
"Fixed 1000000, designed",8,4,1,S 0 -> 6,8,False,1.0,1000499.0,1,False,0.038065010303649234,2.31,5002446.0
"Fixed 1000000, designed",8,5,31,"D 0,1 -> 10,11",8,False,0.664045192431715,1000499.0,1,False,0.038065010303649234,2.26,6002945.0
"Fixed 1000000, designed",8,6,16,"D 0,1 -> 4,5",12,False,0.1455395712617683,1000500.0,1,False,0.03806334281270849,2.27,7003445.0
"Fixed 1000000, designed",8,7,36,"D 0,2 -> 6,10",8,False,1.0,1000495.0,1,False,0.03794423814459208,2.24,8003940.0
"Fixed 1000000, designed",8,8,0,S 0 -> 4,8,False,0.9575219562553743,1000495.0,1,False,0.03794423814459208,2.23,9004435.0
"Fixed 1000000, designed",8,9,55,"D 1,2 -> 4,7",12,False,1.0,1000494.0,1,False,0.03794397960716555,2.27,10004929.0
"Fixed 1000000, designed",8,10,71,"D 1,3 -> 5,9",12,False,1.0,1000494.0,1,False,0.03794397960716555,2.19,11005423.0
"Fixed 1000000, designed",8,11,67,"D 1,2 -> 8,11",12,False,1.0,1000494.0,1,False,0.03794397960716555,2.2,12005917.0
"Fixed 1000000, designed",8,12,58,"D 1,2 -> 5,6",12,False,1.0,1000494.0,1,False,0.03794397960716555,2.2,13006411.0
"Fixed 1000000, designed",8,13,39,"D 0,3 -> 4,7",12,False,1.0,1000494.0,1,False,0.03794397960716555,2.18,14006905.0
"Fixed 1000000, designed",8,14,3,S 0 -> 10,12,False,0.9557994018538083,1000494.0,1,False,0.03794397960716555,2.18,15007399.0
"Fixed 1000000, designed",8,15,40,"D 0,3 -> 4,9",12,False,1.0,1000494.0,1,False,0.03795190577737278,2.21,16007893.0
"Fixed 1000000, designed",9,0,91,"D 2,3 -> 10,11",91,True,0.0,1000503.0,1,False,0.24318730437372557,2.44,1000503.0
"Fixed 1000000, designed",9,1,82,"D 2,3 -> 5,10",79,True,2.220446049250313e-16,1000472.0,1,False,0.16102697871065078,2.32,2000975.0
"Fixed 1000000, designed",9,2,79,"D 2,3 -> 4,11",79,True,0.0,1000477.0,1,False,0.12998218965087896,2.35,3001452.0
"Fixed 1000000, designed",9,3,76,"D 2,3 -> 4,5",76,True,0.0,1000495.0,1,False,0.1560411524745777,2.36,4001947.0
"Fixed 1000000, designed",9,4,28,"D 0,1 -> 8,9",8,False,0.4860630872732127,1000499.0,1,False,0.038065010303649234,2.32,5002446.0
"Fixed 1000000, designed",9,5,8,S 2 -> 4,12,False,2.300241830344163e-08,1000499.0,1,False,0.03806531961054786,2.26,6002945.0
"Fixed 1000000, designed",9,6,36,"D 0,2 -> 6,10",15,False,1.0,1000475.0,1,False,0.033131950464121096,2.3,7003420.0
"Fixed 1000000, designed",9,7,31,"D 0,1 -> 10,11",15,False,0.6201900251668586,1000475.0,1,False,0.03313195033210958,2.24,8003895.0
"Fixed 1000000, designed",9,8,74,"D 1,3 -> 7,11",15,False,1.0,1000475.0,1,False,0.03315228852922092,2.29,9004370.0
"Fixed 1000000, designed",9,9,51,"D 0,3 -> 8,11",15,False,1.0,1000475.0,1,False,0.03315228852922092,2.27,10004845.0
"Fixed 1000000, designed",9,10,32,"D 0,2 -> 4,6",15,False,1.0,1000475.0,1,False,0.03315228852922092,2.34,11005320.0
"Fixed 1000000, designed",9,11,44,"D 0,3 -> 5,10",15,False,0.8247340146589879,1000475.0,1,False,0.03315228852922092,2.26,12005795.0
"Fixed 1000000, designed",9,12,72,"D 1,3 -> 5,11",15,False,0.9592357691867036,1000480.0,1,False,0.03316023647934091,2.27,13006275.0
"Fixed 1000000, designed",9,13,51,"D 0,3 -> 8,11",15,False,1.0,1000480.0,1,False,0.0331593397844171,2.24,14006755.0
"Fixed 1000000, designed",9,14,16,"D 0,1 -> 4,5",15,False,0.1789791311609884,1000480.0,1,False,0.0331593397844171,2.23,15007235.0
"Fixed 1000000, designed",9,15,74,"D 1,3 -> 7,11",15,False,1.0,1000488.0,1,False,0.03303547424889319,2.22,16007723.0
"Fixed 1000000, designed",10,0,91,"D 2,3 -> 10,11",91,True,0.0,1000503.0,1,False,0.24318730437372557,2.44,1000503.0
"Fixed 1000000, designed",10,1,79,"D 2,3 -> 4,11",79,True,0.0,1000472.0,1,False,0.16102697871065078,2.34,2000975.0
"Fixed 1000000, designed",10,2,82,"D 2,3 -> 5,10",82,True,0.0,1000487.0,1,False,0.12998218947189707,2.32,3001462.0
"Fixed 1000000, designed",10,3,76,"D 2,3 -> 4,5",76,True,0.0,1000495.0,1,False,0.15604115247457773,2.36,4001957.0
"Fixed 1000000, designed",10,4,31,"D 0,1 -> 10,11",12,False,0.6640451924317095,1000499.0,1,False,0.038065010303648644,2.33,5002456.0
"Fixed 1000000, designed",10,5,16,"D 0,1 -> 4,5",8,False,0.14553957126177697,1000500.0,1,False,0.03806334281270884,2.29,6002956.0
"Fixed 1000000, designed",10,6,42,"D 0,3 -> 5,6",12,False,1.0,1000495.0,1,False,0.037944238144592,2.29,7003451.0
"Fixed 1000000, designed",10,7,50,"D 0,3 -> 8,9",12,False,0.6707361531531988,1000495.0,1,False,0.03794423455291294,2.32,8003946.0
"Fixed 1000000, designed",10,8,8,S 2 -> 4,12,False,0.0015189084050419854,1000492.0,1,False,0.03799705814908341,2.3,9004438.0
"Fixed 1000000, designed",10,9,2,S 0 -> 8,15,False,1.0,1000485.0,1,False,0.03299891986693576,2.28,10004923.0
"Fixed 1000000, designed",10,10,48,"D 0,3 -> 7,8",15,False,1.0,1000485.0,1,False,0.03299891986693576,2.33,11005408.0
"Fixed 1000000, designed",10,11,46,"D 0,3 -> 6,9",15,False,1.0,1000485.0,1,False,0.03299891986693576,2.24,12005893.0
"Fixed 1000000, designed",10,12,18,"D 0,1 -> 4,9",15,False,1.0,1000485.0,1,False,0.03299891986693576,2.26,13006378.0
"Fixed 1000000, designed",10,13,49,"D 0,3 -> 7,10",15,False,1.0,1000485.0,1,False,0.03299891986693576,2.3,14006863.0
"Fixed 1000000, designed",10,14,86,"D 2,3 -> 7,8",15,False,1.0,1000485.0,1,False,0.03299891986693576,2.26,15007348.0
"Fixed 1000000, designed",10,15,7,S 1 -> 11,15,False,0.8636328076863014,1000485.0,1,False,0.03299891986693576,2.24,16007833.0
"Fixed 1000000, designed",11,0,91,"D 2,3 -> 10,11",91,True,0.0,1000503.0,1,False,0.24318730437372557,2.35,1000503.0
"Fixed 1000000, designed",11,1,79,"D 2,3 -> 4,11",79,True,0.0,1000472.0,1,False,0.16102697871065078,2.26,2000975.0
"Fixed 1000000, designed",11,2,82,"D 2,3 -> 5,10",82,True,0.0,1000487.0,1,False,0.12998218947189707,2.28,3001462.0
"Fixed 1000000, designed",11,3,76,"D 2,3 -> 4,5",76,True,0.0,1000495.0,1,False,0.15604115247457773,2.29,4001957.0
"Fixed 1000000, designed",11,4,66,"D 1,2 -> 8,9",12,False,0.671811392733587,1000499.0,1,False,0.038065010303648644,2.3,5002456.0
"Fixed 1000000, designed",11,5,12,S 3 -> 5,8,False,0.0015138732764958807,1000497.0,1,False,0.03811782518200867,2.29,6002953.0
"Fixed 1000000, designed",11,6,62,"D 1,2 -> 6,9",11,False,1.0,1000499.0,1,False,0.033105794986312095,2.26,7003452.0
"Fixed 1000000, designed",11,7,25,"D 0,1 -> 6,11",11,False,1.0,1000499.0,1,False,0.033105794986312095,2.27,8003951.0
"Fixed 1000000, designed",11,8,48,"D 0,3 -> 7,8",11,False,1.0,1000499.0,1,False,0.033105794986312095,2.29,9004450.0
"Fixed 1000000, designed",11,9,60,"D 1,2 -> 5,10",11,False,0.7782597987667523,1000499.0,1,False,0.033105794986312095,2.28,10004949.0
"Fixed 1000000, designed",11,10,34,"D 0,2 -> 4,10",11,False,0.9619718668732584,1000504.0,1,False,0.03311220133738657,2.3,11005453.0
"Fixed 1000000, designed",11,11,28,"D 0,1 -> 8,9",11,False,0.39498390094862534,1000502.0,1,False,0.03311133799255056,2.3,12005955.0
"Fixed 1000000, designed",11,12,27,"D 0,1 -> 7,10",11,False,1.0,1000501.0,1,False,0.03311031549852181,2.33,13006456.0
"Fixed 1000000, designed",11,13,46,"D 0,3 -> 6,9",11,False,1.0,1000501.0,1,False,0.03311031549852181,2.26,14006957.0
"Fixed 1000000, designed",11,14,66,"D 1,2 -> 8,9",11,False,0.9998401487632197,1000501.0,1,False,0.03311031549852181,2.24,15007458.0
"Fixed 1000000, designed",11,15,30,"D 0,1 -> 9,10",11,False,1.0,1000498.0,1,False,0.03312147947895992,2.22,16007956.0
"Fixed 1000000, designed",12,0,91,"D 2,3 -> 10,11",91,True,0.0,1000503.0,1,False,0.24318730437372557,2.22,1000503.0
"Fixed 1000000, designed",12,1,82,"D 2,3 -> 5,10",79,True,2.220446049250313e-16,1000472.0,1,False,0.16102697871065078,2.24,2000975.0
"Fixed 1000000, designed",12,2,79,"D 2,3 -> 4,11",79,True,0.0,1000477.0,1,False,0.12998218965087896,2.23,3001452.0
"Fixed 1000000, designed",12,3,76,"D 2,3 -> 4,5",76,True,0.0,1000495.0,1,False,0.1560411524745777,2.23,4001947.0
"Fixed 1000000, designed",12,4,50,"D 0,3 -> 8,9",8,False,0.6718113927335927,1000499.0,1,False,0.038065010303649234,2.24,5002446.0
"Fixed 1000000, designed",12,5,39,"D 0,3 -> 4,7",12,False,1.0,1000497.0,1,False,0.038117825182008264,2.23,6002943.0
"Fixed 1000000, designed",12,6,40,"D 0,3 -> 4,9",12,False,1.0,1000497.0,1,False,0.038117825182008264,2.26,7003440.0
"Fixed 1000000, designed",12,7,33,"D 0,2 -> 4,8",12,False,1.0,1000497.0,1,False,0.038117825182008264,2.29,8003937.0
"Fixed 1000000, designed",12,8,55,"D 1,2 -> 4,7",12,False,1.0,1000497.0,1,False,0.038117825182008264,2.22,9004434.0
"Fixed 1000000, designed",12,9,8,S 2 -> 4,12,False,0.001513873276477673,1000497.0,1,False,0.038117825182008264,2.2,10004931.0
"Fixed 1000000, designed",12,10,86,"D 2,3 -> 7,8",15,False,1.0,1000478.0,1,False,0.03310579482177517,2.17,11005409.0
"Fixed 1000000, designed",12,11,36,"D 0,2 -> 6,10",15,False,1.0,1000478.0,1,False,0.03310579482177517,2.17,12005887.0
"Fixed 1000000, designed",12,12,17,"D 0,1 -> 4,7",15,False,1.0,1000478.0,1,False,0.03310579482177517,2.21,13006365.0
"Fixed 1000000, designed",12,13,24,"D 0,1 -> 6,9",15,False,1.0,1000478.0,1,False,0.03310579482177517,2.26,14006843.0
"Fixed 1000000, designed",12,14,63,"D 1,2 -> 6,11",15,False,1.0,1000478.0,1,False,0.03310579482177517,2.27,15007321.0
"Fixed 1000000, designed",12,15,17,"D 0,1 -> 4,7",15,False,1.0,1000478.0,1,False,0.03310579482177517,2.24,16007799.0
"Fixed 1000000, designed",13,0,91,"D 2,3 -> 10,11",91,True,0.0,1000503.0,1,False,0.24318730437372557,2.29,1000503.0
"Fixed 1000000, designed",13,1,82,"D 2,3 -> 5,10",79,True,2.220446049250313e-16,1000472.0,1,False,0.16102697871065078,2.29,2000975.0
"Fixed 1000000, designed",13,2,79,"D 2,3 -> 4,11",79,True,0.0,1000477.0,1,False,0.12998218965087896,2.3,3001452.0
"Fixed 1000000, designed",13,3,76,"D 2,3 -> 4,5",76,True,0.0,1000495.0,1,False,0.1560411524745777,2.3,4001947.0
"Fixed 1000000, designed",13,4,24,"D 0,1 -> 6,9",8,False,1.0,1000499.0,1,False,0.038065010303649234,2.31,5002446.0
"Fixed 1000000, designed",13,5,69,"D 1,2 -> 10,11",8,False,0.8298973611035462,1000499.0,1,False,0.038065010303649234,2.28,6002945.0
"Fixed 1000000, designed",13,6,60,"D 1,2 -> 5,10",8,False,0.8164638118167066,1000499.0,1,False,0.0380836611493415,2.23,7003444.0
"Fixed 1000000, designed",13,7,42,"D 0,3 -> 5,6",8,False,1.0,1000498.0,1,False,0.03809270909792779,2.19,8003942.0
"Fixed 1000000, designed",13,8,74,"D 1,3 -> 7,11",8,False,1.0,1000498.0,1,False,0.038092709501890296,2.23,9004440.0
"Fixed 1000000, designed",13,9,57,"D 1,2 -> 4,11",8,False,0.8211206600312748,1000498.0,1,False,0.03809271007781807,2.18,10004938.0
"Fixed 1000000, designed",13,10,36,"D 0,2 -> 6,10",8,False,1.0,1000499.0,1,False,0.038141288882874505,2.18,11005437.0
"Fixed 1000000, designed",13,11,68,"D 1,2 -> 9,10",8,False,1.0,1000499.0,1,False,0.038141288882874505,2.27,12005936.0
"Fixed 1000000, designed",13,12,43,"D 0,3 -> 5,8",8,False,1.0,1000499.0,1,False,0.038141288882874505,2.27,13006435.0
"Fixed 1000000, designed",13,13,48,"D 0,3 -> 7,8",8,False,1.0,1000499.0,1,False,0.038141288882874505,2.23,14006934.0
"Fixed 1000000, designed",13,14,17,"D 0,1 -> 4,7",8,False,1.0,1000499.0,1,False,0.038141288882874505,2.24,15007433.0
"Fixed 1000000, designed",13,15,47,"D 0,3 -> 6,11",8,False,1.0,1000499.0,1,False,0.038141288882874505,2.23,16007932.0
"Fixed 1000000, designed",14,0,91,"D 2,3 -> 10,11",91,True,0.0,1000503.0,1,False,0.24318730437372557,2.18,1000503.0
"Fixed 1000000, designed",14,1,79,"D 2,3 -> 4,11",79,True,0.0,1000472.0,1,False,0.16102697871065078,2.21,2000975.0
"Fixed 1000000, designed",14,2,76,"D 2,3 -> 4,5",82,False,0.024066516365316204,1000487.0,1,False,0.12998218947189707,2.2,3001462.0
"Fixed 1000000, designed",14,3,82,"D 2,3 -> 5,10",82,True,0.0,1000512.0,1,False,0.15572199591416286,2.22,4001974.0
"Fixed 1000000, designed",14,4,28,"D 0,1 -> 8,9",12,False,0.48606328721181846,1000499.0,1,False,0.038065025112214046,2.2,5002473.0
"Fixed 1000000, designed",14,5,73,"D 1,3 -> 7,9",8,False,1.0,1000499.0,1,False,0.03806532169506669,2.19,6002972.0
"Fixed 1000000, designed",14,6,16,"D 0,1 -> 4,5",12,False,0.12899719150929068,1000499.0,1,False,0.038065331781183015,2.21,7003471.0
"Fixed 1000000, designed",14,7,18,"D 0,1 -> 4,9",12,False,1.0,1000494.0,1,False,0.03794658540610532,2.21,8003965.0
"Fixed 1000000, designed",14,8,24,"D 0,1 -> 6,9",12,False,1.0,1000494.0,1,False,0.03794658540610532,2.18,9004459.0
"Fixed 1000000, designed",14,9,43,"D 0,3 -> 5,8",12,False,1.0,1000494.0,1,False,0.03794658540610532,2.21,10004953.0
"Fixed 1000000, designed",14,10,43,"D 0,3 -> 5,8",12,False,1.0,1000494.0,1,False,0.03794658540610532,2.19,11005447.0
"Fixed 1000000, designed",14,11,72,"D 1,3 -> 5,11",12,False,0.9958147031267982,1000494.0,1,False,0.03794658540610532,2.18,12005941.0
"Fixed 1000000, designed",14,12,85,"D 2,3 -> 6,11",8,False,1.0,1000494.0,1,False,0.037946893327067986,2.25,13006435.0
"Fixed 1000000, designed",14,13,21,"D 0,1 -> 5,8",8,False,1.0,1000494.0,1,False,0.03794689331026394,2.28,14006929.0
"Fixed 1000000, designed",14,14,30,"D 0,1 -> 9,10",8,False,1.0,1000494.0,1,False,0.037946892953466496,2.24,15007423.0
"Fixed 1000000, designed",14,15,23,"D 0,1 -> 6,7",8,False,0.4918156184687179,1000494.0,1,False,0.03794689293202044,2.23,16007917.0
"Fixed 1000000, designed",15,0,91,"D 2,3 -> 10,11",91,True,0.0,1000503.0,1,False,0.24318730437372557,2.25,1000503.0
"Fixed 1000000, designed",15,1,79,"D 2,3 -> 4,11",79,True,0.0,1000472.0,1,False,0.16102697871065078,2.19,2000975.0
"Fixed 1000000, designed",15,2,76,"D 2,3 -> 4,5",82,False,0.024066516365316204,1000487.0,1,False,0.12998218947189707,2.19,3001462.0
"Fixed 1000000, designed",15,3,82,"D 2,3 -> 5,10",82,True,0.0,1000512.0,1,False,0.15572199591416286,2.19,4001974.0
"Fixed 1000000, designed",15,4,5,S 1 -> 7,12,False,1.0,1000499.0,1,False,0.038065025112214046,2.17,5002473.0
"Fixed 1000000, designed",15,5,50,"D 0,3 -> 8,9",12,False,0.6718115192894138,1000499.0,1,False,0.038065025112214046,2.21,6002972.0
"Fixed 1000000, designed",15,6,7,S 1 -> 11,12,False,0.9597670657036429,1000497.0,1,False,0.03811782587959038,2.21,7003469.0
"Fixed 1000000, designed",15,7,33,"D 0,2 -> 4,8",12,False,1.0,1000497.0,1,False,0.038122917274731404,2.16,8003966.0
"Fixed 1000000, designed",15,8,35,"D 0,2 -> 6,8",12,False,1.0,1000497.0,1,False,0.038122917274731404,2.18,9004463.0
"Fixed 1000000, designed",15,9,59,"D 1,2 -> 5,8",12,False,1.0,1000497.0,1,False,0.038122917274731404,2.15,10004960.0
"Fixed 1000000, designed",15,10,67,"D 1,2 -> 8,11",12,False,1.0,1000497.0,1,False,0.038122917274731404,2.19,11005457.0
"Fixed 1000000, designed",15,11,61,"D 1,2 -> 6,7",12,False,0.6720744704021958,1000497.0,1,False,0.038122917274731404,2.21,12005954.0
"Fixed 1000000, designed",15,12,69,"D 1,2 -> 10,11",8,False,0.8347876773301457,1000498.0,1,False,0.03812044699111067,2.19,13006452.0
"Fixed 1000000, designed",15,13,66,"D 1,2 -> 8,9",8,False,0.6771741445625137,1000498.0,1,False,0.03813717259033567,2.17,14006950.0
"Fixed 1000000, designed",15,14,63,"D 1,2 -> 6,11",8,False,1.0,1000497.0,1,False,0.038188816276164245,2.14,15007447.0
"Fixed 1000000, designed",15,15,43,"D 0,3 -> 5,8",8,False,1.0,1000497.0,1,False,0.038188816276164245,2.11,16007944.0
"Fixed 1000000, designed",16,0,91,"D 2,3 -> 10,11",91,True,0.0,1000503.0,1,False,0.24318730437372557,2.18,1000503.0
"Fixed 1000000, designed",16,1,82,"D 2,3 -> 5,10",79,True,2.220446049250313e-16,1000472.0,1,False,0.16102697871065078,2.2,2000975.0
"Fixed 1000000, designed",16,2,76,"D 2,3 -> 4,5",79,False,0.024066513654290578,1000477.0,1,False,0.12998218965087896,2.24,3001452.0
"Fixed 1000000, designed",16,3,79,"D 2,3 -> 4,11",79,True,0.0,1000488.0,1,False,0.15572199872464462,2.22,4001940.0
"Fixed 1000000, designed",16,4,28,"D 0,1 -> 8,9",8,False,0.4860632105726168,1000499.0,1,False,0.03806501943588732,2.24,5002439.0
"Fixed 1000000, designed",16,5,12,S 3 -> 5,12,True,0.0,1000499.0,1,False,0.038065329853583366,2.25,6002938.0
"Fixed 1000000, designed",16,6,49,"D 0,3 -> 7,10",11,False,1.0,1000499.0,1,False,0.03313194990669761,2.2,7003437.0
"Fixed 1000000, designed",16,7,29,"D 0,1 -> 8,11",11,False,1.0,1000499.0,1,False,0.03313194990669761,2.2,8003936.0
"Fixed 1000000, designed",16,8,36,"D 0,2 -> 6,10",11,False,1.0,1000499.0,1,False,0.03313194990669761,2.21,9004435.0
"Fixed 1000000, designed",16,9,73,"D 1,3 -> 7,9",11,False,1.0,1000499.0,1,False,0.03313194990669761,2.18,10004934.0
"Fixed 1000000, designed",16,10,25,"D 0,1 -> 6,11",11,False,1.0,1000499.0,1,False,0.03313194990669761,2.2,11005433.0
"Fixed 1000000, designed",16,11,6,S 1 -> 9,11,False,1.0,1000499.0,1,False,0.03313194990669761,2.21,12005932.0
"Fixed 1000000, designed",16,12,1,S 0 -> 6,11,False,1.0,1000499.0,1,False,0.03313194990669761,2.26,13006431.0
"Fixed 1000000, designed",16,13,61,"D 1,2 -> 6,7",11,False,0.6298379713295714,1000499.0,1,False,0.03313194990669761,2.23,14006930.0
"Fixed 1000000, designed",16,14,22,"D 0,1 -> 5,10",11,False,0.844611772804226,1000498.0,1,False,0.03310578926565374,2.22,15007428.0
"Fixed 1000000, designed",16,15,47,"D 0,3 -> 6,11",11,False,1.0,1000499.0,1,False,0.03310492312568992,2.22,16007927.0
"Fixed 1000000, designed",17,0,91,"D 2,3 -> 10,11",91,True,0.0,1000503.0,1,False,0.24318730437372557,2.2,1000503.0
"Fixed 1000000, designed",17,1,82,"D 2,3 -> 5,10",79,True,2.220446049250313e-16,1000472.0,1,False,0.16102697871065078,2.19,2000975.0
"Fixed 1000000, designed",17,2,76,"D 2,3 -> 4,5",79,False,0.024066513654290578,1000477.0,1,False,0.12998218965087896,2.19,3001452.0
"Fixed 1000000, designed",17,3,79,"D 2,3 -> 4,11",79,True,0.0,1000488.0,1,False,0.15572199872464462,2.18,4001940.0
"Fixed 1000000, designed",17,4,75,"D 1,3 -> 9,11",8,False,1.0,1000499.0,1,False,0.03806501943588732,2.19,5002439.0
"Fixed 1000000, designed",17,5,1,S 0 -> 6,8,False,1.0,1000499.0,1,False,0.03806501271233194,2.2,6002938.0
"Fixed 1000000, designed",17,6,17,"D 0,1 -> 4,7",8,False,1.0,1000499.0,1,False,0.03806501124409043,2.2,7003437.0
"Fixed 1000000, designed",17,7,28,"D 0,1 -> 8,9",8,False,0.48606309620858057,1000499.0,1,False,0.03806501096545199,2.22,8003936.0
"Fixed 1000000, designed",17,8,57,"D 1,2 -> 4,11",12,False,0.8216772689544329,1000499.0,1,False,0.03806532998988536,2.2,9004435.0
"Fixed 1000000, designed",17,9,6,S 1 -> 9,8,False,1.0,1000500.0,1,False,0.03811282095157721,2.2,10004935.0
"Fixed 1000000, designed",17,10,28,"D 0,1 -> 8,9",8,False,0.9998466200564049,1000500.0,1,False,0.03811282323620952,2.2,11005435.0
"Fixed 1000000, designed",17,11,61,"D 1,2 -> 6,7",12,False,0.6716348987865957,1000498.0,1,False,0.0381083021676694,2.3,12005933.0
"Fixed 1000000, designed",17,12,1,S 0 -> 6,8,False,1.0,1000496.0,1,False,0.038160783051825665,2.33,13006429.0
"Fixed 1000000, designed",17,13,21,"D 0,1 -> 5,8",8,False,1.0,1000496.0,1,False,0.038160783752660916,2.28,14006925.0
"Fixed 1000000, designed",17,14,69,"D 1,2 -> 10,11",8,False,0.826673821140123,1000496.0,1,False,0.03816078483024837,2.32,15007421.0
"Fixed 1000000, designed",17,15,26,"D 0,1 -> 7,8",8,False,1.0,1000494.0,1,False,0.03818177774335566,2.29,16007915.0
"Fixed 1000000, designed",18,0,91,"D 2,3 -> 10,11",91,True,0.0,1000503.0,1,False,0.24318730437372557,2.24,1000503.0
"Fixed 1000000, designed",18,1,79,"D 2,3 -> 4,11",79,True,0.0,1000472.0,1,False,0.16102697871065078,2.23,2000975.0
"Fixed 1000000, designed",18,2,82,"D 2,3 -> 5,10",82,True,0.0,1000487.0,1,False,0.12998218947189707,2.22,3001462.0
"Fixed 1000000, designed",18,3,76,"D 2,3 -> 4,5",76,True,0.0,1000495.0,1,False,0.15604115247457773,2.23,4001957.0
"Fixed 1000000, designed",18,4,58,"D 1,2 -> 5,6",12,False,1.0,1000499.0,1,False,0.038065010303648644,2.25,5002456.0
"Fixed 1000000, designed",18,5,61,"D 1,2 -> 6,7",12,False,0.6718113927335867,1000499.0,1,False,0.038065010303648644,2.26,6002955.0
"Fixed 1000000, designed",18,6,52,"D 0,3 -> 9,10",8,False,1.0,1000495.0,1,False,0.03811782427338944,2.28,7003450.0
"Fixed 1000000, designed",18,7,74,"D 1,3 -> 7,11",8,False,1.0,1000495.0,1,False,0.038117825092459735,2.23,8003945.0
"Fixed 1000000, designed",18,8,44,"D 0,3 -> 5,10",8,False,0.8215838028157102,1000495.0,1,False,0.038117825092459735,2.23,9004440.0
"Fixed 1000000, designed",18,9,72,"D 1,3 -> 5,11",12,False,0.9943908996992241,1000495.0,1,False,0.03810772460421532,2.17,10004935.0
"Fixed 1000000, designed",18,10,55,"D 1,2 -> 4,7",12,False,1.0,1000495.0,1,False,0.038106755853294046,2.15,11005430.0
"Fixed 1000000, designed",18,11,67,"D 1,2 -> 8,11",12,False,1.0,1000495.0,1,False,0.038106755853294046,2.18,12005925.0
"Fixed 1000000, designed",18,12,60,"D 1,2 -> 5,10",12,False,0.8171421669164707,1000495.0,1,False,0.038106755853294046,2.23,13006420.0
"Fixed 1000000, designed",18,13,58,"D 1,2 -> 5,6",12,False,1.0,1000497.0,1,False,0.03811612631949742,2.22,14006917.0
"Fixed 1000000, designed",18,14,19,"D 0,1 -> 4,11",12,False,0.9326796550052899,1000497.0,1,False,0.03811612631949742,2.21,15007414.0
"Fixed 1000000, designed",18,15,3,S 0 -> 10,8,False,0.9512600391945782,1000496.0,1,False,0.03811955831232509,2.17,16007910.0
"Fixed 1000000, designed",19,0,91,"D 2,3 -> 10,11",91,True,0.0,1000503.0,1,False,0.24318730437372557,2.21,1000503.0
"Fixed 1000000, designed",19,1,82,"D 2,3 -> 5,10",79,True,2.220446049250313e-16,1000472.0,1,False,0.16102697871065078,2.22,2000975.0
"Fixed 1000000, designed",19,2,76,"D 2,3 -> 4,5",79,False,0.024066513654290578,1000477.0,1,False,0.12998218965087896,2.22,3001452.0
"Fixed 1000000, designed",19,3,79,"D 2,3 -> 4,11",79,True,0.0,1000488.0,1,False,0.15572199872464462,2.21,4001940.0
"Fixed 1000000, designed",19,4,5,S 1 -> 7,8,False,1.0,1000499.0,1,False,0.03806501943588732,2.23,5002439.0
"Fixed 1000000, designed",19,5,32,"D 0,2 -> 4,6",8,False,1.0,1000499.0,1,False,0.03806501271233194,2.25,6002938.0
"Fixed 1000000, designed",19,6,50,"D 0,3 -> 8,9",8,False,0.6718114017073848,1000499.0,1,False,0.03806501124409043,2.24,7003437.0
"Fixed 1000000, designed",19,7,60,"D 1,2 -> 5,10",12,False,0.8167056031010856,1000497.0,1,False,0.038117822507435416,2.26,8003934.0
"Fixed 1000000, designed",19,8,55,"D 1,2 -> 4,7",12,False,1.0,1000497.0,1,False,0.038126001944715014,2.24,9004431.0
"Fixed 1000000, designed",19,9,67,"D 1,2 -> 8,11",12,False,1.0,1000497.0,1,False,0.03812599960882948,2.26,10004928.0
"Fixed 1000000, designed",19,10,68,"D 1,2 -> 9,10",12,False,1.0,1000497.0,1,False,0.03812599960882948,2.28,11005425.0
"Fixed 1000000, designed",19,11,0,S 0 -> 4,12,False,0.9775280959589978,1000497.0,1,False,0.03812599960882948,2.3,12005922.0
"Fixed 1000000, designed",19,12,38,"D 0,3 -> 4,5",12,False,0.9200190167149724,1000497.0,1,False,0.03812627705671128,2.23,13006419.0
"Fixed 1000000, designed",19,13,21,"D 0,1 -> 5,8",12,False,1.0,1000495.0,1,False,0.0381189697311097,2.28,14006914.0
"Fixed 1000000, designed",19,14,19,"D 0,1 -> 4,11",12,False,0.9328553589904713,1000495.0,1,False,0.0381189697311097,2.29,15007409.0
"Fixed 1000000, designed",19,15,16,"D 0,1 -> 4,5",12,False,0.13246367635736744,1000496.0,1,False,0.038120405639369484,2.26,16007905.0
"Fixed 1000000, designed",20,0,91,"D 2,3 -> 10,11",91,True,0.0,1000503.0,1,False,0.24318730437372557,2.26,1000503.0
"Fixed 1000000, designed",20,1,79,"D 2,3 -> 4,11",79,True,0.0,1000472.0,1,False,0.16102697871065078,2.27,2000975.0
"Fixed 1000000, designed",20,2,76,"D 2,3 -> 4,5",82,False,0.024066516365316204,1000487.0,1,False,0.12998218947189707,2.24,3001462.0
"Fixed 1000000, designed",20,3,82,"D 2,3 -> 5,10",82,True,0.0,1000512.0,1,False,0.15572199591416286,2.27,4001974.0
"Fixed 1000000, designed",20,4,16,"D 0,1 -> 4,5",12,False,0.12598115105696928,1000499.0,1,False,0.038065025112214046,2.28,5002473.0
"Fixed 1000000, designed",20,5,85,"D 2,3 -> 6,11",12,False,1.0,1000495.0,1,False,0.03794550904773174,2.25,6002968.0
"Fixed 1000000, designed",20,6,44,"D 0,3 -> 5,10",12,False,0.8214820768361942,1000495.0,1,False,0.03794550904773174,2.23,7003463.0
"Fixed 1000000, designed",20,7,74,"D 1,3 -> 7,11",12,False,1.0,1000495.0,1,False,0.03799300560048507,2.24,8003958.0
"Fixed 1000000, designed",20,8,32,"D 0,2 -> 4,6",12,False,1.0,1000495.0,1,False,0.037993005703846894,2.23,9004453.0
"Fixed 1000000, designed",20,9,3,S 0 -> 10,12,False,0.9536215493948148,1000495.0,1,False,0.037993005703846894,2.18,10004948.0
"Fixed 1000000, designed",20,10,36,"D 0,2 -> 6,10",12,False,1.0,1000496.0,1,False,0.03800195761912508,2.19,11005444.0
"Fixed 1000000, designed",20,11,72,"D 1,3 -> 5,11",12,False,0.9951236058121132,1000496.0,1,False,0.03800195792344943,2.23,12005940.0
"Fixed 1000000, designed",20,12,20,"D 0,1 -> 5,6",12,False,1.0,1000496.0,1,False,0.03800109811940407,2.23,13006436.0
"Fixed 1000000, designed",20,13,49,"D 0,3 -> 7,10",12,False,1.0,1000496.0,1,False,0.03800109811940407,2.17,14006932.0
"Fixed 1000000, designed",20,14,65,"D 1,2 -> 7,10",12,False,1.0,1000496.0,1,False,0.03800109811940407,2.18,15007428.0
"Fixed 1000000, designed",20,15,37,"D 0,2 -> 8,10",12,False,1.0,1000496.0,1,False,0.03800109811940407,2.18,16007924.0
"Fixed 1000000, designed",21,0,91,"D 2,3 -> 10,11",91,True,0.0,1000503.0,1,False,0.24318730437372557,2.31,1000503.0
"Fixed 1000000, designed",21,1,79,"D 2,3 -> 4,11",79,True,0.0,1000472.0,1,False,0.16102697871065078,2.39,2000975.0
"Fixed 1000000, designed",21,2,82,"D 2,3 -> 5,10",82,True,0.0,1000487.0,1,False,0.12998218947189707,2.37,3001462.0
"Fixed 1000000, designed",21,3,76,"D 2,3 -> 4,5",76,True,0.0,1000495.0,1,False,0.15604115247457773,2.37,4001957.0
"Fixed 1000000, designed",21,4,1,S 0 -> 6,12,False,1.0,1000499.0,1,False,0.038065010303648644,2.29,5002456.0
"Fixed 1000000, designed",21,5,39,"D 0,3 -> 4,7",12,False,1.0,1000499.0,1,False,0.038065010303648644,2.27,6002955.0
"Fixed 1000000, designed",21,6,31,"D 0,1 -> 10,11",12,False,0.6640451924317095,1000499.0,1,False,0.038065010303648644,2.27,7003454.0
"Fixed 1000000, designed",21,7,17,"D 0,1 -> 4,7",8,False,1.0,1000500.0,1,False,0.03806334281270884,2.27,8003954.0
"Fixed 1000000, designed",21,8,46,"D 0,3 -> 6,9",8,False,1.0,1000500.0,1,False,0.03806334281270884,2.24,9004454.0
"Fixed 1000000, designed",21,9,72,"D 1,3 -> 5,11",8,False,0.9949143154728728,1000500.0,1,False,0.03806334281270884,2.23,10004954.0
"Fixed 1000000, designed",21,10,28,"D 0,1 -> 8,9",8,False,0.4867633107750159,1000500.0,1,False,0.03806370362745341,2.24,11005454.0
"Fixed 1000000, designed",21,11,3,S 0 -> 10,8,False,0.9565961073213085,1000499.0,1,False,0.03806404093099544,2.25,12005953.0
"Fixed 1000000, designed",21,12,20,"D 0,1 -> 5,6",12,False,1.0,1000498.0,1,False,0.038070420605690304,2.26,13006451.0
"Fixed 1000000, designed",21,13,16,"D 0,1 -> 4,5",12,False,0.14889006873619148,1000498.0,1,False,0.038070420605690304,2.27,14006949.0
"Fixed 1000000, designed",21,14,24,"D 0,1 -> 6,9",12,False,1.0,1000495.0,1,False,0.03795189599205603,2.24,15007444.0
"Fixed 1000000, designed",21,15,85,"D 2,3 -> 6,11",12,False,1.0,1000495.0,1,False,0.03795189599205603,2.16,16007939.0
"Fixed 1000000, designed",22,0,91,"D 2,3 -> 10,11",91,True,0.0,1000503.0,1,False,0.24318730437372557,2.23,1000503.0
"Fixed 1000000, designed",22,1,79,"D 2,3 -> 4,11",79,True,0.0,1000472.0,1,False,0.16102697871065078,2.22,2000975.0
"Fixed 1000000, designed",22,2,76,"D 2,3 -> 4,5",82,False,0.024066516365316204,1000487.0,1,False,0.12998218947189707,2.23,3001462.0
"Fixed 1000000, designed",22,3,82,"D 2,3 -> 5,10",82,True,0.0,1000512.0,1,False,0.15572199591416286,2.22,4001974.0
"Fixed 1000000, designed",22,4,42,"D 0,3 -> 5,6",12,False,1.0,1000499.0,1,False,0.038065025112214046,2.24,5002473.0
"Fixed 1000000, designed",22,5,74,"D 1,3 -> 7,11",12,False,1.0,1000499.0,1,False,0.038065025112214046,2.23,6002972.0
"Fixed 1000000, designed",22,6,44,"D 0,3 -> 5,10",12,False,0.8216722939754297,1000499.0,1,False,0.038065025112214046,2.27,7003471.0
"Fixed 1000000, designed",22,7,31,"D 0,1 -> 10,11",12,False,0.6648516541716465,1000499.0,1,False,0.03811252644530548,2.24,8003970.0
"Fixed 1000000, designed",22,8,33,"D 0,2 -> 4,8",12,False,1.0,1000499.0,1,False,0.03811074063935373,2.2,9004469.0
"Fixed 1000000, designed",22,9,70,"D 1,3 -> 5,7",12,False,1.0,1000499.0,1,False,0.03811074063935373,2.19,10004968.0
"Fixed 1000000, designed",22,10,74,"D 1,3 -> 7,11",12,False,1.0,1000499.0,1,False,0.03811074063935373,2.17,11005467.0
"Fixed 1000000, designed",22,11,26,"D 0,1 -> 7,8",12,False,1.0,1000499.0,1,False,0.03811074063935373,2.24,12005966.0
"Fixed 1000000, designed",22,12,23,"D 0,1 -> 6,7",12,False,0.48724748516664484,1000499.0,1,False,0.03811074063935373,2.26,13006465.0
"Fixed 1000000, designed",22,13,68,"D 1,2 -> 9,10",12,False,1.0,1000499.0,1,False,0.03811112151563991,2.21,14006964.0
"Fixed 1000000, designed",22,14,68,"D 1,2 -> 9,10",12,False,1.0,1000499.0,1,False,0.03811112151563991,2.22,15007463.0
"Fixed 1000000, designed",22,15,4,S 1 -> 5,12,False,0.9781067963546896,1000499.0,1,False,0.03811112151563991,2.18,16007962.0
"Fixed 1000000, designed",23,0,91,"D 2,3 -> 10,11",91,True,0.0,1000503.0,1,False,0.24318730437372557,2.12,1000503.0
"Fixed 1000000, designed",23,1,79,"D 2,3 -> 4,11",79,True,0.0,1000472.0,1,False,0.16102697871065078,2.11,2000975.0
"Fixed 1000000, designed",23,2,82,"D 2,3 -> 5,10",82,True,0.0,1000487.0,1,False,0.12998218947189707,2.13,3001462.0
"Fixed 1000000, designed",23,3,76,"D 2,3 -> 4,5",76,True,0.0,1000495.0,1,False,0.15604115247457773,2.13,4001957.0
"Fixed 1000000, designed",23,4,49,"D 0,3 -> 7,10",12,False,1.0,1000499.0,1,False,0.038065010303648644,2.13,5002456.0
"Fixed 1000000, designed",23,5,28,"D 0,1 -> 8,9",12,False,0.48606308727320346,1000499.0,1,False,0.038065010303648644,2.15,6002955.0
"Fixed 1000000, designed",23,6,24,"D 0,1 -> 6,9",8,False,1.0,1000499.0,1,False,0.038065329746546625,2.2,7003454.0
"Fixed 1000000, designed",23,7,50,"D 0,3 -> 8,9",8,False,0.6651463488301681,1000499.0,1,False,0.038065329746546625,2.22,8003953.0
"Fixed 1000000, designed",23,8,74,"D 1,3 -> 7,11",12,False,1.0,1000497.0,1,False,0.03812045758015095,2.18,9004450.0
"Fixed 1000000, designed",23,9,65,"D 1,2 -> 7,10",12,False,1.0,1000497.0,1,False,0.03812045742521734,2.15,10004947.0
"Fixed 1000000, designed",23,10,3,S 0 -> 10,12,False,0.957270206377993,1000497.0,1,False,0.03812045742521734,2.1,11005444.0
"Fixed 1000000, designed",23,11,16,"D 0,1 -> 4,5",12,False,0.13066470462576496,1000496.0,1,False,0.038128053641830015,2.15,12005940.0
"Fixed 1000000, designed",23,12,16,"D 0,1 -> 4,5",12,False,0.9999999999749204,1000494.0,1,False,0.038009072440003656,2.16,13006434.0
"Fixed 1000000, designed",23,13,62,"D 1,2 -> 6,9",12,False,1.0,1000494.0,1,False,0.038009072440003656,2.19,14006928.0
"Fixed 1000000, designed",23,14,53,"D 0,3 -> 10,11",12,False,0.8339543990597845,1000494.0,1,False,0.038009072440003656,2.21,15007422.0
"Fixed 1000000, designed",23,15,46,"D 0,3 -> 6,9",12,False,1.0,1000493.0,1,False,0.038025793823570894,2.19,16007915.0
"Fixed 1000000, designed",24,0,91,"D 2,3 -> 10,11",91,True,0.0,1000503.0,1,False,0.24318730437372557,2.2,1000503.0
"Fixed 1000000, designed",24,1,79,"D 2,3 -> 4,11",79,True,0.0,1000472.0,1,False,0.16102697871065078,2.23,2000975.0
"Fixed 1000000, designed",24,2,76,"D 2,3 -> 4,5",82,False,0.024066516365316204,1000487.0,1,False,0.12998218947189707,2.21,3001462.0
"Fixed 1000000, designed",24,3,82,"D 2,3 -> 5,10",82,True,0.0,1000512.0,1,False,0.15572199591416286,2.21,4001974.0
"Fixed 1000000, designed",24,4,25,"D 0,1 -> 6,11",12,False,1.0,1000499.0,1,False,0.038065025112214046,2.18,5002473.0
"Fixed 1000000, designed",24,5,20,"D 0,1 -> 5,6",12,False,1.0,1000499.0,1,False,0.038065025112214046,2.24,6002972.0
"Fixed 1000000, designed",24,6,56,"D 1,2 -> 4,9",12,False,1.0,1000499.0,1,False,0.038065025112214046,2.19,7003471.0
"Fixed 1000000, designed",24,7,66,"D 1,2 -> 8,9",12,False,0.6718115192894138,1000499.0,1,False,0.038065025112214046,2.18,8003970.0
"Fixed 1000000, designed",24,8,50,"D 0,3 -> 8,9",8,False,0.6737344303289485,1000497.0,1,False,0.03811782424202019,2.22,9004467.0
"Fixed 1000000, designed",24,9,42,"D 0,3 -> 5,6",12,False,1.0,1000496.0,1,False,0.03811251719370724,2.16,10004963.0
"Fixed 1000000, designed",24,10,51,"D 0,3 -> 8,11",12,False,1.0,1000496.0,1,False,0.03811251719370724,2.3,11005459.0
"Fixed 1000000, designed",24,11,6,S 1 -> 9,12,False,1.0,1000496.0,1,False,0.03811251719370724,2.27,12005955.0
"Fixed 1000000, designed",24,12,59,"D 1,2 -> 5,8",12,False,1.0,1000496.0,1,False,0.03811251719370724,2.12,13006451.0
"Fixed 1000000, designed",24,13,74,"D 1,3 -> 7,11",12,False,1.0,1000496.0,1,False,0.03811251719370724,2.12,14006947.0
"Fixed 1000000, designed",24,14,26,"D 0,1 -> 7,8",12,False,1.0,1000496.0,1,False,0.03811251719370724,2.13,15007443.0
"Fixed 1000000, designed",24,15,5,S 1 -> 7,12,False,1.0,1000496.0,1,False,0.03811251719370724,2.13,16007939.0
"Fixed 1000000, designed",25,0,91,"D 2,3 -> 10,11",91,True,0.0,1000503.0,1,False,0.24318730437372557,2.16,1000503.0
"Fixed 1000000, designed",25,1,82,"D 2,3 -> 5,10",79,True,2.220446049250313e-16,1000472.0,1,False,0.16102697871065078,2.18,2000975.0
"Fixed 1000000, designed",25,2,79,"D 2,3 -> 4,11",79,True,0.0,1000477.0,1,False,0.12998218965087896,2.16,3001452.0
"Fixed 1000000, designed",25,3,76,"D 2,3 -> 4,5",76,True,0.0,1000495.0,1,False,0.1560411524745777,2.18,4001947.0
"Fixed 1000000, designed",25,4,2,S 0 -> 8,8,False,1.0,1000499.0,1,False,0.038065010303649234,2.23,5002446.0
"Fixed 1000000, designed",25,5,2,S 0 -> 8,8,False,1.0,1000499.0,1,False,0.038065010303649234,2.17,6002945.0
"Fixed 1000000, designed",25,6,16,"D 0,1 -> 4,5",8,False,0.12598077480875025,1000499.0,1,False,0.038065010303649234,2.17,7003444.0
"Fixed 1000000, designed",25,7,61,"D 1,2 -> 6,7",8,False,0.6707516868485038,1000495.0,1,False,0.03794550734818707,2.18,8003939.0
"Fixed 1000000, designed",25,8,52,"D 0,3 -> 9,10",8,False,1.0,1000493.0,1,False,0.037998331577334184,2.14,9004432.0
"Fixed 1000000, designed",25,9,19,"D 0,1 -> 4,11",8,False,0.9725117909450299,1000493.0,1,False,0.03799833130000624,2.18,10004925.0
"Fixed 1000000, designed",25,10,12,S 3 -> 5,8,False,0.0015642622990257316,1000493.0,1,False,0.03800076178703585,2.18,11005418.0
"Fixed 1000000, designed",25,11,35,"D 0,2 -> 6,8",11,False,1.0,1000499.0,1,False,0.03298049476618498,2.16,12005917.0
"Fixed 1000000, designed",25,12,50,"D 0,3 -> 8,9",11,False,0.5813722757581075,1000499.0,1,False,0.03298049476618498,2.17,13006416.0
"Fixed 1000000, designed",25,13,50,"D 0,3 -> 8,9",11,False,0.9999999999615343,1000498.0,1,False,0.03302262043740811,2.18,14006914.0
"Fixed 1000000, designed",25,14,36,"D 0,2 -> 6,10",11,False,1.0,1000498.0,1,False,0.03302262043740811,2.19,15007412.0
"Fixed 1000000, designed",25,15,39,"D 0,3 -> 4,7",11,False,1.0,1000498.0,1,False,0.03302262043740811,2.23,16007910.0
"Fixed 1000000, designed",26,0,91,"D 2,3 -> 10,11",91,True,0.0,1000503.0,1,False,0.24318730437372557,2.18,1000503.0
"Fixed 1000000, designed",26,1,82,"D 2,3 -> 5,10",79,True,2.220446049250313e-16,1000472.0,1,False,0.16102697871065078,2.19,2000975.0
"Fixed 1000000, designed",26,2,79,"D 2,3 -> 4,11",79,True,0.0,1000477.0,1,False,0.12998218965087896,2.19,3001452.0
"Fixed 1000000, designed",26,3,76,"D 2,3 -> 4,5",76,True,0.0,1000495.0,1,False,0.1560411524745777,2.17,4001947.0
"Fixed 1000000, designed",26,4,36,"D 0,2 -> 6,10",8,False,1.0,1000499.0,1,False,0.038065010303649234,2.17,5002446.0
"Fixed 1000000, designed",26,5,72,"D 1,3 -> 5,11",8,False,0.995119710064306,1000499.0,1,False,0.038065010303649234,2.16,6002945.0
"Fixed 1000000, designed",26,6,73,"D 1,3 -> 7,9",8,False,1.0,1000499.0,1,False,0.03806536876938885,2.14,7003444.0
"Fixed 1000000, designed",26,7,4,S 1 -> 5,8,False,0.9804864280770288,1000499.0,1,False,0.03806536886803726,2.14,8003943.0
"Fixed 1000000, designed",26,8,42,"D 0,3 -> 5,6",8,False,1.0,1000499.0,1,False,0.03806556151461756,2.13,9004442.0
"Fixed 1000000, designed",26,9,36,"D 0,2 -> 6,10",8,False,1.0,1000499.0,1,False,0.03806556151461756,2.15,10004941.0
"Fixed 1000000, designed",26,10,60,"D 1,2 -> 5,10",8,False,0.816350979797154,1000499.0,1,False,0.03806556151461756,2.12,11005440.0
"Fixed 1000000, designed",26,11,66,"D 1,2 -> 8,9",8,False,0.671072986805553,1000497.0,1,False,0.03807385382107379,2.11,12005937.0
"Fixed 1000000, designed",26,12,38,"D 0,3 -> 4,5",8,False,0.925696363743358,1000494.0,1,False,0.03812694055110416,2.09,13006431.0
"Fixed 1000000, designed",26,13,61,"D 1,2 -> 6,7",8,False,0.6737945944437893,1000497.0,1,False,0.03812829805158997,2.11,14006928.0
"Fixed 1000000, designed",26,14,59,"D 1,2 -> 5,8",8,False,1.0,1000495.0,1,False,0.03818068685644501,2.14,15007423.0
"Fixed 1000000, designed",26,15,50,"D 0,3 -> 8,9",8,False,0.6726953006218511,1000495.0,1,False,0.0381806869628523,2.19,16007918.0
"Fixed 1000000, designed",27,0,91,"D 2,3 -> 10,11",91,True,0.0,1000503.0,1,False,0.24318730437372557,2.1,1000503.0
"Fixed 1000000, designed",27,1,79,"D 2,3 -> 4,11",79,True,0.0,1000472.0,1,False,0.16102697871065078,2.1,2000975.0
"Fixed 1000000, designed",27,2,82,"D 2,3 -> 5,10",82,True,0.0,1000487.0,1,False,0.12998218947189707,2.09,3001462.0
"Fixed 1000000, designed",27,3,76,"D 2,3 -> 4,5",76,True,0.0,1000495.0,1,False,0.15604115247457773,2.16,4001957.0
"Fixed 1000000, designed",27,4,6,S 1 -> 9,12,False,1.0,1000499.0,1,False,0.038065010303648644,2.14,5002456.0
"Fixed 1000000, designed",27,5,6,S 1 -> 9,12,False,1.0,1000499.0,1,False,0.038065010303648644,2.13,6002955.0
"Fixed 1000000, designed",27,6,25,"D 0,1 -> 6,11",12,False,1.0,1000499.0,1,False,0.038065010303648644,2.15,7003454.0
"Fixed 1000000, designed",27,7,37,"D 0,2 -> 8,10",12,False,1.0,1000499.0,1,False,0.038065010303648644,2.09,8003953.0
"Fixed 1000000, designed",27,8,75,"D 1,3 -> 9,11",12,False,1.0,1000499.0,1,False,0.038065010303648644,2.11,9004452.0
"Fixed 1000000, designed",27,9,51,"D 0,3 -> 8,11",12,False,1.0,1000499.0,1,False,0.038065010303648644,2.13,10004951.0
"Fixed 1000000, designed",27,10,12,S 3 -> 5,12,True,0.0,1000499.0,1,False,0.038065010303648644,2.16,11005450.0
"Fixed 1000000, designed",27,11,24,"D 0,1 -> 6,9",11,False,1.0,1000499.0,1,False,0.03313194410308478,2.17,12005949.0
"Fixed 1000000, designed",27,12,20,"D 0,1 -> 5,6",11,False,1.0,1000499.0,1,False,0.03313194410308478,2.14,13006448.0
"Fixed 1000000, designed",27,13,73,"D 1,3 -> 7,9",11,False,1.0,1000499.0,1,False,0.03313194410308478,2.12,14006947.0
"Fixed 1000000, designed",27,14,16,"D 0,1 -> 4,5",11,False,0.15073335172190483,1000499.0,1,False,0.03313194410308478,2.14,15007446.0
"Fixed 1000000, designed",27,15,48,"D 0,3 -> 7,8",11,False,1.0,1000499.0,1,False,0.03300845941356291,2.15,16007945.0
"Fixed 1000000, designed",28,0,91,"D 2,3 -> 10,11",91,True,0.0,1000503.0,1,False,0.24318730437372557,2.21,1000503.0
"Fixed 1000000, designed",28,1,79,"D 2,3 -> 4,11",79,True,0.0,1000472.0,1,False,0.16102697871065078,2.21,2000975.0
"Fixed 1000000, designed",28,2,76,"D 2,3 -> 4,5",82,False,0.024066516365316204,1000487.0,1,False,0.12998218947189707,2.21,3001462.0
"Fixed 1000000, designed",28,3,82,"D 2,3 -> 5,10",82,True,0.0,1000512.0,1,False,0.15572199591416286,2.28,4001974.0
"Fixed 1000000, designed",28,4,33,"D 0,2 -> 4,8",12,False,1.0,1000499.0,1,False,0.038065025112214046,2.27,5002473.0
"Fixed 1000000, designed",28,5,8,S 2 -> 4,12,False,5.7668011033129574e-08,1000499.0,1,False,0.038065025112214046,2.22,6002972.0
"Fixed 1000000, designed",28,6,24,"D 0,1 -> 6,9",15,False,1.0,1000477.0,1,False,0.03313194474468539,2.19,7003449.0
"Fixed 1000000, designed",28,7,65,"D 1,2 -> 7,10",15,False,1.0,1000477.0,1,False,0.03313194426455396,2.21,8003926.0
"Fixed 1000000, designed",28,8,72,"D 1,3 -> 5,11",15,False,0.9601236518934559,1000477.0,1,False,0.03313194426455396,2.17,9004403.0
"Fixed 1000000, designed",28,9,0,S 0 -> 4,15,False,0.9936397936319896,1000475.0,1,False,0.03313105009777362,2.17,10004878.0
"Fixed 1000000, designed",28,10,64,"D 1,2 -> 7,8",15,False,1.0,1000475.0,1,False,0.0331323098277746,2.19,11005353.0
"Fixed 1000000, designed",28,11,72,"D 1,3 -> 5,11",15,False,0.999999389286817,1000475.0,1,False,0.0331323098277746,2.23,12005828.0
"Fixed 1000000, designed",28,12,27,"D 0,1 -> 7,10",15,False,1.0,1000475.0,1,False,0.033132309955906214,2.26,13006303.0
"Fixed 1000000, designed",28,13,61,"D 1,2 -> 6,7",15,False,0.5832452082809685,1000475.0,1,False,0.033132309955906214,2.2,14006778.0
"Fixed 1000000, designed",28,14,64,"D 1,2 -> 7,8",15,False,1.0,1000479.0,1,False,0.033174449514080884,2.18,15007257.0
"Fixed 1000000, designed",28,15,60,"D 1,2 -> 5,10",15,False,0.7800969715972215,1000479.0,1,False,0.033174449514080884,2.2,16007736.0
"Fixed 1000000, designed",29,0,91,"D 2,3 -> 10,11",91,True,0.0,1000503.0,1,False,0.24318730437372557,2.19,1000503.0
"Fixed 1000000, designed",29,1,79,"D 2,3 -> 4,11",79,True,0.0,1000472.0,1,False,0.16102697871065078,2.14,2000975.0
"Fixed 1000000, designed",29,2,82,"D 2,3 -> 5,10",82,True,0.0,1000487.0,1,False,0.12998218947189707,2.14,3001462.0
"Fixed 1000000, designed",29,3,76,"D 2,3 -> 4,5",76,True,0.0,1000495.0,1,False,0.15604115247457773,2.2,4001957.0
"Fixed 1000000, designed",29,4,35,"D 0,2 -> 6,8",12,False,1.0,1000499.0,1,False,0.038065010303648644,2.18,5002456.0
"Fixed 1000000, designed",29,5,2,S 0 -> 8,12,False,1.0,1000499.0,1,False,0.038065010303648644,2.2,6002955.0
"Fixed 1000000, designed",29,6,45,"D 0,3 -> 6,7",12,False,0.6718113927335867,1000499.0,1,False,0.038065010303648644,2.25,7003454.0
"Fixed 1000000, designed",29,7,16,"D 0,1 -> 4,5",12,False,0.1271774764323098,1000497.0,1,False,0.03811782561949699,2.17,8003951.0
"Fixed 1000000, designed",29,8,68,"D 1,2 -> 9,10",12,False,1.0,1000496.0,1,False,0.037998327656445,2.19,9004447.0
"Fixed 1000000, designed",29,9,57,"D 1,2 -> 4,11",12,False,0.8213937426564805,1000496.0,1,False,0.03799832760599745,2.2,10004943.0
"Fixed 1000000, designed",29,10,25,"D 0,1 -> 6,11",8,False,1.0,1000496.0,1,False,0.03798823824337704,2.22,11005439.0
"Fixed 1000000, designed",29,11,41,"D 0,3 -> 4,11",8,False,0.8173481823697966,1000496.0,1,False,0.037988235090370505,2.26,12005935.0
"Fixed 1000000, designed",29,12,25,"D 0,1 -> 6,11",8,False,1.0,1000495.0,1,False,0.03799592760714928,2.21,13006430.0
"Fixed 1000000, designed",29,13,57,"D 1,2 -> 4,11",8,False,0.9999979837052595,1000495.0,1,False,0.037995928575851344,2.22,14006925.0
"Fixed 1000000, designed",29,14,6,S 1 -> 9,8,False,1.0,1000495.0,1,False,0.037995928575851344,2.25,15007420.0
"Fixed 1000000, designed",29,15,20,"D 0,1 -> 5,6",8,False,1.0,1000495.0,1,False,0.037995928575851344,2.2,16007915.0
"Fixed 1000000, designed",30,0,91,"D 2,3 -> 10,11",91,True,0.0,1000503.0,1,False,0.24318730437372557,2.19,1000503.0
"Fixed 1000000, designed",30,1,82,"D 2,3 -> 5,10",79,True,2.220446049250313e-16,1000472.0,1,False,0.16102697871065078,2.16,2000975.0
"Fixed 1000000, designed",30,2,79,"D 2,3 -> 4,11",79,True,0.0,1000477.0,1,False,0.12998218965087896,2.19,3001452.0
"Fixed 1000000, designed",30,3,76,"D 2,3 -> 4,5",76,True,0.0,1000495.0,1,False,0.1560411524745777,2.21,4001947.0
"Fixed 1000000, designed",30,4,70,"D 1,3 -> 5,7",8,False,1.0,1000499.0,1,False,0.038065010303649234,2.21,5002446.0
"Fixed 1000000, designed",30,5,22,"D 0,1 -> 5,10",8,False,0.9327348534292613,1000499.0,1,False,0.038065010303649234,2.2,6002945.0
"Fixed 1000000, designed",30,6,30,"D 0,1 -> 9,10",12,False,1.0,1000500.0,1,False,0.03807016558475319,2.26,7003445.0
"Fixed 1000000, designed",30,7,20,"D 0,1 -> 5,6",12,False,1.0,1000500.0,1,False,0.03807016399905374,2.2,8003945.0
"Fixed 1000000, designed",30,8,83,"D 2,3 -> 6,7",12,False,0.7956919406370293,1000500.0,1,False,0.03807016399905374,2.18,9004445.0
"Fixed 1000000, designed",30,9,7,S 1 -> 11,12,False,0.9590934241066195,1000491.0,1,False,0.03831434920439439,2.17,10004936.0
"Fixed 1000000, designed",30,10,58,"D 1,2 -> 5,6",12,False,1.0,1000491.0,1,False,0.03831958554058786,2.17,11005427.0
"Fixed 1000000, designed",30,11,51,"D 0,3 -> 8,11",12,False,1.0,1000491.0,1,False,0.03831958554058786,2.2,12005918.0
"Fixed 1000000, designed",30,12,47,"D 0,3 -> 6,11",12,False,1.0,1000491.0,1,False,0.03831958554058786,2.19,13006409.0
"Fixed 1000000, designed",30,13,75,"D 1,3 -> 9,11",12,False,1.0,1000491.0,1,False,0.03831958554058786,2.17,14006900.0
"Fixed 1000000, designed",30,14,41,"D 0,3 -> 4,11",12,False,0.8175965004140229,1000491.0,1,False,0.03831958554058786,2.19,15007391.0
"Fixed 1000000, designed",30,15,43,"D 0,3 -> 5,8",12,False,1.0,1000489.0,1,False,0.038328769093345504,2.19,16007880.0
"Fixed 1000000, designed",31,0,91,"D 2,3 -> 10,11",91,True,0.0,1000503.0,1,False,0.24318730437372557,2.19,1000503.0
"Fixed 1000000, designed",31,1,82,"D 2,3 -> 5,10",79,True,2.220446049250313e-16,1000472.0,1,False,0.16102697871065078,2.1,2000975.0
"Fixed 1000000, designed",31,2,79,"D 2,3 -> 4,11",79,True,0.0,1000477.0,1,False,0.12998218965087896,2.11,3001452.0
"Fixed 1000000, designed",31,3,76,"D 2,3 -> 4,5",76,True,0.0,1000495.0,1,False,0.1560411524745777,2.21,4001947.0
"Fixed 1000000, designed",31,4,41,"D 0,3 -> 4,11",8,False,0.8167919311796229,1000499.0,1,False,0.038065010303649234,2.22,5002446.0
"Fixed 1000000, designed",31,5,60,"D 1,2 -> 5,10",12,False,0.8163060709923615,1000501.0,1,False,0.03807396556467452,2.18,6002947.0
"Fixed 1000000, designed",31,6,11,S 2 -> 10,12,False,0.7379529890494685,1000499.0,1,False,0.038082106670237134,2.18,7003446.0
"Fixed 1000000, designed",31,7,47,"D 0,3 -> 6,11",8,False,1.0,1000490.0,1,False,0.03423321406067,2.15,8003936.0
"Fixed 1000000, designed",31,8,72,"D 1,3 -> 5,11",8,False,0.9898465779420095,1000490.0,1,False,0.03423321406067,2.18,9004426.0
"Fixed 1000000, designed",31,9,28,"D 0,1 -> 8,9",8,False,0.42819431069970626,1000490.0,1,False,0.03423235543975777,2.18,10004916.0
"Fixed 1000000, designed",31,10,16,"D 0,1 -> 4,5",8,False,0.032170332454167117,1000489.0,1,False,0.03423257918675484,2.18,11005405.0
"Fixed 1000000, designed",31,11,0,S 0 -> 4,8,False,0.9368211832082078,1000492.0,1,False,0.03411229244861239,2.23,12005897.0
"Fixed 1000000, designed",31,12,44,"D 0,3 -> 5,10",8,False,0.8050228897899745,1000492.0,1,False,0.0341024060781208,2.25,13006389.0
"Fixed 1000000, designed",31,13,60,"D 1,2 -> 5,10",8,False,0.9993748462344081,1000493.0,1,False,0.03408776078724139,2.25,14006882.0
"Fixed 1000000, designed",31,14,29,"D 0,1 -> 8,11",8,False,1.0,1000493.0,1,False,0.03408568160531642,2.24,15007375.0
"Fixed 1000000, designed",31,15,61,"D 1,2 -> 6,7",8,False,0.6304207104074877,1000493.0,1,False,0.03408568160531642,2.22,16007868.0
"Fixed 1000000, designed",32,0,91,"D 2,3 -> 10,11",91,True,0.0,1000503.0,1,False,0.24318730437372557,2.13,1000503.0
"Fixed 1000000, designed",32,1,79,"D 2,3 -> 4,11",79,True,0.0,1000472.0,1,False,0.16102697871065078,2.13,2000975.0
"Fixed 1000000, designed",32,2,82,"D 2,3 -> 5,10",82,True,0.0,1000487.0,1,False,0.12998218947189707,2.19,3001462.0
"Fixed 1000000, designed",32,3,76,"D 2,3 -> 4,5",76,True,0.0,1000495.0,1,False,0.15604115247457773,2.31,4001957.0
"Fixed 1000000, designed",32,4,28,"D 0,1 -> 8,9",12,False,0.48606308727320346,1000499.0,1,False,0.038065010303648644,2.23,5002456.0
"Fixed 1000000, designed",32,5,53,"D 0,3 -> 10,11",8,False,0.8298960884525572,1000499.0,1,False,0.038065329746546625,2.19,6002955.0
"Fixed 1000000, designed",32,6,24,"D 0,1 -> 6,9",12,False,1.0,1000502.0,1,False,0.038083982616805526,2.18,7003457.0
"Fixed 1000000, designed",32,7,24,"D 0,1 -> 6,9",12,False,1.0,1000502.0,1,False,0.038083983408098425,2.15,8003959.0
"Fixed 1000000, designed",32,8,22,"D 0,1 -> 5,10",12,False,0.9332647421305635,1000502.0,1,False,0.038083983408098425,2.27,9004461.0
"Fixed 1000000, designed",32,9,31,"D 0,1 -> 10,11",12,False,0.660359982368446,1000502.0,1,False,0.03808908961418221,2.2,10004963.0
"Fixed 1000000, designed",32,10,55,"D 1,2 -> 4,7",12,False,1.0,1000501.0,1,False,0.038087654733496894,2.19,11005464.0
"Fixed 1000000, designed",32,11,26,"D 0,1 -> 7,8",12,False,1.0,1000501.0,1,False,0.038087654733496894,2.17,12005965.0
"Fixed 1000000, designed",32,12,58,"D 1,2 -> 5,6",12,False,1.0,1000501.0,1,False,0.038087654733496894,2.28,13006466.0
"Fixed 1000000, designed",32,13,16,"D 0,1 -> 4,5",12,False,0.15193219603265917,1000501.0,1,False,0.038087654733496894,2.26,14006967.0
"Fixed 1000000, designed",32,14,64,"D 1,2 -> 7,8",12,False,1.0,1000496.0,1,False,0.037966590123531124,2.17,15007463.0
"Fixed 1000000, designed",32,15,5,S 1 -> 7,12,False,1.0,1000496.0,1,False,0.037966590123531124,2.17,16007959.0
"Fixed 1000000, designed",33,0,91,"D 2,3 -> 10,11",91,True,0.0,1000503.0,1,False,0.24318730437372557,2.13,1000503.0
"Fixed 1000000, designed",33,1,82,"D 2,3 -> 5,10",79,True,2.220446049250313e-16,1000472.0,1,False,0.16102697871065078,2.11,2000975.0
"Fixed 1000000, designed",33,2,79,"D 2,3 -> 4,11",79,True,0.0,1000477.0,1,False,0.12998218965087896,2.1,3001452.0
"Fixed 1000000, designed",33,3,76,"D 2,3 -> 4,5",76,True,0.0,1000495.0,1,False,0.1560411524745777,2.19,4001947.0
"Fixed 1000000, designed",33,4,49,"D 0,3 -> 7,10",8,False,1.0,1000499.0,1,False,0.038065010303649234,2.19,5002446.0
"Fixed 1000000, designed",33,5,16,"D 0,1 -> 4,5",8,False,0.12598077480875025,1000499.0,1,False,0.038065010303649234,2.15,6002945.0
"Fixed 1000000, designed",33,6,31,"D 0,1 -> 10,11",8,False,0.7175538286925534,1000495.0,1,False,0.03794550734818707,2.14,7003440.0
"Fixed 1000000, designed",33,7,75,"D 1,3 -> 9,11",12,False,1.0,1000495.0,1,False,0.03794423307938042,2.13,8003935.0
"Fixed 1000000, designed",33,8,46,"D 0,3 -> 6,9",12,False,1.0,1000495.0,1,False,0.03794423307938042,2.18,9004430.0
"Fixed 1000000, designed",33,9,8,S 2 -> 4,12,False,4.6157864530549375e-08,1000495.0,1,False,0.03794423307938042,2.18,10004925.0
"Fixed 1000000, designed",33,10,46,"D 0,3 -> 6,9",15,False,1.0,1000488.0,1,False,0.03302507456570286,2.19,11005413.0
"Fixed 1000000, designed",33,11,68,"D 1,2 -> 9,10",15,False,1.0,1000488.0,1,False,0.03302507456570286,2.19,12005901.0
"Fixed 1000000, designed",33,12,33,"D 0,2 -> 4,8",15,False,1.0,1000488.0,1,False,0.03302507456570286,2.19,13006389.0
"Fixed 1000000, designed",33,13,21,"D 0,1 -> 5,8",15,False,1.0,1000488.0,1,False,0.03302507456570286,2.22,14006877.0
"Fixed 1000000, designed",33,14,28,"D 0,1 -> 8,9",15,False,0.4130509005529639,1000488.0,1,False,0.03302507456570286,2.23,15007365.0
"Fixed 1000000, designed",33,15,6,S 1 -> 9,15,False,1.0,1000487.0,1,False,0.03302581457617354,2.2,16007852.0
"Fixed 1000000, designed",34,0,91,"D 2,3 -> 10,11",91,True,0.0,1000503.0,1,False,0.24318730437372557,2.11,1000503.0
"Fixed 1000000, designed",34,1,82,"D 2,3 -> 5,10",79,True,2.220446049250313e-16,1000472.0,1,False,0.16102697871065078,2.1,2000975.0
"Fixed 1000000, designed",34,2,76,"D 2,3 -> 4,5",79,False,0.024066513654290578,1000477.0,1,False,0.12998218965087896,2.12,3001452.0
"Fixed 1000000, designed",34,3,79,"D 2,3 -> 4,11",79,True,0.0,1000488.0,1,False,0.15572199872464462,2.18,4001940.0
"Fixed 1000000, designed",34,4,48,"D 0,3 -> 7,8",8,False,1.0,1000499.0,1,False,0.03806501943588732,2.17,5002439.0
"Fixed 1000000, designed",34,5,7,S 1 -> 11,8,False,0.9596896185614738,1000499.0,1,False,0.03806501271233194,2.17,6002938.0
"Fixed 1000000, designed",34,6,40,"D 0,3 -> 4,9",8,False,1.0,1000500.0,1,False,0.03807211419080464,2.15,7003438.0
"Fixed 1000000, designed",34,7,67,"D 1,2 -> 8,11",8,False,1.0,1000500.0,1,False,0.03807211464513408,2.15,8003938.0
"Fixed 1000000, designed",34,8,66,"D 1,2 -> 8,9",8,False,0.671645628884129,1000500.0,1,False,0.03807211464513408,2.2,9004438.0
"Fixed 1000000, designed",34,9,46,"D 0,3 -> 6,9",8,False,1.0,1000497.0,1,False,0.03812534188776495,2.19,10004935.0
"Fixed 1000000, designed",34,10,8,S 2 -> 4,8,True,0.0,1000497.0,1,False,0.03812534188776495,2.19,11005432.0
"Fixed 1000000, designed",34,11,62,"D 1,2 -> 6,9",15,False,1.0,1000483.0,1,False,0.03323324849893339,2.19,12005915.0
"Fixed 1000000, designed",34,12,52,"D 0,3 -> 9,10",15,False,1.0,1000483.0,1,False,0.03323324849893339,2.2,13006398.0
"Fixed 1000000, designed",34,13,17,"D 0,1 -> 4,7",15,False,1.0,1000483.0,1,False,0.03323324849893339,2.15,14006881.0
"Fixed 1000000, designed",34,14,37,"D 0,2 -> 8,10",15,False,1.0,1000483.0,1,False,0.03323324849893339,2.16,15007364.0
"Fixed 1000000, designed",34,15,45,"D 0,3 -> 6,7",15,False,0.6309670716410967,1000483.0,1,False,0.03323324849893339,2.19,16007847.0
"Fixed 1000000, designed",35,0,91,"D 2,3 -> 10,11",91,True,0.0,1000503.0,1,False,0.24318730437372557,2.17,1000503.0
"Fixed 1000000, designed",35,1,79,"D 2,3 -> 4,11",79,True,0.0,1000472.0,1,False,0.16102697871065078,2.18,2000975.0
"Fixed 1000000, designed",35,2,82,"D 2,3 -> 5,10",82,True,0.0,1000487.0,1,False,0.12998218947189707,2.23,3001462.0
"Fixed 1000000, designed",35,3,76,"D 2,3 -> 4,5",76,True,0.0,1000495.0,1,False,0.15604115247457773,2.22,4001957.0
"Fixed 1000000, designed",35,4,3,S 0 -> 10,12,False,0.9596896192949675,1000499.0,1,False,0.038065010303648644,2.2,5002456.0
"Fixed 1000000, designed",35,5,36,"D 0,2 -> 6,10",12,False,1.0,1000499.0,1,False,0.03807211957338792,2.2,6002955.0
"Fixed 1000000, designed",35,6,16,"D 0,1 -> 4,5",12,False,0.12631549923065688,1000499.0,1,False,0.038072114445855836,2.19,7003454.0
"Fixed 1000000, designed",35,7,55,"D 1,2 -> 4,7",12,False,1.0,1000495.0,1,False,0.037952373992391174,2.16,8003949.0
"Fixed 1000000, designed",35,8,23,"D 0,1 -> 6,7",12,False,0.4902821852676186,1000495.0,1,False,0.037952373992391174,2.16,9004444.0
"Fixed 1000000, designed",35,9,28,"D 0,1 -> 8,9",12,False,0.49185503358603133,1000495.0,1,False,0.0379535416451391,2.21,10004939.0
"Fixed 1000000, designed",35,10,74,"D 1,3 -> 7,11",12,False,1.0,1000494.0,1,False,0.037954709904800404,2.19,11005433.0
"Fixed 1000000, designed",35,11,35,"D 0,2 -> 6,8",12,False,1.0,1000494.0,1,False,0.037954709904800404,2.21,12005927.0
"Fixed 1000000, designed",35,12,2,S 0 -> 8,12,False,1.0,1000494.0,1,False,0.037954709904800404,2.2,13006421.0
"Fixed 1000000, designed",35,13,29,"D 0,1 -> 8,11",12,False,1.0,1000494.0,1,False,0.037954709904800404,2.19,14006915.0
"Fixed 1000000, designed",35,14,86,"D 2,3 -> 7,8",12,False,1.0,1000494.0,1,False,0.037954709904800404,2.16,15007409.0
"Fixed 1000000, designed",35,15,31,"D 0,1 -> 10,11",12,False,0.7186969621860979,1000494.0,1,False,0.037954709904800404,2.16,16007903.0
"Fixed 1000000, designed",36,0,91,"D 2,3 -> 10,11",91,True,0.0,1000503.0,1,False,0.24318730437372557,2.13,1000503.0
"Fixed 1000000, designed",36,1,82,"D 2,3 -> 5,10",79,True,2.220446049250313e-16,1000472.0,1,False,0.16102697871065078,2.11,2000975.0
"Fixed 1000000, designed",36,2,79,"D 2,3 -> 4,11",79,True,0.0,1000477.0,1,False,0.12998218965087896,2.13,3001452.0
"Fixed 1000000, designed",36,3,76,"D 2,3 -> 4,5",76,True,0.0,1000495.0,1,False,0.1560411524745777,2.14,4001947.0
"Fixed 1000000, designed",36,4,65,"D 1,2 -> 7,10",8,False,1.0,1000499.0,1,False,0.038065010303649234,2.15,5002446.0
"Fixed 1000000, designed",36,5,28,"D 0,1 -> 8,9",8,False,0.4860630872732127,1000499.0,1,False,0.038065010303649234,2.21,6002945.0
"Fixed 1000000, designed",36,6,45,"D 0,3 -> 6,7",12,False,0.6718152008402798,1000499.0,1,False,0.03806531961054786,2.23,7003444.0
"Fixed 1000000, designed",36,7,30,"D 0,1 -> 9,10",12,False,1.0,1000497.0,1,False,0.03811814833373485,2.14,8003941.0
"Fixed 1000000, designed",36,8,22,"D 0,1 -> 5,10",12,False,0.9328467026026405,1000497.0,1,False,0.03811814811021971,2.15,9004438.0
"Fixed 1000000, designed",36,9,52,"D 0,3 -> 9,10",12,False,1.0,1000497.0,1,False,0.038123281532928745,2.16,10004935.0
"Fixed 1000000, designed",36,10,4,S 1 -> 5,12,False,0.9800107658022912,1000497.0,1,False,0.038123281484278924,2.15,11005432.0
"Fixed 1000000, designed",36,11,7,S 1 -> 11,12,False,0.9581285461958581,1000497.0,1,False,0.038121098100306776,2.13,12005929.0
"Fixed 1000000, designed",36,12,5,S 1 -> 7,12,False,1.0,1000498.0,1,False,0.0381261321980255,2.17,13006427.0
"Fixed 1000000, designed",36,13,39,"D 0,3 -> 4,7",12,False,1.0,1000498.0,1,False,0.0381261321980255,2.15,14006925.0
"Fixed 1000000, designed",36,14,70,"D 1,3 -> 5,7",12,False,1.0,1000498.0,1,False,0.0381261321980255,2.14,15007423.0
"Fixed 1000000, designed",36,15,56,"D 1,2 -> 4,9",12,False,1.0,1000498.0,1,False,0.0381261321980255,2.16,16007921.0
"Fixed 1000000, designed",37,0,91,"D 2,3 -> 10,11",91,True,0.0,1000503.0,1,False,0.24318730437372557,2.12,1000503.0
"Fixed 1000000, designed",37,1,79,"D 2,3 -> 4,11",79,True,0.0,1000472.0,1,False,0.16102697871065078,2.11,2000975.0
"Fixed 1000000, designed",37,2,82,"D 2,3 -> 5,10",82,True,0.0,1000487.0,1,False,0.12998218947189707,2.14,3001462.0
"Fixed 1000000, designed",37,3,76,"D 2,3 -> 4,5",76,True,0.0,1000495.0,1,False,0.15604115247457773,2.18,4001957.0
"Fixed 1000000, designed",37,4,23,"D 0,1 -> 6,7",12,False,0.48606308727320313,1000499.0,1,False,0.038065010303648644,2.17,5002456.0
"Fixed 1000000, designed",37,5,69,"D 1,2 -> 10,11",8,False,0.8298960884926683,1000503.0,1,False,0.03806532974654662,2.15,6002959.0
"Fixed 1000000, designed",37,6,53,"D 0,3 -> 10,11",8,False,0.8306972526560426,1000502.0,1,False,0.03808399812197532,2.15,7003461.0
"Fixed 1000000, designed",37,7,12,S 3 -> 5,8,False,5.8859297435986946e-09,1000503.0,1,False,0.0380869548186391,2.15,8003964.0
"Fixed 1000000, designed",37,8,11,S 2 -> 10,11,True,0.0,1000502.0,1,False,0.03315686699536205,2.16,9004466.0
"Fixed 1000000, designed",38,0,91,"D 2,3 -> 10,11",91,True,0.0,1000503.0,1,False,0.24318730437372557,2.23,1000503.0
"Fixed 1000000, designed",38,1,82,"D 2,3 -> 5,10",79,True,2.220446049250313e-16,1000472.0,1,False,0.16102697871065078,2.22,2000975.0
"Fixed 1000000, designed",38,2,76,"D 2,3 -> 4,5",79,False,0.024066513654290578,1000477.0,1,False,0.12998218965087896,2.21,3001452.0
"Fixed 1000000, designed",38,3,79,"D 2,3 -> 4,11",79,True,0.0,1000488.0,1,False,0.15572199872464462,2.25,4001940.0
"Fixed 1000000, designed",38,4,53,"D 0,3 -> 10,11",8,False,0.8298973946595817,1000499.0,1,False,0.03806501943588732,2.25,5002439.0
"Fixed 1000000, designed",38,5,16,"D 0,1 -> 4,5",12,False,0.12640340298188235,1000503.0,1,False,0.038083678429456584,2.24,6002942.0
"Fixed 1000000, designed",38,6,70,"D 1,3 -> 5,7",12,False,1.0,1000496.0,1,False,0.03796416057919762,2.26,7003438.0
"Fixed 1000000, designed",38,7,49,"D 0,3 -> 7,10",12,False,1.0,1000496.0,1,False,0.03796416057919762,2.23,8003934.0
"Fixed 1000000, designed",38,8,35,"D 0,2 -> 6,8",12,False,1.0,1000496.0,1,False,0.03796416057919762,2.2,9004430.0
"Fixed 1000000, designed",38,9,33,"D 0,2 -> 4,8",12,False,1.0,1000496.0,1,False,0.03796416057919762,2.2,10004926.0
"Fixed 1000000, designed",38,10,55,"D 1,2 -> 4,7",12,False,1.0,1000496.0,1,False,0.03796416057919762,2.17,11005422.0
"Fixed 1000000, designed",38,11,47,"D 0,3 -> 6,11",12,False,1.0,1000496.0,1,False,0.03796416057919762,2.19,12005918.0
"Fixed 1000000, designed",38,12,50,"D 0,3 -> 8,9",12,False,0.6720608841756515,1000496.0,1,False,0.03796416057919762,2.16,13006414.0
"Fixed 1000000, designed",38,13,39,"D 0,3 -> 4,7",12,False,1.0,1000495.0,1,False,0.03801655415281662,2.17,14006909.0
"Fixed 1000000, designed",38,14,41,"D 0,3 -> 4,11",12,False,0.8162643504400791,1000495.0,1,False,0.03801655415281662,2.18,15007404.0
"Fixed 1000000, designed",38,15,38,"D 0,3 -> 4,5",12,False,0.9301768564153206,1000494.0,1,False,0.03802572857745153,2.18,16007898.0
"Fixed 1000000, designed",39,0,91,"D 2,3 -> 10,11",91,True,0.0,1000503.0,1,False,0.24318730437372557,2.16,1000503.0
"Fixed 1000000, designed",39,1,82,"D 2,3 -> 5,10",79,True,2.220446049250313e-16,1000472.0,1,False,0.16102697871065078,2.25,2000975.0
"Fixed 1000000, designed",39,2,79,"D 2,3 -> 4,11",79,True,0.0,1000477.0,1,False,0.12998218965087896,2.25,3001452.0
"Fixed 1000000, designed",39,3,76,"D 2,3 -> 4,5",76,True,0.0,1000495.0,1,False,0.1560411524745777,2.22,4001947.0
"Fixed 1000000, designed",39,4,16,"D 0,1 -> 4,5",8,False,0.12598077480875025,1000499.0,1,False,0.038065010303649234,2.21,5002446.0
"Fixed 1000000, designed",39,5,0,S 0 -> 4,8,False,0.957731759135362,1000495.0,1,False,0.03794550734818707,2.22,6002941.0
"Fixed 1000000, designed",39,6,41,"D 0,3 -> 4,11",12,False,0.8157609299215729,1000494.0,1,False,0.03794525822439252,2.2,7003435.0
"Fixed 1000000, designed",39,7,17,"D 0,1 -> 4,7",12,False,1.0,1000495.0,1,False,0.037954144122358216,2.22,8003930.0
"Fixed 1000000, designed",39,8,32,"D 0,2 -> 4,6",12,False,1.0,1000495.0,1,False,0.037954144122358216,2.28,9004425.0
"Fixed 1000000, designed",39,9,58,"D 1,2 -> 5,6",12,False,1.0,1000495.0,1,False,0.037954144122358216,2.3,10004920.0
"Fixed 1000000, designed",39,10,72,"D 1,3 -> 5,11",12,False,0.9975333794850589,1000495.0,1,False,0.037954144122358216,2.2,11005415.0
"Fixed 1000000, designed",39,11,12,S 3 -> 5,12,True,0.0,1000495.0,1,False,0.03795370993437202,2.18,12005910.0
"Fixed 1000000, designed",39,12,67,"D 1,2 -> 8,11",11,False,1.0,1000499.0,1,False,0.03301983971362632,2.2,13006409.0
"Fixed 1000000, designed",39,13,28,"D 0,1 -> 8,9",11,False,0.4119986275193167,1000499.0,1,False,0.03301983971362632,2.27,14006908.0
"Fixed 1000000, designed",39,14,33,"D 0,2 -> 4,8",11,False,1.0,1000497.0,1,False,0.033020565067978645,2.29,15007405.0
"Fixed 1000000, designed",39,15,63,"D 1,2 -> 6,11",11,False,1.0,1000497.0,1,False,0.033020565067978645,2.24,16007902.0
"Fixed 1000000, designed",40,0,91,"D 2,3 -> 10,11",91,True,0.0,1000503.0,1,False,0.24318730437372557,2.11,1000503.0
"Fixed 1000000, designed",40,1,79,"D 2,3 -> 4,11",79,True,0.0,1000472.0,1,False,0.16102697871065078,2.13,2000975.0
"Fixed 1000000, designed",40,2,76,"D 2,3 -> 4,5",82,False,0.024066516365316204,1000487.0,1,False,0.12998218947189707,2.25,3001462.0
"Fixed 1000000, designed",40,3,82,"D 2,3 -> 5,10",82,True,0.0,1000512.0,1,False,0.15572199591416286,2.13,4001974.0
"Fixed 1000000, designed",40,4,16,"D 0,1 -> 4,5",12,False,0.12598115105696928,1000499.0,1,False,0.038065025112214046,2.12,5002473.0
"Fixed 1000000, designed",40,5,45,"D 0,3 -> 6,7",12,False,0.670751701949484,1000495.0,1,False,0.03794550904773174,2.15,6002968.0
"Fixed 1000000, designed",40,6,40,"D 0,3 -> 4,9",12,False,1.0,1000496.0,1,False,0.03799832715562544,2.14,7003464.0
"Fixed 1000000, designed",40,7,6,S 1 -> 9,12,False,1.0,1000496.0,1,False,0.03799832716101651,2.13,8003960.0
"Fixed 1000000, designed",40,8,47,"D 0,3 -> 6,11",12,False,1.0,1000496.0,1,False,0.03799832716101651,2.14,9004456.0
"Fixed 1000000, designed",40,9,16,"D 0,1 -> 4,5",12,False,0.9999998282602562,1000496.0,1,False,0.03799832716101651,2.21,10004952.0
"Fixed 1000000, designed",40,10,12,S 3 -> 5,12,True,0.0,1000496.0,1,False,0.03799832716101651,2.18,11005448.0
"Fixed 1000000, designed",40,11,24,"D 0,1 -> 6,9",11,False,1.0,1000499.0,1,False,0.0330657614996534,2.18,12005947.0
"Fixed 1000000, designed",40,12,26,"D 0,1 -> 7,8",11,False,1.0,1000499.0,1,False,0.0330657614996534,2.16,13006446.0
"Fixed 1000000, designed",40,13,54,"D 1,2 -> 4,5",11,False,0.9258824960339925,1000499.0,1,False,0.0330657614996534,2.16,14006945.0
"Fixed 1000000, designed",40,14,42,"D 0,3 -> 5,6",11,False,1.0,1000498.0,1,False,0.03306349649729986,2.14,15007443.0
"Fixed 1000000, designed",40,15,38,"D 0,3 -> 4,5",11,False,0.9442580648847355,1000498.0,1,False,0.03306349590744262,2.16,16007941.0
"Fixed 1000000, designed",41,0,91,"D 2,3 -> 10,11",91,True,0.0,1000503.0,1,False,0.24318730437372557,2.21,1000503.0
"Fixed 1000000, designed",41,1,79,"D 2,3 -> 4,11",79,True,0.0,1000472.0,1,False,0.16102697871065078,2.24,2000975.0
"Fixed 1000000, designed",41,2,76,"D 2,3 -> 4,5",82,False,0.024066516365316204,1000487.0,1,False,0.12998218947189707,2.28,3001462.0
"Fixed 1000000, designed",41,3,82,"D 2,3 -> 5,10",82,True,0.0,1000512.0,1,False,0.15572199591416286,2.29,4001974.0
"Fixed 1000000, designed",41,4,16,"D 0,1 -> 4,5",12,False,0.12598115105696928,1000499.0,1,False,0.038065025112214046,2.26,5002473.0
"Fixed 1000000, designed",41,5,12,S 3 -> 5,12,True,0.0,1000495.0,1,False,0.03794550904773174,2.21,6002968.0
"Fixed 1000000, designed",41,6,11,S 2 -> 10,11,True,0.0,1000497.0,1,False,0.033005477603512884,2.21,7003465.0
"Fixed 1000000, designed",42,0,91,"D 2,3 -> 10,11",91,True,0.0,1000503.0,1,False,0.24318730437372557,2.17,1000503.0
"Fixed 1000000, designed",42,1,79,"D 2,3 -> 4,11",79,True,0.0,1000472.0,1,False,0.16102697871065078,2.15,2000975.0
"Fixed 1000000, designed",42,2,76,"D 2,3 -> 4,5",82,False,0.024066516365316204,1000487.0,1,False,0.12998218947189707,2.18,3001462.0
"Fixed 1000000, designed",42,3,82,"D 2,3 -> 5,10",82,True,0.0,1000512.0,1,False,0.15572199591416286,2.24,4001974.0
"Fixed 1000000, designed",42,4,81,"D 2,3 -> 5,8",12,False,1.0,1000499.0,1,False,0.038065025112214046,2.23,5002473.0
"Fixed 1000000, designed",42,5,32,"D 0,2 -> 4,6",12,False,1.0,1000499.0,1,False,0.038065025112214046,2.25,6002972.0
"Fixed 1000000, designed",42,6,53,"D 0,3 -> 10,11",12,False,0.8298974168691143,1000499.0,1,False,0.038065025112214046,2.25,7003471.0
"Fixed 1000000, designed",42,7,48,"D 0,3 -> 7,8",12,False,1.0,1000503.0,1,False,0.03808367876633573,2.21,8003974.0
"Fixed 1000000, designed",42,8,4,S 1 -> 5,12,False,0.9802366080257066,1000503.0,1,False,0.03808367876633573,2.21,9004477.0
"Fixed 1000000, designed",42,9,16,"D 0,1 -> 4,5",12,False,0.1251173808717595,1000504.0,1,False,0.0380815503281729,2.22,10004981.0
"Fixed 1000000, designed",42,10,23,"D 0,1 -> 6,7",12,False,0.49038628565646325,1000496.0,1,False,0.037959254115504326,2.21,11005477.0
"Fixed 1000000, designed",42,11,45,"D 0,3 -> 6,7",12,False,0.6654137172737601,1000495.0,1,False,0.03796027050893974,2.2,12005972.0
"Fixed 1000000, designed",42,12,71,"D 1,3 -> 5,9",12,False,1.0,1000496.0,1,False,0.03801496293943511,2.23,13006468.0
"Fixed 1000000, designed",42,13,69,"D 1,2 -> 10,11",12,False,0.8318359256116659,1000496.0,1,False,0.03801496293943511,2.24,14006964.0
"Fixed 1000000, designed",42,14,41,"D 0,3 -> 4,11",12,False,0.8163296691650483,1000496.0,1,False,0.038018192642959914,2.25,15007460.0
"Fixed 1000000, designed",42,15,23,"D 0,1 -> 6,7",12,False,0.9994920025568167,1000497.0,1,False,0.0380274355517587,2.18,16007957.0
"Fixed 1000000, designed",43,0,91,"D 2,3 -> 10,11",91,True,0.0,1000503.0,1,False,0.24318730437372557,2.16,1000503.0
"Fixed 1000000, designed",43,1,79,"D 2,3 -> 4,11",79,True,0.0,1000472.0,1,False,0.16102697871065078,2.16,2000975.0
"Fixed 1000000, designed",43,2,82,"D 2,3 -> 5,10",82,True,0.0,1000487.0,1,False,0.12998218947189707,2.18,3001462.0
"Fixed 1000000, designed",43,3,76,"D 2,3 -> 4,5",76,True,0.0,1000495.0,1,False,0.15604115247457773,2.23,4001957.0
"Fixed 1000000, designed",43,4,0,S 0 -> 4,12,False,0.9805362616356181,1000499.0,1,False,0.038065010303648644,2.18,5002456.0
"Fixed 1000000, designed",43,5,23,"D 0,1 -> 6,7",12,False,0.4859729444212495,1000498.0,1,False,0.0380651878610986,2.21,6002954.0
"Fixed 1000000, designed",43,6,49,"D 0,3 -> 7,10",12,False,1.0,1000501.0,1,False,0.03806551140231008,2.21,7003455.0
"Fixed 1000000, designed",43,7,17,"D 0,1 -> 4,7",12,False,1.0,1000501.0,1,False,0.038065511475003894,2.21,8003956.0
"Fixed 1000000, designed",43,8,39,"D 0,3 -> 4,7",12,False,1.0,1000501.0,1,False,0.038065511475003894,2.26,9004457.0
"Fixed 1000000, designed",43,9,71,"D 1,3 -> 5,9",12,False,1.0,1000501.0,1,False,0.038065511475003894,2.25,10004958.0
"Fixed 1000000, designed",43,10,49,"D 0,3 -> 7,10",12,False,1.0,1000501.0,1,False,0.038065511475003894,2.23,11005459.0
"Fixed 1000000, designed",43,11,21,"D 0,1 -> 5,8",12,False,1.0,1000501.0,1,False,0.038065511475003894,2.21,12005960.0
"Fixed 1000000, designed",43,12,65,"D 1,2 -> 7,10",12,False,1.0,1000501.0,1,False,0.038065511475003894,2.22,13006461.0
"Fixed 1000000, designed",43,13,4,S 1 -> 5,12,False,0.9799144060826483,1000501.0,1,False,0.038065511475003894,2.31,14006962.0
"Fixed 1000000, designed",43,14,66,"D 1,2 -> 8,9",8,False,0.6715946320723809,1000501.0,1,False,0.03806335996555841,2.23,15007463.0
"Fixed 1000000, designed",43,15,65,"D 1,2 -> 7,10",8,False,1.0,1000496.0,1,False,0.038116305299397746,2.21,16007959.0
"Fixed 1000000, designed",44,0,91,"D 2,3 -> 10,11",91,True,0.0,1000503.0,1,False,0.24318730437372557,2.16,1000503.0
"Fixed 1000000, designed",44,1,79,"D 2,3 -> 4,11",79,True,0.0,1000472.0,1,False,0.16102697871065078,2.19,2000975.0
"Fixed 1000000, designed",44,2,82,"D 2,3 -> 5,10",82,True,0.0,1000487.0,1,False,0.12998218947189707,2.19,3001462.0
"Fixed 1000000, designed",44,3,76,"D 2,3 -> 4,5",76,True,0.0,1000495.0,1,False,0.15604115247457773,2.22,4001957.0
"Fixed 1000000, designed",44,4,0,S 0 -> 4,12,False,0.9805362616356181,1000499.0,1,False,0.038065010303648644,2.22,5002456.0
"Fixed 1000000, designed",44,5,16,"D 0,1 -> 4,5",12,False,0.12476740678857279,1000498.0,1,False,0.0380651878610986,2.26,6002954.0
"Fixed 1000000, designed",44,6,22,"D 0,1 -> 5,10",12,False,0.972409868875165,1000494.0,1,False,0.03794527896529311,2.21,7003448.0
"Fixed 1000000, designed",44,7,57,"D 1,2 -> 4,11",12,False,0.8213380793999446,1000494.0,1,False,0.03794771580091708,2.2,8003942.0
"Fixed 1000000, designed",44,8,24,"D 0,1 -> 6,9",8,False,1.0,1000493.0,1,False,0.0379888030361974,2.22,9004435.0
"Fixed 1000000, designed",44,9,57,"D 1,2 -> 4,11",8,False,0.9999999991770303,1000493.0,1,False,0.0379888030361974,2.25,10004928.0
"Fixed 1000000, designed",44,10,51,"D 0,3 -> 8,11",8,False,1.0,1000493.0,1,False,0.03798880175854778,2.24,11005421.0
"Fixed 1000000, designed",44,11,1,S 0 -> 6,8,False,1.0,1000493.0,1,False,0.03798879983439139,2.19,12005914.0
"Fixed 1000000, designed",44,12,28,"D 0,1 -> 8,9",8,False,0.49048339379402206,1000493.0,1,False,0.03798879983439139,2.19,13006407.0
"Fixed 1000000, designed",44,13,37,"D 0,2 -> 8,10",8,False,1.0,1000493.0,1,False,0.0379898729008734,2.21,14006900.0
"Fixed 1000000, designed",44,14,34,"D 0,2 -> 4,10",8,False,0.9945585974098514,1000493.0,1,False,0.0379898729008734,2.19,15007393.0
"Fixed 1000000, designed",44,15,49,"D 0,3 -> 7,10",8,False,1.0,1000493.0,1,False,0.03798890232113542,2.21,16007886.0
"Fixed 1000000, designed",45,0,91,"D 2,3 -> 10,11",91,True,0.0,1000503.0,1,False,0.24318730437372557,2.22,1000503.0
"Fixed 1000000, designed",45,1,82,"D 2,3 -> 5,10",79,True,2.220446049250313e-16,1000472.0,1,False,0.16102697871065078,2.19,2000975.0
"Fixed 1000000, designed",45,2,79,"D 2,3 -> 4,11",79,True,0.0,1000477.0,1,False,0.12998218965087896,2.19,3001452.0
"Fixed 1000000, designed",45,3,76,"D 2,3 -> 4,5",76,True,0.0,1000495.0,1,False,0.1560411524745777,2.23,4001947.0
"Fixed 1000000, designed",45,4,31,"D 0,1 -> 10,11",8,False,0.664045192431715,1000499.0,1,False,0.038065010303649234,2.22,5002446.0
"Fixed 1000000, designed",45,5,16,"D 0,1 -> 4,5",12,False,0.1455395712617683,1000500.0,1,False,0.03806334281270849,2.23,6002946.0
"Fixed 1000000, designed",45,6,69,"D 1,2 -> 10,11",8,False,0.8249428060457944,1000495.0,1,False,0.03794423814459208,2.24,7003441.0
"Fixed 1000000, designed",45,7,27,"D 0,1 -> 7,10",8,False,1.0,1000496.0,1,False,0.03796370859472289,2.23,8003937.0
"Fixed 1000000, designed",45,8,25,"D 0,1 -> 6,11",8,False,1.0,1000496.0,1,False,0.03796370859472289,2.22,9004433.0
"Fixed 1000000, designed",45,9,27,"D 0,1 -> 7,10",8,False,1.0,1000496.0,1,False,0.03796370859472289,2.19,10004929.0
"Fixed 1000000, designed",45,10,85,"D 2,3 -> 6,11",8,False,1.0,1000496.0,1,False,0.03796370859472289,2.21,11005425.0
"Fixed 1000000, designed",45,11,34,"D 0,2 -> 4,10",8,False,0.9954289881508845,1000496.0,1,False,0.03796370859472289,2.24,12005921.0
"Fixed 1000000, designed",45,12,50,"D 0,3 -> 8,9",8,False,0.6710857867193705,1000496.0,1,False,0.03796289770362351,2.2,13006417.0
"Fixed 1000000, designed",45,13,8,S 2 -> 4,12,False,0.001118333272162375,1000492.0,1,False,0.03800048301915185,2.18,14006909.0
"Fixed 1000000, designed",45,14,55,"D 1,2 -> 4,7",15,False,1.0,1000484.0,1,False,0.03302588084062208,2.18,15007393.0
"Fixed 1000000, designed",45,15,22,"D 0,1 -> 5,10",15,False,0.9588010174015132,1000484.0,1,False,0.03302588084062208,2.18,16007877.0
"Fixed 1000000, designed",46,0,91,"D 2,3 -> 10,11",91,True,0.0,1000503.0,1,False,0.24318730437372557,2.17,1000503.0
"Fixed 1000000, designed",46,1,82,"D 2,3 -> 5,10",79,True,2.220446049250313e-16,1000472.0,1,False,0.16102697871065078,2.16,2000975.0
"Fixed 1000000, designed",46,2,76,"D 2,3 -> 4,5",79,False,0.024066513654290578,1000477.0,1,False,0.12998218965087896,2.24,3001452.0
"Fixed 1000000, designed",46,3,79,"D 2,3 -> 4,11",79,True,0.0,1000488.0,1,False,0.15572199872464462,2.27,4001940.0
"Fixed 1000000, designed",46,4,63,"D 1,2 -> 6,11",8,False,1.0,1000499.0,1,False,0.03806501943588732,2.26,5002439.0
"Fixed 1000000, designed",46,5,45,"D 0,3 -> 6,7",8,False,0.671811415302515,1000499.0,1,False,0.03806501271233194,2.24,6002938.0
"Fixed 1000000, designed",46,6,61,"D 1,2 -> 6,7",12,False,0.6737344155266123,1000497.0,1,False,0.03811782250701843,2.23,7003435.0
"Fixed 1000000, designed",46,7,39,"D 0,3 -> 4,7",8,False,1.0,1000498.0,1,False,0.03811251819480306,2.28,8003933.0
"Fixed 1000000, designed",46,8,35,"D 0,2 -> 6,8",8,False,1.0,1000498.0,1,False,0.03811251819480306,2.25,9004431.0
"Fixed 1000000, designed",46,9,30,"D 0,1 -> 9,10",8,False,1.0,1000498.0,1,False,0.03811251819480306,2.26,10004929.0
"Fixed 1000000, designed",46,10,27,"D 0,1 -> 7,10",8,False,1.0,1000498.0,1,False,0.03811251819480306,2.25,11005427.0
"Fixed 1000000, designed",46,11,30,"D 0,1 -> 9,10",8,False,1.0,1000498.0,1,False,0.03811251819480306,2.22,12005925.0
"Fixed 1000000, designed",46,12,49,"D 0,3 -> 7,10",8,False,1.0,1000498.0,1,False,0.03811251819480306,2.24,13006423.0
"Fixed 1000000, designed",46,13,30,"D 0,1 -> 9,10",8,False,1.0,1000498.0,1,False,0.03811251819480306,2.3,14006921.0
"Fixed 1000000, designed",46,14,31,"D 0,1 -> 10,11",8,False,0.6644585136684487,1000498.0,1,False,0.03811251819480306,2.23,15007419.0
"Fixed 1000000, designed",46,15,7,S 1 -> 11,12,False,0.955016986414096,1000494.0,1,False,0.038110843433062605,2.25,16007913.0
"Fixed 1000000, designed",47,0,91,"D 2,3 -> 10,11",91,True,0.0,1000503.0,1,False,0.24318730437372557,2.2,1000503.0
"Fixed 1000000, designed",47,1,82,"D 2,3 -> 5,10",79,True,2.220446049250313e-16,1000472.0,1,False,0.16102697871065078,2.25,2000975.0
"Fixed 1000000, designed",47,2,79,"D 2,3 -> 4,11",79,True,0.0,1000477.0,1,False,0.12998218965087896,2.27,3001452.0
"Fixed 1000000, designed",47,3,76,"D 2,3 -> 4,5",76,True,0.0,1000495.0,1,False,0.1560411524745777,2.21,4001947.0
"Fixed 1000000, designed",47,4,58,"D 1,2 -> 5,6",8,False,1.0,1000499.0,1,False,0.038065010303649234,2.2,5002446.0
"Fixed 1000000, designed",47,5,28,"D 0,1 -> 8,9",8,False,0.4860630872732127,1000499.0,1,False,0.038065010303649234,2.25,6002945.0
"Fixed 1000000, designed",47,6,65,"D 1,2 -> 7,10",12,False,1.0,1000499.0,1,False,0.03806531961054786,2.25,7003444.0
"Fixed 1000000, designed",47,7,16,"D 0,1 -> 4,5",12,False,0.1289968824592922,1000499.0,1,False,0.0380653206376311,2.25,8003943.0
"Fixed 1000000, designed",47,8,2,S 0 -> 8,8,False,1.0,1000494.0,1,False,0.037946585498638864,2.21,9004437.0
"Fixed 1000000, designed",47,9,67,"D 1,2 -> 8,11",8,False,1.0,1000494.0,1,False,0.037946585498638864,2.2,10004931.0
"Fixed 1000000, designed",47,10,66,"D 1,2 -> 8,9",8,False,0.6641423242605979,1000494.0,1,False,0.037946585498638864,2.22,11005425.0
"Fixed 1000000, designed",47,11,41,"D 0,3 -> 4,11",8,False,0.817263411823707,1000493.0,1,False,0.03800171285328965,2.22,12005918.0
"Fixed 1000000, designed",47,12,71,"D 1,3 -> 5,9",8,False,1.0,1000491.0,1,False,0.0380099012053891,2.25,13006409.0
"Fixed 1000000, designed",47,13,30,"D 0,1 -> 9,10",8,False,1.0,1000491.0,1,False,0.0380099012053891,2.27,14006900.0
"Fixed 1000000, designed",47,14,34,"D 0,2 -> 4,10",8,False,0.9945886739569118,1000491.0,1,False,0.0380099012053891,2.29,15007391.0
"Fixed 1000000, designed",47,15,64,"D 1,2 -> 7,8",8,False,1.0,1000491.0,1,False,0.03801086381627268,2.24,16007882.0
"Fixed 1000000, designed",48,0,91,"D 2,3 -> 10,11",91,True,0.0,1000503.0,1,False,0.24318730437372557,2.25,1000503.0
"Fixed 1000000, designed",48,1,79,"D 2,3 -> 4,11",79,True,0.0,1000472.0,1,False,0.16102697871065078,2.26,2000975.0
"Fixed 1000000, designed",48,2,82,"D 2,3 -> 5,10",82,True,0.0,1000487.0,1,False,0.12998218947189707,2.23,3001462.0
"Fixed 1000000, designed",48,3,76,"D 2,3 -> 4,5",76,True,0.0,1000495.0,1,False,0.15604115247457773,2.21,4001957.0
"Fixed 1000000, designed",48,4,2,S 0 -> 8,12,False,1.0,1000499.0,1,False,0.038065010303648644,2.19,5002456.0
"Fixed 1000000, designed",48,5,36,"D 0,2 -> 6,10",12,False,1.0,1000499.0,1,False,0.038065010303648644,2.2,6002955.0
"Fixed 1000000, designed",48,6,48,"D 0,3 -> 7,8",12,False,1.0,1000499.0,1,False,0.038065010303648644,2.28,7003454.0
"Fixed 1000000, designed",48,7,16,"D 0,1 -> 4,5",12,False,0.1259807748087346,1000499.0,1,False,0.038065010303648644,2.26,8003953.0
"Fixed 1000000, designed",48,8,23,"D 0,1 -> 6,7",12,False,0.4902405099830428,1000495.0,1,False,0.03794550728419781,2.26,9004448.0
"Fixed 1000000, designed",48,9,37,"D 0,2 -> 8,10",8,False,1.0,1000495.0,1,False,0.037946637351175,2.27,10004943.0
"Fixed 1000000, designed",48,10,31,"D 0,1 -> 10,11",8,False,0.718480535989386,1000495.0,1,False,0.0379466373283892,2.23,11005438.0
"Fixed 1000000, designed",48,11,54,"D 1,2 -> 4,5",8,False,0.9391071235148245,1000495.0,1,False,0.03794535670898887,2.22,12005933.0
"Fixed 1000000, designed",48,12,8,S 2 -> 4,12,False,0.00018945783934887217,1000497.0,1,False,0.03794676734772348,2.22,13006430.0
"Fixed 1000000, designed",48,13,62,"D 1,2 -> 6,9",15,False,1.0,1000486.0,1,False,0.03302229083312186,2.24,14006916.0
"Fixed 1000000, designed",48,14,23,"D 0,1 -> 6,7",15,False,0.9998704612805549,1000486.0,1,False,0.03302229083312186,2.23,15007402.0
"Fixed 1000000, designed",48,15,46,"D 0,3 -> 6,9",15,False,1.0,1000490.0,1,False,0.03294073615642784,2.19,16007892.0
"Fixed 1000000, designed",49,0,91,"D 2,3 -> 10,11",91,True,0.0,1000503.0,1,False,0.24318730437372557,2.17,1000503.0
"Fixed 1000000, designed",49,1,79,"D 2,3 -> 4,11",79,True,0.0,1000472.0,1,False,0.16102697871065078,2.15,2000975.0
"Fixed 1000000, designed",49,2,76,"D 2,3 -> 4,5",82,False,0.024066516365316204,1000487.0,1,False,0.12998218947189707,2.15,3001462.0
"Fixed 1000000, designed",49,3,82,"D 2,3 -> 5,10",82,True,0.0,1000512.0,1,False,0.15572199591416286,2.13,4001974.0
"Fixed 1000000, designed",49,4,44,"D 0,3 -> 5,10",12,False,0.8216722939754297,1000499.0,1,False,0.038065025112214046,2.14,5002473.0
"Fixed 1000000, designed",49,5,59,"D 1,2 -> 5,8",12,False,1.0,1000499.0,1,False,0.03811252644530548,2.15,6002972.0
"Fixed 1000000, designed",49,6,30,"D 0,1 -> 9,10",12,False,1.0,1000499.0,1,False,0.03811252644530548,2.17,7003471.0
"Fixed 1000000, designed",49,7,64,"D 1,2 -> 7,8",12,False,1.0,1000499.0,1,False,0.03811252644530548,2.12,8003970.0
"Fixed 1000000, designed",49,8,20,"D 0,1 -> 5,6",12,False,1.0,1000499.0,1,False,0.03811252644530548,2.12,9004469.0
"Fixed 1000000, designed",49,9,58,"D 1,2 -> 5,6",12,False,1.0,1000499.0,1,False,0.03811252644530548,2.12,10004968.0
"Fixed 1000000, designed",49,10,66,"D 1,2 -> 8,9",12,False,0.6720318765537299,1000499.0,1,False,0.03811252644530548,2.17,11005467.0
"Fixed 1000000, designed",49,11,19,"D 0,1 -> 4,11",12,False,0.9327600039894887,1000496.0,1,False,0.038107749089819426,2.12,12005963.0
"Fixed 1000000, designed",49,12,52,"D 0,3 -> 9,10",8,False,1.0,1000497.0,1,False,0.038110801025783965,2.11,13006460.0
"Fixed 1000000, designed",49,13,53,"D 0,3 -> 10,11",8,False,0.8243807633551298,1000497.0,1,False,0.0381108006591435,2.13,14006957.0
"Fixed 1000000, designed",49,14,62,"D 1,2 -> 6,9",12,False,1.0,1000499.0,1,False,0.038130614708035485,2.11,15007456.0
"Fixed 1000000, designed",49,15,84,"D 2,3 -> 6,9",12,False,1.0,1000499.0,1,False,0.038130614708035485,2.08,16007955.0
"Fixed 1000000, designed",50,0,91,"D 2,3 -> 10,11",91,True,0.0,1000503.0,1,False,0.24318730437372557,2.11,1000503.0
"Fixed 1000000, designed",50,1,79,"D 2,3 -> 4,11",79,True,0.0,1000472.0,1,False,0.16102697871065078,2.19,2000975.0
"Fixed 1000000, designed",50,2,76,"D 2,3 -> 4,5",82,False,0.024066516365316204,1000487.0,1,False,0.12998218947189707,2.2,3001462.0
"Fixed 1000000, designed",50,3,82,"D 2,3 -> 5,10",82,True,0.0,1000512.0,1,False,0.15572199591416286,2.18,4001974.0
"Fixed 1000000, designed",50,4,58,"D 1,2 -> 5,6",12,False,1.0,1000499.0,1,False,0.038065025112214046,2.14,5002473.0
"Fixed 1000000, designed",50,5,1,S 0 -> 6,12,False,1.0,1000499.0,1,False,0.038065025112214046,2.13,6002972.0
"Fixed 1000000, designed",50,6,61,"D 1,2 -> 6,7",12,False,0.6718115192894134,1000499.0,1,False,0.038065025112214046,2.14,7003471.0
"Fixed 1000000, designed",50,7,16,"D 0,1 -> 4,5",8,False,0.1271774453632526,1000495.0,1,False,0.03811782424202019,2.15,8003966.0
"Fixed 1000000, designed",50,8,46,"D 0,3 -> 6,9",8,False,1.0,1000493.0,1,False,0.03799832708642771,2.1,9004459.0
"Fixed 1000000, designed",50,9,48,"D 0,3 -> 7,8",8,False,1.0,1000493.0,1,False,0.03799832708642771,2.17,10004952.0
"Fixed 1000000, designed",50,10,39,"D 0,3 -> 4,7",8,False,1.0,1000493.0,1,False,0.03799832708642771,2.12,11005445.0
"Fixed 1000000, designed",50,11,68,"D 1,2 -> 9,10",8,False,1.0,1000493.0,1,False,0.03799832708642771,2.11,12005938.0
"Fixed 1000000, designed",50,12,46,"D 0,3 -> 6,9",8,False,1.0,1000493.0,1,False,0.03799832708642771,2.09,13006431.0
"Fixed 1000000, designed",50,13,85,"D 2,3 -> 6,11",8,False,1.0,1000493.0,1,False,0.03799832708642771,2.11,14006924.0
"Fixed 1000000, designed",50,14,34,"D 0,2 -> 4,10",8,False,0.9958190403114789,1000493.0,1,False,0.03799832708642771,2.14,15007417.0
"Fixed 1000000, designed",50,15,31,"D 0,1 -> 10,11",8,False,0.7179258301927849,1000493.0,1,False,0.037997585516232855,2.19,16007910.0
"Fixed 1000000, designed",51,0,91,"D 2,3 -> 10,11",91,True,0.0,1000503.0,1,False,0.24318730437372557,2.19,1000503.0
"Fixed 1000000, designed",51,1,82,"D 2,3 -> 5,10",79,True,2.220446049250313e-16,1000472.0,1,False,0.16102697871065078,2.22,2000975.0
"Fixed 1000000, designed",51,2,79,"D 2,3 -> 4,11",79,True,0.0,1000477.0,1,False,0.12998218965087896,2.25,3001452.0
"Fixed 1000000, designed",51,3,76,"D 2,3 -> 4,5",76,True,0.0,1000495.0,1,False,0.1560411524745777,2.25,4001947.0
"Fixed 1000000, designed",51,4,43,"D 0,3 -> 5,8",8,False,1.0,1000499.0,1,False,0.038065010303649234,2.27,5002446.0
"Fixed 1000000, designed",51,5,4,S 1 -> 5,8,False,0.9805362616356186,1000499.0,1,False,0.038065010303649234,2.22,6002945.0
"Fixed 1000000, designed",51,6,36,"D 0,2 -> 6,10",8,False,1.0,1000499.0,1,False,0.038065187861099206,2.2,7003444.0
"Fixed 1000000, designed",51,7,71,"D 1,3 -> 5,9",8,False,1.0,1000499.0,1,False,0.038065187861099206,2.16,8003943.0
"Fixed 1000000, designed",51,8,50,"D 0,3 -> 8,9",8,False,0.6718127797635698,1000499.0,1,False,0.038065187861099206,2.16,9004442.0
"Fixed 1000000, designed",51,9,8,S 2 -> 4,12,False,0.0014545046981753185,1000497.0,1,False,0.03811573567541339,2.17,10004939.0
"Fixed 1000000, designed",51,10,32,"D 0,2 -> 4,6",15,False,1.0,1000479.0,1,False,0.03310265844320903,2.11,11005418.0
"Fixed 1000000, designed",51,11,24,"D 0,1 -> 6,9",15,False,1.0,1000479.0,1,False,0.03310265844320903,2.17,12005897.0
"Fixed 1000000, designed",51,12,57,"D 1,2 -> 4,11",15,False,0.7074807140483171,1000479.0,1,False,0.03310265844320903,2.2,13006376.0
"Fixed 1000000, designed",51,13,22,"D 0,1 -> 5,10",15,False,0.9069288281664415,1000477.0,1,False,0.03315647910301456,2.21,14006853.0
"Fixed 1000000, designed",51,14,72,"D 1,3 -> 5,11",15,False,0.9497430428493088,1000478.0,1,False,0.03315694321984325,2.23,15007331.0
"Fixed 1000000, designed",51,15,56,"D 1,2 -> 4,9",15,False,1.0,1000477.0,1,False,0.03315675115886674,2.21,16007808.0
"Fixed 1000000, designed",52,0,91,"D 2,3 -> 10,11",91,True,0.0,1000503.0,1,False,0.24318730437372557,2.18,1000503.0
"Fixed 1000000, designed",52,1,79,"D 2,3 -> 4,11",79,True,0.0,1000472.0,1,False,0.16102697871065078,2.17,2000975.0
"Fixed 1000000, designed",52,2,76,"D 2,3 -> 4,5",82,False,0.024066516365316204,1000487.0,1,False,0.12998218947189707,2.24,3001462.0
"Fixed 1000000, designed",52,3,82,"D 2,3 -> 5,10",82,True,0.0,1000512.0,1,False,0.15572199591416286,2.22,4001974.0
"Fixed 1000000, designed",52,4,25,"D 0,1 -> 6,11",12,False,1.0,1000499.0,1,False,0.038065025112214046,2.23,5002473.0
"Fixed 1000000, designed",52,5,67,"D 1,2 -> 8,11",12,False,1.0,1000499.0,1,False,0.038065025112214046,2.19,6002972.0
"Fixed 1000000, designed",52,6,3,S 0 -> 10,12,False,0.9596896130032815,1000499.0,1,False,0.038065025112214046,2.15,7003471.0
"Fixed 1000000, designed",52,7,28,"D 0,1 -> 8,9",12,False,0.4861076420525514,1000499.0,1,False,0.03807211421275875,2.15,8003970.0
"Fixed 1000000, designed",52,8,61,"D 1,2 -> 6,7",12,False,0.6718778130487105,1000499.0,1,False,0.03807247709163438,2.17,9004469.0
"Fixed 1000000, designed",52,9,43,"D 0,3 -> 5,8",8,False,1.0,1000496.0,1,False,0.038123268116925096,2.27,10004965.0
"Fixed 1000000, designed",52,10,74,"D 1,3 -> 7,11",8,False,1.0,1000496.0,1,False,0.03812326846235874,2.18,11005461.0
"Fixed 1000000, designed",52,11,53,"D 0,3 -> 10,11",8,False,0.8323853368848607,1000496.0,1,False,0.03812326847735337,2.2,12005957.0
"Fixed 1000000, designed",52,12,36,"D 0,2 -> 6,10",8,False,1.0,1000497.0,1,False,0.03812546416587455,2.25,13006454.0
"Fixed 1000000, designed",52,13,84,"D 2,3 -> 6,9",8,False,1.0,1000497.0,1,False,0.03812546416587455,2.2,14006951.0
"Fixed 1000000, designed",52,14,12,S 3 -> 5,8,False,0.001068161696126002,1000497.0,1,False,0.03812546416587455,2.23,15007448.0
"Fixed 1000000, designed",52,15,54,"D 1,2 -> 4,5",11,False,0.9071001376534755,1000498.0,1,False,0.033164143010542955,2.22,16007946.0
"Fixed 1000000, designed",53,0,91,"D 2,3 -> 10,11",91,True,0.0,1000503.0,1,False,0.24318730437372557,2.16,1000503.0
"Fixed 1000000, designed",53,1,82,"D 2,3 -> 5,10",79,True,2.220446049250313e-16,1000472.0,1,False,0.16102697871065078,2.15,2000975.0
"Fixed 1000000, designed",53,2,79,"D 2,3 -> 4,11",79,True,0.0,1000477.0,1,False,0.12998218965087896,2.17,3001452.0
"Fixed 1000000, designed",53,3,76,"D 2,3 -> 4,5",76,True,0.0,1000495.0,1,False,0.1560411524745777,2.15,4001947.0
"Fixed 1000000, designed",53,4,8,S 2 -> 4,8,True,0.0,1000499.0,1,False,0.038065010303649234,2.13,5002446.0
"Fixed 1000000, designed",53,5,61,"D 1,2 -> 6,7",15,False,0.5832554362712346,1000477.0,1,False,0.03313194410308523,2.19,6002923.0
"Fixed 1000000, designed",53,6,63,"D 1,2 -> 6,11",15,False,1.0,1000479.0,1,False,0.03317399849416136,2.14,7003402.0
"Fixed 1000000, designed",53,7,36,"D 0,2 -> 6,10",15,False,1.0,1000479.0,1,False,0.03317399849416136,2.19,8003881.0
"Fixed 1000000, designed",53,8,2,S 0 -> 8,15,False,1.0,1000479.0,1,False,0.03317399849416136,2.17,9004360.0
"Fixed 1000000, designed",53,9,4,S 1 -> 5,15,False,0.974888058587847,1000479.0,1,False,0.03317399849416136,2.11,10004839.0
"Fixed 1000000, designed",53,10,24,"D 0,1 -> 6,9",15,False,1.0,1000482.0,1,False,0.03317014142894531,2.08,11005321.0
"Fixed 1000000, designed",53,11,60,"D 1,2 -> 5,10",15,False,0.7771995485530163,1000482.0,1,False,0.03317014142894531,2.13,12005803.0
"Fixed 1000000, designed",53,12,70,"D 1,3 -> 5,7",15,False,1.0,1000481.0,1,False,0.033184740168493154,2.17,13006284.0
"Fixed 1000000, designed",53,13,31,"D 0,1 -> 10,11",15,False,0.6194542101066196,1000481.0,1,False,0.03318474016812539,2.18,14006765.0
"Fixed 1000000, designed",53,14,46,"D 0,3 -> 6,9",15,False,1.0,1000481.0,1,False,0.03320507593000732,2.16,15007246.0
"Fixed 1000000, designed",53,15,52,"D 0,3 -> 9,10",15,False,1.0,1000481.0,1,False,0.03320507593000732,2.19,16007727.0
"Fixed 1000000, designed",54,0,91,"D 2,3 -> 10,11",91,True,0.0,1000503.0,1,False,0.24318730437372557,2.23,1000503.0
"Fixed 1000000, designed",54,1,79,"D 2,3 -> 4,11",79,True,0.0,1000472.0,1,False,0.16102697871065078,2.23,2000975.0
"Fixed 1000000, designed",54,2,82,"D 2,3 -> 5,10",82,True,0.0,1000487.0,1,False,0.12998218947189707,2.19,3001462.0
"Fixed 1000000, designed",54,3,76,"D 2,3 -> 4,5",76,True,0.0,1000495.0,1,False,0.15604115247457773,2.18,4001957.0
"Fixed 1000000, designed",54,4,12,S 3 -> 5,12,True,0.0,1000499.0,1,False,0.038065010303648644,2.23,5002456.0
"Fixed 1000000, designed",54,5,38,"D 0,3 -> 4,5",11,False,0.9383621334064816,1000499.0,1,False,0.03313194410308478,2.2,6002955.0
"Fixed 1000000, designed",54,6,18,"D 0,1 -> 4,9",11,False,1.0,1000500.0,1,False,0.033127052076226855,2.17,7003455.0
"Fixed 1000000, designed",54,7,51,"D 0,3 -> 8,11",11,False,1.0,1000500.0,1,False,0.03312705096716865,2.17,8003955.0
"Fixed 1000000, designed",54,8,47,"D 0,3 -> 6,11",11,False,1.0,1000500.0,1,False,0.03312705096716865,2.17,9004455.0
"Fixed 1000000, designed",54,9,18,"D 0,1 -> 4,9",11,False,1.0,1000500.0,1,False,0.03312705096716865,2.14,10004955.0
"Fixed 1000000, designed",54,10,22,"D 0,1 -> 5,10",11,False,0.8443838180884904,1000500.0,1,False,0.03312705096716865,2.16,11005455.0
"Fixed 1000000, designed",54,11,16,"D 0,1 -> 4,5",11,False,0.15916538662403812,1000501.0,1,False,0.033126154198457394,2.21,12005956.0
"Fixed 1000000, designed",54,12,7,S 1 -> 11,11,False,0.8912829710188251,1000499.0,1,False,0.03300490602225005,2.2,13006455.0
"Fixed 1000000, designed",54,13,28,"D 0,1 -> 8,9",11,False,0.41253742682027217,1000497.0,1,False,0.033032984051502,2.25,14006952.0
"Fixed 1000000, designed",54,14,22,"D 0,1 -> 5,10",11,False,0.9999894304460526,1000498.0,1,False,0.033033903608864275,2.21,15007450.0
"Fixed 1000000, designed",55,0,91,"D 2,3 -> 10,11",91,True,0.0,1000503.0,1,False,0.24318730437372557,2.21,1000503.0
"Fixed 1000000, designed",55,1,79,"D 2,3 -> 4,11",79,True,0.0,1000472.0,1,False,0.16102697871065078,2.17,2000975.0
"Fixed 1000000, designed",55,2,76,"D 2,3 -> 4,5",82,False,0.024066516365316204,1000487.0,1,False,0.12998218947189707,2.19,3001462.0
"Fixed 1000000, designed",55,3,82,"D 2,3 -> 5,10",82,True,0.0,1000512.0,1,False,0.15572199591416286,2.18,4001974.0
"Fixed 1000000, designed",55,4,70,"D 1,3 -> 5,7",12,False,1.0,1000499.0,1,False,0.038065025112214046,2.17,5002473.0
"Fixed 1000000, designed",55,5,52,"D 0,3 -> 9,10",12,False,1.0,1000499.0,1,False,0.038065025112214046,2.15,6002972.0
"Fixed 1000000, designed",55,6,41,"D 0,3 -> 4,11",12,False,0.8167919935809829,1000499.0,1,False,0.038065025112214046,2.17,7003471.0
"Fixed 1000000, designed",55,7,57,"D 1,2 -> 4,11",12,False,0.8225278984075577,1000501.0,1,False,0.0380739693577682,2.2,8003972.0
"Fixed 1000000, designed",55,8,61,"D 1,2 -> 6,7",8,False,0.6715557723887287,1000500.0,1,False,0.03812031698224319,2.2,9004472.0
"Fixed 1000000, designed",55,9,19,"D 0,1 -> 4,11",8,False,0.9179262141540485,1000495.0,1,False,0.03817338716901706,2.16,10004967.0
"Fixed 1000000, designed",55,10,71,"D 1,3 -> 5,9",8,False,1.0,1000494.0,1,False,0.038180246156389805,2.13,11005461.0
"Fixed 1000000, designed",55,11,52,"D 0,3 -> 9,10",8,False,1.0,1000494.0,1,False,0.038180246156389805,2.19,12005955.0
"Fixed 1000000, designed",55,12,44,"D 0,3 -> 5,10",8,False,0.8259961713822782,1000494.0,1,False,0.038180246156389805,2.22,13006449.0
"Fixed 1000000, designed",55,13,68,"D 1,2 -> 9,10",8,False,1.0,1000497.0,1,False,0.03816796398104086,2.26,14006946.0
"Fixed 1000000, designed",55,14,8,S 2 -> 4,8,True,0.0,1000497.0,1,False,0.03816796398104086,2.24,15007443.0
"Fixed 1000000, designed",55,15,61,"D 1,2 -> 6,7",15,False,0.9866775205686438,1000481.0,1,False,0.03325163715542773,2.21,16007924.0
"Fixed 1000000, designed",56,0,91,"D 2,3 -> 10,11",91,True,0.0,1000503.0,1,False,0.24318730437372557,2.25,1000503.0
"Fixed 1000000, designed",56,1,79,"D 2,3 -> 4,11",79,True,0.0,1000472.0,1,False,0.16102697871065078,2.23,2000975.0
"Fixed 1000000, designed",56,2,82,"D 2,3 -> 5,10",82,True,0.0,1000487.0,1,False,0.12998218947189707,2.19,3001462.0
"Fixed 1000000, designed",56,3,76,"D 2,3 -> 4,5",76,True,0.0,1000495.0,1,False,0.15604115247457773,2.23,4001957.0
"Fixed 1000000, designed",56,4,12,S 3 -> 5,12,True,0.0,1000499.0,1,False,0.038065010303648644,2.25,5002456.0
"Fixed 1000000, designed",56,5,57,"D 1,2 -> 4,11",11,False,0.8242702404806588,1000499.0,1,False,0.03313194410308478,2.22,6002955.0
"Fixed 1000000, designed",56,6,35,"D 0,2 -> 6,8",11,False,1.0,1000502.0,1,False,0.0331399370361645,2.17,7003457.0
"Fixed 1000000, designed",56,7,66,"D 1,2 -> 8,9",11,False,0.6293921957642472,1000502.0,1,False,0.0331399370361645,2.2,8003959.0
"Fixed 1000000, designed",56,8,16,"D 0,1 -> 4,5",11,False,0.15037474462870892,1000503.0,1,False,0.03311379408810311,2.18,9004462.0
"Fixed 1000000, designed",56,9,73,"D 1,3 -> 7,9",11,False,1.0,1000501.0,1,False,0.03299028444958852,2.19,10004963.0
"Fixed 1000000, designed",56,10,47,"D 0,3 -> 6,11",11,False,1.0,1000501.0,1,False,0.0329902847506576,2.14,11005464.0
"Fixed 1000000, designed",56,11,44,"D 0,3 -> 5,10",11,False,0.7070318778492873,1000501.0,1,False,0.0329902847506576,2.22,12005965.0
"Fixed 1000000, designed",56,12,43,"D 0,3 -> 5,8",11,False,1.0,1000501.0,1,False,0.0330450658707794,2.21,13006466.0
"Fixed 1000000, designed",56,13,11,S 2 -> 10,11,True,0.0,1000501.0,1,False,0.0330450658707794,2.18,14006967.0
"Fixed 1000000, designed",57,0,91,"D 2,3 -> 10,11",91,True,0.0,1000503.0,1,False,0.24318730437372557,2.23,1000503.0
"Fixed 1000000, designed",57,1,82,"D 2,3 -> 5,10",79,True,2.220446049250313e-16,1000472.0,1,False,0.16102697871065078,2.23,2000975.0
"Fixed 1000000, designed",57,2,79,"D 2,3 -> 4,11",79,True,0.0,1000477.0,1,False,0.12998218965087896,2.19,3001452.0
"Fixed 1000000, designed",57,3,76,"D 2,3 -> 4,5",76,True,0.0,1000495.0,1,False,0.1560411524745777,2.24,4001947.0
"Fixed 1000000, designed",57,4,18,"D 0,1 -> 4,9",8,False,1.0,1000499.0,1,False,0.038065010303649234,2.23,5002446.0
"Fixed 1000000, designed",57,5,36,"D 0,2 -> 6,10",8,False,1.0,1000499.0,1,False,0.038065010303649234,2.2,6002945.0
"Fixed 1000000, designed",57,6,32,"D 0,2 -> 4,6",8,False,1.0,1000499.0,1,False,0.038065010303649234,2.15,7003444.0
"Fixed 1000000, designed",57,7,27,"D 0,1 -> 7,10",8,False,1.0,1000499.0,1,False,0.038065010303649234,2.19,8003943.0
"Fixed 1000000, designed",57,8,35,"D 0,2 -> 6,8",8,False,1.0,1000499.0,1,False,0.038065010303649234,2.16,9004442.0
"Fixed 1000000, designed",57,9,46,"D 0,3 -> 6,9",8,False,1.0,1000499.0,1,False,0.038065010303649234,2.12,10004941.0
"Fixed 1000000, designed",57,10,18,"D 0,1 -> 4,9",8,False,1.0,1000499.0,1,False,0.038065010303649234,2.09,11005440.0
"Fixed 1000000, designed",57,11,26,"D 0,1 -> 7,8",8,False,1.0,1000499.0,1,False,0.038065010303649234,2.16,12005939.0
"Fixed 1000000, designed",57,12,73,"D 1,3 -> 7,9",8,False,1.0,1000499.0,1,False,0.038065010303649234,2.2,13006438.0
"Fixed 1000000, designed",57,13,28,"D 0,1 -> 8,9",8,False,0.4860630872732127,1000499.0,1,False,0.038065010303649234,2.23,14006937.0
"Fixed 1000000, designed",57,14,38,"D 0,3 -> 4,5",12,False,0.926049552713892,1000499.0,1,False,0.03806531961054786,2.23,15007436.0
"Fixed 1000000, designed",57,15,55,"D 1,2 -> 4,7",8,False,1.0,1000501.0,1,False,0.038066639751745714,2.17,16007937.0
"Fixed 1000000, designed",58,0,91,"D 2,3 -> 10,11",91,True,0.0,1000503.0,1,False,0.24318730437372557,2.23,1000503.0
"Fixed 1000000, designed",58,1,79,"D 2,3 -> 4,11",79,True,0.0,1000472.0,1,False,0.16102697871065078,2.24,2000975.0
"Fixed 1000000, designed",58,2,76,"D 2,3 -> 4,5",82,False,0.024066516365316204,1000487.0,1,False,0.12998218947189707,2.28,3001462.0
"Fixed 1000000, designed",58,3,82,"D 2,3 -> 5,10",82,True,0.0,1000512.0,1,False,0.15572199591416286,2.22,4001974.0
"Fixed 1000000, designed",58,4,71,"D 1,3 -> 5,9",12,False,1.0,1000499.0,1,False,0.038065025112214046,2.18,5002473.0
"Fixed 1000000, designed",58,5,24,"D 0,1 -> 6,9",12,False,1.0,1000499.0,1,False,0.038065025112214046,2.14,6002972.0
"Fixed 1000000, designed",58,6,43,"D 0,3 -> 5,8",12,False,1.0,1000499.0,1,False,0.038065025112214046,2.15,7003471.0
"Fixed 1000000, designed",58,7,71,"D 1,3 -> 5,9",12,False,1.0,1000499.0,1,False,0.038065025112214046,2.2,8003970.0
"Fixed 1000000, designed",58,8,0,S 0 -> 4,12,False,0.9805362847310377,1000499.0,1,False,0.038065025112214046,2.25,9004469.0
"Fixed 1000000, designed",58,9,30,"D 0,1 -> 9,10",12,False,1.0,1000498.0,1,False,0.038065188733121674,2.17,10004967.0
"Fixed 1000000, designed",58,10,58,"D 1,2 -> 5,6",12,False,1.0,1000498.0,1,False,0.03806518861380312,2.17,11005465.0
"Fixed 1000000, designed",58,11,30,"D 0,1 -> 9,10",12,False,1.0,1000498.0,1,False,0.03806518861380312,2.2,12005963.0
"Fixed 1000000, designed",58,12,16,"D 0,1 -> 4,5",12,False,0.12476742076781444,1000498.0,1,False,0.03806518861380312,2.21,13006461.0
"Fixed 1000000, designed",58,13,74,"D 1,3 -> 7,11",12,False,1.0,1000494.0,1,False,0.03794527678011029,2.19,14006955.0
"Fixed 1000000, designed",58,14,42,"D 0,3 -> 5,6",12,False,1.0,1000494.0,1,False,0.03794527678011029,2.17,15007449.0
"Fixed 1000000, designed",58,15,52,"D 0,3 -> 9,10",12,False,1.0,1000494.0,1,False,0.03794527678011029,2.16,16007943.0
"Fixed 1000000, designed",59,0,91,"D 2,3 -> 10,11",91,True,0.0,1000503.0,1,False,0.24318730437372557,2.2,1000503.0
"Fixed 1000000, designed",59,1,79,"D 2,3 -> 4,11",79,True,0.0,1000472.0,1,False,0.16102697871065078,2.19,2000975.0
"Fixed 1000000, designed",59,2,76,"D 2,3 -> 4,5",82,False,0.024066516365316204,1000487.0,1,False,0.12998218947189707,2.21,3001462.0
"Fixed 1000000, designed",59,3,82,"D 2,3 -> 5,10",82,True,0.0,1000512.0,1,False,0.15572199591416286,2.24,4001974.0
"Fixed 1000000, designed",59,4,68,"D 1,2 -> 9,10",12,False,1.0,1000499.0,1,False,0.038065025112214046,2.22,5002473.0
"Fixed 1000000, designed",59,5,8,S 2 -> 4,12,False,5.7668011033129574e-08,1000499.0,1,False,0.038065025112214046,2.17,6002972.0
"Fixed 1000000, designed",59,6,45,"D 0,3 -> 6,7",15,False,0.6298365934839403,1000477.0,1,False,0.03313194474468539,2.16,7003449.0
"Fixed 1000000, designed",59,7,86,"D 2,3 -> 7,8",15,False,1.0,1000479.0,1,False,0.033105794678750355,2.19,8003928.0
"Fixed 1000000, designed",59,8,24,"D 0,1 -> 6,9",15,False,1.0,1000479.0,1,False,0.033105794803131194,2.26,9004407.0
"Fixed 1000000, designed",59,9,22,"D 0,1 -> 5,10",15,False,0.9064247133379961,1000479.0,1,False,0.033105794803131194,2.16,10004886.0
"Fixed 1000000, designed",59,10,23,"D 0,1 -> 6,7",15,False,0.39517546243771384,1000479.0,1,False,0.03310619393437392,2.21,11005365.0
"Fixed 1000000, designed",59,11,30,"D 0,1 -> 9,10",15,False,1.0,1000478.0,1,False,0.033105153714589275,2.24,12005843.0
"Fixed 1000000, designed",59,12,61,"D 1,2 -> 6,7",15,False,0.5761788675086359,1000478.0,1,False,0.033105153670371035,2.27,13006321.0
"Fixed 1000000, designed",59,13,30,"D 0,1 -> 9,10",15,False,1.0,1000479.0,1,False,0.03314879737436166,2.24,14006800.0
"Fixed 1000000, designed",59,14,27,"D 0,1 -> 7,10",15,False,1.0,1000479.0,1,False,0.03314879737436166,2.23,15007279.0
"Fixed 1000000, designed",59,15,50,"D 0,3 -> 8,9",15,False,0.6326923873533996,1000479.0,1,False,0.03314879737436166,2.21,16007758.0
"Fixed 1000000, pilot",0,0,91,"D 2,3 -> 10,11",91,True,0.0,1000500.0,1,False,0.24318730437372557,8.7,1000500.0
"Fixed 1000000, pilot",0,1,79,"D 2,3 -> 4,11",79,True,0.0,1000502.0,1,False,0.16102697871065078,8.63,2001002.0
"Fixed 1000000, pilot",0,2,76,"D 2,3 -> 4,5",82,False,0.024066516365316204,1000488.0,1,False,0.12998218947189707,8.69,3001490.0
"Fixed 1000000, pilot",0,3,82,"D 2,3 -> 5,10",82,True,0.0,1000496.0,1,False,0.15572199591416286,8.54,4001986.0
"Fixed 1000000, pilot",0,4,30,"D 0,1 -> 9,10",12,False,1.0,1000505.0,1,False,0.038065025112214046,8.52,5002491.0
"Fixed 1000000, pilot",0,5,58,"D 1,2 -> 5,6",12,False,1.0,1000502.0,1,False,0.038065025112214046,8.41,6002993.0
"Fixed 1000000, pilot",0,6,37,"D 0,2 -> 8,10",12,False,1.0,1000485.0,1,False,0.038065025112214046,8.42,7003478.0
"Fixed 1000000, pilot",0,7,7,S 1 -> 11,12,False,0.9596896135456366,1000495.0,1,False,0.038065025112214046,8.59,8003973.0
"Fixed 1000000, pilot",0,8,56,"D 1,2 -> 4,9",8,False,1.0,1000496.0,1,False,0.03807211475017084,8.61,9004469.0
"Fixed 1000000, pilot",0,9,75,"D 1,3 -> 9,11",8,False,1.0,1000494.0,1,False,0.03807211475017084,8.65,10004963.0
"Fixed 1000000, pilot",0,10,73,"D 1,3 -> 7,9",8,False,1.0,1000513.0,1,False,0.03807211475017084,8.54,11005476.0
"Fixed 1000000, pilot",0,11,18,"D 0,1 -> 4,9",8,False,1.0,1000488.0,1,False,0.03807211475017084,8.61,12005964.0
"Fixed 1000000, pilot",0,12,16,"D 0,1 -> 4,5",8,False,0.12631550686048887,1000494.0,1,False,0.03807211475017084,8.61,13006458.0
"Fixed 1000000, pilot",0,13,29,"D 0,1 -> 8,11",8,False,1.0,1000485.0,1,False,0.03795237056994063,8.54,14006943.0
"Fixed 1000000, pilot",0,14,29,"D 0,1 -> 8,11",8,False,1.0,1000501.0,1,False,0.03795237056994063,8.5,15007444.0
"Fixed 1000000, pilot",0,15,63,"D 1,2 -> 6,11",8,False,1.0,1000502.0,1,False,0.03795237056994063,8.57,16007946.0
"Fixed 1000000, pilot",1,0,91,"D 2,3 -> 10,11",91,True,0.0,1000486.0,1,False,0.24318730437372557,8.84,1000486.0
"Fixed 1000000, pilot",1,1,79,"D 2,3 -> 4,11",79,True,0.0,1000487.0,1,False,0.16102697871065078,8.72,2000973.0
"Fixed 1000000, pilot",1,2,76,"D 2,3 -> 4,5",82,False,0.024066516365316204,1000496.0,1,False,0.12998218947189707,8.75,3001469.0
"Fixed 1000000, pilot",1,3,82,"D 2,3 -> 5,10",82,True,0.0,1000497.0,1,False,0.15572199591416286,8.63,4001966.0
"Fixed 1000000, pilot",1,4,0,S 0 -> 4,12,False,0.9805362847310377,1000499.0,1,False,0.038065025112214046,8.65,5002465.0
"Fixed 1000000, pilot",1,5,21,"D 0,1 -> 5,8",12,False,1.0,1000493.0,1,False,0.038065188733121674,8.59,6002958.0
"Fixed 1000000, pilot",1,6,26,"D 0,1 -> 7,8",12,False,1.0,1000475.0,1,False,0.03806518861380312,8.49,7003433.0
"Fixed 1000000, pilot",1,7,19,"D 0,1 -> 4,11",12,False,0.9330054915854616,1000486.0,1,False,0.03806518861380312,8.7,8003919.0
"Fixed 1000000, pilot",1,8,27,"D 0,1 -> 7,10",8,False,1.0,1000492.0,1,False,0.03806808834685045,8.76,9004411.0
"Fixed 1000000, pilot",1,9,6,S 1 -> 9,8,False,1.0,1000495.0,1,False,0.03806808834685045,8.75,10004906.0
"Fixed 1000000, pilot",1,10,26,"D 0,1 -> 7,8",8,False,1.0,1000493.0,1,False,0.03806808834685045,8.78,11005399.0
"Fixed 1000000, pilot",1,11,56,"D 1,2 -> 4,9",8,False,1.0,1000480.0,1,False,0.03806808834685045,8.7,12005879.0
"Fixed 1000000, pilot",1,12,5,S 1 -> 7,8,False,1.0,1000493.0,1,False,0.03806808834685045,8.66,13006372.0
"Fixed 1000000, pilot",1,13,40,"D 0,3 -> 4,9",8,False,1.0,1000472.0,1,False,0.03806808834685045,8.63,14006844.0
"Fixed 1000000, pilot",1,14,16,"D 0,1 -> 4,5",8,False,0.1278472458925417,1000503.0,1,False,0.03806808834685045,8.68,15007347.0
"Fixed 1000000, pilot",1,15,45,"D 0,3 -> 6,7",12,False,0.6703318524339108,1000498.0,1,False,0.03794596476678201,8.69,16007845.0
"Fixed 1000000, pilot",2,0,91,"D 2,3 -> 10,11",91,True,0.0,1000495.0,1,False,0.24318730437372557,8.67,1000495.0
"Fixed 1000000, pilot",2,1,82,"D 2,3 -> 5,10",79,True,2.220446049250313e-16,1000500.0,1,False,0.16102697871065078,8.77,2000995.0
"Fixed 1000000, pilot",2,2,79,"D 2,3 -> 4,11",79,True,0.0,1000496.0,1,False,0.12998218965087896,8.68,3001491.0
"Fixed 1000000, pilot",2,3,76,"D 2,3 -> 4,5",76,True,0.0,1000496.0,1,False,0.1560411524745777,8.67,4001987.0
"Fixed 1000000, pilot",2,4,21,"D 0,1 -> 5,8",8,False,1.0,1000509.0,1,False,0.038065010303649234,8.58,5002496.0
"Fixed 1000000, pilot",2,5,49,"D 0,3 -> 7,10",8,False,1.0,1000502.0,1,False,0.038065010303649234,8.55,6002998.0
"Fixed 1000000, pilot",2,6,43,"D 0,3 -> 5,8",8,False,1.0,1000508.0,1,False,0.038065010303649234,8.54,7003506.0
"Fixed 1000000, pilot",2,7,33,"D 0,2 -> 4,8",8,False,1.0,1000496.0,1,False,0.038065010303649234,8.69,8004002.0
"Fixed 1000000, pilot",2,8,4,S 1 -> 5,8,False,0.9805362616356186,1000502.0,1,False,0.038065010303649234,8.67,9004504.0
"Fixed 1000000, pilot",2,9,46,"D 0,3 -> 6,9",8,False,1.0,1000485.0,1,False,0.038065187861099206,8.77,10004989.0
"Fixed 1000000, pilot",2,10,47,"D 0,3 -> 6,11",8,False,1.0,1000497.0,1,False,0.038065187861099206,8.62,11005486.0
"Fixed 1000000, pilot",2,11,44,"D 0,3 -> 5,10",8,False,0.8216000232413605,1000487.0,1,False,0.038065187861099206,8.76,12005973.0
"Fixed 1000000, pilot",2,12,29,"D 0,1 -> 8,11",12,False,1.0,1000505.0,1,False,0.03811037576108613,8.67,13006478.0
"Fixed 1000000, pilot",2,13,75,"D 1,3 -> 9,11",12,False,1.0,1000501.0,1,False,0.03811037576108613,8.53,14006979.0
"Fixed 1000000, pilot",2,14,19,"D 0,1 -> 4,11",12,False,0.932667089911263,1000487.0,1,False,0.03811037576108613,8.63,15007466.0
"Fixed 1000000, pilot",2,15,29,"D 0,1 -> 8,11",12,False,1.0,1000496.0,1,False,0.038111805082871035,8.62,16007962.0
"Fixed 1000000, pilot",3,0,91,"D 2,3 -> 10,11",91,True,0.0,1000483.0,1,False,0.24318730437372557,8.86,1000483.0
"Fixed 1000000, pilot",3,1,79,"D 2,3 -> 4,11",79,True,0.0,1000489.0,1,False,0.16102697871065078,8.87,2000972.0
"Fixed 1000000, pilot",3,2,76,"D 2,3 -> 4,5",82,False,0.024066516365316204,1000500.0,1,False,0.12998218947189707,8.85,3001472.0
"Fixed 1000000, pilot",3,3,82,"D 2,3 -> 5,10",82,True,0.0,1000496.0,1,False,0.15572199591416286,8.86,4001968.0
"Fixed 1000000, pilot",3,4,46,"D 0,3 -> 6,9",12,False,1.0,1000496.0,1,False,0.038065025112214046,8.78,5002464.0
"Fixed 1000000, pilot",3,5,16,"D 0,1 -> 4,5",12,False,0.12598115105696928,1000488.0,1,False,0.038065025112214046,8.68,6002952.0
"Fixed 1000000, pilot",3,6,7,S 1 -> 11,12,False,0.961064520726128,1000497.0,1,False,0.03794550904773174,8.58,7003449.0
"Fixed 1000000, pilot",3,7,26,"D 0,1 -> 7,8",8,False,1.0,1000471.0,1,False,0.037952398979234664,8.92,8003920.0
"Fixed 1000000, pilot",3,8,59,"D 1,2 -> 5,8",8,False,1.0,1000497.0,1,False,0.037952398979234664,8.86,9004417.0
"Fixed 1000000, pilot",3,9,75,"D 1,3 -> 9,11",8,False,1.0,1000486.0,1,False,0.037952398979234664,8.85,10004903.0
"Fixed 1000000, pilot",3,10,26,"D 0,1 -> 7,8",8,False,1.0,1000499.0,1,False,0.037952398979234664,8.81,11005402.0
"Fixed 1000000, pilot",3,11,4,S 1 -> 5,8,False,0.9552303578580129,1000485.0,1,False,0.037952398979234664,8.85,12005887.0
"Fixed 1000000, pilot",3,12,28,"D 0,1 -> 8,9",8,False,0.4900874161714054,1000494.0,1,False,0.037952764520972564,8.81,13006381.0
"Fixed 1000000, pilot",3,13,37,"D 0,2 -> 8,10",8,False,1.0,1000516.0,1,False,0.03795395013390267,8.77,14006897.0
"Fixed 1000000, pilot",3,14,45,"D 0,3 -> 6,7",8,False,0.6708268371651784,1000501.0,1,False,0.03795395013390267,8.73,15007398.0
"Fixed 1000000, pilot",3,15,44,"D 0,3 -> 5,10",12,False,0.820603520300504,1000489.0,1,False,0.037999549067878,9.01,16007887.0
"Fixed 1000000, pilot",4,0,91,"D 2,3 -> 10,11",91,True,0.0,1000493.0,1,False,0.24318730437372557,8.89,1000493.0
"Fixed 1000000, pilot",4,1,79,"D 2,3 -> 4,11",79,True,0.0,1000484.0,1,False,0.16102697871065078,8.85,2000977.0
"Fixed 1000000, pilot",4,2,82,"D 2,3 -> 5,10",82,True,0.0,1000489.0,1,False,0.12998218947189707,8.82,3001466.0
"Fixed 1000000, pilot",4,3,76,"D 2,3 -> 4,5",76,True,0.0,1000482.0,1,False,0.15604115247457773,8.71,4001948.0
"Fixed 1000000, pilot",4,4,67,"D 1,2 -> 8,11",12,False,1.0,1000483.0,1,False,0.038065010303648644,8.68,5002431.0
"Fixed 1000000, pilot",4,5,72,"D 1,3 -> 5,11",12,False,0.9951197100687342,1000491.0,1,False,0.038065010303648644,8.75,6002922.0
"Fixed 1000000, pilot",4,6,28,"D 0,1 -> 8,9",8,False,0.4860678220979364,1000492.0,1,False,0.038065360918058136,8.56,7003414.0
"Fixed 1000000, pilot",4,7,16,"D 0,1 -> 4,5",8,False,0.12901527546187497,1000490.0,1,False,0.0380656884158372,8.89,8003904.0
"Fixed 1000000, pilot",4,8,41,"D 0,3 -> 4,11",8,False,0.8173438619748921,1000488.0,1,False,0.03794689259916381,8.85,9004392.0
"Fixed 1000000, pilot",4,9,71,"D 1,3 -> 5,9",12,False,1.0,1000488.0,1,False,0.03795511024765139,8.91,10004880.0
"Fixed 1000000, pilot",4,10,20,"D 0,1 -> 5,6",12,False,1.0,1000493.0,1,False,0.03795511101898079,8.94,11005373.0
"Fixed 1000000, pilot",4,11,43,"D 0,3 -> 5,8",12,False,1.0,1000484.0,1,False,0.03795511101898079,8.78,12005857.0
"Fixed 1000000, pilot",4,12,34,"D 0,2 -> 4,10",12,False,0.9945952319220909,1000512.0,1,False,0.03795511101898079,8.83,13006369.0
"Fixed 1000000, pilot",4,13,40,"D 0,3 -> 4,9",8,False,1.0,1000489.0,1,False,0.037955859397472126,8.71,14006858.0
"Fixed 1000000, pilot",4,14,61,"D 1,2 -> 6,7",8,False,0.6706510968342192,1000508.0,1,False,0.037955859397472126,8.82,15007366.0
"Fixed 1000000, pilot",4,15,70,"D 1,3 -> 5,7",8,False,1.0,1000488.0,1,False,0.03800875547881747,8.83,16007854.0
"Fixed 1000000, pilot",5,0,91,"D 2,3 -> 10,11",91,True,0.0,1000483.0,1,False,0.24318730437372557,8.95,1000483.0
"Fixed 1000000, pilot",5,1,79,"D 2,3 -> 4,11",79,True,0.0,1000502.0,1,False,0.16102697871065078,8.92,2000985.0
"Fixed 1000000, pilot",5,2,82,"D 2,3 -> 5,10",82,True,0.0,1000484.0,1,False,0.12998218947189707,9.01,3001469.0
"Fixed 1000000, pilot",5,3,76,"D 2,3 -> 4,5",76,True,0.0,1000497.0,1,False,0.15604115247457773,8.81,4001966.0
"Fixed 1000000, pilot",5,4,17,"D 0,1 -> 4,7",12,False,1.0,1000496.0,1,False,0.038065010303648644,8.69,5002462.0
"Fixed 1000000, pilot",5,5,41,"D 0,3 -> 4,11",12,False,0.8167919311920304,1000487.0,1,False,0.038065010303648644,8.64,6002949.0
"Fixed 1000000, pilot",5,6,27,"D 0,1 -> 7,10",12,False,1.0,1000488.0,1,False,0.03807396696082527,8.67,7003437.0
"Fixed 1000000, pilot",5,7,29,"D 0,1 -> 8,11",12,False,1.0,1000488.0,1,False,0.038073967314532185,8.97,8003925.0
"Fixed 1000000, pilot",5,8,6,S 1 -> 9,12,False,1.0,1000487.0,1,False,0.038073967314532185,8.83,9004412.0
"Fixed 1000000, pilot",5,9,16,"D 0,1 -> 4,5",12,False,0.12667414973963276,1000497.0,1,False,0.038073967314532185,8.91,10004909.0
"Fixed 1000000, pilot",5,10,24,"D 0,1 -> 6,9",12,False,1.0,1000495.0,1,False,0.03795447980311945,8.91,11005404.0
"Fixed 1000000, pilot",5,11,38,"D 0,3 -> 4,5",12,False,0.939727103625729,1000486.0,1,False,0.037954478708491,8.82,12005890.0
"Fixed 1000000, pilot",5,12,47,"D 0,3 -> 6,11",8,False,1.0,1000483.0,1,False,0.03795502227374188,8.93,13006373.0
"Fixed 1000000, pilot",5,13,29,"D 0,1 -> 8,11",8,False,1.0,1000477.0,1,False,0.037955021704071924,8.81,14006850.0
"Fixed 1000000, pilot",5,14,63,"D 1,2 -> 6,11",8,False,1.0,1000496.0,1,False,0.037955021704071924,8.79,15007346.0
"Fixed 1000000, pilot",5,15,33,"D 0,2 -> 4,8",8,False,1.0,1000493.0,1,False,0.037955021704071924,8.88,16007839.0
"Fixed 1000000, pilot",6,0,91,"D 2,3 -> 10,11",91,True,0.0,1000475.0,1,False,0.24318730437372557,8.84,1000475.0
"Fixed 1000000, pilot",6,1,79,"D 2,3 -> 4,11",79,True,0.0,1000497.0,1,False,0.16102697871065078,8.92,2000972.0
"Fixed 1000000, pilot",6,2,76,"D 2,3 -> 4,5",82,False,0.024066516365316204,1000488.0,1,False,0.12998218947189707,8.96,3001460.0
"Fixed 1000000, pilot",6,3,82,"D 2,3 -> 5,10",82,True,0.0,1000478.0,1,False,0.15572199591416286,8.96,4001938.0
"Fixed 1000000, pilot",6,4,65,"D 1,2 -> 7,10",12,False,1.0,1000499.0,1,False,0.038065025112214046,8.89,5002437.0
"Fixed 1000000, pilot",6,5,6,S 1 -> 9,12,False,1.0,1000497.0,1,False,0.038065025112214046,8.8,6002934.0
"Fixed 1000000, pilot",6,6,59,"D 1,2 -> 5,8",12,False,1.0,1000491.0,1,False,0.038065025112214046,8.84,7003425.0
"Fixed 1000000, pilot",6,7,28,"D 0,1 -> 8,9",12,False,0.48606328721181846,1000497.0,1,False,0.038065025112214046,8.83,8003922.0
"Fixed 1000000, pilot",6,8,16,"D 0,1 -> 4,5",8,False,0.12899691629243304,1000477.0,1,False,0.03806532169506669,8.87,9004399.0
"Fixed 1000000, pilot",6,9,20,"D 0,1 -> 5,6",12,False,1.0,1000482.0,1,False,0.03794658540591725,8.85,10004881.0
"Fixed 1000000, pilot",6,10,63,"D 1,2 -> 6,11",12,False,1.0,1000488.0,1,False,0.03794658540591725,8.91,11005369.0
"Fixed 1000000, pilot",6,11,27,"D 0,1 -> 7,10",12,False,1.0,1000479.0,1,False,0.03794658540591725,8.83,12005848.0
"Fixed 1000000, pilot",6,12,43,"D 0,3 -> 5,8",12,False,1.0,1000504.0,1,False,0.03794658540591725,8.77,13006352.0
"Fixed 1000000, pilot",6,13,43,"D 0,3 -> 5,8",12,False,1.0,1000485.0,1,False,0.03794658540591725,8.73,14006837.0
"Fixed 1000000, pilot",6,14,19,"D 0,1 -> 4,11",12,False,0.9723325796230142,1000487.0,1,False,0.03794658540591725,8.8,15007324.0
"Fixed 1000000, pilot",6,15,21,"D 0,1 -> 5,8",8,False,1.0,1000495.0,1,False,0.03794902501649512,8.88,16007819.0
"Fixed 1000000, pilot",7,0,91,"D 2,3 -> 10,11",91,True,0.0,1000499.0,1,False,0.24318730437372557,8.92,1000499.0
"Fixed 1000000, pilot",7,1,79,"D 2,3 -> 4,11",79,True,0.0,1000489.0,1,False,0.16102697871065078,8.93,2000988.0
"Fixed 1000000, pilot",7,2,76,"D 2,3 -> 4,5",82,False,0.024066516365316204,1000501.0,1,False,0.12998218947189707,8.92,3001489.0
"Fixed 1000000, pilot",7,3,82,"D 2,3 -> 5,10",82,True,0.0,1000496.0,1,False,0.15572199591416286,8.96,4001985.0
"Fixed 1000000, pilot",7,4,74,"D 1,3 -> 7,11",12,False,1.0,1000490.0,1,False,0.038065025112214046,8.82,5002475.0
"Fixed 1000000, pilot",7,5,23,"D 0,1 -> 6,7",12,False,0.486063287211818,1000497.0,1,False,0.038065025112214046,8.69,6002972.0
"Fixed 1000000, pilot",7,6,39,"D 0,3 -> 4,7",8,False,1.0,1000490.0,1,False,0.038065329770956974,8.68,7003462.0
"Fixed 1000000, pilot",7,7,24,"D 0,1 -> 6,9",8,False,1.0,1000490.0,1,False,0.038065329770956974,8.89,8003952.0
"Fixed 1000000, pilot",7,8,64,"D 1,2 -> 7,8",8,False,1.0,1000496.0,1,False,0.038065329770956974,8.94,9004448.0
"Fixed 1000000, pilot",7,9,23,"D 0,1 -> 6,7",8,False,0.9999999981495135,1000486.0,1,False,0.038065329770956974,8.99,10004934.0
"Fixed 1000000, pilot",7,10,3,S 0 -> 10,8,False,0.9593016960312643,1000495.0,1,False,0.038065329770956974,8.94,11005429.0
"Fixed 1000000, pilot",7,11,28,"D 0,1 -> 8,9",12,False,0.4877021061736302,1000487.0,1,False,0.03807250142082956,8.89,12005916.0
"Fixed 1000000, pilot",7,12,50,"D 0,3 -> 8,9",12,False,0.6650033876951944,1000484.0,1,False,0.038072851529252494,8.87,13006400.0
"Fixed 1000000, pilot",7,13,23,"D 0,1 -> 6,7",12,False,0.9999692693838746,1000481.0,1,False,0.038128402946367386,8.73,14006881.0
"Fixed 1000000, pilot",7,14,34,"D 0,2 -> 4,10",12,False,0.9959794261554972,1000491.0,1,False,0.0381364930546947,8.85,15007372.0
"Fixed 1000000, pilot",7,15,32,"D 0,2 -> 4,6",12,False,1.0,1000480.0,1,False,0.03813680184275276,8.97,16007852.0
"Fixed 1000000, pilot",8,0,91,"D 2,3 -> 10,11",91,True,0.0,1000495.0,1,False,0.24318730437372557,8.88,1000495.0
"Fixed 1000000, pilot",8,1,82,"D 2,3 -> 5,10",79,True,2.220446049250313e-16,1000480.0,1,False,0.16102697871065078,8.9,2000975.0
"Fixed 1000000, pilot",8,2,76,"D 2,3 -> 4,5",79,False,0.024066513654290578,1000499.0,1,False,0.12998218965087896,8.83,3001474.0
"Fixed 1000000, pilot",8,3,79,"D 2,3 -> 4,11",79,True,0.0,1000512.0,1,False,0.15572199872464462,8.75,4001986.0
"Fixed 1000000, pilot",8,4,59,"D 1,2 -> 5,8",8,False,1.0,1000489.0,1,False,0.03806501943588732,8.77,5002475.0
"Fixed 1000000, pilot",8,5,74,"D 1,3 -> 7,11",8,False,1.0,1000489.0,1,False,0.03806501271233194,8.65,6002964.0
"Fixed 1000000, pilot",8,6,23,"D 0,1 -> 6,7",8,False,0.4860630999706327,1000500.0,1,False,0.03806501124409043,8.57,7003464.0
"Fixed 1000000, pilot",8,7,66,"D 1,2 -> 8,9",12,False,0.6718152980167313,1000483.0,1,False,0.03806532975044049,8.82,8003947.0
"Fixed 1000000, pilot",8,8,29,"D 0,1 -> 8,11",8,False,1.0,1000499.0,1,False,0.03811814429840631,8.97,9004446.0
"Fixed 1000000, pilot",8,9,54,"D 1,2 -> 4,5",8,False,0.9204683275603058,1000484.0,1,False,0.03811814429840631,8.82,10004930.0
"Fixed 1000000, pilot",8,10,21,"D 0,1 -> 5,8",8,False,1.0,1000487.0,1,False,0.03811089354515432,8.81,11005417.0
"Fixed 1000000, pilot",8,11,54,"D 1,2 -> 4,5",8,False,0.9999999971353856,1000491.0,1,False,0.03811089354515432,8.83,12005908.0
"Fixed 1000000, pilot",8,12,25,"D 0,1 -> 6,11",8,False,1.0,1000504.0,1,False,0.03811089354515432,8.76,13006412.0
"Fixed 1000000, pilot",8,13,59,"D 1,2 -> 5,8",8,False,1.0,1000497.0,1,False,0.03811089354515432,8.68,14006909.0
"Fixed 1000000, pilot",8,14,16,"D 0,1 -> 4,5",8,False,0.13323915429951383,1000495.0,1,False,0.03811089354515432,8.82,15007404.0
"Fixed 1000000, pilot",8,15,37,"D 0,2 -> 8,10",8,False,1.0,1000493.0,1,False,0.03799316679161359,8.84,16007897.0
"Fixed 1000000, pilot",9,0,91,"D 2,3 -> 10,11",91,True,0.0,1000492.0,1,False,0.24318730437372557,8.88,1000492.0
"Fixed 1000000, pilot",9,1,82,"D 2,3 -> 5,10",79,True,2.220446049250313e-16,1000487.0,1,False,0.16102697871065078,8.86,2000979.0
"Fixed 1000000, pilot",9,2,79,"D 2,3 -> 4,11",79,True,0.0,1000489.0,1,False,0.12998218965087896,8.8,3001468.0
"Fixed 1000000, pilot",9,3,76,"D 2,3 -> 4,5",76,True,0.0,1000492.0,1,False,0.1560411524745777,8.81,4001960.0
"Fixed 1000000, pilot",9,4,34,"D 0,2 -> 4,10",8,False,0.9951197100687343,1000483.0,1,False,0.038065010303649234,8.7,5002443.0
"Fixed 1000000, pilot",9,5,29,"D 0,1 -> 8,11",12,False,1.0,1000512.0,1,False,0.03806536921809679,8.66,6002955.0
"Fixed 1000000, pilot",9,6,23,"D 0,1 -> 6,7",12,False,0.48606793415929395,1000511.0,1,False,0.03806536921809679,8.57,7003466.0
"Fixed 1000000, pilot",9,7,28,"D 0,1 -> 8,9",12,False,0.48766200657298064,1000492.0,1,False,0.03806568836911829,8.92,8003958.0
"Fixed 1000000, pilot",9,8,7,S 1 -> 11,12,False,0.9589196284822278,1000508.0,1,False,0.038065994739064274,8.91,9004466.0
"Fixed 1000000, pilot",9,9,46,"D 0,3 -> 6,9",8,False,1.0,1000484.0,1,False,0.03807202437580091,8.91,10004950.0
"Fixed 1000000, pilot",9,10,16,"D 0,1 -> 4,5",8,False,0.13232596119656737,1000487.0,1,False,0.03807202437580091,8.96,11005437.0
"Fixed 1000000, pilot",9,11,51,"D 0,3 -> 8,11",8,False,1.0,1000502.0,1,False,0.037953921121840206,8.74,12005939.0
"Fixed 1000000, pilot",9,12,30,"D 0,1 -> 9,10",8,False,1.0,1000496.0,1,False,0.037953921121840206,8.88,13006435.0
"Fixed 1000000, pilot",9,13,65,"D 1,2 -> 7,10",8,False,1.0,1000504.0,1,False,0.037953921121840206,8.77,14006939.0
"Fixed 1000000, pilot",9,14,22,"D 0,1 -> 5,10",8,False,0.9723939758089302,1000488.0,1,False,0.037953921121840206,8.88,15007427.0
"Fixed 1000000, pilot",9,15,31,"D 0,1 -> 10,11",12,False,0.7193191106790779,1000500.0,1,False,0.037955392072621885,8.92,16007927.0
"Fixed 1000000, pilot",10,0,91,"D 2,3 -> 10,11",91,True,0.0,1000495.0,1,False,0.24318730437372557,8.91,1000495.0
"Fixed 1000000, pilot",10,1,82,"D 2,3 -> 5,10",79,True,2.220446049250313e-16,1000493.0,1,False,0.16102697871065078,8.9,2000988.0
"Fixed 1000000, pilot",10,2,79,"D 2,3 -> 4,11",79,True,0.0,1000481.0,1,False,0.12998218965087896,8.89,3001469.0
"Fixed 1000000, pilot",10,3,76,"D 2,3 -> 4,5",76,True,0.0,1000502.0,1,False,0.1560411524745777,8.82,4001971.0
"Fixed 1000000, pilot",10,4,41,"D 0,3 -> 4,11",8,False,0.8167919311796229,1000495.0,1,False,0.038065010303649234,8.71,5002466.0
"Fixed 1000000, pilot",10,5,68,"D 1,2 -> 9,10",12,False,1.0,1000484.0,1,False,0.03807396556467452,8.74,6002950.0
"Fixed 1000000, pilot",10,6,24,"D 0,1 -> 6,9",12,False,1.0,1000505.0,1,False,0.03807396556467452,8.57,7003455.0
"Fixed 1000000, pilot",10,7,31,"D 0,1 -> 10,11",12,False,0.6642037675279853,1000481.0,1,False,0.03807396556467452,9.01,8003936.0
"Fixed 1000000, pilot",10,8,32,"D 0,2 -> 4,6",12,False,1.0,1000485.0,1,False,0.03807231608635767,8.97,9004421.0
"Fixed 1000000, pilot",10,9,53,"D 0,3 -> 10,11",12,False,0.8241992083530711,1000503.0,1,False,0.03807231608635767,8.89,10004924.0
"Fixed 1000000, pilot",10,10,47,"D 0,3 -> 6,11",12,False,1.0,1000485.0,1,False,0.03809202770305755,8.88,11005409.0
"Fixed 1000000, pilot",10,11,46,"D 0,3 -> 6,9",12,False,1.0,1000513.0,1,False,0.03809202770305755,8.84,12005922.0
"Fixed 1000000, pilot",10,12,28,"D 0,1 -> 8,9",12,False,0.48716073154865114,1000489.0,1,False,0.03809202770305755,8.8,13006411.0
"Fixed 1000000, pilot",10,13,16,"D 0,1 -> 4,5",12,False,0.15001136167199325,1000494.0,1,False,0.03809234954117077,8.77,14006905.0
"Fixed 1000000, pilot",10,14,28,"D 0,1 -> 8,9",12,False,0.9998385160096326,1000510.0,1,False,0.037973853099765066,8.78,15007415.0
"Fixed 1000000, pilot",10,15,27,"D 0,1 -> 7,10",12,False,1.0,1000483.0,1,False,0.03821815569603091,8.88,16007898.0
"Fixed 1000000, pilot",11,0,91,"D 2,3 -> 10,11",91,True,0.0,1000485.0,1,False,0.24318730437372557,8.89,1000485.0
"Fixed 1000000, pilot",11,1,79,"D 2,3 -> 4,11",79,True,0.0,1000488.0,1,False,0.16102697871065078,8.8,2000973.0
"Fixed 1000000, pilot",11,2,82,"D 2,3 -> 5,10",82,True,0.0,1000498.0,1,False,0.12998218947189707,8.8,3001471.0
"Fixed 1000000, pilot",11,3,76,"D 2,3 -> 4,5",76,True,0.0,1000482.0,1,False,0.15604115247457773,8.78,4001953.0
"Fixed 1000000, pilot",11,4,23,"D 0,1 -> 6,7",12,False,0.48606308727320313,1000494.0,1,False,0.038065010303648644,8.72,5002447.0
"Fixed 1000000, pilot",11,5,4,S 1 -> 5,8,False,0.9795449027279902,1000498.0,1,False,0.03806532974654662,8.68,6002945.0
"Fixed 1000000, pilot",11,6,31,"D 0,1 -> 10,11",8,False,0.6650423464159623,1000508.0,1,False,0.03806551586417857,8.64,7003453.0
"Fixed 1000000, pilot",11,7,16,"D 0,1 -> 4,5",8,False,0.14717373382132748,1000493.0,1,False,0.03806384422383408,9.01,8003946.0
"Fixed 1000000, pilot",11,8,66,"D 1,2 -> 8,9",8,False,0.6703073898733414,1000503.0,1,False,0.03794506731746081,8.86,9004449.0
"Fixed 1000000, pilot",11,9,30,"D 0,1 -> 9,10",8,False,1.0,1000486.0,1,False,0.03799804490120329,8.83,10004935.0
"Fixed 1000000, pilot",11,10,28,"D 0,1 -> 8,9",8,False,0.48018912083879717,1000485.0,1,False,0.03799804490120329,8.82,11005420.0
"Fixed 1000000, pilot",11,11,3,S 0 -> 10,8,False,0.958066142620058,1000499.0,1,False,0.038001507674528805,8.93,12005919.0
"Fixed 1000000, pilot",11,12,72,"D 1,3 -> 5,11",8,False,0.9950639000155582,1000490.0,1,False,0.03800682697131482,8.81,13006409.0
"Fixed 1000000, pilot",11,13,71,"D 1,3 -> 5,9",8,False,1.0,1000506.0,1,False,0.03800717708227114,8.82,14006915.0
"Fixed 1000000, pilot",11,14,29,"D 0,1 -> 8,11",8,False,1.0,1000493.0,1,False,0.03800717708227114,8.88,15007408.0
"Fixed 1000000, pilot",11,15,71,"D 1,3 -> 5,9",8,False,1.0,1000477.0,1,False,0.03800717708227114,8.96,16007885.0
"Fixed 1000000, pilot",12,0,91,"D 2,3 -> 10,11",91,True,0.0,1000469.0,1,False,0.24318730437372557,8.67,1000469.0
"Fixed 1000000, pilot",12,1,79,"D 2,3 -> 4,11",79,True,0.0,1000497.0,1,False,0.16102697871065078,8.68,2000966.0
"Fixed 1000000, pilot",12,2,82,"D 2,3 -> 5,10",82,True,0.0,1000494.0,1,False,0.12998218947189707,8.59,3001460.0
"Fixed 1000000, pilot",12,3,76,"D 2,3 -> 4,5",76,True,0.0,1000499.0,1,False,0.15604115247457773,8.67,4001959.0
"Fixed 1000000, pilot",12,4,64,"D 1,2 -> 7,8",12,False,1.0,1000504.0,1,False,0.038065010303648644,8.6,5002463.0
"Fixed 1000000, pilot",12,5,30,"D 0,1 -> 9,10",12,False,1.0,1000501.0,1,False,0.038065010303648644,8.53,6002964.0
"Fixed 1000000, pilot",12,6,56,"D 1,2 -> 4,9",12,False,1.0,1000504.0,1,False,0.038065010303648644,8.54,7003468.0
"Fixed 1000000, pilot",12,7,31,"D 0,1 -> 10,11",12,False,0.6640451924317095,1000499.0,1,False,0.038065010303648644,8.55,8003967.0
"Fixed 1000000, pilot",12,8,23,"D 0,1 -> 6,7",8,False,0.48675842585590734,1000473.0,1,False,0.03806334281270884,8.58,9004440.0
"Fixed 1000000, pilot",12,9,2,S 0 -> 8,8,False,1.0,1000491.0,1,False,0.03806366153225485,8.7,10004931.0
"Fixed 1000000, pilot",12,10,23,"D 0,1 -> 6,7",8,False,0.9999996468547253,1000494.0,1,False,0.03806366153225485,8.78,11005425.0
"Fixed 1000000, pilot",12,11,20,"D 0,1 -> 5,6",8,False,1.0,1000484.0,1,False,0.03806366153225485,8.66,12005909.0
"Fixed 1000000, pilot",12,12,38,"D 0,3 -> 4,5",8,False,0.9260418262319334,1000490.0,1,False,0.03806366153225485,8.52,13006399.0
"Fixed 1000000, pilot",12,13,16,"D 0,1 -> 4,5",8,False,0.1515115724985845,1000486.0,1,False,0.03806497746739307,8.5,14006885.0
"Fixed 1000000, pilot",12,14,20,"D 0,1 -> 5,6",8,False,1.0,1000492.0,1,False,0.03794673264465596,8.63,15007377.0
"Fixed 1000000, pilot",12,15,5,S 1 -> 7,8,False,1.0,1000499.0,1,False,0.03794673264465596,8.66,16007876.0
"Fixed 1000000, pilot",13,0,91,"D 2,3 -> 10,11",91,True,0.0,1000492.0,1,False,0.24318730437372557,8.62,1000492.0
"Fixed 1000000, pilot",13,1,82,"D 2,3 -> 5,10",79,True,2.220446049250313e-16,1000488.0,1,False,0.16102697871065078,8.62,2000980.0
"Fixed 1000000, pilot",13,2,79,"D 2,3 -> 4,11",79,True,0.0,1000506.0,1,False,0.12998218965087896,8.44,3001486.0
"Fixed 1000000, pilot",13,3,76,"D 2,3 -> 4,5",76,True,0.0,1000484.0,1,False,0.1560411524745777,8.56,4001970.0
"Fixed 1000000, pilot",13,4,59,"D 1,2 -> 5,8",8,False,1.0,1000494.0,1,False,0.038065010303649234,8.57,5002464.0
"Fixed 1000000, pilot",13,5,16,"D 0,1 -> 4,5",8,False,0.12598077480875025,1000479.0,1,False,0.038065010303649234,8.56,6002943.0
"Fixed 1000000, pilot",13,6,0,S 0 -> 4,8,False,0.957731759135362,1000497.0,1,False,0.03794550734818707,8.44,7003440.0
"Fixed 1000000, pilot",13,7,75,"D 1,3 -> 9,11",12,False,1.0,1000493.0,1,False,0.03794525822439252,8.47,8003933.0
"Fixed 1000000, pilot",13,8,42,"D 0,3 -> 5,6",12,False,1.0,1000484.0,1,False,0.03794525889374954,8.57,9004417.0
"Fixed 1000000, pilot",13,9,23,"D 0,1 -> 6,7",12,False,0.49005304819381,1000499.0,1,False,0.03794525889374954,8.64,10004916.0
"Fixed 1000000, pilot",13,10,3,S 0 -> 10,12,False,0.9576890225552324,1000488.0,1,False,0.03794637926297014,8.65,11005404.0
"Fixed 1000000, pilot",13,11,28,"D 0,1 -> 8,9",12,False,0.49165776691119945,1000482.0,1,False,0.037953976006977315,8.62,12005886.0
"Fixed 1000000, pilot",13,12,27,"D 0,1 -> 7,10",12,False,1.0,1000480.0,1,False,0.03795514642818422,8.65,13006366.0
"Fixed 1000000, pilot",13,13,54,"D 1,2 -> 4,5",12,False,0.9390958955506201,1000495.0,1,False,0.03795514642818422,8.58,14006861.0
"Fixed 1000000, pilot",13,14,54,"D 1,2 -> 4,5",12,False,0.9999999970993778,1000486.0,1,False,0.03795654249289613,8.79,15007347.0
"Fixed 1000000, pilot",13,15,36,"D 0,2 -> 6,10",12,False,1.0,1000489.0,1,False,0.037956544968392264,8.72,16007836.0
"Fixed 1000000, pilot",14,0,91,"D 2,3 -> 10,11",91,True,0.0,1000498.0,1,False,0.24318730437372557,8.92,1000498.0
"Fixed 1000000, pilot",14,1,79,"D 2,3 -> 4,11",79,True,0.0,1000495.0,1,False,0.16102697871065078,8.66,2000993.0
"Fixed 1000000, pilot",14,2,76,"D 2,3 -> 4,5",82,False,0.024066516365316204,1000501.0,1,False,0.12998218947189707,8.39,3001494.0
"Fixed 1000000, pilot",14,3,82,"D 2,3 -> 5,10",82,True,0.0,1000503.0,1,False,0.15572199591416286,8.59,4001997.0
"Fixed 1000000, pilot",14,4,67,"D 1,2 -> 8,11",12,False,1.0,1000501.0,1,False,0.038065025112214046,8.57,5002498.0
"Fixed 1000000, pilot",14,5,62,"D 1,2 -> 6,9",12,False,1.0,1000491.0,1,False,0.038065025112214046,8.57,6002989.0
"Fixed 1000000, pilot",14,6,27,"D 0,1 -> 7,10",12,False,1.0,1000502.0,1,False,0.038065025112214046,8.65,7003491.0
"Fixed 1000000, pilot",14,7,39,"D 0,3 -> 4,7",12,False,1.0,1000490.0,1,False,0.038065025112214046,8.56,8003981.0
"Fixed 1000000, pilot",14,8,23,"D 0,1 -> 6,7",12,False,0.486063287211818,1000501.0,1,False,0.038065025112214046,8.69,9004482.0
"Fixed 1000000, pilot",14,9,4,S 1 -> 5,8,False,0.9795449027302302,1000496.0,1,False,0.038065329770956974,8.74,10004978.0
"Fixed 1000000, pilot",14,10,31,"D 0,1 -> 10,11",8,False,0.6650423480292216,1000488.0,1,False,0.03806551613780379,8.78,11005466.0
"Fixed 1000000, pilot",14,11,19,"D 0,1 -> 4,11",8,False,0.9409624839874806,1000498.0,1,False,0.038063844850456836,8.7,12005964.0
"Fixed 1000000, pilot",14,12,30,"D 0,1 -> 9,10",8,False,1.0,1000494.0,1,False,0.038068276799695336,8.62,13006458.0
"Fixed 1000000, pilot",14,13,25,"D 0,1 -> 6,11",8,False,1.0,1000503.0,1,False,0.038068276799695336,8.43,14006961.0
"Fixed 1000000, pilot",14,14,1,S 0 -> 6,8,False,1.0,1000504.0,1,False,0.038068276799695336,8.61,15007465.0
"Fixed 1000000, pilot",14,15,18,"D 0,1 -> 4,9",8,False,1.0,1000490.0,1,False,0.038068276799695336,8.62,16007955.0
"Fixed 1000000, pilot",15,0,91,"D 2,3 -> 10,11",91,True,0.0,1000493.0,1,False,0.24318730437372557,8.82,1000493.0
"Fixed 1000000, pilot",15,1,82,"D 2,3 -> 5,10",79,True,2.220446049250313e-16,1000475.0,1,False,0.16102697871065078,8.74,2000968.0
"Fixed 1000000, pilot",15,2,79,"D 2,3 -> 4,11",79,True,0.0,1000491.0,1,False,0.12998218965087896,8.74,3001459.0
"Fixed 1000000, pilot",15,3,76,"D 2,3 -> 4,5",76,True,0.0,1000482.0,1,False,0.1560411524745777,8.85,4001941.0
"Fixed 1000000, pilot",15,4,61,"D 1,2 -> 6,7",8,False,0.6718113927335925,1000503.0,1,False,0.038065010303649234,8.76,5002444.0
"Fixed 1000000, pilot",15,5,16,"D 0,1 -> 4,5",8,False,0.12717747872062768,1000483.0,1,False,0.03811782566906654,8.74,6002927.0
"Fixed 1000000, pilot",15,6,24,"D 0,1 -> 6,9",8,False,1.0,1000477.0,1,False,0.037998327282540614,8.75,7003404.0
"Fixed 1000000, pilot",15,7,53,"D 0,3 -> 10,11",8,False,0.8299909692928487,1000492.0,1,False,0.037998327282540614,8.58,8003896.0
"Fixed 1000000, pilot",15,8,53,"D 0,3 -> 10,11",8,False,0.9999999996995744,1000485.0,1,False,0.03800139914978078,8.85,9004381.0
"Fixed 1000000, pilot",15,9,44,"D 0,3 -> 5,10",8,False,0.8161206378152146,1000496.0,1,False,0.03800139914978078,8.86,10004877.0
"Fixed 1000000, pilot",15,10,17,"D 0,1 -> 4,7",12,False,1.0,1000474.0,1,False,0.03800967326943724,8.91,11005351.0
"Fixed 1000000, pilot",15,11,51,"D 0,3 -> 8,11",12,False,1.0,1000491.0,1,False,0.03800966258877793,8.84,12005842.0
"Fixed 1000000, pilot",15,12,27,"D 0,1 -> 7,10",12,False,1.0,1000494.0,1,False,0.03800966258877793,8.58,13006336.0
"Fixed 1000000, pilot",15,13,27,"D 0,1 -> 7,10",12,False,1.0,1000499.0,1,False,0.03800966258877793,8.71,14006835.0
"Fixed 1000000, pilot",15,14,4,S 1 -> 5,12,False,0.9533270986425479,1000500.0,1,False,0.03800966258877793,8.75,15007335.0
"Fixed 1000000, pilot",15,15,27,"D 0,1 -> 7,10",12,False,1.0,1000486.0,1,False,0.038004223206195654,8.8,16007821.0
"Fixed 1000000, pilot",16,0,91,"D 2,3 -> 10,11",91,True,0.0,1000493.0,1,False,0.24318730437372557,8.81,1000493.0
"Fixed 1000000, pilot",16,1,79,"D 2,3 -> 4,11",79,True,0.0,1000495.0,1,False,0.16102697871065078,8.87,2000988.0
"Fixed 1000000, pilot",16,2,76,"D 2,3 -> 4,5",82,False,0.024066516365316204,1000492.0,1,False,0.12998218947189707,8.77,3001480.0
"Fixed 1000000, pilot",16,3,82,"D 2,3 -> 5,10",82,True,0.0,1000490.0,1,False,0.15572199591416286,8.8,4001970.0
"Fixed 1000000, pilot",16,4,70,"D 1,3 -> 5,7",12,False,1.0,1000502.0,1,False,0.038065025112214046,8.64,5002472.0
"Fixed 1000000, pilot",16,5,16,"D 0,1 -> 4,5",12,False,0.12598115105696928,1000500.0,1,False,0.038065025112214046,8.78,6002972.0
"Fixed 1000000, pilot",16,6,8,S 2 -> 4,12,False,6.762012938477113e-08,1000505.0,1,False,0.03794550904773174,8.7,7003477.0
"Fixed 1000000, pilot",16,7,63,"D 1,2 -> 6,11",15,False,1.0,1000481.0,1,False,0.033005477641596837,8.75,8003958.0
"Fixed 1000000, pilot",16,8,50,"D 0,3 -> 8,9",15,False,0.6283692208024495,1000513.0,1,False,0.033005477641596837,8.91,9004471.0
"Fixed 1000000, pilot",16,9,69,"D 1,2 -> 10,11",15,False,0.768493541816212,1000504.0,1,False,0.03297932370655737,8.85,10004975.0
"Fixed 1000000, pilot",16,10,4,S 1 -> 5,15,False,0.9640830829698182,1000482.0,1,False,0.03299790656894336,8.83,11005457.0
"Fixed 1000000, pilot",16,11,55,"D 1,2 -> 4,7",15,False,1.0,1000469.0,1,False,0.03299198108059709,8.79,12005926.0
"Fixed 1000000, pilot",16,12,46,"D 0,3 -> 6,9",15,False,1.0,1000473.0,1,False,0.03299198108059709,8.65,13006399.0
"Fixed 1000000, pilot",16,13,4,S 1 -> 5,15,False,0.9999999999388033,1000502.0,1,False,0.03299198108059709,8.84,14006901.0
"Fixed 1000000, pilot",16,14,18,"D 0,1 -> 4,9",15,False,1.0,1000496.0,1,False,0.03299198108059709,8.86,15007397.0
"Fixed 1000000, pilot",16,15,65,"D 1,2 -> 7,10",15,False,1.0,1000487.0,1,False,0.03299198108059709,8.9,16007884.0
"Fixed 1000000, pilot",17,0,91,"D 2,3 -> 10,11",91,True,0.0,1000468.0,1,False,0.24318730437372557,8.87,1000468.0
"Fixed 1000000, pilot",17,1,82,"D 2,3 -> 5,10",79,True,2.220446049250313e-16,1000492.0,1,False,0.16102697871065078,8.69,2000960.0
"Fixed 1000000, pilot",17,2,79,"D 2,3 -> 4,11",79,True,0.0,1000483.0,1,False,0.12998218965087896,8.72,3001443.0
"Fixed 1000000, pilot",17,3,76,"D 2,3 -> 4,5",76,True,0.0,1000499.0,1,False,0.1560411524745777,8.83,4001942.0
"Fixed 1000000, pilot",17,4,22,"D 0,1 -> 5,10",8,False,0.9327348534292613,1000492.0,1,False,0.038065010303649234,8.69,5002434.0
"Fixed 1000000, pilot",17,5,34,"D 0,2 -> 4,10",12,False,0.9951297475339568,1000496.0,1,False,0.03807016558475319,8.75,6002930.0
"Fixed 1000000, pilot",17,6,54,"D 1,2 -> 4,5",12,False,0.9259901550807158,1000490.0,1,False,0.03807049966454285,8.73,7003420.0
"Fixed 1000000, pilot",17,7,26,"D 0,1 -> 7,8",12,False,1.0,1000496.0,1,False,0.03807184877025878,8.74,8003916.0
"Fixed 1000000, pilot",17,8,3,S 0 -> 10,12,False,0.961322219401764,1000487.0,1,False,0.03807184914558995,8.85,9004403.0
"Fixed 1000000, pilot",17,9,49,"D 0,3 -> 7,10",12,False,1.0,1000492.0,1,False,0.038078518031024716,8.88,10004895.0
"Fixed 1000000, pilot",17,10,16,"D 0,1 -> 4,5",12,False,0.13236849709558418,1000484.0,1,False,0.038078518031024716,8.96,11005379.0
"Fixed 1000000, pilot",17,11,4,S 1 -> 5,12,False,0.9571628840128479,1000479.0,1,False,0.03795624266617734,8.84,12005858.0
"Fixed 1000000, pilot",17,12,4,S 1 -> 5,12,False,0.9999999992978571,1000500.0,1,False,0.0379512577192566,8.63,13006358.0
"Fixed 1000000, pilot",17,13,51,"D 0,3 -> 8,11",12,False,1.0,1000494.0,1,False,0.03795125775254502,8.89,14006852.0
"Fixed 1000000, pilot",17,14,19,"D 0,1 -> 4,11",12,False,0.9738696177041677,1000493.0,1,False,0.03795125775254502,8.8,15007345.0
"Fixed 1000000, pilot",17,15,75,"D 1,3 -> 9,11",12,False,1.0,1000508.0,1,False,0.03795178596154572,8.96,16007853.0
"Fixed 1000000, pilot",18,0,91,"D 2,3 -> 10,11",91,True,0.0,1000488.0,1,False,0.24318730437372557,8.9,1000488.0
"Fixed 1000000, pilot",18,1,79,"D 2,3 -> 4,11",79,True,0.0,1000484.0,1,False,0.16102697871065078,8.69,2000972.0
"Fixed 1000000, pilot",18,2,82,"D 2,3 -> 5,10",82,True,0.0,1000505.0,1,False,0.12998218947189707,8.88,3001477.0
"Fixed 1000000, pilot",18,3,76,"D 2,3 -> 4,5",76,True,0.0,1000491.0,1,False,0.15604115247457773,8.76,4001968.0
"Fixed 1000000, pilot",18,4,26,"D 0,1 -> 7,8",12,False,1.0,1000488.0,1,False,0.038065010303648644,8.67,5002456.0
"Fixed 1000000, pilot",18,5,22,"D 0,1 -> 5,10",12,False,0.9327348534221704,1000496.0,1,False,0.038065010303648644,8.71,6002952.0
"Fixed 1000000, pilot",18,6,44,"D 0,3 -> 5,10",12,False,0.8206135736563085,1000496.0,1,False,0.038070163565526734,8.69,7003448.0
"Fixed 1000000, pilot",18,7,27,"D 0,1 -> 7,10",12,False,1.0,1000488.0,1,False,0.03811867976084836,8.75,8003936.0
"Fixed 1000000, pilot",18,8,16,"D 0,1 -> 4,5",12,False,0.1306676795915085,1000489.0,1,False,0.03811867976084836,8.98,9004425.0
"Fixed 1000000, pilot",18,9,66,"D 1,2 -> 8,9",12,False,0.6710031457940937,1000502.0,1,False,0.037996344699132156,8.86,10004927.0
"Fixed 1000000, pilot",18,10,60,"D 1,2 -> 5,10",12,False,0.8168279489279768,1000501.0,1,False,0.03799157217081616,8.88,11005428.0
"Fixed 1000000, pilot",18,11,32,"D 0,2 -> 4,6",12,False,1.0,1000502.0,1,False,0.037999973152705466,8.86,12005930.0
"Fixed 1000000, pilot",18,12,0,S 0 -> 4,12,False,0.9542429588338643,1000492.0,1,False,0.03799997458757754,8.75,13006422.0
"Fixed 1000000, pilot",18,13,40,"D 0,3 -> 4,9",12,False,1.0,1000503.0,1,False,0.038000137531538435,8.86,14006925.0
"Fixed 1000000, pilot",18,14,73,"D 1,3 -> 7,9",12,False,1.0,1000496.0,1,False,0.038000137531538435,8.83,15007421.0
"Fixed 1000000, pilot",18,15,3,S 0 -> 10,12,False,0.9502412532036381,1000487.0,1,False,0.038000137531538435,8.86,16007908.0
"Fixed 1000000, pilot",19,0,91,"D 2,3 -> 10,11",91,True,0.0,1000482.0,1,False,0.24318730437372557,8.86,1000482.0
"Fixed 1000000, pilot",19,1,79,"D 2,3 -> 4,11",79,True,0.0,1000483.0,1,False,0.16102697871065078,8.71,2000965.0
"Fixed 1000000, pilot",19,2,82,"D 2,3 -> 5,10",82,True,0.0,1000498.0,1,False,0.12998218947189707,8.87,3001463.0
"Fixed 1000000, pilot",19,3,76,"D 2,3 -> 4,5",76,True,0.0,1000472.0,1,False,0.15604115247457773,8.74,4001935.0
"Fixed 1000000, pilot",19,4,25,"D 0,1 -> 6,11",12,False,1.0,1000483.0,1,False,0.038065010303648644,8.63,5002418.0
"Fixed 1000000, pilot",19,5,23,"D 0,1 -> 6,7",12,False,0.48606308727320313,1000492.0,1,False,0.038065010303648644,8.79,6002910.0
"Fixed 1000000, pilot",19,6,16,"D 0,1 -> 4,5",8,False,0.12899713624196152,1000485.0,1,False,0.03806532974654662,8.67,7003395.0
"Fixed 1000000, pilot",19,7,62,"D 1,2 -> 6,9",12,False,1.0,1000483.0,1,False,0.03794658534376915,8.81,8003878.0
"Fixed 1000000, pilot",19,8,72,"D 1,3 -> 5,11",12,False,0.9958147031644206,1000494.0,1,False,0.03794658534376915,8.83,9004372.0
"Fixed 1000000, pilot",19,9,20,"D 0,1 -> 5,6",8,False,1.0,1000496.0,1,False,0.03794689250342632,8.85,10004868.0
"Fixed 1000000, pilot",19,10,16,"D 0,1 -> 4,5",8,False,0.9999999403954034,1000503.0,1,False,0.03794689250342632,8.92,11005371.0
"Fixed 1000000, pilot",19,11,39,"D 0,3 -> 4,7",8,False,1.0,1000493.0,1,False,0.03794689250342632,8.79,12005864.0
"Fixed 1000000, pilot",19,12,57,"D 1,2 -> 4,11",8,False,0.8213806630417744,1000481.0,1,False,0.03794689250342632,8.66,13006345.0
"Fixed 1000000, pilot",19,13,30,"D 0,1 -> 9,10",8,False,1.0,1000503.0,1,False,0.037994848240877774,8.92,14006848.0
"Fixed 1000000, pilot",19,14,52,"D 0,3 -> 9,10",8,False,1.0,1000494.0,1,False,0.037994847932777916,9.04,15007342.0
"Fixed 1000000, pilot",19,15,40,"D 0,3 -> 4,9",8,False,1.0,1000487.0,1,False,0.037994847932777916,8.89,16007829.0
"Fixed 1000000, pilot",20,0,91,"D 2,3 -> 10,11",91,True,0.0,1000494.0,1,False,0.24318730437372557,8.95,1000494.0
"Fixed 1000000, pilot",20,1,82,"D 2,3 -> 5,10",79,True,2.220446049250313e-16,1000484.0,1,False,0.16102697871065078,8.77,2000978.0
"Fixed 1000000, pilot",20,2,79,"D 2,3 -> 4,11",79,True,0.0,1000496.0,1,False,0.12998218965087896,8.94,3001474.0
"Fixed 1000000, pilot",20,3,76,"D 2,3 -> 4,5",76,True,0.0,1000487.0,1,False,0.1560411524745777,8.84,4001961.0
"Fixed 1000000, pilot",20,4,23,"D 0,1 -> 6,7",8,False,0.48606308727321224,1000511.0,1,False,0.038065010303649234,8.69,5002472.0
"Fixed 1000000, pilot",20,5,29,"D 0,1 -> 8,11",12,False,1.0,1000508.0,1,False,0.0380653173349411,8.73,6002980.0
"Fixed 1000000, pilot",20,6,69,"D 1,2 -> 10,11",12,False,0.8298960758162972,1000492.0,1,False,0.03806532674220862,8.72,7003472.0
"Fixed 1000000, pilot",20,7,67,"D 1,2 -> 8,11",8,False,1.0,1000500.0,1,False,0.038083996873399494,8.89,8003972.0
"Fixed 1000000, pilot",20,8,51,"D 0,3 -> 8,11",8,False,1.0,1000485.0,1,False,0.038083996873399494,8.92,9004457.0
"Fixed 1000000, pilot",20,9,16,"D 0,1 -> 4,5",8,False,0.12941823962875432,1000494.0,1,False,0.038083996873399494,8.96,10004951.0
"Fixed 1000000, pilot",20,10,61,"D 1,2 -> 6,7",8,False,0.665455461357288,1000487.0,1,False,0.037965247136263904,9.02,11005438.0
"Fixed 1000000, pilot",20,11,26,"D 0,1 -> 7,8",8,False,1.0,1000482.0,1,False,0.038019929639291884,8.93,12005920.0
"Fixed 1000000, pilot",20,12,34,"D 0,2 -> 4,10",8,False,0.9956329062867139,1000482.0,1,False,0.038019929639291884,8.72,13006402.0
"Fixed 1000000, pilot",20,13,27,"D 0,1 -> 7,10",8,False,1.0,1000492.0,1,False,0.03801915250189894,8.81,14006894.0
"Fixed 1000000, pilot",20,14,22,"D 0,1 -> 5,10",8,False,0.9725297317726807,1000481.0,1,False,0.0380191526955247,8.77,15007375.0
"Fixed 1000000, pilot",20,15,51,"D 0,3 -> 8,11",8,False,1.0,1000488.0,1,False,0.038019854416635704,8.81,16007863.0
"Fixed 1000000, pilot",21,0,91,"D 2,3 -> 10,11",91,True,0.0,1000496.0,1,False,0.24318730437372557,8.92,1000496.0
"Fixed 1000000, pilot",21,1,79,"D 2,3 -> 4,11",79,True,0.0,1000490.0,1,False,0.16102697871065078,8.75,2000986.0
"Fixed 1000000, pilot",21,2,82,"D 2,3 -> 5,10",82,True,0.0,1000490.0,1,False,0.12998218947189707,9.0,3001476.0
"Fixed 1000000, pilot",21,3,76,"D 2,3 -> 4,5",76,True,0.0,1000475.0,1,False,0.15604115247457773,8.78,4001951.0
"Fixed 1000000, pilot",21,4,2,S 0 -> 8,12,False,1.0,1000481.0,1,False,0.038065010303648644,8.67,5002432.0
"Fixed 1000000, pilot",21,5,53,"D 0,3 -> 10,11",12,False,0.8298973611035432,1000490.0,1,False,0.038065010303648644,8.7,6002922.0
"Fixed 1000000, pilot",21,6,72,"D 1,3 -> 5,11",12,False,0.9949417321610822,1000493.0,1,False,0.03808366114934095,8.66,7003415.0
"Fixed 1000000, pilot",21,7,20,"D 0,1 -> 5,6",12,False,1.0,1000494.0,1,False,0.038082779693811186,8.79,8003909.0
"Fixed 1000000, pilot",21,8,20,"D 0,1 -> 5,6",12,False,1.0,1000484.0,1,False,0.038082779693811186,8.8,9004393.0
"Fixed 1000000, pilot",21,9,5,S 1 -> 7,12,False,1.0,1000504.0,1,False,0.038082779693811186,8.85,10004897.0
"Fixed 1000000, pilot",21,10,24,"D 0,1 -> 6,9",12,False,1.0,1000483.0,1,False,0.038082779693811186,8.9,11005380.0
"Fixed 1000000, pilot",21,11,18,"D 0,1 -> 4,9",12,False,1.0,1000482.0,1,False,0.038082779693811186,8.72,12005862.0
"Fixed 1000000, pilot",21,12,23,"D 0,1 -> 6,7",12,False,0.48644731273547426,1000492.0,1,False,0.038082779693811186,8.63,13006354.0
"Fixed 1000000, pilot",21,13,16,"D 0,1 -> 4,5",12,False,0.1294068963926004,1000494.0,1,False,0.038083087818948584,8.89,14006848.0
"Fixed 1000000, pilot",21,14,21,"D 0,1 -> 5,8",12,False,1.0,1000495.0,1,False,0.03796446311486273,8.83,15007343.0
"Fixed 1000000, pilot",21,15,52,"D 0,3 -> 9,10",12,False,1.0,1000484.0,1,False,0.03796446311486273,8.82,16007827.0
"Fixed 1000000, pilot",22,0,91,"D 2,3 -> 10,11",91,True,0.0,1000488.0,1,False,0.24318730437372557,8.82,1000488.0
"Fixed 1000000, pilot",22,1,79,"D 2,3 -> 4,11",79,True,0.0,1000490.0,1,False,0.16102697871065078,8.75,2000978.0
"Fixed 1000000, pilot",22,2,76,"D 2,3 -> 4,5",82,False,0.024066516365316204,1000480.0,1,False,0.12998218947189707,8.81,3001458.0
"Fixed 1000000, pilot",22,3,82,"D 2,3 -> 5,10",82,True,0.0,1000493.0,1,False,0.15572199591416286,8.78,4001951.0
"Fixed 1000000, pilot",22,4,45,"D 0,3 -> 6,7",12,False,0.6718115192894136,1000494.0,1,False,0.038065025112214046,8.77,5002445.0
"Fixed 1000000, pilot",22,5,23,"D 0,1 -> 6,7",12,False,0.47423119952071247,1000495.0,1,False,0.03811782587959038,8.79,6002940.0
"Fixed 1000000, pilot",22,6,71,"D 1,3 -> 5,9",12,False,1.0,1000509.0,1,False,0.038120493580345284,8.81,7003449.0
"Fixed 1000000, pilot",22,7,16,"D 0,1 -> 4,5",12,False,0.13031697073597015,1000496.0,1,False,0.038120493580345284,9.02,8003945.0
"Fixed 1000000, pilot",22,8,6,S 1 -> 9,12,False,1.0,1000495.0,1,False,0.03800174690135445,9.03,9004440.0
"Fixed 1000000, pilot",22,9,64,"D 1,2 -> 7,8",12,False,1.0,1000492.0,1,False,0.03800174690135445,8.91,10004932.0
"Fixed 1000000, pilot",22,10,23,"D 0,1 -> 6,7",12,False,0.9998372420296002,1000483.0,1,False,0.03800174690135445,8.89,11005415.0
"Fixed 1000000, pilot",22,11,69,"D 1,2 -> 10,11",12,False,0.8308324626849228,1000490.0,1,False,0.0382427553658838,8.89,12005905.0
"Fixed 1000000, pilot",22,12,3,S 0 -> 10,12,False,0.9585034403698967,1000487.0,1,False,0.038245854156100274,8.82,13006392.0
"Fixed 1000000, pilot",22,13,31,"D 0,1 -> 10,11",12,False,0.7129846953549803,1000493.0,1,False,0.038253349419795614,8.97,14006885.0
"Fixed 1000000, pilot",22,14,26,"D 0,1 -> 7,8",12,False,1.0,1000484.0,1,False,0.03825252401456327,8.94,15007369.0
"Fixed 1000000, pilot",22,15,49,"D 0,3 -> 7,10",12,False,1.0,1000502.0,1,False,0.03825252401456327,8.91,16007871.0
"Fixed 1000000, pilot",23,0,91,"D 2,3 -> 10,11",91,True,0.0,1000492.0,1,False,0.24318730437372557,8.85,1000492.0
"Fixed 1000000, pilot",23,1,79,"D 2,3 -> 4,11",79,True,0.0,1000491.0,1,False,0.16102697871065078,8.76,2000983.0
"Fixed 1000000, pilot",23,2,76,"D 2,3 -> 4,5",82,False,0.024066516365316204,1000505.0,1,False,0.12998218947189707,8.9,3001488.0
"Fixed 1000000, pilot",23,3,82,"D 2,3 -> 5,10",82,True,0.0,1000484.0,1,False,0.15572199591416286,8.93,4001972.0
"Fixed 1000000, pilot",23,4,16,"D 0,1 -> 4,5",12,False,0.12598115105696928,1000483.0,1,False,0.038065025112214046,8.79,5002455.0
"Fixed 1000000, pilot",23,5,23,"D 0,1 -> 6,7",12,False,0.49024053365165843,1000497.0,1,False,0.03794550904773174,8.83,6002952.0
"Fixed 1000000, pilot",23,6,2,S 0 -> 8,8,False,1.0,1000491.0,1,False,0.03794663753593626,8.79,7003443.0
"Fixed 1000000, pilot",23,7,24,"D 0,1 -> 6,9",8,False,1.0,1000499.0,1,False,0.03794663753593626,9.07,8003942.0
"Fixed 1000000, pilot",23,8,24,"D 0,1 -> 6,9",8,False,1.0,1000487.0,1,False,0.03794663753593626,9.02,9004429.0
"Fixed 1000000, pilot",23,9,53,"D 0,3 -> 10,11",8,False,0.8293887856025054,1000505.0,1,False,0.03794663753593626,8.9,10004934.0
"Fixed 1000000, pilot",23,10,22,"D 0,1 -> 5,10",12,False,0.9728438855673335,1000496.0,1,False,0.037965289414679096,8.87,11005430.0
"Fixed 1000000, pilot",23,11,31,"D 0,1 -> 10,11",12,False,0.7125042908677168,1000497.0,1,False,0.03796768432997114,8.9,12005927.0
"Fixed 1000000, pilot",23,12,25,"D 0,1 -> 6,11",12,False,1.0,1000493.0,1,False,0.037966632264569075,8.71,13006420.0
"Fixed 1000000, pilot",23,13,60,"D 1,2 -> 5,10",12,False,0.8171400397502568,1000506.0,1,False,0.037966632264569075,9.06,14006926.0
"Fixed 1000000, pilot",23,14,18,"D 0,1 -> 4,9",12,False,1.0,1000486.0,1,False,0.03797541438529723,8.97,15007412.0
"Fixed 1000000, pilot",23,15,2,S 0 -> 8,12,False,1.0,1000488.0,1,False,0.03797541438529723,8.96,16007900.0
"Fixed 1000000, pilot",24,0,91,"D 2,3 -> 10,11",91,True,0.0,1000499.0,1,False,0.24318730437372557,8.64,1000499.0
"Fixed 1000000, pilot",24,1,79,"D 2,3 -> 4,11",79,True,0.0,1000481.0,1,False,0.16102697871065078,8.75,2000980.0
"Fixed 1000000, pilot",24,2,76,"D 2,3 -> 4,5",82,False,0.024066516365316204,1000490.0,1,False,0.12998218947189707,8.75,3001470.0
"Fixed 1000000, pilot",24,3,82,"D 2,3 -> 5,10",82,True,0.0,1000500.0,1,False,0.15572199591416286,8.72,4001970.0
"Fixed 1000000, pilot",24,4,16,"D 0,1 -> 4,5",12,False,0.12598115105696928,1000483.0,1,False,0.038065025112214046,8.62,5002453.0
"Fixed 1000000, pilot",24,5,26,"D 0,1 -> 7,8",12,False,1.0,1000495.0,1,False,0.03794550904773174,8.69,6002948.0
"Fixed 1000000, pilot",24,6,52,"D 0,3 -> 9,10",12,False,1.0,1000492.0,1,False,0.03794550904773174,8.54,7003440.0
"Fixed 1000000, pilot",24,7,57,"D 1,2 -> 4,11",12,False,0.8214820828799022,1000482.0,1,False,0.03794550904773174,8.55,8003922.0
"Fixed 1000000, pilot",24,8,2,S 0 -> 8,8,False,1.0,1000490.0,1,False,0.03799301058511868,8.71,9004412.0
"Fixed 1000000, pilot",24,9,6,S 1 -> 9,8,False,1.0,1000498.0,1,False,0.037993007906400054,8.6,10004910.0
"Fixed 1000000, pilot",24,10,72,"D 1,3 -> 5,11",8,False,0.9909674840453941,1000489.0,1,False,0.037993007906400054,8.56,11005399.0
"Fixed 1000000, pilot",24,11,50,"D 0,3 -> 8,9",8,False,0.6709805672944591,1000481.0,1,False,0.037993760846624924,8.58,12005880.0
"Fixed 1000000, pilot",24,12,26,"D 0,1 -> 7,8",8,False,1.0,1000488.0,1,False,0.03798898758571866,8.46,13006368.0
"Fixed 1000000, pilot",24,13,55,"D 1,2 -> 4,7",8,False,1.0,1000483.0,1,False,0.03798898758571866,8.38,14006851.0
"Fixed 1000000, pilot",24,14,47,"D 0,3 -> 6,11",8,False,1.0,1000485.0,1,False,0.03798898758571866,8.43,15007336.0
"Fixed 1000000, pilot",24,15,17,"D 0,1 -> 4,7",8,False,1.0,1000494.0,1,False,0.03798898758571866,8.37,16007830.0
"Fixed 1000000, pilot",25,0,91,"D 2,3 -> 10,11",91,True,0.0,1000486.0,1,False,0.24318730437372557,8.58,1000486.0
"Fixed 1000000, pilot",25,1,79,"D 2,3 -> 4,11",79,True,0.0,1000488.0,1,False,0.16102697871065078,8.66,2000974.0
"Fixed 1000000, pilot",25,2,76,"D 2,3 -> 4,5",82,False,0.024066516365316204,1000491.0,1,False,0.12998218947189707,8.68,3001465.0
"Fixed 1000000, pilot",25,3,82,"D 2,3 -> 5,10",82,True,0.0,1000484.0,1,False,0.15572199591416286,8.64,4001949.0
"Fixed 1000000, pilot",25,4,39,"D 0,3 -> 4,7",12,False,1.0,1000506.0,1,False,0.038065025112214046,8.66,5002455.0
"Fixed 1000000, pilot",25,5,59,"D 1,2 -> 5,8",12,False,1.0,1000498.0,1,False,0.038065025112214046,8.62,6002953.0
"Fixed 1000000, pilot",25,6,44,"D 0,3 -> 5,10",12,False,0.8216722939754297,1000484.0,1,False,0.038065025112214046,8.54,7003437.0
"Fixed 1000000, pilot",25,7,66,"D 1,2 -> 8,9",12,False,0.6720318765537299,1000493.0,1,False,0.03811252644530548,8.61,8003930.0
"Fixed 1000000, pilot",25,8,38,"D 0,3 -> 4,5",12,False,0.9205185807887613,1000486.0,1,False,0.038107749089819426,8.63,9004416.0
"Fixed 1000000, pilot",25,9,21,"D 0,1 -> 5,8",8,False,1.0,1000499.0,1,False,0.03810704061014884,8.64,10004915.0
"Fixed 1000000, pilot",25,10,5,S 1 -> 7,8,False,1.0,1000496.0,1,False,0.03810704079350893,8.62,11005411.0
"Fixed 1000000, pilot",25,11,67,"D 1,2 -> 8,11",8,False,1.0,1000484.0,1,False,0.038107040951689916,8.62,12005895.0
"Fixed 1000000, pilot",25,12,67,"D 1,2 -> 8,11",8,False,1.0,1000501.0,1,False,0.038107040951689916,8.54,13006396.0
"Fixed 1000000, pilot",25,13,50,"D 0,3 -> 8,9",8,False,0.6716393333027599,1000500.0,1,False,0.038107040951689916,8.45,14006896.0
"Fixed 1000000, pilot",25,14,27,"D 0,1 -> 7,10",12,False,1.0,1000507.0,1,False,0.038152974687418684,8.37,15007403.0
"Fixed 1000000, pilot",25,15,44,"D 0,3 -> 5,10",12,False,0.9999980279495665,1000507.0,1,False,0.038152974687418684,8.48,16007910.0
"Fixed 1000000, pilot",26,0,91,"D 2,3 -> 10,11",91,True,0.0,1000481.0,1,False,0.24318730437372557,8.61,1000481.0
"Fixed 1000000, pilot",26,1,79,"D 2,3 -> 4,11",79,True,0.0,1000491.0,1,False,0.16102697871065078,8.66,2000972.0
"Fixed 1000000, pilot",26,2,82,"D 2,3 -> 5,10",82,True,0.0,1000484.0,1,False,0.12998218947189707,8.62,3001456.0
"Fixed 1000000, pilot",26,3,76,"D 2,3 -> 4,5",76,True,0.0,1000488.0,1,False,0.15604115247457773,8.79,4001944.0
"Fixed 1000000, pilot",26,4,16,"D 0,1 -> 4,5",12,False,0.1259807748087346,1000490.0,1,False,0.038065010303648644,8.64,5002434.0
"Fixed 1000000, pilot",26,5,23,"D 0,1 -> 6,7",12,False,0.4902405099830428,1000494.0,1,False,0.03794550728419781,8.53,6002928.0
"Fixed 1000000, pilot",26,6,42,"D 0,3 -> 5,6",8,False,1.0,1000491.0,1,False,0.037946637351175,8.62,7003419.0
"Fixed 1000000, pilot",26,7,28,"D 0,1 -> 8,9",8,False,0.4918133053810402,1000491.0,1,False,0.0379466373283892,8.57,8003910.0
"Fixed 1000000, pilot",26,8,29,"D 0,1 -> 8,11",8,False,1.0,1000501.0,1,False,0.03794775604627595,8.56,9004411.0
"Fixed 1000000, pilot",26,9,36,"D 0,2 -> 6,10",8,False,1.0,1000491.0,1,False,0.03794775584738618,8.48,10004902.0
"Fixed 1000000, pilot",26,10,40,"D 0,3 -> 4,9",8,False,1.0,1000496.0,1,False,0.03794775584738618,8.53,11005398.0
"Fixed 1000000, pilot",26,11,37,"D 0,2 -> 8,10",8,False,1.0,1000499.0,1,False,0.03794775584738618,8.47,12005897.0
"Fixed 1000000, pilot",26,12,8,S 2 -> 4,8,True,0.0,1000507.0,1,False,0.03794775584738618,8.51,13006404.0
"Fixed 1000000, pilot",26,13,64,"D 1,2 -> 7,8",15,False,1.0,1000472.0,1,False,0.033007202177304906,8.35,14006876.0
"Fixed 1000000, pilot",26,14,75,"D 1,3 -> 9,11",15,False,1.0,1000492.0,1,False,0.033007202177304906,8.33,15007368.0
"Fixed 1000000, pilot",26,15,66,"D 1,2 -> 8,9",15,False,0.5732150631569155,1000476.0,1,False,0.033007202177304906,8.4,16007844.0
"Fixed 1000000, pilot",27,0,91,"D 2,3 -> 10,11",91,True,0.0,1000492.0,1,False,0.24318730437372557,8.77,1000492.0
"Fixed 1000000, pilot",27,1,82,"D 2,3 -> 5,10",79,True,2.220446049250313e-16,1000487.0,1,False,0.16102697871065078,8.81,2000979.0
"Fixed 1000000, pilot",27,2,79,"D 2,3 -> 4,11",79,True,0.0,1000488.0,1,False,0.12998218965087896,8.82,3001467.0
"Fixed 1000000, pilot",27,3,76,"D 2,3 -> 4,5",76,True,0.0,1000482.0,1,False,0.1560411524745777,8.8,4001949.0
"Fixed 1000000, pilot",27,4,7,S 1 -> 11,8,False,0.9596896192949672,1000480.0,1,False,0.038065010303649234,8.84,5002429.0
"Fixed 1000000, pilot",27,5,36,"D 0,2 -> 6,10",8,False,1.0,1000475.0,1,False,0.038072118979066795,8.69,6002904.0
"Fixed 1000000, pilot",27,6,72,"D 1,3 -> 5,11",8,False,0.995774593012412,1000490.0,1,False,0.038072118979066795,8.68,7003394.0
"Fixed 1000000, pilot",27,7,63,"D 1,2 -> 6,11",8,False,1.0,1000501.0,1,False,0.03807241582267478,8.82,8003895.0
"Fixed 1000000, pilot",27,8,38,"D 0,3 -> 4,5",8,False,0.9260564923789834,1000498.0,1,False,0.03807241582770129,8.83,9004393.0
"Fixed 1000000, pilot",27,9,61,"D 1,2 -> 6,7",8,False,0.671586392130584,1000498.0,1,False,0.038073734030598876,8.82,10004891.0
"Fixed 1000000, pilot",27,10,50,"D 0,3 -> 8,9",8,False,0.6709822065117583,1000508.0,1,False,0.03812698914132699,8.88,11005399.0
"Fixed 1000000, pilot",27,11,65,"D 1,2 -> 7,10",8,False,1.0,1000490.0,1,False,0.038122058813147314,8.69,12005889.0
"Fixed 1000000, pilot",27,12,18,"D 0,1 -> 4,9",8,False,1.0,1000503.0,1,False,0.0381220584450203,8.68,13006392.0
"Fixed 1000000, pilot",27,13,0,S 0 -> 4,8,False,0.9761106561335257,1000506.0,1,False,0.03812205757415192,8.57,14006898.0
"Fixed 1000000, pilot",27,14,16,"D 0,1 -> 4,5",8,False,0.12913285640375272,1000497.0,1,False,0.03811947992599954,8.56,15007395.0
"Fixed 1000000, pilot",27,15,21,"D 0,1 -> 5,8",8,False,1.0,1000493.0,1,False,0.03799705647034094,8.44,16007888.0
"Fixed 1000000, pilot",28,0,91,"D 2,3 -> 10,11",91,True,0.0,1000499.0,1,False,0.24318730437372557,8.74,1000499.0
"Fixed 1000000, pilot",28,1,82,"D 2,3 -> 5,10",79,True,2.220446049250313e-16,1000503.0,1,False,0.16102697871065078,8.81,2001002.0
"Fixed 1000000, pilot",28,2,76,"D 2,3 -> 4,5",79,False,0.024066513654290578,1000479.0,1,False,0.12998218965087896,8.78,3001481.0
"Fixed 1000000, pilot",28,3,79,"D 2,3 -> 4,11",79,True,0.0,1000489.0,1,False,0.15572199872464462,8.75,4001970.0
"Fixed 1000000, pilot",28,4,28,"D 0,1 -> 8,9",8,False,0.4860632105726168,1000499.0,1,False,0.03806501943588732,8.77,5002469.0
"Fixed 1000000, pilot",28,5,23,"D 0,1 -> 6,7",12,False,0.4876571801580668,1000491.0,1,False,0.038065329853583366,8.73,6002960.0
"Fixed 1000000, pilot",28,6,4,S 1 -> 5,12,False,0.9785596593130867,1000490.0,1,False,0.03806562328559185,8.78,7003450.0
"Fixed 1000000, pilot",28,7,17,"D 0,1 -> 4,7",8,False,1.0,1000496.0,1,False,0.03806584268303992,8.97,8003946.0
"Fixed 1000000, pilot",28,8,66,"D 1,2 -> 8,9",8,False,0.664954129170936,1000489.0,1,False,0.03806584267911511,8.8,9004435.0
"Fixed 1000000, pilot",28,9,25,"D 0,1 -> 6,11",8,False,1.0,1000504.0,1,False,0.038121089239083694,8.76,10004939.0
"Fixed 1000000, pilot",28,10,60,"D 1,2 -> 5,10",8,False,0.8151768513043925,1000495.0,1,False,0.038121089239083694,8.8,11005434.0
"Fixed 1000000, pilot",28,11,3,S 0 -> 10,8,False,0.9578174226785914,1000502.0,1,False,0.03813024886185879,8.76,12005936.0
"Fixed 1000000, pilot",28,12,26,"D 0,1 -> 7,8",8,False,1.0,1000488.0,1,False,0.03813562436166292,8.8,13006424.0
"Fixed 1000000, pilot",28,13,30,"D 0,1 -> 9,10",8,False,1.0,1000492.0,1,False,0.03813562436166292,8.62,14006916.0
"Fixed 1000000, pilot",28,14,26,"D 0,1 -> 7,8",8,False,1.0,1000489.0,1,False,0.03813562436166292,8.68,15007405.0
"Fixed 1000000, pilot",28,15,5,S 1 -> 7,8,False,1.0,1000494.0,1,False,0.03813562436166292,8.54,16007899.0
"Fixed 1000000, pilot",29,0,91,"D 2,3 -> 10,11",91,True,0.0,1000508.0,1,False,0.24318730437372557,8.81,1000508.0
"Fixed 1000000, pilot",29,1,79,"D 2,3 -> 4,11",79,True,0.0,1000505.0,1,False,0.16102697871065078,8.79,2001013.0
"Fixed 1000000, pilot",29,2,82,"D 2,3 -> 5,10",82,True,0.0,1000489.0,1,False,0.12998218947189707,8.76,3001502.0
"Fixed 1000000, pilot",29,3,76,"D 2,3 -> 4,5",76,True,0.0,1000498.0,1,False,0.15604115247457773,8.78,4002000.0
"Fixed 1000000, pilot",29,4,30,"D 0,1 -> 9,10",12,False,1.0,1000486.0,1,False,0.038065010303648644,8.8,5002486.0
"Fixed 1000000, pilot",29,5,12,S 3 -> 5,12,True,0.0,1000496.0,1,False,0.038065010303648644,8.68,6002982.0
"Fixed 1000000, pilot",29,6,66,"D 1,2 -> 8,9",11,False,0.6298365864904034,1000495.0,1,False,0.03313194410308478,8.74,7003477.0
"Fixed 1000000, pilot",29,7,7,S 1 -> 11,11,False,0.8874985078521423,1000491.0,1,False,0.03310578918116909,8.89,8003968.0
"Fixed 1000000, pilot",29,8,2,S 0 -> 8,11,False,1.0,1000496.0,1,False,0.03313463405298868,8.82,9004464.0
"Fixed 1000000, pilot",29,9,52,"D 0,3 -> 9,10",11,False,1.0,1000507.0,1,False,0.03313463405298868,8.83,10004971.0
"Fixed 1000000, pilot",29,10,20,"D 0,1 -> 5,6",11,False,1.0,1000502.0,1,False,0.03313463405298868,8.89,11005473.0
"Fixed 1000000, pilot",29,11,18,"D 0,1 -> 4,9",11,False,1.0,1000496.0,1,False,0.03313463405298868,8.62,12005969.0
"Fixed 1000000, pilot",29,12,30,"D 0,1 -> 9,10",11,False,1.0,1000494.0,1,False,0.03313463405298868,8.59,13006463.0
"Fixed 1000000, pilot",29,13,16,"D 0,1 -> 4,5",11,False,0.15128631851139995,1000475.0,1,False,0.03313463405298868,8.51,14006938.0
"Fixed 1000000, pilot",29,14,28,"D 0,1 -> 8,9",11,False,0.3981560597080135,1000499.0,1,False,0.03301084934409623,8.51,15007437.0
"Fixed 1000000, pilot",29,15,19,"D 0,1 -> 4,11",11,False,0.9525744804349568,1000504.0,1,False,0.033010780413787265,8.48,16007941.0
"Fixed 1000000, pilot",30,0,91,"D 2,3 -> 10,11",91,True,0.0,1000501.0,1,False,0.24318730437372557,8.81,1000501.0
"Fixed 1000000, pilot",30,1,82,"D 2,3 -> 5,10",79,True,2.220446049250313e-16,1000501.0,1,False,0.16102697871065078,8.82,2001002.0
"Fixed 1000000, pilot",30,2,76,"D 2,3 -> 4,5",79,False,0.024066513654290578,1000498.0,1,False,0.12998218965087896,8.81,3001500.0
"Fixed 1000000, pilot",30,3,79,"D 2,3 -> 4,11",79,True,0.0,1000511.0,1,False,0.15572199872464462,8.86,4002011.0
"Fixed 1000000, pilot",30,4,28,"D 0,1 -> 8,9",8,False,0.4860632105726168,1000489.0,1,False,0.03806501943588732,8.81,5002500.0
"Fixed 1000000, pilot",30,5,39,"D 0,3 -> 4,7",12,False,1.0,1000481.0,1,False,0.038065329853583366,8.7,6002981.0
"Fixed 1000000, pilot",30,6,45,"D 0,3 -> 6,7",12,False,0.6718152990307261,1000490.0,1,False,0.038065329853583366,8.81,7003471.0
"Fixed 1000000, pilot",30,7,16,"D 0,1 -> 4,5",12,False,0.13018969468719455,1000495.0,1,False,0.03811814406217085,8.86,8003966.0
"Fixed 1000000, pilot",30,8,19,"D 0,1 -> 4,11",12,False,0.9723804182398372,1000492.0,1,False,0.03799940496378897,8.85,9004458.0
"Fixed 1000000, pilot",30,9,47,"D 0,3 -> 6,11",12,False,1.0,1000501.0,1,False,0.03800010601253505,8.86,10004959.0
"Fixed 1000000, pilot",30,10,41,"D 0,3 -> 4,11",12,False,0.8161677697147753,1000495.0,1,False,0.03800010601253505,8.84,11005454.0
"Fixed 1000000, pilot",30,11,28,"D 0,1 -> 8,9",12,False,0.9996897495423397,1000493.0,1,False,0.03800948009520198,8.79,12005947.0
"Fixed 1000000, pilot",30,12,16,"D 0,1 -> 4,5",8,False,0.9863824302596117,1000487.0,1,False,0.03823905303644257,8.74,13006434.0
"Fixed 1000000, pilot",30,13,33,"D 0,2 -> 4,8",8,False,1.0,1000483.0,1,False,0.03824849199468451,8.65,14006917.0
"Fixed 1000000, pilot",30,14,46,"D 0,3 -> 6,9",8,False,1.0,1000477.0,1,False,0.03824849199468451,8.44,15007394.0
"Fixed 1000000, pilot",30,15,22,"D 0,1 -> 5,10",8,False,0.9748125353276963,1000496.0,1,False,0.03824849199468451,8.59,16007890.0
"Fixed 1000000, pilot",31,0,91,"D 2,3 -> 10,11",91,True,0.0,1000494.0,1,False,0.24318730437372557,8.81,1000494.0
"Fixed 1000000, pilot",31,1,79,"D 2,3 -> 4,11",79,True,0.0,1000497.0,1,False,0.16102697871065078,8.78,2000991.0
"Fixed 1000000, pilot",31,2,82,"D 2,3 -> 5,10",82,True,0.0,1000470.0,1,False,0.12998218947189707,8.83,3001461.0
"Fixed 1000000, pilot",31,3,76,"D 2,3 -> 4,5",76,True,0.0,1000497.0,1,False,0.15604115247457773,8.76,4001958.0
"Fixed 1000000, pilot",31,4,56,"D 1,2 -> 4,9",12,False,1.0,1000494.0,1,False,0.038065010303648644,8.7,5002452.0
"Fixed 1000000, pilot",31,5,53,"D 0,3 -> 10,11",12,False,0.8298973611035432,1000491.0,1,False,0.038065010303648644,8.7,6002943.0
"Fixed 1000000, pilot",31,6,60,"D 1,2 -> 5,10",12,False,0.8168757235429405,1000504.0,1,False,0.03808366114934095,8.82,7003447.0
"Fixed 1000000, pilot",31,7,44,"D 0,3 -> 5,10",12,False,0.8173231480577015,1000482.0,1,False,0.038091780396332584,8.8,8003929.0
"Fixed 1000000, pilot",31,8,16,"D 0,1 -> 4,5",12,False,0.12833635406498822,1000498.0,1,False,0.038141757711457516,8.84,9004427.0
"Fixed 1000000, pilot",31,9,62,"D 1,2 -> 6,9",12,False,1.0,1000496.0,1,False,0.03802229627781056,8.7,10004923.0
"Fixed 1000000, pilot",31,10,56,"D 1,2 -> 4,9",12,False,1.0,1000492.0,1,False,0.03802229345885368,8.76,11005415.0
"Fixed 1000000, pilot",31,11,47,"D 0,3 -> 6,11",12,False,1.0,1000485.0,1,False,0.038022292346874646,8.62,12005900.0
"Fixed 1000000, pilot",31,12,48,"D 0,3 -> 7,8",12,False,1.0,1000499.0,1,False,0.038022292346874646,8.56,13006399.0
"Fixed 1000000, pilot",31,13,33,"D 0,2 -> 4,8",12,False,1.0,1000493.0,1,False,0.038022292346874646,8.48,14006892.0
"Fixed 1000000, pilot",31,14,38,"D 0,3 -> 4,5",12,False,0.929921218585918,1000493.0,1,False,0.038022292346874646,8.47,15007385.0
"Fixed 1000000, pilot",31,15,45,"D 0,3 -> 6,7",12,False,0.6705260872553935,1000502.0,1,False,0.038016239131835904,8.46,16007887.0
"Fixed 1000000, pilot",32,0,91,"D 2,3 -> 10,11",91,True,0.0,1000499.0,1,False,0.24318730437372557,8.8,1000499.0
"Fixed 1000000, pilot",32,1,79,"D 2,3 -> 4,11",79,True,0.0,1000494.0,1,False,0.16102697871065078,8.79,2000993.0
"Fixed 1000000, pilot",32,2,82,"D 2,3 -> 5,10",82,True,0.0,1000491.0,1,False,0.12998218947189707,8.84,3001484.0
"Fixed 1000000, pilot",32,3,76,"D 2,3 -> 4,5",76,True,0.0,1000496.0,1,False,0.15604115247457773,8.81,4001980.0
"Fixed 1000000, pilot",32,4,16,"D 0,1 -> 4,5",12,False,0.1259807748087346,1000488.0,1,False,0.038065010303648644,8.8,5002468.0
"Fixed 1000000, pilot",32,5,44,"D 0,3 -> 5,10",12,False,0.8214820692525215,1000505.0,1,False,0.03794550728419781,8.74,6002973.0
"Fixed 1000000, pilot",32,6,4,S 1 -> 5,12,False,0.95706126911528,1000501.0,1,False,0.03799300426653676,8.82,7003474.0
"Fixed 1000000, pilot",32,7,7,S 1 -> 11,12,False,0.9581404679831712,1000487.0,1,False,0.037988070023476116,8.9,8003961.0
"Fixed 1000000, pilot",32,8,73,"D 1,3 -> 7,9",12,False,1.0,1000504.0,1,False,0.03799312337011912,8.88,9004465.0
"Fixed 1000000, pilot",32,9,53,"D 0,3 -> 10,11",12,False,0.8235641083996039,1000501.0,1,False,0.03799312337011912,8.95,10004966.0
"Fixed 1000000, pilot",32,10,58,"D 1,2 -> 5,6",12,False,1.0,1000490.0,1,False,0.03801442121375459,8.9,11005456.0
"Fixed 1000000, pilot",32,11,59,"D 1,2 -> 5,8",12,False,1.0,1000504.0,1,False,0.038014423542128105,8.71,12005960.0
"Fixed 1000000, pilot",32,12,28,"D 0,1 -> 8,9",12,False,0.49090654523373667,1000494.0,1,False,0.03801442362286258,8.69,13006454.0
"Fixed 1000000, pilot",32,13,28,"D 0,1 -> 8,9",12,False,0.9999987935985137,1000495.0,1,False,0.0380155299389351,8.7,14006949.0
"Fixed 1000000, pilot",32,14,41,"D 0,3 -> 4,11",12,False,0.821835589692177,1000492.0,1,False,0.03801552985931692,8.57,15007441.0
"Fixed 1000000, pilot",32,15,72,"D 1,3 -> 5,11",12,False,0.9966341269800828,1000500.0,1,False,0.0380230757279845,8.49,16007941.0
"Fixed 1000000, pilot",33,0,91,"D 2,3 -> 10,11",91,True,0.0,1000492.0,1,False,0.24318730437372557,8.88,1000492.0
"Fixed 1000000, pilot",33,1,82,"D 2,3 -> 5,10",79,True,2.220446049250313e-16,1000493.0,1,False,0.16102697871065078,8.93,2000985.0
"Fixed 1000000, pilot",33,2,79,"D 2,3 -> 4,11",79,True,0.0,1000485.0,1,False,0.12998218965087896,8.9,3001470.0
"Fixed 1000000, pilot",33,3,76,"D 2,3 -> 4,5",76,True,0.0,1000497.0,1,False,0.1560411524745777,8.89,4001967.0
"Fixed 1000000, pilot",33,4,1,S 0 -> 6,8,False,1.0,1000475.0,1,False,0.038065010303649234,8.83,5002442.0
"Fixed 1000000, pilot",33,5,28,"D 0,1 -> 8,9",8,False,0.4860630872732127,1000496.0,1,False,0.038065010303649234,8.69,6002938.0
"Fixed 1000000, pilot",33,6,23,"D 0,1 -> 6,7",12,False,0.48765704458888226,1000496.0,1,False,0.03806531961054786,8.77,7003434.0
"Fixed 1000000, pilot",33,7,17,"D 0,1 -> 4,7",12,False,1.0,1000493.0,1,False,0.038065634786621894,8.88,8003927.0
"Fixed 1000000, pilot",33,8,16,"D 0,1 -> 4,5",12,False,0.13199449210174563,1000499.0,1,False,0.038065635578246375,8.77,9004426.0
"Fixed 1000000, pilot",33,9,19,"D 0,1 -> 4,11",8,False,0.9722015915101724,1000494.0,1,False,0.03794766087033265,8.76,10004920.0
"Fixed 1000000, pilot",33,10,61,"D 1,2 -> 6,7",8,False,0.6641959393146784,1000496.0,1,False,0.03795009639576555,8.81,11005416.0
"Fixed 1000000, pilot",33,11,72,"D 1,3 -> 5,11",8,False,0.9958164279161018,1000500.0,1,False,0.0380052168023451,8.7,12005916.0
"Fixed 1000000, pilot",33,12,75,"D 1,3 -> 9,11",8,False,1.0,1000481.0,1,False,0.038005524966876585,8.57,13006397.0
"Fixed 1000000, pilot",33,13,64,"D 1,2 -> 7,8",8,False,1.0,1000492.0,1,False,0.038005524966876585,8.56,14006889.0
"Fixed 1000000, pilot",33,14,52,"D 0,3 -> 9,10",8,False,1.0,1000485.0,1,False,0.038005524966876585,8.45,15007374.0
"Fixed 1000000, pilot",33,15,1,S 0 -> 6,8,False,1.0,1000495.0,1,False,0.038005524966876585,8.52,16007869.0
"Fixed 1000000, pilot",34,0,91,"D 2,3 -> 10,11",91,True,0.0,1000494.0,1,False,0.24318730437372557,8.92,1000494.0
"Fixed 1000000, pilot",34,1,82,"D 2,3 -> 5,10",79,True,2.220446049250313e-16,1000484.0,1,False,0.16102697871065078,8.87,2000978.0
"Fixed 1000000, pilot",34,2,79,"D 2,3 -> 4,11",79,True,0.0,1000489.0,1,False,0.12998218965087896,8.93,3001467.0
"Fixed 1000000, pilot",34,3,76,"D 2,3 -> 4,5",76,True,0.0,1000502.0,1,False,0.1560411524745777,8.97,4001969.0
"Fixed 1000000, pilot",34,4,68,"D 1,2 -> 9,10",8,False,1.0,1000497.0,1,False,0.038065010303649234,8.78,5002466.0
"Fixed 1000000, pilot",34,5,61,"D 1,2 -> 6,7",8,False,0.6718113927335925,1000491.0,1,False,0.038065010303649234,8.69,6002957.0
"Fixed 1000000, pilot",34,6,72,"D 1,3 -> 5,11",8,False,0.9951227081197844,1000490.0,1,False,0.03811782566906654,8.75,7003447.0
"Fixed 1000000, pilot",34,7,74,"D 1,3 -> 7,11",8,False,1.0,1000486.0,1,False,0.038118176255902005,8.86,8003933.0
"Fixed 1000000, pilot",34,8,70,"D 1,3 -> 5,7",8,False,1.0,1000491.0,1,False,0.03811818378117216,8.84,9004424.0
"Fixed 1000000, pilot",34,9,7,S 1 -> 11,8,False,0.9577451053612858,1000504.0,1,False,0.038118183838993513,8.85,10004928.0
"Fixed 1000000, pilot",34,10,16,"D 0,1 -> 4,5",8,False,0.12754637960886694,1000496.0,1,False,0.03812567341612164,8.96,11005424.0
"Fixed 1000000, pilot",34,11,41,"D 0,3 -> 4,11",8,False,0.8170474496666879,1000498.0,1,False,0.03800589117429549,8.76,12005922.0
"Fixed 1000000, pilot",34,12,35,"D 0,2 -> 6,8",8,False,1.0,1000490.0,1,False,0.0380141865791408,8.63,13006412.0
"Fixed 1000000, pilot",34,13,60,"D 1,2 -> 5,10",8,False,0.8153358315870781,1000481.0,1,False,0.0380141865791408,8.47,14006893.0
"Fixed 1000000, pilot",34,14,24,"D 0,1 -> 6,9",8,False,1.0,1000505.0,1,False,0.03802355379585193,8.51,15007398.0
"Fixed 1000000, pilot",34,15,38,"D 0,3 -> 4,5",8,False,0.9395068893789074,1000495.0,1,False,0.03802355379585193,8.49,16007893.0
"Fixed 1000000, pilot",35,0,91,"D 2,3 -> 10,11",91,True,0.0,1000492.0,1,False,0.24318730437372557,8.92,1000492.0
"Fixed 1000000, pilot",35,1,79,"D 2,3 -> 4,11",79,True,0.0,1000492.0,1,False,0.16102697871065078,8.95,2000984.0
"Fixed 1000000, pilot",35,2,76,"D 2,3 -> 4,5",82,False,0.024066516365316204,1000493.0,1,False,0.12998218947189707,8.96,3001477.0
"Fixed 1000000, pilot",35,3,82,"D 2,3 -> 5,10",82,True,0.0,1000481.0,1,False,0.15572199591416286,8.98,4001958.0
"Fixed 1000000, pilot",35,4,66,"D 1,2 -> 8,9",12,False,0.6718115192894138,1000495.0,1,False,0.038065025112214046,8.83,5002453.0
"Fixed 1000000, pilot",35,5,49,"D 0,3 -> 7,10",8,False,1.0,1000485.0,1,False,0.03811782424202019,8.66,6002938.0
"Fixed 1000000, pilot",35,6,16,"D 0,1 -> 4,5",8,False,0.1271774453632526,1000482.0,1,False,0.03811782424202019,8.92,7003420.0
"Fixed 1000000, pilot",35,7,28,"D 0,1 -> 8,9",8,False,0.4783652151004619,1000506.0,1,False,0.03799832708642771,8.82,8003926.0
"Fixed 1000000, pilot",35,8,12,S 3 -> 5,8,False,0.0015853559964617014,1000491.0,1,False,0.03800179345080743,8.81,9004417.0
"Fixed 1000000, pilot",35,9,2,S 0 -> 8,11,False,1.0,1000505.0,1,False,0.03297917573583156,8.75,10004922.0
"Fixed 1000000, pilot",35,10,32,"D 0,2 -> 4,6",11,False,1.0,1000495.0,1,False,0.03297917573583156,8.72,11005417.0
"Fixed 1000000, pilot",35,11,7,S 1 -> 11,11,False,0.8881352174747581,1000499.0,1,False,0.03297917573583156,8.65,12005916.0
"Fixed 1000000, pilot",35,12,19,"D 0,1 -> 4,11",11,False,0.9510956205836716,1000496.0,1,False,0.033007915923024676,8.63,13006412.0
"Fixed 1000000, pilot",35,13,17,"D 0,1 -> 4,7",11,False,1.0,1000489.0,1,False,0.03300866637371391,8.5,14006901.0
"Fixed 1000000, pilot",35,14,31,"D 0,1 -> 10,11",11,False,0.6779448741301253,1000494.0,1,False,0.03300866637371391,8.47,15007395.0
"Fixed 1000000, pilot",35,15,70,"D 1,3 -> 5,7",11,False,1.0,1000493.0,1,False,0.03302847707838298,8.51,16007888.0
"Fixed 1000000, pilot",36,0,91,"D 2,3 -> 10,11",91,True,0.0,1000481.0,1,False,0.24318730437372557,8.31,1000481.0
"Fixed 1000000, pilot",36,1,82,"D 2,3 -> 5,10",79,True,2.220446049250313e-16,1000492.0,1,False,0.16102697871065078,8.26,2000973.0
"Fixed 1000000, pilot",36,2,79,"D 2,3 -> 4,11",79,True,0.0,1000491.0,1,False,0.12998218965087896,8.22,3001464.0
"Fixed 1000000, pilot",36,3,76,"D 2,3 -> 4,5",76,True,0.0,1000492.0,1,False,0.1560411524745777,8.21,4001956.0
"Fixed 1000000, pilot",36,4,23,"D 0,1 -> 6,7",8,False,0.48606308727321224,1000491.0,1,False,0.038065010303649234,8.29,5002447.0
"Fixed 1000000, pilot",36,5,53,"D 0,3 -> 10,11",12,False,0.8298960392205577,1000505.0,1,False,0.0380653173349411,8.2,6002952.0
"Fixed 1000000, pilot",36,6,22,"D 0,1 -> 5,10",12,False,0.9332647455844951,1000490.0,1,False,0.0380839980364844,8.23,7003442.0
"Fixed 1000000, pilot",36,7,16,"D 0,1 -> 4,5",12,False,0.13251234728161376,1000484.0,1,False,0.038089089013616025,8.5,8003926.0
"Fixed 1000000, pilot",36,8,12,S 3 -> 5,12,True,0.0,1000480.0,1,False,0.037967638909844136,8.45,9004406.0
"Fixed 1000000, pilot",36,9,64,"D 1,2 -> 7,8",11,False,1.0,1000493.0,1,False,0.03302686773623706,8.57,10004899.0
"Fixed 1000000, pilot",36,10,63,"D 1,2 -> 6,11",11,False,1.0,1000485.0,1,False,0.03302686773623706,8.48,11005384.0
"Fixed 1000000, pilot",36,11,17,"D 0,1 -> 4,7",11,False,1.0,1000486.0,1,False,0.03302686773623706,8.38,12005870.0
"Fixed 1000000, pilot",36,12,51,"D 0,3 -> 8,11",11,False,1.0,1000494.0,1,False,0.03302686773623706,8.45,13006364.0
"Fixed 1000000, pilot",36,13,33,"D 0,2 -> 4,8",11,False,1.0,1000494.0,1,False,0.03302686773623706,8.49,14006858.0
"Fixed 1000000, pilot",36,14,44,"D 0,3 -> 5,10",11,False,0.699005508248401,1000493.0,1,False,0.03302686773623706,8.35,15007351.0
"Fixed 1000000, pilot",36,15,2,S 0 -> 8,11,False,1.0,1000497.0,1,False,0.03308392624145902,8.23,16007848.0
"Fixed 1000000, pilot",37,0,91,"D 2,3 -> 10,11",91,True,0.0,1000491.0,1,False,0.24318730437372557,8.32,1000491.0
"Fixed 1000000, pilot",37,1,79,"D 2,3 -> 4,11",79,True,0.0,1000504.0,1,False,0.16102697871065078,8.32,2000995.0
"Fixed 1000000, pilot",37,2,76,"D 2,3 -> 4,5",82,False,0.024066516365316204,1000495.0,1,False,0.12998218947189707,8.32,3001490.0
"Fixed 1000000, pilot",37,3,82,"D 2,3 -> 5,10",82,True,0.0,1000484.0,1,False,0.15572199591416286,8.31,4001974.0
"Fixed 1000000, pilot",37,4,16,"D 0,1 -> 4,5",12,False,0.12598115105696928,1000513.0,1,False,0.038065025112214046,8.25,5002487.0
"Fixed 1000000, pilot",37,5,18,"D 0,1 -> 4,9",12,False,1.0,1000488.0,1,False,0.03794550904773174,8.27,6002975.0
"Fixed 1000000, pilot",37,6,27,"D 0,1 -> 7,10",12,False,1.0,1000482.0,1,False,0.03794550904773174,8.26,7003457.0
"Fixed 1000000, pilot",37,7,2,S 0 -> 8,12,False,1.0,1000495.0,1,False,0.03794550904773174,8.47,8003952.0
"Fixed 1000000, pilot",37,8,19,"D 0,1 -> 4,11",12,False,0.9724643761943953,1000491.0,1,False,0.03794550904773174,8.5,9004443.0
"Fixed 1000000, pilot",37,9,17,"D 0,1 -> 4,7",8,False,1.0,1000482.0,1,False,0.03794794160641334,8.47,10004925.0
"Fixed 1000000, pilot",37,10,20,"D 0,1 -> 5,6",8,False,1.0,1000492.0,1,False,0.03794794160641334,8.43,11005417.0
"Fixed 1000000, pilot",37,11,44,"D 0,3 -> 5,10",8,False,0.821495095908166,1000497.0,1,False,0.03794794160641334,8.41,12005914.0
"Fixed 1000000, pilot",37,12,16,"D 0,1 -> 4,5",12,False,0.9999098666388961,1000496.0,1,False,0.03799368320354559,8.41,13006410.0
"Fixed 1000000, pilot",37,13,12,S 3 -> 5,8,False,6.517725857091428e-05,1000487.0,1,False,0.03798428491828229,8.45,14006897.0
"Fixed 1000000, pilot",37,14,2,S 0 -> 8,11,False,1.0,1000478.0,1,False,0.033061576586925136,8.45,15007375.0
"Fixed 1000000, pilot",37,15,28,"D 0,1 -> 8,9",11,False,0.4126982344408543,1000494.0,1,False,0.03306157832051381,8.27,16007869.0
"Fixed 1000000, pilot",38,0,91,"D 2,3 -> 10,11",91,True,0.0,1000505.0,1,False,0.24318730437372557,8.31,1000505.0
"Fixed 1000000, pilot",38,1,82,"D 2,3 -> 5,10",79,True,2.220446049250313e-16,1000494.0,1,False,0.16102697871065078,8.28,2000999.0
"Fixed 1000000, pilot",38,2,76,"D 2,3 -> 4,5",79,False,0.024066513654290578,1000494.0,1,False,0.12998218965087896,8.26,3001493.0
"Fixed 1000000, pilot",38,3,79,"D 2,3 -> 4,11",79,True,0.0,1000503.0,1,False,0.15572199872464462,8.23,4001996.0
"Fixed 1000000, pilot",38,4,16,"D 0,1 -> 4,5",8,False,0.12598100693647418,1000498.0,1,False,0.03806501943588732,8.36,5002494.0
"Fixed 1000000, pilot",38,5,23,"D 0,1 -> 6,7",8,False,0.49024051710375227,1000489.0,1,False,0.037945507814192196,8.29,6002983.0
"Fixed 1000000, pilot",38,6,31,"D 0,1 -> 10,11",12,False,0.7184805345028676,1000497.0,1,False,0.037946637224304865,8.12,7003480.0
"Fixed 1000000, pilot",38,7,41,"D 0,3 -> 4,11",12,False,0.8173635418142551,1000500.0,1,False,0.03794535571187997,8.41,8003980.0
"Fixed 1000000, pilot",38,8,25,"D 0,1 -> 6,11",12,False,1.0,1000491.0,1,False,0.03795433574022202,8.41,9004471.0
"Fixed 1000000, pilot",38,9,20,"D 0,1 -> 5,6",12,False,1.0,1000482.0,1,False,0.03795433574022202,8.43,10004953.0
"Fixed 1000000, pilot",38,10,20,"D 0,1 -> 5,6",12,False,1.0,1000488.0,1,False,0.03795433574022202,8.42,11005441.0
"Fixed 1000000, pilot",38,11,34,"D 0,2 -> 4,10",12,False,0.9947805762265084,1000489.0,1,False,0.03795433574022202,8.51,12005930.0
"Fixed 1000000, pilot",38,12,68,"D 1,2 -> 9,10",8,False,1.0,1000493.0,1,False,0.0379544110299399,8.42,13006423.0
"Fixed 1000000, pilot",38,13,50,"D 0,3 -> 8,9",8,False,0.6702828394488052,1000495.0,1,False,0.03795441106352492,8.41,14006918.0
"Fixed 1000000, pilot",38,14,6,S 1 -> 9,12,False,1.0,1000475.0,1,False,0.03800690910173959,8.33,15007393.0
"Fixed 1000000, pilot",38,15,21,"D 0,1 -> 5,8",12,False,1.0,1000498.0,1,False,0.03800690910173959,8.18,16007891.0
"Fixed 1000000, pilot",39,0,91,"D 2,3 -> 10,11",91,True,0.0,1000471.0,1,False,0.24318730437372557,8.44,1000471.0
"Fixed 1000000, pilot",39,1,79,"D 2,3 -> 4,11",79,True,0.0,1000511.0,1,False,0.16102697871065078,8.51,2000982.0
"Fixed 1000000, pilot",39,2,76,"D 2,3 -> 4,5",82,False,0.024066516365316204,1000489.0,1,False,0.12998218947189707,8.46,3001471.0
"Fixed 1000000, pilot",39,3,82,"D 2,3 -> 5,10",82,True,0.0,1000496.0,1,False,0.15572199591416286,8.45,4001967.0
"Fixed 1000000, pilot",39,4,52,"D 0,3 -> 9,10",12,False,1.0,1000495.0,1,False,0.038065025112214046,8.53,5002462.0
"Fixed 1000000, pilot",39,5,67,"D 1,2 -> 8,11",12,False,1.0,1000487.0,1,False,0.038065025112214046,8.51,6002949.0
"Fixed 1000000, pilot",39,6,16,"D 0,1 -> 4,5",12,False,0.12598115105696928,1000496.0,1,False,0.038065025112214046,8.57,7003445.0
"Fixed 1000000, pilot",39,7,21,"D 0,1 -> 5,8",12,False,1.0,1000489.0,1,False,0.03794550904773174,8.75,8003934.0
"Fixed 1000000, pilot",39,8,49,"D 0,3 -> 7,10",12,False,1.0,1000485.0,1,False,0.03794550904773174,8.61,9004419.0
"Fixed 1000000, pilot",39,9,72,"D 1,3 -> 5,11",12,False,0.9958169820768252,1000489.0,1,False,0.03794550904773174,8.64,10004908.0
"Fixed 1000000, pilot",39,10,43,"D 0,3 -> 5,8",8,False,1.0,1000485.0,1,False,0.03794581433241622,8.69,11005393.0
"Fixed 1000000, pilot",39,11,19,"D 0,1 -> 4,11",8,False,0.9724654776769044,1000500.0,1,False,0.03794581433241622,8.61,12005893.0
"Fixed 1000000, pilot",39,12,46,"D 0,3 -> 6,9",8,False,1.0,1000490.0,1,False,0.037948248733454995,8.66,13006383.0
"Fixed 1000000, pilot",39,13,69,"D 1,2 -> 10,11",8,False,0.8295659460955993,1000495.0,1,False,0.03794824873279915,8.35,14006878.0
"Fixed 1000000, pilot",39,14,32,"D 0,2 -> 4,6",8,False,1.0,1000508.0,1,False,0.03796648385770407,8.32,15007386.0
"Fixed 1000000, pilot",39,15,30,"D 0,1 -> 9,10",8,False,1.0,1000508.0,1,False,0.037966484783581646,8.39,16007894.0
"Fixed 1000000, pilot",40,0,91,"D 2,3 -> 10,11",91,True,0.0,1000500.0,1,False,0.24318730437372557,8.41,1000500.0
"Fixed 1000000, pilot",40,1,79,"D 2,3 -> 4,11",79,True,0.0,1000496.0,1,False,0.16102697871065078,8.46,2000996.0
"Fixed 1000000, pilot",40,2,76,"D 2,3 -> 4,5",82,False,0.024066516365316204,1000471.0,1,False,0.12998218947189707,8.29,3001467.0
"Fixed 1000000, pilot",40,3,82,"D 2,3 -> 5,10",82,True,0.0,1000489.0,1,False,0.15572199591416286,8.41,4001956.0
"Fixed 1000000, pilot",40,4,28,"D 0,1 -> 8,9",12,False,0.48606328721181846,1000504.0,1,False,0.038065025112214046,8.43,5002460.0
"Fixed 1000000, pilot",40,5,4,S 1 -> 5,8,False,0.9795448890072062,1000478.0,1,False,0.03806532169506669,8.4,6002938.0
"Fixed 1000000, pilot",40,6,18,"D 0,1 -> 4,9",8,False,1.0,1000495.0,1,False,0.03806551533536034,8.57,7003433.0
"Fixed 1000000, pilot",40,7,46,"D 0,3 -> 6,9",8,False,1.0,1000489.0,1,False,0.038065516043518044,8.56,8003922.0
"Fixed 1000000, pilot",40,8,72,"D 1,3 -> 5,11",8,False,0.9948642053491434,1000506.0,1,False,0.03806551606449539,8.53,9004428.0
"Fixed 1000000, pilot",40,9,68,"D 1,2 -> 9,10",8,False,1.0,1000505.0,1,False,0.03806587304477524,8.6,10004933.0
"Fixed 1000000, pilot",40,10,23,"D 0,1 -> 6,7",8,False,0.48756756262580936,1000499.0,1,False,0.03806589463331135,8.64,11005432.0
"Fixed 1000000, pilot",40,11,16,"D 0,1 -> 4,5",8,False,0.13068222317116573,1000486.0,1,False,0.03806621272366081,8.6,12005918.0
"Fixed 1000000, pilot",40,12,61,"D 1,2 -> 6,7",8,False,0.6637280569455013,1000492.0,1,False,0.03794775286747594,8.63,13006410.0
"Fixed 1000000, pilot",40,13,22,"D 0,1 -> 5,10",8,False,0.9730542557248295,1000482.0,1,False,0.03800304505995192,8.52,14006892.0
"Fixed 1000000, pilot",40,14,50,"D 0,3 -> 8,9",8,False,0.6646725180462187,1000510.0,1,False,0.03800373123135793,8.37,15007402.0
"Fixed 1000000, pilot",40,15,67,"D 1,2 -> 8,11",8,False,1.0,1000480.0,1,False,0.03799861777474518,8.46,16007882.0
"Fixed 1000000, pilot",41,0,91,"D 2,3 -> 10,11",91,True,0.0,1000493.0,1,False,0.24318730437372557,8.38,1000493.0
"Fixed 1000000, pilot",41,1,79,"D 2,3 -> 4,11",79,True,0.0,1000493.0,1,False,0.16102697871065078,8.42,2000986.0
"Fixed 1000000, pilot",41,2,82,"D 2,3 -> 5,10",82,True,0.0,1000489.0,1,False,0.12998218947189707,8.5,3001475.0
"Fixed 1000000, pilot",41,3,76,"D 2,3 -> 4,5",76,True,0.0,1000493.0,1,False,0.15604115247457773,8.48,4001968.0
"Fixed 1000000, pilot",41,4,19,"D 0,1 -> 4,11",12,False,0.9327348534292597,1000504.0,1,False,0.038065010303648644,8.49,5002472.0
"Fixed 1000000, pilot",41,5,44,"D 0,3 -> 5,10",8,False,0.8216996071478889,1000485.0,1,False,0.03807016435300411,8.56,6002957.0
"Fixed 1000000, pilot",41,6,30,"D 0,1 -> 9,10",12,False,1.0,1000492.0,1,False,0.03811393947081429,8.75,7003449.0
"Fixed 1000000, pilot",41,7,16,"D 0,1 -> 4,5",12,False,0.1302160063806157,1000492.0,1,False,0.038113954597565246,8.75,8003941.0
"Fixed 1000000, pilot",41,8,21,"D 0,1 -> 5,8",12,False,1.0,1000491.0,1,False,0.0379937260636897,8.77,9004432.0
"Fixed 1000000, pilot",41,9,52,"D 0,3 -> 9,10",12,False,1.0,1000500.0,1,False,0.0379937260471341,8.82,10004932.0
"Fixed 1000000, pilot",41,10,19,"D 0,1 -> 4,11",12,False,0.9999181492962734,1000483.0,1,False,0.0379937260471341,8.78,11005415.0
"Fixed 1000000, pilot",41,11,55,"D 1,2 -> 4,7",8,False,1.0,1000496.0,1,False,0.03798428444917163,8.76,12005911.0
"Fixed 1000000, pilot",41,12,49,"D 0,3 -> 7,10",8,False,1.0,1000489.0,1,False,0.03798428588002936,8.66,13006400.0
"Fixed 1000000, pilot",41,13,21,"D 0,1 -> 5,8",8,False,1.0,1000496.0,1,False,0.037984286321578804,8.5,14006896.0
"Fixed 1000000, pilot",41,14,61,"D 1,2 -> 6,7",8,False,0.6703535868534495,1000493.0,1,False,0.0379842865224231,8.41,15007389.0
"Fixed 1000000, pilot",41,15,55,"D 1,2 -> 4,7",8,False,1.0,1000488.0,1,False,0.03803730131007128,8.42,16007877.0
"Fixed 1000000, pilot",42,0,91,"D 2,3 -> 10,11",91,True,0.0,1000510.0,1,False,0.24318730437372557,8.43,1000510.0
"Fixed 1000000, pilot",42,1,82,"D 2,3 -> 5,10",79,True,2.220446049250313e-16,1000491.0,1,False,0.16102697871065078,8.4,2001001.0
"Fixed 1000000, pilot",42,2,76,"D 2,3 -> 4,5",79,False,0.024066513654290578,1000497.0,1,False,0.12998218965087896,8.4,3001498.0
"Fixed 1000000, pilot",42,3,79,"D 2,3 -> 4,11",79,True,0.0,1000488.0,1,False,0.15572199872464462,8.43,4001986.0
"Fixed 1000000, pilot",42,4,61,"D 1,2 -> 6,7",8,False,0.6718114708117451,1000490.0,1,False,0.03806501943588732,8.44,5002476.0
"Fixed 1000000, pilot",42,5,5,S 1 -> 7,8,False,1.0,1000496.0,1,False,0.03811782636367871,8.43,6002972.0
"Fixed 1000000, pilot",42,6,42,"D 0,3 -> 5,6",8,False,1.0,1000502.0,1,False,0.038117825954848014,8.54,7003474.0
"Fixed 1000000, pilot",42,7,51,"D 0,3 -> 8,11",8,False,1.0,1000485.0,1,False,0.03811782565185909,8.65,8003959.0
"Fixed 1000000, pilot",42,8,59,"D 1,2 -> 5,8",8,False,1.0,1000477.0,1,False,0.03811782565185909,8.66,9004436.0
"Fixed 1000000, pilot",42,9,22,"D 0,1 -> 5,10",8,False,0.932842484543191,1000493.0,1,False,0.03811782565185909,8.7,10004929.0
"Fixed 1000000, pilot",42,10,44,"D 0,3 -> 5,10",8,False,0.8205101657765418,1000496.0,1,False,0.03811926013834941,8.7,11005425.0
"Fixed 1000000, pilot",42,11,28,"D 0,1 -> 8,9",12,False,0.4865939281409213,1000505.0,1,False,0.038113931756399315,8.64,12005930.0
"Fixed 1000000, pilot",42,12,23,"D 0,1 -> 6,7",12,False,0.4759779888022455,1000496.0,1,False,0.03811425235447067,8.66,13006426.0
"Fixed 1000000, pilot",42,13,28,"D 0,1 -> 8,9",12,False,0.999999994535874,1000471.0,1,False,0.03811427683119305,8.35,14006897.0
"Fixed 1000000, pilot",42,14,16,"D 0,1 -> 4,5",12,False,0.13660824941553174,1000495.0,1,False,0.03811427683119305,8.45,15007392.0
"Fixed 1000000, pilot",42,15,55,"D 1,2 -> 4,7",12,False,1.0,1000495.0,1,False,0.03799348762569153,8.45,16007887.0
"Fixed 1000000, pilot",43,0,91,"D 2,3 -> 10,11",91,True,0.0,1000505.0,1,False,0.24318730437372557,8.52,1000505.0
"Fixed 1000000, pilot",43,1,82,"D 2,3 -> 5,10",79,True,2.220446049250313e-16,1000479.0,1,False,0.16102697871065078,8.58,2000984.0
"Fixed 1000000, pilot",43,2,76,"D 2,3 -> 4,5",79,False,0.024066513654290578,1000493.0,1,False,0.12998218965087896,8.54,3001477.0
"Fixed 1000000, pilot",43,3,79,"D 2,3 -> 4,11",79,True,0.0,1000496.0,1,False,0.15572199872464462,8.43,4001973.0
"Fixed 1000000, pilot",43,4,16,"D 0,1 -> 4,5",8,False,0.12598100693647418,1000493.0,1,False,0.03806501943588732,8.48,5002466.0
"Fixed 1000000, pilot",43,5,6,S 1 -> 9,8,False,1.0,1000482.0,1,False,0.037945507814192196,8.49,6002948.0
"Fixed 1000000, pilot",43,6,40,"D 0,3 -> 4,9",8,False,1.0,1000493.0,1,False,0.037945507814192196,8.75,7003441.0
"Fixed 1000000, pilot",43,7,34,"D 0,2 -> 4,10",8,False,0.9958169821213102,1000496.0,1,False,0.037945507814192196,8.65,8003937.0
"Fixed 1000000, pilot",43,8,68,"D 1,2 -> 9,10",12,False,1.0,1000490.0,1,False,0.03794580869361716,8.59,9004427.0
"Fixed 1000000, pilot",43,9,28,"D 0,1 -> 8,9",12,False,0.4902445025745552,1000497.0,1,False,0.03794580869361716,8.63,10004924.0
"Fixed 1000000, pilot",43,10,37,"D 0,2 -> 8,10",12,False,1.0,1000487.0,1,False,0.03794694480080186,8.6,11005411.0
"Fixed 1000000, pilot",43,11,56,"D 1,2 -> 4,9",12,False,1.0,1000496.0,1,False,0.03794694480080186,8.58,12005907.0
"Fixed 1000000, pilot",43,12,27,"D 0,1 -> 7,10",12,False,1.0,1000498.0,1,False,0.03794694480080186,8.55,13006405.0
"Fixed 1000000, pilot",43,13,72,"D 1,3 -> 5,11",12,False,0.9958038520327824,1000495.0,1,False,0.03794694480080186,8.57,14006900.0
"Fixed 1000000, pilot",43,14,53,"D 0,3 -> 10,11",12,False,0.8295147834897649,1000499.0,1,False,0.03794620258875767,8.46,15007399.0
"Fixed 1000000, pilot",43,15,2,S 0 -> 8,12,False,1.0,1000512.0,1,False,0.03796445676590951,8.47,16007911.0
"Fixed 1000000, pilot",44,0,91,"D 2,3 -> 10,11",91,True,0.0,1000495.0,1,False,0.24318730437372557,8.46,1000495.0
"Fixed 1000000, pilot",44,1,79,"D 2,3 -> 4,11",79,True,0.0,1000493.0,1,False,0.16102697871065078,8.41,2000988.0
"Fixed 1000000, pilot",44,2,76,"D 2,3 -> 4,5",82,False,0.024066516365316204,1000488.0,1,False,0.12998218947189707,8.48,3001476.0
"Fixed 1000000, pilot",44,3,82,"D 2,3 -> 5,10",82,True,0.0,1000488.0,1,False,0.15572199591416286,8.38,4001964.0
"Fixed 1000000, pilot",44,4,16,"D 0,1 -> 4,5",12,False,0.12598115105696928,1000498.0,1,False,0.038065025112214046,8.41,5002462.0
"Fixed 1000000, pilot",44,5,58,"D 1,2 -> 5,6",12,False,1.0,1000470.0,1,False,0.03794550904773174,8.36,6002932.0
"Fixed 1000000, pilot",44,6,47,"D 0,3 -> 6,11",12,False,1.0,1000485.0,1,False,0.03794550904773174,8.5,7003417.0
"Fixed 1000000, pilot",44,7,38,"D 0,3 -> 4,5",12,False,0.939400517351315,1000498.0,1,False,0.03794550904773174,8.6,8003915.0
"Fixed 1000000, pilot",44,8,53,"D 0,3 -> 10,11",8,False,0.8277977851632985,1000485.0,1,False,0.03794690685390166,8.49,9004400.0
"Fixed 1000000, pilot",44,9,25,"D 0,1 -> 6,11",12,False,1.0,1000506.0,1,False,0.037958277676121116,8.56,10004906.0
"Fixed 1000000, pilot",44,10,23,"D 0,1 -> 6,7",12,False,0.4904893240736893,1000489.0,1,False,0.037958277676121116,8.55,11005395.0
"Fixed 1000000, pilot",44,11,16,"D 0,1 -> 4,5",12,False,0.9999755667399526,1000485.0,1,False,0.0379593961677798,8.61,12005880.0
"Fixed 1000000, pilot",44,12,3,S 0 -> 10,12,False,0.9667177509754853,1000481.0,1,False,0.03798095085588438,8.47,13006361.0
"Fixed 1000000, pilot",44,13,53,"D 0,3 -> 10,11",12,False,0.9685486835509101,1000485.0,1,False,0.03798669105149732,8.3,14006846.0
"Fixed 1000000, pilot",44,14,31,"D 0,1 -> 10,11",12,False,0.7109418872408362,1000480.0,1,False,0.03800332150852422,8.32,15007326.0
"Fixed 1000000, pilot",44,15,75,"D 1,3 -> 9,11",12,False,1.0,1000504.0,1,False,0.038003668522888306,8.42,16007830.0
"Fixed 1000000, pilot",45,0,91,"D 2,3 -> 10,11",91,True,0.0,1000490.0,1,False,0.24318730437372557,8.42,1000490.0
"Fixed 1000000, pilot",45,1,82,"D 2,3 -> 5,10",79,True,2.220446049250313e-16,1000498.0,1,False,0.16102697871065078,8.45,2000988.0
"Fixed 1000000, pilot",45,2,76,"D 2,3 -> 4,5",79,False,0.024066513654290578,1000490.0,1,False,0.12998218965087896,8.38,3001478.0
"Fixed 1000000, pilot",45,3,79,"D 2,3 -> 4,11",79,True,0.0,1000503.0,1,False,0.15572199872464462,8.48,4001981.0
"Fixed 1000000, pilot",45,4,7,S 1 -> 11,8,False,0.9596896153798418,1000504.0,1,False,0.03806501943588732,8.47,5002485.0
"Fixed 1000000, pilot",45,5,23,"D 0,1 -> 6,7",8,False,0.48610767533954224,1000505.0,1,False,0.03807211667950643,8.43,6002990.0
"Fixed 1000000, pilot",45,6,66,"D 1,2 -> 8,9",8,False,0.6716484095744738,1000491.0,1,False,0.038072467090755416,8.75,7003481.0
"Fixed 1000000, pilot",45,7,34,"D 0,2 -> 4,10",8,False,0.9951475995708721,1000475.0,1,False,0.03812570427034799,8.68,8003956.0
"Fixed 1000000, pilot",45,8,25,"D 0,1 -> 6,11",8,False,1.0,1000491.0,1,False,0.03812484273689518,8.63,9004447.0
"Fixed 1000000, pilot",45,9,35,"D 0,2 -> 6,8",8,False,1.0,1000499.0,1,False,0.03812484273689518,8.69,10004946.0
"Fixed 1000000, pilot",45,10,17,"D 0,1 -> 4,7",8,False,1.0,1000478.0,1,False,0.03812484273689518,8.63,11005424.0
"Fixed 1000000, pilot",45,11,25,"D 0,1 -> 6,11",8,False,1.0,1000487.0,1,False,0.03812484273689518,8.72,12005911.0
"Fixed 1000000, pilot",45,12,54,"D 1,2 -> 4,5",8,False,0.9196280378014869,1000494.0,1,False,0.03812484273689518,8.59,13006405.0
"Fixed 1000000, pilot",45,13,6,S 1 -> 9,8,False,1.0,1000487.0,1,False,0.03811792866709656,8.5,14006892.0
"Fixed 1000000, pilot",45,14,16,"D 0,1 -> 4,5",8,False,0.13363469783401705,1000506.0,1,False,0.03811792964317849,8.48,15007398.0
"Fixed 1000000, pilot",45,15,21,"D 0,1 -> 5,8",8,False,1.0,1000482.0,1,False,0.03800002043129476,8.42,16007880.0
"Fixed 1000000, pilot",46,0,91,"D 2,3 -> 10,11",91,True,0.0,1000494.0,1,False,0.24318730437372557,8.47,1000494.0
"Fixed 1000000, pilot",46,1,82,"D 2,3 -> 5,10",79,True,2.220446049250313e-16,1000487.0,1,False,0.16102697871065078,8.53,2000981.0
"Fixed 1000000, pilot",46,2,79,"D 2,3 -> 4,11",79,True,0.0,1000492.0,1,False,0.12998218965087896,8.49,3001473.0
"Fixed 1000000, pilot",46,3,76,"D 2,3 -> 4,5",76,True,0.0,1000495.0,1,False,0.1560411524745777,8.5,4001968.0
"Fixed 1000000, pilot",46,4,7,S 1 -> 11,8,False,0.9596896192949672,1000493.0,1,False,0.038065010303649234,8.41,5002461.0
"Fixed 1000000, pilot",46,5,16,"D 0,1 -> 4,5",8,False,0.12631559889177324,1000491.0,1,False,0.038072118979066795,8.44,6002952.0
"Fixed 1000000, pilot",46,6,7,S 1 -> 11,8,False,0.9998752324683698,1000495.0,1,False,0.03795237399236345,8.62,7003447.0
"Fixed 1000000, pilot",46,7,0,S 0 -> 4,12,False,0.930273728625544,1000491.0,1,False,0.03797304630957966,8.61,8003938.0
"Fixed 1000000, pilot",46,8,61,"D 1,2 -> 6,7",12,False,0.6708117698370403,1000498.0,1,False,0.03797633614207587,8.61,9004436.0
"Fixed 1000000, pilot",46,9,6,S 1 -> 9,8,False,1.0,1000491.0,1,False,0.038019990534092704,8.61,10004927.0
"Fixed 1000000, pilot",46,10,24,"D 0,1 -> 6,9",8,False,1.0,1000492.0,1,False,0.0380199902910645,8.63,11005419.0
"Fixed 1000000, pilot",46,11,61,"D 1,2 -> 6,7",8,False,0.9999999997087476,1000492.0,1,False,0.0380199902910645,8.52,12005911.0
"Fixed 1000000, pilot",46,12,58,"D 1,2 -> 5,6",8,False,1.0,1000492.0,1,False,0.0380199902910645,8.37,13006403.0
"Fixed 1000000, pilot",46,13,17,"D 0,1 -> 4,7",8,False,1.0,1000491.0,1,False,0.0380199902910645,8.41,14006894.0
"Fixed 1000000, pilot",46,14,74,"D 1,3 -> 7,11",8,False,1.0,1000491.0,1,False,0.0380199902910645,8.33,15007385.0
"Fixed 1000000, pilot",46,15,75,"D 1,3 -> 9,11",8,False,1.0,1000508.0,1,False,0.0380199902910645,8.35,16007893.0
"Fixed 1000000, pilot",47,0,91,"D 2,3 -> 10,11",91,True,0.0,1000494.0,1,False,0.24318730437372557,8.38,1000494.0
"Fixed 1000000, pilot",47,1,82,"D 2,3 -> 5,10",79,True,2.220446049250313e-16,1000476.0,1,False,0.16102697871065078,8.39,2000970.0
"Fixed 1000000, pilot",47,2,76,"D 2,3 -> 4,5",79,False,0.024066513654290578,1000482.0,1,False,0.12998218965087896,8.44,3001452.0
"Fixed 1000000, pilot",47,3,79,"D 2,3 -> 4,11",79,True,0.0,1000484.0,1,False,0.15572199872464462,8.41,4001936.0
"Fixed 1000000, pilot",47,4,56,"D 1,2 -> 4,9",8,False,1.0,1000498.0,1,False,0.03806501943588732,8.39,5002434.0
"Fixed 1000000, pilot",47,5,1,S 0 -> 6,8,False,1.0,1000491.0,1,False,0.03806501271233194,8.44,6002925.0
"Fixed 1000000, pilot",47,6,64,"D 1,2 -> 7,8",8,False,1.0,1000502.0,1,False,0.03806501124409043,8.59,7003427.0
"Fixed 1000000, pilot",47,7,0,S 0 -> 4,8,False,0.9805362625517221,1000504.0,1,False,0.03806501096545199,8.53,8003931.0
"Fixed 1000000, pilot",47,8,65,"D 1,2 -> 7,10",12,False,1.0,1000487.0,1,False,0.03806518401866653,8.67,9004418.0
"Fixed 1000000, pilot",47,9,30,"D 0,1 -> 9,10",12,False,1.0,1000486.0,1,False,0.03806518401866653,8.53,10004904.0
"Fixed 1000000, pilot",47,10,45,"D 0,3 -> 6,7",12,False,0.6716157394651959,1000509.0,1,False,0.03806518401866653,8.58,11005413.0
"Fixed 1000000, pilot",47,11,19,"D 0,1 -> 4,11",12,False,0.9331602804966093,1000476.0,1,False,0.03811811611636783,8.5,12005889.0
"Fixed 1000000, pilot",47,12,31,"D 0,1 -> 10,11",12,False,0.6661299801431495,1000498.0,1,False,0.03811954327808648,8.41,13006387.0
"Fixed 1000000, pilot",47,13,70,"D 1,3 -> 5,7",12,False,1.0,1000499.0,1,False,0.03811729709629481,8.32,14006886.0
"Fixed 1000000, pilot",47,14,48,"D 0,3 -> 7,8",12,False,1.0,1000485.0,1,False,0.03811729709629481,8.35,15007371.0
"Fixed 1000000, pilot",47,15,66,"D 1,2 -> 8,9",12,False,0.6722526171296227,1000491.0,1,False,0.03811729709629481,8.42,16007862.0
"Fixed 1000000, pilot",48,0,91,"D 2,3 -> 10,11",91,True,0.0,1000492.0,1,False,0.24318730437372557,8.18,1000492.0
"Fixed 1000000, pilot",48,1,79,"D 2,3 -> 4,11",79,True,0.0,1000498.0,1,False,0.16102697871065078,8.16,2000990.0
"Fixed 1000000, pilot",48,2,82,"D 2,3 -> 5,10",82,True,0.0,1000485.0,1,False,0.12998218947189707,8.08,3001475.0
"Fixed 1000000, pilot",48,3,76,"D 2,3 -> 4,5",76,True,0.0,1000497.0,1,False,0.15604115247457773,8.17,4001972.0
"Fixed 1000000, pilot",48,4,47,"D 0,3 -> 6,11",12,False,1.0,1000500.0,1,False,0.038065010303648644,8.06,5002472.0
"Fixed 1000000, pilot",48,5,31,"D 0,1 -> 10,11",12,False,0.6640451924317095,1000492.0,1,False,0.038065010303648644,8.1,6002964.0
"Fixed 1000000, pilot",48,6,1,S 0 -> 6,8,False,1.0,1000488.0,1,False,0.03806334281270884,8.1,7003452.0
"Fixed 1000000, pilot",48,7,45,"D 0,3 -> 6,7",8,False,0.6717953799679139,1000489.0,1,False,0.03806334281270884,7.89,8003941.0
"Fixed 1000000, pilot",48,8,63,"D 1,2 -> 6,11",12,False,1.0,1000496.0,1,False,0.03811616436262584,8.12,9004437.0
"Fixed 1000000, pilot",48,9,41,"D 0,3 -> 4,11",12,False,0.8161809050398058,1000503.0,1,False,0.03811616026936876,7.73,10004940.0
"Fixed 1000000, pilot",48,10,68,"D 1,2 -> 9,10",12,False,1.0,1000499.0,1,False,0.038125253225639186,7.81,11005439.0
"Fixed 1000000, pilot",48,11,28,"D 0,1 -> 8,9",12,False,0.48744765068320417,1000486.0,1,False,0.038125253225639186,8.16,12005925.0
"Fixed 1000000, pilot",48,12,21,"D 0,1 -> 5,8",12,False,1.0,1000495.0,1,False,0.03812558042000521,8.11,13006420.0
"Fixed 1000000, pilot",48,13,58,"D 1,2 -> 5,6",12,False,1.0,1000491.0,1,False,0.03812558042000521,8.09,14006911.0
"Fixed 1000000, pilot",48,14,32,"D 0,2 -> 4,6",12,False,1.0,1000493.0,1,False,0.03812558042000521,8.24,15007404.0
"Fixed 1000000, pilot",48,15,34,"D 0,2 -> 4,10",12,False,0.9954167044843685,1000499.0,1,False,0.03812558042000521,8.29,16007903.0
"Fixed 1000000, pilot",49,0,91,"D 2,3 -> 10,11",91,True,0.0,1000486.0,1,False,0.24318730437372557,8.21,1000486.0
"Fixed 1000000, pilot",49,1,82,"D 2,3 -> 5,10",79,True,2.220446049250313e-16,1000490.0,1,False,0.16102697871065078,8.26,2000976.0
"Fixed 1000000, pilot",49,2,79,"D 2,3 -> 4,11",79,True,0.0,1000482.0,1,False,0.12998218965087896,8.24,3001458.0
"Fixed 1000000, pilot",49,3,76,"D 2,3 -> 4,5",76,True,0.0,1000505.0,1,False,0.1560411524745777,8.17,4001963.0
"Fixed 1000000, pilot",49,4,37,"D 0,2 -> 8,10",8,False,1.0,1000475.0,1,False,0.038065010303649234,8.1,5002438.0
"Fixed 1000000, pilot",49,5,45,"D 0,3 -> 6,7",8,False,0.6718113927335925,1000498.0,1,False,0.038065010303649234,8.14,6002936.0
"Fixed 1000000, pilot",49,6,34,"D 0,2 -> 4,10",12,False,0.9951227082974516,1000506.0,1,False,0.038117825182008264,8.13,7003442.0
"Fixed 1000000, pilot",49,7,22,"D 0,1 -> 5,10",12,False,0.932844804685022,1000491.0,1,False,0.03811818429184803,8.0,8003933.0
"Fixed 1000000, pilot",49,8,62,"D 1,2 -> 6,9",12,False,1.0,1000489.0,1,False,0.038123334067001496,7.97,9004422.0
"Fixed 1000000, pilot",49,9,52,"D 0,3 -> 9,10",12,False,1.0,1000478.0,1,False,0.038123334067001496,7.67,10004900.0
"Fixed 1000000, pilot",49,10,29,"D 0,1 -> 8,11",12,False,1.0,1000485.0,1,False,0.038123334067001496,7.82,11005385.0
"Fixed 1000000, pilot",49,11,16,"D 0,1 -> 4,5",12,False,0.1303095892519477,1000488.0,1,False,0.038123334067001496,8.1,12005873.0
"Fixed 1000000, pilot",49,12,43,"D 0,3 -> 5,8",12,False,1.0,1000481.0,1,False,0.03800106692047436,8.13,13006354.0
"Fixed 1000000, pilot",49,13,72,"D 1,3 -> 5,11",12,False,0.995826473195196,1000493.0,1,False,0.03800106692047436,8.07,14006847.0
"Fixed 1000000, pilot",49,14,21,"D 0,1 -> 5,8",12,False,1.0,1000492.0,1,False,0.03800032773545894,8.42,15007339.0
"Fixed 1000000, pilot",49,15,6,S 1 -> 9,12,False,1.0,1000506.0,1,False,0.03800032782588843,8.26,16007845.0
"Fixed 1000000, pilot",50,0,91,"D 2,3 -> 10,11",91,True,0.0,1000500.0,1,False,0.24318730437372557,8.11,1000500.0
"Fixed 1000000, pilot",50,1,79,"D 2,3 -> 4,11",79,True,0.0,1000497.0,1,False,0.16102697871065078,8.24,2000997.0
"Fixed 1000000, pilot",50,2,76,"D 2,3 -> 4,5",82,False,0.024066516365316204,1000478.0,1,False,0.12998218947189707,8.16,3001475.0
"Fixed 1000000, pilot",50,3,82,"D 2,3 -> 5,10",82,True,0.0,1000493.0,1,False,0.15572199591416286,8.17,4001968.0
"Fixed 1000000, pilot",50,4,40,"D 0,3 -> 4,9",12,False,1.0,1000504.0,1,False,0.038065025112214046,8.05,5002472.0
"Fixed 1000000, pilot",50,5,20,"D 0,1 -> 5,6",12,False,1.0,1000481.0,1,False,0.038065025112214046,8.01,6002953.0
"Fixed 1000000, pilot",50,6,41,"D 0,3 -> 4,11",12,False,0.8167919935809829,1000490.0,1,False,0.038065025112214046,7.91,7003443.0
"Fixed 1000000, pilot",50,7,74,"D 1,3 -> 7,11",12,False,1.0,1000504.0,1,False,0.0380739693577682,7.9,8003947.0
"Fixed 1000000, pilot",50,8,61,"D 1,2 -> 6,7",12,False,0.6716964671442816,1000485.0,1,False,0.03807396934921318,7.95,9004432.0
"Fixed 1000000, pilot",50,9,58,"D 1,2 -> 5,6",8,False,1.0,1000485.0,1,False,0.03812599821255951,7.63,10004917.0
"Fixed 1000000, pilot",50,10,73,"D 1,3 -> 7,9",8,False,1.0,1000509.0,1,False,0.03812599821255951,7.84,11005426.0
"Fixed 1000000, pilot",50,11,17,"D 0,1 -> 4,7",8,False,1.0,1000516.0,1,False,0.03812599821255951,7.96,12005942.0
"Fixed 1000000, pilot",50,12,30,"D 0,1 -> 9,10",8,False,1.0,1000484.0,1,False,0.03812599821255951,7.97,13006426.0
"Fixed 1000000, pilot",50,13,66,"D 1,2 -> 8,9",8,False,0.6745077469750225,1000490.0,1,False,0.03812599821255951,8.0,14006916.0
"Fixed 1000000, pilot",50,14,41,"D 0,3 -> 4,11",8,False,0.9999999669724499,1000491.0,1,False,0.03817813412387682,8.35,15007407.0
"Fixed 1000000, pilot",50,15,40,"D 0,3 -> 4,9",8,False,1.0,1000508.0,1,False,0.03817813412387682,8.24,16007915.0
"Fixed 1000000, pilot",51,0,91,"D 2,3 -> 10,11",91,True,0.0,1000498.0,1,False,0.24318730437372557,8.36,1000498.0
"Fixed 1000000, pilot",51,1,79,"D 2,3 -> 4,11",79,True,0.0,1000478.0,1,False,0.16102697871065078,8.36,2000976.0
"Fixed 1000000, pilot",51,2,82,"D 2,3 -> 5,10",82,True,0.0,1000514.0,1,False,0.12998218947189707,8.38,3001490.0
"Fixed 1000000, pilot",51,3,76,"D 2,3 -> 4,5",76,True,0.0,1000503.0,1,False,0.15604115247457773,8.3,4001993.0
"Fixed 1000000, pilot",51,4,30,"D 0,1 -> 9,10",12,False,1.0,1000487.0,1,False,0.038065010303648644,8.17,5002480.0
"Fixed 1000000, pilot",51,5,16,"D 0,1 -> 4,5",12,False,0.1259807748087346,1000502.0,1,False,0.038065010303648644,8.09,6002982.0
"Fixed 1000000, pilot",51,6,50,"D 0,3 -> 8,9",12,False,0.6707516863044021,1000497.0,1,False,0.03794550728419781,8.07,7003479.0
"Fixed 1000000, pilot",51,7,7,S 1 -> 11,12,False,0.9611402214792839,1000492.0,1,False,0.037998326974816136,8.16,8003971.0
"Fixed 1000000, pilot",51,8,58,"D 1,2 -> 5,6",12,False,1.0,1000497.0,1,False,0.03800325570215079,7.76,9004468.0
"Fixed 1000000, pilot",51,9,45,"D 0,3 -> 6,7",12,False,0.6736227782575464,1000493.0,1,False,0.03800325696293954,8.25,10004961.0
"Fixed 1000000, pilot",51,10,23,"D 0,1 -> 6,7",12,False,0.479193329177962,1000493.0,1,False,0.03805532229712592,8.32,11005454.0
"Fixed 1000000, pilot",51,11,18,"D 0,1 -> 4,9",12,False,1.0,1000495.0,1,False,0.03805880474100081,8.25,12005949.0
"Fixed 1000000, pilot",51,12,31,"D 0,1 -> 10,11",12,False,0.7185679468692572,1000496.0,1,False,0.03805880474100081,8.21,13006445.0
"Fixed 1000000, pilot",51,13,57,"D 1,2 -> 4,11",12,False,0.8198981309029074,1000504.0,1,False,0.03805778815734177,8.29,14006949.0
"Fixed 1000000, pilot",51,14,61,"D 1,2 -> 6,7",12,False,0.6655127908521339,1000487.0,1,False,0.03804652791855129,8.38,15007436.0
"Fixed 1000000, pilot",51,15,36,"D 0,2 -> 6,10",8,False,1.0,1000487.0,1,False,0.038048198940518925,8.37,16007923.0
"Fixed 1000000, pilot",52,0,91,"D 2,3 -> 10,11",91,True,0.0,1000487.0,1,False,0.24318730437372557,8.39,1000487.0
"Fixed 1000000, pilot",52,1,79,"D 2,3 -> 4,11",79,True,0.0,1000512.0,1,False,0.16102697871065078,8.42,2000999.0
"Fixed 1000000, pilot",52,2,82,"D 2,3 -> 5,10",82,True,0.0,1000485.0,1,False,0.12998218947189707,8.42,3001484.0
"Fixed 1000000, pilot",52,3,76,"D 2,3 -> 4,5",76,True,0.0,1000487.0,1,False,0.15604115247457773,8.35,4001971.0
"Fixed 1000000, pilot",52,4,68,"D 1,2 -> 9,10",12,False,1.0,1000490.0,1,False,0.038065010303648644,8.3,5002461.0
"Fixed 1000000, pilot",52,5,17,"D 0,1 -> 4,7",12,False,1.0,1000511.0,1,False,0.038065010303648644,8.21,6002972.0
"Fixed 1000000, pilot",52,6,40,"D 0,3 -> 4,9",12,False,1.0,1000487.0,1,False,0.038065010303648644,8.07,7003459.0
"Fixed 1000000, pilot",52,7,29,"D 0,1 -> 8,11",12,False,1.0,1000475.0,1,False,0.038065010303648644,8.03,8003934.0
"Fixed 1000000, pilot",52,8,41,"D 0,3 -> 4,11",12,False,0.8167919311920304,1000486.0,1,False,0.038065010303648644,7.76,9004420.0
"Fixed 1000000, pilot",52,9,22,"D 0,1 -> 5,10",12,False,0.9326567241608599,1000485.0,1,False,0.03807396696082527,8.1,10004905.0
"Fixed 1000000, pilot",52,10,62,"D 1,2 -> 6,9",12,False,1.0,1000492.0,1,False,0.03807912441943537,8.22,11005397.0
"Fixed 1000000, pilot",52,11,40,"D 0,3 -> 4,9",12,False,1.0,1000474.0,1,False,0.038079129093288894,8.3,12005871.0
"Fixed 1000000, pilot",52,12,28,"D 0,1 -> 8,9",12,False,0.48611944224227877,1000496.0,1,False,0.03807912917437834,8.4,13006367.0
"Fixed 1000000, pilot",52,13,19,"D 0,1 -> 4,11",12,False,0.929482996197582,1000479.0,1,False,0.03807942507904229,8.5,14006846.0
"Fixed 1000000, pilot",52,14,16,"D 0,1 -> 4,5",12,False,0.13581066061264413,1000482.0,1,False,0.038080737558188034,8.42,15007328.0
"Fixed 1000000, pilot",52,15,8,S 2 -> 4,12,False,9.99092025777415e-06,1000497.0,1,False,0.03795875432495535,8.38,16007825.0
"Fixed 1000000, pilot",53,0,91,"D 2,3 -> 10,11",91,True,0.0,1000482.0,1,False,0.24318730437372557,8.27,1000482.0
"Fixed 1000000, pilot",53,1,79,"D 2,3 -> 4,11",79,True,0.0,1000491.0,1,False,0.16102697871065078,8.28,2000973.0
"Fixed 1000000, pilot",53,2,82,"D 2,3 -> 5,10",82,True,0.0,1000497.0,1,False,0.12998218947189707,8.25,3001470.0
"Fixed 1000000, pilot",53,3,76,"D 2,3 -> 4,5",76,True,0.0,1000484.0,1,False,0.15604115247457773,8.29,4001954.0
"Fixed 1000000, pilot",53,4,25,"D 0,1 -> 6,11",12,False,1.0,1000483.0,1,False,0.038065010303648644,8.13,5002437.0
"Fixed 1000000, pilot",53,5,63,"D 1,2 -> 6,11",12,False,1.0,1000493.0,1,False,0.038065010303648644,8.09,6002930.0
"Fixed 1000000, pilot",53,6,30,"D 0,1 -> 9,10",12,False,1.0,1000491.0,1,False,0.038065010303648644,8.14,7003421.0
"Fixed 1000000, pilot",53,7,50,"D 0,3 -> 8,9",12,False,0.671811392733587,1000480.0,1,False,0.038065010303648644,8.17,8003901.0
"Fixed 1000000, pilot",53,8,30,"D 0,1 -> 9,10",12,False,1.0,1000498.0,1,False,0.03811782566906623,7.79,9004399.0
"Fixed 1000000, pilot",53,9,38,"D 0,3 -> 4,5",12,False,0.9204646337128051,1000489.0,1,False,0.03811782566906623,8.13,10004888.0
"Fixed 1000000, pilot",53,10,16,"D 0,1 -> 4,5",12,False,0.1302268473009246,1000495.0,1,False,0.038110584228216914,8.16,11005383.0
"Fixed 1000000, pilot",53,11,60,"D 1,2 -> 5,10",12,False,0.8171809948084426,1000492.0,1,False,0.03799209376976903,8.15,12005875.0
"Fixed 1000000, pilot",53,12,66,"D 1,2 -> 8,9",12,False,0.6720951431980231,1000488.0,1,False,0.03800029423139986,8.33,13006363.0
"Fixed 1000000, pilot",53,13,2,S 0 -> 8,8,False,1.0,1000486.0,1,False,0.038003578120032154,8.38,14006849.0
"Fixed 1000000, pilot",53,14,34,"D 0,2 -> 4,10",8,False,0.9996871654988627,1000486.0,1,False,0.03800357818160177,8.46,15007335.0
"Fixed 1000000, pilot",53,15,55,"D 1,2 -> 4,7",8,False,1.0,1000503.0,1,False,0.038003520186898086,8.36,16007838.0
"Fixed 1000000, pilot",54,0,91,"D 2,3 -> 10,11",91,True,0.0,1000489.0,1,False,0.24318730437372557,8.37,1000489.0
"Fixed 1000000, pilot",54,1,79,"D 2,3 -> 4,11",79,True,0.0,1000491.0,1,False,0.16102697871065078,8.39,2000980.0
"Fixed 1000000, pilot",54,2,82,"D 2,3 -> 5,10",82,True,0.0,1000478.0,1,False,0.12998218947189707,8.43,3001458.0
"Fixed 1000000, pilot",54,3,76,"D 2,3 -> 4,5",76,True,0.0,1000494.0,1,False,0.15604115247457773,8.29,4001952.0
"Fixed 1000000, pilot",54,4,45,"D 0,3 -> 6,7",12,False,0.6718113927335867,1000491.0,1,False,0.038065010303648644,8.28,5002443.0
"Fixed 1000000, pilot",54,5,2,S 0 -> 8,12,False,1.0,1000491.0,1,False,0.03811782561949699,8.17,6002934.0
"Fixed 1000000, pilot",54,6,20,"D 0,1 -> 5,6",12,False,1.0,1000474.0,1,False,0.038117825583398296,8.14,7003408.0
"Fixed 1000000, pilot",54,7,24,"D 0,1 -> 6,9",12,False,1.0,1000484.0,1,False,0.038117825583398296,7.95,8003892.0
"Fixed 1000000, pilot",54,8,57,"D 1,2 -> 4,11",12,False,0.8215838062669791,1000478.0,1,False,0.038117825583398296,7.82,9004370.0
"Fixed 1000000, pilot",54,9,3,S 0 -> 10,8,False,0.9577223950715146,1000491.0,1,False,0.03810774868681902,8.23,10004861.0
"Fixed 1000000, pilot",54,10,3,S 0 -> 10,12,False,0.9999999989007132,1000496.0,1,False,0.03811315620098502,8.27,11005357.0
"Fixed 1000000, pilot",54,11,47,"D 0,3 -> 6,11",12,False,1.0,1000490.0,1,False,0.03811315620098502,8.23,12005847.0
"Fixed 1000000, pilot",54,12,6,S 1 -> 9,12,False,1.0,1000500.0,1,False,0.03811315620098502,8.34,13006347.0
"Fixed 1000000, pilot",54,13,30,"D 0,1 -> 9,10",12,False,1.0,1000490.0,1,False,0.03811315620098502,8.43,14006837.0
"Fixed 1000000, pilot",54,14,66,"D 1,2 -> 8,9",12,False,0.6716749855885762,1000492.0,1,False,0.03811315620098502,8.54,15007329.0
"Fixed 1000000, pilot",54,15,53,"D 0,3 -> 10,11",8,False,0.8349757439584895,1000492.0,1,False,0.038166083029359636,8.58,16007821.0
"Fixed 1000000, pilot",55,0,91,"D 2,3 -> 10,11",91,True,0.0,1000491.0,1,False,0.24318730437372557,8.3,1000491.0
"Fixed 1000000, pilot",55,1,79,"D 2,3 -> 4,11",79,True,0.0,1000490.0,1,False,0.16102697871065078,8.37,2000981.0
"Fixed 1000000, pilot",55,2,82,"D 2,3 -> 5,10",82,True,0.0,1000484.0,1,False,0.12998218947189707,8.39,3001465.0
"Fixed 1000000, pilot",55,3,76,"D 2,3 -> 4,5",76,True,0.0,1000484.0,1,False,0.15604115247457773,8.25,4001949.0
"Fixed 1000000, pilot",55,4,47,"D 0,3 -> 6,11",12,False,1.0,1000491.0,1,False,0.038065010303648644,8.28,5002440.0
"Fixed 1000000, pilot",55,5,36,"D 0,2 -> 6,10",12,False,1.0,1000484.0,1,False,0.038065010303648644,8.11,6002924.0
"Fixed 1000000, pilot",55,6,30,"D 0,1 -> 9,10",12,False,1.0,1000494.0,1,False,0.038065010303648644,8.19,7003418.0
"Fixed 1000000, pilot",55,7,30,"D 0,1 -> 9,10",12,False,1.0,1000504.0,1,False,0.038065010303648644,7.99,8003922.0
"Fixed 1000000, pilot",55,8,16,"D 0,1 -> 4,5",12,False,0.1259807748087346,1000485.0,1,False,0.038065010303648644,7.92,9004407.0
"Fixed 1000000, pilot",55,9,30,"D 0,1 -> 9,10",12,False,1.0,1000487.0,1,False,0.03794550728419781,8.22,10004894.0
"Fixed 1000000, pilot",55,10,61,"D 1,2 -> 6,7",12,False,0.670751686304402,1000493.0,1,False,0.03794550728419781,8.2,11005387.0
"Fixed 1000000, pilot",55,11,71,"D 1,3 -> 5,9",8,False,1.0,1000494.0,1,False,0.03799832579749602,8.23,12005881.0
"Fixed 1000000, pilot",55,12,45,"D 0,3 -> 6,7",8,False,0.6726823669295174,1000477.0,1,False,0.03799832579749602,8.39,13006358.0
"Fixed 1000000, pilot",55,13,7,S 1 -> 11,12,False,0.9590978148530694,1000487.0,1,False,0.03799302004755925,8.4,14006845.0
"Fixed 1000000, pilot",55,14,64,"D 1,2 -> 7,8",8,False,1.0,1000490.0,1,False,0.03800031997321937,8.38,15007335.0
"Fixed 1000000, pilot",55,15,5,S 1 -> 7,8,False,1.0,1000492.0,1,False,0.038000319400829666,8.39,16007827.0
"Fixed 1000000, pilot",56,0,91,"D 2,3 -> 10,11",91,True,0.0,1000486.0,1,False,0.24318730437372557,8.32,1000486.0
"Fixed 1000000, pilot",56,1,79,"D 2,3 -> 4,11",79,True,0.0,1000507.0,1,False,0.16102697871065078,8.29,2000993.0
"Fixed 1000000, pilot",56,2,76,"D 2,3 -> 4,5",82,False,0.024066516365316204,1000489.0,1,False,0.12998218947189707,8.37,3001482.0
"Fixed 1000000, pilot",56,3,82,"D 2,3 -> 5,10",82,True,0.0,1000486.0,1,False,0.15572199591416286,8.26,4001968.0
"Fixed 1000000, pilot",56,4,24,"D 0,1 -> 6,9",12,False,1.0,1000485.0,1,False,0.038065025112214046,8.33,5002453.0
"Fixed 1000000, pilot",56,5,70,"D 1,3 -> 5,7",12,False,1.0,1000483.0,1,False,0.038065025112214046,8.1,6002936.0
"Fixed 1000000, pilot",56,6,51,"D 0,3 -> 8,11",12,False,1.0,1000489.0,1,False,0.038065025112214046,8.21,7003425.0
"Fixed 1000000, pilot",56,7,57,"D 1,2 -> 4,11",12,False,0.8216722991252752,1000496.0,1,False,0.038065025112214046,7.94,8003921.0
"Fixed 1000000, pilot",56,8,45,"D 0,3 -> 6,7",8,False,0.6720318863080017,1000488.0,1,False,0.03811252759351556,7.98,9004409.0
"Fixed 1000000, pilot",56,9,16,"D 0,1 -> 4,5",8,False,0.1270616256914645,1000501.0,1,False,0.038107746042662406,8.26,10004910.0
"Fixed 1000000, pilot",56,10,62,"D 1,2 -> 6,9",8,False,1.0,1000494.0,1,False,0.03798824665967748,8.27,11005404.0
"Fixed 1000000, pilot",56,11,44,"D 0,3 -> 5,10",8,False,0.8204270511348696,1000504.0,1,False,0.03798824665967748,8.26,12005908.0
"Fixed 1000000, pilot",56,12,17,"D 0,1 -> 4,7",12,False,1.0,1000474.0,1,False,0.03803397895461299,8.47,13006382.0
"Fixed 1000000, pilot",56,13,42,"D 0,3 -> 5,6",12,False,1.0,1000490.0,1,False,0.03803397895461299,8.5,14006872.0
"Fixed 1000000, pilot",56,14,32,"D 0,2 -> 4,6",12,False,1.0,1000485.0,1,False,0.03803397895461299,8.4,15007357.0
"Fixed 1000000, pilot",56,15,53,"D 0,3 -> 10,11",12,False,0.8259710760546304,1000486.0,1,False,0.03803397895461299,8.3,16007843.0
"Fixed 1000000, pilot",57,0,91,"D 2,3 -> 10,11",91,True,0.0,1000501.0,1,False,0.24318730437372557,8.37,1000501.0
"Fixed 1000000, pilot",57,1,82,"D 2,3 -> 5,10",79,True,2.220446049250313e-16,1000504.0,1,False,0.16102697871065078,8.38,2001005.0
"Fixed 1000000, pilot",57,2,79,"D 2,3 -> 4,11",79,True,0.0,1000495.0,1,False,0.12998218965087896,8.3,3001500.0
"Fixed 1000000, pilot",57,3,76,"D 2,3 -> 4,5",76,True,0.0,1000488.0,1,False,0.1560411524745777,8.25,4001988.0
"Fixed 1000000, pilot",57,4,27,"D 0,1 -> 7,10",8,False,1.0,1000499.0,1,False,0.038065010303649234,8.25,5002487.0
"Fixed 1000000, pilot",57,5,5,S 1 -> 7,8,False,1.0,1000484.0,1,False,0.038065010303649234,8.06,6002971.0
"Fixed 1000000, pilot",57,6,60,"D 1,2 -> 5,10",8,False,0.8167919311920349,1000494.0,1,False,0.038065010303649234,8.24,7003465.0
"Fixed 1000000, pilot",57,7,27,"D 0,1 -> 7,10",8,False,1.0,1000498.0,1,False,0.038073966960825927,8.02,8003963.0
"Fixed 1000000, pilot",57,8,16,"D 0,1 -> 4,5",8,False,0.12667413627645785,1000491.0,1,False,0.038073966960825927,7.97,9004454.0
"Fixed 1000000, pilot",57,9,46,"D 0,3 -> 6,9",8,False,1.0,1000496.0,1,False,0.03795447826242261,8.24,10004950.0
"Fixed 1000000, pilot",57,10,65,"D 1,2 -> 7,10",8,False,1.0,1000496.0,1,False,0.03795447826242261,8.19,11005446.0
"Fixed 1000000, pilot",57,11,5,S 1 -> 7,8,False,1.0,1000500.0,1,False,0.03795447826242261,8.24,12005946.0
"Fixed 1000000, pilot",57,12,6,S 1 -> 9,8,False,1.0,1000500.0,1,False,0.03795447826242261,8.43,13006446.0
"Fixed 1000000, pilot",57,13,29,"D 0,1 -> 8,11",8,False,1.0,1000498.0,1,False,0.03795447826242261,8.31,14006944.0
"Fixed 1000000, pilot",57,14,25,"D 0,1 -> 6,11",8,False,1.0,1000498.0,1,False,0.03795447826242261,8.33,15007442.0
"Fixed 1000000, pilot",57,15,64,"D 1,2 -> 7,8",8,False,1.0,1000503.0,1,False,0.03795447826242261,8.3,16007945.0
"Fixed 1000000, pilot",58,0,91,"D 2,3 -> 10,11",91,True,0.0,1000492.0,1,False,0.24318730437372557,8.31,1000492.0
"Fixed 1000000, pilot",58,1,79,"D 2,3 -> 4,11",79,True,0.0,1000494.0,1,False,0.16102697871065078,8.29,2000986.0
"Fixed 1000000, pilot",58,2,76,"D 2,3 -> 4,5",82,False,0.024066516365316204,1000494.0,1,False,0.12998218947189707,8.28,3001480.0
"Fixed 1000000, pilot",58,3,82,"D 2,3 -> 5,10",82,True,0.0,1000473.0,1,False,0.15572199591416286,8.18,4001953.0
"Fixed 1000000, pilot",58,4,71,"D 1,3 -> 5,9",12,False,1.0,1000494.0,1,False,0.038065025112214046,8.2,5002447.0
"Fixed 1000000, pilot",58,5,58,"D 1,2 -> 5,6",12,False,1.0,1000498.0,1,False,0.038065025112214046,8.08,6002945.0
"Fixed 1000000, pilot",58,6,41,"D 0,3 -> 4,11",12,False,0.8167919935809829,1000494.0,1,False,0.038065025112214046,8.06,7003439.0
"Fixed 1000000, pilot",58,7,49,"D 0,3 -> 7,10",12,False,1.0,1000483.0,1,False,0.0380739693577682,7.75,8003922.0
"Fixed 1000000, pilot",58,8,16,"D 0,1 -> 4,5",12,False,0.1266742094180534,1000506.0,1,False,0.03807396934921318,7.86,9004428.0
"Fixed 1000000, pilot",58,9,16,"D 0,1 -> 4,5",12,False,0.9999999930920684,1000494.0,1,False,0.037954478562214074,8.02,10004922.0
"Fixed 1000000, pilot",58,10,40,"D 0,3 -> 4,9",12,False,1.0,1000507.0,1,False,0.03795447841321228,8.12,11005429.0
"Fixed 1000000, pilot",58,11,48,"D 0,3 -> 7,8",12,False,1.0,1000481.0,1,False,0.03795447841321228,8.11,12005910.0
"Fixed 1000000, pilot",58,12,26,"D 0,1 -> 7,8",12,False,1.0,1000480.0,1,False,0.03795447841321228,8.26,13006390.0
"Fixed 1000000, pilot",58,13,33,"D 0,2 -> 4,8",12,False,1.0,1000497.0,1,False,0.03795447841321228,8.26,14006887.0
"Fixed 1000000, pilot",58,14,70,"D 1,3 -> 5,7",12,False,1.0,1000513.0,1,False,0.03795447841321228,8.09,15007400.0
"Fixed 1000000, pilot",58,15,30,"D 0,1 -> 9,10",12,False,1.0,1000489.0,1,False,0.03795447841321228,8.16,16007889.0
"Fixed 1000000, pilot",59,0,91,"D 2,3 -> 10,11",91,True,0.0,1000495.0,1,False,0.24318730437372557,8.25,1000495.0
"Fixed 1000000, pilot",59,1,82,"D 2,3 -> 5,10",79,True,2.220446049250313e-16,1000492.0,1,False,0.16102697871065078,8.31,2000987.0
"Fixed 1000000, pilot",59,2,79,"D 2,3 -> 4,11",79,True,0.0,1000494.0,1,False,0.12998218965087896,8.27,3001481.0
"Fixed 1000000, pilot",59,3,76,"D 2,3 -> 4,5",76,True,0.0,1000494.0,1,False,0.1560411524745777,8.19,4001975.0
"Fixed 1000000, pilot",59,4,3,S 0 -> 10,8,False,0.9596896192971851,1000487.0,1,False,0.038065010303649234,8.17,5002462.0
"Fixed 1000000, pilot",59,5,63,"D 1,2 -> 6,11",12,False,1.0,1000486.0,1,False,0.03807211512372307,8.06,6002948.0
"Fixed 1000000, pilot",59,6,16,"D 0,1 -> 4,5",12,False,0.12631551540172958,1000501.0,1,False,0.03807211512372307,8.22,7003449.0
"Fixed 1000000, pilot",59,7,2,S 0 -> 8,12,False,1.0,1000478.0,1,False,0.037952372523038895,7.86,8003927.0
"Fixed 1000000, pilot",59,8,67,"D 1,2 -> 8,11",12,False,1.0,1000501.0,1,False,0.037952372523038895,8.14,9004428.0
"Fixed 1000000, pilot",59,9,18,"D 0,1 -> 4,9",12,False,1.0,1000499.0,1,False,0.037952372523038895,8.28,10004927.0
"Fixed 1000000, pilot",59,10,28,"D 0,1 -> 8,9",12,False,0.4902821651426664,1000478.0,1,False,0.037952372523038895,8.24,11005405.0
"Fixed 1000000, pilot",59,11,57,"D 1,2 -> 4,11",12,False,0.8215250417937041,1000489.0,1,False,0.03795354838914533,8.13,12005894.0
"Fixed 1000000, pilot",59,12,75,"D 1,3 -> 9,11",8,False,1.0,1000481.0,1,False,0.03799906370451509,8.45,13006375.0
"Fixed 1000000, pilot",59,13,51,"D 0,3 -> 8,11",8,False,1.0,1000499.0,1,False,0.03799906370451509,8.38,14006874.0
"Fixed 1000000, pilot",59,14,68,"D 1,2 -> 9,10",8,False,1.0,1000491.0,1,False,0.03799906370451509,8.44,15007365.0
"Fixed 1000000, pilot",59,15,4,S 1 -> 5,8,False,0.9529270945749589,1000485.0,1,False,0.03799906370451509,8.25,16007850.0
"Fixed 1333521, designed",0,0,91,"D 2,3 -> 10,11",91,True,0.0,1334021.0,1,False,0.24318730437372557,2.16,1334021.0
"Fixed 1333521, designed",0,1,82,"D 2,3 -> 5,10",79,True,2.220446049250313e-16,1334001.0,1,False,0.16102697871065078,2.07,2668022.0
"Fixed 1333521, designed",0,2,76,"D 2,3 -> 4,5",79,False,0.024066513654290578,1334015.0,1,False,0.12998218965087896,2.08,4002037.0
"Fixed 1333521, designed",0,3,79,"D 2,3 -> 4,11",79,True,0.0,1334015.0,1,False,0.15572199872464462,2.07,5336052.0
"Fixed 1333521, designed",0,4,71,"D 1,3 -> 5,9",8,False,1.0,1334010.0,1,False,0.03806501943588732,2.1,6670062.0
"Fixed 1333521, designed",0,5,23,"D 0,1 -> 6,7",8,False,0.4860631197941765,1334010.0,1,False,0.03806501271233194,2.11,8004072.0
"Fixed 1333521, designed",0,6,8,S 2 -> 4,12,False,4.287993515816879e-09,1334008.0,1,False,0.03806532978284647,2.12,9338080.0
"Fixed 1333521, designed",0,7,5,S 1 -> 7,15,False,1.0,1334013.0,1,False,0.03313195050799794,2.14,10672093.0
"Fixed 1333521, designed",0,8,74,"D 1,3 -> 7,11",15,False,1.0,1334013.0,1,False,0.03313195050799794,2.12,12006106.0
"Fixed 1333521, designed",0,9,53,"D 0,3 -> 10,11",15,False,0.7966764183779538,1334013.0,1,False,0.03313195050799794,2.1,13340119.0
"Fixed 1333521, designed",0,10,3,S 0 -> 10,15,False,0.8982766806937341,1334011.0,1,False,0.033136005556056225,2.1,14674130.0
"Fixed 1333521, designed",0,11,19,"D 0,1 -> 4,11",15,False,0.8457701271300422,1334013.0,1,False,0.033162565230979935,2.1,16008143.0
"Fixed 1333521, designed",0,12,34,"D 0,2 -> 4,10",15,False,0.9418928867853271,1334013.0,1,False,0.033161574626508594,2.09,17342156.0
"Fixed 1333521, designed",0,13,1,S 0 -> 6,15,False,1.0,1334013.0,1,False,0.03316530204854512,2.13,18676169.0
"Fixed 1333521, designed",0,14,61,"D 1,2 -> 6,7",15,False,0.5752933454640883,1334013.0,1,False,0.03316530204854512,2.15,20010182.0
"Fixed 1333521, designed",0,15,42,"D 0,3 -> 5,6",15,False,1.0,1334013.0,1,False,0.033209207600855994,2.14,21344195.0
"Fixed 1333521, designed",1,0,91,"D 2,3 -> 10,11",91,True,0.0,1334021.0,1,False,0.24318730437372557,2.25,1334021.0
"Fixed 1333521, designed",1,1,82,"D 2,3 -> 5,10",79,True,2.220446049250313e-16,1334001.0,1,False,0.16102697871065078,2.2,2668022.0
"Fixed 1333521, designed",1,2,79,"D 2,3 -> 4,11",79,True,0.0,1334015.0,1,False,0.12998218965087896,2.12,4002037.0
"Fixed 1333521, designed",1,3,76,"D 2,3 -> 4,5",76,True,0.0,1334003.0,1,False,0.1560411524745777,2.15,5336040.0
"Fixed 1333521, designed",1,4,12,S 3 -> 5,8,True,2.357792849849716e-10,1334010.0,1,False,0.038065010303649234,2.1,6670050.0
"Fixed 1333521, designed",1,5,29,"D 0,1 -> 8,11",11,False,1.0,1334033.0,1,False,0.03313194371016418,2.15,8004083.0
"Fixed 1333521, designed",1,6,16,"D 0,1 -> 4,5",11,False,0.15073334102346414,1334033.0,1,False,0.03313194371016418,2.17,9338116.0
"Fixed 1333521, designed",1,7,61,"D 1,2 -> 6,7",11,False,0.6284044226762787,1334023.0,1,False,0.03300845838696614,2.25,10672139.0
"Fixed 1333521, designed",1,8,74,"D 1,3 -> 7,11",11,False,1.0,1334026.0,1,False,0.03298230476445265,2.13,12006165.0
"Fixed 1333521, designed",1,9,52,"D 0,3 -> 9,10",11,False,1.0,1334026.0,1,False,0.03298230476445265,2.16,13340191.0
"Fixed 1333521, designed",1,10,4,S 1 -> 5,11,False,0.9807428167753843,1334026.0,1,False,0.03298230476445265,2.15,14674217.0
"Fixed 1333521, designed",1,11,85,"D 2,3 -> 6,11",11,False,1.0,1334027.0,1,False,0.03297822285188039,2.1,16008244.0
"Fixed 1333521, designed",1,12,64,"D 1,2 -> 7,8",11,False,1.0,1334027.0,1,False,0.03297822281377807,2.13,17342271.0
"Fixed 1333521, designed",1,13,2,S 0 -> 8,11,False,1.0,1334027.0,1,False,0.03297822281377807,2.11,18676298.0
"Fixed 1333521, designed",1,14,54,"D 1,2 -> 4,5",11,False,0.9209853886501151,1334027.0,1,False,0.03297822281377807,2.08,20010325.0
"Fixed 1333521, designed",1,15,34,"D 0,2 -> 4,10",11,False,0.9598260669344616,1334026.0,1,False,0.03297561218234866,2.08,21344351.0
"Fixed 1333521, designed",2,0,91,"D 2,3 -> 10,11",91,True,0.0,1334021.0,1,False,0.24318730437372557,2.27,1334021.0
"Fixed 1333521, designed",2,1,82,"D 2,3 -> 5,10",79,True,2.220446049250313e-16,1334001.0,1,False,0.16102697871065078,2.2,2668022.0
"Fixed 1333521, designed",2,2,79,"D 2,3 -> 4,11",79,True,0.0,1334015.0,1,False,0.12998218965087896,2.1,4002037.0
"Fixed 1333521, designed",2,3,76,"D 2,3 -> 4,5",76,True,0.0,1334003.0,1,False,0.1560411524745777,2.11,5336040.0
"Fixed 1333521, designed",2,4,8,S 2 -> 4,8,True,0.0,1334010.0,1,False,0.038065010303649234,2.09,6670050.0
"Fixed 1333521, designed",2,5,70,"D 1,3 -> 5,7",15,False,1.0,1334014.0,1,False,0.03313194410308523,2.1,8004064.0
"Fixed 1333521, designed",2,6,53,"D 0,3 -> 10,11",15,False,0.7966798206914969,1334014.0,1,False,0.03313194410308523,2.1,9338078.0
"Fixed 1333521, designed",2,7,32,"D 0,2 -> 4,6",15,False,1.0,1334011.0,1,False,0.0331360030695832,2.27,10672089.0
"Fixed 1333521, designed",2,8,4,S 1 -> 5,15,False,0.9795088608605703,1334011.0,1,False,0.03313600399454142,2.16,12006100.0
"Fixed 1333521, designed",2,9,19,"D 0,1 -> 4,11",15,False,0.8448826498481249,1334012.0,1,False,0.033132784192837716,2.16,13340112.0
"Fixed 1333521, designed",2,10,27,"D 0,1 -> 7,10",15,False,1.0,1334014.0,1,False,0.03313179997294846,2.15,14674126.0
"Fixed 1333521, designed",2,11,71,"D 1,3 -> 5,9",15,False,1.0,1334014.0,1,False,0.03313179997294846,2.15,16008140.0
"Fixed 1333521, designed",2,12,34,"D 0,2 -> 4,10",15,False,0.9328784927351947,1334014.0,1,False,0.03313179997294846,2.14,17342154.0
"Fixed 1333521, designed",2,13,41,"D 0,3 -> 4,11",15,False,0.7728957060412922,1334013.0,1,False,0.03313926554745267,2.08,18676167.0
"Fixed 1333521, designed",2,14,61,"D 1,2 -> 6,7",15,False,0.5831202793066237,1334015.0,1,False,0.03314619643403077,2.08,20010182.0
"Fixed 1333521, designed",2,15,48,"D 0,3 -> 7,8",15,False,1.0,1334016.0,1,False,0.03318757566736663,2.09,21344198.0
"Fixed 1333521, designed",3,0,91,"D 2,3 -> 10,11",91,True,0.0,1334021.0,1,False,0.24318730437372557,2.25,1334021.0
"Fixed 1333521, designed",3,1,79,"D 2,3 -> 4,11",79,True,0.0,1334001.0,1,False,0.16102697871065078,2.21,2668022.0
"Fixed 1333521, designed",3,2,82,"D 2,3 -> 5,10",82,True,0.0,1334010.0,1,False,0.12998218947189707,2.11,4002032.0
"Fixed 1333521, designed",3,3,76,"D 2,3 -> 4,5",76,True,0.0,1334003.0,1,False,0.15604115247457773,2.15,5336035.0
"Fixed 1333521, designed",3,4,75,"D 1,3 -> 9,11",12,False,1.0,1334010.0,1,False,0.038065010303648644,2.14,6670045.0
"Fixed 1333521, designed",3,5,37,"D 0,2 -> 8,10",12,False,1.0,1334010.0,1,False,0.038065010303648644,2.16,8004055.0
"Fixed 1333521, designed",3,6,8,S 2 -> 4,12,True,2.3575208452086827e-10,1334010.0,1,False,0.038065010303648644,2.18,9338065.0
"Fixed 1333521, designed",3,7,47,"D 0,3 -> 6,11",15,False,1.0,1334014.0,1,False,0.033131943710163925,2.25,10672079.0
"Fixed 1333521, designed",3,8,63,"D 1,2 -> 6,11",15,False,1.0,1334014.0,1,False,0.033131943710163925,2.11,12006093.0
"Fixed 1333521, designed",3,9,63,"D 1,2 -> 6,11",15,False,1.0,1334014.0,1,False,0.033131943710163925,2.16,13340107.0
"Fixed 1333521, designed",3,10,30,"D 0,1 -> 9,10",15,False,1.0,1334014.0,1,False,0.033131943710163925,2.16,14674121.0
"Fixed 1333521, designed",3,11,66,"D 1,2 -> 8,9",15,False,0.5832554317945571,1334014.0,1,False,0.033131943710163925,2.12,16008135.0
"Fixed 1333521, designed",3,12,45,"D 0,3 -> 6,7",15,False,0.6302931088379302,1334013.0,1,False,0.033173996199370226,2.1,17342148.0
"Fixed 1333521, designed",3,13,16,"D 0,1 -> 4,5",15,False,0.1512074748648845,1334010.0,1,False,0.03314786877554482,2.09,18676158.0
"Fixed 1333521, designed",3,14,24,"D 0,1 -> 6,9",15,False,1.0,1334011.0,1,False,0.03302442161524438,2.12,20010169.0
"Fixed 1333521, designed",3,15,6,S 1 -> 9,15,False,1.0,1334011.0,1,False,0.033024424850574885,2.12,21344180.0
"Fixed 1333521, designed",4,0,91,"D 2,3 -> 10,11",91,True,0.0,1334021.0,1,False,0.24318730437372557,2.11,1334021.0
"Fixed 1333521, designed",4,1,82,"D 2,3 -> 5,10",79,True,2.220446049250313e-16,1334001.0,1,False,0.16102697871065078,2.07,2668022.0
"Fixed 1333521, designed",4,2,79,"D 2,3 -> 4,11",79,True,0.0,1334015.0,1,False,0.12998218965087896,2.05,4002037.0
"Fixed 1333521, designed",4,3,76,"D 2,3 -> 4,5",76,True,0.0,1334003.0,1,False,0.1560411524745777,2.03,5336040.0
"Fixed 1333521, designed",4,4,7,S 1 -> 11,8,False,0.9596896192949672,1334010.0,1,False,0.038065010303649234,2.03,6670050.0
"Fixed 1333521, designed",4,5,61,"D 1,2 -> 6,7",8,False,0.671645659660878,1334010.0,1,False,0.038072118979066795,2.07,8004060.0
"Fixed 1333521, designed",4,6,53,"D 0,3 -> 10,11",8,False,0.8306972967059583,1334013.0,1,False,0.03812534202325903,2.05,9338073.0
"Fixed 1333521, designed",4,7,26,"D 0,1 -> 7,8",8,False,1.0,1334015.0,1,False,0.03812828837089465,2.04,10672088.0
"Fixed 1333521, designed",4,8,23,"D 0,1 -> 6,7",8,False,0.4741339401684682,1334015.0,1,False,0.03812828837089465,2.06,12006103.0
"Fixed 1333521, designed",4,9,16,"D 0,1 -> 4,5",8,False,0.130728821050766,1334014.0,1,False,0.0381310318173222,2.06,13340117.0
"Fixed 1333521, designed",4,10,16,"D 0,1 -> 4,5",8,False,0.9999999158215125,1334015.0,1,False,0.03801202498118967,2.05,14674132.0
"Fixed 1333521, designed",4,11,34,"D 0,2 -> 4,10",8,False,0.9991010276011694,1334015.0,1,False,0.038012021845121015,2.07,16008147.0
"Fixed 1333521, designed",4,12,41,"D 0,3 -> 4,11",8,False,0.8167657887631146,1334015.0,1,False,0.038012183026898294,2.09,17342162.0
"Fixed 1333521, designed",4,13,8,S 2 -> 4,8,True,0.0,1334011.0,1,False,0.03802224786749029,2.1,18676173.0
"Fixed 1333521, designed",4,14,28,"D 0,1 -> 8,9",15,False,0.4159030157948381,1334009.0,1,False,0.033125828324497786,2.06,20010182.0
"Fixed 1333521, designed",4,15,50,"D 0,3 -> 8,9",15,False,0.6232718577091918,1334010.0,1,False,0.033126803827557005,2.09,21344192.0
"Fixed 1333521, designed",5,0,91,"D 2,3 -> 10,11",91,True,0.0,1334021.0,1,False,0.24318730437372557,2.13,1334021.0
"Fixed 1333521, designed",5,1,82,"D 2,3 -> 5,10",79,True,2.220446049250313e-16,1334001.0,1,False,0.16102697871065078,2.07,2668022.0
"Fixed 1333521, designed",5,2,79,"D 2,3 -> 4,11",79,True,0.0,1334015.0,1,False,0.12998218965087896,2.07,4002037.0
"Fixed 1333521, designed",5,3,76,"D 2,3 -> 4,5",76,True,0.0,1334003.0,1,False,0.1560411524745777,2.11,5336040.0
"Fixed 1333521, designed",5,4,8,S 2 -> 4,8,True,0.0,1334010.0,1,False,0.038065010303649234,2.14,6670050.0
"Fixed 1333521, designed",5,5,31,"D 0,1 -> 10,11",15,False,0.6188828972063946,1334014.0,1,False,0.03313194410308523,2.12,8004064.0
"Fixed 1333521, designed",5,6,6,S 1 -> 9,15,False,1.0,1334012.0,1,False,0.03315240575696532,2.16,9338076.0
"Fixed 1333521, designed",5,7,16,"D 0,1 -> 4,5",15,False,0.1757816547632347,1334012.0,1,False,0.03315240575696532,2.14,10672088.0
"Fixed 1333521, designed",5,8,71,"D 1,3 -> 5,9",15,False,1.0,1334006.0,1,False,0.033027639981289825,2.15,12006094.0
"Fixed 1333521, designed",5,9,27,"D 0,1 -> 7,10",15,False,1.0,1334006.0,1,False,0.03302764011459425,2.15,13340100.0
"Fixed 1333521, designed",5,10,22,"D 0,1 -> 5,10",15,False,0.9596093667829678,1334006.0,1,False,0.03302764011459425,2.1,14674106.0
"Fixed 1333521, designed",5,11,23,"D 0,1 -> 6,7",15,False,0.4131765665336814,1334006.0,1,False,0.03302814192150011,2.09,16008112.0
"Fixed 1333521, designed",5,12,23,"D 0,1 -> 6,7",15,False,0.9999999963937505,1334008.0,1,False,0.033028861435383305,2.09,17342120.0
"Fixed 1333521, designed",5,13,2,S 0 -> 8,15,False,1.0,1334008.0,1,False,0.033028861435383305,2.09,18676128.0
"Fixed 1333521, designed",5,14,28,"D 0,1 -> 8,9",15,False,0.4149910803785998,1334008.0,1,False,0.033028861435383305,2.08,20010136.0
"Fixed 1333521, designed",5,15,66,"D 1,2 -> 8,9",15,False,0.5735037352646613,1334007.0,1,False,0.03302957712541399,2.09,21344143.0
"Fixed 1333521, designed",6,0,91,"D 2,3 -> 10,11",91,True,0.0,1334021.0,1,False,0.24318730437372557,2.18,1334021.0
"Fixed 1333521, designed",6,1,79,"D 2,3 -> 4,11",79,True,0.0,1334001.0,1,False,0.16102697871065078,2.07,2668022.0
"Fixed 1333521, designed",6,2,82,"D 2,3 -> 5,10",82,True,0.0,1334010.0,1,False,0.12998218947189707,2.1,4002032.0
"Fixed 1333521, designed",6,3,76,"D 2,3 -> 4,5",76,True,0.0,1334003.0,1,False,0.15604115247457773,2.13,5336035.0
"Fixed 1333521, designed",6,4,64,"D 1,2 -> 7,8",12,False,1.0,1334010.0,1,False,0.038065010303648644,2.11,6670045.0
"Fixed 1333521, designed",6,5,65,"D 1,2 -> 7,10",12,False,1.0,1334010.0,1,False,0.038065010303648644,2.1,8004055.0
"Fixed 1333521, designed",6,6,16,"D 0,1 -> 4,5",12,False,0.1259807748087346,1334010.0,1,False,0.038065010303648644,2.14,9338065.0
"Fixed 1333521, designed",6,7,0,S 0 -> 4,12,False,0.9577317589929494,1334017.0,1,False,0.03794550728419781,2.1,10672082.0
"Fixed 1333521, designed",6,8,86,"D 2,3 -> 7,8",12,False,1.0,1334014.0,1,False,0.037945259638035946,2.14,12006096.0
"Fixed 1333521, designed",6,9,64,"D 1,2 -> 7,8",12,False,1.0,1334014.0,1,False,0.0379452593786493,2.12,13340110.0
"Fixed 1333521, designed",6,10,6,S 1 -> 9,12,False,1.0,1334014.0,1,False,0.0379452593786493,2.1,14674124.0
"Fixed 1333521, designed",6,11,36,"D 0,2 -> 6,10",12,False,1.0,1334014.0,1,False,0.0379452593786493,2.09,16008138.0
"Fixed 1333521, designed",6,12,24,"D 0,1 -> 6,9",12,False,1.0,1334014.0,1,False,0.0379452593786493,2.09,17342152.0
"Fixed 1333521, designed",6,13,2,S 0 -> 8,12,False,1.0,1334014.0,1,False,0.0379452593786493,2.16,18676166.0
"Fixed 1333521, designed",6,14,7,S 1 -> 11,12,False,0.9610652740910172,1334014.0,1,False,0.0379452593786493,2.13,20010180.0
"Fixed 1333521, designed",6,15,38,"D 0,3 -> 4,5",12,False,0.9385650668752639,1334015.0,1,False,0.037950193078150014,2.09,21344195.0
"Fixed 1333521, designed",7,0,91,"D 2,3 -> 10,11",91,True,0.0,1334021.0,1,False,0.24318730437372557,2.13,1334021.0
"Fixed 1333521, designed",7,1,79,"D 2,3 -> 4,11",79,True,0.0,1334001.0,1,False,0.16102697871065078,2.11,2668022.0
"Fixed 1333521, designed",7,2,82,"D 2,3 -> 5,10",82,True,0.0,1334010.0,1,False,0.12998218947189707,2.09,4002032.0
"Fixed 1333521, designed",7,3,76,"D 2,3 -> 4,5",76,True,0.0,1334003.0,1,False,0.15604115247457773,2.11,5336035.0
"Fixed 1333521, designed",7,4,74,"D 1,3 -> 7,11",12,False,1.0,1334010.0,1,False,0.038065010303648644,2.09,6670045.0
"Fixed 1333521, designed",7,5,53,"D 0,3 -> 10,11",12,False,0.8298973611035432,1334010.0,1,False,0.038065010303648644,2.1,8004055.0
"Fixed 1333521, designed",7,6,31,"D 0,1 -> 10,11",12,False,0.6574695694740786,1334012.0,1,False,0.03808366114934095,2.09,9338067.0
"Fixed 1333521, designed",7,7,42,"D 0,3 -> 5,6",12,False,1.0,1334011.0,1,False,0.0380829824735739,2.05,10672078.0
"Fixed 1333521, designed",7,8,27,"D 0,1 -> 7,10",12,False,1.0,1334011.0,1,False,0.03808298299668275,2.09,12006089.0
"Fixed 1333521, designed",7,9,73,"D 1,3 -> 7,9",12,False,1.0,1334011.0,1,False,0.03808298299668275,2.07,13340100.0
"Fixed 1333521, designed",7,10,5,S 1 -> 7,12,False,1.0,1334011.0,1,False,0.03808298299668275,2.07,14674111.0
"Fixed 1333521, designed",7,11,29,"D 0,1 -> 8,11",12,False,1.0,1334011.0,1,False,0.03808298299668275,2.05,16008122.0
"Fixed 1333521, designed",7,12,8,S 2 -> 4,12,False,0.0004338551690852288,1334011.0,1,False,0.03808298299668275,2.06,17342133.0
"Fixed 1333521, designed",7,13,70,"D 1,3 -> 5,7",15,False,1.0,1334007.0,1,False,0.033156771019941134,2.05,18676140.0
"Fixed 1333521, designed",7,14,65,"D 1,2 -> 7,10",15,False,1.0,1334007.0,1,False,0.033156771019941134,2.07,20010147.0
"Fixed 1333521, designed",7,15,56,"D 1,2 -> 4,9",15,False,1.0,1334007.0,1,False,0.033156771019941134,2.13,21344154.0
"Fixed 1333521, designed",8,0,91,"D 2,3 -> 10,11",91,True,0.0,1334021.0,1,False,0.24318730437372557,2.17,1334021.0
"Fixed 1333521, designed",8,1,79,"D 2,3 -> 4,11",79,True,0.0,1334001.0,1,False,0.16102697871065078,2.11,2668022.0
"Fixed 1333521, designed",8,2,82,"D 2,3 -> 5,10",82,True,0.0,1334010.0,1,False,0.12998218947189707,2.1,4002032.0
"Fixed 1333521, designed",8,3,76,"D 2,3 -> 4,5",76,True,0.0,1334003.0,1,False,0.15604115247457773,2.06,5336035.0
"Fixed 1333521, designed",8,4,67,"D 1,2 -> 8,11",12,False,1.0,1334010.0,1,False,0.038065010303648644,2.07,6670045.0
"Fixed 1333521, designed",8,5,16,"D 0,1 -> 4,5",12,False,0.1259807748087346,1334010.0,1,False,0.038065010303648644,2.09,8004055.0
"Fixed 1333521, designed",8,6,38,"D 0,3 -> 4,5",12,False,0.9394005160984419,1334017.0,1,False,0.03794550728419781,2.14,9338072.0
"Fixed 1333521, designed",8,7,7,S 1 -> 11,8,False,0.9610513938754847,1334017.0,1,False,0.0379469074806755,2.14,10672089.0
"Fixed 1333521, designed",8,8,31,"D 0,1 -> 10,11",8,False,0.7166905161602528,1334017.0,1,False,0.03795380458443324,2.12,12006106.0
"Fixed 1333521, designed",8,9,8,S 2 -> 4,8,True,0.0,1334014.0,1,False,0.03795293574589417,2.16,13340120.0
"Fixed 1333521, designed",8,10,17,"D 0,1 -> 4,7",15,False,1.0,1334010.0,1,False,0.03306326347328792,2.16,14674130.0
"Fixed 1333521, designed",8,11,37,"D 0,2 -> 8,10",15,False,1.0,1334010.0,1,False,0.03306326347328792,2.17,16008140.0
"Fixed 1333521, designed",8,12,63,"D 1,2 -> 6,11",15,False,1.0,1334010.0,1,False,0.03306326347328792,2.11,17342150.0
"Fixed 1333521, designed",8,13,22,"D 0,1 -> 5,10",15,False,0.958729817150612,1334010.0,1,False,0.03306326347328792,2.12,18676160.0
"Fixed 1333521, designed",8,14,74,"D 1,3 -> 7,11",15,False,1.0,1334008.0,1,False,0.03306377310513031,2.14,20010168.0
"Fixed 1333521, designed",8,15,58,"D 1,2 -> 5,6",15,False,1.0,1334008.0,1,False,0.033063773249163986,2.12,21344176.0
"Fixed 1333521, designed",9,0,91,"D 2,3 -> 10,11",91,True,0.0,1334021.0,1,False,0.24318730437372557,2.19,1334021.0
"Fixed 1333521, designed",9,1,79,"D 2,3 -> 4,11",79,True,0.0,1334001.0,1,False,0.16102697871065078,2.11,2668022.0
"Fixed 1333521, designed",9,2,82,"D 2,3 -> 5,10",82,True,0.0,1334010.0,1,False,0.12998218947189707,2.12,4002032.0
"Fixed 1333521, designed",9,3,76,"D 2,3 -> 4,5",76,True,0.0,1334003.0,1,False,0.15604115247457773,2.12,5336035.0
"Fixed 1333521, designed",9,4,52,"D 0,3 -> 9,10",12,False,1.0,1334010.0,1,False,0.038065010303648644,2.15,6670045.0
"Fixed 1333521, designed",9,5,53,"D 0,3 -> 10,11",12,False,0.8298973611035432,1334010.0,1,False,0.038065010303648644,2.12,8004055.0
"Fixed 1333521, designed",9,6,21,"D 0,1 -> 5,8",12,False,1.0,1334012.0,1,False,0.03808366114934095,2.14,9338067.0
"Fixed 1333521, designed",9,7,16,"D 0,1 -> 4,5",12,False,0.12640306000035417,1334012.0,1,False,0.03808366489039291,2.08,10672079.0
"Fixed 1333521, designed",9,8,32,"D 0,2 -> 4,6",12,False,1.0,1334018.0,1,False,0.037964169318201936,2.19,12006097.0
"Fixed 1333521, designed",9,9,50,"D 0,3 -> 8,9",12,False,0.6720609565650038,1334018.0,1,False,0.037964168690932595,2.12,13340115.0
"Fixed 1333521, designed",9,10,16,"D 0,1 -> 4,5",12,False,0.9999998369634714,1334011.0,1,False,0.03801655803400639,2.15,14674126.0
"Fixed 1333521, designed",9,11,38,"D 0,3 -> 4,5",12,False,0.9298683101265688,1334011.0,1,False,0.03801655803400639,2.12,16008137.0
"Fixed 1333521, designed",9,12,44,"D 0,3 -> 5,10",12,False,0.8134277361501601,1334012.0,1,False,0.038010253902510706,2.11,17342149.0
"Fixed 1333521, designed",9,13,43,"D 0,3 -> 5,8",12,False,1.0,1334014.0,1,False,0.03806057740775033,2.12,18676163.0
"Fixed 1333521, designed",9,14,22,"D 0,1 -> 5,10",12,False,0.9647108577368692,1334014.0,1,False,0.03806057740775033,2.12,20010177.0
"Fixed 1333521, designed",9,15,19,"D 0,1 -> 4,11",12,False,0.9743377646580555,1334015.0,1,False,0.03806392086207584,2.17,21344192.0
"Fixed 1333521, designed",10,0,91,"D 2,3 -> 10,11",91,True,0.0,1334021.0,1,False,0.24318730437372557,2.21,1334021.0
"Fixed 1333521, designed",10,1,82,"D 2,3 -> 5,10",79,True,2.220446049250313e-16,1334001.0,1,False,0.16102697871065078,2.11,2668022.0
"Fixed 1333521, designed",10,2,79,"D 2,3 -> 4,11",79,True,0.0,1334015.0,1,False,0.12998218965087896,2.12,4002037.0
"Fixed 1333521, designed",10,3,76,"D 2,3 -> 4,5",76,True,0.0,1334003.0,1,False,0.1560411524745777,2.12,5336040.0
"Fixed 1333521, designed",10,4,5,S 1 -> 7,8,False,1.0,1334010.0,1,False,0.038065010303649234,2.13,6670050.0
"Fixed 1333521, designed",10,5,55,"D 1,2 -> 4,7",8,False,1.0,1334010.0,1,False,0.038065010303649234,2.1,8004060.0
"Fixed 1333521, designed",10,6,38,"D 0,3 -> 4,5",8,False,0.9260459687214203,1334010.0,1,False,0.038065010303649234,2.12,9338070.0
"Fixed 1333521, designed",10,7,22,"D 0,1 -> 5,10",8,False,0.9326344656027528,1334011.0,1,False,0.03806632153814335,2.12,10672081.0
"Fixed 1333521, designed",10,8,6,S 1 -> 9,8,False,1.0,1334012.0,1,False,0.03806775636195648,2.11,12006093.0
"Fixed 1333521, designed",10,9,8,S 2 -> 4,8,True,0.0,1334012.0,1,False,0.03806775636195648,2.1,13340105.0
"Fixed 1333521, designed",10,10,29,"D 0,1 -> 8,11",15,False,1.0,1334016.0,1,False,0.033129013199605484,2.13,14674121.0
"Fixed 1333521, designed",10,11,68,"D 1,2 -> 9,10",15,False,1.0,1334016.0,1,False,0.033129013199605484,2.12,16008137.0
"Fixed 1333521, designed",10,12,50,"D 0,3 -> 8,9",15,False,0.6283510501969107,1334016.0,1,False,0.033129013199605484,2.12,17342153.0
"Fixed 1333521, designed",10,13,59,"D 1,2 -> 5,8",15,False,1.0,1334012.0,1,False,0.03310237298035679,2.12,18676165.0
"Fixed 1333521, designed",10,14,2,S 0 -> 8,15,False,1.0,1334012.0,1,False,0.03310237298035679,2.11,20010177.0
"Fixed 1333521, designed",10,15,16,"D 0,1 -> 4,5",15,False,0.15790707612630317,1334012.0,1,False,0.03310237298035679,2.09,21344189.0
"Fixed 1333521, designed",11,0,91,"D 2,3 -> 10,11",91,True,0.0,1334021.0,1,False,0.24318730437372557,2.1,1334021.0
"Fixed 1333521, designed",11,1,79,"D 2,3 -> 4,11",79,True,0.0,1334001.0,1,False,0.16102697871065078,2.07,2668022.0
"Fixed 1333521, designed",11,2,82,"D 2,3 -> 5,10",82,True,0.0,1334010.0,1,False,0.12998218947189707,2.11,4002032.0
"Fixed 1333521, designed",11,3,76,"D 2,3 -> 4,5",76,True,0.0,1334003.0,1,False,0.15604115247457773,2.08,5336035.0
"Fixed 1333521, designed",11,4,19,"D 0,1 -> 4,11",12,False,0.9327348534292597,1334010.0,1,False,0.038065010303648644,2.08,6670045.0
"Fixed 1333521, designed",11,5,66,"D 1,2 -> 8,9",8,False,0.6718581597357761,1334010.0,1,False,0.03807016435300411,2.15,8004055.0
"Fixed 1333521, designed",11,6,57,"D 1,2 -> 4,11",8,False,0.8199022489211609,1334014.0,1,False,0.03812297461706372,2.07,9338069.0
"Fixed 1333521, designed",11,7,7,S 1 -> 11,8,False,0.951964862149912,1334014.0,1,False,0.038171723110778794,2.03,10672083.0
"Fixed 1333521, designed",11,8,12,S 3 -> 5,8,False,0.003290300110516009,1334012.0,1,False,0.038180855354107056,2.03,12006095.0
"Fixed 1333521, designed",11,9,27,"D 0,1 -> 7,10",11,False,1.0,1334037.0,1,False,0.03314452625159909,2.03,13340132.0
"Fixed 1333521, designed",11,10,50,"D 0,3 -> 8,9",11,False,0.5852136534451217,1334037.0,1,False,0.03314452625159909,2.03,14674169.0
"Fixed 1333521, designed",11,11,35,"D 0,2 -> 6,8",11,False,1.0,1334038.0,1,False,0.03318639208086877,2.03,16008207.0
"Fixed 1333521, designed",11,12,23,"D 0,1 -> 6,7",11,False,0.4102301861154821,1334038.0,1,False,0.03318639208086877,2.02,17342245.0
"Fixed 1333521, designed",11,13,16,"D 0,1 -> 4,5",11,False,0.16010699615529833,1334039.0,1,False,0.033186517482423045,2.04,18676284.0
"Fixed 1333521, designed",11,14,73,"D 1,3 -> 7,9",11,False,1.0,1334026.0,1,False,0.03306452820539869,2.02,20010310.0
"Fixed 1333521, designed",11,15,20,"D 0,1 -> 5,6",11,False,1.0,1334026.0,1,False,0.033064528688765187,2.04,21344336.0
"Fixed 1333521, designed",12,0,91,"D 2,3 -> 10,11",91,True,0.0,1334021.0,1,False,0.24318730437372557,2.09,1334021.0
"Fixed 1333521, designed",12,1,79,"D 2,3 -> 4,11",79,True,0.0,1334001.0,1,False,0.16102697871065078,2.08,2668022.0
"Fixed 1333521, designed",12,2,82,"D 2,3 -> 5,10",82,True,0.0,1334010.0,1,False,0.12998218947189707,2.12,4002032.0
"Fixed 1333521, designed",12,3,76,"D 2,3 -> 4,5",76,True,0.0,1334003.0,1,False,0.15604115247457773,2.12,5336035.0
"Fixed 1333521, designed",12,4,70,"D 1,3 -> 5,7",12,False,1.0,1334010.0,1,False,0.038065010303648644,2.13,6670045.0
"Fixed 1333521, designed",12,5,63,"D 1,2 -> 6,11",12,False,1.0,1334010.0,1,False,0.038065010303648644,2.12,8004055.0
"Fixed 1333521, designed",12,6,16,"D 0,1 -> 4,5",12,False,0.1259807748087346,1334010.0,1,False,0.038065010303648644,2.09,9338065.0
"Fixed 1333521, designed",12,7,18,"D 0,1 -> 4,9",12,False,1.0,1334017.0,1,False,0.03794550728419781,2.14,10672082.0
"Fixed 1333521, designed",12,8,3,S 0 -> 10,12,False,0.961064519785135,1334017.0,1,False,0.03794550728419781,2.1,12006099.0
"Fixed 1333521, designed",12,9,30,"D 0,1 -> 9,10",12,False,1.0,1334016.0,1,False,0.03795239898736063,2.13,13340115.0
"Fixed 1333521, designed",12,10,58,"D 1,2 -> 5,6",12,False,1.0,1334016.0,1,False,0.03795239898736063,2.14,14674131.0
"Fixed 1333521, designed",12,11,12,S 3 -> 5,12,True,0.0,1334016.0,1,False,0.03795239898736063,2.13,16008147.0
"Fixed 1333521, designed",12,12,28,"D 0,1 -> 8,9",11,False,0.4126673183249169,1334024.0,1,False,0.03304505409925545,2.17,17342171.0
"Fixed 1333521, designed",12,13,71,"D 1,3 -> 5,9",11,False,1.0,1334025.0,1,False,0.03304603424089664,2.08,18676196.0
"Fixed 1333521, designed",12,14,45,"D 0,3 -> 6,7",11,False,0.5814458370629647,1334025.0,1,False,0.0330460312912423,2.07,20010221.0
"Fixed 1333521, designed",12,15,62,"D 1,2 -> 6,9",11,False,1.0,1334028.0,1,False,0.03308917174511702,2.07,21344249.0
"Fixed 1333521, designed",13,0,91,"D 2,3 -> 10,11",91,True,0.0,1334021.0,1,False,0.24318730437372557,2.08,1334021.0
"Fixed 1333521, designed",13,1,82,"D 2,3 -> 5,10",79,True,2.220446049250313e-16,1334001.0,1,False,0.16102697871065078,2.06,2668022.0
"Fixed 1333521, designed",13,2,79,"D 2,3 -> 4,11",79,True,0.0,1334015.0,1,False,0.12998218965087896,2.06,4002037.0
"Fixed 1333521, designed",13,3,76,"D 2,3 -> 4,5",76,True,0.0,1334003.0,1,False,0.1560411524745777,2.07,5336040.0
"Fixed 1333521, designed",13,4,58,"D 1,2 -> 5,6",8,False,1.0,1334010.0,1,False,0.038065010303649234,2.15,6670050.0
"Fixed 1333521, designed",13,5,28,"D 0,1 -> 8,9",8,False,0.4860630872732127,1334010.0,1,False,0.038065010303649234,2.09,8004060.0
"Fixed 1333521, designed",13,6,12,S 3 -> 5,12,True,0.0,1334010.0,1,False,0.03806531961054786,2.04,9338070.0
"Fixed 1333521, designed",13,7,63,"D 1,2 -> 6,11",11,False,1.0,1334034.0,1,False,0.03313195055067876,2.03,10672104.0
"Fixed 1333521, designed",13,8,16,"D 0,1 -> 4,5",11,False,0.1537318317902997,1334034.0,1,False,0.03313195055067876,2.01,12006138.0
"Fixed 1333521, designed",13,9,11,S 2 -> 10,11,True,0.0,1334024.0,1,False,0.03300930499810069,2.01,13340162.0
"Fixed 1333521, designed",14,0,91,"D 2,3 -> 10,11",91,True,0.0,1334021.0,1,False,0.24318730437372557,2.11,1334021.0
"Fixed 1333521, designed",14,1,82,"D 2,3 -> 5,10",79,True,2.220446049250313e-16,1334001.0,1,False,0.16102697871065078,2.09,2668022.0
"Fixed 1333521, designed",14,2,76,"D 2,3 -> 4,5",79,False,0.024066513654290578,1334015.0,1,False,0.12998218965087896,2.08,4002037.0
"Fixed 1333521, designed",14,3,79,"D 2,3 -> 4,11",79,True,0.0,1334015.0,1,False,0.15572199872464462,2.08,5336052.0
"Fixed 1333521, designed",14,4,50,"D 0,3 -> 8,9",8,False,0.6718114708117454,1334010.0,1,False,0.03806501943588732,2.07,6670062.0
"Fixed 1333521, designed",14,5,45,"D 0,3 -> 6,7",12,False,0.6746287913234509,1334010.0,1,False,0.03811782250676723,2.06,8004072.0
"Fixed 1333521, designed",14,6,56,"D 1,2 -> 4,9",12,False,1.0,1334012.0,1,False,0.03816988166349428,2.05,9338084.0
"Fixed 1333521, designed",14,7,16,"D 0,1 -> 4,5",12,False,0.12835361390417466,1334012.0,1,False,0.03816988166349428,2.02,10672096.0
"Fixed 1333521, designed",14,8,43,"D 0,3 -> 5,8",12,False,1.0,1334015.0,1,False,0.03805039561533388,2.1,12006111.0
"Fixed 1333521, designed",14,9,23,"D 0,1 -> 6,7",12,False,0.4791736825098807,1334015.0,1,False,0.03805039561533388,2.13,13340126.0
"Fixed 1333521, designed",14,10,56,"D 1,2 -> 4,9",12,False,1.0,1334016.0,1,False,0.03805385122778442,2.09,14674142.0
"Fixed 1333521, designed",14,11,7,S 1 -> 11,12,False,0.9608214844792402,1334016.0,1,False,0.03805385122778442,2.13,16008158.0
"Fixed 1333521, designed",14,12,36,"D 0,2 -> 6,10",12,False,1.0,1334014.0,1,False,0.038058830001786725,2.11,17342172.0
"Fixed 1333521, designed",14,13,8,S 2 -> 4,12,False,0.0030245580610842593,1334014.0,1,False,0.038058830001786725,2.12,18676186.0
"Fixed 1333521, designed",14,14,74,"D 1,3 -> 7,11",15,False,1.0,1334013.0,1,False,0.03299313895929862,2.1,20010199.0
"Fixed 1333521, designed",14,15,19,"D 0,1 -> 4,11",15,False,0.883461370034611,1334013.0,1,False,0.03299314744381371,2.26,21344212.0
"Fixed 1333521, designed",15,0,91,"D 2,3 -> 10,11",91,True,0.0,1334021.0,1,False,0.24318730437372557,2.09,1334021.0
"Fixed 1333521, designed",15,1,79,"D 2,3 -> 4,11",79,True,0.0,1334001.0,1,False,0.16102697871065078,2.11,2668022.0
"Fixed 1333521, designed",15,2,76,"D 2,3 -> 4,5",82,False,0.024066516365316204,1334010.0,1,False,0.12998218947189707,2.16,4002032.0
"Fixed 1333521, designed",15,3,82,"D 2,3 -> 5,10",82,True,0.0,1334009.0,1,False,0.15572199591416286,2.18,5336041.0
"Fixed 1333521, designed",15,4,29,"D 0,1 -> 8,11",12,False,1.0,1334010.0,1,False,0.038065025112214046,2.16,6670051.0
"Fixed 1333521, designed",15,5,0,S 0 -> 4,12,False,0.9805362847310377,1334010.0,1,False,0.038065025112214046,2.13,8004061.0
"Fixed 1333521, designed",15,6,16,"D 0,1 -> 4,5",12,False,0.12476742712029232,1334010.0,1,False,0.038065188733121674,2.1,9338071.0
"Fixed 1333521, designed",15,7,0,S 0 -> 4,12,False,0.999738754689618,1334014.0,1,False,0.037945276780109914,2.12,10672085.0
"Fixed 1333521, designed",15,8,70,"D 1,3 -> 5,7",8,False,1.0,1334013.0,1,False,0.03794476676481748,2.21,12006098.0
"Fixed 1333521, designed",15,9,2,S 0 -> 8,8,False,1.0,1334013.0,1,False,0.03794476676481748,2.18,13340111.0
"Fixed 1333521, designed",15,10,4,S 1 -> 5,8,False,0.9688358234402736,1334013.0,1,False,0.03794476676481748,2.19,14674124.0
"Fixed 1333521, designed",15,11,62,"D 1,2 -> 6,9",8,False,1.0,1334017.0,1,False,0.0379661069065401,2.19,16008141.0
"Fixed 1333521, designed",15,12,53,"D 0,3 -> 10,11",8,False,0.8303991725969101,1334017.0,1,False,0.0379661069065401,2.12,17342158.0
"Fixed 1333521, designed",15,13,23,"D 0,1 -> 6,7",12,False,0.4904371108985506,1334016.0,1,False,0.03797747064115945,2.09,18676174.0
"Fixed 1333521, designed",15,14,75,"D 1,3 -> 9,11",12,False,1.0,1334015.0,1,False,0.03797850403165785,2.12,20010189.0
"Fixed 1333521, designed",15,15,56,"D 1,2 -> 4,9",12,False,1.0,1334015.0,1,False,0.03797850403165785,2.23,21344204.0
"Fixed 1333521, designed",16,0,91,"D 2,3 -> 10,11",91,True,0.0,1334021.0,1,False,0.24318730437372557,2.07,1334021.0
"Fixed 1333521, designed",16,1,82,"D 2,3 -> 5,10",79,True,2.220446049250313e-16,1334001.0,1,False,0.16102697871065078,2.07,2668022.0
"Fixed 1333521, designed",16,2,76,"D 2,3 -> 4,5",79,False,0.024066513654290578,1334015.0,1,False,0.12998218965087896,2.07,4002037.0
"Fixed 1333521, designed",16,3,79,"D 2,3 -> 4,11",79,True,0.0,1334015.0,1,False,0.15572199872464462,2.08,5336052.0
"Fixed 1333521, designed",16,4,31,"D 0,1 -> 10,11",8,False,0.6640452551885154,1334010.0,1,False,0.03806501943588732,2.13,6670062.0
"Fixed 1333521, designed",16,5,39,"D 0,3 -> 4,7",8,False,1.0,1334012.0,1,False,0.038063337430321885,2.11,8004074.0
"Fixed 1333521, designed",16,6,12,S 3 -> 5,8,True,2.23172480495748e-10,1334012.0,1,False,0.038063337430321885,2.07,9338086.0
"Fixed 1333521, designed",16,7,30,"D 0,1 -> 9,10",11,False,1.0,1334034.0,1,False,0.03315240521044708,2.09,10672120.0
"Fixed 1333521, designed",16,8,45,"D 0,3 -> 6,7",11,False,0.5835113148378684,1334034.0,1,False,0.03315240521044708,2.13,12006154.0
"Fixed 1333521, designed",16,9,28,"D 0,1 -> 8,9",11,False,0.41146559674975003,1334035.0,1,False,0.03319447405476001,2.07,13340189.0
"Fixed 1333521, designed",16,10,57,"D 1,2 -> 4,11",11,False,0.8245695248373689,1334034.0,1,False,0.03319434767476814,2.09,14674223.0
"Fixed 1333521, designed",16,11,4,S 1 -> 5,11,False,0.9940966917927297,1334033.0,1,False,0.03320234930256703,2.1,16008256.0
"Fixed 1333521, designed",16,12,73,"D 1,3 -> 7,9",11,False,1.0,1334032.0,1,False,0.0332035989382165,2.1,17342288.0
"Fixed 1333521, designed",16,13,16,"D 0,1 -> 4,5",11,False,0.18054081339352257,1334032.0,1,False,0.0332035989382165,2.1,18676320.0
"Fixed 1333521, designed",16,14,85,"D 2,3 -> 6,11",11,False,1.0,1334022.0,1,False,0.0330751477802268,2.11,20010342.0
"Fixed 1333521, designed",16,15,69,"D 1,2 -> 10,11",11,False,0.7876336184968205,1334022.0,1,False,0.0330751477802268,2.13,21344364.0
"Fixed 1333521, designed",17,0,91,"D 2,3 -> 10,11",91,True,0.0,1334021.0,1,False,0.24318730437372557,2.12,1334021.0
"Fixed 1333521, designed",17,1,82,"D 2,3 -> 5,10",79,True,2.220446049250313e-16,1334001.0,1,False,0.16102697871065078,2.12,2668022.0
"Fixed 1333521, designed",17,2,79,"D 2,3 -> 4,11",79,True,0.0,1334015.0,1,False,0.12998218965087896,2.12,4002037.0
"Fixed 1333521, designed",17,3,76,"D 2,3 -> 4,5",76,True,0.0,1334003.0,1,False,0.1560411524745777,2.11,5336040.0
"Fixed 1333521, designed",17,4,65,"D 1,2 -> 7,10",8,False,1.0,1334010.0,1,False,0.038065010303649234,2.07,6670050.0
"Fixed 1333521, designed",17,5,37,"D 0,2 -> 8,10",8,False,1.0,1334010.0,1,False,0.038065010303649234,2.06,8004060.0
"Fixed 1333521, designed",17,6,16,"D 0,1 -> 4,5",8,False,0.12598077480875025,1334010.0,1,False,0.038065010303649234,2.05,9338070.0
"Fixed 1333521, designed",17,7,67,"D 1,2 -> 8,11",8,False,1.0,1334017.0,1,False,0.03794550734818707,2.05,10672087.0
"Fixed 1333521, designed",17,8,21,"D 0,1 -> 5,8",8,False,1.0,1334017.0,1,False,0.03794550734818707,2.08,12006104.0
"Fixed 1333521, designed",17,9,30,"D 0,1 -> 9,10",8,False,1.0,1334017.0,1,False,0.03794550734818707,2.16,13340121.0
"Fixed 1333521, designed",17,10,74,"D 1,3 -> 7,11",8,False,1.0,1334017.0,1,False,0.03794550734818707,2.14,14674138.0
"Fixed 1333521, designed",17,11,45,"D 0,3 -> 6,7",8,False,0.670751686848504,1334017.0,1,False,0.03794550734818707,2.09,16008155.0
"Fixed 1333521, designed",17,12,8,S 2 -> 4,12,False,0.0015186005084143472,1334014.0,1,False,0.03799832676165414,2.09,17342169.0
"Fixed 1333521, designed",17,13,23,"D 0,1 -> 6,7",15,False,0.3976749658913591,1334011.0,1,False,0.032979323663440474,2.11,18676180.0
"Fixed 1333521, designed",17,14,18,"D 0,1 -> 4,9",15,False,1.0,1334009.0,1,False,0.03297917771855413,2.12,20010189.0
"Fixed 1333521, designed",17,15,30,"D 0,1 -> 9,10",15,False,1.0,1334009.0,1,False,0.0329791775106244,2.08,21344198.0
"Fixed 1333521, designed",18,0,91,"D 2,3 -> 10,11",91,True,0.0,1334021.0,1,False,0.24318730437372557,2.04,1334021.0
"Fixed 1333521, designed",18,1,79,"D 2,3 -> 4,11",79,True,0.0,1334001.0,1,False,0.16102697871065078,2.02,2668022.0
"Fixed 1333521, designed",18,2,76,"D 2,3 -> 4,5",82,False,0.024066516365316204,1334010.0,1,False,0.12998218947189707,2.01,4002032.0
"Fixed 1333521, designed",18,3,82,"D 2,3 -> 5,10",82,True,0.0,1334009.0,1,False,0.15572199591416286,2.03,5336041.0
"Fixed 1333521, designed",18,4,3,S 0 -> 10,12,False,0.9596896130032815,1334010.0,1,False,0.038065025112214046,2.03,6670051.0
"Fixed 1333521, designed",18,5,16,"D 0,1 -> 4,5",12,False,0.12631549785738794,1334011.0,1,False,0.03807211421275875,2.04,8004062.0
"Fixed 1333521, designed",18,6,53,"D 0,3 -> 10,11",12,False,0.8312046568382294,1334016.0,1,False,0.037952382192653455,2.03,9338078.0
"Fixed 1333521, designed",18,7,24,"D 0,1 -> 6,9",12,False,1.0,1334018.0,1,False,0.03796952533743438,2.02,10672096.0
"Fixed 1333521, designed",18,8,27,"D 0,1 -> 7,10",12,False,1.0,1334018.0,1,False,0.03796952533743438,2.02,12006114.0
"Fixed 1333521, designed",18,9,27,"D 0,1 -> 7,10",12,False,1.0,1334018.0,1,False,0.03796952533743438,2.06,13340132.0
"Fixed 1333521, designed",18,10,20,"D 0,1 -> 5,6",12,False,1.0,1334018.0,1,False,0.03796952533743438,2.14,14674150.0
"Fixed 1333521, designed",18,11,56,"D 1,2 -> 4,9",12,False,1.0,1334018.0,1,False,0.03796952533743438,2.11,16008168.0
"Fixed 1333521, designed",18,12,43,"D 0,3 -> 5,8",12,False,1.0,1334018.0,1,False,0.03796952533743438,2.07,17342186.0
"Fixed 1333521, designed",18,13,3,S 0 -> 10,12,False,0.9994739347940623,1334018.0,1,False,0.03796952533743438,2.05,18676204.0
"Fixed 1333521, designed",18,14,8,S 2 -> 4,12,False,0.015455657803279732,1334015.0,1,False,0.03711413367360768,2.04,20010219.0
"Fixed 1333521, designed",18,15,64,"D 1,2 -> 7,8",15,False,1.0,1333985.0,1,False,0.030912691775993817,2.01,21344204.0
"Fixed 1333521, designed",19,0,91,"D 2,3 -> 10,11",91,True,0.0,1334021.0,1,False,0.24318730437372557,2.06,1334021.0
"Fixed 1333521, designed",19,1,82,"D 2,3 -> 5,10",79,True,2.220446049250313e-16,1334001.0,1,False,0.16102697871065078,2.07,2668022.0
"Fixed 1333521, designed",19,2,76,"D 2,3 -> 4,5",79,False,0.024066513654290578,1334015.0,1,False,0.12998218965087896,2.09,4002037.0
"Fixed 1333521, designed",19,3,79,"D 2,3 -> 4,11",79,True,0.0,1334015.0,1,False,0.15572199872464462,2.1,5336052.0
"Fixed 1333521, designed",19,4,45,"D 0,3 -> 6,7",8,False,0.6718114708117451,1334010.0,1,False,0.03806501943588732,2.06,6670062.0
"Fixed 1333521, designed",19,5,16,"D 0,1 -> 4,5",12,False,0.12717740398315758,1334012.0,1,False,0.03811782250676723,2.07,8004074.0
"Fixed 1333521, designed",19,6,23,"D 0,1 -> 6,7",12,False,0.47836520494869816,1334014.0,1,False,0.0379983261415264,2.07,9338088.0
"Fixed 1333521, designed",19,7,48,"D 0,3 -> 7,8",12,False,1.0,1334014.0,1,False,0.038001792106433854,2.06,10672102.0
"Fixed 1333521, designed",19,8,57,"D 1,2 -> 4,11",12,False,0.8215991444959825,1334014.0,1,False,0.0380017922324511,2.05,12006116.0
"Fixed 1333521, designed",19,9,84,"D 2,3 -> 6,9",12,False,1.0,1334016.0,1,False,0.03798967527330708,2.06,13340132.0
"Fixed 1333521, designed",19,10,12,S 3 -> 5,12,True,0.0,1334016.0,1,False,0.03798967527330708,2.1,14674148.0
"Fixed 1333521, designed",19,11,44,"D 0,3 -> 5,10",11,False,0.7066679156234563,1334021.0,1,False,0.03307745139456298,2.08,16008169.0
"Fixed 1333521, designed",19,12,65,"D 1,2 -> 7,10",11,False,1.0,1334026.0,1,False,0.03313300782039637,2.06,17342195.0
"Fixed 1333521, designed",19,13,31,"D 0,1 -> 10,11",11,False,0.6795624942223424,1334026.0,1,False,0.03313300782039637,2.03,18676221.0
"Fixed 1333521, designed",19,14,39,"D 0,3 -> 4,7",11,False,1.0,1334027.0,1,False,0.03315262627088185,2.03,20010248.0
"Fixed 1333521, designed",19,15,11,S 2 -> 10,11,True,0.0,1334027.0,1,False,0.033152626170306294,2.05,21344275.0
"Fixed 1333521, designed",20,0,91,"D 2,3 -> 10,11",91,True,0.0,1334021.0,1,False,0.24318730437372557,2.09,1334021.0
"Fixed 1333521, designed",20,1,79,"D 2,3 -> 4,11",79,True,0.0,1334001.0,1,False,0.16102697871065078,2.09,2668022.0
"Fixed 1333521, designed",20,2,76,"D 2,3 -> 4,5",82,False,0.024066516365316204,1334010.0,1,False,0.12998218947189707,2.11,4002032.0
"Fixed 1333521, designed",20,3,82,"D 2,3 -> 5,10",82,True,0.0,1334009.0,1,False,0.15572199591416286,2.12,5336041.0
"Fixed 1333521, designed",20,4,16,"D 0,1 -> 4,5",12,False,0.12598115105696928,1334010.0,1,False,0.038065025112214046,2.12,6670051.0
"Fixed 1333521, designed",20,5,70,"D 1,3 -> 5,7",12,False,1.0,1334017.0,1,False,0.03794550904773174,2.1,8004068.0
"Fixed 1333521, designed",20,6,6,S 1 -> 9,12,False,1.0,1334017.0,1,False,0.03794550904773174,2.03,9338085.0
"Fixed 1333521, designed",20,7,23,"D 0,1 -> 6,7",12,False,0.49024053365165843,1334017.0,1,False,0.03794550904773174,2.17,10672102.0
"Fixed 1333521, designed",20,8,65,"D 1,2 -> 7,10",8,False,1.0,1334018.0,1,False,0.03794663753593626,2.18,12006120.0
"Fixed 1333521, designed",20,9,42,"D 0,3 -> 5,6",8,False,1.0,1334018.0,1,False,0.03794663753593626,2.12,13340138.0
"Fixed 1333521, designed",20,10,55,"D 1,2 -> 4,7",8,False,1.0,1334018.0,1,False,0.03794663753593626,2.1,14674156.0
"Fixed 1333521, designed",20,11,70,"D 1,3 -> 5,7",8,False,1.0,1334018.0,1,False,0.03794663753593626,2.12,16008174.0
"Fixed 1333521, designed",20,12,36,"D 0,2 -> 6,10",8,False,1.0,1334018.0,1,False,0.03794663753593626,2.14,17342192.0
"Fixed 1333521, designed",20,13,12,S 3 -> 5,8,False,1.7232877125294976e-08,1334018.0,1,False,0.03794663753593626,2.14,18676210.0
"Fixed 1333521, designed",20,14,85,"D 2,3 -> 6,11",11,False,1.0,1334025.0,1,False,0.03300634408403108,2.12,20010235.0
"Fixed 1333521, designed",20,15,30,"D 0,1 -> 9,10",11,False,1.0,1334025.0,1,False,0.03300634406453795,2.09,21344260.0
"Fixed 1333521, designed",21,0,91,"D 2,3 -> 10,11",91,True,0.0,1334021.0,1,False,0.24318730437372557,2.11,1334021.0
"Fixed 1333521, designed",21,1,79,"D 2,3 -> 4,11",79,True,0.0,1334001.0,1,False,0.16102697871065078,2.13,2668022.0
"Fixed 1333521, designed",21,2,76,"D 2,3 -> 4,5",82,False,0.024066516365316204,1334010.0,1,False,0.12998218947189707,2.09,4002032.0
"Fixed 1333521, designed",21,3,82,"D 2,3 -> 5,10",82,True,0.0,1334009.0,1,False,0.15572199591416286,2.09,5336041.0
"Fixed 1333521, designed",21,4,16,"D 0,1 -> 4,5",12,False,0.12598115105696928,1334010.0,1,False,0.038065025112214046,2.09,6670051.0
"Fixed 1333521, designed",21,5,75,"D 1,3 -> 9,11",12,False,1.0,1334017.0,1,False,0.03794550904773174,2.09,8004068.0
"Fixed 1333521, designed",21,6,63,"D 1,2 -> 6,11",12,False,1.0,1334017.0,1,False,0.03794550904773174,2.09,9338085.0
"Fixed 1333521, designed",21,7,55,"D 1,2 -> 4,7",12,False,1.0,1334017.0,1,False,0.03794550904773174,2.12,10672102.0
"Fixed 1333521, designed",21,8,63,"D 1,2 -> 6,11",12,False,1.0,1334017.0,1,False,0.03794550904773174,2.17,12006119.0
"Fixed 1333521, designed",21,9,60,"D 1,2 -> 5,10",12,False,0.8172990595180092,1334017.0,1,False,0.03794550904773174,2.11,13340136.0
"Fixed 1333521, designed",21,10,61,"D 1,2 -> 6,7",8,False,0.6702870175221285,1334014.0,1,False,0.037954479794989344,2.08,14674150.0
"Fixed 1333521, designed",21,11,33,"D 0,2 -> 4,8",8,False,1.0,1334015.0,1,False,0.03800743280281318,2.23,16008165.0
"Fixed 1333521, designed",21,12,22,"D 0,1 -> 5,10",8,False,0.9651365395632735,1334015.0,1,False,0.038007432918418266,2.14,17342180.0
"Fixed 1333521, designed",21,13,49,"D 0,3 -> 7,10",8,False,1.0,1334014.0,1,False,0.03800840217914242,2.14,18676194.0
"Fixed 1333521, designed",21,14,41,"D 0,3 -> 4,11",8,False,0.8167823212930398,1334014.0,1,False,0.03800840321796347,2.14,20010208.0
"Fixed 1333521, designed",21,15,28,"D 0,1 -> 8,9",8,False,0.4908942910595573,1334014.0,1,False,0.0380166498580019,2.08,21344222.0
"Fixed 1333521, designed",22,0,91,"D 2,3 -> 10,11",91,True,0.0,1334021.0,1,False,0.24318730437372557,2.07,1334021.0
"Fixed 1333521, designed",22,1,82,"D 2,3 -> 5,10",79,True,2.220446049250313e-16,1334001.0,1,False,0.16102697871065078,2.11,2668022.0
"Fixed 1333521, designed",22,2,76,"D 2,3 -> 4,5",79,False,0.024066513654290578,1334015.0,1,False,0.12998218965087896,2.09,4002037.0
"Fixed 1333521, designed",22,3,79,"D 2,3 -> 4,11",79,True,0.0,1334015.0,1,False,0.15572199872464462,2.09,5336052.0
"Fixed 1333521, designed",22,4,16,"D 0,1 -> 4,5",8,False,0.12598100693647418,1334010.0,1,False,0.03806501943588732,2.1,6670062.0
"Fixed 1333521, designed",22,5,18,"D 0,1 -> 4,9",8,False,1.0,1334017.0,1,False,0.037945507814192196,2.07,8004079.0
"Fixed 1333521, designed",22,6,73,"D 1,3 -> 7,9",8,False,1.0,1334017.0,1,False,0.037945507814192196,2.03,9338096.0
"Fixed 1333521, designed",22,7,31,"D 0,1 -> 10,11",8,False,0.7175538323428325,1334017.0,1,False,0.037945507814192196,2.01,10672113.0
"Fixed 1333521, designed",22,8,2,S 0 -> 8,12,False,1.0,1334014.0,1,False,0.03794423301796708,2.12,12006127.0
"Fixed 1333521, designed",22,9,31,"D 0,1 -> 10,11",12,False,0.999999987860578,1334014.0,1,False,0.037944232774551244,2.13,13340141.0
"Fixed 1333521, designed",22,10,60,"D 1,2 -> 5,10",12,False,0.8173582036498203,1334014.0,1,False,0.037944232774551244,2.1,14674155.0
"Fixed 1333521, designed",22,11,53,"D 0,3 -> 10,11",8,False,0.8249783965978814,1334014.0,1,False,0.03795321837258462,2.1,16008169.0
"Fixed 1333521, designed",22,12,66,"D 1,2 -> 8,9",12,False,0.6706212197064668,1334012.0,1,False,0.03797183107291985,2.14,17342181.0
"Fixed 1333521, designed",22,13,71,"D 1,3 -> 5,9",8,False,1.0,1334016.0,1,False,0.0380092658337949,2.12,18676197.0
"Fixed 1333521, designed",22,14,12,S 3 -> 5,8,False,0.0011171228120282484,1334016.0,1,False,0.0380092658337949,2.09,20010213.0
"Fixed 1333521, designed",22,15,23,"D 0,1 -> 6,7",11,False,0.41307598344935614,1334029.0,1,False,0.03302809217920104,2.07,21344242.0
"Fixed 1333521, designed",23,0,91,"D 2,3 -> 10,11",91,True,0.0,1334021.0,1,False,0.24318730437372557,2.14,1334021.0
"Fixed 1333521, designed",23,1,82,"D 2,3 -> 5,10",79,True,2.220446049250313e-16,1334001.0,1,False,0.16102697871065078,2.14,2668022.0
"Fixed 1333521, designed",23,2,79,"D 2,3 -> 4,11",79,True,0.0,1334015.0,1,False,0.12998218965087896,2.14,4002037.0
"Fixed 1333521, designed",23,3,76,"D 2,3 -> 4,5",76,True,0.0,1334003.0,1,False,0.1560411524745777,2.15,5336040.0
"Fixed 1333521, designed",23,4,16,"D 0,1 -> 4,5",8,False,0.12598077480875025,1334010.0,1,False,0.038065010303649234,2.16,6670050.0
"Fixed 1333521, designed",23,5,19,"D 0,1 -> 4,11",8,False,0.9724643721849147,1334017.0,1,False,0.03794550734818707,2.14,8004067.0
"Fixed 1333521, designed",23,6,31,"D 0,1 -> 10,11",8,False,0.7182096267808227,1334017.0,1,False,0.037947928919972944,2.05,9338084.0
"Fixed 1333521, designed",23,7,41,"D 0,3 -> 4,11",8,False,0.8170381619784843,1334013.0,1,False,0.03794608875368557,2.04,10672097.0
"Fixed 1333521, designed",23,8,50,"D 0,3 -> 8,9",8,False,0.670285314636343,1334015.0,1,False,0.03795486240173508,2.15,12006112.0
"Fixed 1333521, designed",23,9,57,"D 1,2 -> 4,11",12,False,0.822026206065992,1334014.0,1,False,0.03800680429967866,2.09,13340126.0
"Fixed 1333521, designed",23,10,72,"D 1,3 -> 5,11",8,False,0.9924408449510097,1334014.0,1,False,0.03799795254667715,2.09,14674140.0
"Fixed 1333521, designed",23,11,2,S 0 -> 8,8,False,1.0,1334014.0,1,False,0.037998572389911965,2.15,16008154.0
"Fixed 1333521, designed",23,12,8,S 2 -> 4,8,True,0.0,1334014.0,1,False,0.037998573271545856,2.13,17342168.0
"Fixed 1333521, designed",23,13,15,S 3 -> 11,15,True,0.0,1334009.0,1,False,0.03305066097929621,2.14,18676177.0
"Fixed 1333521, designed",24,0,91,"D 2,3 -> 10,11",91,True,0.0,1334021.0,1,False,0.24318730437372557,2.05,1334021.0
"Fixed 1333521, designed",24,1,79,"D 2,3 -> 4,11",79,True,0.0,1334001.0,1,False,0.16102697871065078,2.09,2668022.0
"Fixed 1333521, designed",24,2,82,"D 2,3 -> 5,10",82,True,0.0,1334010.0,1,False,0.12998218947189707,2.08,4002032.0
"Fixed 1333521, designed",24,3,76,"D 2,3 -> 4,5",76,True,0.0,1334003.0,1,False,0.15604115247457773,2.07,5336035.0
"Fixed 1333521, designed",24,4,0,S 0 -> 4,12,False,0.9805362616356181,1334010.0,1,False,0.038065010303648644,2.0,6670045.0
"Fixed 1333521, designed",24,5,32,"D 0,2 -> 4,6",12,False,1.0,1334010.0,1,False,0.0380651878610986,2.04,8004055.0
"Fixed 1333521, designed",24,6,31,"D 0,1 -> 10,11",12,False,0.6639370541378111,1334010.0,1,False,0.0380651878610986,2.06,9338065.0
"Fixed 1333521, designed",24,7,73,"D 1,3 -> 7,9",12,False,1.0,1334011.0,1,False,0.03806351867989194,2.04,10672076.0
"Fixed 1333521, designed",24,8,70,"D 1,3 -> 5,7",12,False,1.0,1334011.0,1,False,0.03806351867989194,2.01,12006087.0
"Fixed 1333521, designed",24,9,35,"D 0,2 -> 6,8",12,False,1.0,1334011.0,1,False,0.03806351867989194,2.02,13340098.0
"Fixed 1333521, designed",24,10,3,S 0 -> 10,12,False,0.9555701065168193,1334011.0,1,False,0.03806351867989194,1.97,14674109.0
"Fixed 1333521, designed",24,11,25,"D 0,1 -> 6,11",12,False,1.0,1334011.0,1,False,0.03807145320016583,2.0,16008120.0
"Fixed 1333521, designed",24,12,69,"D 1,2 -> 10,11",12,False,0.8247925370110015,1334011.0,1,False,0.03807145320016583,2.02,17342131.0
"Fixed 1333521, designed",24,13,26,"D 0,1 -> 7,8",8,False,1.0,1334011.0,1,False,0.038086006163151845,2.02,18676142.0
"Fixed 1333521, designed",24,14,51,"D 0,3 -> 8,11",8,False,1.0,1334011.0,1,False,0.0380860067706875,2.01,20010153.0
"Fixed 1333521, designed",24,15,57,"D 1,2 -> 4,11",8,False,0.8165618623746352,1334011.0,1,False,0.0380860067706875,2.03,21344164.0
"Fixed 1333521, designed",25,0,91,"D 2,3 -> 10,11",91,True,0.0,1334021.0,1,False,0.24318730437372557,2.13,1334021.0
"Fixed 1333521, designed",25,1,82,"D 2,3 -> 5,10",79,True,2.220446049250313e-16,1334001.0,1,False,0.16102697871065078,2.11,2668022.0
"Fixed 1333521, designed",25,2,79,"D 2,3 -> 4,11",79,True,0.0,1334015.0,1,False,0.12998218965087896,2.09,4002037.0
"Fixed 1333521, designed",25,3,76,"D 2,3 -> 4,5",76,True,0.0,1334003.0,1,False,0.1560411524745777,2.09,5336040.0
"Fixed 1333521, designed",25,4,19,"D 0,1 -> 4,11",8,False,0.9327348534221714,1334010.0,1,False,0.038065010303649234,2.05,6670050.0
"Fixed 1333521, designed",25,5,63,"D 1,2 -> 6,11",8,False,1.0,1334010.0,1,False,0.038070163362507195,2.02,8004060.0
"Fixed 1333521, designed",25,6,58,"D 1,2 -> 5,6",8,False,1.0,1334010.0,1,False,0.038070163362507195,2.06,9338070.0
"Fixed 1333521, designed",25,7,61,"D 1,2 -> 6,7",8,False,0.6718581507554706,1334010.0,1,False,0.038070163362507195,2.08,10672080.0
"Fixed 1333521, designed",25,8,28,"D 0,1 -> 8,9",8,False,0.4868628871102947,1334014.0,1,False,0.038122976793593756,2.06,12006094.0
"Fixed 1333521, designed",25,9,68,"D 1,2 -> 9,10",8,False,1.0,1334014.0,1,False,0.038123269092676645,2.05,13340108.0
"Fixed 1333521, designed",25,10,33,"D 0,2 -> 4,8",8,False,1.0,1334014.0,1,False,0.038123269114218275,2.02,14674122.0
"Fixed 1333521, designed",25,11,31,"D 0,1 -> 10,11",8,False,0.667401025257597,1334014.0,1,False,0.038123269114218275,2.09,16008136.0
"Fixed 1333521, designed",25,12,46,"D 0,3 -> 6,9",8,False,1.0,1334016.0,1,False,0.03812088003177503,2.13,17342152.0
"Fixed 1333521, designed",25,13,8,S 2 -> 4,8,True,0.0,1334016.0,1,False,0.03812088080544897,2.11,18676168.0
"Fixed 1333521, designed",25,14,7,S 1 -> 11,15,False,0.8621167195331254,1334017.0,1,False,0.033210179542878526,2.08,20010185.0
"Fixed 1333521, designed",25,15,57,"D 1,2 -> 4,11",15,False,0.7143441223766422,1334015.0,1,False,0.03325191546265632,2.09,21344200.0
"Fixed 1333521, designed",26,0,91,"D 2,3 -> 10,11",91,True,0.0,1334021.0,1,False,0.24318730437372557,2.06,1334021.0
"Fixed 1333521, designed",26,1,82,"D 2,3 -> 5,10",79,True,2.220446049250313e-16,1334001.0,1,False,0.16102697871065078,2.04,2668022.0
"Fixed 1333521, designed",26,2,76,"D 2,3 -> 4,5",79,False,0.024066513654290578,1334015.0,1,False,0.12998218965087896,2.12,4002037.0
"Fixed 1333521, designed",26,3,79,"D 2,3 -> 4,11",79,True,0.0,1334015.0,1,False,0.15572199872464462,2.07,5336052.0
"Fixed 1333521, designed",26,4,72,"D 1,3 -> 5,11",8,False,0.9951197007657924,1334010.0,1,False,0.03806501943588732,2.1,6670062.0
"Fixed 1333521, designed",26,5,16,"D 0,1 -> 4,5",8,False,0.1259987763774727,1334010.0,1,False,0.03806536246810664,2.09,8004072.0
"Fixed 1333521, designed",26,6,63,"D 1,2 -> 6,11",8,False,1.0,1334017.0,1,False,0.03794581408812944,2.08,9338089.0
"Fixed 1333521, designed",26,7,67,"D 1,2 -> 8,11",8,False,1.0,1334017.0,1,False,0.03794581408812944,2.07,10672106.0
"Fixed 1333521, designed",26,8,28,"D 0,1 -> 8,9",8,False,0.4902445751024084,1334017.0,1,False,0.03794581408812944,2.07,12006123.0
"Fixed 1333521, designed",26,9,57,"D 1,2 -> 4,11",8,False,0.8213808079658604,1334018.0,1,False,0.03794694370281522,2.05,13340141.0
"Fixed 1333521, designed",26,10,28,"D 0,1 -> 8,9",8,False,0.99984652118105,1334016.0,1,False,0.03799488809981057,2.09,14674157.0
"Fixed 1333521, designed",26,11,19,"D 0,1 -> 4,11",8,False,0.9645836016771864,1334016.0,1,False,0.037990203292185096,2.18,16008173.0
"Fixed 1333521, designed",26,12,23,"D 0,1 -> 6,7",8,False,0.49232826051390455,1334016.0,1,False,0.03799354673577972,2.12,17342189.0
"Fixed 1333521, designed",26,13,17,"D 0,1 -> 4,7",8,False,1.0,1334016.0,1,False,0.03799470119595711,2.13,18676205.0
"Fixed 1333521, designed",26,14,29,"D 0,1 -> 8,11",8,False,1.0,1334016.0,1,False,0.03799470119595711,2.16,20010221.0
"Fixed 1333521, designed",26,15,46,"D 0,3 -> 6,9",8,False,1.0,1334016.0,1,False,0.03799470119595711,2.08,21344237.0
"Fixed 1333521, designed",27,0,91,"D 2,3 -> 10,11",91,True,0.0,1334021.0,1,False,0.24318730437372557,2.0,1334021.0
"Fixed 1333521, designed",27,1,79,"D 2,3 -> 4,11",79,True,0.0,1334001.0,1,False,0.16102697871065078,2.04,2668022.0
"Fixed 1333521, designed",27,2,76,"D 2,3 -> 4,5",82,False,0.024066516365316204,1334010.0,1,False,0.12998218947189707,2.03,4002032.0
"Fixed 1333521, designed",27,3,82,"D 2,3 -> 5,10",82,True,0.0,1334009.0,1,False,0.15572199591416286,2.01,5336041.0
"Fixed 1333521, designed",27,4,23,"D 0,1 -> 6,7",12,False,0.486063287211818,1334010.0,1,False,0.038065025112214046,2.0,6670051.0
"Fixed 1333521, designed",27,5,29,"D 0,1 -> 8,11",8,False,1.0,1334008.0,1,False,0.038065329770956974,1.99,8004059.0
"Fixed 1333521, designed",27,6,12,S 3 -> 5,8,False,3.957556393707762e-09,1334008.0,1,False,0.038065329770956974,2.05,9338067.0
"Fixed 1333521, designed",27,7,43,"D 0,3 -> 5,8",11,False,1.0,1334034.0,1,False,0.03313195050799748,2.06,10672101.0
"Fixed 1333521, designed",27,8,73,"D 1,3 -> 7,9",11,False,1.0,1334034.0,1,False,0.03313195050799748,2.06,12006135.0
"Fixed 1333521, designed",27,9,61,"D 1,2 -> 6,7",11,False,0.6223732330546746,1334034.0,1,False,0.03313195050799748,2.09,13340169.0
"Fixed 1333521, designed",27,10,28,"D 0,1 -> 8,9",11,False,0.4109385652754294,1334035.0,1,False,0.03310473990711,2.1,14674204.0
"Fixed 1333521, designed",27,11,39,"D 0,3 -> 4,7",11,False,1.0,1334033.0,1,False,0.03310475258221104,2.09,16008237.0
"Fixed 1333521, designed",27,12,22,"D 0,1 -> 5,10",11,False,0.8448409759356568,1334033.0,1,False,0.0331047515229004,2.12,17342270.0
"Fixed 1333521, designed",27,13,25,"D 0,1 -> 6,11",11,False,1.0,1334034.0,1,False,0.033103872727829296,2.08,18676304.0
"Fixed 1333521, designed",27,14,58,"D 1,2 -> 5,6",11,False,1.0,1334034.0,1,False,0.033103873262004445,2.12,20010338.0
"Fixed 1333521, designed",27,15,54,"D 1,2 -> 4,5",11,False,0.9073160145475958,1334034.0,1,False,0.033103873262004445,2.1,21344372.0
"Fixed 1333521, designed",28,0,91,"D 2,3 -> 10,11",91,True,0.0,1334021.0,1,False,0.24318730437372557,2.06,1334021.0
"Fixed 1333521, designed",28,1,82,"D 2,3 -> 5,10",79,True,2.220446049250313e-16,1334001.0,1,False,0.16102697871065078,2.1,2668022.0
"Fixed 1333521, designed",28,2,76,"D 2,3 -> 4,5",79,False,0.024066513654290578,1334015.0,1,False,0.12998218965087896,2.1,4002037.0
"Fixed 1333521, designed",28,3,79,"D 2,3 -> 4,11",79,True,0.0,1334015.0,1,False,0.15572199872464462,2.08,5336052.0
"Fixed 1333521, designed",28,4,47,"D 0,3 -> 6,11",8,False,1.0,1334010.0,1,False,0.03806501943588732,2.12,6670062.0
"Fixed 1333521, designed",28,5,45,"D 0,3 -> 6,7",8,False,0.671811415302515,1334010.0,1,False,0.03806501271233194,2.09,8004072.0
"Fixed 1333521, designed",28,6,68,"D 1,2 -> 9,10",12,False,1.0,1334012.0,1,False,0.03811782250701843,2.11,9338084.0
"Fixed 1333521, designed",28,7,6,S 1 -> 9,12,False,1.0,1334012.0,1,False,0.03811782250701843,2.09,10672096.0
"Fixed 1333521, designed",28,8,73,"D 1,3 -> 7,9",12,False,1.0,1334012.0,1,False,0.03811782250701843,2.1,12006108.0
"Fixed 1333521, designed",28,9,31,"D 0,1 -> 10,11",12,False,0.6645079342759326,1334012.0,1,False,0.03811782250701843,2.11,13340120.0
"Fixed 1333521, designed",28,10,56,"D 1,2 -> 4,9",12,False,1.0,1334012.0,1,False,0.03811615271667062,2.13,14674132.0
"Fixed 1333521, designed",28,11,55,"D 1,2 -> 4,7",12,False,1.0,1334012.0,1,False,0.03811615271667062,2.12,16008144.0
"Fixed 1333521, designed",28,12,68,"D 1,2 -> 9,10",12,False,1.0,1334012.0,1,False,0.03811615271667062,2.12,17342156.0
"Fixed 1333521, designed",28,13,38,"D 0,3 -> 4,5",12,False,0.9204566475948532,1334012.0,1,False,0.03811615271667062,2.08,18676168.0
"Fixed 1333521, designed",28,14,58,"D 1,2 -> 5,6",12,False,1.0,1334012.0,1,False,0.03810890968084302,2.09,20010180.0
"Fixed 1333521, designed",28,15,31,"D 0,1 -> 10,11",12,False,0.9999660355984086,1334012.0,1,False,0.03810890968084302,2.09,21344192.0
"Fixed 1333521, designed",29,0,91,"D 2,3 -> 10,11",91,True,0.0,1334021.0,1,False,0.24318730437372557,2.02,1334021.0
"Fixed 1333521, designed",29,1,82,"D 2,3 -> 5,10",79,True,2.220446049250313e-16,1334001.0,1,False,0.16102697871065078,2.01,2668022.0
"Fixed 1333521, designed",29,2,79,"D 2,3 -> 4,11",79,True,0.0,1334015.0,1,False,0.12998218965087896,2.0,4002037.0
"Fixed 1333521, designed",29,3,76,"D 2,3 -> 4,5",76,True,0.0,1334003.0,1,False,0.1560411524745777,2.01,5336040.0
"Fixed 1333521, designed",29,4,8,S 2 -> 4,8,True,0.0,1334010.0,1,False,0.038065010303649234,2.04,6670050.0
"Fixed 1333521, designed",29,5,16,"D 0,1 -> 4,5",15,False,0.1507333517219137,1334014.0,1,False,0.03313194410308523,1.97,8004064.0
"Fixed 1333521, designed",29,6,55,"D 1,2 -> 4,7",15,False,1.0,1334007.0,1,False,0.03300845859698093,2.01,9338071.0
"Fixed 1333521, designed",29,7,28,"D 0,1 -> 8,9",15,False,0.4122642422837671,1334007.0,1,False,0.03300845859698093,1.97,10672078.0
"Fixed 1333521, designed",29,8,63,"D 1,2 -> 6,11",15,False,1.0,1334008.0,1,False,0.03300930977567851,2.01,12006086.0
"Fixed 1333521, designed",29,9,15,S 3 -> 11,15,True,0.0,1334008.0,1,False,0.03300930977567851,2.11,13340094.0
"Fixed 1333521, designed",30,0,91,"D 2,3 -> 10,11",91,True,0.0,1334021.0,1,False,0.24318730437372557,2.14,1334021.0
"Fixed 1333521, designed",30,1,82,"D 2,3 -> 5,10",79,True,2.220446049250313e-16,1334001.0,1,False,0.16102697871065078,2.14,2668022.0
"Fixed 1333521, designed",30,2,79,"D 2,3 -> 4,11",79,True,0.0,1334015.0,1,False,0.12998218965087896,2.06,4002037.0
"Fixed 1333521, designed",30,3,76,"D 2,3 -> 4,5",76,True,0.0,1334003.0,1,False,0.1560411524745777,2.05,5336040.0
"Fixed 1333521, designed",30,4,33,"D 0,2 -> 4,8",8,False,1.0,1334010.0,1,False,0.038065010303649234,2.07,6670050.0
"Fixed 1333521, designed",30,5,23,"D 0,1 -> 6,7",8,False,0.48606308727321224,1334010.0,1,False,0.038065010303649234,2.06,8004060.0
"Fixed 1333521, designed",30,6,70,"D 1,3 -> 5,7",12,False,1.0,1334008.0,1,False,0.0380653173349411,2.03,9338068.0
"Fixed 1333521, designed",30,7,60,"D 1,2 -> 5,10",12,False,0.8167970488747416,1334008.0,1,False,0.03806532674220862,2.02,10672076.0
"Fixed 1333521, designed",30,8,7,S 1 -> 11,8,False,0.9546146154985726,1334011.0,1,False,0.03807428697168529,2.08,12006087.0
"Fixed 1333521, designed",30,9,34,"D 0,2 -> 4,10",8,False,0.9968359547173014,1334010.0,1,False,0.03808233013731228,2.11,13340097.0
"Fixed 1333521, designed",30,10,61,"D 1,2 -> 6,7",8,False,0.6644861509232278,1334010.0,1,False,0.03808176906511585,2.09,14674107.0
"Fixed 1333521, designed",30,11,50,"D 0,3 -> 8,9",8,False,0.6722396502167927,1334015.0,1,False,0.03813746963311018,2.12,16008122.0
"Fixed 1333521, designed",30,12,64,"D 1,2 -> 7,8",8,False,1.0,1334014.0,1,False,0.03813258227581371,2.09,17342136.0
"Fixed 1333521, designed",30,13,86,"D 2,3 -> 7,8",8,False,1.0,1334014.0,1,False,0.03813258227581371,2.14,18676150.0
"Fixed 1333521, designed",30,14,2,S 0 -> 8,8,False,1.0,1334014.0,1,False,0.03813258227581371,2.12,20010164.0
"Fixed 1333521, designed",30,15,16,"D 0,1 -> 4,5",8,False,0.13127338712877878,1334014.0,1,False,0.03813258227581371,2.09,21344178.0
"Fixed 1333521, designed",31,0,91,"D 2,3 -> 10,11",91,True,0.0,1334021.0,1,False,0.24318730437372557,2.15,1334021.0
"Fixed 1333521, designed",31,1,79,"D 2,3 -> 4,11",79,True,0.0,1334001.0,1,False,0.16102697871065078,2.11,2668022.0
"Fixed 1333521, designed",31,2,76,"D 2,3 -> 4,5",82,False,0.024066516365316204,1334010.0,1,False,0.12998218947189707,2.11,4002032.0
"Fixed 1333521, designed",31,3,82,"D 2,3 -> 5,10",82,True,0.0,1334009.0,1,False,0.15572199591416286,2.1,5336041.0
"Fixed 1333521, designed",31,4,3,S 0 -> 10,12,False,0.9596896130032815,1334010.0,1,False,0.038065025112214046,2.09,6670051.0
"Fixed 1333521, designed",31,5,26,"D 0,1 -> 7,8",12,False,1.0,1334011.0,1,False,0.03807211421275875,2.11,8004062.0
"Fixed 1333521, designed",31,6,66,"D 1,2 -> 8,9",12,False,0.6718735320070894,1334011.0,1,False,0.03807211421275875,2.09,9338073.0
"Fixed 1333521, designed",31,7,26,"D 0,1 -> 7,8",8,False,1.0,1334013.0,1,False,0.038122915382569816,2.11,10672086.0
"Fixed 1333521, designed",31,8,55,"D 1,2 -> 4,7",8,False,1.0,1334013.0,1,False,0.038122916948167614,2.08,12006099.0
"Fixed 1333521, designed",31,9,73,"D 1,3 -> 7,9",8,False,1.0,1334013.0,1,False,0.038122916948167614,2.13,13340112.0
"Fixed 1333521, designed",31,10,60,"D 1,2 -> 5,10",8,False,0.8158732556170454,1334013.0,1,False,0.038122916948167614,2.15,14674125.0
"Fixed 1333521, designed",31,11,59,"D 1,2 -> 5,8",8,False,1.0,1334012.0,1,False,0.038132196326634664,2.14,16008137.0
"Fixed 1333521, designed",31,12,33,"D 0,2 -> 4,8",8,False,1.0,1334012.0,1,False,0.038132196326634664,2.13,17342149.0
"Fixed 1333521, designed",31,13,25,"D 0,1 -> 6,11",8,False,1.0,1334012.0,1,False,0.038132196326634664,2.14,18676161.0
"Fixed 1333521, designed",31,14,12,S 3 -> 5,8,False,0.0014888760914899546,1334012.0,1,False,0.038132196326634664,2.11,20010173.0
"Fixed 1333521, designed",31,15,61,"D 1,2 -> 6,7",11,False,0.6322389332561286,1334034.0,1,False,0.03315247961864959,2.1,21344207.0
"Fixed 1333521, designed",32,0,91,"D 2,3 -> 10,11",91,True,0.0,1334021.0,1,False,0.24318730437372557,2.09,1334021.0
"Fixed 1333521, designed",32,1,79,"D 2,3 -> 4,11",79,True,0.0,1334001.0,1,False,0.16102697871065078,2.07,2668022.0
"Fixed 1333521, designed",32,2,82,"D 2,3 -> 5,10",82,True,0.0,1334010.0,1,False,0.12998218947189707,2.1,4002032.0
"Fixed 1333521, designed",32,3,76,"D 2,3 -> 4,5",76,True,0.0,1334003.0,1,False,0.15604115247457773,2.13,5336035.0
"Fixed 1333521, designed",32,4,23,"D 0,1 -> 6,7",12,False,0.48606308727320313,1334010.0,1,False,0.038065010303648644,2.09,6670045.0
"Fixed 1333521, designed",32,5,32,"D 0,2 -> 4,6",8,False,1.0,1334008.0,1,False,0.03806532974654662,2.07,8004053.0
"Fixed 1333521, designed",32,6,12,S 3 -> 5,8,False,1.611133781942442e-09,1334008.0,1,False,0.03806532974654662,2.04,9338061.0
"Fixed 1333521, designed",32,7,11,S 2 -> 10,11,True,0.0,1334034.0,1,False,0.03313195055212209,2.06,10672095.0
"Fixed 1333521, designed",33,0,91,"D 2,3 -> 10,11",91,True,0.0,1334021.0,1,False,0.24318730437372557,2.06,1334021.0
"Fixed 1333521, designed",33,1,82,"D 2,3 -> 5,10",79,True,2.220446049250313e-16,1334001.0,1,False,0.16102697871065078,2.07,2668022.0
"Fixed 1333521, designed",33,2,79,"D 2,3 -> 4,11",79,True,0.0,1334015.0,1,False,0.12998218965087896,2.08,4002037.0
"Fixed 1333521, designed",33,3,76,"D 2,3 -> 4,5",76,True,0.0,1334003.0,1,False,0.1560411524745777,2.18,5336040.0
"Fixed 1333521, designed",33,4,27,"D 0,1 -> 7,10",8,False,1.0,1334010.0,1,False,0.038065010303649234,2.08,6670050.0
"Fixed 1333521, designed",33,5,16,"D 0,1 -> 4,5",8,False,0.12598077480875025,1334010.0,1,False,0.038065010303649234,2.11,8004060.0
"Fixed 1333521, designed",33,6,44,"D 0,3 -> 5,10",8,False,0.8214820710786673,1334017.0,1,False,0.03794550734818707,2.13,9338077.0
"Fixed 1333521, designed",33,7,22,"D 0,1 -> 5,10",12,False,0.964753958101024,1334016.0,1,False,0.03799301231734593,2.11,10672093.0
"Fixed 1333521, designed",33,8,27,"D 0,1 -> 7,10",12,False,1.0,1334016.0,1,False,0.03799633772429557,2.12,12006109.0
"Fixed 1333521, designed",33,9,19,"D 0,1 -> 4,11",12,False,0.9745079499085875,1334016.0,1,False,0.03799633772429557,2.1,13340125.0
"Fixed 1333521, designed",33,10,6,S 1 -> 9,12,False,1.0,1334017.0,1,False,0.03799684044757026,2.14,14674142.0
"Fixed 1333521, designed",33,11,45,"D 0,3 -> 6,7",12,False,0.6706537038967757,1334017.0,1,False,0.03799684044757026,2.13,16008159.0
"Fixed 1333521, designed",33,12,41,"D 0,3 -> 4,11",12,False,0.8211038824620129,1334016.0,1,False,0.038049859847605255,2.18,17342175.0
"Fixed 1333521, designed",33,13,12,S 3 -> 5,12,True,0.0,1334014.0,1,False,0.038057477086123566,2.15,18676189.0
"Fixed 1333521, designed",33,14,67,"D 1,2 -> 8,11",11,False,1.0,1334023.0,1,False,0.033130349242701716,2.09,20010212.0
"Fixed 1333521, designed",33,15,67,"D 1,2 -> 8,11",11,False,1.0,1334023.0,1,False,0.03313034923420068,2.08,21344235.0
"Fixed 1333521, designed",34,0,91,"D 2,3 -> 10,11",91,True,0.0,1334021.0,1,False,0.24318730437372557,2.23,1334021.0
"Fixed 1333521, designed",34,1,82,"D 2,3 -> 5,10",79,True,2.220446049250313e-16,1334001.0,1,False,0.16102697871065078,2.02,2668022.0
"Fixed 1333521, designed",34,2,79,"D 2,3 -> 4,11",79,True,0.0,1334015.0,1,False,0.12998218965087896,2.0,4002037.0
"Fixed 1333521, designed",34,3,76,"D 2,3 -> 4,5",76,True,0.0,1334003.0,1,False,0.1560411524745777,2.02,5336040.0
"Fixed 1333521, designed",34,4,60,"D 1,2 -> 5,10",8,False,0.8167919311920349,1334010.0,1,False,0.038065010303649234,1.99,6670050.0
"Fixed 1333521, designed",34,5,41,"D 0,3 -> 4,11",8,False,0.8163060784810049,1334012.0,1,False,0.038073966960825927,2.01,8004062.0
"Fixed 1333521, designed",34,6,56,"D 1,2 -> 4,9",8,False,1.0,1334014.0,1,False,0.03808210666687678,2.02,9338076.0
"Fixed 1333521, designed",34,7,3,S 0 -> 10,8,False,0.9538134794707585,1334014.0,1,False,0.03808210717568014,2.0,10672090.0
"Fixed 1333521, designed",34,8,23,"D 0,1 -> 6,7",12,False,0.4860493390707036,1334014.0,1,False,0.03809030292559404,2.05,12006104.0
"Fixed 1333521, designed",34,9,23,"D 0,1 -> 6,7",12,False,0.9999996078694827,1334012.0,1,False,0.038090700398498115,2.05,13340116.0
"Fixed 1333521, designed",34,10,4,S 1 -> 5,12,False,0.9731054647703989,1334012.0,1,False,0.038090700398498115,2.07,14674128.0
"Fixed 1333521, designed",34,11,16,"D 0,1 -> 4,5",8,False,0.12925393702337373,1334013.0,1,False,0.0380888804675181,2.07,16008141.0
"Fixed 1333521, designed",34,12,35,"D 0,2 -> 6,8",8,False,1.0,1334016.0,1,False,0.03796952547120124,2.12,17342157.0
"Fixed 1333521, designed",34,13,55,"D 1,2 -> 4,7",8,False,1.0,1334016.0,1,False,0.03796952510808732,2.13,18676173.0
"Fixed 1333521, designed",34,14,30,"D 0,1 -> 9,10",8,False,1.0,1334016.0,1,False,0.037969522373533064,2.1,20010189.0
"Fixed 1333521, designed",34,15,6,S 1 -> 9,8,False,1.0,1334016.0,1,False,0.037969522373533064,2.13,21344205.0
"Fixed 1333521, designed",35,0,91,"D 2,3 -> 10,11",91,True,0.0,1334021.0,1,False,0.24318730437372557,2.06,1334021.0
"Fixed 1333521, designed",35,1,79,"D 2,3 -> 4,11",79,True,0.0,1334001.0,1,False,0.16102697871065078,2.05,2668022.0
"Fixed 1333521, designed",35,2,82,"D 2,3 -> 5,10",82,True,0.0,1334010.0,1,False,0.12998218947189707,2.05,4002032.0
"Fixed 1333521, designed",35,3,76,"D 2,3 -> 4,5",76,True,0.0,1334003.0,1,False,0.15604115247457773,2.05,5336035.0
"Fixed 1333521, designed",35,4,43,"D 0,3 -> 5,8",12,False,1.0,1334010.0,1,False,0.038065010303648644,2.05,6670045.0
"Fixed 1333521, designed",35,5,16,"D 0,1 -> 4,5",12,False,0.1259807748087346,1334010.0,1,False,0.038065010303648644,2.07,8004055.0
"Fixed 1333521, designed",35,6,30,"D 0,1 -> 9,10",12,False,1.0,1334017.0,1,False,0.03794550728419781,2.04,9338072.0
"Fixed 1333521, designed",35,7,45,"D 0,3 -> 6,7",12,False,0.670751686304402,1334017.0,1,False,0.03794550728419781,2.05,10672089.0
"Fixed 1333521, designed",35,8,23,"D 0,1 -> 6,7",12,False,0.4783652202550136,1334014.0,1,False,0.03799832697469924,2.06,12006103.0
"Fixed 1333521, designed",35,9,17,"D 0,1 -> 4,7",12,False,1.0,1334014.0,1,False,0.03800177152422368,2.08,13340117.0
"Fixed 1333521, designed",35,10,57,"D 1,2 -> 4,11",12,False,0.8215991265681554,1334014.0,1,False,0.03800178907687743,2.08,14674131.0
"Fixed 1333521, designed",35,11,32,"D 0,2 -> 4,6",12,False,1.0,1334016.0,1,False,0.03798969482683649,2.09,16008147.0
"Fixed 1333521, designed",35,12,31,"D 0,1 -> 10,11",12,False,0.7191832314154394,1334016.0,1,False,0.03798969482683649,2.12,17342163.0
"Fixed 1333521, designed",35,13,31,"D 0,1 -> 10,11",12,False,0.9999999999810038,1334015.0,1,False,0.037988425298665696,2.11,18676178.0
"Fixed 1333521, designed",35,14,34,"D 0,2 -> 4,10",12,False,0.9949093421579505,1334015.0,1,False,0.037988425298665696,2.16,20010193.0
"Fixed 1333521, designed",35,15,4,S 1 -> 5,12,False,0.9527438908495095,1334015.0,1,False,0.037988794682313136,2.08,21344208.0
"Fixed 1333521, designed",36,0,91,"D 2,3 -> 10,11",91,True,0.0,1334021.0,1,False,0.24318730437372557,2.06,1334021.0
"Fixed 1333521, designed",36,1,79,"D 2,3 -> 4,11",79,True,0.0,1334001.0,1,False,0.16102697871065078,2.07,2668022.0
"Fixed 1333521, designed",36,2,82,"D 2,3 -> 5,10",82,True,0.0,1334010.0,1,False,0.12998218947189707,2.08,4002032.0
"Fixed 1333521, designed",36,3,76,"D 2,3 -> 4,5",76,True,0.0,1334003.0,1,False,0.15604115247457773,2.09,5336035.0
"Fixed 1333521, designed",36,4,48,"D 0,3 -> 7,8",12,False,1.0,1334010.0,1,False,0.038065010303648644,2.11,6670045.0
"Fixed 1333521, designed",36,5,66,"D 1,2 -> 8,9",12,False,0.671811392733587,1334010.0,1,False,0.038065010303648644,2.11,8004055.0
"Fixed 1333521, designed",36,6,55,"D 1,2 -> 4,7",8,False,1.0,1334012.0,1,False,0.03811782518200867,2.09,9338067.0
"Fixed 1333521, designed",36,7,48,"D 0,3 -> 7,8",8,False,1.0,1334012.0,1,False,0.03811782518200867,2.09,10672079.0
"Fixed 1333521, designed",36,8,20,"D 0,1 -> 5,6",8,False,1.0,1334012.0,1,False,0.03811782518200867,2.1,12006091.0
"Fixed 1333521, designed",36,9,1,S 0 -> 6,8,False,1.0,1334012.0,1,False,0.03811782518200867,2.11,13340103.0
"Fixed 1333521, designed",36,10,16,"D 0,1 -> 4,5",8,False,0.12717746756797033,1334012.0,1,False,0.03811782518200867,2.14,14674115.0
"Fixed 1333521, designed",36,11,6,S 1 -> 9,8,False,1.0,1334012.0,1,False,0.03799832706187801,2.1,16008127.0
"Fixed 1333521, designed",36,12,23,"D 0,1 -> 6,7",8,False,0.49095380212573836,1334012.0,1,False,0.03799832706034287,2.11,17342139.0
"Fixed 1333521, designed",36,13,84,"D 2,3 -> 6,9",8,False,1.0,1334013.0,1,False,0.0379994535855143,2.13,18676152.0
"Fixed 1333521, designed",36,14,36,"D 0,2 -> 6,10",8,False,1.0,1334013.0,1,False,0.03799945485796907,2.08,20010165.0
"Fixed 1333521, designed",36,15,53,"D 0,3 -> 10,11",8,False,0.8299934069243378,1334013.0,1,False,0.03799945485796907,2.02,21344178.0
"Fixed 1333521, designed",37,0,91,"D 2,3 -> 10,11",91,True,0.0,1334021.0,1,False,0.24318730437372557,2.04,1334021.0
"Fixed 1333521, designed",37,1,79,"D 2,3 -> 4,11",79,True,0.0,1334001.0,1,False,0.16102697871065078,2.03,2668022.0
"Fixed 1333521, designed",37,2,82,"D 2,3 -> 5,10",82,True,0.0,1334010.0,1,False,0.12998218947189707,2.04,4002032.0
"Fixed 1333521, designed",37,3,76,"D 2,3 -> 4,5",76,True,0.0,1334003.0,1,False,0.15604115247457773,2.03,5336035.0
"Fixed 1333521, designed",37,4,12,S 3 -> 5,12,True,0.0,1334010.0,1,False,0.038065010303648644,2.04,6670045.0
"Fixed 1333521, designed",37,5,60,"D 1,2 -> 5,10",11,False,0.7791952037623949,1334033.0,1,False,0.03313194410308478,2.06,8004078.0
"Fixed 1333521, designed",37,6,23,"D 0,1 -> 6,7",11,False,0.4094174799270359,1334037.0,1,False,0.033138298296238836,2.06,9338115.0
"Fixed 1333521, designed",37,7,58,"D 1,2 -> 5,6",11,False,1.0,1334038.0,1,False,0.03313830892031909,2.03,10672153.0
"Fixed 1333521, designed",37,8,62,"D 1,2 -> 6,9",11,False,1.0,1334038.0,1,False,0.03313832244153164,2.06,12006191.0
"Fixed 1333521, designed",37,9,5,S 1 -> 7,11,False,1.0,1334038.0,1,False,0.03313832244153164,2.01,13340229.0
"Fixed 1333521, designed",37,10,37,"D 0,2 -> 8,10",11,False,1.0,1334038.0,1,False,0.03313832244153164,2.01,14674267.0
"Fixed 1333521, designed",37,11,16,"D 0,1 -> 4,5",11,False,0.15405720874672302,1334038.0,1,False,0.03313832244153164,2.01,16008305.0
"Fixed 1333521, designed",37,12,67,"D 1,2 -> 8,11",11,False,1.0,1334028.0,1,False,0.033016177153677405,1.99,17342333.0
"Fixed 1333521, designed",37,13,22,"D 0,1 -> 5,10",11,False,0.8691204704903585,1334028.0,1,False,0.033016177153677405,1.99,18676361.0
"Fixed 1333521, designed",37,14,66,"D 1,2 -> 8,9",11,False,0.6280228873870592,1334028.0,1,False,0.03301629663379366,1.97,20010389.0
"Fixed 1333521, designed",37,15,20,"D 0,1 -> 5,6",11,False,1.0,1334032.0,1,False,0.032990175645753954,2.0,21344421.0
"Fixed 1333521, designed",38,0,91,"D 2,3 -> 10,11",91,True,0.0,1334021.0,1,False,0.24318730437372557,2.1,1334021.0
"Fixed 1333521, designed",38,1,82,"D 2,3 -> 5,10",79,True,2.220446049250313e-16,1334001.0,1,False,0.16102697871065078,2.12,2668022.0
"Fixed 1333521, designed",38,2,76,"D 2,3 -> 4,5",79,False,0.024066513654290578,1334015.0,1,False,0.12998218965087896,2.09,4002037.0
"Fixed 1333521, designed",38,3,79,"D 2,3 -> 4,11",79,True,0.0,1334015.0,1,False,0.15572199872464462,2.1,5336052.0
"Fixed 1333521, designed",38,4,16,"D 0,1 -> 4,5",8,False,0.12598100693647418,1334010.0,1,False,0.03806501943588732,2.08,6670062.0
"Fixed 1333521, designed",38,5,18,"D 0,1 -> 4,9",8,False,1.0,1334017.0,1,False,0.037945507814192196,2.09,8004079.0
"Fixed 1333521, designed",38,6,44,"D 0,3 -> 5,10",8,False,0.8214820742097042,1334017.0,1,False,0.037945507814192196,2.13,9338096.0
"Fixed 1333521, designed",38,7,35,"D 0,2 -> 6,8",12,False,1.0,1334016.0,1,False,0.03799301468823307,2.08,10672112.0
"Fixed 1333521, designed",38,8,30,"D 0,1 -> 9,10",12,False,1.0,1334016.0,1,False,0.03799301337049399,2.07,12006128.0
"Fixed 1333521, designed",38,9,56,"D 1,2 -> 4,9",12,False,1.0,1334016.0,1,False,0.03799301337049399,2.09,13340144.0
"Fixed 1333521, designed",38,10,65,"D 1,2 -> 7,10",12,False,1.0,1334016.0,1,False,0.03799301337049399,2.07,14674160.0
"Fixed 1333521, designed",38,11,45,"D 0,3 -> 6,7",12,False,0.6706208924153323,1334016.0,1,False,0.03799301337049399,2.01,16008176.0
"Fixed 1333521, designed",38,12,36,"D 0,2 -> 6,10",12,False,1.0,1334015.0,1,False,0.03804601488130966,2.01,17342191.0
"Fixed 1333521, designed",38,13,54,"D 1,2 -> 4,5",12,False,0.9392541378527896,1334015.0,1,False,0.03804601488130966,1.97,18676206.0
"Fixed 1333521, designed",38,14,61,"D 1,2 -> 6,7",12,False,0.6718063183954601,1334019.0,1,False,0.038047446093983646,1.98,20010225.0
"Fixed 1333521, designed",38,15,39,"D 0,3 -> 4,7",12,False,1.0,1334017.0,1,False,0.03804226537461006,2.11,21344242.0
"Fixed 1333521, designed",39,0,91,"D 2,3 -> 10,11",91,True,0.0,1334021.0,1,False,0.24318730437372557,2.07,1334021.0
"Fixed 1333521, designed",39,1,79,"D 2,3 -> 4,11",79,True,0.0,1334001.0,1,False,0.16102697871065078,2.08,2668022.0
"Fixed 1333521, designed",39,2,76,"D 2,3 -> 4,5",82,False,0.024066516365316204,1334010.0,1,False,0.12998218947189707,2.06,4002032.0
"Fixed 1333521, designed",39,3,82,"D 2,3 -> 5,10",82,True,0.0,1334009.0,1,False,0.15572199591416286,2.09,5336041.0
"Fixed 1333521, designed",39,4,72,"D 1,3 -> 5,11",12,False,0.9951196960543358,1334010.0,1,False,0.038065025112214046,2.08,6670051.0
"Fixed 1333521, designed",39,5,66,"D 1,2 -> 8,9",8,False,0.6718143179563137,1334010.0,1,False,0.038065362959629964,2.07,8004061.0
"Fixed 1333521, designed",39,6,4,S 1 -> 5,8,False,0.9771093572060411,1334012.0,1,False,0.03811818423733878,2.04,9338073.0
"Fixed 1333521, designed",39,7,71,"D 1,3 -> 5,9",8,False,1.0,1334013.0,1,False,0.03811849582068936,2.06,10672086.0
"Fixed 1333521, designed",39,8,16,"D 0,1 -> 4,5",8,False,0.1257711227080719,1334013.0,1,False,0.03811849582068936,2.07,12006099.0
"Fixed 1333521, designed",39,9,29,"D 0,1 -> 8,11",8,False,1.0,1334013.0,1,False,0.03799858336744895,2.09,13340112.0
"Fixed 1333521, designed",39,10,7,S 1 -> 11,8,False,0.9559571031875918,1334013.0,1,False,0.03799858356913414,2.13,14674125.0
"Fixed 1333521, designed",39,11,23,"D 0,1 -> 6,7",8,False,0.49079666683941603,1334012.0,1,False,0.038006550650361084,2.11,16008137.0
"Fixed 1333521, designed",39,12,16,"D 0,1 -> 4,5",8,False,0.999902931092454,1334012.0,1,False,0.03800773610049253,2.08,17342149.0
"Fixed 1333521, designed",39,13,50,"D 0,3 -> 8,9",8,False,0.6731731455203185,1334016.0,1,False,0.03805629757743503,2.11,18676165.0
"Fixed 1333521, designed",39,14,18,"D 0,1 -> 4,9",8,False,1.0,1334017.0,1,False,0.038050969823817254,2.09,20010182.0
"Fixed 1333521, designed",39,15,75,"D 1,3 -> 9,11",8,False,1.0,1334017.0,1,False,0.038050969823817254,2.13,21344199.0
"Fixed 1333521, designed",40,0,91,"D 2,3 -> 10,11",91,True,0.0,1334021.0,1,False,0.24318730437372557,2.04,1334021.0
"Fixed 1333521, designed",40,1,82,"D 2,3 -> 5,10",79,True,2.220446049250313e-16,1334001.0,1,False,0.16102697871065078,2.07,2668022.0
"Fixed 1333521, designed",40,2,76,"D 2,3 -> 4,5",79,False,0.024066513654290578,1334015.0,1,False,0.12998218965087896,2.08,4002037.0
"Fixed 1333521, designed",40,3,79,"D 2,3 -> 4,11",79,True,0.0,1334015.0,1,False,0.15572199872464462,2.07,5336052.0
"Fixed 1333521, designed",40,4,50,"D 0,3 -> 8,9",8,False,0.6718114708117454,1334010.0,1,False,0.03806501943588732,2.04,6670062.0
"Fixed 1333521, designed",40,5,62,"D 1,2 -> 6,9",12,False,1.0,1334010.0,1,False,0.03811782250676723,2.01,8004072.0
"Fixed 1333521, designed",40,6,16,"D 0,1 -> 4,5",12,False,0.12717745138936987,1334010.0,1,False,0.03811782451103342,2.0,9338082.0
"Fixed 1333521, designed",40,7,59,"D 1,2 -> 5,8",12,False,1.0,1334013.0,1,False,0.037998326297270346,2.02,10672095.0
"Fixed 1333521, designed",40,8,1,S 0 -> 6,12,False,1.0,1334013.0,1,False,0.037998326855153176,2.01,12006108.0
"Fixed 1333521, designed",40,9,39,"D 0,3 -> 4,7",12,False,1.0,1334013.0,1,False,0.037998326855153176,2.0,13340121.0
"Fixed 1333521, designed",40,10,66,"D 1,2 -> 8,9",12,False,0.6726823768008074,1334013.0,1,False,0.037998326855153176,2.08,14674134.0
"Fixed 1333521, designed",40,11,12,S 3 -> 5,8,False,7.47200099571188e-08,1334015.0,1,False,0.03799302109351004,2.07,16008149.0
"Fixed 1333521, designed",40,12,11,S 2 -> 10,11,True,0.0,1334027.0,1,False,0.033039429100758445,2.05,17342176.0
"Fixed 1333521, designed",41,0,91,"D 2,3 -> 10,11",91,True,0.0,1334021.0,1,False,0.24318730437372557,2.05,1334021.0
"Fixed 1333521, designed",41,1,79,"D 2,3 -> 4,11",79,True,0.0,1334001.0,1,False,0.16102697871065078,2.07,2668022.0
"Fixed 1333521, designed",41,2,76,"D 2,3 -> 4,5",82,False,0.024066516365316204,1334010.0,1,False,0.12998218947189707,2.14,4002032.0
"Fixed 1333521, designed",41,3,82,"D 2,3 -> 5,10",82,True,0.0,1334009.0,1,False,0.15572199591416286,2.14,5336041.0
"Fixed 1333521, designed",41,4,40,"D 0,3 -> 4,9",12,False,1.0,1334010.0,1,False,0.038065025112214046,2.08,6670051.0
"Fixed 1333521, designed",41,5,12,S 3 -> 5,12,True,0.0,1334010.0,1,False,0.038065025112214046,2.07,8004061.0
"Fixed 1333521, designed",41,6,44,"D 0,3 -> 5,10",11,False,0.7084352308241457,1334033.0,1,False,0.03313194424389829,2.08,9338094.0
"Fixed 1333521, designed",41,7,61,"D 1,2 -> 6,7",11,False,0.6301016365479775,1334024.0,1,False,0.03318654039604207,2.01,10672118.0
"Fixed 1333521, designed",41,8,58,"D 1,2 -> 5,6",11,False,1.0,1334027.0,1,False,0.03316044327886983,2.02,12006145.0
"Fixed 1333521, designed",41,9,6,S 1 -> 9,11,False,1.0,1334027.0,1,False,0.03316044327886983,2.09,13340172.0
"Fixed 1333521, designed",41,10,24,"D 0,1 -> 6,9",11,False,1.0,1334027.0,1,False,0.03316044327886983,2.14,14674199.0
"Fixed 1333521, designed",41,11,24,"D 0,1 -> 6,9",11,False,1.0,1334027.0,1,False,0.03316044327886983,2.1,16008226.0
"Fixed 1333521, designed",41,12,49,"D 0,3 -> 7,10",11,False,1.0,1334027.0,1,False,0.03316044327886983,2.1,17342253.0
"Fixed 1333521, designed",41,13,38,"D 0,3 -> 4,5",11,False,0.9286078561888856,1334027.0,1,False,0.03316044327886983,2.1,18676280.0
"Fixed 1333521, designed",41,14,51,"D 0,3 -> 8,11",11,False,1.0,1334028.0,1,False,0.033155284355529745,2.12,20010308.0
"Fixed 1333521, designed",41,15,7,S 1 -> 11,11,False,0.8880629425333431,1334028.0,1,False,0.033155283563793284,2.13,21344336.0
"Fixed 1333521, designed",42,0,91,"D 2,3 -> 10,11",91,True,0.0,1334021.0,1,False,0.24318730437372557,2.1,1334021.0
"Fixed 1333521, designed",42,1,82,"D 2,3 -> 5,10",79,True,2.220446049250313e-16,1334001.0,1,False,0.16102697871065078,2.11,2668022.0
"Fixed 1333521, designed",42,2,76,"D 2,3 -> 4,5",79,False,0.024066513654290578,1334015.0,1,False,0.12998218965087896,2.08,4002037.0
"Fixed 1333521, designed",42,3,79,"D 2,3 -> 4,11",79,True,0.0,1334015.0,1,False,0.15572199872464462,2.05,5336052.0
"Fixed 1333521, designed",42,4,65,"D 1,2 -> 7,10",8,False,1.0,1334010.0,1,False,0.03806501943588732,2.08,6670062.0
"Fixed 1333521, designed",42,5,8,S 2 -> 4,8,True,0.0,1334010.0,1,False,0.03806501271233194,2.12,8004072.0
"Fixed 1333521, designed",42,6,43,"D 0,3 -> 5,8",15,False,1.0,1334014.0,1,False,0.03313194895732069,2.09,9338086.0
"Fixed 1333521, designed",42,7,61,"D 1,2 -> 6,7",15,False,0.583255433825526,1334014.0,1,False,0.0331319440028488,2.05,10672100.0
"Fixed 1333521, designed",42,8,21,"D 0,1 -> 5,8",15,False,1.0,1334013.0,1,False,0.0331740021427393,1.99,12006113.0
"Fixed 1333521, designed",42,9,23,"D 0,1 -> 6,7",15,False,0.3920446562141231,1334013.0,1,False,0.0331740021427393,2.09,13340126.0
"Fixed 1333521, designed",42,10,58,"D 1,2 -> 5,6",15,False,1.0,1334013.0,1,False,0.03317593480430758,2.12,14674139.0
"Fixed 1333521, designed",42,11,45,"D 0,3 -> 6,7",15,False,0.6249668350893218,1334013.0,1,False,0.033175935026008074,2.11,16008152.0
"Fixed 1333521, designed",42,12,16,"D 0,1 -> 4,5",15,False,0.15437337331139223,1334014.0,1,False,0.033148460894354304,2.12,17342166.0
"Fixed 1333521, designed",42,13,2,S 0 -> 8,15,False,1.0,1334010.0,1,False,0.03302589915710041,2.15,18676176.0
"Fixed 1333521, designed",42,14,41,"D 0,3 -> 4,11",15,False,0.7778869289577454,1334010.0,1,False,0.03302589915710041,2.14,20010186.0
"Fixed 1333521, designed",42,15,1,S 0 -> 6,15,False,1.0,1334009.0,1,False,0.033032803463531046,2.16,21344195.0
"Fixed 1333521, designed",43,0,91,"D 2,3 -> 10,11",91,True,0.0,1334021.0,1,False,0.24318730437372557,2.08,1334021.0
"Fixed 1333521, designed",43,1,82,"D 2,3 -> 5,10",79,True,2.220446049250313e-16,1334001.0,1,False,0.16102697871065078,2.08,2668022.0
"Fixed 1333521, designed",43,2,79,"D 2,3 -> 4,11",79,True,0.0,1334015.0,1,False,0.12998218965087896,2.06,4002037.0
"Fixed 1333521, designed",43,3,76,"D 2,3 -> 4,5",76,True,0.0,1334003.0,1,False,0.1560411524745777,2.07,5336040.0
"Fixed 1333521, designed",43,4,12,S 3 -> 5,8,True,2.357792849849716e-10,1334010.0,1,False,0.038065010303649234,2.12,6670050.0
"Fixed 1333521, designed",43,5,19,"D 0,1 -> 4,11",11,False,0.9064798075168019,1334033.0,1,False,0.03313194371016418,2.08,8004083.0
"Fixed 1333521, designed",43,6,52,"D 0,3 -> 9,10",11,False,1.0,1334032.0,1,False,0.0331323408667386,2.1,9338115.0
"Fixed 1333521, designed",43,7,74,"D 1,3 -> 7,11",11,False,1.0,1334032.0,1,False,0.0331323408667386,2.2,10672147.0
"Fixed 1333521, designed",43,8,41,"D 0,3 -> 4,11",11,False,0.777396072515266,1334032.0,1,False,0.0331323408667386,2.06,12006179.0
"Fixed 1333521, designed",43,9,24,"D 0,1 -> 6,9",11,False,1.0,1334035.0,1,False,0.0331481642191922,2.14,13340214.0
"Fixed 1333521, designed",43,10,40,"D 0,3 -> 4,9",11,False,1.0,1334035.0,1,False,0.0331481642191922,2.12,14674249.0
"Fixed 1333521, designed",43,11,16,"D 0,1 -> 4,5",11,False,0.1565277268950983,1334035.0,1,False,0.0331481642191922,2.09,16008284.0
"Fixed 1333521, designed",43,12,3,S 0 -> 10,11,False,0.8629649271403272,1334023.0,1,False,0.033025375447469994,2.1,17342307.0
"Fixed 1333521, designed",43,13,75,"D 1,3 -> 9,11",11,False,1.0,1334026.0,1,False,0.03306527716900721,2.12,18676333.0
"Fixed 1333521, designed",43,14,16,"D 0,1 -> 4,5",11,False,0.9999519648995187,1334026.0,1,False,0.03306527753549633,2.14,20010359.0
"Fixed 1333521, designed",43,15,59,"D 1,2 -> 5,8",11,False,1.0,1334032.0,1,False,0.03313511937991966,2.18,21344391.0
"Fixed 1333521, designed",44,0,91,"D 2,3 -> 10,11",91,True,0.0,1334021.0,1,False,0.24318730437372557,2.06,1334021.0
"Fixed 1333521, designed",44,1,82,"D 2,3 -> 5,10",79,True,2.220446049250313e-16,1334001.0,1,False,0.16102697871065078,2.08,2668022.0
"Fixed 1333521, designed",44,2,79,"D 2,3 -> 4,11",79,True,0.0,1334015.0,1,False,0.12998218965087896,2.11,4002037.0
"Fixed 1333521, designed",44,3,76,"D 2,3 -> 4,5",76,True,0.0,1334003.0,1,False,0.1560411524745777,2.06,5336040.0
"Fixed 1333521, designed",44,4,53,"D 0,3 -> 10,11",8,False,0.8298973610976765,1334010.0,1,False,0.038065010303649234,2.06,6670050.0
"Fixed 1333521, designed",44,5,28,"D 0,1 -> 8,9",12,False,0.48645938888186,1334012.0,1,False,0.03808367564952408,2.05,8004062.0
"Fixed 1333521, designed",44,6,50,"D 0,3 -> 8,9",12,False,0.6664551714339932,1334011.0,1,False,0.038083986668570546,2.09,9338073.0
"Fixed 1333521, designed",44,7,36,"D 0,2 -> 6,10",12,False,1.0,1334012.0,1,False,0.038138667870799885,2.04,10672085.0
"Fixed 1333521, designed",44,8,23,"D 0,1 -> 6,7",12,False,0.4888280581668857,1334012.0,1,False,0.03813866866305477,2.1,12006097.0
"Fixed 1333521, designed",44,9,8,S 2 -> 4,12,False,0.0019770344272523888,1334013.0,1,False,0.03813896546195335,2.11,13340110.0
"Fixed 1333521, designed",44,10,21,"D 0,1 -> 5,8",15,False,1.0,1334008.0,1,False,0.033108713093540354,2.17,14674118.0
"Fixed 1333521, designed",44,11,71,"D 1,3 -> 5,9",15,False,1.0,1334008.0,1,False,0.033108713093540354,2.15,16008126.0
"Fixed 1333521, designed",44,12,23,"D 0,1 -> 6,7",15,False,0.9999994730499039,1334008.0,1,False,0.033108713093540354,2.11,17342134.0
"Fixed 1333521, designed",44,13,37,"D 0,2 -> 8,10",15,False,1.0,1334008.0,1,False,0.033108713093540354,2.09,18676142.0
"Fixed 1333521, designed",44,14,5,S 1 -> 7,15,False,1.0,1334008.0,1,False,0.033108713093540354,2.1,20010150.0
"Fixed 1333521, designed",44,15,62,"D 1,2 -> 6,9",15,False,1.0,1334008.0,1,False,0.033108713093540354,2.08,21344158.0
"Fixed 1333521, designed",45,0,91,"D 2,3 -> 10,11",91,True,0.0,1334021.0,1,False,0.24318730437372557,2.07,1334021.0
"Fixed 1333521, designed",45,1,79,"D 2,3 -> 4,11",79,True,0.0,1334001.0,1,False,0.16102697871065078,2.06,2668022.0
"Fixed 1333521, designed",45,2,76,"D 2,3 -> 4,5",82,False,0.024066516365316204,1334010.0,1,False,0.12998218947189707,2.06,4002032.0
"Fixed 1333521, designed",45,3,82,"D 2,3 -> 5,10",82,True,0.0,1334009.0,1,False,0.15572199591416286,2.14,5336041.0
"Fixed 1333521, designed",45,4,65,"D 1,2 -> 7,10",12,False,1.0,1334010.0,1,False,0.038065025112214046,2.08,6670051.0
"Fixed 1333521, designed",45,5,63,"D 1,2 -> 6,11",12,False,1.0,1334010.0,1,False,0.038065025112214046,2.07,8004061.0
"Fixed 1333521, designed",45,6,18,"D 0,1 -> 4,9",12,False,1.0,1334010.0,1,False,0.038065025112214046,2.02,9338071.0
"Fixed 1333521, designed",45,7,54,"D 1,2 -> 4,5",12,False,0.9260459707004322,1334010.0,1,False,0.038065025112214046,2.0,10672081.0
"Fixed 1333521, designed",45,8,35,"D 0,2 -> 6,8",12,False,1.0,1334010.0,1,False,0.03806632067466283,2.14,12006091.0
"Fixed 1333521, designed",45,9,45,"D 0,3 -> 6,7",12,False,0.6717491300607223,1334010.0,1,False,0.03806632067466283,2.12,13340101.0
"Fixed 1333521, designed",45,10,61,"D 1,2 -> 6,7",12,False,0.6723914414476704,1334011.0,1,False,0.038119167234643,2.1,14674112.0
"Fixed 1333521, designed",45,11,64,"D 1,2 -> 7,8",12,False,1.0,1334015.0,1,False,0.038113817009160736,2.07,16008127.0
"Fixed 1333521, designed",45,12,16,"D 0,1 -> 4,5",12,False,0.13029633710206678,1334015.0,1,False,0.038113817009160736,2.09,17342142.0
"Fixed 1333521, designed",45,13,62,"D 1,2 -> 6,9",12,False,1.0,1334013.0,1,False,0.03799446673236621,2.1,18676155.0
"Fixed 1333521, designed",45,14,43,"D 0,3 -> 5,8",12,False,1.0,1334013.0,1,False,0.03799446673236621,2.11,20010168.0
"Fixed 1333521, designed",45,15,53,"D 0,3 -> 10,11",12,False,0.832187677053819,1334013.0,1,False,0.03799446673236621,2.14,21344181.0
"Fixed 1333521, designed",46,0,91,"D 2,3 -> 10,11",91,True,0.0,1334021.0,1,False,0.24318730437372557,2.07,1334021.0
"Fixed 1333521, designed",46,1,82,"D 2,3 -> 5,10",79,True,2.220446049250313e-16,1334001.0,1,False,0.16102697871065078,2.04,2668022.0
"Fixed 1333521, designed",46,2,76,"D 2,3 -> 4,5",79,False,0.024066513654290578,1334015.0,1,False,0.12998218965087896,2.03,4002037.0
"Fixed 1333521, designed",46,3,79,"D 2,3 -> 4,11",79,True,0.0,1334015.0,1,False,0.15572199872464462,2.04,5336052.0
"Fixed 1333521, designed",46,4,49,"D 0,3 -> 7,10",8,False,1.0,1334010.0,1,False,0.03806501943588732,2.02,6670062.0
"Fixed 1333521, designed",46,5,17,"D 0,1 -> 4,7",8,False,1.0,1334010.0,1,False,0.03806501271233194,2.01,8004072.0
"Fixed 1333521, designed",46,6,16,"D 0,1 -> 4,5",8,False,0.12598080030055725,1334010.0,1,False,0.03806501124409043,1.97,9338082.0
"Fixed 1333521, designed",46,7,25,"D 0,1 -> 6,11",8,False,1.0,1334017.0,1,False,0.037945509046034734,1.99,10672099.0
"Fixed 1333521, designed",46,8,45,"D 0,3 -> 6,7",8,False,0.6707517019391378,1334017.0,1,False,0.037945509046034734,2.1,12006116.0
"Fixed 1333521, designed",46,9,28,"D 0,1 -> 8,9",12,False,0.49095379478042456,1334014.0,1,False,0.03799832658231762,2.08,13340130.0
"Fixed 1333521, designed",46,10,1,S 0 -> 6,12,False,1.0,1334015.0,1,False,0.03799945650578605,2.06,14674145.0
"Fixed 1333521, designed",46,11,6,S 1 -> 9,12,False,1.0,1334015.0,1,False,0.03799945650578605,2.08,16008160.0
"Fixed 1333521, designed",46,12,56,"D 1,2 -> 4,9",12,False,1.0,1334015.0,1,False,0.03799945650578605,2.07,17342175.0
"Fixed 1333521, designed",46,13,59,"D 1,2 -> 5,8",12,False,1.0,1334015.0,1,False,0.03799945650578605,2.07,18676190.0
"Fixed 1333521, designed",46,14,74,"D 1,3 -> 7,11",12,False,1.0,1334015.0,1,False,0.03799945650578605,2.08,20010205.0
"Fixed 1333521, designed",46,15,38,"D 0,3 -> 4,5",12,False,0.933742709697095,1334015.0,1,False,0.03799945650578605,2.09,21344220.0
"Fixed 1333521, designed",47,0,91,"D 2,3 -> 10,11",91,True,0.0,1334021.0,1,False,0.24318730437372557,2.09,1334021.0
"Fixed 1333521, designed",47,1,79,"D 2,3 -> 4,11",79,True,0.0,1334001.0,1,False,0.16102697871065078,2.13,2668022.0
"Fixed 1333521, designed",47,2,82,"D 2,3 -> 5,10",82,True,0.0,1334010.0,1,False,0.12998218947189707,2.09,4002032.0
"Fixed 1333521, designed",47,3,76,"D 2,3 -> 4,5",76,True,0.0,1334003.0,1,False,0.15604115247457773,2.06,5336035.0
"Fixed 1333521, designed",47,4,62,"D 1,2 -> 6,9",12,False,1.0,1334010.0,1,False,0.038065010303648644,2.04,6670045.0
"Fixed 1333521, designed",47,5,23,"D 0,1 -> 6,7",12,False,0.48606308727320313,1334010.0,1,False,0.038065010303648644,2.08,8004055.0
"Fixed 1333521, designed",47,6,16,"D 0,1 -> 4,5",8,False,0.12899713624196152,1334008.0,1,False,0.03806532974654662,2.04,9338063.0
"Fixed 1333521, designed",47,7,5,S 1 -> 7,12,False,1.0,1334018.0,1,False,0.03794658534376915,2.03,10672081.0
"Fixed 1333521, designed",47,8,53,"D 0,3 -> 10,11",12,False,0.8293885635141331,1334018.0,1,False,0.03794658534376915,2.13,12006099.0
"Fixed 1333521, designed",47,9,50,"D 0,3 -> 8,9",12,False,0.6720713395632976,1334018.0,1,False,0.037965242493771575,2.14,13340117.0
"Fixed 1333521, designed",47,10,12,S 3 -> 5,12,True,0.0,1334013.0,1,False,0.038017627805771864,2.15,14674130.0
"Fixed 1333521, designed",47,11,28,"D 0,1 -> 8,9",11,False,0.39610999684313,1334030.0,1,False,0.033086950060572176,2.15,16008160.0
"Fixed 1333521, designed",47,12,85,"D 2,3 -> 6,11",11,False,1.0,1334032.0,1,False,0.03309051629141623,2.15,17342192.0
"Fixed 1333521, designed",47,13,11,S 2 -> 10,11,True,0.0,1334032.0,1,False,0.03309051750306854,2.1,18676224.0
"Fixed 1333521, designed",48,0,91,"D 2,3 -> 10,11",91,True,0.0,1334021.0,1,False,0.24318730437372557,2.1,1334021.0
"Fixed 1333521, designed",48,1,82,"D 2,3 -> 5,10",79,True,2.220446049250313e-16,1334001.0,1,False,0.16102697871065078,2.17,2668022.0
"Fixed 1333521, designed",48,2,79,"D 2,3 -> 4,11",79,True,0.0,1334015.0,1,False,0.12998218965087896,2.14,4002037.0
"Fixed 1333521, designed",48,3,76,"D 2,3 -> 4,5",76,True,0.0,1334003.0,1,False,0.1560411524745777,2.09,5336040.0
"Fixed 1333521, designed",48,4,1,S 0 -> 6,8,False,1.0,1334010.0,1,False,0.038065010303649234,2.11,6670050.0
"Fixed 1333521, designed",48,5,12,S 3 -> 5,8,True,2.357792849849716e-10,1334010.0,1,False,0.038065010303649234,2.06,8004060.0
"Fixed 1333521, designed",48,6,74,"D 1,3 -> 7,11",11,False,1.0,1334033.0,1,False,0.03313194371016404,2.07,9338093.0
"Fixed 1333521, designed",48,7,16,"D 0,1 -> 4,5",11,False,0.15073334102345415,1334033.0,1,False,0.03313194371016404,2.09,10672126.0
"Fixed 1333521, designed",48,8,44,"D 0,3 -> 5,10",11,False,0.7079022743793038,1334023.0,1,False,0.03300845941757653,2.12,12006149.0
"Fixed 1333521, designed",48,9,30,"D 0,1 -> 9,10",11,False,1.0,1334022.0,1,False,0.033063095329487445,2.09,13340171.0
"Fixed 1333521, designed",48,10,52,"D 0,3 -> 9,10",11,False,1.0,1334022.0,1,False,0.033063095329487445,2.07,14674193.0
"Fixed 1333521, designed",48,11,60,"D 1,2 -> 5,10",11,False,0.7804864736378062,1334022.0,1,False,0.033063095329487445,2.07,16008215.0
"Fixed 1333521, designed",48,12,75,"D 1,3 -> 9,11",11,False,1.0,1334027.0,1,False,0.0330697443500129,2.15,17342242.0
"Fixed 1333521, designed",48,13,43,"D 0,3 -> 5,8",11,False,1.0,1334027.0,1,False,0.03306974344051032,2.12,18676269.0
"Fixed 1333521, designed",48,14,43,"D 0,3 -> 5,8",11,False,1.0,1334027.0,1,False,0.03306974344051032,2.08,20010296.0
"Fixed 1333521, designed",48,15,19,"D 0,1 -> 4,11",11,False,0.9467079458784468,1334027.0,1,False,0.03306974344051032,2.11,21344323.0
"Fixed 1333521, designed",49,0,91,"D 2,3 -> 10,11",91,True,0.0,1334021.0,1,False,0.24318730437372557,2.05,1334021.0
"Fixed 1333521, designed",49,1,79,"D 2,3 -> 4,11",79,True,0.0,1334001.0,1,False,0.16102697871065078,2.03,2668022.0
"Fixed 1333521, designed",49,2,82,"D 2,3 -> 5,10",82,True,0.0,1334010.0,1,False,0.12998218947189707,2.04,4002032.0
"Fixed 1333521, designed",49,3,76,"D 2,3 -> 4,5",76,True,0.0,1334003.0,1,False,0.15604115247457773,2.03,5336035.0
"Fixed 1333521, designed",49,4,54,"D 1,2 -> 4,5",12,False,0.9260459687214199,1334010.0,1,False,0.038065010303648644,2.08,6670045.0
"Fixed 1333521, designed",49,5,5,S 1 -> 7,12,False,1.0,1334010.0,1,False,0.03806632153814312,2.05,8004055.0
"Fixed 1333521, designed",49,6,85,"D 2,3 -> 6,11",12,False,1.0,1334010.0,1,False,0.03806632153814312,2.03,9338065.0
"Fixed 1333521, designed",49,7,41,"D 0,3 -> 4,11",12,False,0.8168024235951509,1334010.0,1,False,0.03806632153814312,2.04,10672075.0
"Fixed 1333521, designed",49,8,28,"D 0,1 -> 8,9",12,False,0.48599493023266604,1334014.0,1,False,0.03807527858642208,2.06,12006089.0
"Fixed 1333521, designed",49,9,16,"D 0,1 -> 4,5",12,False,0.13271368257977278,1334013.0,1,False,0.03807560077122211,2.03,13340102.0
"Fixed 1333521, designed",49,10,31,"D 0,1 -> 10,11",12,False,0.7184165799013442,1334015.0,1,False,0.037956979064982785,2.03,14674117.0
"Fixed 1333521, designed",49,11,52,"D 0,3 -> 9,10",12,False,1.0,1334016.0,1,False,0.03795573157894218,2.07,16008133.0
"Fixed 1333521, designed",49,12,20,"D 0,1 -> 5,6",12,False,1.0,1334016.0,1,False,0.03795573157894218,2.05,17342149.0
"Fixed 1333521, designed",49,13,32,"D 0,2 -> 4,6",12,False,1.0,1334016.0,1,False,0.03795573157894218,2.0,18676165.0
"Fixed 1333521, designed",49,14,26,"D 0,1 -> 7,8",12,False,1.0,1334016.0,1,False,0.03795573157894218,2.03,20010181.0
"Fixed 1333521, designed",49,15,36,"D 0,2 -> 6,10",12,False,1.0,1334016.0,1,False,0.03795573157894218,2.03,21344197.0
"Fixed 1333521, designed",50,0,91,"D 2,3 -> 10,11",91,True,0.0,1334021.0,1,False,0.24318730437372557,2.08,1334021.0
"Fixed 1333521, designed",50,1,82,"D 2,3 -> 5,10",79,True,2.220446049250313e-16,1334001.0,1,False,0.16102697871065078,2.04,2668022.0
"Fixed 1333521, designed",50,2,79,"D 2,3 -> 4,11",79,True,0.0,1334015.0,1,False,0.12998218965087896,2.04,4002037.0
"Fixed 1333521, designed",50,3,76,"D 2,3 -> 4,5",76,True,0.0,1334003.0,1,False,0.1560411524745777,2.04,5336040.0
"Fixed 1333521, designed",50,4,55,"D 1,2 -> 4,7",8,False,1.0,1334010.0,1,False,0.038065010303649234,2.07,6670050.0
"Fixed 1333521, designed",50,5,72,"D 1,3 -> 5,11",8,False,0.995119710064306,1334010.0,1,False,0.038065010303649234,2.09,8004060.0
"Fixed 1333521, designed",50,6,86,"D 2,3 -> 7,8",8,False,1.0,1334010.0,1,False,0.03806536876938885,2.06,9338070.0
"Fixed 1333521, designed",50,7,27,"D 0,1 -> 7,10",8,False,1.0,1334010.0,1,False,0.03806536886803726,2.03,10672080.0
"Fixed 1333521, designed",50,8,8,S 2 -> 4,8,True,0.0,1334010.0,1,False,0.03806536886803726,2.04,12006090.0
"Fixed 1333521, designed",50,9,85,"D 2,3 -> 6,11",15,False,1.0,1334013.0,1,False,0.033131044684135025,2.07,13340103.0
"Fixed 1333521, designed",50,10,30,"D 0,1 -> 9,10",15,False,1.0,1334013.0,1,False,0.033131044684135025,2.08,14674116.0
"Fixed 1333521, designed",50,11,4,S 1 -> 5,15,False,0.979471453059226,1334013.0,1,False,0.033131044684135025,2.05,16008129.0
"Fixed 1333521, designed",50,12,29,"D 0,1 -> 8,11",15,False,1.0,1334014.0,1,False,0.0331278210796484,2.03,17342143.0
"Fixed 1333521, designed",50,13,16,"D 0,1 -> 4,5",15,False,0.14947109504132805,1334014.0,1,False,0.0331278210796484,2.05,18676157.0
"Fixed 1333521, designed",50,14,62,"D 1,2 -> 6,9",15,False,1.0,1334005.0,1,False,0.03300071177172831,2.02,20010162.0
"Fixed 1333521, designed",50,15,63,"D 1,2 -> 6,11",15,False,1.0,1334005.0,1,False,0.03300071177172831,2.02,21344167.0
"Fixed 1333521, designed",51,0,91,"D 2,3 -> 10,11",91,True,0.0,1334021.0,1,False,0.24318730437372557,2.05,1334021.0
"Fixed 1333521, designed",51,1,79,"D 2,3 -> 4,11",79,True,0.0,1334001.0,1,False,0.16102697871065078,2.04,2668022.0
"Fixed 1333521, designed",51,2,82,"D 2,3 -> 5,10",82,True,0.0,1334010.0,1,False,0.12998218947189707,2.05,4002032.0
"Fixed 1333521, designed",51,3,76,"D 2,3 -> 4,5",76,True,0.0,1334003.0,1,False,0.15604115247457773,2.04,5336035.0
"Fixed 1333521, designed",51,4,36,"D 0,2 -> 6,10",12,False,1.0,1334010.0,1,False,0.038065010303648644,2.03,6670045.0
"Fixed 1333521, designed",51,5,49,"D 0,3 -> 7,10",12,False,1.0,1334010.0,1,False,0.038065010303648644,2.05,8004055.0
"Fixed 1333521, designed",51,6,24,"D 0,1 -> 6,9",12,False,1.0,1334010.0,1,False,0.038065010303648644,2.07,9338065.0
"Fixed 1333521, designed",51,7,18,"D 0,1 -> 4,9",12,False,1.0,1334010.0,1,False,0.038065010303648644,2.06,10672075.0
"Fixed 1333521, designed",51,8,16,"D 0,1 -> 4,5",12,False,0.1259807748087346,1334010.0,1,False,0.038065010303648644,2.04,12006085.0
"Fixed 1333521, designed",51,9,33,"D 0,2 -> 4,8",12,False,1.0,1334017.0,1,False,0.03794550728419781,2.02,13340102.0
"Fixed 1333521, designed",51,10,5,S 1 -> 7,12,False,1.0,1334017.0,1,False,0.03794550728419781,2.05,14674119.0
"Fixed 1333521, designed",51,11,23,"D 0,1 -> 6,7",12,False,0.4902405099830428,1334017.0,1,False,0.03794550728419781,2.06,16008136.0
"Fixed 1333521, designed",51,12,7,S 1 -> 11,8,False,0.9606755820677914,1334018.0,1,False,0.037946637351175,2.03,17342154.0
"Fixed 1333521, designed",51,13,7,S 1 -> 11,8,False,0.9999999999863505,1334017.0,1,False,0.03795359985489827,2.04,18676171.0
"Fixed 1333521, designed",51,14,12,S 3 -> 5,8,False,5.216649918271532e-05,1334017.0,1,False,0.03795359963152033,2.02,20010188.0
"Fixed 1333521, designed",51,15,71,"D 1,3 -> 5,9",11,False,1.0,1334027.0,1,False,0.03303460980349434,2.07,21344215.0
"Fixed 1333521, designed",52,0,91,"D 2,3 -> 10,11",91,True,0.0,1334021.0,1,False,0.24318730437372557,2.06,1334021.0
"Fixed 1333521, designed",52,1,82,"D 2,3 -> 5,10",79,True,2.220446049250313e-16,1334001.0,1,False,0.16102697871065078,2.05,2668022.0
"Fixed 1333521, designed",52,2,79,"D 2,3 -> 4,11",79,True,0.0,1334015.0,1,False,0.12998218965087896,2.04,4002037.0
"Fixed 1333521, designed",52,3,76,"D 2,3 -> 4,5",76,True,0.0,1334003.0,1,False,0.1560411524745777,2.08,5336040.0
"Fixed 1333521, designed",52,4,16,"D 0,1 -> 4,5",8,False,0.12598077480875025,1334010.0,1,False,0.038065010303649234,2.1,6670050.0
"Fixed 1333521, designed",52,5,8,S 2 -> 4,8,True,0.0,1334017.0,1,False,0.03794550734818707,2.06,8004067.0
"Fixed 1333521, designed",52,6,62,"D 1,2 -> 6,9",15,False,1.0,1334008.0,1,False,0.033005483595957896,2.07,9338075.0
"Fixed 1333521, designed",52,7,51,"D 0,3 -> 8,11",15,False,1.0,1334008.0,1,False,0.033005483595957896,2.03,10672083.0
"Fixed 1333521, designed",52,8,71,"D 1,3 -> 5,9",15,False,1.0,1334008.0,1,False,0.033005483595957896,2.05,12006091.0
"Fixed 1333521, designed",52,9,24,"D 0,1 -> 6,9",15,False,1.0,1334008.0,1,False,0.033005483595957896,2.06,13340099.0
"Fixed 1333521, designed",52,10,56,"D 1,2 -> 4,9",15,False,1.0,1334008.0,1,False,0.033005483595957896,2.08,14674107.0
"Fixed 1333521, designed",52,11,22,"D 0,1 -> 5,10",15,False,0.9452346948372985,1334008.0,1,False,0.033005483595957896,2.05,16008115.0
"Fixed 1333521, designed",52,12,15,S 3 -> 11,15,True,0.0,1334009.0,1,False,0.03300664913240381,2.03,17342124.0
"Fixed 1333521, designed",53,0,91,"D 2,3 -> 10,11",91,True,0.0,1334021.0,1,False,0.24318730437372557,2.13,1334021.0
"Fixed 1333521, designed",53,1,82,"D 2,3 -> 5,10",79,True,2.220446049250313e-16,1334001.0,1,False,0.16102697871065078,2.1,2668022.0
"Fixed 1333521, designed",53,2,76,"D 2,3 -> 4,5",79,False,0.024066513654290578,1334015.0,1,False,0.12998218965087896,2.08,4002037.0
"Fixed 1333521, designed",53,3,79,"D 2,3 -> 4,11",79,True,0.0,1334015.0,1,False,0.15572199872464462,2.07,5336052.0
"Fixed 1333521, designed",53,4,63,"D 1,2 -> 6,11",8,False,1.0,1334010.0,1,False,0.03806501943588732,2.09,6670062.0
"Fixed 1333521, designed",53,5,64,"D 1,2 -> 7,8",8,False,1.0,1334010.0,1,False,0.03806501271233194,2.1,8004072.0
"Fixed 1333521, designed",53,6,45,"D 0,3 -> 6,7",8,False,0.6718114017073846,1334010.0,1,False,0.03806501124409043,2.09,9338082.0
"Fixed 1333521, designed",53,7,36,"D 0,2 -> 6,10",12,False,1.0,1334012.0,1,False,0.03811782250743545,2.07,10672094.0
"Fixed 1333521, designed",53,8,62,"D 1,2 -> 6,9",12,False,1.0,1334012.0,1,False,0.03811782250743545,2.09,12006106.0
"Fixed 1333521, designed",53,9,28,"D 0,1 -> 8,9",12,False,0.4867797091311179,1334012.0,1,False,0.03811782250743545,2.08,13340118.0
"Fixed 1333521, designed",53,10,61,"D 1,2 -> 6,7",12,False,0.6737382390493276,1334011.0,1,False,0.038118137590364094,2.06,14674129.0
"Fixed 1333521, designed",53,11,4,S 1 -> 5,8,False,0.976237351229403,1334015.0,1,False,0.03811283535418863,2.05,16008144.0
"Fixed 1333521, designed",53,12,50,"D 0,3 -> 8,9",8,False,0.6679109724577351,1334016.0,1,False,0.03811314202573301,2.07,17342160.0
"Fixed 1333521, designed",53,13,7,S 1 -> 11,12,False,0.9557917720119697,1334018.0,1,False,0.03816459957435161,2.06,18676178.0
"Fixed 1333521, designed",53,14,74,"D 1,3 -> 7,11",12,False,1.0,1334018.0,1,False,0.03816993150433025,2.16,20010196.0
"Fixed 1333521, designed",53,15,16,"D 0,1 -> 4,5",12,False,0.12993921528024144,1334018.0,1,False,0.03816993150433025,2.09,21344214.0
"Fixed 1333521, designed",54,0,91,"D 2,3 -> 10,11",91,True,0.0,1334021.0,1,False,0.24318730437372557,2.09,1334021.0
"Fixed 1333521, designed",54,1,82,"D 2,3 -> 5,10",79,True,2.220446049250313e-16,1334001.0,1,False,0.16102697871065078,2.07,2668022.0
"Fixed 1333521, designed",54,2,76,"D 2,3 -> 4,5",79,False,0.024066513654290578,1334015.0,1,False,0.12998218965087896,2.09,4002037.0
"Fixed 1333521, designed",54,3,79,"D 2,3 -> 4,11",79,True,0.0,1334015.0,1,False,0.15572199872464462,2.08,5336052.0
"Fixed 1333521, designed",54,4,74,"D 1,3 -> 7,11",8,False,1.0,1334010.0,1,False,0.03806501943588732,2.08,6670062.0
"Fixed 1333521, designed",54,5,40,"D 0,3 -> 4,9",8,False,1.0,1334010.0,1,False,0.03806501271233194,2.09,8004072.0
"Fixed 1333521, designed",54,6,71,"D 1,3 -> 5,9",8,False,1.0,1334010.0,1,False,0.03806501124409043,2.09,9338082.0
"Fixed 1333521, designed",54,7,45,"D 0,3 -> 6,7",8,False,0.6718113990519872,1334010.0,1,False,0.03806501096545199,2.05,10672092.0
"Fixed 1333521, designed",54,8,16,"D 0,1 -> 4,5",12,False,0.1271772725430984,1334012.0,1,False,0.03811781740748283,2.04,12006104.0
"Fixed 1333521, designed",54,9,5,S 1 -> 7,12,False,1.0,1334014.0,1,False,0.037998327086142945,2.05,13340118.0
"Fixed 1333521, designed",54,10,50,"D 0,3 -> 8,9",12,False,0.673579616015938,1334014.0,1,False,0.037998327086142945,2.08,14674132.0
"Fixed 1333521, designed",54,11,36,"D 0,2 -> 6,10",12,False,1.0,1334015.0,1,False,0.03805039512430493,2.04,16008147.0
"Fixed 1333521, designed",54,12,12,S 3 -> 5,12,True,0.0,1334015.0,1,False,0.03805039541811413,2.07,17342162.0
"Fixed 1333521, designed",54,13,23,"D 0,1 -> 6,7",11,False,0.3948950878568849,1334031.0,1,False,0.033125140777773295,2.08,18676193.0
"Fixed 1333521, designed",54,14,38,"D 0,3 -> 4,5",11,False,0.9364666377437759,1334031.0,1,False,0.03312872330124432,2.05,20010224.0
"Fixed 1333521, designed",54,15,0,S 0 -> 4,11,False,0.95452725187397,1334031.0,1,False,0.033124452976724006,2.04,21344255.0
"Fixed 1333521, designed",55,0,91,"D 2,3 -> 10,11",91,True,0.0,1334021.0,1,False,0.24318730437372557,2.14,1334021.0
"Fixed 1333521, designed",55,1,82,"D 2,3 -> 5,10",79,True,2.220446049250313e-16,1334001.0,1,False,0.16102697871065078,2.13,2668022.0
"Fixed 1333521, designed",55,2,79,"D 2,3 -> 4,11",79,True,0.0,1334015.0,1,False,0.12998218965087896,2.13,4002037.0
"Fixed 1333521, designed",55,3,76,"D 2,3 -> 4,5",76,True,0.0,1334003.0,1,False,0.1560411524745777,2.12,5336040.0
"Fixed 1333521, designed",55,4,60,"D 1,2 -> 5,10",8,False,0.8167919311920349,1334010.0,1,False,0.038065010303649234,2.12,6670050.0
"Fixed 1333521, designed",55,5,61,"D 1,2 -> 6,7",8,False,0.6713443751350665,1334012.0,1,False,0.038073966960825927,2.11,8004062.0
"Fixed 1333521, designed",55,6,39,"D 0,3 -> 4,7",8,False,1.0,1334015.0,1,False,0.038126918560769885,2.13,9338077.0
"Fixed 1333521, designed",55,7,19,"D 0,1 -> 4,11",8,False,0.9327642062062316,1334015.0,1,False,0.038126918560769885,2.12,10672092.0
"Fixed 1333521, designed",55,8,16,"D 0,1 -> 4,5",8,False,0.1309928419711065,1334015.0,1,False,0.03813207336996194,2.1,12006107.0
"Fixed 1333521, designed",55,9,44,"D 0,3 -> 5,10",8,False,0.8222576185313704,1334013.0,1,False,0.03800987831475361,2.12,13340120.0
"Fixed 1333521, designed",55,10,28,"D 0,1 -> 8,9",8,False,0.4906436078558326,1334016.0,1,False,0.03799770315032493,2.1,14674136.0
"Fixed 1333521, designed",55,11,29,"D 0,1 -> 8,11",8,False,1.0,1334014.0,1,False,0.037998827549304,2.07,16008150.0
"Fixed 1333521, designed",55,12,8,S 2 -> 4,8,True,0.0,1334014.0,1,False,0.03799882730985774,2.1,17342164.0
"Fixed 1333521, designed",55,13,16,"D 0,1 -> 4,5",15,False,0.9924633786739583,1334006.0,1,False,0.03309188754960973,2.09,18676170.0
"Fixed 1333521, designed",55,14,66,"D 1,2 -> 8,9",15,False,0.5766047495840382,1334008.0,1,False,0.03308869488295124,2.07,20010178.0
"Fixed 1333521, designed",55,15,50,"D 0,3 -> 8,9",15,False,0.6238471261158949,1334004.0,1,False,0.03313203293888123,2.03,21344182.0
"Fixed 1333521, designed",56,0,91,"D 2,3 -> 10,11",91,True,0.0,1334021.0,1,False,0.24318730437372557,2.07,1334021.0
"Fixed 1333521, designed",56,1,79,"D 2,3 -> 4,11",79,True,0.0,1334001.0,1,False,0.16102697871065078,2.04,2668022.0
"Fixed 1333521, designed",56,2,76,"D 2,3 -> 4,5",82,False,0.024066516365316204,1334010.0,1,False,0.12998218947189707,2.05,4002032.0
"Fixed 1333521, designed",56,3,82,"D 2,3 -> 5,10",82,True,0.0,1334009.0,1,False,0.15572199591416286,2.05,5336041.0
"Fixed 1333521, designed",56,4,16,"D 0,1 -> 4,5",12,False,0.12598115105696928,1334010.0,1,False,0.038065025112214046,2.09,6670051.0
"Fixed 1333521, designed",56,5,21,"D 0,1 -> 5,8",12,False,1.0,1334017.0,1,False,0.03794550904773174,2.06,8004068.0
"Fixed 1333521, designed",56,6,31,"D 0,1 -> 10,11",12,False,0.7175538410327091,1334017.0,1,False,0.03794550904773174,2.08,9338085.0
"Fixed 1333521, designed",56,7,39,"D 0,3 -> 4,7",8,False,1.0,1334014.0,1,False,0.037944233016877014,2.06,10672099.0
"Fixed 1333521, designed",56,8,8,S 2 -> 4,8,True,0.0,1334014.0,1,False,0.037944233016877014,2.03,12006113.0
"Fixed 1333521, designed",56,9,57,"D 1,2 -> 4,11",15,False,0.7080610943833221,1334009.0,1,False,0.03302507467048721,2.04,13340122.0
"Fixed 1333521, designed",56,10,6,S 1 -> 9,15,False,1.0,1334009.0,1,False,0.03307990643115177,2.02,14674131.0
"Fixed 1333521, designed",56,11,61,"D 1,2 -> 6,7",15,False,0.58182631822217,1334009.0,1,False,0.03307990643115177,2.04,16008140.0
"Fixed 1333521, designed",56,12,7,S 1 -> 11,15,False,0.8826008745512918,1334008.0,1,False,0.03312256612140563,2.04,17342148.0
"Fixed 1333521, designed",56,13,6,S 1 -> 9,15,False,1.0,1334010.0,1,False,0.033147937712101505,2.01,18676158.0
"Fixed 1333521, designed",56,14,73,"D 1,3 -> 7,9",15,False,1.0,1334010.0,1,False,0.0331479374947648,2.0,20010168.0
"Fixed 1333521, designed",56,15,27,"D 0,1 -> 7,10",15,False,1.0,1334010.0,1,False,0.0331479374947648,2.07,21344178.0
"Fixed 1333521, designed",57,0,91,"D 2,3 -> 10,11",91,True,0.0,1334021.0,1,False,0.24318730437372557,2.09,1334021.0
"Fixed 1333521, designed",57,1,79,"D 2,3 -> 4,11",79,True,0.0,1334001.0,1,False,0.16102697871065078,2.1,2668022.0
"Fixed 1333521, designed",57,2,76,"D 2,3 -> 4,5",82,False,0.024066516365316204,1334010.0,1,False,0.12998218947189707,2.12,4002032.0
"Fixed 1333521, designed",57,3,82,"D 2,3 -> 5,10",82,True,0.0,1334009.0,1,False,0.15572199591416286,2.08,5336041.0
"Fixed 1333521, designed",57,4,16,"D 0,1 -> 4,5",12,False,0.12598115105696928,1334010.0,1,False,0.038065025112214046,2.05,6670051.0
"Fixed 1333521, designed",57,5,12,S 3 -> 5,12,True,0.0,1334017.0,1,False,0.03794550904773174,2.07,8004068.0
"Fixed 1333521, designed",57,6,42,"D 0,3 -> 5,6",11,False,1.0,1334024.0,1,False,0.033005477603512884,2.12,9338092.0
"Fixed 1333521, designed",57,7,54,"D 1,2 -> 4,5",11,False,0.9262453427086594,1334024.0,1,False,0.033005477603512884,2.07,10672116.0
"Fixed 1333521, designed",57,8,27,"D 0,1 -> 7,10",11,False,1.0,1334024.0,1,False,0.03300319818215357,2.09,12006140.0
"Fixed 1333521, designed",57,9,51,"D 0,3 -> 8,11",11,False,1.0,1334024.0,1,False,0.033003197936163325,2.05,13340164.0
"Fixed 1333521, designed",57,10,25,"D 0,1 -> 6,11",11,False,1.0,1334024.0,1,False,0.033003197936163325,2.07,14674188.0
"Fixed 1333521, designed",57,11,28,"D 0,1 -> 8,9",11,False,0.41199301860806614,1334024.0,1,False,0.033003197936163325,2.03,16008212.0
"Fixed 1333521, designed",57,12,46,"D 0,3 -> 6,9",11,False,1.0,1334023.0,1,False,0.03300406878253764,2.05,17342235.0
"Fixed 1333521, designed",57,13,38,"D 0,3 -> 4,5",11,False,0.9514515645339225,1334023.0,1,False,0.03300406873314764,2.14,18676258.0
"Fixed 1333521, designed",57,14,65,"D 1,2 -> 7,10",11,False,1.0,1334022.0,1,False,0.033000532370008245,2.03,20010280.0
"Fixed 1333521, designed",57,15,22,"D 0,1 -> 5,10",11,False,0.876550377660722,1334022.0,1,False,0.03300053171523871,2.0,21344302.0
"Fixed 1333521, designed",58,0,91,"D 2,3 -> 10,11",91,True,0.0,1334021.0,1,False,0.24318730437372557,2.08,1334021.0
"Fixed 1333521, designed",58,1,79,"D 2,3 -> 4,11",79,True,0.0,1334001.0,1,False,0.16102697871065078,2.17,2668022.0
"Fixed 1333521, designed",58,2,82,"D 2,3 -> 5,10",82,True,0.0,1334010.0,1,False,0.12998218947189707,2.11,4002032.0
"Fixed 1333521, designed",58,3,76,"D 2,3 -> 4,5",76,True,0.0,1334003.0,1,False,0.15604115247457773,2.07,5336035.0
"Fixed 1333521, designed",58,4,40,"D 0,3 -> 4,9",12,False,1.0,1334010.0,1,False,0.038065010303648644,2.06,6670045.0
"Fixed 1333521, designed",58,5,31,"D 0,1 -> 10,11",12,False,0.6640451924317095,1334010.0,1,False,0.038065010303648644,2.06,8004055.0
"Fixed 1333521, designed",58,6,28,"D 0,1 -> 8,9",8,False,0.4867584258559078,1334012.0,1,False,0.03806334281270884,2.05,9338067.0
"Fixed 1333521, designed",58,7,16,"D 0,1 -> 4,5",12,False,0.14849296793237265,1334011.0,1,False,0.03806366823287345,2.07,10672078.0
"Fixed 1333521, designed",58,8,20,"D 0,1 -> 5,6",12,False,1.0,1334014.0,1,False,0.03794533591181372,2.1,12006092.0
"Fixed 1333521, designed",58,9,28,"D 0,1 -> 8,9",12,False,0.9998388389126543,1334014.0,1,False,0.03794533591181372,2.07,13340106.0
"Fixed 1333521, designed",58,10,12,S 3 -> 5,12,True,0.0,1334004.0,1,False,0.03818958147820866,2.06,14674110.0
"Fixed 1333521, designed",58,11,66,"D 1,2 -> 8,9",11,False,0.6297452610807777,1334020.0,1,False,0.03296990238429046,2.07,16008130.0
"Fixed 1333521, designed",58,12,73,"D 1,3 -> 7,9",11,False,1.0,1334022.0,1,False,0.03294342672885984,2.05,17342152.0
"Fixed 1333521, designed",58,13,46,"D 0,3 -> 6,9",11,False,1.0,1334022.0,1,False,0.03294342672885984,2.05,18676174.0
"Fixed 1333521, designed",58,14,55,"D 1,2 -> 4,7",11,False,1.0,1334022.0,1,False,0.03294342672885984,2.04,20010196.0
"Fixed 1333521, designed",58,15,2,S 0 -> 8,11,False,1.0,1334022.0,1,False,0.03294342672885984,2.01,21344218.0
"Fixed 1333521, designed",59,0,91,"D 2,3 -> 10,11",91,True,0.0,1334021.0,1,False,0.24318730437372557,2.07,1334021.0
"Fixed 1333521, designed",59,1,79,"D 2,3 -> 4,11",79,True,0.0,1334001.0,1,False,0.16102697871065078,2.1,2668022.0
"Fixed 1333521, designed",59,2,82,"D 2,3 -> 5,10",82,True,0.0,1334010.0,1,False,0.12998218947189707,2.09,4002032.0
"Fixed 1333521, designed",59,3,76,"D 2,3 -> 4,5",76,True,0.0,1334003.0,1,False,0.15604115247457773,2.06,5336035.0
"Fixed 1333521, designed",59,4,70,"D 1,3 -> 5,7",12,False,1.0,1334010.0,1,False,0.038065010303648644,2.07,6670045.0
"Fixed 1333521, designed",59,5,57,"D 1,2 -> 4,11",12,False,0.8216722211298321,1334010.0,1,False,0.038065010303648644,2.07,8004055.0
"Fixed 1333521, designed",59,6,5,S 1 -> 7,8,False,1.0,1334011.0,1,False,0.038112528777322595,2.12,9338066.0
"Fixed 1333521, designed",59,7,63,"D 1,2 -> 6,11",8,False,1.0,1334011.0,1,False,0.03811252718591223,2.11,10672077.0
"Fixed 1333521, designed",59,8,16,"D 0,1 -> 4,5",8,False,0.12718563560331586,1334011.0,1,False,0.038112526723707504,2.08,12006088.0
"Fixed 1333521, designed",59,9,66,"D 1,2 -> 8,9",8,False,0.6706202688454704,1334019.0,1,False,0.03799302110597473,2.06,13340107.0
"Fixed 1333521, designed",59,10,49,"D 0,3 -> 7,10",8,False,1.0,1334014.0,1,False,0.038046034599902426,2.07,14674121.0
"Fixed 1333521, designed",59,11,37,"D 0,2 -> 8,10",8,False,1.0,1334014.0,1,False,0.038046034599902426,2.1,16008135.0
"Fixed 1333521, designed",59,12,22,"D 0,1 -> 5,10",8,False,0.972485033351719,1334014.0,1,False,0.038046034599902426,2.1,17342149.0
"Fixed 1333521, designed",59,13,19,"D 0,1 -> 4,11",8,False,0.9663785002130612,1334014.0,1,False,0.038046741062182865,2.11,18676163.0
"Fixed 1333521, designed",59,14,4,S 1 -> 5,8,False,0.9505860835894853,1334016.0,1,False,0.03804987625634566,2.1,20010179.0
"Fixed 1333521, designed",59,15,64,"D 1,2 -> 7,8",8,False,1.0,1334014.0,1,False,0.03805024074843643,2.03,21344193.0
"Fixed 1333521, pilot",0,0,91,"D 2,3 -> 10,11",91,True,0.0,1334001.0,1,False,0.24318730437372557,8.14,1334001.0
"Fixed 1333521, pilot",0,1,79,"D 2,3 -> 4,11",79,True,0.0,1334001.0,1,False,0.16102697871065078,8.14,2668002.0
"Fixed 1333521, pilot",0,2,82,"D 2,3 -> 5,10",82,True,0.0,1334014.0,1,False,0.12998218947189707,8.28,4002016.0
"Fixed 1333521, pilot",0,3,76,"D 2,3 -> 4,5",76,True,0.0,1334006.0,1,False,0.15604115247457773,8.19,5336022.0
"Fixed 1333521, pilot",0,4,53,"D 0,3 -> 10,11",12,False,0.8298973611035432,1334028.0,1,False,0.038065010303648644,8.18,6670050.0
"Fixed 1333521, pilot",0,5,73,"D 1,3 -> 7,9",12,False,1.0,1334005.0,1,False,0.03808366114934095,8.29,8004055.0
"Fixed 1333521, pilot",0,6,31,"D 0,1 -> 10,11",12,False,0.6574696030304266,1334002.0,1,False,0.03808366489039291,8.35,9338057.0
"Fixed 1333521, pilot",0,7,41,"D 0,3 -> 4,11",12,False,0.8165567799017611,1334014.0,1,False,0.03808298304785466,8.34,10672071.0
"Fixed 1333521, pilot",0,8,17,"D 0,1 -> 4,7",12,False,1.0,1334005.0,1,False,0.03809202460915795,8.21,12006076.0
"Fixed 1333521, pilot",0,9,0,S 0 -> 4,12,False,0.9776844225772423,1333998.0,1,False,0.03809202460915795,8.28,13340074.0
"Fixed 1333521, pilot",0,10,46,"D 0,3 -> 6,9",12,False,1.0,1334009.0,1,False,0.03809223408541637,8.15,14674083.0
"Fixed 1333521, pilot",0,11,29,"D 0,1 -> 8,11",12,False,1.0,1334001.0,1,False,0.03809223408541637,8.2,16008084.0
"Fixed 1333521, pilot",0,12,46,"D 0,3 -> 6,9",12,False,1.0,1334023.0,1,False,0.03809223408541637,8.09,17342107.0
"Fixed 1333521, pilot",0,13,59,"D 1,2 -> 5,8",12,False,1.0,1334032.0,1,False,0.03809223408541637,8.1,18676139.0
"Fixed 1333521, pilot",0,14,16,"D 0,1 -> 4,5",12,False,0.14567332152964085,1334029.0,1,False,0.03809223408541637,7.85,20010168.0
"Fixed 1333521, pilot",0,15,61,"D 1,2 -> 6,7",12,False,0.6709722265831021,1334011.0,1,False,0.037972541376273435,8.16,21344179.0
"Fixed 1333521, pilot",1,0,91,"D 2,3 -> 10,11",91,True,0.0,1334011.0,1,False,0.24318730437372557,8.13,1334011.0
"Fixed 1333521, pilot",1,1,82,"D 2,3 -> 5,10",79,True,2.220446049250313e-16,1334014.0,1,False,0.16102697871065078,8.13,2668025.0
"Fixed 1333521, pilot",1,2,76,"D 2,3 -> 4,5",79,False,0.024066513654290578,1334019.0,1,False,0.12998218965087896,8.24,4002044.0
"Fixed 1333521, pilot",1,3,79,"D 2,3 -> 4,11",79,True,0.0,1334030.0,1,False,0.15572199872464462,8.3,5336074.0
"Fixed 1333521, pilot",1,4,41,"D 0,3 -> 4,11",8,False,0.8167919678869149,1334004.0,1,False,0.03806501943588732,8.29,6670078.0
"Fixed 1333521, pilot",1,5,72,"D 1,3 -> 5,11",12,False,0.9968002568864788,1333989.0,1,False,0.038073968380316486,8.38,8004067.0
"Fixed 1333521, pilot",1,6,32,"D 0,2 -> 4,6",12,False,1.0,1334010.0,1,False,0.03807340033905047,8.31,9338077.0
"Fixed 1333521, pilot",1,7,16,"D 0,1 -> 4,5",12,False,0.1266675880829632,1334021.0,1,False,0.03807340042462096,8.24,10672098.0
"Fixed 1333521, pilot",1,8,18,"D 0,1 -> 4,9",12,False,1.0,1334013.0,1,False,0.03795403372074702,8.26,12006111.0
"Fixed 1333521, pilot",1,9,23,"D 0,1 -> 6,7",12,False,0.4902040450944769,1334003.0,1,False,0.03795403372074702,8.19,13340114.0
"Fixed 1333521, pilot",1,10,70,"D 1,3 -> 5,7",12,False,1.0,1334030.0,1,False,0.03795516584369882,8.17,14674144.0
"Fixed 1333521, pilot",1,11,25,"D 0,1 -> 6,11",12,False,1.0,1333998.0,1,False,0.03795516616137893,8.12,16008142.0
"Fixed 1333521, pilot",1,12,20,"D 0,1 -> 5,6",12,False,1.0,1334011.0,1,False,0.037955166197055884,8.02,17342153.0
"Fixed 1333521, pilot",1,13,57,"D 1,2 -> 4,11",12,False,0.8222721023438679,1334019.0,1,False,0.037955166197055884,8.13,18676172.0
"Fixed 1333521, pilot",1,14,65,"D 1,2 -> 7,10",8,False,1.0,1333985.0,1,False,0.038002590119380515,8.07,20010157.0
"Fixed 1333521, pilot",1,15,36,"D 0,2 -> 6,10",8,False,1.0,1334011.0,1,False,0.03800259079460121,8.03,21344168.0
"Fixed 1333521, pilot",2,0,91,"D 2,3 -> 10,11",91,True,0.0,1334000.0,1,False,0.24318730437372557,8.36,1334000.0
"Fixed 1333521, pilot",2,1,79,"D 2,3 -> 4,11",79,True,0.0,1334020.0,1,False,0.16102697871065078,8.29,2668020.0
"Fixed 1333521, pilot",2,2,76,"D 2,3 -> 4,5",82,False,0.024066516365316204,1334021.0,1,False,0.12998218947189707,8.35,4002041.0
"Fixed 1333521, pilot",2,3,82,"D 2,3 -> 5,10",82,True,0.0,1333997.0,1,False,0.15572199591416286,8.42,5336038.0
"Fixed 1333521, pilot",2,4,6,S 1 -> 9,12,False,1.0,1334011.0,1,False,0.038065025112214046,8.38,6670049.0
"Fixed 1333521, pilot",2,5,31,"D 0,1 -> 10,11",12,False,0.6640452942090707,1333994.0,1,False,0.038065025112214046,8.41,8004043.0
"Fixed 1333521, pilot",2,6,28,"D 0,1 -> 8,9",8,False,0.48675835421065305,1334013.0,1,False,0.03806333749947351,8.42,9338056.0
"Fixed 1333521, pilot",2,7,23,"D 0,1 -> 6,7",8,False,0.4883482015023569,1333999.0,1,False,0.03806366199711136,8.4,10672055.0
"Fixed 1333521, pilot",2,8,75,"D 1,3 -> 9,11",8,False,1.0,1333999.0,1,False,0.03806399504587301,8.38,12006054.0
"Fixed 1333521, pilot",2,9,16,"D 0,1 -> 4,5",8,False,0.1514281617364136,1334017.0,1,False,0.03806399504587301,8.31,13340071.0
"Fixed 1333521, pilot",2,10,60,"D 1,2 -> 5,10",12,False,0.817368366635342,1334015.0,1,False,0.03794640044202023,8.31,14674086.0
"Fixed 1333521, pilot",2,11,18,"D 0,1 -> 4,9",8,False,1.0,1334015.0,1,False,0.037955377373858366,8.21,16008101.0
"Fixed 1333521, pilot",2,12,21,"D 0,1 -> 5,8",8,False,1.0,1334017.0,1,False,0.03795537855529234,8.12,17342118.0
"Fixed 1333521, pilot",2,13,45,"D 0,3 -> 6,7",8,False,0.6640727929207249,1334006.0,1,False,0.03795537855529234,8.02,18676124.0
"Fixed 1333521, pilot",2,14,23,"D 0,1 -> 6,7",12,False,0.9998088292386458,1334011.0,1,False,0.03800970744656268,7.93,20010135.0
"Fixed 1333521, pilot",2,15,69,"D 1,2 -> 10,11",12,False,0.8040619549962189,1334014.0,1,False,0.03824519220698132,8.08,21344149.0
"Fixed 1333521, pilot",3,0,91,"D 2,3 -> 10,11",91,True,0.0,1334016.0,1,False,0.24318730437372557,8.23,1334016.0
"Fixed 1333521, pilot",3,1,82,"D 2,3 -> 5,10",79,True,2.220446049250313e-16,1334012.0,1,False,0.16102697871065078,8.23,2668028.0
"Fixed 1333521, pilot",3,2,76,"D 2,3 -> 4,5",79,False,0.024066513654290578,1334007.0,1,False,0.12998218965087896,8.23,4002035.0
"Fixed 1333521, pilot",3,3,79,"D 2,3 -> 4,11",79,True,0.0,1334017.0,1,False,0.15572199872464462,8.4,5336052.0
"Fixed 1333521, pilot",3,4,2,S 0 -> 8,8,False,1.0,1334003.0,1,False,0.03806501943588732,8.47,6670055.0
"Fixed 1333521, pilot",3,5,35,"D 0,2 -> 6,8",8,False,1.0,1334004.0,1,False,0.03806501271233194,8.46,8004059.0
"Fixed 1333521, pilot",3,6,74,"D 1,3 -> 7,11",8,False,1.0,1334018.0,1,False,0.03806501124409043,8.39,9338077.0
"Fixed 1333521, pilot",3,7,23,"D 0,1 -> 6,7",8,False,0.48606309620858,1334012.0,1,False,0.03806501096545199,8.46,10672089.0
"Fixed 1333521, pilot",3,8,16,"D 0,1 -> 4,5",12,False,0.1289971425316454,1334020.0,1,False,0.03806532998988537,8.28,12006109.0
"Fixed 1333521, pilot",3,9,62,"D 1,2 -> 6,9",8,False,1.0,1334019.0,1,False,0.03794658540604348,8.26,13340128.0
"Fixed 1333521, pilot",3,10,6,S 1 -> 9,8,False,1.0,1333999.0,1,False,0.03794658540604348,8.22,14674127.0
"Fixed 1333521, pilot",3,11,28,"D 0,1 -> 8,9",8,False,0.4918115607098257,1334009.0,1,False,0.03794658540604348,8.22,16008136.0
"Fixed 1333521, pilot",3,12,7,S 1 -> 11,12,False,0.9602891879130897,1334020.0,1,False,0.03794770543257728,8.23,17342156.0
"Fixed 1333521, pilot",3,13,41,"D 0,3 -> 4,11",8,False,0.8171127896447751,1334018.0,1,False,0.037954734215580634,8.07,18676174.0
"Fixed 1333521, pilot",3,14,74,"D 1,3 -> 7,11",8,False,1.0,1334020.0,1,False,0.037963079504634505,7.87,20010194.0
"Fixed 1333521, pilot",3,15,65,"D 1,2 -> 7,10",8,False,1.0,1334002.0,1,False,0.03796307960534444,8.06,21344196.0
"Fixed 1333521, pilot",4,0,91,"D 2,3 -> 10,11",91,True,0.0,1333996.0,1,False,0.24318730437372557,8.23,1333996.0
"Fixed 1333521, pilot",4,1,79,"D 2,3 -> 4,11",79,True,0.0,1334029.0,1,False,0.16102697871065078,8.23,2668025.0
"Fixed 1333521, pilot",4,2,82,"D 2,3 -> 5,10",82,True,0.0,1334020.0,1,False,0.12998218947189707,8.39,4002045.0
"Fixed 1333521, pilot",4,3,76,"D 2,3 -> 4,5",76,True,0.0,1334010.0,1,False,0.15604115247457773,8.48,5336055.0
"Fixed 1333521, pilot",4,4,36,"D 0,2 -> 6,10",12,False,1.0,1334035.0,1,False,0.038065010303648644,8.44,6670090.0
"Fixed 1333521, pilot",4,5,53,"D 0,3 -> 10,11",12,False,0.8298973611035432,1334012.0,1,False,0.038065010303648644,8.4,8004102.0
"Fixed 1333521, pilot",4,6,17,"D 0,1 -> 4,7",12,False,1.0,1334000.0,1,False,0.03808366114934095,8.49,9338102.0
"Fixed 1333521, pilot",4,7,40,"D 0,3 -> 4,9",12,False,1.0,1334010.0,1,False,0.03808366489039291,8.39,10672112.0
"Fixed 1333521, pilot",4,8,44,"D 0,3 -> 5,10",12,False,0.8164709810515269,1334012.0,1,False,0.03808367873343641,8.4,12006124.0
"Fixed 1333521, pilot",4,9,27,"D 0,1 -> 7,10",12,False,1.0,1334012.0,1,False,0.03813398972743395,8.46,13340136.0
"Fixed 1333521, pilot",4,10,67,"D 1,2 -> 8,11",12,False,1.0,1334009.0,1,False,0.03813398973181498,8.32,14674145.0
"Fixed 1333521, pilot",4,11,75,"D 1,3 -> 9,11",12,False,1.0,1334005.0,1,False,0.03813398973181498,8.37,16008150.0
"Fixed 1333521, pilot",4,12,28,"D 0,1 -> 8,9",12,False,0.48698926175703183,1334014.0,1,False,0.03813398973181498,8.3,17342164.0
"Fixed 1333521, pilot",4,13,18,"D 0,1 -> 4,9",12,False,1.0,1334008.0,1,False,0.03813433753552818,7.99,18676172.0
"Fixed 1333521, pilot",4,14,26,"D 0,1 -> 7,8",12,False,1.0,1334012.0,1,False,0.03813433811795867,7.81,20010184.0
"Fixed 1333521, pilot",4,15,51,"D 0,3 -> 8,11",12,False,1.0,1334011.0,1,False,0.03813433811795867,7.99,21344195.0
"Fixed 1333521, pilot",5,0,91,"D 2,3 -> 10,11",91,True,0.0,1334013.0,1,False,0.24318730437372557,8.24,1334013.0
"Fixed 1333521, pilot",5,1,79,"D 2,3 -> 4,11",79,True,0.0,1334022.0,1,False,0.16102697871065078,8.22,2668035.0
"Fixed 1333521, pilot",5,2,82,"D 2,3 -> 5,10",82,True,0.0,1334013.0,1,False,0.12998218947189707,8.39,4002048.0
"Fixed 1333521, pilot",5,3,76,"D 2,3 -> 4,5",76,True,0.0,1333999.0,1,False,0.15604115247457773,8.38,5336047.0
"Fixed 1333521, pilot",5,4,44,"D 0,3 -> 5,10",12,False,0.8216722211087792,1334004.0,1,False,0.038065010303648644,8.36,6670051.0
"Fixed 1333521, pilot",5,5,74,"D 1,3 -> 7,11",12,False,1.0,1333999.0,1,False,0.03811251908258175,8.33,8004050.0
"Fixed 1333521, pilot",5,6,58,"D 1,2 -> 5,6",12,False,1.0,1334017.0,1,False,0.03811251994457501,8.38,9338067.0
"Fixed 1333521, pilot",5,7,6,S 1 -> 9,12,False,1.0,1334019.0,1,False,0.03811251994457501,8.47,10672086.0
"Fixed 1333521, pilot",5,8,26,"D 0,1 -> 7,8",12,False,1.0,1334005.0,1,False,0.03811251994457501,8.29,12006091.0
"Fixed 1333521, pilot",5,9,3,S 0 -> 10,12,False,0.9522608750331183,1334034.0,1,False,0.03811251994457501,8.34,13340125.0
"Fixed 1333521, pilot",5,10,36,"D 0,2 -> 6,10",12,False,1.0,1334007.0,1,False,0.03812170704321256,8.35,14674132.0
"Fixed 1333521, pilot",5,11,71,"D 1,3 -> 5,9",12,False,1.0,1333998.0,1,False,0.03812170704321256,8.28,16008130.0
"Fixed 1333521, pilot",5,12,74,"D 1,3 -> 7,11",12,False,1.0,1334008.0,1,False,0.03812170704321256,8.14,17342138.0
"Fixed 1333521, pilot",5,13,2,S 0 -> 8,12,False,1.0,1333997.0,1,False,0.03812170704321256,8.07,18676135.0
"Fixed 1333521, pilot",5,14,29,"D 0,1 -> 8,11",12,False,1.0,1334010.0,1,False,0.03812170704321256,8.0,20010145.0
"Fixed 1333521, pilot",5,15,16,"D 0,1 -> 4,5",12,False,0.12759987481205126,1334010.0,1,False,0.03812170704321256,8.13,21344155.0
"Fixed 1333521, pilot",6,0,91,"D 2,3 -> 10,11",91,True,0.0,1334011.0,1,False,0.24318730437372557,8.25,1334011.0
"Fixed 1333521, pilot",6,1,82,"D 2,3 -> 5,10",79,True,2.220446049250313e-16,1334004.0,1,False,0.16102697871065078,8.23,2668015.0
"Fixed 1333521, pilot",6,2,79,"D 2,3 -> 4,11",79,True,0.0,1334011.0,1,False,0.12998218965087896,8.33,4002026.0
"Fixed 1333521, pilot",6,3,76,"D 2,3 -> 4,5",76,True,0.0,1334016.0,1,False,0.1560411524745777,8.36,5336042.0
"Fixed 1333521, pilot",6,4,23,"D 0,1 -> 6,7",8,False,0.48606308727321224,1334009.0,1,False,0.038065010303649234,8.35,6670051.0
"Fixed 1333521, pilot",6,5,34,"D 0,2 -> 4,10",12,False,0.9951197985222066,1334021.0,1,False,0.0380653173349411,8.43,8004072.0
"Fixed 1333521, pilot",6,6,16,"D 0,1 -> 4,5",12,False,0.12901444921468053,1334011.0,1,False,0.03806565594475456,8.37,9338083.0
"Fixed 1333521, pilot",6,7,58,"D 1,2 -> 5,6",12,False,1.0,1334011.0,1,False,0.037946891763816826,8.36,10672094.0
"Fixed 1333521, pilot",6,8,69,"D 1,2 -> 10,11",12,False,0.8293850549170347,1334012.0,1,False,0.03794689225377735,8.38,12006106.0
"Fixed 1333521, pilot",6,9,35,"D 0,2 -> 6,8",8,False,1.0,1334013.0,1,False,0.03796446766617365,8.27,13340119.0
"Fixed 1333521, pilot",6,10,24,"D 0,1 -> 6,9",8,False,1.0,1334009.0,1,False,0.03796446766617365,8.29,14674128.0
"Fixed 1333521, pilot",6,11,67,"D 1,2 -> 8,11",8,False,1.0,1334018.0,1,False,0.03796446766617365,8.16,16008146.0
"Fixed 1333521, pilot",6,12,53,"D 0,3 -> 10,11",8,False,0.830335032814743,1334007.0,1,False,0.03796446766617365,8.16,17342153.0
"Fixed 1333521, pilot",6,13,5,S 1 -> 7,8,False,1.0,1334000.0,1,False,0.037968317036800925,8.12,18676153.0
"Fixed 1333521, pilot",6,14,73,"D 1,3 -> 7,9",8,False,1.0,1334018.0,1,False,0.03796831684975198,8.0,20010171.0
"Fixed 1333521, pilot",6,15,31,"D 0,1 -> 10,11",8,False,0.7051684073443929,1334021.0,1,False,0.03796831684975198,8.04,21344192.0
"Fixed 1333521, pilot",7,0,91,"D 2,3 -> 10,11",91,True,0.0,1334004.0,1,False,0.24318730437372557,8.35,1334004.0
"Fixed 1333521, pilot",7,1,82,"D 2,3 -> 5,10",79,True,2.220446049250313e-16,1334020.0,1,False,0.16102697871065078,8.23,2668024.0
"Fixed 1333521, pilot",7,2,79,"D 2,3 -> 4,11",79,True,0.0,1333989.0,1,False,0.12998218965087896,8.25,4002013.0
"Fixed 1333521, pilot",7,3,76,"D 2,3 -> 4,5",76,True,0.0,1334019.0,1,False,0.1560411524745777,8.3,5336032.0
"Fixed 1333521, pilot",7,4,2,S 0 -> 8,8,False,1.0,1334020.0,1,False,0.038065010303649234,8.32,6670052.0
"Fixed 1333521, pilot",7,5,57,"D 1,2 -> 4,11",8,False,0.8216722211087815,1334001.0,1,False,0.038065010303649234,8.35,8004053.0
"Fixed 1333521, pilot",7,6,45,"D 0,3 -> 6,7",8,False,0.6720318768702689,1334001.0,1,False,0.0381125265063912,8.37,9338054.0
"Fixed 1333521, pilot",7,7,19,"D 0,1 -> 4,11",8,False,0.9250906453081236,1334002.0,1,False,0.038107748701207186,8.37,10672056.0
"Fixed 1333521, pilot",7,8,20,"D 0,1 -> 5,6",8,False,1.0,1334011.0,1,False,0.03811394127751826,8.35,12006067.0
"Fixed 1333521, pilot",7,9,23,"D 0,1 -> 6,7",8,False,0.47438529787820916,1334016.0,1,False,0.03811394098499918,8.31,13340083.0
"Fixed 1333521, pilot",7,10,24,"D 0,1 -> 6,9",8,False,1.0,1334011.0,1,False,0.03811394741062613,8.24,14674094.0
"Fixed 1333521, pilot",7,11,28,"D 0,1 -> 8,9",8,False,0.48822121029307297,1334019.0,1,False,0.03811394741062613,8.19,16008113.0
"Fixed 1333521, pilot",7,12,5,S 1 -> 7,8,False,1.0,1334013.0,1,False,0.03811428196352378,8.14,17342126.0
"Fixed 1333521, pilot",7,13,21,"D 0,1 -> 5,8",8,False,1.0,1334011.0,1,False,0.03811428196352378,8.1,18676137.0
"Fixed 1333521, pilot",7,14,16,"D 0,1 -> 4,5",8,False,0.1366121790846231,1334018.0,1,False,0.03811428196352378,8.09,20010155.0
"Fixed 1333521, pilot",7,15,18,"D 0,1 -> 4,9",8,False,1.0,1333995.0,1,False,0.037993498222689145,8.19,21344150.0
"Fixed 1333521, pilot",8,0,91,"D 2,3 -> 10,11",91,True,0.0,1334011.0,1,False,0.24318730437372557,8.0,1334011.0
"Fixed 1333521, pilot",8,1,79,"D 2,3 -> 4,11",79,True,0.0,1334011.0,1,False,0.16102697871065078,8.05,2668022.0
"Fixed 1333521, pilot",8,2,82,"D 2,3 -> 5,10",82,True,0.0,1334004.0,1,False,0.12998218947189707,8.22,4002026.0
"Fixed 1333521, pilot",8,3,76,"D 2,3 -> 4,5",76,True,0.0,1334011.0,1,False,0.15604115247457773,8.28,5336037.0
"Fixed 1333521, pilot",8,4,31,"D 0,1 -> 10,11",12,False,0.6640451924317095,1334010.0,1,False,0.038065010303648644,8.24,6670047.0
"Fixed 1333521, pilot",8,5,45,"D 0,3 -> 6,7",8,False,0.6717953799679139,1334012.0,1,False,0.03806334281270884,8.16,8004059.0
"Fixed 1333521, pilot",8,6,53,"D 0,3 -> 10,11",12,False,0.8272087435621827,1334014.0,1,False,0.03811616436262584,8.26,9338073.0
"Fixed 1333521, pilot",8,7,0,S 0 -> 4,12,False,0.98101990637031,1333998.0,1,False,0.03813534712529315,8.28,10672071.0
"Fixed 1333521, pilot",8,8,18,"D 0,1 -> 4,9",12,False,1.0,1334016.0,1,False,0.03813554251020727,8.15,12006087.0
"Fixed 1333521, pilot",8,9,1,S 0 -> 6,12,False,1.0,1334012.0,1,False,0.03813554818972513,8.17,13340099.0
"Fixed 1333521, pilot",8,10,25,"D 0,1 -> 6,11",12,False,1.0,1334000.0,1,False,0.03813554818972513,8.08,14674099.0
"Fixed 1333521, pilot",8,11,34,"D 0,2 -> 4,10",12,False,0.9998002870593824,1334000.0,1,False,0.03813554818972513,8.16,16008099.0
"Fixed 1333521, pilot",8,12,17,"D 0,1 -> 4,7",12,False,1.0,1334012.0,1,False,0.03813555731552984,8.11,17342111.0
"Fixed 1333521, pilot",8,13,30,"D 0,1 -> 9,10",12,False,1.0,1333995.0,1,False,0.03813555731552984,8.11,18676106.0
"Fixed 1333521, pilot",8,14,49,"D 0,3 -> 7,10",12,False,1.0,1333999.0,1,False,0.03813555731552984,7.9,20010105.0
"Fixed 1333521, pilot",8,15,31,"D 0,1 -> 10,11",12,False,0.9999756148929431,1334006.0,1,False,0.03813555731552984,8.12,21344111.0
"Fixed 1333521, pilot",9,0,91,"D 2,3 -> 10,11",91,True,0.0,1334004.0,1,False,0.24318730437372557,8.14,1334004.0
"Fixed 1333521, pilot",9,1,82,"D 2,3 -> 5,10",79,True,2.220446049250313e-16,1334009.0,1,False,0.16102697871065078,8.03,2668013.0
"Fixed 1333521, pilot",9,2,79,"D 2,3 -> 4,11",79,True,0.0,1334003.0,1,False,0.12998218965087896,8.25,4002016.0
"Fixed 1333521, pilot",9,3,76,"D 2,3 -> 4,5",76,True,0.0,1334013.0,1,False,0.1560411524745777,8.18,5336029.0
"Fixed 1333521, pilot",9,4,16,"D 0,1 -> 4,5",8,False,0.12598077480875025,1334013.0,1,False,0.038065010303649234,8.22,6670042.0
"Fixed 1333521, pilot",9,5,21,"D 0,1 -> 5,8",8,False,1.0,1334017.0,1,False,0.03794550734818707,8.3,8004059.0
"Fixed 1333521, pilot",9,6,16,"D 0,1 -> 4,5",8,False,0.9999999971136904,1334007.0,1,False,0.03794550734818707,8.3,9338066.0
"Fixed 1333521, pilot",9,7,38,"D 0,3 -> 4,5",8,False,0.9394005154349229,1334011.0,1,False,0.03794550734818707,8.36,10672077.0
"Fixed 1333521, pilot",9,8,26,"D 0,1 -> 7,8",8,False,1.0,1334003.0,1,False,0.0379469065508916,8.21,12006080.0
"Fixed 1333521, pilot",9,9,23,"D 0,1 -> 6,7",8,False,0.49019461935556174,1334008.0,1,False,0.0379469065508916,8.27,13340088.0
"Fixed 1333521, pilot",9,10,24,"D 0,1 -> 6,9",8,False,1.0,1334020.0,1,False,0.037948041779511804,8.09,14674108.0
"Fixed 1333521, pilot",9,11,24,"D 0,1 -> 6,9",8,False,1.0,1334026.0,1,False,0.037948041779511804,8.14,16008134.0
"Fixed 1333521, pilot",9,12,25,"D 0,1 -> 6,11",8,False,1.0,1334003.0,1,False,0.037948041779511804,8.05,17342137.0
"Fixed 1333521, pilot",9,13,1,S 0 -> 6,8,False,1.0,1334022.0,1,False,0.037948041779511804,7.94,18676159.0
"Fixed 1333521, pilot",9,14,38,"D 0,3 -> 4,5",8,False,0.9998644680603255,1334015.0,1,False,0.037948041779511804,7.91,20010174.0
"Fixed 1333521, pilot",9,15,3,S 0 -> 10,8,False,0.9592341693184192,1334013.0,1,False,0.037968398257132455,8.04,21344187.0
"Fixed 1333521, pilot",10,0,91,"D 2,3 -> 10,11",91,True,0.0,1334007.0,1,False,0.24318730437372557,7.97,1334007.0
"Fixed 1333521, pilot",10,1,79,"D 2,3 -> 4,11",79,True,0.0,1334005.0,1,False,0.16102697871065078,7.93,2668012.0
"Fixed 1333521, pilot",10,2,82,"D 2,3 -> 5,10",82,True,0.0,1334006.0,1,False,0.12998218947189707,8.16,4002018.0
"Fixed 1333521, pilot",10,3,76,"D 2,3 -> 4,5",76,True,0.0,1334013.0,1,False,0.15604115247457773,8.19,5336031.0
"Fixed 1333521, pilot",10,4,71,"D 1,3 -> 5,9",12,False,1.0,1334006.0,1,False,0.038065010303648644,8.26,6670037.0
"Fixed 1333521, pilot",10,5,3,S 0 -> 10,12,False,0.9596896192949675,1334005.0,1,False,0.038065010303648644,8.33,8004042.0
"Fixed 1333521, pilot",10,6,16,"D 0,1 -> 4,5",12,False,0.12631561124143675,1334004.0,1,False,0.03807211957338792,8.2,9338046.0
"Fixed 1333521, pilot",10,7,38,"D 0,3 -> 4,5",12,False,0.9386383816094657,1334025.0,1,False,0.03795238186223878,8.3,10672071.0
"Fixed 1333521, pilot",10,8,25,"D 0,1 -> 6,11",8,False,1.0,1334012.0,1,False,0.037952054359425745,8.2,12006083.0
"Fixed 1333521, pilot",10,9,28,"D 0,1 -> 8,9",8,False,0.4902104967207609,1334012.0,1,False,0.03795205349381226,8.17,13340095.0
"Fixed 1333521, pilot",10,10,60,"D 1,2 -> 5,10",8,False,0.8171028194312032,1334014.0,1,False,0.037953229322911994,8.17,14674109.0
"Fixed 1333521, pilot",10,11,63,"D 1,2 -> 6,11",8,False,1.0,1334014.0,1,False,0.037962384791420195,8.14,16008123.0
"Fixed 1333521, pilot",10,12,23,"D 0,1 -> 6,7",8,False,0.49175302534336385,1334029.0,1,False,0.03796238524952355,8.09,17342152.0
"Fixed 1333521, pilot",10,13,64,"D 1,2 -> 7,8",8,False,1.0,1334003.0,1,False,0.03796355735797131,8.01,18676155.0
"Fixed 1333521, pilot",10,14,19,"D 0,1 -> 4,11",8,False,0.9720091104791746,1334022.0,1,False,0.03796355735797131,7.85,20010177.0
"Fixed 1333521, pilot",10,15,60,"D 1,2 -> 5,10",8,False,0.9998496365090221,1334012.0,1,False,0.03796600969017376,8.05,21344189.0
"Fixed 1333521, pilot",11,0,91,"D 2,3 -> 10,11",91,True,0.0,1333999.0,1,False,0.24318730437372557,8.09,1333999.0
"Fixed 1333521, pilot",11,1,82,"D 2,3 -> 5,10",79,True,2.220446049250313e-16,1334008.0,1,False,0.16102697871065078,8.17,2668007.0
"Fixed 1333521, pilot",11,2,79,"D 2,3 -> 4,11",79,True,0.0,1334005.0,1,False,0.12998218965087896,8.26,4002012.0
"Fixed 1333521, pilot",11,3,76,"D 2,3 -> 4,5",76,True,0.0,1333999.0,1,False,0.1560411524745777,8.19,5336011.0
"Fixed 1333521, pilot",11,4,31,"D 0,1 -> 10,11",8,False,0.664045192431715,1334001.0,1,False,0.038065010303649234,8.24,6670012.0
"Fixed 1333521, pilot",11,5,23,"D 0,1 -> 6,7",12,False,0.48675842585590223,1334003.0,1,False,0.03806334281270849,8.18,8004015.0
"Fixed 1333521, pilot",11,6,51,"D 0,3 -> 8,11",12,False,1.0,1334009.0,1,False,0.03806366153225403,8.2,9338024.0
"Fixed 1333521, pilot",11,7,53,"D 0,3 -> 10,11",12,False,0.8246524096192143,1334008.0,1,False,0.03806366153225403,8.16,10672032.0
"Fixed 1333521, pilot",11,8,72,"D 1,3 -> 5,11",12,False,0.9947243562947138,1334027.0,1,False,0.03808330382359508,8.21,12006059.0
"Fixed 1333521, pilot",11,9,18,"D 0,1 -> 4,9",12,False,1.0,1334012.0,1,False,0.03808236834090978,8.2,13340071.0
"Fixed 1333521, pilot",11,10,33,"D 0,2 -> 4,8",12,False,1.0,1334002.0,1,False,0.038082369235729295,8.12,14674073.0
"Fixed 1333521, pilot",11,11,52,"D 0,3 -> 9,10",12,False,1.0,1334013.0,1,False,0.038082369235729295,8.18,16008086.0
"Fixed 1333521, pilot",11,12,5,S 1 -> 7,12,False,1.0,1334033.0,1,False,0.038082369235729295,8.08,17342119.0
"Fixed 1333521, pilot",11,13,71,"D 1,3 -> 5,9",12,False,1.0,1334014.0,1,False,0.038082369235729295,8.08,18676133.0
"Fixed 1333521, pilot",11,14,46,"D 0,3 -> 6,9",12,False,1.0,1334012.0,1,False,0.038082369235729295,7.87,20010145.0
"Fixed 1333521, pilot",11,15,17,"D 0,1 -> 4,7",12,False,1.0,1334007.0,1,False,0.038082369235729295,8.05,21344152.0
"Fixed 1333521, pilot",12,0,91,"D 2,3 -> 10,11",91,True,0.0,1334015.0,1,False,0.24318730437372557,8.16,1334015.0
"Fixed 1333521, pilot",12,1,82,"D 2,3 -> 5,10",79,True,2.220446049250313e-16,1334001.0,1,False,0.16102697871065078,8.12,2668016.0
"Fixed 1333521, pilot",12,2,76,"D 2,3 -> 4,5",79,False,0.024066513654290578,1333998.0,1,False,0.12998218965087896,8.17,4002014.0
"Fixed 1333521, pilot",12,3,79,"D 2,3 -> 4,11",79,True,0.0,1334014.0,1,False,0.15572199872464462,8.15,5336028.0
"Fixed 1333521, pilot",12,4,63,"D 1,2 -> 6,11",8,False,1.0,1333999.0,1,False,0.03806501943588732,8.19,6670027.0
"Fixed 1333521, pilot",12,5,27,"D 0,1 -> 7,10",8,False,1.0,1334026.0,1,False,0.03806501271233194,8.12,8004053.0
"Fixed 1333521, pilot",12,6,86,"D 2,3 -> 7,8",8,False,1.0,1334002.0,1,False,0.03806501124409043,8.13,9338055.0
"Fixed 1333521, pilot",12,7,64,"D 1,2 -> 7,8",8,False,1.0,1334004.0,1,False,0.03806501096545199,8.18,10672059.0
"Fixed 1333521, pilot",12,8,41,"D 0,3 -> 4,11",8,False,0.8167919343080716,1334011.0,1,False,0.03806501096545199,8.21,12006070.0
"Fixed 1333521, pilot",12,9,50,"D 0,3 -> 8,9",12,False,0.6713443326597398,1334001.0,1,False,0.03807396194278166,8.19,13340071.0
"Fixed 1333521, pilot",12,10,26,"D 0,1 -> 7,8",12,False,1.0,1334024.0,1,False,0.03812691221259102,8.01,14674095.0
"Fixed 1333521, pilot",12,11,4,S 1 -> 5,12,False,0.9809940825348118,1334023.0,1,False,0.03812691577928367,8.16,16008118.0
"Fixed 1333521, pilot",12,12,28,"D 0,1 -> 8,9",12,False,0.4740696753082948,1334025.0,1,False,0.03812487179783328,8.06,17342143.0
"Fixed 1333521, pilot",12,13,6,S 1 -> 9,12,False,1.0,1334000.0,1,False,0.03812744565360659,8.11,18676143.0
"Fixed 1333521, pilot",12,14,12,S 3 -> 5,12,True,0.0,1334005.0,1,False,0.03812744565360659,8.11,20010148.0
"Fixed 1333521, pilot",12,15,7,S 1 -> 11,11,False,0.8890828073607814,1334026.0,1,False,0.03321625128858307,8.14,21344174.0
"Fixed 1333521, pilot",13,0,91,"D 2,3 -> 10,11",91,True,0.0,1334014.0,1,False,0.24318730437372557,8.06,1334014.0
"Fixed 1333521, pilot",13,1,79,"D 2,3 -> 4,11",79,True,0.0,1334034.0,1,False,0.16102697871065078,8.07,2668048.0
"Fixed 1333521, pilot",13,2,76,"D 2,3 -> 4,5",82,False,0.024066516365316204,1334016.0,1,False,0.12998218947189707,8.09,4002064.0
"Fixed 1333521, pilot",13,3,82,"D 2,3 -> 5,10",82,True,0.0,1334015.0,1,False,0.15572199591416286,8.09,5336079.0
"Fixed 1333521, pilot",13,4,59,"D 1,2 -> 5,8",12,False,1.0,1334013.0,1,False,0.038065025112214046,8.19,6670092.0
"Fixed 1333521, pilot",13,5,17,"D 0,1 -> 4,7",12,False,1.0,1334015.0,1,False,0.038065025112214046,8.07,8004107.0
"Fixed 1333521, pilot",13,6,62,"D 1,2 -> 6,9",12,False,1.0,1334021.0,1,False,0.038065025112214046,8.01,9338128.0
"Fixed 1333521, pilot",13,7,5,S 1 -> 7,12,False,1.0,1334014.0,1,False,0.038065025112214046,8.13,10672142.0
"Fixed 1333521, pilot",13,8,20,"D 0,1 -> 5,6",12,False,1.0,1334005.0,1,False,0.038065025112214046,8.14,12006147.0
"Fixed 1333521, pilot",13,9,56,"D 1,2 -> 4,9",12,False,1.0,1334005.0,1,False,0.038065025112214046,8.06,13340152.0
"Fixed 1333521, pilot",13,10,16,"D 0,1 -> 4,5",12,False,0.12598115105696928,1334006.0,1,False,0.038065025112214046,8.11,14674158.0
"Fixed 1333521, pilot",13,11,23,"D 0,1 -> 6,7",12,False,0.49024053365165843,1334006.0,1,False,0.03794550904773174,8.15,16008164.0
"Fixed 1333521, pilot",13,12,21,"D 0,1 -> 5,8",8,False,1.0,1334001.0,1,False,0.03794663753593626,8.1,17342165.0
"Fixed 1333521, pilot",13,13,59,"D 1,2 -> 5,8",8,False,1.0,1334025.0,1,False,0.03794663753593626,8.07,18676190.0
"Fixed 1333521, pilot",13,14,72,"D 1,3 -> 5,11",8,False,0.9958147639440816,1334006.0,1,False,0.03794663753593626,8.08,20010196.0
"Fixed 1333521, pilot",13,15,27,"D 0,1 -> 7,10",8,False,1.0,1334006.0,1,False,0.03794694094698292,8.04,21344202.0
"Fixed 1333521, pilot",14,0,91,"D 2,3 -> 10,11",91,True,0.0,1333988.0,1,False,0.24318730437372557,8.18,1333988.0
"Fixed 1333521, pilot",14,1,82,"D 2,3 -> 5,10",79,True,2.220446049250313e-16,1334009.0,1,False,0.16102697871065078,8.12,2667997.0
"Fixed 1333521, pilot",14,2,79,"D 2,3 -> 4,11",79,True,0.0,1334006.0,1,False,0.12998218965087896,8.08,4002003.0
"Fixed 1333521, pilot",14,3,76,"D 2,3 -> 4,5",76,True,0.0,1334008.0,1,False,0.1560411524745777,8.07,5336011.0
"Fixed 1333521, pilot",14,4,8,S 2 -> 4,8,True,0.0,1334002.0,1,False,0.038065010303649234,8.02,6670013.0
"Fixed 1333521, pilot",14,5,41,"D 0,3 -> 4,11",15,False,0.7791952037623961,1334017.0,1,False,0.03313194410308523,8.07,8004030.0
"Fixed 1333521, pilot",14,6,41,"D 0,3 -> 4,11",15,False,0.9999999994501781,1334009.0,1,False,0.033138298296238655,8.11,9338039.0
"Fixed 1333521, pilot",14,7,16,"D 0,1 -> 4,5",15,False,0.15105745647030988,1334023.0,1,False,0.033138298296238655,8.12,10672062.0
"Fixed 1333521, pilot",14,8,24,"D 0,1 -> 6,9",15,False,1.0,1334020.0,1,False,0.0330153091190043,8.11,12006082.0
"Fixed 1333521, pilot",14,9,3,S 0 -> 10,15,False,0.8839173176218285,1334013.0,1,False,0.03301530936020192,8.05,13340095.0
"Fixed 1333521, pilot",14,10,1,S 0 -> 6,15,False,1.0,1334011.0,1,False,0.033045384623452245,8.06,14674106.0
"Fixed 1333521, pilot",14,11,18,"D 0,1 -> 4,9",15,False,1.0,1334013.0,1,False,0.033045384623452245,8.13,16008119.0
"Fixed 1333521, pilot",14,12,23,"D 0,1 -> 6,7",15,False,0.4125226231968716,1334004.0,1,False,0.033045384623452245,8.16,17342123.0
"Fixed 1333521, pilot",14,13,3,S 0 -> 10,15,False,0.9998511048661618,1334010.0,1,False,0.03304633956610459,8.14,18676133.0
"Fixed 1333521, pilot",14,14,39,"D 0,3 -> 4,7",15,False,1.0,1333988.0,1,False,0.033040660094517615,8.16,20010121.0
"Fixed 1333521, pilot",14,15,45,"D 0,3 -> 6,7",15,False,0.6186225661251947,1334013.0,1,False,0.033040660249198606,8.12,21344134.0
"Fixed 1333521, pilot",15,0,91,"D 2,3 -> 10,11",91,True,0.0,1334008.0,1,False,0.24318730437372557,8.14,1334008.0
"Fixed 1333521, pilot",15,1,82,"D 2,3 -> 5,10",79,True,2.220446049250313e-16,1334026.0,1,False,0.16102697871065078,8.13,2668034.0
"Fixed 1333521, pilot",15,2,79,"D 2,3 -> 4,11",79,True,0.0,1334016.0,1,False,0.12998218965087896,8.16,4002050.0
"Fixed 1333521, pilot",15,3,76,"D 2,3 -> 4,5",76,True,0.0,1334017.0,1,False,0.1560411524745777,7.99,5336067.0
"Fixed 1333521, pilot",15,4,16,"D 0,1 -> 4,5",8,False,0.12598077480875025,1333998.0,1,False,0.038065010303649234,8.07,6670065.0
"Fixed 1333521, pilot",15,5,19,"D 0,1 -> 4,11",8,False,0.9724643721849147,1334009.0,1,False,0.03794550734818707,8.11,8004074.0
"Fixed 1333521, pilot",15,6,23,"D 0,1 -> 6,7",8,False,0.4902705659228509,1334007.0,1,False,0.037947928919972944,8.07,9338081.0
"Fixed 1333521, pilot",15,7,63,"D 1,2 -> 6,11",8,False,1.0,1334016.0,1,False,0.037949066425674964,8.01,10672097.0
"Fixed 1333521, pilot",15,8,43,"D 0,3 -> 5,8",8,False,1.0,1334024.0,1,False,0.037949066425674964,8.05,12006121.0
"Fixed 1333521, pilot",15,9,40,"D 0,3 -> 4,9",8,False,1.0,1334017.0,1,False,0.037949066425674964,8.04,13340138.0
"Fixed 1333521, pilot",15,10,4,S 1 -> 5,8,False,0.9568094892721,1334014.0,1,False,0.037949066425674964,8.04,14674152.0
"Fixed 1333521, pilot",15,11,64,"D 1,2 -> 7,8",8,False,1.0,1334017.0,1,False,0.037948823136144255,8.0,16008169.0
"Fixed 1333521, pilot",15,12,63,"D 1,2 -> 6,11",8,False,1.0,1334000.0,1,False,0.037948823136144255,8.03,17342169.0
"Fixed 1333521, pilot",15,13,21,"D 0,1 -> 5,8",8,False,1.0,1333995.0,1,False,0.037948823136144255,8.1,18676164.0
"Fixed 1333521, pilot",15,14,60,"D 1,2 -> 5,10",8,False,0.8157430469412339,1334009.0,1,False,0.037948823136144255,8.15,20010173.0
"Fixed 1333521, pilot",15,15,27,"D 0,1 -> 7,10",8,False,1.0,1334008.0,1,False,0.03795771000061475,8.17,21344181.0
"Fixed 1333521, pilot",16,0,91,"D 2,3 -> 10,11",91,True,0.0,1334007.0,1,False,0.24318730437372557,8.05,1334007.0
"Fixed 1333521, pilot",16,1,82,"D 2,3 -> 5,10",79,True,2.220446049250313e-16,1334015.0,1,False,0.16102697871065078,8.21,2668022.0
"Fixed 1333521, pilot",16,2,79,"D 2,3 -> 4,11",79,True,0.0,1334007.0,1,False,0.12998218965087896,8.14,4002029.0
"Fixed 1333521, pilot",16,3,76,"D 2,3 -> 4,5",76,True,0.0,1334015.0,1,False,0.1560411524745777,8.21,5336044.0
"Fixed 1333521, pilot",16,4,23,"D 0,1 -> 6,7",8,False,0.48606308727321224,1334016.0,1,False,0.038065010303649234,8.17,6670060.0
"Fixed 1333521, pilot",16,5,70,"D 1,3 -> 5,7",12,False,1.0,1334001.0,1,False,0.0380653173349411,8.25,8004061.0
"Fixed 1333521, pilot",16,6,65,"D 1,2 -> 7,10",12,False,1.0,1334010.0,1,False,0.03806532674220862,8.22,9338071.0
"Fixed 1333521, pilot",16,7,33,"D 0,2 -> 4,8",12,False,1.0,1333985.0,1,False,0.03806532694396022,8.21,10672056.0
"Fixed 1333521, pilot",16,8,49,"D 0,3 -> 7,10",12,False,1.0,1334004.0,1,False,0.03806532698087359,8.19,12006060.0
"Fixed 1333521, pilot",16,9,16,"D 0,1 -> 4,5",12,False,0.1289970620204447,1334018.0,1,False,0.03806532698087359,8.19,13340078.0
"Fixed 1333521, pilot",16,10,46,"D 0,3 -> 6,9",8,False,1.0,1334002.0,1,False,0.037946585653277305,8.21,14674080.0
"Fixed 1333521, pilot",16,11,62,"D 1,2 -> 6,9",8,False,1.0,1334020.0,1,False,0.037946585653277305,8.27,16008100.0
"Fixed 1333521, pilot",16,12,53,"D 0,3 -> 10,11",8,False,0.8293885648519613,1334032.0,1,False,0.037946585653277305,8.2,17342132.0
"Fixed 1333521, pilot",16,13,45,"D 0,3 -> 6,7",12,False,0.6654550456337289,1334003.0,1,False,0.0379652374921635,8.19,18676135.0
"Fixed 1333521, pilot",16,14,63,"D 1,2 -> 6,11",12,False,1.0,1333991.0,1,False,0.03801992374033252,8.24,20010126.0
"Fixed 1333521, pilot",16,15,12,S 3 -> 5,12,True,0.0,1334004.0,1,False,0.03801992415688682,8.19,21344130.0
"Fixed 1333521, pilot",17,0,91,"D 2,3 -> 10,11",91,True,0.0,1334006.0,1,False,0.24318730437372557,8.06,1334006.0
"Fixed 1333521, pilot",17,1,79,"D 2,3 -> 4,11",79,True,0.0,1334024.0,1,False,0.16102697871065078,8.07,2668030.0
"Fixed 1333521, pilot",17,2,82,"D 2,3 -> 5,10",82,True,0.0,1334007.0,1,False,0.12998218947189707,8.11,4002037.0
"Fixed 1333521, pilot",17,3,76,"D 2,3 -> 4,5",76,True,0.0,1334006.0,1,False,0.15604115247457773,8.03,5336043.0
"Fixed 1333521, pilot",17,4,60,"D 1,2 -> 5,10",12,False,0.8167919311796207,1334017.0,1,False,0.038065010303648644,8.03,6670060.0
"Fixed 1333521, pilot",17,5,16,"D 0,1 -> 4,5",8,False,0.12667420309376487,1334004.0,1,False,0.038073969143748075,8.02,8004064.0
"Fixed 1333521, pilot",17,6,35,"D 0,2 -> 6,8",8,False,1.0,1334000.0,1,False,0.03795447826495892,8.03,9338064.0
"Fixed 1333521, pilot",17,7,31,"D 0,1 -> 10,11",8,False,0.7176638026958337,1333990.0,1,False,0.03795447826495892,8.01,10672054.0
"Fixed 1333521, pilot",17,8,5,S 1 -> 7,8,False,1.0,1334009.0,1,False,0.03795322118558267,8.01,12006063.0
"Fixed 1333521, pilot",17,9,45,"D 0,3 -> 6,7",8,False,0.6706217937943428,1334029.0,1,False,0.03795322118558267,8.01,13340092.0
"Fixed 1333521, pilot",17,10,72,"D 1,3 -> 5,11",12,False,0.9947584542756254,1334008.0,1,False,0.03800526442725087,8.09,14674100.0
"Fixed 1333521, pilot",17,11,74,"D 1,3 -> 7,11",12,False,1.0,1334003.0,1,False,0.038006195478848245,8.05,16008103.0
"Fixed 1333521, pilot",17,12,55,"D 1,2 -> 4,7",12,False,1.0,1334008.0,1,False,0.038006195478848245,8.08,17342111.0
"Fixed 1333521, pilot",17,13,26,"D 0,1 -> 7,8",12,False,1.0,1334010.0,1,False,0.038006195478848245,8.04,18676121.0
"Fixed 1333521, pilot",17,14,39,"D 0,3 -> 4,7",12,False,1.0,1334002.0,1,False,0.038006195478848245,8.05,20010123.0
"Fixed 1333521, pilot",17,15,7,S 1 -> 11,12,False,0.9540947299001404,1334005.0,1,False,0.038006195478848245,8.05,21344128.0
"Fixed 1333521, pilot",18,0,91,"D 2,3 -> 10,11",91,True,0.0,1334003.0,1,False,0.24318730437372557,8.07,1334003.0
"Fixed 1333521, pilot",18,1,82,"D 2,3 -> 5,10",79,True,2.220446049250313e-16,1334009.0,1,False,0.16102697871065078,8.08,2668012.0
"Fixed 1333521, pilot",18,2,79,"D 2,3 -> 4,11",79,True,0.0,1334010.0,1,False,0.12998218965087896,8.09,4002022.0
"Fixed 1333521, pilot",18,3,76,"D 2,3 -> 4,5",76,True,0.0,1334029.0,1,False,0.1560411524745777,8.13,5336051.0
"Fixed 1333521, pilot",18,4,28,"D 0,1 -> 8,9",8,False,0.4860630872732127,1334004.0,1,False,0.038065010303649234,8.12,6670055.0
"Fixed 1333521, pilot",18,5,22,"D 0,1 -> 5,10",12,False,0.9327391433160226,1333994.0,1,False,0.03806531961054786,8.2,8004049.0
"Fixed 1333521, pilot",18,6,66,"D 1,2 -> 8,9",12,False,0.6651945378471931,1334010.0,1,False,0.03807046866048193,8.14,9338059.0
"Fixed 1333521, pilot",18,7,3,S 0 -> 10,8,False,0.9609750292094328,1334029.0,1,False,0.038121890783174864,8.15,10672088.0
"Fixed 1333521, pilot",18,8,26,"D 0,1 -> 7,8",8,False,1.0,1334021.0,1,False,0.03812679108665572,8.23,12006109.0
"Fixed 1333521, pilot",18,9,20,"D 0,1 -> 5,6",8,False,1.0,1334014.0,1,False,0.03812679108665572,8.1,13340123.0
"Fixed 1333521, pilot",18,10,22,"D 0,1 -> 5,10",8,False,0.9999992948787644,1334005.0,1,False,0.03812679108665572,8.0,14674128.0
"Fixed 1333521, pilot",18,11,53,"D 0,3 -> 10,11",8,False,0.8323932994009012,1334017.0,1,False,0.038126791298988154,8.07,16008145.0
"Fixed 1333521, pilot",18,12,28,"D 0,1 -> 8,9",8,False,0.9996707008144797,1334017.0,1,False,0.038128980442233645,8.11,17342162.0
"Fixed 1333521, pilot",18,13,25,"D 0,1 -> 6,11",8,False,1.0,1334012.0,1,False,0.038105321963412604,8.13,18676174.0
"Fixed 1333521, pilot",18,14,68,"D 1,2 -> 9,10",8,False,1.0,1334021.0,1,False,0.03810532192299823,8.15,20010195.0
"Fixed 1333521, pilot",18,15,34,"D 0,2 -> 4,10",8,False,0.9911203020461677,1334021.0,1,False,0.038105321922671756,8.13,21344216.0
"Fixed 1333521, pilot",19,0,91,"D 2,3 -> 10,11",91,True,0.0,1334012.0,1,False,0.24318730437372557,7.96,1334012.0
"Fixed 1333521, pilot",19,1,82,"D 2,3 -> 5,10",79,True,2.220446049250313e-16,1334025.0,1,False,0.16102697871065078,7.99,2668037.0
"Fixed 1333521, pilot",19,2,76,"D 2,3 -> 4,5",79,False,0.024066513654290578,1333998.0,1,False,0.12998218965087896,7.92,4002035.0
"Fixed 1333521, pilot",19,3,79,"D 2,3 -> 4,11",79,True,0.0,1334008.0,1,False,0.15572199872464462,7.98,5336043.0
"Fixed 1333521, pilot",19,4,66,"D 1,2 -> 8,9",8,False,0.6718114708117454,1333998.0,1,False,0.03806501943588732,8.05,6670041.0
"Fixed 1333521, pilot",19,5,16,"D 0,1 -> 4,5",8,False,0.12717749229877928,1334016.0,1,False,0.03811782636367871,8.03,8004057.0
"Fixed 1333521, pilot",19,6,62,"D 1,2 -> 6,9",8,False,1.0,1334010.0,1,False,0.03799832719100419,7.99,9338067.0
"Fixed 1333521, pilot",19,7,29,"D 0,1 -> 8,11",8,False,1.0,1334016.0,1,False,0.03799832719100419,7.98,10672083.0
"Fixed 1333521, pilot",19,8,74,"D 1,3 -> 7,11",8,False,1.0,1334016.0,1,False,0.03799832719100419,7.98,12006099.0
"Fixed 1333521, pilot",19,9,23,"D 0,1 -> 6,7",8,False,0.49095380388419807,1334001.0,1,False,0.03799832719100419,7.93,13340100.0
"Fixed 1333521, pilot",19,10,70,"D 1,3 -> 5,7",8,False,1.0,1334014.0,1,False,0.037999456373406085,8.03,14674114.0
"Fixed 1333521, pilot",19,11,1,S 0 -> 6,8,False,1.0,1334015.0,1,False,0.037999456373406085,8.01,16008129.0
"Fixed 1333521, pilot",19,12,41,"D 0,3 -> 4,11",8,False,0.8172173917255727,1334027.0,1,False,0.037999456373406085,8.03,17342156.0
"Fixed 1333521, pilot",19,13,43,"D 0,3 -> 5,8",8,False,1.0,1334001.0,1,False,0.03800764914588855,7.97,18676157.0
"Fixed 1333521, pilot",19,14,39,"D 0,3 -> 4,7",8,False,1.0,1334004.0,1,False,0.03800764914588855,7.98,20010161.0
"Fixed 1333521, pilot",19,15,31,"D 0,1 -> 10,11",8,False,0.7189618825164731,1334006.0,1,False,0.03800764914588855,8.01,21344167.0
"Fixed 1333521, pilot",20,0,91,"D 2,3 -> 10,11",91,True,0.0,1334008.0,1,False,0.24318730437372557,7.97,1334008.0
"Fixed 1333521, pilot",20,1,82,"D 2,3 -> 5,10",79,True,2.220446049250313e-16,1334004.0,1,False,0.16102697871065078,7.99,2668012.0
"Fixed 1333521, pilot",20,2,79,"D 2,3 -> 4,11",79,True,0.0,1333985.0,1,False,0.12998218965087896,8.09,4001997.0
"Fixed 1333521, pilot",20,3,76,"D 2,3 -> 4,5",76,True,0.0,1334007.0,1,False,0.1560411524745777,8.11,5336004.0
"Fixed 1333521, pilot",20,4,28,"D 0,1 -> 8,9",8,False,0.4860630872732127,1334022.0,1,False,0.038065010303649234,8.04,6670026.0
"Fixed 1333521, pilot",20,5,73,"D 1,3 -> 7,9",12,False,1.0,1334019.0,1,False,0.03806531961054786,8.11,8004045.0
"Fixed 1333521, pilot",20,6,22,"D 0,1 -> 5,10",12,False,0.9327391437372796,1334012.0,1,False,0.0380653206376311,8.06,9338057.0
"Fixed 1333521, pilot",20,7,33,"D 0,2 -> 4,8",12,False,1.0,1334016.0,1,False,0.03807046816174774,8.11,10672073.0
"Fixed 1333521, pilot",20,8,50,"D 0,3 -> 8,9",12,False,0.6651944966021903,1334000.0,1,False,0.03807046816174774,8.1,12006073.0
"Fixed 1333521, pilot",20,9,16,"D 0,1 -> 4,5",12,False,0.1334214153189136,1334015.0,1,False,0.03812558901322306,8.07,13340088.0
"Fixed 1333521, pilot",20,10,12,S 3 -> 5,12,True,0.0,1334016.0,1,False,0.038004148914183786,8.02,14674104.0
"Fixed 1333521, pilot",20,11,60,"D 1,2 -> 5,10",11,False,0.7775998851131779,1334012.0,1,False,0.03306885118503228,7.97,16008116.0
"Fixed 1333521, pilot",20,12,17,"D 0,1 -> 4,7",11,False,1.0,1334001.0,1,False,0.03307537567790085,7.98,17342117.0
"Fixed 1333521, pilot",20,13,54,"D 1,2 -> 4,5",11,False,0.9261162456889048,1334018.0,1,False,0.03307537567790085,7.97,18676135.0
"Fixed 1333521, pilot",20,14,23,"D 0,1 -> 6,7",11,False,0.4149293416021803,1334014.0,1,False,0.03307321500462036,7.97,20010149.0
"Fixed 1333521, pilot",20,15,43,"D 0,3 -> 5,8",11,False,1.0,1334007.0,1,False,0.033074082134400516,7.98,21344156.0
"Fixed 1333521, pilot",21,0,91,"D 2,3 -> 10,11",91,True,0.0,1334004.0,1,False,0.24318730437372557,8.12,1334004.0
"Fixed 1333521, pilot",21,1,82,"D 2,3 -> 5,10",79,True,2.220446049250313e-16,1334019.0,1,False,0.16102697871065078,8.12,2668023.0
"Fixed 1333521, pilot",21,2,79,"D 2,3 -> 4,11",79,True,0.0,1334010.0,1,False,0.12998218965087896,8.1,4002033.0
"Fixed 1333521, pilot",21,3,76,"D 2,3 -> 4,5",76,True,0.0,1334002.0,1,False,0.1560411524745777,8.09,5336035.0
"Fixed 1333521, pilot",21,4,16,"D 0,1 -> 4,5",8,False,0.12598077480875025,1334006.0,1,False,0.038065010303649234,8.16,6670041.0
"Fixed 1333521, pilot",21,5,1,S 0 -> 6,8,False,1.0,1334006.0,1,False,0.03794550734818707,8.15,8004047.0
"Fixed 1333521, pilot",21,6,18,"D 0,1 -> 4,9",8,False,1.0,1334013.0,1,False,0.03794550734818707,8.15,9338060.0
"Fixed 1333521, pilot",21,7,40,"D 0,3 -> 4,9",8,False,1.0,1334011.0,1,False,0.03794550734818707,8.16,10672071.0
"Fixed 1333521, pilot",21,8,72,"D 1,3 -> 5,11",8,False,0.9958169817024596,1334030.0,1,False,0.03794550734818707,8.13,12006101.0
"Fixed 1333521, pilot",21,9,60,"D 1,2 -> 5,10",8,False,0.8175200615949826,1334009.0,1,False,0.03794581229648857,8.14,13340110.0
"Fixed 1333521, pilot",21,10,22,"D 0,1 -> 5,10",12,False,0.9650992746438491,1333998.0,1,False,0.03795459875342518,8.11,14674108.0
"Fixed 1333521, pilot",21,11,44,"D 0,3 -> 5,10",12,False,0.8218023913543653,1334014.0,1,False,0.03795771558192429,8.21,16008122.0
"Fixed 1333521, pilot",21,12,4,S 1 -> 5,12,False,0.9506796561453148,1334016.0,1,False,0.03800570003455374,8.1,17342138.0
"Fixed 1333521, pilot",21,13,20,"D 0,1 -> 5,6",12,False,1.0,1334006.0,1,False,0.03800019086417328,8.15,18676144.0
"Fixed 1333521, pilot",21,14,70,"D 1,3 -> 5,7",12,False,1.0,1334010.0,1,False,0.03800019086417328,8.22,20010154.0
"Fixed 1333521, pilot",21,15,18,"D 0,1 -> 4,9",12,False,1.0,1333993.0,1,False,0.03800019086417328,8.09,21344147.0
"Fixed 1333521, pilot",22,0,91,"D 2,3 -> 10,11",91,True,0.0,1334008.0,1,False,0.24318730437372557,8.11,1334008.0
"Fixed 1333521, pilot",22,1,82,"D 2,3 -> 5,10",79,True,2.220446049250313e-16,1334007.0,1,False,0.16102697871065078,8.05,2668015.0
"Fixed 1333521, pilot",22,2,76,"D 2,3 -> 4,5",79,False,0.024066513654290578,1333976.0,1,False,0.12998218965087896,8.12,4001991.0
"Fixed 1333521, pilot",22,3,79,"D 2,3 -> 4,11",79,True,0.0,1334013.0,1,False,0.15572199872464462,8.15,5336004.0
"Fixed 1333521, pilot",22,4,41,"D 0,3 -> 4,11",8,False,0.8167919678869149,1334007.0,1,False,0.03806501943588732,8.16,6670011.0
"Fixed 1333521, pilot",22,5,46,"D 0,3 -> 6,9",12,False,1.0,1334012.0,1,False,0.038073968380316486,8.23,8004023.0
"Fixed 1333521, pilot",22,6,41,"D 0,3 -> 4,11",12,False,0.9999999974840141,1334017.0,1,False,0.03807396895363185,8.19,9338040.0
"Fixed 1333521, pilot",22,7,59,"D 1,2 -> 5,8",12,False,1.0,1334010.0,1,False,0.03807396895363185,8.16,10672050.0
"Fixed 1333521, pilot",22,8,36,"D 0,2 -> 6,10",12,False,1.0,1334012.0,1,False,0.03807396895363185,8.19,12006062.0
"Fixed 1333521, pilot",22,9,66,"D 1,2 -> 8,9",12,False,0.6716964632060143,1334009.0,1,False,0.03807396895363185,8.06,13340071.0
"Fixed 1333521, pilot",22,10,16,"D 0,1 -> 4,5",8,False,0.1278522310908935,1334015.0,1,False,0.03812600047029271,8.11,14674086.0
"Fixed 1333521, pilot",22,11,46,"D 0,3 -> 6,9",8,False,1.0,1334004.0,1,False,0.038006527197135175,8.16,16008090.0
"Fixed 1333521, pilot",22,12,53,"D 0,3 -> 10,11",8,False,0.8295471940703569,1334014.0,1,False,0.038006527197135175,8.07,17342104.0
"Fixed 1333521, pilot",22,13,45,"D 0,3 -> 6,7",8,False,0.6718994100802802,1334013.0,1,False,0.03800953939512191,8.12,18676117.0
"Fixed 1333521, pilot",22,14,27,"D 0,1 -> 7,10",12,False,1.0,1334005.0,1,False,0.03802081595698115,8.22,20010122.0
"Fixed 1333521, pilot",22,15,72,"D 1,3 -> 5,11",12,False,0.9973095613199314,1334021.0,1,False,0.03802081595698115,8.19,21344143.0
"Fixed 1333521, pilot",23,0,91,"D 2,3 -> 10,11",91,True,0.0,1334002.0,1,False,0.24318730437372557,8.2,1334002.0
"Fixed 1333521, pilot",23,1,82,"D 2,3 -> 5,10",79,True,2.220446049250313e-16,1334006.0,1,False,0.16102697871065078,8.06,2668008.0
"Fixed 1333521, pilot",23,2,79,"D 2,3 -> 4,11",79,True,0.0,1334022.0,1,False,0.12998218965087896,8.16,4002030.0
"Fixed 1333521, pilot",23,3,76,"D 2,3 -> 4,5",76,True,0.0,1334011.0,1,False,0.1560411524745777,8.11,5336041.0
"Fixed 1333521, pilot",23,4,3,S 0 -> 10,8,False,0.9596896192971851,1334004.0,1,False,0.038065010303649234,8.08,6670045.0
"Fixed 1333521, pilot",23,5,16,"D 0,1 -> 4,5",12,False,0.12631551540172958,1334023.0,1,False,0.03807211512372307,8.14,8004068.0
"Fixed 1333521, pilot",23,6,66,"D 1,2 -> 8,9",12,False,0.6708120951161928,1334006.0,1,False,0.037952372523038895,8.2,9338074.0
"Fixed 1333521, pilot",23,7,46,"D 0,3 -> 6,9",8,False,1.0,1334017.0,1,False,0.038003239709099565,8.13,10672091.0
"Fixed 1333521, pilot",23,8,55,"D 1,2 -> 4,7",8,False,1.0,1334014.0,1,False,0.038003239709099565,8.08,12006105.0
"Fixed 1333521, pilot",23,9,60,"D 1,2 -> 5,10",8,False,0.8163858783079505,1334013.0,1,False,0.038003239709099565,8.13,13340118.0
"Fixed 1333521, pilot",23,10,12,S 3 -> 5,8,False,0.0014947070206171587,1333999.0,1,False,0.038012527889677565,8.19,14674117.0
"Fixed 1333521, pilot",23,11,43,"D 0,3 -> 5,8",11,False,1.0,1334011.0,1,False,0.03302583133662573,8.24,16008128.0
"Fixed 1333521, pilot",23,12,25,"D 0,1 -> 6,11",11,False,1.0,1334016.0,1,False,0.03302583133662573,8.26,17342144.0
"Fixed 1333521, pilot",23,13,1,S 0 -> 6,11,False,1.0,1334013.0,1,False,0.03302583133662573,8.2,18676157.0
"Fixed 1333521, pilot",23,14,75,"D 1,3 -> 9,11",11,False,1.0,1334002.0,1,False,0.03302583133662573,8.18,20010159.0
"Fixed 1333521, pilot",23,15,59,"D 1,2 -> 5,8",11,False,1.0,1333991.0,1,False,0.03302583133662573,8.15,21344150.0
"Fixed 1333521, pilot",24,0,91,"D 2,3 -> 10,11",91,True,0.0,1334013.0,1,False,0.24318730437372557,7.94,1334013.0
"Fixed 1333521, pilot",24,1,82,"D 2,3 -> 5,10",79,True,2.220446049250313e-16,1334018.0,1,False,0.16102697871065078,7.99,2668031.0
"Fixed 1333521, pilot",24,2,76,"D 2,3 -> 4,5",79,False,0.024066513654290578,1334014.0,1,False,0.12998218965087896,8.11,4002045.0
"Fixed 1333521, pilot",24,3,79,"D 2,3 -> 4,11",79,True,0.0,1334015.0,1,False,0.15572199872464462,7.97,5336060.0
"Fixed 1333521, pilot",24,4,2,S 0 -> 8,8,False,1.0,1334001.0,1,False,0.03806501943588732,8.02,6670061.0
"Fixed 1333521, pilot",24,5,46,"D 0,3 -> 6,9",8,False,1.0,1334008.0,1,False,0.03806501271233194,7.96,8004069.0
"Fixed 1333521, pilot",24,6,61,"D 1,2 -> 6,7",8,False,0.6718114017073846,1334013.0,1,False,0.03806501124409043,7.91,9338082.0
"Fixed 1333521, pilot",24,7,74,"D 1,3 -> 7,11",8,False,1.0,1334016.0,1,False,0.038117826362335135,7.95,10672098.0
"Fixed 1333521, pilot",24,8,50,"D 0,3 -> 8,9",8,False,0.6722572874375619,1333995.0,1,False,0.038117826362335135,7.85,12006093.0
"Fixed 1333521, pilot",24,9,62,"D 1,2 -> 6,9",8,False,1.0,1334004.0,1,False,0.03811293657511648,7.8,13340097.0
"Fixed 1333521, pilot",24,10,28,"D 0,1 -> 8,9",8,False,0.4741681956816527,1334016.0,1,False,0.03811293637339087,7.86,14674113.0
"Fixed 1333521, pilot",24,11,62,"D 1,2 -> 6,9",12,False,1.0,1334009.0,1,False,0.038115603269711584,7.72,16008122.0
"Fixed 1333521, pilot",24,12,45,"D 0,3 -> 6,7",12,False,0.6761294073085835,1334017.0,1,False,0.038115603325852045,7.99,17342139.0
"Fixed 1333521, pilot",24,13,36,"D 0,2 -> 6,10",12,False,1.0,1333993.0,1,False,0.03816723389857604,7.9,18676132.0
"Fixed 1333521, pilot",24,14,0,S 0 -> 4,12,False,0.9728229601858327,1334018.0,1,False,0.03816723389857604,7.92,20010150.0
"Fixed 1333521, pilot",24,15,4,S 1 -> 5,12,False,0.9768024354287403,1333997.0,1,False,0.03816768758399025,7.82,21344147.0
"Fixed 1333521, pilot",25,0,91,"D 2,3 -> 10,11",91,True,0.0,1334004.0,1,False,0.24318730437372557,8.01,1334004.0
"Fixed 1333521, pilot",25,1,79,"D 2,3 -> 4,11",79,True,0.0,1334019.0,1,False,0.16102697871065078,8.05,2668023.0
"Fixed 1333521, pilot",25,2,82,"D 2,3 -> 5,10",82,True,0.0,1334010.0,1,False,0.12998218947189707,8.1,4002033.0
"Fixed 1333521, pilot",25,3,76,"D 2,3 -> 4,5",76,True,0.0,1334024.0,1,False,0.15604115247457773,8.0,5336057.0
"Fixed 1333521, pilot",25,4,18,"D 0,1 -> 4,9",12,False,1.0,1334000.0,1,False,0.038065010303648644,8.0,6670057.0
"Fixed 1333521, pilot",25,5,68,"D 1,2 -> 9,10",12,False,1.0,1334009.0,1,False,0.038065010303648644,7.95,8004066.0
"Fixed 1333521, pilot",25,6,12,S 3 -> 5,12,True,0.0,1334015.0,1,False,0.038065010303648644,8.01,9338081.0
"Fixed 1333521, pilot",25,7,45,"D 0,3 -> 6,7",11,False,0.5832554362712319,1334024.0,1,False,0.03313194410308478,8.02,10672105.0
"Fixed 1333521, pilot",25,8,5,S 1 -> 7,11,False,1.0,1334014.0,1,False,0.03317399849416222,8.01,12006119.0
"Fixed 1333521, pilot",25,9,21,"D 0,1 -> 5,8",11,False,1.0,1334028.0,1,False,0.03317399849416222,7.91,13340147.0
"Fixed 1333521, pilot",25,10,16,"D 0,1 -> 4,5",11,False,0.15191348237316205,1334016.0,1,False,0.03317399849416222,7.94,14674163.0
"Fixed 1333521, pilot",25,11,2,S 0 -> 8,11,False,1.0,1334003.0,1,False,0.03305057678548088,7.84,16008166.0
"Fixed 1333521, pilot",25,12,68,"D 1,2 -> 9,10",11,False,1.0,1334009.0,1,False,0.03305057914977597,7.98,17342175.0
"Fixed 1333521, pilot",25,13,40,"D 0,3 -> 4,9",11,False,1.0,1334005.0,1,False,0.03305057914977597,7.92,18676180.0
"Fixed 1333521, pilot",25,14,24,"D 0,1 -> 6,9",11,False,1.0,1334013.0,1,False,0.03305057914977597,7.91,20010193.0
"Fixed 1333521, pilot",25,15,24,"D 0,1 -> 6,9",11,False,1.0,1334024.0,1,False,0.03305057914977597,7.85,21344217.0
"Fixed 1333521, pilot",26,0,91,"D 2,3 -> 10,11",91,True,0.0,1334006.0,1,False,0.24318730437372557,8.02,1334006.0
"Fixed 1333521, pilot",26,1,79,"D 2,3 -> 4,11",79,True,0.0,1334009.0,1,False,0.16102697871065078,8.02,2668015.0
"Fixed 1333521, pilot",26,2,82,"D 2,3 -> 5,10",82,True,0.0,1334008.0,1,False,0.12998218947189707,8.02,4002023.0
"Fixed 1333521, pilot",26,3,76,"D 2,3 -> 4,5",76,True,0.0,1334034.0,1,False,0.15604115247457773,7.96,5336057.0
"Fixed 1333521, pilot",26,4,59,"D 1,2 -> 5,8",12,False,1.0,1334003.0,1,False,0.038065010303648644,7.97,6670060.0
"Fixed 1333521, pilot",26,5,62,"D 1,2 -> 6,9",12,False,1.0,1334006.0,1,False,0.038065010303648644,7.84,8004066.0
"Fixed 1333521, pilot",26,6,18,"D 0,1 -> 4,9",12,False,1.0,1334013.0,1,False,0.038065010303648644,7.83,9338079.0
"Fixed 1333521, pilot",26,7,0,S 0 -> 4,12,False,0.9805362616356181,1334002.0,1,False,0.038065010303648644,7.86,10672081.0
"Fixed 1333521, pilot",26,8,0,S 0 -> 4,12,False,0.9999999997528997,1334017.0,1,False,0.0380651878610986,7.9,12006098.0
"Fixed 1333521, pilot",26,9,38,"D 0,3 -> 4,5",12,False,0.9256436656123641,1334019.0,1,False,0.0380651878610986,7.87,13340117.0
"Fixed 1333521, pilot",26,10,31,"D 0,1 -> 10,11",8,False,0.6638824625919437,1334031.0,1,False,0.03806405159493153,7.8,14674148.0
"Fixed 1333521, pilot",26,11,63,"D 1,2 -> 6,11",8,False,1.0,1334012.0,1,False,0.038062304650726075,7.8,16008160.0
"Fixed 1333521, pilot",26,12,25,"D 0,1 -> 6,11",8,False,1.0,1333998.0,1,False,0.038062304650726075,7.93,17342158.0
"Fixed 1333521, pilot",26,13,8,S 2 -> 4,8,True,0.0,1334016.0,1,False,0.038062304650726075,7.87,18676174.0
"Fixed 1333521, pilot",26,14,16,"D 0,1 -> 4,5",15,False,0.18015811673415483,1334010.0,1,False,0.03315218339170206,7.89,20010184.0
"Fixed 1333521, pilot",26,15,58,"D 1,2 -> 5,6",15,False,1.0,1334013.0,1,False,0.03302355886515884,7.87,21344197.0
"Fixed 1333521, pilot",27,0,91,"D 2,3 -> 10,11",91,True,0.0,1334009.0,1,False,0.24318730437372557,8.17,1334009.0
"Fixed 1333521, pilot",27,1,82,"D 2,3 -> 5,10",79,True,2.220446049250313e-16,1334018.0,1,False,0.16102697871065078,8.09,2668027.0
"Fixed 1333521, pilot",27,2,79,"D 2,3 -> 4,11",79,True,0.0,1334008.0,1,False,0.12998218965087896,8.15,4002035.0
"Fixed 1333521, pilot",27,3,76,"D 2,3 -> 4,5",76,True,0.0,1333997.0,1,False,0.1560411524745777,7.93,5336032.0
"Fixed 1333521, pilot",27,4,34,"D 0,2 -> 4,10",8,False,0.9951197100687343,1334011.0,1,False,0.038065010303649234,7.94,6670043.0
"Fixed 1333521, pilot",27,5,63,"D 1,2 -> 6,11",12,False,1.0,1334003.0,1,False,0.03806536921809679,7.82,8004046.0
"Fixed 1333521, pilot",27,6,27,"D 0,1 -> 7,10",12,False,1.0,1334026.0,1,False,0.03806536921809679,7.84,9338072.0
"Fixed 1333521, pilot",27,7,65,"D 1,2 -> 7,10",12,False,1.0,1334019.0,1,False,0.03806536921809679,7.91,10672091.0
"Fixed 1333521, pilot",27,8,23,"D 0,1 -> 6,7",12,False,0.48606793415929395,1334028.0,1,False,0.03806536921809679,7.8,12006119.0
"Fixed 1333521, pilot",27,9,33,"D 0,2 -> 4,8",12,False,1.0,1334013.0,1,False,0.03806568836911829,7.9,13340132.0
"Fixed 1333521, pilot",27,10,34,"D 0,2 -> 4,10",12,False,0.9999999820692711,1334009.0,1,False,0.03806568836911829,7.84,14674141.0
"Fixed 1333521, pilot",27,11,29,"D 0,1 -> 8,11",12,False,1.0,1334005.0,1,False,0.03806568836911829,7.79,16008146.0
"Fixed 1333521, pilot",27,12,18,"D 0,1 -> 4,9",12,False,1.0,1334024.0,1,False,0.03806568836911829,8.06,17342170.0
"Fixed 1333521, pilot",27,13,55,"D 1,2 -> 4,7",12,False,1.0,1334016.0,1,False,0.03806568836911829,7.9,18676186.0
"Fixed 1333521, pilot",27,14,29,"D 0,1 -> 8,11",12,False,1.0,1334034.0,1,False,0.03806568836911829,7.86,20010220.0
"Fixed 1333521, pilot",27,15,45,"D 0,3 -> 6,7",12,False,0.6651493775026678,1334003.0,1,False,0.03806568836911829,7.81,21344223.0
"Fixed 1333521, pilot",28,0,91,"D 2,3 -> 10,11",91,True,0.0,1333998.0,1,False,0.24318730437372557,8.1,1333998.0
"Fixed 1333521, pilot",28,1,79,"D 2,3 -> 4,11",79,True,0.0,1334001.0,1,False,0.16102697871065078,8.11,2667999.0
"Fixed 1333521, pilot",28,2,82,"D 2,3 -> 5,10",82,True,0.0,1334021.0,1,False,0.12998218947189707,8.07,4002020.0
"Fixed 1333521, pilot",28,3,76,"D 2,3 -> 4,5",76,True,0.0,1334017.0,1,False,0.15604115247457773,8.01,5336037.0
"Fixed 1333521, pilot",28,4,32,"D 0,2 -> 4,6",12,False,1.0,1334003.0,1,False,0.038065010303648644,8.01,6670040.0
"Fixed 1333521, pilot",28,5,28,"D 0,1 -> 8,9",12,False,0.48606308727320346,1334018.0,1,False,0.038065010303648644,7.98,8004058.0
"Fixed 1333521, pilot",28,6,46,"D 0,3 -> 6,9",8,False,1.0,1333999.0,1,False,0.038065329746546625,7.95,9338057.0
"Fixed 1333521, pilot",28,7,16,"D 0,1 -> 4,5",8,False,0.12899713624196152,1334003.0,1,False,0.038065329746546625,7.94,10672060.0
"Fixed 1333521, pilot",28,8,23,"D 0,1 -> 6,7",12,False,0.4918115598809528,1334000.0,1,False,0.03794658534376901,8.01,12006060.0
"Fixed 1333521, pilot",28,9,74,"D 1,3 -> 7,11",8,False,1.0,1334017.0,1,False,0.03794769673620729,8.01,13340077.0
"Fixed 1333521, pilot",28,10,45,"D 0,3 -> 6,7",8,False,0.6641726462845854,1334016.0,1,False,0.03794769673620729,7.98,14674093.0
"Fixed 1333521, pilot",28,11,67,"D 1,2 -> 8,11",12,False,1.0,1334006.0,1,False,0.03800282711923111,7.9,16008099.0
"Fixed 1333521, pilot",28,12,38,"D 0,3 -> 4,5",12,False,0.9335857618807203,1334012.0,1,False,0.03800282711923111,8.05,17342111.0
"Fixed 1333521, pilot",28,13,35,"D 0,2 -> 6,8",12,False,1.0,1334012.0,1,False,0.03799659510618213,8.06,18676123.0
"Fixed 1333521, pilot",28,14,66,"D 1,2 -> 8,9",12,False,0.6645498528243877,1334015.0,1,False,0.03799659510618213,8.09,20010138.0
"Fixed 1333521, pilot",28,15,17,"D 0,1 -> 4,7",8,False,1.0,1334008.0,1,False,0.03799914729446364,8.02,21344146.0
"Fixed 1333521, pilot",29,0,91,"D 2,3 -> 10,11",91,True,0.0,1333997.0,1,False,0.24318730437372557,8.07,1333997.0
"Fixed 1333521, pilot",29,1,79,"D 2,3 -> 4,11",79,True,0.0,1334031.0,1,False,0.16102697871065078,8.08,2668028.0
"Fixed 1333521, pilot",29,2,82,"D 2,3 -> 5,10",82,True,0.0,1334028.0,1,False,0.12998218947189707,8.08,4002056.0
"Fixed 1333521, pilot",29,3,76,"D 2,3 -> 4,5",76,True,0.0,1334013.0,1,False,0.15604115247457773,8.05,5336069.0
"Fixed 1333521, pilot",29,4,28,"D 0,1 -> 8,9",12,False,0.48606308727320346,1334012.0,1,False,0.038065010303648644,8.04,6670081.0
"Fixed 1333521, pilot",29,5,25,"D 0,1 -> 6,11",8,False,1.0,1334008.0,1,False,0.038065329746546625,8.04,8004089.0
"Fixed 1333521, pilot",29,6,69,"D 1,2 -> 10,11",8,False,0.8298960884926683,1334017.0,1,False,0.038065329746546625,7.93,9338106.0
"Fixed 1333521, pilot",29,7,71,"D 1,3 -> 5,9",8,False,1.0,1334012.0,1,False,0.038083997178681696,7.92,10672118.0
"Fixed 1333521, pilot",29,8,46,"D 0,3 -> 6,9",8,False,1.0,1334011.0,1,False,0.038083997178681696,7.89,12006129.0
"Fixed 1333521, pilot",29,9,31,"D 0,1 -> 10,11",8,False,0.6585797747616572,1334014.0,1,False,0.038083997178681696,7.87,13340143.0
"Fixed 1333521, pilot",29,10,71,"D 1,3 -> 5,9",8,False,1.0,1334011.0,1,False,0.0380832980508607,7.9,14674154.0
"Fixed 1333521, pilot",29,11,6,S 1 -> 9,8,False,1.0,1334009.0,1,False,0.03808329771066113,7.81,16008163.0
"Fixed 1333521, pilot",29,12,45,"D 0,3 -> 6,7",8,False,0.6721562388295292,1334007.0,1,False,0.038083295910154434,7.99,17342170.0
"Fixed 1333521, pilot",29,13,40,"D 0,3 -> 4,9",12,False,1.0,1334025.0,1,False,0.03811957193821636,8.01,18676195.0
"Fixed 1333521, pilot",29,14,61,"D 1,2 -> 6,7",12,False,0.6749242475921613,1334026.0,1,False,0.03811957193821636,7.87,20010221.0
"Fixed 1333521, pilot",29,15,47,"D 0,3 -> 6,11",8,False,1.0,1334013.0,1,False,0.03813033106856542,7.89,21344234.0
"Fixed 1333521, pilot",30,0,91,"D 2,3 -> 10,11",91,True,0.0,1333996.0,1,False,0.24318730437372557,8.12,1333996.0
"Fixed 1333521, pilot",30,1,79,"D 2,3 -> 4,11",79,True,0.0,1334010.0,1,False,0.16102697871065078,8.14,2668006.0
"Fixed 1333521, pilot",30,2,82,"D 2,3 -> 5,10",82,True,0.0,1334012.0,1,False,0.12998218947189707,8.07,4002018.0
"Fixed 1333521, pilot",30,3,76,"D 2,3 -> 4,5",76,True,0.0,1334013.0,1,False,0.15604115247457773,8.03,5336031.0
"Fixed 1333521, pilot",30,4,24,"D 0,1 -> 6,9",12,False,1.0,1333987.0,1,False,0.038065010303648644,8.05,6670018.0
"Fixed 1333521, pilot",30,5,40,"D 0,3 -> 4,9",12,False,1.0,1334026.0,1,False,0.038065010303648644,7.96,8004044.0
"Fixed 1333521, pilot",30,6,31,"D 0,1 -> 10,11",12,False,0.6640451924317095,1334006.0,1,False,0.038065010303648644,8.0,9338050.0
"Fixed 1333521, pilot",30,7,46,"D 0,3 -> 6,9",8,False,1.0,1334016.0,1,False,0.03806334281270884,8.0,10672066.0
"Fixed 1333521, pilot",30,8,50,"D 0,3 -> 8,9",8,False,0.6717953799679142,1334022.0,1,False,0.03806334281270884,7.97,12006088.0
"Fixed 1333521, pilot",30,9,22,"D 0,1 -> 5,10",12,False,0.9411644369783803,1334024.0,1,False,0.03811616436293576,7.94,13340112.0
"Fixed 1333521, pilot",30,10,7,S 1 -> 11,12,False,0.9571903824171744,1334008.0,1,False,0.038120587209033927,7.96,14674120.0
"Fixed 1333521, pilot",30,11,23,"D 0,1 -> 6,7",12,False,0.4875620046431183,1334024.0,1,False,0.03812596687903525,7.93,16008144.0
"Fixed 1333521, pilot",30,12,32,"D 0,2 -> 4,6",12,False,1.0,1334017.0,1,False,0.038126309602356356,8.06,17342161.0
"Fixed 1333521, pilot",30,13,16,"D 0,1 -> 4,5",12,False,0.1526321103553736,1334003.0,1,False,0.038126310990743595,8.04,18676164.0
"Fixed 1333521, pilot",30,14,28,"D 0,1 -> 8,9",12,False,0.4804542262674085,1334017.0,1,False,0.038005195775187905,8.0,20010181.0
"Fixed 1333521, pilot",30,15,52,"D 0,3 -> 9,10",12,False,1.0,1334035.0,1,False,0.03800867219723171,7.93,21344216.0
"Fixed 1333521, pilot",31,0,91,"D 2,3 -> 10,11",91,True,0.0,1334011.0,1,False,0.24318730437372557,8.16,1334011.0
"Fixed 1333521, pilot",31,1,79,"D 2,3 -> 4,11",79,True,0.0,1334020.0,1,False,0.16102697871065078,8.18,2668031.0
"Fixed 1333521, pilot",31,2,82,"D 2,3 -> 5,10",82,True,0.0,1334014.0,1,False,0.12998218947189707,8.12,4002045.0
"Fixed 1333521, pilot",31,3,76,"D 2,3 -> 4,5",76,True,0.0,1334018.0,1,False,0.15604115247457773,8.16,5336063.0
"Fixed 1333521, pilot",31,4,17,"D 0,1 -> 4,7",12,False,1.0,1334006.0,1,False,0.038065010303648644,8.06,6670069.0
"Fixed 1333521, pilot",31,5,16,"D 0,1 -> 4,5",12,False,0.1259807748087346,1334008.0,1,False,0.038065010303648644,8.04,8004077.0
"Fixed 1333521, pilot",31,6,23,"D 0,1 -> 6,7",12,False,0.4902405099830428,1334011.0,1,False,0.03794550728419781,8.1,9338088.0
"Fixed 1333521, pilot",31,7,17,"D 0,1 -> 4,7",8,False,1.0,1333999.0,1,False,0.037946637351175,8.09,10672087.0
"Fixed 1333521, pilot",31,8,49,"D 0,3 -> 7,10",8,False,1.0,1334023.0,1,False,0.0379466373283892,8.13,12006110.0
"Fixed 1333521, pilot",31,9,66,"D 1,2 -> 8,9",8,False,0.6707628044453997,1334016.0,1,False,0.0379466373283892,8.0,13340126.0
"Fixed 1333521, pilot",31,10,2,S 0 -> 8,8,False,1.0,1334001.0,1,False,0.03799945728611162,7.97,14674127.0
"Fixed 1333521, pilot",31,11,22,"D 0,1 -> 5,10",8,False,0.9723839373815415,1333992.0,1,False,0.03799945728611162,8.08,16008119.0
"Fixed 1333521, pilot",31,12,44,"D 0,3 -> 5,10",8,False,0.8209586244884871,1334004.0,1,False,0.03800014058529555,8.1,17342123.0
"Fixed 1333521, pilot",31,13,55,"D 1,2 -> 4,7",12,False,1.0,1334010.0,1,False,0.03799268319591053,8.15,18676133.0
"Fixed 1333521, pilot",31,14,23,"D 0,1 -> 6,7",12,False,0.999853968686667,1333998.0,1,False,0.03799268319591053,8.09,20010131.0
"Fixed 1333521, pilot",31,15,39,"D 0,3 -> 4,7",8,False,1.0,1333999.0,1,False,0.03828605600732099,7.9,21344130.0
"Fixed 1333521, pilot",32,0,91,"D 2,3 -> 10,11",91,True,0.0,1334024.0,1,False,0.24318730437372557,8.24,1334024.0
"Fixed 1333521, pilot",32,1,82,"D 2,3 -> 5,10",79,True,2.220446049250313e-16,1334015.0,1,False,0.16102697871065078,8.16,2668039.0
"Fixed 1333521, pilot",32,2,79,"D 2,3 -> 4,11",79,True,0.0,1334033.0,1,False,0.12998218965087896,8.22,4002072.0
"Fixed 1333521, pilot",32,3,76,"D 2,3 -> 4,5",76,True,0.0,1334018.0,1,False,0.1560411524745777,8.12,5336090.0
"Fixed 1333521, pilot",32,4,0,S 0 -> 4,8,False,0.9805362616365311,1334009.0,1,False,0.038065010303649234,8.08,6670099.0
"Fixed 1333521, pilot",32,5,34,"D 0,2 -> 4,10",12,False,0.9948765110180247,1334017.0,1,False,0.038065185706064084,8.1,8004116.0
"Fixed 1333521, pilot",32,6,16,"D 0,1 -> 4,5",12,False,0.12478229142000885,1334016.0,1,False,0.03806556202133683,8.1,9338132.0
"Fixed 1333521, pilot",32,7,31,"D 0,1 -> 10,11",12,False,0.7174725493563148,1334013.0,1,False,0.03794561689035233,8.1,10672145.0
"Fixed 1333521, pilot",32,8,37,"D 0,2 -> 8,10",12,False,1.0,1334018.0,1,False,0.0379443478085113,7.97,12006163.0
"Fixed 1333521, pilot",32,9,23,"D 0,1 -> 6,7",12,False,0.49053774363375835,1334001.0,1,False,0.0379443478085113,7.94,13340164.0
"Fixed 1333521, pilot",32,10,6,S 1 -> 9,12,False,1.0,1334024.0,1,False,0.0379454860281689,7.97,14674188.0
"Fixed 1333521, pilot",32,11,22,"D 0,1 -> 5,10",12,False,0.9785347365382404,1333999.0,1,False,0.0379454860281689,8.0,16008187.0
"Fixed 1333521, pilot",32,12,12,S 3 -> 5,12,True,0.0,1334014.0,1,False,0.03794735521955983,8.06,17342201.0
"Fixed 1333521, pilot",32,13,48,"D 0,3 -> 7,8",11,False,1.0,1334016.0,1,False,0.033017048950836035,8.05,18676217.0
"Fixed 1333521, pilot",32,14,70,"D 1,3 -> 5,7",11,False,1.0,1334013.0,1,False,0.033017048950836035,7.98,20010230.0
"Fixed 1333521, pilot",32,15,46,"D 0,3 -> 6,9",11,False,1.0,1333996.0,1,False,0.033017048950836035,7.94,21344226.0
"Fixed 1333521, pilot",33,0,91,"D 2,3 -> 10,11",91,True,0.0,1334001.0,1,False,0.24318730437372557,8.1,1334001.0
"Fixed 1333521, pilot",33,1,79,"D 2,3 -> 4,11",79,True,0.0,1334012.0,1,False,0.16102697871065078,8.07,2668013.0
"Fixed 1333521, pilot",33,2,82,"D 2,3 -> 5,10",82,True,0.0,1334012.0,1,False,0.12998218947189707,8.09,4002025.0
"Fixed 1333521, pilot",33,3,76,"D 2,3 -> 4,5",76,True,0.0,1334012.0,1,False,0.15604115247457773,8.1,5336037.0
"Fixed 1333521, pilot",33,4,26,"D 0,1 -> 7,8",12,False,1.0,1334010.0,1,False,0.038065010303648644,8.13,6670047.0
"Fixed 1333521, pilot",33,5,16,"D 0,1 -> 4,5",12,False,0.1259807748087346,1334013.0,1,False,0.038065010303648644,8.11,8004060.0
"Fixed 1333521, pilot",33,6,75,"D 1,3 -> 9,11",12,False,1.0,1334010.0,1,False,0.03794550728419781,8.1,9338070.0
"Fixed 1333521, pilot",33,7,23,"D 0,1 -> 6,7",12,False,0.4902405099830428,1334003.0,1,False,0.03794550728419781,8.09,10672073.0
"Fixed 1333521, pilot",33,8,24,"D 0,1 -> 6,9",8,False,1.0,1334006.0,1,False,0.037946637351175,8.02,12006079.0
"Fixed 1333521, pilot",33,9,66,"D 1,2 -> 8,9",8,False,0.6707628044453997,1334019.0,1,False,0.0379466373283892,7.98,13340098.0
"Fixed 1333521, pilot",33,10,43,"D 0,3 -> 5,8",8,False,1.0,1334009.0,1,False,0.03799945728611162,8.08,14674107.0
"Fixed 1333521, pilot",33,11,19,"D 0,1 -> 4,11",8,False,0.9723839455570186,1334014.0,1,False,0.03799945728611162,7.9,16008121.0
"Fixed 1333521, pilot",33,12,5,S 1 -> 7,8,False,1.0,1334005.0,1,False,0.03800188212060619,8.04,17342126.0
"Fixed 1333521, pilot",33,13,52,"D 0,3 -> 9,10",8,False,1.0,1333994.0,1,False,0.03800189088350367,7.95,18676120.0
"Fixed 1333521, pilot",33,14,19,"D 0,1 -> 4,11",8,False,0.9999999896485273,1334000.0,1,False,0.03800189088350367,8.08,20010120.0
"Fixed 1333521, pilot",33,15,22,"D 0,1 -> 5,10",8,False,0.9740020856465285,1334019.0,1,False,0.03800189088350367,8.2,21344139.0
"Fixed 1333521, pilot",34,0,91,"D 2,3 -> 10,11",91,True,0.0,1334015.0,1,False,0.24318730437372557,8.19,1334015.0
"Fixed 1333521, pilot",34,1,82,"D 2,3 -> 5,10",79,True,2.220446049250313e-16,1334008.0,1,False,0.16102697871065078,8.1,2668023.0
"Fixed 1333521, pilot",34,2,76,"D 2,3 -> 4,5",79,False,0.024066513654290578,1334016.0,1,False,0.12998218965087896,8.12,4002039.0
"Fixed 1333521, pilot",34,3,79,"D 2,3 -> 4,11",79,True,0.0,1334001.0,1,False,0.15572199872464462,8.09,5336040.0
"Fixed 1333521, pilot",34,4,66,"D 1,2 -> 8,9",8,False,0.6718114708117454,1334040.0,1,False,0.03806501943588732,8.13,6670080.0
"Fixed 1333521, pilot",34,5,50,"D 0,3 -> 8,9",8,False,0.673734448538881,1333997.0,1,False,0.03811782636367871,8.08,8004077.0
"Fixed 1333521, pilot",34,6,38,"D 0,3 -> 4,5",8,False,0.9201680644638982,1334015.0,1,False,0.038112518130769504,8.07,9338092.0
"Fixed 1333521, pilot",34,7,34,"D 0,2 -> 4,10",8,False,0.9977602388153562,1334017.0,1,False,0.03811381627170466,8.01,10672109.0
"Fixed 1333521, pilot",34,8,70,"D 1,3 -> 5,7",8,False,1.0,1334007.0,1,False,0.038113418008568996,8.0,12006116.0
"Fixed 1333521, pilot",34,9,28,"D 0,1 -> 8,9",8,False,0.4617606795850864,1334038.0,1,False,0.038113418008568996,7.94,13340154.0
"Fixed 1333521, pilot",34,10,17,"D 0,1 -> 4,7",8,False,1.0,1334023.0,1,False,0.03811589042241498,8.01,14674177.0
"Fixed 1333521, pilot",34,11,4,S 1 -> 5,8,False,0.9756262541678093,1334012.0,1,False,0.03811589021447754,8.12,16008189.0
"Fixed 1333521, pilot",34,12,16,"D 0,1 -> 4,5",8,False,0.13198425250725632,1334003.0,1,False,0.038116201196485386,8.31,17342192.0
"Fixed 1333521, pilot",34,13,31,"D 0,1 -> 10,11",8,False,0.7185979770968968,1334004.0,1,False,0.03799729302853393,8.13,18676196.0
"Fixed 1333521, pilot",34,14,43,"D 0,3 -> 5,8",8,False,1.0,1334002.0,1,False,0.03799598506378582,8.08,20010198.0
"Fixed 1333521, pilot",34,15,24,"D 0,1 -> 6,9",8,False,1.0,1334027.0,1,False,0.03799599053427294,7.99,21344225.0
"Fixed 1333521, pilot",35,0,91,"D 2,3 -> 10,11",91,True,0.0,1333996.0,1,False,0.24318730437372557,8.16,1333996.0
"Fixed 1333521, pilot",35,1,82,"D 2,3 -> 5,10",79,True,2.220446049250313e-16,1334011.0,1,False,0.16102697871065078,8.13,2668007.0
"Fixed 1333521, pilot",35,2,79,"D 2,3 -> 4,11",79,True,0.0,1334028.0,1,False,0.12998218965087896,8.26,4002035.0
"Fixed 1333521, pilot",35,3,76,"D 2,3 -> 4,5",76,True,0.0,1334014.0,1,False,0.1560411524745777,8.15,5336049.0
"Fixed 1333521, pilot",35,4,34,"D 0,2 -> 4,10",8,False,0.9951197100687343,1334015.0,1,False,0.038065010303649234,8.18,6670064.0
"Fixed 1333521, pilot",35,5,16,"D 0,1 -> 4,5",12,False,0.12599894905320874,1334003.0,1,False,0.03806536921809679,8.18,8004067.0
"Fixed 1333521, pilot",35,6,6,S 1 -> 9,12,False,1.0,1334002.0,1,False,0.03794581397316033,8.14,9338069.0
"Fixed 1333521, pilot",35,7,1,S 0 -> 6,12,False,1.0,1334007.0,1,False,0.03794581397316033,8.2,10672076.0
"Fixed 1333521, pilot",35,8,12,S 3 -> 5,12,True,0.0,1334008.0,1,False,0.03794581397316033,8.17,12006084.0
"Fixed 1333521, pilot",35,9,3,S 0 -> 10,11,False,0.8665230780471522,1334006.0,1,False,0.03300460921628416,8.16,13340090.0
"Fixed 1333521, pilot",35,10,37,"D 0,2 -> 8,10",11,False,1.0,1334005.0,1,False,0.03304412162446465,8.07,14674095.0
"Fixed 1333521, pilot",35,11,73,"D 1,3 -> 7,9",11,False,1.0,1334018.0,1,False,0.03304412162446465,8.12,16008113.0
"Fixed 1333521, pilot",35,12,27,"D 0,1 -> 7,10",11,False,1.0,1334016.0,1,False,0.03304412162446465,8.08,17342129.0
"Fixed 1333521, pilot",35,13,26,"D 0,1 -> 7,8",11,False,1.0,1334025.0,1,False,0.03304412162446465,8.08,18676154.0
"Fixed 1333521, pilot",35,14,32,"D 0,2 -> 4,6",11,False,1.0,1334006.0,1,False,0.03304412162446465,8.11,20010160.0
"Fixed 1333521, pilot",35,15,31,"D 0,1 -> 10,11",11,False,0.6744513277552029,1334011.0,1,False,0.03304412162446465,7.94,21344171.0
"Fixed 1333521, pilot",36,0,91,"D 2,3 -> 10,11",91,True,0.0,1334012.0,1,False,0.24318730437372557,7.75,1334012.0
"Fixed 1333521, pilot",36,1,79,"D 2,3 -> 4,11",79,True,0.0,1334017.0,1,False,0.16102697871065078,7.73,2668029.0
"Fixed 1333521, pilot",36,2,82,"D 2,3 -> 5,10",82,True,0.0,1334018.0,1,False,0.12998218947189707,7.84,4002047.0
"Fixed 1333521, pilot",36,3,76,"D 2,3 -> 4,5",76,True,0.0,1334007.0,1,False,0.15604115247457773,7.82,5336054.0
"Fixed 1333521, pilot",36,4,23,"D 0,1 -> 6,7",12,False,0.48606308727320313,1334010.0,1,False,0.038065010303648644,7.81,6670064.0
"Fixed 1333521, pilot",36,5,47,"D 0,3 -> 6,11",8,False,1.0,1334019.0,1,False,0.03806532974654662,7.83,8004083.0
"Fixed 1333521, pilot",36,6,42,"D 0,3 -> 5,6",8,False,1.0,1334016.0,1,False,0.03806532974654662,7.91,9338099.0
"Fixed 1333521, pilot",36,7,16,"D 0,1 -> 4,5",8,False,0.12899713624196152,1334028.0,1,False,0.03806532974654662,7.83,10672127.0
"Fixed 1333521, pilot",36,8,28,"D 0,1 -> 8,9",12,False,0.49181156401136894,1333987.0,1,False,0.03794658565386081,7.82,12006114.0
"Fixed 1333521, pilot",36,9,12,S 3 -> 5,8,False,6.516093120634281e-08,1333998.0,1,False,0.03794769672883947,7.81,13340112.0
"Fixed 1333521, pilot",36,10,54,"D 1,2 -> 4,5",11,False,0.9261679623731248,1334006.0,1,False,0.03300720231546593,7.75,14674118.0
"Fixed 1333521, pilot",36,11,61,"D 1,2 -> 6,7",11,False,0.6197086541616112,1334006.0,1,False,0.03300491582451204,7.74,16008124.0
"Fixed 1333521, pilot",36,12,52,"D 0,3 -> 9,10",11,False,1.0,1334000.0,1,False,0.03297731846698514,7.75,17342124.0
"Fixed 1333521, pilot",36,13,49,"D 0,3 -> 7,10",11,False,1.0,1334021.0,1,False,0.03297731846698514,7.81,18676145.0
"Fixed 1333521, pilot",36,14,65,"D 1,2 -> 7,10",11,False,1.0,1334022.0,1,False,0.03297731846698514,7.74,20010167.0
"Fixed 1333521, pilot",36,15,5,S 1 -> 7,11,False,1.0,1334017.0,1,False,0.03297731846698514,7.67,21344184.0
"Fixed 1333521, pilot",37,0,91,"D 2,3 -> 10,11",91,True,0.0,1334008.0,1,False,0.24318730437372557,7.85,1334008.0
"Fixed 1333521, pilot",37,1,79,"D 2,3 -> 4,11",79,True,0.0,1334006.0,1,False,0.16102697871065078,7.7,2668014.0
"Fixed 1333521, pilot",37,2,82,"D 2,3 -> 5,10",82,True,0.0,1334008.0,1,False,0.12998218947189707,7.72,4002022.0
"Fixed 1333521, pilot",37,3,76,"D 2,3 -> 4,5",76,True,0.0,1334009.0,1,False,0.15604115247457773,7.73,5336031.0
"Fixed 1333521, pilot",37,4,60,"D 1,2 -> 5,10",12,False,0.8167919311796207,1334014.0,1,False,0.038065010303648644,7.77,6670045.0
"Fixed 1333521, pilot",37,5,41,"D 0,3 -> 4,11",8,False,0.8163060870170352,1334012.0,1,False,0.038073969143748075,7.81,8004057.0
"Fixed 1333521, pilot",37,6,30,"D 0,1 -> 9,10",8,False,1.0,1334014.0,1,False,0.038082106816388545,7.86,9338071.0
"Fixed 1333521, pilot",37,7,31,"D 0,1 -> 10,11",8,False,0.6645406716912776,1334016.0,1,False,0.03808210726718084,7.86,10672087.0
"Fixed 1333521, pilot",37,8,0,S 0 -> 4,8,False,0.9733620533302955,1334027.0,1,False,0.038080437968994414,7.75,12006114.0
"Fixed 1333521, pilot",37,9,54,"D 1,2 -> 4,5",12,False,0.9262474277121127,1334004.0,1,False,0.038080734050515694,7.82,13340118.0
"Fixed 1333521, pilot",37,10,71,"D 1,3 -> 5,9",12,False,1.0,1334002.0,1,False,0.03808203663055099,7.77,14674120.0
"Fixed 1333521, pilot",37,11,45,"D 0,3 -> 6,7",12,False,0.6708679167705973,1334014.0,1,False,0.03808203663055099,7.75,16008134.0
"Fixed 1333521, pilot",37,12,17,"D 0,1 -> 4,7",12,False,1.0,1334024.0,1,False,0.03813524515697128,7.75,17342158.0
"Fixed 1333521, pilot",37,13,18,"D 0,1 -> 4,9",12,False,1.0,1334024.0,1,False,0.03813524515697128,7.78,18676182.0
"Fixed 1333521, pilot",37,14,3,S 0 -> 10,12,False,0.9469412681756215,1334002.0,1,False,0.03813524515697128,7.65,20010184.0
"Fixed 1333521, pilot",37,15,72,"D 1,3 -> 5,11",12,False,0.9912247518103691,1333993.0,1,False,0.038144912740741485,7.72,21344177.0
"Fixed 1333521, pilot",38,0,91,"D 2,3 -> 10,11",91,True,0.0,1333998.0,1,False,0.24318730437372557,7.77,1333998.0
"Fixed 1333521, pilot",38,1,79,"D 2,3 -> 4,11",79,True,0.0,1334000.0,1,False,0.16102697871065078,7.75,2667998.0
"Fixed 1333521, pilot",38,2,82,"D 2,3 -> 5,10",82,True,0.0,1334020.0,1,False,0.12998218947189707,7.85,4002018.0
"Fixed 1333521, pilot",38,3,76,"D 2,3 -> 4,5",76,True,0.0,1334011.0,1,False,0.15604115247457773,7.84,5336029.0
"Fixed 1333521, pilot",38,4,16,"D 0,1 -> 4,5",12,False,0.1259807748087346,1334020.0,1,False,0.038065010303648644,7.86,6670049.0
"Fixed 1333521, pilot",38,5,57,"D 1,2 -> 4,11",12,False,0.8214820706119864,1334014.0,1,False,0.03794550728419781,7.85,8004063.0
"Fixed 1333521, pilot",38,6,72,"D 1,3 -> 5,11",8,False,0.9909674834023663,1334009.0,1,False,0.037993006584312816,7.8,9338072.0
"Fixed 1333521, pilot",38,7,74,"D 1,3 -> 7,11",8,False,1.0,1334016.0,1,False,0.037993763199095566,7.84,10672088.0
"Fixed 1333521, pilot",38,8,38,"D 0,3 -> 4,5",8,False,0.9394828101513644,1334008.0,1,False,0.037993763199095566,7.85,12006096.0
"Fixed 1333521, pilot",38,9,12,S 3 -> 5,8,False,0.0018200327105429848,1334013.0,1,False,0.0379951671686245,7.72,13340109.0
"Fixed 1333521, pilot",38,10,22,"D 0,1 -> 5,10",11,False,0.8768015888215901,1334009.0,1,False,0.03301383997319943,7.77,14674118.0
"Fixed 1333521, pilot",38,11,71,"D 1,3 -> 5,9",11,False,1.0,1334025.0,1,False,0.03301421992287858,7.82,16008143.0
"Fixed 1333521, pilot",38,12,57,"D 1,2 -> 4,11",11,False,0.9999690916665721,1333993.0,1,False,0.03301421992287858,7.78,17342136.0
"Fixed 1333521, pilot",38,13,16,"D 0,1 -> 4,5",11,False,0.9962714825266502,1334028.0,1,False,0.033078387192469305,7.84,18676164.0
"Fixed 1333521, pilot",38,14,34,"D 0,2 -> 4,10",11,False,0.9482888211650027,1334001.0,1,False,0.033066531739853695,7.71,20010165.0
"Fixed 1333521, pilot",38,15,27,"D 0,1 -> 7,10",11,False,1.0,1334018.0,1,False,0.033066028487820316,7.86,21344183.0
"Fixed 1333521, pilot",39,0,91,"D 2,3 -> 10,11",91,True,0.0,1334004.0,1,False,0.24318730437372557,7.81,1334004.0
"Fixed 1333521, pilot",39,1,79,"D 2,3 -> 4,11",79,True,0.0,1334011.0,1,False,0.16102697871065078,7.78,2668015.0
"Fixed 1333521, pilot",39,2,76,"D 2,3 -> 4,5",82,False,0.024066516365316204,1334014.0,1,False,0.12998218947189707,7.84,4002029.0
"Fixed 1333521, pilot",39,3,82,"D 2,3 -> 5,10",82,True,0.0,1334016.0,1,False,0.15572199591416286,7.81,5336045.0
"Fixed 1333521, pilot",39,4,18,"D 0,1 -> 4,9",12,False,1.0,1334011.0,1,False,0.038065025112214046,7.86,6670056.0
"Fixed 1333521, pilot",39,5,48,"D 0,3 -> 7,8",12,False,1.0,1334019.0,1,False,0.038065025112214046,7.86,8004075.0
"Fixed 1333521, pilot",39,6,51,"D 0,3 -> 8,11",12,False,1.0,1334009.0,1,False,0.038065025112214046,7.95,9338084.0
"Fixed 1333521, pilot",39,7,42,"D 0,3 -> 5,6",12,False,1.0,1334007.0,1,False,0.038065025112214046,7.82,10672091.0
"Fixed 1333521, pilot",39,8,19,"D 0,1 -> 4,11",12,False,0.9327348863166989,1334000.0,1,False,0.038065025112214046,7.76,12006091.0
"Fixed 1333521, pilot",39,9,6,S 1 -> 9,8,False,1.0,1334015.0,1,False,0.038070166012342706,7.78,13340106.0
"Fixed 1333521, pilot",39,10,46,"D 0,3 -> 6,9",8,False,1.0,1334017.0,1,False,0.038070164083515774,7.73,14674123.0
"Fixed 1333521, pilot",39,11,2,S 0 -> 8,8,False,1.0,1334019.0,1,False,0.038070164083515774,7.9,16008142.0
"Fixed 1333521, pilot",39,12,69,"D 1,2 -> 10,11",8,False,0.8300064083649731,1334004.0,1,False,0.038070164083515774,7.75,17342146.0
"Fixed 1333521, pilot",39,13,8,S 2 -> 4,8,True,0.0,1334002.0,1,False,0.038088779789446366,7.63,18676148.0
"Fixed 1333521, pilot",39,14,16,"D 0,1 -> 4,5",15,False,0.15696714775038656,1334013.0,1,False,0.03315116418476283,7.62,20010161.0
"Fixed 1333521, pilot",39,15,17,"D 0,1 -> 4,7",15,False,1.0,1334002.0,1,False,0.03302905048433269,7.74,21344163.0
"Fixed 1333521, pilot",40,0,91,"D 2,3 -> 10,11",91,True,0.0,1333991.0,1,False,0.24318730437372557,7.92,1333991.0
"Fixed 1333521, pilot",40,1,82,"D 2,3 -> 5,10",79,True,2.220446049250313e-16,1334000.0,1,False,0.16102697871065078,7.85,2667991.0
"Fixed 1333521, pilot",40,2,79,"D 2,3 -> 4,11",79,True,0.0,1334009.0,1,False,0.12998218965087896,7.87,4002000.0
"Fixed 1333521, pilot",40,3,76,"D 2,3 -> 4,5",76,True,0.0,1334005.0,1,False,0.1560411524745777,7.87,5336005.0
"Fixed 1333521, pilot",40,4,47,"D 0,3 -> 6,11",8,False,1.0,1334010.0,1,False,0.038065010303649234,7.82,6670015.0
"Fixed 1333521, pilot",40,5,73,"D 1,3 -> 7,9",8,False,1.0,1334017.0,1,False,0.038065010303649234,7.87,8004032.0
"Fixed 1333521, pilot",40,6,16,"D 0,1 -> 4,5",8,False,0.12598077480875025,1334020.0,1,False,0.038065010303649234,7.84,9338052.0
"Fixed 1333521, pilot",40,7,74,"D 1,3 -> 7,11",8,False,1.0,1334002.0,1,False,0.03794550734818707,7.86,10672054.0
"Fixed 1333521, pilot",40,8,59,"D 1,2 -> 5,8",8,False,1.0,1334017.0,1,False,0.03794550734818707,7.84,12006071.0
"Fixed 1333521, pilot",40,9,22,"D 0,1 -> 5,10",8,False,0.9724643733244037,1334016.0,1,False,0.03794550734818707,7.88,13340087.0
"Fixed 1333521, pilot",40,10,18,"D 0,1 -> 4,9",12,False,1.0,1334023.0,1,False,0.03794794165166287,7.82,14674110.0
"Fixed 1333521, pilot",40,11,19,"D 0,1 -> 4,11",12,False,0.9740779543798875,1334019.0,1,False,0.03794794165166287,7.87,16008129.0
"Fixed 1333521, pilot",40,12,64,"D 1,2 -> 7,8",8,False,1.0,1334018.0,1,False,0.0379484667224,7.75,17342147.0
"Fixed 1333521, pilot",40,13,70,"D 1,3 -> 5,7",8,False,1.0,1334005.0,1,False,0.03794846672249421,7.8,18676152.0
"Fixed 1333521, pilot",40,14,63,"D 1,2 -> 6,11",8,False,1.0,1334004.0,1,False,0.03794846672669271,7.77,20010156.0
"Fixed 1333521, pilot",40,15,51,"D 0,3 -> 8,11",8,False,1.0,1334014.0,1,False,0.03794846672669271,7.75,21344170.0
"Fixed 1333521, pilot",41,0,91,"D 2,3 -> 10,11",91,True,0.0,1333984.0,1,False,0.24318730437372557,7.87,1333984.0
"Fixed 1333521, pilot",41,1,79,"D 2,3 -> 4,11",79,True,0.0,1333999.0,1,False,0.16102697871065078,7.8,2667983.0
"Fixed 1333521, pilot",41,2,82,"D 2,3 -> 5,10",82,True,0.0,1334002.0,1,False,0.12998218947189707,7.86,4001985.0
"Fixed 1333521, pilot",41,3,76,"D 2,3 -> 4,5",76,True,0.0,1334014.0,1,False,0.15604115247457773,7.87,5335999.0
"Fixed 1333521, pilot",41,4,7,S 1 -> 11,12,False,0.9596896192971845,1334018.0,1,False,0.038065010303648644,7.84,6670017.0
"Fixed 1333521, pilot",41,5,16,"D 0,1 -> 4,5",8,False,0.12631550700680572,1334003.0,1,False,0.038072114757427285,7.97,8004020.0
"Fixed 1333521, pilot",41,6,3,S 0 -> 10,8,False,0.96133765518215,1334016.0,1,False,0.037952356300635655,7.88,9338036.0
"Fixed 1333521, pilot",41,7,27,"D 0,1 -> 7,10",12,False,1.0,1334007.0,1,False,0.037957233723792526,7.84,10672043.0
"Fixed 1333521, pilot",41,8,70,"D 1,3 -> 5,7",12,False,1.0,1333990.0,1,False,0.037957233723792526,7.89,12006033.0
"Fixed 1333521, pilot",41,9,23,"D 0,1 -> 6,7",12,False,0.4902974690405051,1334005.0,1,False,0.037957233723792526,7.97,13340038.0
"Fixed 1333521, pilot",41,10,29,"D 0,1 -> 8,11",12,False,1.0,1334020.0,1,False,0.03795843956373552,7.88,14674058.0
"Fixed 1333521, pilot",41,11,43,"D 0,3 -> 5,8",12,False,1.0,1334017.0,1,False,0.03795843956373552,7.94,16008075.0
"Fixed 1333521, pilot",41,12,51,"D 0,3 -> 8,11",12,False,1.0,1334009.0,1,False,0.03795843956373552,7.9,17342084.0
"Fixed 1333521, pilot",41,13,21,"D 0,1 -> 5,8",12,False,1.0,1334019.0,1,False,0.03795843956373552,7.78,18676103.0
"Fixed 1333521, pilot",41,14,19,"D 0,1 -> 4,11",12,False,0.9746347915908788,1334004.0,1,False,0.03795843956373552,7.71,20010107.0
"Fixed 1333521, pilot",41,15,20,"D 0,1 -> 5,6",8,False,1.0,1334013.0,1,False,0.03796056836924448,7.81,21344120.0
"Fixed 1333521, pilot",42,0,91,"D 2,3 -> 10,11",91,True,0.0,1334012.0,1,False,0.24318730437372557,7.89,1334012.0
"Fixed 1333521, pilot",42,1,79,"D 2,3 -> 4,11",79,True,0.0,1334024.0,1,False,0.16102697871065078,7.96,2668036.0
"Fixed 1333521, pilot",42,2,76,"D 2,3 -> 4,5",82,False,0.024066516365316204,1334011.0,1,False,0.12998218947189707,7.93,4002047.0
"Fixed 1333521, pilot",42,3,82,"D 2,3 -> 5,10",82,True,0.0,1334004.0,1,False,0.15572199591416286,8.0,5336051.0
"Fixed 1333521, pilot",42,4,60,"D 1,2 -> 5,10",12,False,0.8167919905452777,1334001.0,1,False,0.038065025112214046,7.93,6670052.0
"Fixed 1333521, pilot",42,5,56,"D 1,2 -> 4,9",8,False,1.0,1333998.0,1,False,0.0380739500788244,7.94,8004050.0
"Fixed 1333521, pilot",42,6,28,"D 0,1 -> 8,9",8,False,0.48603586776824537,1334024.0,1,False,0.038073961081425176,8.03,9338074.0
"Fixed 1333521, pilot",42,7,31,"D 0,1 -> 10,11",8,False,0.6653145596306453,1334008.0,1,False,0.03807429145567879,8.01,10672082.0
"Fixed 1333521, pilot",42,8,31,"D 0,1 -> 10,11",8,False,0.9999999996643014,1334005.0,1,False,0.038072633547355385,7.99,12006087.0
"Fixed 1333521, pilot",42,9,39,"D 0,3 -> 4,7",8,False,1.0,1334011.0,1,False,0.038072633547355385,8.01,13340098.0
"Fixed 1333521, pilot",42,10,23,"D 0,1 -> 6,7",8,False,0.4883205333282543,1334024.0,1,False,0.038072633547355385,7.98,14674122.0
"Fixed 1333521, pilot",42,11,61,"D 1,2 -> 6,7",8,False,0.6646930863710533,1334008.0,1,False,0.038072951375543757,7.92,16008130.0
"Fixed 1333521, pilot",42,12,23,"D 0,1 -> 6,7",8,False,0.9998033889474297,1333999.0,1,False,0.038128217771624374,7.85,17342129.0
"Fixed 1333521, pilot",42,13,12,S 3 -> 5,8,False,0.0014424033824345095,1334001.0,1,False,0.03813316617320327,7.81,18676130.0
"Fixed 1333521, pilot",42,14,30,"D 0,1 -> 9,10",11,False,1.0,1334014.0,1,False,0.03314221254468444,7.72,20010144.0
"Fixed 1333521, pilot",42,15,32,"D 0,2 -> 4,6",11,False,1.0,1334022.0,1,False,0.03314221254468444,7.87,21344166.0
"Fixed 1333521, pilot",43,0,91,"D 2,3 -> 10,11",91,True,0.0,1334000.0,1,False,0.24318730437372557,7.84,1334000.0
"Fixed 1333521, pilot",43,1,82,"D 2,3 -> 5,10",79,True,2.220446049250313e-16,1334011.0,1,False,0.16102697871065078,7.77,2668011.0
"Fixed 1333521, pilot",43,2,76,"D 2,3 -> 4,5",79,False,0.024066513654290578,1334006.0,1,False,0.12998218965087896,7.79,4002017.0
"Fixed 1333521, pilot",43,3,79,"D 2,3 -> 4,11",79,True,0.0,1334004.0,1,False,0.15572199872464462,7.86,5336021.0
"Fixed 1333521, pilot",43,4,49,"D 0,3 -> 7,10",8,False,1.0,1334007.0,1,False,0.03806501943588732,7.82,6670028.0
"Fixed 1333521, pilot",43,5,23,"D 0,1 -> 6,7",8,False,0.4860631197941765,1334025.0,1,False,0.03806501271233194,7.82,8004053.0
"Fixed 1333521, pilot",43,6,37,"D 0,2 -> 8,10",12,False,1.0,1334008.0,1,False,0.03806532978284647,7.81,9338061.0
"Fixed 1333521, pilot",43,7,23,"D 0,1 -> 6,7",12,False,0.9999999977143862,1334021.0,1,False,0.03806532978284647,7.83,10672082.0
"Fixed 1333521, pilot",43,8,18,"D 0,1 -> 4,9",12,False,1.0,1334007.0,1,False,0.03806532978284647,7.76,12006089.0
"Fixed 1333521, pilot",43,9,21,"D 0,1 -> 5,8",12,False,1.0,1334018.0,1,False,0.03806532978284647,7.74,13340107.0
"Fixed 1333521, pilot",43,10,71,"D 1,3 -> 5,9",12,False,1.0,1334003.0,1,False,0.03806532978284647,7.76,14674110.0
"Fixed 1333521, pilot",43,11,19,"D 0,1 -> 4,11",12,False,0.9327391466709091,1333994.0,1,False,0.03806532978284647,7.8,16008104.0
"Fixed 1333521, pilot",43,12,4,S 1 -> 5,8,False,0.9794302127290314,1334016.0,1,False,0.03807046809503128,7.78,17342120.0
"Fixed 1333521, pilot",43,13,35,"D 0,2 -> 6,8",8,False,1.0,1334000.0,1,False,0.038070663657687284,7.73,18676120.0
"Fixed 1333521, pilot",43,14,50,"D 0,3 -> 8,9",8,False,0.6718634538438537,1333997.0,1,False,0.0380706635990722,7.7,20010117.0
"Fixed 1333521, pilot",43,15,16,"D 0,1 -> 4,5",12,False,0.13189221491483205,1334020.0,1,False,0.0381173643527097,7.73,21344137.0
"Fixed 1333521, pilot",44,0,91,"D 2,3 -> 10,11",91,True,0.0,1334004.0,1,False,0.24318730437372557,7.93,1334004.0
"Fixed 1333521, pilot",44,1,82,"D 2,3 -> 5,10",79,True,2.220446049250313e-16,1334009.0,1,False,0.16102697871065078,7.92,2668013.0
"Fixed 1333521, pilot",44,2,79,"D 2,3 -> 4,11",79,True,0.0,1334007.0,1,False,0.12998218965087896,7.9,4002020.0
"Fixed 1333521, pilot",44,3,76,"D 2,3 -> 4,5",76,True,0.0,1334012.0,1,False,0.1560411524745777,7.91,5336032.0
"Fixed 1333521, pilot",44,4,37,"D 0,2 -> 8,10",8,False,1.0,1334027.0,1,False,0.038065010303649234,7.9,6670059.0
"Fixed 1333521, pilot",44,5,66,"D 1,2 -> 8,9",8,False,0.6718113927335927,1334004.0,1,False,0.038065010303649234,7.96,8004063.0
"Fixed 1333521, pilot",44,6,53,"D 0,3 -> 10,11",8,False,0.8304993465187922,1334029.0,1,False,0.03811782566906654,7.91,9338092.0
"Fixed 1333521, pilot",44,7,48,"D 0,3 -> 7,8",8,False,1.0,1334022.0,1,False,0.038120900978416215,7.96,10672114.0
"Fixed 1333521, pilot",44,8,19,"D 0,1 -> 4,11",8,False,0.9329786926144725,1334015.0,1,False,0.03812090051111028,7.94,12006129.0
"Fixed 1333521, pilot",44,9,25,"D 0,1 -> 6,11",8,False,1.0,1334020.0,1,False,0.03812603972214717,7.91,13340149.0
"Fixed 1333521, pilot",44,10,46,"D 0,3 -> 6,9",8,False,1.0,1333997.0,1,False,0.03812603972214717,8.03,14674146.0
"Fixed 1333521, pilot",44,11,12,S 3 -> 5,8,False,0.0012025723570856517,1334017.0,1,False,0.03812603972214717,7.97,16008163.0
"Fixed 1333521, pilot",44,12,23,"D 0,1 -> 6,7",11,False,0.4096763693510782,1333997.0,1,False,0.03312720370431725,7.81,17342160.0
"Fixed 1333521, pilot",44,13,24,"D 0,1 -> 6,9",11,False,1.0,1334018.0,1,False,0.03312721539148137,7.92,18676178.0
"Fixed 1333521, pilot",44,14,45,"D 0,3 -> 6,7",11,False,0.5761451280272409,1334028.0,1,False,0.033127215210095234,7.82,20010206.0
"Fixed 1333521, pilot",44,15,37,"D 0,2 -> 8,10",11,False,1.0,1334005.0,1,False,0.03317058384369519,7.9,21344211.0
"Fixed 1333521, pilot",45,0,91,"D 2,3 -> 10,11",91,True,0.0,1334002.0,1,False,0.24318730437372557,7.87,1334002.0
"Fixed 1333521, pilot",45,1,82,"D 2,3 -> 5,10",79,True,2.220446049250313e-16,1334018.0,1,False,0.16102697871065078,7.85,2668020.0
"Fixed 1333521, pilot",45,2,76,"D 2,3 -> 4,5",79,False,0.024066513654290578,1334012.0,1,False,0.12998218965087896,7.9,4002032.0
"Fixed 1333521, pilot",45,3,79,"D 2,3 -> 4,11",79,True,0.0,1334006.0,1,False,0.15572199872464462,7.93,5336038.0
"Fixed 1333521, pilot",45,4,16,"D 0,1 -> 4,5",8,False,0.12598100693647418,1334012.0,1,False,0.03806501943588732,7.93,6670050.0
"Fixed 1333521, pilot",45,5,71,"D 1,3 -> 5,9",8,False,1.0,1334016.0,1,False,0.037945507814192196,7.95,8004066.0
"Fixed 1333521, pilot",45,6,45,"D 0,3 -> 6,7",8,False,0.6707516911046357,1334007.0,1,False,0.037945507814192196,7.95,9338073.0
"Fixed 1333521, pilot",45,7,65,"D 1,2 -> 7,10",12,False,1.0,1334001.0,1,False,0.03799832643720964,7.93,10672074.0
"Fixed 1333521, pilot",45,8,12,S 3 -> 5,12,True,0.0,1334005.0,1,False,0.037998326663894084,7.93,12006079.0
"Fixed 1333521, pilot",45,9,6,S 1 -> 9,11,False,1.0,1334008.0,1,False,0.03306575877256212,8.0,13340087.0
"Fixed 1333521, pilot",45,10,23,"D 0,1 -> 6,7",11,False,0.3936701128643215,1334008.0,1,False,0.03306575877256212,7.9,14674095.0
"Fixed 1333521, pilot",45,11,0,S 0 -> 4,11,False,0.9533068553342966,1334005.0,1,False,0.033069369079348446,7.86,16008100.0
"Fixed 1333521, pilot",45,12,41,"D 0,3 -> 4,11",11,False,0.7767351164086446,1334004.0,1,False,0.03306157826827121,7.96,17342104.0
"Fixed 1333521, pilot",45,13,40,"D 0,3 -> 4,9",11,False,1.0,1334001.0,1,False,0.033076370580919535,7.88,18676105.0
"Fixed 1333521, pilot",45,14,40,"D 0,3 -> 4,9",11,False,1.0,1334021.0,1,False,0.03307637055944712,7.9,20010126.0
"Fixed 1333521, pilot",45,15,54,"D 1,2 -> 4,5",11,False,0.9258972759294254,1334003.0,1,False,0.03307637055944712,7.91,21344129.0
"Fixed 1333521, pilot",46,0,91,"D 2,3 -> 10,11",91,True,0.0,1334000.0,1,False,0.24318730437372557,7.9,1334000.0
"Fixed 1333521, pilot",46,1,82,"D 2,3 -> 5,10",79,True,2.220446049250313e-16,1334036.0,1,False,0.16102697871065078,7.94,2668036.0
"Fixed 1333521, pilot",46,2,79,"D 2,3 -> 4,11",79,True,0.0,1334015.0,1,False,0.12998218965087896,7.92,4002051.0
"Fixed 1333521, pilot",46,3,76,"D 2,3 -> 4,5",76,True,0.0,1334015.0,1,False,0.1560411524745777,7.92,5336066.0
"Fixed 1333521, pilot",46,4,16,"D 0,1 -> 4,5",8,False,0.12598077480875025,1334014.0,1,False,0.038065010303649234,7.96,6670080.0
"Fixed 1333521, pilot",46,5,38,"D 0,3 -> 4,5",8,False,0.9394005154349229,1334024.0,1,False,0.03794550734818707,7.95,8004104.0
"Fixed 1333521, pilot",46,6,44,"D 0,3 -> 5,10",8,False,0.8196670289119192,1334010.0,1,False,0.03794690687068187,8.05,9338114.0
"Fixed 1333521, pilot",46,7,12,S 3 -> 5,12,True,0.0,1334009.0,1,False,0.03798703334470444,7.92,10672123.0
"Fixed 1333521, pilot",46,8,28,"D 0,1 -> 8,9",11,False,0.4125640645594255,1333999.0,1,False,0.03304773426167454,8.0,12006122.0
"Fixed 1333521, pilot",46,9,18,"D 0,1 -> 4,9",11,False,1.0,1334000.0,1,False,0.03304859634598972,7.94,13340122.0
"Fixed 1333521, pilot",46,10,70,"D 1,3 -> 5,7",11,False,1.0,1334014.0,1,False,0.03304859634598972,7.92,14674136.0
"Fixed 1333521, pilot",46,11,23,"D 0,1 -> 6,7",11,False,0.4143844324123346,1334009.0,1,False,0.03304859634598972,8.0,16008145.0
"Fixed 1333521, pilot",46,12,19,"D 0,1 -> 4,11",11,False,0.9447109899078199,1334015.0,1,False,0.03304944742100865,7.98,17342160.0
"Fixed 1333521, pilot",46,13,32,"D 0,2 -> 4,6",11,False,1.0,1334005.0,1,False,0.03305061315092109,7.87,18676165.0
"Fixed 1333521, pilot",46,14,72,"D 1,3 -> 5,11",11,False,0.9394121679821982,1334016.0,1,False,0.03305061287772911,7.85,20010181.0
"Fixed 1333521, pilot",46,15,5,S 1 -> 7,11,False,1.0,1334005.0,1,False,0.03305716262146809,7.88,21344186.0
"Fixed 1333521, pilot",47,0,91,"D 2,3 -> 10,11",91,True,0.0,1333999.0,1,False,0.24318730437372557,7.87,1333999.0
"Fixed 1333521, pilot",47,1,79,"D 2,3 -> 4,11",79,True,0.0,1334014.0,1,False,0.16102697871065078,7.89,2668013.0
"Fixed 1333521, pilot",47,2,76,"D 2,3 -> 4,5",82,False,0.024066516365316204,1334017.0,1,False,0.12998218947189707,7.94,4002030.0
"Fixed 1333521, pilot",47,3,82,"D 2,3 -> 5,10",82,True,0.0,1334005.0,1,False,0.15572199591416286,7.9,5336035.0
"Fixed 1333521, pilot",47,4,35,"D 0,2 -> 6,8",12,False,1.0,1334021.0,1,False,0.038065025112214046,7.9,6670056.0
"Fixed 1333521, pilot",47,5,63,"D 1,2 -> 6,11",12,False,1.0,1334020.0,1,False,0.038065025112214046,7.97,8004076.0
"Fixed 1333521, pilot",47,6,43,"D 0,3 -> 5,8",12,False,1.0,1334003.0,1,False,0.038065025112214046,7.93,9338079.0
"Fixed 1333521, pilot",47,7,28,"D 0,1 -> 8,9",12,False,0.48606328721181846,1334016.0,1,False,0.038065025112214046,7.98,10672095.0
"Fixed 1333521, pilot",47,8,17,"D 0,1 -> 4,7",8,False,1.0,1334014.0,1,False,0.03806532169506669,7.95,12006109.0
"Fixed 1333521, pilot",47,9,73,"D 1,3 -> 7,9",12,False,1.0,1334013.0,1,False,0.038065331781183015,7.92,13340122.0
"Fixed 1333521, pilot",47,10,29,"D 0,1 -> 8,11",12,False,1.0,1334017.0,1,False,0.038065331781183015,7.94,14674139.0
"Fixed 1333521, pilot",47,11,12,S 3 -> 5,12,True,0.0,1334015.0,1,False,0.038065331781183015,7.88,16008154.0
"Fixed 1333521, pilot",47,12,65,"D 1,2 -> 7,10",11,False,1.0,1334013.0,1,False,0.03313194603040745,7.89,17342167.0
"Fixed 1333521, pilot",47,13,18,"D 0,1 -> 4,9",11,False,1.0,1334009.0,1,False,0.03313194622006595,7.86,18676176.0
"Fixed 1333521, pilot",47,14,28,"D 0,1 -> 8,9",11,False,0.9999993530732646,1334013.0,1,False,0.03313194622006595,7.73,20010189.0
"Fixed 1333521, pilot",47,15,45,"D 0,3 -> 6,7",11,False,0.5832566751503632,1333992.0,1,False,0.03313194622764815,7.85,21344181.0
"Fixed 1333521, pilot",48,0,91,"D 2,3 -> 10,11",91,True,0.0,1334012.0,1,False,0.24318730437372557,7.76,1334012.0
"Fixed 1333521, pilot",48,1,79,"D 2,3 -> 4,11",79,True,0.0,1334016.0,1,False,0.16102697871065078,7.68,2668028.0
"Fixed 1333521, pilot",48,2,82,"D 2,3 -> 5,10",82,True,0.0,1334012.0,1,False,0.12998218947189707,7.77,4002040.0
"Fixed 1333521, pilot",48,3,76,"D 2,3 -> 4,5",76,True,0.0,1334015.0,1,False,0.15604115247457773,7.82,5336055.0
"Fixed 1333521, pilot",48,4,26,"D 0,1 -> 7,8",12,False,1.0,1334008.0,1,False,0.038065010303648644,7.86,6670063.0
"Fixed 1333521, pilot",48,5,2,S 0 -> 8,12,False,1.0,1334003.0,1,False,0.038065010303648644,7.77,8004066.0
"Fixed 1333521, pilot",48,6,16,"D 0,1 -> 4,5",12,False,0.1259807748087346,1334014.0,1,False,0.038065010303648644,7.8,9338080.0
"Fixed 1333521, pilot",48,7,27,"D 0,1 -> 7,10",12,False,1.0,1334025.0,1,False,0.03794550728419781,7.77,10672105.0
"Fixed 1333521, pilot",48,8,23,"D 0,1 -> 6,7",12,False,0.4902405099830428,1334017.0,1,False,0.03794550728419781,7.83,12006122.0
"Fixed 1333521, pilot",48,9,25,"D 0,1 -> 6,11",8,False,1.0,1334020.0,1,False,0.037946637351175,7.87,13340142.0
"Fixed 1333521, pilot",48,10,35,"D 0,2 -> 6,8",8,False,1.0,1333995.0,1,False,0.0379466373283892,7.76,14674137.0
"Fixed 1333521, pilot",48,11,66,"D 1,2 -> 8,9",8,False,0.6707628044453997,1334003.0,1,False,0.0379466373283892,7.83,16008140.0
"Fixed 1333521, pilot",48,12,75,"D 1,3 -> 9,11",8,False,1.0,1334005.0,1,False,0.03799945692361939,7.8,17342145.0
"Fixed 1333521, pilot",48,13,17,"D 0,1 -> 4,7",8,False,1.0,1334015.0,1,False,0.0379994567852394,7.8,18676160.0
"Fixed 1333521, pilot",48,14,28,"D 0,1 -> 8,9",8,False,0.47993630102704843,1334012.0,1,False,0.0379994567852394,7.83,20010172.0
"Fixed 1333521, pilot",48,15,72,"D 1,3 -> 5,11",8,False,0.9958146593447915,1334019.0,1,False,0.0380029022673608,7.91,21344191.0
"Fixed 1333521, pilot",49,0,91,"D 2,3 -> 10,11",91,True,0.0,1333991.0,1,False,0.24318730437372557,7.67,1333991.0
"Fixed 1333521, pilot",49,1,79,"D 2,3 -> 4,11",79,True,0.0,1334035.0,1,False,0.16102697871065078,7.6,2668026.0
"Fixed 1333521, pilot",49,2,82,"D 2,3 -> 5,10",82,True,0.0,1334008.0,1,False,0.12998218947189707,7.7,4002034.0
"Fixed 1333521, pilot",49,3,76,"D 2,3 -> 4,5",76,True,0.0,1334001.0,1,False,0.15604115247457773,7.79,5336035.0
"Fixed 1333521, pilot",49,4,40,"D 0,3 -> 4,9",12,False,1.0,1334013.0,1,False,0.038065010303648644,7.78,6670048.0
"Fixed 1333521, pilot",49,5,50,"D 0,3 -> 8,9",12,False,0.671811392733587,1334008.0,1,False,0.038065010303648644,7.81,8004056.0
"Fixed 1333521, pilot",49,6,59,"D 1,2 -> 5,8",12,False,1.0,1334018.0,1,False,0.03811782566906623,7.79,9338074.0
"Fixed 1333521, pilot",49,7,25,"D 0,1 -> 6,11",12,False,1.0,1334012.0,1,False,0.03811782566906623,7.82,10672086.0
"Fixed 1333521, pilot",49,8,53,"D 0,3 -> 10,11",12,False,0.832460945739016,1334019.0,1,False,0.03811782566906623,7.78,12006105.0
"Fixed 1333521, pilot",49,9,23,"D 0,1 -> 6,7",12,False,0.48716729818509497,1334027.0,1,False,0.03813605730119352,7.84,13340132.0
"Fixed 1333521, pilot",49,10,51,"D 0,3 -> 8,11",12,False,1.0,1334020.0,1,False,0.038136348473286376,7.76,14674152.0
"Fixed 1333521, pilot",49,11,30,"D 0,1 -> 9,10",12,False,1.0,1334009.0,1,False,0.03813635056023564,7.82,16008161.0
"Fixed 1333521, pilot",49,12,2,S 0 -> 8,12,False,1.0,1334018.0,1,False,0.03813635056023564,7.87,17342179.0
"Fixed 1333521, pilot",49,13,16,"D 0,1 -> 4,5",12,False,0.13059827441539418,1334022.0,1,False,0.03813635056023564,7.8,18676201.0
"Fixed 1333521, pilot",49,14,72,"D 1,3 -> 5,11",12,False,0.9956360046167475,1334010.0,1,False,0.03801762129878202,7.83,20010211.0
"Fixed 1333521, pilot",49,15,45,"D 0,3 -> 6,7",12,False,0.6682550033805025,1334023.0,1,False,0.03801684372713586,7.8,21344234.0
"Fixed 1333521, pilot",50,0,91,"D 2,3 -> 10,11",91,True,0.0,1333995.0,1,False,0.24318730437372557,7.65,1333995.0
"Fixed 1333521, pilot",50,1,82,"D 2,3 -> 5,10",79,True,2.220446049250313e-16,1334016.0,1,False,0.16102697871065078,7.57,2668011.0
"Fixed 1333521, pilot",50,2,79,"D 2,3 -> 4,11",79,True,0.0,1333999.0,1,False,0.12998218965087896,7.71,4002010.0
"Fixed 1333521, pilot",50,3,76,"D 2,3 -> 4,5",76,True,0.0,1334015.0,1,False,0.1560411524745777,7.8,5336025.0
"Fixed 1333521, pilot",50,4,54,"D 1,2 -> 4,5",8,False,0.9260459687307725,1334012.0,1,False,0.038065010303649234,7.81,6670037.0
"Fixed 1333521, pilot",50,5,38,"D 0,3 -> 4,5",12,False,0.9263877885255152,1334018.0,1,False,0.03806632189487946,7.78,8004055.0
"Fixed 1333521, pilot",50,6,44,"D 0,3 -> 5,10",8,False,0.8194397257449707,1334008.0,1,False,0.03805950482199621,7.78,9338063.0
"Fixed 1333521, pilot",50,7,16,"D 0,1 -> 4,5",12,False,0.1332156145247787,1334019.0,1,False,0.038106888078688915,7.72,10672082.0
"Fixed 1333521, pilot",50,8,45,"D 0,3 -> 6,7",12,False,0.6693096185062024,1334025.0,1,False,0.03798843215312031,7.65,12006107.0
"Fixed 1333521, pilot",50,9,34,"D 0,2 -> 4,10",12,False,0.9931710549410016,1334012.0,1,False,0.03804104908576583,7.71,13340119.0
"Fixed 1333521, pilot",50,10,27,"D 0,1 -> 7,10",12,False,1.0,1334015.0,1,False,0.03804164166288966,7.74,14674134.0
"Fixed 1333521, pilot",50,11,63,"D 1,2 -> 6,11",12,False,1.0,1334004.0,1,False,0.03804164141771475,7.79,16008138.0
"Fixed 1333521, pilot",50,12,12,S 3 -> 5,12,True,0.0,1334015.0,1,False,0.03804164141771475,7.76,17342153.0
"Fixed 1333521, pilot",50,13,5,S 1 -> 7,11,False,1.0,1334025.0,1,False,0.03310491247480499,7.73,18676178.0
"Fixed 1333521, pilot",50,14,23,"D 0,1 -> 6,7",11,False,0.3940787093572321,1334024.0,1,False,0.03310491247480499,7.76,20010202.0
"Fixed 1333521, pilot",50,15,67,"D 1,2 -> 8,11",11,False,1.0,1334016.0,1,False,0.03310848756739096,7.76,21344218.0
"Fixed 1333521, pilot",51,0,91,"D 2,3 -> 10,11",91,True,0.0,1334008.0,1,False,0.24318730437372557,7.65,1334008.0
"Fixed 1333521, pilot",51,1,82,"D 2,3 -> 5,10",79,True,2.220446049250313e-16,1334009.0,1,False,0.16102697871065078,7.62,2668017.0
"Fixed 1333521, pilot",51,2,79,"D 2,3 -> 4,11",79,True,0.0,1333992.0,1,False,0.12998218965087896,7.79,4002009.0
"Fixed 1333521, pilot",51,3,76,"D 2,3 -> 4,5",76,True,0.0,1334007.0,1,False,0.1560411524745777,7.81,5336016.0
"Fixed 1333521, pilot",51,4,54,"D 1,2 -> 4,5",8,False,0.9260459687307725,1334012.0,1,False,0.038065010303649234,7.77,6670028.0
"Fixed 1333521, pilot",51,5,2,S 0 -> 8,12,False,1.0,1334008.0,1,False,0.03806632189487946,7.79,8004036.0
"Fixed 1333521, pilot",51,6,28,"D 0,1 -> 8,9",12,False,0.4860220361388513,1334011.0,1,False,0.038066321523900576,7.81,9338047.0
"Fixed 1333521, pilot",51,7,47,"D 0,3 -> 6,11",12,False,1.0,1333999.0,1,False,0.03806664594130956,7.78,10672046.0
"Fixed 1333521, pilot",51,8,17,"D 0,1 -> 4,7",12,False,1.0,1334023.0,1,False,0.03806664594130956,7.84,12006069.0
"Fixed 1333521, pilot",51,9,61,"D 1,2 -> 6,7",12,False,0.6704731210438336,1333997.0,1,False,0.03806664594130956,7.88,13340066.0
"Fixed 1333521, pilot",51,10,31,"D 0,1 -> 10,11",8,False,0.665515921830067,1334018.0,1,False,0.038110900966638606,7.8,14674084.0
"Fixed 1333521, pilot",51,11,23,"D 0,1 -> 6,7",8,False,0.4762938417541175,1334013.0,1,False,0.038109216007096845,7.86,16008097.0
"Fixed 1333521, pilot",51,12,44,"D 0,3 -> 5,10",8,False,0.822066360746331,1334016.0,1,False,0.03811186850999961,7.86,17342113.0
"Fixed 1333521, pilot",51,13,22,"D 0,1 -> 5,10",12,False,0.9331530490994203,1334012.0,1,False,0.0381076116181159,7.78,18676125.0
"Fixed 1333521, pilot",51,14,74,"D 1,3 -> 7,11",12,False,1.0,1334030.0,1,False,0.03811302439824191,7.8,20010155.0
"Fixed 1333521, pilot",51,15,7,S 1 -> 11,12,False,0.952502315211967,1334009.0,1,False,0.03811302439824191,7.84,21344164.0
"Fixed 1333521, pilot",52,0,91,"D 2,3 -> 10,11",91,True,0.0,1334006.0,1,False,0.24318730437372557,7.96,1334006.0
"Fixed 1333521, pilot",52,1,82,"D 2,3 -> 5,10",79,True,2.220446049250313e-16,1334013.0,1,False,0.16102697871065078,7.78,2668019.0
"Fixed 1333521, pilot",52,2,79,"D 2,3 -> 4,11",79,True,0.0,1334027.0,1,False,0.12998218965087896,7.92,4002046.0
"Fixed 1333521, pilot",52,3,76,"D 2,3 -> 4,5",76,True,0.0,1334017.0,1,False,0.1560411524745777,7.9,5336063.0
"Fixed 1333521, pilot",52,4,2,S 0 -> 8,8,False,1.0,1334015.0,1,False,0.038065010303649234,7.85,6670078.0
"Fixed 1333521, pilot",52,5,28,"D 0,1 -> 8,9",8,False,0.4860630872732127,1334015.0,1,False,0.038065010303649234,7.81,8004093.0
"Fixed 1333521, pilot",52,6,27,"D 0,1 -> 7,10",12,False,1.0,1334020.0,1,False,0.03806531961054786,7.83,9338113.0
"Fixed 1333521, pilot",52,7,12,S 3 -> 5,12,True,0.0,1333998.0,1,False,0.0380653206376311,7.91,10672111.0
"Fixed 1333521, pilot",52,8,63,"D 1,2 -> 6,11",11,False,1.0,1334003.0,1,False,0.03313196286673936,7.85,12006114.0
"Fixed 1333521, pilot",52,9,25,"D 0,1 -> 6,11",11,False,1.0,1334009.0,1,False,0.033131962228011735,7.78,13340123.0
"Fixed 1333521, pilot",52,10,34,"D 0,2 -> 4,10",11,False,0.960123491126151,1333997.0,1,False,0.033131962228011735,7.88,14674120.0
"Fixed 1333521, pilot",52,11,16,"D 0,1 -> 4,5",11,False,0.1537107187171477,1334001.0,1,False,0.03313105457512636,7.84,16008121.0
"Fixed 1333521, pilot",52,12,7,S 1 -> 11,11,False,0.8906230166678,1334018.0,1,False,0.03300847837061254,7.87,17342139.0
"Fixed 1333521, pilot",52,13,5,S 1 -> 7,11,False,1.0,1334015.0,1,False,0.03303673891432921,7.83,18676154.0
"Fixed 1333521, pilot",52,14,16,"D 0,1 -> 4,5",11,False,0.9999554651036958,1334012.0,1,False,0.03303673890891715,7.92,20010166.0
"Fixed 1333521, pilot",52,15,4,S 1 -> 5,11,False,0.9361346894467409,1334012.0,1,False,0.03307469888487874,7.85,21344178.0
"Fixed 1333521, pilot",53,0,91,"D 2,3 -> 10,11",91,True,0.0,1334007.0,1,False,0.24318730437372557,7.79,1334007.0
"Fixed 1333521, pilot",53,1,82,"D 2,3 -> 5,10",79,True,2.220446049250313e-16,1334008.0,1,False,0.16102697871065078,7.7,2668015.0
"Fixed 1333521, pilot",53,2,79,"D 2,3 -> 4,11",79,True,0.0,1334017.0,1,False,0.12998218965087896,7.8,4002032.0
"Fixed 1333521, pilot",53,3,76,"D 2,3 -> 4,5",76,True,0.0,1334006.0,1,False,0.1560411524745777,7.79,5336038.0
"Fixed 1333521, pilot",53,4,7,S 1 -> 11,8,False,0.9596896192949672,1334010.0,1,False,0.038065010303649234,7.79,6670048.0
"Fixed 1333521, pilot",53,5,24,"D 0,1 -> 6,9",8,False,1.0,1334000.0,1,False,0.038072118979066795,7.75,8004048.0
"Fixed 1333521, pilot",53,6,64,"D 1,2 -> 7,8",8,False,1.0,1334016.0,1,False,0.038072118979066795,7.77,9338064.0
"Fixed 1333521, pilot",53,7,16,"D 0,1 -> 4,5",8,False,0.12631559889177324,1334023.0,1,False,0.038072118979066795,7.8,10672087.0
"Fixed 1333521, pilot",53,8,26,"D 0,1 -> 7,8",8,False,1.0,1334012.0,1,False,0.03795237399236345,7.87,12006099.0
"Fixed 1333521, pilot",53,9,72,"D 1,3 -> 5,11",8,False,0.9964471105138695,1334005.0,1,False,0.03795237399236345,7.76,13340104.0
"Fixed 1333521, pilot",53,10,31,"D 0,1 -> 10,11",8,False,0.7168551192388191,1334004.0,1,False,0.03795262532988964,7.82,14674108.0
"Fixed 1333521, pilot",53,11,30,"D 0,1 -> 9,10",8,False,1.0,1334018.0,1,False,0.037951742196313844,7.77,16008126.0
"Fixed 1333521, pilot",53,12,23,"D 0,1 -> 6,7",8,False,0.49076876276087433,1334004.0,1,False,0.037951760660673094,7.89,17342130.0
"Fixed 1333521, pilot",53,13,27,"D 0,1 -> 7,10",8,False,1.0,1334010.0,1,False,0.03795293596022241,7.79,18676140.0
"Fixed 1333521, pilot",53,14,16,"D 0,1 -> 4,5",8,False,0.9999173503415327,1334009.0,1,False,0.03795293596022241,7.81,20010149.0
"Fixed 1333521, pilot",53,15,16,"D 0,1 -> 4,5",8,False,0.9999999997989018,1334008.0,1,False,0.03798082475195524,7.79,21344157.0
"Fixed 1333521, pilot",54,0,91,"D 2,3 -> 10,11",91,True,0.0,1334004.0,1,False,0.24318730437372557,7.63,1334004.0
"Fixed 1333521, pilot",54,1,82,"D 2,3 -> 5,10",79,True,2.220446049250313e-16,1334006.0,1,False,0.16102697871065078,7.73,2668010.0
"Fixed 1333521, pilot",54,2,79,"D 2,3 -> 4,11",79,True,0.0,1333996.0,1,False,0.12998218965087896,7.79,4002006.0
"Fixed 1333521, pilot",54,3,76,"D 2,3 -> 4,5",76,True,0.0,1334011.0,1,False,0.1560411524745777,7.72,5336017.0
"Fixed 1333521, pilot",54,4,16,"D 0,1 -> 4,5",8,False,0.12598077480875025,1334004.0,1,False,0.038065010303649234,7.81,6670021.0
"Fixed 1333521, pilot",54,5,28,"D 0,1 -> 8,9",8,False,0.49024051084005194,1334003.0,1,False,0.03794550734818707,7.78,8004024.0
"Fixed 1333521, pilot",54,6,35,"D 0,2 -> 6,8",12,False,1.0,1334001.0,1,False,0.037946637351275056,7.75,9338025.0
"Fixed 1333521, pilot",54,7,45,"D 0,3 -> 6,7",12,False,0.6707628046959192,1334015.0,1,False,0.037946637351275056,7.82,10672040.0
"Fixed 1333521, pilot",54,8,32,"D 0,2 -> 4,6",12,False,1.0,1334011.0,1,False,0.03799945641796399,7.77,12006051.0
"Fixed 1333521, pilot",54,9,28,"D 0,1 -> 8,9",12,False,0.9999999877668008,1334023.0,1,False,0.03799945641796399,7.81,13340074.0
"Fixed 1333521, pilot",54,10,1,S 0 -> 6,12,False,1.0,1334025.0,1,False,0.03799945641796399,7.85,14674099.0
"Fixed 1333521, pilot",54,11,66,"D 1,2 -> 8,9",12,False,0.6646048716612665,1334014.0,1,False,0.03799945641796399,7.75,16008113.0
"Fixed 1333521, pilot",54,12,41,"D 0,3 -> 4,11",8,False,0.8162732047385104,1334011.0,1,False,0.037996877429837546,7.75,17342124.0
"Fixed 1333521, pilot",54,13,32,"D 0,2 -> 4,6",8,False,1.0,1334012.0,1,False,0.03800494766011432,7.74,18676136.0
"Fixed 1333521, pilot",54,14,38,"D 0,3 -> 4,5",8,False,0.9337723111386734,1334025.0,1,False,0.03800494766011432,7.84,20010161.0
"Fixed 1333521, pilot",54,15,34,"D 0,2 -> 4,10",8,False,0.9923562436082007,1334014.0,1,False,0.03800638137237039,7.72,21344175.0
"Fixed 1333521, pilot",55,0,91,"D 2,3 -> 10,11",91,True,0.0,1334007.0,1,False,0.24318730437372557,7.89,1334007.0
"Fixed 1333521, pilot",55,1,79,"D 2,3 -> 4,11",79,True,0.0,1334006.0,1,False,0.16102697871065078,7.83,2668013.0
"Fixed 1333521, pilot",55,2,82,"D 2,3 -> 5,10",82,True,0.0,1334019.0,1,False,0.12998218947189707,7.87,4002032.0
"Fixed 1333521, pilot",55,3,76,"D 2,3 -> 4,5",76,True,0.0,1334022.0,1,False,0.15604115247457773,7.97,5336054.0
"Fixed 1333521, pilot",55,4,37,"D 0,2 -> 8,10",12,False,1.0,1334016.0,1,False,0.038065010303648644,8.01,6670070.0
"Fixed 1333521, pilot",55,5,54,"D 1,2 -> 4,5",12,False,0.9260459687214199,1334009.0,1,False,0.038065010303648644,7.9,8004079.0
"Fixed 1333521, pilot",55,6,25,"D 0,1 -> 6,11",12,False,1.0,1334023.0,1,False,0.03806632153814312,7.93,9338102.0
"Fixed 1333521, pilot",55,7,16,"D 0,1 -> 4,5",12,False,0.12899887096072638,1334012.0,1,False,0.03806632153814312,7.91,10672114.0
"Fixed 1333521, pilot",55,8,28,"D 0,1 -> 8,9",12,False,0.4901947976030767,1334003.0,1,False,0.03794691397681949,7.88,12006117.0
"Fixed 1333521, pilot",55,9,42,"D 0,3 -> 5,6",12,False,1.0,1333998.0,1,False,0.03794805381818466,7.91,13340115.0
"Fixed 1333521, pilot",55,10,74,"D 1,3 -> 7,11",12,False,1.0,1334007.0,1,False,0.03794805381818466,7.93,14674122.0
"Fixed 1333521, pilot",55,11,23,"D 0,1 -> 6,7",12,False,0.4917676787213092,1334016.0,1,False,0.03794805381818466,7.97,16008138.0
"Fixed 1333521, pilot",55,12,3,S 0 -> 10,12,False,0.9602784880876192,1334010.0,1,False,0.03794918015974683,7.93,17342148.0
"Fixed 1333521, pilot",55,13,39,"D 0,3 -> 4,7",12,False,1.0,1334000.0,1,False,0.03795621895869155,7.95,18676148.0
"Fixed 1333521, pilot",55,14,44,"D 0,3 -> 5,10",12,False,0.8197299171799568,1334015.0,1,False,0.03795621895869155,7.89,20010163.0
"Fixed 1333521, pilot",55,15,48,"D 0,3 -> 7,8",12,False,1.0,1334006.0,1,False,0.03800610406908433,7.94,21344169.0
"Fixed 1333521, pilot",56,0,91,"D 2,3 -> 10,11",91,True,0.0,1333994.0,1,False,0.24318730437372557,7.84,1333994.0
"Fixed 1333521, pilot",56,1,82,"D 2,3 -> 5,10",79,True,2.220446049250313e-16,1334020.0,1,False,0.16102697871065078,8.01,2668014.0
"Fixed 1333521, pilot",56,2,79,"D 2,3 -> 4,11",79,True,0.0,1334006.0,1,False,0.12998218965087896,8.0,4002020.0
"Fixed 1333521, pilot",56,3,76,"D 2,3 -> 4,5",76,True,0.0,1333999.0,1,False,0.1560411524745777,7.9,5336019.0
"Fixed 1333521, pilot",56,4,22,"D 0,1 -> 5,10",8,False,0.9327348534292613,1334000.0,1,False,0.038065010303649234,7.98,6670019.0
"Fixed 1333521, pilot",56,5,24,"D 0,1 -> 6,9",12,False,1.0,1333996.0,1,False,0.03807016558475319,8.12,8004015.0
"Fixed 1333521, pilot",56,6,33,"D 0,2 -> 4,8",12,False,1.0,1334014.0,1,False,0.03807016399905374,7.95,9338029.0
"Fixed 1333521, pilot",56,7,16,"D 0,1 -> 4,5",12,False,0.12910053886092188,1334004.0,1,False,0.03807016399905374,7.9,10672033.0
"Fixed 1333521, pilot",56,8,23,"D 0,1 -> 6,7",12,False,0.49027073450079484,1334033.0,1,False,0.03794794150731898,7.92,12006066.0
"Fixed 1333521, pilot",56,9,36,"D 0,2 -> 6,10",12,False,1.0,1334010.0,1,False,0.037949066708530536,7.96,13340076.0
"Fixed 1333521, pilot",56,10,18,"D 0,1 -> 4,9",12,False,1.0,1334007.0,1,False,0.037949066708530536,7.96,14674083.0
"Fixed 1333521, pilot",56,11,31,"D 0,1 -> 10,11",12,False,0.7191372183440972,1334017.0,1,False,0.037949066708530536,7.97,16008100.0
"Fixed 1333521, pilot",56,12,58,"D 1,2 -> 5,6",12,False,1.0,1334011.0,1,False,0.03794721262368898,8.04,17342111.0
"Fixed 1333521, pilot",56,13,12,S 3 -> 5,12,True,0.0,1334003.0,1,False,0.03794721262368898,7.98,18676114.0
"Fixed 1333521, pilot",56,14,25,"D 0,1 -> 6,11",11,False,1.0,1334001.0,1,False,0.03302488914879197,7.87,20010115.0
"Fixed 1333521, pilot",56,15,74,"D 1,3 -> 7,11",11,False,1.0,1334018.0,1,False,0.03302488914879197,7.91,21344133.0
"Fixed 1333521, pilot",57,0,91,"D 2,3 -> 10,11",91,True,0.0,1334016.0,1,False,0.24318730437372557,7.8,1334016.0
"Fixed 1333521, pilot",57,1,82,"D 2,3 -> 5,10",79,True,2.220446049250313e-16,1334011.0,1,False,0.16102697871065078,8.01,2668027.0
"Fixed 1333521, pilot",57,2,79,"D 2,3 -> 4,11",79,True,0.0,1334024.0,1,False,0.12998218965087896,7.95,4002051.0
"Fixed 1333521, pilot",57,3,76,"D 2,3 -> 4,5",76,True,0.0,1334025.0,1,False,0.1560411524745777,8.03,5336076.0
"Fixed 1333521, pilot",57,4,54,"D 1,2 -> 4,5",8,False,0.9260459687307725,1334005.0,1,False,0.038065010303649234,7.97,6670081.0
"Fixed 1333521, pilot",57,5,54,"D 1,2 -> 4,5",12,False,0.999999998896104,1334022.0,1,False,0.03806632189487946,7.99,8004103.0
"Fixed 1333521, pilot",57,6,6,S 1 -> 9,12,False,1.0,1334004.0,1,False,0.03806632064543396,8.04,9338107.0
"Fixed 1333521, pilot",57,7,63,"D 1,2 -> 6,11",12,False,1.0,1334017.0,1,False,0.03806632064543396,8.01,10672124.0
"Fixed 1333521, pilot",57,8,8,S 2 -> 4,12,False,0.00021382844682960034,1334017.0,1,False,0.03806632064543396,7.95,12006141.0
"Fixed 1333521, pilot",57,9,16,"D 0,1 -> 4,5",15,False,0.15285903677727497,1334008.0,1,False,0.0331266962441184,7.9,13340149.0
"Fixed 1333521, pilot",57,10,24,"D 0,1 -> 6,9",15,False,1.0,1334006.0,1,False,0.03300495778510942,7.91,14674155.0
"Fixed 1333521, pilot",57,11,1,S 0 -> 6,15,False,1.0,1334014.0,1,False,0.03300495778510942,7.89,16008169.0
"Fixed 1333521, pilot",57,12,5,S 1 -> 7,15,False,1.0,1334004.0,1,False,0.03300495778510942,7.93,17342173.0
"Fixed 1333521, pilot",57,13,3,S 0 -> 10,15,False,0.8910531212853219,1334024.0,1,False,0.03300495778510942,7.97,18676197.0
"Fixed 1333521, pilot",57,14,0,S 0 -> 4,15,False,0.976503086921209,1334005.0,1,False,0.03303309276414235,7.94,20010202.0
"Fixed 1333521, pilot",57,15,19,"D 0,1 -> 4,11",15,False,0.8791699236978743,1333993.0,1,False,0.03302858857924529,7.96,21344195.0
"Fixed 1333521, pilot",58,0,91,"D 2,3 -> 10,11",91,True,0.0,1333984.0,1,False,0.24318730437372557,7.94,1333984.0
"Fixed 1333521, pilot",58,1,82,"D 2,3 -> 5,10",79,True,2.220446049250313e-16,1334017.0,1,False,0.16102697871065078,8.07,2668001.0
"Fixed 1333521, pilot",58,2,76,"D 2,3 -> 4,5",79,False,0.024066513654290578,1334018.0,1,False,0.12998218965087896,8.03,4002019.0
"Fixed 1333521, pilot",58,3,79,"D 2,3 -> 4,11",79,True,0.0,1334011.0,1,False,0.15572199872464462,7.98,5336030.0
"Fixed 1333521, pilot",58,4,16,"D 0,1 -> 4,5",8,False,0.12598100693647418,1334013.0,1,False,0.03806501943588732,8.03,6670043.0
"Fixed 1333521, pilot",58,5,63,"D 1,2 -> 6,11",8,False,1.0,1334002.0,1,False,0.037945507814192196,7.93,8004045.0
"Fixed 1333521, pilot",58,6,23,"D 0,1 -> 6,7",8,False,0.49024051710375227,1334019.0,1,False,0.037945507814192196,7.99,9338064.0
"Fixed 1333521, pilot",58,7,52,"D 0,3 -> 9,10",12,False,1.0,1334004.0,1,False,0.037946637224304865,7.96,10672068.0
"Fixed 1333521, pilot",58,8,68,"D 1,2 -> 9,10",12,False,1.0,1334006.0,1,False,0.037946637224304865,7.92,12006074.0
"Fixed 1333521, pilot",58,9,26,"D 0,1 -> 7,8",12,False,1.0,1334010.0,1,False,0.037946637224304865,7.98,13340084.0
"Fixed 1333521, pilot",58,10,60,"D 1,2 -> 5,10",12,False,0.8173045710862483,1334002.0,1,False,0.037946637224304865,7.98,14674086.0
"Fixed 1333521, pilot",58,11,28,"D 0,1 -> 8,9",8,False,0.4917822306400117,1334012.0,1,False,0.037955616253751226,7.98,16008098.0
"Fixed 1333521, pilot",58,12,60,"D 1,2 -> 5,10",8,False,0.9998556534212997,1334013.0,1,False,0.03795672478284558,7.98,17342111.0
"Fixed 1333521, pilot",58,13,31,"D 0,1 -> 10,11",12,False,0.7194677949420251,1334008.0,1,False,0.0379758064146942,8.03,18676119.0
"Fixed 1333521, pilot",58,14,22,"D 0,1 -> 5,10",12,False,0.9713433620988196,1334019.0,1,False,0.03797449918180933,8.03,20010138.0
"Fixed 1333521, pilot",58,15,63,"D 1,2 -> 6,11",12,False,1.0,1334008.0,1,False,0.03797702821557532,8.01,21344146.0
"Fixed 1333521, pilot",59,0,91,"D 2,3 -> 10,11",91,True,0.0,1334015.0,1,False,0.24318730437372557,7.73,1334015.0
"Fixed 1333521, pilot",59,1,79,"D 2,3 -> 4,11",79,True,0.0,1334006.0,1,False,0.16102697871065078,7.94,2668021.0
"Fixed 1333521, pilot",59,2,82,"D 2,3 -> 5,10",82,True,0.0,1334005.0,1,False,0.12998218947189707,7.94,4002026.0
"Fixed 1333521, pilot",59,3,76,"D 2,3 -> 4,5",76,True,0.0,1333999.0,1,False,0.15604115247457773,7.96,5336025.0
"Fixed 1333521, pilot",59,4,33,"D 0,2 -> 4,8",12,False,1.0,1334011.0,1,False,0.038065010303648644,7.95,6670036.0
"Fixed 1333521, pilot",59,5,26,"D 0,1 -> 7,8",12,False,1.0,1334008.0,1,False,0.038065010303648644,7.9,8004044.0
"Fixed 1333521, pilot",59,6,28,"D 0,1 -> 8,9",12,False,0.48606308727320346,1334017.0,1,False,0.038065010303648644,7.9,9338061.0
"Fixed 1333521, pilot",59,7,21,"D 0,1 -> 5,8",8,False,1.0,1334005.0,1,False,0.038065329746546625,7.91,10672066.0
"Fixed 1333521, pilot",59,8,62,"D 1,2 -> 6,9",8,False,1.0,1334024.0,1,False,0.038065329746546625,7.91,12006090.0
"Fixed 1333521, pilot",59,9,19,"D 0,1 -> 4,11",8,False,0.9327391464928175,1334015.0,1,False,0.038065329746546625,8.03,13340105.0
"Fixed 1333521, pilot",59,10,16,"D 0,1 -> 4,5",8,False,0.13211590160360143,1333997.0,1,False,0.03807046877019765,8.0,14674102.0
"Fixed 1333521, pilot",59,11,66,"D 1,2 -> 8,9",8,False,0.6641646058628049,1334007.0,1,False,0.03794901489685407,7.89,16008109.0
"Fixed 1333521, pilot",59,12,52,"D 0,3 -> 9,10",8,False,1.0,1334008.0,1,False,0.03800414988547454,7.93,17342117.0
"Fixed 1333521, pilot",59,13,23,"D 0,1 -> 6,7",8,False,0.4926229515622288,1333993.0,1,False,0.03800414988547454,7.93,18676110.0
"Fixed 1333521, pilot",59,14,67,"D 1,2 -> 8,11",8,False,1.0,1334010.0,1,False,0.03800525596175177,7.92,20010120.0
"Fixed 1333521, pilot",59,15,2,S 0 -> 8,8,False,1.0,1334005.0,1,False,0.03800525596175177,7.89,21344125.0
"Fixed 1778279, designed",0,0,91,"D 2,3 -> 10,11",91,True,0.0,1778773.0,1,False,0.24318730437372557,2.08,1778773.0
"Fixed 1778279, designed",0,1,79,"D 2,3 -> 4,11",79,True,0.0,1778783.0,1,False,0.16102697871065078,1.97,3557556.0
"Fixed 1778279, designed",0,2,82,"D 2,3 -> 5,10",82,True,0.0,1778761.0,1,False,0.12998218947189707,1.97,5336317.0
"Fixed 1778279, designed",0,3,76,"D 2,3 -> 4,5",76,True,0.0,1778770.0,1,False,0.15604115247457773,1.97,7115087.0
"Fixed 1778279, designed",0,4,16,"D 0,1 -> 4,5",12,False,0.1259807748087346,1778759.0,1,False,0.038065010303648644,1.95,8893846.0
"Fixed 1778279, designed",0,5,69,"D 1,2 -> 10,11",12,False,0.8293863115074835,1778772.0,1,False,0.03794550728419781,1.96,10672618.0
"Fixed 1778279, designed",0,6,27,"D 0,1 -> 7,10",8,False,1.0,1778773.0,1,False,0.037964150384805585,1.97,12451391.0
"Fixed 1778279, designed",0,7,17,"D 0,1 -> 4,7",8,False,1.0,1778773.0,1,False,0.03796415860039877,2.02,14230164.0
"Fixed 1778279, designed",0,8,56,"D 1,2 -> 4,9",8,False,1.0,1778773.0,1,False,0.03796416269776276,1.98,16008937.0
"Fixed 1778279, designed",0,9,47,"D 0,3 -> 6,11",8,False,1.0,1778773.0,1,False,0.03796416269776276,1.96,17787710.0
"Fixed 1778279, designed",0,10,23,"D 0,1 -> 6,7",8,False,0.4906358406309237,1778773.0,1,False,0.03796416269776276,1.97,19566483.0
"Fixed 1778279, designed",0,11,12,S 3 -> 5,8,False,0.00040988452266543796,1778771.0,1,False,0.037965282966318147,1.96,21345254.0
"Fixed 1778279, designed",0,12,31,"D 0,1 -> 10,11",11,False,0.6698389524729729,1778746.0,1,False,0.033010404037793234,1.98,23124000.0
"Fixed 1778279, designed",0,13,28,"D 0,1 -> 8,9",11,False,0.4151498673150016,1778750.0,1,False,0.03303026376017247,1.97,24902750.0
"Fixed 1778279, designed",0,14,68,"D 1,2 -> 9,10",11,False,1.0,1778751.0,1,False,0.03303099010274633,2.0,26681501.0
"Fixed 1778279, designed",0,15,45,"D 0,3 -> 6,7",11,False,0.5736262970115324,1778751.0,1,False,0.03303099010274633,2.04,28460252.0
"Fixed 1778279, designed",1,0,91,"D 2,3 -> 10,11",91,True,0.0,1778773.0,1,False,0.24318730437372557,2.08,1778773.0
"Fixed 1778279, designed",1,1,82,"D 2,3 -> 5,10",79,True,2.220446049250313e-16,1778783.0,1,False,0.16102697871065078,1.98,3557556.0
"Fixed 1778279, designed",1,2,76,"D 2,3 -> 4,5",79,False,0.024066513654290578,1778773.0,1,False,0.12998218965087896,1.96,5336329.0
"Fixed 1778279, designed",1,3,79,"D 2,3 -> 4,11",79,True,0.0,1778765.0,1,False,0.15572199872464462,1.97,7115094.0
"Fixed 1778279, designed",1,4,12,S 3 -> 5,8,False,3.4282463423629395e-08,1778759.0,1,False,0.03806501943588732,1.97,8893853.0
"Fixed 1778279, designed",1,5,40,"D 0,3 -> 4,9",11,False,1.0,1778744.0,1,False,0.03313194474467534,1.98,10672597.0
"Fixed 1778279, designed",1,6,64,"D 1,2 -> 7,8",11,False,1.0,1778744.0,1,False,0.03313194474467534,1.96,12451341.0
"Fixed 1778279, designed",1,7,16,"D 0,1 -> 4,5",11,False,0.15073336952172234,1778744.0,1,False,0.03313194474467534,1.98,14230085.0
"Fixed 1778279, designed",1,8,22,"D 0,1 -> 5,10",11,False,0.8783440202322479,1778749.0,1,False,0.03300845870732064,2.01,16008834.0
"Fixed 1778279, designed",1,9,50,"D 0,3 -> 8,9",11,False,0.5817318010063859,1778747.0,1,False,0.0330084967663689,2.02,17787581.0
"Fixed 1778279, designed",1,10,72,"D 1,3 -> 5,11",11,False,0.9381001554297139,1778750.0,1,False,0.03305060868105069,1.99,19566331.0
"Fixed 1778279, designed",1,11,1,S 0 -> 6,11,False,1.0,1778745.0,1,False,0.033057347718401055,1.97,21345076.0
"Fixed 1778279, designed",1,12,57,"D 1,2 -> 4,11",11,False,0.8259572829177992,1778745.0,1,False,0.033057347718401055,1.98,23123821.0
"Fixed 1778279, designed",1,13,23,"D 0,1 -> 6,7",11,False,0.4131555394561761,1778748.0,1,False,0.033064354780947595,1.98,24902569.0
"Fixed 1778279, designed",1,14,30,"D 0,1 -> 9,10",11,False,1.0,1778746.0,1,False,0.0330652302597944,1.98,26681315.0
"Fixed 1778279, designed",1,15,55,"D 1,2 -> 4,7",11,False,1.0,1778746.0,1,False,0.03306523045017207,1.97,28460061.0
"Fixed 1778279, designed",2,0,91,"D 2,3 -> 10,11",91,True,0.0,1778773.0,1,False,0.24318730437372557,2.06,1778773.0
"Fixed 1778279, designed",2,1,82,"D 2,3 -> 5,10",79,True,2.220446049250313e-16,1778783.0,1,False,0.16102697871065078,1.95,3557556.0
"Fixed 1778279, designed",2,2,76,"D 2,3 -> 4,5",79,False,0.024066513654290578,1778773.0,1,False,0.12998218965087896,1.96,5336329.0
"Fixed 1778279, designed",2,3,79,"D 2,3 -> 4,11",79,True,0.0,1778765.0,1,False,0.15572199872464462,1.95,7115094.0
"Fixed 1778279, designed",2,4,32,"D 0,2 -> 4,6",8,False,1.0,1778759.0,1,False,0.03806501943588732,1.97,8893853.0
"Fixed 1778279, designed",2,5,16,"D 0,1 -> 4,5",8,False,0.12598083959821582,1778759.0,1,False,0.03806501271233194,1.97,10672612.0
"Fixed 1778279, designed",2,6,21,"D 0,1 -> 5,8",8,False,1.0,1778772.0,1,False,0.037945509045544015,1.94,12451384.0
"Fixed 1778279, designed",2,7,45,"D 0,3 -> 6,7",8,False,0.6707517019345267,1778772.0,1,False,0.037945509045544015,1.98,14230156.0
"Fixed 1778279, designed",2,8,8,S 2 -> 4,12,False,0.001518723005019762,1778773.0,1,False,0.0379983268741217,1.96,16008929.0
"Fixed 1778279, designed",2,9,68,"D 1,2 -> 9,10",15,False,1.0,1778770.0,1,False,0.03297932371807105,1.97,17787699.0
"Fixed 1778279, designed",2,10,15,S 3 -> 11,15,True,0.0,1778770.0,1,False,0.03297932371807105,1.99,19566469.0
"Fixed 1778279, designed",3,0,91,"D 2,3 -> 10,11",91,True,0.0,1778773.0,1,False,0.24318730437372557,2.11,1778773.0
"Fixed 1778279, designed",3,1,79,"D 2,3 -> 4,11",79,True,0.0,1778783.0,1,False,0.16102697871065078,2.0,3557556.0
"Fixed 1778279, designed",3,2,76,"D 2,3 -> 4,5",82,False,0.024066516365316204,1778761.0,1,False,0.12998218947189707,2.0,5336317.0
"Fixed 1778279, designed",3,3,82,"D 2,3 -> 5,10",82,True,0.0,1778783.0,1,False,0.15572199591416286,2.01,7115100.0
"Fixed 1778279, designed",3,4,44,"D 0,3 -> 5,10",12,False,0.8216722939754297,1778759.0,1,False,0.038065025112214046,2.01,8893859.0
"Fixed 1778279, designed",3,5,1,S 0 -> 6,12,False,1.0,1778764.0,1,False,0.03811252644530548,2.02,10672623.0
"Fixed 1778279, designed",3,6,8,S 2 -> 4,12,False,0.0015663761381259356,1778764.0,1,False,0.03811252644530548,1.97,12451387.0
"Fixed 1778279, designed",3,7,1,S 0 -> 6,15,False,1.0,1778772.0,1,False,0.03313993718519487,1.98,14230159.0
"Fixed 1778279, designed",3,8,25,"D 0,1 -> 6,11",15,False,1.0,1778772.0,1,False,0.03313993718519487,1.98,16008931.0
"Fixed 1778279, designed",3,9,3,S 0 -> 10,15,False,0.8829143901773449,1778772.0,1,False,0.03313993718519487,1.98,17787703.0
"Fixed 1778279, designed",3,10,70,"D 1,3 -> 5,7",15,False,1.0,1778769.0,1,False,0.03317033175471584,2.0,19566472.0
"Fixed 1778279, designed",3,11,45,"D 0,3 -> 6,7",15,False,0.6290801805692834,1778769.0,1,False,0.03317033208032416,1.97,21345241.0
"Fixed 1778279, designed",3,12,11,S 2 -> 10,15,False,0.4075444837787012,1778772.0,1,False,0.033144642994068274,1.98,23124013.0
"Fixed 1778279, designed",3,13,20,"D 0,1 -> 5,6",16,False,1.0,1778761.0,1,False,0.026526845786435507,1.98,24902774.0
"Fixed 1778279, designed",3,14,59,"D 1,2 -> 5,8",16,False,1.0,1778761.0,1,False,0.026526845786435507,1.98,26681535.0
"Fixed 1778279, designed",3,15,28,"D 0,1 -> 8,9",16,False,0.2620450504964481,1778761.0,1,False,0.026526845786435507,1.98,28460296.0
"Fixed 1778279, designed",4,0,91,"D 2,3 -> 10,11",91,True,0.0,1778773.0,1,False,0.24318730437372557,2.03,1778773.0
"Fixed 1778279, designed",4,1,79,"D 2,3 -> 4,11",79,True,0.0,1778783.0,1,False,0.16102697871065078,1.94,3557556.0
"Fixed 1778279, designed",4,2,76,"D 2,3 -> 4,5",82,False,0.024066516365316204,1778761.0,1,False,0.12998218947189707,1.96,5336317.0
"Fixed 1778279, designed",4,3,82,"D 2,3 -> 5,10",82,True,0.0,1778783.0,1,False,0.15572199591416286,1.97,7115100.0
"Fixed 1778279, designed",4,4,7,S 1 -> 11,12,False,0.9596896135456366,1778759.0,1,False,0.038065025112214046,1.95,8893859.0
"Fixed 1778279, designed",4,5,24,"D 0,1 -> 6,9",8,False,1.0,1778759.0,1,False,0.03807211475017084,1.94,10672618.0
"Fixed 1778279, designed",4,6,16,"D 0,1 -> 4,5",8,False,0.12631550686048887,1778759.0,1,False,0.03807211475017084,1.95,12451377.0
"Fixed 1778279, designed",4,7,45,"D 0,3 -> 6,7",8,False,0.6708120787501319,1778772.0,1,False,0.03795237056994063,1.98,14230149.0
"Fixed 1778279, designed",4,8,12,S 3 -> 5,12,True,0.0,1778773.0,1,False,0.03800323949220911,1.96,16008922.0
"Fixed 1778279, designed",4,9,21,"D 0,1 -> 5,8",11,False,1.0,1778745.0,1,False,0.03309388366303046,1.97,17787667.0
"Fixed 1778279, designed",4,10,35,"D 0,2 -> 6,8",11,False,1.0,1778745.0,1,False,0.03309388366303046,1.97,19566412.0
"Fixed 1778279, designed",4,11,31,"D 0,1 -> 10,11",11,False,0.6756261468313223,1778745.0,1,False,0.03309388366303046,1.98,21345157.0
"Fixed 1778279, designed",4,12,65,"D 1,2 -> 7,10",11,False,1.0,1778746.0,1,False,0.03311433387439572,1.98,23123903.0
"Fixed 1778279, designed",4,13,42,"D 0,3 -> 5,6",11,False,1.0,1778746.0,1,False,0.03311433387439572,1.98,24902649.0
"Fixed 1778279, designed",4,14,23,"D 0,1 -> 6,7",11,False,0.3949872528812154,1778746.0,1,False,0.03311433387439572,1.98,26681395.0
"Fixed 1778279, designed",4,15,48,"D 0,3 -> 7,8",11,False,1.0,1778748.0,1,False,0.03311787339989661,1.99,28460143.0
"Fixed 1778279, designed",5,0,91,"D 2,3 -> 10,11",91,True,0.0,1778773.0,1,False,0.24318730437372557,2.08,1778773.0
"Fixed 1778279, designed",5,1,82,"D 2,3 -> 5,10",79,True,2.220446049250313e-16,1778783.0,1,False,0.16102697871065078,2.0,3557556.0
"Fixed 1778279, designed",5,2,76,"D 2,3 -> 4,5",79,False,0.024066513654290578,1778773.0,1,False,0.12998218965087896,1.96,5336329.0
"Fixed 1778279, designed",5,3,79,"D 2,3 -> 4,11",79,True,0.0,1778765.0,1,False,0.15572199872464462,1.95,7115094.0
"Fixed 1778279, designed",5,4,16,"D 0,1 -> 4,5",8,False,0.12598100693647418,1778759.0,1,False,0.03806501943588732,1.94,8893853.0
"Fixed 1778279, designed",5,5,61,"D 1,2 -> 6,7",8,False,0.6707516911046357,1778772.0,1,False,0.037945507814192196,1.94,10672625.0
"Fixed 1778279, designed",5,6,28,"D 0,1 -> 8,9",8,False,0.49095380250720877,1778769.0,1,False,0.037998327155716556,1.96,12451394.0
"Fixed 1778279, designed",5,7,73,"D 1,3 -> 7,9",8,False,1.0,1778771.0,1,False,0.03799945631132655,1.96,14230165.0
"Fixed 1778279, designed",5,8,70,"D 1,3 -> 5,7",8,False,1.0,1778771.0,1,False,0.03799945631132655,1.93,16008936.0
"Fixed 1778279, designed",5,9,67,"D 1,2 -> 8,11",8,False,1.0,1778771.0,1,False,0.03799945631132655,1.95,17787707.0
"Fixed 1778279, designed",5,10,35,"D 0,2 -> 6,8",8,False,1.0,1778771.0,1,False,0.03799945631132655,1.93,19566478.0
"Fixed 1778279, designed",5,11,8,S 2 -> 4,8,True,0.0,1778771.0,1,False,0.03799945631132655,1.95,21345249.0
"Fixed 1778279, designed",5,12,2,S 0 -> 8,15,False,1.0,1778782.0,1,False,0.03306662663677146,1.96,23124031.0
"Fixed 1778279, designed",5,13,43,"D 0,3 -> 5,8",15,False,1.0,1778782.0,1,False,0.03306662663677146,1.95,24902813.0
"Fixed 1778279, designed",5,14,15,S 3 -> 11,15,True,0.0,1778782.0,1,False,0.03306662663677146,1.95,26681595.0
"Fixed 1778279, designed",6,0,91,"D 2,3 -> 10,11",91,True,0.0,1778773.0,1,False,0.24318730437372557,2.04,1778773.0
"Fixed 1778279, designed",6,1,82,"D 2,3 -> 5,10",79,True,2.220446049250313e-16,1778783.0,1,False,0.16102697871065078,2.06,3557556.0
"Fixed 1778279, designed",6,2,76,"D 2,3 -> 4,5",79,False,0.024066513654290578,1778773.0,1,False,0.12998218965087896,2.05,5336329.0
"Fixed 1778279, designed",6,3,79,"D 2,3 -> 4,11",79,True,0.0,1778765.0,1,False,0.15572199872464462,2.04,7115094.0
"Fixed 1778279, designed",6,4,23,"D 0,1 -> 6,7",8,False,0.4860632105726165,1778759.0,1,False,0.03806501943588732,1.99,8893853.0
"Fixed 1778279, designed",6,5,25,"D 0,1 -> 6,11",12,False,1.0,1778760.0,1,False,0.03806532980138504,1.98,10672613.0
"Fixed 1778279, designed",6,6,16,"D 0,1 -> 4,5",12,False,0.12899713751771502,1778760.0,1,False,0.03806532980138504,1.98,12451373.0
"Fixed 1778279, designed",6,7,27,"D 0,1 -> 7,10",8,False,1.0,1778770.0,1,False,0.03794658540595323,2.0,14230143.0
"Fixed 1778279, designed",6,8,28,"D 0,1 -> 8,9",8,False,0.4918115607086182,1778770.0,1,False,0.03794658540595323,1.97,16008913.0
"Fixed 1778279, designed",6,9,34,"D 0,2 -> 4,10",12,False,0.9958124985403117,1778771.0,1,False,0.0379477035479495,1.99,17787684.0
"Fixed 1778279, designed",6,10,72,"D 1,3 -> 5,11",12,False,0.9958016114532516,1778771.0,1,False,0.037948010883690104,1.99,19566455.0
"Fixed 1778279, designed",6,11,29,"D 0,1 -> 8,11",12,False,1.0,1778772.0,1,False,0.03794726939486514,1.96,21345227.0
"Fixed 1778279, designed",6,12,8,S 2 -> 4,12,False,2.5540982329097517e-08,1778772.0,1,False,0.03794726939486514,1.98,23123999.0
"Fixed 1778279, designed",6,13,31,"D 0,1 -> 10,11",15,False,0.6790039799079197,1778775.0,1,False,0.03301075381217672,1.97,24902774.0
"Fixed 1778279, designed",6,14,57,"D 1,2 -> 4,11",15,False,0.7068887832648015,1778774.0,1,False,0.03303004803256909,1.98,26681548.0
"Fixed 1778279, designed",6,15,36,"D 0,2 -> 6,10",15,False,1.0,1778779.0,1,False,0.03308552952581184,1.97,28460327.0
"Fixed 1778279, designed",7,0,91,"D 2,3 -> 10,11",91,True,0.0,1778773.0,1,False,0.24318730437372557,2.16,1778773.0
"Fixed 1778279, designed",7,1,79,"D 2,3 -> 4,11",79,True,0.0,1778783.0,1,False,0.16102697871065078,2.03,3557556.0
"Fixed 1778279, designed",7,2,76,"D 2,3 -> 4,5",82,False,0.024066516365316204,1778761.0,1,False,0.12998218947189707,1.99,5336317.0
"Fixed 1778279, designed",7,3,82,"D 2,3 -> 5,10",82,True,0.0,1778783.0,1,False,0.15572199591416286,2.04,7115100.0
"Fixed 1778279, designed",7,4,68,"D 1,2 -> 9,10",12,False,1.0,1778759.0,1,False,0.038065025112214046,2.02,8893859.0
"Fixed 1778279, designed",7,5,6,S 1 -> 9,12,False,1.0,1778759.0,1,False,0.038065025112214046,2.02,10672618.0
"Fixed 1778279, designed",7,6,16,"D 0,1 -> 4,5",12,False,0.12598115105696928,1778759.0,1,False,0.038065025112214046,2.01,12451377.0
"Fixed 1778279, designed",7,7,35,"D 0,2 -> 6,8",12,False,1.0,1778772.0,1,False,0.03794550904773174,2.03,14230149.0
"Fixed 1778279, designed",7,8,12,S 3 -> 5,12,True,0.0,1778772.0,1,False,0.03794550904773174,2.04,16008921.0
"Fixed 1778279, designed",7,9,43,"D 0,3 -> 5,8",11,False,1.0,1778751.0,1,False,0.03300547767371812,2.02,17787672.0
"Fixed 1778279, designed",7,10,68,"D 1,2 -> 9,10",11,False,1.0,1778751.0,1,False,0.03300547767371812,2.03,19566423.0
"Fixed 1778279, designed",7,11,57,"D 1,2 -> 4,11",11,False,0.823858493017011,1778751.0,1,False,0.03300547767371812,1.97,21345174.0
"Fixed 1778279, designed",7,12,50,"D 0,3 -> 8,9",11,False,0.5816315102998577,1778749.0,1,False,0.03301355397372457,1.98,23123923.0
"Fixed 1778279, designed",7,13,43,"D 0,3 -> 5,8",11,False,1.0,1778749.0,1,False,0.03305571188036759,2.01,24902672.0
"Fixed 1778279, designed",7,14,29,"D 0,1 -> 8,11",11,False,1.0,1778749.0,1,False,0.03305571188036759,1.99,26681421.0
"Fixed 1778279, designed",7,15,22,"D 0,1 -> 5,10",11,False,0.8770919585638969,1778749.0,1,False,0.03305571188036759,1.98,28460170.0
"Fixed 1778279, designed",8,0,91,"D 2,3 -> 10,11",91,True,0.0,1778773.0,1,False,0.24318730437372557,2.15,1778773.0
"Fixed 1778279, designed",8,1,82,"D 2,3 -> 5,10",79,True,2.220446049250313e-16,1778783.0,1,False,0.16102697871065078,2.02,3557556.0
"Fixed 1778279, designed",8,2,79,"D 2,3 -> 4,11",79,True,0.0,1778773.0,1,False,0.12998218965087896,1.98,5336329.0
"Fixed 1778279, designed",8,3,76,"D 2,3 -> 4,5",76,True,0.0,1778770.0,1,False,0.1560411524745777,1.98,7115099.0
"Fixed 1778279, designed",8,4,27,"D 0,1 -> 7,10",8,False,1.0,1778759.0,1,False,0.038065010303649234,1.98,8893858.0
"Fixed 1778279, designed",8,5,28,"D 0,1 -> 8,9",8,False,0.4860630872732127,1778759.0,1,False,0.038065010303649234,1.99,10672617.0
"Fixed 1778279, designed",8,6,45,"D 0,3 -> 6,7",12,False,0.6718152008402798,1778762.0,1,False,0.03806531961054786,1.97,12451379.0
"Fixed 1778279, designed",8,7,8,S 2 -> 4,12,False,0.001513739138854664,1778762.0,1,False,0.03811814833373485,1.98,14230141.0
"Fixed 1778279, designed",8,8,23,"D 0,1 -> 6,7",15,False,0.396971551983887,1778774.0,1,False,0.03310580318410283,1.98,16008915.0
"Fixed 1778279, designed",8,9,50,"D 0,3 -> 8,9",15,False,0.6247804116688493,1778773.0,1,False,0.033104768290136366,1.99,17787688.0
"Fixed 1778279, designed",8,10,59,"D 1,2 -> 5,8",15,False,1.0,1778775.0,1,False,0.03307798139537094,2.03,19566463.0
"Fixed 1778279, designed",8,11,41,"D 0,3 -> 4,11",15,False,0.7772991241456293,1778775.0,1,False,0.03307798139537094,1.98,21345238.0
"Fixed 1778279, designed",8,12,25,"D 0,1 -> 6,11",15,False,1.0,1778776.0,1,False,0.03308441489617869,1.98,23124014.0
"Fixed 1778279, designed",8,13,63,"D 1,2 -> 6,11",15,False,1.0,1778776.0,1,False,0.03308441489617869,2.02,24902790.0
"Fixed 1778279, designed",8,14,15,S 3 -> 11,15,True,0.0,1778776.0,1,False,0.03308441489617869,2.0,26681566.0
"Fixed 1778279, designed",9,0,91,"D 2,3 -> 10,11",91,True,0.0,1778773.0,1,False,0.24318730437372557,2.12,1778773.0
"Fixed 1778279, designed",9,1,79,"D 2,3 -> 4,11",79,True,0.0,1778783.0,1,False,0.16102697871065078,2.05,3557556.0
"Fixed 1778279, designed",9,2,82,"D 2,3 -> 5,10",82,True,0.0,1778761.0,1,False,0.12998218947189707,1.97,5336317.0
"Fixed 1778279, designed",9,3,76,"D 2,3 -> 4,5",76,True,0.0,1778770.0,1,False,0.15604115247457773,1.97,7115087.0
"Fixed 1778279, designed",9,4,60,"D 1,2 -> 5,10",12,False,0.8167919311796207,1778759.0,1,False,0.038065010303648644,1.95,8893846.0
"Fixed 1778279, designed",9,5,16,"D 0,1 -> 4,5",8,False,0.12667420309376487,1778759.0,1,False,0.038073969143748075,1.95,10672605.0
"Fixed 1778279, designed",9,6,36,"D 0,2 -> 6,10",8,False,1.0,1778769.0,1,False,0.03795447826495892,1.94,12451374.0
"Fixed 1778279, designed",9,7,12,S 3 -> 5,8,False,2.225918002429772e-05,1778769.0,1,False,0.03795447826495892,1.95,14230143.0
"Fixed 1778279, designed",9,8,50,"D 0,3 -> 8,9",11,False,0.5815170869885464,1778748.0,1,False,0.03301198685386026,1.93,16008891.0
"Fixed 1778279, designed",9,9,30,"D 0,1 -> 9,10",11,False,1.0,1778747.0,1,False,0.03305414020665205,1.95,17787638.0
"Fixed 1778279, designed",9,10,46,"D 0,3 -> 6,9",11,False,1.0,1778747.0,1,False,0.03305414258068204,1.94,19566385.0
"Fixed 1778279, designed",9,11,23,"D 0,1 -> 6,7",11,False,0.41276445606867895,1778747.0,1,False,0.03305414258068204,1.97,21345132.0
"Fixed 1778279, designed",9,12,33,"D 0,2 -> 4,8",11,False,1.0,1778745.0,1,False,0.03305503305788155,1.96,23123877.0
"Fixed 1778279, designed",9,13,31,"D 0,1 -> 10,11",11,False,0.6782751271934546,1778745.0,1,False,0.03305503305788155,1.96,24902622.0
"Fixed 1778279, designed",9,14,42,"D 0,3 -> 5,6",11,False,1.0,1778749.0,1,False,0.033074530787269386,1.97,26681371.0
"Fixed 1778279, designed",9,15,41,"D 0,3 -> 4,11",11,False,0.7785439646878999,1778749.0,1,False,0.033074530787269386,2.05,28460120.0
"Fixed 1778279, designed",10,0,91,"D 2,3 -> 10,11",91,True,0.0,1778773.0,1,False,0.24318730437372557,2.08,1778773.0
"Fixed 1778279, designed",10,1,79,"D 2,3 -> 4,11",79,True,0.0,1778783.0,1,False,0.16102697871065078,2.1,3557556.0
"Fixed 1778279, designed",10,2,82,"D 2,3 -> 5,10",82,True,0.0,1778761.0,1,False,0.12998218947189707,2.02,5336317.0
"Fixed 1778279, designed",10,3,76,"D 2,3 -> 4,5",76,True,0.0,1778770.0,1,False,0.15604115247457773,1.95,7115087.0
"Fixed 1778279, designed",10,4,16,"D 0,1 -> 4,5",12,False,0.1259807748087346,1778759.0,1,False,0.038065010303648644,1.95,8893846.0
"Fixed 1778279, designed",10,5,53,"D 0,3 -> 10,11",12,False,0.8293863118867016,1778772.0,1,False,0.03794550728419781,1.95,10672618.0
"Fixed 1778279, designed",10,6,12,S 3 -> 5,12,True,0.0,1778769.0,1,False,0.0379641580163183,1.95,12451387.0
"Fixed 1778279, designed",10,7,58,"D 1,2 -> 5,6",11,False,1.0,1778749.0,1,False,0.03302647249627104,1.97,14230136.0
"Fixed 1778279, designed",10,8,31,"D 0,1 -> 10,11",11,False,0.6660131055525803,1778749.0,1,False,0.03302647249627104,1.95,16008885.0
"Fixed 1778279, designed",10,9,52,"D 0,3 -> 9,10",11,False,1.0,1778750.0,1,False,0.03304767620956659,1.93,17787635.0
"Fixed 1778279, designed",10,10,32,"D 0,2 -> 4,6",11,False,1.0,1778750.0,1,False,0.03304767620956659,1.92,19566385.0
"Fixed 1778279, designed",10,11,43,"D 0,3 -> 5,8",11,False,1.0,1778750.0,1,False,0.03304767620956659,1.94,21345135.0
"Fixed 1778279, designed",10,12,48,"D 0,3 -> 7,8",11,False,1.0,1778750.0,1,False,0.03304767620956659,1.93,23123885.0
"Fixed 1778279, designed",10,13,59,"D 1,2 -> 5,8",11,False,1.0,1778750.0,1,False,0.03304767620956659,1.92,24902635.0
"Fixed 1778279, designed",10,14,50,"D 0,3 -> 8,9",11,False,0.5837787355312014,1778750.0,1,False,0.03304767620956659,1.93,26681385.0
"Fixed 1778279, designed",10,15,45,"D 0,3 -> 6,7",11,False,0.5872239834937891,1778749.0,1,False,0.033089251572906965,1.93,28460134.0
"Fixed 1778279, designed",11,0,91,"D 2,3 -> 10,11",91,True,0.0,1778773.0,1,False,0.24318730437372557,1.97,1778773.0
"Fixed 1778279, designed",11,1,79,"D 2,3 -> 4,11",79,True,0.0,1778783.0,1,False,0.16102697871065078,1.92,3557556.0
"Fixed 1778279, designed",11,2,82,"D 2,3 -> 5,10",82,True,0.0,1778761.0,1,False,0.12998218947189707,1.94,5336317.0
"Fixed 1778279, designed",11,3,76,"D 2,3 -> 4,5",76,True,0.0,1778770.0,1,False,0.15604115247457773,1.92,7115087.0
"Fixed 1778279, designed",11,4,35,"D 0,2 -> 6,8",12,False,1.0,1778759.0,1,False,0.038065010303648644,1.93,8893846.0
"Fixed 1778279, designed",11,5,8,S 2 -> 4,12,True,2.3575208452086827e-10,1778759.0,1,False,0.038065010303648644,1.94,10672605.0
"Fixed 1778279, designed",11,6,15,S 3 -> 11,15,True,0.0,1778771.0,1,False,0.033131943710163925,1.94,12451376.0
"Fixed 1778279, designed",12,0,91,"D 2,3 -> 10,11",91,True,0.0,1778773.0,1,False,0.24318730437372557,1.92,1778773.0
"Fixed 1778279, designed",12,1,82,"D 2,3 -> 5,10",79,True,2.220446049250313e-16,1778783.0,1,False,0.16102697871065078,1.92,3557556.0
"Fixed 1778279, designed",12,2,76,"D 2,3 -> 4,5",79,False,0.024066513654290578,1778773.0,1,False,0.12998218965087896,1.92,5336329.0
"Fixed 1778279, designed",12,3,79,"D 2,3 -> 4,11",79,True,0.0,1778765.0,1,False,0.15572199872464462,1.93,7115094.0
"Fixed 1778279, designed",12,4,16,"D 0,1 -> 4,5",8,False,0.12598100693647418,1778759.0,1,False,0.03806501943588732,1.92,8893853.0
"Fixed 1778279, designed",12,5,28,"D 0,1 -> 8,9",8,False,0.4902405171037526,1778772.0,1,False,0.037945507814192196,1.93,10672625.0
"Fixed 1778279, designed",12,6,12,S 3 -> 5,12,True,0.0,1778772.0,1,False,0.03794663822228408,1.92,12451397.0
"Fixed 1778279, designed",12,7,85,"D 2,3 -> 6,11",11,False,1.0,1778749.0,1,False,0.0330063440125022,1.93,14230146.0
"Fixed 1778279, designed",12,8,50,"D 0,3 -> 8,9",11,False,0.5731766888467307,1778749.0,1,False,0.0330063440125022,1.92,16008895.0
"Fixed 1778279, designed",12,9,11,S 2 -> 10,11,True,0.0,1778752.0,1,False,0.03305032682563074,1.94,17787647.0
"Fixed 1778279, designed",13,0,91,"D 2,3 -> 10,11",91,True,0.0,1778773.0,1,False,0.24318730437372557,1.95,1778773.0
"Fixed 1778279, designed",13,1,79,"D 2,3 -> 4,11",79,True,0.0,1778783.0,1,False,0.16102697871065078,1.96,3557556.0
"Fixed 1778279, designed",13,2,82,"D 2,3 -> 5,10",82,True,0.0,1778761.0,1,False,0.12998218947189707,1.96,5336317.0
"Fixed 1778279, designed",13,3,76,"D 2,3 -> 4,5",76,True,0.0,1778770.0,1,False,0.15604115247457773,2.02,7115087.0
"Fixed 1778279, designed",13,4,61,"D 1,2 -> 6,7",12,False,0.6718113927335867,1778759.0,1,False,0.038065010303648644,2.05,8893846.0
"Fixed 1778279, designed",13,5,28,"D 0,1 -> 8,9",8,False,0.4867797329080136,1778761.0,1,False,0.03811782427338944,2.05,10672607.0
"Fixed 1778279, designed",13,6,44,"D 0,3 -> 5,10",8,False,0.8215888444279063,1778761.0,1,False,0.038118144182458014,1.95,12451368.0
"Fixed 1778279, designed",13,7,23,"D 0,1 -> 6,7",12,False,0.47587551278147,1778766.0,1,False,0.03810806649850339,1.94,14230134.0
"Fixed 1778279, designed",13,8,12,S 3 -> 5,8,False,1.3569392105727829e-05,1778764.0,1,False,0.03810861807591766,1.94,16008898.0
"Fixed 1778279, designed",13,9,73,"D 1,3 -> 7,9",11,False,1.0,1778744.0,1,False,0.03315122440693164,1.93,17787642.0
"Fixed 1778279, designed",13,10,45,"D 0,3 -> 6,7",11,False,0.5762405478381958,1778744.0,1,False,0.03315122440693164,1.93,19566386.0
"Fixed 1778279, designed",13,11,28,"D 0,1 -> 8,9",11,False,0.9997225058100163,1778744.0,1,False,0.03319500367671884,1.93,21345130.0
"Fixed 1778279, designed",13,12,1,S 0 -> 6,11,False,1.0,1778747.0,1,False,0.033166216604421664,1.92,23123877.0
"Fixed 1778279, designed",13,13,49,"D 0,3 -> 7,10",11,False,1.0,1778747.0,1,False,0.033166216772558973,1.93,24902624.0
"Fixed 1778279, designed",13,14,50,"D 0,3 -> 8,9",11,False,0.5795425994880363,1778747.0,1,False,0.033166216772558973,1.95,26681371.0
"Fixed 1778279, designed",13,15,11,S 2 -> 10,11,True,0.0,1778743.0,1,False,0.03320940566929532,1.93,28460114.0
"Fixed 1778279, designed",14,0,91,"D 2,3 -> 10,11",91,True,0.0,1778773.0,1,False,0.24318730437372557,1.91,1778773.0
"Fixed 1778279, designed",14,1,82,"D 2,3 -> 5,10",79,True,2.220446049250313e-16,1778783.0,1,False,0.16102697871065078,1.94,3557556.0
"Fixed 1778279, designed",14,2,79,"D 2,3 -> 4,11",79,True,0.0,1778773.0,1,False,0.12998218965087896,1.96,5336329.0
"Fixed 1778279, designed",14,3,76,"D 2,3 -> 4,5",76,True,0.0,1778770.0,1,False,0.1560411524745777,1.95,7115099.0
"Fixed 1778279, designed",14,4,50,"D 0,3 -> 8,9",8,False,0.6718113927335927,1778759.0,1,False,0.038065010303649234,2.07,8893858.0
"Fixed 1778279, designed",14,5,57,"D 1,2 -> 4,11",12,False,0.8215838030167969,1778760.0,1,False,0.038117825182008264,2.08,10672618.0
"Fixed 1778279, designed",14,6,59,"D 1,2 -> 5,8",8,False,1.0,1778760.0,1,False,0.03810774073647125,1.96,12451378.0
"Fixed 1778279, designed",14,7,61,"D 1,2 -> 6,7",8,False,0.6716274102000614,1778760.0,1,False,0.03810774526281827,1.95,14230138.0
"Fixed 1778279, designed",14,8,65,"D 1,2 -> 7,10",8,False,1.0,1778759.0,1,False,0.03816075749860666,1.99,16008897.0
"Fixed 1778279, designed",14,9,55,"D 1,2 -> 4,7",8,False,1.0,1778759.0,1,False,0.03816075749860666,2.0,17787656.0
"Fixed 1778279, designed",14,10,12,S 3 -> 5,8,False,0.0015744672398911863,1778759.0,1,False,0.03816075749860666,1.99,19566415.0
"Fixed 1778279, designed",14,11,45,"D 0,3 -> 6,7",11,False,0.5886365128409118,1778747.0,1,False,0.03317409520512048,1.95,21345162.0
"Fixed 1778279, designed",14,12,50,"D 0,3 -> 8,9",11,False,0.9867898200437389,1778750.0,1,False,0.033215191306395164,1.95,23123912.0
"Fixed 1778279, designed",14,13,72,"D 1,3 -> 5,11",11,False,0.9444485758168267,1778745.0,1,False,0.033210750538168486,1.94,24902657.0
"Fixed 1778279, designed",14,14,68,"D 1,2 -> 9,10",11,False,1.0,1778741.0,1,False,0.03321646202801393,1.99,26681398.0
"Fixed 1778279, designed",14,15,47,"D 0,3 -> 6,11",11,False,1.0,1778741.0,1,False,0.03321646168525752,2.02,28460139.0
"Fixed 1778279, designed",15,0,91,"D 2,3 -> 10,11",91,True,0.0,1778773.0,1,False,0.24318730437372557,2.0,1778773.0
"Fixed 1778279, designed",15,1,79,"D 2,3 -> 4,11",79,True,0.0,1778783.0,1,False,0.16102697871065078,1.97,3557556.0
"Fixed 1778279, designed",15,2,76,"D 2,3 -> 4,5",82,False,0.024066516365316204,1778761.0,1,False,0.12998218947189707,1.96,5336317.0
"Fixed 1778279, designed",15,3,82,"D 2,3 -> 5,10",82,True,0.0,1778783.0,1,False,0.15572199591416286,1.98,7115100.0
"Fixed 1778279, designed",15,4,54,"D 1,2 -> 4,5",12,False,0.9260459707004322,1778759.0,1,False,0.038065025112214046,2.0,8893859.0
"Fixed 1778279, designed",15,5,16,"D 0,1 -> 4,5",12,False,0.1289988531653723,1778760.0,1,False,0.03806632067466283,1.92,10672619.0
"Fixed 1778279, designed",15,6,47,"D 0,3 -> 6,11",12,False,1.0,1778771.0,1,False,0.037946911624244524,1.92,12451390.0
"Fixed 1778279, designed",15,7,70,"D 1,3 -> 5,7",12,False,1.0,1778771.0,1,False,0.037946911624244524,1.92,14230161.0
"Fixed 1778279, designed",15,8,61,"D 1,2 -> 6,7",12,False,0.669653194775934,1778771.0,1,False,0.037946911624244524,1.93,16008932.0
"Fixed 1778279, designed",15,9,72,"D 1,3 -> 5,11",8,False,0.9980146431231945,1778767.0,1,False,0.03799208738533573,1.93,17787699.0
"Fixed 1778279, designed",15,10,73,"D 1,3 -> 7,9",8,False,1.0,1778767.0,1,False,0.037992226590787166,1.94,19566466.0
"Fixed 1778279, designed",15,11,65,"D 1,2 -> 7,10",8,False,1.0,1778767.0,1,False,0.03799223168770178,1.95,21345233.0
"Fixed 1778279, designed",15,12,12,S 3 -> 5,8,False,0.001330706387543068,1778767.0,1,False,0.037992241353756395,1.93,23124000.0
"Fixed 1778279, designed",15,13,35,"D 0,2 -> 6,8",11,False,1.0,1778747.0,1,False,0.032981163803361115,1.94,24902747.0
"Fixed 1778279, designed",15,14,50,"D 0,3 -> 8,9",11,False,0.5812780548505218,1778747.0,1,False,0.032981163803361115,2.04,26681494.0
"Fixed 1778279, designed",15,15,1,S 0 -> 6,11,False,1.0,1778748.0,1,False,0.033023292816563785,2.06,28460242.0
"Fixed 1778279, designed",16,0,91,"D 2,3 -> 10,11",91,True,0.0,1778773.0,1,False,0.24318730437372557,1.94,1778773.0
"Fixed 1778279, designed",16,1,82,"D 2,3 -> 5,10",79,True,2.220446049250313e-16,1778783.0,1,False,0.16102697871065078,1.96,3557556.0
"Fixed 1778279, designed",16,2,76,"D 2,3 -> 4,5",79,False,0.024066513654290578,1778773.0,1,False,0.12998218965087896,1.95,5336329.0
"Fixed 1778279, designed",16,3,79,"D 2,3 -> 4,11",79,True,0.0,1778765.0,1,False,0.15572199872464462,1.96,7115094.0
"Fixed 1778279, designed",16,4,8,S 2 -> 4,8,True,0.0,1778759.0,1,False,0.03806501943588732,1.95,8893853.0
"Fixed 1778279, designed",16,5,22,"D 0,1 -> 5,10",15,False,0.9064798192459674,1778771.0,1,False,0.0331319484762535,1.94,10672624.0
"Fixed 1778279, designed",16,6,34,"D 0,2 -> 4,10",15,False,0.9393627727995574,1778768.0,1,False,0.03313234271583071,1.94,12451392.0
"Fixed 1778279, designed",16,7,50,"D 0,3 -> 8,9",15,False,0.6298669286945966,1778769.0,1,False,0.03313891645082251,1.93,14230161.0
"Fixed 1778279, designed",16,8,28,"D 0,1 -> 8,9",15,False,0.39527806955115385,1778770.0,1,False,0.03311284008811344,1.93,16008931.0
"Fixed 1778279, designed",16,9,84,"D 2,3 -> 6,9",15,False,1.0,1778771.0,1,False,0.03311181936632035,1.93,17787702.0
"Fixed 1778279, designed",16,10,5,S 1 -> 7,15,False,1.0,1778771.0,1,False,0.03311181936632035,1.93,19566473.0
"Fixed 1778279, designed",16,11,16,"D 0,1 -> 4,5",15,False,0.15728299240342314,1778771.0,1,False,0.03311181936632035,1.95,21345244.0
"Fixed 1778279, designed",16,12,34,"D 0,2 -> 4,10",15,False,0.9999906741576744,1778772.0,1,False,0.032990005191561256,1.92,23124016.0
"Fixed 1778279, designed",16,13,5,S 1 -> 7,15,False,1.0,1778772.0,1,False,0.032989374962092255,2.01,24902788.0
"Fixed 1778279, designed",16,14,67,"D 1,2 -> 8,11",15,False,1.0,1778772.0,1,False,0.032989374962092255,2.0,26681560.0
"Fixed 1778279, designed",16,15,35,"D 0,2 -> 6,8",15,False,1.0,1778772.0,1,False,0.032989374962092255,1.98,28460332.0
"Fixed 1778279, designed",17,0,91,"D 2,3 -> 10,11",91,True,0.0,1778773.0,1,False,0.24318730437372557,1.96,1778773.0
"Fixed 1778279, designed",17,1,79,"D 2,3 -> 4,11",79,True,0.0,1778783.0,1,False,0.16102697871065078,1.94,3557556.0
"Fixed 1778279, designed",17,2,76,"D 2,3 -> 4,5",82,False,0.024066516365316204,1778761.0,1,False,0.12998218947189707,1.92,5336317.0
"Fixed 1778279, designed",17,3,82,"D 2,3 -> 5,10",82,True,0.0,1778783.0,1,False,0.15572199591416286,1.92,7115100.0
"Fixed 1778279, designed",17,4,61,"D 1,2 -> 6,7",12,False,0.6718115192894134,1778759.0,1,False,0.038065025112214046,1.91,8893859.0
"Fixed 1778279, designed",17,5,16,"D 0,1 -> 4,5",8,False,0.1271774453632526,1778761.0,1,False,0.03811782424202019,1.92,10672620.0
"Fixed 1778279, designed",17,6,16,"D 0,1 -> 4,5",8,False,0.9999999996226063,1778769.0,1,False,0.03799832708642771,1.93,12451389.0
"Fixed 1778279, designed",17,7,27,"D 0,1 -> 7,10",8,False,1.0,1778769.0,1,False,0.03799832708642771,1.96,14230158.0
"Fixed 1778279, designed",17,8,3,S 0 -> 10,8,False,0.961140224917573,1778769.0,1,False,0.03799832708642771,1.96,16008927.0
"Fixed 1778279, designed",17,9,57,"D 1,2 -> 4,11",8,False,0.8207916898213565,1778770.0,1,False,0.03800325786380325,1.96,17787697.0
"Fixed 1778279, designed",17,10,35,"D 0,2 -> 6,8",8,False,1.0,1778770.0,1,False,0.038050952506479496,1.95,19566467.0
"Fixed 1778279, designed",17,11,65,"D 1,2 -> 7,10",8,False,1.0,1778770.0,1,False,0.038050952017832616,1.92,21345237.0
"Fixed 1778279, designed",17,12,34,"D 0,2 -> 4,10",8,False,0.9957297494624693,1778770.0,1,False,0.038050952017832616,1.92,23124007.0
"Fixed 1778279, designed",17,13,44,"D 0,3 -> 5,10",8,False,0.8192958851721651,1778770.0,1,False,0.03805017546632116,1.93,24902777.0
"Fixed 1778279, designed",17,14,45,"D 0,3 -> 6,7",8,False,0.6720137529290453,1778769.0,1,False,0.038038169849956095,1.95,26681546.0
"Fixed 1778279, designed",17,15,85,"D 2,3 -> 6,11",12,False,1.0,1778769.0,1,False,0.0380391904698957,1.97,28460315.0
"Fixed 1778279, designed",18,0,91,"D 2,3 -> 10,11",91,True,0.0,1778773.0,1,False,0.24318730437372557,1.94,1778773.0
"Fixed 1778279, designed",18,1,79,"D 2,3 -> 4,11",79,True,0.0,1778783.0,1,False,0.16102697871065078,1.95,3557556.0
"Fixed 1778279, designed",18,2,82,"D 2,3 -> 5,10",82,True,0.0,1778761.0,1,False,0.12998218947189707,1.95,5336317.0
"Fixed 1778279, designed",18,3,76,"D 2,3 -> 4,5",76,True,0.0,1778770.0,1,False,0.15604115247457773,1.94,7115087.0
"Fixed 1778279, designed",18,4,8,S 2 -> 4,12,True,2.3575208452086827e-10,1778759.0,1,False,0.038065010303648644,1.93,8893846.0
"Fixed 1778279, designed",18,5,28,"D 0,1 -> 8,9",15,False,0.40954222156396936,1778771.0,1,False,0.033131943710163925,1.93,10672617.0
"Fixed 1778279, designed",18,6,73,"D 1,3 -> 7,9",15,False,1.0,1778768.0,1,False,0.03313195247178696,1.94,12451385.0
"Fixed 1778279, designed",18,7,18,"D 0,1 -> 4,9",15,False,1.0,1778768.0,1,False,0.033131952444639345,1.94,14230153.0
"Fixed 1778279, designed",18,8,44,"D 0,3 -> 5,10",15,False,0.8242749021432112,1778768.0,1,False,0.033131952444639345,1.94,16008921.0
"Fixed 1778279, designed",18,9,68,"D 1,2 -> 9,10",15,False,1.0,1778772.0,1,False,0.03313994324512387,1.94,17787693.0
"Fixed 1778279, designed",18,10,31,"D 0,1 -> 10,11",15,False,0.6206086772566193,1778772.0,1,False,0.03313994324512387,1.97,19566465.0
"Fixed 1778279, designed",18,11,50,"D 0,3 -> 8,9",15,False,0.6221686121169065,1778772.0,1,False,0.033160268299111506,1.95,21345237.0
"Fixed 1778279, designed",18,12,5,S 1 -> 7,15,False,1.0,1778773.0,1,False,0.03313304260137789,1.95,23124010.0
"Fixed 1778279, designed",18,13,24,"D 0,1 -> 6,9",15,False,1.0,1778773.0,1,False,0.03313304260137789,2.03,24902783.0
"Fixed 1778279, designed",18,14,6,S 1 -> 9,15,False,1.0,1778773.0,1,False,0.03313304260137789,2.01,26681556.0
"Fixed 1778279, designed",18,15,4,S 1 -> 5,15,False,0.9773507318541227,1778773.0,1,False,0.03313304260137789,2.03,28460329.0
"Fixed 1778279, designed",19,0,91,"D 2,3 -> 10,11",91,True,0.0,1778773.0,1,False,0.24318730437372557,1.94,1778773.0
"Fixed 1778279, designed",19,1,82,"D 2,3 -> 5,10",79,True,2.220446049250313e-16,1778783.0,1,False,0.16102697871065078,1.93,3557556.0
"Fixed 1778279, designed",19,2,79,"D 2,3 -> 4,11",79,True,0.0,1778773.0,1,False,0.12998218965087896,1.93,5336329.0
"Fixed 1778279, designed",19,3,76,"D 2,3 -> 4,5",76,True,0.0,1778770.0,1,False,0.1560411524745777,1.91,7115099.0
"Fixed 1778279, designed",19,4,8,S 2 -> 4,8,True,0.0,1778759.0,1,False,0.038065010303649234,1.91,8893858.0
"Fixed 1778279, designed",19,5,28,"D 0,1 -> 8,9",15,False,0.40954222856638,1778771.0,1,False,0.03313194410308523,1.91,10672629.0
"Fixed 1778279, designed",19,6,0,S 0 -> 4,15,False,0.9948312426968863,1778768.0,1,False,0.03313195115651829,1.9,12451397.0
"Fixed 1778279, designed",19,7,36,"D 0,2 -> 6,10",15,False,1.0,1778770.0,1,False,0.03313298589811409,1.91,14230167.0
"Fixed 1778279, designed",19,8,45,"D 0,3 -> 6,7",15,False,0.6299012428940913,1778770.0,1,False,0.03313298589811409,1.93,16008937.0
"Fixed 1778279, designed",19,9,31,"D 0,1 -> 10,11",15,False,0.6198971564307069,1778774.0,1,False,0.033106109661454,1.92,17787711.0
"Fixed 1778279, designed",19,10,74,"D 1,3 -> 7,11",15,False,1.0,1778774.0,1,False,0.03312631336856153,1.9,19566485.0
"Fixed 1778279, designed",19,11,23,"D 0,1 -> 6,7",15,False,0.3981497830518661,1778774.0,1,False,0.03312631336856153,1.9,21345259.0
"Fixed 1778279, designed",19,12,56,"D 1,2 -> 4,9",15,False,1.0,1778773.0,1,False,0.03312494999163218,1.9,23124032.0
"Fixed 1778279, designed",19,13,73,"D 1,3 -> 7,9",15,False,1.0,1778773.0,1,False,0.0331249500225102,1.91,24902805.0
"Fixed 1778279, designed",19,14,16,"D 0,1 -> 4,5",15,False,0.18093628666704076,1778773.0,1,False,0.0331249500225102,1.92,26681578.0
"Fixed 1778279, designed",19,15,5,S 1 -> 7,15,False,1.0,1778773.0,1,False,0.0329974972938436,1.93,28460351.0
"Fixed 1778279, designed",20,0,91,"D 2,3 -> 10,11",91,True,0.0,1778773.0,1,False,0.24318730437372557,1.95,1778773.0
"Fixed 1778279, designed",20,1,79,"D 2,3 -> 4,11",79,True,0.0,1778783.0,1,False,0.16102697871065078,1.95,3557556.0
"Fixed 1778279, designed",20,2,76,"D 2,3 -> 4,5",82,False,0.024066516365316204,1778761.0,1,False,0.12998218947189707,1.95,5336317.0
"Fixed 1778279, designed",20,3,82,"D 2,3 -> 5,10",82,True,0.0,1778783.0,1,False,0.15572199591416286,1.93,7115100.0
"Fixed 1778279, designed",20,4,45,"D 0,3 -> 6,7",12,False,0.6718115192894136,1778759.0,1,False,0.038065025112214046,1.91,8893859.0
"Fixed 1778279, designed",20,5,17,"D 0,1 -> 4,7",12,False,1.0,1778762.0,1,False,0.03811782587959038,1.9,10672621.0
"Fixed 1778279, designed",20,6,67,"D 1,2 -> 8,11",12,False,1.0,1778762.0,1,False,0.03811782587959038,1.91,12451383.0
"Fixed 1778279, designed",20,7,23,"D 0,1 -> 6,7",12,False,0.47423119952071247,1778762.0,1,False,0.03811782587959038,1.92,14230145.0
"Fixed 1778279, designed",20,8,7,S 1 -> 11,12,False,0.9593748580483777,1778762.0,1,False,0.038120493580345284,1.92,16008907.0
"Fixed 1778279, designed",20,9,12,S 3 -> 5,12,True,0.0,1778761.0,1,False,0.03812563105621882,1.93,17787668.0
"Fixed 1778279, designed",20,10,70,"D 1,3 -> 5,7",11,False,1.0,1778744.0,1,False,0.03322344389783549,1.91,19566412.0
"Fixed 1778279, designed",20,11,16,"D 0,1 -> 4,5",11,False,0.15686464270384948,1778744.0,1,False,0.03322344389783549,1.9,21345156.0
"Fixed 1778279, designed",20,12,85,"D 2,3 -> 6,11",11,False,1.0,1778745.0,1,False,0.0331005342181389,1.9,23123901.0
"Fixed 1778279, designed",20,13,56,"D 1,2 -> 4,9",11,False,1.0,1778745.0,1,False,0.0331005342181389,1.93,24902646.0
"Fixed 1778279, designed",20,14,1,S 0 -> 6,11,False,1.0,1778745.0,1,False,0.0331005342181389,1.93,26681391.0
"Fixed 1778279, designed",20,15,41,"D 0,3 -> 4,11",11,False,0.7780920502102483,1778745.0,1,False,0.0331005342181389,1.92,28460136.0
"Fixed 1778279, designed",21,0,91,"D 2,3 -> 10,11",91,True,0.0,1778773.0,1,False,0.24318730437372557,1.97,1778773.0
"Fixed 1778279, designed",21,1,79,"D 2,3 -> 4,11",79,True,0.0,1778783.0,1,False,0.16102697871065078,1.94,3557556.0
"Fixed 1778279, designed",21,2,82,"D 2,3 -> 5,10",82,True,0.0,1778761.0,1,False,0.12998218947189707,2.01,5336317.0
"Fixed 1778279, designed",21,3,76,"D 2,3 -> 4,5",76,True,0.0,1778770.0,1,False,0.15604115247457773,2.01,7115087.0
"Fixed 1778279, designed",21,4,16,"D 0,1 -> 4,5",12,False,0.1259807748087346,1778759.0,1,False,0.038065010303648644,1.96,8893846.0
"Fixed 1778279, designed",21,5,32,"D 0,2 -> 4,6",12,False,1.0,1778772.0,1,False,0.03794550728419781,1.94,10672618.0
"Fixed 1778279, designed",21,6,46,"D 0,3 -> 6,9",12,False,1.0,1778772.0,1,False,0.03794550728419781,1.96,12451390.0
"Fixed 1778279, designed",21,7,28,"D 0,1 -> 8,9",12,False,0.490240509983043,1778772.0,1,False,0.03794550728419781,1.98,14230162.0
"Fixed 1778279, designed",21,8,67,"D 1,2 -> 8,11",8,False,1.0,1778772.0,1,False,0.03794663735117523,2.01,16008934.0
"Fixed 1778279, designed",21,9,58,"D 1,2 -> 5,6",8,False,1.0,1778772.0,1,False,0.03794663735117523,2.01,17787706.0
"Fixed 1778279, designed",21,10,62,"D 1,2 -> 6,9",8,False,1.0,1778772.0,1,False,0.03794663735117523,1.99,19566478.0
"Fixed 1778279, designed",21,11,8,S 2 -> 4,8,True,0.0,1778772.0,1,False,0.03794663735117523,1.96,21345250.0
"Fixed 1778279, designed",21,12,43,"D 0,3 -> 5,8",15,False,1.0,1778773.0,1,False,0.03300634402548869,1.99,23124023.0
"Fixed 1778279, designed",21,13,84,"D 2,3 -> 6,9",15,False,1.0,1778773.0,1,False,0.03300634402548869,2.06,24902796.0
"Fixed 1778279, designed",21,14,73,"D 1,3 -> 7,9",15,False,1.0,1778773.0,1,False,0.03300634402548869,2.04,26681569.0
"Fixed 1778279, designed",21,15,50,"D 0,3 -> 8,9",15,False,0.6209393987723278,1778773.0,1,False,0.03300634402548869,1.97,28460342.0
"Fixed 1778279, designed",22,0,91,"D 2,3 -> 10,11",91,True,0.0,1778773.0,1,False,0.24318730437372557,1.99,1778773.0
"Fixed 1778279, designed",22,1,82,"D 2,3 -> 5,10",79,True,2.220446049250313e-16,1778783.0,1,False,0.16102697871065078,2.01,3557556.0
"Fixed 1778279, designed",22,2,79,"D 2,3 -> 4,11",79,True,0.0,1778773.0,1,False,0.12998218965087896,1.98,5336329.0
"Fixed 1778279, designed",22,3,76,"D 2,3 -> 4,5",76,True,0.0,1778770.0,1,False,0.1560411524745777,2.0,7115099.0
"Fixed 1778279, designed",22,4,69,"D 1,2 -> 10,11",8,False,0.8298973611035462,1778759.0,1,False,0.038065010303649234,1.99,8893858.0
"Fixed 1778279, designed",22,5,8,S 2 -> 4,8,True,0.0,1778763.0,1,False,0.0380836611493415,1.98,10672621.0
"Fixed 1778279, designed",22,6,62,"D 1,2 -> 6,9",15,False,1.0,1778777.0,1,False,0.03315293955318255,1.95,12451398.0
"Fixed 1778279, designed",22,7,28,"D 0,1 -> 8,9",15,False,0.41010214395924327,1778777.0,1,False,0.03315293955318255,1.96,14230175.0
"Fixed 1778279, designed",22,8,66,"D 1,2 -> 8,9",15,False,0.5764767227129555,1778775.0,1,False,0.03315295246751282,1.95,16008950.0
"Fixed 1778279, designed",22,9,45,"D 0,3 -> 6,7",15,False,0.6307809461148446,1778771.0,1,False,0.03319631442546661,1.95,17787721.0
"Fixed 1778279, designed",22,10,49,"D 0,3 -> 7,10",15,False,1.0,1778778.0,1,False,0.033170187993308564,1.95,19566499.0
"Fixed 1778279, designed",22,11,23,"D 0,1 -> 6,7",15,False,0.3979817435908032,1778778.0,1,False,0.033170187993308564,1.96,21345277.0
"Fixed 1778279, designed",22,12,45,"D 0,3 -> 6,7",15,False,0.9997179848336775,1778776.0,1,False,0.03316913951610717,1.95,23124053.0
"Fixed 1778279, designed",22,13,74,"D 1,3 -> 7,11",15,False,1.0,1778775.0,1,False,0.03318051756804019,1.99,24902828.0
"Fixed 1778279, designed",22,14,64,"D 1,2 -> 7,8",15,False,1.0,1778775.0,1,False,0.03318051287278467,2.0,26681603.0
"Fixed 1778279, designed",22,15,15,S 3 -> 11,15,True,0.0,1778775.0,1,False,0.033180512659089945,1.98,28460378.0
"Fixed 1778279, designed",23,0,91,"D 2,3 -> 10,11",91,True,0.0,1778773.0,1,False,0.24318730437372557,2.01,1778773.0
"Fixed 1778279, designed",23,1,82,"D 2,3 -> 5,10",79,True,2.220446049250313e-16,1778783.0,1,False,0.16102697871065078,2.01,3557556.0
"Fixed 1778279, designed",23,2,76,"D 2,3 -> 4,5",79,False,0.024066513654290578,1778773.0,1,False,0.12998218965087896,2.01,5336329.0
"Fixed 1778279, designed",23,3,79,"D 2,3 -> 4,11",79,True,0.0,1778765.0,1,False,0.15572199872464462,2.0,7115094.0
"Fixed 1778279, designed",23,4,51,"D 0,3 -> 8,11",8,False,1.0,1778759.0,1,False,0.03806501943588732,2.0,8893853.0
"Fixed 1778279, designed",23,5,8,S 2 -> 4,8,True,0.0,1778759.0,1,False,0.03806501271233194,2.01,10672612.0
"Fixed 1778279, designed",23,6,4,S 1 -> 5,15,False,0.9799417189462115,1778771.0,1,False,0.03313194895732069,2.01,12451383.0
"Fixed 1778279, designed",23,7,28,"D 0,1 -> 8,9",15,False,0.40939079970005066,1778771.0,1,False,0.03312879693810916,2.0,14230154.0
"Fixed 1778279, designed",23,8,3,S 0 -> 10,15,False,0.8893854073766776,1778770.0,1,False,0.03312864257788656,2.0,16008924.0
"Fixed 1778279, designed",23,9,23,"D 0,1 -> 6,7",15,False,0.4115764522091341,1778772.0,1,False,0.033157149070523584,1.96,17787696.0
"Fixed 1778279, designed",23,10,67,"D 1,2 -> 8,11",15,False,1.0,1778773.0,1,False,0.033157083729381476,1.96,19566469.0
"Fixed 1778279, designed",23,11,37,"D 0,2 -> 8,10",15,False,1.0,1778773.0,1,False,0.033157083729381476,1.95,21345242.0
"Fixed 1778279, designed",23,12,47,"D 0,3 -> 6,11",15,False,1.0,1778773.0,1,False,0.033157083729381476,1.99,23124015.0
"Fixed 1778279, designed",23,13,20,"D 0,1 -> 5,6",15,False,1.0,1778773.0,1,False,0.033157083729381476,2.0,24902788.0
"Fixed 1778279, designed",23,14,57,"D 1,2 -> 4,11",15,False,0.7083807276875278,1778773.0,1,False,0.033157083729381476,2.01,26681561.0
"Fixed 1778279, designed",23,15,61,"D 1,2 -> 6,7",15,False,0.5746104571825124,1778770.0,1,False,0.03321073765905569,1.99,28460331.0
"Fixed 1778279, designed",24,0,91,"D 2,3 -> 10,11",91,True,0.0,1778773.0,1,False,0.24318730437372557,1.94,1778773.0
"Fixed 1778279, designed",24,1,82,"D 2,3 -> 5,10",79,True,2.220446049250313e-16,1778783.0,1,False,0.16102697871065078,1.95,3557556.0
"Fixed 1778279, designed",24,2,79,"D 2,3 -> 4,11",79,True,0.0,1778773.0,1,False,0.12998218965087896,1.94,5336329.0
"Fixed 1778279, designed",24,3,76,"D 2,3 -> 4,5",76,True,0.0,1778770.0,1,False,0.1560411524745777,1.93,7115099.0
"Fixed 1778279, designed",24,4,56,"D 1,2 -> 4,9",8,False,1.0,1778759.0,1,False,0.038065010303649234,1.93,8893858.0
"Fixed 1778279, designed",24,5,0,S 0 -> 4,8,False,0.9805362616365311,1778759.0,1,False,0.038065010303649234,1.94,10672617.0
"Fixed 1778279, designed",24,6,16,"D 0,1 -> 4,5",12,False,0.12476735642273351,1778762.0,1,False,0.038065185706064084,1.94,12451379.0
"Fixed 1778279, designed",24,7,45,"D 0,3 -> 6,7",12,False,0.6703234337485507,1778772.0,1,False,0.03794527676568382,1.94,14230151.0
"Fixed 1778279, designed",24,8,8,S 2 -> 4,12,False,0.0016568963455364516,1778773.0,1,False,0.03799824735064598,1.94,16008924.0
"Fixed 1778279, designed",24,9,3,S 0 -> 10,15,False,0.8879511439920509,1778772.0,1,False,0.03297719524056214,1.95,17787696.0
"Fixed 1778279, designed",24,10,60,"D 1,2 -> 5,10",15,False,0.7783398010467771,1778770.0,1,False,0.03300425657020983,1.94,19566466.0
"Fixed 1778279, designed",24,11,71,"D 1,3 -> 5,9",15,False,1.0,1778771.0,1,False,0.03302035772912315,1.93,21345237.0
"Fixed 1778279, designed",24,12,68,"D 1,2 -> 9,10",15,False,1.0,1778771.0,1,False,0.033020362053378216,1.95,23124008.0
"Fixed 1778279, designed",24,13,65,"D 1,2 -> 7,10",15,False,1.0,1778771.0,1,False,0.033020362053378216,2.05,24902779.0
"Fixed 1778279, designed",24,14,6,S 1 -> 9,15,False,1.0,1778771.0,1,False,0.033020362053378216,2.07,26681550.0
"Fixed 1778279, designed",24,15,43,"D 0,3 -> 5,8",15,False,1.0,1778771.0,1,False,0.033020362053378216,1.95,28460321.0
"Fixed 1778279, designed",25,0,91,"D 2,3 -> 10,11",91,True,0.0,1778773.0,1,False,0.24318730437372557,1.91,1778773.0
"Fixed 1778279, designed",25,1,79,"D 2,3 -> 4,11",79,True,0.0,1778783.0,1,False,0.16102697871065078,1.92,3557556.0
"Fixed 1778279, designed",25,2,82,"D 2,3 -> 5,10",82,True,0.0,1778761.0,1,False,0.12998218947189707,2.01,5336317.0
"Fixed 1778279, designed",25,3,76,"D 2,3 -> 4,5",76,True,0.0,1778770.0,1,False,0.15604115247457773,1.99,7115087.0
"Fixed 1778279, designed",25,4,47,"D 0,3 -> 6,11",12,False,1.0,1778759.0,1,False,0.038065010303648644,1.95,8893846.0
"Fixed 1778279, designed",25,5,12,S 3 -> 5,12,True,0.0,1778759.0,1,False,0.038065010303648644,1.97,10672605.0
"Fixed 1778279, designed",25,6,24,"D 0,1 -> 6,9",11,False,1.0,1778744.0,1,False,0.03313194410308478,2.01,12451349.0
"Fixed 1778279, designed",25,7,5,S 1 -> 7,11,False,1.0,1778744.0,1,False,0.03313194410308478,1.96,14230093.0
"Fixed 1778279, designed",25,8,0,S 0 -> 4,11,False,0.9799417167551262,1778744.0,1,False,0.03313194410308478,1.98,16008837.0
"Fixed 1778279, designed",25,9,23,"D 0,1 -> 6,7",11,False,0.40939075348516096,1778745.0,1,False,0.03312879434694409,1.95,17787582.0
"Fixed 1778279, designed",25,10,16,"D 0,1 -> 4,5",11,False,0.1524609164295736,1778744.0,1,False,0.03312864269691119,1.95,19566326.0
"Fixed 1778279, designed",25,11,85,"D 2,3 -> 6,11",11,False,1.0,1778751.0,1,False,0.0330023233720592,2.02,21345077.0
"Fixed 1778279, designed",25,12,86,"D 2,3 -> 7,8",11,False,1.0,1778751.0,1,False,0.0330023233720592,2.0,23123828.0
"Fixed 1778279, designed",25,13,22,"D 0,1 -> 5,10",11,False,0.8783403496695935,1778751.0,1,False,0.0330023233720592,1.99,24902579.0
"Fixed 1778279, designed",25,14,34,"D 0,2 -> 4,10",11,False,0.9596732068170957,1778746.0,1,False,0.033002341219949625,1.99,26681325.0
"Fixed 1778279, designed",25,15,41,"D 0,3 -> 4,11",11,False,0.7798190976448145,1778746.0,1,False,0.033001538765964414,2.01,28460071.0
"Fixed 1778279, designed",26,0,91,"D 2,3 -> 10,11",91,True,0.0,1778773.0,1,False,0.24318730437372557,2.01,1778773.0
"Fixed 1778279, designed",26,1,82,"D 2,3 -> 5,10",79,True,2.220446049250313e-16,1778783.0,1,False,0.16102697871065078,2.0,3557556.0
"Fixed 1778279, designed",26,2,79,"D 2,3 -> 4,11",79,True,0.0,1778773.0,1,False,0.12998218965087896,2.0,5336329.0
"Fixed 1778279, designed",26,3,76,"D 2,3 -> 4,5",76,True,0.0,1778770.0,1,False,0.1560411524745777,1.97,7115099.0
"Fixed 1778279, designed",26,4,12,S 3 -> 5,8,True,2.357792849849716e-10,1778759.0,1,False,0.038065010303649234,2.0,8893858.0
"Fixed 1778279, designed",26,5,22,"D 0,1 -> 5,10",11,False,0.8444918269861742,1778744.0,1,False,0.03313194371016418,2.0,10672602.0
"Fixed 1778279, designed",26,6,23,"D 0,1 -> 6,7",11,False,0.40965032535888135,1778746.0,1,False,0.03313106070892345,1.99,12451348.0
"Fixed 1778279, designed",26,7,45,"D 0,3 -> 6,7",11,False,0.574687756305023,1778746.0,1,False,0.033131073199096216,2.02,14230094.0
"Fixed 1778279, designed",26,8,84,"D 2,3 -> 6,9",11,False,1.0,1778748.0,1,False,0.033174982179199605,2.02,16008842.0
"Fixed 1778279, designed",26,9,66,"D 1,2 -> 8,9",11,False,0.6303198412529296,1778748.0,1,False,0.03317498065861706,2.04,17787590.0
"Fixed 1778279, designed",26,10,28,"D 0,1 -> 8,9",11,False,0.3979422444665415,1778747.0,1,False,0.03314883346865502,2.0,19566337.0
"Fixed 1778279, designed",26,11,37,"D 0,2 -> 8,10",11,False,1.0,1778747.0,1,False,0.03314782211748579,1.98,21345084.0
"Fixed 1778279, designed",26,12,16,"D 0,1 -> 4,5",11,False,0.16339173114582806,1778747.0,1,False,0.03314781883001004,1.99,23123831.0
"Fixed 1778279, designed",26,13,17,"D 0,1 -> 4,7",11,False,1.0,1778751.0,1,False,0.03302699318904899,1.99,24902582.0
"Fixed 1778279, designed",26,14,38,"D 0,3 -> 4,5",11,False,0.9436951289074588,1778751.0,1,False,0.03302699315682824,1.97,26681333.0
"Fixed 1778279, designed",26,15,24,"D 0,1 -> 6,9",11,False,1.0,1778750.0,1,False,0.033022956408932526,1.97,28460083.0
"Fixed 1778279, designed",27,0,91,"D 2,3 -> 10,11",91,True,0.0,1778773.0,1,False,0.24318730437372557,1.98,1778773.0
"Fixed 1778279, designed",27,1,82,"D 2,3 -> 5,10",79,True,2.220446049250313e-16,1778783.0,1,False,0.16102697871065078,1.97,3557556.0
"Fixed 1778279, designed",27,2,76,"D 2,3 -> 4,5",79,False,0.024066513654290578,1778773.0,1,False,0.12998218965087896,1.99,5336329.0
"Fixed 1778279, designed",27,3,79,"D 2,3 -> 4,11",79,True,0.0,1778765.0,1,False,0.15572199872464462,1.98,7115094.0
"Fixed 1778279, designed",27,4,75,"D 1,3 -> 9,11",8,False,1.0,1778759.0,1,False,0.03806501943588732,2.0,8893853.0
"Fixed 1778279, designed",27,5,16,"D 0,1 -> 4,5",8,False,0.12598083959821582,1778759.0,1,False,0.03806501271233194,1.93,10672612.0
"Fixed 1778279, designed",27,6,73,"D 1,3 -> 7,9",8,False,1.0,1778772.0,1,False,0.037945509045544015,1.97,12451384.0
"Fixed 1778279, designed",27,7,8,S 2 -> 4,8,True,0.0,1778772.0,1,False,0.037945509045544015,1.97,14230156.0
"Fixed 1778279, designed",27,8,50,"D 0,3 -> 8,9",15,False,0.6283692217198484,1778771.0,1,False,0.033005477893003565,2.05,16008927.0
"Fixed 1778279, designed",27,9,23,"D 0,1 -> 6,7",15,False,0.4116723829739868,1778771.0,1,False,0.032979311772963704,2.03,17787698.0
"Fixed 1778279, designed",27,10,73,"D 1,3 -> 7,9",15,False,1.0,1778771.0,1,False,0.03298019053120732,2.04,19566469.0
"Fixed 1778279, designed",27,11,16,"D 0,1 -> 4,5",15,False,0.992543680394208,1778771.0,1,False,0.03298019053120732,2.02,21345240.0
"Fixed 1778279, designed",27,12,0,S 0 -> 4,15,False,0.9796181957441474,1778773.0,1,False,0.032977374448016794,2.02,23124013.0
"Fixed 1778279, designed",27,13,58,"D 1,2 -> 5,6",15,False,1.0,1778773.0,1,False,0.03297305421636554,2.04,24902786.0
"Fixed 1778279, designed",27,14,86,"D 2,3 -> 7,8",15,False,1.0,1778773.0,1,False,0.03297305421636554,1.99,26681559.0
"Fixed 1778279, designed",27,15,55,"D 1,2 -> 4,7",15,False,1.0,1778773.0,1,False,0.03297305421636554,1.99,28460332.0
"Fixed 1778279, designed",28,0,91,"D 2,3 -> 10,11",91,True,0.0,1778773.0,1,False,0.24318730437372557,1.94,1778773.0
"Fixed 1778279, designed",28,1,79,"D 2,3 -> 4,11",79,True,0.0,1778783.0,1,False,0.16102697871065078,1.95,3557556.0
"Fixed 1778279, designed",28,2,76,"D 2,3 -> 4,5",82,False,0.024066516365316204,1778761.0,1,False,0.12998218947189707,1.95,5336317.0
"Fixed 1778279, designed",28,3,82,"D 2,3 -> 5,10",82,True,0.0,1778783.0,1,False,0.15572199591416286,1.95,7115100.0
"Fixed 1778279, designed",28,4,58,"D 1,2 -> 5,6",12,False,1.0,1778759.0,1,False,0.038065025112214046,1.94,8893859.0
"Fixed 1778279, designed",28,5,20,"D 0,1 -> 5,6",12,False,1.0,1778759.0,1,False,0.038065025112214046,1.92,10672618.0
"Fixed 1778279, designed",28,6,16,"D 0,1 -> 4,5",12,False,0.12598115105696928,1778759.0,1,False,0.038065025112214046,1.95,12451377.0
"Fixed 1778279, designed",28,7,8,S 2 -> 4,12,False,6.762012938477113e-08,1778772.0,1,False,0.03794550904773174,1.96,14230149.0
"Fixed 1778279, designed",28,8,69,"D 1,2 -> 10,11",15,False,0.7682988049503687,1778771.0,1,False,0.033005478545736655,1.98,16008920.0
"Fixed 1778279, designed",28,9,66,"D 1,2 -> 8,9",15,False,0.5834269157481404,1778774.0,1,False,0.03302404374293144,2.0,17787694.0
"Fixed 1778279, designed",28,10,67,"D 1,2 -> 8,11",15,False,1.0,1778778.0,1,False,0.03306566479392675,2.02,19566472.0
"Fixed 1778279, designed",28,11,16,"D 0,1 -> 4,5",15,False,0.9923167455796994,1778778.0,1,False,0.03306566478220274,2.0,21345250.0
"Fixed 1778279, designed",28,12,18,"D 0,1 -> 4,9",15,False,1.0,1778778.0,1,False,0.03306208298987706,1.98,23124028.0
"Fixed 1778279, designed",28,13,15,S 3 -> 11,15,True,0.0,1778778.0,1,False,0.033062082985096164,1.99,24902806.0
"Fixed 1778279, designed",29,0,91,"D 2,3 -> 10,11",91,True,0.0,1778773.0,1,False,0.24318730437372557,1.94,1778773.0
"Fixed 1778279, designed",29,1,79,"D 2,3 -> 4,11",79,True,0.0,1778783.0,1,False,0.16102697871065078,1.98,3557556.0
"Fixed 1778279, designed",29,2,82,"D 2,3 -> 5,10",82,True,0.0,1778761.0,1,False,0.12998218947189707,1.95,5336317.0
"Fixed 1778279, designed",29,3,76,"D 2,3 -> 4,5",76,True,0.0,1778770.0,1,False,0.15604115247457773,1.94,7115087.0
"Fixed 1778279, designed",29,4,16,"D 0,1 -> 4,5",12,False,0.1259807748087346,1778759.0,1,False,0.038065010303648644,1.92,8893846.0
"Fixed 1778279, designed",29,5,36,"D 0,2 -> 6,10",12,False,1.0,1778772.0,1,False,0.03794550728419781,1.95,10672618.0
"Fixed 1778279, designed",29,6,60,"D 1,2 -> 5,10",12,False,0.8172990514310923,1778772.0,1,False,0.03794550728419781,1.96,12451390.0
"Fixed 1778279, designed",29,7,71,"D 1,3 -> 5,9",8,False,1.0,1778769.0,1,False,0.03795447926803072,1.95,14230159.0
"Fixed 1778279, designed",29,8,71,"D 1,3 -> 5,9",8,False,1.0,1778769.0,1,False,0.0379544792777705,1.96,16008928.0
"Fixed 1778279, designed",29,9,51,"D 0,3 -> 8,11",8,False,1.0,1778769.0,1,False,0.0379544792777705,1.95,17787697.0
"Fixed 1778279, designed",29,10,12,S 3 -> 5,8,False,2.225550222156869e-05,1778769.0,1,False,0.0379544792777705,1.96,19566466.0
"Fixed 1778279, designed",29,11,36,"D 0,2 -> 6,10",11,False,1.0,1778748.0,1,False,0.03301199681201963,1.96,21345214.0
"Fixed 1778279, designed",29,12,18,"D 0,1 -> 4,9",11,False,1.0,1778748.0,1,False,0.03301199681201963,1.96,23123962.0
"Fixed 1778279, designed",29,13,28,"D 0,1 -> 8,9",11,False,0.4120079124307271,1778748.0,1,False,0.03301199681201963,1.96,24902710.0
"Fixed 1778279, designed",29,14,69,"D 1,2 -> 10,11",11,False,0.7956396223436739,1778748.0,1,False,0.03301288595551837,1.98,26681458.0
"Fixed 1778279, designed",29,15,69,"D 1,2 -> 10,11",11,False,0.9999999994438371,1778747.0,1,False,0.033016119188366146,1.97,28460205.0
"Fixed 1778279, designed",30,0,91,"D 2,3 -> 10,11",91,True,0.0,1778773.0,1,False,0.24318730437372557,1.97,1778773.0
"Fixed 1778279, designed",30,1,79,"D 2,3 -> 4,11",79,True,0.0,1778783.0,1,False,0.16102697871065078,2.05,3557556.0
"Fixed 1778279, designed",30,2,82,"D 2,3 -> 5,10",82,True,0.0,1778761.0,1,False,0.12998218947189707,1.98,5336317.0
"Fixed 1778279, designed",30,3,76,"D 2,3 -> 4,5",76,True,0.0,1778770.0,1,False,0.15604115247457773,1.98,7115087.0
"Fixed 1778279, designed",30,4,73,"D 1,3 -> 7,9",12,False,1.0,1778759.0,1,False,0.038065010303648644,1.94,8893846.0
"Fixed 1778279, designed",30,5,16,"D 0,1 -> 4,5",12,False,0.1259807748087346,1778759.0,1,False,0.038065010303648644,1.95,10672605.0
"Fixed 1778279, designed",30,6,12,S 3 -> 5,12,True,0.0,1778772.0,1,False,0.03794550728419781,2.03,12451377.0
"Fixed 1778279, designed",30,7,45,"D 0,3 -> 6,7",11,False,0.581698902650752,1778751.0,1,False,0.03300548359596073,2.01,14230128.0
"Fixed 1778279, designed",30,8,11,S 2 -> 10,11,True,0.0,1778749.0,1,False,0.033047599440377516,1.99,16008877.0
"Fixed 1778279, designed",31,0,91,"D 2,3 -> 10,11",91,True,0.0,1778773.0,1,False,0.24318730437372557,1.92,1778773.0
"Fixed 1778279, designed",31,1,82,"D 2,3 -> 5,10",79,True,2.220446049250313e-16,1778783.0,1,False,0.16102697871065078,1.95,3557556.0
"Fixed 1778279, designed",31,2,79,"D 2,3 -> 4,11",79,True,0.0,1778773.0,1,False,0.12998218965087896,1.93,5336329.0
"Fixed 1778279, designed",31,3,76,"D 2,3 -> 4,5",76,True,0.0,1778770.0,1,False,0.1560411524745777,1.93,7115099.0
"Fixed 1778279, designed",31,4,12,S 3 -> 5,8,True,2.357792849849716e-10,1778759.0,1,False,0.038065010303649234,1.92,8893858.0
"Fixed 1778279, designed",31,5,43,"D 0,3 -> 5,8",11,False,1.0,1778744.0,1,False,0.03313194371016418,1.96,10672602.0
"Fixed 1778279, designed",31,6,50,"D 0,3 -> 8,9",11,False,0.5832554317945646,1778744.0,1,False,0.03313194371016418,2.0,12451346.0
"Fixed 1778279, designed",31,7,36,"D 0,2 -> 6,10",11,False,1.0,1778746.0,1,False,0.03317399619937114,1.9,14230092.0
"Fixed 1778279, designed",31,8,6,S 1 -> 9,11,False,1.0,1778746.0,1,False,0.03317400909500383,1.92,16008838.0
"Fixed 1778279, designed",31,9,30,"D 0,1 -> 9,10",11,False,1.0,1778746.0,1,False,0.03317400958092075,1.94,17787584.0
"Fixed 1778279, designed",31,10,16,"D 0,1 -> 4,5",11,False,0.15191377053520505,1778746.0,1,False,0.03317400958092075,1.93,19566330.0
"Fixed 1778279, designed",31,11,61,"D 1,2 -> 6,7",11,False,0.6288652465551938,1778748.0,1,False,0.033050576374716756,1.92,21345078.0
"Fixed 1778279, designed",31,12,27,"D 0,1 -> 7,10",11,False,1.0,1778749.0,1,False,0.033024427421768796,1.93,23123827.0
"Fixed 1778279, designed",31,13,57,"D 1,2 -> 4,11",11,False,0.8227431907997659,1778749.0,1,False,0.033024427421768796,1.92,24902576.0
"Fixed 1778279, designed",31,14,65,"D 1,2 -> 7,10",11,False,1.0,1778750.0,1,False,0.0330324404795538,1.93,26681326.0
"Fixed 1778279, designed",31,15,72,"D 1,3 -> 5,11",11,False,0.9434600447357246,1778750.0,1,False,0.0330324404795538,1.93,28460076.0
"Fixed 1778279, designed",32,0,91,"D 2,3 -> 10,11",91,True,0.0,1778773.0,1,False,0.24318730437372557,1.91,1778773.0
"Fixed 1778279, designed",32,1,79,"D 2,3 -> 4,11",79,True,0.0,1778783.0,1,False,0.16102697871065078,1.92,3557556.0
"Fixed 1778279, designed",32,2,76,"D 2,3 -> 4,5",82,False,0.024066516365316204,1778761.0,1,False,0.12998218947189707,1.92,5336317.0
"Fixed 1778279, designed",32,3,82,"D 2,3 -> 5,10",82,True,0.0,1778783.0,1,False,0.15572199591416286,1.91,7115100.0
"Fixed 1778279, designed",32,4,70,"D 1,3 -> 5,7",12,False,1.0,1778759.0,1,False,0.038065025112214046,1.91,8893859.0
"Fixed 1778279, designed",32,5,41,"D 0,3 -> 4,11",12,False,0.8167919935809829,1778759.0,1,False,0.038065025112214046,1.94,10672618.0
"Fixed 1778279, designed",32,6,71,"D 1,3 -> 5,9",12,False,1.0,1778763.0,1,False,0.0380739693577682,1.95,12451381.0
"Fixed 1778279, designed",32,7,8,S 2 -> 4,12,False,2.253365810822583e-05,1778763.0,1,False,0.03807396934921318,1.93,14230144.0
"Fixed 1778279, designed",32,8,52,"D 0,3 -> 9,10",15,False,1.0,1778774.0,1,False,0.03313829899869064,1.95,16008918.0
"Fixed 1778279, designed",32,9,66,"D 1,2 -> 8,9",15,False,0.583071470829791,1778774.0,1,False,0.03313829899869064,1.96,17787692.0
"Fixed 1778279, designed",32,10,64,"D 1,2 -> 7,8",15,False,1.0,1778774.0,1,False,0.0331804045354801,1.96,19566466.0
"Fixed 1778279, designed",32,11,16,"D 0,1 -> 4,5",15,False,0.1522380825982672,1778774.0,1,False,0.0331804045354801,1.96,21345240.0
"Fixed 1778279, designed",32,12,28,"D 0,1 -> 8,9",15,False,0.39511906693123044,1778777.0,1,False,0.033057461386205855,1.93,23124017.0
"Fixed 1778279, designed",32,13,70,"D 1,3 -> 5,7",15,False,1.0,1778775.0,1,False,0.03306022559347882,1.93,24902792.0
"Fixed 1778279, designed",32,14,56,"D 1,2 -> 4,9",15,False,1.0,1778775.0,1,False,0.03306022559347882,1.94,26681567.0
"Fixed 1778279, designed",32,15,49,"D 0,3 -> 7,10",15,False,1.0,1778775.0,1,False,0.03306022559347882,1.93,28460342.0
"Fixed 1778279, designed",33,0,91,"D 2,3 -> 10,11",91,True,0.0,1778773.0,1,False,0.24318730437372557,1.97,1778773.0
"Fixed 1778279, designed",33,1,79,"D 2,3 -> 4,11",79,True,0.0,1778783.0,1,False,0.16102697871065078,1.98,3557556.0
"Fixed 1778279, designed",33,2,76,"D 2,3 -> 4,5",82,False,0.024066516365316204,1778761.0,1,False,0.12998218947189707,1.96,5336317.0
"Fixed 1778279, designed",33,3,82,"D 2,3 -> 5,10",82,True,0.0,1778783.0,1,False,0.15572199591416286,1.97,7115100.0
"Fixed 1778279, designed",33,4,19,"D 0,1 -> 4,11",12,False,0.9327348863166989,1778759.0,1,False,0.038065025112214046,1.97,8893859.0
"Fixed 1778279, designed",33,5,26,"D 0,1 -> 7,8",8,False,1.0,1778760.0,1,False,0.038070166012342706,2.0,10672619.0
"Fixed 1778279, designed",33,6,56,"D 1,2 -> 4,9",8,False,1.0,1778760.0,1,False,0.038070164083515774,2.01,12451379.0
"Fixed 1778279, designed",33,7,28,"D 0,1 -> 8,9",8,False,0.48614648183789966,1778760.0,1,False,0.038070164083515774,2.04,14230139.0
"Fixed 1778279, designed",33,8,50,"D 0,3 -> 8,9",8,False,0.6651945307753366,1778764.0,1,False,0.03807045677210032,1.98,16008903.0
"Fixed 1778279, designed",33,9,31,"D 0,1 -> 10,11",12,False,0.6674074909572123,1778760.0,1,False,0.03812188507296716,1.98,17787663.0
"Fixed 1778279, designed",33,10,37,"D 0,2 -> 8,10",12,False,1.0,1778764.0,1,False,0.0381196228062642,1.98,19566427.0
"Fixed 1778279, designed",33,11,20,"D 0,1 -> 5,6",12,False,1.0,1778764.0,1,False,0.0381196228062642,1.99,21345191.0
"Fixed 1778279, designed",33,12,12,S 3 -> 5,12,True,0.0,1778764.0,1,False,0.0381196228062642,2.0,23123955.0
"Fixed 1778279, designed",33,13,58,"D 1,2 -> 5,6",11,False,1.0,1778747.0,1,False,0.03321483233633702,2.02,24902702.0
"Fixed 1778279, designed",33,14,53,"D 0,3 -> 10,11",11,False,0.7659939377823061,1778747.0,1,False,0.03321483233633702,2.04,26681449.0
"Fixed 1778279, designed",33,15,51,"D 0,3 -> 8,11",11,False,1.0,1778747.0,1,False,0.03323429178308811,2.0,28460196.0
"Fixed 1778279, designed",34,0,91,"D 2,3 -> 10,11",91,True,0.0,1778773.0,1,False,0.24318730437372557,1.95,1778773.0
"Fixed 1778279, designed",34,1,79,"D 2,3 -> 4,11",79,True,0.0,1778783.0,1,False,0.16102697871065078,1.95,3557556.0
"Fixed 1778279, designed",34,2,82,"D 2,3 -> 5,10",82,True,0.0,1778761.0,1,False,0.12998218947189707,1.95,5336317.0
"Fixed 1778279, designed",34,3,76,"D 2,3 -> 4,5",76,True,0.0,1778770.0,1,False,0.15604115247457773,1.96,7115087.0
"Fixed 1778279, designed",34,4,8,S 2 -> 4,12,True,2.3575208452086827e-10,1778759.0,1,False,0.038065010303648644,1.96,8893846.0
"Fixed 1778279, designed",34,5,50,"D 0,3 -> 8,9",15,False,0.6298365822603674,1778771.0,1,False,0.033131943710163925,2.11,10672617.0
"Fixed 1778279, designed",34,6,51,"D 0,3 -> 8,11",15,False,1.0,1778774.0,1,False,0.03310579481862269,2.03,12451391.0
"Fixed 1778279, designed",34,7,23,"D 0,1 -> 6,7",15,False,0.40908087747512956,1778774.0,1,False,0.03310579481862269,2.02,14230165.0
"Fixed 1778279, designed",34,8,16,"D 0,1 -> 4,5",15,False,0.1530259858390982,1778776.0,1,False,0.03310580269435143,2.04,16008941.0
"Fixed 1778279, designed",34,9,18,"D 0,1 -> 4,9",15,False,1.0,1778773.0,1,False,0.03298315210419861,2.04,17787714.0
"Fixed 1778279, designed",34,10,15,S 3 -> 11,15,True,0.0,1778773.0,1,False,0.03298315210419861,2.01,19566487.0
"Fixed 1778279, designed",35,0,91,"D 2,3 -> 10,11",91,True,0.0,1778773.0,1,False,0.24318730437372557,1.98,1778773.0
"Fixed 1778279, designed",35,1,82,"D 2,3 -> 5,10",79,True,2.220446049250313e-16,1778783.0,1,False,0.16102697871065078,1.95,3557556.0
"Fixed 1778279, designed",35,2,76,"D 2,3 -> 4,5",79,False,0.024066513654290578,1778773.0,1,False,0.12998218965087896,1.97,5336329.0
"Fixed 1778279, designed",35,3,79,"D 2,3 -> 4,11",79,True,0.0,1778765.0,1,False,0.15572199872464462,1.95,7115094.0
"Fixed 1778279, designed",35,4,41,"D 0,3 -> 4,11",8,False,0.8167919678869149,1778759.0,1,False,0.03806501943588732,1.95,8893853.0
"Fixed 1778279, designed",35,5,16,"D 0,1 -> 4,5",12,False,0.12667418434887534,1778763.0,1,False,0.038073968380316486,1.98,10672616.0
"Fixed 1778279, designed",35,6,50,"D 0,3 -> 8,9",12,False,0.670286314868223,1778772.0,1,False,0.03795447821141992,1.98,12451388.0
"Fixed 1778279, designed",35,7,59,"D 1,2 -> 5,8",12,False,1.0,1778768.0,1,False,0.038007432461334735,2.0,14230156.0
"Fixed 1778279, designed",35,8,49,"D 0,3 -> 7,10",12,False,1.0,1778768.0,1,False,0.038007432461334735,1.97,16008924.0
"Fixed 1778279, designed",35,9,55,"D 1,2 -> 4,7",12,False,1.0,1778768.0,1,False,0.038007432461334735,1.94,17787692.0
"Fixed 1778279, designed",35,10,69,"D 1,2 -> 10,11",12,False,0.8300241224745205,1778768.0,1,False,0.038007432461334735,1.95,19566460.0
"Fixed 1778279, designed",35,11,12,S 3 -> 5,12,True,0.0,1778768.0,1,False,0.038010505154603885,1.98,21345228.0
"Fixed 1778279, designed",35,12,53,"D 0,3 -> 10,11",11,False,0.772365581370982,1778745.0,1,False,0.03308751507175826,1.98,23123973.0
"Fixed 1778279, designed",35,13,28,"D 0,1 -> 8,9",11,False,0.3942037360355438,1778745.0,1,False,0.03310532690869273,1.97,24902718.0
"Fixed 1778279, designed",35,14,6,S 1 -> 9,11,False,1.0,1778744.0,1,False,0.033108931440738905,1.99,26681462.0
"Fixed 1778279, designed",35,15,19,"D 0,1 -> 4,11",11,False,0.9353162941495742,1778744.0,1,False,0.033108931903006844,1.97,28460206.0
"Fixed 1778279, designed",36,0,91,"D 2,3 -> 10,11",91,True,0.0,1778773.0,1,False,0.24318730437372557,1.99,1778773.0
"Fixed 1778279, designed",36,1,82,"D 2,3 -> 5,10",79,True,2.220446049250313e-16,1778783.0,1,False,0.16102697871065078,1.94,3557556.0
"Fixed 1778279, designed",36,2,76,"D 2,3 -> 4,5",79,False,0.024066513654290578,1778773.0,1,False,0.12998218965087896,1.97,5336329.0
"Fixed 1778279, designed",36,3,79,"D 2,3 -> 4,11",79,True,0.0,1778765.0,1,False,0.15572199872464462,1.98,7115094.0
"Fixed 1778279, designed",36,4,66,"D 1,2 -> 8,9",8,False,0.6718114708117454,1778759.0,1,False,0.03806501943588732,1.98,8893853.0
"Fixed 1778279, designed",36,5,28,"D 0,1 -> 8,9",8,False,0.47423120621655723,1778760.0,1,False,0.03811782636367871,1.98,10672613.0
"Fixed 1778279, designed",36,6,54,"D 1,2 -> 4,5",8,False,0.920352528677553,1778759.0,1,False,0.03812049446848245,1.97,12451372.0
"Fixed 1778279, designed",36,7,64,"D 1,2 -> 7,8",8,False,1.0,1778762.0,1,False,0.03811324189338892,2.0,14230134.0
"Fixed 1778279, designed",36,8,31,"D 0,1 -> 10,11",8,False,0.665562943213604,1778762.0,1,False,0.03811324357236105,1.99,16008896.0
"Fixed 1778279, designed",36,9,56,"D 1,2 -> 4,9",8,False,1.0,1778762.0,1,False,0.03811155497533778,1.99,17787658.0
"Fixed 1778279, designed",36,10,66,"D 1,2 -> 8,9",8,False,0.9998941527251297,1778762.0,1,False,0.03811155497533778,2.02,19566420.0
"Fixed 1778279, designed",36,11,16,"D 0,1 -> 4,5",8,False,0.17599789121243303,1778762.0,1,False,0.038117029768762696,2.01,21345182.0
"Fixed 1778279, designed",36,12,23,"D 0,1 -> 6,7",8,False,0.4927954960790526,1778766.0,1,False,0.03799938373367487,2.01,23123948.0
"Fixed 1778279, designed",36,13,54,"D 1,2 -> 4,5",8,False,0.9997666655212296,1778766.0,1,False,0.03800048873427703,1.99,24902714.0
"Fixed 1778279, designed",36,14,41,"D 0,3 -> 4,11",8,False,0.8490097929918933,1778769.0,1,False,0.038009755609234364,2.03,26681483.0
"Fixed 1778279, designed",36,15,8,S 2 -> 4,8,True,0.0,1778766.0,1,False,0.038015046571211325,1.99,28460249.0
"Fixed 1778279, designed",37,0,91,"D 2,3 -> 10,11",91,True,0.0,1778773.0,1,False,0.24318730437372557,1.98,1778773.0
"Fixed 1778279, designed",37,1,82,"D 2,3 -> 5,10",79,True,2.220446049250313e-16,1778783.0,1,False,0.16102697871065078,1.99,3557556.0
"Fixed 1778279, designed",37,2,76,"D 2,3 -> 4,5",79,False,0.024066513654290578,1778773.0,1,False,0.12998218965087896,1.97,5336329.0
"Fixed 1778279, designed",37,3,79,"D 2,3 -> 4,11",79,True,0.0,1778765.0,1,False,0.15572199872464462,2.01,7115094.0
"Fixed 1778279, designed",37,4,16,"D 0,1 -> 4,5",8,False,0.12598100693647418,1778759.0,1,False,0.03806501943588732,2.01,8893853.0
"Fixed 1778279, designed",37,5,28,"D 0,1 -> 8,9",8,False,0.4902405171037526,1778772.0,1,False,0.037945507814192196,2.03,10672625.0
"Fixed 1778279, designed",37,6,40,"D 0,3 -> 4,9",12,False,1.0,1778772.0,1,False,0.03794663822228408,2.0,12451397.0
"Fixed 1778279, designed",37,7,45,"D 0,3 -> 6,7",12,False,0.6707628123063607,1778772.0,1,False,0.03794663822228408,1.98,14230169.0
"Fixed 1778279, designed",37,8,30,"D 0,1 -> 9,10",12,False,1.0,1778772.0,1,False,0.037999456156251846,1.99,16008941.0
"Fixed 1778279, designed",37,9,12,S 3 -> 5,12,True,0.0,1778772.0,1,False,0.037999456156251846,2.02,17787713.0
"Fixed 1778279, designed",37,10,85,"D 2,3 -> 6,11",11,False,1.0,1778747.0,1,False,0.03306662652358161,1.95,19566460.0
"Fixed 1778279, designed",37,11,55,"D 1,2 -> 4,7",11,False,1.0,1778747.0,1,False,0.03306662652358161,1.97,21345207.0
"Fixed 1778279, designed",37,12,25,"D 0,1 -> 6,11",11,False,1.0,1778747.0,1,False,0.03306662652358161,2.04,23123954.0
"Fixed 1778279, designed",37,13,41,"D 0,3 -> 4,11",11,False,0.7785819892254833,1778747.0,1,False,0.03306662652358161,2.0,24902701.0
"Fixed 1778279, designed",37,14,50,"D 0,3 -> 8,9",11,False,0.5765953596449624,1778749.0,1,False,0.033082278818387455,1.98,26681450.0
"Fixed 1778279, designed",37,15,73,"D 1,3 -> 7,9",11,False,1.0,1778744.0,1,False,0.0331255838904777,1.96,28460194.0
"Fixed 1778279, designed",38,0,91,"D 2,3 -> 10,11",91,True,0.0,1778773.0,1,False,0.24318730437372557,1.97,1778773.0
"Fixed 1778279, designed",38,1,79,"D 2,3 -> 4,11",79,True,0.0,1778783.0,1,False,0.16102697871065078,1.99,3557556.0
"Fixed 1778279, designed",38,2,76,"D 2,3 -> 4,5",82,False,0.024066516365316204,1778761.0,1,False,0.12998218947189707,2.01,5336317.0
"Fixed 1778279, designed",38,3,82,"D 2,3 -> 5,10",82,True,0.0,1778783.0,1,False,0.15572199591416286,1.99,7115100.0
"Fixed 1778279, designed",38,4,12,S 3 -> 5,12,True,0.0,1778759.0,1,False,0.038065025112214046,2.0,8893859.0
"Fixed 1778279, designed",38,5,16,"D 0,1 -> 4,5",11,False,0.1507333601664549,1778744.0,1,False,0.03313194441401687,1.99,10672603.0
"Fixed 1778279, designed",38,6,53,"D 0,3 -> 10,11",11,False,0.7683264512251754,1778749.0,1,False,0.033008458865438156,2.0,12451352.0
"Fixed 1778279, designed",38,7,50,"D 0,3 -> 8,9",11,False,0.5834613076828095,1778748.0,1,False,0.03302700346133185,1.95,14230100.0
"Fixed 1778279, designed",38,8,62,"D 1,2 -> 6,9",11,False,1.0,1778748.0,1,False,0.03306860980887068,1.97,16008848.0
"Fixed 1778279, designed",38,9,3,S 0 -> 10,11,False,0.8758342882737593,1778748.0,1,False,0.03306860980887068,2.0,17787596.0
"Fixed 1778279, designed",38,10,70,"D 1,3 -> 5,7",11,False,1.0,1778746.0,1,False,0.03310542964161765,2.0,19566342.0
"Fixed 1778279, designed",38,11,39,"D 0,3 -> 4,7",11,False,1.0,1778746.0,1,False,0.03310542964161765,1.97,21345088.0
"Fixed 1778279, designed",38,12,67,"D 1,2 -> 8,11",11,False,1.0,1778746.0,1,False,0.03310542964161765,1.96,23123834.0
"Fixed 1778279, designed",38,13,11,S 2 -> 10,11,True,0.0,1778746.0,1,False,0.03310542964161765,1.96,24902580.0
"Fixed 1778279, designed",39,0,91,"D 2,3 -> 10,11",91,True,0.0,1778773.0,1,False,0.24318730437372557,1.98,1778773.0
"Fixed 1778279, designed",39,1,79,"D 2,3 -> 4,11",79,True,0.0,1778783.0,1,False,0.16102697871065078,2.01,3557556.0
"Fixed 1778279, designed",39,2,82,"D 2,3 -> 5,10",82,True,0.0,1778761.0,1,False,0.12998218947189707,1.98,5336317.0
"Fixed 1778279, designed",39,3,76,"D 2,3 -> 4,5",76,True,0.0,1778770.0,1,False,0.15604115247457773,2.0,7115087.0
"Fixed 1778279, designed",39,4,16,"D 0,1 -> 4,5",12,False,0.1259807748087346,1778759.0,1,False,0.038065010303648644,1.99,8893846.0
"Fixed 1778279, designed",39,5,8,S 2 -> 4,12,False,1.5210395942766297e-08,1778772.0,1,False,0.03794550728419781,2.0,10672618.0
"Fixed 1778279, designed",39,6,23,"D 0,1 -> 6,7",15,False,0.41213364211697623,1778771.0,1,False,0.03300548951070659,2.0,12451389.0
"Fixed 1778279, designed",39,7,32,"D 0,2 -> 4,6",15,False,1.0,1778773.0,1,False,0.033006346009163134,1.96,14230162.0
"Fixed 1778279, designed",39,8,26,"D 0,1 -> 7,8",15,False,1.0,1778773.0,1,False,0.0330063454954313,2.0,16008935.0
"Fixed 1778279, designed",39,9,20,"D 0,1 -> 5,6",15,False,1.0,1778773.0,1,False,0.0330063454954313,2.02,17787708.0
"Fixed 1778279, designed",39,10,66,"D 1,2 -> 8,9",15,False,0.5817107538887033,1778773.0,1,False,0.0330063454954313,2.0,19566481.0
"Fixed 1778279, designed",39,11,28,"D 0,1 -> 8,9",15,False,0.39639385982523134,1778776.0,1,False,0.03304846539053902,1.99,21345257.0
"Fixed 1778279, designed",39,12,15,S 3 -> 11,15,True,0.0,1778776.0,1,False,0.03305124462639314,1.99,23124033.0
"Fixed 1778279, designed",40,0,91,"D 2,3 -> 10,11",91,True,0.0,1778773.0,1,False,0.24318730437372557,1.98,1778773.0
"Fixed 1778279, designed",40,1,82,"D 2,3 -> 5,10",79,True,2.220446049250313e-16,1778783.0,1,False,0.16102697871065078,1.96,3557556.0
"Fixed 1778279, designed",40,2,76,"D 2,3 -> 4,5",79,False,0.024066513654290578,1778773.0,1,False,0.12998218965087896,1.99,5336329.0
"Fixed 1778279, designed",40,3,79,"D 2,3 -> 4,11",79,True,0.0,1778765.0,1,False,0.15572199872464462,2.02,7115094.0
"Fixed 1778279, designed",40,4,16,"D 0,1 -> 4,5",8,False,0.12598100693647418,1778759.0,1,False,0.03806501943588732,2.01,8893853.0
"Fixed 1778279, designed",40,5,33,"D 0,2 -> 4,8",8,False,1.0,1778772.0,1,False,0.037945507814192196,1.96,10672625.0
"Fixed 1778279, designed",40,6,12,S 3 -> 5,8,False,3.017723138043493e-08,1778772.0,1,False,0.037945507814192196,1.97,12451397.0
"Fixed 1778279, designed",40,7,53,"D 0,3 -> 10,11",11,False,0.7682988016763987,1778751.0,1,False,0.033005477641597926,1.96,14230148.0
"Fixed 1778279, designed",40,8,44,"D 0,3 -> 5,10",11,False,0.7011725102165537,1778750.0,1,False,0.033024041155355136,1.93,16008898.0
"Fixed 1778279, designed",40,9,5,S 1 -> 7,11,False,1.0,1778742.0,1,False,0.03308036998426056,1.97,17787640.0
"Fixed 1778279, designed",40,10,31,"D 0,1 -> 10,11",11,False,0.666272473098158,1778742.0,1,False,0.03308036998426056,2.0,19566382.0
"Fixed 1778279, designed",40,11,23,"D 0,1 -> 6,7",11,False,0.41426705152996524,1778743.0,1,False,0.033101749008847756,1.98,21345125.0
"Fixed 1778279, designed",40,12,37,"D 0,2 -> 8,10",11,False,1.0,1778743.0,1,False,0.033102561494914806,1.97,23123868.0
"Fixed 1778279, designed",40,13,44,"D 0,3 -> 5,10",11,False,0.9997555269099824,1778743.0,1,False,0.033102561494914806,1.95,24902611.0
"Fixed 1778279, designed",40,14,45,"D 0,3 -> 6,7",11,False,0.575243497571809,1778742.0,1,False,0.03309397848695025,1.96,26681353.0
"Fixed 1778279, designed",40,15,55,"D 1,2 -> 4,7",11,False,1.0,1778748.0,1,False,0.033139221209044056,1.95,28460101.0
"Fixed 1778279, designed",41,0,91,"D 2,3 -> 10,11",91,True,0.0,1778773.0,1,False,0.24318730437372557,1.96,1778773.0
"Fixed 1778279, designed",41,1,79,"D 2,3 -> 4,11",79,True,0.0,1778783.0,1,False,0.16102697871065078,1.96,3557556.0
"Fixed 1778279, designed",41,2,76,"D 2,3 -> 4,5",82,False,0.024066516365316204,1778761.0,1,False,0.12998218947189707,1.97,5336317.0
"Fixed 1778279, designed",41,3,82,"D 2,3 -> 5,10",82,True,0.0,1778783.0,1,False,0.15572199591416286,1.96,7115100.0
"Fixed 1778279, designed",41,4,8,S 2 -> 4,12,False,5.7668011033129574e-08,1778759.0,1,False,0.038065025112214046,1.95,8893859.0
"Fixed 1778279, designed",41,5,27,"D 0,1 -> 7,10",15,False,1.0,1778771.0,1,False,0.03313194474468539,1.94,10672630.0
"Fixed 1778279, designed",41,6,30,"D 0,1 -> 9,10",15,False,1.0,1778771.0,1,False,0.03313194426455396,1.93,12451401.0
"Fixed 1778279, designed",41,7,45,"D 0,3 -> 6,7",15,False,0.629836588394959,1778771.0,1,False,0.03313194426455396,1.96,14230172.0
"Fixed 1778279, designed",41,8,67,"D 1,2 -> 8,11",15,False,1.0,1778773.0,1,False,0.033105794817238576,1.96,16008945.0
"Fixed 1778279, designed",41,9,29,"D 0,1 -> 8,11",15,False,1.0,1778773.0,1,False,0.033105794817238576,1.97,17787718.0
"Fixed 1778279, designed",41,10,16,"D 0,1 -> 4,5",15,False,0.1500249690729547,1778773.0,1,False,0.033105794817238576,1.95,19566491.0
"Fixed 1778279, designed",41,11,52,"D 0,3 -> 9,10",15,False,1.0,1778771.0,1,False,0.03298230483713077,1.95,21345262.0
"Fixed 1778279, designed",41,12,24,"D 0,1 -> 6,9",15,False,1.0,1778771.0,1,False,0.03298230483713077,1.95,23124033.0
"Fixed 1778279, designed",41,13,54,"D 1,2 -> 4,5",15,False,0.9509704870332986,1778771.0,1,False,0.03298230483713077,1.96,24902804.0
"Fixed 1778279, designed",41,14,63,"D 1,2 -> 6,11",15,False,1.0,1778770.0,1,False,0.03297870991352014,1.96,26681574.0
"Fixed 1778279, designed",41,15,44,"D 0,3 -> 5,10",15,False,0.8228683453621803,1778770.0,1,False,0.032978709331527245,1.97,28460344.0
"Fixed 1778279, designed",42,0,91,"D 2,3 -> 10,11",91,True,0.0,1778773.0,1,False,0.24318730437372557,1.97,1778773.0
"Fixed 1778279, designed",42,1,79,"D 2,3 -> 4,11",79,True,0.0,1778783.0,1,False,0.16102697871065078,1.97,3557556.0
"Fixed 1778279, designed",42,2,82,"D 2,3 -> 5,10",82,True,0.0,1778761.0,1,False,0.12998218947189707,1.97,5336317.0
"Fixed 1778279, designed",42,3,76,"D 2,3 -> 4,5",76,True,0.0,1778770.0,1,False,0.15604115247457773,1.95,7115087.0
"Fixed 1778279, designed",42,4,18,"D 0,1 -> 4,9",12,False,1.0,1778759.0,1,False,0.038065010303648644,1.96,8893846.0
"Fixed 1778279, designed",42,5,31,"D 0,1 -> 10,11",12,False,0.6640451924317095,1778759.0,1,False,0.038065010303648644,1.94,10672605.0
"Fixed 1778279, designed",42,6,67,"D 1,2 -> 8,11",8,False,1.0,1778759.0,1,False,0.03806334281270884,1.94,12451364.0
"Fixed 1778279, designed",42,7,51,"D 0,3 -> 8,11",8,False,1.0,1778759.0,1,False,0.03806334281270884,1.96,14230123.0
"Fixed 1778279, designed",42,8,41,"D 0,3 -> 4,11",8,False,0.8168911716390173,1778759.0,1,False,0.03806334281270884,1.95,16008882.0
"Fixed 1778279, designed",42,9,51,"D 0,3 -> 8,11",12,False,1.0,1778765.0,1,False,0.03807230509951037,1.96,17787647.0
"Fixed 1778279, designed",42,10,28,"D 0,1 -> 8,9",12,False,0.48673100702749306,1778765.0,1,False,0.03807230509951037,1.95,19566412.0
"Fixed 1778279, designed",42,11,16,"D 0,1 -> 4,5",12,False,0.1491701406887418,1778763.0,1,False,0.03807262403277043,1.95,21345175.0
"Fixed 1778279, designed",42,12,65,"D 1,2 -> 7,10",12,False,1.0,1778771.0,1,False,0.0379543134126676,1.95,23123946.0
"Fixed 1778279, designed",42,13,12,S 3 -> 5,12,True,0.0,1778771.0,1,False,0.0379543133172883,1.96,24902717.0
"Fixed 1778279, designed",42,14,25,"D 0,1 -> 6,11",11,False,1.0,1778752.0,1,False,0.03304334596195368,1.95,26681469.0
"Fixed 1778279, designed",42,15,49,"D 0,3 -> 7,10",11,False,1.0,1778752.0,1,False,0.03304334596195368,1.96,28460221.0
"Fixed 1778279, designed",43,0,91,"D 2,3 -> 10,11",91,True,0.0,1778773.0,1,False,0.24318730437372557,1.91,1778773.0
"Fixed 1778279, designed",43,1,79,"D 2,3 -> 4,11",79,True,0.0,1778783.0,1,False,0.16102697871065078,1.91,3557556.0
"Fixed 1778279, designed",43,2,76,"D 2,3 -> 4,5",82,False,0.024066516365316204,1778761.0,1,False,0.12998218947189707,1.92,5336317.0
"Fixed 1778279, designed",43,3,82,"D 2,3 -> 5,10",82,True,0.0,1778783.0,1,False,0.15572199591416286,1.93,7115100.0
"Fixed 1778279, designed",43,4,71,"D 1,3 -> 5,9",12,False,1.0,1778759.0,1,False,0.038065025112214046,1.92,8893859.0
"Fixed 1778279, designed",43,5,16,"D 0,1 -> 4,5",12,False,0.12598115105696928,1778759.0,1,False,0.038065025112214046,1.94,10672618.0
"Fixed 1778279, designed",43,6,42,"D 0,3 -> 5,6",12,False,1.0,1778772.0,1,False,0.03794550904773174,1.94,12451390.0
"Fixed 1778279, designed",43,7,47,"D 0,3 -> 6,11",12,False,1.0,1778772.0,1,False,0.03794550904773174,1.93,14230162.0
"Fixed 1778279, designed",43,8,5,S 1 -> 7,12,False,1.0,1778772.0,1,False,0.03794550904773174,1.95,16008934.0
"Fixed 1778279, designed",43,9,7,S 1 -> 11,12,False,0.961064520726128,1778772.0,1,False,0.03794550904773174,1.93,17787706.0
"Fixed 1778279, designed",43,10,75,"D 1,3 -> 9,11",8,False,1.0,1778772.0,1,False,0.037952398979234664,1.96,19566478.0
"Fixed 1778279, designed",43,11,8,S 2 -> 4,8,True,0.0,1778772.0,1,False,0.037952398979234664,1.95,21345250.0
"Fixed 1778279, designed",43,12,15,S 3 -> 11,15,True,0.0,1778776.0,1,False,0.03304505401763502,1.94,23124026.0
"Fixed 1778279, designed",44,0,91,"D 2,3 -> 10,11",91,True,0.0,1778773.0,1,False,0.24318730437372557,1.94,1778773.0
"Fixed 1778279, designed",44,1,82,"D 2,3 -> 5,10",79,True,2.220446049250313e-16,1778783.0,1,False,0.16102697871065078,1.94,3557556.0
"Fixed 1778279, designed",44,2,79,"D 2,3 -> 4,11",79,True,0.0,1778773.0,1,False,0.12998218965087896,1.95,5336329.0
"Fixed 1778279, designed",44,3,76,"D 2,3 -> 4,5",76,True,0.0,1778770.0,1,False,0.1560411524745777,1.98,7115099.0
"Fixed 1778279, designed",44,4,23,"D 0,1 -> 6,7",8,False,0.48606308727321224,1778759.0,1,False,0.038065010303649234,1.95,8893858.0
"Fixed 1778279, designed",44,5,8,S 2 -> 4,12,False,2.0709421511000414e-08,1778760.0,1,False,0.0380653173349411,1.94,10672618.0
"Fixed 1778279, designed",44,6,31,"D 0,1 -> 10,11",15,False,0.6201900314398137,1778772.0,1,False,0.03313195058095042,1.96,12451390.0
"Fixed 1778279, designed",44,7,4,S 1 -> 5,15,False,0.9780123279499723,1778769.0,1,False,0.03315228123311259,1.94,14230159.0
"Fixed 1778279, designed",44,8,15,S 3 -> 11,15,True,0.0,1778771.0,1,False,0.033148828173789724,1.93,16008930.0
"Fixed 1778279, designed",45,0,91,"D 2,3 -> 10,11",91,True,0.0,1778773.0,1,False,0.24318730437372557,1.95,1778773.0
"Fixed 1778279, designed",45,1,79,"D 2,3 -> 4,11",79,True,0.0,1778783.0,1,False,0.16102697871065078,1.97,3557556.0
"Fixed 1778279, designed",45,2,76,"D 2,3 -> 4,5",82,False,0.024066516365316204,1778761.0,1,False,0.12998218947189707,1.97,5336317.0
"Fixed 1778279, designed",45,3,82,"D 2,3 -> 5,10",82,True,0.0,1778783.0,1,False,0.15572199591416286,1.97,7115100.0
"Fixed 1778279, designed",45,4,8,S 2 -> 4,12,False,5.7668011033129574e-08,1778759.0,1,False,0.038065025112214046,1.95,8893859.0
"Fixed 1778279, designed",45,5,6,S 1 -> 9,15,False,1.0,1778771.0,1,False,0.03313194474468539,1.95,10672630.0
"Fixed 1778279, designed",45,6,59,"D 1,2 -> 5,8",15,False,1.0,1778771.0,1,False,0.03313194426455396,1.95,12451401.0
"Fixed 1778279, designed",45,7,75,"D 1,3 -> 9,11",15,False,1.0,1778771.0,1,False,0.03313194426455396,1.97,14230172.0
"Fixed 1778279, designed",45,8,16,"D 0,1 -> 4,5",15,False,0.1507333569937308,1778771.0,1,False,0.03313194426455396,1.96,16008943.0
"Fixed 1778279, designed",45,9,37,"D 0,2 -> 8,10",15,False,1.0,1778774.0,1,False,0.03300845912396344,1.94,17787717.0
"Fixed 1778279, designed",45,10,62,"D 1,2 -> 6,9",15,False,1.0,1778774.0,1,False,0.03300845912396344,1.93,19566491.0
"Fixed 1778279, designed",45,11,36,"D 0,2 -> 6,10",15,False,1.0,1778774.0,1,False,0.03300845912396344,1.94,21345265.0
"Fixed 1778279, designed",45,12,62,"D 1,2 -> 6,9",15,False,1.0,1778774.0,1,False,0.03300845912396344,1.95,23124039.0
"Fixed 1778279, designed",45,13,6,S 1 -> 9,15,False,1.0,1778774.0,1,False,0.03300845912396344,1.94,24902813.0
"Fixed 1778279, designed",45,14,11,S 2 -> 10,15,False,0.4076543760345328,1778774.0,1,False,0.03300845912396344,1.94,26681587.0
"Fixed 1778279, designed",45,15,28,"D 0,1 -> 8,9",15,False,0.18295324386779455,1778767.0,1,False,0.02376308111987424,1.95,28460354.0
"Fixed 1778279, designed",46,0,91,"D 2,3 -> 10,11",91,True,0.0,1778773.0,1,False,0.24318730437372557,1.93,1778773.0
"Fixed 1778279, designed",46,1,79,"D 2,3 -> 4,11",79,True,0.0,1778783.0,1,False,0.16102697871065078,1.91,3557556.0
"Fixed 1778279, designed",46,2,82,"D 2,3 -> 5,10",82,True,0.0,1778761.0,1,False,0.12998218947189707,1.92,5336317.0
"Fixed 1778279, designed",46,3,76,"D 2,3 -> 4,5",76,True,0.0,1778770.0,1,False,0.15604115247457773,1.93,7115087.0
"Fixed 1778279, designed",46,4,54,"D 1,2 -> 4,5",12,False,0.9260459687214199,1778759.0,1,False,0.038065010303648644,1.93,8893846.0
"Fixed 1778279, designed",46,5,16,"D 0,1 -> 4,5",12,False,0.12899887096072638,1778760.0,1,False,0.03806632153814312,1.91,10672606.0
"Fixed 1778279, designed",46,6,2,S 0 -> 8,12,False,1.0,1778771.0,1,False,0.03794691397681949,1.9,12451377.0
"Fixed 1778279, designed",46,7,41,"D 0,3 -> 4,11",12,False,0.8173061509481305,1778771.0,1,False,0.03794691397681949,1.9,14230148.0
"Fixed 1778279, designed",46,8,75,"D 1,3 -> 9,11",12,False,1.0,1778770.0,1,False,0.037955883785654385,1.9,16008918.0
"Fixed 1778279, designed",46,9,12,S 3 -> 5,12,True,0.0,1778770.0,1,False,0.037955883785654385,1.9,17787688.0
"Fixed 1778279, designed",46,10,39,"D 0,3 -> 4,7",11,False,1.0,1778749.0,1,False,0.033020707238472786,1.91,19566437.0
"Fixed 1778279, designed",46,11,1,S 0 -> 6,11,False,1.0,1778749.0,1,False,0.033020707238472786,1.92,21345186.0
"Fixed 1778279, designed",46,12,6,S 1 -> 9,11,False,1.0,1778749.0,1,False,0.033020707238472786,1.95,23123935.0
"Fixed 1778279, designed",46,13,72,"D 1,3 -> 5,11",11,False,0.9337712089836246,1778749.0,1,False,0.033020707238472786,1.93,24902684.0
"Fixed 1778279, designed",46,14,4,S 1 -> 5,11,False,0.9884211972773397,1778749.0,1,False,0.03302792731971604,1.9,26681433.0
"Fixed 1778279, designed",46,15,23,"D 0,1 -> 6,7",11,False,0.4121409929004415,1778748.0,1,False,0.033025322441369125,1.9,28460181.0
"Fixed 1778279, designed",47,0,91,"D 2,3 -> 10,11",91,True,0.0,1778773.0,1,False,0.24318730437372557,1.96,1778773.0
"Fixed 1778279, designed",47,1,79,"D 2,3 -> 4,11",79,True,0.0,1778783.0,1,False,0.16102697871065078,1.97,3557556.0
"Fixed 1778279, designed",47,2,82,"D 2,3 -> 5,10",82,True,0.0,1778761.0,1,False,0.12998218947189707,1.95,5336317.0
"Fixed 1778279, designed",47,3,76,"D 2,3 -> 4,5",76,True,0.0,1778770.0,1,False,0.15604115247457773,1.94,7115087.0
"Fixed 1778279, designed",47,4,23,"D 0,1 -> 6,7",12,False,0.48606308727320313,1778759.0,1,False,0.038065010303648644,1.93,8893846.0
"Fixed 1778279, designed",47,5,16,"D 0,1 -> 4,5",8,False,0.12899713624196152,1778760.0,1,False,0.03806532974654662,1.96,10672606.0
"Fixed 1778279, designed",47,6,26,"D 0,1 -> 7,8",12,False,1.0,1778770.0,1,False,0.03794658565386081,1.97,12451376.0
"Fixed 1778279, designed",47,7,65,"D 1,2 -> 7,10",12,False,1.0,1778770.0,1,False,0.03794658540051414,1.98,14230146.0
"Fixed 1778279, designed",47,8,50,"D 0,3 -> 8,9",12,False,0.6707623856559544,1778770.0,1,False,0.03794658540051414,2.0,16008916.0
"Fixed 1778279, designed",47,9,31,"D 0,1 -> 10,11",12,False,0.71885830741714,1778769.0,1,False,0.03799940563845036,1.98,17787685.0
"Fixed 1778279, designed",47,10,50,"D 0,3 -> 8,9",12,False,0.9999999882387086,1778766.0,1,False,0.037998126394222724,1.98,19566451.0
"Fixed 1778279, designed",47,11,28,"D 0,1 -> 8,9",12,False,0.4804093349934714,1778766.0,1,False,0.037998126394222724,2.01,21345217.0
"Fixed 1778279, designed",47,12,38,"D 0,3 -> 4,5",12,False,0.9333330039208544,1778768.0,1,False,0.03800158434622392,2.01,23123985.0
"Fixed 1778279, designed",47,13,45,"D 0,3 -> 6,7",12,False,0.6658046662540975,1778770.0,1,False,0.03799534914962649,1.98,24902755.0
"Fixed 1778279, designed",47,14,47,"D 0,3 -> 6,11",12,False,1.0,1778770.0,1,False,0.03804925020355898,1.99,26681525.0
"Fixed 1778279, designed",47,15,8,S 2 -> 4,12,False,0.002930352444474038,1778770.0,1,False,0.038049250207937715,2.0,28460295.0
"Fixed 1778279, designed",48,0,91,"D 2,3 -> 10,11",91,True,0.0,1778773.0,1,False,0.24318730437372557,1.98,1778773.0
"Fixed 1778279, designed",48,1,79,"D 2,3 -> 4,11",79,True,0.0,1778783.0,1,False,0.16102697871065078,1.96,3557556.0
"Fixed 1778279, designed",48,2,76,"D 2,3 -> 4,5",82,False,0.024066516365316204,1778761.0,1,False,0.12998218947189707,1.97,5336317.0
"Fixed 1778279, designed",48,3,82,"D 2,3 -> 5,10",82,True,0.0,1778783.0,1,False,0.15572199591416286,1.98,7115100.0
"Fixed 1778279, designed",48,4,16,"D 0,1 -> 4,5",12,False,0.12598115105696928,1778759.0,1,False,0.038065025112214046,1.96,8893859.0
"Fixed 1778279, designed",48,5,41,"D 0,3 -> 4,11",12,False,0.817299063080625,1778772.0,1,False,0.03794550904773174,1.94,10672631.0
"Fixed 1778279, designed",48,6,51,"D 0,3 -> 8,11",12,False,1.0,1778772.0,1,False,0.03795447980946684,1.98,12451403.0
"Fixed 1778279, designed",48,7,5,S 1 -> 7,12,False,1.0,1778772.0,1,False,0.03795447980946684,2.01,14230175.0
"Fixed 1778279, designed",48,8,47,"D 0,3 -> 6,11",12,False,1.0,1778772.0,1,False,0.03795447980946684,2.0,16008947.0
"Fixed 1778279, designed",48,9,28,"D 0,1 -> 8,9",12,False,0.4902097332644436,1778772.0,1,False,0.03795447980946684,1.94,17787719.0
"Fixed 1778279, designed",48,10,55,"D 1,2 -> 4,7",12,False,1.0,1778772.0,1,False,0.037955612233039164,1.93,19566491.0
"Fixed 1778279, designed",48,11,49,"D 0,3 -> 7,10",12,False,1.0,1778772.0,1,False,0.037955612233039164,1.94,21345263.0
"Fixed 1778279, designed",48,12,65,"D 1,2 -> 7,10",12,False,1.0,1778772.0,1,False,0.037955612233039164,1.98,23124035.0
"Fixed 1778279, designed",48,13,54,"D 1,2 -> 4,5",12,False,0.9393747742108343,1778772.0,1,False,0.037955612233039164,1.94,24902807.0
"Fixed 1778279, designed",48,14,17,"D 0,1 -> 4,7",12,False,1.0,1778772.0,1,False,0.037957011828023836,1.93,26681579.0
"Fixed 1778279, designed",48,15,72,"D 1,3 -> 5,11",12,False,0.9994782248807934,1778772.0,1,False,0.037957011828023836,1.96,28460351.0
"Fixed 1778279, designed",49,0,91,"D 2,3 -> 10,11",91,True,0.0,1778773.0,1,False,0.24318730437372557,1.97,1778773.0
"Fixed 1778279, designed",49,1,82,"D 2,3 -> 5,10",79,True,2.220446049250313e-16,1778783.0,1,False,0.16102697871065078,1.97,3557556.0
"Fixed 1778279, designed",49,2,76,"D 2,3 -> 4,5",79,False,0.024066513654290578,1778773.0,1,False,0.12998218965087896,1.96,5336329.0
"Fixed 1778279, designed",49,3,79,"D 2,3 -> 4,11",79,True,0.0,1778765.0,1,False,0.15572199872464462,1.94,7115094.0
"Fixed 1778279, designed",49,4,35,"D 0,2 -> 6,8",8,False,1.0,1778759.0,1,False,0.03806501943588732,1.97,8893853.0
"Fixed 1778279, designed",49,5,12,S 3 -> 5,8,False,9.795287025937682e-09,1778759.0,1,False,0.03806501271233194,1.97,10672612.0
"Fixed 1778279, designed",49,6,47,"D 0,3 -> 6,11",11,False,1.0,1778744.0,1,False,0.03313194474466321,1.95,12451356.0
"Fixed 1778279, designed",49,7,50,"D 0,3 -> 8,9",11,False,0.5832554382578168,1778744.0,1,False,0.03313194426454259,2.0,14230100.0
"Fixed 1778279, designed",49,8,16,"D 0,1 -> 4,5",11,False,0.15191383075834208,1778746.0,1,False,0.03317401159617295,1.97,16008846.0
"Fixed 1778279, designed",49,9,48,"D 0,3 -> 7,8",11,False,1.0,1778748.0,1,False,0.033050576398156825,1.99,17787594.0
"Fixed 1778279, designed",49,10,23,"D 0,1 -> 6,7",11,False,0.41301863534390304,1778748.0,1,False,0.033050576398156825,1.91,19566342.0
"Fixed 1778279, designed",49,11,11,S 2 -> 10,11,True,0.0,1778749.0,1,False,0.03305142268079978,1.93,21345091.0
"Fixed 1778279, designed",50,0,91,"D 2,3 -> 10,11",91,True,0.0,1778773.0,1,False,0.24318730437372557,1.93,1778773.0
"Fixed 1778279, designed",50,1,82,"D 2,3 -> 5,10",79,True,2.220446049250313e-16,1778783.0,1,False,0.16102697871065078,1.91,3557556.0
"Fixed 1778279, designed",50,2,76,"D 2,3 -> 4,5",79,False,0.024066513654290578,1778773.0,1,False,0.12998218965087896,1.91,5336329.0
"Fixed 1778279, designed",50,3,79,"D 2,3 -> 4,11",79,True,0.0,1778765.0,1,False,0.15572199872464462,1.9,7115094.0
"Fixed 1778279, designed",50,4,50,"D 0,3 -> 8,9",8,False,0.6718114708117454,1778759.0,1,False,0.03806501943588732,1.91,8893853.0
"Fixed 1778279, designed",50,5,8,S 2 -> 4,12,False,0.0015137849723673158,1778760.0,1,False,0.03811782250676723,1.92,10672613.0
"Fixed 1778279, designed",50,6,57,"D 1,2 -> 4,11",15,False,0.7077946037888067,1778774.0,1,False,0.03310579510261841,1.92,12451387.0
"Fixed 1778279, designed",50,7,25,"D 0,1 -> 6,11",15,False,1.0,1778767.0,1,False,0.033160440709159966,1.92,14230154.0
"Fixed 1778279, designed",50,8,27,"D 0,1 -> 7,10",15,False,1.0,1778767.0,1,False,0.033160440709159966,1.92,16008921.0
"Fixed 1778279, designed",50,9,30,"D 0,1 -> 9,10",15,False,1.0,1778767.0,1,False,0.033160440709159966,1.91,17787688.0
"Fixed 1778279, designed",50,10,16,"D 0,1 -> 4,5",15,False,0.15183904083384958,1778767.0,1,False,0.033160440709159966,1.91,19566455.0
"Fixed 1778279, designed",50,11,61,"D 1,2 -> 6,7",15,False,0.5812740084412509,1778776.0,1,False,0.033037008280133506,1.91,21345231.0
"Fixed 1778279, designed",50,12,43,"D 0,3 -> 5,8",15,False,1.0,1778775.0,1,False,0.03307967620720831,1.91,23124006.0
"Fixed 1778279, designed",50,13,5,S 1 -> 7,15,False,1.0,1778775.0,1,False,0.03307967620720831,1.91,24902781.0
"Fixed 1778279, designed",50,14,21,"D 0,1 -> 5,8",15,False,1.0,1778775.0,1,False,0.03307967620720831,1.9,26681556.0
"Fixed 1778279, designed",50,15,48,"D 0,3 -> 7,8",15,False,1.0,1778775.0,1,False,0.03307967620720831,1.9,28460331.0
"Fixed 1778279, designed",51,0,91,"D 2,3 -> 10,11",91,True,0.0,1778773.0,1,False,0.24318730437372557,1.93,1778773.0
"Fixed 1778279, designed",51,1,82,"D 2,3 -> 5,10",79,True,2.220446049250313e-16,1778783.0,1,False,0.16102697871065078,1.96,3557556.0
"Fixed 1778279, designed",51,2,79,"D 2,3 -> 4,11",79,True,0.0,1778773.0,1,False,0.12998218965087896,1.96,5336329.0
"Fixed 1778279, designed",51,3,76,"D 2,3 -> 4,5",76,True,0.0,1778770.0,1,False,0.1560411524745777,1.95,7115099.0
"Fixed 1778279, designed",51,4,41,"D 0,3 -> 4,11",8,False,0.8167919311796229,1778759.0,1,False,0.038065010303649234,1.96,8893858.0
"Fixed 1778279, designed",51,5,61,"D 1,2 -> 6,7",12,False,0.6716964324101169,1778763.0,1,False,0.03807396556467452,1.93,10672621.0
"Fixed 1778279, designed",51,6,12,S 3 -> 5,8,False,0.0014928824464103263,1778763.0,1,False,0.03812599993031066,1.94,12451384.0
"Fixed 1778279, designed",51,7,16,"D 0,1 -> 4,5",11,False,0.15111291074598943,1778749.0,1,False,0.03312331501748243,1.93,14230133.0
"Fixed 1778279, designed",51,8,45,"D 0,3 -> 6,7",11,False,0.5829906628490291,1778749.0,1,False,0.03299983100302639,1.94,16008882.0
"Fixed 1778279, designed",51,9,31,"D 0,1 -> 10,11",11,False,0.6784771626273878,1778745.0,1,False,0.033041776469375304,1.94,17787627.0
"Fixed 1778279, designed",51,10,58,"D 1,2 -> 5,6",11,False,1.0,1778746.0,1,False,0.03306099814724193,1.94,19566373.0
"Fixed 1778279, designed",51,11,40,"D 0,3 -> 4,9",11,False,1.0,1778746.0,1,False,0.03306099814724193,1.94,21345119.0
"Fixed 1778279, designed",51,12,51,"D 0,3 -> 8,11",11,False,1.0,1778746.0,1,False,0.03306099814724193,1.93,23123865.0
"Fixed 1778279, designed",51,13,20,"D 0,1 -> 5,6",11,False,1.0,1778746.0,1,False,0.03306099814724193,1.93,24902611.0
"Fixed 1778279, designed",51,14,25,"D 0,1 -> 6,11",11,False,1.0,1778746.0,1,False,0.03306099814724193,1.92,26681357.0
"Fixed 1778279, designed",51,15,55,"D 1,2 -> 4,7",11,False,1.0,1778746.0,1,False,0.03306099814724193,1.92,28460103.0
"Fixed 1778279, designed",52,0,91,"D 2,3 -> 10,11",91,True,0.0,1778773.0,1,False,0.24318730437372557,1.96,1778773.0
"Fixed 1778279, designed",52,1,79,"D 2,3 -> 4,11",79,True,0.0,1778783.0,1,False,0.16102697871065078,1.95,3557556.0
"Fixed 1778279, designed",52,2,76,"D 2,3 -> 4,5",82,False,0.024066516365316204,1778761.0,1,False,0.12998218947189707,1.97,5336317.0
"Fixed 1778279, designed",52,3,82,"D 2,3 -> 5,10",82,True,0.0,1778783.0,1,False,0.15572199591416286,1.97,7115100.0
"Fixed 1778279, designed",52,4,85,"D 2,3 -> 6,11",12,False,1.0,1778759.0,1,False,0.038065025112214046,1.95,8893859.0
"Fixed 1778279, designed",52,5,8,S 2 -> 4,12,False,5.7668011033129574e-08,1778759.0,1,False,0.038065025112214046,1.96,10672618.0
"Fixed 1778279, designed",52,6,25,"D 0,1 -> 6,11",15,False,1.0,1778771.0,1,False,0.03313194474468539,1.92,12451389.0
"Fixed 1778279, designed",52,7,46,"D 0,3 -> 6,9",15,False,1.0,1778771.0,1,False,0.03313194426455396,1.95,14230160.0
"Fixed 1778279, designed",52,8,63,"D 1,2 -> 6,11",15,False,1.0,1778771.0,1,False,0.03313194426455396,2.01,16008931.0
"Fixed 1778279, designed",52,9,29,"D 0,1 -> 8,11",15,False,1.0,1778771.0,1,False,0.03313194426455396,1.97,17787702.0
"Fixed 1778279, designed",52,10,45,"D 0,3 -> 6,7",15,False,0.629836588394959,1778771.0,1,False,0.03313194426455396,1.97,19566473.0
"Fixed 1778279, designed",52,11,53,"D 0,3 -> 10,11",15,False,0.79912016978105,1778773.0,1,False,0.033105794817238576,1.93,21345246.0
"Fixed 1778279, designed",52,12,49,"D 0,3 -> 7,10",15,False,1.0,1778771.0,1,False,0.033109766580011135,1.97,23124017.0
"Fixed 1778279, designed",52,13,61,"D 1,2 -> 6,7",15,False,0.5851448090353215,1778771.0,1,False,0.033109766580011135,1.98,24902788.0
"Fixed 1778279, designed",52,14,60,"D 1,2 -> 5,10",15,False,0.7777188994370354,1778773.0,1,False,0.03315157115766465,1.97,26681561.0
"Fixed 1778279, designed",52,15,28,"D 0,1 -> 8,9",15,False,0.4101969460784043,1778770.0,1,False,0.03316714824781086,1.93,28460331.0
"Fixed 1778279, designed",53,0,91,"D 2,3 -> 10,11",91,True,0.0,1778773.0,1,False,0.24318730437372557,1.93,1778773.0
"Fixed 1778279, designed",53,1,79,"D 2,3 -> 4,11",79,True,0.0,1778783.0,1,False,0.16102697871065078,1.92,3557556.0
"Fixed 1778279, designed",53,2,76,"D 2,3 -> 4,5",82,False,0.024066516365316204,1778761.0,1,False,0.12998218947189707,1.92,5336317.0
"Fixed 1778279, designed",53,3,82,"D 2,3 -> 5,10",82,True,0.0,1778783.0,1,False,0.15572199591416286,1.9,7115100.0
"Fixed 1778279, designed",53,4,74,"D 1,3 -> 7,11",12,False,1.0,1778759.0,1,False,0.038065025112214046,1.93,8893859.0
"Fixed 1778279, designed",53,5,22,"D 0,1 -> 5,10",12,False,0.9327348845825986,1778759.0,1,False,0.038065025112214046,1.91,10672618.0
"Fixed 1778279, designed",53,6,50,"D 0,3 -> 8,9",12,False,0.671858149672867,1778758.0,1,False,0.038070163218141086,1.93,12451376.0
"Fixed 1778279, designed",53,7,41,"D 0,3 -> 4,11",12,False,0.8161060018596348,1778759.0,1,False,0.038122979214783116,1.94,14230135.0
"Fixed 1778279, designed",53,8,17,"D 0,1 -> 4,7",12,False,1.0,1778763.0,1,False,0.038132070500410675,1.93,16008898.0
"Fixed 1778279, designed",53,9,46,"D 0,3 -> 6,9",12,False,1.0,1778763.0,1,False,0.038132070500410675,1.92,17787661.0
"Fixed 1778279, designed",53,10,45,"D 0,3 -> 6,7",12,False,0.6742103813824557,1778763.0,1,False,0.038132070500410675,1.91,19566424.0
"Fixed 1778279, designed",53,11,12,S 3 -> 5,12,True,0.0,1778766.0,1,False,0.0381842649549753,1.91,21345190.0
"Fixed 1778279, designed",53,12,7,S 1 -> 11,11,False,0.8887088302031882,1778747.0,1,False,0.033267664783633195,1.93,23123937.0
"Fixed 1778279, designed",53,13,43,"D 0,3 -> 5,8",11,False,1.0,1778742.0,1,False,0.033296593115525325,1.92,24902679.0
"Fixed 1778279, designed",53,14,44,"D 0,3 -> 5,10",11,False,0.7107774825955604,1778742.0,1,False,0.03329659335645677,1.96,26681421.0
"Fixed 1778279, designed",53,15,68,"D 1,2 -> 9,10",11,False,1.0,1778744.0,1,False,0.03335144331022516,1.93,28460165.0
"Fixed 1778279, designed",54,0,91,"D 2,3 -> 10,11",91,True,0.0,1778773.0,1,False,0.24318730437372557,1.95,1778773.0
"Fixed 1778279, designed",54,1,82,"D 2,3 -> 5,10",79,True,2.220446049250313e-16,1778783.0,1,False,0.16102697871065078,1.95,3557556.0
"Fixed 1778279, designed",54,2,79,"D 2,3 -> 4,11",79,True,0.0,1778773.0,1,False,0.12998218965087896,1.97,5336329.0
"Fixed 1778279, designed",54,3,76,"D 2,3 -> 4,5",76,True,0.0,1778770.0,1,False,0.1560411524745777,1.97,7115099.0
"Fixed 1778279, designed",54,4,32,"D 0,2 -> 4,6",8,False,1.0,1778759.0,1,False,0.038065010303649234,1.94,8893858.0
"Fixed 1778279, designed",54,5,89,"D 2,3 -> 8,11",8,False,1.0,1778759.0,1,False,0.038065010303649234,1.96,10672617.0
"Fixed 1778279, designed",54,6,28,"D 0,1 -> 8,9",8,False,0.4860630872732127,1778759.0,1,False,0.038065010303649234,1.94,12451376.0
"Fixed 1778279, designed",54,7,2,S 0 -> 8,12,False,1.0,1778762.0,1,False,0.03806531961054786,1.93,14230138.0
"Fixed 1778279, designed",54,8,12,S 3 -> 5,12,True,0.0,1778762.0,1,False,0.0380653206376311,1.97,16008900.0
"Fixed 1778279, designed",54,9,16,"D 0,1 -> 4,5",11,False,0.15373183178948024,1778744.0,1,False,0.033131950550657326,1.93,17787644.0
"Fixed 1778279, designed",54,10,44,"D 0,3 -> 5,10",11,False,0.7078734287425528,1778751.0,1,False,0.03300930475025026,1.92,19566395.0
"Fixed 1778279, designed",54,11,74,"D 1,3 -> 7,11",11,False,1.0,1778740.0,1,False,0.03306398146155584,1.9,21345135.0
"Fixed 1778279, designed",54,12,3,S 0 -> 10,11,False,0.8875585025617931,1778740.0,1,False,0.03306398146155584,1.9,23123875.0
"Fixed 1778279, designed",54,13,18,"D 0,1 -> 4,9",11,False,1.0,1778742.0,1,False,0.033087860625945924,1.91,24902617.0
"Fixed 1778279, designed",54,14,29,"D 0,1 -> 8,11",11,False,1.0,1778742.0,1,False,0.033087860625945924,1.91,26681359.0
"Fixed 1778279, designed",54,15,34,"D 0,2 -> 4,10",11,False,0.9507996505485965,1778742.0,1,False,0.033087860625945924,1.91,28460101.0
"Fixed 1778279, designed",55,0,91,"D 2,3 -> 10,11",91,True,0.0,1778773.0,1,False,0.24318730437372557,1.93,1778773.0
"Fixed 1778279, designed",55,1,82,"D 2,3 -> 5,10",79,True,2.220446049250313e-16,1778783.0,1,False,0.16102697871065078,1.93,3557556.0
"Fixed 1778279, designed",55,2,76,"D 2,3 -> 4,5",79,False,0.024066513654290578,1778773.0,1,False,0.12998218965087896,1.92,5336329.0
"Fixed 1778279, designed",55,3,79,"D 2,3 -> 4,11",79,True,0.0,1778765.0,1,False,0.15572199872464462,1.91,7115094.0
"Fixed 1778279, designed",55,4,66,"D 1,2 -> 8,9",8,False,0.6718114708117454,1778759.0,1,False,0.03806501943588732,1.93,8893853.0
"Fixed 1778279, designed",55,5,60,"D 1,2 -> 5,10",8,False,0.8160818190560825,1778760.0,1,False,0.03811782636367871,1.93,10672613.0
"Fixed 1778279, designed",55,6,28,"D 0,1 -> 8,9",8,False,0.4741871463974844,1778763.0,1,False,0.03812692173279036,1.93,12451376.0
"Fixed 1778279, designed",55,7,16,"D 0,1 -> 4,5",8,False,0.1310159813262547,1778764.0,1,False,0.03812960721856857,1.94,14230140.0
"Fixed 1778279, designed",55,8,73,"D 1,3 -> 7,9",8,False,1.0,1778766.0,1,False,0.03801086258197055,1.92,16008906.0
"Fixed 1778279, designed",55,9,53,"D 0,3 -> 10,11",8,False,0.8298289558629142,1778766.0,1,False,0.03801086258197055,1.92,17787672.0
"Fixed 1778279, designed",55,10,1,S 0 -> 6,8,False,1.0,1778763.0,1,False,0.03801394700362838,1.96,19566435.0
"Fixed 1778279, designed",55,11,12,S 3 -> 5,8,False,0.001203724668066286,1778763.0,1,False,0.03801394700362838,1.92,21345198.0
"Fixed 1778279, designed",55,12,66,"D 1,2 -> 8,9",11,False,0.9997335542607539,1778751.0,1,False,0.03300674449233046,1.99,23123949.0
"Fixed 1778279, designed",55,13,19,"D 0,1 -> 4,11",11,False,0.9964710763693687,1778745.0,1,False,0.03303961946985181,1.93,24902694.0
"Fixed 1778279, designed",55,14,50,"D 0,3 -> 8,9",11,False,0.5727654191088827,1778745.0,1,False,0.03303956169606955,1.94,26681439.0
"Fixed 1778279, designed",55,15,32,"D 0,2 -> 4,6",11,False,1.0,1778747.0,1,False,0.03308352199150014,1.93,28460186.0
"Fixed 1778279, designed",56,0,91,"D 2,3 -> 10,11",91,True,0.0,1778773.0,1,False,0.24318730437372557,1.93,1778773.0
"Fixed 1778279, designed",56,1,79,"D 2,3 -> 4,11",79,True,0.0,1778783.0,1,False,0.16102697871065078,1.94,3557556.0
"Fixed 1778279, designed",56,2,82,"D 2,3 -> 5,10",82,True,0.0,1778761.0,1,False,0.12998218947189707,1.94,5336317.0
"Fixed 1778279, designed",56,3,76,"D 2,3 -> 4,5",76,True,0.0,1778770.0,1,False,0.15604115247457773,1.93,7115087.0
"Fixed 1778279, designed",56,4,54,"D 1,2 -> 4,5",12,False,0.9260459687214199,1778759.0,1,False,0.038065010303648644,1.93,8893846.0
"Fixed 1778279, designed",56,5,62,"D 1,2 -> 6,9",12,False,1.0,1778760.0,1,False,0.03806632153814312,1.94,10672606.0
"Fixed 1778279, designed",56,6,66,"D 1,2 -> 8,9",12,False,0.6704715977368094,1778760.0,1,False,0.03806632153814312,1.94,12451366.0
"Fixed 1778279, designed",56,7,28,"D 0,1 -> 8,9",8,False,0.4740124435499251,1778760.0,1,False,0.03811058140110522,1.94,14230126.0
"Fixed 1778279, designed",56,8,44,"D 0,3 -> 5,10",8,False,0.8217586045179686,1778762.0,1,False,0.03811323908265486,1.94,16008888.0
"Fixed 1778279, designed",56,9,68,"D 1,2 -> 9,10",12,False,1.0,1778763.0,1,False,0.03810906413630486,1.95,17787651.0
"Fixed 1778279, designed",56,10,24,"D 0,1 -> 6,9",12,False,1.0,1778763.0,1,False,0.03810906413630486,1.93,19566414.0
"Fixed 1778279, designed",56,11,2,S 0 -> 8,12,False,1.0,1778763.0,1,False,0.03810906413630486,1.93,21345177.0
"Fixed 1778279, designed",56,12,60,"D 1,2 -> 5,10",12,False,0.8169831111752204,1778763.0,1,False,0.03810906413630486,1.92,23123940.0
"Fixed 1778279, designed",56,13,8,S 2 -> 4,12,False,0.00017940473948130364,1778762.0,1,False,0.03811671700064986,1.93,24902702.0
"Fixed 1778279, designed",56,14,6,S 1 -> 9,15,False,1.0,1778774.0,1,False,0.03321424983510424,1.94,26681476.0
"Fixed 1778279, designed",56,15,16,"D 0,1 -> 4,5",15,False,0.15941168151705398,1778774.0,1,False,0.03321424983510424,1.97,28460250.0
"Fixed 1778279, designed",57,0,91,"D 2,3 -> 10,11",91,True,0.0,1778773.0,1,False,0.24318730437372557,1.9,1778773.0
"Fixed 1778279, designed",57,1,82,"D 2,3 -> 5,10",79,True,2.220446049250313e-16,1778783.0,1,False,0.16102697871065078,1.89,3557556.0
"Fixed 1778279, designed",57,2,76,"D 2,3 -> 4,5",79,False,0.024066513654290578,1778773.0,1,False,0.12998218965087896,1.89,5336329.0
"Fixed 1778279, designed",57,3,79,"D 2,3 -> 4,11",79,True,0.0,1778765.0,1,False,0.15572199872464462,1.89,7115094.0
"Fixed 1778279, designed",57,4,55,"D 1,2 -> 4,7",8,False,1.0,1778759.0,1,False,0.03806501943588732,1.88,8893853.0
"Fixed 1778279, designed",57,5,61,"D 1,2 -> 6,7",8,False,0.671811415302515,1778759.0,1,False,0.03806501271233194,1.89,10672612.0
"Fixed 1778279, designed",57,6,51,"D 0,3 -> 8,11",8,False,1.0,1778761.0,1,False,0.03811782636248079,1.88,12451373.0
"Fixed 1778279, designed",57,7,16,"D 0,1 -> 4,5",8,False,0.12717749226847674,1778761.0,1,False,0.03811782636248079,1.91,14230134.0
"Fixed 1778279, designed",57,8,12,S 3 -> 5,8,False,0.0015187309195887622,1778769.0,1,False,0.03799832719100567,1.9,16008903.0
"Fixed 1778279, designed",57,9,44,"D 0,3 -> 5,10",11,False,0.7072438245257431,1778749.0,1,False,0.03297932369320401,1.9,17787652.0
"Fixed 1778279, designed",57,10,50,"D 0,3 -> 8,9",11,False,0.5812394154866558,1778746.0,1,False,0.03303399886876398,1.93,19566398.0
"Fixed 1778279, designed",57,11,1,S 0 -> 6,11,False,1.0,1778748.0,1,False,0.03307665798504224,2.02,21345146.0
"Fixed 1778279, designed",57,12,23,"D 0,1 -> 6,7",11,False,0.39972273497605015,1778748.0,1,False,0.03307665798504224,1.92,23123894.0
"Fixed 1778279, designed",57,13,32,"D 0,2 -> 4,6",11,False,1.0,1778747.0,1,False,0.03307653427862829,1.92,24902641.0
"Fixed 1778279, designed",57,14,62,"D 1,2 -> 6,9",11,False,1.0,1778747.0,1,False,0.03307653427862829,1.89,26681388.0
"Fixed 1778279, designed",57,15,25,"D 0,1 -> 6,11",11,False,1.0,1778747.0,1,False,0.03307653427862829,1.89,28460135.0
"Fixed 1778279, designed",58,0,91,"D 2,3 -> 10,11",91,True,0.0,1778773.0,1,False,0.24318730437372557,1.97,1778773.0
"Fixed 1778279, designed",58,1,82,"D 2,3 -> 5,10",79,True,2.220446049250313e-16,1778783.0,1,False,0.16102697871065078,1.95,3557556.0
"Fixed 1778279, designed",58,2,76,"D 2,3 -> 4,5",79,False,0.024066513654290578,1778773.0,1,False,0.12998218965087896,1.95,5336329.0
"Fixed 1778279, designed",58,3,79,"D 2,3 -> 4,11",79,True,0.0,1778765.0,1,False,0.15572199872464462,1.94,7115094.0
"Fixed 1778279, designed",58,4,18,"D 0,1 -> 4,9",8,False,1.0,1778759.0,1,False,0.03806501943588732,1.96,8893853.0
"Fixed 1778279, designed",58,5,62,"D 1,2 -> 6,9",8,False,1.0,1778759.0,1,False,0.03806501271233194,1.98,10672612.0
"Fixed 1778279, designed",58,6,16,"D 0,1 -> 4,5",8,False,0.12598080030055725,1778759.0,1,False,0.03806501124409043,1.96,12451371.0
"Fixed 1778279, designed",58,7,8,S 2 -> 4,8,True,0.0,1778772.0,1,False,0.037945509046034734,1.95,14230143.0
"Fixed 1778279, designed",58,8,46,"D 0,3 -> 6,9",15,False,1.0,1778771.0,1,False,0.033005477603511746,1.93,16008914.0
"Fixed 1778279, designed",58,9,50,"D 0,3 -> 8,9",15,False,0.6283692203863923,1778771.0,1,False,0.033005477603511746,1.91,17787685.0
"Fixed 1778279, designed",58,10,22,"D 0,1 -> 5,10",15,False,0.9452060135446285,1778771.0,1,False,0.032979321445270826,1.93,19566456.0
"Fixed 1778279, designed",58,11,64,"D 1,2 -> 7,8",15,False,1.0,1778773.0,1,False,0.03298049393987107,1.91,21345229.0
"Fixed 1778279, designed",58,12,7,S 1 -> 11,15,False,0.866332873316264,1778773.0,1,False,0.03298049363163552,1.92,23124002.0
"Fixed 1778279, designed",58,13,28,"D 0,1 -> 8,9",15,False,0.39825969534528904,1778770.0,1,False,0.03302002530170334,1.91,24902772.0
"Fixed 1778279, designed",58,14,53,"D 0,3 -> 10,11",15,False,0.7993107560916408,1778772.0,1,False,0.033019981499342266,1.91,26681544.0
"Fixed 1778279, designed",58,15,47,"D 0,3 -> 6,11",15,False,1.0,1778777.0,1,False,0.03302370221726081,1.92,28460321.0
"Fixed 1778279, designed",59,0,91,"D 2,3 -> 10,11",91,True,0.0,1778773.0,1,False,0.24318730437372557,1.95,1778773.0
"Fixed 1778279, designed",59,1,79,"D 2,3 -> 4,11",79,True,0.0,1778783.0,1,False,0.16102697871065078,1.96,3557556.0
"Fixed 1778279, designed",59,2,82,"D 2,3 -> 5,10",82,True,0.0,1778761.0,1,False,0.12998218947189707,1.94,5336317.0
"Fixed 1778279, designed",59,3,76,"D 2,3 -> 4,5",76,True,0.0,1778770.0,1,False,0.15604115247457773,1.95,7115087.0
"Fixed 1778279, designed",59,4,12,S 3 -> 5,12,True,0.0,1778759.0,1,False,0.038065010303648644,1.95,8893846.0
"Fixed 1778279, designed",59,5,31,"D 0,1 -> 10,11",11,False,0.618882897206393,1778744.0,1,False,0.03313194410308478,1.95,10672590.0
"Fixed 1778279, designed",59,6,49,"D 0,3 -> 7,10",11,False,1.0,1778742.0,1,False,0.033152405588669165,1.96,12451332.0
"Fixed 1778279, designed",59,7,35,"D 0,2 -> 6,8",11,False,1.0,1778742.0,1,False,0.033152405588669165,1.96,14230074.0
"Fixed 1778279, designed",59,8,62,"D 1,2 -> 6,9",11,False,1.0,1778742.0,1,False,0.033152405588669165,1.97,16008816.0
"Fixed 1778279, designed",59,9,44,"D 0,3 -> 5,10",11,False,0.7086350336291776,1778742.0,1,False,0.033152405588669165,1.96,17787558.0
"Fixed 1778279, designed",59,10,25,"D 0,1 -> 6,11",11,False,1.0,1778745.0,1,False,0.03320724336475539,1.96,19566303.0
"Fixed 1778279, designed",59,11,28,"D 0,1 -> 8,9",11,False,0.4113344255106538,1778745.0,1,False,0.03320724336475539,1.95,21345048.0
"Fixed 1778279, designed",59,12,69,"D 1,2 -> 10,11",11,False,0.7914286563663955,1778745.0,1,False,0.033207190193561865,1.97,23123793.0
"Fixed 1778279, designed",59,13,48,"D 0,3 -> 7,8",11,False,1.0,1778744.0,1,False,0.03321149544729262,1.97,24902537.0
"Fixed 1778279, designed",59,14,50,"D 0,3 -> 8,9",11,False,0.5750973777941611,1778744.0,1,False,0.03321149544729262,1.93,26681281.0
"Fixed 1778279, designed",59,15,4,S 1 -> 5,11,False,0.9965976896812596,1778743.0,1,False,0.03325594357296009,1.91,28460024.0
"Fixed 1778279, pilot",0,0,91,"D 2,3 -> 10,11",91,True,0.0,1778768.0,1,False,0.24318730437372557,7.81,1778768.0
"Fixed 1778279, pilot",0,1,79,"D 2,3 -> 4,11",79,True,0.0,1778771.0,1,False,0.16102697871065078,7.81,3557539.0
"Fixed 1778279, pilot",0,2,82,"D 2,3 -> 5,10",82,True,0.0,1778776.0,1,False,0.12998218947189707,7.87,5336315.0
"Fixed 1778279, pilot",0,3,76,"D 2,3 -> 4,5",76,True,0.0,1778761.0,1,False,0.15604115247457773,7.77,7115076.0
"Fixed 1778279, pilot",0,4,53,"D 0,3 -> 10,11",12,False,0.8298973611035432,1778762.0,1,False,0.038065010303648644,7.73,8893838.0
"Fixed 1778279, pilot",0,5,31,"D 0,1 -> 10,11",12,False,0.6574695694740786,1778764.0,1,False,0.03808366114934095,7.76,10672602.0
"Fixed 1778279, pilot",0,6,56,"D 1,2 -> 4,9",12,False,1.0,1778765.0,1,False,0.0380829824735739,7.85,12451367.0
"Fixed 1778279, pilot",0,7,2,S 0 -> 8,12,False,1.0,1778773.0,1,False,0.03808298299668275,7.82,14230140.0
"Fixed 1778279, pilot",0,8,69,"D 1,2 -> 10,11",12,False,0.8253601645257469,1778767.0,1,False,0.03808298299668275,7.77,16008907.0
"Fixed 1778279, pilot",0,9,19,"D 0,1 -> 4,11",12,False,0.9420946317814199,1778770.0,1,False,0.03808597967110244,7.81,17787677.0
"Fixed 1778279, pilot",0,10,23,"D 0,1 -> 6,7",8,False,0.4874569273244095,1778767.0,1,False,0.038090316819773165,7.74,19566444.0
"Fixed 1778279, pilot",0,11,12,S 3 -> 5,8,False,9.20552487013726e-05,1778751.0,1,False,0.03809059655978675,7.77,21345195.0
"Fixed 1778279, pilot",0,12,45,"D 0,3 -> 6,7",11,False,0.5769586226795049,1778761.0,1,False,0.03317882359994302,7.79,23123956.0
"Fixed 1778279, pilot",0,13,62,"D 1,2 -> 6,9",11,False,1.0,1778762.0,1,False,0.0332221602951764,7.77,24902718.0
"Fixed 1778279, pilot",0,14,16,"D 0,1 -> 4,5",11,False,0.1854057137664129,1778773.0,1,False,0.03322216032412436,7.77,26681491.0
"Fixed 1778279, pilot",0,15,44,"D 0,3 -> 5,10",11,False,0.7003846010220541,1778767.0,1,False,0.03309892560560117,7.86,28460258.0
"Fixed 1778279, pilot",1,0,91,"D 2,3 -> 10,11",91,True,0.0,1778761.0,1,False,0.24318730437372557,7.76,1778761.0
"Fixed 1778279, pilot",1,1,79,"D 2,3 -> 4,11",79,True,0.0,1778776.0,1,False,0.16102697871065078,7.71,3557537.0
"Fixed 1778279, pilot",1,2,76,"D 2,3 -> 4,5",82,False,0.024066516365316204,1778768.0,1,False,0.12998218947189707,7.84,5336305.0
"Fixed 1778279, pilot",1,3,82,"D 2,3 -> 5,10",82,True,0.0,1778763.0,1,False,0.15572199591416286,7.84,7115068.0
"Fixed 1778279, pilot",1,4,28,"D 0,1 -> 8,9",12,False,0.48606328721181846,1778775.0,1,False,0.038065025112214046,7.78,8893843.0
"Fixed 1778279, pilot",1,5,34,"D 0,2 -> 4,10",8,False,0.9951197994045576,1778766.0,1,False,0.03806532169506669,7.7,10672609.0
"Fixed 1778279, pilot",1,6,24,"D 0,1 -> 6,9",12,False,1.0,1778778.0,1,False,0.03806566640900454,7.73,12451387.0
"Fixed 1778279, pilot",1,7,65,"D 1,2 -> 7,10",12,False,1.0,1778780.0,1,False,0.03806566640900454,7.72,14230167.0
"Fixed 1778279, pilot",1,8,39,"D 0,3 -> 4,7",12,False,1.0,1778763.0,1,False,0.03806566640900454,7.71,16008930.0
"Fixed 1778279, pilot",1,9,16,"D 0,1 -> 4,5",12,False,0.1290147110845451,1778775.0,1,False,0.03806566640900454,7.75,17787705.0
"Fixed 1778279, pilot",1,10,23,"D 0,1 -> 6,7",12,False,0.49181561849074573,1778748.0,1,False,0.03794689261027456,7.74,19566453.0
"Fixed 1778279, pilot",1,11,36,"D 0,2 -> 6,10",12,False,1.0,1778760.0,1,False,0.037948005321195646,7.76,21345213.0
"Fixed 1778279, pilot",1,12,28,"D 0,1 -> 8,9",12,False,0.999835816836793,1778776.0,1,False,0.037948008873285546,7.73,23123989.0
"Fixed 1778279, pilot",1,13,12,S 3 -> 5,12,True,0.0,1778781.0,1,False,0.03818126948043476,7.78,24902770.0
"Fixed 1778279, pilot",1,14,17,"D 0,1 -> 4,7",11,False,1.0,1778775.0,1,False,0.0329551444103744,7.81,26681545.0
"Fixed 1778279, pilot",1,15,48,"D 0,3 -> 7,8",11,False,1.0,1778751.0,1,False,0.0329551444103744,7.73,28460296.0
"Fixed 1778279, pilot",2,0,91,"D 2,3 -> 10,11",91,True,0.0,1778766.0,1,False,0.24318730437372557,7.79,1778766.0
"Fixed 1778279, pilot",2,1,82,"D 2,3 -> 5,10",79,True,2.220446049250313e-16,1778783.0,1,False,0.16102697871065078,7.78,3557549.0
"Fixed 1778279, pilot",2,2,79,"D 2,3 -> 4,11",79,True,0.0,1778765.0,1,False,0.12998218965087896,7.73,5336314.0
"Fixed 1778279, pilot",2,3,76,"D 2,3 -> 4,5",76,True,0.0,1778768.0,1,False,0.1560411524745777,7.77,7115082.0
"Fixed 1778279, pilot",2,4,72,"D 1,3 -> 5,11",8,False,0.995119710064306,1778767.0,1,False,0.038065010303649234,7.76,8893849.0
"Fixed 1778279, pilot",2,5,12,S 3 -> 5,8,False,3.219085733685567e-05,1778779.0,1,False,0.03806536876938885,7.86,10672628.0
"Fixed 1778279, pilot",2,6,2,S 0 -> 8,11,False,1.0,1778749.0,1,False,0.03313630906002229,7.76,12451377.0
"Fixed 1778279, pilot",2,7,16,"D 0,1 -> 4,5",11,False,0.1507454872096342,1778768.0,1,False,0.03313630906002229,7.7,14230145.0
"Fixed 1778279, pilot",2,8,7,S 1 -> 11,11,False,0.8903767189159951,1778765.0,1,False,0.03301287556006599,7.76,16008910.0
"Fixed 1778279, pilot",2,9,31,"D 0,1 -> 10,11",11,False,0.6767537328349441,1778777.0,1,False,0.03304134700945709,7.8,17787687.0
"Fixed 1778279, pilot",2,10,55,"D 1,2 -> 4,7",11,False,1.0,1778792.0,1,False,0.0330613240839766,7.85,19566479.0
"Fixed 1778279, pilot",2,11,33,"D 0,2 -> 4,8",11,False,1.0,1778750.0,1,False,0.033061324265515044,7.8,21345229.0
"Fixed 1778279, pilot",2,12,29,"D 0,1 -> 8,11",11,False,1.0,1778773.0,1,False,0.033061324265515044,7.83,23124002.0
"Fixed 1778279, pilot",2,13,28,"D 0,1 -> 8,9",11,False,0.4136204336491097,1778767.0,1,False,0.033061324265515044,7.86,24902769.0
"Fixed 1778279, pilot",2,14,4,S 1 -> 5,11,False,0.9758141455223519,1778771.0,1,False,0.03306212507817363,7.82,26681540.0
"Fixed 1778279, pilot",2,15,34,"D 0,2 -> 4,10",11,False,0.9599400070444207,1778777.0,1,False,0.03305749968670038,7.78,28460317.0
"Fixed 1778279, pilot",3,0,91,"D 2,3 -> 10,11",91,True,0.0,1778767.0,1,False,0.24318730437372557,7.83,1778767.0
"Fixed 1778279, pilot",3,1,82,"D 2,3 -> 5,10",79,True,2.220446049250313e-16,1778773.0,1,False,0.16102697871065078,7.76,3557540.0
"Fixed 1778279, pilot",3,2,79,"D 2,3 -> 4,11",79,True,0.0,1778770.0,1,False,0.12998218965087896,7.82,5336310.0
"Fixed 1778279, pilot",3,3,76,"D 2,3 -> 4,5",76,True,0.0,1778774.0,1,False,0.1560411524745777,7.85,7115084.0
"Fixed 1778279, pilot",3,4,8,S 2 -> 4,8,True,0.0,1778788.0,1,False,0.038065010303649234,7.79,8893872.0
"Fixed 1778279, pilot",3,5,16,"D 0,1 -> 4,5",15,False,0.1507333517219137,1778767.0,1,False,0.03313194410308523,7.77,10672639.0
"Fixed 1778279, pilot",3,6,28,"D 0,1 -> 8,9",15,False,0.4122642422837671,1778765.0,1,False,0.03300845859698093,7.76,12451404.0
"Fixed 1778279, pilot",3,7,1,S 0 -> 6,15,False,1.0,1778772.0,1,False,0.03300930977567851,7.67,14230176.0
"Fixed 1778279, pilot",3,8,75,"D 1,3 -> 9,11",15,False,1.0,1778765.0,1,False,0.03300930977567851,7.73,16008941.0
"Fixed 1778279, pilot",3,9,49,"D 0,3 -> 7,10",15,False,1.0,1778767.0,1,False,0.03300930977567851,7.74,17787708.0
"Fixed 1778279, pilot",3,10,61,"D 1,2 -> 6,7",15,False,0.5817454146975815,1778760.0,1,False,0.03300930977567851,7.79,19566468.0
"Fixed 1778279, pilot",3,11,3,S 0 -> 10,15,False,0.890686616957818,1778767.0,1,False,0.03305142508995462,7.79,21345235.0
"Fixed 1778279, pilot",3,12,20,"D 0,1 -> 5,6",15,False,1.0,1778772.0,1,False,0.03307968594391414,7.75,23124007.0
"Fixed 1778279, pilot",3,13,3,S 0 -> 10,15,False,0.9999999991387035,1778771.0,1,False,0.03307968594391414,7.73,24902778.0
"Fixed 1778279, pilot",3,14,75,"D 1,3 -> 9,11",15,False,1.0,1778777.0,1,False,0.03307968594391414,7.75,26681555.0
"Fixed 1778279, pilot",3,15,66,"D 1,2 -> 8,9",15,False,0.5770638343745254,1778782.0,1,False,0.03307968594391414,7.79,28460337.0
"Fixed 1778279, pilot",4,0,91,"D 2,3 -> 10,11",91,True,0.0,1778767.0,1,False,0.24318730437372557,7.82,1778767.0
"Fixed 1778279, pilot",4,1,79,"D 2,3 -> 4,11",79,True,0.0,1778767.0,1,False,0.16102697871065078,7.78,3557534.0
"Fixed 1778279, pilot",4,2,76,"D 2,3 -> 4,5",82,False,0.024066516365316204,1778745.0,1,False,0.12998218947189707,7.75,5336279.0
"Fixed 1778279, pilot",4,3,82,"D 2,3 -> 5,10",82,True,0.0,1778786.0,1,False,0.15572199591416286,7.78,7115065.0
"Fixed 1778279, pilot",4,4,45,"D 0,3 -> 6,7",12,False,0.6718115192894136,1778781.0,1,False,0.038065025112214046,7.8,8893846.0
"Fixed 1778279, pilot",4,5,37,"D 0,2 -> 8,10",12,False,1.0,1778763.0,1,False,0.03811782587959038,7.79,10672609.0
"Fixed 1778279, pilot",4,6,68,"D 1,2 -> 9,10",12,False,1.0,1778759.0,1,False,0.03811782587959038,7.77,12451368.0
"Fixed 1778279, pilot",4,7,5,S 1 -> 7,12,False,1.0,1778758.0,1,False,0.03811782587959038,7.73,14230126.0
"Fixed 1778279, pilot",4,8,22,"D 0,1 -> 5,10",12,False,0.9328424834410882,1778766.0,1,False,0.03811782587959038,7.7,16008892.0
"Fixed 1778279, pilot",4,9,16,"D 0,1 -> 4,5",12,False,0.1302916828088556,1778763.0,1,False,0.03812297791394268,7.78,17787655.0
"Fixed 1778279, pilot",4,10,53,"D 0,3 -> 10,11",12,False,0.8320043556246342,1778768.0,1,False,0.03800076325667618,7.79,19566423.0
"Fixed 1778279, pilot",4,11,36,"D 0,2 -> 6,10",12,False,1.0,1778774.0,1,False,0.0380189329647961,7.81,21345197.0
"Fixed 1778279, pilot",4,12,18,"D 0,1 -> 4,9",12,False,1.0,1778757.0,1,False,0.0380189329647961,7.82,23123954.0
"Fixed 1778279, pilot",4,13,30,"D 0,1 -> 9,10",12,False,1.0,1778750.0,1,False,0.0380189329647961,7.78,24902704.0
"Fixed 1778279, pilot",4,14,57,"D 1,2 -> 4,11",12,False,0.8214939868072016,1778767.0,1,False,0.0380189329647961,7.79,26681471.0
"Fixed 1778279, pilot",4,15,12,S 3 -> 5,12,True,0.0,1778779.0,1,False,0.03800681249966942,7.74,28460250.0
"Fixed 1778279, pilot",5,0,91,"D 2,3 -> 10,11",91,True,0.0,1778762.0,1,False,0.24318730437372557,7.75,1778762.0
"Fixed 1778279, pilot",5,1,82,"D 2,3 -> 5,10",79,True,2.220446049250313e-16,1778776.0,1,False,0.16102697871065078,7.69,3557538.0
"Fixed 1778279, pilot",5,2,79,"D 2,3 -> 4,11",79,True,0.0,1778775.0,1,False,0.12998218965087896,7.81,5336313.0
"Fixed 1778279, pilot",5,3,76,"D 2,3 -> 4,5",76,True,0.0,1778767.0,1,False,0.1560411524745777,7.76,7115080.0
"Fixed 1778279, pilot",5,4,46,"D 0,3 -> 6,9",8,False,1.0,1778756.0,1,False,0.038065010303649234,7.66,8893836.0
"Fixed 1778279, pilot",5,5,16,"D 0,1 -> 4,5",8,False,0.12598077480875025,1778759.0,1,False,0.038065010303649234,7.62,10672595.0
"Fixed 1778279, pilot",5,6,8,S 2 -> 4,8,True,0.0,1778772.0,1,False,0.03794550734818707,7.64,12451367.0
"Fixed 1778279, pilot",5,7,23,"D 0,1 -> 6,7",15,False,0.41213353730032465,1778769.0,1,False,0.03300548359595784,7.64,14230136.0
"Fixed 1778279, pilot",5,8,16,"D 0,1 -> 4,5",15,False,0.9925482054035806,1778767.0,1,False,0.03300634994858476,7.67,16008903.0
"Fixed 1778279, pilot",5,9,65,"D 1,2 -> 7,10",15,False,1.0,1778756.0,1,False,0.033003526650697945,7.72,17787659.0
"Fixed 1778279, pilot",5,10,51,"D 0,3 -> 8,11",15,False,1.0,1778780.0,1,False,0.033003526650697945,7.66,19566439.0
"Fixed 1778279, pilot",5,11,51,"D 0,3 -> 8,11",15,False,1.0,1778767.0,1,False,0.033003526650697945,7.64,21345206.0
"Fixed 1778279, pilot",5,12,0,S 0 -> 4,15,False,0.9834502845721518,1778770.0,1,False,0.033003526650697945,7.69,23123976.0
"Fixed 1778279, pilot",5,13,63,"D 1,2 -> 6,11",15,False,1.0,1778755.0,1,False,0.033000032944789925,7.68,24902731.0
"Fixed 1778279, pilot",5,14,3,S 0 -> 10,15,False,0.8892781194152479,1778768.0,1,False,0.03300003287929315,7.69,26681499.0
"Fixed 1778279, pilot",5,15,39,"D 0,3 -> 4,7",15,False,1.0,1778756.0,1,False,0.03302708820742123,7.66,28460255.0
"Fixed 1778279, pilot",6,0,91,"D 2,3 -> 10,11",91,True,0.0,1778771.0,1,False,0.24318730437372557,7.66,1778771.0
"Fixed 1778279, pilot",6,1,82,"D 2,3 -> 5,10",79,True,2.220446049250313e-16,1778768.0,1,False,0.16102697871065078,7.61,3557539.0
"Fixed 1778279, pilot",6,2,76,"D 2,3 -> 4,5",79,False,0.024066513654290578,1778768.0,1,False,0.12998218965087896,7.66,5336307.0
"Fixed 1778279, pilot",6,3,79,"D 2,3 -> 4,11",79,True,0.0,1778769.0,1,False,0.15572199872464462,7.64,7115076.0
"Fixed 1778279, pilot",6,4,65,"D 1,2 -> 7,10",8,False,1.0,1778746.0,1,False,0.03806501943588732,7.57,8893822.0
"Fixed 1778279, pilot",6,5,12,S 3 -> 5,8,False,9.795287025937682e-09,1778767.0,1,False,0.03806501271233194,7.62,10672589.0
"Fixed 1778279, pilot",6,6,23,"D 0,1 -> 6,7",11,False,0.4095422400002042,1778765.0,1,False,0.03313194474466321,7.63,12451354.0
"Fixed 1778279, pilot",6,7,7,S 1 -> 11,11,False,0.8894045578450186,1778764.0,1,False,0.03313195244901242,7.64,14230118.0
"Fixed 1778279, pilot",6,8,16,"D 0,1 -> 4,5",11,False,0.15497296386692205,1778765.0,1,False,0.03316045415255886,7.75,16008883.0
"Fixed 1778279, pilot",6,9,69,"D 1,2 -> 10,11",11,False,0.8004388217702331,1778767.0,1,False,0.033037510272218795,7.59,17787650.0
"Fixed 1778279, pilot",6,10,54,"D 1,2 -> 4,5",11,False,0.9189664054753839,1778753.0,1,False,0.03303956983407092,7.59,19566403.0
"Fixed 1778279, pilot",6,11,54,"D 1,2 -> 4,5",11,False,0.9999999977457076,1778760.0,1,False,0.03303767550486272,7.72,21345163.0
"Fixed 1778279, pilot",6,12,30,"D 0,1 -> 9,10",11,False,1.0,1778763.0,1,False,0.03303767573971914,7.64,23123926.0
"Fixed 1778279, pilot",6,13,41,"D 0,3 -> 4,11",11,False,0.7790404809947122,1778755.0,1,False,0.03303767573971914,7.67,24902681.0
"Fixed 1778279, pilot",6,14,11,S 2 -> 10,11,True,0.0,1778757.0,1,False,0.03305363112578534,7.68,26681438.0
"Fixed 1778279, pilot",7,0,91,"D 2,3 -> 10,11",91,True,0.0,1778776.0,1,False,0.24318730437372557,7.83,1778776.0
"Fixed 1778279, pilot",7,1,82,"D 2,3 -> 5,10",79,True,2.220446049250313e-16,1778775.0,1,False,0.16102697871065078,7.86,3557551.0
"Fixed 1778279, pilot",7,2,79,"D 2,3 -> 4,11",79,True,0.0,1778772.0,1,False,0.12998218965087896,7.83,5336323.0
"Fixed 1778279, pilot",7,3,76,"D 2,3 -> 4,5",76,True,0.0,1778757.0,1,False,0.1560411524745777,7.78,7115080.0
"Fixed 1778279, pilot",7,4,31,"D 0,1 -> 10,11",8,False,0.664045192431715,1778774.0,1,False,0.038065010303649234,7.87,8893854.0
"Fixed 1778279, pilot",7,5,1,S 0 -> 6,12,False,1.0,1778778.0,1,False,0.03806334281270849,7.76,10672632.0
"Fixed 1778279, pilot",7,6,7,S 1 -> 11,12,False,0.9569723870170704,1778763.0,1,False,0.03806334281270849,7.78,12451395.0
"Fixed 1778279, pilot",7,7,72,"D 1,3 -> 5,11",8,False,0.9956129587503816,1778775.0,1,False,0.03807092501412341,7.79,14230170.0
"Fixed 1778279, pilot",7,8,67,"D 1,2 -> 8,11",8,False,1.0,1778768.0,1,False,0.03807122923526945,7.83,16008938.0
"Fixed 1778279, pilot",7,9,16,"D 0,1 -> 4,5",8,False,0.14595819242711883,1778775.0,1,False,0.03807122923526945,7.81,17787713.0
"Fixed 1778279, pilot",7,10,44,"D 0,3 -> 5,10",8,False,0.8217539215528782,1778777.0,1,False,0.03795177308339675,7.83,19566490.0
"Fixed 1778279, pilot",7,11,41,"D 0,3 -> 4,11",12,False,0.8220374546918816,1778759.0,1,False,0.03799602467941398,7.74,21345249.0
"Fixed 1778279, pilot",7,12,30,"D 0,1 -> 9,10",12,False,1.0,1778787.0,1,False,0.0380038034891155,7.83,23124036.0
"Fixed 1778279, pilot",7,13,30,"D 0,1 -> 9,10",12,False,1.0,1778773.0,1,False,0.038003806166812024,7.78,24902809.0
"Fixed 1778279, pilot",7,14,22,"D 0,1 -> 5,10",12,False,0.9713373780018462,1778768.0,1,False,0.038003806166812024,7.78,26681577.0
"Fixed 1778279, pilot",7,15,26,"D 0,1 -> 7,8",12,False,1.0,1778763.0,1,False,0.03800648298643113,7.75,28460340.0
"Fixed 1778279, pilot",8,0,91,"D 2,3 -> 10,11",91,True,0.0,1778762.0,1,False,0.24318730437372557,7.85,1778762.0
"Fixed 1778279, pilot",8,1,79,"D 2,3 -> 4,11",79,True,0.0,1778765.0,1,False,0.16102697871065078,7.83,3557527.0
"Fixed 1778279, pilot",8,2,82,"D 2,3 -> 5,10",82,True,0.0,1778767.0,1,False,0.12998218947189707,7.9,5336294.0
"Fixed 1778279, pilot",8,3,76,"D 2,3 -> 4,5",76,True,0.0,1778779.0,1,False,0.15604115247457773,7.85,7115073.0
"Fixed 1778279, pilot",8,4,5,S 1 -> 7,12,False,1.0,1778765.0,1,False,0.038065010303648644,7.77,8893838.0
"Fixed 1778279, pilot",8,5,7,S 1 -> 11,12,False,0.9596896192971845,1778784.0,1,False,0.038065010303648644,7.77,10672622.0
"Fixed 1778279, pilot",8,6,53,"D 0,3 -> 10,11",8,False,0.830085803730283,1778761.0,1,False,0.038072114757427285,7.86,12451383.0
"Fixed 1778279, pilot",8,7,38,"D 0,3 -> 4,5",12,False,0.9220843625631961,1778772.0,1,False,0.03808866425031687,7.73,14230155.0
"Fixed 1778279, pilot",8,8,53,"D 0,3 -> 10,11",12,False,0.9999999995461485,1778757.0,1,False,0.03808179399599933,7.74,16008912.0
"Fixed 1778279, pilot",8,9,16,"D 0,1 -> 4,5",12,False,0.12967797717442608,1778759.0,1,False,0.03808179399599933,7.78,17787671.0
"Fixed 1778279, pilot",8,10,31,"D 0,1 -> 10,11",12,False,0.7099356877100389,1778774.0,1,False,0.03796308071689442,7.76,19566445.0
"Fixed 1778279, pilot",8,11,21,"D 0,1 -> 5,8",12,False,1.0,1778757.0,1,False,0.03796288280465091,7.81,21345202.0
"Fixed 1778279, pilot",8,12,26,"D 0,1 -> 7,8",12,False,1.0,1778752.0,1,False,0.03796288280465091,7.83,23123954.0
"Fixed 1778279, pilot",8,13,66,"D 1,2 -> 8,9",12,False,0.6707899913763302,1778763.0,1,False,0.03796288280465091,7.86,24902717.0
"Fixed 1778279, pilot",8,14,63,"D 1,2 -> 6,11",8,False,1.0,1778776.0,1,False,0.03800935449362189,7.82,26681493.0
"Fixed 1778279, pilot",8,15,37,"D 0,2 -> 8,10",8,False,1.0,1778780.0,1,False,0.03800935449362189,7.78,28460273.0
"Fixed 1778279, pilot",9,0,91,"D 2,3 -> 10,11",91,True,0.0,1778762.0,1,False,0.24318730437372557,7.75,1778762.0
"Fixed 1778279, pilot",9,1,82,"D 2,3 -> 5,10",79,True,2.220446049250313e-16,1778778.0,1,False,0.16102697871065078,7.78,3557540.0
"Fixed 1778279, pilot",9,2,76,"D 2,3 -> 4,5",79,False,0.024066513654290578,1778782.0,1,False,0.12998218965087896,7.77,5336322.0
"Fixed 1778279, pilot",9,3,79,"D 2,3 -> 4,11",79,True,0.0,1778755.0,1,False,0.15572199872464462,7.85,7115077.0
"Fixed 1778279, pilot",9,4,16,"D 0,1 -> 4,5",8,False,0.12598100693647418,1778772.0,1,False,0.03806501943588732,7.7,8893849.0
"Fixed 1778279, pilot",9,5,23,"D 0,1 -> 6,7",8,False,0.49024051710375227,1778768.0,1,False,0.037945507814192196,7.78,10672617.0
"Fixed 1778279, pilot",9,6,7,S 1 -> 11,12,False,0.9606755821083431,1778761.0,1,False,0.037946637224304865,7.77,12451378.0
"Fixed 1778279, pilot",9,7,18,"D 0,1 -> 4,9",8,False,1.0,1778771.0,1,False,0.037953598417421915,7.79,14230149.0
"Fixed 1778279, pilot",9,8,24,"D 0,1 -> 6,9",8,False,1.0,1778764.0,1,False,0.037953598613695703,7.78,16008913.0
"Fixed 1778279, pilot",9,9,44,"D 0,3 -> 5,10",8,False,0.8215240561801551,1778780.0,1,False,0.037953598613695703,7.85,17787693.0
"Fixed 1778279, pilot",9,10,23,"D 0,1 -> 6,7",12,False,0.9998748806995422,1778768.0,1,False,0.03799910785692309,7.78,19566461.0
"Fixed 1778279, pilot",9,11,51,"D 0,3 -> 8,11",8,False,1.0,1778767.0,1,False,0.037990967032731124,7.84,21345228.0
"Fixed 1778279, pilot",9,12,12,S 3 -> 5,8,False,0.00046656865006100556,1778757.0,1,False,0.03799096701836032,7.94,23123985.0
"Fixed 1778279, pilot",9,13,59,"D 1,2 -> 5,8",11,False,1.0,1778751.0,1,False,0.03298815336555648,7.85,24902736.0
"Fixed 1778279, pilot",9,14,2,S 0 -> 8,11,False,1.0,1778759.0,1,False,0.03298815336859472,7.77,26681495.0
"Fixed 1778279, pilot",9,15,32,"D 0,2 -> 4,6",11,False,1.0,1778771.0,1,False,0.03298815337526363,7.87,28460266.0
"Fixed 1778279, pilot",10,0,91,"D 2,3 -> 10,11",91,True,0.0,1778753.0,1,False,0.24318730437372557,7.81,1778753.0
"Fixed 1778279, pilot",10,1,82,"D 2,3 -> 5,10",79,True,2.220446049250313e-16,1778757.0,1,False,0.16102697871065078,7.85,3557510.0
"Fixed 1778279, pilot",10,2,76,"D 2,3 -> 4,5",79,False,0.024066513654290578,1778758.0,1,False,0.12998218965087896,7.73,5336268.0
"Fixed 1778279, pilot",10,3,79,"D 2,3 -> 4,11",79,True,0.0,1778761.0,1,False,0.15572199872464462,7.82,7115029.0
"Fixed 1778279, pilot",10,4,16,"D 0,1 -> 4,5",8,False,0.12598100693647418,1778752.0,1,False,0.03806501943588732,7.84,8893781.0
"Fixed 1778279, pilot",10,5,67,"D 1,2 -> 8,11",8,False,1.0,1778771.0,1,False,0.037945507814192196,7.79,10672552.0
"Fixed 1778279, pilot",10,6,63,"D 1,2 -> 6,11",8,False,1.0,1778772.0,1,False,0.037945507814192196,7.83,12451324.0
"Fixed 1778279, pilot",10,7,31,"D 0,1 -> 10,11",8,False,0.7175538323428325,1778762.0,1,False,0.037945507814192196,7.79,14230086.0
"Fixed 1778279, pilot",10,8,3,S 0 -> 10,12,False,0.9587464824496731,1778752.0,1,False,0.03794423301796708,7.79,16008838.0
"Fixed 1778279, pilot",10,9,0,S 0 -> 4,12,False,0.9548709572156586,1778766.0,1,False,0.03795153652386548,7.82,17787604.0
"Fixed 1778279, pilot",10,10,20,"D 0,1 -> 5,6",12,False,1.0,1778786.0,1,False,0.037951903705581,7.91,19566390.0
"Fixed 1778279, pilot",10,11,16,"D 0,1 -> 4,5",12,False,0.9999527452580103,1778763.0,1,False,0.03795190415220845,7.81,21345153.0
"Fixed 1778279, pilot",10,12,38,"D 0,3 -> 4,5",8,False,0.9373145420602831,1778771.0,1,False,0.03796976062982658,7.85,23123924.0
"Fixed 1778279, pilot",10,13,12,S 3 -> 5,8,False,0.00030942350501750315,1778780.0,1,False,0.037971317482843985,7.77,24902704.0
"Fixed 1778279, pilot",10,14,43,"D 0,3 -> 5,8",11,False,1.0,1778766.0,1,False,0.03308775985531986,7.81,26681470.0
"Fixed 1778279, pilot",10,15,23,"D 0,1 -> 6,7",11,False,0.4138791532576718,1778776.0,1,False,0.03308775985531986,7.82,28460246.0
"Fixed 1778279, pilot",11,0,91,"D 2,3 -> 10,11",91,True,0.0,1778739.0,1,False,0.24318730437372557,7.82,1778739.0
"Fixed 1778279, pilot",11,1,82,"D 2,3 -> 5,10",79,True,2.220446049250313e-16,1778772.0,1,False,0.16102697871065078,7.85,3557511.0
"Fixed 1778279, pilot",11,2,79,"D 2,3 -> 4,11",79,True,0.0,1778779.0,1,False,0.12998218965087896,7.8,5336290.0
"Fixed 1778279, pilot",11,3,76,"D 2,3 -> 4,5",76,True,0.0,1778779.0,1,False,0.1560411524745777,7.81,7115069.0
"Fixed 1778279, pilot",11,4,5,S 1 -> 7,8,False,1.0,1778758.0,1,False,0.038065010303649234,7.79,8893827.0
"Fixed 1778279, pilot",11,5,6,S 1 -> 9,8,False,1.0,1778758.0,1,False,0.038065010303649234,7.77,10672585.0
"Fixed 1778279, pilot",11,6,8,S 2 -> 4,8,True,0.0,1778780.0,1,False,0.038065010303649234,7.78,12451365.0
"Fixed 1778279, pilot",11,7,23,"D 0,1 -> 6,7",15,False,0.40954222856637945,1778777.0,1,False,0.03313194410308523,7.88,14230142.0
"Fixed 1778279, pilot",11,8,25,"D 0,1 -> 6,11",15,False,1.0,1778768.0,1,False,0.03313195115651835,7.82,16008910.0
"Fixed 1778279, pilot",11,9,72,"D 1,3 -> 5,11",15,False,0.9601234832599672,1778789.0,1,False,0.03313195115651835,7.81,17787699.0
"Fixed 1778279, pilot",11,10,50,"D 0,3 -> 8,9",15,False,0.6298280780702146,1778770.0,1,False,0.03313105389956578,7.86,19566469.0
"Fixed 1778279, pilot",11,11,23,"D 0,1 -> 6,7",15,False,0.99999989828391,1778752.0,1,False,0.03310490357075302,7.86,21345221.0
"Fixed 1778279, pilot",11,12,66,"D 1,2 -> 8,9",15,False,0.5848873834641233,1778766.0,1,False,0.03310490357075302,7.83,23123987.0
"Fixed 1778279, pilot",11,13,66,"D 1,2 -> 8,9",15,False,0.9999999976872849,1778785.0,1,False,0.033146715700780205,7.89,24902772.0
"Fixed 1778279, pilot",11,14,41,"D 0,3 -> 4,11",15,False,0.7783916699593041,1778772.0,1,False,0.033146715700780205,7.84,26681544.0
"Fixed 1778279, pilot",11,15,55,"D 1,2 -> 4,7",15,False,1.0,1778767.0,1,False,0.03315318987564703,7.81,28460311.0
"Fixed 1778279, pilot",12,0,91,"D 2,3 -> 10,11",91,True,0.0,1778758.0,1,False,0.24318730437372557,7.65,1778758.0
"Fixed 1778279, pilot",12,1,82,"D 2,3 -> 5,10",79,True,2.220446049250313e-16,1778762.0,1,False,0.16102697871065078,7.68,3557520.0
"Fixed 1778279, pilot",12,2,76,"D 2,3 -> 4,5",79,False,0.024066513654290578,1778751.0,1,False,0.12998218965087896,7.69,5336271.0
"Fixed 1778279, pilot",12,3,79,"D 2,3 -> 4,11",79,True,0.0,1778760.0,1,False,0.15572199872464462,7.76,7115031.0
"Fixed 1778279, pilot",12,4,16,"D 0,1 -> 4,5",8,False,0.12598100693647418,1778756.0,1,False,0.03806501943588732,7.68,8893787.0
"Fixed 1778279, pilot",12,5,67,"D 1,2 -> 8,11",8,False,1.0,1778748.0,1,False,0.037945507814192196,7.71,10672535.0
"Fixed 1778279, pilot",12,6,23,"D 0,1 -> 6,7",8,False,0.49024051710375227,1778775.0,1,False,0.037945507814192196,7.72,12451310.0
"Fixed 1778279, pilot",12,7,27,"D 0,1 -> 7,10",12,False,1.0,1778768.0,1,False,0.037946637224304865,7.73,14230078.0
"Fixed 1778279, pilot",12,8,32,"D 0,2 -> 4,6",12,False,1.0,1778772.0,1,False,0.037946637224304865,7.67,16008850.0
"Fixed 1778279, pilot",12,9,22,"D 0,1 -> 5,10",12,False,0.9723363984591826,1778760.0,1,False,0.037946637224304865,7.78,17787610.0
"Fixed 1778279, pilot",12,10,8,S 2 -> 4,12,False,4.5664729093508605e-05,1778763.0,1,False,0.03794907635245175,7.69,19566373.0
"Fixed 1778279, pilot",12,11,27,"D 0,1 -> 7,10",15,False,1.0,1778777.0,1,False,0.033007513547338774,7.67,21345150.0
"Fixed 1778279, pilot",12,12,31,"D 0,1 -> 10,11",15,False,0.6801045600975641,1778765.0,1,False,0.033007513547338774,7.71,23123915.0
"Fixed 1778279, pilot",12,13,35,"D 0,2 -> 6,8",15,False,1.0,1778753.0,1,False,0.03302636362939776,7.69,24902668.0
"Fixed 1778279, pilot",12,14,75,"D 1,3 -> 9,11",15,False,1.0,1778766.0,1,False,0.033026362775742835,7.72,26681434.0
"Fixed 1778279, pilot",12,15,28,"D 0,1 -> 8,9",15,False,0.41487503633680767,1778776.0,1,False,0.03302636274265791,7.72,28460210.0
"Fixed 1778279, pilot",13,0,91,"D 2,3 -> 10,11",91,True,0.0,1778756.0,1,False,0.24318730437372557,7.65,1778756.0
"Fixed 1778279, pilot",13,1,82,"D 2,3 -> 5,10",79,True,2.220446049250313e-16,1778772.0,1,False,0.16102697871065078,7.65,3557528.0
"Fixed 1778279, pilot",13,2,79,"D 2,3 -> 4,11",79,True,0.0,1778767.0,1,False,0.12998218965087896,7.71,5336295.0
"Fixed 1778279, pilot",13,3,76,"D 2,3 -> 4,5",76,True,0.0,1778747.0,1,False,0.1560411524745777,7.67,7115042.0
"Fixed 1778279, pilot",13,4,24,"D 0,1 -> 6,9",8,False,1.0,1778775.0,1,False,0.038065010303649234,7.73,8893817.0
"Fixed 1778279, pilot",13,5,35,"D 0,2 -> 6,8",8,False,1.0,1778767.0,1,False,0.038065010303649234,7.69,10672584.0
"Fixed 1778279, pilot",13,6,6,S 1 -> 9,8,False,1.0,1778780.0,1,False,0.038065010303649234,7.65,12451364.0
"Fixed 1778279, pilot",13,7,29,"D 0,1 -> 8,11",8,False,1.0,1778772.0,1,False,0.038065010303649234,7.61,14230136.0
"Fixed 1778279, pilot",13,8,31,"D 0,1 -> 10,11",8,False,0.664045192431715,1778763.0,1,False,0.038065010303649234,7.73,16008899.0
"Fixed 1778279, pilot",13,9,21,"D 0,1 -> 5,8",12,False,1.0,1778763.0,1,False,0.03806334281270849,7.72,17787662.0
"Fixed 1778279, pilot",13,10,2,S 0 -> 8,12,False,1.0,1778771.0,1,False,0.03806334281270849,7.69,19566433.0
"Fixed 1778279, pilot",13,11,18,"D 0,1 -> 4,9",12,False,1.0,1778761.0,1,False,0.03806334281270849,7.64,21345194.0
"Fixed 1778279, pilot",13,12,19,"D 0,1 -> 4,11",12,False,0.9410706260505731,1778760.0,1,False,0.03806334281270849,7.7,23123954.0
"Fixed 1778279, pilot",13,13,45,"D 0,3 -> 6,7",8,False,0.6718353293623235,1778776.0,1,False,0.038067774464094865,7.63,24902730.0
"Fixed 1778279, pilot",13,14,69,"D 1,2 -> 10,11",12,False,0.8253541137353644,1778769.0,1,False,0.03811700470220265,7.67,26681499.0
"Fixed 1778279, pilot",13,15,25,"D 0,1 -> 6,11",12,False,1.0,1778781.0,1,False,0.03812008346580626,7.74,28460280.0
"Fixed 1778279, pilot",14,0,91,"D 2,3 -> 10,11",91,True,0.0,1778771.0,1,False,0.24318730437372557,7.73,1778771.0
"Fixed 1778279, pilot",14,1,79,"D 2,3 -> 4,11",79,True,0.0,1778771.0,1,False,0.16102697871065078,7.81,3557542.0
"Fixed 1778279, pilot",14,2,82,"D 2,3 -> 5,10",82,True,0.0,1778765.0,1,False,0.12998218947189707,7.76,5336307.0
"Fixed 1778279, pilot",14,3,76,"D 2,3 -> 4,5",76,True,0.0,1778765.0,1,False,0.15604115247457773,7.8,7115072.0
"Fixed 1778279, pilot",14,4,16,"D 0,1 -> 4,5",12,False,0.1259807748087346,1778775.0,1,False,0.038065010303648644,7.81,8893847.0
"Fixed 1778279, pilot",14,5,47,"D 0,3 -> 6,11",12,False,1.0,1778767.0,1,False,0.03794550728419781,7.84,10672614.0
"Fixed 1778279, pilot",14,6,45,"D 0,3 -> 6,7",12,False,0.670751686304402,1778766.0,1,False,0.03794550728419781,7.79,12451380.0
"Fixed 1778279, pilot",14,7,28,"D 0,1 -> 8,9",12,False,0.49095379980726617,1778754.0,1,False,0.03799832697469924,7.86,14230134.0
"Fixed 1778279, pilot",14,8,29,"D 0,1 -> 8,11",12,False,1.0,1778758.0,1,False,0.03799945639547481,7.78,16008892.0
"Fixed 1778279, pilot",14,9,27,"D 0,1 -> 7,10",12,False,1.0,1778763.0,1,False,0.03799945639547481,7.84,17787655.0
"Fixed 1778279, pilot",14,10,75,"D 1,3 -> 9,11",12,False,1.0,1778773.0,1,False,0.03799945639547481,7.78,19566428.0
"Fixed 1778279, pilot",14,11,38,"D 0,3 -> 4,5",12,False,0.9337427094652644,1778772.0,1,False,0.03799945639547481,7.8,21345200.0
"Fixed 1778279, pilot",14,12,42,"D 0,3 -> 5,6",12,False,1.0,1778760.0,1,False,0.037993238802328674,7.88,23123960.0
"Fixed 1778279, pilot",14,13,35,"D 0,2 -> 6,8",12,False,1.0,1778777.0,1,False,0.037993238802328674,7.85,24902737.0
"Fixed 1778279, pilot",14,14,29,"D 0,1 -> 8,11",12,False,1.0,1778781.0,1,False,0.037993238802328674,7.8,26681518.0
"Fixed 1778279, pilot",14,15,48,"D 0,3 -> 7,8",12,False,1.0,1778766.0,1,False,0.037993238802328674,7.91,28460284.0
"Fixed 1778279, pilot",15,0,91,"D 2,3 -> 10,11",91,True,0.0,1778751.0,1,False,0.24318730437372557,7.72,1778751.0
"Fixed 1778279, pilot",15,1,82,"D 2,3 -> 5,10",79,True,2.220446049250313e-16,1778780.0,1,False,0.16102697871065078,7.7,3557531.0
"Fixed 1778279, pilot",15,2,79,"D 2,3 -> 4,11",79,True,0.0,1778761.0,1,False,0.12998218965087896,7.74,5336292.0
"Fixed 1778279, pilot",15,3,76,"D 2,3 -> 4,5",76,True,0.0,1778749.0,1,False,0.1560411524745777,7.73,7115041.0
"Fixed 1778279, pilot",15,4,8,S 2 -> 4,8,True,0.0,1778757.0,1,False,0.038065010303649234,7.74,8893798.0
"Fixed 1778279, pilot",15,5,23,"D 0,1 -> 6,7",15,False,0.40954222856637945,1778767.0,1,False,0.03313194410308523,7.76,10672565.0
"Fixed 1778279, pilot",15,6,53,"D 0,3 -> 10,11",15,False,0.7966764223657142,1778768.0,1,False,0.03313195115651835,7.72,12451333.0
"Fixed 1778279, pilot",15,7,6,S 1 -> 9,15,False,1.0,1778772.0,1,False,0.03313600400871153,7.73,14230105.0
"Fixed 1778279, pilot",15,8,28,"D 0,1 -> 8,9",15,False,0.4116319411626671,1778766.0,1,False,0.03313600400871153,7.76,16008871.0
"Fixed 1778279, pilot",15,9,4,S 1 -> 5,15,False,0.9772334915236918,1778778.0,1,False,0.03313599905705822,7.75,17787649.0
"Fixed 1778279, pilot",15,10,30,"D 0,1 -> 9,10",15,False,1.0,1778771.0,1,False,0.03313243507128055,7.77,19566420.0
"Fixed 1778279, pilot",15,11,66,"D 1,2 -> 8,9",15,False,0.574561036991773,1778752.0,1,False,0.03313243507128055,7.78,21345172.0
"Fixed 1778279, pilot",15,12,73,"D 1,3 -> 7,9",15,False,1.0,1778759.0,1,False,0.033175601149296075,7.72,23123931.0
"Fixed 1778279, pilot",15,13,3,S 0 -> 10,15,False,0.8978940665743685,1778781.0,1,False,0.033175601149296075,7.81,24902712.0
"Fixed 1778279, pilot",15,14,73,"D 1,3 -> 7,9",15,False,1.0,1778775.0,1,False,0.033202290036531024,7.81,26681487.0
"Fixed 1778279, pilot",15,15,20,"D 0,1 -> 5,6",15,False,1.0,1778772.0,1,False,0.033202290036531024,7.76,28460259.0
"Fixed 1778279, pilot",16,0,91,"D 2,3 -> 10,11",91,True,0.0,1778758.0,1,False,0.24318730437372557,7.75,1778758.0
"Fixed 1778279, pilot",16,1,79,"D 2,3 -> 4,11",79,True,0.0,1778769.0,1,False,0.16102697871065078,7.69,3557527.0
"Fixed 1778279, pilot",16,2,76,"D 2,3 -> 4,5",82,False,0.024066516365316204,1778778.0,1,False,0.12998218947189707,7.72,5336305.0
"Fixed 1778279, pilot",16,3,82,"D 2,3 -> 5,10",82,True,0.0,1778770.0,1,False,0.15572199591416286,7.76,7115075.0
"Fixed 1778279, pilot",16,4,37,"D 0,2 -> 8,10",12,False,1.0,1778769.0,1,False,0.038065025112214046,7.75,8893844.0
"Fixed 1778279, pilot",16,5,16,"D 0,1 -> 4,5",12,False,0.12598115105696928,1778768.0,1,False,0.038065025112214046,7.78,10672612.0
"Fixed 1778279, pilot",16,6,30,"D 0,1 -> 9,10",12,False,1.0,1778761.0,1,False,0.03794550904773174,7.77,12451373.0
"Fixed 1778279, pilot",16,7,53,"D 0,3 -> 10,11",12,False,0.8293863210345478,1778768.0,1,False,0.03794550904773174,7.73,14230141.0
"Fixed 1778279, pilot",16,8,34,"D 0,2 -> 4,10",12,False,0.9991115099013282,1778766.0,1,False,0.03796415931301243,7.83,16008907.0
"Fixed 1778279, pilot",16,9,26,"D 0,1 -> 7,8",12,False,1.0,1778767.0,1,False,0.0379641048727573,7.74,17787674.0
"Fixed 1778279, pilot",16,10,69,"D 1,2 -> 10,11",12,False,0.8301975235952103,1778788.0,1,False,0.0379641048727573,7.74,19566462.0
"Fixed 1778279, pilot",16,11,56,"D 1,2 -> 4,9",8,False,1.0,1778766.0,1,False,0.037967238431475606,7.78,21345228.0
"Fixed 1778279, pilot",16,12,23,"D 0,1 -> 6,7",8,False,0.49082067350987724,1778760.0,1,False,0.037967238431475606,7.73,23123988.0
"Fixed 1778279, pilot",16,13,45,"D 0,3 -> 6,7",8,False,0.6655668520003734,1778775.0,1,False,0.037968352955573895,7.74,24902763.0
"Fixed 1778279, pilot",16,14,12,S 3 -> 5,12,True,0.0,1778755.0,1,False,0.03802285721815029,7.84,26681518.0
"Fixed 1778279, pilot",16,15,40,"D 0,3 -> 4,9",11,False,1.0,1778759.0,1,False,0.033092736254798125,7.81,28460277.0
"Fixed 1778279, pilot",17,0,91,"D 2,3 -> 10,11",91,True,0.0,1778766.0,1,False,0.24318730437372557,7.79,1778766.0
"Fixed 1778279, pilot",17,1,82,"D 2,3 -> 5,10",79,True,2.220446049250313e-16,1778771.0,1,False,0.16102697871065078,7.77,3557537.0
"Fixed 1778279, pilot",17,2,76,"D 2,3 -> 4,5",79,False,0.024066513654290578,1778763.0,1,False,0.12998218965087896,7.75,5336300.0
"Fixed 1778279, pilot",17,3,79,"D 2,3 -> 4,11",79,True,0.0,1778766.0,1,False,0.15572199872464462,7.75,7115066.0
"Fixed 1778279, pilot",17,4,6,S 1 -> 9,8,False,1.0,1778754.0,1,False,0.03806501943588732,7.82,8893820.0
"Fixed 1778279, pilot",17,5,8,S 2 -> 4,8,True,0.0,1778764.0,1,False,0.03806501271233194,7.76,10672584.0
"Fixed 1778279, pilot",17,6,57,"D 1,2 -> 4,11",15,False,0.7084352341059812,1778752.0,1,False,0.03313194895732069,7.79,12451336.0
"Fixed 1778279, pilot",17,7,38,"D 0,3 -> 4,5",15,False,0.9134848309071952,1778784.0,1,False,0.03318654199117238,7.83,14230120.0
"Fixed 1778279, pilot",17,8,41,"D 0,3 -> 4,11",15,False,0.7810754974895906,1778772.0,1,False,0.03318322603059448,7.86,16008892.0
"Fixed 1778279, pilot",17,9,6,S 1 -> 9,15,False,1.0,1778776.0,1,False,0.033189505302793465,7.91,17787668.0
"Fixed 1778279, pilot",17,10,16,"D 0,1 -> 4,5",15,False,0.15629697673892495,1778756.0,1,False,0.033189505302793465,7.87,19566424.0
"Fixed 1778279, pilot",17,11,40,"D 0,3 -> 4,9",15,False,1.0,1778784.0,1,False,0.03306754633427056,7.84,21345208.0
"Fixed 1778279, pilot",17,12,31,"D 0,1 -> 10,11",15,False,0.678460316477147,1778766.0,1,False,0.03306755048236948,7.9,23123974.0
"Fixed 1778279, pilot",17,13,23,"D 0,1 -> 6,7",15,False,0.4135315588301278,1778771.0,1,False,0.03308699332677911,7.84,24902745.0
"Fixed 1778279, pilot",17,14,1,S 0 -> 6,15,False,1.0,1778767.0,1,False,0.03308780636040337,7.86,26681512.0
"Fixed 1778279, pilot",17,15,67,"D 1,2 -> 8,11",15,False,1.0,1778773.0,1,False,0.03308780636040337,7.85,28460285.0
"Fixed 1778279, pilot",18,0,91,"D 2,3 -> 10,11",91,True,0.0,1778760.0,1,False,0.24318730437372557,7.72,1778760.0
"Fixed 1778279, pilot",18,1,79,"D 2,3 -> 4,11",79,True,0.0,1778783.0,1,False,0.16102697871065078,7.75,3557543.0
"Fixed 1778279, pilot",18,2,76,"D 2,3 -> 4,5",82,False,0.024066516365316204,1778770.0,1,False,0.12998218947189707,7.71,5336313.0
"Fixed 1778279, pilot",18,3,82,"D 2,3 -> 5,10",82,True,0.0,1778763.0,1,False,0.15572199591416286,7.75,7115076.0
"Fixed 1778279, pilot",18,4,12,S 3 -> 5,12,True,0.0,1778760.0,1,False,0.038065025112214046,7.77,8893836.0
"Fixed 1778279, pilot",18,5,34,"D 0,2 -> 4,10",11,False,0.9601236524370259,1778764.0,1,False,0.03313194441401687,7.79,10672600.0
"Fixed 1778279, pilot",18,6,11,S 2 -> 10,11,True,0.0,1778773.0,1,False,0.03313105227556215,7.73,12451373.0
"Fixed 1778279, pilot",19,0,91,"D 2,3 -> 10,11",91,True,0.0,1778765.0,1,False,0.24318730437372557,7.8,1778765.0
"Fixed 1778279, pilot",19,1,82,"D 2,3 -> 5,10",79,True,2.220446049250313e-16,1778765.0,1,False,0.16102697871065078,7.74,3557530.0
"Fixed 1778279, pilot",19,2,79,"D 2,3 -> 4,11",79,True,0.0,1778787.0,1,False,0.12998218965087896,7.71,5336317.0
"Fixed 1778279, pilot",19,3,76,"D 2,3 -> 4,5",76,True,0.0,1778765.0,1,False,0.1560411524745777,7.68,7115082.0
"Fixed 1778279, pilot",19,4,48,"D 0,3 -> 7,8",8,False,1.0,1778770.0,1,False,0.038065010303649234,7.79,8893852.0
"Fixed 1778279, pilot",19,5,20,"D 0,1 -> 5,6",8,False,1.0,1778759.0,1,False,0.038065010303649234,7.72,10672611.0
"Fixed 1778279, pilot",19,6,48,"D 0,3 -> 7,8",8,False,1.0,1778736.0,1,False,0.038065010303649234,7.81,12451347.0
"Fixed 1778279, pilot",19,7,60,"D 1,2 -> 5,10",8,False,0.8167919311920349,1778767.0,1,False,0.038065010303649234,7.75,14230114.0
"Fixed 1778279, pilot",19,8,37,"D 0,2 -> 8,10",8,False,1.0,1778762.0,1,False,0.038073966960825927,7.78,16008876.0
"Fixed 1778279, pilot",19,9,41,"D 0,3 -> 4,11",8,False,0.8163060784810049,1778763.0,1,False,0.038073966960825927,7.77,17787639.0
"Fixed 1778279, pilot",19,10,3,S 0 -> 10,8,False,0.95381347963962,1778776.0,1,False,0.03808210666687678,7.74,19566415.0
"Fixed 1778279, pilot",19,11,16,"D 0,1 -> 4,5",12,False,0.1279514993650811,1778770.0,1,False,0.038090307138279725,7.76,21345185.0
"Fixed 1778279, pilot",19,12,66,"D 1,2 -> 8,9",12,False,0.6702330587648647,1778772.0,1,False,0.03797059759511335,7.81,23123957.0
"Fixed 1778279, pilot",19,13,72,"D 1,3 -> 5,11",8,False,0.9928129364283533,1778783.0,1,False,0.03802156092526966,7.78,24902740.0
"Fixed 1778279, pilot",19,14,34,"D 0,2 -> 4,10",8,False,0.9920847032878553,1778757.0,1,False,0.03802103944735274,7.74,26681497.0
"Fixed 1778279, pilot",19,15,53,"D 0,3 -> 10,11",8,False,0.8314266156207237,1778775.0,1,False,0.038022464978274974,7.75,28460272.0
"Fixed 1778279, pilot",20,0,91,"D 2,3 -> 10,11",91,True,0.0,1778771.0,1,False,0.24318730437372557,7.72,1778771.0
"Fixed 1778279, pilot",20,1,79,"D 2,3 -> 4,11",79,True,0.0,1778783.0,1,False,0.16102697871065078,7.73,3557554.0
"Fixed 1778279, pilot",20,2,82,"D 2,3 -> 5,10",82,True,0.0,1778761.0,1,False,0.12998218947189707,7.76,5336315.0
"Fixed 1778279, pilot",20,3,76,"D 2,3 -> 4,5",76,True,0.0,1778785.0,1,False,0.15604115247457773,7.73,7115100.0
"Fixed 1778279, pilot",20,4,37,"D 0,2 -> 8,10",12,False,1.0,1778761.0,1,False,0.038065010303648644,7.8,8893861.0
"Fixed 1778279, pilot",20,5,16,"D 0,1 -> 4,5",12,False,0.1259807748087346,1778771.0,1,False,0.038065010303648644,7.77,10672632.0
"Fixed 1778279, pilot",20,6,30,"D 0,1 -> 9,10",12,False,1.0,1778762.0,1,False,0.03794550728419781,7.81,12451394.0
"Fixed 1778279, pilot",20,7,59,"D 1,2 -> 5,8",12,False,1.0,1778762.0,1,False,0.03794550728419781,7.82,14230156.0
"Fixed 1778279, pilot",20,8,28,"D 0,1 -> 8,9",12,False,0.490240509983043,1778778.0,1,False,0.03794550728419781,7.79,16008934.0
"Fixed 1778279, pilot",20,9,32,"D 0,2 -> 4,6",8,False,1.0,1778777.0,1,False,0.03794663735117523,7.79,17787711.0
"Fixed 1778279, pilot",20,10,20,"D 0,1 -> 5,6",8,False,1.0,1778754.0,1,False,0.03794663735117523,7.82,19566465.0
"Fixed 1778279, pilot",20,11,61,"D 1,2 -> 6,7",8,False,0.6707628046952632,1778766.0,1,False,0.03794663735117523,7.78,21345231.0
"Fixed 1778279, pilot",20,12,23,"D 0,1 -> 6,7",8,False,0.47993629855621467,1778763.0,1,False,0.03799945699387273,7.8,23123994.0
"Fixed 1778279, pilot",20,13,38,"D 0,3 -> 4,5",8,False,0.9392560932669849,1778764.0,1,False,0.03800291172648633,7.88,24902758.0
"Fixed 1778279, pilot",20,14,57,"D 1,2 -> 4,11",8,False,0.8207863802014349,1778776.0,1,False,0.038004323931758094,7.81,26681534.0
"Fixed 1778279, pilot",20,15,31,"D 0,1 -> 10,11",8,False,0.7203785075900084,1778767.0,1,False,0.03805201539045651,7.88,28460301.0
"Fixed 1778279, pilot",21,0,91,"D 2,3 -> 10,11",91,True,0.0,1778766.0,1,False,0.24318730437372557,7.8,1778766.0
"Fixed 1778279, pilot",21,1,82,"D 2,3 -> 5,10",79,True,2.220446049250313e-16,1778766.0,1,False,0.16102697871065078,7.72,3557532.0
"Fixed 1778279, pilot",21,2,79,"D 2,3 -> 4,11",79,True,0.0,1778759.0,1,False,0.12998218965087896,7.76,5336291.0
"Fixed 1778279, pilot",21,3,76,"D 2,3 -> 4,5",76,True,0.0,1778772.0,1,False,0.1560411524745777,7.74,7115063.0
"Fixed 1778279, pilot",21,4,16,"D 0,1 -> 4,5",8,False,0.12598077480875025,1778766.0,1,False,0.038065010303649234,7.78,8893829.0
"Fixed 1778279, pilot",21,5,31,"D 0,1 -> 10,11",8,False,0.7175538286925534,1778774.0,1,False,0.03794550734818707,7.79,10672603.0
"Fixed 1778279, pilot",21,6,20,"D 0,1 -> 5,6",12,False,1.0,1778763.0,1,False,0.03794423307938042,7.77,12451366.0
"Fixed 1778279, pilot",21,7,28,"D 0,1 -> 8,9",12,False,0.4907198039523445,1778765.0,1,False,0.03794423307938042,7.78,14230131.0
"Fixed 1778279, pilot",21,8,67,"D 1,2 -> 8,11",12,False,1.0,1778785.0,1,False,0.03794537047527746,7.78,16008916.0
"Fixed 1778279, pilot",21,9,39,"D 0,3 -> 4,7",12,False,1.0,1778770.0,1,False,0.03794537047527746,7.8,17787686.0
"Fixed 1778279, pilot",21,10,61,"D 1,2 -> 6,7",12,False,0.6707473497718368,1778750.0,1,False,0.03794537047527746,7.72,19566436.0
"Fixed 1778279, pilot",21,11,38,"D 0,3 -> 4,5",8,False,0.9388688017416652,1778773.0,1,False,0.03799819081221265,7.74,21345209.0
"Fixed 1778279, pilot",21,12,21,"D 0,1 -> 5,8",8,False,1.0,1778761.0,1,False,0.03799962979174572,7.77,23123970.0
"Fixed 1778279, pilot",21,13,21,"D 0,1 -> 5,8",8,False,1.0,1778759.0,1,False,0.03799962979174572,7.85,24902729.0
"Fixed 1778279, pilot",21,14,27,"D 0,1 -> 7,10",8,False,1.0,1778771.0,1,False,0.03799962979174572,7.78,26681500.0
"Fixed 1778279, pilot",21,15,45,"D 0,3 -> 6,7",8,False,0.6715732786946662,1778755.0,1,False,0.03799962979174572,7.78,28460255.0
"Fixed 1778279, pilot",22,0,91,"D 2,3 -> 10,11",91,True,0.0,1778777.0,1,False,0.24318730437372557,7.78,1778777.0
"Fixed 1778279, pilot",22,1,79,"D 2,3 -> 4,11",79,True,0.0,1778764.0,1,False,0.16102697871065078,7.73,3557541.0
"Fixed 1778279, pilot",22,2,82,"D 2,3 -> 5,10",82,True,0.0,1778767.0,1,False,0.12998218947189707,7.74,5336308.0
"Fixed 1778279, pilot",22,3,76,"D 2,3 -> 4,5",76,True,0.0,1778758.0,1,False,0.15604115247457773,7.74,7115066.0
"Fixed 1778279, pilot",22,4,56,"D 1,2 -> 4,9",12,False,1.0,1778766.0,1,False,0.038065010303648644,7.72,8893832.0
"Fixed 1778279, pilot",22,5,16,"D 0,1 -> 4,5",12,False,0.1259807748087346,1778762.0,1,False,0.038065010303648644,7.74,10672594.0
"Fixed 1778279, pilot",22,6,28,"D 0,1 -> 8,9",12,False,0.490240509983043,1778770.0,1,False,0.03794550728419781,7.73,12451364.0
"Fixed 1778279, pilot",22,7,12,S 3 -> 5,8,False,2.383609476463988e-08,1778771.0,1,False,0.03794663735117523,7.77,14230135.0
"Fixed 1778279, pilot",22,8,52,"D 0,3 -> 9,10",11,False,1.0,1778768.0,1,False,0.03300634400584217,7.75,16008903.0
"Fixed 1778279, pilot",22,9,32,"D 0,2 -> 4,6",11,False,1.0,1778775.0,1,False,0.03300634400584217,7.73,17787678.0
"Fixed 1778279, pilot",22,10,16,"D 0,1 -> 4,5",11,False,0.9925481959944116,1778779.0,1,False,0.03300634400584217,7.76,19566457.0
"Fixed 1778279, pilot",22,11,31,"D 0,1 -> 10,11",11,False,0.6819342261572741,1778757.0,1,False,0.03300353170473722,7.77,21345214.0
"Fixed 1778279, pilot",22,12,0,S 0 -> 4,11,False,0.9574447818085824,1778779.0,1,False,0.03302282996474047,7.78,23123993.0
"Fixed 1778279, pilot",22,13,0,S 0 -> 4,11,False,0.9999999998537155,1778764.0,1,False,0.03301559210806759,7.8,24902757.0
"Fixed 1778279, pilot",22,14,36,"D 0,2 -> 6,10",11,False,1.0,1778783.0,1,False,0.0330155911625491,7.82,26681540.0
"Fixed 1778279, pilot",22,15,41,"D 0,3 -> 4,11",11,False,0.7780802360734536,1778774.0,1,False,0.0330155911625491,7.77,28460314.0
"Fixed 1778279, pilot",23,0,91,"D 2,3 -> 10,11",91,True,0.0,1778771.0,1,False,0.24318730437372557,7.7,1778771.0
"Fixed 1778279, pilot",23,1,79,"D 2,3 -> 4,11",79,True,0.0,1778757.0,1,False,0.16102697871065078,7.73,3557528.0
"Fixed 1778279, pilot",23,2,82,"D 2,3 -> 5,10",82,True,0.0,1778786.0,1,False,0.12998218947189707,7.76,5336314.0
"Fixed 1778279, pilot",23,3,76,"D 2,3 -> 4,5",76,True,0.0,1778766.0,1,False,0.15604115247457773,7.74,7115080.0
"Fixed 1778279, pilot",23,4,28,"D 0,1 -> 8,9",12,False,0.48606308727320346,1778779.0,1,False,0.038065010303648644,7.8,8893859.0
"Fixed 1778279, pilot",23,5,8,S 2 -> 4,8,True,0.0,1778771.0,1,False,0.038065329746546625,7.78,10672630.0
"Fixed 1778279, pilot",23,6,31,"D 0,1 -> 10,11",15,False,0.6201900267973227,1778775.0,1,False,0.03313195054177637,7.86,12451405.0
"Fixed 1778279, pilot",23,7,61,"D 1,2 -> 6,7",15,False,0.5835109786875481,1778767.0,1,False,0.03315227945100763,7.86,14230172.0
"Fixed 1778279, pilot",23,8,7,S 1 -> 11,15,False,0.8593461680971048,1778770.0,1,False,0.03319434939715682,7.85,16008942.0
"Fixed 1778279, pilot",23,9,16,"D 0,1 -> 4,5",15,False,0.18176554402754286,1778770.0,1,False,0.03323653138507526,7.84,17787712.0
"Fixed 1778279, pilot",23,10,5,S 1 -> 7,15,False,1.0,1778774.0,1,False,0.03311203571756999,7.81,19566486.0
"Fixed 1778279, pilot",23,11,46,"D 0,3 -> 6,9",15,False,1.0,1778779.0,1,False,0.03311203571756999,7.82,21345265.0
"Fixed 1778279, pilot",23,12,75,"D 1,3 -> 9,11",15,False,1.0,1778784.0,1,False,0.03311203571756999,7.87,23124049.0
"Fixed 1778279, pilot",23,13,44,"D 0,3 -> 5,10",15,False,0.8246059702769624,1778778.0,1,False,0.03311203571756999,7.89,24902827.0
"Fixed 1778279, pilot",23,14,29,"D 0,1 -> 8,11",15,False,1.0,1778762.0,1,False,0.03311995935612905,7.84,26681589.0
"Fixed 1778279, pilot",23,15,64,"D 1,2 -> 7,8",15,False,1.0,1778752.0,1,False,0.0331199596452843,7.84,28460341.0
"Fixed 1778279, pilot",24,0,91,"D 2,3 -> 10,11",91,True,0.0,1778759.0,1,False,0.24318730437372557,7.76,1778759.0
"Fixed 1778279, pilot",24,1,82,"D 2,3 -> 5,10",79,True,2.220446049250313e-16,1778749.0,1,False,0.16102697871065078,7.82,3557508.0
"Fixed 1778279, pilot",24,2,76,"D 2,3 -> 4,5",79,False,0.024066513654290578,1778765.0,1,False,0.12998218965087896,7.75,5336273.0
"Fixed 1778279, pilot",24,3,79,"D 2,3 -> 4,11",79,True,0.0,1778771.0,1,False,0.15572199872464462,7.75,7115044.0
"Fixed 1778279, pilot",24,4,7,S 1 -> 11,8,False,0.9596896153798418,1778753.0,1,False,0.03806501943588732,7.82,8893797.0
"Fixed 1778279, pilot",24,5,1,S 0 -> 6,8,False,1.0,1778758.0,1,False,0.03807211667950643,7.72,10672555.0
"Fixed 1778279, pilot",24,6,18,"D 0,1 -> 4,9",8,False,1.0,1778762.0,1,False,0.03807211667950643,7.77,12451317.0
"Fixed 1778279, pilot",24,7,17,"D 0,1 -> 4,7",8,False,1.0,1778761.0,1,False,0.03807211667950643,7.77,14230078.0
"Fixed 1778279, pilot",24,8,47,"D 0,3 -> 6,11",8,False,1.0,1778756.0,1,False,0.03807211667950643,7.76,16008834.0
"Fixed 1778279, pilot",24,9,8,S 2 -> 4,8,True,0.0,1778781.0,1,False,0.03807211667950643,7.79,17787615.0
"Fixed 1778279, pilot",24,10,69,"D 1,2 -> 10,11",15,False,0.7752970187803025,1778774.0,1,False,0.033171809770307537,7.77,19566389.0
"Fixed 1778279, pilot",24,11,36,"D 0,2 -> 6,10",15,False,1.0,1778768.0,1,False,0.0331867617936244,7.77,21345157.0
"Fixed 1778279, pilot",24,12,16,"D 0,1 -> 4,5",15,False,0.15293177785699297,1778774.0,1,False,0.0331867617936244,7.76,23123931.0
"Fixed 1778279, pilot",24,13,16,"D 0,1 -> 4,5",15,False,0.9999999985660746,1778769.0,1,False,0.03306266482240827,7.83,24902700.0
"Fixed 1778279, pilot",24,14,36,"D 0,2 -> 6,10",15,False,1.0,1778775.0,1,False,0.03306266482240827,7.77,26681475.0
"Fixed 1778279, pilot",24,15,22,"D 0,1 -> 5,10",15,False,0.9475930855557726,1778767.0,1,False,0.03306266482240827,7.75,28460242.0
"Fixed 1778279, pilot",25,0,91,"D 2,3 -> 10,11",91,True,0.0,1778762.0,1,False,0.24318730437372557,7.65,1778762.0
"Fixed 1778279, pilot",25,1,82,"D 2,3 -> 5,10",79,True,2.220446049250313e-16,1778742.0,1,False,0.16102697871065078,7.64,3557504.0
"Fixed 1778279, pilot",25,2,76,"D 2,3 -> 4,5",79,False,0.024066513654290578,1778772.0,1,False,0.12998218965087896,7.63,5336276.0
"Fixed 1778279, pilot",25,3,79,"D 2,3 -> 4,11",79,True,0.0,1778757.0,1,False,0.15572199872464462,7.64,7115033.0
"Fixed 1778279, pilot",25,4,12,S 3 -> 5,8,False,3.4282463423629395e-08,1778765.0,1,False,0.03806501943588732,7.68,8893798.0
"Fixed 1778279, pilot",25,5,39,"D 0,3 -> 4,7",11,False,1.0,1778771.0,1,False,0.03313194474467534,7.61,10672569.0
"Fixed 1778279, pilot",25,6,4,S 1 -> 5,11,False,0.9936867563437733,1778773.0,1,False,0.03313194474467534,7.6,12451342.0
"Fixed 1778279, pilot",25,7,5,S 1 -> 7,11,False,1.0,1778758.0,1,False,0.03313320826798975,7.6,14230100.0
"Fixed 1778279, pilot",25,8,16,"D 0,1 -> 4,5",11,False,0.15115504441259098,1778766.0,1,False,0.03313320830604059,7.66,16008866.0
"Fixed 1778279, pilot",25,9,35,"D 0,2 -> 6,8",11,False,1.0,1778779.0,1,False,0.03300527057891974,7.7,17787645.0
"Fixed 1778279, pilot",25,10,28,"D 0,1 -> 8,9",11,False,0.41214655782986465,1778755.0,1,False,0.03300527057891974,7.74,19566400.0
"Fixed 1778279, pilot",25,11,37,"D 0,2 -> 8,10",11,False,1.0,1778770.0,1,False,0.03300595019819812,7.61,21345170.0
"Fixed 1778279, pilot",25,12,24,"D 0,1 -> 6,9",11,False,1.0,1778760.0,1,False,0.03300595019819812,7.63,23123930.0
"Fixed 1778279, pilot",25,13,50,"D 0,3 -> 8,9",11,False,0.5731742663557704,1778756.0,1,False,0.03300595019819812,7.62,24902686.0
"Fixed 1778279, pilot",25,14,21,"D 0,1 -> 5,8",11,False,1.0,1778760.0,1,False,0.033049964500346446,7.63,26681446.0
"Fixed 1778279, pilot",25,15,18,"D 0,1 -> 4,9",11,False,1.0,1778762.0,1,False,0.033049964500346446,7.64,28460208.0
"Fixed 1778279, pilot",26,0,91,"D 2,3 -> 10,11",91,True,0.0,1778762.0,1,False,0.24318730437372557,7.62,1778762.0
"Fixed 1778279, pilot",26,1,82,"D 2,3 -> 5,10",79,True,2.220446049250313e-16,1778780.0,1,False,0.16102697871065078,7.7,3557542.0
"Fixed 1778279, pilot",26,2,79,"D 2,3 -> 4,11",79,True,0.0,1778772.0,1,False,0.12998218965087896,7.64,5336314.0
"Fixed 1778279, pilot",26,3,76,"D 2,3 -> 4,5",76,True,0.0,1778761.0,1,False,0.1560411524745777,7.7,7115075.0
"Fixed 1778279, pilot",26,4,52,"D 0,3 -> 9,10",8,False,1.0,1778757.0,1,False,0.038065010303649234,7.73,8893832.0
"Fixed 1778279, pilot",26,5,16,"D 0,1 -> 4,5",8,False,0.12598077480875025,1778762.0,1,False,0.038065010303649234,7.71,10672594.0
"Fixed 1778279, pilot",26,6,7,S 1 -> 11,8,False,0.9610645197942572,1778782.0,1,False,0.03794550734818707,7.77,12451376.0
"Fixed 1778279, pilot",26,7,12,S 3 -> 5,8,False,5.158667297011643e-05,1778767.0,1,False,0.03795239897734278,7.67,14230143.0
"Fixed 1778279, pilot",26,8,40,"D 0,3 -> 4,9",11,False,1.0,1778767.0,1,False,0.03303362981879411,7.65,16008910.0
"Fixed 1778279, pilot",26,9,52,"D 0,3 -> 9,10",11,False,1.0,1778768.0,1,False,0.03303362981879411,7.69,17787678.0
"Fixed 1778279, pilot",26,10,23,"D 0,1 -> 6,7",11,False,0.41248848609266986,1778776.0,1,False,0.03303362981879411,7.72,19566454.0
"Fixed 1778279, pilot",26,11,20,"D 0,1 -> 5,6",11,False,1.0,1778764.0,1,False,0.033034570535945405,7.72,21345218.0
"Fixed 1778279, pilot",26,12,28,"D 0,1 -> 8,9",11,False,0.41431055905182157,1778774.0,1,False,0.033034570535945405,7.72,23123992.0
"Fixed 1778279, pilot",26,13,39,"D 0,3 -> 4,7",11,False,1.0,1778762.0,1,False,0.03303551708810691,7.7,24902754.0
"Fixed 1778279, pilot",26,14,11,S 2 -> 10,11,True,0.0,1778761.0,1,False,0.033035516987356066,7.64,26681515.0
"Fixed 1778279, pilot",27,0,91,"D 2,3 -> 10,11",91,True,0.0,1778766.0,1,False,0.24318730437372557,7.82,1778766.0
"Fixed 1778279, pilot",27,1,79,"D 2,3 -> 4,11",79,True,0.0,1778787.0,1,False,0.16102697871065078,7.85,3557553.0
"Fixed 1778279, pilot",27,2,82,"D 2,3 -> 5,10",82,True,0.0,1778780.0,1,False,0.12998218947189707,7.79,5336333.0
"Fixed 1778279, pilot",27,3,76,"D 2,3 -> 4,5",76,True,0.0,1778779.0,1,False,0.15604115247457773,7.78,7115112.0
"Fixed 1778279, pilot",27,4,63,"D 1,2 -> 6,11",12,False,1.0,1778770.0,1,False,0.038065010303648644,7.73,8893882.0
"Fixed 1778279, pilot",27,5,28,"D 0,1 -> 8,9",12,False,0.48606308727320346,1778758.0,1,False,0.038065010303648644,7.77,10672640.0
"Fixed 1778279, pilot",27,6,56,"D 1,2 -> 4,9",8,False,1.0,1778769.0,1,False,0.038065329746546625,7.78,12451409.0
"Fixed 1778279, pilot",27,7,20,"D 0,1 -> 5,6",8,False,1.0,1778758.0,1,False,0.038065329746546625,7.79,14230167.0
"Fixed 1778279, pilot",27,8,34,"D 0,2 -> 4,10",8,False,0.9951197978646418,1778749.0,1,False,0.038065329746546625,7.74,16008916.0
"Fixed 1778279, pilot",27,9,3,S 0 -> 10,12,False,0.9593402656653902,1778781.0,1,False,0.038065680214692976,7.77,17787697.0
"Fixed 1778279, pilot",27,10,73,"D 1,3 -> 7,9",12,False,1.0,1778773.0,1,False,0.03807283584130597,7.76,19566470.0
"Fixed 1778279, pilot",27,11,60,"D 1,2 -> 5,10",12,False,0.8166390757969797,1778769.0,1,False,0.03807283584130597,7.72,21345239.0
"Fixed 1778279, pilot",27,12,22,"D 0,1 -> 5,10",12,False,0.9277024663386514,1778756.0,1,False,0.03808102533818934,7.74,23123995.0
"Fixed 1778279, pilot",27,13,39,"D 0,3 -> 4,7",12,False,1.0,1778764.0,1,False,0.03808633139004575,7.69,24902759.0
"Fixed 1778279, pilot",27,14,31,"D 0,1 -> 10,11",12,False,0.6665321022397139,1778760.0,1,False,0.03808633177027093,7.73,26681519.0
"Fixed 1778279, pilot",27,15,4,S 1 -> 5,12,False,0.9723606940230437,1778770.0,1,False,0.03808442936571658,7.76,28460289.0
"Fixed 1778279, pilot",28,0,91,"D 2,3 -> 10,11",91,True,0.0,1778767.0,1,False,0.24318730437372557,7.72,1778767.0
"Fixed 1778279, pilot",28,1,82,"D 2,3 -> 5,10",79,True,2.220446049250313e-16,1778769.0,1,False,0.16102697871065078,7.74,3557536.0
"Fixed 1778279, pilot",28,2,76,"D 2,3 -> 4,5",79,False,0.024066513654290578,1778773.0,1,False,0.12998218965087896,7.74,5336309.0
"Fixed 1778279, pilot",28,3,79,"D 2,3 -> 4,11",79,True,0.0,1778763.0,1,False,0.15572199872464462,7.72,7115072.0
"Fixed 1778279, pilot",28,4,37,"D 0,2 -> 8,10",8,False,1.0,1778762.0,1,False,0.03806501943588732,7.69,8893834.0
"Fixed 1778279, pilot",28,5,27,"D 0,1 -> 7,10",8,False,1.0,1778783.0,1,False,0.03806501271233194,7.75,10672617.0
"Fixed 1778279, pilot",28,6,41,"D 0,3 -> 4,11",8,False,0.8167919356385103,1778775.0,1,False,0.03806501124409043,7.74,12451392.0
"Fixed 1778279, pilot",28,7,16,"D 0,1 -> 4,5",12,False,0.12667404185412656,1778767.0,1,False,0.03807396289635491,7.72,14230159.0
"Fixed 1778279, pilot",28,8,66,"D 1,2 -> 8,9",12,False,0.6706372777105316,1778764.0,1,False,0.03795447828121622,7.8,16008923.0
"Fixed 1778279, pilot",28,9,41,"D 0,3 -> 4,11",8,False,0.9998258239017332,1778766.0,1,False,0.038006526939029645,7.79,17787689.0
"Fixed 1778279, pilot",28,10,12,S 3 -> 5,8,False,0.0015264176230279647,1778775.0,1,False,0.03801567446125262,7.74,19566464.0
"Fixed 1778279, pilot",28,11,31,"D 0,1 -> 10,11",11,False,0.6769241797457638,1778764.0,1,False,0.033003461334730144,7.7,21345228.0
"Fixed 1778279, pilot",28,12,49,"D 0,3 -> 7,10",11,False,1.0,1778757.0,1,False,0.03302307344320499,7.7,23123985.0
"Fixed 1778279, pilot",28,13,20,"D 0,1 -> 5,6",11,False,1.0,1778769.0,1,False,0.03302307344320499,7.69,24902754.0
"Fixed 1778279, pilot",28,14,19,"D 0,1 -> 4,11",11,False,0.9475934570847558,1778764.0,1,False,0.03302307344320499,7.67,26681518.0
"Fixed 1778279, pilot",28,15,22,"D 0,1 -> 5,10",11,False,0.879555373587082,1778782.0,1,False,0.03302390543840077,7.68,28460300.0
"Fixed 1778279, pilot",29,0,91,"D 2,3 -> 10,11",91,True,0.0,1778766.0,1,False,0.24318730437372557,7.74,1778766.0
"Fixed 1778279, pilot",29,1,82,"D 2,3 -> 5,10",79,True,2.220446049250313e-16,1778771.0,1,False,0.16102697871065078,7.78,3557537.0
"Fixed 1778279, pilot",29,2,76,"D 2,3 -> 4,5",79,False,0.024066513654290578,1778784.0,1,False,0.12998218965087896,7.72,5336321.0
"Fixed 1778279, pilot",29,3,79,"D 2,3 -> 4,11",79,True,0.0,1778763.0,1,False,0.15572199872464462,7.75,7115084.0
"Fixed 1778279, pilot",29,4,35,"D 0,2 -> 6,8",8,False,1.0,1778765.0,1,False,0.03806501943588732,7.77,8893849.0
"Fixed 1778279, pilot",29,5,16,"D 0,1 -> 4,5",8,False,0.12598083959821582,1778787.0,1,False,0.03806501271233194,7.71,10672636.0
"Fixed 1778279, pilot",29,6,69,"D 1,2 -> 10,11",8,False,0.8293863210263671,1778759.0,1,False,0.037945509045544015,7.73,12451395.0
"Fixed 1778279, pilot",29,7,61,"D 1,2 -> 6,7",8,False,0.6720606702289396,1778774.0,1,False,0.03796416393886163,7.82,14230169.0
"Fixed 1778279, pilot",29,8,8,S 2 -> 4,8,True,0.0,1778769.0,1,False,0.03801654966026213,7.75,16008938.0
"Fixed 1778279, pilot",29,9,1,S 0 -> 6,15,False,1.0,1778788.0,1,False,0.033086083549296263,7.74,17787726.0
"Fixed 1778279, pilot",29,10,6,S 1 -> 9,15,False,1.0,1778761.0,1,False,0.03308608375251837,7.65,19566487.0
"Fixed 1778279, pilot",29,11,15,S 3 -> 11,15,True,0.0,1778781.0,1,False,0.03308608375251837,7.74,21345268.0
"Fixed 1778279, pilot",30,0,91,"D 2,3 -> 10,11",91,True,0.0,1778759.0,1,False,0.24318730437372557,7.71,1778759.0
"Fixed 1778279, pilot",30,1,79,"D 2,3 -> 4,11",79,True,0.0,1778773.0,1,False,0.16102697871065078,7.68,3557532.0
"Fixed 1778279, pilot",30,2,82,"D 2,3 -> 5,10",82,True,0.0,1778778.0,1,False,0.12998218947189707,7.74,5336310.0
"Fixed 1778279, pilot",30,3,76,"D 2,3 -> 4,5",76,True,0.0,1778760.0,1,False,0.15604115247457773,7.76,7115070.0
"Fixed 1778279, pilot",30,4,29,"D 0,1 -> 8,11",12,False,1.0,1778761.0,1,False,0.038065010303648644,7.77,8893831.0
"Fixed 1778279, pilot",30,5,8,S 2 -> 4,12,True,2.3575208452086827e-10,1778753.0,1,False,0.038065010303648644,7.75,10672584.0
"Fixed 1778279, pilot",30,6,1,S 0 -> 6,15,False,1.0,1778768.0,1,False,0.033131943710163925,7.72,12451352.0
"Fixed 1778279, pilot",30,7,16,"D 0,1 -> 4,5",15,False,0.15073334102344782,1778763.0,1,False,0.033131943710163925,7.77,14230115.0
"Fixed 1778279, pilot",30,8,28,"D 0,1 -> 8,9",15,False,0.4122642385643869,1778767.0,1,False,0.0330084583869657,7.7,16008882.0
"Fixed 1778279, pilot",30,9,21,"D 0,1 -> 5,8",15,False,1.0,1778752.0,1,False,0.033009312004023184,7.73,17787634.0
"Fixed 1778279, pilot",30,10,2,S 0 -> 8,15,False,1.0,1778773.0,1,False,0.033009311849837575,7.73,19566407.0
"Fixed 1778279, pilot",30,11,71,"D 1,3 -> 5,9",15,False,1.0,1778775.0,1,False,0.03300930925316636,7.76,21345182.0
"Fixed 1778279, pilot",30,12,23,"D 0,1 -> 6,7",15,False,0.4140855570596914,1778768.0,1,False,0.03300930923245521,7.69,23123950.0
"Fixed 1778279, pilot",30,13,20,"D 0,1 -> 5,6",15,False,1.0,1778774.0,1,False,0.033010150765062196,7.64,24902724.0
"Fixed 1778279, pilot",30,14,36,"D 0,2 -> 6,10",15,False,1.0,1778757.0,1,False,0.033010150765062196,7.7,26681481.0
"Fixed 1778279, pilot",30,15,24,"D 0,1 -> 6,9",15,False,1.0,1778776.0,1,False,0.033010150765062196,7.7,28460257.0
"Fixed 1778279, pilot",31,0,91,"D 2,3 -> 10,11",91,True,0.0,1778772.0,1,False,0.24318730437372557,7.84,1778772.0
"Fixed 1778279, pilot",31,1,82,"D 2,3 -> 5,10",79,True,2.220446049250313e-16,1778778.0,1,False,0.16102697871065078,7.73,3557550.0
"Fixed 1778279, pilot",31,2,79,"D 2,3 -> 4,11",79,True,0.0,1778752.0,1,False,0.12998218965087896,7.74,5336302.0
"Fixed 1778279, pilot",31,3,76,"D 2,3 -> 4,5",76,True,0.0,1778765.0,1,False,0.1560411524745777,7.7,7115067.0
"Fixed 1778279, pilot",31,4,6,S 1 -> 9,8,False,1.0,1778774.0,1,False,0.038065010303649234,7.79,8893841.0
"Fixed 1778279, pilot",31,5,57,"D 1,2 -> 4,11",8,False,0.8216722211087815,1778760.0,1,False,0.038065010303649234,7.74,10672601.0
"Fixed 1778279, pilot",31,6,8,S 2 -> 4,8,True,0.0,1778751.0,1,False,0.0381125265063912,7.76,12451352.0
"Fixed 1778279, pilot",31,7,7,S 1 -> 11,15,False,0.8502487364429663,1778766.0,1,False,0.03317837667780332,7.78,14230118.0
"Fixed 1778279, pilot",31,8,41,"D 0,3 -> 4,11",15,False,0.7804788692219746,1778761.0,1,False,0.033224178644844504,7.71,16008879.0
"Fixed 1778279, pilot",31,9,23,"D 0,1 -> 6,7",15,False,0.41059708784925364,1778765.0,1,False,0.03323070586471588,7.66,17787644.0
"Fixed 1778279, pilot",31,10,5,S 1 -> 7,15,False,1.0,1778780.0,1,False,0.03323086640174672,7.73,19566424.0
"Fixed 1778279, pilot",31,11,18,"D 0,1 -> 4,9",15,False,1.0,1778770.0,1,False,0.03323086640174672,7.69,21345194.0
"Fixed 1778279, pilot",31,12,31,"D 0,1 -> 10,11",15,False,0.6193540990255195,1778761.0,1,False,0.03323086640174672,7.75,23123955.0
"Fixed 1778279, pilot",31,13,16,"D 0,1 -> 4,5",15,False,0.18254475952334392,1778763.0,1,False,0.03325209693247805,7.76,24902718.0
"Fixed 1778279, pilot",31,14,45,"D 0,3 -> 6,7",15,False,0.6217317749234343,1778762.0,1,False,0.033128194302720126,7.77,26681480.0
"Fixed 1778279, pilot",31,15,26,"D 0,1 -> 7,8",15,False,1.0,1778773.0,1,False,0.03310105525484436,7.76,28460253.0
"Fixed 1778279, pilot",32,0,91,"D 2,3 -> 10,11",91,True,0.0,1778755.0,1,False,0.24318730437372557,7.8,1778755.0
"Fixed 1778279, pilot",32,1,82,"D 2,3 -> 5,10",79,True,2.220446049250313e-16,1778770.0,1,False,0.16102697871065078,7.82,3557525.0
"Fixed 1778279, pilot",32,2,76,"D 2,3 -> 4,5",79,False,0.024066513654290578,1778770.0,1,False,0.12998218965087896,7.79,5336295.0
"Fixed 1778279, pilot",32,3,79,"D 2,3 -> 4,11",79,True,0.0,1778785.0,1,False,0.15572199872464462,7.8,7115080.0
"Fixed 1778279, pilot",32,4,31,"D 0,1 -> 10,11",8,False,0.6640452551885154,1778765.0,1,False,0.03806501943588732,7.8,8893845.0
"Fixed 1778279, pilot",32,5,16,"D 0,1 -> 4,5",8,False,0.14553944933552565,1778772.0,1,False,0.038063337430321885,7.84,10672617.0
"Fixed 1778279, pilot",32,6,26,"D 0,1 -> 7,8",12,False,1.0,1778767.0,1,False,0.03794423263342081,7.83,12451384.0
"Fixed 1778279, pilot",32,7,23,"D 0,1 -> 6,7",12,False,0.4907197979522401,1778773.0,1,False,0.03794423263342081,7.81,14230157.0
"Fixed 1778279, pilot",32,8,0,S 0 -> 4,12,False,0.9566140501229455,1778760.0,1,False,0.037945362885638344,7.8,16008917.0
"Fixed 1778279, pilot",32,9,2,S 0 -> 8,12,False,1.0,1778770.0,1,False,0.037945114014114045,7.79,17787687.0
"Fixed 1778279, pilot",32,10,53,"D 0,3 -> 10,11",12,False,0.8260566871097539,1778763.0,1,False,0.037945114014114045,7.75,19566450.0
"Fixed 1778279, pilot",32,11,23,"D 0,1 -> 6,7",12,False,0.9998236888913725,1778770.0,1,False,0.03796450749394089,7.83,21345220.0
"Fixed 1778279, pilot",32,12,6,S 1 -> 9,8,False,1.0,1778757.0,1,False,0.03800318329509456,7.75,23123977.0
"Fixed 1778279, pilot",32,13,41,"D 0,3 -> 4,11",8,False,0.8144261271976123,1778780.0,1,False,0.038003183011832545,7.78,24902757.0
"Fixed 1778279, pilot",32,14,28,"D 0,1 -> 8,9",8,False,0.49289104227326286,1778770.0,1,False,0.038010882063009406,7.78,26681527.0
"Fixed 1778279, pilot",32,15,47,"D 0,3 -> 6,11",8,False,1.0,1778751.0,1,False,0.038011939049760995,7.74,28460278.0
"Fixed 1778279, pilot",33,0,91,"D 2,3 -> 10,11",91,True,0.0,1778768.0,1,False,0.24318730437372557,7.8,1778768.0
"Fixed 1778279, pilot",33,1,82,"D 2,3 -> 5,10",79,True,2.220446049250313e-16,1778769.0,1,False,0.16102697871065078,7.74,3557537.0
"Fixed 1778279, pilot",33,2,79,"D 2,3 -> 4,11",79,True,0.0,1778771.0,1,False,0.12998218965087896,7.79,5336308.0
"Fixed 1778279, pilot",33,3,76,"D 2,3 -> 4,5",76,True,0.0,1778773.0,1,False,0.1560411524745777,7.82,7115081.0
"Fixed 1778279, pilot",33,4,30,"D 0,1 -> 9,10",8,False,1.0,1778759.0,1,False,0.038065010303649234,7.83,8893840.0
"Fixed 1778279, pilot",33,5,43,"D 0,3 -> 5,8",8,False,1.0,1778777.0,1,False,0.038065010303649234,7.83,10672617.0
"Fixed 1778279, pilot",33,6,69,"D 1,2 -> 10,11",8,False,0.8298973611035462,1778767.0,1,False,0.038065010303649234,7.81,12451384.0
"Fixed 1778279, pilot",33,7,17,"D 0,1 -> 4,7",8,False,1.0,1778763.0,1,False,0.0380836611493415,7.81,14230147.0
"Fixed 1778279, pilot",33,8,42,"D 0,3 -> 5,6",8,False,1.0,1778770.0,1,False,0.038083664116417934,7.85,16008917.0
"Fixed 1778279, pilot",33,9,8,S 2 -> 4,8,True,0.0,1778759.0,1,False,0.038083672605346106,7.77,17787676.0
"Fixed 1778279, pilot",33,10,41,"D 0,3 -> 4,11",15,False,0.7793247406923142,1778777.0,1,False,0.03315293955318449,7.78,19566453.0
"Fixed 1778279, pilot",33,11,39,"D 0,3 -> 4,7",15,False,1.0,1778770.0,1,False,0.033159292512146554,7.77,21345223.0
"Fixed 1778279, pilot",33,12,71,"D 1,3 -> 5,9",15,False,1.0,1778756.0,1,False,0.033159292512146554,7.74,23123979.0
"Fixed 1778279, pilot",33,13,59,"D 1,2 -> 5,8",15,False,1.0,1778763.0,1,False,0.033159292512146554,7.75,24902742.0
"Fixed 1778279, pilot",33,14,66,"D 1,2 -> 8,9",15,False,0.5848446684364768,1778770.0,1,False,0.033159292512146554,7.7,26681512.0
"Fixed 1778279, pilot",33,15,71,"D 1,3 -> 5,9",15,False,1.0,1778769.0,1,False,0.03320086297055208,7.72,28460281.0
"Fixed 1778279, pilot",34,0,91,"D 2,3 -> 10,11",91,True,0.0,1778757.0,1,False,0.24318730437372557,7.79,1778757.0
"Fixed 1778279, pilot",34,1,82,"D 2,3 -> 5,10",79,True,2.220446049250313e-16,1778773.0,1,False,0.16102697871065078,7.79,3557530.0
"Fixed 1778279, pilot",34,2,79,"D 2,3 -> 4,11",79,True,0.0,1778755.0,1,False,0.12998218965087896,7.84,5336285.0
"Fixed 1778279, pilot",34,3,76,"D 2,3 -> 4,5",76,True,0.0,1778763.0,1,False,0.1560411524745777,7.86,7115048.0
"Fixed 1778279, pilot",34,4,1,S 0 -> 6,8,False,1.0,1778758.0,1,False,0.038065010303649234,7.85,8893806.0
"Fixed 1778279, pilot",34,5,28,"D 0,1 -> 8,9",8,False,0.4860630872732127,1778763.0,1,False,0.038065010303649234,7.86,10672569.0
"Fixed 1778279, pilot",34,6,23,"D 0,1 -> 6,7",12,False,0.48765704458888226,1778745.0,1,False,0.03806531961054786,7.78,12451314.0
"Fixed 1778279, pilot",34,7,28,"D 0,1 -> 8,9",12,False,0.9999999969915614,1778758.0,1,False,0.038065634786621894,7.78,14230072.0
"Fixed 1778279, pilot",34,8,16,"D 0,1 -> 4,5",12,False,0.13199447829535005,1778763.0,1,False,0.038065634786621894,7.7,16008835.0
"Fixed 1778279, pilot",34,9,26,"D 0,1 -> 7,8",8,False,1.0,1778766.0,1,False,0.03794765538594854,7.73,17787601.0
"Fixed 1778279, pilot",34,10,24,"D 0,1 -> 6,9",8,False,1.0,1778767.0,1,False,0.03794765538594854,7.78,19566368.0
"Fixed 1778279, pilot",34,11,30,"D 0,1 -> 9,10",8,False,1.0,1778770.0,1,False,0.03794765538594854,7.79,21345138.0
"Fixed 1778279, pilot",34,12,31,"D 0,1 -> 10,11",8,False,0.7193900165620888,1778749.0,1,False,0.03794765538594854,7.72,23123887.0
"Fixed 1778279, pilot",34,13,0,S 0 -> 4,12,False,0.9557174595233926,1778772.0,1,False,0.03794636937764593,7.72,24902659.0
"Fixed 1778279, pilot",34,14,26,"D 0,1 -> 7,8",12,False,1.0,1778779.0,1,False,0.0379461136485915,7.66,26681438.0
"Fixed 1778279, pilot",34,15,30,"D 0,1 -> 9,10",12,False,1.0,1778766.0,1,False,0.0379461136485915,7.63,28460204.0
"Fixed 1778279, pilot",35,0,91,"D 2,3 -> 10,11",91,True,0.0,1778763.0,1,False,0.24318730437372557,7.77,1778763.0
"Fixed 1778279, pilot",35,1,82,"D 2,3 -> 5,10",79,True,2.220446049250313e-16,1778769.0,1,False,0.16102697871065078,7.65,3557532.0
"Fixed 1778279, pilot",35,2,76,"D 2,3 -> 4,5",79,False,0.024066513654290578,1778768.0,1,False,0.12998218965087896,7.71,5336300.0
"Fixed 1778279, pilot",35,3,79,"D 2,3 -> 4,11",79,True,0.0,1778761.0,1,False,0.15572199872464462,7.71,7115061.0
"Fixed 1778279, pilot",35,4,62,"D 1,2 -> 6,9",8,False,1.0,1778757.0,1,False,0.03806501943588732,7.74,8893818.0
"Fixed 1778279, pilot",35,5,28,"D 0,1 -> 8,9",8,False,0.4860631197941768,1778755.0,1,False,0.03806501271233194,7.78,10672573.0
"Fixed 1778279, pilot",35,6,39,"D 0,3 -> 4,7",12,False,1.0,1778758.0,1,False,0.03806532989763034,7.64,12451331.0
"Fixed 1778279, pilot",35,7,26,"D 0,1 -> 7,8",12,False,1.0,1778783.0,1,False,0.038065329880408415,7.71,14230114.0
"Fixed 1778279, pilot",35,8,16,"D 0,1 -> 4,5",12,False,0.12899713932523094,1778767.0,1,False,0.038065329880408415,7.7,16008881.0
"Fixed 1778279, pilot",35,9,8,S 2 -> 4,8,True,0.0,1778771.0,1,False,0.03794658540599304,7.69,17787652.0
"Fixed 1778279, pilot",35,10,23,"D 0,1 -> 6,7",15,False,0.41395373357570286,1778790.0,1,False,0.03300634437226391,7.71,19566442.0
"Fixed 1778279, pilot",35,11,72,"D 1,3 -> 5,11",15,False,0.9607905568997637,1778765.0,1,False,0.03300720264524254,7.72,21345207.0
"Fixed 1778279, pilot",35,12,67,"D 1,2 -> 8,11",15,False,1.0,1778782.0,1,False,0.03300633379823131,7.66,23123989.0
"Fixed 1778279, pilot",35,13,70,"D 1,3 -> 5,7",15,False,1.0,1778769.0,1,False,0.03300633379823131,7.67,24902758.0
"Fixed 1778279, pilot",35,14,28,"D 0,1 -> 8,9",15,False,0.9996934647866174,1778759.0,1,False,0.03300633379823131,7.73,26681517.0
"Fixed 1778279, pilot",35,15,17,"D 0,1 -> 4,7",15,False,1.0,1778773.0,1,False,0.03295514640155767,7.66,28460290.0
"Fixed 1778279, pilot",36,0,91,"D 2,3 -> 10,11",91,True,0.0,1778781.0,1,False,0.24318730437372557,7.75,1778781.0
"Fixed 1778279, pilot",36,1,82,"D 2,3 -> 5,10",79,True,2.220446049250313e-16,1778774.0,1,False,0.16102697871065078,7.74,3557555.0
"Fixed 1778279, pilot",36,2,79,"D 2,3 -> 4,11",79,True,0.0,1778781.0,1,False,0.12998218965087896,7.76,5336336.0
"Fixed 1778279, pilot",36,3,76,"D 2,3 -> 4,5",76,True,0.0,1778781.0,1,False,0.1560411524745777,7.71,7115117.0
"Fixed 1778279, pilot",36,4,16,"D 0,1 -> 4,5",8,False,0.12598077480875025,1778768.0,1,False,0.038065010303649234,7.72,8893885.0
"Fixed 1778279, pilot",36,5,66,"D 1,2 -> 8,9",8,False,0.6707516868485042,1778781.0,1,False,0.03794550734818707,7.69,10672666.0
"Fixed 1778279, pilot",36,6,61,"D 1,2 -> 6,7",8,False,0.6735796435046882,1778762.0,1,False,0.037998331129682664,7.72,12451428.0
"Fixed 1778279, pilot",36,7,23,"D 0,1 -> 6,7",8,False,0.47917369201287285,1778779.0,1,False,0.03805039560407261,7.71,14230207.0
"Fixed 1778279, pilot",36,8,5,S 1 -> 7,8,False,1.0,1778775.0,1,False,0.038053850854737635,7.8,16008982.0
"Fixed 1778279, pilot",36,9,2,S 0 -> 8,8,False,1.0,1778764.0,1,False,0.03805385090900681,7.74,17787746.0
"Fixed 1778279, pilot",36,10,12,S 3 -> 5,8,False,0.00307689210361084,1778761.0,1,False,0.03805385090900681,7.68,19566507.0
"Fixed 1778279, pilot",36,11,19,"D 0,1 -> 4,11",11,False,0.9450531651764609,1778759.0,1,False,0.03295343229066057,7.74,21345266.0
"Fixed 1778279, pilot",36,12,65,"D 1,2 -> 7,10",11,False,1.0,1778774.0,1,False,0.0329546030660766,7.73,23124040.0
"Fixed 1778279, pilot",36,13,57,"D 1,2 -> 4,11",11,False,0.8205468169058387,1778782.0,1,False,0.0329546030660766,7.76,24902822.0
"Fixed 1778279, pilot",36,14,6,S 1 -> 9,11,False,1.0,1778765.0,1,False,0.032962869263711086,7.69,26681587.0
"Fixed 1778279, pilot",36,15,58,"D 1,2 -> 5,6",11,False,1.0,1778773.0,1,False,0.032962869263711086,7.53,28460360.0
"Fixed 1778279, pilot",37,0,91,"D 2,3 -> 10,11",91,True,0.0,1778783.0,1,False,0.24318730437372557,7.63,1778783.0
"Fixed 1778279, pilot",37,1,79,"D 2,3 -> 4,11",79,True,0.0,1778752.0,1,False,0.16102697871065078,7.68,3557535.0
"Fixed 1778279, pilot",37,2,82,"D 2,3 -> 5,10",82,True,0.0,1778760.0,1,False,0.12998218947189707,7.7,5336295.0
"Fixed 1778279, pilot",37,3,76,"D 2,3 -> 4,5",76,True,0.0,1778771.0,1,False,0.15604115247457773,7.69,7115066.0
"Fixed 1778279, pilot",37,4,16,"D 0,1 -> 4,5",12,False,0.1259807748087346,1778778.0,1,False,0.038065010303648644,7.66,8893844.0
"Fixed 1778279, pilot",37,5,23,"D 0,1 -> 6,7",12,False,0.4902405099830428,1778779.0,1,False,0.03794550728419781,7.61,10672623.0
"Fixed 1778279, pilot",37,6,58,"D 1,2 -> 5,6",8,False,1.0,1778763.0,1,False,0.037946637351175,7.6,12451386.0
"Fixed 1778279, pilot",37,7,41,"D 0,3 -> 4,11",8,False,0.8173045722559842,1778764.0,1,False,0.0379466373283892,7.6,14230150.0
"Fixed 1778279, pilot",37,8,54,"D 1,2 -> 4,5",12,False,0.9393761443060921,1778772.0,1,False,0.037955608438013405,7.64,16008922.0
"Fixed 1778279, pilot",37,9,61,"D 1,2 -> 6,7",12,False,0.6629558296378854,1778778.0,1,False,0.03795700245691317,7.65,17787700.0
"Fixed 1778279, pilot",37,10,27,"D 0,1 -> 7,10",8,False,1.0,1778768.0,1,False,0.03800372994054581,7.65,19566468.0
"Fixed 1778279, pilot",37,11,28,"D 0,1 -> 8,9",8,False,0.4923998895584568,1778778.0,1,False,0.03800372994054581,7.66,21345246.0
"Fixed 1778279, pilot",37,12,0,S 0 -> 4,8,False,0.9489430862199776,1778762.0,1,False,0.03800486334369905,7.61,23124008.0
"Fixed 1778279, pilot",37,13,12,S 3 -> 5,8,False,0.0012193168566015933,1778761.0,1,False,0.03799922756377618,7.57,24902769.0
"Fixed 1778279, pilot",37,14,57,"D 1,2 -> 4,11",11,False,0.82097265608347,1778782.0,1,False,0.032986330351842466,7.56,26681551.0
"Fixed 1778279, pilot",37,15,40,"D 0,3 -> 4,9",11,False,1.0,1778762.0,1,False,0.03299418028768279,7.6,28460313.0
"Fixed 1778279, pilot",38,0,91,"D 2,3 -> 10,11",91,True,0.0,1778764.0,1,False,0.24318730437372557,7.63,1778764.0
"Fixed 1778279, pilot",38,1,79,"D 2,3 -> 4,11",79,True,0.0,1778762.0,1,False,0.16102697871065078,7.52,3557526.0
"Fixed 1778279, pilot",38,2,76,"D 2,3 -> 4,5",82,False,0.024066516365316204,1778777.0,1,False,0.12998218947189707,7.64,5336303.0
"Fixed 1778279, pilot",38,3,82,"D 2,3 -> 5,10",82,True,0.0,1778772.0,1,False,0.15572199591416286,7.64,7115075.0
"Fixed 1778279, pilot",38,4,16,"D 0,1 -> 4,5",12,False,0.12598115105696928,1778770.0,1,False,0.038065025112214046,7.62,8893845.0
"Fixed 1778279, pilot",38,5,31,"D 0,1 -> 10,11",12,False,0.7175538410327091,1778759.0,1,False,0.03794550904773174,7.6,10672604.0
"Fixed 1778279, pilot",38,6,2,S 0 -> 8,8,False,1.0,1778767.0,1,False,0.037944233016877014,7.59,12451371.0
"Fixed 1778279, pilot",38,7,23,"D 0,1 -> 6,7",8,False,0.49071980311397245,1778762.0,1,False,0.037944233016877014,7.56,14230133.0
"Fixed 1778279, pilot",38,8,44,"D 0,3 -> 5,10",8,False,0.8217359404148463,1778765.0,1,False,0.0379453707269207,7.62,16008898.0
"Fixed 1778279, pilot",38,9,4,S 1 -> 5,12,False,0.9559465318703178,1778784.0,1,False,0.037992758508173616,7.59,17787682.0
"Fixed 1778279, pilot",38,10,8,S 2 -> 4,12,False,0.0014398085207596445,1778764.0,1,False,0.03798768957212906,7.58,19566446.0
"Fixed 1778279, pilot",38,11,35,"D 0,2 -> 6,8",15,False,1.0,1778761.0,1,False,0.03302668314075907,7.71,21345207.0
"Fixed 1778279, pilot",38,12,68,"D 1,2 -> 9,10",15,False,1.0,1778789.0,1,False,0.033026683252864175,7.61,23123996.0
"Fixed 1778279, pilot",38,13,1,S 0 -> 6,15,False,1.0,1778764.0,1,False,0.03302668341183046,7.61,24902760.0
"Fixed 1778279, pilot",38,14,53,"D 0,3 -> 10,11",15,False,0.7862174940422573,1778765.0,1,False,0.03302668341183046,7.64,26681525.0
"Fixed 1778279, pilot",38,15,69,"D 1,2 -> 10,11",15,False,0.7644726172852429,1778767.0,1,False,0.03303030668971124,7.62,28460292.0
"Fixed 1778279, pilot",39,0,91,"D 2,3 -> 10,11",91,True,0.0,1778768.0,1,False,0.24318730437372557,7.64,1778768.0
"Fixed 1778279, pilot",39,1,79,"D 2,3 -> 4,11",79,True,0.0,1778761.0,1,False,0.16102697871065078,7.68,3557529.0
"Fixed 1778279, pilot",39,2,82,"D 2,3 -> 5,10",82,True,0.0,1778761.0,1,False,0.12998218947189707,7.68,5336290.0
"Fixed 1778279, pilot",39,3,76,"D 2,3 -> 4,5",76,True,0.0,1778763.0,1,False,0.15604115247457773,7.75,7115053.0
"Fixed 1778279, pilot",39,4,7,S 1 -> 11,12,False,0.9596896192971845,1778766.0,1,False,0.038065010303648644,7.68,8893819.0
"Fixed 1778279, pilot",39,5,16,"D 0,1 -> 4,5",8,False,0.12631550700680572,1778774.0,1,False,0.038072114757427285,7.61,10672593.0
"Fixed 1778279, pilot",39,6,64,"D 1,2 -> 7,8",8,False,1.0,1778764.0,1,False,0.037952356300635655,7.58,12451357.0
"Fixed 1778279, pilot",39,7,35,"D 0,2 -> 6,8",8,False,1.0,1778765.0,1,False,0.03795236803526375,7.6,14230122.0
"Fixed 1778279, pilot",39,8,21,"D 0,1 -> 5,8",8,False,1.0,1778777.0,1,False,0.03795236803526375,7.63,16008899.0
"Fixed 1778279, pilot",39,9,44,"D 0,3 -> 5,10",8,False,0.8215168561844755,1778763.0,1,False,0.03795236803526375,7.63,17787662.0
"Fixed 1778279, pilot",39,10,28,"D 0,1 -> 8,9",12,False,0.49074320138001415,1778757.0,1,False,0.037997908088143434,7.63,19566419.0
"Fixed 1778279, pilot",39,11,72,"D 1,3 -> 5,11",12,False,0.9957304396775387,1778769.0,1,False,0.03799911461122051,7.66,21345188.0
"Fixed 1778279, pilot",39,12,18,"D 0,1 -> 4,9",12,False,1.0,1778766.0,1,False,0.03799835839525253,7.65,23123954.0
"Fixed 1778279, pilot",39,13,23,"D 0,1 -> 6,7",12,False,0.49230492613722543,1778769.0,1,False,0.03799835839525253,7.64,24902723.0
"Fixed 1778279, pilot",39,14,33,"D 0,2 -> 4,8",12,False,1.0,1778773.0,1,False,0.0379995547644278,7.61,26681496.0
"Fixed 1778279, pilot",39,15,22,"D 0,1 -> 5,10",12,False,0.9646856384613256,1778772.0,1,False,0.03799955478990476,7.66,28460268.0
"Fixed 1778279, pilot",40,0,91,"D 2,3 -> 10,11",91,True,0.0,1778765.0,1,False,0.24318730437372557,7.77,1778765.0
"Fixed 1778279, pilot",40,1,82,"D 2,3 -> 5,10",79,True,2.220446049250313e-16,1778765.0,1,False,0.16102697871065078,7.66,3557530.0
"Fixed 1778279, pilot",40,2,79,"D 2,3 -> 4,11",79,True,0.0,1778776.0,1,False,0.12998218965087896,7.65,5336306.0
"Fixed 1778279, pilot",40,3,76,"D 2,3 -> 4,5",76,True,0.0,1778755.0,1,False,0.1560411524745777,7.74,7115061.0
"Fixed 1778279, pilot",40,4,16,"D 0,1 -> 4,5",8,False,0.12598077480875025,1778769.0,1,False,0.038065010303649234,7.62,8893830.0
"Fixed 1778279, pilot",40,5,2,S 0 -> 8,8,False,1.0,1778770.0,1,False,0.03794550734818707,7.65,10672600.0
"Fixed 1778279, pilot",40,6,35,"D 0,2 -> 6,8",8,False,1.0,1778751.0,1,False,0.03794550734818707,7.74,12451351.0
"Fixed 1778279, pilot",40,7,0,S 0 -> 4,8,False,0.957731759135362,1778760.0,1,False,0.03794550734818707,7.64,14230111.0
"Fixed 1778279, pilot",40,8,23,"D 0,1 -> 6,7",12,False,0.49005303912555387,1778775.0,1,False,0.03794525822439252,7.61,16008886.0
"Fixed 1778279, pilot",40,9,39,"D 0,3 -> 4,7",12,False,1.0,1778761.0,1,False,0.03794637928670005,7.66,17787647.0
"Fixed 1778279, pilot",40,10,8,S 2 -> 4,12,False,0.0001252488083183234,1778764.0,1,False,0.03794637928670005,7.71,19566411.0
"Fixed 1778279, pilot",40,11,60,"D 1,2 -> 5,10",15,False,0.7794526692332455,1778784.0,1,False,0.03300476303756872,7.69,21345195.0
"Fixed 1778279, pilot",40,12,26,"D 0,1 -> 7,8",15,False,1.0,1778775.0,1,False,0.033020318350505784,7.64,23123970.0
"Fixed 1778279, pilot",40,13,44,"D 0,3 -> 5,10",15,False,0.8249405253313368,1778760.0,1,False,0.03302031847573672,7.65,24902730.0
"Fixed 1778279, pilot",40,14,3,S 0 -> 10,15,False,0.8811721956750073,1778777.0,1,False,0.03302724517462019,7.66,26681507.0
"Fixed 1778279, pilot",40,15,57,"D 1,2 -> 4,11",15,False,0.7137705100984904,1778742.0,1,False,0.03305647080656704,7.69,28460249.0
"Fixed 1778279, pilot",41,0,91,"D 2,3 -> 10,11",91,True,0.0,1778779.0,1,False,0.24318730437372557,7.66,1778779.0
"Fixed 1778279, pilot",41,1,82,"D 2,3 -> 5,10",79,True,2.220446049250313e-16,1778764.0,1,False,0.16102697871065078,7.74,3557543.0
"Fixed 1778279, pilot",41,2,79,"D 2,3 -> 4,11",79,True,0.0,1778785.0,1,False,0.12998218965087896,7.67,5336328.0
"Fixed 1778279, pilot",41,3,76,"D 2,3 -> 4,5",76,True,0.0,1778780.0,1,False,0.1560411524745777,7.65,7115108.0
"Fixed 1778279, pilot",41,4,22,"D 0,1 -> 5,10",8,False,0.9327348534292613,1778760.0,1,False,0.038065010303649234,7.62,8893868.0
"Fixed 1778279, pilot",41,5,28,"D 0,1 -> 8,9",12,False,0.4861465021026107,1778765.0,1,False,0.03807016558475319,7.63,10672633.0
"Fixed 1778279, pilot",41,6,16,"D 0,1 -> 4,5",12,False,0.13211159149141627,1778768.0,1,False,0.03807045650468681,7.6,12451401.0
"Fixed 1778279, pilot",41,7,8,S 2 -> 4,12,False,4.5311855167429194e-05,1778771.0,1,False,0.03794901383971736,7.65,14230172.0
"Fixed 1778279, pilot",41,8,30,"D 0,1 -> 9,10",15,False,1.0,1778780.0,1,False,0.03300751093630455,7.64,16008952.0
"Fixed 1778279, pilot",41,9,33,"D 0,2 -> 4,8",15,False,1.0,1778784.0,1,False,0.03300751093630455,7.67,17787736.0
"Fixed 1778279, pilot",41,10,68,"D 1,2 -> 9,10",15,False,1.0,1778775.0,1,False,0.03300751093630455,7.7,19566511.0
"Fixed 1778279, pilot",41,11,15,S 3 -> 11,15,True,0.0,1778760.0,1,False,0.03300751093630455,7.67,21345271.0
"Fixed 1778279, pilot",42,0,91,"D 2,3 -> 10,11",91,True,0.0,1778757.0,1,False,0.24318730437372557,7.7,1778757.0
"Fixed 1778279, pilot",42,1,82,"D 2,3 -> 5,10",79,True,2.220446049250313e-16,1778766.0,1,False,0.16102697871065078,7.7,3557523.0
"Fixed 1778279, pilot",42,2,79,"D 2,3 -> 4,11",79,True,0.0,1778757.0,1,False,0.12998218965087896,7.67,5336280.0
"Fixed 1778279, pilot",42,3,76,"D 2,3 -> 4,5",76,True,0.0,1778780.0,1,False,0.1560411524745777,7.61,7115060.0
"Fixed 1778279, pilot",42,4,70,"D 1,3 -> 5,7",8,False,1.0,1778758.0,1,False,0.038065010303649234,7.67,8893818.0
"Fixed 1778279, pilot",42,5,30,"D 0,1 -> 9,10",8,False,1.0,1778795.0,1,False,0.038065010303649234,7.65,10672613.0
"Fixed 1778279, pilot",42,6,67,"D 1,2 -> 8,11",8,False,1.0,1778765.0,1,False,0.038065010303649234,7.68,12451378.0
"Fixed 1778279, pilot",42,7,66,"D 1,2 -> 8,9",8,False,0.6718113927335927,1778768.0,1,False,0.038065010303649234,7.6,14230146.0
"Fixed 1778279, pilot",42,8,62,"D 1,2 -> 6,9",8,False,1.0,1778774.0,1,False,0.03811782566906654,7.68,16008920.0
"Fixed 1778279, pilot",42,9,63,"D 1,2 -> 6,11",8,False,1.0,1778756.0,1,False,0.03811782566906654,7.61,17787676.0
"Fixed 1778279, pilot",42,10,25,"D 0,1 -> 6,11",8,False,1.0,1778763.0,1,False,0.03811782566906654,7.69,19566439.0
"Fixed 1778279, pilot",42,11,45,"D 0,3 -> 6,7",8,False,0.6722572812568588,1778767.0,1,False,0.03811782566906654,7.6,21345206.0
"Fixed 1778279, pilot",42,12,12,S 3 -> 5,8,False,1.1196778726407786e-08,1778751.0,1,False,0.03811293635318468,7.61,23123957.0
"Fixed 1778279, pilot",42,13,32,"D 0,2 -> 4,6",11,False,1.0,1778773.0,1,False,0.03316604804125019,7.7,24902730.0
"Fixed 1778279, pilot",42,14,51,"D 0,3 -> 8,11",11,False,1.0,1778751.0,1,False,0.03316604804125019,7.63,26681481.0
"Fixed 1778279, pilot",42,15,55,"D 1,2 -> 4,7",11,False,1.0,1778747.0,1,False,0.03316604804125019,7.62,28460228.0
"Fixed 1778279, pilot",43,0,91,"D 2,3 -> 10,11",91,True,0.0,1778770.0,1,False,0.24318730437372557,7.72,1778770.0
"Fixed 1778279, pilot",43,1,82,"D 2,3 -> 5,10",79,True,2.220446049250313e-16,1778762.0,1,False,0.16102697871065078,7.78,3557532.0
"Fixed 1778279, pilot",43,2,79,"D 2,3 -> 4,11",79,True,0.0,1778766.0,1,False,0.12998218965087896,7.74,5336298.0
"Fixed 1778279, pilot",43,3,76,"D 2,3 -> 4,5",76,True,0.0,1778758.0,1,False,0.1560411524745777,7.74,7115056.0
"Fixed 1778279, pilot",43,4,36,"D 0,2 -> 6,10",8,False,1.0,1778777.0,1,False,0.038065010303649234,7.6,8893833.0
"Fixed 1778279, pilot",43,5,66,"D 1,2 -> 8,9",8,False,0.6718113927335927,1778764.0,1,False,0.038065010303649234,7.68,10672597.0
"Fixed 1778279, pilot",43,6,4,S 1 -> 5,8,False,0.9771591295993651,1778770.0,1,False,0.03811782566906654,7.65,12451367.0
"Fixed 1778279, pilot",43,7,60,"D 1,2 -> 5,10",8,False,0.8152514808292752,1778767.0,1,False,0.038118119398100406,7.61,14230134.0
"Fixed 1778279, pilot",43,8,19,"D 0,1 -> 4,11",8,False,0.9326405318191144,1778768.0,1,False,0.038127272846316396,7.66,16008902.0
"Fixed 1778279, pilot",43,9,19,"D 0,1 -> 4,11",8,False,0.9999999999294013,1778770.0,1,False,0.038132435416531774,7.63,17787672.0
"Fixed 1778279, pilot",43,10,12,S 3 -> 5,8,False,0.0017338461404626804,1778764.0,1,False,0.03813243978508544,7.63,19566436.0
"Fixed 1778279, pilot",43,11,26,"D 0,1 -> 7,8",11,False,1.0,1778783.0,1,False,0.03311358725799645,7.62,21345219.0
"Fixed 1778279, pilot",43,12,17,"D 0,1 -> 4,7",11,False,1.0,1778755.0,1,False,0.03311358725799645,7.63,23123974.0
"Fixed 1778279, pilot",43,13,28,"D 0,1 -> 8,9",11,False,0.3950745986911375,1778761.0,1,False,0.03311358725799645,7.63,24902735.0
"Fixed 1778279, pilot",43,14,35,"D 0,2 -> 6,8",11,False,1.0,1778761.0,1,False,0.03311238444979594,7.68,26681496.0
"Fixed 1778279, pilot",43,15,51,"D 0,3 -> 8,11",11,False,1.0,1778769.0,1,False,0.03311238444979594,7.63,28460265.0
"Fixed 1778279, pilot",44,0,91,"D 2,3 -> 10,11",91,True,0.0,1778784.0,1,False,0.24318730437372557,7.69,1778784.0
"Fixed 1778279, pilot",44,1,82,"D 2,3 -> 5,10",79,True,2.220446049250313e-16,1778769.0,1,False,0.16102697871065078,7.7,3557553.0
"Fixed 1778279, pilot",44,2,79,"D 2,3 -> 4,11",79,True,0.0,1778742.0,1,False,0.12998218965087896,7.77,5336295.0
"Fixed 1778279, pilot",44,3,76,"D 2,3 -> 4,5",76,True,0.0,1778765.0,1,False,0.1560411524745777,7.66,7115060.0
"Fixed 1778279, pilot",44,4,8,S 2 -> 4,8,True,0.0,1778780.0,1,False,0.038065010303649234,7.69,8893840.0
"Fixed 1778279, pilot",44,5,23,"D 0,1 -> 6,7",15,False,0.40954222856637945,1778772.0,1,False,0.03313194410308523,7.66,10672612.0
"Fixed 1778279, pilot",44,6,66,"D 1,2 -> 8,9",15,False,0.583256730232707,1778774.0,1,False,0.03313195115651835,7.85,12451386.0
"Fixed 1778279, pilot",44,7,5,S 1 -> 7,15,False,1.0,1778767.0,1,False,0.033174010113807884,7.77,14230153.0
"Fixed 1778279, pilot",44,8,50,"D 0,3 -> 8,9",15,False,0.6325816288630002,1778760.0,1,False,0.033174010113807884,7.59,16008913.0
"Fixed 1778279, pilot",44,9,24,"D 0,1 -> 6,9",15,False,1.0,1778765.0,1,False,0.03314760686961904,7.67,17787678.0
"Fixed 1778279, pilot",44,10,67,"D 1,2 -> 8,11",15,False,1.0,1778769.0,1,False,0.03314760688316265,7.61,19566447.0
"Fixed 1778279, pilot",44,11,22,"D 0,1 -> 5,10",15,False,0.9065670798176548,1778780.0,1,False,0.03314760688316265,7.68,21345227.0
"Fixed 1778279, pilot",44,12,69,"D 1,2 -> 10,11",15,False,0.7722349502424809,1778767.0,1,False,0.03314800406667051,7.72,23123994.0
"Fixed 1778279, pilot",44,13,71,"D 1,3 -> 5,9",15,False,1.0,1778760.0,1,False,0.03316614696892045,7.68,24902754.0
"Fixed 1778279, pilot",44,14,16,"D 0,1 -> 4,5",15,False,0.15899336751904258,1778780.0,1,False,0.03316614740308549,7.65,26681534.0
"Fixed 1778279, pilot",44,15,15,S 3 -> 11,15,True,0.0,1778770.0,1,False,0.03304414550629298,7.66,28460304.0
"Fixed 1778279, pilot",45,0,91,"D 2,3 -> 10,11",91,True,0.0,1778770.0,1,False,0.24318730437372557,7.67,1778770.0
"Fixed 1778279, pilot",45,1,79,"D 2,3 -> 4,11",79,True,0.0,1778765.0,1,False,0.16102697871065078,7.67,3557535.0
"Fixed 1778279, pilot",45,2,82,"D 2,3 -> 5,10",82,True,0.0,1778774.0,1,False,0.12998218947189707,7.64,5336309.0
"Fixed 1778279, pilot",45,3,76,"D 2,3 -> 4,5",76,True,0.0,1778762.0,1,False,0.15604115247457773,7.66,7115071.0
"Fixed 1778279, pilot",45,4,30,"D 0,1 -> 9,10",12,False,1.0,1778764.0,1,False,0.038065010303648644,7.78,8893835.0
"Fixed 1778279, pilot",45,5,54,"D 1,2 -> 4,5",12,False,0.9260459687214199,1778766.0,1,False,0.038065010303648644,7.66,10672601.0
"Fixed 1778279, pilot",45,6,66,"D 1,2 -> 8,9",12,False,0.6704715977368094,1778769.0,1,False,0.03806632153814312,7.71,12451370.0
"Fixed 1778279, pilot",45,7,54,"D 1,2 -> 4,5",8,False,0.999999978702714,1778770.0,1,False,0.03811058140110522,7.71,14230140.0
"Fixed 1778279, pilot",45,8,40,"D 0,3 -> 4,9",8,False,1.0,1778775.0,1,False,0.038110582001347294,7.64,16008915.0
"Fixed 1778279, pilot",45,9,16,"D 0,1 -> 4,5",8,False,0.13022679086882794,1778783.0,1,False,0.038110582001347294,7.64,17787698.0
"Fixed 1778279, pilot",45,10,8,S 2 -> 4,8,True,0.0,1778755.0,1,False,0.037992083611353686,7.62,19566453.0
"Fixed 1778279, pilot",45,11,44,"D 0,3 -> 5,10",15,False,0.8237682996142556,1778784.0,1,False,0.03306152906763493,7.6,21345237.0
"Fixed 1778279, pilot",45,12,17,"D 0,1 -> 4,7",15,False,1.0,1778778.0,1,False,0.0330696485761342,7.63,23124015.0
"Fixed 1778279, pilot",45,13,5,S 1 -> 7,15,False,1.0,1778773.0,1,False,0.0330696485761342,7.69,24902788.0
"Fixed 1778279, pilot",45,14,31,"D 0,1 -> 10,11",15,False,0.6774587446079539,1778781.0,1,False,0.0330696485761342,7.72,26681569.0
"Fixed 1778279, pilot",45,15,2,S 0 -> 8,15,False,1.0,1778773.0,1,False,0.03308921782139751,7.61,28460342.0
"Fixed 1778279, pilot",46,0,91,"D 2,3 -> 10,11",91,True,0.0,1778745.0,1,False,0.24318730437372557,7.78,1778745.0
"Fixed 1778279, pilot",46,1,79,"D 2,3 -> 4,11",79,True,0.0,1778758.0,1,False,0.16102697871065078,7.69,3557503.0
"Fixed 1778279, pilot",46,2,82,"D 2,3 -> 5,10",82,True,0.0,1778766.0,1,False,0.12998218947189707,7.66,5336269.0
"Fixed 1778279, pilot",46,3,76,"D 2,3 -> 4,5",76,True,0.0,1778777.0,1,False,0.15604115247457773,7.75,7115046.0
"Fixed 1778279, pilot",46,4,17,"D 0,1 -> 4,7",12,False,1.0,1778761.0,1,False,0.038065010303648644,7.65,8893807.0
"Fixed 1778279, pilot",46,5,23,"D 0,1 -> 6,7",12,False,0.48606308727320313,1778775.0,1,False,0.038065010303648644,7.67,10672582.0
"Fixed 1778279, pilot",46,6,68,"D 1,2 -> 9,10",8,False,1.0,1778757.0,1,False,0.03806532974654662,7.61,12451339.0
"Fixed 1778279, pilot",46,7,34,"D 0,2 -> 4,10",8,False,0.9951197978646418,1778752.0,1,False,0.03806532974654662,7.69,14230091.0
"Fixed 1778279, pilot",46,8,16,"D 0,1 -> 4,5",12,False,0.12901513804062315,1778764.0,1,False,0.03806568294105613,7.69,16008855.0
"Fixed 1778279, pilot",46,9,73,"D 1,3 -> 7,9",12,False,1.0,1778770.0,1,False,0.037946894152055606,7.65,17787625.0
"Fixed 1778279, pilot",46,10,20,"D 0,1 -> 5,6",12,False,1.0,1778771.0,1,False,0.03794689307785083,7.72,19566396.0
"Fixed 1778279, pilot",46,11,30,"D 0,1 -> 9,10",12,False,1.0,1778766.0,1,False,0.037946893057773254,7.69,21345162.0
"Fixed 1778279, pilot",46,12,59,"D 1,2 -> 5,8",12,False,1.0,1778769.0,1,False,0.037946893057773254,7.65,23123931.0
"Fixed 1778279, pilot",46,13,45,"D 0,3 -> 6,7",12,False,0.6641449379383639,1778747.0,1,False,0.037946893057773254,7.69,24902678.0
"Fixed 1778279, pilot",46,14,7,S 1 -> 11,12,False,0.9607710259879978,1778778.0,1,False,0.038002019864634536,7.71,26681456.0
"Fixed 1778279, pilot",46,15,28,"D 0,1 -> 8,9",12,False,0.49261252135911016,1778753.0,1,False,0.03800699155144064,7.64,28460209.0
"Fixed 1778279, pilot",47,0,91,"D 2,3 -> 10,11",91,True,0.0,1778764.0,1,False,0.24318730437372557,7.61,1778764.0
"Fixed 1778279, pilot",47,1,79,"D 2,3 -> 4,11",79,True,0.0,1778765.0,1,False,0.16102697871065078,7.59,3557529.0
"Fixed 1778279, pilot",47,2,82,"D 2,3 -> 5,10",82,True,0.0,1778772.0,1,False,0.12998218947189707,7.66,5336301.0
"Fixed 1778279, pilot",47,3,76,"D 2,3 -> 4,5",76,True,0.0,1778756.0,1,False,0.15604115247457773,7.62,7115057.0
"Fixed 1778279, pilot",47,4,38,"D 0,3 -> 4,5",12,False,0.9260459687307707,1778740.0,1,False,0.038065010303648644,7.62,8893797.0
"Fixed 1778279, pilot",47,5,49,"D 0,3 -> 7,10",8,False,1.0,1778759.0,1,False,0.038066321894880094,7.64,10672556.0
"Fixed 1778279, pilot",47,6,19,"D 0,1 -> 4,11",8,False,0.9325240352103472,1778759.0,1,False,0.038066320649754556,7.63,12451315.0
"Fixed 1778279, pilot",47,7,12,S 3 -> 5,8,False,0.00031191979781186596,1778756.0,1,False,0.03807149351281507,7.63,14230071.0
"Fixed 1778279, pilot",47,8,28,"D 0,1 -> 8,9",11,False,0.40943971724554984,1778769.0,1,False,0.033127082786347364,7.63,16008840.0
"Fixed 1778279, pilot",47,9,56,"D 1,2 -> 4,9",11,False,1.0,1778776.0,1,False,0.03312707105604048,7.71,17787616.0
"Fixed 1778279, pilot",47,10,22,"D 0,1 -> 5,10",11,False,0.8508151522851608,1778772.0,1,False,0.03312707105604048,7.62,19566388.0
"Fixed 1778279, pilot",47,11,67,"D 1,2 -> 8,11",11,False,1.0,1778772.0,1,False,0.03312612811235318,7.59,21345160.0
"Fixed 1778279, pilot",47,12,27,"D 0,1 -> 7,10",11,False,1.0,1778765.0,1,False,0.03312612811235318,7.61,23123925.0
"Fixed 1778279, pilot",47,13,50,"D 0,3 -> 8,9",11,False,0.573857965670737,1778767.0,1,False,0.03312612811235318,7.64,24902692.0
"Fixed 1778279, pilot",47,14,46,"D 0,3 -> 6,9",11,False,1.0,1778774.0,1,False,0.03316927624845934,7.67,26681466.0
"Fixed 1778279, pilot",47,15,52,"D 0,3 -> 9,10",11,False,1.0,1778748.0,1,False,0.03316927625862797,7.64,28460214.0
"Fixed 1778279, pilot",48,0,91,"D 2,3 -> 10,11",91,True,0.0,1778778.0,1,False,0.24318730437372557,7.59,1778778.0
"Fixed 1778279, pilot",48,1,82,"D 2,3 -> 5,10",79,True,2.220446049250313e-16,1778769.0,1,False,0.16102697871065078,7.57,3557547.0
"Fixed 1778279, pilot",48,2,76,"D 2,3 -> 4,5",79,False,0.024066513654290578,1778768.0,1,False,0.12998218965087896,7.6,5336315.0
"Fixed 1778279, pilot",48,3,79,"D 2,3 -> 4,11",79,True,0.0,1778752.0,1,False,0.15572199872464462,7.63,7115067.0
"Fixed 1778279, pilot",48,4,38,"D 0,3 -> 4,5",8,False,0.9260459698844512,1778783.0,1,False,0.03806501943588732,7.58,8893850.0
"Fixed 1778279, pilot",48,5,25,"D 0,1 -> 6,11",8,False,1.0,1778791.0,1,False,0.03806632085158628,7.57,10672641.0
"Fixed 1778279, pilot",48,6,53,"D 0,3 -> 10,11",8,False,0.827958791999304,1778770.0,1,False,0.03806632085158628,7.62,12451411.0
"Fixed 1778279, pilot",48,7,3,S 0 -> 10,12,False,0.9657486179717129,1778779.0,1,False,0.03807680761795533,7.55,14230190.0
"Fixed 1778279, pilot",48,8,62,"D 1,2 -> 6,9",12,False,1.0,1778769.0,1,False,0.038082728884789155,7.67,16008959.0
"Fixed 1778279, pilot",48,9,57,"D 1,2 -> 4,11",12,False,0.8217545812741249,1778771.0,1,False,0.038082728884789155,7.64,17787730.0
"Fixed 1778279, pilot",48,10,56,"D 1,2 -> 4,9",8,False,1.0,1778775.0,1,False,0.03812153336997359,7.64,19566505.0
"Fixed 1778279, pilot",48,11,64,"D 1,2 -> 7,8",8,False,1.0,1778778.0,1,False,0.03812153336997359,7.65,21345283.0
"Fixed 1778279, pilot",48,12,16,"D 0,1 -> 4,5",8,False,0.13070368574566626,1778779.0,1,False,0.03812153336997359,7.72,23124062.0
"Fixed 1778279, pilot",48,13,1,S 0 -> 6,8,False,1.0,1778765.0,1,False,0.03800188699431726,7.64,24902827.0
"Fixed 1778279, pilot",48,14,28,"D 0,1 -> 8,9",8,False,0.4908805088710809,1778773.0,1,False,0.03800188699431726,7.74,26681600.0
"Fixed 1778279, pilot",48,15,30,"D 0,1 -> 9,10",8,False,1.0,1778753.0,1,False,0.03800310031208169,7.67,28460353.0
"Fixed 1778279, pilot",49,0,91,"D 2,3 -> 10,11",91,True,0.0,1778749.0,1,False,0.24318730437372557,7.52,1778749.0
"Fixed 1778279, pilot",49,1,79,"D 2,3 -> 4,11",79,True,0.0,1778765.0,1,False,0.16102697871065078,7.57,3557514.0
"Fixed 1778279, pilot",49,2,76,"D 2,3 -> 4,5",82,False,0.024066516365316204,1778777.0,1,False,0.12998218947189707,7.68,5336291.0
"Fixed 1778279, pilot",49,3,82,"D 2,3 -> 5,10",82,True,0.0,1778767.0,1,False,0.15572199591416286,7.62,7115058.0
"Fixed 1778279, pilot",49,4,8,S 2 -> 4,12,False,5.7668011033129574e-08,1778765.0,1,False,0.038065025112214046,7.6,8893823.0
"Fixed 1778279, pilot",49,5,41,"D 0,3 -> 4,11",15,False,0.7791952086773407,1778770.0,1,False,0.03313194474468539,7.58,10672593.0
"Fixed 1778279, pilot",49,6,28,"D 0,1 -> 8,9",15,False,0.4094175178162094,1778778.0,1,False,0.03313830042249766,7.66,12451371.0
"Fixed 1778279, pilot",49,7,64,"D 1,2 -> 7,8",15,False,1.0,1778780.0,1,False,0.033138312564380434,7.63,14230151.0
"Fixed 1778279, pilot",49,8,61,"D 1,2 -> 6,7",15,False,0.5830733127751953,1778773.0,1,False,0.033138312929944624,7.66,16008924.0
"Fixed 1778279, pilot",49,9,20,"D 0,1 -> 5,6",15,False,1.0,1778762.0,1,False,0.0331804320646189,7.62,17787686.0
"Fixed 1778279, pilot",49,10,68,"D 1,2 -> 9,10",15,False,1.0,1778767.0,1,False,0.0331804320646189,7.63,19566453.0
"Fixed 1778279, pilot",49,11,57,"D 1,2 -> 4,11",15,False,0.708726331055137,1778777.0,1,False,0.0331804320646189,7.59,21345230.0
"Fixed 1778279, pilot",49,12,7,S 1 -> 11,15,False,0.8824151466727413,1778775.0,1,False,0.033235387556690865,7.6,23124005.0
"Fixed 1778279, pilot",49,13,23,"D 0,1 -> 6,7",15,False,0.3951871393547498,1778777.0,1,False,0.03326066439448333,7.63,24902782.0
"Fixed 1778279, pilot",49,14,62,"D 1,2 -> 6,9",15,False,1.0,1778780.0,1,False,0.03326273528006657,7.61,26681562.0
"Fixed 1778279, pilot",49,15,65,"D 1,2 -> 7,10",15,False,1.0,1778768.0,1,False,0.03326273528006657,7.63,28460330.0
"Fixed 1778279, pilot",50,0,91,"D 2,3 -> 10,11",91,True,0.0,1778780.0,1,False,0.24318730437372557,7.62,1778780.0
"Fixed 1778279, pilot",50,1,79,"D 2,3 -> 4,11",79,True,0.0,1778762.0,1,False,0.16102697871065078,7.66,3557542.0
"Fixed 1778279, pilot",50,2,82,"D 2,3 -> 5,10",82,True,0.0,1778764.0,1,False,0.12998218947189707,7.64,5336306.0
"Fixed 1778279, pilot",50,3,76,"D 2,3 -> 4,5",76,True,0.0,1778760.0,1,False,0.15604115247457773,7.66,7115066.0
"Fixed 1778279, pilot",50,4,50,"D 0,3 -> 8,9",12,False,0.671811392733587,1778757.0,1,False,0.038065010303648644,7.69,8893823.0
"Fixed 1778279, pilot",50,5,31,"D 0,1 -> 10,11",12,False,0.6645079598121251,1778778.0,1,False,0.03811782566906623,7.6,10672601.0
"Fixed 1778279, pilot",50,6,23,"D 0,1 -> 6,7",12,False,0.4874740857218176,1778758.0,1,False,0.03811615239527128,7.69,12451359.0
"Fixed 1778279, pilot",50,7,12,S 3 -> 5,12,True,0.0,1778761.0,1,False,0.03811648051551807,7.67,14230120.0
"Fixed 1778279, pilot",50,8,21,"D 0,1 -> 5,8",11,False,1.0,1778756.0,1,False,0.033212528322819165,7.65,16008876.0
"Fixed 1778279, pilot",50,9,18,"D 0,1 -> 4,9",11,False,1.0,1778775.0,1,False,0.033212528322819165,7.61,17787651.0
"Fixed 1778279, pilot",50,10,31,"D 0,1 -> 10,11",11,False,0.9998363924381445,1778770.0,1,False,0.033212528322819165,7.66,19566421.0
"Fixed 1778279, pilot",50,11,27,"D 0,1 -> 7,10",11,False,1.0,1778758.0,1,False,0.03319406745262053,7.59,21345179.0
"Fixed 1778279, pilot",50,12,28,"D 0,1 -> 8,9",11,False,0.3939750685875416,1778760.0,1,False,0.03319406745262053,7.67,23123939.0
"Fixed 1778279, pilot",50,13,11,S 2 -> 10,11,True,0.0,1778775.0,1,False,0.03319668205246561,7.62,24902714.0
"Fixed 1778279, pilot",51,0,91,"D 2,3 -> 10,11",91,True,0.0,1778753.0,1,False,0.24318730437372557,7.56,1778753.0
"Fixed 1778279, pilot",51,1,82,"D 2,3 -> 5,10",79,True,2.220446049250313e-16,1778765.0,1,False,0.16102697871065078,7.54,3557518.0
"Fixed 1778279, pilot",51,2,79,"D 2,3 -> 4,11",79,True,0.0,1778762.0,1,False,0.12998218965087896,7.57,5336280.0
"Fixed 1778279, pilot",51,3,76,"D 2,3 -> 4,5",76,True,0.0,1778760.0,1,False,0.1560411524745777,7.53,7115040.0
"Fixed 1778279, pilot",51,4,23,"D 0,1 -> 6,7",8,False,0.48606308727321224,1778745.0,1,False,0.038065010303649234,7.55,8893785.0
"Fixed 1778279, pilot",51,5,12,S 3 -> 5,12,True,0.0,1778772.0,1,False,0.0380653173349411,7.6,10672557.0
"Fixed 1778279, pilot",51,6,50,"D 0,3 -> 8,9",11,False,0.5832568602539867,1778754.0,1,False,0.03313196223069316,7.64,12451311.0
"Fixed 1778279, pilot",51,7,60,"D 1,2 -> 5,10",11,False,0.778995032220892,1778747.0,1,False,0.03317401988618555,7.66,14230058.0
"Fixed 1778279, pilot",51,8,31,"D 0,1 -> 10,11",11,False,0.6208078340662802,1778778.0,1,False,0.033180409337767613,7.65,16008836.0
"Fixed 1778279, pilot",51,9,28,"D 0,1 -> 8,9",11,False,0.395449373900692,1778769.0,1,False,0.033200792582282326,7.6,17787605.0
"Fixed 1778279, pilot",51,10,55,"D 1,2 -> 4,7",11,False,1.0,1778765.0,1,False,0.0332025243559195,7.58,19566370.0
"Fixed 1778279, pilot",51,11,22,"D 0,1 -> 5,10",11,False,0.8467906961472292,1778766.0,1,False,0.0332025243559195,7.62,21345136.0
"Fixed 1778279, pilot",51,12,37,"D 0,2 -> 8,10",11,False,1.0,1778765.0,1,False,0.03320086317751853,7.62,23123901.0
"Fixed 1778279, pilot",51,13,36,"D 0,2 -> 6,10",11,False,1.0,1778777.0,1,False,0.03320086248967093,7.57,24902678.0
"Fixed 1778279, pilot",51,14,16,"D 0,1 -> 4,5",11,False,0.18883843356602792,1778774.0,1,False,0.03320086248967093,7.63,26681452.0
"Fixed 1778279, pilot",51,15,62,"D 1,2 -> 6,9",11,False,1.0,1778766.0,1,False,0.03307947947927122,7.61,28460218.0
"Fixed 1778279, pilot",52,0,91,"D 2,3 -> 10,11",91,True,0.0,1778761.0,1,False,0.24318730437372557,7.6,1778761.0
"Fixed 1778279, pilot",52,1,82,"D 2,3 -> 5,10",79,True,2.220446049250313e-16,1778759.0,1,False,0.16102697871065078,7.62,3557520.0
"Fixed 1778279, pilot",52,2,76,"D 2,3 -> 4,5",79,False,0.024066513654290578,1778764.0,1,False,0.12998218965087896,7.61,5336284.0
"Fixed 1778279, pilot",52,3,79,"D 2,3 -> 4,11",79,True,0.0,1778773.0,1,False,0.15572199872464462,7.59,7115057.0
"Fixed 1778279, pilot",52,4,40,"D 0,3 -> 4,9",8,False,1.0,1778752.0,1,False,0.03806501943588732,7.68,8893809.0
"Fixed 1778279, pilot",52,5,27,"D 0,1 -> 7,10",8,False,1.0,1778770.0,1,False,0.03806501271233194,7.67,10672579.0
"Fixed 1778279, pilot",52,6,16,"D 0,1 -> 4,5",8,False,0.12598080030055725,1778772.0,1,False,0.03806501124409043,7.59,12451351.0
"Fixed 1778279, pilot",52,7,28,"D 0,1 -> 8,9",8,False,0.49024053362955233,1778772.0,1,False,0.037945509046034734,7.62,14230123.0
"Fixed 1778279, pilot",52,8,18,"D 0,1 -> 4,9",12,False,1.0,1778763.0,1,False,0.037946637177698764,7.6,16008886.0
"Fixed 1778279, pilot",52,9,18,"D 0,1 -> 4,9",12,False,1.0,1778765.0,1,False,0.037946637177698764,7.58,17787651.0
"Fixed 1778279, pilot",52,10,27,"D 0,1 -> 7,10",12,False,1.0,1778764.0,1,False,0.037946637177698764,7.56,19566415.0
"Fixed 1778279, pilot",52,11,49,"D 0,3 -> 7,10",12,False,1.0,1778772.0,1,False,0.037946637177698764,7.56,21345187.0
"Fixed 1778279, pilot",52,12,67,"D 1,2 -> 8,11",12,False,1.0,1778772.0,1,False,0.037946637177698764,7.59,23123959.0
"Fixed 1778279, pilot",52,13,47,"D 0,3 -> 6,11",12,False,1.0,1778766.0,1,False,0.037946637177698764,7.63,24902725.0
"Fixed 1778279, pilot",52,14,50,"D 0,3 -> 8,9",12,False,0.6641415320065291,1778772.0,1,False,0.037946637177698764,7.56,26681497.0
"Fixed 1778279, pilot",52,15,26,"D 0,1 -> 7,8",12,False,1.0,1778769.0,1,False,0.038001758699091476,7.61,28460266.0
"Fixed 1778279, pilot",53,0,91,"D 2,3 -> 10,11",91,True,0.0,1778781.0,1,False,0.24318730437372557,7.58,1778781.0
"Fixed 1778279, pilot",53,1,79,"D 2,3 -> 4,11",79,True,0.0,1778776.0,1,False,0.16102697871065078,7.62,3557557.0
"Fixed 1778279, pilot",53,2,82,"D 2,3 -> 5,10",82,True,0.0,1778770.0,1,False,0.12998218947189707,7.58,5336327.0
"Fixed 1778279, pilot",53,3,76,"D 2,3 -> 4,5",76,True,0.0,1778774.0,1,False,0.15604115247457773,7.62,7115101.0
"Fixed 1778279, pilot",53,4,30,"D 0,1 -> 9,10",12,False,1.0,1778765.0,1,False,0.038065010303648644,7.65,8893866.0
"Fixed 1778279, pilot",53,5,70,"D 1,3 -> 5,7",12,False,1.0,1778775.0,1,False,0.038065010303648644,7.64,10672641.0
"Fixed 1778279, pilot",53,6,59,"D 1,2 -> 5,8",12,False,1.0,1778751.0,1,False,0.038065010303648644,7.61,12451392.0
"Fixed 1778279, pilot",53,7,44,"D 0,3 -> 5,10",12,False,0.8216722211087792,1778762.0,1,False,0.038065010303648644,7.61,14230154.0
"Fixed 1778279, pilot",53,8,4,S 1 -> 5,12,False,0.9798466681041023,1778768.0,1,False,0.03811251908258175,7.62,16008922.0
"Fixed 1778279, pilot",53,9,28,"D 0,1 -> 8,9",12,False,0.4864303354208086,1778768.0,1,False,0.03811037549042827,7.64,17787690.0
"Fixed 1778279, pilot",53,10,3,S 0 -> 10,12,False,0.9518550918948928,1778773.0,1,False,0.03811064156746882,7.64,19566463.0
"Fixed 1778279, pilot",53,11,0,S 0 -> 4,12,False,0.9728347508127054,1778758.0,1,False,0.03811990240309982,7.69,21345221.0
"Fixed 1778279, pilot",53,12,16,"D 0,1 -> 4,5",12,False,0.1275943647504434,1778761.0,1,False,0.038120902735332585,7.63,23123982.0
"Fixed 1778279, pilot",53,13,49,"D 0,3 -> 7,10",12,False,1.0,1778776.0,1,False,0.037999187899456825,7.64,24902758.0
"Fixed 1778279, pilot",53,14,66,"D 1,2 -> 8,9",12,False,0.6640837098298764,1778758.0,1,False,0.037999187899456825,7.74,26681516.0
"Fixed 1778279, pilot",53,15,45,"D 0,3 -> 6,7",12,False,0.6698282999337859,1778767.0,1,False,0.037993649872079614,7.59,28460283.0
"Fixed 1778279, pilot",54,0,91,"D 2,3 -> 10,11",91,True,0.0,1778767.0,1,False,0.24318730437372557,7.67,1778767.0
"Fixed 1778279, pilot",54,1,79,"D 2,3 -> 4,11",79,True,0.0,1778773.0,1,False,0.16102697871065078,7.63,3557540.0
"Fixed 1778279, pilot",54,2,76,"D 2,3 -> 4,5",82,False,0.024066516365316204,1778756.0,1,False,0.12998218947189707,7.7,5336296.0
"Fixed 1778279, pilot",54,3,82,"D 2,3 -> 5,10",82,True,0.0,1778755.0,1,False,0.15572199591416286,7.69,7115051.0
"Fixed 1778279, pilot",54,4,50,"D 0,3 -> 8,9",12,False,0.6718115192894138,1778766.0,1,False,0.038065025112214046,7.65,8893817.0
"Fixed 1778279, pilot",54,5,39,"D 0,3 -> 4,7",12,False,1.0,1778768.0,1,False,0.03811782587959038,7.68,10672585.0
"Fixed 1778279, pilot",54,6,73,"D 1,3 -> 7,9",12,False,1.0,1778759.0,1,False,0.03811782587959038,7.61,12451344.0
"Fixed 1778279, pilot",54,7,16,"D 0,1 -> 4,5",12,False,0.12717748286036135,1778771.0,1,False,0.03811782587959038,7.68,14230115.0
"Fixed 1778279, pilot",54,8,23,"D 0,1 -> 6,7",12,False,0.49095380388362775,1778758.0,1,False,0.03799832719096196,7.61,16008873.0
"Fixed 1778279, pilot",54,9,0,S 0 -> 4,12,False,0.9534672803773165,1778770.0,1,False,0.03799945639712825,7.65,17787643.0
"Fixed 1778279, pilot",54,10,7,S 1 -> 11,12,False,0.9607524418428132,1778758.0,1,False,0.037999362914578685,7.64,19566401.0
"Fixed 1778279, pilot",54,11,47,"D 0,3 -> 6,11",12,False,1.0,1778767.0,1,False,0.038004343665916596,7.67,21345168.0
"Fixed 1778279, pilot",54,12,58,"D 1,2 -> 5,6",12,False,1.0,1778775.0,1,False,0.038004343665916596,7.63,23123943.0
"Fixed 1778279, pilot",54,13,3,S 0 -> 10,12,False,0.9557356998921965,1778748.0,1,False,0.038004343665916596,7.74,24902691.0
"Fixed 1778279, pilot",54,14,12,S 3 -> 5,12,True,0.0,1778768.0,1,False,0.0380123268348135,7.66,26681459.0
"Fixed 1778279, pilot",54,15,74,"D 1,3 -> 7,11",11,False,1.0,1778761.0,1,False,0.03312751685304546,7.69,28460220.0
"Fixed 1778279, pilot",55,0,91,"D 2,3 -> 10,11",91,True,0.0,1778762.0,1,False,0.24318730437372557,7.56,1778762.0
"Fixed 1778279, pilot",55,1,82,"D 2,3 -> 5,10",79,True,2.220446049250313e-16,1778792.0,1,False,0.16102697871065078,7.6,3557554.0
"Fixed 1778279, pilot",55,2,79,"D 2,3 -> 4,11",79,True,0.0,1778764.0,1,False,0.12998218965087896,7.64,5336318.0
"Fixed 1778279, pilot",55,3,76,"D 2,3 -> 4,5",76,True,0.0,1778771.0,1,False,0.1560411524745777,7.65,7115089.0
"Fixed 1778279, pilot",55,4,42,"D 0,3 -> 5,6",8,False,1.0,1778766.0,1,False,0.038065010303649234,7.65,8893855.0
"Fixed 1778279, pilot",55,5,21,"D 0,1 -> 5,8",8,False,1.0,1778781.0,1,False,0.038065010303649234,7.63,10672636.0
"Fixed 1778279, pilot",55,6,23,"D 0,1 -> 6,7",8,False,0.48606308727321224,1778766.0,1,False,0.038065010303649234,7.55,12451402.0
"Fixed 1778279, pilot",55,7,21,"D 0,1 -> 5,8",12,False,1.0,1778761.0,1,False,0.0380653173349411,7.62,14230163.0
"Fixed 1778279, pilot",55,8,48,"D 0,3 -> 7,8",12,False,1.0,1778783.0,1,False,0.03806532674220862,7.64,16008946.0
"Fixed 1778279, pilot",55,9,4,S 1 -> 5,12,False,0.9795448979116659,1778776.0,1,False,0.03806532694396022,7.63,17787722.0
"Fixed 1778279, pilot",55,10,28,"D 0,1 -> 8,9",8,False,0.4875628491121796,1778769.0,1,False,0.038065521220500505,7.65,19566491.0
"Fixed 1778279, pilot",55,11,19,"D 0,1 -> 4,11",8,False,0.9326552845891876,1778766.0,1,False,0.03806583475418522,7.72,21345257.0
"Fixed 1778279, pilot",55,12,46,"D 0,3 -> 6,9",8,False,1.0,1778769.0,1,False,0.038070969512209646,7.66,23124026.0
"Fixed 1778279, pilot",55,13,12,S 3 -> 5,8,False,0.00016305066806721058,1778748.0,1,False,0.038070969512209646,7.67,24902774.0
"Fixed 1778279, pilot",55,14,39,"D 0,3 -> 4,7",11,False,1.0,1778780.0,1,False,0.03313561249934698,7.61,26681554.0
"Fixed 1778279, pilot",55,15,16,"D 0,1 -> 4,5",11,False,0.16187382996588673,1778764.0,1,False,0.03313561249934698,7.62,28460318.0
"Fixed 1778279, pilot",56,0,91,"D 2,3 -> 10,11",91,True,0.0,1778754.0,1,False,0.24318730437372557,7.57,1778754.0
"Fixed 1778279, pilot",56,1,79,"D 2,3 -> 4,11",79,True,0.0,1778775.0,1,False,0.16102697871065078,7.57,3557529.0
"Fixed 1778279, pilot",56,2,76,"D 2,3 -> 4,5",82,False,0.024066516365316204,1778763.0,1,False,0.12998218947189707,7.75,5336292.0
"Fixed 1778279, pilot",56,3,82,"D 2,3 -> 5,10",82,True,0.0,1778762.0,1,False,0.15572199591416286,7.63,7115054.0
"Fixed 1778279, pilot",56,4,5,S 1 -> 7,12,False,1.0,1778766.0,1,False,0.038065025112214046,7.55,8893820.0
"Fixed 1778279, pilot",56,5,19,"D 0,1 -> 4,11",12,False,0.9327348863166989,1778752.0,1,False,0.038065025112214046,7.53,10672572.0
"Fixed 1778279, pilot",56,6,45,"D 0,3 -> 6,7",8,False,0.671858174779649,1778752.0,1,False,0.038070166012342706,7.62,12451324.0
"Fixed 1778279, pilot",56,7,16,"D 0,1 -> 4,5",12,False,0.1302068423366366,1778769.0,1,False,0.03811926208839733,7.61,14230093.0
"Fixed 1778279, pilot",56,8,56,"D 1,2 -> 4,9",12,False,1.0,1778762.0,1,False,0.03799903119950658,7.58,16008855.0
"Fixed 1778279, pilot",56,9,12,S 3 -> 5,12,True,0.0,1778764.0,1,False,0.03799903119950658,7.62,17787619.0
"Fixed 1778279, pilot",56,10,11,S 2 -> 10,11,True,0.0,1778777.0,1,False,0.03306693184878437,7.61,19566396.0
"Fixed 1778279, pilot",57,0,91,"D 2,3 -> 10,11",91,True,0.0,1778751.0,1,False,0.24318730437372557,7.61,1778751.0
"Fixed 1778279, pilot",57,1,82,"D 2,3 -> 5,10",79,True,2.220446049250313e-16,1778776.0,1,False,0.16102697871065078,7.61,3557527.0
"Fixed 1778279, pilot",57,2,79,"D 2,3 -> 4,11",79,True,0.0,1778766.0,1,False,0.12998218965087896,7.58,5336293.0
"Fixed 1778279, pilot",57,3,76,"D 2,3 -> 4,5",76,True,0.0,1778769.0,1,False,0.1560411524745777,7.65,7115062.0
"Fixed 1778279, pilot",57,4,16,"D 0,1 -> 4,5",8,False,0.12598077480875025,1778768.0,1,False,0.038065010303649234,7.65,8893830.0
"Fixed 1778279, pilot",57,5,7,S 1 -> 11,8,False,0.9610645197942572,1778781.0,1,False,0.03794550734818707,7.72,10672611.0
"Fixed 1778279, pilot",57,6,58,"D 1,2 -> 5,6",8,False,1.0,1778760.0,1,False,0.03795239897734278,7.67,12451371.0
"Fixed 1778279, pilot",57,7,28,"D 0,1 -> 8,9",8,False,0.4902824657319601,1778769.0,1,False,0.03795239897734278,7.59,14230140.0
"Fixed 1778279, pilot",57,8,23,"D 0,1 -> 6,7",8,False,0.4918553555570935,1778764.0,1,False,0.037953569968129916,7.65,16008904.0
"Fixed 1778279, pilot",57,9,30,"D 0,1 -> 9,10",8,False,1.0,1778779.0,1,False,0.03795473488886614,7.68,17787683.0
"Fixed 1778279, pilot",57,10,8,S 2 -> 4,8,True,0.0,1778771.0,1,False,0.03795473488886614,7.65,19566454.0
"Fixed 1778279, pilot",57,11,54,"D 1,2 -> 4,5",15,False,0.9488119113436994,1778769.0,1,False,0.03304699692708818,7.65,21345223.0
"Fixed 1778279, pilot",57,12,15,S 3 -> 11,15,True,0.0,1778778.0,1,False,0.033043453871879236,7.64,23124001.0
"Fixed 1778279, pilot",58,0,91,"D 2,3 -> 10,11",91,True,0.0,1778765.0,1,False,0.24318730437372557,7.62,1778765.0
"Fixed 1778279, pilot",58,1,82,"D 2,3 -> 5,10",79,True,2.220446049250313e-16,1778756.0,1,False,0.16102697871065078,7.63,3557521.0
"Fixed 1778279, pilot",58,2,79,"D 2,3 -> 4,11",79,True,0.0,1778768.0,1,False,0.12998218965087896,7.71,5336289.0
"Fixed 1778279, pilot",58,3,76,"D 2,3 -> 4,5",76,True,0.0,1778763.0,1,False,0.1560411524745777,7.74,7115052.0
"Fixed 1778279, pilot",58,4,56,"D 1,2 -> 4,9",8,False,1.0,1778768.0,1,False,0.038065010303649234,7.65,8893820.0
"Fixed 1778279, pilot",58,5,23,"D 0,1 -> 6,7",8,False,0.48606308727321224,1778758.0,1,False,0.038065010303649234,7.65,10672578.0
"Fixed 1778279, pilot",58,6,8,S 2 -> 4,12,False,2.0709421511000414e-08,1778766.0,1,False,0.0380653173349411,7.65,12451344.0
"Fixed 1778279, pilot",58,7,61,"D 1,2 -> 6,7",15,False,0.5746959882283749,1778769.0,1,False,0.03313195058095042,7.63,14230113.0
"Fixed 1778279, pilot",58,8,16,"D 0,1 -> 4,5",15,False,0.15503677388744996,1778756.0,1,False,0.03317586016777818,7.59,16008869.0
"Fixed 1778279, pilot",58,9,53,"D 0,3 -> 10,11",15,False,0.7972379148436166,1778761.0,1,False,0.03305327882984277,7.66,17787630.0
"Fixed 1778279, pilot",58,10,32,"D 0,2 -> 4,6",15,False,1.0,1778770.0,1,False,0.033057136342757254,7.64,19566400.0
"Fixed 1778279, pilot",58,11,7,S 1 -> 11,15,False,0.8643938703356424,1778760.0,1,False,0.033057136342757254,7.79,21345160.0
"Fixed 1778279, pilot",58,12,66,"D 1,2 -> 8,9",15,False,0.5852958032919262,1778772.0,1,False,0.03309751800454652,7.82,23123932.0
"Fixed 1778279, pilot",58,13,34,"D 0,2 -> 4,10",15,False,0.9322234651337471,1778758.0,1,False,0.03314002030621527,7.89,24902690.0
"Fixed 1778279, pilot",58,14,21,"D 0,1 -> 5,8",15,False,1.0,1778765.0,1,False,0.03314754835658995,7.6,26681455.0
"Fixed 1778279, pilot",58,15,69,"D 1,2 -> 10,11",15,False,0.7822872492967754,1778774.0,1,False,0.0331475485738531,7.58,28460229.0
"Fixed 1778279, pilot",59,0,91,"D 2,3 -> 10,11",91,True,0.0,1778757.0,1,False,0.24318730437372557,7.66,1778757.0
"Fixed 1778279, pilot",59,1,82,"D 2,3 -> 5,10",79,True,2.220446049250313e-16,1778757.0,1,False,0.16102697871065078,7.66,3557514.0
"Fixed 1778279, pilot",59,2,76,"D 2,3 -> 4,5",79,False,0.024066513654290578,1778769.0,1,False,0.12998218965087896,7.62,5336283.0
"Fixed 1778279, pilot",59,3,79,"D 2,3 -> 4,11",79,True,0.0,1778768.0,1,False,0.15572199872464462,7.7,7115051.0
"Fixed 1778279, pilot",59,4,12,S 3 -> 5,8,False,3.4282463423629395e-08,1778766.0,1,False,0.03806501943588732,7.65,8893817.0
"Fixed 1778279, pilot",59,5,16,"D 0,1 -> 4,5",11,False,0.15073336952172234,1778765.0,1,False,0.03313194474467534,7.69,10672582.0
"Fixed 1778279, pilot",59,6,48,"D 0,3 -> 7,8",11,False,1.0,1778770.0,1,False,0.03300845870732064,7.69,12451352.0
"Fixed 1778279, pilot",59,7,27,"D 0,1 -> 7,10",11,False,1.0,1778768.0,1,False,0.03300845870732064,7.7,14230120.0
"Fixed 1778279, pilot",59,8,45,"D 0,3 -> 6,7",11,False,0.5817336992093176,1778771.0,1,False,0.03300845870732064,7.65,16008891.0
"Fixed 1778279, pilot",59,9,11,S 2 -> 10,11,True,0.0,1778765.0,1,False,0.033050566129673324,7.73,17787656.0
