method,trajectory,iteration,selected,selected_label,exact_best_arm,exact_best,shortfall,shots,rounds,stopped_rho,max_abs_gradient,seconds,cumulative_shots
"Fixed 100000, designed",0,0,20,"D 0,1 -> 10,11",101,False,0.794495272331715,101210.0,1,False,0.3049100626130834,9.31,101210.0
"Fixed 100000, designed",0,1,0,S 0 -> 10,101,False,0.9988447126248534,101210.0,1,False,0.30491006261308334,8.95,202420.0
"Fixed 100000, designed",0,2,41,"D 0,9 -> 10,13",101,False,1.0,101210.0,1,False,0.30491006261308334,8.94,303630.0
"Fixed 100000, designed",0,3,45,"D 1,2 -> 10,13",101,False,1.0,101210.0,1,False,0.30491006261308334,9.1,404840.0
"Fixed 100000, designed",0,4,48,"D 1,3 -> 11,13",101,False,1.0,101210.0,1,False,0.30491006261308334,9.14,506050.0
"Fixed 100000, designed",0,5,73,"D 2,6 -> 10,12",101,False,1.0,101210.0,1,False,0.30491006261308334,9.15,607260.0
"Fixed 100000, designed",0,6,51,"D 1,4 -> 11,12",101,False,0.9542210945143292,101210.0,1,False,0.30491006261308334,9.15,708470.0
"Fixed 100000, designed",0,7,24,"D 0,2 -> 10,12",101,False,1.0,101210.0,1,False,0.30489921028878747,9.13,809680.0
"Fixed 100000, designed",0,8,44,"D 1,2 -> 10,11",101,False,0.9536452690716201,101210.0,1,False,0.3048992096634313,9.17,910890.0
"Fixed 100000, designed",0,9,58,"D 1,7 -> 11,13",101,False,1.0,101210.0,1,False,0.3048992041228214,9.13,1012100.0
"Fixed 100000, designed",0,10,67,"D 2,3 -> 12,13",101,False,0.5940297010981809,101210.0,1,False,0.3048992041744612,9.16,1113310.0
"Fixed 100000, designed",0,11,33,"D 0,5 -> 12,13",101,False,1.0,101205.0,1,False,0.29880536201230645,9.15,1214515.0
"Fixed 100000, designed",0,12,49,"D 1,4 -> 10,11",101,False,1.0,101205.0,1,False,0.29880536201230645,9.01,1315720.0
"Fixed 100000, designed",0,13,20,"D 0,1 -> 10,11",101,False,0.9999999866161148,101205.0,1,False,0.29880536201230645,9.04,1416925.0
"Fixed 100000, designed",0,14,20,"D 0,1 -> 10,11",101,False,0.9999999999999973,101205.0,1,False,0.2988053620123063,9.05,1518130.0
"Fixed 100000, designed",0,15,56,"D 1,6 -> 11,12",101,False,1.0,101205.0,1,False,0.2988053620123059,8.96,1619335.0
"Fixed 100000, designed",0,16,44,"D 1,2 -> 10,11",101,False,0.9999982366335569,101205.0,1,False,0.2988053620123059,9.35,1720540.0
"Fixed 100000, designed",0,17,1,S 0 -> 12,101,False,1.0,101205.0,1,False,0.2988053620118972,8.99,1821745.0
"Fixed 100000, designed",0,18,78,"D 2,8 -> 10,12",101,False,1.0,101205.0,1,False,0.2988053620118972,8.95,1922950.0
"Fixed 100000, designed",0,19,3,S 1 -> 13,101,False,1.0,101205.0,1,False,0.2988053620118972,8.9,2024155.0
"Fixed 100000, designed",0,20,39,"D 0,8 -> 10,12",101,False,1.0,101205.0,1,False,0.2988053620118972,9.24,2125360.0
"Fixed 100000, designed",0,21,53,"D 1,5 -> 11,13",101,False,0.9275758710055608,101205.0,1,False,0.2988053620118972,9.16,2226565.0
"Fixed 100000, designed",0,22,55,"D 1,6 -> 10,13",101,False,1.0,101205.0,1,False,0.29877082194407567,9.11,2327770.0
"Fixed 100000, designed",0,23,1,S 0 -> 12,101,False,1.0,101205.0,1,False,0.2987708220481142,9.14,2428975.0
"Fixed 100000, designed",0,24,34,"D 0,6 -> 10,12",101,False,1.0,101205.0,1,False,0.2987708220481142,9.13,2530180.0
"Fixed 100000, designed",0,25,3,S 1 -> 13,101,False,1.0,101205.0,1,False,0.2987708220481142,9.16,2631385.0
"Fixed 100000, designed",0,26,56,"D 1,6 -> 11,12",101,False,1.0,101205.0,1,False,0.2987708220481142,8.98,2732590.0
"Fixed 100000, designed",1,0,62,"D 1,8 -> 12,13",101,False,1.0,101210.0,1,False,0.3049100626130834,9.34,101210.0
"Fixed 100000, designed",1,1,34,"D 0,6 -> 10,12",101,False,1.0,101210.0,1,False,0.3049100626130834,9.22,202420.0
"Fixed 100000, designed",1,2,30,"D 0,5 -> 10,11",101,False,1.0,101210.0,1,False,0.3049100626130834,9.19,303630.0
"Fixed 100000, designed",1,3,56,"D 1,6 -> 11,12",101,False,1.0,101210.0,1,False,0.3049100626130834,9.21,404840.0
"Fixed 100000, designed",1,4,20,"D 0,1 -> 10,11",101,False,0.794495272331715,101210.0,1,False,0.3049100626130834,9.25,506050.0
"Fixed 100000, designed",1,5,57,"D 1,6 -> 12,13",101,False,0.9133797768331704,101210.0,1,False,0.30491006261308334,9.22,607260.0
"Fixed 100000, designed",1,6,2,S 1 -> 11,101,False,0.9986051178372736,101210.0,1,False,0.3049055997930461,9.18,708470.0
"Fixed 100000, designed",1,7,24,"D 0,2 -> 10,12",101,False,1.0,101210.0,1,False,0.30490559919811766,9.27,809680.0
"Fixed 100000, designed",1,8,41,"D 0,9 -> 10,13",101,False,1.0,101210.0,1,False,0.30490559919811766,9.67,910890.0
"Fixed 100000, designed",1,9,93,"D 3,8 -> 10,11",101,False,1.0,101210.0,1,False,0.30490559919811766,9.39,1012100.0
"Fixed 100000, designed",1,10,53,"D 1,5 -> 11,13",101,False,0.9286247506421431,101210.0,1,False,0.30490559919811766,9.34,1113310.0
"Fixed 100000, designed",1,11,47,"D 1,2 -> 12,13",101,False,0.8805212408546841,101210.0,1,False,0.30489821931428807,9.26,1214520.0
"Fixed 100000, designed",1,12,58,"D 1,7 -> 11,13",101,False,1.0,101210.0,1,False,0.3048682516512711,9.16,1315730.0
"Fixed 100000, designed",1,13,23,"D 0,1 -> 12,13",101,False,0.8573873681067127,101210.0,1,False,0.3048682516512711,9.16,1416940.0
"Fixed 100000, designed",1,14,43,"D 0,9 -> 12,13",101,False,1.0,101210.0,1,False,0.3048569971522894,9.2,1518150.0
"Fixed 100000, designed",1,15,48,"D 1,3 -> 11,13",101,False,1.0,101210.0,1,False,0.30485699721619897,9.2,1619360.0
"Fixed 100000, designed",1,16,23,"D 0,1 -> 12,13",101,False,0.9999999573787743,101210.0,1,False,0.3048569972390928,9.21,1720570.0
"Fixed 100000, designed",1,17,3,S 1 -> 13,101,False,1.0,101210.0,1,False,0.30485699724115767,9.12,1821780.0
"Fixed 100000, designed",1,18,97,"D 3,9 -> 11,13",101,False,1.0,101210.0,1,False,0.30485699724115767,9.38,1922990.0
"Fixed 100000, designed",1,19,33,"D 0,5 -> 12,13",101,False,1.0,101210.0,1,False,0.30485699724115767,9.26,2024200.0
"Fixed 100000, designed",1,20,48,"D 1,3 -> 11,13",101,False,1.0,101210.0,1,False,0.30485699724115767,9.4,2125410.0
"Fixed 100000, designed",1,21,35,"D 0,7 -> 10,11",101,False,0.9975559615060045,101210.0,1,False,0.30485699724115767,9.54,2226620.0
"Fixed 100000, designed",1,22,27,"D 0,3 -> 11,12",101,False,1.0,101210.0,1,False,0.3048569972450119,9.21,2327830.0
"Fixed 100000, designed",1,23,81,"D 2,9 -> 11,12",101,False,1.0,101210.0,1,False,0.3048569972450119,9.17,2429040.0
"Fixed 100000, designed",1,24,31,"D 0,5 -> 10,13",101,False,0.9543534984017273,101210.0,1,False,0.3048569972450119,9.23,2530250.0
"Fixed 100000, designed",1,25,5,S 2 -> 12,101,False,1.0,101210.0,1,False,0.30484618725208207,9.18,2631460.0
"Fixed 100000, designed",1,26,34,"D 0,6 -> 10,12",101,False,1.0,101210.0,1,False,0.30484618725208207,9.24,2732670.0
"Fixed 100000, designed",2,0,52,"D 1,4 -> 12,13",101,False,1.0,101210.0,1,False,0.3049100626130834,9.99,101210.0
"Fixed 100000, designed",2,1,26,"D 0,3 -> 10,13",101,False,1.0,101210.0,1,False,0.3049100626130834,9.67,202420.0
"Fixed 100000, designed",2,2,39,"D 0,8 -> 10,12",101,False,1.0,101210.0,1,False,0.3049100626130834,9.46,303630.0
"Fixed 100000, designed",2,3,41,"D 0,9 -> 10,13",101,False,1.0,101210.0,1,False,0.3049100626130834,9.22,404840.0
"Fixed 100000, designed",2,4,41,"D 0,9 -> 10,13",101,False,1.0,101210.0,1,False,0.3049100626130834,9.23,506050.0
"Fixed 100000, designed",2,5,54,"D 1,6 -> 10,11",101,False,0.9982148097401137,101210.0,1,False,0.3049100626130834,9.29,607260.0
"Fixed 100000, designed",2,6,34,"D 0,6 -> 10,12",101,False,1.0,101210.0,1,False,0.30491006261308345,9.24,708470.0
"Fixed 100000, designed",2,7,50,"D 1,4 -> 10,13",101,False,0.9746526797140301,101210.0,1,False,0.30491006261308345,9.88,809680.0
"Fixed 100000, designed",2,8,58,"D 1,7 -> 11,13",101,False,1.0,101210.0,1,False,0.3049134744121818,9.86,910890.0
"Fixed 100000, designed",2,9,23,"D 0,1 -> 12,13",101,False,0.8596046068991275,101210.0,1,False,0.3049134744121818,9.81,1012100.0
"Fixed 100000, designed",2,10,61,"D 1,8 -> 11,12",101,False,1.0,101210.0,1,False,0.304902681886142,9.72,1113310.0
"Fixed 100000, designed",2,11,61,"D 1,8 -> 11,12",101,False,1.0,101210.0,1,False,0.304902681886142,9.93,1214520.0
"Fixed 100000, designed",2,12,2,S 1 -> 11,101,False,0.999974814140509,101210.0,1,False,0.304902681886142,9.9,1315730.0
"Fixed 100000, designed",2,13,3,S 1 -> 13,101,False,1.0,101210.0,1,False,0.3049026819041174,9.77,1416940.0
"Fixed 100000, designed",2,14,28,"D 0,3 -> 12,13",101,False,0.8787006072609813,101210.0,1,False,0.3049026819041174,9.61,1518150.0
"Fixed 100000, designed",2,15,48,"D 1,3 -> 11,13",101,False,1.0,101210.0,1,False,0.3048720289387408,9.71,1619360.0
"Fixed 100000, designed",2,16,31,"D 0,5 -> 10,13",101,False,0.9547072254545044,101210.0,1,False,0.30487202913256617,9.52,1720570.0
"Fixed 100000, designed",2,17,34,"D 0,6 -> 10,12",101,False,1.0,101210.0,1,False,0.3048613494776819,9.52,1821780.0
"Fixed 100000, designed",2,18,50,"D 1,4 -> 10,13",101,False,0.9999999986390057,101210.0,1,False,0.3048613488756747,9.23,1922990.0
"Fixed 100000, designed",2,19,32,"D 0,5 -> 11,12",101,False,0.974024126362621,101210.0,1,False,0.3048613488756747,9.26,2024200.0
"Fixed 100000, designed",2,20,30,"D 0,5 -> 10,11",101,False,1.0,101210.0,1,False,0.3048647900296221,9.22,2125410.0
"Fixed 100000, designed",2,21,51,"D 1,4 -> 11,12",101,False,0.9540170914728043,101210.0,1,False,0.3048647900296221,9.11,2226620.0
"Fixed 100000, designed",2,22,63,"D 1,9 -> 11,13",101,False,1.0,101210.0,1,False,0.304853922734236,9.14,2327830.0
"Fixed 100000, designed",2,23,21,"D 0,1 -> 10,13",101,False,1.0,101210.0,1,False,0.304853922053178,9.16,2429040.0
"Fixed 100000, designed",2,24,2,S 1 -> 11,101,False,0.9999999303890766,101210.0,1,False,0.304853922053178,9.22,2530250.0
"Fixed 100000, designed",2,25,52,"D 1,4 -> 12,13",101,False,1.0,101210.0,1,False,0.304853922053178,9.17,2631460.0
"Fixed 100000, designed",2,26,12,S 6 -> 10,101,False,0.9999965361777421,101210.0,1,False,0.304853922053178,9.0,2732670.0
"Fixed 100000, designed",3,0,43,"D 0,9 -> 12,13",101,False,1.0,101210.0,1,False,0.3049100626130834,9.67,101210.0
"Fixed 100000, designed",3,1,27,"D 0,3 -> 11,12",101,False,1.0,101210.0,1,False,0.3049100626130834,9.47,202420.0
"Fixed 100000, designed",3,2,34,"D 0,6 -> 10,12",101,False,1.0,101210.0,1,False,0.3049100626130834,9.29,303630.0
"Fixed 100000, designed",3,3,28,"D 0,3 -> 12,13",101,False,0.8799172494907926,101210.0,1,False,0.3049100626130834,9.45,404840.0
"Fixed 100000, designed",3,4,23,"D 0,1 -> 12,13",101,False,0.8574969544053765,101210.0,1,False,0.3048798858437959,9.28,506050.0
"Fixed 100000, designed",3,5,32,"D 0,5 -> 11,12",101,False,0.9742740863875907,101210.0,1,False,0.3048686155904888,9.22,607260.0
"Fixed 100000, designed",3,6,51,"D 1,4 -> 11,12",101,False,0.9541558305389957,101210.0,1,False,0.30487205743621104,9.24,708470.0
"Fixed 100000, designed",3,7,30,"D 0,5 -> 10,11",101,False,1.0,101210.0,1,False,0.30486119244247506,9.17,809680.0
"Fixed 100000, designed",3,8,46,"D 1,2 -> 11,12",101,False,1.0,101210.0,1,False,0.3048611918869375,9.19,910890.0
"Fixed 100000, designed",3,9,59,"D 1,8 -> 10,11",101,False,1.0,101210.0,1,False,0.3048611918869375,9.14,1012100.0
"Fixed 100000, designed",3,10,23,"D 0,1 -> 12,13",101,False,0.9999999752651434,101210.0,1,False,0.3048611918869375,9.11,1113310.0
"Fixed 100000, designed",3,11,92,"D 3,7 -> 11,13",101,False,1.0,101210.0,1,False,0.30486119188576416,9.09,1214520.0
"Fixed 100000, designed",3,12,24,"D 0,2 -> 10,12",101,False,1.0,101210.0,1,False,0.30486119188403243,9.05,1315730.0
"Fixed 100000, designed",3,13,25,"D 0,3 -> 10,11",101,False,0.9559660359827892,101210.0,1,False,0.3048611918839046,9.07,1416940.0
"Fixed 100000, designed",3,14,41,"D 0,9 -> 10,13",101,False,1.0,101210.0,1,False,0.3048613199740981,9.09,1518150.0
"Fixed 100000, designed",3,15,25,"D 0,3 -> 10,11",101,False,0.9999999999973087,101210.0,1,False,0.3048613199744984,9.07,1619360.0
"Fixed 100000, designed",3,16,66,"D 2,3 -> 11,12",101,False,1.0,101210.0,1,False,0.3048613199744984,9.57,1720570.0
"Fixed 100000, designed",3,17,20,"D 0,1 -> 10,11",101,False,0.7940549145007356,101210.0,1,False,0.3048613199744984,9.47,1821780.0
"Fixed 100000, designed",3,18,38,"D 0,7 -> 12,13",101,False,0.913500738666276,101210.0,1,False,0.3048614467742028,9.14,1922990.0
"Fixed 100000, designed",3,19,59,"D 1,8 -> 10,11",101,False,1.0,101210.0,1,False,0.30485706030583193,9.02,2024200.0
"Fixed 100000, designed",3,20,57,"D 1,6 -> 12,13",101,False,0.9129738102806961,101210.0,1,False,0.3048570591397668,9.39,2125410.0
"Fixed 100000, designed",3,21,63,"D 1,9 -> 11,13",101,False,1.0,101210.0,1,False,0.3048525039782417,9.24,2226620.0
"Fixed 100000, designed",3,22,54,"D 1,6 -> 10,11",101,False,0.9981481400280526,101210.0,1,False,0.304852504717273,9.2,2327830.0
"Fixed 100000, designed",3,23,21,"D 0,1 -> 10,13",101,False,1.0,101210.0,1,False,0.3048525078482078,9.22,2429040.0
"Fixed 100000, designed",3,24,46,"D 1,2 -> 11,12",101,False,1.0,101210.0,1,False,0.3048525078482078,9.3,2530250.0
"Fixed 100000, designed",3,25,48,"D 1,3 -> 11,13",101,False,1.0,101210.0,1,False,0.3048525078482078,9.36,2631460.0
"Fixed 100000, designed",3,26,3,S 1 -> 13,101,False,1.0,101210.0,1,False,0.3048525078482078,9.36,2732670.0
"Fixed 100000, designed",4,0,33,"D 0,5 -> 12,13",101,False,1.0,101210.0,1,False,0.3049100626130834,9.72,101210.0
"Fixed 100000, designed",4,1,52,"D 1,4 -> 12,13",101,False,1.0,101210.0,1,False,0.3049100626130834,9.38,202420.0
"Fixed 100000, designed",4,2,21,"D 0,1 -> 10,13",101,False,1.0,101210.0,1,False,0.3049100626130834,9.22,303630.0
"Fixed 100000, designed",4,3,1,S 0 -> 12,101,False,1.0,101210.0,1,False,0.3049100626130834,9.34,404840.0
"Fixed 100000, designed",4,4,45,"D 1,2 -> 10,13",101,False,1.0,101210.0,1,False,0.3049100626130834,9.33,506050.0
"Fixed 100000, designed",4,5,49,"D 1,4 -> 10,11",101,False,1.0,101210.0,1,False,0.3049100626130834,9.32,607260.0
"Fixed 100000, designed",4,6,27,"D 0,3 -> 11,12",101,False,1.0,101210.0,1,False,0.3049100626130834,9.29,708470.0
"Fixed 100000, designed",4,7,60,"D 1,8 -> 10,13",101,False,1.0,101210.0,1,False,0.3049100626130834,9.37,809680.0
"Fixed 100000, designed",4,8,59,"D 1,8 -> 10,11",101,False,1.0,101210.0,1,False,0.3049100626130834,9.34,910890.0
"Fixed 100000, designed",4,9,20,"D 0,1 -> 10,11",101,False,0.794495272331715,101210.0,1,False,0.3049100626130834,9.27,1012100.0
"Fixed 100000, designed",4,10,21,"D 0,1 -> 10,13",101,False,1.0,101210.0,1,False,0.30491006261308334,9.2,1113310.0
"Fixed 100000, designed",4,11,39,"D 0,8 -> 10,12",101,False,1.0,101210.0,1,False,0.30491006261308334,9.19,1214520.0
"Fixed 100000, designed",4,12,33,"D 0,5 -> 12,13",101,False,1.0,101210.0,1,False,0.30491006261308334,9.05,1315730.0
"Fixed 100000, designed",4,13,38,"D 0,7 -> 12,13",101,False,0.9133797768331704,101210.0,1,False,0.30491006261308334,9.06,1416940.0
"Fixed 100000, designed",4,14,76,"D 2,7 -> 11,12",101,False,1.0,101210.0,1,False,0.3049055997930461,9.07,1518150.0
"Fixed 100000, designed",4,15,50,"D 1,4 -> 10,13",101,False,0.97460510982034,101210.0,1,False,0.3049055997930461,9.09,1619360.0
"Fixed 100000, designed",4,16,52,"D 1,4 -> 12,13",101,False,1.0,101210.0,1,False,0.30490901914311047,9.12,1720570.0
"Fixed 100000, designed",4,17,44,"D 1,2 -> 10,11",101,False,0.9534761348538106,101210.0,1,False,0.30490901914311047,9.38,1821780.0
"Fixed 100000, designed",4,18,45,"D 1,2 -> 10,13",101,False,1.0,101210.0,1,False,0.3049090520095274,8.98,1922990.0
"Fixed 100000, designed",4,19,123,"D 6,7 -> 10,13",101,False,1.0,101210.0,1,False,0.3049090520095274,8.97,2024200.0
"Fixed 100000, designed",4,20,61,"D 1,8 -> 11,12",101,False,1.0,101210.0,1,False,0.3049090520095274,9.25,2125410.0
"Fixed 100000, designed",4,21,21,"D 0,1 -> 10,13",101,False,1.0,101210.0,1,False,0.3049090520095274,9.24,2226620.0
"Fixed 100000, designed",4,22,32,"D 0,5 -> 11,12",101,False,0.9746182672863846,101210.0,1,False,0.3049090520095274,9.1,2327830.0
"Fixed 100000, designed",4,23,0,S 0 -> 10,101,False,0.998775271102524,101210.0,1,False,0.30491246978610526,9.12,2429040.0
"Fixed 100000, designed",4,24,44,"D 1,2 -> 10,11",101,False,0.9999999802102969,101210.0,1,False,0.30491246833364105,9.29,2530250.0
"Fixed 100000, designed",4,25,57,"D 1,6 -> 12,13",101,False,0.9134993911048205,101210.0,1,False,0.30491246833364105,9.33,2631460.0
"Fixed 100000, designed",4,26,59,"D 1,8 -> 10,11",101,False,1.0,101210.0,1,False,0.3049080155893544,9.31,2732670.0
"Fixed 100000, designed",5,0,0,S 0 -> 10,101,False,0.9999999999997566,101210.0,1,False,0.3049100626130834,9.3,101210.0
"Fixed 100000, designed",5,1,44,"D 1,2 -> 10,11",101,False,0.9554503630012599,101210.0,1,False,0.3049100626130834,9.09,202420.0
"Fixed 100000, designed",5,2,31,"D 0,5 -> 10,13",101,False,0.9541463640295526,101210.0,1,False,0.3049100626130833,9.19,303630.0
"Fixed 100000, designed",5,3,31,"D 0,5 -> 10,13",101,False,0.9999972926565478,101210.0,1,False,0.3048991856658475,9.09,404840.0
"Fixed 100000, designed",5,4,65,"D 2,3 -> 10,13",101,False,1.0,101210.0,1,False,0.3048991849904651,9.16,506050.0
"Fixed 100000, designed",5,5,63,"D 1,9 -> 11,13",101,False,1.0,101210.0,1,False,0.3048991850461499,9.11,607260.0
"Fixed 100000, designed",5,6,26,"D 0,3 -> 10,13",101,False,1.0,101210.0,1,False,0.3048991850215359,9.22,708470.0
"Fixed 100000, designed",5,7,44,"D 1,2 -> 10,11",101,False,0.9999999769994568,101210.0,1,False,0.3048991850215359,9.19,809680.0
"Fixed 100000, designed",5,8,73,"D 2,6 -> 10,12",101,False,1.0,101210.0,1,False,0.30489918502156416,9.18,910890.0
"Fixed 100000, designed",5,9,52,"D 1,4 -> 12,13",101,False,1.0,101210.0,1,False,0.30489918502156416,9.15,1012100.0
"Fixed 100000, designed",5,10,81,"D 2,9 -> 11,12",101,False,1.0,101210.0,1,False,0.30489918502156416,9.17,1113310.0
"Fixed 100000, designed",5,11,34,"D 0,6 -> 10,12",101,False,1.0,101210.0,1,False,0.30489918502156416,9.13,1214520.0
"Fixed 100000, designed",5,12,38,"D 0,7 -> 12,13",101,False,0.9132703623891588,101210.0,1,False,0.30489918502156416,9.15,1315730.0
"Fixed 100000, designed",5,13,40,"D 0,9 -> 10,11",101,False,1.0,101210.0,1,False,0.304894668122709,9.13,1416940.0
"Fixed 100000, designed",5,14,58,"D 1,7 -> 11,13",101,False,1.0,101210.0,1,False,0.304894668122709,9.11,1518150.0
"Fixed 100000, designed",5,15,24,"D 0,2 -> 10,12",101,False,1.0,101210.0,1,False,0.304894668122709,9.16,1619360.0
"Fixed 100000, designed",5,16,59,"D 1,8 -> 10,11",101,False,1.0,101210.0,1,False,0.304894668122709,9.13,1720570.0
"Fixed 100000, designed",5,17,23,"D 0,1 -> 12,13",101,False,0.8589509000663609,101210.0,1,False,0.304894668122709,9.4,1821780.0
"Fixed 100000, designed",5,18,58,"D 1,7 -> 11,13",101,False,1.0,101210.0,1,False,0.304883802035171,9.0,1922990.0
"Fixed 100000, designed",5,19,49,"D 1,4 -> 10,11",101,False,1.0,101210.0,1,False,0.304883802035171,8.94,2024200.0
"Fixed 100000, designed",5,20,30,"D 0,5 -> 10,11",101,False,1.0,101210.0,1,False,0.304883802035171,9.27,2125410.0
"Fixed 100000, designed",5,21,63,"D 1,9 -> 11,13",101,False,1.0,101210.0,1,False,0.304883802035171,9.12,2226620.0
"Fixed 100000, designed",5,22,31,"D 0,5 -> 10,13",101,False,0.9999999999994091,101210.0,1,False,0.304883802035171,9.08,2327830.0
"Fixed 100000, designed",5,23,49,"D 1,4 -> 10,11",101,False,1.0,101210.0,1,False,0.304883802035171,9.41,2429040.0
"Fixed 100000, designed",5,24,34,"D 0,6 -> 10,12",101,False,1.0,101210.0,1,False,0.304883802035171,9.12,2530250.0
"Fixed 100000, designed",5,25,80,"D 2,9 -> 10,13",101,False,1.0,101210.0,1,False,0.304883802035171,9.18,2631460.0
"Fixed 100000, designed",5,26,58,"D 1,7 -> 11,13",101,False,1.0,101210.0,1,False,0.304883802035171,9.14,2732670.0
"Fixed 100000, designed",6,0,60,"D 1,8 -> 10,13",101,False,1.0,101210.0,1,False,0.3049100626130834,9.93,101210.0
"Fixed 100000, designed",6,1,46,"D 1,2 -> 11,12",101,False,1.0,101210.0,1,False,0.3049100626130834,9.7,202420.0
"Fixed 100000, designed",6,2,38,"D 0,7 -> 12,13",101,False,0.9133797326915997,101210.0,1,False,0.3049100626130834,9.5,303630.0
"Fixed 100000, designed",6,3,30,"D 0,5 -> 10,11",101,False,1.0,101210.0,1,False,0.30490559978582554,9.31,404840.0
"Fixed 100000, designed",6,4,27,"D 0,3 -> 11,12",101,False,1.0,101210.0,1,False,0.30490559978582554,9.3,506050.0
"Fixed 100000, designed",6,5,26,"D 0,3 -> 10,13",101,False,1.0,101210.0,1,False,0.30490559978582554,9.39,607260.0
"Fixed 100000, designed",6,6,60,"D 1,8 -> 10,13",101,False,1.0,101210.0,1,False,0.30490559978582554,9.29,708470.0
"Fixed 100000, designed",6,7,32,"D 0,5 -> 11,12",101,False,0.9746614356654023,101210.0,1,False,0.30490559978582554,9.74,809680.0
"Fixed 100000, designed",6,8,95,"D 3,8 -> 11,12",101,False,1.0,101210.0,1,False,0.3049090107339603,9.74,910890.0
"Fixed 100000, designed",6,9,0,S 0 -> 10,101,False,0.9998389987015803,101210.0,1,False,0.30490901075547927,9.64,1012100.0
"Fixed 100000, designed",6,10,26,"D 0,3 -> 10,13",101,False,1.0,101210.0,1,False,0.3049090105849047,9.49,1113310.0
"Fixed 100000, designed",6,11,49,"D 1,4 -> 10,11",101,False,1.0,101210.0,1,False,0.3049090105849047,9.35,1214520.0
"Fixed 100000, designed",6,12,33,"D 0,5 -> 12,13",101,False,1.0,101210.0,1,False,0.3049090105849047,9.3,1315730.0
"Fixed 100000, designed",6,13,36,"D 0,7 -> 10,13",101,False,1.0,101210.0,1,False,0.3049090105849047,9.34,1416940.0
"Fixed 100000, designed",6,14,21,"D 0,1 -> 10,13",101,False,1.0,101210.0,1,False,0.3049090105849047,9.33,1518150.0
"Fixed 100000, designed",6,15,50,"D 1,4 -> 10,13",101,False,0.9746486591054018,101210.0,1,False,0.3049090105849047,9.34,1619360.0
"Fixed 100000, designed",6,16,123,"D 6,7 -> 10,13",101,False,1.0,101210.0,1,False,0.3049124231150472,9.37,1720570.0
"Fixed 100000, designed",6,17,52,"D 1,4 -> 12,13",101,False,1.0,101210.0,1,False,0.3049124231150472,9.3,1821780.0
"Fixed 100000, designed",6,18,45,"D 1,2 -> 10,13",101,False,1.0,101210.0,1,False,0.3049124231150472,9.27,1922990.0
"Fixed 100000, designed",6,19,30,"D 0,5 -> 10,11",101,False,1.0,101210.0,1,False,0.3049124231150472,9.08,2024200.0
"Fixed 100000, designed",6,20,90,"D 3,6 -> 11,12",101,False,1.0,101210.0,1,False,0.3049124231150472,9.28,2125410.0
"Fixed 100000, designed",6,21,0,S 0 -> 10,101,False,0.9999999999965778,101210.0,1,False,0.3049124231150472,9.28,2226620.0
"Fixed 100000, designed",6,22,56,"D 1,6 -> 11,12",101,False,1.0,101210.0,1,False,0.3049124231150472,9.21,2327830.0
"Fixed 100000, designed",6,23,44,"D 1,2 -> 10,11",101,False,0.9553307950723694,101210.0,1,False,0.3049124231150472,9.31,2429040.0
"Fixed 100000, designed",6,24,40,"D 0,9 -> 10,11",101,False,1.0,101210.0,1,False,0.30491245472319245,9.32,2530250.0
"Fixed 100000, designed",6,25,45,"D 1,2 -> 10,13",101,False,1.0,101210.0,1,False,0.3049124547220264,9.26,2631460.0
"Fixed 100000, designed",6,26,29,"D 0,4 -> 10,12",101,False,0.9287224075964973,101210.0,1,False,0.3049124547220264,9.21,2732670.0
"Fixed 100000, designed",7,0,25,"D 0,3 -> 10,11",101,False,0.9554503630012599,101210.0,1,False,0.3049100626130834,9.91,101210.0
"Fixed 100000, designed",7,1,21,"D 0,1 -> 10,13",101,False,1.0,101210.0,1,False,0.30491006261308345,9.71,202420.0
"Fixed 100000, designed",7,2,3,S 1 -> 13,101,False,1.0,101210.0,1,False,0.30491006261308345,9.66,303630.0
"Fixed 100000, designed",7,3,41,"D 0,9 -> 10,13",101,False,1.0,101210.0,1,False,0.30491006261308345,9.72,404840.0
"Fixed 100000, designed",7,4,58,"D 1,7 -> 11,13",101,False,1.0,101210.0,1,False,0.30491006261308345,9.58,506050.0
"Fixed 100000, designed",7,5,56,"D 1,6 -> 11,12",101,False,1.0,101210.0,1,False,0.30491006261308345,9.59,607260.0
"Fixed 100000, designed",7,6,22,"D 0,1 -> 11,12",101,False,1.0,101210.0,1,False,0.30491006261308345,9.46,708470.0
"Fixed 100000, designed",7,7,32,"D 0,5 -> 11,12",101,False,0.9744453543296575,101210.0,1,False,0.30491006261308345,9.46,809680.0
"Fixed 100000, designed",7,8,41,"D 0,9 -> 10,13",101,False,1.0,101210.0,1,False,0.3049135066652787,9.49,910890.0
"Fixed 100000, designed",7,9,60,"D 1,8 -> 10,13",101,False,1.0,101210.0,1,False,0.3049135066652787,9.48,1012100.0
"Fixed 100000, designed",7,10,31,"D 0,5 -> 10,13",101,False,0.9540492947457402,101210.0,1,False,0.3049135066652787,9.63,1113310.0
"Fixed 100000, designed",7,11,34,"D 0,6 -> 10,12",101,False,1.0,101210.0,1,False,0.30490262743033375,9.39,1214520.0
"Fixed 100000, designed",7,12,44,"D 1,2 -> 10,11",101,False,0.955569336098818,101210.0,1,False,0.3049026269402654,9.43,1315730.0
"Fixed 100000, designed",7,13,52,"D 1,4 -> 12,13",101,False,1.0,101210.0,1,False,0.3049026268645358,9.51,1416940.0
"Fixed 100000, designed",7,14,104,"D 4,7 -> 10,13",101,False,0.708657779610155,101210.0,1,False,0.30490262680692604,9.39,1518150.0
"Fixed 100000, designed",7,15,32,"D 0,5 -> 11,12",101,False,0.9999997921385462,101204.0,1,False,0.3076386486642433,9.18,1619354.0
"Fixed 100000, designed",7,16,113,"D 5,6 -> 10,13",101,False,0.5008542600443515,101204.0,1,False,0.3076386488885177,9.03,1720558.0
"Fixed 100000, designed",7,17,33,"D 0,5 -> 12,13",101,False,1.0,101204.0,1,False,0.30345093419162217,9.0,1821762.0
"Fixed 100000, designed",7,18,29,"D 0,4 -> 10,12",101,False,0.9263059151983268,101204.0,1,False,0.30345093419162217,8.96,1922966.0
"Fixed 100000, designed",7,19,25,"D 0,3 -> 10,11",101,False,0.9999993438654169,101204.0,1,False,0.3034438553139128,8.93,2024170.0
"Fixed 100000, designed",7,20,27,"D 0,3 -> 11,12",101,False,1.0,101204.0,1,False,0.3034438548371028,9.14,2125374.0
"Fixed 100000, designed",7,21,55,"D 1,6 -> 10,13",101,False,1.0,101204.0,1,False,0.3034438548371028,9.15,2226578.0
"Fixed 100000, designed",7,22,123,"D 6,7 -> 10,13",101,False,1.0,101204.0,1,False,0.3034438548371028,9.16,2327782.0
"Fixed 100000, designed",7,23,63,"D 1,9 -> 11,13",101,False,1.0,101204.0,1,False,0.3034438548371028,9.18,2428986.0
"Fixed 100000, designed",7,24,47,"D 1,2 -> 12,13",101,False,0.8800129395461253,101204.0,1,False,0.3034438548371028,9.22,2530190.0
"Fixed 100000, designed",7,25,54,"D 1,6 -> 10,11",101,False,0.9957976401872243,101204.0,1,False,0.3034139103538252,9.8,2631394.0
"Fixed 100000, designed",7,26,36,"D 0,7 -> 10,13",101,False,1.0,101204.0,1,False,0.30341387945100223,9.5,2732598.0
"Fixed 100000, designed",8,0,49,"D 1,4 -> 10,11",101,False,1.0,101210.0,1,False,0.3049100626130834,9.67,101210.0
"Fixed 100000, designed",8,1,49,"D 1,4 -> 10,11",101,False,1.0,101210.0,1,False,0.3049100626130834,9.37,202420.0
"Fixed 100000, designed",8,2,66,"D 2,3 -> 11,12",101,False,1.0,101210.0,1,False,0.3049100626130834,9.25,303630.0
"Fixed 100000, designed",8,3,80,"D 2,9 -> 10,13",101,False,1.0,101210.0,1,False,0.3049100626130834,9.34,404840.0
"Fixed 100000, designed",8,4,45,"D 1,2 -> 10,13",101,False,1.0,101210.0,1,False,0.3049100626130834,9.36,506050.0
"Fixed 100000, designed",8,5,34,"D 0,6 -> 10,12",101,False,1.0,101210.0,1,False,0.3049100626130834,9.4,607260.0
"Fixed 100000, designed",8,6,66,"D 2,3 -> 11,12",101,False,1.0,101210.0,1,False,0.3049100626130834,9.32,708470.0
"Fixed 100000, designed",8,7,29,"D 0,4 -> 10,12",101,False,0.9287937803225222,101210.0,1,False,0.3049100626130834,9.9,809680.0
"Fixed 100000, designed",8,8,29,"D 0,4 -> 10,12",101,False,0.999999999998125,101210.0,1,False,0.3049027073654668,9.89,910890.0
"Fixed 100000, designed",8,9,28,"D 0,3 -> 12,13",101,False,0.8800349838008187,101210.0,1,False,0.3049027073654668,9.85,1012100.0
"Fixed 100000, designed",8,10,30,"D 0,5 -> 10,11",101,False,1.0,101210.0,1,False,0.30487258145680324,9.75,1113310.0
"Fixed 100000, designed",8,11,3,S 1 -> 13,101,False,1.0,101210.0,1,False,0.30487258145680324,9.84,1214520.0
"Fixed 100000, designed",8,12,37,"D 0,7 -> 11,12",101,False,1.0,101210.0,1,False,0.30487258145680324,9.95,1315730.0
"Fixed 100000, designed",8,13,1,S 0 -> 12,101,False,1.0,101210.0,1,False,0.30487258145680324,9.84,1416940.0
"Fixed 100000, designed",8,14,47,"D 1,2 -> 12,13",101,False,0.8802239813034047,101210.0,1,False,0.30487258145680324,9.36,1518150.0
"Fixed 100000, designed",8,15,53,"D 1,5 -> 11,13",101,False,0.9289730879459456,101210.0,1,False,0.30484256712312513,9.35,1619360.0
"Fixed 100000, designed",8,16,52,"D 1,4 -> 12,13",101,False,1.0,101210.0,1,False,0.3048352631619401,9.36,1720570.0
"Fixed 100000, designed",8,17,49,"D 1,4 -> 10,11",101,False,1.0,101210.0,1,False,0.3048352626119832,9.51,1821780.0
"Fixed 100000, designed",8,18,59,"D 1,8 -> 10,11",101,False,1.0,101210.0,1,False,0.3048352626119832,9.11,1922990.0
"Fixed 100000, designed",8,19,3,S 1 -> 13,101,False,1.0,101210.0,1,False,0.3048352626119832,8.95,2024200.0
"Fixed 100000, designed",8,20,46,"D 1,2 -> 11,12",101,False,1.0,101210.0,1,False,0.3048352626119832,9.16,2125410.0
"Fixed 100000, designed",8,21,23,"D 0,1 -> 12,13",101,False,0.8554188930757045,101210.0,1,False,0.3048352626119832,9.23,2226620.0
"Fixed 100000, designed",8,22,3,S 1 -> 13,101,False,1.0,101210.0,1,False,0.30482351531140184,9.26,2327830.0
"Fixed 100000, designed",8,23,73,"D 2,6 -> 10,12",101,False,1.0,101210.0,1,False,0.30482351531140184,9.2,2429040.0
"Fixed 100000, designed",8,24,50,"D 1,4 -> 10,13",101,False,0.9745854891862537,101210.0,1,False,0.30482351531140184,9.1,2530250.0
"Fixed 100000, designed",8,25,52,"D 1,4 -> 12,13",101,False,1.0,101210.0,1,False,0.3048269268133768,9.16,2631460.0
"Fixed 100000, designed",8,26,74,"D 2,7 -> 10,11",101,False,0.5999470440079966,101210.0,1,False,0.3048269270165423,9.12,2732670.0
"Fixed 100000, designed",9,0,67,"D 2,3 -> 12,13",101,False,0.5940440418193312,101210.0,1,False,0.3049100626130834,9.61,101210.0
"Fixed 100000, designed",9,1,41,"D 0,9 -> 10,13",101,False,1.0,101205.0,1,False,0.2988162043421579,9.33,202415.0
"Fixed 100000, designed",9,2,27,"D 0,3 -> 11,12",101,False,1.0,101205.0,1,False,0.2988162043421579,9.1,303620.0
"Fixed 100000, designed",9,3,44,"D 1,2 -> 10,11",101,False,0.954561221179889,101205.0,1,False,0.2988162043421579,9.13,404825.0
"Fixed 100000, designed",9,4,33,"D 0,5 -> 12,13",101,False,1.0,101205.0,1,False,0.29881621428678523,9.1,506030.0
"Fixed 100000, designed",9,5,3,S 1 -> 13,101,False,1.0,101205.0,1,False,0.29881621357979965,9.07,607235.0
"Fixed 100000, designed",9,6,42,"D 0,9 -> 11,12",101,False,1.0,101205.0,1,False,0.29881621167508393,9.04,708440.0
"Fixed 100000, designed",9,7,32,"D 0,5 -> 11,12",101,False,0.9741426422993122,101205.0,1,False,0.298816211160282,9.0,809645.0
"Fixed 100000, designed",9,8,23,"D 0,1 -> 12,13",101,False,0.8648381551282531,101205.0,1,False,0.2988196222409565,8.96,910850.0
"Fixed 100000, designed",9,9,58,"D 1,7 -> 11,13",101,False,1.0,101205.0,1,False,0.29881215357102753,8.98,1012055.0
"Fixed 100000, designed",9,10,43,"D 0,9 -> 12,13",101,False,1.0,101205.0,1,False,0.29881215359933927,8.96,1113260.0
"Fixed 100000, designed",9,11,57,"D 1,6 -> 12,13",101,False,0.9098783296840296,101205.0,1,False,0.29881215359933927,8.95,1214465.0
"Fixed 100000, designed",9,12,55,"D 1,6 -> 10,13",101,False,1.0,101205.0,1,False,0.2988069865178979,8.99,1315670.0
"Fixed 100000, designed",9,13,0,S 0 -> 10,101,False,0.9999611952377356,101205.0,1,False,0.2988069865178979,8.97,1416875.0
"Fixed 100000, designed",9,14,31,"D 0,5 -> 10,13",101,False,0.9531143253284652,101205.0,1,False,0.298806986581226,8.94,1518080.0
"Fixed 100000, designed",9,15,41,"D 0,9 -> 10,13",101,False,1.0,101205.0,1,False,0.29879612804817424,8.96,1619285.0
"Fixed 100000, designed",9,16,39,"D 0,8 -> 10,12",101,False,1.0,101205.0,1,False,0.29879612804817424,8.98,1720490.0
"Fixed 100000, designed",9,17,54,"D 1,6 -> 10,11",101,False,0.9990543991661535,101205.0,1,False,0.29879612804817424,8.96,1821695.0
"Fixed 100000, designed",9,18,37,"D 0,7 -> 11,12",101,False,1.0,101205.0,1,False,0.29879612830393076,8.99,1922900.0
"Fixed 100000, designed",9,19,48,"D 1,3 -> 11,13",101,False,1.0,101205.0,1,False,0.29879612830393076,9.01,2024105.0
"Fixed 100000, designed",9,20,50,"D 1,4 -> 10,13",101,False,0.9739087589515119,101205.0,1,False,0.29879612830393076,9.29,2125310.0
"Fixed 100000, designed",9,21,3,S 1 -> 13,101,False,1.0,101205.0,1,False,0.29879957076539515,9.21,2226515.0
"Fixed 100000, designed",9,22,28,"D 0,3 -> 12,13",101,False,0.8799152741332641,101205.0,1,False,0.2987995708162274,9.08,2327720.0
"Fixed 100000, designed",9,23,30,"D 0,5 -> 10,11",101,False,1.0,101205.0,1,False,0.29877210554450184,9.13,2428925.0
"Fixed 100000, designed",9,24,29,"D 0,4 -> 10,12",101,False,0.9280179144373774,101205.0,1,False,0.29877210554450184,9.1,2530130.0
"Fixed 100000, designed",9,25,20,"D 0,1 -> 10,11",101,False,0.7898038585936092,101205.0,1,False,0.2987649342777436,9.24,2631335.0
"Fixed 100000, designed",9,26,21,"D 0,1 -> 10,13",101,False,1.0,101205.0,1,False,0.2987650485315079,9.11,2732540.0
"Fixed 100000, designed",10,0,35,"D 0,7 -> 10,11",101,False,0.9982148097401137,101210.0,1,False,0.3049100626130834,9.78,101210.0
"Fixed 100000, designed",10,1,32,"D 0,5 -> 11,12",101,False,0.9746526797140301,101210.0,1,False,0.30491006261308345,9.49,202420.0
"Fixed 100000, designed",10,2,56,"D 1,6 -> 11,12",101,False,1.0,101210.0,1,False,0.3049134744121818,9.58,303630.0
"Fixed 100000, designed",10,3,39,"D 0,8 -> 10,12",101,False,1.0,101210.0,1,False,0.3049134744121818,9.4,404840.0
"Fixed 100000, designed",10,4,36,"D 0,7 -> 10,13",101,False,1.0,101210.0,1,False,0.3049134744121818,9.33,506050.0
"Fixed 100000, designed",10,5,46,"D 1,2 -> 11,12",101,False,1.0,101210.0,1,False,0.3049134744121818,9.38,607260.0
"Fixed 100000, designed",10,6,43,"D 0,9 -> 12,13",101,False,1.0,101210.0,1,False,0.3049134744121818,9.38,708470.0
"Fixed 100000, designed",10,7,58,"D 1,7 -> 11,13",101,False,1.0,101210.0,1,False,0.3049134744121818,9.42,809680.0
"Fixed 100000, designed",10,8,36,"D 0,7 -> 10,13",101,False,1.0,101210.0,1,False,0.3049134744121818,9.4,910890.0
"Fixed 100000, designed",10,9,63,"D 1,9 -> 11,13",101,False,1.0,101210.0,1,False,0.3049134744121818,9.33,1012100.0
"Fixed 100000, designed",10,10,24,"D 0,2 -> 10,12",101,False,1.0,101210.0,1,False,0.3049134744121818,9.32,1113310.0
"Fixed 100000, designed",10,11,37,"D 0,7 -> 11,12",101,False,1.0,101210.0,1,False,0.3049134744121818,9.4,1214520.0
"Fixed 100000, designed",10,12,46,"D 1,2 -> 11,12",101,False,1.0,101210.0,1,False,0.3049134744121818,9.16,1315730.0
"Fixed 100000, designed",10,13,66,"D 2,3 -> 11,12",101,False,1.0,101210.0,1,False,0.3049134744121818,9.11,1416940.0
"Fixed 100000, designed",10,14,59,"D 1,8 -> 10,11",101,False,1.0,101210.0,1,False,0.3049134744121818,9.16,1518150.0
"Fixed 100000, designed",10,15,29,"D 0,4 -> 10,12",101,False,0.9288874389480555,101210.0,1,False,0.3049134744121818,9.06,1619360.0
"Fixed 100000, designed",10,16,25,"D 0,3 -> 10,11",101,False,0.9550820949969927,101210.0,1,False,0.30490609672913005,9.01,1720570.0
"Fixed 100000, designed",10,17,80,"D 2,9 -> 10,13",101,False,1.0,101210.0,1,False,0.3049060979902772,9.01,1821780.0
"Fixed 100000, designed",10,18,48,"D 1,3 -> 11,13",101,False,1.0,101210.0,1,False,0.3049060979795876,8.92,1922990.0
"Fixed 100000, designed",10,19,61,"D 1,8 -> 11,12",101,False,1.0,101210.0,1,False,0.3049060979795876,8.89,2024200.0
"Fixed 100000, designed",10,20,2,S 1 -> 11,101,False,0.9999064987383035,101210.0,1,False,0.3049060979795876,9.15,2125410.0
"Fixed 100000, designed",10,21,55,"D 1,6 -> 10,13",101,False,1.0,101210.0,1,False,0.30490609798965046,9.16,2226620.0
"Fixed 100000, designed",10,22,31,"D 0,5 -> 10,13",101,False,0.9545720570590166,101210.0,1,False,0.30490609799020524,9.13,2327830.0
"Fixed 100000, designed",10,23,59,"D 1,8 -> 10,11",101,False,1.0,101210.0,1,False,0.3048953777529772,9.13,2429040.0
"Fixed 100000, designed",10,24,38,"D 0,7 -> 12,13",101,False,0.9131306374703053,101210.0,1,False,0.30489537724972654,9.09,2530250.0
"Fixed 100000, designed",10,25,41,"D 0,9 -> 10,13",101,False,1.0,101210.0,1,False,0.30489083331476036,9.16,2631460.0
"Fixed 100000, designed",10,26,25,"D 0,3 -> 10,11",101,False,0.9999999497124127,101210.0,1,False,0.3048908336119381,9.0,2732670.0
"Fixed 100000, designed",11,0,31,"D 0,5 -> 10,13",101,False,0.954145166695978,101210.0,1,False,0.3049100626130834,9.79,101210.0
"Fixed 100000, designed",11,1,0,S 0 -> 10,101,False,0.9992882108853506,101210.0,1,False,0.30489918825701445,9.33,202420.0
"Fixed 100000, designed",11,2,20,"D 0,1 -> 10,11",101,False,0.7945147823829579,101210.0,1,False,0.304899184635014,9.25,303630.0
"Fixed 100000, designed",11,3,25,"D 0,3 -> 10,11",101,False,0.9536628219022975,101210.0,1,False,0.30489920017309413,9.12,404840.0
"Fixed 100000, designed",11,4,25,"D 0,3 -> 10,11",101,False,0.9999976340334626,101210.0,1,False,0.30489919698167905,9.06,506050.0
"Fixed 100000, designed",11,5,62,"D 1,8 -> 12,13",101,False,1.0,101210.0,1,False,0.30489919697413836,9.02,607260.0
"Fixed 100000, designed",11,6,34,"D 0,6 -> 10,12",101,False,1.0,101210.0,1,False,0.30489919697413836,9.08,708470.0
"Fixed 100000, designed",11,7,45,"D 1,2 -> 10,13",101,False,1.0,101210.0,1,False,0.30489919697413836,9.28,809680.0
"Fixed 100000, designed",11,8,81,"D 2,9 -> 11,12",101,False,1.0,101210.0,1,False,0.30489919697413836,9.27,910890.0
"Fixed 100000, designed",11,9,38,"D 0,7 -> 12,13",101,False,0.9132684289134274,101210.0,1,False,0.30489919697413836,9.16,1012100.0
"Fixed 100000, designed",11,10,41,"D 0,9 -> 10,13",101,False,1.0,101210.0,1,False,0.3048946796936695,9.15,1113310.0
"Fixed 100000, designed",11,11,60,"D 1,8 -> 10,13",101,False,1.0,101210.0,1,False,0.3048946796936695,9.07,1214520.0
"Fixed 100000, designed",11,12,50,"D 1,4 -> 10,13",101,False,0.9745811227405287,101210.0,1,False,0.3048946796936695,9.1,1315730.0
"Fixed 100000, designed",11,13,54,"D 1,6 -> 10,11",101,False,0.997658695029603,101210.0,1,False,0.30489809890548,9.06,1416940.0
"Fixed 100000, designed",11,14,29,"D 0,4 -> 10,12",101,False,0.9288168019107922,101210.0,1,False,0.30489809797950146,9.1,1518150.0
"Fixed 100000, designed",11,15,53,"D 1,5 -> 11,13",101,False,0.9289851960191547,101210.0,1,False,0.30489083433724257,9.07,1619360.0
"Fixed 100000, designed",11,16,29,"D 0,4 -> 10,12",101,False,0.9999991454285218,101210.0,1,False,0.30488349986473384,9.1,1720570.0
"Fixed 100000, designed",11,17,1,S 0 -> 12,101,False,1.0,101210.0,1,False,0.3048834990050506,8.96,1821780.0
"Fixed 100000, designed",11,18,22,"D 0,1 -> 11,12",101,False,1.0,101210.0,1,False,0.3048834990050506,8.97,1922990.0
"Fixed 100000, designed",11,19,49,"D 1,4 -> 10,11",101,False,1.0,101210.0,1,False,0.3048834990050506,9.0,2024200.0
"Fixed 100000, designed",11,20,50,"D 1,4 -> 10,13",101,False,0.9999999954435789,101210.0,1,False,0.3048834990050506,9.08,2125410.0
"Fixed 100000, designed",11,21,55,"D 1,6 -> 10,13",101,False,1.0,101210.0,1,False,0.3048834990050506,9.31,2226620.0
"Fixed 100000, designed",11,22,42,"D 0,9 -> 11,12",101,False,1.0,101210.0,1,False,0.3048834990050506,9.25,2327830.0
"Fixed 100000, designed",11,23,35,"D 0,7 -> 10,11",101,False,0.9987441208897688,101210.0,1,False,0.3048834990050506,9.11,2429040.0
"Fixed 100000, designed",11,24,37,"D 0,7 -> 11,12",101,False,1.0,101210.0,1,False,0.30488350184403645,9.13,2530250.0
"Fixed 100000, designed",11,25,30,"D 0,5 -> 10,11",101,False,1.0,101210.0,1,False,0.30488350184403645,9.09,2631460.0
"Fixed 100000, designed",11,26,24,"D 0,2 -> 10,12",101,False,1.0,101210.0,1,False,0.30488350184403645,8.97,2732670.0
"Fixed 100000, uniform",0,0,36,"D 0,7 -> 10,13",101,False,1.0,101738.0,1,False,0.3049100626130834,9.66,101738.0
"Fixed 100000, uniform",0,1,20,"D 0,1 -> 10,11",101,False,0.794495272331715,101738.0,1,False,0.3049100626130834,9.05,203476.0
"Fixed 100000, uniform",0,2,41,"D 0,9 -> 10,13",101,False,1.0,101738.0,1,False,0.30491006261308334,9.05,305214.0
"Fixed 100000, uniform",0,3,3,S 1 -> 13,101,False,1.0,101738.0,1,False,0.30491006261308334,9.13,406952.0
"Fixed 100000, uniform",0,4,22,"D 0,1 -> 11,12",101,False,1.0,101738.0,1,False,0.30491006261308334,9.12,508690.0
"Fixed 100000, uniform",0,5,0,S 0 -> 10,101,False,0.9988447126248534,101738.0,1,False,0.30491006261308334,9.42,610428.0
"Fixed 100000, uniform",0,6,0,S 0 -> 10,101,False,0.9999999999768203,101738.0,1,False,0.30491006261308334,9.66,712166.0
"Fixed 100000, uniform",0,7,22,"D 0,1 -> 11,12",101,False,1.0,101738.0,1,False,0.30491006261308334,9.61,813904.0
"Fixed 100000, uniform",0,8,3,S 1 -> 13,101,False,1.0,101738.0,1,False,0.30491006261308334,9.52,915642.0
"Fixed 100000, uniform",0,9,46,"D 1,2 -> 11,12",101,False,1.0,101738.0,1,False,0.30491006261308334,9.44,1017380.0
"Fixed 100000, uniform",0,10,63,"D 1,9 -> 11,13",101,False,1.0,101738.0,1,False,0.30491006261308334,9.45,1119118.0
"Fixed 100000, uniform",0,11,0,S 0 -> 10,101,False,0.9999999999768203,101738.0,1,False,0.30491006261308334,9.5,1220856.0
"Fixed 100000, uniform",0,12,3,S 1 -> 13,101,False,1.0,101738.0,1,False,0.30491006261308334,9.48,1322594.0
"Fixed 100000, uniform",0,13,0,S 0 -> 10,101,False,0.9999999999768203,101738.0,1,False,0.30491006261308334,9.5,1424332.0
"Fixed 100000, uniform",0,14,22,"D 0,1 -> 11,12",101,False,1.0,101738.0,1,False,0.30491006261308334,9.53,1526070.0
"Fixed 100000, uniform",0,15,0,S 0 -> 10,101,False,0.9999999999768203,101738.0,1,False,0.30491006261308334,9.55,1627808.0
"Fixed 100000, uniform",0,16,3,S 1 -> 13,101,False,1.0,101738.0,1,False,0.30491006261308334,9.57,1729546.0
"Fixed 100000, uniform",0,17,21,"D 0,1 -> 10,13",101,False,1.0,101738.0,1,False,0.30491006261308334,9.23,1831284.0
"Fixed 100000, uniform",0,18,47,"D 1,2 -> 12,13",101,False,0.8799173106932616,101738.0,1,False,0.30491006261308334,9.09,1933022.0
"Fixed 100000, uniform",0,19,41,"D 0,9 -> 10,13",101,False,1.0,101738.0,1,False,0.3048798858956381,9.1,2034760.0
"Fixed 100000, uniform",0,20,41,"D 0,9 -> 10,13",101,False,1.0,101738.0,1,False,0.3048798858956381,8.76,2136498.0
"Fixed 100000, uniform",0,21,0,S 0 -> 10,101,False,0.9999999999999719,101738.0,1,False,0.3048798858956381,9.05,2238236.0
"Fixed 100000, uniform",0,22,0,S 0 -> 10,101,False,0.9999999999999719,101738.0,1,False,0.3048798858956381,8.92,2339974.0
"Fixed 100000, uniform",0,23,28,"D 0,3 -> 12,13",101,False,0.8802277740802992,101738.0,1,False,0.3048798858956381,8.95,2441712.0
"Fixed 100000, uniform",0,24,20,"D 0,1 -> 10,11",101,False,0.999999990845323,101738.0,1,False,0.30484987234771976,9.03,2543450.0
"Fixed 100000, uniform",0,25,20,"D 0,1 -> 10,11",101,False,1.0,101738.0,1,False,0.30484987234771976,8.97,2645188.0
"Fixed 100000, uniform",0,26,21,"D 0,1 -> 10,13",101,False,1.0,101738.0,1,False,0.30484987234771965,8.97,2746926.0
"Fixed 100000, uniform",1,0,0,S 0 -> 10,101,False,0.9999999999997566,101738.0,1,False,0.3049100626130834,9.04,101738.0
"Fixed 100000, uniform",1,1,1,S 0 -> 12,101,False,1.0,101738.0,1,False,0.3049100626130834,8.91,203476.0
"Fixed 100000, uniform",1,2,3,S 1 -> 13,101,False,1.0,101738.0,1,False,0.3049100626130834,8.81,305214.0
"Fixed 100000, uniform",1,3,47,"D 1,2 -> 12,13",101,False,0.8799172494907926,101738.0,1,False,0.3049100626130834,8.84,406952.0
"Fixed 100000, uniform",1,4,0,S 0 -> 10,101,False,0.9999999999939099,101738.0,1,False,0.30487988584379605,8.9,508690.0
"Fixed 100000, uniform",1,5,20,"D 0,1 -> 10,11",101,False,0.7944750897221834,101738.0,1,False,0.30487988584379605,8.95,610428.0
"Fixed 100000, uniform",1,6,22,"D 0,1 -> 11,12",101,False,1.0,101738.0,1,False,0.30487988589730985,9.32,712166.0
"Fixed 100000, uniform",1,7,22,"D 0,1 -> 11,12",101,False,1.0,101738.0,1,False,0.30487988589730985,9.32,813904.0
"Fixed 100000, uniform",1,8,0,S 0 -> 10,101,False,0.9999992149767283,101738.0,1,False,0.30487988589730985,9.14,915642.0
"Fixed 100000, uniform",1,9,47,"D 1,2 -> 12,13",101,False,0.9999999912996326,101738.0,1,False,0.30487988589730985,9.16,1017380.0
"Fixed 100000, uniform",1,10,22,"D 0,1 -> 11,12",101,False,1.0,101738.0,1,False,0.30487988589730985,9.21,1119118.0
"Fixed 100000, uniform",1,11,21,"D 0,1 -> 10,13",101,False,1.0,101738.0,1,False,0.30487988589730985,9.23,1220856.0
"Fixed 100000, uniform",1,12,0,S 0 -> 10,101,False,0.9999992149767283,101738.0,1,False,0.30487988589730985,9.06,1322594.0
"Fixed 100000, uniform",1,13,1,S 0 -> 12,101,False,1.0,101738.0,1,False,0.30487988589698395,9.02,1424332.0
"Fixed 100000, uniform",1,14,3,S 1 -> 13,101,False,1.0,101738.0,1,False,0.30487988589698395,9.16,1526070.0
"Fixed 100000, uniform",1,15,47,"D 1,2 -> 12,13",101,False,0.9999999925894706,101738.0,1,False,0.30487988589698395,9.11,1627808.0
"Fixed 100000, uniform",1,16,20,"D 0,1 -> 10,11",101,False,0.999999954555828,101738.0,1,False,0.304879885895075,9.24,1729546.0
"Fixed 100000, uniform",1,17,0,S 0 -> 10,101,False,0.9999996814540423,101738.0,1,False,0.304879885895075,9.13,1831284.0
"Fixed 100000, uniform",1,18,0,S 0 -> 10,101,False,0.9999999702122018,101738.0,1,False,0.30487988660511434,9.1,1933022.0
"Fixed 100000, uniform",1,19,0,S 0 -> 10,101,False,0.9999999998050849,101738.0,1,False,0.304879886598947,9.02,2034760.0
"Fixed 100000, uniform",1,20,23,"D 0,1 -> 12,13",101,False,0.8580358574419933,101738.0,1,False,0.304879886598947,8.85,2136498.0
"Fixed 100000, uniform",1,21,41,"D 0,9 -> 10,13",101,False,1.0,101738.0,1,False,0.3048687089114007,9.05,2238236.0
"Fixed 100000, uniform",1,22,41,"D 0,9 -> 10,13",101,False,1.0,101738.0,1,False,0.3048687089114007,8.99,2339974.0
"Fixed 100000, uniform",1,23,20,"D 0,1 -> 10,11",101,False,0.9999999911144011,101738.0,1,False,0.3048687089114007,8.98,2441712.0
"Fixed 100000, uniform",1,24,3,S 1 -> 13,101,False,1.0,101738.0,1,False,0.3048687089114007,9.01,2543450.0
"Fixed 100000, uniform",1,25,3,S 1 -> 13,101,False,1.0,101738.0,1,False,0.3048687089114007,9.04,2645188.0
"Fixed 100000, uniform",1,26,0,S 0 -> 10,101,False,0.9999999944901122,101738.0,1,False,0.3048687089114007,8.85,2746926.0
"Fixed 100000, uniform",2,0,0,S 0 -> 10,101,False,0.9999999999997566,101738.0,1,False,0.3049100626130834,9.76,101738.0
"Fixed 100000, uniform",2,1,22,"D 0,1 -> 11,12",101,False,1.0,101738.0,1,False,0.3049100626130834,9.56,203476.0
"Fixed 100000, uniform",2,2,20,"D 0,1 -> 10,11",101,False,0.794495272331715,101738.0,1,False,0.3049100626130834,9.47,305214.0
"Fixed 100000, uniform",2,3,44,"D 1,2 -> 10,11",101,False,0.953598651338145,101738.0,1,False,0.3049100626130834,9.47,406952.0
"Fixed 100000, uniform",2,4,45,"D 1,2 -> 10,13",101,False,1.0,101738.0,1,False,0.30491006261308334,9.41,508690.0
"Fixed 100000, uniform",2,5,41,"D 0,9 -> 10,13",101,False,1.0,101738.0,1,False,0.30491006261308334,9.41,610428.0
"Fixed 100000, uniform",2,6,63,"D 1,9 -> 11,13",101,False,1.0,101738.0,1,False,0.30491006261308334,9.55,712166.0
"Fixed 100000, uniform",2,7,0,S 0 -> 10,101,False,0.9999994958360588,101738.0,1,False,0.30491006261308334,9.5,813904.0
"Fixed 100000, uniform",2,8,35,"D 0,7 -> 10,11",101,False,0.9975909852275947,101738.0,1,False,0.30491006261308345,9.34,915642.0
"Fixed 100000, uniform",2,9,0,S 0 -> 10,101,False,0.9999997012257632,101738.0,1,False,0.3049100626130835,9.43,1017380.0
"Fixed 100000, uniform",2,10,2,S 1 -> 11,101,False,0.9999998693251311,101738.0,1,False,0.3049100626130835,9.39,1119118.0
"Fixed 100000, uniform",2,11,22,"D 0,1 -> 11,12",101,False,1.0,101738.0,1,False,0.3049100626130835,9.41,1220856.0
"Fixed 100000, uniform",2,12,1,S 0 -> 12,101,False,1.0,101738.0,1,False,0.3049100626130835,9.39,1322594.0
"Fixed 100000, uniform",2,13,20,"D 0,1 -> 10,11",101,False,0.9999990994264605,101738.0,1,False,0.3049100626130835,9.35,1424332.0
"Fixed 100000, uniform",2,14,3,S 1 -> 13,101,False,1.0,101738.0,1,False,0.3049100626130835,8.92,1526070.0
"Fixed 100000, uniform",2,15,22,"D 0,1 -> 11,12",101,False,1.0,101738.0,1,False,0.3049100626130835,8.96,1627808.0
"Fixed 100000, uniform",2,16,3,S 1 -> 13,101,False,1.0,101738.0,1,False,0.3049100626130835,9.82,1729546.0
"Fixed 100000, uniform",2,17,1,S 0 -> 12,101,False,1.0,101738.0,1,False,0.3049100626130835,9.46,1831284.0
"Fixed 100000, uniform",2,18,20,"D 0,1 -> 10,11",101,False,0.9999990994264605,101738.0,1,False,0.3049100626130835,9.4,1933022.0
"Fixed 100000, uniform",2,19,23,"D 0,1 -> 12,13",101,False,0.8601509145107087,101738.0,1,False,0.3049100626130835,9.35,2034760.0
"Fixed 100000, uniform",2,20,23,"D 0,1 -> 12,13",101,False,0.999994144821041,101738.0,1,False,0.3048993598426187,9.12,2136498.0
"Fixed 100000, uniform",2,21,20,"D 0,1 -> 10,11",101,False,0.9999999049807506,101738.0,1,False,0.304899359369431,9.38,2238236.0
"Fixed 100000, uniform",2,22,21,"D 0,1 -> 10,13",101,False,1.0,101738.0,1,False,0.30489935940947765,9.18,2339974.0
"Fixed 100000, uniform",2,23,32,"D 0,5 -> 11,12",101,False,0.9745971405244296,101738.0,1,False,0.30489935940947765,9.08,2441712.0
"Fixed 100000, uniform",2,24,0,S 0 -> 10,101,False,0.9999982828527375,101738.0,1,False,0.3049027786468576,9.07,2543450.0
"Fixed 100000, uniform",2,25,63,"D 1,9 -> 11,13",101,False,1.0,101738.0,1,False,0.3049027786468576,9.07,2645188.0
"Fixed 100000, uniform",2,26,58,"D 1,7 -> 11,13",101,False,1.0,101738.0,1,False,0.3049027786468576,8.85,2746926.0
"Fixed 100000, uniform",3,0,3,S 1 -> 13,101,False,1.0,101738.0,1,False,0.3049100626130834,9.14,101738.0
"Fixed 100000, uniform",3,1,20,"D 0,1 -> 10,11",101,False,0.794495272331715,101738.0,1,False,0.3049100626130834,9.7,203476.0
"Fixed 100000, uniform",3,2,1,S 0 -> 12,101,False,1.0,101738.0,1,False,0.30491006261308334,9.42,305214.0
"Fixed 100000, uniform",3,3,41,"D 0,9 -> 10,13",101,False,1.0,101738.0,1,False,0.30491006261308334,9.37,406952.0
"Fixed 100000, uniform",3,4,21,"D 0,1 -> 10,13",101,False,1.0,101738.0,1,False,0.30491006261308334,9.5,508690.0
"Fixed 100000, uniform",3,5,47,"D 1,2 -> 12,13",101,False,0.8799173106847993,101738.0,1,False,0.30491006261308334,9.36,610428.0
"Fixed 100000, uniform",3,6,23,"D 0,1 -> 12,13",101,False,0.8580370944303846,101738.0,1,False,0.30487988550505773,9.65,712166.0
"Fixed 100000, uniform",3,7,20,"D 0,1 -> 10,11",101,False,0.9999999999999998,101738.0,1,False,0.3048687084059906,9.57,813904.0
"Fixed 100000, uniform",3,8,0,S 0 -> 10,101,False,0.9988093450412666,101738.0,1,False,0.3048687084059906,9.5,915642.0
"Fixed 100000, uniform",3,9,0,S 0 -> 10,101,False,0.9999999999868022,101738.0,1,False,0.304868708335388,9.48,1017380.0
"Fixed 100000, uniform",3,10,22,"D 0,1 -> 11,12",101,False,1.0,101738.0,1,False,0.30486870833782936,9.4,1119118.0
"Fixed 100000, uniform",3,11,26,"D 0,3 -> 10,13",101,False,1.0,101738.0,1,False,0.30486870833782936,9.47,1220856.0
"Fixed 100000, uniform",3,12,2,S 1 -> 11,101,False,0.9988662567054309,101738.0,1,False,0.30486870833782936,9.4,1322594.0
"Fixed 100000, uniform",3,13,41,"D 0,9 -> 10,13",101,False,1.0,101738.0,1,False,0.30486870894246343,9.37,1424332.0
"Fixed 100000, uniform",3,14,20,"D 0,1 -> 10,11",101,False,0.9999999870244484,101738.0,1,False,0.30486870894246343,9.68,1526070.0
"Fixed 100000, uniform",3,15,21,"D 0,1 -> 10,13",101,False,1.0,101738.0,1,False,0.30486870894246343,9.25,1627808.0
"Fixed 100000, uniform",3,16,0,S 0 -> 10,101,False,0.9999999605774479,101738.0,1,False,0.30486870894246343,9.12,1729546.0
"Fixed 100000, uniform",3,17,3,S 1 -> 13,101,False,1.0,101738.0,1,False,0.30486870894246343,9.21,1831284.0
"Fixed 100000, uniform",3,18,3,S 1 -> 13,101,False,1.0,101738.0,1,False,0.30486870894246343,9.11,1933022.0
"Fixed 100000, uniform",3,19,22,"D 0,1 -> 11,12",101,False,1.0,101738.0,1,False,0.30486870894246343,9.09,2034760.0
"Fixed 100000, uniform",3,20,41,"D 0,9 -> 10,13",101,False,1.0,101738.0,1,False,0.30486870894246343,8.9,2136498.0
"Fixed 100000, uniform",3,21,20,"D 0,1 -> 10,11",101,False,0.9999999870244484,101738.0,1,False,0.30486870894246343,9.29,2238236.0
"Fixed 100000, uniform",3,22,20,"D 0,1 -> 10,11",101,False,0.9999999870244484,101738.0,1,False,0.30486870894246343,9.4,2339974.0
"Fixed 100000, uniform",3,23,22,"D 0,1 -> 11,12",101,False,1.0,101738.0,1,False,0.30486870894246343,9.26,2441712.0
"Fixed 100000, uniform",3,24,21,"D 0,1 -> 10,13",101,False,1.0,101738.0,1,False,0.30486870894246343,9.4,2543450.0
"Fixed 100000, uniform",3,25,3,S 1 -> 13,101,False,1.0,101738.0,1,False,0.30486870894246343,9.44,2645188.0
"Fixed 100000, uniform",3,26,21,"D 0,1 -> 10,13",101,False,1.0,101738.0,1,False,0.30486870894246343,8.75,2746926.0
"Fixed 100000, uniform",4,0,20,"D 0,1 -> 10,11",101,False,0.794495272331715,101738.0,1,False,0.3049100626130834,9.39,101738.0
"Fixed 100000, uniform",4,1,0,S 0 -> 10,101,False,0.9988447126248534,101738.0,1,False,0.30491006261308334,9.15,203476.0
"Fixed 100000, uniform",4,2,30,"D 0,5 -> 10,11",101,False,1.0,101738.0,1,False,0.30491006261308334,9.19,305214.0
"Fixed 100000, uniform",4,3,41,"D 0,9 -> 10,13",101,False,1.0,101738.0,1,False,0.30491006261308334,9.21,406952.0
"Fixed 100000, uniform",4,4,60,"D 1,8 -> 10,13",101,False,1.0,101738.0,1,False,0.30491006261308334,9.25,508690.0
"Fixed 100000, uniform",4,5,3,S 1 -> 13,101,False,1.0,101738.0,1,False,0.30491006261308334,9.2,610428.0
"Fixed 100000, uniform",4,6,41,"D 0,9 -> 10,13",101,False,1.0,101738.0,1,False,0.30491006261308334,9.19,712166.0
"Fixed 100000, uniform",4,7,23,"D 0,1 -> 12,13",101,False,0.8601489948362613,101738.0,1,False,0.30491006261308334,9.29,813904.0
"Fixed 100000, uniform",4,8,22,"D 0,1 -> 11,12",101,False,1.0,101738.0,1,False,0.30489935905162063,9.35,915642.0
"Fixed 100000, uniform",4,9,21,"D 0,1 -> 10,13",101,False,1.0,101738.0,1,False,0.30489935905162063,9.29,1017380.0
"Fixed 100000, uniform",4,10,21,"D 0,1 -> 10,13",101,False,1.0,101738.0,1,False,0.30489935905162063,9.31,1119118.0
"Fixed 100000, uniform",4,11,20,"D 0,1 -> 10,11",101,False,0.9999999892382193,101738.0,1,False,0.30489935905162063,9.35,1220856.0
"Fixed 100000, uniform",4,12,0,S 0 -> 10,101,False,0.9999999999395561,101738.0,1,False,0.3048993590516181,9.43,1322594.0
"Fixed 100000, uniform",4,13,21,"D 0,1 -> 10,13",101,False,1.0,101738.0,1,False,0.3048993590516181,9.37,1424332.0
"Fixed 100000, uniform",4,14,2,S 1 -> 11,101,False,0.9988113084045521,101738.0,1,False,0.3048993590516181,9.11,1526070.0
"Fixed 100000, uniform",4,15,41,"D 0,9 -> 10,13",101,False,1.0,101738.0,1,False,0.30489935897283765,9.14,1627808.0
"Fixed 100000, uniform",4,16,41,"D 0,9 -> 10,13",101,False,1.0,101738.0,1,False,0.3048993589730976,9.09,1729546.0
"Fixed 100000, uniform",4,17,38,"D 0,7 -> 12,13",101,False,0.9128570038748338,101738.0,1,False,0.3048993589730976,9.07,1831284.0
"Fixed 100000, uniform",4,18,22,"D 0,1 -> 11,12",101,False,1.0,101738.0,1,False,0.3048948160964209,9.12,1933022.0
"Fixed 100000, uniform",4,19,22,"D 0,1 -> 11,12",101,False,1.0,101738.0,1,False,0.3048948160964209,9.15,2034760.0
"Fixed 100000, uniform",4,20,41,"D 0,9 -> 10,13",101,False,1.0,101738.0,1,False,0.3048948160964209,8.95,2136498.0
"Fixed 100000, uniform",4,21,0,S 0 -> 10,101,False,0.9999999998619215,101738.0,1,False,0.3048948160964209,9.1,2238236.0
"Fixed 100000, uniform",4,22,0,S 0 -> 10,101,False,0.9999999998619215,101738.0,1,False,0.3048948160964209,8.98,2339974.0
"Fixed 100000, uniform",4,23,22,"D 0,1 -> 11,12",101,False,1.0,101738.0,1,False,0.3048948160964209,9.58,2441712.0
"Fixed 100000, uniform",4,24,20,"D 0,1 -> 10,11",101,False,0.9999999999993002,101738.0,1,False,0.3048948160964209,9.42,2543450.0
"Fixed 100000, uniform",4,25,0,S 0 -> 10,101,False,0.9999999998619215,101738.0,1,False,0.3048948160964209,9.24,2645188.0
"Fixed 100000, uniform",4,26,41,"D 0,9 -> 10,13",101,False,1.0,101738.0,1,False,0.3048948160964209,9.11,2746926.0
"Fixed 100000, uniform",5,0,2,S 1 -> 11,101,False,0.9999999999997565,101738.0,1,False,0.3049100626130834,9.68,101738.0
"Fixed 100000, uniform",5,1,22,"D 0,1 -> 11,12",101,False,1.0,101738.0,1,False,0.3049100626130834,8.97,203476.0
"Fixed 100000, uniform",5,2,20,"D 0,1 -> 10,11",101,False,0.794495272331715,101738.0,1,False,0.3049100626130834,8.99,305214.0
"Fixed 100000, uniform",5,3,41,"D 0,9 -> 10,13",101,False,1.0,101738.0,1,False,0.3049100626130834,9.11,406952.0
"Fixed 100000, uniform",5,4,22,"D 0,1 -> 11,12",101,False,1.0,101738.0,1,False,0.3049100626130834,9.17,508690.0
"Fixed 100000, uniform",5,5,0,S 0 -> 10,101,False,0.9988472588525837,101738.0,1,False,0.3049100626130834,9.48,610428.0
"Fixed 100000, uniform",5,6,20,"D 0,1 -> 10,11",101,False,0.9999999999999999,101738.0,1,False,0.30491006261308345,9.65,712166.0
"Fixed 100000, uniform",5,7,20,"D 0,1 -> 10,11",101,False,0.9999999999999999,101738.0,1,False,0.30491006261308345,9.52,813904.0
"Fixed 100000, uniform",5,8,41,"D 0,9 -> 10,13",101,False,1.0,101738.0,1,False,0.30491006261308345,9.34,915642.0
"Fixed 100000, uniform",5,9,0,S 0 -> 10,101,False,0.9999999999999999,101738.0,1,False,0.30491006261308345,9.19,1017380.0
"Fixed 100000, uniform",5,10,0,S 0 -> 10,101,False,0.9999999999999999,101738.0,1,False,0.30491006261308345,9.03,1119118.0
"Fixed 100000, uniform",5,11,29,"D 0,4 -> 10,12",101,False,0.9288125316224205,101738.0,1,False,0.30491006261308345,8.98,1220856.0
"Fixed 100000, uniform",5,12,39,"D 0,8 -> 10,12",101,False,1.0,101738.0,1,False,0.30490271232270644,9.04,1322594.0
"Fixed 100000, uniform",5,13,41,"D 0,9 -> 10,13",101,False,1.0,101738.0,1,False,0.30490271128728574,9.04,1424332.0
"Fixed 100000, uniform",5,14,41,"D 0,9 -> 10,13",101,False,1.0,101738.0,1,False,0.3049027112872454,9.06,1526070.0
"Fixed 100000, uniform",5,15,23,"D 0,1 -> 12,13",101,False,0.8601576415724734,101738.0,1,False,0.3049027112872454,9.03,1627808.0
"Fixed 100000, uniform",5,16,63,"D 1,9 -> 11,13",101,False,1.0,101738.0,1,False,0.30489200973537783,8.98,1729546.0
"Fixed 100000, uniform",5,17,41,"D 0,9 -> 10,13",101,False,1.0,101738.0,1,False,0.30489200973537783,9.43,1831284.0
"Fixed 100000, uniform",5,18,21,"D 0,1 -> 10,13",101,False,1.0,101738.0,1,False,0.30489200973537783,9.45,1933022.0
"Fixed 100000, uniform",5,19,41,"D 0,9 -> 10,13",101,False,1.0,101738.0,1,False,0.30489200973537783,9.49,2034760.0
"Fixed 100000, uniform",5,20,22,"D 0,1 -> 11,12",101,False,1.0,101738.0,1,False,0.30489200973537783,8.83,2136498.0
"Fixed 100000, uniform",5,21,0,S 0 -> 10,101,False,0.9999999997979709,101738.0,1,False,0.30489200973537783,8.98,2238236.0
"Fixed 100000, uniform",5,22,41,"D 0,9 -> 10,13",101,False,1.0,101738.0,1,False,0.30489200973537783,8.99,2339974.0
"Fixed 100000, uniform",5,23,20,"D 0,1 -> 10,11",101,False,0.9999999999999731,101738.0,1,False,0.30489200973537783,9.47,2441712.0
"Fixed 100000, uniform",5,24,0,S 0 -> 10,101,False,0.9999999997979709,101738.0,1,False,0.30489200973537783,9.39,2543450.0
"Fixed 100000, uniform",5,25,20,"D 0,1 -> 10,11",101,False,0.9999999999999731,101738.0,1,False,0.30489200973537783,9.36,2645188.0
"Fixed 100000, uniform",5,26,21,"D 0,1 -> 10,13",101,False,1.0,101738.0,1,False,0.30489200973537783,9.45,2746926.0
"Fixed 100000, uniform",6,0,0,S 0 -> 10,101,False,0.9999999999997566,101738.0,1,False,0.3049100626130834,9.24,101738.0
"Fixed 100000, uniform",6,1,22,"D 0,1 -> 11,12",101,False,1.0,101738.0,1,False,0.3049100626130834,9.1,203476.0
"Fixed 100000, uniform",6,2,23,"D 0,1 -> 12,13",101,False,0.859609548620718,101738.0,1,False,0.3049100626130834,9.14,305214.0
"Fixed 100000, uniform",6,3,63,"D 1,9 -> 11,13",101,False,1.0,101738.0,1,False,0.3048992682944446,9.16,406952.0
"Fixed 100000, uniform",6,4,47,"D 1,2 -> 12,13",101,False,0.8786993041684524,101738.0,1,False,0.3048992682944446,9.12,508690.0
"Fixed 100000, uniform",6,5,21,"D 0,1 -> 10,13",101,False,1.0,101738.0,1,False,0.3048686155884314,9.11,610428.0
"Fixed 100000, uniform",6,6,20,"D 0,1 -> 10,11",101,False,0.7948415353813338,101738.0,1,False,0.3048686155884314,9.15,712166.0
"Fixed 100000, uniform",6,7,41,"D 0,9 -> 10,13",101,False,1.0,101738.0,1,False,0.3048687083370149,9.16,813904.0
"Fixed 100000, uniform",6,8,21,"D 0,1 -> 10,13",101,False,1.0,101738.0,1,False,0.3048687083370149,9.19,915642.0
"Fixed 100000, uniform",6,9,3,S 1 -> 13,101,False,1.0,101738.0,1,False,0.3048687083370149,9.14,1017380.0
"Fixed 100000, uniform",6,10,1,S 0 -> 12,101,False,1.0,101738.0,1,False,0.3048687083370149,9.18,1119118.0
"Fixed 100000, uniform",6,11,22,"D 0,1 -> 11,12",101,False,1.0,101738.0,1,False,0.3048687083370149,9.23,1220856.0
"Fixed 100000, uniform",6,12,20,"D 0,1 -> 10,11",101,False,0.9999999988348619,101738.0,1,False,0.3048687083370149,9.27,1322594.0
"Fixed 100000, uniform",6,13,0,S 0 -> 10,101,False,0.9999991914828643,101738.0,1,False,0.3048687083370149,9.14,1424332.0
"Fixed 100000, uniform",6,14,22,"D 0,1 -> 11,12",101,False,1.0,101738.0,1,False,0.3048687083369788,9.19,1526070.0
"Fixed 100000, uniform",6,15,21,"D 0,1 -> 10,13",101,False,1.0,101738.0,1,False,0.3048687089927983,9.13,1627808.0
"Fixed 100000, uniform",6,16,22,"D 0,1 -> 11,12",101,False,1.0,101738.0,1,False,0.3048687089760212,9.13,1729546.0
"Fixed 100000, uniform",6,17,41,"D 0,9 -> 10,13",101,False,1.0,101738.0,1,False,0.30486870897717616,9.09,1831284.0
"Fixed 100000, uniform",6,18,0,S 0 -> 10,101,False,0.9999999712133544,101738.0,1,False,0.30486870897717616,9.21,1933022.0
"Fixed 100000, uniform",6,19,33,"D 0,5 -> 12,13",101,False,1.0,101738.0,1,False,0.30486870898070806,9.09,2034760.0
"Fixed 100000, uniform",6,20,2,S 1 -> 11,101,False,0.9999998996638717,101738.0,1,False,0.30486870898070806,8.89,2136498.0
"Fixed 100000, uniform",6,21,0,S 0 -> 10,101,False,0.9999999996673595,101738.0,1,False,0.3048687089855778,9.09,2238236.0
"Fixed 100000, uniform",6,22,30,"D 0,5 -> 10,11",101,False,1.0,101738.0,1,False,0.3048687089855778,9.08,2339974.0
"Fixed 100000, uniform",6,23,46,"D 1,2 -> 11,12",101,False,1.0,101738.0,1,False,0.3048687089855778,9.0,2441712.0
"Fixed 100000, uniform",6,24,63,"D 1,9 -> 11,13",101,False,1.0,101738.0,1,False,0.3048687089855778,9.42,2543450.0
"Fixed 100000, uniform",6,25,0,S 0 -> 10,101,False,0.9999999996673595,101738.0,1,False,0.3048687089855778,9.45,2645188.0
"Fixed 100000, uniform",6,26,3,S 1 -> 13,101,False,1.0,101738.0,1,False,0.3048687089855778,9.13,2746926.0
"Fixed 100000, uniform",7,0,0,S 0 -> 10,101,False,0.9999999999997566,101738.0,1,False,0.3049100626130834,9.36,101738.0
"Fixed 100000, uniform",7,1,59,"D 1,8 -> 10,11",101,False,1.0,101738.0,1,False,0.3049100626130834,9.13,203476.0
"Fixed 100000, uniform",7,2,0,S 0 -> 10,101,False,0.9999999999997566,101738.0,1,False,0.3049100626130834,9.01,305214.0
"Fixed 100000, uniform",7,3,20,"D 0,1 -> 10,11",101,False,0.794495272331715,101738.0,1,False,0.3049100626130834,8.99,406952.0
"Fixed 100000, uniform",7,4,20,"D 0,1 -> 10,11",101,False,0.9999999999999994,101738.0,1,False,0.30491006261308334,8.97,508690.0
"Fixed 100000, uniform",7,5,3,S 1 -> 13,101,False,1.0,101738.0,1,False,0.30491006261308334,9.0,610428.0
"Fixed 100000, uniform",7,6,41,"D 0,9 -> 10,13",101,False,1.0,101738.0,1,False,0.30491006261308334,9.02,712166.0
"Fixed 100000, uniform",7,7,22,"D 0,1 -> 11,12",101,False,1.0,101738.0,1,False,0.30491006261308334,9.05,813904.0
"Fixed 100000, uniform",7,8,20,"D 0,1 -> 10,11",101,False,0.9999999999999994,101738.0,1,False,0.30491006261308334,9.01,915642.0
"Fixed 100000, uniform",7,9,3,S 1 -> 13,101,False,1.0,101738.0,1,False,0.30491006261308334,9.01,1017380.0
"Fixed 100000, uniform",7,10,61,"D 1,8 -> 11,12",101,False,1.0,101738.0,1,False,0.30491006261308334,9.01,1119118.0
"Fixed 100000, uniform",7,11,22,"D 0,1 -> 11,12",101,False,1.0,101738.0,1,False,0.30491006261308334,9.01,1220856.0
"Fixed 100000, uniform",7,12,0,S 0 -> 10,101,False,0.9999991770451654,101738.0,1,False,0.30491006261308334,8.96,1322594.0
"Fixed 100000, uniform",7,13,21,"D 0,1 -> 10,13",101,False,1.0,101738.0,1,False,0.30491006261308334,8.91,1424332.0
"Fixed 100000, uniform",7,14,22,"D 0,1 -> 11,12",101,False,1.0,101738.0,1,False,0.30491006261308334,8.96,1526070.0
"Fixed 100000, uniform",7,15,40,"D 0,9 -> 10,11",101,False,1.0,101738.0,1,False,0.30491006261308334,8.97,1627808.0
"Fixed 100000, uniform",7,16,20,"D 0,1 -> 10,11",101,False,0.9999999999999994,101738.0,1,False,0.30491006261308334,8.98,1729546.0
"Fixed 100000, uniform",7,17,20,"D 0,1 -> 10,11",101,False,0.9999999999999994,101738.0,1,False,0.30491006261308334,9.03,1831284.0
"Fixed 100000, uniform",7,18,1,S 0 -> 12,101,False,1.0,101738.0,1,False,0.30491006261308334,9.0,1933022.0
"Fixed 100000, uniform",7,19,0,S 0 -> 10,101,False,0.9999991770451654,101738.0,1,False,0.30491006261308334,9.04,2034760.0
"Fixed 100000, uniform",7,20,24,"D 0,2 -> 10,12",101,False,1.0,101738.0,1,False,0.3049100626130834,8.92,2136498.0
"Fixed 100000, uniform",7,21,39,"D 0,8 -> 10,12",101,False,1.0,101738.0,1,False,0.3049100626130834,9.0,2238236.0
"Fixed 100000, uniform",7,22,0,S 0 -> 10,101,False,0.9999993219961434,101738.0,1,False,0.3049100626130834,9.02,2339974.0
"Fixed 100000, uniform",7,23,20,"D 0,1 -> 10,11",101,False,0.9999999982186109,101738.0,1,False,0.3049100626130834,8.9,2441712.0
"Fixed 100000, uniform",7,24,48,"D 1,3 -> 11,13",101,False,1.0,101738.0,1,False,0.3049100626130834,8.96,2543450.0
"Fixed 100000, uniform",7,25,3,S 1 -> 13,101,False,1.0,101738.0,1,False,0.3049100626130834,8.91,2645188.0
"Fixed 100000, uniform",7,26,20,"D 0,1 -> 10,11",101,False,0.9999999982186109,101738.0,1,False,0.3049100626130834,8.93,2746926.0
"Fixed 100000, uniform",8,0,3,S 1 -> 13,101,False,1.0,101738.0,1,False,0.3049100626130834,9.08,101738.0
"Fixed 100000, uniform",8,1,22,"D 0,1 -> 11,12",101,False,1.0,101738.0,1,False,0.3049100626130834,9.36,203476.0
"Fixed 100000, uniform",8,2,0,S 0 -> 10,101,False,0.9999999999997566,101738.0,1,False,0.3049100626130834,9.3,305214.0
"Fixed 100000, uniform",8,3,3,S 1 -> 13,101,False,1.0,101738.0,1,False,0.3049100626130834,9.4,406952.0
"Fixed 100000, uniform",8,4,3,S 1 -> 13,101,False,1.0,101738.0,1,False,0.3049100626130834,9.51,508690.0
"Fixed 100000, uniform",8,5,41,"D 0,9 -> 10,13",101,False,1.0,101738.0,1,False,0.3049100626130834,9.42,610428.0
"Fixed 100000, uniform",8,6,0,S 0 -> 10,101,False,0.9999999999997566,101738.0,1,False,0.3049100626130834,9.6,712166.0
"Fixed 100000, uniform",8,7,3,S 1 -> 13,101,False,1.0,101738.0,1,False,0.3049100626130834,9.58,813904.0
"Fixed 100000, uniform",8,8,1,S 0 -> 12,101,False,1.0,101738.0,1,False,0.3049100626130834,9.51,915642.0
"Fixed 100000, uniform",8,9,40,"D 0,9 -> 10,11",101,False,1.0,101738.0,1,False,0.3049100626130834,9.29,1017380.0
"Fixed 100000, uniform",8,10,52,"D 1,4 -> 12,13",101,False,1.0,101738.0,1,False,0.3049100626130834,9.31,1119118.0
"Fixed 100000, uniform",8,11,41,"D 0,9 -> 10,13",101,False,1.0,101738.0,1,False,0.3049100626130834,9.32,1220856.0
"Fixed 100000, uniform",8,12,20,"D 0,1 -> 10,11",101,False,0.794495272331715,101738.0,1,False,0.3049100626130834,9.17,1322594.0
"Fixed 100000, uniform",8,13,3,S 1 -> 13,101,False,1.0,101738.0,1,False,0.30491006261308334,9.13,1424332.0
"Fixed 100000, uniform",8,14,20,"D 0,1 -> 10,11",101,False,0.9999999999999994,101738.0,1,False,0.30491006261308334,9.05,1526070.0
"Fixed 100000, uniform",8,15,46,"D 1,2 -> 11,12",101,False,1.0,101738.0,1,False,0.30491006261308334,9.12,1627808.0
"Fixed 100000, uniform",8,16,0,S 0 -> 10,101,False,0.9999991770451654,101738.0,1,False,0.30491006261308334,9.42,1729546.0
"Fixed 100000, uniform",8,17,21,"D 0,1 -> 10,13",101,False,1.0,101738.0,1,False,0.30491006261308334,9.31,1831284.0
"Fixed 100000, uniform",8,18,21,"D 0,1 -> 10,13",101,False,1.0,101738.0,1,False,0.30491006261308334,9.15,1933022.0
"Fixed 100000, uniform",8,19,3,S 1 -> 13,101,False,1.0,101738.0,1,False,0.30491006261308334,9.16,2034760.0
"Fixed 100000, uniform",8,20,21,"D 0,1 -> 10,13",101,False,1.0,101738.0,1,False,0.30491006261308334,8.95,2136498.0
"Fixed 100000, uniform",8,21,23,"D 0,1 -> 12,13",101,False,0.8601489957579623,101738.0,1,False,0.30491006261308334,9.25,2238236.0
"Fixed 100000, uniform",8,22,1,S 0 -> 12,101,False,1.0,101738.0,1,False,0.30489935897985415,9.07,2339974.0
"Fixed 100000, uniform",8,23,0,S 0 -> 10,101,False,0.9999999992614969,101738.0,1,False,0.30489935897494413,9.04,2441712.0
"Fixed 100000, uniform",8,24,3,S 1 -> 13,101,False,1.0,101738.0,1,False,0.30489935897494413,9.05,2543450.0
"Fixed 100000, uniform",8,25,47,"D 1,2 -> 12,13",101,False,0.8787046527396073,101738.0,1,False,0.30489935897494413,9.03,2645188.0
"Fixed 100000, uniform",8,26,20,"D 0,1 -> 10,11",101,False,0.999999304098508,101738.0,1,False,0.3048687090254321,8.9,2746926.0
"Fixed 100000, uniform",9,0,2,S 1 -> 11,101,False,0.9999999999997565,101738.0,1,False,0.3049100626130834,9.4,101738.0
"Fixed 100000, uniform",9,1,21,"D 0,1 -> 10,13",101,False,1.0,101738.0,1,False,0.3049100626130834,9.15,203476.0
"Fixed 100000, uniform",9,2,22,"D 0,1 -> 11,12",101,False,1.0,101738.0,1,False,0.3049100626130834,9.05,305214.0
"Fixed 100000, uniform",9,3,20,"D 0,1 -> 10,11",101,False,0.794495272331715,101738.0,1,False,0.3049100626130834,8.98,406952.0
"Fixed 100000, uniform",9,4,2,S 1 -> 11,101,False,0.9999991770451657,101738.0,1,False,0.3049100626130834,8.99,508690.0
"Fixed 100000, uniform",9,5,22,"D 0,1 -> 11,12",101,False,1.0,101738.0,1,False,0.3049100626130834,9.02,610428.0
"Fixed 100000, uniform",9,6,22,"D 0,1 -> 11,12",101,False,1.0,101738.0,1,False,0.3049100626130834,8.99,712166.0
"Fixed 100000, uniform",9,7,32,"D 0,5 -> 11,12",101,False,0.9746063494552437,101738.0,1,False,0.3049100626130834,9.02,813904.0
"Fixed 100000, uniform",9,8,20,"D 0,1 -> 10,11",101,False,0.9999989592025337,101738.0,1,False,0.3049134817329012,9.01,915642.0
"Fixed 100000, uniform",9,9,0,S 0 -> 10,101,False,0.9989259113572797,101738.0,1,False,0.30491348176182526,9.0,1017380.0
"Fixed 100000, uniform",9,10,2,S 1 -> 11,101,False,0.9999993608076808,101738.0,1,False,0.304913481224872,9.02,1119118.0
"Fixed 100000, uniform",9,11,23,"D 0,1 -> 12,13",101,False,0.860143463073241,101738.0,1,False,0.304913481224872,9.1,1220856.0
"Fixed 100000, uniform",9,12,47,"D 1,2 -> 12,13",101,False,0.8787059518925708,101738.0,1,False,0.3049027792530395,9.08,1322594.0
"Fixed 100000, uniform",9,13,3,S 1 -> 13,101,False,1.0,101738.0,1,False,0.3048721292859256,8.92,1424332.0
"Fixed 100000, uniform",9,14,21,"D 0,1 -> 10,13",101,False,1.0,101738.0,1,False,0.3048721292859256,9.14,1526070.0
"Fixed 100000, uniform",9,15,25,"D 0,3 -> 10,11",101,False,0.9534877436703456,101738.0,1,False,0.3048721292859256,9.18,1627808.0
"Fixed 100000, uniform",9,16,47,"D 1,2 -> 12,13",101,False,0.9999999868756657,101738.0,1,False,0.3048721628892004,9.01,1729546.0
"Fixed 100000, uniform",9,17,23,"D 0,1 -> 12,13",101,False,0.9999994175386802,101738.0,1,False,0.3048721628892004,9.07,1831284.0
"Fixed 100000, uniform",9,18,3,S 1 -> 13,101,False,1.0,101738.0,1,False,0.3048721628892004,9.05,1933022.0
"Fixed 100000, uniform",9,19,20,"D 0,1 -> 10,11",101,False,0.999999938180975,101738.0,1,False,0.3048721628892004,9.08,2034760.0
"Fixed 100000, uniform",9,20,3,S 1 -> 13,101,False,1.0,101738.0,1,False,0.3048721628892004,8.93,2136498.0
"Fixed 100000, uniform",9,21,23,"D 0,1 -> 12,13",101,False,0.9999994175386802,101738.0,1,False,0.3048721628892004,9.01,2238236.0
"Fixed 100000, uniform",9,22,41,"D 0,9 -> 10,13",101,False,1.0,101738.0,1,False,0.3048721628892004,9.07,2339974.0
"Fixed 100000, uniform",9,23,40,"D 0,9 -> 10,11",101,False,1.0,101738.0,1,False,0.3048721628892004,9.97,2441712.0
"Fixed 100000, uniform",9,24,20,"D 0,1 -> 10,11",101,False,0.999999938180975,101738.0,1,False,0.3048721628892004,9.15,2543450.0
"Fixed 100000, uniform",9,25,20,"D 0,1 -> 10,11",101,False,0.999999938180975,101738.0,1,False,0.3048721628892004,9.08,2645188.0
"Fixed 100000, uniform",9,26,0,S 0 -> 10,101,False,0.9999999107141551,101738.0,1,False,0.3048721629981526,9.08,2746926.0
"Fixed 100000, uniform",10,0,23,"D 0,1 -> 12,13",101,False,0.859609548620718,101738.0,1,False,0.3049100626130834,9.22,101738.0
"Fixed 100000, uniform",10,1,22,"D 0,1 -> 11,12",101,False,1.0,101738.0,1,False,0.3048992682971905,9.14,203476.0
"Fixed 100000, uniform",10,2,3,S 1 -> 13,101,False,1.0,101738.0,1,False,0.3048992682971905,9.12,305214.0
"Fixed 100000, uniform",10,3,20,"D 0,1 -> 10,11",101,False,0.7948568998809259,101738.0,1,False,0.3048992682971905,9.15,406952.0
"Fixed 100000, uniform",10,4,63,"D 1,9 -> 11,13",101,False,1.0,101738.0,1,False,0.30489935912874183,9.17,508690.0
"Fixed 100000, uniform",10,5,3,S 1 -> 13,101,False,1.0,101738.0,1,False,0.30489935912874183,9.12,610428.0
"Fixed 100000, uniform",10,6,45,"D 1,2 -> 10,13",101,False,1.0,101738.0,1,False,0.30489935912874183,9.16,712166.0
"Fixed 100000, uniform",10,7,23,"D 0,1 -> 12,13",101,False,1.0,101738.0,1,False,0.30489935912874183,9.23,813904.0
"Fixed 100000, uniform",10,8,0,S 0 -> 10,101,False,0.99880783114409,101738.0,1,False,0.30489935912874183,9.15,915642.0
"Fixed 100000, uniform",10,9,2,S 1 -> 11,101,False,0.9988113083431792,101738.0,1,False,0.30489935905161053,9.07,1017380.0
"Fixed 100000, uniform",10,10,21,"D 0,1 -> 10,13",101,False,1.0,101738.0,1,False,0.3048993590435404,9.21,1119118.0
"Fixed 100000, uniform",10,11,40,"D 0,9 -> 10,11",101,False,1.0,101738.0,1,False,0.3048993590435404,9.34,1220856.0
"Fixed 100000, uniform",10,12,23,"D 0,1 -> 12,13",101,False,0.9999991106041504,101738.0,1,False,0.3048993590435404,9.32,1322594.0
"Fixed 100000, uniform",10,13,20,"D 0,1 -> 10,11",101,False,0.9999996990379891,101738.0,1,False,0.3048993590435404,9.23,1424332.0
"Fixed 100000, uniform",10,14,63,"D 1,9 -> 11,13",101,False,1.0,101738.0,1,False,0.3048993590435404,9.74,1526070.0
"Fixed 100000, uniform",10,15,47,"D 1,2 -> 12,13",101,False,0.8787046604681662,101738.0,1,False,0.3048993590435404,9.55,1627808.0
"Fixed 100000, uniform",10,16,41,"D 0,9 -> 10,13",101,False,1.0,101738.0,1,False,0.304868708994207,9.22,1729546.0
"Fixed 100000, uniform",10,17,1,S 0 -> 12,101,False,1.0,101738.0,1,False,0.304868708994207,9.03,1831284.0
"Fixed 100000, uniform",10,18,0,S 0 -> 10,101,False,0.9999999999999934,101738.0,1,False,0.304868708994207,8.94,1933022.0
"Fixed 100000, uniform",10,19,3,S 1 -> 13,101,False,1.0,101738.0,1,False,0.304868708994207,9.01,2034760.0
"Fixed 100000, uniform",10,20,22,"D 0,1 -> 11,12",101,False,1.0,101738.0,1,False,0.304868708994207,9.27,2136498.0
"Fixed 100000, uniform",10,21,59,"D 1,8 -> 10,11",101,False,1.0,101738.0,1,False,0.304868708994207,9.02,2238236.0
"Fixed 100000, uniform",10,22,25,"D 0,3 -> 10,11",101,False,0.9536086262525183,101738.0,1,False,0.304868708994207,8.97,2339974.0
"Fixed 100000, uniform",10,23,0,S 0 -> 10,101,False,0.9999999485969695,101738.0,1,False,0.30486870947004713,9.0,2441712.0
"Fixed 100000, uniform",10,24,20,"D 0,1 -> 10,11",101,False,0.9999998921127159,101738.0,1,False,0.30486870947628947,8.92,2543450.0
"Fixed 100000, uniform",10,25,0,S 0 -> 10,101,False,0.9999999843352659,101738.0,1,False,0.30486870947628947,8.91,2645188.0
"Fixed 100000, uniform",10,26,3,S 1 -> 13,101,False,1.0,101738.0,1,False,0.3048687094828062,8.97,2746926.0
"Fixed 100000, uniform",11,0,20,"D 0,1 -> 10,11",101,False,0.794495272331715,101738.0,1,False,0.3049100626130834,9.75,101738.0
"Fixed 100000, uniform",11,1,41,"D 0,9 -> 10,13",101,False,1.0,101738.0,1,False,0.30491006261308334,9.58,203476.0
"Fixed 100000, uniform",11,2,21,"D 0,1 -> 10,13",101,False,1.0,101738.0,1,False,0.30491006261308334,9.53,305214.0
"Fixed 100000, uniform",11,3,3,S 1 -> 13,101,False,1.0,101738.0,1,False,0.30491006261308334,9.45,406952.0
"Fixed 100000, uniform",11,4,0,S 0 -> 10,101,False,0.9988447126248534,101738.0,1,False,0.30491006261308334,9.42,508690.0
"Fixed 100000, uniform",11,5,1,S 0 -> 12,101,False,1.0,101738.0,1,False,0.30491006261308334,9.4,610428.0
"Fixed 100000, uniform",11,6,22,"D 0,1 -> 11,12",101,False,1.0,101738.0,1,False,0.30491006261308334,9.45,712166.0
"Fixed 100000, uniform",11,7,39,"D 0,8 -> 10,12",101,False,1.0,101738.0,1,False,0.30491006261308334,9.34,813904.0
"Fixed 100000, uniform",11,8,22,"D 0,1 -> 11,12",101,False,1.0,101738.0,1,False,0.30491006261308334,9.13,915642.0
"Fixed 100000, uniform",11,9,23,"D 0,1 -> 12,13",101,False,0.8601489948362613,101738.0,1,False,0.30491006261308334,9.08,1017380.0
"Fixed 100000, uniform",11,10,2,S 1 -> 11,101,False,0.9988113083439552,101738.0,1,False,0.30489935905162063,9.14,1119118.0
"Fixed 100000, uniform",11,11,46,"D 1,2 -> 11,12",101,False,1.0,101738.0,1,False,0.30489935897852427,9.14,1220856.0
"Fixed 100000, uniform",11,12,2,S 1 -> 11,101,False,0.9999999999698361,101738.0,1,False,0.30489935897710907,9.14,1322594.0
"Fixed 100000, uniform",11,13,22,"D 0,1 -> 11,12",101,False,1.0,101738.0,1,False,0.3048993589747329,9.13,1424332.0
"Fixed 100000, uniform",11,14,2,S 1 -> 11,101,False,0.9999999999866921,101738.0,1,False,0.3048993589751109,9.44,1526070.0
"Fixed 100000, uniform",11,15,22,"D 0,1 -> 11,12",101,False,1.0,101738.0,1,False,0.3048993589751109,9.46,1627808.0
"Fixed 100000, uniform",11,16,22,"D 0,1 -> 11,12",101,False,1.0,101738.0,1,False,0.3048993589751109,9.05,1729546.0
"Fixed 100000, uniform",11,17,0,S 0 -> 10,101,False,0.9999999990238201,101738.0,1,False,0.3048993589751109,9.09,1831284.0
"Fixed 100000, uniform",11,18,3,S 1 -> 13,101,False,1.0,101738.0,1,False,0.3048993589751109,9.03,1933022.0
"Fixed 100000, uniform",11,19,23,"D 0,1 -> 12,13",101,False,0.999999997759552,101738.0,1,False,0.3048993589751109,9.1,2034760.0
"Fixed 100000, uniform",11,20,23,"D 0,1 -> 12,13",101,False,0.999999997759552,101738.0,1,False,0.3048993589751109,9.26,2136498.0
"Fixed 100000, uniform",11,21,0,S 0 -> 10,101,False,0.9999999990238201,101738.0,1,False,0.3048993589751109,9.08,2238236.0
"Fixed 100000, uniform",11,22,22,"D 0,1 -> 11,12",101,False,1.0,101738.0,1,False,0.3048993589751109,8.99,2339974.0
"Fixed 100000, uniform",11,23,21,"D 0,1 -> 10,13",101,False,1.0,101738.0,1,False,0.3048993589751109,9.27,2441712.0
"Fixed 100000, uniform",11,24,2,S 1 -> 11,101,False,0.9999999999866921,101738.0,1,False,0.3048993589751109,9.16,2543450.0
"Fixed 100000, uniform",11,25,27,"D 0,3 -> 11,12",101,False,1.0,101738.0,1,False,0.3048993589751109,9.13,2645188.0
"Fixed 100000, uniform",11,26,21,"D 0,1 -> 10,13",101,False,1.0,101738.0,1,False,0.3048993589751109,9.11,2746926.0
"Fixed 316228, designed",0,0,35,"D 0,7 -> 10,11",101,False,0.9982148097401137,317406.0,1,False,0.3049100626130834,9.33,317406.0
"Fixed 316228, designed",0,1,31,"D 0,5 -> 10,13",101,False,0.9541477953780926,317406.0,1,False,0.30491006261308345,9.68,634812.0
"Fixed 316228, designed",0,2,80,"D 2,9 -> 10,13",101,False,1.0,317406.0,1,False,0.3048991895155008,9.64,952218.0
"Fixed 316228, designed",0,3,47,"D 1,2 -> 12,13",101,False,0.8799129806146,317406.0,1,False,0.3048991895155008,9.61,1269624.0
"Fixed 316228, designed",0,4,22,"D 0,1 -> 11,12",101,False,1.0,317405.0,1,False,0.30486901275110123,9.71,1587029.0
"Fixed 316228, designed",0,5,101,"D 4,5 -> 12,13",101,True,0.0,317405.0,1,False,0.30486901275610206,9.63,1904434.0
"Fixed 316228, designed",0,6,92,"D 3,7 -> 11,13",64,False,1.0,317397.0,1,False,0.20381966944913146,9.45,2221831.0
"Fixed 316228, designed",0,7,36,"D 0,7 -> 10,13",64,False,1.0,317397.0,1,False,0.20381966944913146,9.53,2539228.0
"Fixed 316228, designed",0,8,55,"D 1,6 -> 10,13",64,False,1.0,317397.0,1,False,0.20381966944913146,9.37,2856625.0
"Fixed 316228, designed",0,9,138,"D 8,9 -> 11,12",64,False,1.0,317397.0,1,False,0.20381966944913146,9.36,3174022.0
"Fixed 316228, designed",0,10,25,"D 0,3 -> 10,11",64,False,0.9334520213002021,317397.0,1,False,0.20381966944913146,9.39,3491419.0
"Fixed 316228, designed",0,11,41,"D 0,9 -> 10,13",64,False,1.0,317397.0,1,False,0.20381467312911242,8.96,3808816.0
"Fixed 316228, designed",0,12,61,"D 1,8 -> 11,12",64,False,1.0,317397.0,1,False,0.2038146728701913,9.21,4126213.0
"Fixed 316228, designed",0,13,53,"D 1,5 -> 11,13",64,False,0.9001659790481358,317397.0,1,False,0.2038146728701913,9.16,4443610.0
"Fixed 316228, designed",0,14,81,"D 2,9 -> 11,12",64,False,1.0,317397.0,1,False,0.203814624463566,9.16,4761007.0
"Fixed 316228, designed",0,15,53,"D 1,5 -> 11,13",64,False,0.9999995633544784,317397.0,1,False,0.203814624463566,9.19,5078404.0
"Fixed 316228, designed",0,16,50,"D 1,4 -> 10,13",64,False,0.9547514390293884,317397.0,1,False,0.203814624463566,9.24,5395801.0
"Fixed 316228, designed",0,17,29,"D 0,4 -> 10,12",64,False,0.9000250505439201,317397.0,1,False,0.2038146143560434,9.67,5713198.0
"Fixed 316228, designed",0,18,73,"D 2,6 -> 10,12",64,False,1.0,317397.0,1,False,0.20381450052964453,9.61,6030595.0
"Fixed 316228, designed",0,19,123,"D 6,7 -> 10,13",64,False,1.0,317397.0,1,False,0.20381450052964453,9.89,6347992.0
"Fixed 316228, designed",0,20,80,"D 2,9 -> 10,13",64,False,1.0,317397.0,1,False,0.20381450052964453,9.51,6665389.0
"Fixed 316228, designed",0,21,43,"D 0,9 -> 12,13",64,False,1.0,317397.0,1,False,0.20381450052964453,9.21,6982786.0
"Fixed 316228, designed",0,22,33,"D 0,5 -> 12,13",64,False,1.0,317397.0,1,False,0.20381450052964453,9.13,7300183.0
"Fixed 316228, designed",0,23,34,"D 0,6 -> 10,12",64,False,1.0,317397.0,1,False,0.20381450052964453,9.12,7617580.0
"Fixed 316228, designed",0,24,43,"D 0,9 -> 12,13",64,False,1.0,317397.0,1,False,0.20381450052964453,9.12,7934977.0
"Fixed 316228, designed",0,25,23,"D 0,1 -> 12,13",64,False,0.7974185179633915,317397.0,1,False,0.20381450052964453,9.22,8252374.0
"Fixed 316228, designed",0,26,57,"D 1,6 -> 12,13",64,False,0.8740009074110581,317397.0,1,False,0.20381448797519963,8.99,8569771.0
"Fixed 316228, designed",1,0,31,"D 0,5 -> 10,13",101,False,0.954145166695978,317406.0,1,False,0.3049100626130834,9.14,317406.0
"Fixed 316228, designed",1,1,32,"D 0,5 -> 11,12",101,False,0.9743947070242597,317406.0,1,False,0.30489918825701445,9.3,634812.0
"Fixed 316228, designed",1,2,30,"D 0,5 -> 10,11",101,False,1.0,317406.0,1,False,0.30490260106978434,9.22,952218.0
"Fixed 316228, designed",1,3,0,S 0 -> 10,101,False,0.9993654149833099,317406.0,1,False,0.30490260109186507,9.5,1269624.0
"Fixed 316228, designed",1,4,61,"D 1,8 -> 11,12",101,False,1.0,317406.0,1,False,0.30490259747624804,9.67,1587030.0
"Fixed 316228, designed",1,5,33,"D 0,5 -> 12,13",101,False,1.0,317406.0,1,False,0.30490259747624804,9.43,1904436.0
"Fixed 316228, designed",1,6,55,"D 1,6 -> 10,13",101,False,1.0,317406.0,1,False,0.30490259747624804,9.44,2221842.0
"Fixed 316228, designed",1,7,46,"D 1,2 -> 11,12",101,False,1.0,317406.0,1,False,0.30490259747624804,9.37,2539248.0
"Fixed 316228, designed",1,8,34,"D 0,6 -> 10,12",101,False,1.0,317406.0,1,False,0.30490259747624804,9.43,2856654.0
"Fixed 316228, designed",1,9,32,"D 0,5 -> 11,12",101,False,0.9999999569582476,317406.0,1,False,0.30490259747624804,9.22,3174060.0
"Fixed 316228, designed",1,10,62,"D 1,8 -> 12,13",101,False,1.0,317406.0,1,False,0.3049025974807227,9.22,3491466.0
"Fixed 316228, designed",1,11,40,"D 0,9 -> 10,11",101,False,1.0,317406.0,1,False,0.3049025974791653,9.19,3808872.0
"Fixed 316228, designed",1,12,0,S 0 -> 10,101,False,0.9999999999108753,317406.0,1,False,0.3049025974791653,9.05,4126278.0
"Fixed 316228, designed",1,13,61,"D 1,8 -> 11,12",101,False,1.0,317406.0,1,False,0.3049025974791653,9.19,4443684.0
"Fixed 316228, designed",1,14,53,"D 1,5 -> 11,13",101,False,0.9288873370446238,317406.0,1,False,0.3049025974791653,9.18,4761090.0
"Fixed 316228, designed",1,15,92,"D 3,7 -> 11,13",101,False,1.0,317406.0,1,False,0.3048952678097953,9.19,5078496.0
"Fixed 316228, designed",1,16,24,"D 0,2 -> 10,12",101,False,1.0,317406.0,1,False,0.3048952678097953,9.19,5395902.0
"Fixed 316228, designed",1,17,26,"D 0,3 -> 10,13",101,False,1.0,317406.0,1,False,0.3048952678097953,9.08,5713308.0
"Fixed 316228, designed",1,18,76,"D 2,7 -> 11,12",101,False,1.0,317406.0,1,False,0.3048952678097953,9.05,6030714.0
"Fixed 316228, designed",1,19,23,"D 0,1 -> 12,13",101,False,0.859629252244659,317406.0,1,False,0.3048952678097953,9.05,6348120.0
"Fixed 316228, designed",1,20,38,"D 0,7 -> 12,13",101,False,0.9127518019940803,317406.0,1,False,0.30488448586875205,9.05,6665526.0
"Fixed 316228, designed",1,21,55,"D 1,6 -> 10,13",101,False,1.0,317405.0,1,False,0.30487988734044397,9.12,6982931.0
"Fixed 316228, designed",1,22,31,"D 0,5 -> 10,13",101,False,0.999999999215394,317405.0,1,False,0.30487988735762944,9.09,7300336.0
"Fixed 316228, designed",1,23,24,"D 0,2 -> 10,12",101,False,1.0,317405.0,1,False,0.3048798873560817,9.09,7617741.0
"Fixed 316228, designed",1,24,57,"D 1,6 -> 12,13",101,False,0.9128149857552984,317405.0,1,False,0.30487988735512545,9.06,7935146.0
"Fixed 316228, designed",1,25,61,"D 1,8 -> 11,12",101,False,1.0,317405.0,1,False,0.3048753294709255,9.07,8252551.0
"Fixed 316228, designed",1,26,31,"D 0,5 -> 10,13",101,False,0.9999998551011247,317405.0,1,False,0.3048753295306135,9.14,8569956.0
"Fixed 316228, designed",2,0,21,"D 0,1 -> 10,13",101,False,1.0,317406.0,1,False,0.3049100626130834,9.25,317406.0
"Fixed 316228, designed",2,1,38,"D 0,7 -> 12,13",101,False,0.9133797326915997,317406.0,1,False,0.3049100626130834,9.7,634812.0
"Fixed 316228, designed",2,2,25,"D 0,3 -> 10,11",101,False,0.9554497286666024,317405.0,1,False,0.30490559978582554,9.36,952217.0
"Fixed 316228, designed",2,3,80,"D 2,9 -> 10,13",101,False,1.0,317405.0,1,False,0.304905599785341,9.43,1269622.0
"Fixed 316228, designed",2,4,47,"D 1,2 -> 12,13",101,False,0.8800086069959979,317405.0,1,False,0.304905599786691,9.15,1587027.0
"Fixed 316228, designed",2,5,46,"D 1,2 -> 11,12",101,False,1.0,317405.0,1,False,0.30487545314453496,9.18,1904432.0
"Fixed 316228, designed",2,6,101,"D 4,5 -> 12,13",101,True,0.0,317405.0,1,False,0.30487545314453496,9.08,2221837.0
"Fixed 316228, designed",2,7,59,"D 1,8 -> 10,11",64,False,1.0,317398.0,1,False,0.20381449071600055,9.26,2539235.0
"Fixed 316228, designed",2,8,62,"D 1,8 -> 12,13",64,False,1.0,317398.0,1,False,0.20381449071600055,9.87,2856633.0
"Fixed 316228, designed",2,9,85,"D 3,4 -> 11,12",64,False,0.2341381240272955,317398.0,1,False,0.20381449071600055,9.62,3174031.0
"Fixed 316228, designed",2,10,22,"D 0,1 -> 11,12",64,False,1.0,317398.0,1,False,0.20549599875393035,9.54,3491429.0
"Fixed 316228, designed",2,11,65,"D 2,3 -> 10,13",64,False,1.0,317398.0,1,False,0.20549599875393035,9.0,3808827.0
"Fixed 316228, designed",2,12,55,"D 1,6 -> 10,13",64,False,1.0,317398.0,1,False,0.20549599875393035,9.18,4126225.0
"Fixed 316228, designed",2,13,31,"D 0,5 -> 10,13",64,False,0.9453718574303237,317398.0,1,False,0.20549599875393035,9.32,4443623.0
"Fixed 316228, designed",2,14,45,"D 1,2 -> 10,13",64,False,1.0,317398.0,1,False,0.20549600204142013,9.3,4761021.0
"Fixed 316228, designed",2,15,60,"D 1,8 -> 10,13",64,False,1.0,317398.0,1,False,0.20549600204142013,9.28,5078419.0
"Fixed 316228, designed",2,16,5,S 2 -> 12,64,False,1.0,317398.0,1,False,0.20549600204142013,9.3,5395817.0
"Fixed 316228, designed",2,17,34,"D 0,6 -> 10,12",64,False,1.0,317398.0,1,False,0.20549600204142013,9.4,5713215.0
"Fixed 316228, designed",2,18,33,"D 0,5 -> 12,13",64,False,1.0,317398.0,1,False,0.20549600204142013,9.42,6030613.0
"Fixed 316228, designed",2,19,52,"D 1,4 -> 12,13",64,False,1.0,317398.0,1,False,0.20549600204142013,9.46,6348011.0
"Fixed 316228, designed",2,20,44,"D 1,2 -> 10,11",64,False,0.9349846883110562,317398.0,1,False,0.20549600204142013,9.46,6665409.0
"Fixed 316228, designed",2,21,60,"D 1,8 -> 10,13",64,False,1.0,317398.0,1,False,0.20549114441476773,9.45,6982807.0
"Fixed 316228, designed",2,22,2,S 1 -> 11,64,False,0.9978558305106937,317398.0,1,False,0.20549114295955737,9.46,7300205.0
"Fixed 316228, designed",2,23,59,"D 1,8 -> 10,11",64,False,1.0,317398.0,1,False,0.20549129110166886,9.37,7617603.0
"Fixed 316228, designed",2,24,29,"D 0,4 -> 10,12",64,False,0.8984140403255734,317398.0,1,False,0.20549129110166886,9.4,7935001.0
"Fixed 316228, designed",2,25,22,"D 0,1 -> 11,12",64,False,1.0,317398.0,1,False,0.2054912589238171,9.33,8252399.0
"Fixed 316228, designed",2,26,31,"D 0,5 -> 10,13",64,False,0.9999950586100347,317398.0,1,False,0.20549125895624118,8.97,8569797.0
"Fixed 316228, designed",3,0,101,"D 4,5 -> 12,13",101,True,0.0,317406.0,1,False,0.3049100626130834,9.79,317406.0
"Fixed 316228, designed",3,1,21,"D 0,1 -> 10,13",64,False,1.0,317398.0,1,False,0.20381957163511183,9.76,634804.0
"Fixed 316228, designed",3,2,47,"D 1,2 -> 12,13",64,False,0.835864418482908,317398.0,1,False,0.20381957163511183,9.75,952202.0
"Fixed 316228, designed",3,3,56,"D 1,6 -> 11,12",64,False,1.0,317397.0,1,False,0.20381945001854662,9.68,1269599.0
"Fixed 316228, designed",3,4,55,"D 1,6 -> 10,13",64,False,1.0,317397.0,1,False,0.20381945001854662,9.66,1586996.0
"Fixed 316228, designed",3,5,55,"D 1,6 -> 10,13",64,False,1.0,317397.0,1,False,0.20381945001854662,9.67,1904393.0
"Fixed 316228, designed",3,6,59,"D 1,8 -> 10,11",64,False,1.0,317397.0,1,False,0.20381945001854662,9.48,2221790.0
"Fixed 316228, designed",3,7,29,"D 0,4 -> 10,12",64,False,0.899819102387589,317397.0,1,False,0.20381945001854662,9.69,2539187.0
"Fixed 316228, designed",3,8,39,"D 0,8 -> 10,12",64,False,1.0,317397.0,1,False,0.20381940096845994,9.57,2856584.0
"Fixed 316228, designed",3,9,46,"D 1,2 -> 11,12",64,False,1.0,317397.0,1,False,0.20381940096845994,9.45,3173981.0
"Fixed 316228, designed",3,10,46,"D 1,2 -> 11,12",64,False,1.0,317397.0,1,False,0.20381940096845994,9.35,3491378.0
"Fixed 316228, designed",3,11,27,"D 0,3 -> 11,12",64,False,1.0,317397.0,1,False,0.20381940096845994,9.0,3808775.0
"Fixed 316228, designed",3,12,47,"D 1,2 -> 12,13",64,False,0.9999999999999998,317397.0,1,False,0.20381940096845994,9.15,4126172.0
"Fixed 316228, designed",3,13,28,"D 0,3 -> 12,13",64,False,0.8364713726277344,317397.0,1,False,0.20381940096845994,9.18,4443569.0
"Fixed 316228, designed",3,14,30,"D 0,5 -> 10,11",64,False,1.0,317398.0,1,False,0.2038192811531604,9.14,4760967.0
"Fixed 316228, designed",3,15,27,"D 0,3 -> 11,12",64,False,1.0,317398.0,1,False,0.2038192811531604,9.14,5078365.0
"Fixed 316228, designed",3,16,30,"D 0,5 -> 10,11",64,False,1.0,317398.0,1,False,0.2038192811531604,9.17,5395763.0
"Fixed 316228, designed",3,17,80,"D 2,9 -> 10,13",64,False,1.0,317398.0,1,False,0.2038192811531604,9.6,5713161.0
"Fixed 316228, designed",3,18,96,"D 3,8 -> 12,13",64,False,1.0,317398.0,1,False,0.2038192811531604,9.63,6030559.0
"Fixed 316228, designed",3,19,32,"D 0,5 -> 11,12",64,False,0.9547833464406624,317398.0,1,False,0.2038192811531604,9.6,6347957.0
"Fixed 316228, designed",3,20,24,"D 0,2 -> 10,12",64,False,1.0,317398.0,1,False,0.20381927105252198,9.51,6665355.0
"Fixed 316228, designed",3,21,28,"D 0,3 -> 12,13",64,False,0.9999996415651345,317398.0,1,False,0.20381927105554784,9.32,6982753.0
"Fixed 316228, designed",3,22,2,S 1 -> 11,64,False,0.9987798032680979,317398.0,1,False,0.20381927105554784,9.27,7300151.0
"Fixed 316228, designed",3,23,45,"D 1,2 -> 10,13",64,False,1.0,317398.0,1,False,0.20381935343322924,9.29,7617549.0
"Fixed 316228, designed",3,24,54,"D 1,6 -> 10,11",64,False,0.9973187878724958,317398.0,1,False,0.20381935343635454,9.45,7934947.0
"Fixed 316228, designed",3,25,52,"D 1,4 -> 12,13",64,False,1.0,317398.0,1,False,0.2038195958888532,9.3,8252345.0
"Fixed 316228, designed",3,26,31,"D 0,5 -> 10,13",64,False,0.9461190812673068,317398.0,1,False,0.2038195958888532,9.05,8569743.0
"Fixed 316228, designed",4,0,37,"D 0,7 -> 11,12",101,False,1.0,317406.0,1,False,0.3049100626130834,9.25,317406.0
"Fixed 316228, designed",4,1,29,"D 0,4 -> 10,12",101,False,0.9287937803225222,317406.0,1,False,0.3049100626130834,9.48,634812.0
"Fixed 316228, designed",4,2,33,"D 0,5 -> 12,13",101,False,1.0,317406.0,1,False,0.3049027073654668,9.52,952218.0
"Fixed 316228, designed",4,3,58,"D 1,7 -> 11,13",101,False,1.0,317406.0,1,False,0.3049027073654668,9.59,1269624.0
"Fixed 316228, designed",4,4,50,"D 1,4 -> 10,13",101,False,0.9747210369728937,317406.0,1,False,0.3049027073654668,9.56,1587030.0
"Fixed 316228, designed",4,5,33,"D 0,5 -> 12,13",101,False,1.0,317405.0,1,False,0.3049061128181042,9.53,1904435.0
"Fixed 316228, designed",4,6,46,"D 1,2 -> 11,12",101,False,1.0,317405.0,1,False,0.3049061128181042,9.46,2221840.0
"Fixed 316228, designed",4,7,0,S 0 -> 10,101,False,0.9991843036942485,317405.0,1,False,0.3049061128181042,9.86,2539245.0
"Fixed 316228, designed",4,8,50,"D 1,4 -> 10,13",101,False,0.9999999999431797,317405.0,1,False,0.30490610956887826,9.56,2856650.0
"Fixed 316228, designed",4,9,30,"D 0,5 -> 10,11",101,False,1.0,317405.0,1,False,0.30490610956887826,9.28,3174055.0
"Fixed 316228, designed",4,10,52,"D 1,4 -> 12,13",101,False,1.0,317405.0,1,False,0.30490610956887826,9.31,3491460.0
"Fixed 316228, designed",4,11,115,"D 5,6 -> 12,13",101,False,1.0,317405.0,1,False,0.30490610956887826,8.92,3808865.0
"Fixed 316228, designed",4,12,86,"D 3,4 -> 12,13",101,False,1.0,317405.0,1,False,0.30490610956887826,9.06,4126270.0
"Fixed 316228, designed",4,13,60,"D 1,8 -> 10,13",101,False,1.0,317405.0,1,False,0.30490610956887826,9.25,4443675.0
"Fixed 316228, designed",4,14,70,"D 2,5 -> 10,13",101,False,0.4964745657832612,317405.0,1,False,0.30490610956887826,9.23,4761080.0
"Fixed 316228, designed",4,15,45,"D 1,2 -> 10,13",101,False,1.0,317395.0,1,False,0.30603178456705343,9.32,5078475.0
"Fixed 316228, designed",4,16,3,S 1 -> 13,101,False,1.0,317395.0,1,False,0.30603178456705343,9.29,5395870.0
"Fixed 316228, designed",4,17,20,"D 0,1 -> 10,11",101,False,0.7954640792653749,317395.0,1,False,0.30603178456705343,9.12,5713265.0
"Fixed 316228, designed",4,18,25,"D 0,3 -> 10,11",101,False,0.9535963868234396,317394.0,1,False,0.30603177249658065,9.12,6030659.0
"Fixed 316228, designed",4,19,50,"D 1,4 -> 10,13",101,False,0.9999998076074262,317394.0,1,False,0.306031749559675,9.16,6348053.0
"Fixed 316228, designed",4,20,24,"D 0,2 -> 10,12",101,False,1.0,317394.0,1,False,0.30603174953586976,9.12,6665447.0
"Fixed 316228, designed",4,21,71,"D 2,5 -> 11,12",101,False,0.794595141429108,317394.0,1,False,0.3060317494178916,9.18,6982841.0
"Fixed 316228, designed",4,22,25,"D 0,3 -> 10,11",101,False,0.9999999999983836,317395.0,1,False,0.30882624589881685,9.16,7300236.0
"Fixed 316228, designed",4,23,62,"D 1,8 -> 12,13",101,False,1.0,317395.0,1,False,0.30882624589881685,9.17,7617631.0
"Fixed 316228, designed",4,24,43,"D 0,9 -> 12,13",101,False,1.0,317395.0,1,False,0.30882624589881685,9.14,7935026.0
"Fixed 316228, designed",4,25,31,"D 0,5 -> 10,13",101,False,0.9513660633057022,317395.0,1,False,0.30882624589881685,9.13,8252421.0
"Fixed 316228, designed",4,26,36,"D 0,7 -> 10,13",101,False,1.0,317395.0,1,False,0.30881460209461,9.16,8569816.0
"Fixed 316228, designed",5,0,33,"D 0,5 -> 12,13",101,False,1.0,317406.0,1,False,0.3049100626130834,9.16,317406.0
"Fixed 316228, designed",5,1,28,"D 0,3 -> 12,13",101,False,0.8799172494907926,317406.0,1,False,0.3049100626130834,9.39,634812.0
"Fixed 316228, designed",5,2,57,"D 1,6 -> 12,13",101,False,0.9134956117391138,317405.0,1,False,0.3048798858437959,9.07,952217.0
"Fixed 316228, designed",5,3,61,"D 1,8 -> 11,12",101,False,1.0,317405.0,1,False,0.3048754531448725,9.56,1269622.0
"Fixed 316228, designed",5,4,37,"D 0,7 -> 11,12",101,False,1.0,317405.0,1,False,0.304875453145081,9.61,1587027.0
"Fixed 316228, designed",5,5,85,"D 3,4 -> 11,12",101,False,0.49635212822712027,317405.0,1,False,0.304875453145081,9.55,1904432.0
"Fixed 316228, designed",5,6,16,S 8 -> 10,101,False,1.0,317397.0,1,False,0.3060013238960869,9.58,2221829.0
"Fixed 316228, designed",5,7,52,"D 1,4 -> 12,13",101,False,1.0,317397.0,1,False,0.306001323871078,9.57,2539226.0
"Fixed 316228, designed",5,8,51,"D 1,4 -> 11,12",101,False,0.9500427934252101,317397.0,1,False,0.306001323668628,9.61,2856623.0
"Fixed 316228, designed",5,9,41,"D 0,9 -> 10,13",101,False,1.0,317397.0,1,False,0.30598949436104744,9.52,3174020.0
"Fixed 316228, designed",5,10,42,"D 0,9 -> 11,12",101,False,1.0,317397.0,1,False,0.30598949436104744,9.57,3491417.0
"Fixed 316228, designed",5,11,66,"D 2,3 -> 11,12",101,False,1.0,317397.0,1,False,0.30598949436104744,9.39,3808814.0
"Fixed 316228, designed",5,12,22,"D 0,1 -> 11,12",101,False,1.0,317397.0,1,False,0.30598949436104744,9.36,4126211.0
"Fixed 316228, designed",5,13,33,"D 0,5 -> 12,13",101,False,1.0,317397.0,1,False,0.30598949436104744,9.3,4443608.0
"Fixed 316228, designed",5,14,59,"D 1,8 -> 10,11",101,False,1.0,317397.0,1,False,0.30598949436104744,9.31,4761005.0
"Fixed 316228, designed",5,15,31,"D 0,5 -> 10,13",101,False,0.9548720390352577,317397.0,1,False,0.30598949436104744,9.35,5078402.0
"Fixed 316228, designed",5,16,74,"D 2,7 -> 10,11",101,False,0.6019033254929551,317397.0,1,False,0.3059788317077123,9.36,5395799.0
"Fixed 316228, designed",5,17,98,"D 4,5 -> 10,11",101,False,0.5195878504933047,317402.0,1,False,0.30597724793351033,9.3,5713201.0
"Fixed 316228, designed",5,18,32,"D 0,5 -> 11,12",101,False,0.9757630573619374,317406.0,1,False,0.2942732903955188,9.37,6030607.0
"Fixed 316228, designed",5,19,3,S 1 -> 13,101,False,1.0,317406.0,1,False,0.2942762248884087,9.4,6348013.0
"Fixed 316228, designed",5,20,35,"D 0,7 -> 10,11",101,False,0.9979793710520464,317406.0,1,False,0.29427622520299396,9.39,6665419.0
"Fixed 316228, designed",5,21,0,S 0 -> 10,101,False,0.9997478405883926,317406.0,1,False,0.2942762614479116,9.33,6982825.0
"Fixed 316228, designed",5,22,30,"D 0,5 -> 10,11",101,False,1.0,317406.0,1,False,0.2942762573171409,9.33,7300231.0
"Fixed 316228, designed",5,23,35,"D 0,7 -> 10,11",101,False,0.9999999590655667,317406.0,1,False,0.29427625452306655,9.28,7617637.0
"Fixed 316228, designed",5,24,49,"D 1,4 -> 10,11",101,False,1.0,317406.0,1,False,0.29427625452306655,9.28,7935043.0
"Fixed 316228, designed",5,25,32,"D 0,5 -> 11,12",101,False,0.9999997386356407,317406.0,1,False,0.29427625452306655,9.37,8252449.0
"Fixed 316228, designed",5,26,58,"D 1,7 -> 11,13",101,False,1.0,317406.0,1,False,0.2942762546534112,9.18,8569855.0
"Fixed 316228, designed",6,0,66,"D 2,3 -> 11,12",101,False,1.0,317406.0,1,False,0.3049100626130834,9.52,317406.0
"Fixed 316228, designed",6,1,43,"D 0,9 -> 12,13",101,False,1.0,317406.0,1,False,0.3049100626130834,9.23,634812.0
"Fixed 316228, designed",6,2,28,"D 0,3 -> 12,13",101,False,0.8799172494907926,317406.0,1,False,0.3049100626130834,9.28,952218.0
"Fixed 316228, designed",6,3,41,"D 0,9 -> 10,13",101,False,1.0,317405.0,1,False,0.3048798858437959,9.25,1269623.0
"Fixed 316228, designed",6,4,80,"D 2,9 -> 10,13",101,False,1.0,317405.0,1,False,0.3048798858437959,9.26,1587028.0
"Fixed 316228, designed",6,5,20,"D 0,1 -> 10,11",101,False,0.7944750777087135,317405.0,1,False,0.3048798858437959,9.24,1904433.0
"Fixed 316228, designed",6,6,63,"D 1,9 -> 11,13",101,False,1.0,317405.0,1,False,0.3048798858920823,9.12,2221838.0
"Fixed 316228, designed",6,7,57,"D 1,6 -> 12,13",101,False,0.9134956557084842,317405.0,1,False,0.30487988588997117,9.24,2539243.0
"Fixed 316228, designed",6,8,1,S 0 -> 12,101,False,1.0,317405.0,1,False,0.3048754531993048,9.16,2856648.0
"Fixed 316228, designed",6,9,80,"D 2,9 -> 10,13",101,False,1.0,317405.0,1,False,0.3048754531993048,9.19,3174053.0
"Fixed 316228, designed",6,10,34,"D 0,6 -> 10,12",101,False,1.0,317405.0,1,False,0.3048754531993048,9.25,3491458.0
"Fixed 316228, designed",6,11,25,"D 0,3 -> 10,11",101,False,0.9542288800120985,317405.0,1,False,0.3048754531993048,9.05,3808863.0
"Fixed 316228, designed",6,12,60,"D 1,8 -> 10,13",101,False,1.0,317405.0,1,False,0.3048755534771737,9.22,4126268.0
"Fixed 316228, designed",6,13,85,"D 3,4 -> 11,12",101,False,0.49631839525995913,317405.0,1,False,0.3048755534771737,9.54,4443673.0
"Fixed 316228, designed",6,14,46,"D 1,2 -> 11,12",101,False,1.0,317397.0,1,False,0.30600131665326025,9.63,4761070.0
"Fixed 316228, designed",6,15,39,"D 0,8 -> 10,12",101,False,1.0,317397.0,1,False,0.30600131665326025,9.17,5078467.0
"Fixed 316228, designed",6,16,3,S 1 -> 13,101,False,1.0,317397.0,1,False,0.30600131665326025,9.17,5395864.0
"Fixed 316228, designed",6,17,27,"D 0,3 -> 11,12",101,False,1.0,317397.0,1,False,0.30600131665326025,9.25,5713261.0
"Fixed 316228, designed",6,18,26,"D 0,3 -> 10,13",101,False,1.0,317397.0,1,False,0.30600131665326025,9.24,6030658.0
"Fixed 316228, designed",6,19,1,S 0 -> 12,101,False,1.0,317397.0,1,False,0.30600131665326025,9.26,6348055.0
"Fixed 316228, designed",6,20,26,"D 0,3 -> 10,13",101,False,1.0,317397.0,1,False,0.30600131665326025,9.36,6665452.0
"Fixed 316228, designed",6,21,120,"D 5,8 -> 12,13",101,False,1.0,317397.0,1,False,0.30600131665326025,9.31,6982849.0
"Fixed 316228, designed",6,22,22,"D 0,1 -> 11,12",101,False,1.0,317397.0,1,False,0.30600131665326025,9.17,7300246.0
"Fixed 316228, designed",6,23,56,"D 1,6 -> 11,12",101,False,1.0,317397.0,1,False,0.30600131665326025,9.21,7617643.0
"Fixed 316228, designed",6,24,52,"D 1,4 -> 12,13",101,False,1.0,317397.0,1,False,0.30600131665326025,9.21,7935040.0
"Fixed 316228, designed",6,25,35,"D 0,7 -> 10,11",101,False,0.997982958432804,317397.0,1,False,0.30600131665326025,9.22,8252437.0
"Fixed 316228, designed",6,26,20,"D 0,1 -> 10,11",101,False,0.9999999065533182,317397.0,1,False,0.30600131666848907,9.15,8569834.0
"Fixed 316228, designed",7,0,58,"D 1,7 -> 11,13",101,False,1.0,317406.0,1,False,0.3049100626130834,9.77,317406.0
"Fixed 316228, designed",7,1,36,"D 0,7 -> 10,13",101,False,1.0,317406.0,1,False,0.3049100626130834,9.5,634812.0
"Fixed 316228, designed",7,2,58,"D 1,7 -> 11,13",101,False,1.0,317406.0,1,False,0.3049100626130834,9.43,952218.0
"Fixed 316228, designed",7,3,42,"D 0,9 -> 11,12",101,False,1.0,317406.0,1,False,0.3049100626130834,9.38,1269624.0
"Fixed 316228, designed",7,4,43,"D 0,9 -> 12,13",101,False,1.0,317406.0,1,False,0.3049100626130834,9.37,1587030.0
"Fixed 316228, designed",7,5,52,"D 1,4 -> 12,13",101,False,1.0,317406.0,1,False,0.3049100626130834,9.32,1904436.0
"Fixed 316228, designed",7,6,26,"D 0,3 -> 10,13",101,False,1.0,317406.0,1,False,0.3049100626130834,9.16,2221842.0
"Fixed 316228, designed",7,7,43,"D 0,9 -> 12,13",101,False,1.0,317406.0,1,False,0.3049100626130834,9.23,2539248.0
"Fixed 316228, designed",7,8,54,"D 1,6 -> 10,11",101,False,0.9982148097401137,317406.0,1,False,0.3049100626130834,9.19,2856654.0
"Fixed 316228, designed",7,9,41,"D 0,9 -> 10,13",101,False,1.0,317406.0,1,False,0.30491006261308345,9.15,3174060.0
"Fixed 316228, designed",7,10,48,"D 1,3 -> 11,13",101,False,1.0,317406.0,1,False,0.30491006261308345,9.27,3491466.0
"Fixed 316228, designed",7,11,42,"D 0,9 -> 11,12",101,False,1.0,317406.0,1,False,0.30491006261308345,8.96,3808872.0
"Fixed 316228, designed",7,12,59,"D 1,8 -> 10,11",101,False,1.0,317406.0,1,False,0.30491006261308345,9.14,4126278.0
"Fixed 316228, designed",7,13,50,"D 1,4 -> 10,13",101,False,0.9746526797140301,317406.0,1,False,0.30491006261308345,9.1,4443684.0
"Fixed 316228, designed",7,14,24,"D 0,2 -> 10,12",101,False,1.0,317406.0,1,False,0.3049134744121818,9.14,4761090.0
"Fixed 316228, designed",7,15,48,"D 1,3 -> 11,13",101,False,1.0,317406.0,1,False,0.3049134744121818,9.18,5078496.0
"Fixed 316228, designed",7,16,53,"D 1,5 -> 11,13",101,False,0.9288874389480555,317406.0,1,False,0.3049134744121818,9.69,5395902.0
"Fixed 316228, designed",7,17,50,"D 1,4 -> 10,13",101,False,0.999999999999563,317405.0,1,False,0.30490609672913005,9.23,5713307.0
"Fixed 316228, designed",7,18,63,"D 1,9 -> 11,13",101,False,1.0,317405.0,1,False,0.30490609672913005,9.29,6030712.0
"Fixed 316228, designed",7,19,26,"D 0,3 -> 10,13",101,False,1.0,317405.0,1,False,0.30490609672913005,9.18,6348117.0
"Fixed 316228, designed",7,20,23,"D 0,1 -> 12,13",101,False,0.8596144798259779,317405.0,1,False,0.30490609672913005,9.14,6665522.0
"Fixed 316228, designed",7,21,30,"D 0,5 -> 10,11",101,False,1.0,317405.0,1,False,0.30489530651089225,9.1,6982927.0
"Fixed 316228, designed",7,22,31,"D 0,5 -> 10,13",101,False,0.954265919499468,317405.0,1,False,0.30489530651089225,9.12,7300332.0
"Fixed 316228, designed",7,23,113,"D 5,6 -> 10,13",101,False,0.48589563631317256,317406.0,1,False,0.3048844740310223,9.26,7617738.0
"Fixed 316228, designed",7,24,66,"D 2,3 -> 11,12",101,False,1.0,317401.0,1,False,0.3007480580820653,9.3,7935139.0
"Fixed 316228, designed",7,25,80,"D 2,9 -> 10,13",101,False,1.0,317401.0,1,False,0.3007480580820653,9.18,8252540.0
"Fixed 316228, designed",7,26,62,"D 1,8 -> 12,13",101,False,1.0,317401.0,1,False,0.3007480580820653,9.01,8569941.0
"Fixed 316228, designed",8,0,37,"D 0,7 -> 11,12",101,False,1.0,317406.0,1,False,0.3049100626130834,9.41,317406.0
"Fixed 316228, designed",8,1,30,"D 0,5 -> 10,11",101,False,1.0,317406.0,1,False,0.3049100626130834,9.18,634812.0
"Fixed 316228, designed",8,2,53,"D 1,5 -> 11,13",101,False,0.9287937803225222,317406.0,1,False,0.3049100626130834,9.27,952218.0
"Fixed 316228, designed",8,3,40,"D 0,9 -> 10,11",101,False,1.0,317406.0,1,False,0.3049027073654668,9.31,1269624.0
"Fixed 316228, designed",8,4,24,"D 0,2 -> 10,12",101,False,1.0,317406.0,1,False,0.3049027073654668,9.2,1587030.0
"Fixed 316228, designed",8,5,53,"D 1,5 -> 11,13",101,False,0.9999999999981249,317406.0,1,False,0.3049027073654668,9.09,1904436.0
"Fixed 316228, designed",8,6,39,"D 0,8 -> 10,12",101,False,1.0,317406.0,1,False,0.3049027073654668,9.12,2221842.0
"Fixed 316228, designed",8,7,30,"D 0,5 -> 10,11",101,False,1.0,317406.0,1,False,0.3049027073654668,9.55,2539248.0
"Fixed 316228, designed",8,8,40,"D 0,9 -> 10,11",101,False,1.0,317406.0,1,False,0.3049027073654668,9.33,2856654.0
"Fixed 316228, designed",8,9,101,"D 4,5 -> 12,13",101,True,0.0,317406.0,1,False,0.3049027073654668,9.46,3174060.0
"Fixed 316228, designed",8,10,43,"D 0,9 -> 12,13",64,False,1.0,317398.0,1,False,0.20381952258602393,9.4,3491458.0
"Fixed 316228, designed",8,11,25,"D 0,3 -> 10,11",64,False,0.9333546209635153,317398.0,1,False,0.20381952258602393,8.95,3808856.0
"Fixed 316228, designed",8,12,44,"D 1,2 -> 10,11",64,False,0.9331804271948846,317398.0,1,False,0.20381456996513278,9.12,4126254.0
"Fixed 316228, designed",8,13,38,"D 0,7 -> 12,13",64,False,0.8740556368136712,317398.0,1,False,0.20380961752881777,9.06,4443652.0
"Fixed 316228, designed",8,14,48,"D 1,3 -> 11,13",64,False,1.0,317398.0,1,False,0.20380961065347886,9.13,4761050.0
"Fixed 316228, designed",8,15,62,"D 1,8 -> 12,13",64,False,1.0,317398.0,1,False,0.20380961063794667,9.12,5078448.0
"Fixed 316228, designed",8,16,32,"D 0,5 -> 11,12",64,False,0.9547399845384497,317398.0,1,False,0.20380961063801498,9.12,5395846.0
"Fixed 316228, designed",8,17,39,"D 0,8 -> 10,12",64,False,1.0,317398.0,1,False,0.20380958335793423,9.04,5713244.0
"Fixed 316228, designed",8,18,41,"D 0,9 -> 10,13",64,False,1.0,317398.0,1,False,0.20380958360452012,9.13,6030642.0
"Fixed 316228, designed",8,19,36,"D 0,7 -> 10,13",64,False,1.0,317398.0,1,False,0.20380958360452012,9.04,6348040.0
"Fixed 316228, designed",8,20,58,"D 1,7 -> 11,13",64,False,1.0,317398.0,1,False,0.20380958360452012,9.06,6665438.0
"Fixed 316228, designed",8,21,58,"D 1,7 -> 11,13",64,False,1.0,317398.0,1,False,0.20380958360452012,9.01,6982836.0
"Fixed 316228, designed",8,22,27,"D 0,3 -> 11,12",64,False,1.0,317398.0,1,False,0.20380958360452012,9.02,7300234.0
"Fixed 316228, designed",8,23,22,"D 0,1 -> 11,12",64,False,1.0,317398.0,1,False,0.20380958360452012,9.09,7617632.0
"Fixed 316228, designed",8,24,43,"D 0,9 -> 12,13",64,False,1.0,317398.0,1,False,0.20380958360452012,9.09,7935030.0
"Fixed 316228, designed",8,25,120,"D 5,8 -> 12,13",64,False,1.0,317398.0,1,False,0.20380958360452012,9.16,8252428.0
"Fixed 316228, designed",8,26,48,"D 1,3 -> 11,13",64,False,1.0,317398.0,1,False,0.20380958360452012,9.14,8569826.0
"Fixed 316228, designed",9,0,49,"D 1,4 -> 10,11",101,False,1.0,317406.0,1,False,0.3049100626130834,9.41,317406.0
"Fixed 316228, designed",9,1,94,"D 3,8 -> 10,13",101,False,1.0,317406.0,1,False,0.3049100626130834,9.78,634812.0
"Fixed 316228, designed",9,2,3,S 1 -> 13,101,False,1.0,317406.0,1,False,0.3049100626130834,9.35,952218.0
"Fixed 316228, designed",9,3,20,"D 0,1 -> 10,11",101,False,0.794495272331715,317406.0,1,False,0.3049100626130834,9.09,1269624.0
"Fixed 316228, designed",9,4,0,S 0 -> 10,101,False,0.9988447126248534,317405.0,1,False,0.30491006261308334,9.09,1587029.0
"Fixed 316228, designed",9,5,31,"D 0,5 -> 10,13",101,False,0.9542024113101116,317405.0,1,False,0.30491006261308334,9.07,1904434.0
"Fixed 316228, designed",9,6,25,"D 0,3 -> 10,11",101,False,0.9536628298773991,317405.0,1,False,0.3048992008296885,9.11,2221839.0
"Fixed 316228, designed",9,7,38,"D 0,7 -> 12,13",101,False,0.9132684268572057,317405.0,1,False,0.3048991969990729,9.05,2539244.0
"Fixed 316228, designed",9,8,46,"D 1,2 -> 11,12",101,False,1.0,317405.0,1,False,0.3048946797131256,9.14,2856649.0
"Fixed 316228, designed",9,9,3,S 1 -> 13,101,False,1.0,317405.0,1,False,0.3048946797131256,9.03,3174054.0
"Fixed 316228, designed",9,10,34,"D 0,6 -> 10,12",101,False,1.0,317405.0,1,False,0.3048946797131256,9.09,3491459.0
"Fixed 316228, designed",9,11,54,"D 1,6 -> 10,11",101,False,0.9976005555343095,317405.0,1,False,0.3048946797131256,8.96,3808864.0
"Fixed 316228, designed",9,12,42,"D 0,9 -> 11,12",101,False,1.0,317405.0,1,False,0.30489467971645157,9.3,4126269.0
"Fixed 316228, designed",9,13,52,"D 1,4 -> 12,13",101,False,1.0,317405.0,1,False,0.30489467971588374,9.15,4443674.0
"Fixed 316228, designed",9,14,27,"D 0,3 -> 11,12",101,False,1.0,317405.0,1,False,0.30489467971588374,9.21,4761079.0
"Fixed 316228, designed",9,15,23,"D 0,1 -> 12,13",101,False,0.8594927411444144,317405.0,1,False,0.30489467971588374,9.26,5078484.0
"Fixed 316228, designed",9,16,3,S 1 -> 13,101,False,1.0,317405.0,1,False,0.3048839049665073,9.33,5395889.0
"Fixed 316228, designed",9,17,44,"D 1,2 -> 10,11",101,False,0.9537372460172044,317405.0,1,False,0.30488390520569864,9.42,5713294.0
"Fixed 316228, designed",9,18,57,"D 1,6 -> 12,13",101,False,0.9129805040030187,317405.0,1,False,0.3048839059058751,9.58,6030699.0
"Fixed 316228, designed",9,19,30,"D 0,5 -> 10,11",101,False,1.0,317405.0,1,False,0.3048793778233203,9.62,6348104.0
"Fixed 316228, designed",9,20,46,"D 1,2 -> 11,12",101,False,1.0,317405.0,1,False,0.3048793773474018,9.58,6665509.0
"Fixed 316228, designed",9,21,32,"D 0,5 -> 11,12",101,False,0.9741396164641104,317405.0,1,False,0.3048793773474018,9.5,6982914.0
"Fixed 316228, designed",9,22,24,"D 0,2 -> 10,12",101,False,1.0,317405.0,1,False,0.304882829085084,9.53,7300319.0
"Fixed 316228, designed",9,23,49,"D 1,4 -> 10,11",101,False,1.0,317405.0,1,False,0.3048828291513213,9.76,7617724.0
"Fixed 316228, designed",9,24,3,S 1 -> 13,101,False,1.0,317405.0,1,False,0.3048828291513213,9.59,7935129.0
"Fixed 316228, designed",9,25,60,"D 1,8 -> 10,13",101,False,1.0,317405.0,1,False,0.3048828291513213,9.52,8252534.0
"Fixed 316228, designed",9,26,3,S 1 -> 13,101,False,1.0,317405.0,1,False,0.3048828291513213,9.43,8569939.0
"Fixed 316228, designed",10,0,26,"D 0,3 -> 10,13",101,False,1.0,317406.0,1,False,0.3049100626130834,9.41,317406.0
"Fixed 316228, designed",10,1,60,"D 1,8 -> 10,13",101,False,1.0,317406.0,1,False,0.3049100626130834,9.22,634812.0
"Fixed 316228, designed",10,2,78,"D 2,8 -> 10,12",101,False,1.0,317406.0,1,False,0.3049100626130834,9.27,952218.0
"Fixed 316228, designed",10,3,61,"D 1,8 -> 11,12",101,False,1.0,317406.0,1,False,0.3049100626130834,9.27,1269624.0
"Fixed 316228, designed",10,4,37,"D 0,7 -> 11,12",101,False,1.0,317406.0,1,False,0.3049100626130834,9.23,1587030.0
"Fixed 316228, designed",10,5,52,"D 1,4 -> 12,13",101,False,1.0,317406.0,1,False,0.3049100626130834,9.23,1904436.0
"Fixed 316228, designed",10,6,85,"D 3,4 -> 11,12",101,False,0.49645966395069085,317406.0,1,False,0.3049100626130834,9.12,2221842.0
"Fixed 316228, designed",10,7,101,"D 4,5 -> 12,13",101,True,0.0,317397.0,1,False,0.3060363332723097,9.27,2539239.0
"Fixed 316228, designed",10,8,58,"D 1,7 -> 11,13",64,False,1.0,317398.0,1,False,0.20550144143738344,9.23,2856637.0
"Fixed 316228, designed",10,9,47,"D 1,2 -> 12,13",64,False,0.8374537918567283,317398.0,1,False,0.20550144143738344,9.2,3174035.0
"Fixed 316228, designed",10,10,70,"D 2,5 -> 10,13",64,False,0.2376038505816902,317398.0,1,False,0.2055012680680981,9.28,3491433.0
"Fixed 316228, designed",10,11,62,"D 1,8 -> 12,13",64,False,1.0,317404.0,1,False,0.20667759753591475,9.1,3808837.0
"Fixed 316228, designed",10,12,28,"D 0,3 -> 12,13",64,False,0.836040227611375,317404.0,1,False,0.20667759753591475,9.27,4126241.0
"Fixed 316228, designed",10,13,61,"D 1,8 -> 11,12",64,False,1.0,317404.0,1,False,0.2066775424547407,9.13,4443645.0
"Fixed 316228, designed",10,14,37,"D 0,7 -> 11,12",64,False,1.0,317404.0,1,False,0.2066775424547407,9.14,4761049.0
"Fixed 316228, designed",10,15,81,"D 2,9 -> 11,12",64,False,1.0,317404.0,1,False,0.2066775424547407,9.18,5078453.0
"Fixed 316228, designed",10,16,45,"D 1,2 -> 10,13",64,False,1.0,317404.0,1,False,0.2066775424547407,9.17,5395857.0
"Fixed 316228, designed",10,17,40,"D 0,9 -> 10,11",64,False,1.0,317404.0,1,False,0.2066775424547407,9.32,5713261.0
"Fixed 316228, designed",10,18,47,"D 1,2 -> 12,13",64,False,0.9999999236129553,317404.0,1,False,0.2066775424547407,9.43,6030665.0
"Fixed 316228, designed",10,19,35,"D 0,7 -> 10,11",64,False,0.9973638126387548,317404.0,1,False,0.2066775424547407,9.33,6348069.0
"Fixed 316228, designed",10,20,31,"D 0,5 -> 10,13",64,False,0.940573215554031,317404.0,1,False,0.2066777825714828,9.35,6665473.0
"Fixed 316228, designed",10,21,39,"D 0,8 -> 10,12",64,False,1.0,317404.0,1,False,0.20667784996277896,9.37,6982877.0
"Fixed 316228, designed",10,22,49,"D 1,4 -> 10,11",64,False,1.0,317404.0,1,False,0.20667784996277896,9.21,7300281.0
"Fixed 316228, designed",10,23,89,"D 3,6 -> 10,13",64,False,1.0,317404.0,1,False,0.20667784996277896,9.21,7617685.0
"Fixed 316228, designed",10,24,60,"D 1,8 -> 10,13",64,False,1.0,317404.0,1,False,0.20667784996277896,9.23,7935089.0
"Fixed 316228, designed",10,25,41,"D 0,9 -> 10,13",64,False,1.0,317404.0,1,False,0.20667784996277896,9.2,8252493.0
"Fixed 316228, designed",10,26,63,"D 1,9 -> 11,13",64,False,1.0,317404.0,1,False,0.20667784996277896,9.04,8569897.0
"Fixed 316228, designed",11,0,2,S 1 -> 11,101,False,0.9999999999997565,317406.0,1,False,0.3049100626130834,9.55,317406.0
"Fixed 316228, designed",11,1,33,"D 0,5 -> 12,13",101,False,1.0,317406.0,1,False,0.3049100626130834,9.4,634812.0
"Fixed 316228, designed",11,2,29,"D 0,4 -> 10,12",101,False,0.9287937803225222,317406.0,1,False,0.3049100626130834,9.1,952218.0
"Fixed 316228, designed",11,3,70,"D 2,5 -> 10,13",101,False,0.4964476531630596,317406.0,1,False,0.30490270736546593,9.05,1269624.0
"Fixed 316228, designed",11,4,25,"D 0,3 -> 10,11",101,False,0.9554028584654971,317395.0,1,False,0.306028985028867,9.07,1587019.0
"Fixed 316228, designed",11,5,41,"D 0,9 -> 10,13",101,False,1.0,317395.0,1,False,0.30602895457145896,9.02,1904414.0
"Fixed 316228, designed",11,6,39,"D 0,8 -> 10,12",101,False,1.0,317395.0,1,False,0.3060289545009623,9.12,2221809.0
"Fixed 316228, designed",11,7,24,"D 0,2 -> 10,12",101,False,1.0,317395.0,1,False,0.3060289545009623,9.07,2539204.0
"Fixed 316228, designed",11,8,45,"D 1,2 -> 10,13",101,False,1.0,317395.0,1,False,0.3060289545009623,9.14,2856599.0
"Fixed 316228, designed",11,9,31,"D 0,5 -> 10,13",101,False,0.9508072634309377,317395.0,1,False,0.3060289545009623,9.31,3173994.0
"Fixed 316228, designed",11,10,5,S 2 -> 12,101,False,1.0,317395.0,1,False,0.30601733146900073,9.24,3491389.0
"Fixed 316228, designed",11,11,61,"D 1,8 -> 11,12",101,False,1.0,317395.0,1,False,0.3060173311103063,8.88,3808784.0
"Fixed 316228, designed",11,12,58,"D 1,7 -> 11,13",101,False,1.0,317395.0,1,False,0.30601733095615236,9.1,4126179.0
"Fixed 316228, designed",11,13,94,"D 3,8 -> 10,13",101,False,1.0,317395.0,1,False,0.30601733095029143,10.23,4443574.0
"Fixed 316228, designed",11,14,35,"D 0,7 -> 10,11",101,False,0.9989413366060653,317395.0,1,False,0.30601733095029143,9.98,4760969.0
"Fixed 316228, designed",11,15,22,"D 0,1 -> 11,12",101,False,1.0,317395.0,1,False,0.30601733244049084,9.64,5078364.0
"Fixed 316228, designed",11,16,45,"D 1,2 -> 10,13",101,False,1.0,317395.0,1,False,0.30601733244049084,9.68,5395759.0
"Fixed 316228, designed",11,17,31,"D 0,5 -> 10,13",101,False,0.999999999155977,317395.0,1,False,0.30601733244049084,9.69,5713154.0
"Fixed 316228, designed",11,18,104,"D 4,7 -> 10,13",101,False,0.7143843088131665,317395.0,1,False,0.30601733244049084,9.97,6030549.0
"Fixed 316228, designed",11,19,38,"D 0,7 -> 12,13",101,False,0.9154456790495618,317398.0,1,False,0.3087018604319193,9.55,6347947.0
"Fixed 316228, designed",11,20,54,"D 1,6 -> 10,11",101,False,0.9982856663683983,317398.0,1,False,0.30869719009881863,9.53,6665345.0
"Fixed 316228, designed",11,21,21,"D 0,1 -> 10,13",101,False,1.0,317398.0,1,False,0.30869718874719493,9.39,6982743.0
"Fixed 316228, designed",11,22,29,"D 0,4 -> 10,12",101,False,0.9999999951094632,317398.0,1,False,0.30869718864860163,9.26,7300141.0
"Fixed 316228, designed",11,23,1,S 0 -> 12,101,False,1.0,317398.0,1,False,0.3086971886690533,9.23,7617539.0
"Fixed 316228, designed",11,24,20,"D 0,1 -> 10,11",101,False,0.796695465496269,317398.0,1,False,0.3086971886690533,9.24,7934937.0
"Fixed 316228, designed",11,25,32,"D 0,5 -> 11,12",101,False,0.9747477534916325,317398.0,1,False,0.30869717090970955,9.22,8252335.0
"Fixed 316228, designed",11,26,20,"D 0,1 -> 10,11",101,False,0.999999500370773,317398.0,1,False,0.30870058497072045,9.12,8569733.0
"Fixed 316228, uniform",0,0,3,S 1 -> 13,101,False,1.0,317044.0,1,False,0.3049100626130834,9.04,317044.0
"Fixed 316228, uniform",0,1,44,"D 1,2 -> 10,11",101,False,0.9554503630012599,317044.0,1,False,0.3049100626130834,8.92,634088.0
"Fixed 316228, uniform",0,2,47,"D 1,2 -> 12,13",101,False,0.880154884927322,317044.0,1,False,0.30491006261308345,8.9,951132.0
"Fixed 316228, uniform",0,3,3,S 1 -> 13,101,False,1.0,317044.0,1,False,0.30487998208806044,8.87,1268176.0
"Fixed 316228, uniform",0,4,2,S 1 -> 11,101,False,0.9995151367773921,317044.0,1,False,0.30487998208806044,8.9,1585220.0
"Fixed 316228, uniform",0,5,22,"D 0,1 -> 11,12",101,False,1.0,317044.0,1,False,0.30487998178266107,8.9,1902264.0
"Fixed 316228, uniform",0,6,2,S 1 -> 11,101,False,0.9999999999948221,317044.0,1,False,0.30487998178978953,8.91,2219308.0
"Fixed 316228, uniform",0,7,39,"D 0,8 -> 10,12",101,False,1.0,317044.0,1,False,0.30487998178978953,8.88,2536352.0
"Fixed 316228, uniform",0,8,0,S 0 -> 10,101,False,0.9999277996193687,317044.0,1,False,0.30487998178978953,8.91,2853396.0
"Fixed 316228, uniform",0,9,41,"D 0,9 -> 10,13",101,False,1.0,317044.0,1,False,0.3048799817897976,8.97,3170440.0
"Fixed 316228, uniform",0,10,2,S 1 -> 11,101,False,0.9999999969275868,317044.0,1,False,0.3048799817898171,8.9,3487484.0
"Fixed 316228, uniform",0,11,23,"D 0,1 -> 12,13",101,False,0.85750144002808,317044.0,1,False,0.3048799817898171,8.91,3804528.0
"Fixed 316228, uniform",0,12,3,S 1 -> 13,101,False,1.0,317044.0,1,False,0.30486871229427653,9.11,4121572.0
"Fixed 316228, uniform",0,13,41,"D 0,9 -> 10,13",101,False,1.0,317044.0,1,False,0.30486871229427653,8.85,4438616.0
"Fixed 316228, uniform",0,14,20,"D 0,1 -> 10,11",101,False,0.7940439027087953,317044.0,1,False,0.30486871229427653,8.85,4755660.0
"Fixed 316228, uniform",0,15,0,S 0 -> 10,101,False,0.9999999988954874,317044.0,1,False,0.3048688101417775,8.85,5072704.0
"Fixed 316228, uniform",0,16,21,"D 0,1 -> 10,13",101,False,1.0,317044.0,1,False,0.3048688101411789,8.83,5389748.0
"Fixed 316228, uniform",0,17,20,"D 0,1 -> 10,11",101,False,0.9999999988835767,317044.0,1,False,0.3048688101411789,8.84,5706792.0
"Fixed 316228, uniform",0,18,22,"D 0,1 -> 11,12",101,False,1.0,317044.0,1,False,0.3048688101411789,8.83,6023836.0
"Fixed 316228, uniform",0,19,33,"D 0,5 -> 12,13",101,False,1.0,317044.0,1,False,0.3048688101411789,8.79,6340880.0
"Fixed 316228, uniform",0,20,20,"D 0,1 -> 10,11",101,False,0.9999999988835767,317044.0,1,False,0.3048688101411789,8.83,6657924.0
"Fixed 316228, uniform",0,21,20,"D 0,1 -> 10,11",101,False,0.9999999988835767,317044.0,1,False,0.3048688101411789,8.83,6974968.0
"Fixed 316228, uniform",0,22,0,S 0 -> 10,101,False,0.9999999998944027,317044.0,1,False,0.3048688101411789,8.83,7292012.0
"Fixed 316228, uniform",0,23,41,"D 0,9 -> 10,13",101,False,1.0,317044.0,1,False,0.3048688101411789,8.82,7609056.0
"Fixed 316228, uniform",0,24,2,S 1 -> 11,101,False,0.9999999989372891,317044.0,1,False,0.3048688101411789,8.89,7926100.0
"Fixed 316228, uniform",0,25,21,"D 0,1 -> 10,13",101,False,1.0,317044.0,1,False,0.3048688101411789,8.94,8243144.0
"Fixed 316228, uniform",0,26,47,"D 1,2 -> 12,13",101,False,0.9999999983307768,317044.0,1,False,0.3048688101411789,8.96,8560188.0
"Fixed 316228, uniform",1,0,3,S 1 -> 13,101,False,1.0,317044.0,1,False,0.3049100626130834,9.17,317044.0
"Fixed 316228, uniform",1,1,22,"D 0,1 -> 11,12",101,False,1.0,317044.0,1,False,0.3049100626130834,8.96,634088.0
"Fixed 316228, uniform",1,2,23,"D 0,1 -> 12,13",101,False,0.859609548620718,317044.0,1,False,0.3049100626130834,8.95,951132.0
"Fixed 316228, uniform",1,3,24,"D 0,2 -> 10,12",101,False,1.0,317044.0,1,False,0.3048992682971905,8.9,1268176.0
"Fixed 316228, uniform",1,4,41,"D 0,9 -> 10,13",101,False,1.0,317044.0,1,False,0.3048992682971905,8.89,1585220.0
"Fixed 316228, uniform",1,5,0,S 0 -> 10,101,False,0.9999609692186524,317044.0,1,False,0.3048992682971905,8.97,1902264.0
"Fixed 316228, uniform",1,6,20,"D 0,1 -> 10,11",101,False,0.7948564205633489,317044.0,1,False,0.30489926829584385,8.96,2219308.0
"Fixed 316228, uniform",1,7,0,S 0 -> 10,101,False,0.9999991522884616,317044.0,1,False,0.3048993590517255,8.93,2536352.0
"Fixed 316228, uniform",1,8,44,"D 1,2 -> 10,11",101,False,0.9536004096492829,317044.0,1,False,0.3048993590517255,8.99,2853396.0
"Fixed 316228, uniform",1,9,27,"D 0,3 -> 11,12",101,False,1.0,317044.0,1,False,0.30489935944744806,8.98,3170440.0
"Fixed 316228, uniform",1,10,0,S 0 -> 10,101,False,0.9999997230014654,317044.0,1,False,0.304899359418649,8.9,3487484.0
"Fixed 316228, uniform",1,11,0,S 0 -> 10,101,False,0.9999999996541947,317044.0,1,False,0.3048993593856475,8.94,3804528.0
"Fixed 316228, uniform",1,12,20,"D 0,1 -> 10,11",101,False,0.9999999999239416,317044.0,1,False,0.3048993593856475,8.85,4121572.0
"Fixed 316228, uniform",1,13,3,S 1 -> 13,101,False,1.0,317044.0,1,False,0.3048993593856475,9.01,4438616.0
"Fixed 316228, uniform",1,14,3,S 1 -> 13,101,False,1.0,317044.0,1,False,0.3048993593856475,8.89,4755660.0
"Fixed 316228, uniform",1,15,20,"D 0,1 -> 10,11",101,False,0.9999999999239416,317044.0,1,False,0.3048993593856475,8.91,5072704.0
"Fixed 316228, uniform",1,16,22,"D 0,1 -> 11,12",101,False,1.0,317044.0,1,False,0.3048993593856475,8.92,5389748.0
"Fixed 316228, uniform",1,17,20,"D 0,1 -> 10,11",101,False,0.9999999999239416,317044.0,1,False,0.3048993593856475,8.9,5706792.0
"Fixed 316228, uniform",1,18,20,"D 0,1 -> 10,11",101,False,0.9999999999239416,317044.0,1,False,0.3048993593856475,8.91,6023836.0
"Fixed 316228, uniform",1,19,1,S 0 -> 12,101,False,1.0,317044.0,1,False,0.3048993593856475,8.91,6340880.0
"Fixed 316228, uniform",1,20,44,"D 1,2 -> 10,11",101,False,0.9999999996927494,317044.0,1,False,0.3048993593856475,8.87,6657924.0
"Fixed 316228, uniform",1,21,41,"D 0,9 -> 10,13",101,False,1.0,317044.0,1,False,0.3048993593856475,8.9,6974968.0
"Fixed 316228, uniform",1,22,0,S 0 -> 10,101,False,0.9999999996541947,317044.0,1,False,0.3048993593856475,8.89,7292012.0
"Fixed 316228, uniform",1,23,3,S 1 -> 13,101,False,1.0,317044.0,1,False,0.3048993593856475,8.91,7609056.0
"Fixed 316228, uniform",1,24,0,S 0 -> 10,101,False,0.9999999996541947,317044.0,1,False,0.3048993593856475,8.93,7926100.0
"Fixed 316228, uniform",1,25,41,"D 0,9 -> 10,13",101,False,1.0,317044.0,1,False,0.3048993593856475,9.02,8243144.0
"Fixed 316228, uniform",1,26,41,"D 0,9 -> 10,13",101,False,1.0,317044.0,1,False,0.3048993593856475,9.03,8560188.0
"Fixed 316228, uniform",2,0,41,"D 0,9 -> 10,13",101,False,1.0,317044.0,1,False,0.3049100626130834,9.32,317044.0
"Fixed 316228, uniform",2,1,47,"D 1,2 -> 12,13",101,False,0.8799172494907926,317044.0,1,False,0.3049100626130834,9.4,634088.0
"Fixed 316228, uniform",2,2,47,"D 1,2 -> 12,13",101,False,0.9999999999763127,317044.0,1,False,0.3048798858437959,9.81,951132.0
"Fixed 316228, uniform",2,3,3,S 1 -> 13,101,False,1.0,317044.0,1,False,0.3048798858437959,9.17,1268176.0
"Fixed 316228, uniform",2,4,0,S 0 -> 10,101,False,0.9999990218012709,317044.0,1,False,0.3048798858437959,9.18,1585220.0
"Fixed 316228, uniform",2,5,41,"D 0,9 -> 10,13",101,False,1.0,317044.0,1,False,0.30487988584380415,9.15,1902264.0
"Fixed 316228, uniform",2,6,0,S 0 -> 10,101,False,0.9999999234185666,317044.0,1,False,0.30487988584379555,9.1,2219308.0
"Fixed 316228, uniform",2,7,21,"D 0,1 -> 10,13",101,False,1.0,317044.0,1,False,0.3048798858437963,8.91,2536352.0
"Fixed 316228, uniform",2,8,59,"D 1,8 -> 10,11",101,False,1.0,317044.0,1,False,0.3048798858437963,8.97,2853396.0
"Fixed 316228, uniform",2,9,41,"D 0,9 -> 10,13",101,False,1.0,317044.0,1,False,0.3048798858437963,9.02,3170440.0
"Fixed 316228, uniform",2,10,41,"D 0,9 -> 10,13",101,False,1.0,317044.0,1,False,0.3048798858437963,8.96,3487484.0
"Fixed 316228, uniform",2,11,1,S 0 -> 12,101,False,1.0,317044.0,1,False,0.3048798858437963,8.96,3804528.0
"Fixed 316228, uniform",2,12,22,"D 0,1 -> 11,12",101,False,1.0,317044.0,1,False,0.3048798858437963,9.01,4121572.0
"Fixed 316228, uniform",2,13,3,S 1 -> 13,101,False,1.0,317044.0,1,False,0.3048798858437963,8.91,4438616.0
"Fixed 316228, uniform",2,14,23,"D 0,1 -> 12,13",101,False,0.8574969549513629,317044.0,1,False,0.3048798858437963,8.97,4755660.0
"Fixed 316228, uniform",2,15,3,S 1 -> 13,101,False,1.0,317044.0,1,False,0.3048686155884314,8.99,5072704.0
"Fixed 316228, uniform",2,16,2,S 1 -> 11,101,False,0.9999838752589605,317044.0,1,False,0.3048686155884314,8.97,5389748.0
"Fixed 316228, uniform",2,17,41,"D 0,9 -> 10,13",101,False,1.0,317044.0,1,False,0.30486861557908695,9.02,5706792.0
"Fixed 316228, uniform",2,18,3,S 1 -> 13,101,False,1.0,317044.0,1,False,0.30486861557908695,9.02,6023836.0
"Fixed 316228, uniform",2,19,22,"D 0,1 -> 11,12",101,False,1.0,317044.0,1,False,0.30486861557908695,9.08,6340880.0
"Fixed 316228, uniform",2,20,22,"D 0,1 -> 11,12",101,False,1.0,317044.0,1,False,0.30486861557908695,8.98,6657924.0
"Fixed 316228, uniform",2,21,20,"D 0,1 -> 10,11",101,False,0.7948417327677304,317044.0,1,False,0.30486861557908695,8.98,6974968.0
"Fixed 316228, uniform",2,22,1,S 0 -> 12,101,False,1.0,317044.0,1,False,0.30486870899420715,9.03,7292012.0
"Fixed 316228, uniform",2,23,3,S 1 -> 13,101,False,1.0,317044.0,1,False,0.30486870899420715,9.06,7609056.0
"Fixed 316228, uniform",2,24,0,S 0 -> 10,101,False,0.9999999999591968,317044.0,1,False,0.30486870899420715,9.03,7926100.0
"Fixed 316228, uniform",2,25,21,"D 0,1 -> 10,13",101,False,1.0,317044.0,1,False,0.30486870899420715,8.99,8243144.0
"Fixed 316228, uniform",2,26,41,"D 0,9 -> 10,13",101,False,1.0,317044.0,1,False,0.30486870899420715,9.01,8560188.0
"Fixed 316228, uniform",3,0,22,"D 0,1 -> 11,12",101,False,1.0,317044.0,1,False,0.3049100626130834,9.23,317044.0
"Fixed 316228, uniform",3,1,0,S 0 -> 10,101,False,0.9999999999997566,317044.0,1,False,0.3049100626130834,9.01,634088.0
"Fixed 316228, uniform",3,2,23,"D 0,1 -> 12,13",101,False,0.859609548620718,317044.0,1,False,0.3049100626130834,9.06,951132.0
"Fixed 316228, uniform",3,3,23,"D 0,1 -> 12,13",101,False,1.0,317044.0,1,False,0.3048992682944446,9.05,1268176.0
"Fixed 316228, uniform",3,4,21,"D 0,1 -> 10,13",101,False,1.0,317044.0,1,False,0.3048992682944446,9.06,1585220.0
"Fixed 316228, uniform",3,5,3,S 1 -> 13,101,False,1.0,317044.0,1,False,0.3048992682944446,9.06,1902264.0
"Fixed 316228, uniform",3,6,2,S 1 -> 11,101,False,0.9999610909239652,317044.0,1,False,0.3048992682944446,9.1,2219308.0
"Fixed 316228, uniform",3,7,3,S 1 -> 13,101,False,1.0,317044.0,1,False,0.3048992682916038,9.06,2536352.0
"Fixed 316228, uniform",3,8,0,S 0 -> 10,101,False,0.9999999994388735,317044.0,1,False,0.3048992682916038,9.06,2853396.0
"Fixed 316228, uniform",3,9,41,"D 0,9 -> 10,13",101,False,1.0,317044.0,1,False,0.3048992682916038,9.14,3170440.0
"Fixed 316228, uniform",3,10,0,S 0 -> 10,101,False,0.9999999994388735,317044.0,1,False,0.3048992682916038,9.09,3487484.0
"Fixed 316228, uniform",3,11,3,S 1 -> 13,101,False,1.0,317044.0,1,False,0.3048992682916038,9.07,3804528.0
"Fixed 316228, uniform",3,12,3,S 1 -> 13,101,False,1.0,317044.0,1,False,0.3048992682916038,8.89,4121572.0
"Fixed 316228, uniform",3,13,0,S 0 -> 10,101,False,0.9999999994388735,317044.0,1,False,0.3048992682916038,9.17,4438616.0
"Fixed 316228, uniform",3,14,22,"D 0,1 -> 11,12",101,False,1.0,317044.0,1,False,0.3048992682916038,9.14,4755660.0
"Fixed 316228, uniform",3,15,63,"D 1,9 -> 11,13",101,False,1.0,317044.0,1,False,0.3048992682916038,9.29,5072704.0
"Fixed 316228, uniform",3,16,0,S 0 -> 10,101,False,0.9999999994388735,317044.0,1,False,0.3048992682916038,9.22,5389748.0
"Fixed 316228, uniform",3,17,20,"D 0,1 -> 10,11",101,False,0.7948559442832369,317044.0,1,False,0.3048992682916038,9.2,5706792.0
"Fixed 316228, uniform",3,18,0,S 0 -> 10,101,False,0.9999999999995582,317044.0,1,False,0.30489935897493803,9.33,6023836.0
"Fixed 316228, uniform",3,19,0,S 0 -> 10,101,False,0.9999999999995582,317044.0,1,False,0.30489935897493803,9.49,6340880.0
"Fixed 316228, uniform",3,20,2,S 1 -> 11,101,False,0.9999999999999125,317044.0,1,False,0.30489935897493803,9.23,6657924.0
"Fixed 316228, uniform",3,21,0,S 0 -> 10,101,False,0.9999999999995582,317044.0,1,False,0.30489935897493803,9.1,6974968.0
"Fixed 316228, uniform",3,22,62,"D 1,8 -> 12,13",101,False,1.0,317044.0,1,False,0.30489935897493803,9.18,7292012.0
"Fixed 316228, uniform",3,23,41,"D 0,9 -> 10,13",101,False,1.0,317044.0,1,False,0.30489935897493803,9.15,7609056.0
"Fixed 316228, uniform",3,24,22,"D 0,1 -> 11,12",101,False,1.0,317044.0,1,False,0.30489935897493803,9.02,7926100.0
"Fixed 316228, uniform",3,25,23,"D 0,1 -> 12,13",101,False,0.9999999999999877,317044.0,1,False,0.30489935897493803,9.03,8243144.0
"Fixed 316228, uniform",3,26,20,"D 0,1 -> 10,11",101,False,0.9999999999999993,317044.0,1,False,0.30489935897493803,9.06,8560188.0
"Fixed 316228, uniform",4,0,0,S 0 -> 10,101,False,0.9999999999997566,317044.0,1,False,0.3049100626130834,9.22,317044.0
"Fixed 316228, uniform",4,1,2,S 1 -> 11,101,False,0.9999999999997565,317044.0,1,False,0.3049100626130834,9.14,634088.0
"Fixed 316228, uniform",4,2,44,"D 1,2 -> 10,11",101,False,0.9554503630012599,317044.0,1,False,0.3049100626130834,9.3,951132.0
"Fixed 316228, uniform",4,3,41,"D 0,9 -> 10,13",101,False,1.0,317044.0,1,False,0.3049100626130834,9.01,1268176.0
"Fixed 316228, uniform",4,4,2,S 1 -> 11,101,False,0.9999999784291423,317044.0,1,False,0.3049100626130834,8.94,1585220.0
"Fixed 316228, uniform",4,5,0,S 0 -> 10,101,False,0.9999999812459037,317044.0,1,False,0.30491006261308345,8.93,1902264.0
"Fixed 316228, uniform",4,6,23,"D 0,1 -> 12,13",101,False,0.8596098715192233,317044.0,1,False,0.30491006261308345,8.93,2219308.0
"Fixed 316228, uniform",4,7,21,"D 0,1 -> 10,13",101,False,1.0,317044.0,1,False,0.30489926751464635,8.98,2536352.0
"Fixed 316228, uniform",4,8,3,S 1 -> 13,101,False,1.0,317044.0,1,False,0.30489926832949193,9.11,2853396.0
"Fixed 316228, uniform",4,9,30,"D 0,5 -> 10,11",101,False,1.0,317044.0,1,False,0.30489926832949193,9.12,3170440.0
"Fixed 316228, uniform",4,10,0,S 0 -> 10,101,False,0.9999999870710516,317044.0,1,False,0.30489926832949193,8.96,3487484.0
"Fixed 316228, uniform",4,11,41,"D 0,9 -> 10,13",101,False,1.0,317044.0,1,False,0.30489926832949193,8.94,3804528.0
"Fixed 316228, uniform",4,12,0,S 0 -> 10,101,False,0.9999999870710516,317044.0,1,False,0.30489926832949193,8.75,4121572.0
"Fixed 316228, uniform",4,13,2,S 1 -> 11,101,False,0.9999999913025225,317044.0,1,False,0.30489926832949193,9.6,4438616.0
"Fixed 316228, uniform",4,14,45,"D 1,2 -> 10,13",101,False,1.0,317044.0,1,False,0.30489926832949193,9.48,4755660.0
"Fixed 316228, uniform",4,15,22,"D 0,1 -> 11,12",101,False,1.0,317044.0,1,False,0.30489926832949193,9.49,5072704.0
"Fixed 316228, uniform",4,16,20,"D 0,1 -> 10,11",101,False,0.7940464680113694,317044.0,1,False,0.30489926832949193,9.47,5389748.0
"Fixed 316228, uniform",4,17,63,"D 1,9 -> 11,13",101,False,1.0,317044.0,1,False,0.30489935938566265,9.47,5706792.0
"Fixed 316228, uniform",4,18,41,"D 0,9 -> 10,13",101,False,1.0,317044.0,1,False,0.30489935938566265,9.5,6023836.0
"Fixed 316228, uniform",4,19,63,"D 1,9 -> 11,13",101,False,1.0,317044.0,1,False,0.30489935938566265,9.25,6340880.0
"Fixed 316228, uniform",4,20,47,"D 1,2 -> 12,13",101,False,0.8789519553611664,317044.0,1,False,0.30489935938566265,9.24,6657924.0
"Fixed 316228, uniform",4,21,3,S 1 -> 13,101,False,1.0,317044.0,1,False,0.30486881013640166,9.17,6974968.0
"Fixed 316228, uniform",4,22,41,"D 0,9 -> 10,13",101,False,1.0,317044.0,1,False,0.3048688101380662,9.06,7292012.0
"Fixed 316228, uniform",4,23,21,"D 0,1 -> 10,13",101,False,1.0,317044.0,1,False,0.3048688101380662,9.09,7609056.0
"Fixed 316228, uniform",4,24,35,"D 0,7 -> 10,11",101,False,0.9975907826775297,317044.0,1,False,0.3048688101380662,9.14,7926100.0
"Fixed 316228, uniform",4,25,2,S 1 -> 11,101,False,0.9999999716840506,317044.0,1,False,0.30486881014217604,9.15,8243144.0
"Fixed 316228, uniform",4,26,41,"D 0,9 -> 10,13",101,False,1.0,317044.0,1,False,0.30486881014217604,8.87,8560188.0
"Fixed 316228, uniform",5,0,23,"D 0,1 -> 12,13",101,False,0.859609548620718,317044.0,1,False,0.3049100626130834,9.83,317044.0
"Fixed 316228, uniform",5,1,40,"D 0,9 -> 10,11",101,False,1.0,317044.0,1,False,0.3048992682971905,9.72,634088.0
"Fixed 316228, uniform",5,2,0,S 0 -> 10,101,False,0.9999609692186524,317044.0,1,False,0.3048992682971905,9.46,951132.0
"Fixed 316228, uniform",5,3,3,S 1 -> 13,101,False,1.0,317044.0,1,False,0.30489926829584385,8.92,1268176.0
"Fixed 316228, uniform",5,4,3,S 1 -> 13,101,False,1.0,317044.0,1,False,0.30489926829584385,9.0,1585220.0
"Fixed 316228, uniform",5,5,3,S 1 -> 13,101,False,1.0,317044.0,1,False,0.30489926829584385,8.92,1902264.0
"Fixed 316228, uniform",5,6,32,"D 0,5 -> 11,12",101,False,0.9746307328318807,317044.0,1,False,0.30489926829584385,8.91,2219308.0
"Fixed 316228, uniform",5,7,0,S 0 -> 10,101,False,0.9999999993860103,317044.0,1,False,0.3049026826283964,8.92,2536352.0
"Fixed 316228, uniform",5,8,20,"D 0,1 -> 10,11",101,False,0.7948484736627306,317044.0,1,False,0.3049026826283964,8.96,2853396.0
"Fixed 316228, uniform",5,9,20,"D 0,1 -> 10,11",101,False,0.9999999999946655,317044.0,1,False,0.3049027794977291,8.91,3170440.0
"Fixed 316228, uniform",5,10,22,"D 0,1 -> 11,12",101,False,1.0,317044.0,1,False,0.3049027794977291,8.88,3487484.0
"Fixed 316228, uniform",5,11,22,"D 0,1 -> 11,12",101,False,1.0,317044.0,1,False,0.3049027794977291,8.89,3804528.0
"Fixed 316228, uniform",5,12,2,S 1 -> 11,101,False,0.9988289912856901,317044.0,1,False,0.3049027794977291,8.86,4121572.0
"Fixed 316228, uniform",5,13,22,"D 0,1 -> 11,12",101,False,1.0,317044.0,1,False,0.3049027792729828,9.29,4438616.0
"Fixed 316228, uniform",5,14,47,"D 1,2 -> 12,13",101,False,0.878705952028936,317044.0,1,False,0.3049027792576458,9.19,4755660.0
"Fixed 316228, uniform",5,15,41,"D 0,9 -> 10,13",101,False,1.0,317044.0,1,False,0.3048721293647057,9.16,5072704.0
"Fixed 316228, uniform",5,16,21,"D 0,1 -> 10,13",101,False,1.0,317044.0,1,False,0.3048721293647057,9.08,5389748.0
"Fixed 316228, uniform",5,17,20,"D 0,1 -> 10,11",101,False,0.9999999902423962,317044.0,1,False,0.3048721293647057,9.06,5706792.0
"Fixed 316228, uniform",5,18,22,"D 0,1 -> 11,12",101,False,1.0,317044.0,1,False,0.3048721293647057,9.04,6023836.0
"Fixed 316228, uniform",5,19,47,"D 1,2 -> 12,13",101,False,0.9999997395759047,317044.0,1,False,0.3048721293647057,9.1,6340880.0
"Fixed 316228, uniform",5,20,23,"D 0,1 -> 12,13",101,False,0.9999999954211577,317044.0,1,False,0.3048721293647057,8.97,6657924.0
"Fixed 316228, uniform",5,21,3,S 1 -> 13,101,False,1.0,317044.0,1,False,0.3048721293647057,9.02,6974968.0
"Fixed 316228, uniform",5,22,3,S 1 -> 13,101,False,1.0,317044.0,1,False,0.3048721293647057,9.02,7292012.0
"Fixed 316228, uniform",5,23,20,"D 0,1 -> 10,11",101,False,0.9999999902423962,317044.0,1,False,0.3048721293647057,9.08,7609056.0
"Fixed 316228, uniform",5,24,22,"D 0,1 -> 11,12",101,False,1.0,317044.0,1,False,0.30487212930412844,9.39,7926100.0
"Fixed 316228, uniform",5,25,41,"D 0,9 -> 10,13",101,False,1.0,317044.0,1,False,0.30487212930412844,9.09,8243144.0
"Fixed 316228, uniform",5,26,41,"D 0,9 -> 10,13",101,False,1.0,317044.0,1,False,0.30487212930412844,8.89,8560188.0
"Fixed 316228, uniform",6,0,44,"D 1,2 -> 10,11",101,False,0.9554503630012599,317044.0,1,False,0.3049100626130834,9.68,317044.0
"Fixed 316228, uniform",6,1,20,"D 0,1 -> 10,11",101,False,0.7936796590351863,317044.0,1,False,0.30491006261308345,9.3,634088.0
"Fixed 316228, uniform",6,2,2,S 1 -> 11,101,False,0.9992943788265739,317044.0,1,False,0.3049100626130834,9.05,951132.0
"Fixed 316228, uniform",6,3,54,"D 1,6 -> 10,11",101,False,0.9979421788070045,317044.0,1,False,0.3049100626130834,9.07,1268176.0
"Fixed 316228, uniform",6,4,41,"D 0,9 -> 10,13",101,False,1.0,317044.0,1,False,0.30491006261308345,9.13,1585220.0
"Fixed 316228, uniform",6,5,63,"D 1,9 -> 11,13",101,False,1.0,317044.0,1,False,0.30491006261308345,9.06,1902264.0
"Fixed 316228, uniform",6,6,3,S 1 -> 13,101,False,1.0,317044.0,1,False,0.30491006261308345,9.04,2219308.0
"Fixed 316228, uniform",6,7,3,S 1 -> 13,101,False,1.0,317044.0,1,False,0.30491006261308345,8.98,2536352.0
"Fixed 316228, uniform",6,8,3,S 1 -> 13,101,False,1.0,317044.0,1,False,0.30491006261308345,8.97,2853396.0
"Fixed 316228, uniform",6,9,20,"D 0,1 -> 10,11",101,False,0.9999999940638268,317044.0,1,False,0.30491006261308345,8.95,3170440.0
"Fixed 316228, uniform",6,10,0,S 0 -> 10,101,False,0.9989191859801387,317044.0,1,False,0.30491006261308345,9.02,3487484.0
"Fixed 316228, uniform",6,11,29,"D 0,4 -> 10,12",101,False,0.9288135374716427,317044.0,1,False,0.30491006261308334,9.01,3804528.0
"Fixed 316228, uniform",6,12,0,S 0 -> 10,101,False,0.999999942560019,317044.0,1,False,0.3049027118824118,8.86,4121572.0
"Fixed 316228, uniform",6,13,20,"D 0,1 -> 10,11",101,False,0.9999999903866551,317044.0,1,False,0.30490271160825305,9.0,4438616.0
"Fixed 316228, uniform",6,14,23,"D 0,1 -> 12,13",101,False,0.8601602155788117,317044.0,1,False,0.3049027116068847,9.08,4755660.0
"Fixed 316228, uniform",6,15,21,"D 0,1 -> 10,13",101,False,1.0,317044.0,1,False,0.3048920111273186,9.08,5072704.0
"Fixed 316228, uniform",6,16,3,S 1 -> 13,101,False,1.0,317044.0,1,False,0.30489201104734354,9.09,5389748.0
"Fixed 316228, uniform",6,17,23,"D 0,1 -> 12,13",101,False,0.9999990131472835,317044.0,1,False,0.3048920104750724,9.09,5706792.0
"Fixed 316228, uniform",6,18,20,"D 0,1 -> 10,11",101,False,0.999999971317672,317044.0,1,False,0.3048920104750724,9.09,6023836.0
"Fixed 316228, uniform",6,19,0,S 0 -> 10,101,False,0.999999998855232,317044.0,1,False,0.30489201056756976,9.11,6340880.0
"Fixed 316228, uniform",6,20,41,"D 0,9 -> 10,13",101,False,1.0,317044.0,1,False,0.3048920104759247,9.16,6657924.0
"Fixed 316228, uniform",6,21,20,"D 0,1 -> 10,11",101,False,0.9999999726569196,317044.0,1,False,0.3048920104832428,9.2,6974968.0
"Fixed 316228, uniform",6,22,0,S 0 -> 10,101,False,0.9999999983686558,317044.0,1,False,0.3048920104832428,9.2,7292012.0
"Fixed 316228, uniform",6,23,41,"D 0,9 -> 10,13",101,False,1.0,317044.0,1,False,0.3048920105004408,9.13,7609056.0
"Fixed 316228, uniform",6,24,0,S 0 -> 10,101,False,0.9999999987026806,317044.0,1,False,0.3048920105004408,9.12,7926100.0
"Fixed 316228, uniform",6,25,22,"D 0,1 -> 11,12",101,False,1.0,317044.0,1,False,0.3048920105004408,9.47,8243144.0
"Fixed 316228, uniform",6,26,42,"D 0,9 -> 11,12",101,False,1.0,317044.0,1,False,0.3048920105004408,9.41,8560188.0
"Fixed 316228, uniform",7,0,3,S 1 -> 13,101,False,1.0,317044.0,1,False,0.3049100626130834,9.83,317044.0
"Fixed 316228, uniform",7,1,41,"D 0,9 -> 10,13",101,False,1.0,317044.0,1,False,0.3049100626130834,9.68,634088.0
"Fixed 316228, uniform",7,2,21,"D 0,1 -> 10,13",101,False,1.0,317044.0,1,False,0.3049100626130834,9.72,951132.0
"Fixed 316228, uniform",7,3,20,"D 0,1 -> 10,11",101,False,0.794495272331715,317044.0,1,False,0.3049100626130834,9.36,1268176.0
"Fixed 316228, uniform",7,4,20,"D 0,1 -> 10,11",101,False,0.999999999911855,317044.0,1,False,0.30491006261308334,9.37,1585220.0
"Fixed 316228, uniform",7,5,41,"D 0,9 -> 10,13",101,False,1.0,317044.0,1,False,0.30491006261308334,9.42,1902264.0
"Fixed 316228, uniform",7,6,20,"D 0,1 -> 10,11",101,False,0.999999999911855,317044.0,1,False,0.30491006261308334,9.06,2219308.0
"Fixed 316228, uniform",7,7,0,S 0 -> 10,101,False,0.9988447126248534,317044.0,1,False,0.30491006261308334,8.93,2536352.0
"Fixed 316228, uniform",7,8,23,"D 0,1 -> 12,13",101,False,0.8601489948372764,317044.0,1,False,0.3049100626130834,8.96,2853396.0
"Fixed 316228, uniform",7,9,20,"D 0,1 -> 10,11",101,False,0.9999999892382218,317044.0,1,False,0.3048993590516206,8.95,3170440.0
"Fixed 316228, uniform",7,10,20,"D 0,1 -> 10,11",101,False,0.9999999999999866,317044.0,1,False,0.30489935905161797,8.95,3487484.0
"Fixed 316228, uniform",7,11,21,"D 0,1 -> 10,13",101,False,1.0,317044.0,1,False,0.30489935905161797,8.91,3804528.0
"Fixed 316228, uniform",7,12,47,"D 1,2 -> 12,13",101,False,0.8787040690959446,317044.0,1,False,0.30489935905161797,8.84,4121572.0
"Fixed 316228, uniform",7,13,21,"D 0,1 -> 10,13",101,False,1.0,317044.0,1,False,0.3048687083373706,9.14,4438616.0
"Fixed 316228, uniform",7,14,20,"D 0,1 -> 10,11",101,False,0.999999993838608,317044.0,1,False,0.3048687083373706,9.13,4755660.0
"Fixed 316228, uniform",7,15,0,S 0 -> 10,101,False,0.9999999998600481,317044.0,1,False,0.3048687083374653,9.11,5072704.0
"Fixed 316228, uniform",7,16,47,"D 1,2 -> 12,13",101,False,0.999999999895905,317044.0,1,False,0.3048687083374653,9.2,5389748.0
"Fixed 316228, uniform",7,17,41,"D 0,9 -> 10,13",101,False,1.0,317044.0,1,False,0.30486870833746516,9.19,5706792.0
"Fixed 316228, uniform",7,18,41,"D 0,9 -> 10,13",101,False,1.0,317044.0,1,False,0.30486870833746516,9.19,6023836.0
"Fixed 316228, uniform",7,19,20,"D 0,1 -> 10,11",101,False,0.9999999939212998,317044.0,1,False,0.30486870833746516,9.46,6340880.0
"Fixed 316228, uniform",7,20,2,S 1 -> 11,101,False,0.9988662568269974,317044.0,1,False,0.30486870833746516,9.79,6657924.0
"Fixed 316228, uniform",7,21,25,"D 0,3 -> 10,11",101,False,0.9536086541490972,317044.0,1,False,0.30486870891540857,9.64,6974968.0
"Fixed 316228, uniform",7,22,21,"D 0,1 -> 10,13",101,False,1.0,317044.0,1,False,0.30486870975291913,9.4,7292012.0
"Fixed 316228, uniform",7,23,41,"D 0,9 -> 10,13",101,False,1.0,317044.0,1,False,0.30486870975291913,9.63,7609056.0
"Fixed 316228, uniform",7,24,23,"D 0,1 -> 12,13",101,False,0.9999990927835473,317044.0,1,False,0.30486870975291913,9.47,7926100.0
"Fixed 316228, uniform",7,25,22,"D 0,1 -> 11,12",101,False,1.0,317044.0,1,False,0.30486870975291913,9.59,8243144.0
"Fixed 316228, uniform",7,26,3,S 1 -> 13,101,False,1.0,317044.0,1,False,0.30486870975291913,9.03,8560188.0
"Fixed 316228, uniform",8,0,0,S 0 -> 10,101,False,0.9999999999997566,317044.0,1,False,0.3049100626130834,9.29,317044.0
"Fixed 316228, uniform",8,1,23,"D 0,1 -> 12,13",101,False,0.859609548620718,317044.0,1,False,0.3049100626130834,8.88,634088.0
"Fixed 316228, uniform",8,2,60,"D 1,8 -> 10,13",101,False,1.0,317044.0,1,False,0.3048992682944446,9.48,951132.0
"Fixed 316228, uniform",8,3,23,"D 0,1 -> 12,13",101,False,1.0,317044.0,1,False,0.3048992682944446,9.54,1268176.0
"Fixed 316228, uniform",8,4,47,"D 1,2 -> 12,13",101,False,0.8786993041684524,317044.0,1,False,0.3048992682944446,9.71,1585220.0
"Fixed 316228, uniform",8,5,41,"D 0,9 -> 10,13",101,False,1.0,317044.0,1,False,0.3048686155884412,9.65,1902264.0
"Fixed 316228, uniform",8,6,22,"D 0,1 -> 11,12",101,False,1.0,317044.0,1,False,0.3048686155884412,9.61,2219308.0
"Fixed 316228, uniform",8,7,46,"D 1,2 -> 11,12",101,False,1.0,317044.0,1,False,0.3048686155884412,9.45,2536352.0
"Fixed 316228, uniform",8,8,44,"D 1,2 -> 10,11",101,False,0.9560888150819674,317044.0,1,False,0.3048686155884412,9.28,2853396.0
"Fixed 316228, uniform",8,9,0,S 0 -> 10,101,False,0.9999999997255167,317044.0,1,False,0.3048687125390161,9.36,3170440.0
"Fixed 316228, uniform",8,10,3,S 1 -> 13,101,False,1.0,317044.0,1,False,0.3048687125390074,9.41,3487484.0
"Fixed 316228, uniform",8,11,3,S 1 -> 13,101,False,1.0,317044.0,1,False,0.30486871253900005,9.45,3804528.0
"Fixed 316228, uniform",8,12,47,"D 1,2 -> 12,13",101,False,0.999999999945821,317044.0,1,False,0.30486871253900005,8.75,4121572.0
"Fixed 316228, uniform",8,13,21,"D 0,1 -> 10,13",101,False,1.0,317044.0,1,False,0.30486871253900005,9.01,4438616.0
"Fixed 316228, uniform",8,14,0,S 0 -> 10,101,False,0.9999999999538768,317044.0,1,False,0.30486871253900005,9.03,4755660.0
"Fixed 316228, uniform",8,15,20,"D 0,1 -> 10,11",101,False,0.7940385334710134,317044.0,1,False,0.30486871253900005,9.03,5072704.0
"Fixed 316228, uniform",8,16,1,S 0 -> 12,101,False,1.0,317044.0,1,False,0.3048688097570459,8.97,5389748.0
"Fixed 316228, uniform",8,17,41,"D 0,9 -> 10,13",101,False,1.0,317044.0,1,False,0.3048688097570459,8.99,5706792.0
"Fixed 316228, uniform",8,18,20,"D 0,1 -> 10,11",101,False,0.9999999998921942,317044.0,1,False,0.3048688097570459,9.0,6023836.0
"Fixed 316228, uniform",8,19,41,"D 0,9 -> 10,13",101,False,1.0,317044.0,1,False,0.3048688097570459,9.06,6340880.0
"Fixed 316228, uniform",8,20,20,"D 0,1 -> 10,11",101,False,0.9999999998921942,317044.0,1,False,0.3048688097570459,9.14,6657924.0
"Fixed 316228, uniform",8,21,0,S 0 -> 10,101,False,0.9999995052449308,317044.0,1,False,0.3048688097570459,9.13,6974968.0
"Fixed 316228, uniform",8,22,21,"D 0,1 -> 10,13",101,False,1.0,317044.0,1,False,0.3048688097570459,9.14,7292012.0
"Fixed 316228, uniform",8,23,23,"D 0,1 -> 12,13",101,False,0.9999999999998805,317044.0,1,False,0.3048688097570459,9.17,7609056.0
"Fixed 316228, uniform",8,24,3,S 1 -> 13,101,False,1.0,317044.0,1,False,0.3048688097570459,9.27,7926100.0
"Fixed 316228, uniform",8,25,1,S 0 -> 12,101,False,1.0,317044.0,1,False,0.3048688097570459,9.19,8243144.0
"Fixed 316228, uniform",8,26,59,"D 1,8 -> 10,11",101,False,1.0,317044.0,1,False,0.3048688097570459,9.41,8560188.0
"Fixed 316228, uniform",9,0,20,"D 0,1 -> 10,11",101,False,0.794495272331715,317044.0,1,False,0.3049100626130834,9.61,317044.0
"Fixed 316228, uniform",9,1,20,"D 0,1 -> 10,11",101,False,0.999999999911855,317044.0,1,False,0.30491006261308334,9.05,634088.0
"Fixed 316228, uniform",9,2,40,"D 0,9 -> 10,11",101,False,1.0,317044.0,1,False,0.30491006261308334,9.64,951132.0
"Fixed 316228, uniform",9,3,63,"D 1,9 -> 11,13",101,False,1.0,317044.0,1,False,0.30491006261308334,9.54,1268176.0
"Fixed 316228, uniform",9,4,22,"D 0,1 -> 11,12",101,False,1.0,317044.0,1,False,0.30491006261308334,9.73,1585220.0
"Fixed 316228, uniform",9,5,30,"D 0,5 -> 10,11",101,False,1.0,317044.0,1,False,0.30491006261308334,9.59,1902264.0
"Fixed 316228, uniform",9,6,3,S 1 -> 13,101,False,1.0,317044.0,1,False,0.30491006261308334,9.57,2219308.0
"Fixed 316228, uniform",9,7,0,S 0 -> 10,101,False,0.9988447126248534,317044.0,1,False,0.30491006261308334,9.27,2536352.0
"Fixed 316228, uniform",9,8,3,S 1 -> 13,101,False,1.0,317044.0,1,False,0.3049100626130833,9.03,2853396.0
"Fixed 316228, uniform",9,9,3,S 1 -> 13,101,False,1.0,317044.0,1,False,0.3049100626130833,9.05,3170440.0
"Fixed 316228, uniform",9,10,21,"D 0,1 -> 10,13",101,False,1.0,317044.0,1,False,0.3049100626130833,9.11,3487484.0
"Fixed 316228, uniform",9,11,63,"D 1,9 -> 11,13",101,False,1.0,317044.0,1,False,0.3049100626130833,9.17,3804528.0
"Fixed 316228, uniform",9,12,20,"D 0,1 -> 10,11",101,False,0.9999999897776372,317044.0,1,False,0.3049100626130833,8.79,4121572.0
"Fixed 316228, uniform",9,13,0,S 0 -> 10,101,False,0.9999999999829925,317044.0,1,False,0.3049100626130833,9.0,4438616.0
"Fixed 316228, uniform",9,14,0,S 0 -> 10,101,False,0.9999999999458801,317044.0,1,False,0.3049100626130834,9.05,4755660.0
"Fixed 316228, uniform",9,15,41,"D 0,9 -> 10,13",101,False,1.0,317044.0,1,False,0.3049100626130834,9.12,5072704.0
"Fixed 316228, uniform",9,16,41,"D 0,9 -> 10,13",101,False,1.0,317044.0,1,False,0.30491006261308334,9.1,5389748.0
"Fixed 316228, uniform",9,17,41,"D 0,9 -> 10,13",101,False,1.0,317044.0,1,False,0.30491006261308334,9.11,5706792.0
"Fixed 316228, uniform",9,18,20,"D 0,1 -> 10,11",101,False,0.9999999866506374,317044.0,1,False,0.30491006261308334,9.3,6023836.0
"Fixed 316228, uniform",9,19,23,"D 0,1 -> 12,13",101,False,0.8601489948416068,317044.0,1,False,0.3049100626130834,9.31,6340880.0
"Fixed 316228, uniform",9,20,0,S 0 -> 10,101,False,0.9999999994891104,317044.0,1,False,0.30489935905159693,9.46,6657924.0
"Fixed 316228, uniform",9,21,0,S 0 -> 10,101,False,0.9999999802607664,317044.0,1,False,0.3048993590534617,9.57,6974968.0
"Fixed 316228, uniform",9,22,21,"D 0,1 -> 10,13",101,False,1.0,317044.0,1,False,0.3048993590525001,9.47,7292012.0
"Fixed 316228, uniform",9,23,0,S 0 -> 10,101,False,0.9999999958232167,317044.0,1,False,0.3048993590525001,9.47,7609056.0
"Fixed 316228, uniform",9,24,0,S 0 -> 10,101,False,0.9999999947484555,317044.0,1,False,0.3048993590517276,9.5,7926100.0
"Fixed 316228, uniform",9,25,22,"D 0,1 -> 11,12",101,False,1.0,317044.0,1,False,0.3048993590517118,9.58,8243144.0
"Fixed 316228, uniform",9,26,0,S 0 -> 10,101,False,0.9999999984857576,317044.0,1,False,0.30489935905169974,9.5,8560188.0
"Fixed 316228, uniform",10,0,41,"D 0,9 -> 10,13",101,False,1.0,317044.0,1,False,0.3049100626130834,9.82,317044.0
"Fixed 316228, uniform",10,1,3,S 1 -> 13,101,False,1.0,317044.0,1,False,0.3049100626130834,9.12,634088.0
"Fixed 316228, uniform",10,2,40,"D 0,9 -> 10,11",101,False,1.0,317044.0,1,False,0.3049100626130834,8.99,951132.0
"Fixed 316228, uniform",10,3,44,"D 1,2 -> 10,11",101,False,0.9554503630012599,317044.0,1,False,0.3049100626130834,8.9,1268176.0
"Fixed 316228, uniform",10,4,3,S 1 -> 13,101,False,1.0,317044.0,1,False,0.30491006261308345,8.93,1585220.0
"Fixed 316228, uniform",10,5,37,"D 0,7 -> 11,12",101,False,1.0,317044.0,1,False,0.30491006261308345,8.98,1902264.0
"Fixed 316228, uniform",10,6,23,"D 0,1 -> 12,13",101,False,0.8596095624720856,317044.0,1,False,0.30491006261308345,8.95,2219308.0
"Fixed 316228, uniform",10,7,0,S 0 -> 10,101,False,0.999965225906215,317044.0,1,False,0.30489926829635694,8.94,2536352.0
"Fixed 316228, uniform",10,8,22,"D 0,1 -> 11,12",101,False,1.0,317044.0,1,False,0.304899268302176,9.06,2853396.0
"Fixed 316228, uniform",10,9,0,S 0 -> 10,101,False,0.9999999999356061,317044.0,1,False,0.30489926830178066,8.98,3170440.0
"Fixed 316228, uniform",10,10,23,"D 0,1 -> 12,13",101,False,0.9999999930753661,317044.0,1,False,0.3048992683006959,9.16,3487484.0
"Fixed 316228, uniform",10,11,41,"D 0,9 -> 10,13",101,False,1.0,317044.0,1,False,0.30489926830123737,9.42,3804528.0
"Fixed 316228, uniform",10,12,22,"D 0,1 -> 11,12",101,False,1.0,317044.0,1,False,0.30489926830123737,9.27,4121572.0
"Fixed 316228, uniform",10,13,20,"D 0,1 -> 10,11",101,False,0.7940416841263058,317044.0,1,False,0.30489926830123737,9.53,4438616.0
"Fixed 316228, uniform",10,14,20,"D 0,1 -> 10,11",101,False,0.9999999999999997,317044.0,1,False,0.3048993594335044,9.05,4755660.0
"Fixed 316228, uniform",10,15,20,"D 0,1 -> 10,11",101,False,0.9999999999999997,317044.0,1,False,0.3048993594335044,8.99,5072704.0
"Fixed 316228, uniform",10,16,22,"D 0,1 -> 11,12",101,False,1.0,317044.0,1,False,0.3048993594335044,9.03,5389748.0
"Fixed 316228, uniform",10,17,41,"D 0,9 -> 10,13",101,False,1.0,317044.0,1,False,0.3048993594335044,8.97,5706792.0
"Fixed 316228, uniform",10,18,21,"D 0,1 -> 10,13",101,False,1.0,317044.0,1,False,0.3048993594335044,8.97,6023836.0
"Fixed 316228, uniform",10,19,0,S 0 -> 10,101,False,0.9999994703847868,317044.0,1,False,0.3048993594335044,8.94,6340880.0
"Fixed 316228, uniform",10,20,40,"D 0,9 -> 10,11",101,False,1.0,317044.0,1,False,0.3048993594334914,8.89,6657924.0
"Fixed 316228, uniform",10,21,0,S 0 -> 10,101,False,0.9999996769985803,317044.0,1,False,0.3048993594334677,8.92,6974968.0
"Fixed 316228, uniform",10,22,1,S 0 -> 12,101,False,1.0,317044.0,1,False,0.3048993594334677,8.94,7292012.0
"Fixed 316228, uniform",10,23,0,S 0 -> 10,101,False,0.9999996769985803,317044.0,1,False,0.3048993594334677,8.9,7609056.0
"Fixed 316228, uniform",10,24,2,S 1 -> 11,101,False,0.9992599340576435,317044.0,1,False,0.3048993594334677,8.93,7926100.0
"Fixed 316228, uniform",10,25,3,S 1 -> 13,101,False,1.0,317044.0,1,False,0.30489935936810253,9.02,8243144.0
"Fixed 316228, uniform",10,26,0,S 0 -> 10,101,False,0.9999991936690488,317044.0,1,False,0.30489935936810253,8.93,8560188.0
"Fixed 316228, uniform",11,0,20,"D 0,1 -> 10,11",101,False,0.794495272331715,317044.0,1,False,0.3049100626130834,9.18,317044.0
"Fixed 316228, uniform",11,1,23,"D 0,1 -> 12,13",101,False,0.8601496603169524,317044.0,1,False,0.30491006261308334,9.2,634088.0
"Fixed 316228, uniform",11,2,3,S 1 -> 13,101,False,1.0,317044.0,1,False,0.30489935912874183,9.07,951132.0
"Fixed 316228, uniform",11,3,0,S 0 -> 10,101,False,0.99880783114409,317044.0,1,False,0.30489935912874183,9.03,1268176.0
"Fixed 316228, uniform",11,4,22,"D 0,1 -> 11,12",101,False,1.0,317044.0,1,False,0.3048993590486612,9.05,1585220.0
"Fixed 316228, uniform",11,5,23,"D 0,1 -> 12,13",101,False,0.9999999616133404,317044.0,1,False,0.3048993590486612,9.09,1902264.0
"Fixed 316228, uniform",11,6,22,"D 0,1 -> 11,12",101,False,1.0,317044.0,1,False,0.3048993590486612,9.09,2219308.0
"Fixed 316228, uniform",11,7,45,"D 1,2 -> 10,13",101,False,1.0,317044.0,1,False,0.3048993590486612,9.1,2536352.0
"Fixed 316228, uniform",11,8,0,S 0 -> 10,101,False,0.9999999999503111,317044.0,1,False,0.3048993590486612,9.1,2853396.0
"Fixed 316228, uniform",11,9,41,"D 0,9 -> 10,13",101,False,1.0,317044.0,1,False,0.3048993590486612,9.13,3170440.0
"Fixed 316228, uniform",11,10,20,"D 0,1 -> 10,11",101,False,0.9999999935140474,317044.0,1,False,0.3048993590486612,9.08,3487484.0
"Fixed 316228, uniform",11,11,20,"D 0,1 -> 10,11",101,False,0.9999999935140474,317044.0,1,False,0.3048993590486612,9.06,3804528.0
"Fixed 316228, uniform",11,12,30,"D 0,5 -> 10,11",101,False,1.0,317044.0,1,False,0.3048993590486612,8.87,4121572.0
"Fixed 316228, uniform",11,13,27,"D 0,3 -> 11,12",101,False,1.0,317044.0,1,False,0.3048993590486612,9.11,4438616.0
"Fixed 316228, uniform",11,14,22,"D 0,1 -> 11,12",101,False,1.0,317044.0,1,False,0.3048993590486612,9.1,4755660.0
"Fixed 316228, uniform",11,15,21,"D 0,1 -> 10,13",101,False,1.0,317044.0,1,False,0.3048993590486612,9.09,5072704.0
"Fixed 316228, uniform",11,16,20,"D 0,1 -> 10,11",101,False,0.9999999935140474,317044.0,1,False,0.3048993590486612,9.16,5389748.0
"Fixed 316228, uniform",11,17,23,"D 0,1 -> 12,13",101,False,0.9999999616133404,317044.0,1,False,0.3048993590486612,9.14,5706792.0
"Fixed 316228, uniform",11,18,1,S 0 -> 12,101,False,1.0,317044.0,1,False,0.30489935904943266,9.23,6023836.0
"Fixed 316228, uniform",11,19,41,"D 0,9 -> 10,13",101,False,1.0,317044.0,1,False,0.3048993590499022,9.14,6340880.0
"Fixed 316228, uniform",11,20,3,S 1 -> 13,101,False,1.0,317044.0,1,False,0.3048993590499022,9.13,6657924.0
"Fixed 316228, uniform",11,21,20,"D 0,1 -> 10,11",101,False,0.9999999955781687,317044.0,1,False,0.3048993590499022,9.13,6974968.0
"Fixed 316228, uniform",11,22,0,S 0 -> 10,101,False,0.9999999999724478,317044.0,1,False,0.3048993590499022,9.17,7292012.0
"Fixed 316228, uniform",11,23,21,"D 0,1 -> 10,13",101,False,1.0,317044.0,1,False,0.3048993590499022,9.12,7609056.0
"Fixed 316228, uniform",11,24,41,"D 0,9 -> 10,13",101,False,1.0,317044.0,1,False,0.3048993590499022,9.14,7926100.0
"Fixed 316228, uniform",11,25,3,S 1 -> 13,101,False,1.0,317044.0,1,False,0.3048993590499022,9.08,8243144.0
"Fixed 316228, uniform",11,26,2,S 1 -> 11,101,False,0.9988113083736943,317044.0,1,False,0.3048993590499022,9.03,8560188.0
"Fixed 1000000, designed",0,0,52,"D 1,4 -> 12,13",101,False,1.0,1001190.0,1,False,0.3049100626130834,10.02,1001190.0
"Fixed 1000000, designed",0,1,44,"D 1,2 -> 10,11",101,False,0.9554503630012599,1001190.0,1,False,0.3049100626130834,9.8,2002380.0
"Fixed 1000000, designed",0,2,101,"D 4,5 -> 12,13",101,True,0.0,1001189.0,1,False,0.30491006261308345,9.06,3003569.0
"Fixed 1000000, designed",0,3,63,"D 1,9 -> 11,13",64,False,1.0,1001181.0,1,False,0.20381461900862136,9.31,4004750.0
"Fixed 1000000, designed",0,4,70,"D 2,5 -> 10,13",64,False,0.23413703210383396,1001181.0,1,False,0.20381461900862136,9.22,5005931.0
"Fixed 1000000, designed",0,5,59,"D 1,8 -> 10,11",64,False,1.0,1001175.0,1,False,0.20549619291887297,9.22,6007106.0
"Fixed 1000000, designed",0,6,32,"D 0,5 -> 11,12",64,False,0.955315364296432,1001175.0,1,False,0.20549619291887297,9.19,7008281.0
"Fixed 1000000, designed",0,7,113,"D 5,6 -> 10,13",64,False,0.2755022083224229,1001175.0,1,False,0.20549618763321723,9.13,8009456.0
"Fixed 1000000, designed",0,8,80,"D 2,9 -> 10,13",64,False,1.0,1001190.0,1,False,0.20494670063275644,9.12,9010646.0
"Fixed 1000000, designed",0,9,26,"D 0,3 -> 10,13",64,False,1.0,1001190.0,1,False,0.20494670063275644,9.11,10011836.0
"Fixed 1000000, designed",0,10,52,"D 1,4 -> 12,13",64,False,1.0,1001190.0,1,False,0.20494670063275644,9.16,11013026.0
"Fixed 1000000, designed",0,11,85,"D 3,4 -> 11,12",64,False,0.2334165453173288,1001190.0,1,False,0.20494670063275644,9.23,12014216.0
"Fixed 1000000, designed",0,12,138,"D 8,9 -> 11,12",64,False,1.0,1001194.0,1,False,0.20614721592013385,9.24,13015410.0
"Fixed 1000000, designed",0,13,20,"D 0,1 -> 10,11",64,False,0.6962238032254751,1001194.0,1,False,0.20614721592013385,9.31,14016604.0
"Fixed 1000000, designed",0,14,54,"D 1,6 -> 10,11",64,False,0.9954063200247311,1001194.0,1,False,0.2060638973378217,9.31,15017798.0
"Fixed 1000000, designed",0,15,41,"D 0,9 -> 10,13",64,False,1.0,1001194.0,1,False,0.2060634809443887,9.44,16018992.0
"Fixed 1000000, designed",0,16,27,"D 0,3 -> 11,12",64,False,1.0,1001194.0,1,False,0.2060634807823876,9.17,17020186.0
"Fixed 1000000, designed",0,17,41,"D 0,9 -> 10,13",64,False,1.0,1001194.0,1,False,0.2060634807823876,9.32,18021380.0
"Fixed 1000000, designed",0,18,20,"D 0,1 -> 10,11",64,False,0.9999998647787097,1001194.0,1,False,0.2060634807823876,9.16,19022574.0
"Fixed 1000000, designed",0,19,68,"D 2,4 -> 10,12",64,False,0.7460621537315005,1001194.0,1,False,0.20606348081890924,9.1,20023768.0
"Fixed 1000000, designed",0,20,50,"D 1,4 -> 10,13",64,False,0.9566892267888405,1001196.0,1,False,0.2042157591327406,9.07,21024964.0
"Fixed 1000000, designed",0,21,25,"D 0,3 -> 10,11",64,False,0.9258911916602284,1001196.0,1,False,0.20421537129705078,9.27,22026160.0
"Fixed 1000000, designed",0,22,62,"D 1,8 -> 12,13",64,False,1.0,1001196.0,1,False,0.20420958273409445,8.96,23027356.0
"Fixed 1000000, designed",0,23,28,"D 0,3 -> 12,13",64,False,0.8340581666705458,1001196.0,1,False,0.20420958227081598,8.97,24028552.0
"Fixed 1000000, designed",0,24,35,"D 0,7 -> 10,11",64,False,0.9971192752993674,1001196.0,1,False,0.20420957559895317,8.96,25029748.0
"Fixed 1000000, designed",0,25,38,"D 0,7 -> 12,13",64,False,0.8757907227496613,1001196.0,1,False,0.20420983281849575,8.99,26030944.0
"Fixed 1000000, designed",0,26,28,"D 0,3 -> 12,13",64,False,0.9999997118697134,1001196.0,1,False,0.2042098108692677,8.92,27032140.0
"Fixed 1000000, designed",1,0,104,"D 4,7 -> 10,13",101,False,0.7086571971052928,1001190.0,1,False,0.3049100626130834,9.51,1001190.0
"Fixed 1000000, designed",1,1,28,"D 0,3 -> 12,13",101,False,0.881107344242255,1001192.0,1,False,0.3076459868090427,9.33,2002382.0
"Fixed 1000000, designed",1,2,35,"D 0,7 -> 10,11",101,False,0.9998487059587341,1001192.0,1,False,0.3076158149142822,9.16,3003574.0
"Fixed 1000000, designed",1,3,30,"D 0,5 -> 10,11",101,False,1.0,1001192.0,1,False,0.3076158149527647,9.28,4004766.0
"Fixed 1000000, designed",1,4,52,"D 1,4 -> 12,13",101,False,1.0,1001192.0,1,False,0.3076158149527647,9.24,5005958.0
"Fixed 1000000, designed",1,5,63,"D 1,9 -> 11,13",101,False,1.0,1001192.0,1,False,0.3076158149527647,9.1,6007150.0
"Fixed 1000000, designed",1,6,89,"D 3,6 -> 10,13",101,False,1.0,1001192.0,1,False,0.3076158149527647,9.18,7008342.0
"Fixed 1000000, designed",1,7,30,"D 0,5 -> 10,11",101,False,1.0,1001192.0,1,False,0.3076158149527647,9.22,8009534.0
"Fixed 1000000, designed",1,8,31,"D 0,5 -> 10,13",101,False,0.9558516333096077,1001192.0,1,False,0.3076158149527647,9.28,9010726.0
"Fixed 1000000, designed",1,9,63,"D 1,9 -> 11,13",101,False,1.0,1001192.0,1,False,0.3076052422670672,9.3,10011918.0
"Fixed 1000000, designed",1,10,101,"D 4,5 -> 12,13",101,True,0.0,1001192.0,1,False,0.3076052422670672,9.24,11013110.0
"Fixed 1000000, designed",1,11,35,"D 0,7 -> 10,11",64,False,0.9999999999999235,1001175.0,1,False,0.2035773512669777,9.32,12014285.0
"Fixed 1000000, designed",1,12,85,"D 3,4 -> 11,12",64,False,0.23406644907703766,1001175.0,1,False,0.2035773512669777,9.29,13015460.0
"Fixed 1000000, designed",1,13,0,S 0 -> 10,64,False,0.9945701179561236,1001179.0,1,False,0.20526169663291124,9.33,14016639.0
"Fixed 1000000, designed",1,14,3,S 1 -> 13,64,False,1.0,1001179.0,1,False,0.20526201060289714,9.33,15017818.0
"Fixed 1000000, designed",1,15,3,S 1 -> 13,64,False,1.0,1001179.0,1,False,0.20526201060289714,9.5,16018997.0
"Fixed 1000000, designed",1,16,46,"D 1,2 -> 11,12",64,False,1.0,1001179.0,1,False,0.20526201060289714,9.38,17020176.0
"Fixed 1000000, designed",1,17,136,"D 8,9 -> 10,11",64,False,0.6246974395163641,1001179.0,1,False,0.20526201060289714,9.33,18021355.0
"Fixed 1000000, designed",1,18,46,"D 1,2 -> 11,12",64,False,1.0,1001190.0,1,False,0.19576449198831644,9.33,19022545.0
"Fixed 1000000, designed",1,19,44,"D 1,2 -> 10,11",64,False,0.9414982444912674,1001190.0,1,False,0.19576449203329302,9.37,20023735.0
"Fixed 1000000, designed",1,20,26,"D 0,3 -> 10,13",64,False,1.0,1001190.0,1,False,0.19576247411451136,9.38,21024925.0
"Fixed 1000000, designed",1,21,113,"D 5,6 -> 10,13",64,False,0.24731546913682767,1001190.0,1,False,0.19576247411451136,9.16,22026115.0
"Fixed 1000000, designed",1,22,28,"D 0,3 -> 12,13",64,False,0.99999514605652,1001191.0,1,False,0.19534024452020454,9.22,23027306.0
"Fixed 1000000, designed",1,23,58,"D 1,7 -> 11,13",64,False,1.0,1001190.0,1,False,0.1953431618068962,9.27,24028496.0
"Fixed 1000000, designed",1,24,29,"D 0,4 -> 10,12",64,False,0.8902068389201535,1001190.0,1,False,0.19534316183188163,8.93,25029686.0
"Fixed 1000000, designed",1,25,39,"D 0,8 -> 10,12",64,False,1.0,1001189.0,1,False,0.19534322806467166,8.96,26030875.0
"Fixed 1000000, designed",1,26,29,"D 0,4 -> 10,12",64,False,0.999999978043896,1001189.0,1,False,0.19534322806467166,8.93,27032064.0
"Fixed 1000000, designed",2,0,101,"D 4,5 -> 12,13",101,True,0.0,1001190.0,1,False,0.3049100626130834,9.49,1001190.0
"Fixed 1000000, designed",2,1,57,"D 1,6 -> 12,13",64,False,0.8740618584254155,1001181.0,1,False,0.20381957163511183,9.39,2002371.0
"Fixed 1000000, designed",2,2,49,"D 1,4 -> 10,11",64,False,1.0,1001181.0,1,False,0.20381957163511188,9.07,3003552.0
"Fixed 1000000, designed",2,3,29,"D 0,4 -> 10,12",64,False,0.8998196924827296,1001181.0,1,False,0.20381957163511188,9.35,4004733.0
"Fixed 1000000, designed",2,4,20,"D 0,1 -> 10,11",64,False,0.6925983334509931,1001182.0,1,False,0.20381952258597097,9.2,5005915.0
"Fixed 1000000, designed",2,5,36,"D 0,7 -> 10,13",64,False,1.0,1001180.0,1,False,0.20373637349596682,9.12,6007095.0
"Fixed 1000000, designed",2,6,65,"D 2,3 -> 10,13",64,False,1.0,1001180.0,1,False,0.20373637349596682,9.12,7008275.0
"Fixed 1000000, designed",2,7,56,"D 1,6 -> 11,12",64,False,1.0,1001180.0,1,False,0.20373637349596682,9.09,8009455.0
"Fixed 1000000, designed",2,8,104,"D 4,7 -> 10,13",64,False,0.5285659449011999,1001180.0,1,False,0.20373637349596682,9.09,9010635.0
"Fixed 1000000, designed",2,9,123,"D 6,7 -> 10,13",64,False,1.0,1001177.0,1,False,0.20349436811227725,9.12,10011812.0
"Fixed 1000000, designed",2,10,85,"D 3,4 -> 11,12",64,False,0.2337881020491014,1001177.0,1,False,0.20349436811227725,9.12,11012989.0
"Fixed 1000000, designed",2,11,44,"D 1,2 -> 10,11",64,False,0.9312039830531877,1001178.0,1,False,0.2051787438043856,9.12,12014167.0
"Fixed 1000000, designed",2,12,27,"D 0,3 -> 11,12",64,False,1.0,1001178.0,1,False,0.20517324485995145,9.21,13015345.0
"Fixed 1000000, designed",2,13,39,"D 0,8 -> 10,12",64,False,1.0,1001178.0,1,False,0.2051732444641999,9.09,14016523.0
"Fixed 1000000, designed",2,14,31,"D 0,5 -> 10,13",64,False,0.9477148428639437,1001178.0,1,False,0.2051732444641999,9.09,15017701.0
"Fixed 1000000, designed",2,15,33,"D 0,5 -> 12,13",64,False,1.0,1001179.0,1,False,0.20517326678994105,9.09,16018880.0
"Fixed 1000000, designed",2,16,21,"D 0,1 -> 10,13",64,False,1.0,1001179.0,1,False,0.2051732677001533,9.1,17020059.0
"Fixed 1000000, designed",2,17,43,"D 0,9 -> 12,13",64,False,1.0,1001179.0,1,False,0.20517326747356343,9.07,18021238.0
"Fixed 1000000, designed",2,18,66,"D 2,3 -> 11,12",64,False,1.0,1001179.0,1,False,0.20517326627398405,9.1,19022417.0
"Fixed 1000000, designed",2,19,34,"D 0,6 -> 10,12",64,False,1.0,1001179.0,1,False,0.20517326627398405,9.11,20023596.0
"Fixed 1000000, designed",2,20,22,"D 0,1 -> 11,12",64,False,1.0,1001179.0,1,False,0.20517326627398405,9.11,21024775.0
"Fixed 1000000, designed",2,21,96,"D 3,8 -> 12,13",64,False,1.0,1001179.0,1,False,0.20517326627398405,9.03,22025954.0
"Fixed 1000000, designed",2,22,31,"D 0,5 -> 10,13",64,False,0.9999999965515018,1001179.0,1,False,0.20517326627398405,8.93,23027133.0
"Fixed 1000000, designed",2,23,61,"D 1,8 -> 11,12",64,False,1.0,1001179.0,1,False,0.20517326636759853,8.95,24028312.0
"Fixed 1000000, designed",2,24,32,"D 0,5 -> 11,12",64,False,0.9610911880106339,1001179.0,1,False,0.20517326708526434,8.96,25029491.0
"Fixed 1000000, designed",2,25,32,"D 0,5 -> 11,12",64,False,0.999999957759982,1001179.0,1,False,0.20517318644133864,8.96,26030670.0
"Fixed 1000000, designed",2,26,54,"D 1,6 -> 10,11",64,False,0.9976096633465148,1001179.0,1,False,0.2051731857781566,8.92,27031849.0
"Fixed 1000000, designed",3,0,52,"D 1,4 -> 12,13",101,False,1.0,1001190.0,1,False,0.3049100626130834,9.51,1001190.0
"Fixed 1000000, designed",3,1,101,"D 4,5 -> 12,13",101,True,0.0,1001190.0,1,False,0.3049100626130834,9.42,2002380.0
"Fixed 1000000, designed",3,2,120,"D 5,8 -> 12,13",64,False,1.0,1001181.0,1,False,0.20381957163511183,9.16,3003561.0
"Fixed 1000000, designed",3,3,85,"D 3,4 -> 11,12",64,False,0.23420484657981033,1001181.0,1,False,0.20381957163511183,9.31,4004742.0
"Fixed 1000000, designed",3,4,97,"D 3,9 -> 11,13",64,False,1.0,1001172.0,1,False,0.20550144143722243,9.33,5005914.0
"Fixed 1000000, designed",3,5,28,"D 0,3 -> 12,13",64,False,0.834406778605209,1001172.0,1,False,0.20550144143722243,9.27,6007086.0
"Fixed 1000000, designed",3,6,53,"D 1,5 -> 11,13",64,False,0.9007785938878493,1001172.0,1,False,0.20550139661102484,9.24,7008258.0
"Fixed 1000000, designed",3,7,136,"D 8,9 -> 10,11",64,False,0.6246876983928848,1001172.0,1,False,0.2055013325490116,9.21,8009430.0
"Fixed 1000000, designed",3,8,60,"D 1,8 -> 10,13",64,False,1.0,1001183.0,1,False,0.19597940162293884,9.25,9010613.0
"Fixed 1000000, designed",3,9,9,S 4 -> 12,64,False,0.998867651642876,1001183.0,1,False,0.19597940162516864,9.32,10011796.0
"Fixed 1000000, designed",3,10,30,"D 0,5 -> 10,11",64,False,1.0,1001183.0,1,False,0.19597926231574656,9.36,11012979.0
"Fixed 1000000, designed",3,11,41,"D 0,9 -> 10,13",64,False,1.0,1001183.0,1,False,0.19597926218151537,9.28,12014162.0
"Fixed 1000000, designed",3,12,105,"D 4,7 -> 11,12",64,False,0.2411017056609741,1001183.0,1,False,0.19597926217348877,9.53,13015345.0
"Fixed 1000000, designed",3,13,0,S 0 -> 10,64,False,0.9965587099805603,1001187.0,1,False,0.1954857370182785,9.63,14016532.0
"Fixed 1000000, designed",3,14,70,"D 2,5 -> 10,13",64,False,0.1971369392644453,1001187.0,1,False,0.19548547764572463,9.7,15017719.0
"Fixed 1000000, designed",3,15,85,"D 3,4 -> 11,12",64,False,0.9999964450580683,1001172.0,1,False,0.1967190272345538,9.96,16018891.0
"Fixed 1000000, designed",3,16,21,"D 0,1 -> 10,13",64,False,1.0,1001175.0,1,False,0.1967524801917561,9.75,17020066.0
"Fixed 1000000, designed",3,17,22,"D 0,1 -> 11,12",64,False,1.0,1001175.0,1,False,0.1967524801917561,9.77,18021241.0
"Fixed 1000000, designed",3,18,23,"D 0,1 -> 12,13",64,False,0.7911779925389911,1001175.0,1,False,0.1967524801917561,9.73,19022416.0
"Fixed 1000000, designed",3,19,48,"D 1,3 -> 11,13",64,False,1.0,1001175.0,1,False,0.19675217428754024,9.25,20023591.0
"Fixed 1000000, designed",3,20,28,"D 0,3 -> 12,13",64,False,0.9999965368800922,1001175.0,1,False,0.19675217428754024,9.26,21024766.0
"Fixed 1000000, designed",3,21,57,"D 1,6 -> 12,13",64,False,0.8693846529813374,1001175.0,1,False,0.1967521755523042,8.99,22025941.0
"Fixed 1000000, designed",3,22,46,"D 1,2 -> 11,12",64,False,1.0,1001175.0,1,False,0.1967520716388871,8.99,23027116.0
"Fixed 1000000, designed",3,23,113,"D 5,6 -> 10,13",64,False,0.23928426055962482,1001175.0,1,False,0.1967520716388871,8.95,24028291.0
"Fixed 1000000, designed",3,24,26,"D 0,3 -> 10,13",64,False,1.0,1001172.0,1,False,0.19622007651467574,8.96,25029463.0
"Fixed 1000000, designed",3,25,24,"D 0,2 -> 10,12",64,False,1.0,1001172.0,1,False,0.19622007326583474,8.91,26030635.0
"Fixed 1000000, designed",3,26,31,"D 0,5 -> 10,13",64,False,0.9473969618352196,1001172.0,1,False,0.19622007314167153,8.93,27031807.0
"Fixed 1000000, designed",4,0,21,"D 0,1 -> 10,13",101,False,1.0,1001190.0,1,False,0.3049100626130834,9.82,1001190.0
"Fixed 1000000, designed",4,1,20,"D 0,1 -> 10,11",101,False,0.794495272331715,1001190.0,1,False,0.3049100626130834,9.81,2002380.0
"Fixed 1000000, designed",4,2,42,"D 0,9 -> 11,12",101,False,1.0,1001188.0,1,False,0.30491006261308334,9.49,3003568.0
"Fixed 1000000, designed",4,3,39,"D 0,8 -> 10,12",101,False,1.0,1001188.0,1,False,0.30491006261308334,9.5,4004756.0
"Fixed 1000000, designed",4,4,35,"D 0,7 -> 10,11",101,False,0.9975548999503462,1001188.0,1,False,0.30491006261308334,9.37,5005944.0
"Fixed 1000000, designed",4,5,20,"D 0,1 -> 10,11",101,False,0.999999999977486,1001188.0,1,False,0.30491006261308334,9.38,6007132.0
"Fixed 1000000, designed",4,6,35,"D 0,7 -> 10,11",101,False,0.9999999995937998,1001188.0,1,False,0.30491006261308334,9.67,7008320.0
"Fixed 1000000, designed",4,7,46,"D 1,2 -> 11,12",101,False,1.0,1001188.0,1,False,0.30491006261308334,9.62,8009508.0
"Fixed 1000000, designed",4,8,42,"D 0,9 -> 11,12",101,False,1.0,1001188.0,1,False,0.30491006261308334,9.92,9010696.0
"Fixed 1000000, designed",4,9,101,"D 4,5 -> 12,13",101,True,0.0,1001188.0,1,False,0.30491006261308334,9.64,10011884.0
"Fixed 1000000, designed",4,10,48,"D 1,3 -> 11,13",64,False,1.0,1001181.0,1,False,0.20373673648930513,9.54,11013065.0
"Fixed 1000000, designed",4,11,38,"D 0,7 -> 12,13",64,False,0.8740306404806355,1001181.0,1,False,0.20373673648930513,9.5,12014246.0
"Fixed 1000000, designed",4,12,63,"D 1,9 -> 11,13",64,False,1.0,1001181.0,1,False,0.2037366770210355,9.52,13015427.0
"Fixed 1000000, designed",4,13,28,"D 0,3 -> 12,13",64,False,0.8365032730269986,1001181.0,1,False,0.20373667702106332,9.58,14016608.0
"Fixed 1000000, designed",4,14,80,"D 2,9 -> 10,13",64,False,1.0,1001181.0,1,False,0.2037366141857981,9.69,15017789.0
"Fixed 1000000, designed",4,15,47,"D 1,2 -> 12,13",64,False,0.8363679636308827,1001181.0,1,False,0.2037366141857981,9.83,16018970.0
"Fixed 1000000, designed",4,16,45,"D 1,2 -> 10,13",64,False,1.0,1001181.0,1,False,0.20373649397747792,9.68,17020151.0
"Fixed 1000000, designed",4,17,46,"D 1,2 -> 11,12",64,False,1.0,1001181.0,1,False,0.20373649397747792,9.73,18021332.0
"Fixed 1000000, designed",4,18,51,"D 1,4 -> 11,12",64,False,0.9457305258649077,1001181.0,1,False,0.20373649397747792,9.7,19022513.0
"Fixed 1000000, designed",4,19,0,S 0 -> 10,64,False,0.9966580295309923,1001181.0,1,False,0.2037364913170415,9.52,20023694.0
"Fixed 1000000, designed",4,20,47,"D 1,2 -> 12,13",64,False,0.9999999967136973,1001181.0,1,False,0.20373670840544844,9.55,21024875.0
"Fixed 1000000, designed",4,21,3,S 1 -> 13,64,False,1.0,1001181.0,1,False,0.20373670840544844,9.27,22026056.0
"Fixed 1000000, designed",4,22,20,"D 0,1 -> 10,11",64,False,0.9999990607309196,1001181.0,1,False,0.20373670840544844,9.36,23027237.0
"Fixed 1000000, designed",4,23,85,"D 3,4 -> 11,12",64,False,0.23377890911406474,1001181.0,1,False,0.2037367080661803,8.95,24028418.0
"Fixed 1000000, designed",4,24,0,S 0 -> 10,64,False,0.9953963279211894,1001173.0,1,False,0.2054189569107728,8.97,25029591.0
"Fixed 1000000, designed",4,25,58,"D 1,7 -> 11,13",64,False,1.0,1001173.0,1,False,0.20541924508520995,9.35,26030764.0
"Fixed 1000000, designed",4,26,0,S 0 -> 10,64,False,0.9999999997201892,1001173.0,1,False,0.20541924263283073,9.32,27031937.0
"Fixed 1000000, designed",5,0,31,"D 0,5 -> 10,13",101,False,0.954145166695978,1001190.0,1,False,0.3049100626130834,10.18,1001190.0
"Fixed 1000000, designed",5,1,0,S 0 -> 10,101,False,0.9992882108853506,1001190.0,1,False,0.30489918825701445,10.02,2002380.0
"Fixed 1000000, designed",5,2,101,"D 4,5 -> 12,13",101,True,0.0,1001190.0,1,False,0.304899184635014,9.34,3003570.0
"Fixed 1000000, designed",5,3,136,"D 8,9 -> 10,11",64,False,0.621151975689044,1001183.0,1,False,0.203819699311063,9.41,4004753.0
"Fixed 1000000, designed",5,4,46,"D 1,2 -> 11,12",64,False,1.0,1001187.0,1,False,0.19426707231269796,9.07,5005940.0
"Fixed 1000000, designed",5,5,85,"D 3,4 -> 11,12",64,False,0.1973907555894,1001187.0,1,False,0.19426707197696136,9.01,6007127.0
"Fixed 1000000, designed",5,6,36,"D 0,7 -> 10,13",64,False,1.0,1001183.0,1,False,0.19597924638599598,9.07,7008310.0
"Fixed 1000000, designed",5,7,25,"D 0,3 -> 10,11",64,False,0.9359868276718748,1001183.0,1,False,0.19597924638599598,9.15,8009493.0
"Fixed 1000000, designed",5,8,37,"D 0,7 -> 11,12",64,False,1.0,1001183.0,1,False,0.19597710576843377,9.18,9010676.0
"Fixed 1000000, designed",5,9,37,"D 0,7 -> 11,12",64,False,1.0,1001183.0,1,False,0.19597710576843377,9.38,10011859.0
"Fixed 1000000, designed",5,10,51,"D 1,4 -> 11,12",64,False,0.9363683455253352,1001183.0,1,False,0.19597710576843377,9.46,11013042.0
"Fixed 1000000, designed",5,11,48,"D 1,3 -> 11,13",64,False,1.0,1001183.0,1,False,0.19597719738266317,9.49,12014225.0
"Fixed 1000000, designed",5,12,34,"D 0,6 -> 10,12",64,False,1.0,1001183.0,1,False,0.19597719325406848,9.55,13015408.0
"Fixed 1000000, designed",5,13,42,"D 0,9 -> 11,12",64,False,1.0,1001183.0,1,False,0.19597719325406848,9.57,14016591.0
"Fixed 1000000, designed",5,14,27,"D 0,3 -> 11,12",64,False,1.0,1001183.0,1,False,0.19597719325406848,9.64,15017774.0
"Fixed 1000000, designed",5,15,58,"D 1,7 -> 11,13",64,False,1.0,1001183.0,1,False,0.19597719325406848,9.71,16018957.0
"Fixed 1000000, designed",5,16,47,"D 1,2 -> 12,13",64,False,0.8298538011480192,1001183.0,1,False,0.19597719325406848,9.44,17020140.0
"Fixed 1000000, designed",5,17,47,"D 1,2 -> 12,13",64,False,0.9999938049712139,1001183.0,1,False,0.19597702736543002,9.28,18021323.0
"Fixed 1000000, designed",5,18,24,"D 0,2 -> 10,12",64,False,1.0,1001183.0,1,False,0.19597702726041794,9.26,19022506.0
"Fixed 1000000, designed",5,19,46,"D 1,2 -> 11,12",64,False,1.0,1001183.0,1,False,0.19597702726041794,9.23,20023689.0
"Fixed 1000000, designed",5,20,29,"D 0,4 -> 10,12",64,False,0.8940358097969229,1001183.0,1,False,0.19597702726041794,9.27,21024872.0
"Fixed 1000000, designed",5,21,0,S 0 -> 10,64,False,0.9999864730076693,1001183.0,1,False,0.19597714413438316,9.03,22026055.0
"Fixed 1000000, designed",5,22,32,"D 0,5 -> 11,12",64,False,0.958476371955246,1001186.0,1,False,0.19622827023667194,8.94,23027241.0
"Fixed 1000000, designed",5,23,53,"D 1,5 -> 11,13",64,False,0.8960260130416737,1001186.0,1,False,0.1962284140261677,8.94,24028427.0
"Fixed 1000000, designed",5,24,32,"D 0,5 -> 11,12",64,False,0.9999999388395516,1001186.0,1,False,0.196228835325801,8.97,25029613.0
"Fixed 1000000, designed",5,25,105,"D 4,7 -> 11,12",64,False,0.24464371015363062,1001186.0,1,False,0.196228835325801,8.97,26030799.0
"Fixed 1000000, designed",5,26,19,S 9 -> 13,64,False,1.0,1001184.0,1,False,0.1956078216470063,8.95,27031983.0
"Fixed 1000000, designed",6,0,101,"D 4,5 -> 12,13",101,True,0.0,1001190.0,1,False,0.3049100626130834,10.13,1001190.0
"Fixed 1000000, designed",6,1,117,"D 5,8 -> 10,11",64,False,1.0,1001181.0,1,False,0.20381957163511183,10.06,2002371.0
"Fixed 1000000, designed",6,2,39,"D 0,8 -> 10,12",64,False,1.0,1001181.0,1,False,0.20381957163511183,9.1,3003552.0
"Fixed 1000000, designed",6,3,27,"D 0,3 -> 11,12",64,False,1.0,1001181.0,1,False,0.20381957163511183,9.47,4004733.0
"Fixed 1000000, designed",6,4,53,"D 1,5 -> 11,13",64,False,0.8998197816752305,1001181.0,1,False,0.20381957163511183,9.32,5005914.0
"Fixed 1000000, designed",6,5,0,S 0 -> 10,64,False,0.9986920670956346,1001182.0,1,False,0.203819522586021,9.37,6007096.0
"Fixed 1000000, designed",6,6,54,"D 1,6 -> 10,11",64,False,0.9976919895398939,1001182.0,1,False,0.2038196108907218,9.24,7008278.0
"Fixed 1000000, designed",6,7,66,"D 2,3 -> 11,12",64,False,1.0,1001182.0,1,False,0.2038198182917918,9.25,8009460.0
"Fixed 1000000, designed",6,8,3,S 1 -> 13,64,False,1.0,1001182.0,1,False,0.2038198182915587,9.25,9010642.0
"Fixed 1000000, designed",6,9,35,"D 0,7 -> 10,11",64,False,0.9973210990432022,1001182.0,1,False,0.20381981829172807,9.35,10011824.0
"Fixed 1000000, designed",6,10,122,"D 6,7 -> 10,11",64,False,0.3267719137573547,1001182.0,1,False,0.20382006021675117,9.26,11013006.0
"Fixed 1000000, designed",6,11,23,"D 0,1 -> 12,13",64,False,0.7874871345285802,1001186.0,1,False,0.191568533781923,9.38,12014192.0
"Fixed 1000000, designed",6,12,2,S 1 -> 11,64,False,0.99881657381669,1001186.0,1,False,0.19156853720505962,9.69,13015378.0
"Fixed 1000000, designed",6,13,105,"D 4,7 -> 11,12",64,False,0.23037439929510772,1001186.0,1,False,0.19156861336084577,9.66,14016564.0
"Fixed 1000000, designed",6,14,66,"D 2,3 -> 11,12",64,False,1.0,1001194.0,1,False,0.19140161214535417,9.76,15017758.0
"Fixed 1000000, designed",6,15,48,"D 1,3 -> 11,13",64,False,1.0,1001194.0,1,False,0.19140161215346246,9.95,16018952.0
"Fixed 1000000, designed",6,16,51,"D 1,4 -> 11,12",64,False,0.9521150382648036,1001194.0,1,False,0.19140161218143784,9.41,17020146.0
"Fixed 1000000, designed",6,17,24,"D 0,2 -> 10,12",64,False,1.0,1001194.0,1,False,0.1914016817968984,9.45,18021340.0
"Fixed 1000000, designed",6,18,58,"D 1,7 -> 11,13",64,False,1.0,1001194.0,1,False,0.19140168310488737,10.05,19022534.0
"Fixed 1000000, designed",6,19,55,"D 1,6 -> 10,13",64,False,1.0,1001194.0,1,False,0.19140168310488737,9.7,20023728.0
"Fixed 1000000, designed",6,20,20,"D 0,1 -> 10,11",64,False,0.6885031624728633,1001194.0,1,False,0.19140168310488737,9.62,21024922.0
"Fixed 1000000, designed",6,21,0,S 0 -> 10,64,False,0.9999861343181433,1001194.0,1,False,0.19132674924653884,9.09,22026116.0
"Fixed 1000000, designed",6,22,1,S 0 -> 12,64,False,1.0,1001191.0,1,False,0.19170955693277708,9.14,23027307.0
"Fixed 1000000, designed",6,23,70,"D 2,5 -> 10,13",64,False,0.18415380661498015,1001191.0,1,False,0.19170955689343924,9.06,24028498.0
"Fixed 1000000, designed",6,24,104,"D 4,7 -> 10,13",64,False,0.5403056387544725,1001185.0,1,False,0.1934143718478013,9.0,25029683.0
"Fixed 1000000, designed",6,25,96,"D 3,8 -> 12,13",64,False,1.0,1001178.0,1,False,0.19303125315766942,9.08,26030861.0
"Fixed 1000000, designed",6,26,62,"D 1,8 -> 12,13",64,False,1.0,1001178.0,1,False,0.19303125315766942,9.11,27032039.0
"Fixed 1000000, designed",7,0,1,S 0 -> 12,101,False,1.0,1001190.0,1,False,0.3049100626130834,9.94,1001190.0
"Fixed 1000000, designed",7,1,2,S 1 -> 11,101,False,0.9999999999997565,1001190.0,1,False,0.3049100626130834,9.77,2002380.0
"Fixed 1000000, designed",7,2,101,"D 4,5 -> 12,13",101,True,0.0,1001190.0,1,False,0.3049100626130834,9.45,3003570.0
"Fixed 1000000, designed",7,3,1,S 0 -> 12,64,False,1.0,1001181.0,1,False,0.20381965998269516,9.36,4004751.0
"Fixed 1000000, designed",7,4,110,"D 4,9 -> 11,12",64,False,1.0,1001181.0,1,False,0.20381965998269516,9.2,5005932.0
"Fixed 1000000, designed",7,5,122,"D 6,7 -> 10,11",64,False,0.3267575300322487,1001181.0,1,False,0.20381965998269516,9.23,6007113.0
"Fixed 1000000, designed",7,6,113,"D 5,6 -> 10,13",64,False,0.23041655264555683,1001186.0,1,False,0.19157484079713277,9.22,7008299.0
"Fixed 1000000, designed",7,7,66,"D 2,3 -> 11,12",64,False,1.0,1001184.0,1,False,0.19140869455545567,9.2,8009483.0
"Fixed 1000000, designed",7,8,65,"D 2,3 -> 10,13",64,False,1.0,1001184.0,1,False,0.19140869455545567,9.24,9010667.0
"Fixed 1000000, designed",7,9,26,"D 0,3 -> 10,13",64,False,1.0,1001184.0,1,False,0.19140869455545567,9.29,10011851.0
"Fixed 1000000, designed",7,10,3,S 1 -> 13,64,False,1.0,1001184.0,1,False,0.19140869455545567,9.29,11013035.0
"Fixed 1000000, designed",7,11,40,"D 0,9 -> 10,11",64,False,1.0,1001184.0,1,False,0.19140869455545567,9.25,12014219.0
"Fixed 1000000, designed",7,12,136,"D 8,9 -> 10,11",64,False,0.6254707785391771,1001184.0,1,False,0.19140869455545567,9.36,13015403.0
"Fixed 1000000, designed",7,13,85,"D 3,4 -> 11,12",64,False,0.1462019592097541,1001184.0,1,False,0.18291327677747515,9.62,14016587.0
"Fixed 1000000, designed",7,14,21,"D 0,1 -> 10,13",64,False,1.0,1001171.0,1,False,0.18465355767876535,9.62,15017758.0
"Fixed 1000000, designed",7,15,49,"D 1,4 -> 10,11",64,False,1.0,1001171.0,1,False,0.18465355767876535,9.59,16018929.0
"Fixed 1000000, designed",7,16,55,"D 1,6 -> 10,13",64,False,1.0,1001171.0,1,False,0.18465355767876535,10.01,17020100.0
"Fixed 1000000, designed",7,17,2,S 1 -> 11,64,False,0.9999998228127489,1001171.0,1,False,0.18465355767876535,9.66,18021271.0
"Fixed 1000000, designed",7,18,34,"D 0,6 -> 10,12",64,False,1.0,1001171.0,1,False,0.18465355767876535,9.82,19022442.0
"Fixed 1000000, designed",7,19,40,"D 0,9 -> 10,11",64,False,1.0,1001171.0,1,False,0.18465355767876535,9.34,20023613.0
"Fixed 1000000, designed",7,20,27,"D 0,3 -> 11,12",64,False,1.0,1001171.0,1,False,0.18465355767876535,9.28,21024784.0
"Fixed 1000000, designed",7,21,35,"D 0,7 -> 10,11",64,False,0.9723552037058137,1001171.0,1,False,0.18465355767876535,9.06,22025955.0
"Fixed 1000000, designed",7,22,55,"D 1,6 -> 10,13",64,False,1.0,1001171.0,1,False,0.18464977272130645,9.04,23027126.0
"Fixed 1000000, designed",7,23,33,"D 0,5 -> 12,13",64,False,1.0,1001171.0,1,False,0.18464977126775264,9.59,24028297.0
"Fixed 1000000, designed",7,24,63,"D 1,9 -> 11,13",64,False,1.0,1001171.0,1,False,0.18464977126775264,9.14,25029468.0
"Fixed 1000000, designed",7,25,34,"D 0,6 -> 10,12",64,False,1.0,1001171.0,1,False,0.18464977126775264,9.02,26030639.0
"Fixed 1000000, designed",7,26,25,"D 0,3 -> 10,11",64,False,0.9405747968297022,1001171.0,1,False,0.18464977126775264,8.95,27031810.0
"Fixed 1000000, designed",8,0,47,"D 1,2 -> 12,13",101,False,0.8799172494907926,1001190.0,1,False,0.3049100626130834,9.65,1001190.0
"Fixed 1000000, designed",8,1,53,"D 1,5 -> 11,13",101,False,0.9289822547605959,1001189.0,1,False,0.3048798858437959,9.44,2002379.0
"Fixed 1000000, designed",8,2,113,"D 5,6 -> 10,13",101,False,0.48583683218567786,1001189.0,1,False,0.3048725814566214,9.11,3003568.0
"Fixed 1000000, designed",8,3,28,"D 0,3 -> 12,13",101,False,0.8789201475942974,1001200.0,1,False,0.30073421487898216,9.12,4004768.0
"Fixed 1000000, designed",8,4,56,"D 1,6 -> 11,12",101,False,1.0,1001201.0,1,False,0.3007043458269531,9.21,5005969.0
"Fixed 1000000, designed",8,5,65,"D 2,3 -> 10,13",101,False,1.0,1001201.0,1,False,0.3007043458269531,9.21,6007170.0
"Fixed 1000000, designed",8,6,66,"D 2,3 -> 11,12",101,False,1.0,1001201.0,1,False,0.3007043458269531,9.5,7008371.0
"Fixed 1000000, designed",8,7,2,S 1 -> 11,101,False,0.9994982813161822,1001201.0,1,False,0.3007043458269531,9.45,8009572.0
"Fixed 1000000, designed",8,8,85,"D 3,4 -> 11,12",101,False,0.4893663219277765,1001201.0,1,False,0.3007043449680916,9.47,9010773.0
"Fixed 1000000, designed",8,9,101,"D 4,5 -> 12,13",101,True,0.0,1001199.0,1,False,0.30182925185500614,9.43,10011972.0
"Fixed 1000000, designed",8,10,3,S 1 -> 13,64,False,1.0,1001187.0,1,False,0.2049611520010359,9.52,11013159.0
"Fixed 1000000, designed",8,11,29,"D 0,4 -> 10,12",64,False,0.8987001037920204,1001187.0,1,False,0.2049611520010359,9.51,12014346.0
"Fixed 1000000, designed",8,12,35,"D 0,7 -> 10,11",64,False,0.9977209435295278,1001187.0,1,False,0.20496114797403844,9.34,13015533.0
"Fixed 1000000, designed",8,13,57,"D 1,6 -> 12,13",64,False,0.8805755491724763,1001187.0,1,False,0.2049613540423657,9.25,14016720.0
"Fixed 1000000, designed",8,14,49,"D 1,4 -> 10,11",64,False,1.0,1001187.0,1,False,0.20496146298613652,9.18,15017907.0
"Fixed 1000000, designed",8,15,59,"D 1,8 -> 10,11",64,False,1.0,1001187.0,1,False,0.20496146298613652,9.17,16019094.0
"Fixed 1000000, designed",8,16,27,"D 0,3 -> 11,12",64,False,1.0,1001187.0,1,False,0.20496146298613652,9.26,17020281.0
"Fixed 1000000, designed",8,17,81,"D 2,9 -> 11,12",64,False,1.0,1001187.0,1,False,0.20496146298613652,9.24,18021468.0
"Fixed 1000000, designed",8,18,22,"D 0,1 -> 11,12",64,False,1.0,1001187.0,1,False,0.20496146298613652,9.26,19022655.0
"Fixed 1000000, designed",8,19,38,"D 0,7 -> 12,13",64,False,0.8762075076948341,1001187.0,1,False,0.20496146298613652,9.31,20023842.0
"Fixed 1000000, designed",8,20,56,"D 1,6 -> 11,12",64,False,1.0,1001187.0,1,False,0.20496145576731176,9.34,21025029.0
"Fixed 1000000, designed",8,21,43,"D 0,9 -> 12,13",64,False,1.0,1001187.0,1,False,0.20496145298032553,9.16,22026216.0
"Fixed 1000000, designed",8,22,47,"D 1,2 -> 12,13",64,False,0.9999997677869799,1001187.0,1,False,0.20496145294378437,9.06,23027403.0
"Fixed 1000000, designed",8,23,24,"D 0,2 -> 10,12",64,False,1.0,1001187.0,1,False,0.20496145269037658,9.0,24028590.0
"Fixed 1000000, designed",8,24,33,"D 0,5 -> 12,13",64,False,1.0,1001187.0,1,False,0.20496145245955688,8.95,25029777.0
"Fixed 1000000, designed",8,25,80,"D 2,9 -> 10,13",64,False,1.0,1001187.0,1,False,0.20496145207835995,9.04,26030964.0
"Fixed 1000000, designed",8,26,44,"D 1,2 -> 10,11",64,False,0.9344825546192208,1001187.0,1,False,0.20496145207835995,9.05,27032151.0
"Fixed 1000000, designed",9,0,59,"D 1,8 -> 10,11",101,False,1.0,1001190.0,1,False,0.3049100626130834,9.56,1001190.0
"Fixed 1000000, designed",9,1,60,"D 1,8 -> 10,13",101,False,1.0,1001190.0,1,False,0.3049100626130834,9.25,2002380.0
"Fixed 1000000, designed",9,2,55,"D 1,6 -> 10,13",101,False,1.0,1001190.0,1,False,0.3049100626130834,9.28,3003570.0
"Fixed 1000000, designed",9,3,86,"D 3,4 -> 12,13",101,False,1.0,1001190.0,1,False,0.3049100626130834,9.22,4004760.0
"Fixed 1000000, designed",9,4,51,"D 1,4 -> 11,12",101,False,0.954145166695978,1001190.0,1,False,0.3049100626130834,9.19,5005950.0
"Fixed 1000000, designed",9,5,63,"D 1,9 -> 11,13",101,False,1.0,1001189.0,1,False,0.30489918825701445,9.09,6007139.0
"Fixed 1000000, designed",9,6,101,"D 4,5 -> 12,13",101,True,0.0,1001189.0,1,False,0.30489918825701445,9.09,7008328.0
"Fixed 1000000, designed",9,7,51,"D 1,4 -> 11,12",64,False,0.9999999954820762,1001182.0,1,False,0.20381955684574316,9.15,8009510.0
"Fixed 1000000, designed",9,8,52,"D 1,4 -> 12,13",64,False,1.0,1001182.0,1,False,0.20381955684574316,9.2,9010692.0
"Fixed 1000000, designed",9,9,25,"D 0,3 -> 10,11",64,False,0.9333546209635153,1001182.0,1,False,0.20381955684574316,9.2,10011874.0
"Fixed 1000000, designed",9,10,28,"D 0,3 -> 12,13",64,False,0.8362106680284468,1001182.0,1,False,0.20381460422280176,9.22,11013056.0
"Fixed 1000000, designed",9,11,72,"D 2,5 -> 12,13",64,False,1.0,1001182.0,1,False,0.20381455303480422,9.37,12014238.0
"Fixed 1000000, designed",9,12,60,"D 1,8 -> 10,13",64,False,1.0,1001182.0,1,False,0.20381455303480422,9.33,13015420.0
"Fixed 1000000, designed",9,13,30,"D 0,5 -> 10,11",64,False,1.0,1001182.0,1,False,0.20381455303480422,9.37,14016602.0
"Fixed 1000000, designed",9,14,54,"D 1,6 -> 10,11",64,False,0.9974617667934115,1001182.0,1,False,0.20381455303480422,9.3,15017784.0
"Fixed 1000000, designed",9,15,49,"D 1,4 -> 10,11",64,False,1.0,1001182.0,1,False,0.2038147812339238,9.43,16018966.0
"Fixed 1000000, designed",9,16,68,"D 2,4 -> 10,12",64,False,0.6579988712877429,1001182.0,1,False,0.20381478131360684,9.22,17020148.0
"Fixed 1000000, designed",9,17,25,"D 0,3 -> 10,11",64,False,0.9999612502804679,1001187.0,1,False,0.20139644786263633,9.32,18021335.0
"Fixed 1000000, designed",9,18,123,"D 6,7 -> 10,13",64,False,1.0,1001185.0,1,False,0.192204005164888,9.18,19022520.0
"Fixed 1000000, designed",9,19,48,"D 1,3 -> 11,13",64,False,1.0,1001185.0,1,False,0.19220400516160907,9.11,20023705.0
"Fixed 1000000, designed",9,20,70,"D 2,5 -> 10,13",64,False,0.16089269698465425,1001185.0,1,False,0.19220400516160907,9.21,21024890.0
"Fixed 1000000, designed",9,21,74,"D 2,7 -> 10,11",64,False,0.3925778155113959,1001177.0,1,False,0.19325569010471128,9.05,22026067.0
"Fixed 1000000, designed",9,22,36,"D 0,7 -> 10,13",64,False,1.0,1001181.0,1,False,0.1961717968345081,9.06,23027248.0
"Fixed 1000000, designed",9,23,42,"D 0,9 -> 11,12",64,False,1.0,1001181.0,1,False,0.1961717968345081,9.01,24028429.0
"Fixed 1000000, designed",9,24,37,"D 0,7 -> 11,12",64,False,1.0,1001181.0,1,False,0.1961717968345081,8.98,25029610.0
"Fixed 1000000, designed",9,25,27,"D 0,3 -> 11,12",64,False,1.0,1001181.0,1,False,0.1961717968345081,8.98,26030791.0
"Fixed 1000000, designed",9,26,37,"D 0,7 -> 11,12",64,False,1.0,1001181.0,1,False,0.1961717968345081,8.95,27031972.0
"Fixed 1000000, designed",10,0,85,"D 3,4 -> 11,12",101,False,0.49645966395069085,1001190.0,1,False,0.3049100626130834,9.6,1001190.0
"Fixed 1000000, designed",10,1,61,"D 1,8 -> 11,12",101,False,1.0,1001192.0,1,False,0.3060363332723097,9.36,2002382.0
"Fixed 1000000, designed",10,2,57,"D 1,6 -> 12,13",101,False,0.913796057905858,1001192.0,1,False,0.3060363332723097,9.54,3003574.0
"Fixed 1000000, designed",10,3,60,"D 1,8 -> 10,13",101,False,1.0,1001192.0,1,False,0.30603187276606997,9.02,4004766.0
"Fixed 1000000, designed",10,4,65,"D 2,3 -> 10,13",101,False,1.0,1001192.0,1,False,0.30603187276606997,8.99,5005958.0
"Fixed 1000000, designed",10,5,57,"D 1,6 -> 12,13",101,False,0.999999999759863,1001192.0,1,False,0.30603187276606997,9.05,6007150.0
"Fixed 1000000, designed",10,6,23,"D 0,1 -> 12,13",101,False,0.8596150684200955,1001192.0,1,False,0.30603187276606997,9.06,7008342.0
"Fixed 1000000, designed",10,7,138,"D 8,9 -> 11,12",101,False,1.0,1001192.0,1,False,0.3060210077539923,9.08,8009534.0
"Fixed 1000000, designed",10,8,35,"D 0,7 -> 10,11",101,False,0.9982234405858121,1001192.0,1,False,0.3060210077539923,9.04,9010726.0
"Fixed 1000000, designed",10,9,49,"D 1,4 -> 10,11",101,False,1.0,1001192.0,1,False,0.30602100775386853,9.07,10011918.0
"Fixed 1000000, designed",10,10,46,"D 1,2 -> 11,12",101,False,1.0,1001192.0,1,False,0.3060210077542559,9.13,11013110.0
"Fixed 1000000, designed",10,11,43,"D 0,9 -> 12,13",101,False,1.0,1001192.0,1,False,0.3060210077542559,9.05,12014302.0
"Fixed 1000000, designed",10,12,57,"D 1,6 -> 12,13",101,False,0.9999999999985023,1001192.0,1,False,0.3060210077542559,9.1,13015494.0
"Fixed 1000000, designed",10,13,39,"D 0,8 -> 10,12",101,False,1.0,1001192.0,1,False,0.3060210077542559,9.2,14016686.0
"Fixed 1000000, designed",10,14,3,S 1 -> 13,101,False,1.0,1001192.0,1,False,0.3060210077542559,9.23,15017878.0
"Fixed 1000000, designed",10,15,44,"D 1,2 -> 10,11",101,False,0.9556642020960042,1001192.0,1,False,0.3060210077542559,9.15,16019070.0
"Fixed 1000000, designed",10,16,52,"D 1,4 -> 12,13",101,False,1.0,1001191.0,1,False,0.30602100709515573,9.16,17020261.0
"Fixed 1000000, designed",10,17,49,"D 1,4 -> 10,11",101,False,1.0,1001191.0,1,False,0.30602100709515573,9.18,18021452.0
"Fixed 1000000, designed",10,18,44,"D 1,2 -> 10,11",101,False,0.9999980576082573,1001191.0,1,False,0.30602100709515573,9.11,19022643.0
"Fixed 1000000, designed",10,19,101,"D 4,5 -> 12,13",101,True,0.0,1001191.0,1,False,0.30602100709515573,8.96,20023834.0
"Fixed 1000000, designed",10,20,48,"D 1,3 -> 11,13",64,False,1.0,1001172.0,1,False,0.2054966775726984,9.0,21025006.0
"Fixed 1000000, designed",10,21,47,"D 1,2 -> 12,13",64,False,0.8367820594337114,1001172.0,1,False,0.20549667757616066,8.94,22026178.0
"Fixed 1000000, designed",10,22,2,S 1 -> 11,64,False,0.9973541222960349,1001173.0,1,False,0.20549662959718842,8.95,23027351.0
"Fixed 1000000, designed",10,23,1,S 0 -> 12,64,False,1.0,1001173.0,1,False,0.20549681095682876,8.93,24028524.0
"Fixed 1000000, designed",10,24,40,"D 0,9 -> 10,11",64,False,1.0,1001173.0,1,False,0.20549681095682876,9.03,25029697.0
"Fixed 1000000, designed",10,25,20,"D 0,1 -> 10,11",64,False,0.6946939290999521,1001173.0,1,False,0.20549681095682876,8.93,26030870.0
"Fixed 1000000, designed",10,26,2,S 1 -> 11,64,False,0.9999978744688394,1001173.0,1,False,0.2054135495920933,8.93,27032043.0
"Fixed 1000000, designed",11,0,39,"D 0,8 -> 10,12",101,False,1.0,1001190.0,1,False,0.3049100626130834,9.24,1001190.0
"Fixed 1000000, designed",11,1,52,"D 1,4 -> 12,13",101,False,1.0,1001190.0,1,False,0.3049100626130834,9.07,2002380.0
"Fixed 1000000, designed",11,2,0,S 0 -> 10,101,False,0.9999999999997566,1001190.0,1,False,0.3049100626130834,8.92,3003570.0
"Fixed 1000000, designed",11,3,24,"D 0,2 -> 10,12",101,False,1.0,1001190.0,1,False,0.3049100626130834,8.98,4004760.0
"Fixed 1000000, designed",11,4,21,"D 0,1 -> 10,13",101,False,1.0,1001190.0,1,False,0.3049100626130834,8.97,5005950.0
"Fixed 1000000, designed",11,5,70,"D 2,5 -> 10,13",101,False,0.49645966395069085,1001190.0,1,False,0.3049100626130834,8.96,6007140.0
"Fixed 1000000, designed",11,6,58,"D 1,7 -> 11,13",101,False,1.0,1001186.0,1,False,0.30603630835438395,9.03,7008326.0
"Fixed 1000000, designed",11,7,2,S 1 -> 11,101,False,0.9999667229568728,1001186.0,1,False,0.30603630835438395,9.04,8009512.0
"Fixed 1000000, designed",11,8,50,"D 1,4 -> 10,13",101,False,0.9786736708742619,1001186.0,1,False,0.3060363083551217,9.05,9010698.0
"Fixed 1000000, designed",11,9,56,"D 1,6 -> 11,12",101,False,1.0,1001187.0,1,False,0.30603916239293427,9.05,10011885.0
"Fixed 1000000, designed",11,10,48,"D 1,3 -> 11,13",101,False,1.0,1001187.0,1,False,0.30603916239293427,9.1,11013072.0
"Fixed 1000000, designed",11,11,49,"D 1,4 -> 10,11",101,False,1.0,1001187.0,1,False,0.30603916239293427,9.1,12014259.0
"Fixed 1000000, designed",11,12,49,"D 1,4 -> 10,11",101,False,1.0,1001187.0,1,False,0.30603916239293427,9.06,13015446.0
"Fixed 1000000, designed",11,13,54,"D 1,6 -> 10,11",101,False,0.9982725021034055,1001187.0,1,False,0.30603916239293427,9.12,14016633.0
"Fixed 1000000, designed",11,14,50,"D 1,4 -> 10,13",101,False,0.999999949367837,1001187.0,1,False,0.30603916169998574,9.12,15017820.0
"Fixed 1000000, designed",11,15,36,"D 0,7 -> 10,13",101,False,1.0,1001187.0,1,False,0.30603916169998574,9.12,16019007.0
"Fixed 1000000, designed",11,16,22,"D 0,1 -> 11,12",101,False,1.0,1001187.0,1,False,0.30603916169998574,9.06,17020194.0
"Fixed 1000000, designed",11,17,62,"D 1,8 -> 12,13",101,False,1.0,1001187.0,1,False,0.30603916169998574,9.14,18021381.0
"Fixed 1000000, designed",11,18,101,"D 4,5 -> 12,13",101,True,0.0,1001187.0,1,False,0.30603916169998574,9.11,19022568.0
"Fixed 1000000, designed",11,19,45,"D 1,2 -> 10,13",64,False,1.0,1001175.0,1,False,0.20550187911804987,9.05,20023743.0
"Fixed 1000000, designed",11,20,62,"D 1,8 -> 12,13",64,False,1.0,1001175.0,1,False,0.20550187911804987,9.11,21024918.0
"Fixed 1000000, designed",11,21,40,"D 0,9 -> 10,11",64,False,1.0,1001175.0,1,False,0.20550187911804987,9.04,22026093.0
"Fixed 1000000, designed",11,22,9,S 4 -> 12,64,False,0.9966151556561875,1001175.0,1,False,0.20550187911804987,8.99,23027268.0
"Fixed 1000000, designed",11,23,27,"D 0,3 -> 11,12",64,False,1.0,1001175.0,1,False,0.20550189617211198,8.95,24028443.0
"Fixed 1000000, designed",11,24,35,"D 0,7 -> 10,11",64,False,0.997331638738042,1001175.0,1,False,0.20550189617211198,8.97,25029618.0
"Fixed 1000000, designed",11,25,35,"D 0,7 -> 10,11",64,False,0.9999999997519277,1001175.0,1,False,0.20550213909276127,9.07,26030793.0
"Fixed 1000000, designed",11,26,62,"D 1,8 -> 12,13",64,False,1.0,1001175.0,1,False,0.20550213909868242,9.04,27031968.0
"Fixed 1000000, uniform",0,0,0,S 0 -> 10,101,False,0.9999999999997566,1000818.0,1,False,0.3049100626130834,8.85,1000818.0
"Fixed 1000000, uniform",0,1,0,S 0 -> 10,101,False,0.9999999999997566,1000818.0,1,False,0.3049100626130834,8.85,2001636.0
"Fixed 1000000, uniform",0,2,21,"D 0,1 -> 10,13",101,False,1.0,1000818.0,1,False,0.3049100626130834,8.86,3002454.0
"Fixed 1000000, uniform",0,3,3,S 1 -> 13,101,False,1.0,1000818.0,1,False,0.3049100626130834,8.71,4003272.0
"Fixed 1000000, uniform",0,4,2,S 1 -> 11,101,False,0.9999999999997565,1000818.0,1,False,0.3049100626130834,9.2,5004090.0
"Fixed 1000000, uniform",0,5,0,S 0 -> 10,101,False,0.9999999999997566,1000818.0,1,False,0.3049100626130834,8.95,6004908.0
"Fixed 1000000, uniform",0,6,22,"D 0,1 -> 11,12",101,False,1.0,1000818.0,1,False,0.3049100626130834,8.89,7005726.0
"Fixed 1000000, uniform",0,7,1,S 0 -> 12,101,False,1.0,1000818.0,1,False,0.3049100626130834,8.87,8006544.0
"Fixed 1000000, uniform",0,8,41,"D 0,9 -> 10,13",101,False,1.0,1000818.0,1,False,0.3049100626130834,8.82,9007362.0
"Fixed 1000000, uniform",0,9,22,"D 0,1 -> 11,12",101,False,1.0,1000818.0,1,False,0.3049100626130834,8.82,10008180.0
"Fixed 1000000, uniform",0,10,20,"D 0,1 -> 10,11",101,False,0.794495272331715,1000818.0,1,False,0.3049100626130834,8.81,11008998.0
"Fixed 1000000, uniform",0,11,21,"D 0,1 -> 10,13",101,False,1.0,1000818.0,1,False,0.30491006261308345,8.85,12009816.0
"Fixed 1000000, uniform",0,12,22,"D 0,1 -> 11,12",101,False,1.0,1000818.0,1,False,0.30491006261308345,8.83,13010634.0
"Fixed 1000000, uniform",0,13,22,"D 0,1 -> 11,12",101,False,1.0,1000818.0,1,False,0.30491006261308345,8.86,14011452.0
"Fixed 1000000, uniform",0,14,20,"D 0,1 -> 10,11",101,False,0.9999999999999998,1000818.0,1,False,0.30491006261308345,8.77,15012270.0
"Fixed 1000000, uniform",0,15,3,S 1 -> 13,101,False,1.0,1000818.0,1,False,0.30491006261308345,8.81,16013088.0
"Fixed 1000000, uniform",0,16,23,"D 0,1 -> 12,13",101,False,0.8601483331788495,1000818.0,1,False,0.30491006261308345,8.77,17013906.0
"Fixed 1000000, uniform",0,17,2,S 1 -> 11,101,False,0.9999999999999999,1000818.0,1,False,0.30489935897493825,8.85,18014724.0
"Fixed 1000000, uniform",0,18,20,"D 0,1 -> 10,11",101,False,0.9999999999999993,1000818.0,1,False,0.30489935897493825,8.77,19015542.0
"Fixed 1000000, uniform",0,19,22,"D 0,1 -> 11,12",101,False,1.0,1000818.0,1,False,0.30489935897493825,8.79,20016360.0
"Fixed 1000000, uniform",0,20,20,"D 0,1 -> 10,11",101,False,0.9999999999999993,1000818.0,1,False,0.30489935897493825,8.77,21017178.0
"Fixed 1000000, uniform",0,21,3,S 1 -> 13,101,False,1.0,1000818.0,1,False,0.30489935897493825,8.78,22017996.0
"Fixed 1000000, uniform",0,22,63,"D 1,9 -> 11,13",101,False,1.0,1000818.0,1,False,0.30489935897493825,8.78,23018814.0
"Fixed 1000000, uniform",0,23,3,S 1 -> 13,101,False,1.0,1000818.0,1,False,0.30489935897493825,8.78,24019632.0
"Fixed 1000000, uniform",0,24,3,S 1 -> 13,101,False,1.0,1000818.0,1,False,0.30489935897493825,8.76,25020450.0
"Fixed 1000000, uniform",0,25,3,S 1 -> 13,101,False,1.0,1000818.0,1,False,0.30489935897493825,8.78,26021268.0
"Fixed 1000000, uniform",0,26,3,S 1 -> 13,101,False,1.0,1000818.0,1,False,0.30489935897493825,8.79,27022086.0
"Fixed 1000000, uniform",1,0,3,S 1 -> 13,101,False,1.0,1000818.0,1,False,0.3049100626130834,9.02,1000818.0
"Fixed 1000000, uniform",1,1,3,S 1 -> 13,101,False,1.0,1000818.0,1,False,0.3049100626130834,9.2,2001636.0
"Fixed 1000000, uniform",1,2,20,"D 0,1 -> 10,11",101,False,0.794495272331715,1000818.0,1,False,0.3049100626130834,8.92,3002454.0
"Fixed 1000000, uniform",1,3,58,"D 1,7 -> 11,13",101,False,1.0,1000818.0,1,False,0.30491006261308334,8.83,4003272.0
"Fixed 1000000, uniform",1,4,41,"D 0,9 -> 10,13",101,False,1.0,1000818.0,1,False,0.30491006261308334,8.89,5004090.0
"Fixed 1000000, uniform",1,5,22,"D 0,1 -> 11,12",101,False,1.0,1000818.0,1,False,0.30491006261308334,8.88,6004908.0
"Fixed 1000000, uniform",1,6,3,S 1 -> 13,101,False,1.0,1000818.0,1,False,0.30491006261308334,8.91,7005726.0
"Fixed 1000000, uniform",1,7,0,S 0 -> 10,101,False,0.9988447126248534,1000818.0,1,False,0.30491006261308334,8.8,8006544.0
"Fixed 1000000, uniform",1,8,20,"D 0,1 -> 10,11",101,False,0.9999999901956645,1000818.0,1,False,0.30491006261308334,8.82,9007362.0
"Fixed 1000000, uniform",1,9,22,"D 0,1 -> 11,12",101,False,1.0,1000818.0,1,False,0.30491006261308334,8.82,10008180.0
"Fixed 1000000, uniform",1,10,21,"D 0,1 -> 10,13",101,False,1.0,1000818.0,1,False,0.30491006261308334,8.88,11008998.0
"Fixed 1000000, uniform",1,11,21,"D 0,1 -> 10,13",101,False,1.0,1000818.0,1,False,0.30491006261308334,8.9,12009816.0
"Fixed 1000000, uniform",1,12,39,"D 0,8 -> 10,12",101,False,1.0,1000818.0,1,False,0.30491006261308334,8.92,13010634.0
"Fixed 1000000, uniform",1,13,20,"D 0,1 -> 10,11",101,False,0.999999999678654,1000818.0,1,False,0.30491006261308345,8.92,14011452.0
"Fixed 1000000, uniform",1,14,20,"D 0,1 -> 10,11",101,False,0.9999999904802901,1000818.0,1,False,0.3049100626130834,8.95,15012270.0
"Fixed 1000000, uniform",1,15,44,"D 1,2 -> 10,11",101,False,0.9535986612319359,1000818.0,1,False,0.3049100626130834,8.85,16013088.0
"Fixed 1000000, uniform",1,16,0,S 0 -> 10,101,False,0.9999999984475229,1000818.0,1,False,0.3049100626130833,8.83,17013906.0
"Fixed 1000000, uniform",1,17,0,S 0 -> 10,101,False,0.9999999889732151,1000818.0,1,False,0.30491006261308357,8.81,18014724.0
"Fixed 1000000, uniform",1,18,0,S 0 -> 10,101,False,0.9999999889732151,1000818.0,1,False,0.30491006261308357,8.82,19015542.0
"Fixed 1000000, uniform",1,19,21,"D 0,1 -> 10,13",101,False,1.0,1000818.0,1,False,0.30491006261308357,8.87,20016360.0
"Fixed 1000000, uniform",1,20,20,"D 0,1 -> 10,11",101,False,0.999999995014073,1000818.0,1,False,0.30491006261308357,8.93,21017178.0
"Fixed 1000000, uniform",1,21,21,"D 0,1 -> 10,13",101,False,1.0,1000818.0,1,False,0.30491006261308357,8.89,22017996.0
"Fixed 1000000, uniform",1,22,23,"D 0,1 -> 12,13",101,False,0.860151284915323,1000818.0,1,False,0.30491006261308357,8.76,23018814.0
"Fixed 1000000, uniform",1,23,44,"D 1,2 -> 10,11",101,False,0.9999999860090529,1000818.0,1,False,0.3048993594326328,8.79,24019632.0
"Fixed 1000000, uniform",1,24,23,"D 0,1 -> 12,13",101,False,0.9999999897933045,1000818.0,1,False,0.3048993594326328,8.81,25020450.0
"Fixed 1000000, uniform",1,25,41,"D 0,9 -> 10,13",101,False,1.0,1000818.0,1,False,0.30489935943407104,8.76,26021268.0
"Fixed 1000000, uniform",1,26,3,S 1 -> 13,101,False,1.0,1000818.0,1,False,0.30489935943407104,8.96,27022086.0
"Fixed 1000000, uniform",2,0,20,"D 0,1 -> 10,11",101,False,0.794495272331715,1000818.0,1,False,0.3049100626130834,9.05,1000818.0
"Fixed 1000000, uniform",2,1,20,"D 0,1 -> 10,11",101,False,0.999999999911855,1000818.0,1,False,0.30491006261308334,8.86,2001636.0
"Fixed 1000000, uniform",2,2,0,S 0 -> 10,101,False,0.9988447126248534,1000818.0,1,False,0.30491006261308334,8.76,3002454.0
"Fixed 1000000, uniform",2,3,37,"D 0,7 -> 11,12",101,False,1.0,1000818.0,1,False,0.3049100626130833,8.81,4003272.0
"Fixed 1000000, uniform",2,4,3,S 1 -> 13,101,False,1.0,1000818.0,1,False,0.3049100626130833,8.9,5004090.0
"Fixed 1000000, uniform",2,5,20,"D 0,1 -> 10,11",101,False,0.9999999897776372,1000818.0,1,False,0.3049100626130833,8.91,6004908.0
"Fixed 1000000, uniform",2,6,22,"D 0,1 -> 11,12",101,False,1.0,1000818.0,1,False,0.3049100626130833,8.88,7005726.0
"Fixed 1000000, uniform",2,7,27,"D 0,3 -> 11,12",101,False,1.0,1000818.0,1,False,0.3049100626130833,8.78,8006544.0
"Fixed 1000000, uniform",2,8,0,S 0 -> 10,101,False,0.9999999999829925,1000818.0,1,False,0.3049100626130833,8.8,9007362.0
"Fixed 1000000, uniform",2,9,41,"D 0,9 -> 10,13",101,False,1.0,1000818.0,1,False,0.3049100626130834,8.82,10008180.0
"Fixed 1000000, uniform",2,10,20,"D 0,1 -> 10,11",101,False,0.9999999997758955,1000818.0,1,False,0.3049100626130834,8.83,11008998.0
"Fixed 1000000, uniform",2,11,23,"D 0,1 -> 12,13",101,False,0.860148994837673,1000818.0,1,False,0.30491006261308334,8.87,12009816.0
"Fixed 1000000, uniform",2,12,3,S 1 -> 13,101,False,1.0,1000818.0,1,False,0.30489935905159515,8.84,13010634.0
"Fixed 1000000, uniform",2,13,0,S 0 -> 10,101,False,0.9999999994259483,1000818.0,1,False,0.30489935905159515,8.85,14011452.0
"Fixed 1000000, uniform",2,14,2,S 1 -> 11,101,False,0.998811309104747,1000818.0,1,False,0.3048993590529316,8.85,15012270.0
"Fixed 1000000, uniform",2,15,20,"D 0,1 -> 10,11",101,False,0.9999999812948219,1000818.0,1,False,0.3048993589837073,8.86,16013088.0
"Fixed 1000000, uniform",2,16,56,"D 1,6 -> 11,12",101,False,1.0,1000818.0,1,False,0.3048993589774689,8.82,17013906.0
"Fixed 1000000, uniform",2,17,3,S 1 -> 13,101,False,1.0,1000818.0,1,False,0.3048993589774689,8.81,18014724.0
"Fixed 1000000, uniform",2,18,0,S 0 -> 10,101,False,0.9999999971984173,1000818.0,1,False,0.3048993589774689,8.79,19015542.0
"Fixed 1000000, uniform",2,19,46,"D 1,2 -> 11,12",101,False,1.0,1000818.0,1,False,0.3048993589774689,8.78,20016360.0
"Fixed 1000000, uniform",2,20,20,"D 0,1 -> 10,11",101,False,0.999999953151961,1000818.0,1,False,0.3048993589774689,8.75,21017178.0
"Fixed 1000000, uniform",2,21,20,"D 0,1 -> 10,11",101,False,0.9999999625355661,1000818.0,1,False,0.304899358977383,8.81,22017996.0
"Fixed 1000000, uniform",2,22,21,"D 0,1 -> 10,13",101,False,1.0,1000818.0,1,False,0.304899358977383,8.75,23018814.0
"Fixed 1000000, uniform",2,23,3,S 1 -> 13,101,False,1.0,1000818.0,1,False,0.304899358977383,8.73,24019632.0
"Fixed 1000000, uniform",2,24,41,"D 0,9 -> 10,13",101,False,1.0,1000818.0,1,False,0.304899358977383,8.78,25020450.0
"Fixed 1000000, uniform",2,25,41,"D 0,9 -> 10,13",101,False,1.0,1000818.0,1,False,0.304899358977383,8.74,26021268.0
"Fixed 1000000, uniform",2,26,47,"D 1,2 -> 12,13",101,False,0.8787046530154237,1000818.0,1,False,0.304899358977383,8.73,27022086.0
"Fixed 1000000, uniform",3,0,23,"D 0,1 -> 12,13",101,False,0.859609548620718,1000818.0,1,False,0.3049100626130834,8.99,1000818.0
"Fixed 1000000, uniform",3,1,41,"D 0,9 -> 10,13",101,False,1.0,1000818.0,1,False,0.3048992682971905,9.37,2001636.0
"Fixed 1000000, uniform",3,2,20,"D 0,1 -> 10,11",101,False,0.7948568998809259,1000818.0,1,False,0.3048992682971905,9.0,3002454.0
"Fixed 1000000, uniform",3,3,41,"D 0,9 -> 10,13",101,False,1.0,1000818.0,1,False,0.30489935912874183,8.89,4003272.0
"Fixed 1000000, uniform",3,4,20,"D 0,1 -> 10,11",101,False,0.9999999999999998,1000818.0,1,False,0.30489935912874183,8.87,5004090.0
"Fixed 1000000, uniform",3,5,23,"D 0,1 -> 12,13",101,False,1.0,1000818.0,1,False,0.30489935912874183,8.84,6004908.0
"Fixed 1000000, uniform",3,6,20,"D 0,1 -> 10,11",101,False,0.9999999999999998,1000818.0,1,False,0.30489935912874183,8.87,7005726.0
"Fixed 1000000, uniform",3,7,22,"D 0,1 -> 11,12",101,False,1.0,1000818.0,1,False,0.30489935912874183,8.82,8006544.0
"Fixed 1000000, uniform",3,8,20,"D 0,1 -> 10,11",101,False,0.9999999999999998,1000818.0,1,False,0.30489935912874183,8.89,9007362.0
"Fixed 1000000, uniform",3,9,0,S 0 -> 10,101,False,0.99880783114409,1000818.0,1,False,0.30489935912874183,9.01,10008180.0
"Fixed 1000000, uniform",3,10,55,"D 1,6 -> 10,13",101,False,1.0,1000818.0,1,False,0.3048993590515052,9.08,11008998.0
"Fixed 1000000, uniform",3,11,3,S 1 -> 13,101,False,1.0,1000818.0,1,False,0.3048993590515052,8.82,12009816.0
"Fixed 1000000, uniform",3,12,0,S 0 -> 10,101,False,0.9999999999501675,1000818.0,1,False,0.3048993590515052,8.81,13010634.0
"Fixed 1000000, uniform",3,13,22,"D 0,1 -> 11,12",101,False,1.0,1000818.0,1,False,0.3048993590515052,8.82,14011452.0
"Fixed 1000000, uniform",3,14,49,"D 1,4 -> 10,11",101,False,1.0,1000818.0,1,False,0.3048993590515052,8.74,15012270.0
"Fixed 1000000, uniform",3,15,0,S 0 -> 10,101,False,0.9999999999501675,1000818.0,1,False,0.3048993590515052,8.77,16013088.0
"Fixed 1000000, uniform",3,16,0,S 0 -> 10,101,False,0.9999999999501675,1000818.0,1,False,0.3048993590515052,8.8,17013906.0
"Fixed 1000000, uniform",3,17,20,"D 0,1 -> 10,11",101,False,0.9999999893736691,1000818.0,1,False,0.3048993590515052,8.87,18014724.0
"Fixed 1000000, uniform",3,18,0,S 0 -> 10,101,False,0.9999999999501675,1000818.0,1,False,0.3048993590515052,8.84,19015542.0
"Fixed 1000000, uniform",3,19,25,"D 0,3 -> 10,11",101,False,0.9536108558270486,1000818.0,1,False,0.3048993590515052,8.75,20016360.0
"Fixed 1000000, uniform",3,20,20,"D 0,1 -> 10,11",101,False,0.9999999446820492,1000818.0,1,False,0.30489935947413027,8.79,21017178.0
"Fixed 1000000, uniform",3,21,0,S 0 -> 10,101,False,0.9999999764106856,1000818.0,1,False,0.30489935947413027,8.73,22017996.0
"Fixed 1000000, uniform",3,22,20,"D 0,1 -> 10,11",101,False,0.9999999268352752,1000818.0,1,False,0.3048993594614526,8.74,23018814.0
"Fixed 1000000, uniform",3,23,21,"D 0,1 -> 10,13",101,False,1.0,1000818.0,1,False,0.3048993594614526,8.76,24019632.0
"Fixed 1000000, uniform",3,24,0,S 0 -> 10,101,False,0.999999952994908,1000818.0,1,False,0.3048993594614526,8.73,25020450.0
"Fixed 1000000, uniform",3,25,47,"D 1,2 -> 12,13",101,False,0.878704287147084,1000818.0,1,False,0.3048993594500287,8.81,26021268.0
"Fixed 1000000, uniform",3,26,59,"D 1,8 -> 10,11",101,False,1.0,1000818.0,1,False,0.30486870881205014,8.84,27022086.0
"Fixed 1000000, uniform",4,0,20,"D 0,1 -> 10,11",101,False,0.794495272331715,1000818.0,1,False,0.3049100626130834,9.08,1000818.0
"Fixed 1000000, uniform",4,1,41,"D 0,9 -> 10,13",101,False,1.0,1000818.0,1,False,0.30491006261308334,8.83,2001636.0
"Fixed 1000000, uniform",4,2,41,"D 0,9 -> 10,13",101,False,1.0,1000818.0,1,False,0.30491006261308334,8.79,3002454.0
"Fixed 1000000, uniform",4,3,22,"D 0,1 -> 11,12",101,False,1.0,1000818.0,1,False,0.30491006261308334,8.84,4003272.0
"Fixed 1000000, uniform",4,4,0,S 0 -> 10,101,False,0.9988447126248534,1000818.0,1,False,0.30491006261308334,8.8,5004090.0
"Fixed 1000000, uniform",4,5,3,S 1 -> 13,101,False,1.0,1000818.0,1,False,0.30491006261308334,8.96,6004908.0
"Fixed 1000000, uniform",4,6,0,S 0 -> 10,101,False,0.9999999999768203,1000818.0,1,False,0.30491006261308334,8.9,7005726.0
"Fixed 1000000, uniform",4,7,22,"D 0,1 -> 11,12",101,False,1.0,1000818.0,1,False,0.30491006261308334,8.88,8006544.0
"Fixed 1000000, uniform",4,8,40,"D 0,9 -> 10,11",101,False,1.0,1000818.0,1,False,0.30491006261308334,8.88,9007362.0
"Fixed 1000000, uniform",4,9,3,S 1 -> 13,101,False,1.0,1000818.0,1,False,0.30491006261308334,8.89,10008180.0
"Fixed 1000000, uniform",4,10,20,"D 0,1 -> 10,11",101,False,0.9999999901956645,1000818.0,1,False,0.30491006261308334,8.87,11008998.0
"Fixed 1000000, uniform",4,11,3,S 1 -> 13,101,False,1.0,1000818.0,1,False,0.30491006261308334,8.94,12009816.0
"Fixed 1000000, uniform",4,12,21,"D 0,1 -> 10,13",101,False,1.0,1000818.0,1,False,0.30491006261308345,8.9,13010634.0
"Fixed 1000000, uniform",4,13,41,"D 0,9 -> 10,13",101,False,1.0,1000818.0,1,False,0.30491006261308345,8.89,14011452.0
"Fixed 1000000, uniform",4,14,3,S 1 -> 13,101,False,1.0,1000818.0,1,False,0.30491006261308345,8.9,15012270.0
"Fixed 1000000, uniform",4,15,20,"D 0,1 -> 10,11",101,False,0.9999999901959369,1000818.0,1,False,0.30491006261308345,8.89,16013088.0
"Fixed 1000000, uniform",4,16,3,S 1 -> 13,101,False,1.0,1000818.0,1,False,0.30491006261308334,8.84,17013906.0
"Fixed 1000000, uniform",4,17,0,S 0 -> 10,101,False,0.9999999999939359,1000818.0,1,False,0.3049100626130834,8.84,18014724.0
"Fixed 1000000, uniform",4,18,20,"D 0,1 -> 10,11",101,False,0.9999999774015309,1000818.0,1,False,0.3049100626130834,8.83,19015542.0
"Fixed 1000000, uniform",4,19,41,"D 0,9 -> 10,13",101,False,1.0,1000818.0,1,False,0.30491006261308334,8.77,20016360.0
"Fixed 1000000, uniform",4,20,49,"D 1,4 -> 10,11",101,False,1.0,1000818.0,1,False,0.3049100626130834,8.82,21017178.0
"Fixed 1000000, uniform",4,21,22,"D 0,1 -> 11,12",101,False,1.0,1000818.0,1,False,0.30491006261308334,8.76,22017996.0
"Fixed 1000000, uniform",4,22,22,"D 0,1 -> 11,12",101,False,1.0,1000818.0,1,False,0.30491006261308334,8.77,23018814.0
"Fixed 1000000, uniform",4,23,1,S 0 -> 12,101,False,1.0,1000818.0,1,False,0.30491006261308334,8.79,24019632.0
"Fixed 1000000, uniform",4,24,21,"D 0,1 -> 10,13",101,False,1.0,1000818.0,1,False,0.30491006261308334,8.79,25020450.0
"Fixed 1000000, uniform",4,25,2,S 1 -> 11,101,False,0.9988480854327714,1000818.0,1,False,0.30491006261308334,8.74,26021268.0
"Fixed 1000000, uniform",4,26,40,"D 0,9 -> 10,11",101,False,1.0,1000818.0,1,False,0.3049100626130834,8.79,27022086.0
"Fixed 1000000, uniform",5,0,23,"D 0,1 -> 12,13",101,False,0.859609548620718,1000818.0,1,False,0.3049100626130834,9.11,1000818.0
"Fixed 1000000, uniform",5,1,0,S 0 -> 10,101,False,0.9999609692186524,1000818.0,1,False,0.3048992682971905,8.78,2001636.0
"Fixed 1000000, uniform",5,2,20,"D 0,1 -> 10,11",101,False,0.7948564205633489,1000818.0,1,False,0.30489926829584385,8.82,3002454.0
"Fixed 1000000, uniform",5,3,22,"D 0,1 -> 11,12",101,False,1.0,1000818.0,1,False,0.3048993590517255,8.95,4003272.0
"Fixed 1000000, uniform",5,4,3,S 1 -> 13,101,False,1.0,1000818.0,1,False,0.3048993590517255,9.02,5004090.0
"Fixed 1000000, uniform",5,5,41,"D 0,9 -> 10,13",101,False,1.0,1000818.0,1,False,0.3048993590517255,9.0,6004908.0
"Fixed 1000000, uniform",5,6,24,"D 0,2 -> 10,12",101,False,1.0,1000818.0,1,False,0.3048993590517255,8.96,7005726.0
"Fixed 1000000, uniform",5,7,2,S 1 -> 11,101,False,0.9988104569584667,1000818.0,1,False,0.3048993590517255,8.98,8006544.0
"Fixed 1000000, uniform",5,8,21,"D 0,1 -> 10,13",101,False,1.0,1000818.0,1,False,0.30489935897854314,8.92,9007362.0
"Fixed 1000000, uniform",5,9,0,S 0 -> 10,101,False,0.9999999850107824,1000818.0,1,False,0.30489935897854314,8.87,10008180.0
"Fixed 1000000, uniform",5,10,23,"D 0,1 -> 12,13",101,False,0.9999999532218565,1000818.0,1,False,0.30489935897854314,8.86,11008998.0
"Fixed 1000000, uniform",5,11,22,"D 0,1 -> 11,12",101,False,1.0,1000818.0,1,False,0.30489935897854314,8.91,12009816.0
"Fixed 1000000, uniform",5,12,21,"D 0,1 -> 10,13",101,False,1.0,1000818.0,1,False,0.30489935897854314,8.91,13010634.0
"Fixed 1000000, uniform",5,13,47,"D 1,2 -> 12,13",101,False,0.8787046531468214,1000818.0,1,False,0.30489935897854314,8.98,14011452.0
"Fixed 1000000, uniform",5,14,41,"D 0,9 -> 10,13",101,False,1.0,1000818.0,1,False,0.30486870899420704,8.86,15012270.0
"Fixed 1000000, uniform",5,15,41,"D 0,9 -> 10,13",101,False,1.0,1000818.0,1,False,0.30486870899420704,8.91,16013088.0
"Fixed 1000000, uniform",5,16,41,"D 0,9 -> 10,13",101,False,1.0,1000818.0,1,False,0.30486870899420704,8.85,17013906.0
"Fixed 1000000, uniform",5,17,0,S 0 -> 10,101,False,0.9999999999999213,1000818.0,1,False,0.30486870899420704,8.81,18014724.0
"Fixed 1000000, uniform",5,18,22,"D 0,1 -> 11,12",101,False,1.0,1000818.0,1,False,0.30486870899420704,8.85,19015542.0
"Fixed 1000000, uniform",5,19,3,S 1 -> 13,101,False,1.0,1000818.0,1,False,0.30486870899420704,8.82,20016360.0
"Fixed 1000000, uniform",5,20,20,"D 0,1 -> 10,11",101,False,0.9999999999999463,1000818.0,1,False,0.30486870899420704,8.82,21017178.0
"Fixed 1000000, uniform",5,21,22,"D 0,1 -> 11,12",101,False,1.0,1000818.0,1,False,0.30486870899420704,8.87,22017996.0
"Fixed 1000000, uniform",5,22,0,S 0 -> 10,101,False,0.9999999999999213,1000818.0,1,False,0.30486870899420704,8.85,23018814.0
"Fixed 1000000, uniform",5,23,20,"D 0,1 -> 10,11",101,False,0.9999999999999463,1000818.0,1,False,0.30486870899420704,8.82,24019632.0
"Fixed 1000000, uniform",5,24,45,"D 1,2 -> 10,13",101,False,1.0,1000818.0,1,False,0.30486870899420704,8.79,25020450.0
"Fixed 1000000, uniform",5,25,3,S 1 -> 13,101,False,1.0,1000818.0,1,False,0.30486870899420704,8.78,26021268.0
"Fixed 1000000, uniform",5,26,3,S 1 -> 13,101,False,1.0,1000818.0,1,False,0.30486870899420704,8.79,27022086.0
"Fixed 1000000, uniform",6,0,63,"D 1,9 -> 11,13",101,False,1.0,1000818.0,1,False,0.3049100626130834,9.17,1000818.0
"Fixed 1000000, uniform",6,1,0,S 0 -> 10,101,False,0.9999999999997566,1000818.0,1,False,0.3049100626130834,8.8,2001636.0
"Fixed 1000000, uniform",6,2,22,"D 0,1 -> 11,12",101,False,1.0,1000818.0,1,False,0.3049100626130834,8.82,3002454.0
"Fixed 1000000, uniform",6,3,2,S 1 -> 11,101,False,0.9999999999997565,1000818.0,1,False,0.3049100626130834,8.92,4003272.0
"Fixed 1000000, uniform",6,4,41,"D 0,9 -> 10,13",101,False,1.0,1000818.0,1,False,0.3049100626130834,8.91,5004090.0
"Fixed 1000000, uniform",6,5,22,"D 0,1 -> 11,12",101,False,1.0,1000818.0,1,False,0.3049100626130834,8.94,6004908.0
"Fixed 1000000, uniform",6,6,47,"D 1,2 -> 12,13",101,False,0.8799172494907926,1000818.0,1,False,0.3049100626130834,8.89,7005726.0
"Fixed 1000000, uniform",6,7,22,"D 0,1 -> 11,12",101,False,1.0,1000818.0,1,False,0.30487988580889935,8.87,8006544.0
"Fixed 1000000, uniform",6,8,0,S 0 -> 10,101,False,0.9999999998353528,1000818.0,1,False,0.30487988580889935,8.84,9007362.0
"Fixed 1000000, uniform",6,9,21,"D 0,1 -> 10,13",101,False,1.0,1000818.0,1,False,0.30487988580889935,8.79,10008180.0
"Fixed 1000000, uniform",6,10,0,S 0 -> 10,101,False,0.9999999998353528,1000818.0,1,False,0.30487988580889935,8.81,11008998.0
"Fixed 1000000, uniform",6,11,20,"D 0,1 -> 10,11",101,False,0.7944757638080612,1000818.0,1,False,0.30487988580889935,8.82,12009816.0
"Fixed 1000000, uniform",6,12,23,"D 0,1 -> 12,13",101,False,0.858035858301762,1000818.0,1,False,0.30487988659707843,8.81,13010634.0
"Fixed 1000000, uniform",6,13,0,S 0 -> 10,101,False,0.9999999999577821,1000818.0,1,False,0.30486870899419416,8.82,14011452.0
"Fixed 1000000, uniform",6,14,20,"D 0,1 -> 10,11",101,False,0.9999999999991905,1000818.0,1,False,0.30486870899419416,8.8,15012270.0
"Fixed 1000000, uniform",6,15,21,"D 0,1 -> 10,13",101,False,1.0,1000818.0,1,False,0.30486870899419416,8.79,16013088.0
"Fixed 1000000, uniform",6,16,41,"D 0,9 -> 10,13",101,False,1.0,1000818.0,1,False,0.30486870899419416,8.74,17013906.0
"Fixed 1000000, uniform",6,17,41,"D 0,9 -> 10,13",101,False,1.0,1000818.0,1,False,0.30486870899419416,8.76,18014724.0
"Fixed 1000000, uniform",6,18,22,"D 0,1 -> 11,12",101,False,1.0,1000818.0,1,False,0.30486870899419416,8.79,19015542.0
"Fixed 1000000, uniform",6,19,41,"D 0,9 -> 10,13",101,False,1.0,1000818.0,1,False,0.30486870899419416,8.79,20016360.0
"Fixed 1000000, uniform",6,20,20,"D 0,1 -> 10,11",101,False,0.9999999999991905,1000818.0,1,False,0.30486870899419416,8.75,21017178.0
"Fixed 1000000, uniform",6,21,41,"D 0,9 -> 10,13",101,False,1.0,1000818.0,1,False,0.30486870899419416,8.75,22017996.0
"Fixed 1000000, uniform",6,22,41,"D 0,9 -> 10,13",101,False,1.0,1000818.0,1,False,0.30486870899419416,8.76,23018814.0
"Fixed 1000000, uniform",6,23,22,"D 0,1 -> 11,12",101,False,1.0,1000818.0,1,False,0.30486870899419416,8.78,24019632.0
"Fixed 1000000, uniform",6,24,22,"D 0,1 -> 11,12",101,False,1.0,1000818.0,1,False,0.30486870899419416,8.76,25020450.0
"Fixed 1000000, uniform",6,25,3,S 1 -> 13,101,False,1.0,1000818.0,1,False,0.30486870899419416,8.76,26021268.0
"Fixed 1000000, uniform",6,26,2,S 1 -> 11,101,False,0.9999999984125505,1000818.0,1,False,0.30486870899419416,8.8,27022086.0
"Fixed 1000000, uniform",7,0,3,S 1 -> 13,101,False,1.0,1000818.0,1,False,0.3049100626130834,8.93,1000818.0
"Fixed 1000000, uniform",7,1,41,"D 0,9 -> 10,13",101,False,1.0,1000818.0,1,False,0.3049100626130834,8.77,2001636.0
"Fixed 1000000, uniform",7,2,40,"D 0,9 -> 10,11",101,False,1.0,1000818.0,1,False,0.3049100626130834,8.71,3002454.0
"Fixed 1000000, uniform",7,3,22,"D 0,1 -> 11,12",101,False,1.0,1000818.0,1,False,0.3049100626130834,8.72,4003272.0
"Fixed 1000000, uniform",7,4,20,"D 0,1 -> 10,11",101,False,0.794495272331715,1000818.0,1,False,0.3049100626130834,8.79,5004090.0
"Fixed 1000000, uniform",7,5,0,S 0 -> 10,101,False,0.9988447126248534,1000818.0,1,False,0.30491006261308334,8.82,6004908.0
"Fixed 1000000, uniform",7,6,20,"D 0,1 -> 10,11",101,False,0.9999999901956645,1000818.0,1,False,0.30491006261308334,9.18,7005726.0
"Fixed 1000000, uniform",7,7,23,"D 0,1 -> 12,13",101,False,0.8601489948096387,1000818.0,1,False,0.30491006261308334,8.91,8006544.0
"Fixed 1000000, uniform",7,8,0,S 0 -> 10,101,False,0.9999999992384118,1000818.0,1,False,0.3048993590516132,8.81,9007362.0
"Fixed 1000000, uniform",7,9,20,"D 0,1 -> 10,11",101,False,0.9999999942864636,1000818.0,1,False,0.3048993590520475,8.82,10008180.0
"Fixed 1000000, uniform",7,10,3,S 1 -> 13,101,False,1.0,1000818.0,1,False,0.30489935905156834,8.87,11008998.0
"Fixed 1000000, uniform",7,11,22,"D 0,1 -> 11,12",101,False,1.0,1000818.0,1,False,0.3048993590515845,8.86,12009816.0
"Fixed 1000000, uniform",7,12,48,"D 1,3 -> 11,13",101,False,1.0,1000818.0,1,False,0.3048993590515845,8.88,13010634.0
"Fixed 1000000, uniform",7,13,54,"D 1,6 -> 10,11",101,False,0.9975559744653021,1000818.0,1,False,0.3048993590515845,8.9,14011452.0
"Fixed 1000000, uniform",7,14,3,S 1 -> 13,101,False,1.0,1000818.0,1,False,0.3048993590555894,8.88,15012270.0
"Fixed 1000000, uniform",7,15,22,"D 0,1 -> 11,12",101,False,1.0,1000818.0,1,False,0.3048993590583227,8.88,16013088.0
"Fixed 1000000, uniform",7,16,22,"D 0,1 -> 11,12",101,False,1.0,1000818.0,1,False,0.3048993590583227,8.98,17013906.0
"Fixed 1000000, uniform",7,17,47,"D 1,2 -> 12,13",101,False,0.8787040694569097,1000818.0,1,False,0.3048993590583227,8.89,18014724.0
"Fixed 1000000, uniform",7,18,41,"D 0,9 -> 10,13",101,False,1.0,1000818.0,1,False,0.30486870834482627,8.81,19015542.0
"Fixed 1000000, uniform",7,19,1,S 0 -> 12,101,False,1.0,1000818.0,1,False,0.30486870834823143,8.85,20016360.0
"Fixed 1000000, uniform",7,20,52,"D 1,4 -> 12,13",101,False,1.0,1000818.0,1,False,0.30486870834823143,8.85,21017178.0
"Fixed 1000000, uniform",7,21,23,"D 0,1 -> 12,13",101,False,0.9999999993141587,1000818.0,1,False,0.30486870834823143,8.81,22017996.0
"Fixed 1000000, uniform",7,22,20,"D 0,1 -> 10,11",101,False,0.9999999850679806,1000818.0,1,False,0.3048687083468099,8.83,23018814.0
"Fixed 1000000, uniform",7,23,3,S 1 -> 13,101,False,1.0,1000818.0,1,False,0.3048687083468099,8.8,24019632.0
"Fixed 1000000, uniform",7,24,40,"D 0,9 -> 10,11",101,False,1.0,1000818.0,1,False,0.3048687083468099,8.81,25020450.0
"Fixed 1000000, uniform",7,25,22,"D 0,1 -> 11,12",101,False,1.0,1000818.0,1,False,0.3048687083468099,8.81,26021268.0
"Fixed 1000000, uniform",7,26,20,"D 0,1 -> 10,11",101,False,0.9999999850679806,1000818.0,1,False,0.3048687083468099,8.82,27022086.0
"Fixed 1000000, uniform",8,0,0,S 0 -> 10,101,False,0.9999999999997566,1000818.0,1,False,0.3049100626130834,8.87,1000818.0
"Fixed 1000000, uniform",8,1,22,"D 0,1 -> 11,12",101,False,1.0,1000818.0,1,False,0.3049100626130834,8.74,2001636.0
"Fixed 1000000, uniform",8,2,20,"D 0,1 -> 10,11",101,False,0.794495272331715,1000818.0,1,False,0.3049100626130834,8.79,3002454.0
"Fixed 1000000, uniform",8,3,3,S 1 -> 13,101,False,1.0,1000818.0,1,False,0.3049100626130834,9.32,4003272.0
"Fixed 1000000, uniform",8,4,22,"D 0,1 -> 11,12",101,False,1.0,1000818.0,1,False,0.3049100626130834,9.37,5004090.0
"Fixed 1000000, uniform",8,5,20,"D 0,1 -> 10,11",101,False,0.9999999999999996,1000818.0,1,False,0.3049100626130834,8.95,6004908.0
"Fixed 1000000, uniform",8,6,3,S 1 -> 13,101,False,1.0,1000818.0,1,False,0.3049100626130834,8.97,7005726.0
"Fixed 1000000, uniform",8,7,51,"D 1,4 -> 11,12",101,False,0.9542211078176085,1000818.0,1,False,0.3049100626130834,8.96,8006544.0
"Fixed 1000000, uniform",8,8,25,"D 0,3 -> 10,11",101,False,0.9536074241190438,1000818.0,1,False,0.30489921030249584,8.94,9007362.0
"Fixed 1000000, uniform",8,9,0,S 0 -> 10,101,False,0.9999987696261832,1000818.0,1,False,0.30489920956429817,8.86,10008180.0
"Fixed 1000000, uniform",8,10,23,"D 0,1 -> 12,13",101,False,0.8601666314413978,1000818.0,1,False,0.30489920956429817,8.87,11008998.0
"Fixed 1000000, uniform",8,11,2,S 1 -> 11,101,False,0.9998997631818766,1000818.0,1,False,0.3048885063771498,8.91,12009816.0
"Fixed 1000000, uniform",8,12,3,S 1 -> 13,101,False,1.0,1000818.0,1,False,0.3048885058945162,8.86,13010634.0
"Fixed 1000000, uniform",8,13,22,"D 0,1 -> 11,12",101,False,1.0,1000818.0,1,False,0.30488850588544275,8.97,14011452.0
"Fixed 1000000, uniform",8,14,20,"D 0,1 -> 10,11",101,False,0.9999999705591635,1000818.0,1,False,0.30488850588544275,8.9,15012270.0
"Fixed 1000000, uniform",8,15,35,"D 0,7 -> 10,11",101,False,0.9979421429713177,1000818.0,1,False,0.30488850588544275,8.89,16013088.0
"Fixed 1000000, uniform",8,16,46,"D 1,2 -> 11,12",101,False,1.0,1000818.0,1,False,0.3048885057724125,8.84,17013906.0
"Fixed 1000000, uniform",8,17,21,"D 0,1 -> 10,13",101,False,1.0,1000818.0,1,False,0.30488850581658794,8.87,18014724.0
"Fixed 1000000, uniform",8,18,2,S 1 -> 11,101,False,0.9999999039269271,1000818.0,1,False,0.30488850583083615,8.86,19015542.0
"Fixed 1000000, uniform",8,19,52,"D 1,4 -> 12,13",101,False,1.0,1000818.0,1,False,0.3048885058766672,8.86,20016360.0
"Fixed 1000000, uniform",8,20,41,"D 0,9 -> 10,13",101,False,1.0,1000818.0,1,False,0.3048885058766672,8.89,21017178.0
"Fixed 1000000, uniform",8,21,0,S 0 -> 10,101,False,0.9999997691980462,1000818.0,1,False,0.3048885058766672,8.86,22017996.0
"Fixed 1000000, uniform",8,22,22,"D 0,1 -> 11,12",101,False,1.0,1000818.0,1,False,0.3048885058752996,8.79,23018814.0
"Fixed 1000000, uniform",8,23,2,S 1 -> 11,101,False,0.9999999831520545,1000818.0,1,False,0.3048885058752996,8.82,24019632.0
"Fixed 1000000, uniform",8,24,2,S 1 -> 11,101,False,0.9999999831520545,1000818.0,1,False,0.3048885058752996,8.79,25020450.0
"Fixed 1000000, uniform",8,25,20,"D 0,1 -> 10,11",101,False,0.9999996757369203,1000818.0,1,False,0.3048885058752996,8.78,26021268.0
"Fixed 1000000, uniform",8,26,40,"D 0,9 -> 10,11",101,False,1.0,1000818.0,1,False,0.3048885058752996,8.79,27022086.0
"Fixed 1000000, uniform",9,0,25,"D 0,3 -> 10,11",101,False,0.9554503630012599,1000818.0,1,False,0.3049100626130834,9.05,1000818.0
"Fixed 1000000, uniform",9,1,22,"D 0,1 -> 11,12",101,False,1.0,1000818.0,1,False,0.30491006261308345,9.17,2001636.0
"Fixed 1000000, uniform",9,2,3,S 1 -> 13,101,False,1.0,1000818.0,1,False,0.30491006261308345,8.91,3002454.0
"Fixed 1000000, uniform",9,3,20,"D 0,1 -> 10,11",101,False,0.7936796590351863,1000818.0,1,False,0.30491006261308345,8.79,4003272.0
"Fixed 1000000, uniform",9,4,21,"D 0,1 -> 10,13",101,False,1.0,1000818.0,1,False,0.3049100626130834,8.85,5004090.0
"Fixed 1000000, uniform",9,5,41,"D 0,9 -> 10,13",101,False,1.0,1000818.0,1,False,0.3049100626130834,8.88,6004908.0
"Fixed 1000000, uniform",9,6,0,S 0 -> 10,101,False,0.9992943788265738,1000818.0,1,False,0.3049100626130834,8.84,7005726.0
"Fixed 1000000, uniform",9,7,41,"D 0,9 -> 10,13",101,False,1.0,1000818.0,1,False,0.3049100626130834,8.85,8006544.0
"Fixed 1000000, uniform",9,8,22,"D 0,1 -> 11,12",101,False,1.0,1000818.0,1,False,0.3049100626130834,8.84,9007362.0
"Fixed 1000000, uniform",9,9,21,"D 0,1 -> 10,13",101,False,1.0,1000818.0,1,False,0.3049100626130834,8.87,10008180.0
"Fixed 1000000, uniform",9,10,41,"D 0,9 -> 10,13",101,False,1.0,1000818.0,1,False,0.3049100626130834,8.86,11008998.0
"Fixed 1000000, uniform",9,11,54,"D 1,6 -> 10,11",101,False,0.9976004303846441,1000818.0,1,False,0.3049100626130834,8.88,12009816.0
"Fixed 1000000, uniform",9,12,0,S 0 -> 10,101,False,0.999999998854986,1000818.0,1,False,0.30491006261308334,8.87,13010634.0
"Fixed 1000000, uniform",9,13,47,"D 1,2 -> 12,13",101,False,0.8799174064569195,1000818.0,1,False,0.30491006261308334,8.91,14011452.0
"Fixed 1000000, uniform",9,14,2,S 1 -> 11,101,False,0.9989539895354208,1000818.0,1,False,0.3048798883216414,8.86,15012270.0
"Fixed 1000000, uniform",9,15,20,"D 0,1 -> 10,11",101,False,0.9999998882994889,1000818.0,1,False,0.30487988664470694,8.87,16013088.0
"Fixed 1000000, uniform",9,16,63,"D 1,9 -> 11,13",101,False,1.0,1000818.0,1,False,0.3048798866447196,8.79,17013906.0
"Fixed 1000000, uniform",9,17,41,"D 0,9 -> 10,13",101,False,1.0,1000818.0,1,False,0.30487988664472354,8.87,18014724.0
"Fixed 1000000, uniform",9,18,41,"D 0,9 -> 10,13",101,False,1.0,1000818.0,1,False,0.30487988664473326,8.78,19015542.0
"Fixed 1000000, uniform",9,19,3,S 1 -> 13,101,False,1.0,1000818.0,1,False,0.30487988664473326,8.77,20016360.0
"Fixed 1000000, uniform",9,20,0,S 0 -> 10,101,False,0.9999999995737973,1000818.0,1,False,0.30487988664473326,8.83,21017178.0
"Fixed 1000000, uniform",9,21,49,"D 1,4 -> 10,11",101,False,1.0,1000818.0,1,False,0.30487988664473326,8.75,22017996.0
"Fixed 1000000, uniform",9,22,20,"D 0,1 -> 10,11",101,False,0.9999999349979464,1000818.0,1,False,0.30487988664473326,8.79,23018814.0
"Fixed 1000000, uniform",9,23,20,"D 0,1 -> 10,11",101,False,0.999999882071208,1000818.0,1,False,0.30487988664489735,8.78,24019632.0
"Fixed 1000000, uniform",9,24,41,"D 0,9 -> 10,13",101,False,1.0,1000818.0,1,False,0.30487988664489735,8.76,25020450.0
"Fixed 1000000, uniform",9,25,23,"D 0,1 -> 12,13",101,False,0.8580384303555836,1000818.0,1,False,0.30487988664489735,8.8,26021268.0
"Fixed 1000000, uniform",9,26,3,S 1 -> 13,101,False,1.0,1000818.0,1,False,0.298781101985033,8.8,27022086.0
"Fixed 1000000, uniform",10,0,20,"D 0,1 -> 10,11",101,False,0.794495272331715,1000818.0,1,False,0.3049100626130834,9.18,1000818.0
"Fixed 1000000, uniform",10,1,20,"D 0,1 -> 10,11",101,False,0.999999999911855,1000818.0,1,False,0.30491006261308334,9.25,2001636.0
"Fixed 1000000, uniform",10,2,20,"D 0,1 -> 10,11",101,False,0.999999999911855,1000818.0,1,False,0.30491006261308334,8.95,3002454.0
"Fixed 1000000, uniform",10,3,22,"D 0,1 -> 11,12",101,False,1.0,1000818.0,1,False,0.30491006261308334,8.89,4003272.0
"Fixed 1000000, uniform",10,4,3,S 1 -> 13,101,False,1.0,1000818.0,1,False,0.30491006261308334,8.87,5004090.0
"Fixed 1000000, uniform",10,5,41,"D 0,9 -> 10,13",101,False,1.0,1000818.0,1,False,0.30491006261308334,8.83,6004908.0
"Fixed 1000000, uniform",10,6,47,"D 1,2 -> 12,13",101,False,0.8799173106847993,1000818.0,1,False,0.30491006261308334,8.83,7005726.0
"Fixed 1000000, uniform",10,7,35,"D 0,7 -> 10,11",101,False,0.9975547244443578,1000818.0,1,False,0.3048798858918224,8.82,8006544.0
"Fixed 1000000, uniform",10,8,50,"D 1,4 -> 10,13",101,False,0.9742528476475564,1000818.0,1,False,0.30487988589007203,8.87,9007362.0
"Fixed 1000000, uniform",10,9,20,"D 0,1 -> 10,11",101,False,0.9999998661014146,1000818.0,1,False,0.3048833323953396,8.79,10008180.0
"Fixed 1000000, uniform",10,10,41,"D 0,9 -> 10,13",101,False,1.0,1000818.0,1,False,0.30488333240107085,8.82,11008998.0
"Fixed 1000000, uniform",10,11,23,"D 0,1 -> 12,13",101,False,0.8580308175322909,1000818.0,1,False,0.30488333240107085,8.82,12009816.0
"Fixed 1000000, uniform",10,12,20,"D 0,1 -> 10,11",101,False,0.9999999987609711,1000818.0,1,False,0.30487215710069765,8.85,13010634.0
"Fixed 1000000, uniform",10,13,0,S 0 -> 10,101,False,0.9988078172156893,1000818.0,1,False,0.30487215710069765,8.83,14011452.0
"Fixed 1000000, uniform",10,14,20,"D 0,1 -> 10,11",101,False,0.9999996328962438,1000818.0,1,False,0.30487215692758624,8.78,15012270.0
"Fixed 1000000, uniform",10,15,22,"D 0,1 -> 11,12",101,False,1.0,1000818.0,1,False,0.30487215687702895,8.85,16013088.0
"Fixed 1000000, uniform",10,16,23,"D 0,1 -> 12,13",101,False,0.9999999618527151,1000818.0,1,False,0.3048721568753655,8.84,17013906.0
"Fixed 1000000, uniform",10,17,0,S 0 -> 10,101,False,0.9999999936955093,1000818.0,1,False,0.30487215686783775,8.83,18014724.0
"Fixed 1000000, uniform",10,18,3,S 1 -> 13,101,False,1.0,1000818.0,1,False,0.30487215686783775,8.81,19015542.0
"Fixed 1000000, uniform",10,19,40,"D 0,9 -> 10,11",101,False,1.0,1000818.0,1,False,0.30487215686783775,8.84,20016360.0
"Fixed 1000000, uniform",10,20,3,S 1 -> 13,101,False,1.0,1000818.0,1,False,0.30487215686783775,8.88,21017178.0
"Fixed 1000000, uniform",10,21,21,"D 0,1 -> 10,13",101,False,1.0,1000818.0,1,False,0.30487215686783775,8.91,22017996.0
"Fixed 1000000, uniform",10,22,3,S 1 -> 13,101,False,1.0,1000818.0,1,False,0.30487215686783775,8.94,23018814.0
"Fixed 1000000, uniform",10,23,27,"D 0,3 -> 11,12",101,False,1.0,1000818.0,1,False,0.30487215686783775,8.78,24019632.0
"Fixed 1000000, uniform",10,24,20,"D 0,1 -> 10,11",101,False,0.9999995395899196,1000818.0,1,False,0.30487215686783775,8.83,25020450.0
"Fixed 1000000, uniform",10,25,41,"D 0,9 -> 10,13",101,False,1.0,1000818.0,1,False,0.30487215686783775,8.83,26021268.0
"Fixed 1000000, uniform",10,26,22,"D 0,1 -> 11,12",101,False,1.0,1000818.0,1,False,0.30487215686783775,8.84,27022086.0
"Fixed 1000000, uniform",11,0,63,"D 1,9 -> 11,13",101,False,1.0,1000818.0,1,False,0.3049100626130834,9.09,1000818.0
"Fixed 1000000, uniform",11,1,0,S 0 -> 10,101,False,0.9999999999997566,1000818.0,1,False,0.3049100626130834,9.31,2001636.0
"Fixed 1000000, uniform",11,2,46,"D 1,2 -> 11,12",101,False,1.0,1000818.0,1,False,0.3049100626130834,9.13,3002454.0
"Fixed 1000000, uniform",11,3,3,S 1 -> 13,101,False,1.0,1000818.0,1,False,0.3049100626130834,8.78,4003272.0
"Fixed 1000000, uniform",11,4,20,"D 0,1 -> 10,11",101,False,0.794495272331715,1000818.0,1,False,0.3049100626130834,8.87,5004090.0
"Fixed 1000000, uniform",11,5,41,"D 0,9 -> 10,13",101,False,1.0,1000818.0,1,False,0.3049100626130834,8.75,6004908.0
"Fixed 1000000, uniform",11,6,44,"D 1,2 -> 10,11",101,False,0.953598651338145,1000818.0,1,False,0.3049100626130834,8.72,7005726.0
"Fixed 1000000, uniform",11,7,22,"D 0,1 -> 11,12",101,False,1.0,1000818.0,1,False,0.30491006261308334,8.75,8006544.0
"Fixed 1000000, uniform",11,8,20,"D 0,1 -> 10,11",101,False,0.999999999993185,1000818.0,1,False,0.30491006261308334,8.78,9007362.0
"Fixed 1000000, uniform",11,9,59,"D 1,8 -> 10,11",101,False,1.0,1000818.0,1,False,0.30491006261308334,8.77,10008180.0
"Fixed 1000000, uniform",11,10,20,"D 0,1 -> 10,11",101,False,0.999999999993185,1000818.0,1,False,0.30491006261308334,8.79,11008998.0
"Fixed 1000000, uniform",11,11,0,S 0 -> 10,101,False,0.9999994958360588,1000818.0,1,False,0.30491006261308334,8.88,12009816.0
"Fixed 1000000, uniform",11,12,22,"D 0,1 -> 11,12",101,False,1.0,1000818.0,1,False,0.3049100626130834,8.88,13010634.0
"Fixed 1000000, uniform",11,13,50,"D 1,4 -> 10,13",101,False,0.9743943733657658,1000818.0,1,False,0.3049100626130835,8.87,14011452.0
"Fixed 1000000, uniform",11,14,3,S 1 -> 13,101,False,1.0,1000818.0,1,False,0.3049135142555114,8.79,15012270.0
"Fixed 1000000, uniform",11,15,23,"D 0,1 -> 12,13",101,False,0.860145978393615,1000818.0,1,False,0.3049135142921655,8.83,16013088.0
"Fixed 1000000, uniform",11,16,23,"D 0,1 -> 12,13",101,False,0.9999999978680117,1000818.0,1,False,0.30490281284217996,8.83,17013906.0
"Fixed 1000000, uniform",11,17,39,"D 0,8 -> 10,12",101,False,1.0,1000818.0,1,False,0.30490281284217996,8.81,18014724.0
"Fixed 1000000, uniform",11,18,41,"D 0,9 -> 10,13",101,False,1.0,1000818.0,1,False,0.30490281284217996,8.77,19015542.0
"Fixed 1000000, uniform",11,19,0,S 0 -> 10,101,False,0.9999999865603489,1000818.0,1,False,0.30490281284217996,8.8,20016360.0
"Fixed 1000000, uniform",11,20,47,"D 1,2 -> 12,13",101,False,0.8788759320540196,1000818.0,1,False,0.30490281284404075,8.81,21017178.0
"Fixed 1000000, uniform",11,21,41,"D 0,9 -> 10,13",101,False,1.0,1000818.0,1,False,0.3048722907571778,8.82,22017996.0
"Fixed 1000000, uniform",11,22,23,"D 0,1 -> 12,13",101,False,0.9999999996011072,1000818.0,1,False,0.304872290758875,8.79,23018814.0
"Fixed 1000000, uniform",11,23,22,"D 0,1 -> 11,12",101,False,1.0,1000818.0,1,False,0.304872290758875,8.82,24019632.0
"Fixed 1000000, uniform",11,24,23,"D 0,1 -> 12,13",101,False,0.9999999996011072,1000818.0,1,False,0.304872290758875,8.82,25020450.0
"Fixed 1000000, uniform",11,25,2,S 1 -> 11,101,False,0.999987809942084,1000818.0,1,False,0.304872290758875,8.81,26021268.0
"Fixed 1000000, uniform",11,26,22,"D 0,1 -> 11,12",101,False,1.0,1000818.0,1,False,0.30487229075604466,8.88,27022086.0
