method,trajectory,iteration,selected,selected_label,exact_best_arm,exact_best,shortfall,shots,rounds,stopped_rho,max_abs_gradient,seconds,cumulative_shots
"Fixed 4216965, designed",0,0,91,"D 2,3 -> 10,11",91,True,0.0,4217458.0,1,False,0.2478529100059243,2.31,4217458.0
"Fixed 4216965, designed",0,1,79,"D 2,3 -> 4,11",79,True,0.0,4217454.0,1,False,0.07383707841178924,2.3,8434912.0
"Fixed 4216965, designed",0,2,82,"D 2,3 -> 5,10",82,True,0.0,4217453.0,1,False,0.07097966094101432,2.31,12652365.0
"Fixed 4216965, designed",0,3,16,"D 0,1 -> 4,5",16,True,0.0,4217468.0,1,False,0.043058354726236335,2.33,16869833.0
"Fixed 4216965, designed",0,4,88,"D 2,3 -> 8,9",76,False,0.026035203443619426,4217470.0,1,False,0.03968993935565744,2.25,21087303.0
"Fixed 4216965, designed",1,0,91,"D 2,3 -> 10,11",91,True,0.0,4217458.0,1,False,0.2478529100059243,2.45,4217458.0
"Fixed 4216965, designed",1,1,79,"D 2,3 -> 4,11",79,True,0.0,4217454.0,1,False,0.07383707841178924,2.34,8434912.0
"Fixed 4216965, designed",1,2,82,"D 2,3 -> 5,10",82,True,0.0,4217453.0,1,False,0.07097966094101432,2.3,12652365.0
"Fixed 4216965, designed",1,3,16,"D 0,1 -> 4,5",16,True,0.0,4217468.0,1,False,0.043058354726236335,2.21,16869833.0
"Fixed 4216965, designed",1,4,88,"D 2,3 -> 8,9",76,False,0.026035203443619426,4217470.0,1,False,0.03968993935565744,2.17,21087303.0
"Fixed 4216965, designed",2,0,91,"D 2,3 -> 10,11",91,True,0.0,4217458.0,1,False,0.2478529100059243,2.43,4217458.0
"Fixed 4216965, designed",2,1,82,"D 2,3 -> 5,10",79,True,0.0,4217454.0,1,False,0.07383707841178924,2.35,8434912.0
"Fixed 4216965, designed",2,2,79,"D 2,3 -> 4,11",79,True,0.0,4217447.0,1,False,0.07097966094101434,2.3,12652359.0
"Fixed 4216965, designed",2,3,88,"D 2,3 -> 8,9",16,False,0.10224062586699079,4217468.0,1,False,0.043058354726236335,2.28,16869827.0
"Fixed 4216965, designed",2,4,83,"D 2,3 -> 6,7",16,False,0.12374179669006191,4217455.0,1,False,0.04306434175333308,2.26,21087282.0
"Fixed 4216965, designed",3,0,91,"D 2,3 -> 10,11",91,True,0.0,4217458.0,1,False,0.2478529100059243,2.3,4217458.0
"Fixed 4216965, designed",3,1,79,"D 2,3 -> 4,11",79,True,0.0,4217454.0,1,False,0.07383707841178924,2.28,8434912.0
"Fixed 4216965, designed",3,2,82,"D 2,3 -> 5,10",82,True,0.0,4217453.0,1,False,0.07097966094101432,2.31,12652365.0
"Fixed 4216965, designed",3,3,76,"D 2,3 -> 4,5",16,False,0.07571084784685433,4217468.0,1,False,0.043058354726236335,2.35,16869833.0
"Fixed 4216965, designed",3,4,50,"D 0,3 -> 8,9",16,False,0.6527783152972184,4217483.0,1,False,0.04225324624597231,2.27,21087316.0
"Fixed 4216965, designed",4,0,91,"D 2,3 -> 10,11",91,True,0.0,4217458.0,1,False,0.2478529100059243,2.29,4217458.0
"Fixed 4216965, designed",4,1,79,"D 2,3 -> 4,11",79,True,0.0,4217454.0,1,False,0.07383707841178924,2.3,8434912.0
"Fixed 4216965, designed",4,2,82,"D 2,3 -> 5,10",82,True,0.0,4217453.0,1,False,0.07097966094101432,2.32,12652365.0
"Fixed 4216965, designed",4,3,16,"D 0,1 -> 4,5",16,True,0.0,4217468.0,1,False,0.043058354726236335,2.36,16869833.0
"Fixed 4216965, designed",4,4,76,"D 2,3 -> 4,5",76,True,0.0,4217470.0,1,False,0.03968993935565744,2.29,21087303.0
"Fixed 4216965, designed",5,0,91,"D 2,3 -> 10,11",91,True,0.0,4217458.0,1,False,0.2478529100059243,2.25,4217458.0
"Fixed 4216965, designed",5,1,82,"D 2,3 -> 5,10",79,True,0.0,4217454.0,1,False,0.07383707841178924,2.19,8434912.0
"Fixed 4216965, designed",5,2,79,"D 2,3 -> 4,11",79,True,0.0,4217447.0,1,False,0.07097966094101434,2.2,12652359.0
"Fixed 4216965, designed",5,3,28,"D 0,1 -> 8,9",16,False,0.5439731582144531,4217468.0,1,False,0.043058354726236335,2.18,16869827.0
"Fixed 4216965, designed",5,4,16,"D 0,1 -> 4,5",16,True,0.0,4217461.0,1,False,0.04291030426323257,2.19,21087288.0
"Fixed 4216965, designed",5,5,76,"D 2,3 -> 4,5",76,True,0.0,4217469.0,1,False,0.03969063613274089,2.19,25304757.0
"Fixed 4216965, designed",6,0,91,"D 2,3 -> 10,11",91,True,0.0,4217458.0,1,False,0.2478529100059243,2.2,4217458.0
"Fixed 4216965, designed",6,1,79,"D 2,3 -> 4,11",79,True,0.0,4217454.0,1,False,0.07383707841178924,2.17,8434912.0
"Fixed 4216965, designed",6,2,82,"D 2,3 -> 5,10",82,True,0.0,4217453.0,1,False,0.07097966094101432,2.16,12652365.0
"Fixed 4216965, designed",6,3,76,"D 2,3 -> 4,5",16,False,0.07571084784685433,4217468.0,1,False,0.043058354726236335,2.16,16869833.0
"Fixed 4216965, designed",6,4,16,"D 0,1 -> 4,5",16,True,0.0,4217483.0,1,False,0.04225324624597231,2.17,21087316.0
"Fixed 4216965, designed",7,0,91,"D 2,3 -> 10,11",91,True,0.0,4217458.0,1,False,0.2478529100059243,2.47,4217458.0
"Fixed 4216965, designed",7,1,82,"D 2,3 -> 5,10",79,True,0.0,4217454.0,1,False,0.07383707841178924,2.26,8434912.0
"Fixed 4216965, designed",7,2,79,"D 2,3 -> 4,11",79,True,0.0,4217447.0,1,False,0.07097966094101434,2.22,12652359.0
"Fixed 4216965, designed",7,3,16,"D 0,1 -> 4,5",16,True,0.0,4217468.0,1,False,0.043058354726236335,2.21,16869827.0
"Fixed 4216965, designed",7,4,83,"D 2,3 -> 6,7",76,False,0.026035206505117148,4217470.0,1,False,0.03968993946870195,2.21,21087297.0
"Fixed 4216965, designed",8,0,91,"D 2,3 -> 10,11",91,True,0.0,4217458.0,1,False,0.2478529100059243,2.4,4217458.0
"Fixed 4216965, designed",8,1,82,"D 2,3 -> 5,10",79,True,0.0,4217454.0,1,False,0.07383707841178924,2.34,8434912.0
"Fixed 4216965, designed",8,2,79,"D 2,3 -> 4,11",79,True,0.0,4217447.0,1,False,0.07097966094101434,2.29,12652359.0
"Fixed 4216965, designed",8,3,88,"D 2,3 -> 8,9",16,False,0.10224062586699079,4217468.0,1,False,0.043058354726236335,2.29,16869827.0
"Fixed 4216965, designed",8,4,23,"D 0,1 -> 6,7",16,False,0.5440365574200938,4217455.0,1,False,0.04306434175333308,2.27,21087282.0
"Fixed 4216965, designed",8,5,76,"D 2,3 -> 4,5",16,False,0.1323903420428605,4217454.0,1,False,0.042916262009818636,2.18,25304736.0
"Fixed 4216965, designed",9,0,91,"D 2,3 -> 10,11",91,True,0.0,4217458.0,1,False,0.2478529100059243,2.42,4217458.0
"Fixed 4216965, designed",9,1,82,"D 2,3 -> 5,10",79,True,0.0,4217454.0,1,False,0.07383707841178924,2.27,8434912.0
"Fixed 4216965, designed",9,2,79,"D 2,3 -> 4,11",79,True,0.0,4217447.0,1,False,0.07097966094101434,2.23,12652359.0
"Fixed 4216965, designed",9,3,76,"D 2,3 -> 4,5",16,False,0.075710847846854,4217468.0,1,False,0.043058354726236335,2.23,16869827.0
"Fixed 4216965, designed",9,4,16,"D 0,1 -> 4,5",16,True,0.0,4217483.0,1,False,0.04225324628586743,2.23,21087310.0
"Fixed 4216965, designed",10,0,91,"D 2,3 -> 10,11",91,True,0.0,4217458.0,1,False,0.2478529100059243,2.33,4217458.0
"Fixed 4216965, designed",10,1,82,"D 2,3 -> 5,10",79,True,0.0,4217454.0,1,False,0.07383707841178924,2.29,8434912.0
"Fixed 4216965, designed",10,2,79,"D 2,3 -> 4,11",79,True,0.0,4217447.0,1,False,0.07097966094101434,2.3,12652359.0
"Fixed 4216965, designed",10,3,16,"D 0,1 -> 4,5",16,True,0.0,4217468.0,1,False,0.043058354726236335,2.33,16869827.0
"Fixed 4216965, designed",10,4,76,"D 2,3 -> 4,5",76,True,0.0,4217470.0,1,False,0.03968993946870195,2.16,21087297.0
"Fixed 4216965, designed",11,0,91,"D 2,3 -> 10,11",91,True,0.0,4217458.0,1,False,0.2478529100059243,2.3,4217458.0
"Fixed 4216965, designed",11,1,82,"D 2,3 -> 5,10",79,True,0.0,4217454.0,1,False,0.07383707841178924,2.27,8434912.0
"Fixed 4216965, designed",11,2,79,"D 2,3 -> 4,11",79,True,0.0,4217447.0,1,False,0.07097966094101434,2.3,12652359.0
"Fixed 4216965, designed",11,3,16,"D 0,1 -> 4,5",16,True,0.0,4217468.0,1,False,0.043058354726236335,2.32,16869827.0
"Fixed 4216965, designed",11,4,76,"D 2,3 -> 4,5",76,True,0.0,4217470.0,1,False,0.03968993946870195,2.21,21087297.0
"Fixed 4216965, designed",12,0,91,"D 2,3 -> 10,11",91,True,0.0,4217458.0,1,False,0.2478529100059243,2.15,4217458.0
"Fixed 4216965, designed",12,1,82,"D 2,3 -> 5,10",79,True,0.0,4217454.0,1,False,0.07383707841178924,2.16,8434912.0
"Fixed 4216965, designed",12,2,79,"D 2,3 -> 4,11",79,True,0.0,4217447.0,1,False,0.07097966094101434,2.16,12652359.0
"Fixed 4216965, designed",12,3,16,"D 0,1 -> 4,5",16,True,0.0,4217468.0,1,False,0.043058354726236335,2.17,16869827.0
"Fixed 4216965, designed",12,4,88,"D 2,3 -> 8,9",76,False,0.026035206505116926,4217470.0,1,False,0.03968993946870195,2.18,21087297.0
"Fixed 4216965, designed",13,0,91,"D 2,3 -> 10,11",91,True,0.0,4217458.0,1,False,0.2478529100059243,2.14,4217458.0
"Fixed 4216965, designed",13,1,82,"D 2,3 -> 5,10",79,True,0.0,4217454.0,1,False,0.07383707841178924,2.16,8434912.0
"Fixed 4216965, designed",13,2,79,"D 2,3 -> 4,11",79,True,0.0,4217447.0,1,False,0.07097966094101434,2.15,12652359.0
"Fixed 4216965, designed",13,3,88,"D 2,3 -> 8,9",16,False,0.10224062586699079,4217468.0,1,False,0.043058354726236335,2.16,16869827.0
"Fixed 4216965, designed",13,4,36,"D 0,2 -> 6,10",16,False,1.0,4217455.0,1,False,0.04306434175333308,2.16,21087282.0
"Fixed 4216965, designed",13,5,83,"D 2,3 -> 6,7",16,False,0.12374179669006191,4217455.0,1,False,0.04306434175333308,2.16,25304737.0
"Fixed 4216965, designed",14,0,91,"D 2,3 -> 10,11",91,True,0.0,4217458.0,1,False,0.2478529100059243,2.17,4217458.0
"Fixed 4216965, designed",14,1,82,"D 2,3 -> 5,10",79,True,0.0,4217454.0,1,False,0.07383707841178924,2.17,8434912.0
"Fixed 4216965, designed",14,2,79,"D 2,3 -> 4,11",79,True,0.0,4217447.0,1,False,0.07097966094101434,2.21,12652359.0
"Fixed 4216965, designed",14,3,16,"D 0,1 -> 4,5",16,True,0.0,4217468.0,1,False,0.043058354726236335,2.22,16869827.0
"Fixed 4216965, designed",14,4,83,"D 2,3 -> 6,7",76,False,0.026035206505117148,4217470.0,1,False,0.03968993946870195,2.18,21087297.0
"Fixed 4216965, designed",15,0,91,"D 2,3 -> 10,11",91,True,0.0,4217458.0,1,False,0.2478529100059243,2.19,4217458.0
"Fixed 4216965, designed",15,1,79,"D 2,3 -> 4,11",79,True,0.0,4217454.0,1,False,0.07383707841178924,2.18,8434912.0
"Fixed 4216965, designed",15,2,16,"D 0,1 -> 4,5",82,False,0.39162896060607466,4217453.0,1,False,0.07097966094101432,2.19,12652365.0
"Fixed 4216965, designed",15,3,82,"D 2,3 -> 5,10",82,True,0.0,4217456.0,1,False,0.07097825301354135,2.17,16869821.0
"Fixed 4216965, designed",15,4,83,"D 2,3 -> 6,7",76,False,0.026036631650531716,4217471.0,1,False,0.03968998879145605,2.17,21087292.0
"Fixed 4216965, designed",16,0,91,"D 2,3 -> 10,11",91,True,0.0,4217458.0,1,False,0.2478529100059243,2.23,4217458.0
"Fixed 4216965, designed",16,1,82,"D 2,3 -> 5,10",79,True,0.0,4217454.0,1,False,0.07383707841178924,2.18,8434912.0
"Fixed 4216965, designed",16,2,79,"D 2,3 -> 4,11",79,True,0.0,4217447.0,1,False,0.07097966094101434,2.23,12652359.0
"Fixed 4216965, designed",16,3,76,"D 2,3 -> 4,5",16,False,0.075710847846854,4217468.0,1,False,0.043058354726236335,2.19,16869827.0
"Fixed 4216965, designed",16,4,88,"D 2,3 -> 8,9",16,False,0.1488325197977619,4217483.0,1,False,0.04225324628586743,2.21,21087310.0
"Fixed 4216965, designed",17,0,91,"D 2,3 -> 10,11",91,True,0.0,4217458.0,1,False,0.2478529100059243,2.2,4217458.0
"Fixed 4216965, designed",17,1,79,"D 2,3 -> 4,11",79,True,0.0,4217454.0,1,False,0.07383707841178924,2.21,8434912.0
"Fixed 4216965, designed",17,2,82,"D 2,3 -> 5,10",82,True,0.0,4217453.0,1,False,0.07097966094101432,2.19,12652365.0
"Fixed 4216965, designed",17,3,16,"D 0,1 -> 4,5",16,True,0.0,4217468.0,1,False,0.043058354726236335,2.19,16869833.0
"Fixed 4216965, designed",17,4,76,"D 2,3 -> 4,5",76,True,0.0,4217470.0,1,False,0.03968993935565744,2.22,21087303.0
"Fixed 4216965, designed",18,0,91,"D 2,3 -> 10,11",91,True,0.0,4217458.0,1,False,0.2478529100059243,2.26,4217458.0
"Fixed 4216965, designed",18,1,82,"D 2,3 -> 5,10",79,True,0.0,4217454.0,1,False,0.07383707841178924,2.25,8434912.0
"Fixed 4216965, designed",18,2,79,"D 2,3 -> 4,11",79,True,0.0,4217447.0,1,False,0.07097966094101434,2.26,12652359.0
"Fixed 4216965, designed",18,3,16,"D 0,1 -> 4,5",16,True,0.0,4217468.0,1,False,0.043058354726236335,2.24,16869827.0
"Fixed 4216965, designed",18,4,61,"D 1,2 -> 6,7",76,False,0.6297761767827746,4217470.0,1,False,0.03968993946870195,2.27,21087297.0
"Fixed 4216965, designed",18,5,88,"D 2,3 -> 8,9",76,False,0.026017405738691823,4217469.0,1,False,0.03968905779138511,2.3,25304766.0
"Fixed 4216965, designed",19,0,91,"D 2,3 -> 10,11",91,True,0.0,4217458.0,1,False,0.2478529100059243,2.25,4217458.0
"Fixed 4216965, designed",19,1,79,"D 2,3 -> 4,11",79,True,0.0,4217454.0,1,False,0.07383707841178924,2.27,8434912.0
"Fixed 4216965, designed",19,2,82,"D 2,3 -> 5,10",82,True,0.0,4217453.0,1,False,0.07097966094101432,2.25,12652365.0
"Fixed 4216965, designed",19,3,16,"D 0,1 -> 4,5",16,True,0.0,4217468.0,1,False,0.043058354726236335,2.24,16869833.0
"Fixed 4216965, designed",19,4,88,"D 2,3 -> 8,9",76,False,0.026035203443619426,4217470.0,1,False,0.03968993935565744,2.27,21087303.0
"Fixed 4216965, designed",20,0,91,"D 2,3 -> 10,11",91,True,0.0,4217458.0,1,False,0.2478529100059243,2.22,4217458.0
"Fixed 4216965, designed",20,1,79,"D 2,3 -> 4,11",79,True,0.0,4217454.0,1,False,0.07383707841178924,2.24,8434912.0
"Fixed 4216965, designed",20,2,82,"D 2,3 -> 5,10",82,True,0.0,4217453.0,1,False,0.07097966094101432,2.22,12652365.0
"Fixed 4216965, designed",20,3,76,"D 2,3 -> 4,5",16,False,0.07571084784685433,4217468.0,1,False,0.043058354726236335,2.21,16869833.0
"Fixed 4216965, designed",20,4,16,"D 0,1 -> 4,5",16,True,0.0,4217483.0,1,False,0.04225324624597231,2.25,21087316.0
"Fixed 4216965, designed",21,0,91,"D 2,3 -> 10,11",91,True,0.0,4217458.0,1,False,0.2478529100059243,2.23,4217458.0
"Fixed 4216965, designed",21,1,79,"D 2,3 -> 4,11",79,True,0.0,4217454.0,1,False,0.07383707841178924,2.26,8434912.0
"Fixed 4216965, designed",21,2,82,"D 2,3 -> 5,10",82,True,0.0,4217453.0,1,False,0.07097966094101432,2.24,12652365.0
"Fixed 4216965, designed",21,3,76,"D 2,3 -> 4,5",16,False,0.07571084784685433,4217468.0,1,False,0.043058354726236335,2.25,16869833.0
"Fixed 4216965, designed",21,4,88,"D 2,3 -> 8,9",16,False,0.14883252541816294,4217483.0,1,False,0.04225324624597231,2.25,21087316.0
"Fixed 4216965, designed",22,0,91,"D 2,3 -> 10,11",91,True,0.0,4217458.0,1,False,0.2478529100059243,2.22,4217458.0
"Fixed 4216965, designed",22,1,82,"D 2,3 -> 5,10",79,True,0.0,4217454.0,1,False,0.07383707841178924,2.2,8434912.0
"Fixed 4216965, designed",22,2,79,"D 2,3 -> 4,11",79,True,0.0,4217447.0,1,False,0.07097966094101434,2.19,12652359.0
"Fixed 4216965, designed",22,3,16,"D 0,1 -> 4,5",16,True,0.0,4217468.0,1,False,0.043058354726236335,2.2,16869827.0
"Fixed 4216965, designed",22,4,76,"D 2,3 -> 4,5",76,True,0.0,4217470.0,1,False,0.03968993946870195,2.18,21087297.0
"Fixed 4216965, designed",23,0,91,"D 2,3 -> 10,11",91,True,0.0,4217458.0,1,False,0.2478529100059243,2.21,4217458.0
"Fixed 4216965, designed",23,1,82,"D 2,3 -> 5,10",79,True,0.0,4217454.0,1,False,0.07383707841178924,2.2,8434912.0
"Fixed 4216965, designed",23,2,79,"D 2,3 -> 4,11",79,True,0.0,4217447.0,1,False,0.07097966094101434,2.17,12652359.0
"Fixed 4216965, designed",23,3,16,"D 0,1 -> 4,5",16,True,0.0,4217468.0,1,False,0.043058354726236335,2.16,16869827.0
"Fixed 4216965, designed",23,4,68,"D 1,2 -> 9,10",76,False,1.0,4217470.0,1,False,0.03968993946870195,2.16,21087297.0
"Fixed 4216965, designed",23,5,76,"D 2,3 -> 4,5",76,True,0.0,4217470.0,1,False,0.03968993946870195,2.16,25304767.0
"Fixed 4216965, designed",24,0,91,"D 2,3 -> 10,11",91,True,0.0,4217458.0,1,False,0.2478529100059243,2.16,4217458.0
"Fixed 4216965, designed",24,1,82,"D 2,3 -> 5,10",79,True,0.0,4217454.0,1,False,0.07383707841178924,2.15,8434912.0
"Fixed 4216965, designed",24,2,79,"D 2,3 -> 4,11",79,True,0.0,4217447.0,1,False,0.07097966094101434,2.16,12652359.0
"Fixed 4216965, designed",24,3,76,"D 2,3 -> 4,5",16,False,0.075710847846854,4217468.0,1,False,0.043058354726236335,2.16,16869827.0
"Fixed 4216965, designed",24,4,16,"D 0,1 -> 4,5",16,True,0.0,4217483.0,1,False,0.04225324628586743,2.15,21087310.0
"Fixed 4216965, designed",25,0,91,"D 2,3 -> 10,11",91,True,0.0,4217458.0,1,False,0.2478529100059243,2.19,4217458.0
"Fixed 4216965, designed",25,1,79,"D 2,3 -> 4,11",79,True,0.0,4217454.0,1,False,0.07383707841178924,2.18,8434912.0
"Fixed 4216965, designed",25,2,82,"D 2,3 -> 5,10",82,True,0.0,4217453.0,1,False,0.07097966094101432,2.17,12652365.0
"Fixed 4216965, designed",25,3,16,"D 0,1 -> 4,5",16,True,0.0,4217468.0,1,False,0.043058354726236335,2.21,16869833.0
"Fixed 4216965, designed",25,4,88,"D 2,3 -> 8,9",76,False,0.026035203443619426,4217470.0,1,False,0.03968993935565744,2.2,21087303.0
"Fixed 4216965, designed",26,0,91,"D 2,3 -> 10,11",91,True,0.0,4217458.0,1,False,0.2478529100059243,2.16,4217458.0
"Fixed 4216965, designed",26,1,82,"D 2,3 -> 5,10",79,True,0.0,4217454.0,1,False,0.07383707841178924,2.15,8434912.0
"Fixed 4216965, designed",26,2,79,"D 2,3 -> 4,11",79,True,0.0,4217447.0,1,False,0.07097966094101434,2.16,12652359.0
"Fixed 4216965, designed",26,3,76,"D 2,3 -> 4,5",16,False,0.075710847846854,4217468.0,1,False,0.043058354726236335,2.15,16869827.0
"Fixed 4216965, designed",26,4,66,"D 1,2 -> 8,9",16,False,0.6527783153044926,4217483.0,1,False,0.04225324628586743,2.18,21087310.0
"Fixed 4216965, designed",27,0,91,"D 2,3 -> 10,11",91,True,0.0,4217458.0,1,False,0.2478529100059243,2.24,4217458.0
"Fixed 4216965, designed",27,1,82,"D 2,3 -> 5,10",79,True,0.0,4217454.0,1,False,0.07383707841178924,2.2,8434912.0
"Fixed 4216965, designed",27,2,79,"D 2,3 -> 4,11",79,True,0.0,4217447.0,1,False,0.07097966094101434,2.15,12652359.0
"Fixed 4216965, designed",27,3,16,"D 0,1 -> 4,5",16,True,0.0,4217468.0,1,False,0.043058354726236335,2.16,16869827.0
"Fixed 4216965, designed",27,4,76,"D 2,3 -> 4,5",76,True,0.0,4217470.0,1,False,0.03968993946870195,2.15,21087297.0
"Fixed 4216965, designed",28,0,91,"D 2,3 -> 10,11",91,True,0.0,4217458.0,1,False,0.2478529100059243,2.2,4217458.0
"Fixed 4216965, designed",28,1,79,"D 2,3 -> 4,11",79,True,0.0,4217454.0,1,False,0.07383707841178924,2.22,8434912.0
"Fixed 4216965, designed",28,2,16,"D 0,1 -> 4,5",82,False,0.39162896060607466,4217453.0,1,False,0.07097966094101432,2.21,12652365.0
"Fixed 4216965, designed",28,3,82,"D 2,3 -> 5,10",82,True,0.0,4217456.0,1,False,0.07097825301354135,2.21,16869821.0
"Fixed 4216965, designed",28,4,75,"D 1,3 -> 9,11",76,False,1.0,4217471.0,1,False,0.03968998879145605,2.21,21087292.0
"Fixed 4216965, designed",28,5,76,"D 2,3 -> 4,5",76,True,0.0,4217471.0,1,False,0.03968998879145605,2.21,25304763.0
"Fixed 4216965, designed",29,0,91,"D 2,3 -> 10,11",91,True,0.0,4217458.0,1,False,0.2478529100059243,2.23,4217458.0
"Fixed 4216965, designed",29,1,79,"D 2,3 -> 4,11",79,True,0.0,4217454.0,1,False,0.07383707841178924,2.21,8434912.0
"Fixed 4216965, designed",29,2,82,"D 2,3 -> 5,10",82,True,0.0,4217453.0,1,False,0.07097966094101432,2.22,12652365.0
"Fixed 4216965, designed",29,3,16,"D 0,1 -> 4,5",16,True,0.0,4217468.0,1,False,0.043058354726236335,2.21,16869833.0
"Fixed 4216965, designed",29,4,45,"D 0,3 -> 6,7",76,False,0.6297761757174162,4217470.0,1,False,0.03968993935565744,2.22,21087303.0
"Fixed 4216965, designed",29,5,21,"D 0,1 -> 5,8",76,False,1.0,4217470.0,1,False,0.03968905976451377,2.23,25304773.0
"Fixed 4216965, designed",29,6,88,"D 2,3 -> 8,9",76,False,0.02601745901708674,4217470.0,1,False,0.03968905976451377,2.23,29522243.0
"Fixed 4216965, designed",30,0,91,"D 2,3 -> 10,11",91,True,0.0,4217458.0,1,False,0.2478529100059243,2.22,4217458.0
"Fixed 4216965, designed",30,1,79,"D 2,3 -> 4,11",79,True,0.0,4217454.0,1,False,0.07383707841178924,2.27,8434912.0
"Fixed 4216965, designed",30,2,82,"D 2,3 -> 5,10",82,True,0.0,4217453.0,1,False,0.07097966094101432,2.24,12652365.0
"Fixed 4216965, designed",30,3,61,"D 1,2 -> 6,7",16,False,0.6587334143054635,4217468.0,1,False,0.043058354726236335,2.26,16869833.0
"Fixed 4216965, designed",30,4,83,"D 2,3 -> 6,7",16,False,0.105476159331379,4217465.0,1,False,0.04305794602912024,2.25,21087298.0
"Fixed 4216965, designed",30,5,16,"D 0,1 -> 4,5",16,True,0.0,4217456.0,1,False,0.04306395236875705,2.23,25304754.0
"Fixed 4216965, designed",31,0,91,"D 2,3 -> 10,11",91,True,0.0,4217458.0,1,False,0.2478529100059243,2.28,4217458.0
"Fixed 4216965, designed",31,1,82,"D 2,3 -> 5,10",79,True,0.0,4217454.0,1,False,0.07383707841178924,2.26,8434912.0
"Fixed 4216965, designed",31,2,79,"D 2,3 -> 4,11",79,True,0.0,4217447.0,1,False,0.07097966094101434,2.29,12652359.0
"Fixed 4216965, designed",31,3,16,"D 0,1 -> 4,5",16,True,0.0,4217468.0,1,False,0.043058354726236335,2.28,16869827.0
"Fixed 4216965, designed",31,4,76,"D 2,3 -> 4,5",76,True,0.0,4217470.0,1,False,0.03968993946870195,2.25,21087297.0
"Fixed 4216965, designed",32,0,91,"D 2,3 -> 10,11",91,True,0.0,4217458.0,1,False,0.2478529100059243,2.15,4217458.0
"Fixed 4216965, designed",32,1,82,"D 2,3 -> 5,10",79,True,0.0,4217454.0,1,False,0.07383707841178924,2.16,8434912.0
"Fixed 4216965, designed",32,2,79,"D 2,3 -> 4,11",79,True,0.0,4217447.0,1,False,0.07097966094101434,2.17,12652359.0
"Fixed 4216965, designed",32,3,76,"D 2,3 -> 4,5",16,False,0.075710847846854,4217468.0,1,False,0.043058354726236335,2.2,16869827.0
"Fixed 4216965, designed",32,4,31,"D 0,1 -> 10,11",16,False,0.6734478013984324,4217483.0,1,False,0.04225324628586743,2.23,21087310.0
"Fixed 4216965, designed",32,5,16,"D 0,1 -> 4,5",16,True,0.0,4217483.0,1,False,0.04215938136261979,2.27,25304793.0
"Fixed 4216965, designed",33,0,91,"D 2,3 -> 10,11",91,True,0.0,4217458.0,1,False,0.2478529100059243,2.17,4217458.0
"Fixed 4216965, designed",33,1,82,"D 2,3 -> 5,10",79,True,0.0,4217454.0,1,False,0.07383707841178924,2.16,8434912.0
"Fixed 4216965, designed",33,2,79,"D 2,3 -> 4,11",79,True,0.0,4217447.0,1,False,0.07097966094101434,2.16,12652359.0
"Fixed 4216965, designed",33,3,16,"D 0,1 -> 4,5",16,True,0.0,4217468.0,1,False,0.043058354726236335,2.15,16869827.0
"Fixed 4216965, designed",33,4,88,"D 2,3 -> 8,9",76,False,0.026035206505116926,4217470.0,1,False,0.03968993946870195,2.15,21087297.0
"Fixed 4216965, designed",34,0,91,"D 2,3 -> 10,11",91,True,0.0,4217458.0,1,False,0.2478529100059243,2.24,4217458.0
"Fixed 4216965, designed",34,1,79,"D 2,3 -> 4,11",79,True,0.0,4217454.0,1,False,0.07383707841178924,2.26,8434912.0
"Fixed 4216965, designed",34,2,82,"D 2,3 -> 5,10",82,True,0.0,4217453.0,1,False,0.07097966094101432,2.23,12652365.0
"Fixed 4216965, designed",34,3,16,"D 0,1 -> 4,5",16,True,0.0,4217468.0,1,False,0.043058354726236335,2.22,16869833.0
"Fixed 4216965, designed",34,4,0,S 0 -> 4,76,False,0.9656627854042167,4217470.0,1,False,0.03968993935565744,2.22,21087303.0
"Fixed 4216965, designed",34,5,83,"D 2,3 -> 6,7",76,False,0.026064400650861685,4217468.0,1,False,0.03969132054887296,2.21,25304771.0
"Fixed 4216965, designed",35,0,91,"D 2,3 -> 10,11",91,True,0.0,4217458.0,1,False,0.2478529100059243,2.17,4217458.0
"Fixed 4216965, designed",35,1,82,"D 2,3 -> 5,10",79,True,0.0,4217454.0,1,False,0.07383707841178924,2.16,8434912.0
"Fixed 4216965, designed",35,2,79,"D 2,3 -> 4,11",79,True,0.0,4217447.0,1,False,0.07097966094101434,2.15,12652359.0
"Fixed 4216965, designed",35,3,16,"D 0,1 -> 4,5",16,True,0.0,4217468.0,1,False,0.043058354726236335,2.16,16869827.0
"Fixed 4216965, designed",35,4,76,"D 2,3 -> 4,5",76,True,0.0,4217470.0,1,False,0.03968993946870195,2.15,21087297.0
"Fixed 4216965, designed",36,0,91,"D 2,3 -> 10,11",91,True,0.0,4217458.0,1,False,0.2478529100059243,2.17,4217458.0
"Fixed 4216965, designed",36,1,82,"D 2,3 -> 5,10",79,True,0.0,4217454.0,1,False,0.07383707841178924,2.18,8434912.0
"Fixed 4216965, designed",36,2,79,"D 2,3 -> 4,11",79,True,0.0,4217447.0,1,False,0.07097966094101434,2.17,12652359.0
"Fixed 4216965, designed",36,3,76,"D 2,3 -> 4,5",16,False,0.075710847846854,4217468.0,1,False,0.043058354726236335,2.22,16869827.0
"Fixed 4216965, designed",36,4,83,"D 2,3 -> 6,7",16,False,0.14883251979776257,4217483.0,1,False,0.04225324628586743,2.28,21087310.0
"Fixed 4216965, designed",37,0,91,"D 2,3 -> 10,11",91,True,0.0,4217458.0,1,False,0.2478529100059243,2.13,4217458.0
"Fixed 4216965, designed",37,1,79,"D 2,3 -> 4,11",79,True,0.0,4217454.0,1,False,0.07383707841178924,2.18,8434912.0
"Fixed 4216965, designed",37,2,82,"D 2,3 -> 5,10",82,True,0.0,4217453.0,1,False,0.07097966094101432,2.19,12652365.0
"Fixed 4216965, designed",37,3,83,"D 2,3 -> 6,7",16,False,0.10224062586699112,4217468.0,1,False,0.043058354726236335,2.22,16869833.0
"Fixed 4216965, designed",37,4,28,"D 0,1 -> 8,9",16,False,0.5440365574200938,4217459.0,1,False,0.04306434175333308,2.22,21087292.0
"Fixed 4216965, designed",37,5,76,"D 2,3 -> 4,5",16,False,0.1323903420428606,4217459.0,1,False,0.042916262009818636,2.2,25304751.0
"Fixed 4216965, designed",38,0,91,"D 2,3 -> 10,11",91,True,0.0,4217458.0,1,False,0.2478529100059243,2.14,4217458.0
"Fixed 4216965, designed",38,1,82,"D 2,3 -> 5,10",79,True,0.0,4217454.0,1,False,0.07383707841178924,2.14,8434912.0
"Fixed 4216965, designed",38,2,79,"D 2,3 -> 4,11",79,True,0.0,4217447.0,1,False,0.07097966094101434,2.16,12652359.0
"Fixed 4216965, designed",38,3,16,"D 0,1 -> 4,5",16,True,0.0,4217468.0,1,False,0.043058354726236335,2.17,16869827.0
"Fixed 4216965, designed",38,4,52,"D 0,3 -> 9,10",76,False,1.0,4217470.0,1,False,0.03968993946870195,2.18,21087297.0
"Fixed 4216965, designed",38,5,23,"D 0,1 -> 6,7",76,False,0.5136701353531437,4217470.0,1,False,0.03968993946870195,2.22,25304767.0
"Fixed 4216965, designed",38,6,83,"D 2,3 -> 6,7",76,False,0.027196330211721964,4217467.0,1,False,0.03969063615088796,2.24,29522234.0
"Fixed 4216965, designed",39,0,91,"D 2,3 -> 10,11",91,True,0.0,4217458.0,1,False,0.2478529100059243,2.19,4217458.0
"Fixed 4216965, designed",39,1,82,"D 2,3 -> 5,10",79,True,0.0,4217454.0,1,False,0.07383707841178924,2.19,8434912.0
"Fixed 4216965, designed",39,2,79,"D 2,3 -> 4,11",79,True,0.0,4217447.0,1,False,0.07097966094101434,2.21,12652359.0
"Fixed 4216965, designed",39,3,16,"D 0,1 -> 4,5",16,True,0.0,4217468.0,1,False,0.043058354726236335,2.21,16869827.0
"Fixed 4216965, designed",39,4,76,"D 2,3 -> 4,5",76,True,0.0,4217470.0,1,False,0.03968993946870195,2.21,21087297.0
"Fixed 4216965, designed",40,0,91,"D 2,3 -> 10,11",91,True,0.0,4217458.0,1,False,0.2478529100059243,2.29,4217458.0
"Fixed 4216965, designed",40,1,82,"D 2,3 -> 5,10",79,True,0.0,4217454.0,1,False,0.07383707841178924,2.28,8434912.0
"Fixed 4216965, designed",40,2,79,"D 2,3 -> 4,11",79,True,0.0,4217447.0,1,False,0.07097966094101434,2.25,12652359.0
"Fixed 4216965, designed",40,3,23,"D 0,1 -> 6,7",16,False,0.5439731582144531,4217468.0,1,False,0.043058354726236335,2.26,16869827.0
"Fixed 4216965, designed",40,4,76,"D 2,3 -> 4,5",16,False,0.07252212852624063,4217465.0,1,False,0.042910304254232444,2.27,21087292.0
"Fixed 4216965, designed",41,0,91,"D 2,3 -> 10,11",91,True,0.0,4217458.0,1,False,0.2478529100059243,2.14,4217458.0
"Fixed 4216965, designed",41,1,79,"D 2,3 -> 4,11",79,True,0.0,4217454.0,1,False,0.07383707841178924,2.15,8434912.0
"Fixed 4216965, designed",41,2,82,"D 2,3 -> 5,10",82,True,0.0,4217453.0,1,False,0.07097966094101432,2.15,12652365.0
"Fixed 4216965, designed",41,3,83,"D 2,3 -> 6,7",16,False,0.10224062586699112,4217468.0,1,False,0.043058354726236335,2.14,16869833.0
"Fixed 4216965, designed",41,4,16,"D 0,1 -> 4,5",16,True,0.0,4217459.0,1,False,0.04306434175333308,2.14,21087292.0
"Fixed 4216965, designed",42,0,91,"D 2,3 -> 10,11",91,True,0.0,4217458.0,1,False,0.2478529100059243,2.18,4217458.0
"Fixed 4216965, designed",42,1,82,"D 2,3 -> 5,10",79,True,0.0,4217454.0,1,False,0.07383707841178924,2.21,8434912.0
"Fixed 4216965, designed",42,2,79,"D 2,3 -> 4,11",79,True,0.0,4217447.0,1,False,0.07097966094101434,2.19,12652359.0
"Fixed 4216965, designed",42,3,16,"D 0,1 -> 4,5",16,True,0.0,4217468.0,1,False,0.043058354726236335,2.21,16869827.0
"Fixed 4216965, designed",42,4,88,"D 2,3 -> 8,9",76,False,0.026035206505116926,4217470.0,1,False,0.03968993946870195,2.23,21087297.0
"Fixed 4216965, designed",43,0,91,"D 2,3 -> 10,11",91,True,0.0,4217458.0,1,False,0.2478529100059243,2.21,4217458.0
"Fixed 4216965, designed",43,1,79,"D 2,3 -> 4,11",79,True,0.0,4217454.0,1,False,0.07383707841178924,2.23,8434912.0
"Fixed 4216965, designed",43,2,82,"D 2,3 -> 5,10",82,True,0.0,4217453.0,1,False,0.07097966094101432,2.23,12652365.0
"Fixed 4216965, designed",43,3,31,"D 0,1 -> 10,11",16,False,0.6829678466604464,4217468.0,1,False,0.043058354726236335,2.23,16869833.0
"Fixed 4216965, designed",43,4,50,"D 0,3 -> 8,9",16,False,0.6583171349360784,4217468.0,1,False,0.04300600023093134,2.23,21087301.0
"Fixed 4216965, designed",43,5,16,"D 0,1 -> 4,5",16,True,0.0,4217466.0,1,False,0.04300559184401497,2.23,25304767.0
"Fixed 4216965, designed",43,6,88,"D 2,3 -> 8,9",76,False,0.029615358673113268,4217468.0,1,False,0.039695650846002954,2.19,29522235.0
"Fixed 4216965, designed",44,0,91,"D 2,3 -> 10,11",91,True,0.0,4217458.0,1,False,0.2478529100059243,2.18,4217458.0
"Fixed 4216965, designed",44,1,79,"D 2,3 -> 4,11",79,True,0.0,4217454.0,1,False,0.07383707841178924,2.18,8434912.0
"Fixed 4216965, designed",44,2,82,"D 2,3 -> 5,10",82,True,0.0,4217453.0,1,False,0.07097966094101432,2.22,12652365.0
"Fixed 4216965, designed",44,3,31,"D 0,1 -> 10,11",16,False,0.6829678466604464,4217468.0,1,False,0.043058354726236335,2.22,16869833.0
"Fixed 4216965, designed",44,4,76,"D 2,3 -> 4,5",16,False,0.07445936845688494,4217468.0,1,False,0.04300600023093134,2.22,21087301.0
"Fixed 4216965, designed",44,5,16,"D 0,1 -> 4,5",16,True,0.0,4217483.0,1,False,0.04215938137698126,2.23,25304784.0
"Fixed 4216965, designed",45,0,91,"D 2,3 -> 10,11",91,True,0.0,4217458.0,1,False,0.2478529100059243,2.3,4217458.0
"Fixed 4216965, designed",45,1,79,"D 2,3 -> 4,11",79,True,0.0,4217454.0,1,False,0.07383707841178924,2.27,8434912.0
"Fixed 4216965, designed",45,2,82,"D 2,3 -> 5,10",82,True,0.0,4217453.0,1,False,0.07097966094101432,2.25,12652365.0
"Fixed 4216965, designed",45,3,16,"D 0,1 -> 4,5",16,True,0.0,4217468.0,1,False,0.043058354726236335,2.29,16869833.0
"Fixed 4216965, designed",45,4,50,"D 0,3 -> 8,9",76,False,0.6297761757174161,4217470.0,1,False,0.03968993935565744,2.26,21087303.0
"Fixed 4216965, designed",45,5,88,"D 2,3 -> 8,9",76,False,0.029532831014300598,4217471.0,1,False,0.03968905530385834,2.29,25304774.0
"Fixed 4216965, designed",46,0,91,"D 2,3 -> 10,11",91,True,0.0,4217458.0,1,False,0.2478529100059243,2.23,4217458.0
"Fixed 4216965, designed",46,1,82,"D 2,3 -> 5,10",79,True,0.0,4217454.0,1,False,0.07383707841178924,2.25,8434912.0
"Fixed 4216965, designed",46,2,79,"D 2,3 -> 4,11",79,True,0.0,4217447.0,1,False,0.07097966094101434,2.23,12652359.0
"Fixed 4216965, designed",46,3,16,"D 0,1 -> 4,5",16,True,0.0,4217468.0,1,False,0.043058354726236335,2.22,16869827.0
"Fixed 4216965, designed",46,4,76,"D 2,3 -> 4,5",76,True,0.0,4217470.0,1,False,0.03968993946870195,2.22,21087297.0
"Fixed 4216965, designed",47,0,91,"D 2,3 -> 10,11",91,True,0.0,4217458.0,1,False,0.2478529100059243,2.2,4217458.0
"Fixed 4216965, designed",47,1,79,"D 2,3 -> 4,11",79,True,0.0,4217454.0,1,False,0.07383707841178924,2.21,8434912.0
"Fixed 4216965, designed",47,2,82,"D 2,3 -> 5,10",82,True,0.0,4217453.0,1,False,0.07097966094101432,2.21,12652365.0
"Fixed 4216965, designed",47,3,16,"D 0,1 -> 4,5",16,True,0.0,4217468.0,1,False,0.043058354726236335,2.2,16869833.0
"Fixed 4216965, designed",47,4,76,"D 2,3 -> 4,5",76,True,0.0,4217470.0,1,False,0.03968993935565744,2.2,21087303.0
"Fixed 4216965, designed",48,0,91,"D 2,3 -> 10,11",91,True,0.0,4217458.0,1,False,0.2478529100059243,2.23,4217458.0
"Fixed 4216965, designed",48,1,82,"D 2,3 -> 5,10",79,True,0.0,4217454.0,1,False,0.07383707841178924,2.2,8434912.0
"Fixed 4216965, designed",48,2,79,"D 2,3 -> 4,11",79,True,0.0,4217447.0,1,False,0.07097966094101434,2.21,12652359.0
"Fixed 4216965, designed",48,3,16,"D 0,1 -> 4,5",16,True,0.0,4217468.0,1,False,0.043058354726236335,2.25,16869827.0
"Fixed 4216965, designed",48,4,28,"D 0,1 -> 8,9",76,False,0.5136701353531437,4217470.0,1,False,0.03968993946870195,2.26,21087297.0
"Fixed 4216965, designed",48,5,88,"D 2,3 -> 8,9",76,False,0.02719622614173378,4217469.0,1,False,0.03969063248023106,2.21,25304766.0
"Fixed 4216965, designed",49,0,91,"D 2,3 -> 10,11",91,True,0.0,4217458.0,1,False,0.2478529100059243,2.19,4217458.0
"Fixed 4216965, designed",49,1,79,"D 2,3 -> 4,11",79,True,0.0,4217454.0,1,False,0.07383707841178924,2.19,8434912.0
"Fixed 4216965, designed",49,2,16,"D 0,1 -> 4,5",82,False,0.39162896060607466,4217453.0,1,False,0.07097966094101432,2.18,12652365.0
"Fixed 4216965, designed",49,3,82,"D 2,3 -> 5,10",82,True,0.0,4217456.0,1,False,0.07097825301354135,2.18,16869821.0
"Fixed 4216965, designed",49,4,88,"D 2,3 -> 8,9",76,False,0.026036631650530828,4217471.0,1,False,0.03968998879145605,2.22,21087292.0
"Fixed 4216965, designed",50,0,91,"D 2,3 -> 10,11",91,True,0.0,4217458.0,1,False,0.2478529100059243,2.25,4217458.0
"Fixed 4216965, designed",50,1,82,"D 2,3 -> 5,10",79,True,0.0,4217454.0,1,False,0.07383707841178924,2.23,8434912.0
"Fixed 4216965, designed",50,2,79,"D 2,3 -> 4,11",79,True,0.0,4217447.0,1,False,0.07097966094101434,2.26,12652359.0
"Fixed 4216965, designed",50,3,16,"D 0,1 -> 4,5",16,True,0.0,4217468.0,1,False,0.043058354726236335,2.25,16869827.0
"Fixed 4216965, designed",50,4,83,"D 2,3 -> 6,7",76,False,0.026035206505117148,4217470.0,1,False,0.03968993946870195,2.21,21087297.0
"Fixed 4216965, designed",51,0,91,"D 2,3 -> 10,11",91,True,0.0,4217458.0,1,False,0.2478529100059243,2.15,4217458.0
"Fixed 4216965, designed",51,1,82,"D 2,3 -> 5,10",79,True,0.0,4217454.0,1,False,0.07383707841178924,2.14,8434912.0
"Fixed 4216965, designed",51,2,79,"D 2,3 -> 4,11",79,True,0.0,4217447.0,1,False,0.07097966094101434,2.15,12652359.0
"Fixed 4216965, designed",51,3,76,"D 2,3 -> 4,5",16,False,0.075710847846854,4217468.0,1,False,0.043058354726236335,2.17,16869827.0
"Fixed 4216965, designed",51,4,16,"D 0,1 -> 4,5",16,True,0.0,4217483.0,1,False,0.04225324628586743,2.21,21087310.0
"Fixed 4216965, designed",52,0,91,"D 2,3 -> 10,11",91,True,0.0,4217458.0,1,False,0.2478529100059243,2.16,4217458.0
"Fixed 4216965, designed",52,1,79,"D 2,3 -> 4,11",79,True,0.0,4217454.0,1,False,0.07383707841178924,2.21,8434912.0
"Fixed 4216965, designed",52,2,82,"D 2,3 -> 5,10",82,True,0.0,4217453.0,1,False,0.07097966094101432,2.2,12652365.0
"Fixed 4216965, designed",52,3,83,"D 2,3 -> 6,7",16,False,0.10224062586699112,4217468.0,1,False,0.043058354726236335,2.19,16869833.0
"Fixed 4216965, designed",52,4,45,"D 0,3 -> 6,7",16,False,0.6884218610657726,4217459.0,1,False,0.04306434175333308,2.17,21087292.0
"Fixed 4216965, designed",52,5,76,"D 2,3 -> 4,5",16,False,0.13518295328421448,4217465.0,1,False,0.0430639523649854,2.16,25304757.0
"Fixed 4216965, designed",53,0,91,"D 2,3 -> 10,11",91,True,0.0,4217458.0,1,False,0.2478529100059243,2.21,4217458.0
"Fixed 4216965, designed",53,1,79,"D 2,3 -> 4,11",79,True,0.0,4217454.0,1,False,0.07383707841178924,2.26,8434912.0
"Fixed 4216965, designed",53,2,82,"D 2,3 -> 5,10",82,True,0.0,4217453.0,1,False,0.07097966094101432,2.24,12652365.0
"Fixed 4216965, designed",53,3,16,"D 0,1 -> 4,5",16,True,0.0,4217468.0,1,False,0.043058354726236335,2.23,16869833.0
"Fixed 4216965, designed",53,4,83,"D 2,3 -> 6,7",76,False,0.02603520344361976,4217470.0,1,False,0.03968993935565744,2.28,21087303.0
"Fixed 4216965, designed",54,0,91,"D 2,3 -> 10,11",91,True,0.0,4217458.0,1,False,0.2478529100059243,2.24,4217458.0
"Fixed 4216965, designed",54,1,79,"D 2,3 -> 4,11",79,True,0.0,4217454.0,1,False,0.07383707841178924,2.26,8434912.0
"Fixed 4216965, designed",54,2,82,"D 2,3 -> 5,10",82,True,0.0,4217453.0,1,False,0.07097966094101432,2.22,12652365.0
"Fixed 4216965, designed",54,3,76,"D 2,3 -> 4,5",16,False,0.07571084784685433,4217468.0,1,False,0.043058354726236335,2.21,16869833.0
"Fixed 4216965, designed",54,4,16,"D 0,1 -> 4,5",16,True,0.0,4217483.0,1,False,0.04225324624597231,2.19,21087316.0
"Fixed 4216965, designed",55,0,91,"D 2,3 -> 10,11",91,True,0.0,4217458.0,1,False,0.2478529100059243,2.22,4217458.0
"Fixed 4216965, designed",55,1,82,"D 2,3 -> 5,10",79,True,0.0,4217454.0,1,False,0.07383707841178924,2.22,8434912.0
"Fixed 4216965, designed",55,2,79,"D 2,3 -> 4,11",79,True,0.0,4217447.0,1,False,0.07097966094101434,2.19,12652359.0
"Fixed 4216965, designed",55,3,16,"D 0,1 -> 4,5",16,True,0.0,4217468.0,1,False,0.043058354726236335,2.17,16869827.0
"Fixed 4216965, designed",55,4,76,"D 2,3 -> 4,5",76,True,0.0,4217470.0,1,False,0.03968993946870195,2.17,21087297.0
"Fixed 4216965, designed",56,0,91,"D 2,3 -> 10,11",91,True,0.0,4217458.0,1,False,0.2478529100059243,2.2,4217458.0
"Fixed 4216965, designed",56,1,82,"D 2,3 -> 5,10",79,True,0.0,4217454.0,1,False,0.07383707841178924,2.19,8434912.0
"Fixed 4216965, designed",56,2,79,"D 2,3 -> 4,11",79,True,0.0,4217447.0,1,False,0.07097966094101434,2.17,12652359.0
"Fixed 4216965, designed",56,3,16,"D 0,1 -> 4,5",16,True,0.0,4217468.0,1,False,0.043058354726236335,2.17,16869827.0
"Fixed 4216965, designed",56,4,83,"D 2,3 -> 6,7",76,False,0.026035206505117148,4217470.0,1,False,0.03968993946870195,2.17,21087297.0
"Fixed 4216965, designed",57,0,91,"D 2,3 -> 10,11",91,True,0.0,4217458.0,1,False,0.2478529100059243,2.19,4217458.0
"Fixed 4216965, designed",57,1,82,"D 2,3 -> 5,10",79,True,0.0,4217454.0,1,False,0.07383707841178924,2.2,8434912.0
"Fixed 4216965, designed",57,2,79,"D 2,3 -> 4,11",79,True,0.0,4217447.0,1,False,0.07097966094101434,2.17,12652359.0
"Fixed 4216965, designed",57,3,76,"D 2,3 -> 4,5",16,False,0.075710847846854,4217468.0,1,False,0.043058354726236335,2.17,16869827.0
"Fixed 4216965, designed",57,4,16,"D 0,1 -> 4,5",16,True,0.0,4217483.0,1,False,0.04225324628586743,2.17,21087310.0
"Fixed 4216965, designed",58,0,91,"D 2,3 -> 10,11",91,True,0.0,4217458.0,1,False,0.2478529100059243,2.26,4217458.0
"Fixed 4216965, designed",58,1,79,"D 2,3 -> 4,11",79,True,0.0,4217454.0,1,False,0.07383707841178924,2.25,8434912.0
"Fixed 4216965, designed",58,2,82,"D 2,3 -> 5,10",82,True,0.0,4217453.0,1,False,0.07097966094101432,2.27,12652365.0
"Fixed 4216965, designed",58,3,83,"D 2,3 -> 6,7",16,False,0.10224062586699112,4217468.0,1,False,0.043058354726236335,2.14,16869833.0
"Fixed 4216965, designed",58,4,16,"D 0,1 -> 4,5",16,True,0.0,4217459.0,1,False,0.04306434175333308,2.13,21087292.0
"Fixed 4216965, designed",59,0,91,"D 2,3 -> 10,11",91,True,0.0,4217458.0,1,False,0.2478529100059243,2.19,4217458.0
"Fixed 4216965, designed",59,1,79,"D 2,3 -> 4,11",79,True,0.0,4217454.0,1,False,0.07383707841178924,2.22,8434912.0
"Fixed 4216965, designed",59,2,82,"D 2,3 -> 5,10",82,True,0.0,4217453.0,1,False,0.07097966094101432,2.22,12652365.0
"Fixed 4216965, designed",59,3,83,"D 2,3 -> 6,7",16,False,0.10224062586699112,4217468.0,1,False,0.043058354726236335,2.18,16869833.0
"Fixed 4216965, designed",59,4,16,"D 0,1 -> 4,5",16,True,0.0,4217459.0,1,False,0.04306434175333308,2.18,21087292.0
"Fixed 4216965, pilot",0,0,91,"D 2,3 -> 10,11",91,True,0.0,4217446.0,1,False,0.2478529100059243,8.79,4217446.0
"Fixed 4216965, pilot",0,1,79,"D 2,3 -> 4,11",79,True,0.0,4217463.0,1,False,0.07383707841178924,8.76,8434909.0
"Fixed 4216965, pilot",0,2,82,"D 2,3 -> 5,10",82,True,0.0,4217444.0,1,False,0.07097966094101432,8.62,12652353.0
"Fixed 4216965, pilot",0,3,83,"D 2,3 -> 6,7",16,False,0.10224062586699112,4217453.0,1,False,0.043058354726236335,8.71,16869806.0
"Fixed 4216965, pilot",0,4,23,"D 0,1 -> 6,7",16,False,0.5602970292684969,4217462.0,1,False,0.04306434175333308,8.55,21087268.0
"Fixed 4216965, pilot",0,5,41,"D 0,3 -> 4,11",16,False,0.9655273039783988,4217454.0,1,False,0.0429233502641335,8.62,25304722.0
"Fixed 4216965, pilot",0,6,2,S 0 -> 8,16,False,1.0,4217453.0,1,False,0.042920952214586965,8.67,29522175.0
"Fixed 4216965, pilot",0,7,88,"D 2,3 -> 8,9",16,False,0.12077099281982506,4217455.0,1,False,0.042920952214586965,8.68,33739630.0
"Fixed 4216965, pilot",1,0,91,"D 2,3 -> 10,11",91,True,0.0,4217449.0,1,False,0.2478529100059243,8.67,4217449.0
"Fixed 4216965, pilot",1,1,79,"D 2,3 -> 4,11",79,True,0.0,4217446.0,1,False,0.07383707841178924,8.74,8434895.0
"Fixed 4216965, pilot",1,2,82,"D 2,3 -> 5,10",82,True,0.0,4217462.0,1,False,0.07097966094101432,8.42,12652357.0
"Fixed 4216965, pilot",1,3,32,"D 0,2 -> 4,6",16,False,1.0,4217454.0,1,False,0.043058354726236335,8.71,16869811.0
"Fixed 4216965, pilot",1,4,16,"D 0,1 -> 4,5",16,True,0.0,4217457.0,1,False,0.043058354726236335,8.74,21087268.0
"Fixed 4216965, pilot",1,5,83,"D 2,3 -> 6,7",76,False,0.02603520344361976,4217442.0,1,False,0.03968993935565744,8.63,25304710.0
"Fixed 4216965, pilot",2,0,91,"D 2,3 -> 10,11",91,True,0.0,4217449.0,1,False,0.2478529100059243,8.89,4217449.0
"Fixed 4216965, pilot",2,1,82,"D 2,3 -> 5,10",79,True,0.0,4217439.0,1,False,0.07383707841178924,8.56,8434888.0
"Fixed 4216965, pilot",2,2,79,"D 2,3 -> 4,11",79,True,0.0,4217457.0,1,False,0.07097966094101434,8.59,12652345.0
"Fixed 4216965, pilot",2,3,16,"D 0,1 -> 4,5",16,True,0.0,4217455.0,1,False,0.043058354726236335,8.6,16869800.0
"Fixed 4216965, pilot",2,4,38,"D 0,3 -> 4,5",76,False,0.953828851877476,4217461.0,1,False,0.03968993946870195,8.66,21087261.0
"Fixed 4216965, pilot",2,5,83,"D 2,3 -> 6,7",76,False,0.02550067213355567,4217451.0,1,False,0.03966800271790884,8.65,25304712.0
"Fixed 4216965, pilot",3,0,91,"D 2,3 -> 10,11",91,True,0.0,4217442.0,1,False,0.2478529100059243,8.88,4217442.0
"Fixed 4216965, pilot",3,1,82,"D 2,3 -> 5,10",79,True,0.0,4217456.0,1,False,0.07383707841178924,8.61,8434898.0
"Fixed 4216965, pilot",3,2,79,"D 2,3 -> 4,11",79,True,0.0,4217454.0,1,False,0.07097966094101434,8.66,12652352.0
"Fixed 4216965, pilot",3,3,16,"D 0,1 -> 4,5",16,True,0.0,4217421.0,1,False,0.043058354726236335,8.58,16869773.0
"Fixed 4216965, pilot",3,4,83,"D 2,3 -> 6,7",76,False,0.026035206505117148,4217468.0,1,False,0.03968993946870195,8.56,21087241.0
"Fixed 4216965, pilot",4,0,91,"D 2,3 -> 10,11",91,True,0.0,4217461.0,1,False,0.2478529100059243,8.82,4217461.0
"Fixed 4216965, pilot",4,1,79,"D 2,3 -> 4,11",79,True,0.0,4217463.0,1,False,0.07383707841178924,8.62,8434924.0
"Fixed 4216965, pilot",4,2,82,"D 2,3 -> 5,10",82,True,0.0,4217454.0,1,False,0.07097966094101432,8.67,12652378.0
"Fixed 4216965, pilot",4,3,83,"D 2,3 -> 6,7",16,False,0.10224062586699112,4217459.0,1,False,0.043058354726236335,8.65,16869837.0
"Fixed 4216965, pilot",4,4,76,"D 2,3 -> 4,5",16,False,0.13537336786709275,4217444.0,1,False,0.04306434175333308,8.75,21087281.0
"Fixed 4216965, pilot",5,0,91,"D 2,3 -> 10,11",91,True,0.0,4217454.0,1,False,0.2478529100059243,8.76,4217454.0
"Fixed 4216965, pilot",5,1,82,"D 2,3 -> 5,10",79,True,0.0,4217454.0,1,False,0.07383707841178924,8.76,8434908.0
"Fixed 4216965, pilot",5,2,79,"D 2,3 -> 4,11",79,True,0.0,4217452.0,1,False,0.07097966094101434,8.71,12652360.0
"Fixed 4216965, pilot",5,3,16,"D 0,1 -> 4,5",16,True,0.0,4217449.0,1,False,0.043058354726236335,8.66,16869809.0
"Fixed 4216965, pilot",5,4,76,"D 2,3 -> 4,5",76,True,0.0,4217457.0,1,False,0.03968993946870195,8.62,21087266.0
"Fixed 4216965, pilot",6,0,91,"D 2,3 -> 10,11",91,True,0.0,4217436.0,1,False,0.2478529100059243,8.79,4217436.0
"Fixed 4216965, pilot",6,1,82,"D 2,3 -> 5,10",79,True,0.0,4217455.0,1,False,0.07383707841178924,8.76,8434891.0
"Fixed 4216965, pilot",6,2,79,"D 2,3 -> 4,11",79,True,0.0,4217444.0,1,False,0.07097966094101434,8.72,12652335.0
"Fixed 4216965, pilot",6,3,38,"D 0,3 -> 4,5",16,False,0.9740413195215878,4217464.0,1,False,0.043058354726236335,8.7,16869799.0
"Fixed 4216965, pilot",6,4,16,"D 0,1 -> 4,5",16,True,0.0,4217452.0,1,False,0.04310163112986968,8.6,21087251.0
"Fixed 4216965, pilot",6,5,23,"D 0,1 -> 6,7",76,False,0.5134153365037515,4217448.0,1,False,0.039668017064056885,8.63,25304699.0
"Fixed 4216965, pilot",6,6,76,"D 2,3 -> 4,5",76,True,0.0,4217465.0,1,False,0.039668723168356984,8.71,29522164.0
"Fixed 4216965, pilot",7,0,91,"D 2,3 -> 10,11",91,True,0.0,4217461.0,1,False,0.2478529100059243,8.78,4217461.0
"Fixed 4216965, pilot",7,1,82,"D 2,3 -> 5,10",79,True,0.0,4217443.0,1,False,0.07383707841178924,8.67,8434904.0
"Fixed 4216965, pilot",7,2,79,"D 2,3 -> 4,11",79,True,0.0,4217459.0,1,False,0.07097966094101434,8.56,12652363.0
"Fixed 4216965, pilot",7,3,76,"D 2,3 -> 4,5",16,False,0.075710847846854,4217457.0,1,False,0.043058354726236335,8.66,16869820.0
"Fixed 4216965, pilot",7,4,71,"D 1,3 -> 5,9",16,False,1.0,4217455.0,1,False,0.04225324628586743,8.64,21087275.0
"Fixed 4216965, pilot",7,5,16,"D 0,1 -> 4,5",16,True,0.0,4217452.0,1,False,0.04225324628586743,8.57,25304727.0
"Fixed 4216965, pilot",8,0,91,"D 2,3 -> 10,11",91,True,0.0,4217451.0,1,False,0.2478529100059243,8.68,4217451.0
"Fixed 4216965, pilot",8,1,79,"D 2,3 -> 4,11",79,True,0.0,4217446.0,1,False,0.07383707841178924,8.67,8434897.0
"Fixed 4216965, pilot",8,2,82,"D 2,3 -> 5,10",82,True,0.0,4217458.0,1,False,0.07097966094101432,8.39,12652355.0
"Fixed 4216965, pilot",8,3,16,"D 0,1 -> 4,5",16,True,0.0,4217460.0,1,False,0.043058354726236335,8.55,16869815.0
"Fixed 4216965, pilot",8,4,76,"D 2,3 -> 4,5",76,True,0.0,4217449.0,1,False,0.03968993935565744,8.54,21087264.0
"Fixed 4216965, pilot",9,0,91,"D 2,3 -> 10,11",91,True,0.0,4217447.0,1,False,0.2478529100059243,8.8,4217447.0
"Fixed 4216965, pilot",9,1,82,"D 2,3 -> 5,10",79,True,0.0,4217451.0,1,False,0.07383707841178924,8.68,8434898.0
"Fixed 4216965, pilot",9,2,79,"D 2,3 -> 4,11",79,True,0.0,4217450.0,1,False,0.07097966094101434,8.57,12652348.0
"Fixed 4216965, pilot",9,3,16,"D 0,1 -> 4,5",16,True,0.0,4217456.0,1,False,0.043058354726236335,8.76,16869804.0
"Fixed 4216965, pilot",9,4,76,"D 2,3 -> 4,5",76,True,0.0,4217462.0,1,False,0.03968993946870195,8.53,21087266.0
"Fixed 4216965, pilot",10,0,91,"D 2,3 -> 10,11",91,True,0.0,4217469.0,1,False,0.2478529100059243,8.78,4217469.0
"Fixed 4216965, pilot",10,1,79,"D 2,3 -> 4,11",79,True,0.0,4217465.0,1,False,0.07383707841178924,8.76,8434934.0
"Fixed 4216965, pilot",10,2,82,"D 2,3 -> 5,10",82,True,0.0,4217453.0,1,False,0.07097966094101432,8.61,12652387.0
"Fixed 4216965, pilot",10,3,16,"D 0,1 -> 4,5",16,True,0.0,4217462.0,1,False,0.043058354726236335,8.83,16869849.0
"Fixed 4216965, pilot",10,4,83,"D 2,3 -> 6,7",76,False,0.02603520344361976,4217454.0,1,False,0.03968993935565744,8.69,21087303.0
"Fixed 4216965, pilot",11,0,91,"D 2,3 -> 10,11",91,True,0.0,4217449.0,1,False,0.2478529100059243,8.82,4217449.0
"Fixed 4216965, pilot",11,1,79,"D 2,3 -> 4,11",79,True,0.0,4217444.0,1,False,0.07383707841178924,8.63,8434893.0
"Fixed 4216965, pilot",11,2,82,"D 2,3 -> 5,10",82,True,0.0,4217434.0,1,False,0.07097966094101432,8.65,12652327.0
"Fixed 4216965, pilot",11,3,66,"D 1,2 -> 8,9",16,False,0.6587334143054635,4217439.0,1,False,0.043058354726236335,8.78,16869766.0
"Fixed 4216965, pilot",11,4,76,"D 2,3 -> 4,5",16,False,0.07572254265506295,4217458.0,1,False,0.04305794602911997,8.65,21087224.0
"Fixed 4216965, pilot",12,0,91,"D 2,3 -> 10,11",91,True,0.0,4217462.0,1,False,0.2478529100059243,8.41,4217462.0
"Fixed 4216965, pilot",12,1,79,"D 2,3 -> 4,11",79,True,0.0,4217455.0,1,False,0.07383707841178924,8.51,8434917.0
"Fixed 4216965, pilot",12,2,82,"D 2,3 -> 5,10",82,True,0.0,4217467.0,1,False,0.07097966094101432,8.58,12652384.0
"Fixed 4216965, pilot",12,3,76,"D 2,3 -> 4,5",16,False,0.07571084784685433,4217472.0,1,False,0.043058354726236335,8.53,16869856.0
"Fixed 4216965, pilot",12,4,28,"D 0,1 -> 8,9",16,False,0.5352838595174432,4217449.0,1,False,0.04225324624597231,8.48,21087305.0
"Fixed 4216965, pilot",13,0,91,"D 2,3 -> 10,11",91,True,0.0,4217445.0,1,False,0.2478529100059243,8.62,4217445.0
"Fixed 4216965, pilot",13,1,82,"D 2,3 -> 5,10",79,True,0.0,4217441.0,1,False,0.07383707841178924,8.65,8434886.0
"Fixed 4216965, pilot",13,2,79,"D 2,3 -> 4,11",79,True,0.0,4217455.0,1,False,0.07097966094101434,8.53,12652341.0
"Fixed 4216965, pilot",13,3,28,"D 0,1 -> 8,9",16,False,0.5439731582144531,4217444.0,1,False,0.043058354726236335,8.56,16869785.0
"Fixed 4216965, pilot",13,4,16,"D 0,1 -> 4,5",16,True,0.0,4217454.0,1,False,0.04291030426323257,8.42,21087239.0
"Fixed 4216965, pilot",13,5,76,"D 2,3 -> 4,5",76,True,0.0,4217440.0,1,False,0.03969063613274089,8.72,25304679.0
"Fixed 4216965, pilot",14,0,91,"D 2,3 -> 10,11",91,True,0.0,4217459.0,1,False,0.2478529100059243,8.49,4217459.0
"Fixed 4216965, pilot",14,1,79,"D 2,3 -> 4,11",79,True,0.0,4217452.0,1,False,0.07383707841178924,8.59,8434911.0
"Fixed 4216965, pilot",14,2,82,"D 2,3 -> 5,10",82,True,0.0,4217450.0,1,False,0.07097966094101432,8.57,12652361.0
"Fixed 4216965, pilot",14,3,28,"D 0,1 -> 8,9",16,False,0.5439731582144531,4217475.0,1,False,0.043058354726236335,8.53,16869836.0
"Fixed 4216965, pilot",14,4,16,"D 0,1 -> 4,5",16,True,0.0,4217431.0,1,False,0.042910304263232564,8.54,21087267.0
"Fixed 4216965, pilot",14,5,88,"D 2,3 -> 8,9",76,False,0.0271963301222945,4217454.0,1,False,0.039690636132328316,8.8,25304721.0
"Fixed 4216965, pilot",15,0,91,"D 2,3 -> 10,11",91,True,0.0,4217449.0,1,False,0.2478529100059243,8.5,4217449.0
"Fixed 4216965, pilot",15,1,82,"D 2,3 -> 5,10",79,True,0.0,4217448.0,1,False,0.07383707841178924,8.72,8434897.0
"Fixed 4216965, pilot",15,2,16,"D 0,1 -> 4,5",79,False,0.39162896060607466,4217438.0,1,False,0.07097966094101434,8.65,12652335.0
"Fixed 4216965, pilot",15,3,79,"D 2,3 -> 4,11",79,True,0.0,4217455.0,1,False,0.07097825301354137,8.6,16869790.0
"Fixed 4216965, pilot",15,4,83,"D 2,3 -> 6,7",76,False,0.026036631650530495,4217452.0,1,False,0.039689988791456035,8.51,21087242.0
"Fixed 4216965, pilot",16,0,91,"D 2,3 -> 10,11",91,True,0.0,4217450.0,1,False,0.2478529100059243,8.66,4217450.0
"Fixed 4216965, pilot",16,1,79,"D 2,3 -> 4,11",79,True,0.0,4217454.0,1,False,0.07383707841178924,8.71,8434904.0
"Fixed 4216965, pilot",16,2,82,"D 2,3 -> 5,10",82,True,0.0,4217475.0,1,False,0.07097966094101432,8.63,12652379.0
"Fixed 4216965, pilot",16,3,16,"D 0,1 -> 4,5",16,True,0.0,4217460.0,1,False,0.043058354726236335,8.67,16869839.0
"Fixed 4216965, pilot",16,4,76,"D 2,3 -> 4,5",76,True,0.0,4217453.0,1,False,0.03968993935565744,8.59,21087292.0
"Fixed 4216965, pilot",17,0,91,"D 2,3 -> 10,11",91,True,0.0,4217461.0,1,False,0.2478529100059243,8.63,4217461.0
"Fixed 4216965, pilot",17,1,82,"D 2,3 -> 5,10",79,True,0.0,4217459.0,1,False,0.07383707841178924,8.56,8434920.0
"Fixed 4216965, pilot",17,2,79,"D 2,3 -> 4,11",79,True,0.0,4217451.0,1,False,0.07097966094101434,8.57,12652371.0
"Fixed 4216965, pilot",17,3,16,"D 0,1 -> 4,5",16,True,0.0,4217432.0,1,False,0.043058354726236335,8.57,16869803.0
"Fixed 4216965, pilot",17,4,88,"D 2,3 -> 8,9",76,False,0.026035206505116926,4217439.0,1,False,0.03968993946870195,8.6,21087242.0
"Fixed 4216965, pilot",18,0,91,"D 2,3 -> 10,11",91,True,0.0,4217465.0,1,False,0.2478529100059243,8.59,4217465.0
"Fixed 4216965, pilot",18,1,79,"D 2,3 -> 4,11",79,True,0.0,4217467.0,1,False,0.07383707841178924,8.6,8434932.0
"Fixed 4216965, pilot",18,2,82,"D 2,3 -> 5,10",82,True,0.0,4217449.0,1,False,0.07097966094101432,8.58,12652381.0
"Fixed 4216965, pilot",18,3,16,"D 0,1 -> 4,5",16,True,0.0,4217458.0,1,False,0.043058354726236335,8.65,16869839.0
"Fixed 4216965, pilot",18,4,83,"D 2,3 -> 6,7",76,False,0.02603520344361976,4217447.0,1,False,0.03968993935565744,8.51,21087286.0
"Fixed 4216965, pilot",19,0,91,"D 2,3 -> 10,11",91,True,0.0,4217457.0,1,False,0.2478529100059243,8.73,4217457.0
"Fixed 4216965, pilot",19,1,79,"D 2,3 -> 4,11",79,True,0.0,4217449.0,1,False,0.07383707841178924,8.66,8434906.0
"Fixed 4216965, pilot",19,2,82,"D 2,3 -> 5,10",82,True,0.0,4217450.0,1,False,0.07097966094101432,8.59,12652356.0
"Fixed 4216965, pilot",19,3,16,"D 0,1 -> 4,5",16,True,0.0,4217449.0,1,False,0.043058354726236335,8.65,16869805.0
"Fixed 4216965, pilot",19,4,76,"D 2,3 -> 4,5",76,True,0.0,4217436.0,1,False,0.03968993935565744,8.73,21087241.0
"Fixed 4216965, pilot",20,0,91,"D 2,3 -> 10,11",91,True,0.0,4217467.0,1,False,0.2478529100059243,8.69,4217467.0
"Fixed 4216965, pilot",20,1,79,"D 2,3 -> 4,11",79,True,0.0,4217444.0,1,False,0.07383707841178924,8.63,8434911.0
"Fixed 4216965, pilot",20,2,82,"D 2,3 -> 5,10",82,True,0.0,4217449.0,1,False,0.07097966094101432,8.66,12652360.0
"Fixed 4216965, pilot",20,3,22,"D 0,1 -> 5,10",16,False,0.9282668362836058,4217452.0,1,False,0.043058354726236335,8.58,16869812.0
"Fixed 4216965, pilot",20,4,16,"D 0,1 -> 4,5",16,True,0.0,4217452.0,1,False,0.043072412368067844,8.72,21087264.0
"Fixed 4216965, pilot",20,5,45,"D 0,3 -> 6,7",76,False,0.629766049888058,4217454.0,1,False,0.03968887234938612,8.82,25304718.0
"Fixed 4216965, pilot",20,6,23,"D 0,1 -> 6,7",76,False,0.49883426891437943,4217460.0,1,False,0.039687974366866025,8.75,29522178.0
"Fixed 4216965, pilot",20,7,76,"D 2,3 -> 4,5",76,True,0.0,4217447.0,1,False,0.039688681518919036,8.87,33739625.0
"Fixed 4216965, pilot",21,0,91,"D 2,3 -> 10,11",91,True,0.0,4217455.0,1,False,0.2478529100059243,8.64,4217455.0
"Fixed 4216965, pilot",21,1,82,"D 2,3 -> 5,10",79,True,0.0,4217459.0,1,False,0.07383707841178924,8.55,8434914.0
"Fixed 4216965, pilot",21,2,79,"D 2,3 -> 4,11",79,True,0.0,4217457.0,1,False,0.07097966094101434,8.66,12652371.0
"Fixed 4216965, pilot",21,3,16,"D 0,1 -> 4,5",16,True,0.0,4217445.0,1,False,0.043058354726236335,8.51,16869816.0
"Fixed 4216965, pilot",21,4,76,"D 2,3 -> 4,5",76,True,0.0,4217468.0,1,False,0.03968993946870195,8.72,21087284.0
"Fixed 4216965, pilot",22,0,91,"D 2,3 -> 10,11",91,True,0.0,4217452.0,1,False,0.2478529100059243,8.74,4217452.0
"Fixed 4216965, pilot",22,1,82,"D 2,3 -> 5,10",79,True,0.0,4217451.0,1,False,0.07383707841178924,8.61,8434903.0
"Fixed 4216965, pilot",22,2,79,"D 2,3 -> 4,11",79,True,0.0,4217461.0,1,False,0.07097966094101434,8.65,12652364.0
"Fixed 4216965, pilot",22,3,16,"D 0,1 -> 4,5",16,True,0.0,4217448.0,1,False,0.043058354726236335,8.73,16869812.0
"Fixed 4216965, pilot",22,4,88,"D 2,3 -> 8,9",76,False,0.026035206505116926,4217436.0,1,False,0.03968993946870195,8.8,21087248.0
"Fixed 4216965, pilot",23,0,91,"D 2,3 -> 10,11",91,True,0.0,4217455.0,1,False,0.2478529100059243,8.63,4217455.0
"Fixed 4216965, pilot",23,1,79,"D 2,3 -> 4,11",79,True,0.0,4217451.0,1,False,0.07383707841178924,8.68,8434906.0
"Fixed 4216965, pilot",23,2,82,"D 2,3 -> 5,10",82,True,0.0,4217452.0,1,False,0.07097966094101432,8.7,12652358.0
"Fixed 4216965, pilot",23,3,76,"D 2,3 -> 4,5",16,False,0.07571084784685433,4217470.0,1,False,0.043058354726236335,8.65,16869828.0
"Fixed 4216965, pilot",23,4,16,"D 0,1 -> 4,5",16,True,0.0,4217451.0,1,False,0.04225324624597231,8.79,21087279.0
"Fixed 4216965, pilot",24,0,91,"D 2,3 -> 10,11",91,True,0.0,4217441.0,1,False,0.2478529100059243,8.66,4217441.0
"Fixed 4216965, pilot",24,1,79,"D 2,3 -> 4,11",79,True,0.0,4217445.0,1,False,0.07383707841178924,8.63,8434886.0
"Fixed 4216965, pilot",24,2,82,"D 2,3 -> 5,10",82,True,0.0,4217458.0,1,False,0.07097966094101432,8.69,12652344.0
"Fixed 4216965, pilot",24,3,66,"D 1,2 -> 8,9",16,False,0.6587334143054635,4217463.0,1,False,0.043058354726236335,8.68,16869807.0
"Fixed 4216965, pilot",24,4,76,"D 2,3 -> 4,5",16,False,0.07572254265506295,4217450.0,1,False,0.04305794602911997,8.62,21087257.0
"Fixed 4216965, pilot",25,0,91,"D 2,3 -> 10,11",91,True,0.0,4217457.0,1,False,0.2478529100059243,8.73,4217457.0
"Fixed 4216965, pilot",25,1,79,"D 2,3 -> 4,11",79,True,0.0,4217466.0,1,False,0.07383707841178924,8.73,8434923.0
"Fixed 4216965, pilot",25,2,82,"D 2,3 -> 5,10",82,True,0.0,4217457.0,1,False,0.07097966094101432,8.83,12652380.0
"Fixed 4216965, pilot",25,3,16,"D 0,1 -> 4,5",16,True,0.0,4217464.0,1,False,0.043058354726236335,8.73,16869844.0
"Fixed 4216965, pilot",25,4,76,"D 2,3 -> 4,5",76,True,0.0,4217456.0,1,False,0.03968993935565744,8.65,21087300.0
"Fixed 4216965, pilot",26,0,91,"D 2,3 -> 10,11",91,True,0.0,4217455.0,1,False,0.2478529100059243,8.73,4217455.0
"Fixed 4216965, pilot",26,1,82,"D 2,3 -> 5,10",79,True,0.0,4217448.0,1,False,0.07383707841178924,8.8,8434903.0
"Fixed 4216965, pilot",26,2,79,"D 2,3 -> 4,11",79,True,0.0,4217460.0,1,False,0.07097966094101434,8.9,12652363.0
"Fixed 4216965, pilot",26,3,83,"D 2,3 -> 6,7",16,False,0.10224062586699112,4217458.0,1,False,0.043058354726236335,8.71,16869821.0
"Fixed 4216965, pilot",26,4,26,"D 0,1 -> 7,8",16,False,1.0,4217456.0,1,False,0.04306434175333308,8.73,21087277.0
"Fixed 4216965, pilot",26,5,16,"D 0,1 -> 4,5",16,True,0.0,4217446.0,1,False,0.04306434175333308,8.65,25304723.0
"Fixed 4216965, pilot",27,0,91,"D 2,3 -> 10,11",91,True,0.0,4217445.0,1,False,0.2478529100059243,8.7,4217445.0
"Fixed 4216965, pilot",27,1,82,"D 2,3 -> 5,10",79,True,0.0,4217464.0,1,False,0.07383707841178924,8.82,8434909.0
"Fixed 4216965, pilot",27,2,79,"D 2,3 -> 4,11",79,True,0.0,4217453.0,1,False,0.07097966094101434,8.79,12652362.0
"Fixed 4216965, pilot",27,3,83,"D 2,3 -> 6,7",16,False,0.10224062586699112,4217460.0,1,False,0.043058354726236335,8.7,16869822.0
"Fixed 4216965, pilot",27,4,16,"D 0,1 -> 4,5",16,True,0.0,4217453.0,1,False,0.04306434175333308,8.75,21087275.0
"Fixed 4216965, pilot",28,0,91,"D 2,3 -> 10,11",91,True,0.0,4217453.0,1,False,0.2478529100059243,8.69,4217453.0
"Fixed 4216965, pilot",28,1,82,"D 2,3 -> 5,10",79,True,0.0,4217453.0,1,False,0.07383707841178924,8.71,8434906.0
"Fixed 4216965, pilot",28,2,79,"D 2,3 -> 4,11",79,True,0.0,4217455.0,1,False,0.07097966094101434,8.71,12652361.0
"Fixed 4216965, pilot",28,3,16,"D 0,1 -> 4,5",16,True,0.0,4217471.0,1,False,0.043058354726236335,8.73,16869832.0
"Fixed 4216965, pilot",28,4,88,"D 2,3 -> 8,9",76,False,0.026035206505116926,4217450.0,1,False,0.03968993946870195,8.64,21087282.0
"Fixed 4216965, pilot",29,0,91,"D 2,3 -> 10,11",91,True,0.0,4217452.0,1,False,0.2478529100059243,8.7,4217452.0
"Fixed 4216965, pilot",29,1,82,"D 2,3 -> 5,10",79,True,0.0,4217453.0,1,False,0.07383707841178924,8.75,8434905.0
"Fixed 4216965, pilot",29,2,79,"D 2,3 -> 4,11",79,True,0.0,4217437.0,1,False,0.07097966094101434,8.7,12652342.0
"Fixed 4216965, pilot",29,3,16,"D 0,1 -> 4,5",16,True,0.0,4217448.0,1,False,0.043058354726236335,8.73,16869790.0
"Fixed 4216965, pilot",29,4,83,"D 2,3 -> 6,7",76,False,0.026035206505117148,4217465.0,1,False,0.03968993946870195,8.69,21087255.0
"Fixed 4216965, pilot",30,0,91,"D 2,3 -> 10,11",91,True,0.0,4217455.0,1,False,0.2478529100059243,8.66,4217455.0
"Fixed 4216965, pilot",30,1,79,"D 2,3 -> 4,11",79,True,0.0,4217453.0,1,False,0.07383707841178924,8.67,8434908.0
"Fixed 4216965, pilot",30,2,82,"D 2,3 -> 5,10",82,True,0.0,4217461.0,1,False,0.07097966094101432,8.64,12652369.0
"Fixed 4216965, pilot",30,3,16,"D 0,1 -> 4,5",16,True,0.0,4217451.0,1,False,0.043058354726236335,8.68,16869820.0
"Fixed 4216965, pilot",30,4,76,"D 2,3 -> 4,5",76,True,0.0,4217443.0,1,False,0.03968993935565744,8.64,21087263.0
"Fixed 4216965, pilot",31,0,91,"D 2,3 -> 10,11",91,True,0.0,4217451.0,1,False,0.2478529100059243,8.66,4217451.0
"Fixed 4216965, pilot",31,1,79,"D 2,3 -> 4,11",79,True,0.0,4217442.0,1,False,0.07383707841178924,8.73,8434893.0
"Fixed 4216965, pilot",31,2,82,"D 2,3 -> 5,10",82,True,0.0,4217445.0,1,False,0.07097966094101432,8.72,12652338.0
"Fixed 4216965, pilot",31,3,88,"D 2,3 -> 8,9",16,False,0.10224062586699079,4217449.0,1,False,0.043058354726236335,8.69,16869787.0
"Fixed 4216965, pilot",31,4,16,"D 0,1 -> 4,5",16,True,0.0,4217467.0,1,False,0.04306434175333308,8.6,21087254.0
"Fixed 4216965, pilot",32,0,91,"D 2,3 -> 10,11",91,True,0.0,4217438.0,1,False,0.2478529100059243,8.73,4217438.0
"Fixed 4216965, pilot",32,1,79,"D 2,3 -> 4,11",79,True,0.0,4217450.0,1,False,0.07383707841178924,8.83,8434888.0
"Fixed 4216965, pilot",32,2,82,"D 2,3 -> 5,10",82,True,0.0,4217466.0,1,False,0.07097966094101432,8.8,12652354.0
"Fixed 4216965, pilot",32,3,88,"D 2,3 -> 8,9",16,False,0.10224062586699079,4217443.0,1,False,0.043058354726236335,8.68,16869797.0
"Fixed 4216965, pilot",32,4,83,"D 2,3 -> 6,7",16,False,0.12374179669013574,4217450.0,1,False,0.04306434175333308,8.63,21087247.0
"Fixed 4216965, pilot",33,0,91,"D 2,3 -> 10,11",91,True,0.0,4217455.0,1,False,0.2478529100059243,8.75,4217455.0
"Fixed 4216965, pilot",33,1,82,"D 2,3 -> 5,10",79,True,0.0,4217440.0,1,False,0.07383707841178924,8.73,8434895.0
"Fixed 4216965, pilot",33,2,79,"D 2,3 -> 4,11",79,True,0.0,4217456.0,1,False,0.07097966094101434,8.74,12652351.0
"Fixed 4216965, pilot",33,3,88,"D 2,3 -> 8,9",16,False,0.10224062586699079,4217443.0,1,False,0.043058354726236335,8.71,16869794.0
"Fixed 4216965, pilot",33,4,76,"D 2,3 -> 4,5",16,False,0.13537336786709298,4217457.0,1,False,0.04306434175333308,8.81,21087251.0
"Fixed 4216965, pilot",34,0,91,"D 2,3 -> 10,11",91,True,0.0,4217447.0,1,False,0.2478529100059243,8.62,4217447.0
"Fixed 4216965, pilot",34,1,79,"D 2,3 -> 4,11",79,True,0.0,4217448.0,1,False,0.07383707841178924,8.64,8434895.0
"Fixed 4216965, pilot",34,2,82,"D 2,3 -> 5,10",82,True,0.0,4217460.0,1,False,0.07097966094101432,8.66,12652355.0
"Fixed 4216965, pilot",34,3,16,"D 0,1 -> 4,5",16,True,0.0,4217450.0,1,False,0.043058354726236335,8.69,16869805.0
"Fixed 4216965, pilot",34,4,45,"D 0,3 -> 6,7",76,False,0.6297761757174162,4217456.0,1,False,0.03968993935565744,8.65,21087261.0
"Fixed 4216965, pilot",34,5,83,"D 2,3 -> 6,7",76,False,0.029532966326148213,4217446.0,1,False,0.03968905976451377,8.46,25304707.0
"Fixed 4216965, pilot",35,0,91,"D 2,3 -> 10,11",91,True,0.0,4217451.0,1,False,0.2478529100059243,8.79,4217451.0
"Fixed 4216965, pilot",35,1,79,"D 2,3 -> 4,11",79,True,0.0,4217464.0,1,False,0.07383707841178924,8.65,8434915.0
"Fixed 4216965, pilot",35,2,82,"D 2,3 -> 5,10",82,True,0.0,4217456.0,1,False,0.07097966094101432,8.65,12652371.0
"Fixed 4216965, pilot",35,3,16,"D 0,1 -> 4,5",16,True,0.0,4217446.0,1,False,0.043058354726236335,8.79,16869817.0
"Fixed 4216965, pilot",35,4,83,"D 2,3 -> 6,7",76,False,0.02603520344361976,4217456.0,1,False,0.03968993935565744,8.68,21087273.0
"Fixed 4216965, pilot",36,0,91,"D 2,3 -> 10,11",91,True,0.0,4217466.0,1,False,0.2478529100059243,8.57,4217466.0
"Fixed 4216965, pilot",36,1,79,"D 2,3 -> 4,11",79,True,0.0,4217455.0,1,False,0.07383707841178924,8.68,8434921.0
"Fixed 4216965, pilot",36,2,82,"D 2,3 -> 5,10",82,True,0.0,4217443.0,1,False,0.07097966094101432,8.61,12652364.0
"Fixed 4216965, pilot",36,3,16,"D 0,1 -> 4,5",16,True,0.0,4217468.0,1,False,0.043058354726236335,8.54,16869832.0
"Fixed 4216965, pilot",36,4,83,"D 2,3 -> 6,7",76,False,0.02603520344361976,4217463.0,1,False,0.03968993935565744,8.59,21087295.0
"Fixed 4216965, pilot",37,0,91,"D 2,3 -> 10,11",91,True,0.0,4217450.0,1,False,0.2478529100059243,8.73,4217450.0
"Fixed 4216965, pilot",37,1,79,"D 2,3 -> 4,11",79,True,0.0,4217447.0,1,False,0.07383707841178924,8.64,8434897.0
"Fixed 4216965, pilot",37,2,82,"D 2,3 -> 5,10",82,True,0.0,4217452.0,1,False,0.07097966094101432,8.61,12652349.0
"Fixed 4216965, pilot",37,3,16,"D 0,1 -> 4,5",16,True,0.0,4217462.0,1,False,0.043058354726236335,8.68,16869811.0
"Fixed 4216965, pilot",37,4,45,"D 0,3 -> 6,7",76,False,0.6297761757174162,4217442.0,1,False,0.03968993935565744,8.58,21087253.0
"Fixed 4216965, pilot",37,5,88,"D 2,3 -> 8,9",76,False,0.02601745901708674,4217451.0,1,False,0.03968905976451377,8.43,25304704.0
"Fixed 4216965, pilot",38,0,91,"D 2,3 -> 10,11",91,True,0.0,4217463.0,1,False,0.2478529100059243,8.59,4217463.0
"Fixed 4216965, pilot",38,1,79,"D 2,3 -> 4,11",79,True,0.0,4217434.0,1,False,0.07383707841178924,8.67,8434897.0
"Fixed 4216965, pilot",38,2,82,"D 2,3 -> 5,10",82,True,0.0,4217449.0,1,False,0.07097966094101432,8.66,12652346.0
"Fixed 4216965, pilot",38,3,16,"D 0,1 -> 4,5",16,True,0.0,4217454.0,1,False,0.043058354726236335,8.53,16869800.0
"Fixed 4216965, pilot",38,4,31,"D 0,1 -> 10,11",76,False,0.6615600298959701,4217471.0,1,False,0.03968993935565744,8.56,21087271.0
"Fixed 4216965, pilot",38,5,76,"D 2,3 -> 4,5",76,True,0.0,4217446.0,1,False,0.03969721505366161,8.48,25304717.0
"Fixed 4216965, pilot",39,0,91,"D 2,3 -> 10,11",91,True,0.0,4217453.0,1,False,0.2478529100059243,8.68,4217453.0
"Fixed 4216965, pilot",39,1,82,"D 2,3 -> 5,10",79,True,0.0,4217450.0,1,False,0.07383707841178924,8.53,8434903.0
"Fixed 4216965, pilot",39,2,16,"D 0,1 -> 4,5",79,False,0.39162896060607466,4217447.0,1,False,0.07097966094101434,8.56,12652350.0
"Fixed 4216965, pilot",39,3,79,"D 2,3 -> 4,11",79,True,0.0,4217452.0,1,False,0.07097825301354137,8.55,16869802.0
"Fixed 4216965, pilot",39,4,16,"D 0,1 -> 4,5",76,False,0.9995476514735769,4217449.0,1,False,0.039689988791456035,8.5,21087251.0
"Fixed 4216965, pilot",39,5,76,"D 2,3 -> 4,5",76,True,0.0,4217453.0,1,False,0.03968886459479443,8.57,25304704.0
"Fixed 4216965, pilot",40,0,91,"D 2,3 -> 10,11",91,True,0.0,4217452.0,1,False,0.2478529100059243,8.59,4217452.0
"Fixed 4216965, pilot",40,1,82,"D 2,3 -> 5,10",79,True,0.0,4217437.0,1,False,0.07383707841178924,8.65,8434889.0
"Fixed 4216965, pilot",40,2,79,"D 2,3 -> 4,11",79,True,0.0,4217458.0,1,False,0.07097966094101434,8.66,12652347.0
"Fixed 4216965, pilot",40,3,16,"D 0,1 -> 4,5",16,True,0.0,4217445.0,1,False,0.043058354726236335,8.66,16869792.0
"Fixed 4216965, pilot",40,4,83,"D 2,3 -> 6,7",76,False,0.026035206505117148,4217459.0,1,False,0.03968993946870195,8.55,21087251.0
"Fixed 4216965, pilot",41,0,91,"D 2,3 -> 10,11",91,True,0.0,4217463.0,1,False,0.2478529100059243,8.6,4217463.0
"Fixed 4216965, pilot",41,1,79,"D 2,3 -> 4,11",79,True,0.0,4217451.0,1,False,0.07383707841178924,8.72,8434914.0
"Fixed 4216965, pilot",41,2,82,"D 2,3 -> 5,10",82,True,0.0,4217459.0,1,False,0.07097966094101432,8.56,12652373.0
"Fixed 4216965, pilot",41,3,83,"D 2,3 -> 6,7",16,False,0.10224062586699112,4217473.0,1,False,0.043058354726236335,8.5,16869846.0
"Fixed 4216965, pilot",41,4,16,"D 0,1 -> 4,5",16,True,0.0,4217455.0,1,False,0.04306434175333308,8.47,21087301.0
"Fixed 4216965, pilot",42,0,91,"D 2,3 -> 10,11",91,True,0.0,4217435.0,1,False,0.2478529100059243,8.58,4217435.0
"Fixed 4216965, pilot",42,1,82,"D 2,3 -> 5,10",79,True,0.0,4217444.0,1,False,0.07383707841178924,8.61,8434879.0
"Fixed 4216965, pilot",42,2,79,"D 2,3 -> 4,11",79,True,0.0,4217456.0,1,False,0.07097966094101434,8.68,12652335.0
"Fixed 4216965, pilot",42,3,23,"D 0,1 -> 6,7",16,False,0.5439731582144531,4217457.0,1,False,0.043058354726236335,8.65,16869792.0
"Fixed 4216965, pilot",42,4,16,"D 0,1 -> 4,5",16,True,0.0,4217454.0,1,False,0.042910304254232444,8.49,21087246.0
"Fixed 4216965, pilot",42,5,66,"D 1,2 -> 8,9",76,False,0.6297838076209512,4217456.0,1,False,0.03969063613248482,8.79,25304702.0
"Fixed 4216965, pilot",42,6,76,"D 2,3 -> 4,5",76,True,0.0,4217435.0,1,False,0.03968974418220131,8.77,29522137.0
"Fixed 4216965, pilot",43,0,91,"D 2,3 -> 10,11",91,True,0.0,4217453.0,1,False,0.2478529100059243,8.6,4217453.0
"Fixed 4216965, pilot",43,1,79,"D 2,3 -> 4,11",79,True,0.0,4217458.0,1,False,0.07383707841178924,8.69,8434911.0
"Fixed 4216965, pilot",43,2,82,"D 2,3 -> 5,10",82,True,0.0,4217460.0,1,False,0.07097966094101432,8.65,12652371.0
"Fixed 4216965, pilot",43,3,76,"D 2,3 -> 4,5",16,False,0.07571084784685433,4217451.0,1,False,0.043058354726236335,8.73,16869822.0
"Fixed 4216965, pilot",43,4,61,"D 1,2 -> 6,7",16,False,0.6527783152972184,4217467.0,1,False,0.04225324624597231,8.54,21087289.0
"Fixed 4216965, pilot",44,0,91,"D 2,3 -> 10,11",91,True,0.0,4217449.0,1,False,0.2478529100059243,8.74,4217449.0
"Fixed 4216965, pilot",44,1,82,"D 2,3 -> 5,10",79,True,0.0,4217468.0,1,False,0.07383707841178924,8.7,8434917.0
"Fixed 4216965, pilot",44,2,79,"D 2,3 -> 4,11",79,True,0.0,4217462.0,1,False,0.07097966094101434,8.83,12652379.0
"Fixed 4216965, pilot",44,3,83,"D 2,3 -> 6,7",16,False,0.10224062586699112,4217437.0,1,False,0.043058354726236335,8.67,16869816.0
"Fixed 4216965, pilot",44,4,28,"D 0,1 -> 8,9",16,False,0.5440365574200938,4217448.0,1,False,0.04306434175333308,8.5,21087264.0
"Fixed 4216965, pilot",44,5,23,"D 0,1 -> 6,7",16,False,0.560199917918566,4217443.0,1,False,0.042916262009818636,8.73,25304707.0
"Fixed 4216965, pilot",44,6,76,"D 2,3 -> 4,5",16,False,0.1294315567394807,4217450.0,1,False,0.04277616683780942,8.75,29522157.0
"Fixed 4216965, pilot",45,0,91,"D 2,3 -> 10,11",91,True,0.0,4217443.0,1,False,0.2478529100059243,8.59,4217443.0
"Fixed 4216965, pilot",45,1,79,"D 2,3 -> 4,11",79,True,0.0,4217456.0,1,False,0.07383707841178924,8.64,8434899.0
"Fixed 4216965, pilot",45,2,82,"D 2,3 -> 5,10",82,True,0.0,4217452.0,1,False,0.07097966094101432,8.59,12652351.0
"Fixed 4216965, pilot",45,3,88,"D 2,3 -> 8,9",16,False,0.10224062586699079,4217458.0,1,False,0.043058354726236335,8.58,16869809.0
"Fixed 4216965, pilot",45,4,2,S 0 -> 8,16,False,1.0,4217442.0,1,False,0.04306434175333308,8.72,21087251.0
"Fixed 4216965, pilot",45,5,16,"D 0,1 -> 4,5",16,True,0.0,4217467.0,1,False,0.04306434175333308,8.71,25304718.0
"Fixed 4216965, pilot",46,0,91,"D 2,3 -> 10,11",91,True,0.0,4217459.0,1,False,0.2478529100059243,8.59,4217459.0
"Fixed 4216965, pilot",46,1,79,"D 2,3 -> 4,11",79,True,0.0,4217451.0,1,False,0.07383707841178924,8.56,8434910.0
"Fixed 4216965, pilot",46,2,82,"D 2,3 -> 5,10",82,True,0.0,4217463.0,1,False,0.07097966094101432,8.77,12652373.0
"Fixed 4216965, pilot",46,3,20,"D 0,1 -> 5,6",16,False,1.0,4217459.0,1,False,0.043058354726236335,8.62,16869832.0
"Fixed 4216965, pilot",46,4,16,"D 0,1 -> 4,5",16,True,0.0,4217466.0,1,False,0.043058354726236335,8.84,21087298.0
"Fixed 4216965, pilot",46,5,88,"D 2,3 -> 8,9",76,False,0.026035203443619426,4217461.0,1,False,0.03968993935565744,8.81,25304759.0
"Fixed 4216965, pilot",47,0,91,"D 2,3 -> 10,11",91,True,0.0,4217439.0,1,False,0.2478529100059243,8.56,4217439.0
"Fixed 4216965, pilot",47,1,82,"D 2,3 -> 5,10",79,True,0.0,4217458.0,1,False,0.07383707841178924,8.61,8434897.0
"Fixed 4216965, pilot",47,2,79,"D 2,3 -> 4,11",79,True,0.0,4217482.0,1,False,0.07097966094101434,8.77,12652379.0
"Fixed 4216965, pilot",47,3,16,"D 0,1 -> 4,5",16,True,0.0,4217450.0,1,False,0.043058354726236335,8.67,16869829.0
"Fixed 4216965, pilot",47,4,83,"D 2,3 -> 6,7",76,False,0.026035206505117148,4217464.0,1,False,0.03968993946870195,8.86,21087293.0
"Fixed 4216965, pilot",48,0,91,"D 2,3 -> 10,11",91,True,0.0,4217469.0,1,False,0.2478529100059243,8.38,4217469.0
"Fixed 4216965, pilot",48,1,79,"D 2,3 -> 4,11",79,True,0.0,4217473.0,1,False,0.07383707841178924,8.62,8434942.0
"Fixed 4216965, pilot",48,2,82,"D 2,3 -> 5,10",82,True,0.0,4217444.0,1,False,0.07097966094101432,8.57,12652386.0
"Fixed 4216965, pilot",48,3,52,"D 0,3 -> 9,10",16,False,1.0,4217455.0,1,False,0.043058354726236335,8.74,16869841.0
"Fixed 4216965, pilot",48,4,31,"D 0,1 -> 10,11",16,False,0.6829678466604464,4217456.0,1,False,0.043058354726236335,8.78,21087297.0
"Fixed 4216965, pilot",48,5,16,"D 0,1 -> 4,5",16,True,0.0,4217437.0,1,False,0.04300600023093134,8.72,25304734.0
"Fixed 4216965, pilot",48,6,88,"D 2,3 -> 8,9",76,False,0.02611818743555272,4217452.0,1,False,0.039696530702994996,8.65,29522186.0
"Fixed 4216965, pilot",49,0,91,"D 2,3 -> 10,11",91,True,0.0,4217455.0,1,False,0.2478529100059243,8.82,4217455.0
"Fixed 4216965, pilot",49,1,82,"D 2,3 -> 5,10",79,True,0.0,4217465.0,1,False,0.07383707841178924,8.69,8434920.0
"Fixed 4216965, pilot",49,2,79,"D 2,3 -> 4,11",79,True,0.0,4217450.0,1,False,0.07097966094101434,8.81,12652370.0
"Fixed 4216965, pilot",49,3,76,"D 2,3 -> 4,5",16,False,0.075710847846854,4217462.0,1,False,0.043058354726236335,8.8,16869832.0
"Fixed 4216965, pilot",49,4,32,"D 0,2 -> 4,6",16,False,1.0,4217437.0,1,False,0.04225324628586743,8.89,21087269.0
"Fixed 4216965, pilot",49,5,88,"D 2,3 -> 8,9",16,False,0.1488325197977619,4217450.0,1,False,0.04225324628586743,8.7,25304719.0
"Fixed 4216965, pilot",50,0,91,"D 2,3 -> 10,11",91,True,0.0,4217445.0,1,False,0.2478529100059243,8.67,4217445.0
"Fixed 4216965, pilot",50,1,82,"D 2,3 -> 5,10",79,True,0.0,4217450.0,1,False,0.07383707841178924,8.58,8434895.0
"Fixed 4216965, pilot",50,2,79,"D 2,3 -> 4,11",79,True,0.0,4217460.0,1,False,0.07097966094101434,8.74,12652355.0
"Fixed 4216965, pilot",50,3,16,"D 0,1 -> 4,5",16,True,0.0,4217461.0,1,False,0.043058354726236335,8.75,16869816.0
"Fixed 4216965, pilot",50,4,83,"D 2,3 -> 6,7",76,False,0.026035206505117148,4217453.0,1,False,0.03968993946870195,8.81,21087269.0
"Fixed 4216965, pilot",51,0,91,"D 2,3 -> 10,11",91,True,0.0,4217451.0,1,False,0.2478529100059243,8.55,4217451.0
"Fixed 4216965, pilot",51,1,79,"D 2,3 -> 4,11",79,True,0.0,4217460.0,1,False,0.07383707841178924,8.53,8434911.0
"Fixed 4216965, pilot",51,2,82,"D 2,3 -> 5,10",82,True,0.0,4217444.0,1,False,0.07097966094101432,8.68,12652355.0
"Fixed 4216965, pilot",51,3,45,"D 0,3 -> 6,7",16,False,0.6587334143054635,4217442.0,1,False,0.043058354726236335,8.7,16869797.0
"Fixed 4216965, pilot",51,4,66,"D 1,2 -> 8,9",16,False,0.6587297849605894,4217453.0,1,False,0.04305794602912024,8.81,21087250.0
"Fixed 4216965, pilot",51,5,16,"D 0,1 -> 4,5",16,True,0.0,4217458.0,1,False,0.04305753734231543,8.71,25304708.0
"Fixed 4216965, pilot",51,6,83,"D 2,3 -> 6,7",76,False,0.029515085944702313,4217452.0,1,False,0.03968817981048229,8.63,29522160.0
"Fixed 4216965, pilot",52,0,91,"D 2,3 -> 10,11",91,True,0.0,4217434.0,1,False,0.2478529100059243,8.83,4217434.0
"Fixed 4216965, pilot",52,1,79,"D 2,3 -> 4,11",79,True,0.0,4217460.0,1,False,0.07383707841178924,8.6,8434894.0
"Fixed 4216965, pilot",52,2,82,"D 2,3 -> 5,10",82,True,0.0,4217452.0,1,False,0.07097966094101432,8.91,12652346.0
"Fixed 4216965, pilot",52,3,16,"D 0,1 -> 4,5",16,True,0.0,4217448.0,1,False,0.043058354726236335,8.86,16869794.0
"Fixed 4216965, pilot",52,4,28,"D 0,1 -> 8,9",76,False,0.51367013261951,4217470.0,1,False,0.03968993935565744,8.87,21087264.0
"Fixed 4216965, pilot",52,5,76,"D 2,3 -> 4,5",76,True,0.0,4217452.0,1,False,0.03969063181543925,8.74,25304716.0
"Fixed 4216965, pilot",53,0,91,"D 2,3 -> 10,11",91,True,0.0,4217452.0,1,False,0.2478529100059243,8.7,4217452.0
"Fixed 4216965, pilot",53,1,79,"D 2,3 -> 4,11",79,True,0.0,4217462.0,1,False,0.07383707841178924,8.73,8434914.0
"Fixed 4216965, pilot",53,2,82,"D 2,3 -> 5,10",82,True,0.0,4217453.0,1,False,0.07097966094101432,8.78,12652367.0
"Fixed 4216965, pilot",53,3,16,"D 0,1 -> 4,5",16,True,0.0,4217461.0,1,False,0.043058354726236335,8.78,16869828.0
"Fixed 4216965, pilot",53,4,76,"D 2,3 -> 4,5",76,True,0.0,4217443.0,1,False,0.03968993935565744,8.8,21087271.0
"Fixed 4216965, pilot",54,0,91,"D 2,3 -> 10,11",91,True,0.0,4217456.0,1,False,0.2478529100059243,8.69,4217456.0
"Fixed 4216965, pilot",54,1,82,"D 2,3 -> 5,10",79,True,0.0,4217459.0,1,False,0.07383707841178924,8.62,8434915.0
"Fixed 4216965, pilot",54,2,79,"D 2,3 -> 4,11",79,True,0.0,4217467.0,1,False,0.07097966094101434,8.84,12652382.0
"Fixed 4216965, pilot",54,3,88,"D 2,3 -> 8,9",16,False,0.10224062586699079,4217457.0,1,False,0.043058354726236335,8.85,16869839.0
"Fixed 4216965, pilot",54,4,16,"D 0,1 -> 4,5",16,True,0.0,4217459.0,1,False,0.04306434175333308,8.8,21087298.0
"Fixed 4216965, pilot",55,0,91,"D 2,3 -> 10,11",91,True,0.0,4217448.0,1,False,0.2478529100059243,8.86,4217448.0
"Fixed 4216965, pilot",55,1,82,"D 2,3 -> 5,10",79,True,0.0,4217452.0,1,False,0.07383707841178924,8.88,8434900.0
"Fixed 4216965, pilot",55,2,79,"D 2,3 -> 4,11",79,True,0.0,4217454.0,1,False,0.07097966094101434,8.83,12652354.0
"Fixed 4216965, pilot",55,3,16,"D 0,1 -> 4,5",16,True,0.0,4217464.0,1,False,0.043058354726236335,8.81,16869818.0
"Fixed 4216965, pilot",55,4,76,"D 2,3 -> 4,5",76,True,0.0,4217463.0,1,False,0.03968993946870195,8.68,21087281.0
"Fixed 4216965, pilot",56,0,91,"D 2,3 -> 10,11",91,True,0.0,4217451.0,1,False,0.2478529100059243,8.75,4217451.0
"Fixed 4216965, pilot",56,1,82,"D 2,3 -> 5,10",79,True,0.0,4217458.0,1,False,0.07383707841178924,8.79,8434909.0
"Fixed 4216965, pilot",56,2,79,"D 2,3 -> 4,11",79,True,0.0,4217459.0,1,False,0.07097966094101434,8.83,12652368.0
"Fixed 4216965, pilot",56,3,76,"D 2,3 -> 4,5",16,False,0.075710847846854,4217452.0,1,False,0.043058354726236335,8.73,16869820.0
"Fixed 4216965, pilot",56,4,88,"D 2,3 -> 8,9",16,False,0.1488325197977619,4217462.0,1,False,0.04225324628586743,8.79,21087282.0
"Fixed 4216965, pilot",57,0,91,"D 2,3 -> 10,11",91,True,0.0,4217448.0,1,False,0.2478529100059243,8.76,4217448.0
"Fixed 4216965, pilot",57,1,79,"D 2,3 -> 4,11",79,True,0.0,4217446.0,1,False,0.07383707841178924,8.74,8434894.0
"Fixed 4216965, pilot",57,2,82,"D 2,3 -> 5,10",82,True,0.0,4217464.0,1,False,0.07097966094101432,8.87,12652358.0
"Fixed 4216965, pilot",57,3,16,"D 0,1 -> 4,5",16,True,0.0,4217458.0,1,False,0.043058354726236335,8.72,16869816.0
"Fixed 4216965, pilot",57,4,83,"D 2,3 -> 6,7",76,False,0.02603520344361976,4217456.0,1,False,0.03968993935565744,8.72,21087272.0
"Fixed 4216965, pilot",58,0,91,"D 2,3 -> 10,11",91,True,0.0,4217449.0,1,False,0.2478529100059243,8.79,4217449.0
"Fixed 4216965, pilot",58,1,82,"D 2,3 -> 5,10",79,True,0.0,4217475.0,1,False,0.07383707841178924,8.72,8434924.0
"Fixed 4216965, pilot",58,2,79,"D 2,3 -> 4,11",79,True,0.0,4217456.0,1,False,0.07097966094101434,8.78,12652380.0
"Fixed 4216965, pilot",58,3,16,"D 0,1 -> 4,5",16,True,0.0,4217455.0,1,False,0.043058354726236335,8.64,16869835.0
"Fixed 4216965, pilot",58,4,88,"D 2,3 -> 8,9",76,False,0.026035206505116926,4217460.0,1,False,0.03968993946870195,8.6,21087295.0
"Fixed 4216965, pilot",59,0,91,"D 2,3 -> 10,11",91,True,0.0,4217442.0,1,False,0.2478529100059243,8.74,4217442.0
"Fixed 4216965, pilot",59,1,82,"D 2,3 -> 5,10",79,True,0.0,4217457.0,1,False,0.07383707841178924,8.8,8434899.0
"Fixed 4216965, pilot",59,2,79,"D 2,3 -> 4,11",79,True,0.0,4217455.0,1,False,0.07097966094101434,8.87,12652354.0
"Fixed 4216965, pilot",59,3,76,"D 2,3 -> 4,5",16,False,0.075710847846854,4217464.0,1,False,0.043058354726236335,8.67,16869818.0
"Fixed 4216965, pilot",59,4,16,"D 0,1 -> 4,5",16,True,0.0,4217466.0,1,False,0.04225324628586743,8.65,21087284.0
"Fixed 5623413, designed",0,0,91,"D 2,3 -> 10,11",91,True,0.0,5623894.0,1,False,0.2478529100059243,2.27,5623894.0
"Fixed 5623413, designed",0,1,82,"D 2,3 -> 5,10",79,True,0.0,5623903.0,1,False,0.07383707841178924,2.19,11247797.0
"Fixed 5623413, designed",0,2,79,"D 2,3 -> 4,11",79,True,0.0,5623893.0,1,False,0.07097966094101434,2.16,16871690.0
"Fixed 5623413, designed",0,3,88,"D 2,3 -> 8,9",16,False,0.10224062586699079,5623890.0,1,False,0.043058354726236335,2.18,22495580.0
"Fixed 5623413, designed",0,4,16,"D 0,1 -> 4,5",16,True,0.0,5623895.0,1,False,0.04306434175333308,2.17,28119475.0
"Fixed 5623413, designed",1,0,91,"D 2,3 -> 10,11",91,True,0.0,5623894.0,1,False,0.2478529100059243,2.31,5623894.0
"Fixed 5623413, designed",1,1,79,"D 2,3 -> 4,11",79,True,0.0,5623903.0,1,False,0.07383707841178924,2.22,11247797.0
"Fixed 5623413, designed",1,2,82,"D 2,3 -> 5,10",82,True,0.0,5623911.0,1,False,0.07097966094101432,2.21,16871708.0
"Fixed 5623413, designed",1,3,88,"D 2,3 -> 8,9",16,False,0.10224062586699079,5623890.0,1,False,0.043058354726236335,2.19,22495598.0
"Fixed 5623413, designed",1,4,16,"D 0,1 -> 4,5",16,True,0.0,5623895.0,1,False,0.04306434175333308,2.23,28119493.0
"Fixed 5623413, designed",2,0,91,"D 2,3 -> 10,11",91,True,0.0,5623894.0,1,False,0.2478529100059243,2.32,5623894.0
"Fixed 5623413, designed",2,1,82,"D 2,3 -> 5,10",79,True,0.0,5623903.0,1,False,0.07383707841178924,2.22,11247797.0
"Fixed 5623413, designed",2,2,79,"D 2,3 -> 4,11",79,True,0.0,5623893.0,1,False,0.07097966094101434,2.21,16871690.0
"Fixed 5623413, designed",2,3,16,"D 0,1 -> 4,5",16,True,0.0,5623890.0,1,False,0.043058354726236335,2.21,22495580.0
"Fixed 5623413, designed",2,4,76,"D 2,3 -> 4,5",76,True,0.0,5623898.0,1,False,0.03968993946870195,2.25,28119478.0
"Fixed 5623413, designed",3,0,91,"D 2,3 -> 10,11",91,True,0.0,5623894.0,1,False,0.2478529100059243,2.27,5623894.0
"Fixed 5623413, designed",3,1,82,"D 2,3 -> 5,10",79,True,0.0,5623903.0,1,False,0.07383707841178924,2.18,11247797.0
"Fixed 5623413, designed",3,2,79,"D 2,3 -> 4,11",79,True,0.0,5623893.0,1,False,0.07097966094101434,2.19,16871690.0
"Fixed 5623413, designed",3,3,16,"D 0,1 -> 4,5",16,True,0.0,5623890.0,1,False,0.043058354726236335,2.2,22495580.0
"Fixed 5623413, designed",3,4,88,"D 2,3 -> 8,9",76,False,0.026035206505116926,5623898.0,1,False,0.03968993946870195,2.24,28119478.0
"Fixed 5623413, designed",4,0,91,"D 2,3 -> 10,11",91,True,0.0,5623894.0,1,False,0.2478529100059243,2.28,5623894.0
"Fixed 5623413, designed",4,1,79,"D 2,3 -> 4,11",79,True,0.0,5623903.0,1,False,0.07383707841178924,2.19,11247797.0
"Fixed 5623413, designed",4,2,82,"D 2,3 -> 5,10",82,True,0.0,5623911.0,1,False,0.07097966094101432,2.23,16871708.0
"Fixed 5623413, designed",4,3,88,"D 2,3 -> 8,9",16,False,0.10224062586699079,5623890.0,1,False,0.043058354726236335,2.19,22495598.0
"Fixed 5623413, designed",4,4,83,"D 2,3 -> 6,7",16,False,0.12374179669013574,5623895.0,1,False,0.04306434175333308,2.19,28119493.0
"Fixed 5623413, designed",5,0,91,"D 2,3 -> 10,11",91,True,0.0,5623894.0,1,False,0.2478529100059243,2.24,5623894.0
"Fixed 5623413, designed",5,1,82,"D 2,3 -> 5,10",79,True,0.0,5623903.0,1,False,0.07383707841178924,2.17,11247797.0
"Fixed 5623413, designed",5,2,79,"D 2,3 -> 4,11",79,True,0.0,5623893.0,1,False,0.07097966094101434,2.17,16871690.0
"Fixed 5623413, designed",5,3,16,"D 0,1 -> 4,5",16,True,0.0,5623890.0,1,False,0.043058354726236335,2.19,22495580.0
"Fixed 5623413, designed",5,4,83,"D 2,3 -> 6,7",76,False,0.026035206505117148,5623898.0,1,False,0.03968993946870195,2.2,28119478.0
"Fixed 5623413, designed",6,0,91,"D 2,3 -> 10,11",91,True,0.0,5623894.0,1,False,0.2478529100059243,2.25,5623894.0
"Fixed 5623413, designed",6,1,79,"D 2,3 -> 4,11",79,True,0.0,5623903.0,1,False,0.07383707841178924,2.18,11247797.0
"Fixed 5623413, designed",6,2,16,"D 0,1 -> 4,5",82,False,0.39162896060607466,5623911.0,1,False,0.07097966094101432,2.17,16871708.0
"Fixed 5623413, designed",6,3,82,"D 2,3 -> 5,10",82,True,0.0,5623908.0,1,False,0.07097825301354135,2.19,22495616.0
"Fixed 5623413, designed",6,4,41,"D 0,3 -> 4,11",76,False,0.9634086910321903,5623898.0,1,False,0.03968998879145605,2.24,28119514.0
"Fixed 5623413, designed",6,5,88,"D 2,3 -> 8,9",76,False,0.02601658010064778,5623898.0,1,False,0.03968905544763861,2.2,33743412.0
"Fixed 5623413, designed",7,0,91,"D 2,3 -> 10,11",91,True,0.0,5623894.0,1,False,0.2478529100059243,2.25,5623894.0
"Fixed 5623413, designed",7,1,82,"D 2,3 -> 5,10",79,True,0.0,5623903.0,1,False,0.07383707841178924,2.21,11247797.0
"Fixed 5623413, designed",7,2,79,"D 2,3 -> 4,11",79,True,0.0,5623893.0,1,False,0.07097966094101434,2.19,16871690.0
"Fixed 5623413, designed",7,3,16,"D 0,1 -> 4,5",16,True,0.0,5623890.0,1,False,0.043058354726236335,2.19,22495580.0
"Fixed 5623413, designed",7,4,76,"D 2,3 -> 4,5",76,True,0.0,5623898.0,1,False,0.03968993946870195,2.22,28119478.0
"Fixed 5623413, designed",8,0,91,"D 2,3 -> 10,11",91,True,0.0,5623894.0,1,False,0.2478529100059243,2.32,5623894.0
"Fixed 5623413, designed",8,1,82,"D 2,3 -> 5,10",79,True,0.0,5623903.0,1,False,0.07383707841178924,2.17,11247797.0
"Fixed 5623413, designed",8,2,79,"D 2,3 -> 4,11",79,True,0.0,5623893.0,1,False,0.07097966094101434,2.17,16871690.0
"Fixed 5623413, designed",8,3,88,"D 2,3 -> 8,9",16,False,0.10224062586699079,5623890.0,1,False,0.043058354726236335,2.26,22495580.0
"Fixed 5623413, designed",8,4,16,"D 0,1 -> 4,5",16,True,0.0,5623895.0,1,False,0.04306434175333308,2.24,28119475.0
"Fixed 5623413, designed",9,0,91,"D 2,3 -> 10,11",91,True,0.0,5623894.0,1,False,0.2478529100059243,2.24,5623894.0
"Fixed 5623413, designed",9,1,79,"D 2,3 -> 4,11",79,True,0.0,5623903.0,1,False,0.07383707841178924,2.18,11247797.0
"Fixed 5623413, designed",9,2,82,"D 2,3 -> 5,10",82,True,0.0,5623911.0,1,False,0.07097966094101432,2.16,16871708.0
"Fixed 5623413, designed",9,3,76,"D 2,3 -> 4,5",16,False,0.07571084784685433,5623890.0,1,False,0.043058354726236335,2.16,22495598.0
"Fixed 5623413, designed",9,4,88,"D 2,3 -> 8,9",16,False,0.14883252541816294,5623901.0,1,False,0.04225324624597231,2.19,28119499.0
"Fixed 5623413, designed",10,0,91,"D 2,3 -> 10,11",91,True,0.0,5623894.0,1,False,0.2478529100059243,2.37,5623894.0
"Fixed 5623413, designed",10,1,82,"D 2,3 -> 5,10",79,True,0.0,5623903.0,1,False,0.07383707841178924,2.2,11247797.0
"Fixed 5623413, designed",10,2,79,"D 2,3 -> 4,11",79,True,0.0,5623893.0,1,False,0.07097966094101434,2.17,16871690.0
"Fixed 5623413, designed",10,3,50,"D 0,3 -> 8,9",16,False,0.6587334143054635,5623890.0,1,False,0.043058354726236335,2.22,22495580.0
"Fixed 5623413, designed",10,4,76,"D 2,3 -> 4,5",16,False,0.07572254265506251,5623896.0,1,False,0.043057946029119956,2.25,28119476.0
"Fixed 5623413, designed",11,0,91,"D 2,3 -> 10,11",91,True,0.0,5623894.0,1,False,0.2478529100059243,2.28,5623894.0
"Fixed 5623413, designed",11,1,82,"D 2,3 -> 5,10",79,True,0.0,5623903.0,1,False,0.07383707841178924,2.25,11247797.0
"Fixed 5623413, designed",11,2,79,"D 2,3 -> 4,11",79,True,0.0,5623893.0,1,False,0.07097966094101434,2.22,16871690.0
"Fixed 5623413, designed",11,3,76,"D 2,3 -> 4,5",16,False,0.075710847846854,5623890.0,1,False,0.043058354726236335,2.2,22495580.0
"Fixed 5623413, designed",11,4,28,"D 0,1 -> 8,9",16,False,0.5352838599562235,5623901.0,1,False,0.04225324628586743,2.22,28119481.0
"Fixed 5623413, designed",12,0,91,"D 2,3 -> 10,11",91,True,0.0,5623894.0,1,False,0.2478529100059243,2.19,5623894.0
"Fixed 5623413, designed",12,1,79,"D 2,3 -> 4,11",79,True,0.0,5623903.0,1,False,0.07383707841178924,2.21,11247797.0
"Fixed 5623413, designed",12,2,82,"D 2,3 -> 5,10",82,True,0.0,5623911.0,1,False,0.07097966094101432,2.19,16871708.0
"Fixed 5623413, designed",12,3,45,"D 0,3 -> 6,7",16,False,0.6587334143054635,5623890.0,1,False,0.043058354726236335,2.17,22495598.0
"Fixed 5623413, designed",12,4,88,"D 2,3 -> 8,9",16,False,0.1022356438275005,5623899.0,1,False,0.04305794602912024,2.22,28119497.0
"Fixed 5623413, designed",12,5,16,"D 0,1 -> 4,5",16,True,0.0,5623898.0,1,False,0.04306393287289311,2.21,33743395.0
"Fixed 5623413, designed",13,0,91,"D 2,3 -> 10,11",91,True,0.0,5623894.0,1,False,0.2478529100059243,2.2,5623894.0
"Fixed 5623413, designed",13,1,79,"D 2,3 -> 4,11",79,True,0.0,5623903.0,1,False,0.07383707841178924,2.17,11247797.0
"Fixed 5623413, designed",13,2,82,"D 2,3 -> 5,10",82,True,0.0,5623911.0,1,False,0.07097966094101432,2.17,16871708.0
"Fixed 5623413, designed",13,3,88,"D 2,3 -> 8,9",16,False,0.10224062586699079,5623890.0,1,False,0.043058354726236335,2.19,22495598.0
"Fixed 5623413, designed",13,4,83,"D 2,3 -> 6,7",16,False,0.12374179669013574,5623895.0,1,False,0.04306434175333308,2.24,28119493.0
"Fixed 5623413, designed",14,0,91,"D 2,3 -> 10,11",91,True,0.0,5623894.0,1,False,0.2478529100059243,2.24,5623894.0
"Fixed 5623413, designed",14,1,79,"D 2,3 -> 4,11",79,True,0.0,5623903.0,1,False,0.07383707841178924,2.19,11247797.0
"Fixed 5623413, designed",14,2,82,"D 2,3 -> 5,10",82,True,0.0,5623911.0,1,False,0.07097966094101432,2.17,16871708.0
"Fixed 5623413, designed",14,3,16,"D 0,1 -> 4,5",16,True,0.0,5623890.0,1,False,0.043058354726236335,2.15,22495598.0
"Fixed 5623413, designed",14,4,88,"D 2,3 -> 8,9",76,False,0.026035203443619426,5623898.0,1,False,0.03968993935565744,2.16,28119496.0
"Fixed 5623413, designed",15,0,91,"D 2,3 -> 10,11",91,True,0.0,5623894.0,1,False,0.2478529100059243,2.18,5623894.0
"Fixed 5623413, designed",15,1,82,"D 2,3 -> 5,10",79,True,0.0,5623903.0,1,False,0.07383707841178924,2.18,11247797.0
"Fixed 5623413, designed",15,2,79,"D 2,3 -> 4,11",79,True,0.0,5623893.0,1,False,0.07097966094101434,2.18,16871690.0
"Fixed 5623413, designed",15,3,65,"D 1,2 -> 7,10",16,False,1.0,5623890.0,1,False,0.043058354726236335,2.16,22495580.0
"Fixed 5623413, designed",15,4,16,"D 0,1 -> 4,5",16,True,0.0,5623890.0,1,False,0.043058354726236335,2.16,28119470.0
"Fixed 5623413, designed",15,5,76,"D 2,3 -> 4,5",76,True,0.0,5623898.0,1,False,0.03968993946870195,2.21,33743368.0
"Fixed 5623413, designed",16,0,91,"D 2,3 -> 10,11",91,True,0.0,5623894.0,1,False,0.2478529100059243,2.21,5623894.0
"Fixed 5623413, designed",16,1,79,"D 2,3 -> 4,11",79,True,0.0,5623903.0,1,False,0.07383707841178924,2.18,11247797.0
"Fixed 5623413, designed",16,2,82,"D 2,3 -> 5,10",82,True,0.0,5623911.0,1,False,0.07097966094101432,2.16,16871708.0
"Fixed 5623413, designed",16,3,88,"D 2,3 -> 8,9",16,False,0.10224062586699079,5623890.0,1,False,0.043058354726236335,2.15,22495598.0
"Fixed 5623413, designed",16,4,16,"D 0,1 -> 4,5",16,True,0.0,5623895.0,1,False,0.04306434175333308,2.2,28119493.0
"Fixed 5623413, designed",17,0,91,"D 2,3 -> 10,11",91,True,0.0,5623894.0,1,False,0.2478529100059243,2.2,5623894.0
"Fixed 5623413, designed",17,1,82,"D 2,3 -> 5,10",79,True,0.0,5623903.0,1,False,0.07383707841178924,2.19,11247797.0
"Fixed 5623413, designed",17,2,79,"D 2,3 -> 4,11",79,True,0.0,5623893.0,1,False,0.07097966094101434,2.18,16871690.0
"Fixed 5623413, designed",17,3,83,"D 2,3 -> 6,7",16,False,0.10224062586699112,5623890.0,1,False,0.043058354726236335,2.19,22495580.0
"Fixed 5623413, designed",17,4,23,"D 0,1 -> 6,7",16,False,0.560297029268497,5623895.0,1,False,0.04306434175333308,2.21,28119475.0
"Fixed 5623413, designed",17,5,76,"D 2,3 -> 4,5",16,False,0.13241631910692941,5623895.0,1,False,0.04292335054074752,2.22,33743370.0
"Fixed 5623413, designed",18,0,91,"D 2,3 -> 10,11",91,True,0.0,5623894.0,1,False,0.2478529100059243,2.19,5623894.0
"Fixed 5623413, designed",18,1,82,"D 2,3 -> 5,10",79,True,0.0,5623903.0,1,False,0.07383707841178924,2.23,11247797.0
"Fixed 5623413, designed",18,2,79,"D 2,3 -> 4,11",79,True,0.0,5623893.0,1,False,0.07097966094101434,2.23,16871690.0
"Fixed 5623413, designed",18,3,16,"D 0,1 -> 4,5",16,True,0.0,5623890.0,1,False,0.043058354726236335,2.22,22495580.0
"Fixed 5623413, designed",18,4,76,"D 2,3 -> 4,5",76,True,0.0,5623898.0,1,False,0.03968993946870195,2.23,28119478.0
"Fixed 5623413, designed",19,0,91,"D 2,3 -> 10,11",91,True,0.0,5623894.0,1,False,0.2478529100059243,2.2,5623894.0
"Fixed 5623413, designed",19,1,82,"D 2,3 -> 5,10",79,True,0.0,5623903.0,1,False,0.07383707841178924,2.18,11247797.0
"Fixed 5623413, designed",19,2,79,"D 2,3 -> 4,11",79,True,0.0,5623893.0,1,False,0.07097966094101434,2.19,16871690.0
"Fixed 5623413, designed",19,3,83,"D 2,3 -> 6,7",16,False,0.10224062586699112,5623890.0,1,False,0.043058354726236335,2.27,22495580.0
"Fixed 5623413, designed",19,4,16,"D 0,1 -> 4,5",16,True,0.0,5623895.0,1,False,0.04306434175333308,2.24,28119475.0
"Fixed 5623413, designed",20,0,91,"D 2,3 -> 10,11",91,True,0.0,5623894.0,1,False,0.2478529100059243,2.26,5623894.0
"Fixed 5623413, designed",20,1,79,"D 2,3 -> 4,11",79,True,0.0,5623903.0,1,False,0.07383707841178924,2.22,11247797.0
"Fixed 5623413, designed",20,2,82,"D 2,3 -> 5,10",82,True,0.0,5623911.0,1,False,0.07097966094101432,2.18,16871708.0
"Fixed 5623413, designed",20,3,16,"D 0,1 -> 4,5",16,True,0.0,5623890.0,1,False,0.043058354726236335,2.19,22495598.0
"Fixed 5623413, designed",20,4,76,"D 2,3 -> 4,5",76,True,0.0,5623898.0,1,False,0.03968993935565744,2.2,28119496.0
"Fixed 5623413, designed",21,0,91,"D 2,3 -> 10,11",91,True,0.0,5623894.0,1,False,0.2478529100059243,2.21,5623894.0
"Fixed 5623413, designed",21,1,79,"D 2,3 -> 4,11",79,True,0.0,5623903.0,1,False,0.07383707841178924,2.22,11247797.0
"Fixed 5623413, designed",21,2,82,"D 2,3 -> 5,10",82,True,0.0,5623911.0,1,False,0.07097966094101432,2.23,16871708.0
"Fixed 5623413, designed",21,3,16,"D 0,1 -> 4,5",16,True,0.0,5623890.0,1,False,0.043058354726236335,2.19,22495598.0
"Fixed 5623413, designed",21,4,61,"D 1,2 -> 6,7",76,False,0.6297761757174162,5623898.0,1,False,0.03968993935565744,2.24,28119496.0
"Fixed 5623413, designed",21,5,33,"D 0,2 -> 4,8",76,False,1.0,5623894.0,1,False,0.03968905976451377,2.22,33743390.0
"Fixed 5623413, designed",21,6,88,"D 2,3 -> 8,9",76,False,0.02601745901708674,5623894.0,1,False,0.03968905976451377,2.21,39367284.0
"Fixed 5623413, designed",22,0,91,"D 2,3 -> 10,11",91,True,0.0,5623894.0,1,False,0.2478529100059243,2.24,5623894.0
"Fixed 5623413, designed",22,1,79,"D 2,3 -> 4,11",79,True,0.0,5623903.0,1,False,0.07383707841178924,2.22,11247797.0
"Fixed 5623413, designed",22,2,82,"D 2,3 -> 5,10",82,True,0.0,5623911.0,1,False,0.07097966094101432,2.21,16871708.0
"Fixed 5623413, designed",22,3,76,"D 2,3 -> 4,5",16,False,0.07571084784685433,5623890.0,1,False,0.043058354726236335,2.21,22495598.0
"Fixed 5623413, designed",22,4,88,"D 2,3 -> 8,9",16,False,0.14883252541816294,5623901.0,1,False,0.04225324624597231,2.21,28119499.0
"Fixed 5623413, designed",23,0,91,"D 2,3 -> 10,11",91,True,0.0,5623894.0,1,False,0.2478529100059243,2.17,5623894.0
"Fixed 5623413, designed",23,1,79,"D 2,3 -> 4,11",79,True,0.0,5623903.0,1,False,0.07383707841178924,2.18,11247797.0
"Fixed 5623413, designed",23,2,16,"D 0,1 -> 4,5",82,False,0.39162896060607466,5623911.0,1,False,0.07097966094101432,2.19,16871708.0
"Fixed 5623413, designed",23,3,82,"D 2,3 -> 5,10",82,True,0.0,5623908.0,1,False,0.07097825301354135,2.19,22495616.0
"Fixed 5623413, designed",23,4,76,"D 2,3 -> 4,5",76,True,0.0,5623898.0,1,False,0.03968998879145605,2.17,28119514.0
"Fixed 5623413, designed",24,0,91,"D 2,3 -> 10,11",91,True,0.0,5623894.0,1,False,0.2478529100059243,2.16,5623894.0
"Fixed 5623413, designed",24,1,82,"D 2,3 -> 5,10",79,True,0.0,5623903.0,1,False,0.07383707841178924,2.18,11247797.0
"Fixed 5623413, designed",24,2,79,"D 2,3 -> 4,11",79,True,0.0,5623893.0,1,False,0.07097966094101434,2.17,16871690.0
"Fixed 5623413, designed",24,3,16,"D 0,1 -> 4,5",16,True,0.0,5623890.0,1,False,0.043058354726236335,2.19,22495580.0
"Fixed 5623413, designed",24,4,23,"D 0,1 -> 6,7",76,False,0.5136701353531437,5623898.0,1,False,0.03968993946870195,2.16,28119478.0
"Fixed 5623413, designed",24,5,88,"D 2,3 -> 8,9",76,False,0.026052408484478984,5623896.0,1,False,0.03969063615088796,2.19,33743374.0
"Fixed 5623413, designed",25,0,91,"D 2,3 -> 10,11",91,True,0.0,5623894.0,1,False,0.2478529100059243,2.19,5623894.0
"Fixed 5623413, designed",25,1,79,"D 2,3 -> 4,11",79,True,0.0,5623903.0,1,False,0.07383707841178924,2.21,11247797.0
"Fixed 5623413, designed",25,2,82,"D 2,3 -> 5,10",82,True,0.0,5623911.0,1,False,0.07097966094101432,2.24,16871708.0
"Fixed 5623413, designed",25,3,16,"D 0,1 -> 4,5",16,True,0.0,5623890.0,1,False,0.043058354726236335,2.2,22495598.0
"Fixed 5623413, designed",25,4,76,"D 2,3 -> 4,5",76,True,0.0,5623898.0,1,False,0.03968993935565744,2.17,28119496.0
"Fixed 5623413, designed",26,0,91,"D 2,3 -> 10,11",91,True,0.0,5623894.0,1,False,0.2478529100059243,2.19,5623894.0
"Fixed 5623413, designed",26,1,79,"D 2,3 -> 4,11",79,True,0.0,5623903.0,1,False,0.07383707841178924,2.16,11247797.0
"Fixed 5623413, designed",26,2,82,"D 2,3 -> 5,10",82,True,0.0,5623911.0,1,False,0.07097966094101432,2.17,16871708.0
"Fixed 5623413, designed",26,3,76,"D 2,3 -> 4,5",16,False,0.07571084784685433,5623890.0,1,False,0.043058354726236335,2.21,22495598.0
"Fixed 5623413, designed",26,4,83,"D 2,3 -> 6,7",16,False,0.14883252541816328,5623901.0,1,False,0.04225324624597231,2.17,28119499.0
"Fixed 5623413, designed",27,0,91,"D 2,3 -> 10,11",91,True,0.0,5623894.0,1,False,0.2478529100059243,2.18,5623894.0
"Fixed 5623413, designed",27,1,82,"D 2,3 -> 5,10",79,True,0.0,5623903.0,1,False,0.07383707841178924,2.17,11247797.0
"Fixed 5623413, designed",27,2,79,"D 2,3 -> 4,11",79,True,0.0,5623893.0,1,False,0.07097966094101434,2.17,16871690.0
"Fixed 5623413, designed",27,3,16,"D 0,1 -> 4,5",16,True,0.0,5623890.0,1,False,0.043058354726236335,2.2,22495580.0
"Fixed 5623413, designed",27,4,88,"D 2,3 -> 8,9",76,False,0.026035206505116926,5623898.0,1,False,0.03968993946870195,2.2,28119478.0
"Fixed 5623413, designed",28,0,91,"D 2,3 -> 10,11",91,True,0.0,5623894.0,1,False,0.2478529100059243,2.2,5623894.0
"Fixed 5623413, designed",28,1,79,"D 2,3 -> 4,11",79,True,0.0,5623903.0,1,False,0.07383707841178924,2.2,11247797.0
"Fixed 5623413, designed",28,2,82,"D 2,3 -> 5,10",82,True,0.0,5623911.0,1,False,0.07097966094101432,2.2,16871708.0
"Fixed 5623413, designed",28,3,83,"D 2,3 -> 6,7",16,False,0.10224062586699112,5623890.0,1,False,0.043058354726236335,2.25,22495598.0
"Fixed 5623413, designed",28,4,16,"D 0,1 -> 4,5",16,True,0.0,5623895.0,1,False,0.04306434175333308,2.19,28119493.0
"Fixed 5623413, designed",29,0,91,"D 2,3 -> 10,11",91,True,0.0,5623894.0,1,False,0.2478529100059243,2.23,5623894.0
"Fixed 5623413, designed",29,1,82,"D 2,3 -> 5,10",79,True,0.0,5623903.0,1,False,0.07383707841178924,2.19,11247797.0
"Fixed 5623413, designed",29,2,79,"D 2,3 -> 4,11",79,True,0.0,5623893.0,1,False,0.07097966094101434,2.17,16871690.0
"Fixed 5623413, designed",29,3,16,"D 0,1 -> 4,5",16,True,0.0,5623890.0,1,False,0.043058354726236335,2.15,22495580.0
"Fixed 5623413, designed",29,4,83,"D 2,3 -> 6,7",76,False,0.026035206505117148,5623898.0,1,False,0.03968993946870195,2.18,28119478.0
"Fixed 5623413, designed",30,0,91,"D 2,3 -> 10,11",91,True,0.0,5623894.0,1,False,0.2478529100059243,2.23,5623894.0
"Fixed 5623413, designed",30,1,82,"D 2,3 -> 5,10",79,True,0.0,5623903.0,1,False,0.07383707841178924,2.24,11247797.0
"Fixed 5623413, designed",30,2,79,"D 2,3 -> 4,11",79,True,0.0,5623893.0,1,False,0.07097966094101434,2.17,16871690.0
"Fixed 5623413, designed",30,3,16,"D 0,1 -> 4,5",16,True,0.0,5623890.0,1,False,0.043058354726236335,2.19,22495580.0
"Fixed 5623413, designed",30,4,76,"D 2,3 -> 4,5",76,True,0.0,5623898.0,1,False,0.03968993946870195,2.18,28119478.0
"Fixed 5623413, designed",31,0,91,"D 2,3 -> 10,11",91,True,0.0,5623894.0,1,False,0.2478529100059243,2.13,5623894.0
"Fixed 5623413, designed",31,1,82,"D 2,3 -> 5,10",79,True,0.0,5623903.0,1,False,0.07383707841178924,2.15,11247797.0
"Fixed 5623413, designed",31,2,79,"D 2,3 -> 4,11",79,True,0.0,5623893.0,1,False,0.07097966094101434,2.19,16871690.0
"Fixed 5623413, designed",31,3,76,"D 2,3 -> 4,5",16,False,0.075710847846854,5623890.0,1,False,0.043058354726236335,2.15,22495580.0
"Fixed 5623413, designed",31,4,16,"D 0,1 -> 4,5",16,True,0.0,5623901.0,1,False,0.04225324628586743,2.13,28119481.0
"Fixed 5623413, designed",32,0,91,"D 2,3 -> 10,11",91,True,0.0,5623894.0,1,False,0.2478529100059243,2.16,5623894.0
"Fixed 5623413, designed",32,1,79,"D 2,3 -> 4,11",79,True,0.0,5623903.0,1,False,0.07383707841178924,2.14,11247797.0
"Fixed 5623413, designed",32,2,82,"D 2,3 -> 5,10",82,True,0.0,5623911.0,1,False,0.07097966094101432,2.16,16871708.0
"Fixed 5623413, designed",32,3,16,"D 0,1 -> 4,5",16,True,0.0,5623890.0,1,False,0.043058354726236335,2.21,22495598.0
"Fixed 5623413, designed",32,4,83,"D 2,3 -> 6,7",76,False,0.02603520344361976,5623898.0,1,False,0.03968993935565744,2.19,28119496.0
"Fixed 5623413, designed",33,0,91,"D 2,3 -> 10,11",91,True,0.0,5623894.0,1,False,0.2478529100059243,2.15,5623894.0
"Fixed 5623413, designed",33,1,79,"D 2,3 -> 4,11",79,True,0.0,5623903.0,1,False,0.07383707841178924,2.16,11247797.0
"Fixed 5623413, designed",33,2,82,"D 2,3 -> 5,10",82,True,0.0,5623911.0,1,False,0.07097966094101432,2.17,16871708.0
"Fixed 5623413, designed",33,3,16,"D 0,1 -> 4,5",16,True,0.0,5623890.0,1,False,0.043058354726236335,2.18,22495598.0
"Fixed 5623413, designed",33,4,88,"D 2,3 -> 8,9",76,False,0.026035203443619426,5623898.0,1,False,0.03968993935565744,2.18,28119496.0
"Fixed 5623413, designed",34,0,91,"D 2,3 -> 10,11",91,True,0.0,5623894.0,1,False,0.2478529100059243,2.25,5623894.0
"Fixed 5623413, designed",34,1,82,"D 2,3 -> 5,10",79,True,0.0,5623903.0,1,False,0.07383707841178924,2.19,11247797.0
"Fixed 5623413, designed",34,2,79,"D 2,3 -> 4,11",79,True,0.0,5623893.0,1,False,0.07097966094101434,2.2,16871690.0
"Fixed 5623413, designed",34,3,16,"D 0,1 -> 4,5",16,True,0.0,5623890.0,1,False,0.043058354726236335,2.19,22495580.0
"Fixed 5623413, designed",34,4,76,"D 2,3 -> 4,5",76,True,0.0,5623898.0,1,False,0.03968993946870195,2.24,28119478.0
"Fixed 5623413, designed",35,0,91,"D 2,3 -> 10,11",91,True,0.0,5623894.0,1,False,0.2478529100059243,2.21,5623894.0
"Fixed 5623413, designed",35,1,79,"D 2,3 -> 4,11",79,True,0.0,5623903.0,1,False,0.07383707841178924,2.2,11247797.0
"Fixed 5623413, designed",35,2,82,"D 2,3 -> 5,10",82,True,0.0,5623911.0,1,False,0.07097966094101432,2.16,16871708.0
"Fixed 5623413, designed",35,3,83,"D 2,3 -> 6,7",16,False,0.10224062586699112,5623890.0,1,False,0.043058354726236335,2.16,22495598.0
"Fixed 5623413, designed",35,4,76,"D 2,3 -> 4,5",16,False,0.13537336786709275,5623895.0,1,False,0.04306434175333308,2.17,28119493.0
"Fixed 5623413, designed",36,0,91,"D 2,3 -> 10,11",91,True,0.0,5623894.0,1,False,0.2478529100059243,2.16,5623894.0
"Fixed 5623413, designed",36,1,82,"D 2,3 -> 5,10",79,True,0.0,5623903.0,1,False,0.07383707841178924,2.14,11247797.0
"Fixed 5623413, designed",36,2,79,"D 2,3 -> 4,11",79,True,0.0,5623893.0,1,False,0.07097966094101434,2.15,16871690.0
"Fixed 5623413, designed",36,3,28,"D 0,1 -> 8,9",16,False,0.5439731582144531,5623890.0,1,False,0.043058354726236335,2.16,22495580.0
"Fixed 5623413, designed",36,4,16,"D 0,1 -> 4,5",16,True,0.0,5623890.0,1,False,0.04291030426323257,2.22,28119470.0
"Fixed 5623413, designed",36,5,76,"D 2,3 -> 4,5",76,True,0.0,5623894.0,1,False,0.03969063613274089,2.26,33743364.0
"Fixed 5623413, designed",37,0,91,"D 2,3 -> 10,11",91,True,0.0,5623894.0,1,False,0.2478529100059243,2.18,5623894.0
"Fixed 5623413, designed",37,1,79,"D 2,3 -> 4,11",79,True,0.0,5623903.0,1,False,0.07383707841178924,2.14,11247797.0
"Fixed 5623413, designed",37,2,82,"D 2,3 -> 5,10",82,True,0.0,5623911.0,1,False,0.07097966094101432,2.15,16871708.0
"Fixed 5623413, designed",37,3,16,"D 0,1 -> 4,5",16,True,0.0,5623890.0,1,False,0.043058354726236335,2.18,22495598.0
"Fixed 5623413, designed",37,4,88,"D 2,3 -> 8,9",76,False,0.026035203443619426,5623898.0,1,False,0.03968993935565744,2.26,28119496.0
"Fixed 5623413, designed",38,0,91,"D 2,3 -> 10,11",91,True,0.0,5623894.0,1,False,0.2478529100059243,2.16,5623894.0
"Fixed 5623413, designed",38,1,79,"D 2,3 -> 4,11",79,True,0.0,5623903.0,1,False,0.07383707841178924,2.21,11247797.0
"Fixed 5623413, designed",38,2,82,"D 2,3 -> 5,10",82,True,0.0,5623911.0,1,False,0.07097966094101432,2.2,16871708.0
"Fixed 5623413, designed",38,3,76,"D 2,3 -> 4,5",16,False,0.07571084784685433,5623890.0,1,False,0.043058354726236335,2.21,22495598.0
"Fixed 5623413, designed",38,4,16,"D 0,1 -> 4,5",16,True,0.0,5623901.0,1,False,0.04225324624597231,2.22,28119499.0
"Fixed 5623413, designed",39,0,91,"D 2,3 -> 10,11",91,True,0.0,5623894.0,1,False,0.2478529100059243,2.17,5623894.0
"Fixed 5623413, designed",39,1,82,"D 2,3 -> 5,10",79,True,0.0,5623903.0,1,False,0.07383707841178924,2.21,11247797.0
"Fixed 5623413, designed",39,2,79,"D 2,3 -> 4,11",79,True,0.0,5623893.0,1,False,0.07097966094101434,2.19,16871690.0
"Fixed 5623413, designed",39,3,76,"D 2,3 -> 4,5",16,False,0.075710847846854,5623890.0,1,False,0.043058354726236335,2.18,22495580.0
"Fixed 5623413, designed",39,4,16,"D 0,1 -> 4,5",16,True,0.0,5623901.0,1,False,0.04225324628586743,2.17,28119481.0
"Fixed 5623413, designed",40,0,91,"D 2,3 -> 10,11",91,True,0.0,5623894.0,1,False,0.2478529100059243,2.22,5623894.0
"Fixed 5623413, designed",40,1,82,"D 2,3 -> 5,10",79,True,0.0,5623903.0,1,False,0.07383707841178924,2.16,11247797.0
"Fixed 5623413, designed",40,2,79,"D 2,3 -> 4,11",79,True,0.0,5623893.0,1,False,0.07097966094101434,2.16,16871690.0
"Fixed 5623413, designed",40,3,16,"D 0,1 -> 4,5",16,True,0.0,5623890.0,1,False,0.043058354726236335,2.13,22495580.0
"Fixed 5623413, designed",40,4,76,"D 2,3 -> 4,5",76,True,0.0,5623898.0,1,False,0.03968993946870195,2.16,28119478.0
"Fixed 5623413, designed",41,0,91,"D 2,3 -> 10,11",91,True,0.0,5623894.0,1,False,0.2478529100059243,2.22,5623894.0
"Fixed 5623413, designed",41,1,82,"D 2,3 -> 5,10",79,True,0.0,5623903.0,1,False,0.07383707841178924,2.2,11247797.0
"Fixed 5623413, designed",41,2,79,"D 2,3 -> 4,11",79,True,0.0,5623893.0,1,False,0.07097966094101434,2.21,16871690.0
"Fixed 5623413, designed",41,3,16,"D 0,1 -> 4,5",16,True,0.0,5623890.0,1,False,0.043058354726236335,2.19,22495580.0
"Fixed 5623413, designed",41,4,28,"D 0,1 -> 8,9",76,False,0.5136701353531437,5623898.0,1,False,0.03968993946870195,2.37,28119478.0
"Fixed 5623413, designed",41,5,88,"D 2,3 -> 8,9",76,False,0.02719622614173378,5623894.0,1,False,0.03969063248023106,2.31,33743372.0
"Fixed 5623413, designed",42,0,91,"D 2,3 -> 10,11",91,True,0.0,5623894.0,1,False,0.2478529100059243,2.12,5623894.0
"Fixed 5623413, designed",42,1,82,"D 2,3 -> 5,10",79,True,0.0,5623903.0,1,False,0.07383707841178924,2.18,11247797.0
"Fixed 5623413, designed",42,2,79,"D 2,3 -> 4,11",79,True,0.0,5623893.0,1,False,0.07097966094101434,2.16,16871690.0
"Fixed 5623413, designed",42,3,83,"D 2,3 -> 6,7",16,False,0.10224062586699112,5623890.0,1,False,0.043058354726236335,2.21,22495580.0
"Fixed 5623413, designed",42,4,16,"D 0,1 -> 4,5",16,True,0.0,5623895.0,1,False,0.04306434175333308,2.19,28119475.0
"Fixed 5623413, designed",43,0,91,"D 2,3 -> 10,11",91,True,0.0,5623894.0,1,False,0.2478529100059243,2.15,5623894.0
"Fixed 5623413, designed",43,1,79,"D 2,3 -> 4,11",79,True,0.0,5623903.0,1,False,0.07383707841178924,2.14,11247797.0
"Fixed 5623413, designed",43,2,82,"D 2,3 -> 5,10",82,True,0.0,5623911.0,1,False,0.07097966094101432,2.13,16871708.0
"Fixed 5623413, designed",43,3,76,"D 2,3 -> 4,5",16,False,0.07571084784685433,5623890.0,1,False,0.043058354726236335,2.22,22495598.0
"Fixed 5623413, designed",43,4,16,"D 0,1 -> 4,5",16,True,0.0,5623901.0,1,False,0.04225324624597231,2.22,28119499.0
"Fixed 5623413, designed",44,0,91,"D 2,3 -> 10,11",91,True,0.0,5623894.0,1,False,0.2478529100059243,2.13,5623894.0
"Fixed 5623413, designed",44,1,82,"D 2,3 -> 5,10",79,True,0.0,5623903.0,1,False,0.07383707841178924,2.14,11247797.0
"Fixed 5623413, designed",44,2,79,"D 2,3 -> 4,11",79,True,0.0,5623893.0,1,False,0.07097966094101434,2.14,16871690.0
"Fixed 5623413, designed",44,3,76,"D 2,3 -> 4,5",16,False,0.075710847846854,5623890.0,1,False,0.043058354726236335,2.26,22495580.0
"Fixed 5623413, designed",44,4,88,"D 2,3 -> 8,9",16,False,0.1488325197977619,5623901.0,1,False,0.04225324628586743,2.21,28119481.0
"Fixed 5623413, designed",45,0,91,"D 2,3 -> 10,11",91,True,0.0,5623894.0,1,False,0.2478529100059243,2.14,5623894.0
"Fixed 5623413, designed",45,1,82,"D 2,3 -> 5,10",79,True,0.0,5623903.0,1,False,0.07383707841178924,2.12,11247797.0
"Fixed 5623413, designed",45,2,79,"D 2,3 -> 4,11",79,True,0.0,5623893.0,1,False,0.07097966094101434,2.13,16871690.0
"Fixed 5623413, designed",45,3,16,"D 0,1 -> 4,5",16,True,0.0,5623890.0,1,False,0.043058354726236335,2.32,22495580.0
"Fixed 5623413, designed",45,4,88,"D 2,3 -> 8,9",76,False,0.026035206505116926,5623898.0,1,False,0.03968993946870195,2.25,28119478.0
"Fixed 5623413, designed",46,0,91,"D 2,3 -> 10,11",91,True,0.0,5623894.0,1,False,0.2478529100059243,2.19,5623894.0
"Fixed 5623413, designed",46,1,82,"D 2,3 -> 5,10",79,True,0.0,5623903.0,1,False,0.07383707841178924,2.22,11247797.0
"Fixed 5623413, designed",46,2,79,"D 2,3 -> 4,11",79,True,0.0,5623893.0,1,False,0.07097966094101434,2.19,16871690.0
"Fixed 5623413, designed",46,3,23,"D 0,1 -> 6,7",16,False,0.5439731582144531,5623890.0,1,False,0.043058354726236335,2.37,22495580.0
"Fixed 5623413, designed",46,4,16,"D 0,1 -> 4,5",16,True,0.0,5623891.0,1,False,0.042910304254232444,2.31,28119471.0
"Fixed 5623413, designed",46,5,83,"D 2,3 -> 6,7",76,False,0.027196330125008328,5623896.0,1,False,0.03969063613248482,2.25,33743367.0
"Fixed 5623413, designed",47,0,91,"D 2,3 -> 10,11",91,True,0.0,5623894.0,1,False,0.2478529100059243,2.17,5623894.0
"Fixed 5623413, designed",47,1,79,"D 2,3 -> 4,11",79,True,0.0,5623903.0,1,False,0.07383707841178924,2.15,11247797.0
"Fixed 5623413, designed",47,2,82,"D 2,3 -> 5,10",82,True,0.0,5623911.0,1,False,0.07097966094101432,2.16,16871708.0
"Fixed 5623413, designed",47,3,16,"D 0,1 -> 4,5",16,True,0.0,5623890.0,1,False,0.043058354726236335,2.21,22495598.0
"Fixed 5623413, designed",47,4,83,"D 2,3 -> 6,7",76,False,0.02603520344361976,5623898.0,1,False,0.03968993935565744,2.24,28119496.0
"Fixed 5623413, designed",48,0,91,"D 2,3 -> 10,11",91,True,0.0,5623894.0,1,False,0.2478529100059243,2.22,5623894.0
"Fixed 5623413, designed",48,1,79,"D 2,3 -> 4,11",79,True,0.0,5623903.0,1,False,0.07383707841178924,2.2,11247797.0
"Fixed 5623413, designed",48,2,82,"D 2,3 -> 5,10",82,True,0.0,5623911.0,1,False,0.07097966094101432,2.19,16871708.0
"Fixed 5623413, designed",48,3,88,"D 2,3 -> 8,9",16,False,0.10224062586699079,5623890.0,1,False,0.043058354726236335,2.26,22495598.0
"Fixed 5623413, designed",48,4,16,"D 0,1 -> 4,5",16,True,0.0,5623895.0,1,False,0.04306434175333308,2.24,28119493.0
"Fixed 5623413, designed",49,0,91,"D 2,3 -> 10,11",91,True,0.0,5623894.0,1,False,0.2478529100059243,2.22,5623894.0
"Fixed 5623413, designed",49,1,79,"D 2,3 -> 4,11",79,True,0.0,5623903.0,1,False,0.07383707841178924,2.21,11247797.0
"Fixed 5623413, designed",49,2,82,"D 2,3 -> 5,10",82,True,0.0,5623911.0,1,False,0.07097966094101432,2.2,16871708.0
"Fixed 5623413, designed",49,3,61,"D 1,2 -> 6,7",16,False,0.6587334143054635,5623890.0,1,False,0.043058354726236335,2.2,22495598.0
"Fixed 5623413, designed",49,4,16,"D 0,1 -> 4,5",16,True,0.0,5623891.0,1,False,0.04305794602912024,2.22,28119489.0
"Fixed 5623413, designed",49,5,76,"D 2,3 -> 4,5",76,True,0.0,5623894.0,1,False,0.03968905971030105,2.2,33743383.0
"Fixed 5623413, designed",50,0,91,"D 2,3 -> 10,11",91,True,0.0,5623894.0,1,False,0.2478529100059243,2.2,5623894.0
"Fixed 5623413, designed",50,1,79,"D 2,3 -> 4,11",79,True,0.0,5623903.0,1,False,0.07383707841178924,2.21,11247797.0
"Fixed 5623413, designed",50,2,82,"D 2,3 -> 5,10",82,True,0.0,5623911.0,1,False,0.07097966094101432,2.22,16871708.0
"Fixed 5623413, designed",50,3,88,"D 2,3 -> 8,9",16,False,0.10224062586699079,5623890.0,1,False,0.043058354726236335,2.19,22495598.0
"Fixed 5623413, designed",50,4,76,"D 2,3 -> 4,5",16,False,0.13537336786726528,5623895.0,1,False,0.04306434175333308,2.24,28119493.0
"Fixed 5623413, designed",51,0,91,"D 2,3 -> 10,11",91,True,0.0,5623894.0,1,False,0.2478529100059243,2.21,5623894.0
"Fixed 5623413, designed",51,1,82,"D 2,3 -> 5,10",79,True,0.0,5623903.0,1,False,0.07383707841178924,2.26,11247797.0
"Fixed 5623413, designed",51,2,79,"D 2,3 -> 4,11",79,True,0.0,5623893.0,1,False,0.07097966094101434,2.19,16871690.0
"Fixed 5623413, designed",51,3,16,"D 0,1 -> 4,5",16,True,0.0,5623890.0,1,False,0.043058354726236335,2.18,22495580.0
"Fixed 5623413, designed",51,4,28,"D 0,1 -> 8,9",76,False,0.5136701353531437,5623898.0,1,False,0.03968993946870195,2.21,28119478.0
"Fixed 5623413, designed",51,5,76,"D 2,3 -> 4,5",76,True,0.0,5623894.0,1,False,0.03969063248023106,2.24,33743372.0
"Fixed 5623413, designed",52,0,91,"D 2,3 -> 10,11",91,True,0.0,5623894.0,1,False,0.2478529100059243,2.22,5623894.0
"Fixed 5623413, designed",52,1,16,"D 0,1 -> 4,5",79,False,0.41324206641943784,5623903.0,1,False,0.07383707841178924,2.23,11247797.0
"Fixed 5623413, designed",52,2,82,"D 2,3 -> 5,10",79,True,0.0,5623901.0,1,False,0.07383582529348189,2.21,16871698.0
"Fixed 5623413, designed",52,3,79,"D 2,3 -> 4,11",79,True,0.0,5623900.0,1,False,0.07097752510638762,2.19,22495598.0
"Fixed 5623413, designed",52,4,76,"D 2,3 -> 4,5",76,True,0.0,5623898.0,1,False,0.039690035793553,2.21,28119496.0
"Fixed 5623413, designed",53,0,91,"D 2,3 -> 10,11",91,True,0.0,5623894.0,1,False,0.2478529100059243,2.19,5623894.0
"Fixed 5623413, designed",53,1,79,"D 2,3 -> 4,11",79,True,0.0,5623903.0,1,False,0.07383707841178924,2.17,11247797.0
"Fixed 5623413, designed",53,2,82,"D 2,3 -> 5,10",82,True,0.0,5623911.0,1,False,0.07097966094101432,2.21,16871708.0
"Fixed 5623413, designed",53,3,16,"D 0,1 -> 4,5",16,True,0.0,5623890.0,1,False,0.043058354726236335,2.22,22495598.0
"Fixed 5623413, designed",53,4,76,"D 2,3 -> 4,5",76,True,0.0,5623898.0,1,False,0.03968993935565744,2.24,28119496.0
"Fixed 5623413, designed",54,0,91,"D 2,3 -> 10,11",91,True,0.0,5623894.0,1,False,0.2478529100059243,2.17,5623894.0
"Fixed 5623413, designed",54,1,79,"D 2,3 -> 4,11",79,True,0.0,5623903.0,1,False,0.07383707841178924,2.19,11247797.0
"Fixed 5623413, designed",54,2,82,"D 2,3 -> 5,10",82,True,0.0,5623911.0,1,False,0.07097966094101432,2.2,16871708.0
"Fixed 5623413, designed",54,3,16,"D 0,1 -> 4,5",16,True,0.0,5623890.0,1,False,0.043058354726236335,2.18,22495598.0
"Fixed 5623413, designed",54,4,76,"D 2,3 -> 4,5",76,True,0.0,5623898.0,1,False,0.03968993935565744,2.17,28119496.0
"Fixed 5623413, designed",55,0,91,"D 2,3 -> 10,11",91,True,0.0,5623894.0,1,False,0.2478529100059243,2.22,5623894.0
"Fixed 5623413, designed",55,1,79,"D 2,3 -> 4,11",79,True,0.0,5623903.0,1,False,0.07383707841178924,2.19,11247797.0
"Fixed 5623413, designed",55,2,82,"D 2,3 -> 5,10",82,True,0.0,5623911.0,1,False,0.07097966094101432,2.21,16871708.0
"Fixed 5623413, designed",55,3,16,"D 0,1 -> 4,5",16,True,0.0,5623890.0,1,False,0.043058354726236335,2.23,22495598.0
"Fixed 5623413, designed",55,4,83,"D 2,3 -> 6,7",76,False,0.02603520344361976,5623898.0,1,False,0.03968993935565744,2.21,28119496.0
"Fixed 5623413, designed",56,0,91,"D 2,3 -> 10,11",91,True,0.0,5623894.0,1,False,0.2478529100059243,2.16,5623894.0
"Fixed 5623413, designed",56,1,82,"D 2,3 -> 5,10",79,True,0.0,5623903.0,1,False,0.07383707841178924,2.17,11247797.0
"Fixed 5623413, designed",56,2,79,"D 2,3 -> 4,11",79,True,0.0,5623893.0,1,False,0.07097966094101434,2.19,16871690.0
"Fixed 5623413, designed",56,3,76,"D 2,3 -> 4,5",16,False,0.075710847846854,5623890.0,1,False,0.043058354726236335,2.22,22495580.0
"Fixed 5623413, designed",56,4,88,"D 2,3 -> 8,9",16,False,0.1488325197977619,5623901.0,1,False,0.04225324628586743,2.17,28119481.0
"Fixed 5623413, designed",57,0,91,"D 2,3 -> 10,11",91,True,0.0,5623894.0,1,False,0.2478529100059243,2.25,5623894.0
"Fixed 5623413, designed",57,1,82,"D 2,3 -> 5,10",79,True,0.0,5623903.0,1,False,0.07383707841178924,2.25,11247797.0
"Fixed 5623413, designed",57,2,79,"D 2,3 -> 4,11",79,True,0.0,5623893.0,1,False,0.07097966094101434,2.27,16871690.0
"Fixed 5623413, designed",57,3,16,"D 0,1 -> 4,5",16,True,0.0,5623890.0,1,False,0.043058354726236335,2.26,22495580.0
"Fixed 5623413, designed",57,4,45,"D 0,3 -> 6,7",76,False,0.6297761767827746,5623898.0,1,False,0.03968993946870195,2.23,28119478.0
"Fixed 5623413, designed",57,5,33,"D 0,2 -> 4,8",76,False,1.0,5623896.0,1,False,0.03968905779138511,2.22,33743374.0
"Fixed 5623413, designed",57,6,83,"D 2,3 -> 6,7",76,False,0.029532896414410925,5623896.0,1,False,0.03968905779138511,2.2,39367270.0
"Fixed 5623413, designed",58,0,91,"D 2,3 -> 10,11",91,True,0.0,5623894.0,1,False,0.2478529100059243,2.26,5623894.0
"Fixed 5623413, designed",58,1,79,"D 2,3 -> 4,11",79,True,0.0,5623903.0,1,False,0.07383707841178924,2.27,11247797.0
"Fixed 5623413, designed",58,2,82,"D 2,3 -> 5,10",82,True,0.0,5623911.0,1,False,0.07097966094101432,2.26,16871708.0
"Fixed 5623413, designed",58,3,76,"D 2,3 -> 4,5",16,False,0.07571084784685433,5623890.0,1,False,0.043058354726236335,2.25,22495598.0
"Fixed 5623413, designed",58,4,16,"D 0,1 -> 4,5",16,True,0.0,5623901.0,1,False,0.04225324624597231,2.23,28119499.0
"Fixed 5623413, designed",59,0,91,"D 2,3 -> 10,11",91,True,0.0,5623894.0,1,False,0.2478529100059243,2.27,5623894.0
"Fixed 5623413, designed",59,1,82,"D 2,3 -> 5,10",79,True,0.0,5623903.0,1,False,0.07383707841178924,2.28,11247797.0
"Fixed 5623413, designed",59,2,79,"D 2,3 -> 4,11",79,True,0.0,5623893.0,1,False,0.07097966094101434,2.27,16871690.0
"Fixed 5623413, designed",59,3,16,"D 0,1 -> 4,5",16,True,0.0,5623890.0,1,False,0.043058354726236335,2.27,22495580.0
"Fixed 5623413, designed",59,4,28,"D 0,1 -> 8,9",76,False,0.5136701353531437,5623898.0,1,False,0.03968993946870195,2.24,28119478.0
"Fixed 5623413, designed",59,5,76,"D 2,3 -> 4,5",76,True,0.0,5623894.0,1,False,0.03969063248023106,2.24,33743372.0
"Fixed 5623413, pilot",0,0,91,"D 2,3 -> 10,11",91,True,0.0,5623895.0,1,False,0.2478529100059243,8.88,5623895.0
"Fixed 5623413, pilot",0,1,79,"D 2,3 -> 4,11",79,True,0.0,5623913.0,1,False,0.07383707841178924,8.77,11247808.0
"Fixed 5623413, pilot",0,2,82,"D 2,3 -> 5,10",82,True,0.0,5623899.0,1,False,0.07097966094101432,8.67,16871707.0
"Fixed 5623413, pilot",0,3,16,"D 0,1 -> 4,5",16,True,0.0,5623913.0,1,False,0.043058354726236335,8.64,22495620.0
"Fixed 5623413, pilot",0,4,88,"D 2,3 -> 8,9",76,False,0.026035203443619426,5623913.0,1,False,0.03968993935565744,8.6,28119533.0
"Fixed 5623413, pilot",1,0,91,"D 2,3 -> 10,11",91,True,0.0,5623898.0,1,False,0.2478529100059243,8.9,5623898.0
"Fixed 5623413, pilot",1,1,79,"D 2,3 -> 4,11",79,True,0.0,5623900.0,1,False,0.07383707841178924,8.58,11247798.0
"Fixed 5623413, pilot",1,2,82,"D 2,3 -> 5,10",82,True,0.0,5623917.0,1,False,0.07097966094101432,8.67,16871715.0
"Fixed 5623413, pilot",1,3,76,"D 2,3 -> 4,5",16,False,0.07571084784685433,5623907.0,1,False,0.043058354726236335,8.68,22495622.0
"Fixed 5623413, pilot",1,4,16,"D 0,1 -> 4,5",16,True,0.0,5623908.0,1,False,0.04225324624597231,8.56,28119530.0
"Fixed 5623413, pilot",2,0,91,"D 2,3 -> 10,11",91,True,0.0,5623900.0,1,False,0.2478529100059243,8.77,5623900.0
"Fixed 5623413, pilot",2,1,82,"D 2,3 -> 5,10",79,True,0.0,5623905.0,1,False,0.07383707841178924,8.56,11247805.0
"Fixed 5623413, pilot",2,2,79,"D 2,3 -> 4,11",79,True,0.0,5623899.0,1,False,0.07097966094101434,8.55,16871704.0
"Fixed 5623413, pilot",2,3,88,"D 2,3 -> 8,9",16,False,0.10224062586699079,5623904.0,1,False,0.043058354726236335,8.53,22495608.0
"Fixed 5623413, pilot",2,4,83,"D 2,3 -> 6,7",16,False,0.12374179669006191,5623912.0,1,False,0.04306434175333308,8.67,28119520.0
"Fixed 5623413, pilot",3,0,91,"D 2,3 -> 10,11",91,True,0.0,5623899.0,1,False,0.2478529100059243,8.79,5623899.0
"Fixed 5623413, pilot",3,1,82,"D 2,3 -> 5,10",79,True,0.0,5623890.0,1,False,0.07383707841178924,8.7,11247789.0
"Fixed 5623413, pilot",3,2,79,"D 2,3 -> 4,11",79,True,0.0,5623913.0,1,False,0.07097966094101434,8.73,16871702.0
"Fixed 5623413, pilot",3,3,16,"D 0,1 -> 4,5",16,True,0.0,5623896.0,1,False,0.043058354726236335,8.77,22495598.0
"Fixed 5623413, pilot",3,4,76,"D 2,3 -> 4,5",76,True,0.0,5623902.0,1,False,0.03968993946870195,8.71,28119500.0
"Fixed 5623413, pilot",4,0,91,"D 2,3 -> 10,11",91,True,0.0,5623896.0,1,False,0.2478529100059243,8.83,5623896.0
"Fixed 5623413, pilot",4,1,79,"D 2,3 -> 4,11",79,True,0.0,5623901.0,1,False,0.07383707841178924,8.69,11247797.0
"Fixed 5623413, pilot",4,2,82,"D 2,3 -> 5,10",82,True,0.0,5623913.0,1,False,0.07097966094101432,8.59,16871710.0
"Fixed 5623413, pilot",4,3,16,"D 0,1 -> 4,5",16,True,0.0,5623889.0,1,False,0.043058354726236335,8.65,22495599.0
"Fixed 5623413, pilot",4,4,88,"D 2,3 -> 8,9",76,False,0.026035203443619426,5623904.0,1,False,0.03968993935565744,8.63,28119503.0
"Fixed 5623413, pilot",5,0,91,"D 2,3 -> 10,11",91,True,0.0,5623901.0,1,False,0.2478529100059243,8.74,5623901.0
"Fixed 5623413, pilot",5,1,79,"D 2,3 -> 4,11",79,True,0.0,5623895.0,1,False,0.07383707841178924,8.68,11247796.0
"Fixed 5623413, pilot",5,2,82,"D 2,3 -> 5,10",82,True,0.0,5623906.0,1,False,0.07097966094101432,8.66,16871702.0
"Fixed 5623413, pilot",5,3,16,"D 0,1 -> 4,5",16,True,0.0,5623910.0,1,False,0.043058354726236335,8.73,22495612.0
"Fixed 5623413, pilot",5,4,83,"D 2,3 -> 6,7",76,False,0.02603520344361976,5623901.0,1,False,0.03968993935565744,8.62,28119513.0
"Fixed 5623413, pilot",6,0,91,"D 2,3 -> 10,11",91,True,0.0,5623904.0,1,False,0.2478529100059243,8.8,5623904.0
"Fixed 5623413, pilot",6,1,79,"D 2,3 -> 4,11",79,True,0.0,5623899.0,1,False,0.07383707841178924,8.72,11247803.0
"Fixed 5623413, pilot",6,2,82,"D 2,3 -> 5,10",82,True,0.0,5623893.0,1,False,0.07097966094101432,8.74,16871696.0
"Fixed 5623413, pilot",6,3,16,"D 0,1 -> 4,5",16,True,0.0,5623905.0,1,False,0.043058354726236335,8.65,22495601.0
"Fixed 5623413, pilot",6,4,76,"D 2,3 -> 4,5",76,True,0.0,5623902.0,1,False,0.03968993935565744,8.59,28119503.0
"Fixed 5623413, pilot",7,0,91,"D 2,3 -> 10,11",91,True,0.0,5623887.0,1,False,0.2478529100059243,8.73,5623887.0
"Fixed 5623413, pilot",7,1,82,"D 2,3 -> 5,10",79,True,0.0,5623907.0,1,False,0.07383707841178924,8.62,11247794.0
"Fixed 5623413, pilot",7,2,79,"D 2,3 -> 4,11",79,True,0.0,5623906.0,1,False,0.07097966094101434,8.63,16871700.0
"Fixed 5623413, pilot",7,3,45,"D 0,3 -> 6,7",16,False,0.6587334143054635,5623909.0,1,False,0.043058354726236335,8.65,22495609.0
"Fixed 5623413, pilot",7,4,28,"D 0,1 -> 8,9",16,False,0.5439733342030326,5623899.0,1,False,0.043057946029119956,8.6,28119508.0
"Fixed 5623413, pilot",7,5,83,"D 2,3 -> 6,7",16,False,0.10239177343037109,5623907.0,1,False,0.04290989757647206,8.83,33743415.0
"Fixed 5623413, pilot",7,6,16,"D 0,1 -> 4,5",16,True,0.0,5623917.0,1,False,0.042915883691590884,8.91,39367332.0
"Fixed 5623413, pilot",8,0,91,"D 2,3 -> 10,11",91,True,0.0,5623894.0,1,False,0.2478529100059243,8.86,5623894.0
"Fixed 5623413, pilot",8,1,82,"D 2,3 -> 5,10",79,True,0.0,5623884.0,1,False,0.07383707841178924,8.66,11247778.0
"Fixed 5623413, pilot",8,2,16,"D 0,1 -> 4,5",79,False,0.39162896060607466,5623911.0,1,False,0.07097966094101434,8.64,16871689.0
"Fixed 5623413, pilot",8,3,79,"D 2,3 -> 4,11",79,True,0.0,5623900.0,1,False,0.07097825301354137,8.66,22495589.0
"Fixed 5623413, pilot",8,4,83,"D 2,3 -> 6,7",76,False,0.026036631650530495,5623915.0,1,False,0.039689988791456035,8.61,28119504.0
"Fixed 5623413, pilot",9,0,91,"D 2,3 -> 10,11",91,True,0.0,5623902.0,1,False,0.2478529100059243,8.82,5623902.0
"Fixed 5623413, pilot",9,1,82,"D 2,3 -> 5,10",79,True,0.0,5623889.0,1,False,0.07383707841178924,8.91,11247791.0
"Fixed 5623413, pilot",9,2,79,"D 2,3 -> 4,11",79,True,0.0,5623889.0,1,False,0.07097966094101434,8.94,16871680.0
"Fixed 5623413, pilot",9,3,83,"D 2,3 -> 6,7",16,False,0.10224062586699112,5623894.0,1,False,0.043058354726236335,8.85,22495574.0
"Fixed 5623413, pilot",9,4,16,"D 0,1 -> 4,5",16,True,0.0,5623901.0,1,False,0.04306434175333308,8.81,28119475.0
"Fixed 5623413, pilot",10,0,91,"D 2,3 -> 10,11",91,True,0.0,5623892.0,1,False,0.2478529100059243,8.78,5623892.0
"Fixed 5623413, pilot",10,1,79,"D 2,3 -> 4,11",79,True,0.0,5623902.0,1,False,0.07383707841178924,8.69,11247794.0
"Fixed 5623413, pilot",10,2,82,"D 2,3 -> 5,10",82,True,0.0,5623907.0,1,False,0.07097966094101432,8.56,16871701.0
"Fixed 5623413, pilot",10,3,16,"D 0,1 -> 4,5",16,True,0.0,5623894.0,1,False,0.043058354726236335,8.98,22495595.0
"Fixed 5623413, pilot",10,4,83,"D 2,3 -> 6,7",76,False,0.02603520344361976,5623907.0,1,False,0.03968993935565744,9.08,28119502.0
"Fixed 5623413, pilot",11,0,91,"D 2,3 -> 10,11",91,True,0.0,5623900.0,1,False,0.2478529100059243,8.79,5623900.0
"Fixed 5623413, pilot",11,1,82,"D 2,3 -> 5,10",79,True,0.0,5623902.0,1,False,0.07383707841178924,8.78,11247802.0
"Fixed 5623413, pilot",11,2,79,"D 2,3 -> 4,11",79,True,0.0,5623912.0,1,False,0.07097966094101434,8.68,16871714.0
"Fixed 5623413, pilot",11,3,16,"D 0,1 -> 4,5",16,True,0.0,5623896.0,1,False,0.043058354726236335,8.65,22495610.0
"Fixed 5623413, pilot",11,4,76,"D 2,3 -> 4,5",76,True,0.0,5623909.0,1,False,0.03968993946870195,8.57,28119519.0
"Fixed 5623413, pilot",12,0,91,"D 2,3 -> 10,11",91,True,0.0,5623898.0,1,False,0.2478529100059243,8.99,5623898.0
"Fixed 5623413, pilot",12,1,79,"D 2,3 -> 4,11",79,True,0.0,5623908.0,1,False,0.07383707841178924,9.07,11247806.0
"Fixed 5623413, pilot",12,2,82,"D 2,3 -> 5,10",82,True,0.0,5623914.0,1,False,0.07097966094101432,9.15,16871720.0
"Fixed 5623413, pilot",12,3,88,"D 2,3 -> 8,9",16,False,0.10224062586699079,5623901.0,1,False,0.043058354726236335,9.11,22495621.0
"Fixed 5623413, pilot",12,4,16,"D 0,1 -> 4,5",16,True,0.0,5623886.0,1,False,0.04306434175333308,8.54,28119507.0
"Fixed 5623413, pilot",13,0,91,"D 2,3 -> 10,11",91,True,0.0,5623911.0,1,False,0.2478529100059243,8.8,5623911.0
"Fixed 5623413, pilot",13,1,79,"D 2,3 -> 4,11",79,True,0.0,5623882.0,1,False,0.07383707841178924,8.81,11247793.0
"Fixed 5623413, pilot",13,2,82,"D 2,3 -> 5,10",82,True,0.0,5623922.0,1,False,0.07097966094101432,8.77,16871715.0
"Fixed 5623413, pilot",13,3,16,"D 0,1 -> 4,5",16,True,0.0,5623874.0,1,False,0.043058354726236335,8.81,22495589.0
"Fixed 5623413, pilot",13,4,28,"D 0,1 -> 8,9",76,False,0.51367013261951,5623903.0,1,False,0.03968993935565744,8.77,28119492.0
"Fixed 5623413, pilot",13,5,83,"D 2,3 -> 6,7",76,False,0.0260522845969986,5623905.0,1,False,0.03969063181543925,8.76,33743397.0
"Fixed 5623413, pilot",14,0,91,"D 2,3 -> 10,11",91,True,0.0,5623910.0,1,False,0.2478529100059243,8.84,5623910.0
"Fixed 5623413, pilot",14,1,82,"D 2,3 -> 5,10",79,True,0.0,5623898.0,1,False,0.07383707841178924,8.76,11247808.0
"Fixed 5623413, pilot",14,2,79,"D 2,3 -> 4,11",79,True,0.0,5623911.0,1,False,0.07097966094101434,8.71,16871719.0
"Fixed 5623413, pilot",14,3,88,"D 2,3 -> 8,9",16,False,0.10224062586699079,5623920.0,1,False,0.043058354726236335,8.75,22495639.0
"Fixed 5623413, pilot",14,4,16,"D 0,1 -> 4,5",16,True,0.0,5623920.0,1,False,0.04306434175333308,8.67,28119559.0
"Fixed 5623413, pilot",15,0,91,"D 2,3 -> 10,11",91,True,0.0,5623898.0,1,False,0.2478529100059243,8.97,5623898.0
"Fixed 5623413, pilot",15,1,82,"D 2,3 -> 5,10",79,True,0.0,5623907.0,1,False,0.07383707841178924,8.89,11247805.0
"Fixed 5623413, pilot",15,2,79,"D 2,3 -> 4,11",79,True,0.0,5623895.0,1,False,0.07097966094101434,8.84,16871700.0
"Fixed 5623413, pilot",15,3,16,"D 0,1 -> 4,5",16,True,0.0,5623910.0,1,False,0.043058354726236335,8.87,22495610.0
"Fixed 5623413, pilot",15,4,66,"D 1,2 -> 8,9",76,False,0.6297761767827745,5623912.0,1,False,0.03968993946870195,8.64,28119522.0
"Fixed 5623413, pilot",15,5,88,"D 2,3 -> 8,9",76,False,0.02953296632544211,5623908.0,1,False,0.03968905976448896,8.64,33743430.0
"Fixed 5623413, pilot",16,0,91,"D 2,3 -> 10,11",91,True,0.0,5623892.0,1,False,0.2478529100059243,8.97,5623892.0
"Fixed 5623413, pilot",16,1,82,"D 2,3 -> 5,10",79,True,0.0,5623889.0,1,False,0.07383707841178924,8.81,11247781.0
"Fixed 5623413, pilot",16,2,79,"D 2,3 -> 4,11",79,True,0.0,5623918.0,1,False,0.07097966094101434,8.85,16871699.0
"Fixed 5623413, pilot",16,3,16,"D 0,1 -> 4,5",16,True,0.0,5623901.0,1,False,0.043058354726236335,8.79,22495600.0
"Fixed 5623413, pilot",16,4,88,"D 2,3 -> 8,9",76,False,0.026035206505116926,5623908.0,1,False,0.03968993946870195,8.69,28119508.0
"Fixed 5623413, pilot",17,0,91,"D 2,3 -> 10,11",91,True,0.0,5623899.0,1,False,0.2478529100059243,8.67,5623899.0
"Fixed 5623413, pilot",17,1,79,"D 2,3 -> 4,11",79,True,0.0,5623905.0,1,False,0.07383707841178924,8.73,11247804.0
"Fixed 5623413, pilot",17,2,82,"D 2,3 -> 5,10",82,True,0.0,5623904.0,1,False,0.07097966094101432,8.73,16871708.0
"Fixed 5623413, pilot",17,3,16,"D 0,1 -> 4,5",16,True,0.0,5623919.0,1,False,0.043058354726236335,8.77,22495627.0
"Fixed 5623413, pilot",17,4,76,"D 2,3 -> 4,5",76,True,0.0,5623912.0,1,False,0.03968993935565744,8.72,28119539.0
"Fixed 5623413, pilot",18,0,91,"D 2,3 -> 10,11",91,True,0.0,5623880.0,1,False,0.2478529100059243,8.86,5623880.0
"Fixed 5623413, pilot",18,1,82,"D 2,3 -> 5,10",79,True,0.0,5623898.0,1,False,0.07383707841178924,8.78,11247778.0
"Fixed 5623413, pilot",18,2,79,"D 2,3 -> 4,11",79,True,0.0,5623908.0,1,False,0.07097966094101434,8.83,16871686.0
"Fixed 5623413, pilot",18,3,76,"D 2,3 -> 4,5",16,False,0.075710847846854,5623909.0,1,False,0.043058354726236335,8.86,22495595.0
"Fixed 5623413, pilot",18,4,88,"D 2,3 -> 8,9",16,False,0.1488325197977619,5623910.0,1,False,0.04225324628586743,8.75,28119505.0
"Fixed 5623413, pilot",19,0,91,"D 2,3 -> 10,11",91,True,0.0,5623901.0,1,False,0.2478529100059243,8.94,5623901.0
"Fixed 5623413, pilot",19,1,82,"D 2,3 -> 5,10",79,True,0.0,5623900.0,1,False,0.07383707841178924,8.91,11247801.0
"Fixed 5623413, pilot",19,2,79,"D 2,3 -> 4,11",79,True,0.0,5623898.0,1,False,0.07097966094101434,8.89,16871699.0
"Fixed 5623413, pilot",19,3,76,"D 2,3 -> 4,5",16,False,0.075710847846854,5623910.0,1,False,0.043058354726236335,8.83,22495609.0
"Fixed 5623413, pilot",19,4,16,"D 0,1 -> 4,5",16,True,0.0,5623909.0,1,False,0.04225324628586743,8.78,28119518.0
"Fixed 5623413, pilot",20,0,91,"D 2,3 -> 10,11",91,True,0.0,5623891.0,1,False,0.2478529100059243,8.92,5623891.0
"Fixed 5623413, pilot",20,1,79,"D 2,3 -> 4,11",79,True,0.0,5623904.0,1,False,0.07383707841178924,8.81,11247795.0
"Fixed 5623413, pilot",20,2,82,"D 2,3 -> 5,10",82,True,0.0,5623914.0,1,False,0.07097966094101432,8.78,16871709.0
"Fixed 5623413, pilot",20,3,16,"D 0,1 -> 4,5",16,True,0.0,5623897.0,1,False,0.043058354726236335,8.8,22495606.0
"Fixed 5623413, pilot",20,4,83,"D 2,3 -> 6,7",76,False,0.02603520344361976,5623891.0,1,False,0.03968993935565744,8.68,28119497.0
"Fixed 5623413, pilot",21,0,91,"D 2,3 -> 10,11",91,True,0.0,5623899.0,1,False,0.2478529100059243,8.7,5623899.0
"Fixed 5623413, pilot",21,1,82,"D 2,3 -> 5,10",79,True,0.0,5623906.0,1,False,0.07383707841178924,8.76,11247805.0
"Fixed 5623413, pilot",21,2,79,"D 2,3 -> 4,11",79,True,0.0,5623914.0,1,False,0.07097966094101434,8.76,16871719.0
"Fixed 5623413, pilot",21,3,61,"D 1,2 -> 6,7",16,False,0.6587334143054635,5623906.0,1,False,0.043058354726236335,8.8,22495625.0
"Fixed 5623413, pilot",21,4,88,"D 2,3 -> 8,9",16,False,0.10223564382760975,5623911.0,1,False,0.043057946029119956,8.68,28119536.0
"Fixed 5623413, pilot",21,5,16,"D 0,1 -> 4,5",16,True,0.0,5623888.0,1,False,0.04306393287289311,8.66,33743424.0
"Fixed 5623413, pilot",22,0,91,"D 2,3 -> 10,11",91,True,0.0,5623879.0,1,False,0.2478529100059243,8.97,5623879.0
"Fixed 5623413, pilot",22,1,82,"D 2,3 -> 5,10",79,True,0.0,5623903.0,1,False,0.07383707841178924,9.0,11247782.0
"Fixed 5623413, pilot",22,2,79,"D 2,3 -> 4,11",79,True,0.0,5623904.0,1,False,0.07097966094101434,8.95,16871686.0
"Fixed 5623413, pilot",22,3,16,"D 0,1 -> 4,5",16,True,0.0,5623917.0,1,False,0.043058354726236335,8.9,22495603.0
"Fixed 5623413, pilot",22,4,88,"D 2,3 -> 8,9",76,False,0.026035206505116926,5623916.0,1,False,0.03968993946870195,8.93,28119519.0
"Fixed 5623413, pilot",23,0,91,"D 2,3 -> 10,11",91,True,0.0,5623896.0,1,False,0.2478529100059243,8.68,5623896.0
"Fixed 5623413, pilot",23,1,82,"D 2,3 -> 5,10",79,True,0.0,5623899.0,1,False,0.07383707841178924,8.71,11247795.0
"Fixed 5623413, pilot",23,2,79,"D 2,3 -> 4,11",79,True,0.0,5623883.0,1,False,0.07097966094101434,8.63,16871678.0
"Fixed 5623413, pilot",23,3,66,"D 1,2 -> 8,9",16,False,0.6587334143054635,5623911.0,1,False,0.043058354726236335,8.51,22495589.0
"Fixed 5623413, pilot",23,4,83,"D 2,3 -> 6,7",16,False,0.10223564382761008,5623914.0,1,False,0.043057946029119956,8.69,28119503.0
"Fixed 5623413, pilot",23,5,88,"D 2,3 -> 8,9",16,False,0.12697372165002896,5623915.0,1,False,0.04306393287259969,8.75,33743418.0
"Fixed 5623413, pilot",24,0,91,"D 2,3 -> 10,11",91,True,0.0,5623889.0,1,False,0.2478529100059243,8.53,5623889.0
"Fixed 5623413, pilot",24,1,82,"D 2,3 -> 5,10",79,True,0.0,5623903.0,1,False,0.07383707841178924,8.85,11247792.0
"Fixed 5623413, pilot",24,2,79,"D 2,3 -> 4,11",79,True,0.0,5623908.0,1,False,0.07097966094101434,8.8,16871700.0
"Fixed 5623413, pilot",24,3,16,"D 0,1 -> 4,5",16,True,0.0,5623897.0,1,False,0.043058354726236335,8.82,22495597.0
"Fixed 5623413, pilot",24,4,76,"D 2,3 -> 4,5",76,True,0.0,5623898.0,1,False,0.03968993946870195,8.82,28119495.0
"Fixed 5623413, pilot",25,0,91,"D 2,3 -> 10,11",91,True,0.0,5623905.0,1,False,0.2478529100059243,8.58,5623905.0
"Fixed 5623413, pilot",25,1,82,"D 2,3 -> 5,10",79,True,0.0,5623909.0,1,False,0.07383707841178924,8.83,11247814.0
"Fixed 5623413, pilot",25,2,79,"D 2,3 -> 4,11",79,True,0.0,5623919.0,1,False,0.07097966094101434,8.86,16871733.0
"Fixed 5623413, pilot",25,3,16,"D 0,1 -> 4,5",16,True,0.0,5623903.0,1,False,0.043058354726236335,8.71,22495636.0
"Fixed 5623413, pilot",25,4,88,"D 2,3 -> 8,9",76,False,0.026035206505116926,5623919.0,1,False,0.03968993946870195,8.75,28119555.0
"Fixed 5623413, pilot",26,0,91,"D 2,3 -> 10,11",91,True,0.0,5623881.0,1,False,0.2478529100059243,8.58,5623881.0
"Fixed 5623413, pilot",26,1,79,"D 2,3 -> 4,11",79,True,0.0,5623902.0,1,False,0.07383707841178924,8.78,11247783.0
"Fixed 5623413, pilot",26,2,82,"D 2,3 -> 5,10",82,True,0.0,5623901.0,1,False,0.07097966094101432,8.82,16871684.0
"Fixed 5623413, pilot",26,3,16,"D 0,1 -> 4,5",16,True,0.0,5623918.0,1,False,0.043058354726236335,8.8,22495602.0
"Fixed 5623413, pilot",26,4,83,"D 2,3 -> 6,7",76,False,0.02603520344361976,5623913.0,1,False,0.03968993935565744,8.88,28119515.0
"Fixed 5623413, pilot",27,0,91,"D 2,3 -> 10,11",91,True,0.0,5623910.0,1,False,0.2478529100059243,8.53,5623910.0
"Fixed 5623413, pilot",27,1,79,"D 2,3 -> 4,11",79,True,0.0,5623911.0,1,False,0.07383707841178924,8.86,11247821.0
"Fixed 5623413, pilot",27,2,82,"D 2,3 -> 5,10",82,True,0.0,5623892.0,1,False,0.07097966094101432,8.8,16871713.0
"Fixed 5623413, pilot",27,3,23,"D 0,1 -> 6,7",16,False,0.5439731582144531,5623898.0,1,False,0.043058354726236335,8.84,22495611.0
"Fixed 5623413, pilot",27,4,16,"D 0,1 -> 4,5",16,True,0.0,5623898.0,1,False,0.042910304254232444,8.84,28119509.0
"Fixed 5623413, pilot",27,5,88,"D 2,3 -> 8,9",76,False,0.026052408266935778,5623915.0,1,False,0.0396906361326733,8.88,33743424.0
"Fixed 5623413, pilot",28,0,91,"D 2,3 -> 10,11",91,True,0.0,5623899.0,1,False,0.2478529100059243,8.66,5623899.0
"Fixed 5623413, pilot",28,1,82,"D 2,3 -> 5,10",79,True,0.0,5623906.0,1,False,0.07383707841178924,8.84,11247805.0
"Fixed 5623413, pilot",28,2,79,"D 2,3 -> 4,11",79,True,0.0,5623901.0,1,False,0.07097966094101434,8.7,16871706.0
"Fixed 5623413, pilot",28,3,16,"D 0,1 -> 4,5",16,True,0.0,5623916.0,1,False,0.043058354726236335,8.74,22495622.0
"Fixed 5623413, pilot",28,4,83,"D 2,3 -> 6,7",76,False,0.026035206505117148,5623908.0,1,False,0.03968993946870195,8.74,28119530.0
"Fixed 5623413, pilot",29,0,91,"D 2,3 -> 10,11",91,True,0.0,5623891.0,1,False,0.2478529100059243,8.48,5623891.0
"Fixed 5623413, pilot",29,1,82,"D 2,3 -> 5,10",79,True,0.0,5623917.0,1,False,0.07383707841178924,8.68,11247808.0
"Fixed 5623413, pilot",29,2,79,"D 2,3 -> 4,11",79,True,0.0,5623894.0,1,False,0.07097966094101434,8.73,16871702.0
"Fixed 5623413, pilot",29,3,16,"D 0,1 -> 4,5",16,True,0.0,5623901.0,1,False,0.043058354726236335,8.72,22495603.0
"Fixed 5623413, pilot",29,4,83,"D 2,3 -> 6,7",76,False,0.026035206505117148,5623909.0,1,False,0.03968993946870195,8.79,28119512.0
"Fixed 5623413, pilot",30,0,91,"D 2,3 -> 10,11",91,True,0.0,5623897.0,1,False,0.2478529100059243,8.65,5623897.0
"Fixed 5623413, pilot",30,1,79,"D 2,3 -> 4,11",79,True,0.0,5623903.0,1,False,0.07383707841178924,8.73,11247800.0
"Fixed 5623413, pilot",30,2,82,"D 2,3 -> 5,10",82,True,0.0,5623902.0,1,False,0.07097966094101432,8.78,16871702.0
"Fixed 5623413, pilot",30,3,16,"D 0,1 -> 4,5",16,True,0.0,5623886.0,1,False,0.043058354726236335,8.83,22495588.0
"Fixed 5623413, pilot",30,4,76,"D 2,3 -> 4,5",76,True,0.0,5623903.0,1,False,0.03968993935565744,8.84,28119491.0
"Fixed 5623413, pilot",31,0,91,"D 2,3 -> 10,11",91,True,0.0,5623908.0,1,False,0.2478529100059243,8.88,5623908.0
"Fixed 5623413, pilot",31,1,82,"D 2,3 -> 5,10",79,True,0.0,5623895.0,1,False,0.07383707841178924,9.08,11247803.0
"Fixed 5623413, pilot",31,2,79,"D 2,3 -> 4,11",79,True,0.0,5623903.0,1,False,0.07097966094101434,8.98,16871706.0
"Fixed 5623413, pilot",31,3,88,"D 2,3 -> 8,9",16,False,0.10224062586699079,5623899.0,1,False,0.043058354726236335,8.88,22495605.0
"Fixed 5623413, pilot",31,4,76,"D 2,3 -> 4,5",16,False,0.13537336786709298,5623904.0,1,False,0.04306434175333308,8.8,28119509.0
"Fixed 5623413, pilot",32,0,91,"D 2,3 -> 10,11",91,True,0.0,5623887.0,1,False,0.2478529100059243,8.79,5623887.0
"Fixed 5623413, pilot",32,1,82,"D 2,3 -> 5,10",79,True,0.0,5623912.0,1,False,0.07383707841178924,8.81,11247799.0
"Fixed 5623413, pilot",32,2,79,"D 2,3 -> 4,11",79,True,0.0,5623909.0,1,False,0.07097966094101434,8.91,16871708.0
"Fixed 5623413, pilot",32,3,83,"D 2,3 -> 6,7",16,False,0.10224062586699112,5623906.0,1,False,0.043058354726236335,8.86,22495614.0
"Fixed 5623413, pilot",32,4,16,"D 0,1 -> 4,5",16,True,0.0,5623896.0,1,False,0.04306434175333308,8.83,28119510.0
"Fixed 5623413, pilot",33,0,91,"D 2,3 -> 10,11",91,True,0.0,5623892.0,1,False,0.2478529100059243,8.86,5623892.0
"Fixed 5623413, pilot",33,1,79,"D 2,3 -> 4,11",79,True,0.0,5623913.0,1,False,0.07383707841178924,8.85,11247805.0
"Fixed 5623413, pilot",33,2,82,"D 2,3 -> 5,10",82,True,0.0,5623906.0,1,False,0.07097966094101432,8.87,16871711.0
"Fixed 5623413, pilot",33,3,83,"D 2,3 -> 6,7",16,False,0.10224062586699112,5623912.0,1,False,0.043058354726236335,8.86,22495623.0
"Fixed 5623413, pilot",33,4,76,"D 2,3 -> 4,5",16,False,0.13537336786709275,5623908.0,1,False,0.04306434175333308,8.84,28119531.0
"Fixed 5623413, pilot",34,0,91,"D 2,3 -> 10,11",91,True,0.0,5623898.0,1,False,0.2478529100059243,8.74,5623898.0
"Fixed 5623413, pilot",34,1,82,"D 2,3 -> 5,10",79,True,0.0,5623905.0,1,False,0.07383707841178924,8.88,11247803.0
"Fixed 5623413, pilot",34,2,79,"D 2,3 -> 4,11",79,True,0.0,5623896.0,1,False,0.07097966094101434,8.91,16871699.0
"Fixed 5623413, pilot",34,3,16,"D 0,1 -> 4,5",16,True,0.0,5623905.0,1,False,0.043058354726236335,8.86,22495604.0
"Fixed 5623413, pilot",34,4,83,"D 2,3 -> 6,7",76,False,0.026035206505117148,5623891.0,1,False,0.03968993946870195,8.76,28119495.0
"Fixed 5623413, pilot",35,0,91,"D 2,3 -> 10,11",91,True,0.0,5623891.0,1,False,0.2478529100059243,8.75,5623891.0
"Fixed 5623413, pilot",35,1,82,"D 2,3 -> 5,10",79,True,0.0,5623904.0,1,False,0.07383707841178924,8.74,11247795.0
"Fixed 5623413, pilot",35,2,79,"D 2,3 -> 4,11",79,True,0.0,5623914.0,1,False,0.07097966094101434,8.8,16871709.0
"Fixed 5623413, pilot",35,3,16,"D 0,1 -> 4,5",16,True,0.0,5623909.0,1,False,0.043058354726236335,8.83,22495618.0
"Fixed 5623413, pilot",35,4,83,"D 2,3 -> 6,7",76,False,0.026035206505117148,5623910.0,1,False,0.03968993946870195,8.82,28119528.0
"Fixed 5623413, pilot",36,0,91,"D 2,3 -> 10,11",91,True,0.0,5623915.0,1,False,0.2478529100059243,8.79,5623915.0
"Fixed 5623413, pilot",36,1,82,"D 2,3 -> 5,10",79,True,0.0,5623907.0,1,False,0.07383707841178924,8.82,11247822.0
"Fixed 5623413, pilot",36,2,79,"D 2,3 -> 4,11",79,True,0.0,5623902.0,1,False,0.07097966094101434,8.82,16871724.0
"Fixed 5623413, pilot",36,3,16,"D 0,1 -> 4,5",16,True,0.0,5623915.0,1,False,0.043058354726236335,8.76,22495639.0
"Fixed 5623413, pilot",36,4,83,"D 2,3 -> 6,7",76,False,0.026035206505117148,5623902.0,1,False,0.03968993946870195,8.7,28119541.0
"Fixed 5623413, pilot",37,0,91,"D 2,3 -> 10,11",91,True,0.0,5623901.0,1,False,0.2478529100059243,8.79,5623901.0
"Fixed 5623413, pilot",37,1,82,"D 2,3 -> 5,10",79,True,0.0,5623901.0,1,False,0.07383707841178924,8.71,11247802.0
"Fixed 5623413, pilot",37,2,79,"D 2,3 -> 4,11",79,True,0.0,5623904.0,1,False,0.07097966094101434,8.84,16871706.0
"Fixed 5623413, pilot",37,3,76,"D 2,3 -> 4,5",16,False,0.075710847846854,5623895.0,1,False,0.043058354726236335,8.81,22495601.0
"Fixed 5623413, pilot",37,4,16,"D 0,1 -> 4,5",16,True,0.0,5623900.0,1,False,0.04225324628586743,8.61,28119501.0
"Fixed 5623413, pilot",38,0,91,"D 2,3 -> 10,11",91,True,0.0,5623904.0,1,False,0.2478529100059243,8.71,5623904.0
"Fixed 5623413, pilot",38,1,82,"D 2,3 -> 5,10",79,True,0.0,5623891.0,1,False,0.07383707841178924,8.67,11247795.0
"Fixed 5623413, pilot",38,2,79,"D 2,3 -> 4,11",79,True,0.0,5623909.0,1,False,0.07097966094101434,8.75,16871704.0
"Fixed 5623413, pilot",38,3,76,"D 2,3 -> 4,5",16,False,0.075710847846854,5623914.0,1,False,0.043058354726236335,8.68,22495618.0
"Fixed 5623413, pilot",38,4,88,"D 2,3 -> 8,9",16,False,0.1488325197977619,5623908.0,1,False,0.04225324628586743,8.53,28119526.0
"Fixed 5623413, pilot",39,0,91,"D 2,3 -> 10,11",91,True,0.0,5623901.0,1,False,0.2478529100059243,8.81,5623901.0
"Fixed 5623413, pilot",39,1,79,"D 2,3 -> 4,11",79,True,0.0,5623906.0,1,False,0.07383707841178924,8.77,11247807.0
"Fixed 5623413, pilot",39,2,82,"D 2,3 -> 5,10",82,True,0.0,5623913.0,1,False,0.07097966094101432,8.81,16871720.0
"Fixed 5623413, pilot",39,3,83,"D 2,3 -> 6,7",16,False,0.10224062586699112,5623900.0,1,False,0.043058354726236335,8.66,22495620.0
"Fixed 5623413, pilot",39,4,54,"D 1,2 -> 4,5",16,False,0.9742690190158807,5623900.0,1,False,0.04306434175333308,8.71,28119520.0
"Fixed 5623413, pilot",39,5,16,"D 0,1 -> 4,5",16,True,0.0,5623895.0,1,False,0.04310713071764804,8.65,33743415.0
"Fixed 5623413, pilot",40,0,91,"D 2,3 -> 10,11",91,True,0.0,5623895.0,1,False,0.2478529100059243,8.75,5623895.0
"Fixed 5623413, pilot",40,1,79,"D 2,3 -> 4,11",79,True,0.0,5623892.0,1,False,0.07383707841178924,8.75,11247787.0
"Fixed 5623413, pilot",40,2,82,"D 2,3 -> 5,10",82,True,0.0,5623920.0,1,False,0.07097966094101432,8.75,16871707.0
"Fixed 5623413, pilot",40,3,16,"D 0,1 -> 4,5",16,True,0.0,5623895.0,1,False,0.043058354726236335,8.72,22495602.0
"Fixed 5623413, pilot",40,4,76,"D 2,3 -> 4,5",76,True,0.0,5623891.0,1,False,0.03968993935565744,8.63,28119493.0
"Fixed 5623413, pilot",41,0,91,"D 2,3 -> 10,11",91,True,0.0,5623887.0,1,False,0.2478529100059243,8.72,5623887.0
"Fixed 5623413, pilot",41,1,82,"D 2,3 -> 5,10",79,True,0.0,5623904.0,1,False,0.07383707841178924,8.77,11247791.0
"Fixed 5623413, pilot",41,2,79,"D 2,3 -> 4,11",79,True,0.0,5623902.0,1,False,0.07097966094101434,8.77,16871693.0
"Fixed 5623413, pilot",41,3,16,"D 0,1 -> 4,5",16,True,0.0,5623887.0,1,False,0.043058354726236335,8.72,22495580.0
"Fixed 5623413, pilot",41,4,76,"D 2,3 -> 4,5",76,True,0.0,5623903.0,1,False,0.03968993946870195,8.6,28119483.0
"Fixed 5623413, pilot",42,0,91,"D 2,3 -> 10,11",91,True,0.0,5623903.0,1,False,0.2478529100059243,8.77,5623903.0
"Fixed 5623413, pilot",42,1,79,"D 2,3 -> 4,11",79,True,0.0,5623914.0,1,False,0.07383707841178924,8.86,11247817.0
"Fixed 5623413, pilot",42,2,82,"D 2,3 -> 5,10",82,True,0.0,5623902.0,1,False,0.07097966094101432,8.85,16871719.0
"Fixed 5623413, pilot",42,3,88,"D 2,3 -> 8,9",16,False,0.10224062586699079,5623893.0,1,False,0.043058354726236335,8.73,22495612.0
"Fixed 5623413, pilot",42,4,16,"D 0,1 -> 4,5",16,True,0.0,5623903.0,1,False,0.04306434175333308,8.72,28119515.0
"Fixed 5623413, pilot",43,0,91,"D 2,3 -> 10,11",91,True,0.0,5623886.0,1,False,0.2478529100059243,8.84,5623886.0
"Fixed 5623413, pilot",43,1,82,"D 2,3 -> 5,10",79,True,0.0,5623888.0,1,False,0.07383707841178924,8.84,11247774.0
"Fixed 5623413, pilot",43,2,79,"D 2,3 -> 4,11",79,True,0.0,5623915.0,1,False,0.07097966094101434,8.92,16871689.0
"Fixed 5623413, pilot",43,3,16,"D 0,1 -> 4,5",16,True,0.0,5623918.0,1,False,0.043058354726236335,8.68,22495607.0
"Fixed 5623413, pilot",43,4,88,"D 2,3 -> 8,9",76,False,0.026035206505116926,5623903.0,1,False,0.03968993946870195,8.79,28119510.0
"Fixed 5623413, pilot",44,0,91,"D 2,3 -> 10,11",91,True,0.0,5623890.0,1,False,0.2478529100059243,8.78,5623890.0
"Fixed 5623413, pilot",44,1,79,"D 2,3 -> 4,11",79,True,0.0,5623909.0,1,False,0.07383707841178924,8.79,11247799.0
"Fixed 5623413, pilot",44,2,82,"D 2,3 -> 5,10",82,True,0.0,5623881.0,1,False,0.07097966094101432,8.83,16871680.0
"Fixed 5623413, pilot",44,3,16,"D 0,1 -> 4,5",16,True,0.0,5623907.0,1,False,0.043058354726236335,8.63,22495587.0
"Fixed 5623413, pilot",44,4,76,"D 2,3 -> 4,5",76,True,0.0,5623919.0,1,False,0.03968993935565744,8.82,28119506.0
"Fixed 5623413, pilot",45,0,91,"D 2,3 -> 10,11",91,True,0.0,5623895.0,1,False,0.2478529100059243,8.78,5623895.0
"Fixed 5623413, pilot",45,1,79,"D 2,3 -> 4,11",79,True,0.0,5623909.0,1,False,0.07383707841178924,8.83,11247804.0
"Fixed 5623413, pilot",45,2,82,"D 2,3 -> 5,10",82,True,0.0,5623908.0,1,False,0.07097966094101432,8.74,16871712.0
"Fixed 5623413, pilot",45,3,76,"D 2,3 -> 4,5",16,False,0.07571084784685433,5623903.0,1,False,0.043058354726236335,8.69,22495615.0
"Fixed 5623413, pilot",45,4,23,"D 0,1 -> 6,7",16,False,0.5352838595174432,5623897.0,1,False,0.04225324624597231,8.68,28119512.0
"Fixed 5623413, pilot",46,0,91,"D 2,3 -> 10,11",91,True,0.0,5623903.0,1,False,0.2478529100059243,8.81,5623903.0
"Fixed 5623413, pilot",46,1,79,"D 2,3 -> 4,11",79,True,0.0,5623888.0,1,False,0.07383707841178924,8.77,11247791.0
"Fixed 5623413, pilot",46,2,82,"D 2,3 -> 5,10",82,True,0.0,5623909.0,1,False,0.07097966094101432,8.67,16871700.0
"Fixed 5623413, pilot",46,3,16,"D 0,1 -> 4,5",16,True,0.0,5623900.0,1,False,0.043058354726236335,8.56,22495600.0
"Fixed 5623413, pilot",46,4,23,"D 0,1 -> 6,7",76,False,0.5136701326195101,5623907.0,1,False,0.03968993935565744,8.8,28119507.0
"Fixed 5623413, pilot",46,5,88,"D 2,3 -> 8,9",76,False,0.026052284597000153,5623905.0,1,False,0.03969063181543935,8.7,33743412.0
"Fixed 5623413, pilot",47,0,91,"D 2,3 -> 10,11",91,True,0.0,5623904.0,1,False,0.2478529100059243,8.7,5623904.0
"Fixed 5623413, pilot",47,1,79,"D 2,3 -> 4,11",79,True,0.0,5623894.0,1,False,0.07383707841178924,8.59,11247798.0
"Fixed 5623413, pilot",47,2,16,"D 0,1 -> 4,5",82,False,0.39162896060607466,5623904.0,1,False,0.07097966094101432,8.7,16871702.0
"Fixed 5623413, pilot",47,3,82,"D 2,3 -> 5,10",82,True,0.0,5623898.0,1,False,0.07097825301354135,8.82,22495600.0
"Fixed 5623413, pilot",47,4,83,"D 2,3 -> 6,7",76,False,0.026036631650531716,5623904.0,1,False,0.03968998879145605,8.73,28119504.0
"Fixed 5623413, pilot",48,0,91,"D 2,3 -> 10,11",91,True,0.0,5623901.0,1,False,0.2478529100059243,8.76,5623901.0
"Fixed 5623413, pilot",48,1,79,"D 2,3 -> 4,11",79,True,0.0,5623902.0,1,False,0.07383707841178924,8.85,11247803.0
"Fixed 5623413, pilot",48,2,82,"D 2,3 -> 5,10",82,True,0.0,5623897.0,1,False,0.07097966094101432,8.8,16871700.0
"Fixed 5623413, pilot",48,3,16,"D 0,1 -> 4,5",16,True,0.0,5623903.0,1,False,0.043058354726236335,8.67,22495603.0
"Fixed 5623413, pilot",48,4,83,"D 2,3 -> 6,7",76,False,0.02603520344361976,5623916.0,1,False,0.03968993935565744,8.7,28119519.0
"Fixed 5623413, pilot",49,0,91,"D 2,3 -> 10,11",91,True,0.0,5623906.0,1,False,0.2478529100059243,8.65,5623906.0
"Fixed 5623413, pilot",49,1,79,"D 2,3 -> 4,11",79,True,0.0,5623903.0,1,False,0.07383707841178924,8.82,11247809.0
"Fixed 5623413, pilot",49,2,82,"D 2,3 -> 5,10",82,True,0.0,5623905.0,1,False,0.07097966094101432,8.67,16871714.0
"Fixed 5623413, pilot",49,3,76,"D 2,3 -> 4,5",16,False,0.07571084784685433,5623910.0,1,False,0.043058354726236335,8.72,22495624.0
"Fixed 5623413, pilot",49,4,16,"D 0,1 -> 4,5",16,True,0.0,5623901.0,1,False,0.04225324624597231,8.74,28119525.0
"Fixed 5623413, pilot",50,0,91,"D 2,3 -> 10,11",91,True,0.0,5623898.0,1,False,0.2478529100059243,8.65,5623898.0
"Fixed 5623413, pilot",50,1,82,"D 2,3 -> 5,10",79,True,0.0,5623907.0,1,False,0.07383707841178924,8.74,11247805.0
"Fixed 5623413, pilot",50,2,79,"D 2,3 -> 4,11",79,True,0.0,5623894.0,1,False,0.07097966094101434,8.83,16871699.0
"Fixed 5623413, pilot",50,3,16,"D 0,1 -> 4,5",16,True,0.0,5623922.0,1,False,0.043058354726236335,8.67,22495621.0
"Fixed 5623413, pilot",50,4,88,"D 2,3 -> 8,9",76,False,0.026035206505116926,5623905.0,1,False,0.03968993946870195,8.71,28119526.0
"Fixed 5623413, pilot",51,0,91,"D 2,3 -> 10,11",91,True,0.0,5623908.0,1,False,0.2478529100059243,8.81,5623908.0
"Fixed 5623413, pilot",51,1,82,"D 2,3 -> 5,10",79,True,0.0,5623902.0,1,False,0.07383707841178924,8.77,11247810.0
"Fixed 5623413, pilot",51,2,16,"D 0,1 -> 4,5",79,False,0.39162896060607466,5623910.0,1,False,0.07097966094101434,8.79,16871720.0
"Fixed 5623413, pilot",51,3,79,"D 2,3 -> 4,11",79,True,0.0,5623907.0,1,False,0.07097825301354137,8.77,22495627.0
"Fixed 5623413, pilot",51,4,76,"D 2,3 -> 4,5",76,True,0.0,5623906.0,1,False,0.039689988791456035,8.77,28119533.0
"Fixed 5623413, pilot",52,0,91,"D 2,3 -> 10,11",91,True,0.0,5623894.0,1,False,0.2478529100059243,8.7,5623894.0
"Fixed 5623413, pilot",52,1,82,"D 2,3 -> 5,10",79,True,0.0,5623916.0,1,False,0.07383707841178924,8.72,11247810.0
"Fixed 5623413, pilot",52,2,79,"D 2,3 -> 4,11",79,True,0.0,5623924.0,1,False,0.07097966094101434,8.72,16871734.0
"Fixed 5623413, pilot",52,3,76,"D 2,3 -> 4,5",16,False,0.075710847846854,5623913.0,1,False,0.043058354726236335,8.79,22495647.0
"Fixed 5623413, pilot",52,4,16,"D 0,1 -> 4,5",16,True,0.0,5623903.0,1,False,0.04225324628586743,8.74,28119550.0
"Fixed 5623413, pilot",53,0,91,"D 2,3 -> 10,11",91,True,0.0,5623883.0,1,False,0.2478529100059243,8.72,5623883.0
"Fixed 5623413, pilot",53,1,79,"D 2,3 -> 4,11",79,True,0.0,5623905.0,1,False,0.07383707841178924,8.73,11247788.0
"Fixed 5623413, pilot",53,2,82,"D 2,3 -> 5,10",82,True,0.0,5623893.0,1,False,0.07097966094101432,8.6,16871681.0
"Fixed 5623413, pilot",53,3,16,"D 0,1 -> 4,5",16,True,0.0,5623919.0,1,False,0.043058354726236335,8.66,22495600.0
"Fixed 5623413, pilot",53,4,76,"D 2,3 -> 4,5",76,True,0.0,5623902.0,1,False,0.03968993935565744,8.63,28119502.0
"Fixed 5623413, pilot",54,0,91,"D 2,3 -> 10,11",91,True,0.0,5623892.0,1,False,0.2478529100059243,8.81,5623892.0
"Fixed 5623413, pilot",54,1,79,"D 2,3 -> 4,11",79,True,0.0,5623896.0,1,False,0.07383707841178924,8.67,11247788.0
"Fixed 5623413, pilot",54,2,82,"D 2,3 -> 5,10",82,True,0.0,5623900.0,1,False,0.07097966094101432,8.7,16871688.0
"Fixed 5623413, pilot",54,3,88,"D 2,3 -> 8,9",16,False,0.10224062586699079,5623907.0,1,False,0.043058354726236335,8.7,22495595.0
"Fixed 5623413, pilot",54,4,16,"D 0,1 -> 4,5",16,True,0.0,5623904.0,1,False,0.04306434175333308,8.87,28119499.0
"Fixed 5623413, pilot",55,0,91,"D 2,3 -> 10,11",91,True,0.0,5623892.0,1,False,0.2478529100059243,8.82,5623892.0
"Fixed 5623413, pilot",55,1,79,"D 2,3 -> 4,11",79,True,0.0,5623898.0,1,False,0.07383707841178924,8.8,11247790.0
"Fixed 5623413, pilot",55,2,82,"D 2,3 -> 5,10",82,True,0.0,5623918.0,1,False,0.07097966094101432,8.68,16871708.0
"Fixed 5623413, pilot",55,3,28,"D 0,1 -> 8,9",16,False,0.5439731582144531,5623912.0,1,False,0.043058354726236335,8.71,22495620.0
"Fixed 5623413, pilot",55,4,16,"D 0,1 -> 4,5",16,True,0.0,5623905.0,1,False,0.042910304263232564,8.64,28119525.0
"Fixed 5623413, pilot",55,5,88,"D 2,3 -> 8,9",76,False,0.0271963301222945,5623911.0,1,False,0.039690636132328316,8.61,33743436.0
"Fixed 5623413, pilot",56,0,91,"D 2,3 -> 10,11",91,True,0.0,5623899.0,1,False,0.2478529100059243,8.77,5623899.0
"Fixed 5623413, pilot",56,1,82,"D 2,3 -> 5,10",79,True,0.0,5623902.0,1,False,0.07383707841178924,8.93,11247801.0
"Fixed 5623413, pilot",56,2,79,"D 2,3 -> 4,11",79,True,0.0,5623900.0,1,False,0.07097966094101434,8.83,16871701.0
"Fixed 5623413, pilot",56,3,16,"D 0,1 -> 4,5",16,True,0.0,5623917.0,1,False,0.043058354726236335,8.77,22495618.0
"Fixed 5623413, pilot",56,4,66,"D 1,2 -> 8,9",76,False,0.6297761767827745,5623906.0,1,False,0.03968993946870195,8.57,28119524.0
"Fixed 5623413, pilot",56,5,88,"D 2,3 -> 8,9",76,False,0.02953296632544211,5623905.0,1,False,0.03968905976448896,8.63,33743429.0
"Fixed 5623413, pilot",57,0,91,"D 2,3 -> 10,11",91,True,0.0,5623895.0,1,False,0.2478529100059243,8.84,5623895.0
"Fixed 5623413, pilot",57,1,79,"D 2,3 -> 4,11",79,True,0.0,5623917.0,1,False,0.07383707841178924,8.86,11247812.0
"Fixed 5623413, pilot",57,2,16,"D 0,1 -> 4,5",82,False,0.39162896060607466,5623914.0,1,False,0.07097966094101432,8.75,16871726.0
"Fixed 5623413, pilot",57,3,82,"D 2,3 -> 5,10",82,True,0.0,5623898.0,1,False,0.07097825301354135,8.74,22495624.0
"Fixed 5623413, pilot",57,4,88,"D 2,3 -> 8,9",76,False,0.026036631650530828,5623907.0,1,False,0.03968998879145605,8.69,28119531.0
"Fixed 5623413, pilot",58,0,91,"D 2,3 -> 10,11",91,True,0.0,5623901.0,1,False,0.2478529100059243,8.74,5623901.0
"Fixed 5623413, pilot",58,1,82,"D 2,3 -> 5,10",79,True,0.0,5623901.0,1,False,0.07383707841178924,8.63,11247802.0
"Fixed 5623413, pilot",58,2,79,"D 2,3 -> 4,11",79,True,0.0,5623916.0,1,False,0.07097966094101434,8.76,16871718.0
"Fixed 5623413, pilot",58,3,16,"D 0,1 -> 4,5",16,True,0.0,5623901.0,1,False,0.043058354726236335,8.57,22495619.0
"Fixed 5623413, pilot",58,4,88,"D 2,3 -> 8,9",76,False,0.026035206505116926,5623897.0,1,False,0.03968993946870195,8.62,28119516.0
"Fixed 5623413, pilot",59,0,91,"D 2,3 -> 10,11",91,True,0.0,5623896.0,1,False,0.2478529100059243,8.75,5623896.0
"Fixed 5623413, pilot",59,1,82,"D 2,3 -> 5,10",79,True,0.0,5623902.0,1,False,0.07383707841178924,8.69,11247798.0
"Fixed 5623413, pilot",59,2,79,"D 2,3 -> 4,11",79,True,0.0,5623893.0,1,False,0.07097966094101434,8.62,16871691.0
"Fixed 5623413, pilot",59,3,16,"D 0,1 -> 4,5",16,True,0.0,5623902.0,1,False,0.043058354726236335,8.58,22495593.0
"Fixed 5623413, pilot",59,4,88,"D 2,3 -> 8,9",76,False,0.026035206505116926,5623895.0,1,False,0.03968993946870195,8.46,28119488.0
